ISO-10303-21;
HEADER;
/* Generated by software containing ST-Developer
 * from STEP Tools, Inc. (www.steptools.com) 
 */

FILE_DESCRIPTION(
/* description */ (''),
/* implementation_level */ '2;1');

FILE_NAME(
/* name */ 'bottom_head_shell.step',
/* time_stamp */ '2026-09-08T17:10:36-06:00',
/* author */ (''),
/* organization */ (''),
/* preprocessor_version */ 'ST-DEVELOPER v20.2',
/* originating_system */ 'Autodesk Translation Framework v15.15.0.0',
/* authorisation */ '');

FILE_SCHEMA (('AUTOMOTIVE_DESIGN { 1 0 10303 214 3 1 1 }'));
ENDSEC;

DATA;
#10=MECHANICAL_DESIGN_GEOMETRIC_PRESENTATION_REPRESENTATION('',(#13),#10793);
#11=SHAPE_REPRESENTATION_RELATIONSHIP('SRR','None',#10800,#12);
#12=ADVANCED_BREP_SHAPE_REPRESENTATION('',(#14),#10792);
#13=STYLED_ITEM('',(#10810),#14);
#14=MANIFOLD_SOLID_BREP('Body1',#5338);
#15=(
BOUNDED_SURFACE()
B_SPLINE_SURFACE(2,1,((#9721,#9722),(#9723,#9724),(#9725,#9726)),
 .UNSPECIFIED.,.F.,.F.,.F.)
B_SPLINE_SURFACE_WITH_KNOTS((3,3),(2,2),(-0.439602264485714,0.428064899734372),
(0.,0.138412704255242),.UNSPECIFIED.)
GEOMETRIC_REPRESENTATION_ITEM()
RATIONAL_B_SPLINE_SURFACE(((1.,1.),(0.907360965906851,0.907360965906851),
(1.,1.)))
REPRESENTATION_ITEM('')
SURFACE()
);
#16=(
BOUNDED_SURFACE()
B_SPLINE_SURFACE(2,1,((#9770,#9771),(#9772,#9773),(#9774,#9775)),
 .UNSPECIFIED.,.F.,.F.,.F.)
B_SPLINE_SURFACE_WITH_KNOTS((3,3),(2,2),(-0.428064899734372,0.439602264485713),
(0.,0.138412704255254),.UNSPECIFIED.)
GEOMETRIC_REPRESENTATION_ITEM()
RATIONAL_B_SPLINE_SURFACE(((1.,1.),(0.907360965906851,0.907360965906851),
(1.,1.)))
REPRESENTATION_ITEM('')
SURFACE()
);
#17=(
BOUNDED_SURFACE()
B_SPLINE_SURFACE(1,2,((#9782,#9783,#9784),(#9785,#9786,#9787)),
 .UNSPECIFIED.,.F.,.F.,.F.)
B_SPLINE_SURFACE_WITH_KNOTS((2,2),(3,3),(1.22635386686598E-15,0.0304581227979139),
(-0.455370419727481,-0.451694789741802),.UNSPECIFIED.)
GEOMETRIC_REPRESENTATION_ITEM()
RATIONAL_B_SPLINE_SURFACE(((1.,0.999998311218501,1.),(1.,0.999998311218501,
1.)))
REPRESENTATION_ITEM('')
SURFACE()
);
#18=B_SPLINE_SURFACE_WITH_KNOTS('',3,3,((#7578,#7579,#7580,#7581,#7582,
#7583),(#7584,#7585,#7586,#7587,#7588,#7589),(#7590,#7591,#7592,#7593,#7594,
#7595),(#7596,#7597,#7598,#7599,#7600,#7601),(#7602,#7603,#7604,#7605,#7606,
#7607)),.UNSPECIFIED.,.F.,.F.,.F.,(4,1,4),(4,1,1,4),(-0.000729427404865787,
0.571428571428571,1.00636177873419),(-1.57715810552909,-0.943240774555304,
-0.524870406395575,-0.100138259501653),.UNSPECIFIED.);
#19=B_SPLINE_SURFACE_WITH_KNOTS('',3,3,((#7697,#7698,#7699,#7700),(#7701,
#7702,#7703,#7704),(#7705,#7706,#7707,#7708),(#7709,#7710,#7711,#7712),
(#7713,#7714,#7715,#7716)),.UNSPECIFIED.,.F.,.F.,.F.,(4,1,4),(4,4),(-3.88750094273939E-6,
0.571428571428571,1.),(1.16041537788218,1.57080021429584),.UNSPECIFIED.);
#20=B_SPLINE_SURFACE_WITH_KNOTS('',3,3,((#7830,#7831,#7832,#7833),(#7834,
#7835,#7836,#7837),(#7838,#7839,#7840,#7841),(#7842,#7843,#7844,#7845),
(#7846,#7847,#7848,#7849)),.UNSPECIFIED.,.F.,.F.,.F.,(4,1,4),(4,4),(0.,
0.571428571428571,1.),(-1.5707963267949,-0.927617748665625),
 .UNSPECIFIED.);
#21=B_SPLINE_SURFACE_WITH_KNOTS('',3,3,((#8236,#8237,#8238,#8239,#8240),
(#8241,#8242,#8243,#8244,#8245),(#8246,#8247,#8248,#8249,#8250),(#8251,
#8252,#8253,#8254,#8255),(#8256,#8257,#8258,#8259,#8260)),.UNSPECIFIED.,
 .F.,.F.,.F.,(4,1,4),(4,1,4),(-0.00050317375787361,0.571428571428571,1.),
(0.105996864477966,0.51527181002013,0.821850638858343),.UNSPECIFIED.);
#22=B_SPLINE_SURFACE_WITH_KNOTS('',3,3,((#8271,#8272,#8273,#8274),(#8275,
#8276,#8277,#8278),(#8279,#8280,#8281,#8282),(#8283,#8284,#8285,#8286)),
 .UNSPECIFIED.,.F.,.F.,.F.,(4,4),(4,4),(0.0252971775020717,0.791488017096386),
(0.929964931769505,1.05925910712172),.UNSPECIFIED.);
#23=B_SPLINE_SURFACE_WITH_KNOTS('',3,3,((#8308,#8309,#8310,#8311,#8312,
#8313,#8314),(#8315,#8316,#8317,#8318,#8319,#8320,#8321),(#8322,#8323,#8324,
#8325,#8326,#8327,#8328),(#8329,#8330,#8331,#8332,#8333,#8334,#8335),(#8336,
#8337,#8338,#8339,#8340,#8341,#8342)),.UNSPECIFIED.,.F.,.F.,.F.,(4,1,4),
(4,1,1,1,4),(0.,0.571428571428571,1.),(0.,0.67006431833348,2.01019295500044,
3.3503215916674,4.69045022833436),.UNSPECIFIED.);
#24=B_SPLINE_SURFACE_WITH_KNOTS('',3,3,((#8407,#8408,#8409,#8410,#8411,
#8412,#8413,#8414,#8415,#8416),(#8417,#8418,#8419,#8420,#8421,#8422,#8423,
#8424,#8425,#8426),(#8427,#8428,#8429,#8430,#8431,#8432,#8433,#8434,#8435,
#8436),(#8437,#8438,#8439,#8440,#8441,#8442,#8443,#8444,#8445,#8446),(#8447,
#8448,#8449,#8450,#8451,#8452,#8453,#8454,#8455,#8456)),.UNSPECIFIED.,.F.,
 .F.,.F.,(4,1,4),(4,1,1,1,1,1,1,4),(0.,0.571428571428571,1.),(0.,0.670075923119802,
1.3401518462396,2.01022776935941,2.68030369247921,3.35037961559901,4.02045553871881,
4.69053146183861),.UNSPECIFIED.);
#25=B_SPLINE_SURFACE_WITH_KNOTS('',3,3,((#8499,#8500,#8501,#8502),(#8503,
#8504,#8505,#8506),(#8507,#8508,#8509,#8510),(#8511,#8512,#8513,#8514),
(#8515,#8516,#8517,#8518)),.UNSPECIFIED.,.F.,.F.,.F.,(4,1,4),(4,4),(-1.66326526570199E-7,
0.571428571428571,1.),(0.847105123454143,1.47646169810846),
 .UNSPECIFIED.);
#26=B_SPLINE_SURFACE_WITH_KNOTS('',3,3,((#8585,#8586,#8587,#8588),(#8589,
#8590,#8591,#8592),(#8593,#8594,#8595,#8596),(#8597,#8598,#8599,#8600),
(#8601,#8602,#8603,#8604)),.UNSPECIFIED.,.F.,.F.,.F.,(4,1,4),(4,4),(0.,
0.571428571428571,1.),(0.370168163278784,0.909312393543276),
 .UNSPECIFIED.);
#27=B_SPLINE_SURFACE_WITH_KNOTS('',3,3,((#8633,#8634,#8635,#8636),(#8637,
#8638,#8639,#8640),(#8641,#8642,#8643,#8644),(#8645,#8646,#8647,#8648),
(#8649,#8650,#8651,#8652)),.UNSPECIFIED.,.F.,.F.,.F.,(4,1,4),(4,4),(0.,
0.571428571428571,1.),(-1.29553860340861,-0.927617748665624),
 .UNSPECIFIED.);
#28=B_SPLINE_SURFACE_WITH_KNOTS('',3,3,((#8718,#8719,#8720,#8721,#8722),
(#8723,#8724,#8725,#8726,#8727),(#8728,#8729,#8730,#8731,#8732),(#8733,
#8734,#8735,#8736,#8737),(#8738,#8739,#8740,#8741,#8742),(#8743,#8744,#8745,
#8746,#8747)),.UNSPECIFIED.,.F.,.F.,.F.,(4,1,1,4),(4,1,4),(0.,0.285714285714286,
0.571428571428571,1.00001774852763),(0.0872487140720651,0.688737624143849,
1.49069917286939),.UNSPECIFIED.);
#29=B_SPLINE_SURFACE_WITH_KNOTS('',3,3,((#8776,#8777,#8778,#8779),(#8780,
#8781,#8782,#8783),(#8784,#8785,#8786,#8787),(#8788,#8789,#8790,#8791),
(#8792,#8793,#8794,#8795)),.UNSPECIFIED.,.F.,.F.,.F.,(4,1,4),(4,4),(0.,
0.571428571428571,1.),(1.29553860340861,1.31699950495959),.UNSPECIFIED.);
#30=B_SPLINE_SURFACE_WITH_KNOTS('',3,3,((#8815,#8816,#8817,#8818,#8819,
#8820),(#8821,#8822,#8823,#8824,#8825,#8826),(#8827,#8828,#8829,#8830,#8831,
#8832),(#8833,#8834,#8835,#8836,#8837,#8838),(#8839,#8840,#8841,#8842,#8843,
#8844)),.UNSPECIFIED.,.F.,.F.,.F.,(4,1,4),(4,1,1,4),(0.,0.571428571428571,
1.00148279969487),(0.105017238540974,0.663365111333247,1.03460849339818,
1.40733467515798),.UNSPECIFIED.);
#31=B_SPLINE_SURFACE_WITH_KNOTS('',3,3,((#8869,#8870,#8871,#8872),(#8873,
#8874,#8875,#8876),(#8877,#8878,#8879,#8880),(#8881,#8882,#8883,#8884)),
 .UNSPECIFIED.,.F.,.F.,.F.,(4,4),(4,4),(0.,0.14314394315071),(-1.40807224053466,
-1.40585187546311),.UNSPECIFIED.);
#32=B_SPLINE_SURFACE_WITH_KNOTS('',3,3,((#8896,#8897,#8898,#8899,#8900),
(#8901,#8902,#8903,#8904,#8905),(#8906,#8907,#8908,#8909,#8910),(#8911,
#8912,#8913,#8914,#8915),(#8916,#8917,#8918,#8919,#8920),(#8921,#8922,#8923,
#8924,#8925)),.UNSPECIFIED.,.F.,.F.,.F.,(4,1,1,4),(4,1,4),(-1.76494560573662E-5,
0.285714285714286,0.571428571428571,1.),(0.0872488131436615,0.68873762414387,
1.49069917286941),.UNSPECIFIED.);
#33=B_SPLINE_SURFACE_WITH_KNOTS('',3,3,((#9066,#9067,#9068,#9069,#9070,
#9071),(#9072,#9073,#9074,#9075,#9076,#9077),(#9078,#9079,#9080,#9081,#9082,
#9083),(#9084,#9085,#9086,#9087,#9088,#9089),(#9090,#9091,#9092,#9093,#9094,
#9095)),.UNSPECIFIED.,.F.,.F.,.F.,(4,1,4),(4,1,1,4),(-0.000472474084408419,
0.571428571428571,1.00636177873418),(0.100138259501666,0.524870406395575,
0.943240774555304,1.57715810552908),.UNSPECIFIED.);
#34=B_SPLINE_SURFACE_WITH_KNOTS('',3,3,((#9104,#9105,#9106,#9107),(#9108,
#9109,#9110,#9111),(#9112,#9113,#9114,#9115),(#9116,#9117,#9118,#9119),
(#9120,#9121,#9122,#9123)),.UNSPECIFIED.,.F.,.F.,.F.,(4,1,4),(4,4),(0.,
0.571428571428571,1.),(-1.5707963267949,-1.09527450534514),
 .UNSPECIFIED.);
#35=B_SPLINE_SURFACE_WITH_KNOTS('',3,3,((#9127,#9128,#9129,#9130),(#9131,
#9132,#9133,#9134),(#9135,#9136,#9137,#9138),(#9139,#9140,#9141,#9142),
(#9143,#9144,#9145,#9146),(#9147,#9148,#9149,#9150)),.UNSPECIFIED.,.F.,
 .F.,.F.,(4,1,1,4),(4,4),(0.,0.285714285714286,0.571428571428571,1.0000092891915),
(-9.28919149788243E-6,0.193341385274551),.UNSPECIFIED.);
#36=B_SPLINE_SURFACE_WITH_KNOTS('',3,3,((#9169,#9170,#9171,#9172,#9173,
#9174,#9175),(#9176,#9177,#9178,#9179,#9180,#9181,#9182),(#9183,#9184,#9185,
#9186,#9187,#9188,#9189),(#9190,#9191,#9192,#9193,#9194,#9195,#9196),(#9197,
#9198,#9199,#9200,#9201,#9202,#9203),(#9204,#9205,#9206,#9207,#9208,#9209,
#9210)),.UNSPECIFIED.,.F.,.F.,.F.,(4,1,1,4),(4,1,1,1,4),(0.,0.285714285714286,
0.571428571428571,1.),(2.40838592750399E-12,0.170182694653918,0.255274041979673,
0.425456736631183,0.595639431282692),.UNSPECIFIED.);
#37=B_SPLINE_SURFACE_WITH_KNOTS('',3,3,((#9235,#9236,#9237,#9238),(#9239,
#9240,#9241,#9242),(#9243,#9244,#9245,#9246),(#9247,#9248,#9249,#9250),
(#9251,#9252,#9253,#9254)),.UNSPECIFIED.,.F.,.F.,.F.,(4,1,4),(4,4),(0.,
0.571428571428571,1.),(-1.5707963267949,-1.09527450534514),
 .UNSPECIFIED.);
#38=B_SPLINE_SURFACE_WITH_KNOTS('',3,3,((#9260,#9261,#9262,#9263),(#9264,
#9265,#9266,#9267),(#9268,#9269,#9270,#9271),(#9272,#9273,#9274,#9275),
(#9276,#9277,#9278,#9279),(#9280,#9281,#9282,#9283)),.UNSPECIFIED.,.F.,
 .F.,.F.,(4,1,1,4),(4,4),(0.,0.285714285714286,0.571428571428571,1.0000092891915),
(-9.28919149606394E-6,0.193341385274549),.UNSPECIFIED.);
#39=B_SPLINE_SURFACE_WITH_KNOTS('',3,3,((#9307,#9308,#9309,#9310,#9311,
#9312,#9313),(#9314,#9315,#9316,#9317,#9318,#9319,#9320),(#9321,#9322,#9323,
#9324,#9325,#9326,#9327),(#9328,#9329,#9330,#9331,#9332,#9333,#9334),(#9335,
#9336,#9337,#9338,#9339,#9340,#9341),(#9342,#9343,#9344,#9345,#9346,#9347,
#9348)),.UNSPECIFIED.,.F.,.F.,.F.,(4,1,1,4),(4,1,1,1,4),(0.,0.285714285714286,
0.571428571428571,1.),(-0.267170615046473,-0.139533593584842,-0.0118965721232102,
0.158286123158965,0.32846881844114),.UNSPECIFIED.);
#40=B_SPLINE_SURFACE_WITH_KNOTS('',3,3,((#9379,#9380,#9381,#9382),(#9383,
#9384,#9385,#9386),(#9387,#9388,#9389,#9390),(#9391,#9392,#9393,#9394),
(#9395,#9396,#9397,#9398)),.UNSPECIFIED.,.F.,.F.,.F.,(4,1,4),(4,4),(-0.0012716485379179,
0.571428571428571,1.00001451265053),(0.0597432106794674,0.634636651534535),
 .UNSPECIFIED.);
#41=B_SPLINE_SURFACE_WITH_KNOTS('',3,3,((#9446,#9447,#9448,#9449),(#9450,
#9451,#9452,#9453),(#9454,#9455,#9456,#9457),(#9458,#9459,#9460,#9461),
(#9462,#9463,#9464,#9465)),.UNSPECIFIED.,.F.,.F.,.F.,(4,1,4),(4,4),(-3.57906802722239E-5,
0.571428571428571,1.),(0.523731317058265,1.15285410306279),
 .UNSPECIFIED.);
#42=B_SPLINE_SURFACE_WITH_KNOTS('',3,3,((#9490,#9491,#9492,#9493),(#9494,
#9495,#9496,#9497),(#9498,#9499,#9500,#9501),(#9502,#9503,#9504,#9505),
(#9506,#9507,#9508,#9509)),.UNSPECIFIED.,.F.,.F.,.F.,(4,1,4),(4,4),(-6.64558552371611E-6,
0.571428571428571,1.),(0.27953454000083,0.433879341089822),
 .UNSPECIFIED.);
#43=B_SPLINE_SURFACE_WITH_KNOTS('',3,3,((#9510,#9511,#9512,#9513),(#9514,
#9515,#9516,#9517),(#9518,#9519,#9520,#9521),(#9522,#9523,#9524,#9525),
(#9526,#9527,#9528,#9529)),.UNSPECIFIED.,.F.,.F.,.F.,(4,1,4),(4,4),(-0.00127164865566819,
0.571428571428571,1.0000145126505),(-0.63463671766118,-0.0597432105612024),
 .UNSPECIFIED.);
#44=B_SPLINE_SURFACE_WITH_KNOTS('',3,3,((#9581,#9582,#9583,#9584),(#9585,
#9586,#9587,#9588),(#9589,#9590,#9591,#9592),(#9593,#9594,#9595,#9596),
(#9597,#9598,#9599,#9600)),.UNSPECIFIED.,.F.,.F.,.F.,(4,1,4),(4,4),(0.,
0.571428571428571,1.00000664569187),(0.279534539894499,0.433879341196165),
 .UNSPECIFIED.);
#45=B_SPLINE_SURFACE_WITH_KNOTS('',3,3,((#10065,#10066,#10067,#10068,#10069,
#10070),(#10071,#10072,#10073,#10074,#10075,#10076),(#10077,#10078,#10079,
#10080,#10081,#10082),(#10083,#10084,#10085,#10086,#10087,#10088),(#10089,
#10090,#10091,#10092,#10093,#10094)),.UNSPECIFIED.,.F.,.F.,.F.,(4,1,4),
(4,1,1,4),(0.,0.571428571428571,1.),(1.89063088496131,2.69060565937945,
3.49058043379759,4.69054259542479),.UNSPECIFIED.);
#46=B_SPLINE_SURFACE_WITH_KNOTS('',3,3,((#10154,#10155,#10156,#10157,#10158),
(#10159,#10160,#10161,#10162,#10163),(#10164,#10165,#10166,#10167,#10168),
(#10169,#10170,#10171,#10172,#10173),(#10174,#10175,#10176,#10177,#10178)),
 .UNSPECIFIED.,.F.,.F.,.F.,(4,1,4),(4,1,4),(0.,0.571428571428571,1.),(0.176996579437305,
1.18341610033567,1.93823074100944),.UNSPECIFIED.);
#47=B_SPLINE_SURFACE_WITH_KNOTS('',3,3,((#10219,#10220,#10221,#10222),(#10223,
#10224,#10225,#10226),(#10227,#10228,#10229,#10230),(#10231,#10232,#10233,
#10234),(#10235,#10236,#10237,#10238)),.UNSPECIFIED.,.F.,.F.,.F.,(4,1,4),
(4,4),(0.,0.571428571428571,1.),(0.,0.0681628659987109),.UNSPECIFIED.);
#48=B_SPLINE_SURFACE_WITH_KNOTS('',3,3,((#10280,#10281,#10282,#10283),(#10284,
#10285,#10286,#10287),(#10288,#10289,#10290,#10291),(#10292,#10293,#10294,
#10295),(#10296,#10297,#10298,#10299),(#10300,#10301,#10302,#10303),(#10304,
#10305,#10306,#10307)),.UNSPECIFIED.,.F.,.F.,.F.,(4,1,1,1,4),(4,4),(-1.02940277376757,
-0.819624512172638,-0.400067988982772,0.0194885342070945,0.439045057396961),
(-0.77151371398189,0.020076396750867),.UNSPECIFIED.);
#49=B_SPLINE_SURFACE_WITH_KNOTS('',3,3,((#10321,#10322,#10323,#10324),(#10325,
#10326,#10327,#10328),(#10329,#10330,#10331,#10332),(#10333,#10334,#10335,
#10336),(#10337,#10338,#10339,#10340),(#10341,#10342,#10343,#10344),(#10345,
#10346,#10347,#10348)),.UNSPECIFIED.,.F.,.F.,.F.,(4,1,1,1,4),(4,4),(-0.439050094205451,
-0.0194885342070896,0.190289727387837,0.609846250577691,1.02940781057607),
(-0.771518750790439,0.020076396750867),.UNSPECIFIED.);
#50=B_SPLINE_SURFACE_WITH_KNOTS('',3,3,((#10393,#10394,#10395,#10396),(#10397,
#10398,#10399,#10400),(#10401,#10402,#10403,#10404),(#10405,#10406,#10407,
#10408),(#10409,#10410,#10411,#10412)),.UNSPECIFIED.,.F.,.F.,.F.,(4,1,4),
(4,4),(0.,0.571428571428571,1.),(5.45570847371318E-16,0.932903341588548),
 .UNSPECIFIED.);
#51=B_SPLINE_SURFACE_WITH_KNOTS('',3,3,((#10438,#10439,#10440,#10441),(#10442,
#10443,#10444,#10445),(#10446,#10447,#10448,#10449),(#10450,#10451,#10452,
#10453),(#10454,#10455,#10456,#10457),(#10458,#10459,#10460,#10461),(#10462,
#10463,#10464,#10465)),.UNSPECIFIED.,.F.,.F.,.F.,(4,1,1,1,4),(4,4),(-0.439045057396943,
-0.0194885342070896,0.190289727387837,0.609846250577691,1.02940277376754),
(0.0113275303982744,0.14182410927891),.UNSPECIFIED.);
#52=B_SPLINE_SURFACE_WITH_KNOTS('',3,3,((#10479,#10480,#10481,#10482),(#10483,
#10484,#10485,#10486),(#10487,#10488,#10489,#10490),(#10491,#10492,#10493,
#10494),(#10495,#10496,#10497,#10498),(#10499,#10500,#10501,#10502),(#10503,
#10504,#10505,#10506)),.UNSPECIFIED.,.F.,.F.,.F.,(4,1,1,1,4),(4,4),(-1.02940277376757,
-0.819624512172638,-0.400067988982772,0.0194885342070945,0.439045057396961),
(0.0113275303982745,0.14182410927891),.UNSPECIFIED.);
#53=B_SPLINE_SURFACE_WITH_KNOTS('',3,3,((#10519,#10520,#10521,#10522),(#10523,
#10524,#10525,#10526),(#10527,#10528,#10529,#10530),(#10531,#10532,#10533,
#10534),(#10535,#10536,#10537,#10538),(#10539,#10540,#10541,#10542),(#10543,
#10544,#10545,#10546)),.UNSPECIFIED.,.F.,.F.,.F.,(4,1,1,1,4),(4,4),(-0.439045057396943,
-0.0194885342070896,0.190289727387837,0.609846250577691,1.02940277376754),
(-0.771517530350766,0.133075242926317),.UNSPECIFIED.);
#54=B_SPLINE_SURFACE_WITH_KNOTS('',3,3,((#10645,#10646,#10647,#10648),(#10649,
#10650,#10651,#10652),(#10653,#10654,#10655,#10656),(#10657,#10658,#10659,
#10660),(#10661,#10662,#10663,#10664),(#10665,#10666,#10667,#10668),(#10669,
#10670,#10671,#10672)),.UNSPECIFIED.,.F.,.F.,.F.,(4,1,1,1,4),(4,4),(-1.02940893429565,
-0.819624512172638,-0.400067988982772,0.0194885342070945,0.439045057396961),
(-0.771519874510011,0.133075242926317),.UNSPECIFIED.);
#55=B_SPLINE_SURFACE_WITH_KNOTS('',3,3,((#10742,#10743,#10744,#10745,#10746,
#10747,#10748),(#10749,#10750,#10751,#10752,#10753,#10754,#10755),(#10756,
#10757,#10758,#10759,#10760,#10761,#10762),(#10763,#10764,#10765,#10766,
#10767,#10768,#10769),(#10770,#10771,#10772,#10773,#10774,#10775,#10776)),
 .UNSPECIFIED.,.F.,.F.,.F.,(4,1,4),(4,1,1,1,4),(0.,0.571428571428571,1.),
(0.94468458793184,2.01490315141687,2.55001243315939,3.62023099664442,4.69044956012946),
 .UNSPECIFIED.);
#56=CYLINDRICAL_SURFACE('',#5375,3.25);
#57=CYLINDRICAL_SURFACE('',#5377,3.25);
#58=CYLINDRICAL_SURFACE('',#5379,3.25);
#59=CYLINDRICAL_SURFACE('',#5389,36.3210566473607);
#60=CYLINDRICAL_SURFACE('',#5395,3.25);
#61=CYLINDRICAL_SURFACE('',#5397,3.25);
#62=CYLINDRICAL_SURFACE('',#5403,10.);
#63=CYLINDRICAL_SURFACE('',#5409,12.250000997913);
#64=CYLINDRICAL_SURFACE('',#5415,10.750000997913);
#65=CYLINDRICAL_SURFACE('',#5427,2.8);
#66=CYLINDRICAL_SURFACE('',#5440,5.);
#67=CYLINDRICAL_SURFACE('',#5447,7.5);
#68=CYLINDRICAL_SURFACE('',#5454,3.);
#69=CYLINDRICAL_SURFACE('',#5470,3.);
#70=CYLINDRICAL_SURFACE('',#5474,3.);
#71=CYLINDRICAL_SURFACE('',#5480,3.);
#72=CYLINDRICAL_SURFACE('',#5493,7.5);
#73=CYLINDRICAL_SURFACE('',#5500,9.5);
#74=CYLINDRICAL_SURFACE('',#5508,1.4);
#75=CYLINDRICAL_SURFACE('',#5512,1.);
#76=CYLINDRICAL_SURFACE('',#5513,10.);
#77=CYLINDRICAL_SURFACE('',#5514,10.);
#78=CYLINDRICAL_SURFACE('',#5516,5.);
#79=CYLINDRICAL_SURFACE('',#5520,5.);
#80=CYLINDRICAL_SURFACE('',#5531,3.);
#81=CYLINDRICAL_SURFACE('',#5536,3.);
#82=CYLINDRICAL_SURFACE('',#5561,27.3131628323537);
#83=CYLINDRICAL_SURFACE('',#5564,0.999999999999999);
#84=CYLINDRICAL_SURFACE('',#5566,1.);
#85=CYLINDRICAL_SURFACE('',#5568,2.5);
#86=CYLINDRICAL_SURFACE('',#5576,1.);
#87=CYLINDRICAL_SURFACE('',#5581,10.);
#88=CYLINDRICAL_SURFACE('',#5582,1.);
#89=CYLINDRICAL_SURFACE('',#5588,19.);
#90=CYLINDRICAL_SURFACE('',#5603,2.5);
#91=CYLINDRICAL_SURFACE('',#5607,3.);
#92=CYLINDRICAL_SURFACE('',#5614,3.);
#93=CYLINDRICAL_SURFACE('',#5615,3.);
#94=CYLINDRICAL_SURFACE('',#5617,3.);
#95=CYLINDRICAL_SURFACE('',#5629,9.5);
#96=CYLINDRICAL_SURFACE('',#5651,10.);
#97=CYLINDRICAL_SURFACE('',#5662,3.25);
#98=CYLINDRICAL_SURFACE('',#5663,1.);
#99=CYLINDRICAL_SURFACE('',#5665,12.250000997913);
#100=CYLINDRICAL_SURFACE('',#5670,0.8);
#101=CYLINDRICAL_SURFACE('',#5672,0.8);
#102=CYLINDRICAL_SURFACE('',#5674,19.);
#103=CYLINDRICAL_SURFACE('',#5675,10.);
#104=CYLINDRICAL_SURFACE('',#5677,10.);
#105=CYLINDRICAL_SURFACE('',#5685,2.5);
#106=CYLINDRICAL_SURFACE('',#5687,2.5);
#107=CYLINDRICAL_SURFACE('',#5692,2.8);
#108=CYLINDRICAL_SURFACE('',#5696,2.8);
#109=CYLINDRICAL_SURFACE('',#5701,12.250000997913);
#110=CYLINDRICAL_SURFACE('',#5710,1.4);
#111=CYLINDRICAL_SURFACE('',#5712,1.);
#112=CYLINDRICAL_SURFACE('',#5714,1.);
#113=CYLINDRICAL_SURFACE('',#5718,1.4);
#114=CYLINDRICAL_SURFACE('',#5720,1.40000000000001);
#115=CYLINDRICAL_SURFACE('',#5734,3.25);
#116=CYLINDRICAL_SURFACE('',#5739,3.);
#117=CYLINDRICAL_SURFACE('',#5742,34.7439263272597);
#118=CYLINDRICAL_SURFACE('',#5750,1.4);
#119=CYLINDRICAL_SURFACE('',#5753,3.);
#120=CYLINDRICAL_SURFACE('',#5754,1.4);
#121=CYLINDRICAL_SURFACE('',#5757,3.25);
#122=CYLINDRICAL_SURFACE('',#5776,3.25);
#123=CYLINDRICAL_SURFACE('',#5777,3.25);
#124=CYLINDRICAL_SURFACE('',#5778,1.4);
#125=CYLINDRICAL_SURFACE('',#5784,9.5);
#126=CYLINDRICAL_SURFACE('',#5786,9.5);
#127=CYLINDRICAL_SURFACE('',#5790,11.25);
#128=CYLINDRICAL_SURFACE('',#5793,11.25);
#129=CYLINDRICAL_SURFACE('',#5804,10.750000997913);
#130=CYLINDRICAL_SURFACE('',#5806,2.5);
#131=CYLINDRICAL_SURFACE('',#5813,8.);
#132=CYLINDRICAL_SURFACE('',#5815,8.);
#133=CYLINDRICAL_SURFACE('',#5819,8.);
#134=CYLINDRICAL_SURFACE('',#5821,8.);
#135=CYLINDRICAL_SURFACE('',#5825,3.);
#136=FACE_BOUND('',#565,.T.);
#137=FACE_BOUND('',#566,.T.);
#138=FACE_BOUND('',#567,.T.);
#139=FACE_BOUND('',#568,.T.);
#140=FACE_BOUND('',#591,.T.);
#141=FACE_BOUND('',#594,.T.);
#142=FACE_BOUND('',#595,.T.);
#143=FACE_BOUND('',#600,.T.);
#144=FACE_BOUND('',#602,.T.);
#145=FACE_BOUND('',#637,.T.);
#146=FACE_BOUND('',#647,.T.);
#147=FACE_BOUND('',#670,.T.);
#148=FACE_BOUND('',#714,.T.);
#149=FACE_BOUND('',#715,.T.);
#150=FACE_BOUND('',#759,.T.);
#151=FACE_BOUND('',#762,.T.);
#152=FACE_BOUND('',#773,.T.);
#153=FACE_BOUND('',#777,.T.);
#154=FACE_BOUND('',#779,.T.);
#155=FACE_BOUND('',#793,.T.);
#156=FACE_BOUND('',#795,.T.);
#157=FACE_BOUND('',#797,.T.);
#158=CIRCLE('',#5358,3.25);
#159=CIRCLE('',#5359,1.4);
#160=CIRCLE('',#5360,3.25);
#161=CIRCLE('',#5361,3.25);
#162=CIRCLE('',#5366,8.);
#163=CIRCLE('',#5367,8.);
#164=CIRCLE('',#5368,2.5);
#165=CIRCLE('',#5369,10.750000997913);
#166=CIRCLE('',#5370,10.750000997913);
#167=CIRCLE('',#5371,3.25);
#168=CIRCLE('',#5373,3.25);
#169=CIRCLE('',#5374,12.250000997913);
#170=CIRCLE('',#5376,3.25);
#171=CIRCLE('',#5378,3.25);
#172=CIRCLE('',#5380,3.25);
#173=CIRCLE('',#5381,3.25);
#174=CIRCLE('',#5382,3.25);
#175=CIRCLE('',#5385,8.);
#176=CIRCLE('',#5386,8.);
#177=CIRCLE('',#5387,3.25);
#178=CIRCLE('',#5390,36.3210566473607);
#179=CIRCLE('',#5396,3.25);
#180=CIRCLE('',#5398,3.25);
#181=CIRCLE('',#5399,3.25);
#182=CIRCLE('',#5401,32.6903487238723);
#183=CIRCLE('',#5406,1.);
#184=CIRCLE('',#5408,0.999999999999999);
#185=CIRCLE('',#5410,12.250000997913);
#186=CIRCLE('',#5413,10.750000997913);
#187=CIRCLE('',#5414,1.4);
#188=CIRCLE('',#5416,10.750000997913);
#189=CIRCLE('',#5419,3.25);
#190=CIRCLE('',#5420,1.4);
#191=CIRCLE('',#5421,1.4);
#192=CIRCLE('',#5425,2.99999999999999);
#193=CIRCLE('',#5428,2.8);
#194=CIRCLE('',#5429,2.8);
#195=CIRCLE('',#5430,2.8);
#196=CIRCLE('',#5432,1.4);
#197=CIRCLE('',#5436,8.);
#198=CIRCLE('',#5437,8.);
#199=CIRCLE('',#5438,8.);
#200=CIRCLE('',#5439,8.);
#201=CIRCLE('',#5441,5.);
#202=CIRCLE('',#5442,5.);
#203=CIRCLE('',#5446,7.5);
#204=CIRCLE('',#5448,7.5);
#205=CIRCLE('',#5449,3.);
#206=CIRCLE('',#5466,7.5);
#207=CIRCLE('',#5494,7.5);
#208=CIRCLE('',#5496,9.5);
#209=CIRCLE('',#5509,1.4);
#210=CIRCLE('',#5511,1.);
#211=CIRCLE('',#5518,5.);
#212=CIRCLE('',#5519,5.);
#213=CIRCLE('',#5526,0.8);
#214=CIRCLE('',#5529,0.8);
#215=CIRCLE('',#5532,3.);
#216=CIRCLE('',#5542,3.);
#217=CIRCLE('',#5551,3.);
#218=CIRCLE('',#5565,0.999999999999999);
#219=CIRCLE('',#5567,1.00000000000001);
#220=CIRCLE('',#5569,2.50000000000001);
#221=CIRCLE('',#5574,1.);
#222=CIRCLE('',#5577,0.999999999999999);
#223=CIRCLE('',#5578,0.999999999999995);
#224=CIRCLE('',#5580,0.999999999999998);
#225=CIRCLE('',#5583,1.);
#226=CIRCLE('',#5584,1.00000000000001);
#227=CIRCLE('',#5587,1.000000000001);
#228=CIRCLE('',#5604,2.50000000000001);
#229=CIRCLE('',#5637,0.8);
#230=CIRCLE('',#5638,0.8);
#231=CIRCLE('',#5639,2.8);
#232=CIRCLE('',#5640,2.8);
#233=CIRCLE('',#5664,1.);
#234=CIRCLE('',#5666,12.250000997913);
#235=CIRCLE('',#5667,12.250000997913);
#236=CIRCLE('',#5693,2.8);
#237=CIRCLE('',#5695,1.40000000000001);
#238=CIRCLE('',#5697,2.8);
#239=CIRCLE('',#5699,1.4);
#240=CIRCLE('',#5702,12.250000997913);
#241=CIRCLE('',#5703,12.250000997913);
#242=CIRCLE('',#5707,1.);
#243=CIRCLE('',#5709,1.);
#244=CIRCLE('',#5711,1.4);
#245=CIRCLE('',#5713,1.);
#246=CIRCLE('',#5715,1.);
#247=CIRCLE('',#5717,3.25);
#248=CIRCLE('',#5719,1.4);
#249=CIRCLE('',#5721,1.40000000000001);
#250=CIRCLE('',#5723,1.4);
#251=CIRCLE('',#5725,1.4);
#252=CIRCLE('',#5727,3.25);
#253=CIRCLE('',#5733,34.7439263272597);
#254=CIRCLE('',#5735,3.25);
#255=CIRCLE('',#5736,3.25);
#256=CIRCLE('',#5740,3.);
#257=CIRCLE('',#5741,3.);
#258=CIRCLE('',#5743,34.9058041368476);
#259=CIRCLE('',#5745,3.25);
#260=CIRCLE('',#5747,3.25);
#261=CIRCLE('',#5749,1.4);
#262=CIRCLE('',#5751,35.6875422696378);
#263=CIRCLE('',#5752,3.00000000000001);
#264=CIRCLE('',#5759,9.5);
#265=CIRCLE('',#5760,11.25);
#266=CIRCLE('',#5763,11.25);
#267=CIRCLE('',#5764,9.5);
#268=CIRCLE('',#5785,9.5);
#269=CIRCLE('',#5787,9.5);
#270=CIRCLE('',#5791,11.25);
#271=CIRCLE('',#5794,11.25);
#272=CIRCLE('',#5797,35.0482143385147);
#273=CIRCLE('',#5805,10.750000997913);
#274=CIRCLE('',#5807,2.5);
#275=CIRCLE('',#5824,3.);
#276=FACE_OUTER_BOUND('',#563,.T.);
#277=FACE_OUTER_BOUND('',#564,.T.);
#278=FACE_OUTER_BOUND('',#569,.T.);
#279=FACE_OUTER_BOUND('',#570,.T.);
#280=FACE_OUTER_BOUND('',#571,.T.);
#281=FACE_OUTER_BOUND('',#572,.T.);
#282=FACE_OUTER_BOUND('',#573,.T.);
#283=FACE_OUTER_BOUND('',#574,.T.);
#284=FACE_OUTER_BOUND('',#575,.T.);
#285=FACE_OUTER_BOUND('',#576,.T.);
#286=FACE_OUTER_BOUND('',#577,.T.);
#287=FACE_OUTER_BOUND('',#578,.T.);
#288=FACE_OUTER_BOUND('',#579,.T.);
#289=FACE_OUTER_BOUND('',#580,.T.);
#290=FACE_OUTER_BOUND('',#581,.T.);
#291=FACE_OUTER_BOUND('',#582,.T.);
#292=FACE_OUTER_BOUND('',#583,.T.);
#293=FACE_OUTER_BOUND('',#584,.T.);
#294=FACE_OUTER_BOUND('',#585,.T.);
#295=FACE_OUTER_BOUND('',#586,.T.);
#296=FACE_OUTER_BOUND('',#587,.T.);
#297=FACE_OUTER_BOUND('',#588,.T.);
#298=FACE_OUTER_BOUND('',#589,.T.);
#299=FACE_OUTER_BOUND('',#590,.T.);
#300=FACE_OUTER_BOUND('',#592,.T.);
#301=FACE_OUTER_BOUND('',#593,.T.);
#302=FACE_OUTER_BOUND('',#596,.T.);
#303=FACE_OUTER_BOUND('',#597,.T.);
#304=FACE_OUTER_BOUND('',#598,.T.);
#305=FACE_OUTER_BOUND('',#599,.T.);
#306=FACE_OUTER_BOUND('',#601,.T.);
#307=FACE_OUTER_BOUND('',#603,.T.);
#308=FACE_OUTER_BOUND('',#604,.T.);
#309=FACE_OUTER_BOUND('',#605,.T.);
#310=FACE_OUTER_BOUND('',#606,.T.);
#311=FACE_OUTER_BOUND('',#607,.T.);
#312=FACE_OUTER_BOUND('',#608,.T.);
#313=FACE_OUTER_BOUND('',#609,.T.);
#314=FACE_OUTER_BOUND('',#610,.T.);
#315=FACE_OUTER_BOUND('',#611,.T.);
#316=FACE_OUTER_BOUND('',#612,.T.);
#317=FACE_OUTER_BOUND('',#613,.T.);
#318=FACE_OUTER_BOUND('',#614,.T.);
#319=FACE_OUTER_BOUND('',#615,.T.);
#320=FACE_OUTER_BOUND('',#616,.T.);
#321=FACE_OUTER_BOUND('',#617,.T.);
#322=FACE_OUTER_BOUND('',#618,.T.);
#323=FACE_OUTER_BOUND('',#619,.T.);
#324=FACE_OUTER_BOUND('',#620,.T.);
#325=FACE_OUTER_BOUND('',#621,.T.);
#326=FACE_OUTER_BOUND('',#622,.T.);
#327=FACE_OUTER_BOUND('',#623,.T.);
#328=FACE_OUTER_BOUND('',#624,.T.);
#329=FACE_OUTER_BOUND('',#625,.T.);
#330=FACE_OUTER_BOUND('',#626,.T.);
#331=FACE_OUTER_BOUND('',#627,.T.);
#332=FACE_OUTER_BOUND('',#628,.T.);
#333=FACE_OUTER_BOUND('',#629,.T.);
#334=FACE_OUTER_BOUND('',#630,.T.);
#335=FACE_OUTER_BOUND('',#631,.T.);
#336=FACE_OUTER_BOUND('',#632,.T.);
#337=FACE_OUTER_BOUND('',#633,.T.);
#338=FACE_OUTER_BOUND('',#634,.T.);
#339=FACE_OUTER_BOUND('',#635,.T.);
#340=FACE_OUTER_BOUND('',#636,.T.);
#341=FACE_OUTER_BOUND('',#638,.T.);
#342=FACE_OUTER_BOUND('',#639,.T.);
#343=FACE_OUTER_BOUND('',#640,.T.);
#344=FACE_OUTER_BOUND('',#641,.T.);
#345=FACE_OUTER_BOUND('',#642,.T.);
#346=FACE_OUTER_BOUND('',#643,.T.);
#347=FACE_OUTER_BOUND('',#644,.T.);
#348=FACE_OUTER_BOUND('',#645,.T.);
#349=FACE_OUTER_BOUND('',#646,.T.);
#350=FACE_OUTER_BOUND('',#648,.T.);
#351=FACE_OUTER_BOUND('',#649,.T.);
#352=FACE_OUTER_BOUND('',#650,.T.);
#353=FACE_OUTER_BOUND('',#651,.T.);
#354=FACE_OUTER_BOUND('',#652,.T.);
#355=FACE_OUTER_BOUND('',#653,.T.);
#356=FACE_OUTER_BOUND('',#654,.T.);
#357=FACE_OUTER_BOUND('',#655,.T.);
#358=FACE_OUTER_BOUND('',#656,.T.);
#359=FACE_OUTER_BOUND('',#657,.T.);
#360=FACE_OUTER_BOUND('',#658,.T.);
#361=FACE_OUTER_BOUND('',#659,.T.);
#362=FACE_OUTER_BOUND('',#660,.T.);
#363=FACE_OUTER_BOUND('',#661,.T.);
#364=FACE_OUTER_BOUND('',#662,.T.);
#365=FACE_OUTER_BOUND('',#663,.T.);
#366=FACE_OUTER_BOUND('',#664,.T.);
#367=FACE_OUTER_BOUND('',#665,.T.);
#368=FACE_OUTER_BOUND('',#666,.T.);
#369=FACE_OUTER_BOUND('',#667,.T.);
#370=FACE_OUTER_BOUND('',#668,.T.);
#371=FACE_OUTER_BOUND('',#669,.T.);
#372=FACE_OUTER_BOUND('',#671,.T.);
#373=FACE_OUTER_BOUND('',#672,.T.);
#374=FACE_OUTER_BOUND('',#673,.T.);
#375=FACE_OUTER_BOUND('',#674,.T.);
#376=FACE_OUTER_BOUND('',#675,.T.);
#377=FACE_OUTER_BOUND('',#676,.T.);
#378=FACE_OUTER_BOUND('',#677,.T.);
#379=FACE_OUTER_BOUND('',#678,.T.);
#380=FACE_OUTER_BOUND('',#679,.T.);
#381=FACE_OUTER_BOUND('',#680,.T.);
#382=FACE_OUTER_BOUND('',#681,.T.);
#383=FACE_OUTER_BOUND('',#682,.T.);
#384=FACE_OUTER_BOUND('',#683,.T.);
#385=FACE_OUTER_BOUND('',#684,.T.);
#386=FACE_OUTER_BOUND('',#685,.T.);
#387=FACE_OUTER_BOUND('',#686,.T.);
#388=FACE_OUTER_BOUND('',#687,.T.);
#389=FACE_OUTER_BOUND('',#688,.T.);
#390=FACE_OUTER_BOUND('',#689,.T.);
#391=FACE_OUTER_BOUND('',#690,.T.);
#392=FACE_OUTER_BOUND('',#691,.T.);
#393=FACE_OUTER_BOUND('',#692,.T.);
#394=FACE_OUTER_BOUND('',#693,.T.);
#395=FACE_OUTER_BOUND('',#694,.T.);
#396=FACE_OUTER_BOUND('',#695,.T.);
#397=FACE_OUTER_BOUND('',#696,.T.);
#398=FACE_OUTER_BOUND('',#697,.T.);
#399=FACE_OUTER_BOUND('',#698,.T.);
#400=FACE_OUTER_BOUND('',#699,.T.);
#401=FACE_OUTER_BOUND('',#700,.T.);
#402=FACE_OUTER_BOUND('',#701,.T.);
#403=FACE_OUTER_BOUND('',#702,.T.);
#404=FACE_OUTER_BOUND('',#703,.T.);
#405=FACE_OUTER_BOUND('',#704,.T.);
#406=FACE_OUTER_BOUND('',#705,.T.);
#407=FACE_OUTER_BOUND('',#706,.T.);
#408=FACE_OUTER_BOUND('',#707,.T.);
#409=FACE_OUTER_BOUND('',#708,.T.);
#410=FACE_OUTER_BOUND('',#709,.T.);
#411=FACE_OUTER_BOUND('',#710,.T.);
#412=FACE_OUTER_BOUND('',#711,.T.);
#413=FACE_OUTER_BOUND('',#712,.T.);
#414=FACE_OUTER_BOUND('',#713,.T.);
#415=FACE_OUTER_BOUND('',#716,.T.);
#416=FACE_OUTER_BOUND('',#717,.T.);
#417=FACE_OUTER_BOUND('',#718,.T.);
#418=FACE_OUTER_BOUND('',#719,.T.);
#419=FACE_OUTER_BOUND('',#720,.T.);
#420=FACE_OUTER_BOUND('',#721,.T.);
#421=FACE_OUTER_BOUND('',#722,.T.);
#422=FACE_OUTER_BOUND('',#723,.T.);
#423=FACE_OUTER_BOUND('',#724,.T.);
#424=FACE_OUTER_BOUND('',#725,.T.);
#425=FACE_OUTER_BOUND('',#726,.T.);
#426=FACE_OUTER_BOUND('',#727,.T.);
#427=FACE_OUTER_BOUND('',#728,.T.);
#428=FACE_OUTER_BOUND('',#729,.T.);
#429=FACE_OUTER_BOUND('',#730,.T.);
#430=FACE_OUTER_BOUND('',#731,.T.);
#431=FACE_OUTER_BOUND('',#732,.T.);
#432=FACE_OUTER_BOUND('',#733,.T.);
#433=FACE_OUTER_BOUND('',#734,.T.);
#434=FACE_OUTER_BOUND('',#735,.T.);
#435=FACE_OUTER_BOUND('',#736,.T.);
#436=FACE_OUTER_BOUND('',#737,.T.);
#437=FACE_OUTER_BOUND('',#738,.T.);
#438=FACE_OUTER_BOUND('',#739,.T.);
#439=FACE_OUTER_BOUND('',#740,.T.);
#440=FACE_OUTER_BOUND('',#741,.T.);
#441=FACE_OUTER_BOUND('',#742,.T.);
#442=FACE_OUTER_BOUND('',#743,.T.);
#443=FACE_OUTER_BOUND('',#744,.T.);
#444=FACE_OUTER_BOUND('',#745,.T.);
#445=FACE_OUTER_BOUND('',#746,.T.);
#446=FACE_OUTER_BOUND('',#747,.T.);
#447=FACE_OUTER_BOUND('',#748,.T.);
#448=FACE_OUTER_BOUND('',#749,.T.);
#449=FACE_OUTER_BOUND('',#750,.T.);
#450=FACE_OUTER_BOUND('',#751,.T.);
#451=FACE_OUTER_BOUND('',#752,.T.);
#452=FACE_OUTER_BOUND('',#753,.T.);
#453=FACE_OUTER_BOUND('',#754,.T.);
#454=FACE_OUTER_BOUND('',#755,.T.);
#455=FACE_OUTER_BOUND('',#756,.T.);
#456=FACE_OUTER_BOUND('',#757,.T.);
#457=FACE_OUTER_BOUND('',#758,.T.);
#458=FACE_OUTER_BOUND('',#760,.T.);
#459=FACE_OUTER_BOUND('',#761,.T.);
#460=FACE_OUTER_BOUND('',#763,.T.);
#461=FACE_OUTER_BOUND('',#764,.T.);
#462=FACE_OUTER_BOUND('',#765,.T.);
#463=FACE_OUTER_BOUND('',#766,.T.);
#464=FACE_OUTER_BOUND('',#767,.T.);
#465=FACE_OUTER_BOUND('',#768,.T.);
#466=FACE_OUTER_BOUND('',#769,.T.);
#467=FACE_OUTER_BOUND('',#770,.T.);
#468=FACE_OUTER_BOUND('',#771,.T.);
#469=FACE_OUTER_BOUND('',#772,.T.);
#470=FACE_OUTER_BOUND('',#774,.T.);
#471=FACE_OUTER_BOUND('',#775,.T.);
#472=FACE_OUTER_BOUND('',#776,.T.);
#473=FACE_OUTER_BOUND('',#778,.T.);
#474=FACE_OUTER_BOUND('',#780,.T.);
#475=FACE_OUTER_BOUND('',#781,.T.);
#476=FACE_OUTER_BOUND('',#782,.T.);
#477=FACE_OUTER_BOUND('',#783,.T.);
#478=FACE_OUTER_BOUND('',#784,.T.);
#479=FACE_OUTER_BOUND('',#785,.T.);
#480=FACE_OUTER_BOUND('',#786,.T.);
#481=FACE_OUTER_BOUND('',#787,.T.);
#482=FACE_OUTER_BOUND('',#788,.T.);
#483=FACE_OUTER_BOUND('',#789,.T.);
#484=FACE_OUTER_BOUND('',#790,.T.);
#485=FACE_OUTER_BOUND('',#791,.T.);
#486=FACE_OUTER_BOUND('',#792,.T.);
#487=FACE_OUTER_BOUND('',#794,.T.);
#488=FACE_OUTER_BOUND('',#796,.T.);
#489=FACE_OUTER_BOUND('',#798,.T.);
#490=FACE_OUTER_BOUND('',#799,.T.);
#491=FACE_OUTER_BOUND('',#800,.T.);
#492=FACE_OUTER_BOUND('',#801,.T.);
#493=FACE_OUTER_BOUND('',#802,.T.);
#494=FACE_OUTER_BOUND('',#803,.T.);
#495=FACE_OUTER_BOUND('',#804,.T.);
#496=FACE_OUTER_BOUND('',#805,.T.);
#497=FACE_OUTER_BOUND('',#806,.T.);
#498=FACE_OUTER_BOUND('',#807,.T.);
#499=FACE_OUTER_BOUND('',#808,.T.);
#500=FACE_OUTER_BOUND('',#809,.T.);
#501=FACE_OUTER_BOUND('',#810,.T.);
#502=FACE_OUTER_BOUND('',#811,.T.);
#503=FACE_OUTER_BOUND('',#812,.T.);
#504=FACE_OUTER_BOUND('',#813,.T.);
#505=FACE_OUTER_BOUND('',#814,.T.);
#506=FACE_OUTER_BOUND('',#815,.T.);
#507=FACE_OUTER_BOUND('',#816,.T.);
#508=FACE_OUTER_BOUND('',#817,.T.);
#509=FACE_OUTER_BOUND('',#818,.T.);
#510=FACE_OUTER_BOUND('',#819,.T.);
#511=FACE_OUTER_BOUND('',#820,.T.);
#512=FACE_OUTER_BOUND('',#821,.T.);
#513=FACE_OUTER_BOUND('',#822,.T.);
#514=FACE_OUTER_BOUND('',#823,.T.);
#515=FACE_OUTER_BOUND('',#824,.T.);
#516=FACE_OUTER_BOUND('',#825,.T.);
#517=FACE_OUTER_BOUND('',#826,.T.);
#518=FACE_OUTER_BOUND('',#827,.T.);
#519=FACE_OUTER_BOUND('',#828,.T.);
#520=FACE_OUTER_BOUND('',#829,.T.);
#521=FACE_OUTER_BOUND('',#830,.T.);
#522=FACE_OUTER_BOUND('',#831,.T.);
#523=FACE_OUTER_BOUND('',#832,.T.);
#524=FACE_OUTER_BOUND('',#833,.T.);
#525=FACE_OUTER_BOUND('',#834,.T.);
#526=FACE_OUTER_BOUND('',#835,.T.);
#527=FACE_OUTER_BOUND('',#836,.T.);
#528=FACE_OUTER_BOUND('',#837,.T.);
#529=FACE_OUTER_BOUND('',#838,.T.);
#530=FACE_OUTER_BOUND('',#839,.T.);
#531=FACE_OUTER_BOUND('',#840,.T.);
#532=FACE_OUTER_BOUND('',#841,.T.);
#533=FACE_OUTER_BOUND('',#842,.T.);
#534=FACE_OUTER_BOUND('',#843,.T.);
#535=FACE_OUTER_BOUND('',#844,.T.);
#536=FACE_OUTER_BOUND('',#845,.T.);
#537=FACE_OUTER_BOUND('',#846,.T.);
#538=FACE_OUTER_BOUND('',#847,.T.);
#539=FACE_OUTER_BOUND('',#848,.T.);
#540=FACE_OUTER_BOUND('',#849,.T.);
#541=FACE_OUTER_BOUND('',#850,.T.);
#542=FACE_OUTER_BOUND('',#851,.T.);
#543=FACE_OUTER_BOUND('',#852,.T.);
#544=FACE_OUTER_BOUND('',#853,.T.);
#545=FACE_OUTER_BOUND('',#854,.T.);
#546=FACE_OUTER_BOUND('',#855,.T.);
#547=FACE_OUTER_BOUND('',#856,.T.);
#548=FACE_OUTER_BOUND('',#857,.T.);
#549=FACE_OUTER_BOUND('',#858,.T.);
#550=FACE_OUTER_BOUND('',#859,.T.);
#551=FACE_OUTER_BOUND('',#860,.T.);
#552=FACE_OUTER_BOUND('',#861,.T.);
#553=FACE_OUTER_BOUND('',#862,.T.);
#554=FACE_OUTER_BOUND('',#863,.T.);
#555=FACE_OUTER_BOUND('',#864,.T.);
#556=FACE_OUTER_BOUND('',#865,.T.);
#557=FACE_OUTER_BOUND('',#866,.T.);
#558=FACE_OUTER_BOUND('',#867,.T.);
#559=FACE_OUTER_BOUND('',#868,.T.);
#560=FACE_OUTER_BOUND('',#869,.T.);
#561=FACE_OUTER_BOUND('',#870,.T.);
#562=FACE_OUTER_BOUND('',#871,.T.);
#563=EDGE_LOOP('',(#3311,#3312,#3313,#3314,#3315,#3316,#3317));
#564=EDGE_LOOP('',(#3318,#3319,#3320,#3321,#3322,#3323,#3324,#3325,#3326,
#3327,#3328,#3329,#3330,#3331,#3332,#3333,#3334,#3335,#3336,#3337,#3338,
#3339,#3340));
#565=EDGE_LOOP('',(#3341));
#566=EDGE_LOOP('',(#3342));
#567=EDGE_LOOP('',(#3343));
#568=EDGE_LOOP('',(#3344,#3345,#3346,#3347));
#569=EDGE_LOOP('',(#3348,#3349,#3350,#3351));
#570=EDGE_LOOP('',(#3352,#3353,#3354,#3355));
#571=EDGE_LOOP('',(#3356,#3357,#3358,#3359));
#572=EDGE_LOOP('',(#3360,#3361,#3362,#3363,#3364,#3365,#3366,#3367,#3368,
#3369,#3370,#3371,#3372,#3373));
#573=EDGE_LOOP('',(#3374,#3375,#3376,#3377,#3378,#3379,#3380,#3381));
#574=EDGE_LOOP('',(#3382,#3383,#3384,#3385));
#575=EDGE_LOOP('',(#3386,#3387,#3388,#3389));
#576=EDGE_LOOP('',(#3390,#3391,#3392,#3393,#3394,#3395,#3396,#3397));
#577=EDGE_LOOP('',(#3398,#3399,#3400,#3401,#3402,#3403,#3404,#3405,#3406,
#3407,#3408,#3409,#3410,#3411,#3412));
#578=EDGE_LOOP('',(#3413,#3414,#3415,#3416));
#579=EDGE_LOOP('',(#3417,#3418,#3419,#3420));
#580=EDGE_LOOP('',(#3421,#3422,#3423));
#581=EDGE_LOOP('',(#3424,#3425,#3426));
#582=EDGE_LOOP('',(#3427,#3428,#3429,#3430));
#583=EDGE_LOOP('',(#3431,#3432,#3433,#3434,#3435,#3436,#3437,#3438,#3439,
#3440));
#584=EDGE_LOOP('',(#3441,#3442,#3443,#3444));
#585=EDGE_LOOP('',(#3445,#3446,#3447,#3448));
#586=EDGE_LOOP('',(#3449,#3450,#3451,#3452,#3453,#3454,#3455));
#587=EDGE_LOOP('',(#3456,#3457,#3458,#3459));
#588=EDGE_LOOP('',(#3460,#3461,#3462,#3463,#3464));
#589=EDGE_LOOP('',(#3465,#3466,#3467,#3468,#3469,#3470));
#590=EDGE_LOOP('',(#3471,#3472,#3473,#3474,#3475,#3476,#3477,#3478));
#591=EDGE_LOOP('',(#3479));
#592=EDGE_LOOP('',(#3480,#3481,#3482,#3483,#3484,#3485,#3486));
#593=EDGE_LOOP('',(#3487,#3488,#3489,#3490,#3491,#3492,#3493,#3494,#3495,
#3496,#3497,#3498));
#594=EDGE_LOOP('',(#3499));
#595=EDGE_LOOP('',(#3500));
#596=EDGE_LOOP('',(#3501,#3502,#3503,#3504,#3505,#3506));
#597=EDGE_LOOP('',(#3507,#3508,#3509,#3510,#3511));
#598=EDGE_LOOP('',(#3512,#3513,#3514,#3515,#3516,#3517));
#599=EDGE_LOOP('',(#3518));
#600=EDGE_LOOP('',(#3519));
#601=EDGE_LOOP('',(#3520,#3521,#3522,#3523,#3524,#3525,#3526,#3527,#3528,
#3529,#3530,#3531,#3532));
#602=EDGE_LOOP('',(#3533,#3534,#3535,#3536,#3537,#3538,#3539,#3540));
#603=EDGE_LOOP('',(#3541,#3542,#3543,#3544,#3545,#3546));
#604=EDGE_LOOP('',(#3547,#3548,#3549,#3550,#3551,#3552,#3553,#3554));
#605=EDGE_LOOP('',(#3555,#3556,#3557,#3558));
#606=EDGE_LOOP('',(#3559,#3560,#3561,#3562,#3563,#3564));
#607=EDGE_LOOP('',(#3565,#3566,#3567,#3568,#3569));
#608=EDGE_LOOP('',(#3570,#3571,#3572,#3573,#3574));
#609=EDGE_LOOP('',(#3575,#3576,#3577,#3578,#3579,#3580,#3581,#3582));
#610=EDGE_LOOP('',(#3583,#3584,#3585,#3586));
#611=EDGE_LOOP('',(#3587,#3588,#3589,#3590,#3591,#3592,#3593,#3594));
#612=EDGE_LOOP('',(#3595,#3596,#3597,#3598,#3599,#3600));
#613=EDGE_LOOP('',(#3601,#3602,#3603,#3604,#3605));
#614=EDGE_LOOP('',(#3606,#3607,#3608,#3609,#3610,#3611,#3612,#3613,#3614,
#3615,#3616,#3617,#3618,#3619,#3620));
#615=EDGE_LOOP('',(#3621,#3622,#3623,#3624,#3625,#3626,#3627));
#616=EDGE_LOOP('',(#3628,#3629,#3630,#3631));
#617=EDGE_LOOP('',(#3632,#3633,#3634,#3635,#3636,#3637));
#618=EDGE_LOOP('',(#3638,#3639,#3640,#3641,#3642));
#619=EDGE_LOOP('',(#3643,#3644,#3645));
#620=EDGE_LOOP('',(#3646,#3647,#3648,#3649,#3650,#3651,#3652,#3653,#3654,
#3655));
#621=EDGE_LOOP('',(#3656,#3657,#3658,#3659));
#622=EDGE_LOOP('',(#3660,#3661,#3662,#3663,#3664,#3665));
#623=EDGE_LOOP('',(#3666,#3667,#3668,#3669,#3670,#3671));
#624=EDGE_LOOP('',(#3672,#3673,#3674,#3675));
#625=EDGE_LOOP('',(#3676,#3677,#3678,#3679));
#626=EDGE_LOOP('',(#3680,#3681,#3682,#3683));
#627=EDGE_LOOP('',(#3684,#3685,#3686,#3687,#3688,#3689));
#628=EDGE_LOOP('',(#3690,#3691,#3692,#3693));
#629=EDGE_LOOP('',(#3694,#3695,#3696,#3697));
#630=EDGE_LOOP('',(#3698,#3699,#3700,#3701,#3702,#3703,#3704,#3705,#3706));
#631=EDGE_LOOP('',(#3707,#3708,#3709,#3710,#3711));
#632=EDGE_LOOP('',(#3712,#3713,#3714,#3715,#3716,#3717,#3718,#3719,#3720,
#3721,#3722,#3723));
#633=EDGE_LOOP('',(#3724,#3725,#3726,#3727,#3728,#3729,#3730,#3731,#3732,
#3733,#3734,#3735,#3736,#3737,#3738));
#634=EDGE_LOOP('',(#3739,#3740,#3741,#3742,#3743,#3744));
#635=EDGE_LOOP('',(#3745,#3746,#3747,#3748));
#636=EDGE_LOOP('',(#3749));
#637=EDGE_LOOP('',(#3750));
#638=EDGE_LOOP('',(#3751,#3752,#3753,#3754,#3755));
#639=EDGE_LOOP('',(#3756,#3757,#3758,#3759));
#640=EDGE_LOOP('',(#3760,#3761,#3762,#3763));
#641=EDGE_LOOP('',(#3764,#3765,#3766,#3767,#3768));
#642=EDGE_LOOP('',(#3769,#3770,#3771,#3772));
#643=EDGE_LOOP('',(#3773,#3774));
#644=EDGE_LOOP('',(#3775,#3776,#3777,#3778,#3779));
#645=EDGE_LOOP('',(#3780,#3781,#3782,#3783));
#646=EDGE_LOOP('',(#3784,#3785,#3786,#3787));
#647=EDGE_LOOP('',(#3788,#3789,#3790,#3791));
#648=EDGE_LOOP('',(#3792,#3793,#3794,#3795,#3796));
#649=EDGE_LOOP('',(#3797,#3798,#3799,#3800,#3801,#3802));
#650=EDGE_LOOP('',(#3803,#3804,#3805,#3806,#3807));
#651=EDGE_LOOP('',(#3808,#3809,#3810,#3811));
#652=EDGE_LOOP('',(#3812,#3813,#3814,#3815,#3816,#3817,#3818,#3819,#3820,
#3821,#3822,#3823,#3824,#3825,#3826,#3827));
#653=EDGE_LOOP('',(#3828,#3829,#3830,#3831));
#654=EDGE_LOOP('',(#3832,#3833,#3834,#3835));
#655=EDGE_LOOP('',(#3836,#3837,#3838,#3839));
#656=EDGE_LOOP('',(#3840,#3841,#3842,#3843,#3844,#3845));
#657=EDGE_LOOP('',(#3846,#3847,#3848,#3849));
#658=EDGE_LOOP('',(#3850,#3851,#3852,#3853));
#659=EDGE_LOOP('',(#3854,#3855,#3856,#3857,#3858,#3859));
#660=EDGE_LOOP('',(#3860,#3861,#3862));
#661=EDGE_LOOP('',(#3863,#3864,#3865,#3866,#3867,#3868,#3869));
#662=EDGE_LOOP('',(#3870,#3871,#3872));
#663=EDGE_LOOP('',(#3873,#3874,#3875,#3876,#3877));
#664=EDGE_LOOP('',(#3878,#3879,#3880));
#665=EDGE_LOOP('',(#3881,#3882,#3883,#3884,#3885));
#666=EDGE_LOOP('',(#3886,#3887,#3888,#3889,#3890,#3891));
#667=EDGE_LOOP('',(#3892,#3893,#3894));
#668=EDGE_LOOP('',(#3895,#3896,#3897,#3898,#3899,#3900,#3901));
#669=EDGE_LOOP('',(#3902,#3903,#3904,#3905,#3906,#3907,#3908,#3909,#3910,
#3911,#3912,#3913));
#670=EDGE_LOOP('',(#3914,#3915));
#671=EDGE_LOOP('',(#3916,#3917,#3918,#3919,#3920));
#672=EDGE_LOOP('',(#3921,#3922,#3923,#3924));
#673=EDGE_LOOP('',(#3925,#3926,#3927,#3928));
#674=EDGE_LOOP('',(#3929,#3930,#3931,#3932,#3933,#3934,#3935,#3936));
#675=EDGE_LOOP('',(#3937,#3938,#3939,#3940,#3941));
#676=EDGE_LOOP('',(#3942,#3943,#3944,#3945));
#677=EDGE_LOOP('',(#3946,#3947,#3948,#3949));
#678=EDGE_LOOP('',(#3950,#3951,#3952,#3953));
#679=EDGE_LOOP('',(#3954,#3955,#3956,#3957));
#680=EDGE_LOOP('',(#3958,#3959,#3960,#3961));
#681=EDGE_LOOP('',(#3962,#3963,#3964,#3965));
#682=EDGE_LOOP('',(#3966,#3967,#3968,#3969));
#683=EDGE_LOOP('',(#3970,#3971,#3972,#3973));
#684=EDGE_LOOP('',(#3974,#3975,#3976,#3977));
#685=EDGE_LOOP('',(#3978,#3979,#3980,#3981,#3982));
#686=EDGE_LOOP('',(#3983,#3984,#3985,#3986));
#687=EDGE_LOOP('',(#3987,#3988,#3989,#3990,#3991));
#688=EDGE_LOOP('',(#3992,#3993,#3994,#3995));
#689=EDGE_LOOP('',(#3996,#3997,#3998,#3999,#4000,#4001));
#690=EDGE_LOOP('',(#4002,#4003,#4004,#4005,#4006));
#691=EDGE_LOOP('',(#4007,#4008,#4009,#4010,#4011,#4012,#4013,#4014));
#692=EDGE_LOOP('',(#4015,#4016,#4017,#4018,#4019,#4020,#4021,#4022));
#693=EDGE_LOOP('',(#4023,#4024,#4025,#4026,#4027,#4028,#4029,#4030));
#694=EDGE_LOOP('',(#4031,#4032,#4033,#4034));
#695=EDGE_LOOP('',(#4035,#4036,#4037,#4038));
#696=EDGE_LOOP('',(#4039,#4040,#4041,#4042));
#697=EDGE_LOOP('',(#4043,#4044,#4045,#4046));
#698=EDGE_LOOP('',(#4047,#4048,#4049,#4050,#4051));
#699=EDGE_LOOP('',(#4052,#4053,#4054,#4055,#4056,#4057,#4058,#4059,#4060,
#4061,#4062));
#700=EDGE_LOOP('',(#4063,#4064,#4065,#4066));
#701=EDGE_LOOP('',(#4067,#4068,#4069,#4070,#4071));
#702=EDGE_LOOP('',(#4072,#4073,#4074,#4075));
#703=EDGE_LOOP('',(#4076,#4077,#4078,#4079));
#704=EDGE_LOOP('',(#4080,#4081,#4082,#4083,#4084,#4085,#4086,#4087,#4088));
#705=EDGE_LOOP('',(#4089,#4090,#4091,#4092,#4093,#4094,#4095,#4096,#4097,
#4098,#4099));
#706=EDGE_LOOP('',(#4100,#4101,#4102,#4103,#4104,#4105));
#707=EDGE_LOOP('',(#4106,#4107,#4108));
#708=EDGE_LOOP('',(#4109,#4110,#4111,#4112));
#709=EDGE_LOOP('',(#4113,#4114,#4115,#4116,#4117,#4118,#4119));
#710=EDGE_LOOP('',(#4120,#4121,#4122,#4123,#4124,#4125,#4126,#4127,#4128,
#4129,#4130,#4131));
#711=EDGE_LOOP('',(#4132,#4133,#4134,#4135,#4136,#4137,#4138));
#712=EDGE_LOOP('',(#4139,#4140,#4141,#4142,#4143));
#713=EDGE_LOOP('',(#4144,#4145,#4146,#4147,#4148,#4149));
#714=EDGE_LOOP('',(#4150));
#715=EDGE_LOOP('',(#4151));
#716=EDGE_LOOP('',(#4152,#4153,#4154,#4155));
#717=EDGE_LOOP('',(#4156,#4157,#4158,#4159));
#718=EDGE_LOOP('',(#4160,#4161,#4162,#4163,#4164,#4165,#4166,#4167,#4168,
#4169));
#719=EDGE_LOOP('',(#4170,#4171,#4172,#4173));
#720=EDGE_LOOP('',(#4174,#4175,#4176,#4177));
#721=EDGE_LOOP('',(#4178,#4179,#4180,#4181,#4182));
#722=EDGE_LOOP('',(#4183,#4184,#4185,#4186,#4187,#4188,#4189,#4190));
#723=EDGE_LOOP('',(#4191,#4192,#4193,#4194,#4195,#4196,#4197));
#724=EDGE_LOOP('',(#4198,#4199,#4200));
#725=EDGE_LOOP('',(#4201,#4202,#4203,#4204,#4205,#4206,#4207,#4208,#4209));
#726=EDGE_LOOP('',(#4210,#4211,#4212,#4213,#4214));
#727=EDGE_LOOP('',(#4215,#4216,#4217,#4218));
#728=EDGE_LOOP('',(#4219,#4220,#4221,#4222,#4223,#4224,#4225,#4226,#4227,
#4228,#4229,#4230));
#729=EDGE_LOOP('',(#4231,#4232,#4233,#4234,#4235,#4236));
#730=EDGE_LOOP('',(#4237,#4238,#4239,#4240,#4241));
#731=EDGE_LOOP('',(#4242,#4243,#4244,#4245));
#732=EDGE_LOOP('',(#4246,#4247,#4248,#4249));
#733=EDGE_LOOP('',(#4250,#4251,#4252,#4253));
#734=EDGE_LOOP('',(#4254,#4255,#4256,#4257,#4258,#4259));
#735=EDGE_LOOP('',(#4260,#4261,#4262));
#736=EDGE_LOOP('',(#4263,#4264,#4265,#4266));
#737=EDGE_LOOP('',(#4267,#4268,#4269,#4270));
#738=EDGE_LOOP('',(#4271,#4272,#4273,#4274));
#739=EDGE_LOOP('',(#4275,#4276,#4277,#4278));
#740=EDGE_LOOP('',(#4279,#4280,#4281,#4282));
#741=EDGE_LOOP('',(#4283,#4284,#4285,#4286,#4287));
#742=EDGE_LOOP('',(#4288,#4289,#4290,#4291));
#743=EDGE_LOOP('',(#4292,#4293,#4294,#4295));
#744=EDGE_LOOP('',(#4296,#4297,#4298,#4299));
#745=EDGE_LOOP('',(#4300,#4301,#4302,#4303));
#746=EDGE_LOOP('',(#4304,#4305,#4306,#4307));
#747=EDGE_LOOP('',(#4308,#4309,#4310,#4311));
#748=EDGE_LOOP('',(#4312,#4313,#4314,#4315));
#749=EDGE_LOOP('',(#4316,#4317,#4318,#4319));
#750=EDGE_LOOP('',(#4320,#4321,#4322,#4323));
#751=EDGE_LOOP('',(#4324,#4325,#4326,#4327));
#752=EDGE_LOOP('',(#4328,#4329,#4330,#4331));
#753=EDGE_LOOP('',(#4332,#4333,#4334,#4335));
#754=EDGE_LOOP('',(#4336,#4337,#4338,#4339));
#755=EDGE_LOOP('',(#4340,#4341,#4342,#4343));
#756=EDGE_LOOP('',(#4344,#4345,#4346,#4347));
#757=EDGE_LOOP('',(#4348,#4349,#4350,#4351));
#758=EDGE_LOOP('',(#4352));
#759=EDGE_LOOP('',(#4353));
#760=EDGE_LOOP('',(#4354,#4355,#4356,#4357));
#761=EDGE_LOOP('',(#4358));
#762=EDGE_LOOP('',(#4359));
#763=EDGE_LOOP('',(#4360,#4361,#4362,#4363,#4364));
#764=EDGE_LOOP('',(#4365,#4366,#4367,#4368));
#765=EDGE_LOOP('',(#4369,#4370,#4371,#4372,#4373));
#766=EDGE_LOOP('',(#4374,#4375,#4376,#4377));
#767=EDGE_LOOP('',(#4378));
#768=EDGE_LOOP('',(#4379));
#769=EDGE_LOOP('',(#4380,#4381,#4382,#4383));
#770=EDGE_LOOP('',(#4384,#4385,#4386,#4387));
#771=EDGE_LOOP('',(#4388,#4389,#4390,#4391));
#772=EDGE_LOOP('',(#4392));
#773=EDGE_LOOP('',(#4393));
#774=EDGE_LOOP('',(#4394,#4395,#4396,#4397));
#775=EDGE_LOOP('',(#4398,#4399,#4400,#4401));
#776=EDGE_LOOP('',(#4402));
#777=EDGE_LOOP('',(#4403));
#778=EDGE_LOOP('',(#4404));
#779=EDGE_LOOP('',(#4405));
#780=EDGE_LOOP('',(#4406,#4407,#4408,#4409,#4410,#4411));
#781=EDGE_LOOP('',(#4412,#4413,#4414,#4415));
#782=EDGE_LOOP('',(#4416,#4417,#4418,#4419));
#783=EDGE_LOOP('',(#4420,#4421,#4422,#4423));
#784=EDGE_LOOP('',(#4424,#4425,#4426,#4427));
#785=EDGE_LOOP('',(#4428,#4429,#4430,#4431));
#786=EDGE_LOOP('',(#4432,#4433,#4434,#4435,#4436,#4437,#4438,#4439));
#787=EDGE_LOOP('',(#4440,#4441,#4442,#4443,#4444,#4445));
#788=EDGE_LOOP('',(#4446,#4447,#4448,#4449));
#789=EDGE_LOOP('',(#4450,#4451,#4452,#4453,#4454));
#790=EDGE_LOOP('',(#4455,#4456,#4457,#4458));
#791=EDGE_LOOP('',(#4459,#4460,#4461,#4462));
#792=EDGE_LOOP('',(#4463));
#793=EDGE_LOOP('',(#4464));
#794=EDGE_LOOP('',(#4465));
#795=EDGE_LOOP('',(#4466));
#796=EDGE_LOOP('',(#4467));
#797=EDGE_LOOP('',(#4468));
#798=EDGE_LOOP('',(#4469,#4470,#4471,#4472));
#799=EDGE_LOOP('',(#4473,#4474,#4475,#4476));
#800=EDGE_LOOP('',(#4477,#4478,#4479,#4480,#4481,#4482));
#801=EDGE_LOOP('',(#4483,#4484,#4485,#4486));
#802=EDGE_LOOP('',(#4487,#4488,#4489,#4490,#4491));
#803=EDGE_LOOP('',(#4492,#4493,#4494,#4495,#4496));
#804=EDGE_LOOP('',(#4497,#4498,#4499,#4500));
#805=EDGE_LOOP('',(#4501,#4502,#4503,#4504));
#806=EDGE_LOOP('',(#4505,#4506,#4507,#4508));
#807=EDGE_LOOP('',(#4509,#4510,#4511,#4512));
#808=EDGE_LOOP('',(#4513,#4514,#4515,#4516));
#809=EDGE_LOOP('',(#4517,#4518,#4519,#4520));
#810=EDGE_LOOP('',(#4521,#4522,#4523,#4524));
#811=EDGE_LOOP('',(#4525,#4526,#4527,#4528,#4529,#4530,#4531,#4532,#4533,
#4534,#4535,#4536));
#812=EDGE_LOOP('',(#4537,#4538,#4539,#4540));
#813=EDGE_LOOP('',(#4541,#4542,#4543,#4544,#4545,#4546,#4547,#4548,#4549,
#4550,#4551,#4552));
#814=EDGE_LOOP('',(#4553,#4554,#4555,#4556,#4557));
#815=EDGE_LOOP('',(#4558,#4559,#4560,#4561,#4562));
#816=EDGE_LOOP('',(#4563,#4564,#4565,#4566));
#817=EDGE_LOOP('',(#4567,#4568,#4569,#4570));
#818=EDGE_LOOP('',(#4571,#4572,#4573,#4574));
#819=EDGE_LOOP('',(#4575,#4576,#4577,#4578));
#820=EDGE_LOOP('',(#4579,#4580,#4581,#4582));
#821=EDGE_LOOP('',(#4583,#4584,#4585,#4586,#4587,#4588,#4589,#4590,#4591,
#4592,#4593,#4594));
#822=EDGE_LOOP('',(#4595,#4596,#4597,#4598));
#823=EDGE_LOOP('',(#4599,#4600,#4601,#4602,#4603,#4604,#4605,#4606,#4607,
#4608,#4609,#4610));
#824=EDGE_LOOP('',(#4611,#4612,#4613,#4614));
#825=EDGE_LOOP('',(#4615,#4616,#4617,#4618));
#826=EDGE_LOOP('',(#4619,#4620,#4621,#4622));
#827=EDGE_LOOP('',(#4623,#4624,#4625,#4626));
#828=EDGE_LOOP('',(#4627,#4628,#4629,#4630));
#829=EDGE_LOOP('',(#4631,#4632,#4633,#4634));
#830=EDGE_LOOP('',(#4635,#4636,#4637,#4638));
#831=EDGE_LOOP('',(#4639,#4640,#4641,#4642));
#832=EDGE_LOOP('',(#4643,#4644,#4645,#4646));
#833=EDGE_LOOP('',(#4647,#4648,#4649,#4650));
#834=EDGE_LOOP('',(#4651,#4652,#4653,#4654,#4655,#4656));
#835=EDGE_LOOP('',(#4657,#4658,#4659,#4660,#4661,#4662));
#836=EDGE_LOOP('',(#4663,#4664,#4665,#4666));
#837=EDGE_LOOP('',(#4667,#4668,#4669,#4670,#4671,#4672));
#838=EDGE_LOOP('',(#4673,#4674,#4675,#4676));
#839=EDGE_LOOP('',(#4677,#4678,#4679,#4680,#4681,#4682));
#840=EDGE_LOOP('',(#4683,#4684,#4685,#4686,#4687,#4688,#4689,#4690,#4691,
#4692,#4693,#4694));
#841=EDGE_LOOP('',(#4695,#4696,#4697,#4698));
#842=EDGE_LOOP('',(#4699,#4700,#4701,#4702));
#843=EDGE_LOOP('',(#4703,#4704,#4705,#4706,#4707));
#844=EDGE_LOOP('',(#4708,#4709,#4710,#4711));
#845=EDGE_LOOP('',(#4712,#4713,#4714,#4715,#4716,#4717,#4718,#4719));
#846=EDGE_LOOP('',(#4720,#4721,#4722,#4723,#4724));
#847=EDGE_LOOP('',(#4725,#4726,#4727,#4728));
#848=EDGE_LOOP('',(#4729,#4730,#4731,#4732));
#849=EDGE_LOOP('',(#4733,#4734,#4735,#4736,#4737));
#850=EDGE_LOOP('',(#4738,#4739,#4740,#4741,#4742,#4743));
#851=EDGE_LOOP('',(#4744,#4745,#4746,#4747,#4748,#4749,#4750,#4751,#4752,
#4753));
#852=EDGE_LOOP('',(#4754,#4755,#4756,#4757));
#853=EDGE_LOOP('',(#4758,#4759,#4760,#4761,#4762,#4763,#4764,#4765));
#854=EDGE_LOOP('',(#4766,#4767,#4768,#4769));
#855=EDGE_LOOP('',(#4770,#4771,#4772,#4773));
#856=EDGE_LOOP('',(#4774,#4775,#4776,#4777));
#857=EDGE_LOOP('',(#4778,#4779,#4780,#4781));
#858=EDGE_LOOP('',(#4782,#4783,#4784,#4785,#4786));
#859=EDGE_LOOP('',(#4787,#4788,#4789,#4790,#4791,#4792));
#860=EDGE_LOOP('',(#4793,#4794,#4795,#4796,#4797,#4798,#4799,#4800,#4801,
#4802));
#861=EDGE_LOOP('',(#4803,#4804,#4805,#4806));
#862=EDGE_LOOP('',(#4807,#4808,#4809,#4810));
#863=EDGE_LOOP('',(#4811,#4812,#4813,#4814));
#864=EDGE_LOOP('',(#4815,#4816,#4817,#4818,#4819,#4820,#4821,#4822,#4823,
#4824));
#865=EDGE_LOOP('',(#4825,#4826,#4827,#4828,#4829,#4830,#4831,#4832,#4833,
#4834,#4835));
#866=EDGE_LOOP('',(#4836,#4837,#4838,#4839));
#867=EDGE_LOOP('',(#4840,#4841,#4842,#4843,#4844,#4845));
#868=EDGE_LOOP('',(#4846,#4847,#4848,#4849,#4850,#4851,#4852,#4853,#4854,
#4855,#4856,#4857,#4858,#4859,#4860,#4861,#4862,#4863,#4864,#4865,#4866,
#4867));
#869=EDGE_LOOP('',(#4868,#4869,#4870,#4871));
#870=EDGE_LOOP('',(#4872,#4873,#4874,#4875));
#871=EDGE_LOOP('',(#4876,#4877,#4878,#4879,#4880,#4881,#4882,#4883,#4884));
#872=B_SPLINE_CURVE_WITH_KNOTS('',3,(#7271,#7272,#7273,#7274,#7275,#7276,
#7277),.UNSPECIFIED.,.F.,.F.,(4,3,4),(-0.11545242013246,-0.0577267643567218,
-1.65606409726563E-8),.UNSPECIFIED.);
#873=B_SPLINE_CURVE_WITH_KNOTS('',3,(#7399,#7400,#7401,#7402,#7403,#7404,
#7405),.UNSPECIFIED.,.F.,.F.,(4,1,1,1,4),(-4.69044956012946,-3.62023099664442,
-2.55001243315939,-2.01490315141687,-1.038070313264),.UNSPECIFIED.);
#874=B_SPLINE_CURVE_WITH_KNOTS('',3,(#7426,#7427,#7428,#7429,#7430,#7431,
#7432,#7433,#7434,#7435),.UNSPECIFIED.,.F.,.F.,(4,2,2,2,4),(0.,0.0542226839763013,
0.106131014647002,0.159689092417465,0.212457060034584),.UNSPECIFIED.);
#875=B_SPLINE_CURVE_WITH_KNOTS('',3,(#7439,#7440,#7441,#7442,#7443,#7444,
#7445,#7446,#7447,#7448),.UNSPECIFIED.,.F.,.F.,(4,2,2,2,4),(2.97183473647401E-6,
0.0824012624373771,0.164293413728491,0.242264256657615,0.329169289189618),
 .UNSPECIFIED.);
#876=B_SPLINE_CURVE_WITH_KNOTS('',3,(#7449,#7450,#7451,#7452,#7453,#7454,
#7455,#7456),.UNSPECIFIED.,.F.,.F.,(4,2,2,4),(-2.2003921350642,-2.18917442067616,
-1.95290239552718,-1.78250979330206),.UNSPECIFIED.);
#877=B_SPLINE_CURVE_WITH_KNOTS('',3,(#7492,#7493,#7494,#7495,#7496,#7497),
 .UNSPECIFIED.,.F.,.F.,(4,2,4),(0.000477858041821446,0.0760069190488288,
0.151528057537381),.UNSPECIFIED.);
#878=B_SPLINE_CURVE_WITH_KNOTS('',3,(#7505,#7506,#7507,#7508,#7509,#7510),
 .UNSPECIFIED.,.F.,.F.,(4,2,4),(0.,0.0996177911732154,0.199376252072667),
 .UNSPECIFIED.);
#879=B_SPLINE_CURVE_WITH_KNOTS('',3,(#7514,#7515,#7516,#7517,#7518,#7519),
 .UNSPECIFIED.,.F.,.F.,(4,2,4),(0.000180503080589126,0.099065153465674,
0.197714303799334),.UNSPECIFIED.);
#880=B_SPLINE_CURVE_WITH_KNOTS('',3,(#7522,#7523,#7524,#7525,#7526,#7527),
 .UNSPECIFIED.,.F.,.F.,(4,2,4),(-0.15142118011553,-0.0758561739251495,-0.000269061910231758),
 .UNSPECIFIED.);
#881=B_SPLINE_CURVE_WITH_KNOTS('',3,(#7614,#7615,#7616,#7617,#7618,#7619,
#7620,#7621,#7622,#7623,#7624,#7625,#7626,#7627,#7628,#7629,#7630,#7631,
#7632,#7633,#7634,#7635,#7636,#7637,#7638),.UNSPECIFIED.,.F.,.F.,(4,3,3,
3,3,3,3,3,4),(-0.0802340896710439,-0.0688981317656554,-0.0667665979488915,
-0.0565904239827366,-0.0490506710908674,-0.0362840145129506,-0.0231861025931701,
-0.00982829530992434,0.),.UNSPECIFIED.);
#882=B_SPLINE_CURVE_WITH_KNOTS('',3,(#7674,#7675,#7676,#7677,#7678,#7679),
 .UNSPECIFIED.,.F.,.F.,(4,2,4),(3.57196441228003E-6,0.0755300015718337,
0.151063692238279),.UNSPECIFIED.);
#883=B_SPLINE_CURVE_WITH_KNOTS('',3,(#7689,#7690,#7691,#7692,#7693,#7694,
#7695,#7696),.UNSPECIFIED.,.F.,.F.,(4,2,2,4),(8.81374797106026E-5,0.23231390918361,
0.375722056091905,0.443191069877944),.UNSPECIFIED.);
#884=B_SPLINE_CURVE_WITH_KNOTS('',3,(#7727,#7728,#7729,#7730,#7731,#7732,
#7733,#7734,#7735,#7736,#7737,#7738,#7739,#7740),.UNSPECIFIED.,.F.,.F.,
(4,2,2,2,2,2,4),(0.609353606016723,0.684226948091734,0.791308080552524,
0.898389213013314,1.0054703454741,1.1125514779349,1.18742482000991),
 .UNSPECIFIED.);
#885=B_SPLINE_CURVE_WITH_KNOTS('',3,(#7752,#7753,#7754,#7755,#7756,#7757,
#7758),.UNSPECIFIED.,.F.,.F.,(4,1,1,1,4),(-4.69045022833436,-3.3503215916674,
-2.01019295500044,-0.67006431833348,0.),.UNSPECIFIED.);
#886=B_SPLINE_CURVE_WITH_KNOTS('',3,(#7774,#7775,#7776,#7777,#7778,#7779,
#7780,#7781,#7782,#7783),.UNSPECIFIED.,.F.,.F.,(4,1,1,1,1,1,1,4),(-4.69053146183861,
-4.02045553871881,-3.35037961559901,-2.68030369247921,-2.01022776935941,
-1.3401518462396,-0.670075923119802,0.),.UNSPECIFIED.);
#887=B_SPLINE_CURVE_WITH_KNOTS('',3,(#7852,#7853,#7854,#7855,#7856,#7857),
 .UNSPECIFIED.,.F.,.F.,(4,2,4),(-0.666892515354704,-0.327573421602212,-9.99999560809746E-7),
 .UNSPECIFIED.);
#888=B_SPLINE_CURVE_WITH_KNOTS('',3,(#7863,#7864,#7865,#7866,#7867,#7868,
#7869,#7870,#7871,#7872,#7873,#7874,#7875,#7876,#7877,#7878,#7879,#7880,
#7881,#7882,#7883,#7884,#7885,#7886,#7887,#7888,#7889,#7890,#7891,#7892,
#7893,#7894,#7895,#7896,#7897,#7898,#7899,#7900,#7901,#7902,#7903,#7904,
#7905,#7906,#7907,#7908,#7909,#7910,#7911,#7912,#7913,#7914,#7915,#7916,
#7917,#7918,#7919,#7920),.UNSPECIFIED.,.F.,.F.,(4,3,3,3,3,3,3,3,3,3,3,3,
3,3,3,3,3,3,3,4),(-0.000939695370863546,0.,0.0269083614716759,0.0577262365229093,
0.0876202882423825,0.113553024061828,0.136382438581393,0.156770275621747,
0.176190358509419,0.198520202467632,0.220544849115159,0.241858361518166,
0.262876618117049,0.283512457985937,0.286618789057738,0.296366981707341,
0.320854723893764,0.345356384513207,0.369432503081255,0.375033542347632),
 .UNSPECIFIED.);
#889=B_SPLINE_CURVE_WITH_KNOTS('',3,(#7923,#7924,#7925,#7926,#7927,#7928),
 .UNSPECIFIED.,.F.,.F.,(4,2,4),(3.54901609644143E-5,0.0579238183621205,
0.115873505200037),.UNSPECIFIED.);
#890=B_SPLINE_CURVE_WITH_KNOTS('',3,(#8018,#8019,#8020,#8021,#8022,#8023,
#8024,#8025,#8026,#8027,#8028,#8029,#8030,#8031,#8032,#8033,#8034,#8035,
#8036),.UNSPECIFIED.,.F.,.F.,(4,3,3,3,3,3,4),(-0.390486521318645,-0.30119485127145,
-0.221617171947402,-0.193668859229593,-0.115304163723143,-0.0418464927835953,
-1.76246046266758E-6),.UNSPECIFIED.);
#891=B_SPLINE_CURVE_WITH_KNOTS('',3,(#8110,#8111,#8112,#8113,#8114,#8115,
#8116),.UNSPECIFIED.,.F.,.F.,(4,1,1,1,4),(0.,1.50558799525355,3.01117599050711,
3.76396998813388,5.26955798338744),.UNSPECIFIED.);
#892=B_SPLINE_CURVE_WITH_KNOTS('',3,(#8120,#8121,#8122,#8123,#8124,#8125,
#8126),.UNSPECIFIED.,.F.,.F.,(4,1,1,1,4),(0.,1.50494402293708,3.00988804587417,
4.51483206881125,5.26730408027979),.UNSPECIFIED.);
#893=B_SPLINE_CURVE_WITH_KNOTS('',3,(#8134,#8135,#8136,#8137,#8138,#8139,
#8140),.UNSPECIFIED.,.F.,.F.,(4,1,1,1,4),(0.,1.54762788313417,3.09525576626833,
4.6428836494025,5.41669759096958),.UNSPECIFIED.);
#894=B_SPLINE_CURVE_WITH_KNOTS('',3,(#8144,#8145,#8146,#8147,#8148,#8149,
#8150),.UNSPECIFIED.,.F.,.F.,(4,1,1,1,4),(0.,1.54827258777222,3.09654517554445,
3.87068146943056,5.41895405720278),.UNSPECIFIED.);
#895=B_SPLINE_CURVE_WITH_KNOTS('',3,(#8154,#8155,#8156,#8157,#8158,#8159,
#8160,#8161,#8162,#8163),.UNSPECIFIED.,.F.,.F.,(4,2,2,2,4),(-0.000827210824565156,
4.89788331420327E-15,0.295270974541392,0.457428886793067,0.616163820963552),
 .UNSPECIFIED.);
#896=B_SPLINE_CURVE_WITH_KNOTS('',3,(#8178,#8179,#8180,#8181,#8182,#8183,
#8184,#8185,#8186,#8187,#8188,#8189,#8190,#8191,#8192,#8193,#8194,#8195,
#8196,#8197,#8198,#8199,#8200,#8201,#8202,#8203,#8204,#8205,#8206,#8207,
#8208,#8209,#8210,#8211,#8212,#8213,#8214,#8215,#8216,#8217,#8218),
 .UNSPECIFIED.,.F.,.F.,(4,2,2,2,2,2,2,2,2,3,2,2,2,2,2,2,2,2,2,4),(-0.297531837200407,
-0.284041923051251,-0.254762359320488,-0.226081866975125,-0.197690597546672,
-0.167234976941659,-0.135520500971976,-0.0989423917071434,-0.0510687276122111,
0.,0.0261120149464987,0.042340830777597,0.059270535951734,0.0835700133029645,
0.136171509878228,0.188340955194364,0.222640743725177,0.251406617619124,
0.278404166669994,0.29380569172839),.UNSPECIFIED.);
#897=B_SPLINE_CURVE_WITH_KNOTS('',3,(#8219,#8220,#8221,#8222),
 .UNSPECIFIED.,.F.,.F.,(4,4),(0.29380569172839,0.293906494566264),
 .UNSPECIFIED.);
#898=B_SPLINE_CURVE_WITH_KNOTS('',3,(#8261,#8262,#8263,#8264,#8265,#8266,
#8267,#8268,#8269,#8270),.UNSPECIFIED.,.F.,.F.,(4,2,2,2,4),(-0.499298659176172,
-0.497996687322512,-0.249934974182078,-0.0410020444294895,0.),
 .UNSPECIFIED.);
#899=B_SPLINE_CURVE_WITH_KNOTS('',3,(#8294,#8295,#8296,#8297,#8298,#8299,
#8300,#8301,#8302,#8303,#8304,#8305,#8306,#8307),.UNSPECIFIED.,.F.,.F.,
(4,2,2,2,2,2,4),(-0.801057778752184,-0.646122458750002,-0.516498948520725,
-0.40202655372766,-0.28591641048154,-0.160125824017893,0.),
 .UNSPECIFIED.);
#900=B_SPLINE_CURVE_WITH_KNOTS('',3,(#8343,#8344,#8345,#8346,#8347,#8348,
#8349,#8350,#8351,#8352,#8353,#8354,#8355,#8356,#8357,#8358,#8359,#8360,
#8361,#8362,#8363,#8364,#8365,#8366,#8367,#8368,#8369,#8370,#8371,#8372,
#8373,#8374,#8375,#8376,#8377,#8378,#8379,#8380,#8381,#8382,#8383,#8384,
#8385,#8386,#8387,#8388,#8389,#8390,#8391,#8392,#8393,#8394,#8395,#8396,
#8397,#8398,#8399,#8400,#8401,#8402,#8403,#8404,#8405,#8406),
 .UNSPECIFIED.,.F.,.F.,(4,3,3,3,3,3,3,3,3,3,3,3,3,3,3,3,3,3,3,3,3,4),(0.,
0.232357499416975,0.469658194792848,0.67006431833348,0.892335924212213,
1.11531967465515,1.33412986032134,1.55689714533559,1.78354505016802,2.01019295500044,
2.24281242199831,2.47180995780952,2.66775603182375,2.89993423437895,3.12782315157112,
3.3503215916674,3.62385043356443,3.89676353441182,4.01233008240164,4.28413843287899,
4.55535033502414,4.69045022833436),.UNSPECIFIED.);
#901=B_SPLINE_CURVE_WITH_KNOTS('',3,(#8459,#8460,#8461,#8462,#8463,#8464,
#8465,#8466,#8467,#8468),.UNSPECIFIED.,.F.,.F.,(4,1,1,1,1,1,1,4),(0.,0.670075923119802,
1.3401518462396,2.01022776935941,2.68030369247921,3.35037961559901,4.02045553871881,
4.69053146183861),.UNSPECIFIED.);
#902=B_SPLINE_CURVE_WITH_KNOTS('',3,(#8472,#8473,#8474,#8475,#8476,#8477,
#8478,#8479,#8480,#8481,#8482,#8483,#8484,#8485),.UNSPECIFIED.,.F.,.F.,
(4,2,2,2,2,2,4),(-0.744495687417184,-0.599938635846638,-0.482303325057446,
-0.37463256593932,-0.268525962391849,-0.148902543554233,-9.99999996503793E-7),
 .UNSPECIFIED.);
#903=B_SPLINE_CURVE_WITH_KNOTS('',3,(#8490,#8491,#8492,#8493),
 .UNSPECIFIED.,.F.,.F.,(4,4),(1.02209097554936,1.44343551924069),
 .UNSPECIFIED.);
#904=B_SPLINE_CURVE_WITH_KNOTS('',3,(#8522,#8523,#8524,#8525,#8526,#8527),
 .UNSPECIFIED.,.F.,.F.,(4,1,1,4),(2.40838592750399E-12,0.170182694653918,
0.255274041979673,0.328477077493325),.UNSPECIFIED.);
#905=B_SPLINE_CURVE_WITH_KNOTS('',3,(#8528,#8529,#8530,#8531),
 .UNSPECIFIED.,.F.,.F.,(4,4),(-0.193332096083053,0.),.UNSPECIFIED.);
#906=B_SPLINE_CURVE_WITH_KNOTS('',3,(#8607,#8608,#8609,#8610,#8611,#8612,
#8613,#8614,#8615,#8616),.UNSPECIFIED.,.F.,.F.,(4,2,2,2,4),(-0.352175747667823,
-0.272469306869877,-0.193294066971138,-0.102704837905057,0.),
 .UNSPECIFIED.);
#907=B_SPLINE_CURVE_WITH_KNOTS('',3,(#8660,#8661,#8662,#8663,#8664,#8665,
#8666,#8667,#8668,#8669,#8670,#8671,#8672,#8673,#8674,#8675,#8676,#8677,
#8678,#8679,#8680,#8681,#8682,#8683,#8684,#8685,#8686,#8687,#8688,#8689,
#8690,#8691,#8692,#8693,#8694,#8695,#8696,#8697,#8698,#8699,#8700,#8701,
#8702,#8703,#8704,#8705,#8706,#8707,#8708,#8709,#8710,#8711,#8712,#8713,
#8714,#8715,#8716,#8717),.UNSPECIFIED.,.F.,.F.,(4,3,3,3,3,3,3,3,3,3,3,3,
3,3,3,3,3,3,3,4),(-0.399008179988022,-0.39801104220615,-0.368454682550894,
-0.334128915089511,-0.303359282006076,-0.277026347503121,-0.252547601510216,
-0.229914926139012,-0.211050382755771,-0.186818198808491,-0.163403097467326,
-0.155373871923137,-0.133181808933703,-0.111296554234551,-0.0938715950238447,
-0.0681226189836112,-0.0411845515452728,-0.0161109100906133,-0.0142464841069344,
-8.21468036312113E-6),.UNSPECIFIED.);
#908=B_SPLINE_CURVE_WITH_KNOTS('',3,(#8751,#8752,#8753,#8754,#8755,#8756,
#8757,#8758,#8759,#8760),.UNSPECIFIED.,.F.,.F.,(4,2,2,2,4),(4.42431976110674E-5,
0.104083342170094,0.182421037214638,0.321502526642338,0.321888590970004),
 .UNSPECIFIED.);
#909=B_SPLINE_CURVE_WITH_KNOTS('',3,(#8762,#8763,#8764,#8765,#8766,#8767),
 .UNSPECIFIED.,.F.,.F.,(4,2,4),(0.,0.014750302419147,0.029673994908968),
 .UNSPECIFIED.);
#910=B_SPLINE_CURVE_WITH_KNOTS('',3,(#8770,#8771,#8772,#8773,#8774,#8775),
 .UNSPECIFIED.,.F.,.F.,(4,2,4),(-0.121333651896559,-0.0606944498874756,
-2.87255181161753E-5),.UNSPECIFIED.);
#911=B_SPLINE_CURVE_WITH_KNOTS('',3,(#8797,#8798,#8799,#8800,#8801,#8802,
#8803,#8804,#8805,#8806),.UNSPECIFIED.,.F.,.F.,(4,2,2,2,4),(-0.382476949743809,
-0.288301091459175,-0.197348901262731,-0.106708677672345,0.),
 .UNSPECIFIED.);
#912=B_SPLINE_CURVE_WITH_KNOTS('',3,(#8847,#8848,#8849,#8850,#8851,#8852,
#8853,#8854),.UNSPECIFIED.,.F.,.F.,(4,2,2,4),(-0.933690059631594,-0.452393446890501,
-0.0786689934003005,0.),.UNSPECIFIED.);
#913=B_SPLINE_CURVE_WITH_KNOTS('',3,(#8860,#8861,#8862,#8863,#8864,#8865,
#8866,#8867),.UNSPECIFIED.,.F.,.F.,(4,2,2,4),(-0.503194168087644,-0.296049542515218,
0.,0.00144558894187314),.UNSPECIFIED.);
#914=B_SPLINE_CURVE_WITH_KNOTS('',3,(#8929,#8930,#8931,#8932,#8933,#8934),
 .UNSPECIFIED.,.F.,.F.,(4,2,4),(2.60440925153664E-5,0.0149516512648991,
0.029699341781588),.UNSPECIFIED.);
#915=B_SPLINE_CURVE_WITH_KNOTS('',3,(#8935,#8936,#8937,#8938,#8939,#8940),
 .UNSPECIFIED.,.F.,.F.,(4,2,4),(-0.121314398519363,-0.0606334690237887,
0.),.UNSPECIFIED.);
#916=B_SPLINE_CURVE_WITH_KNOTS('',3,(#8952,#8953,#8954,#8955,#8956,#8957,
#8958,#8959,#8960,#8961),.UNSPECIFIED.,.F.,.F.,(4,2,2,2,4),(-1.64370169456155,
-1.54866399465932,-1.4536262947571,-1.33830876427866,-1.25009068323584),
 .UNSPECIFIED.);
#917=B_SPLINE_CURVE_WITH_KNOTS('',3,(#8965,#8966,#8967,#8968,#8969,#8970,
#8971,#8972,#8973,#8974,#8975,#8976,#8977,#8978,#8979,#8980,#8981,#8982,
#8983,#8984,#8985,#8986,#8987,#8988,#8989,#8990,#8991,#8992),
 .UNSPECIFIED.,.F.,.F.,(4,3,3,3,3,3,3,3,3,4),(-0.0895489641947645,-0.0758524303731325,
-0.0622650858188739,-0.0492125855267782,-0.0391420700708338,-0.0283944021128628,
-0.0176036782711026,-0.0157016559463711,-0.00300319598503313,-1.18064516831501E-11),
 .UNSPECIFIED.);
#918=B_SPLINE_CURVE_WITH_KNOTS('',3,(#8995,#8996,#8997,#8998,#8999,#9000,
#9001,#9002,#9003,#9004),.UNSPECIFIED.,.F.,.F.,(4,2,2,2,4),(-1.21468485062379,
-1.13169389522207,-1.02163570002418,-0.921268657377267,-0.820901614730356),
 .UNSPECIFIED.);
#919=B_SPLINE_CURVE_WITH_KNOTS('',3,(#9007,#9008,#9009,#9010,#9011,#9012,
#9013,#9014,#9015,#9016),.UNSPECIFIED.,.F.,.F.,(4,2,2,2,4),(0.,0.0174271547967464,
0.0348543095934929,0.0925625305672864,0.225679577208883),.UNSPECIFIED.);
#920=B_SPLINE_CURVE_WITH_KNOTS('',3,(#9017,#9018,#9019,#9020,#9021,#9022,
#9023,#9024,#9025,#9026,#9027,#9028,#9029,#9030,#9031,#9032,#9033,#9034,
#9035,#9036,#9037,#9038,#9039,#9040,#9041,#9042,#9043,#9044,#9045,#9046,
#9047,#9048),.UNSPECIFIED.,.F.,.F.,(4,2,2,2,2,2,2,2,2,2,2,2,2,2,2,4),(0.225679577208883,
0.287969169131949,0.350258761055015,0.394851473848966,0.417147830245941,
0.439444186642916,0.457878000925639,0.476311815208361,0.513179443773807,
0.58294961329253,0.652719782811253,0.728946328531376,0.805172874251499,
0.843508124387352,0.862675749455278,0.881843374523204),.UNSPECIFIED.);
#921=B_SPLINE_CURVE_WITH_KNOTS('',3,(#9153,#9154,#9155,#9156,#9157,#9158,
#9159,#9160,#9161,#9162,#9163,#9164,#9165,#9166,#9167,#9168),
 .UNSPECIFIED.,.F.,.F.,(4,3,3,3,3,4),(2.58780523310956E-12,0.0483330240227041,
0.0925534255740012,0.135907169629606,0.178450216267202,0.193332096083053),
 .UNSPECIFIED.);
#922=B_SPLINE_CURVE_WITH_KNOTS('',3,(#9212,#9213,#9214,#9215,#9216,#9217,
#9218,#9219,#9220,#9221),.UNSPECIFIED.,.F.,.F.,(4,2,2,2,4),(0.,0.0146686809030481,
0.152999036646577,0.433316964558914,0.434476564751302),.UNSPECIFIED.);
#923=B_SPLINE_CURVE_WITH_KNOTS('',3,(#9222,#9223,#9224,#9225,#9226,#9227,
#9228),.UNSPECIFIED.,.F.,.F.,(4,1,1,1,4),(-0.595639430213242,-0.425456736631183,
-0.255274041979673,-0.170182694653918,-2.40838592750399E-12),
 .UNSPECIFIED.);
#924=B_SPLINE_CURVE_WITH_KNOTS('',3,(#9287,#9288,#9289,#9290),
 .UNSPECIFIED.,.F.,.F.,(4,4),(-0.193332096083052,-4.72506486771681E-16),
 .UNSPECIFIED.);
#925=B_SPLINE_CURVE_WITH_KNOTS('',3,(#9291,#9292,#9293,#9294,#9295,#9296,
#9297,#9298,#9299,#9300,#9301,#9302,#9303,#9304,#9305,#9306),
 .UNSPECIFIED.,.F.,.F.,(4,3,3,3,3,4),(4.72506486771681E-16,0.0424808490731156,
0.0859518471862697,0.130284099517336,0.176548777518433,0.193332096080458),
 .UNSPECIFIED.);
#926=B_SPLINE_CURVE_WITH_KNOTS('',3,(#9351,#9352,#9353,#9354,#9355,#9356,
#9357,#9358,#9359,#9360),.UNSPECIFIED.,.F.,.F.,(4,2,2,2,4),(-0.000626865602843382,
3.23700172786059E-10,0.149427827211393,0.197621837663589,0.235485644988421),
 .UNSPECIFIED.);
#927=B_SPLINE_CURVE_WITH_KNOTS('',3,(#9361,#9362,#9363,#9364,#9365),
 .UNSPECIFIED.,.F.,.F.,(4,1,4),(0.000131843000398659,0.158286123158965,
0.32846881844114),.UNSPECIFIED.);
#928=B_SPLINE_CURVE_WITH_KNOTS('',3,(#9366,#9367,#9368,#9369,#9370,#9371,
#9372),.UNSPECIFIED.,.F.,.F.,(4,1,1,1,4),(-0.32846881844114,-0.158286123158965,
0.0118965721232102,0.139533593584842,0.267170613978364),.UNSPECIFIED.);
#929=B_SPLINE_CURVE_WITH_KNOTS('',3,(#9401,#9402,#9403,#9404,#9405,#9406,
#9407,#9408,#9409,#9410,#9411,#9412,#9413,#9414,#9415,#9416,#9417,#9418,
#9419,#9420,#9421,#9422,#9423,#9424,#9425,#9426,#9427,#9428,#9429,#9430,
#9431,#9432,#9433,#9434,#9435,#9436,#9437),.UNSPECIFIED.,.F.,.F.,(4,2,2,
2,2,2,2,2,2,2,2,2,2,2,2,2,3,4),(-0.3677814340602,-0.341763228381013,-0.315276573488223,
-0.288525392771722,-0.270135677025929,-0.243414228955265,-0.216672657852697,
-0.190458094355455,-0.172469231318932,-0.156956619514796,-0.130702126194901,
-0.104085253174397,-0.0862379447947231,-0.0596551659886876,-0.0330564956945061,
-0.00694252964932553,0.,0.00117695505684739),.UNSPECIFIED.);
#930=B_SPLINE_CURVE_WITH_KNOTS('',3,(#9442,#9443,#9444,#9445),
 .UNSPECIFIED.,.F.,.F.,(4,4),(0.556525782196161,0.977870329702203),
 .UNSPECIFIED.);
#931=B_SPLINE_CURVE_WITH_KNOTS('',3,(#9532,#9533,#9534,#9535,#9536,#9537,
#9538,#9539,#9540,#9541,#9542,#9543,#9544,#9545,#9546,#9547,#9548,#9549,
#9550,#9551,#9552,#9553,#9554,#9555,#9556,#9557,#9558,#9559,#9560,#9561,
#9562,#9563,#9564,#9565,#9566,#9567,#9568,#9569,#9570,#9571,#9572,#9573,
#9574,#9575,#9576,#9577,#9578,#9579,#9580),.UNSPECIFIED.,.F.,.F.,(4,3,3,
3,3,3,3,3,3,3,3,3,3,3,3,3,4),(-0.0013677977183136,0.,0.0277171511891191,
0.0569289153557867,0.0861406795224543,0.111430431255571,0.136731190225169,
0.161598162281454,0.172287360138805,0.201910138293459,0.209410522424058,
0.2396787804935,0.269947038562943,0.295251852554369,0.320628983824354,0.345556459472695,
0.367589166631533),.UNSPECIFIED.);
#932=B_SPLINE_CURVE_WITH_KNOTS('',3,(#9608,#9609,#9610,#9611,#9612,#9613,
#9614,#9615,#9616,#9617,#9618,#9619,#9620,#9621,#9622,#9623,#9624,#9625,
#9626),.UNSPECIFIED.,.F.,.F.,(4,3,3,3,3,3,4),(-0.385333248616451,-0.313389162251579,
-0.23661136412138,-0.194221431126761,-0.116107271301081,-0.0289634917705662,
-9.99999999960555E-7),.UNSPECIFIED.);
#933=B_SPLINE_CURVE_WITH_KNOTS('',3,(#9800,#9801,#9802,#9803,#9804,#9805,
#9806,#9807,#9808,#9809,#9810,#9811),.UNSPECIFIED.,.F.,.F.,(4,2,2,2,2,4),
(-2.40931025118672,-2.31281208363689,-1.93252639000117,-1.72717680745564,
-1.5218272249101,-1.24486276100798),.UNSPECIFIED.);
#934=B_SPLINE_CURVE_WITH_KNOTS('',3,(#9966,#9967,#9968,#9969,#9970),
 .UNSPECIFIED.,.F.,.F.,(4,1,4),(-1.93823074068073,-1.18341610033567,-0.219471738733229),
 .UNSPECIFIED.);
#935=B_SPLINE_CURVE_WITH_KNOTS('',3,(#10010,#10011,#10012,#10013,#10014,
#10015,#10016),.UNSPECIFIED.,.F.,.F.,(4,3,4),(-0.0328765275024688,-0.00853966797712646,
0.),.UNSPECIFIED.);
#936=B_SPLINE_CURVE_WITH_KNOTS('',3,(#10018,#10019,#10020,#10021,#10022,
#10023,#10024,#10025,#10026,#10027,#10028,#10029,#10030,#10031,#10032,#10033,
#10034,#10035),.UNSPECIFIED.,.F.,.F.,(4,2,2,2,2,2,2,2,4),(-2.7821811253316,
-2.70118588344905,-2.61708419804226,-2.53527495848407,-2.45346571892589,
-2.37165647936771,-2.28984723980953,-2.20574555440273,-2.1247503237671),
 .UNSPECIFIED.);
#937=B_SPLINE_CURVE_WITH_KNOTS('',3,(#10037,#10038,#10039,#10040,#10041,
#10042,#10043),.UNSPECIFIED.,.F.,.F.,(4,3,4),(-0.0328878296832105,-0.00853450135726503,
-7.83817406355166E-6),.UNSPECIFIED.);
#938=B_SPLINE_CURVE_WITH_KNOTS('',3,(#10053,#10054,#10055,#10056,#10057,
#10058),.UNSPECIFIED.,.F.,.F.,(4,1,1,4),(-4.67546128083664,-3.49058043379759,
-2.69060565937945,-2.13826173821417),.UNSPECIFIED.);
#939=B_SPLINE_CURVE_WITH_KNOTS('',3,(#10096,#10097,#10098,#10099,#10100,
#10101,#10102,#10103,#10104,#10105,#10106,#10107),.UNSPECIFIED.,.F.,.F.,
(4,2,2,2,2,4),(-0.582231975739074,-0.511029809343296,-0.437712695259515,
-0.288744636122041,-0.144976146855418,0.),.UNSPECIFIED.);
#940=B_SPLINE_CURVE_WITH_KNOTS('',3,(#10108,#10109,#10110,#10111,#10112,
#10113,#10114,#10115,#10116,#10117,#10118,#10119,#10120,#10121,#10122,#10123,
#10124,#10125,#10126,#10127,#10128,#10129,#10130,#10131,#10132,#10133,#10134,
#10135,#10136,#10137,#10138,#10139,#10140,#10141,#10142,#10143,#10144,#10145,
#10146,#10147),.UNSPECIFIED.,.F.,.F.,(4,3,3,3,3,3,3,3,3,3,3,3,3,4),(1.89071028236414,
2.16306561032735,2.44395161489733,2.69034246170121,2.69060565937945,2.9277794309446,
3.16643019450346,3.35635200048244,3.49058043379759,3.74297777859266,3.99283657568852,
4.23989275037898,4.48128798184984,4.69054259542479),.UNSPECIFIED.);
#941=B_SPLINE_CURVE_WITH_KNOTS('',3,(#10180,#10181,#10182,#10183,#10184,
#10185,#10186,#10187,#10188,#10189),.UNSPECIFIED.,.F.,.F.,(4,2,2,2,4),(4.69782415468527E-8,
0.108139132042951,0.223728528702183,0.357637042991308,0.503623586226637),
 .UNSPECIFIED.);
#942=B_SPLINE_CURVE_WITH_KNOTS('',3,(#10191,#10192,#10193,#10194,#10195,
#10196,#10197,#10198,#10199,#10200,#10201,#10202),.UNSPECIFIED.,.F.,.F.,
(4,2,2,2,2,4),(-0.52543415653403,-0.374021294606227,-0.247812065855937,
-0.125139518444593,-0.0617918716701083,-1.78401565701242E-6),
 .UNSPECIFIED.);
#943=B_SPLINE_CURVE_WITH_KNOTS('',3,(#10203,#10204,#10205,#10206,#10207),
 .UNSPECIFIED.,.F.,.F.,(4,1,4),(0.177000088044003,1.18341610033567,1.71868423505243),
 .UNSPECIFIED.);
#944=B_SPLINE_CURVE_WITH_KNOTS('',3,(#10240,#10241,#10242,#10243,#10244,
#10245,#10246,#10247,#10248,#10249),.UNSPECIFIED.,.F.,.F.,(4,2,2,2,4),(-0.499591750925184,
-0.351199068741565,-0.222918102281582,-0.114799565942558,-1.28081617534193E-9),
 .UNSPECIFIED.);
#945=B_SPLINE_CURVE_WITH_KNOTS('',3,(#10256,#10257,#10258,#10259,#10260,
#10261),.UNSPECIFIED.,.F.,.F.,(4,2,4),(-0.774031442221595,-0.387018398002765,
-4.10435585118663E-6),.UNSPECIFIED.);
#946=B_SPLINE_CURVE_WITH_KNOTS('',3,(#10263,#10264,#10265,#10266,#10267,
#10268),.UNSPECIFIED.,.F.,.F.,(4,2,4),(-0.774166423959581,-0.387087599018423,
-8.62375318605446E-6),.UNSPECIFIED.);
#947=B_SPLINE_CURVE_WITH_KNOTS('',3,(#10310,#10311,#10312,#10313,#10314,
#10315,#10316),.UNSPECIFIED.,.F.,.F.,(4,1,1,1,4),(-5.5491643288981,-4.75642656762694,
-3.17095104508463,-1.58547552254231,0.),.UNSPECIFIED.);
#948=B_SPLINE_CURVE_WITH_KNOTS('',3,(#10349,#10350,#10351,#10352,#10353,
#10354,#10355),.UNSPECIFIED.,.F.,.F.,(4,1,1,1,4),(-5.54523329987583,-3.96088092848273,
-3.16870474278619,-1.58435237139309,0.),.UNSPECIFIED.);
#949=B_SPLINE_CURVE_WITH_KNOTS('',3,(#10370,#10371,#10372,#10373,#10374,
#10375),.UNSPECIFIED.,.F.,.F.,(4,2,4),(9.70477057943286E-6,0.101177933381714,
0.202365648962536),.UNSPECIFIED.);
#950=B_SPLINE_CURVE_WITH_KNOTS('',3,(#10387,#10388,#10389,#10390,#10391,
#10392),.UNSPECIFIED.,.F.,.F.,(4,2,4),(9.76000812574485E-5,0.10136584946399,
0.202584944558637),.UNSPECIFIED.);
#951=B_SPLINE_CURVE_WITH_KNOTS('',3,(#10414,#10415,#10416,#10417,#10418,
#10419,#10420,#10421,#10422,#10423),.UNSPECIFIED.,.F.,.F.,(4,2,2,2,4),(-0.509343419346769,
-0.362646759564786,-0.227100238827568,-0.110317153889929,-6.66613528155224E-7),
 .UNSPECIFIED.);
#952=B_SPLINE_CURVE_WITH_KNOTS('',3,(#10428,#10429,#10430,#10431,#10432,
#10433),.UNSPECIFIED.,.F.,.F.,(4,2,4),(-0.77437760834122,-0.387202441846729,
-2.51763458601526E-5),.UNSPECIFIED.);
#953=B_SPLINE_CURVE_WITH_KNOTS('',3,(#10467,#10468,#10469,#10470,#10471,
#10472,#10473),.UNSPECIFIED.,.F.,.F.,(4,1,1,1,4),(0.,1.54343632162585,3.08687264325169,
3.85859080406462,5.40202712569046),.UNSPECIFIED.);
#954=B_SPLINE_CURVE_WITH_KNOTS('',3,(#10508,#10509,#10510,#10511,#10512,
#10513,#10514),.UNSPECIFIED.,.F.,.F.,(4,1,1,1,4),(0.,1.54279169864383,3.08558339728766,
4.62837509593149,5.39977094525341),.UNSPECIFIED.);
#955=B_SPLINE_CURVE_WITH_KNOTS('',3,(#10674,#10675,#10676,#10677,#10678,
#10679),.UNSPECIFIED.,.F.,.F.,(4,2,4),(9.99999999685644E-7,0.387221409588951,
0.774442954925074),.UNSPECIFIED.);
#956=B_SPLINE_CURVE_WITH_KNOTS('',3,(#10680,#10681,#10682,#10683,#10684,
#10685,#10686),.UNSPECIFIED.,.F.,.F.,(4,1,1,1,4),(0.944706429333256,2.01490315141687,
2.55001243315939,3.62023099664442,4.69044956012946),.UNSPECIFIED.);
#957=B_SPLINE_CURVE_WITH_KNOTS('',3,(#10732,#10733,#10734,#10735,#10736,
#10737,#10738,#10739,#10740,#10741),.UNSPECIFIED.,.F.,.F.,(4,2,2,2,4),(-0.388360072760214,
-0.303295447685234,-0.213694803253421,-0.11526444864653,0.),
 .UNSPECIFIED.);
#958=ELLIPSE('',#5353,3.00284011455636,3.);
#959=ELLIPSE('',#5355,2.53693091155642,2.5);
#960=ELLIPSE('',#5356,2.53693091155642,2.5);
#961=ELLIPSE('',#5357,107.491047663745,10.0094663194983);
#962=ELLIPSE('',#5384,14.2236472084105,10.);
#963=ELLIPSE('',#5402,14.2236472084105,10.);
#964=ELLIPSE('',#5404,16.5199127251556,10.);
#965=ELLIPSE('',#5405,14.9598692938902,10.);
#966=ELLIPSE('',#5407,15.6460119292515,11.);
#967=ELLIPSE('',#5411,17.3241175503326,12.250000997913);
#968=ELLIPSE('',#5417,15.2027972067729,10.750000997913);
#969=ELLIPSE('',#5423,93.5414110527582,10.);
#970=ELLIPSE('',#5424,16.5199127251556,10.);
#971=ELLIPSE('',#5426,18.4907413709336,13.);
#972=ELLIPSE('',#5434,14.2236472084104,10.);
#973=ELLIPSE('',#5435,14.2236472084104,10.);
#974=ELLIPSE('',#5444,34.5865883062472,3.);
#975=ELLIPSE('',#5445,68.9933363264254,3.);
#976=ELLIPSE('',#5450,25.4759990567787,6.);
#977=ELLIPSE('',#5451,24.9404596577727,3.);
#978=ELLIPSE('',#5453,3.00284011455636,3.);
#979=ELLIPSE('',#5455,19.9561970620244,3.);
#980=ELLIPSE('',#5457,18.4907413709336,13.);
#981=ELLIPSE('',#5459,3.011349517844,3.);
#982=ELLIPSE('',#5463,3.011349517844,3.);
#983=ELLIPSE('',#5465,34.5865883062472,3.);
#984=ELLIPSE('',#5467,68.9933363264254,3.);
#985=ELLIPSE('',#5468,68.9933363264254,3.);
#986=ELLIPSE('',#5469,34.5865883062472,3.);
#987=ELLIPSE('',#5471,3.04514427810526,3.);
#988=ELLIPSE('',#5472,3.011349517844,3.);
#989=ELLIPSE('',#5473,3.91759793887889,3.);
#990=ELLIPSE('',#5475,3.00070490447018,3.);
#991=ELLIPSE('',#5478,3.00284011455636,3.);
#992=ELLIPSE('',#5481,4.43989765740296,3.);
#993=ELLIPSE('',#5482,3.00284011455636,3.);
#994=ELLIPSE('',#5483,4.06953624519371,3.);
#995=ELLIPSE('',#5484,68.9933363264254,3.);
#996=ELLIPSE('',#5498,9.55077902481358,9.5);
#997=ELLIPSE('',#5499,10.0534516050669,10.);
#998=ELLIPSE('',#5501,9.57236588199662,9.5);
#999=ELLIPSE('',#5502,9.57236588199662,9.5);
#1000=ELLIPSE('',#5503,9.55077902481358,9.5);
#1001=ELLIPSE('',#5504,9.57236588199662,9.5);
#1002=ELLIPSE('',#5505,9.57236588199662,9.5);
#1003=ELLIPSE('',#5517,21.2299992139822,5.);
#1004=ELLIPSE('',#5521,21.2299992139822,5.);
#1005=ELLIPSE('',#5523,20.2298927243148,20.);
#1006=ELLIPSE('',#5527,2.53693091155642,2.5);
#1007=ELLIPSE('',#5528,2.53693091155642,2.5);
#1008=ELLIPSE('',#5533,3.03448390864723,3.);
#1009=ELLIPSE('',#5534,106.291002348756,70.097192136638);
#1010=ELLIPSE('',#5535,98.6642424099841,37.3805833881494);
#1011=ELLIPSE('',#5537,3.00070490447018,3.);
#1012=ELLIPSE('',#5538,69.5271697151613,3.);
#1013=ELLIPSE('',#5539,3.011349517844,3.);
#1014=ELLIPSE('',#5541,25.4759990567787,6.);
#1015=ELLIPSE('',#5543,24.9404596577727,3.);
#1016=ELLIPSE('',#5544,3.04514427810527,3.);
#1017=ELLIPSE('',#5545,6.02269903568801,6.);
#1018=ELLIPSE('',#5546,25.4759990567787,6.);
#1019=ELLIPSE('',#5548,12.7379995283893,3.);
#1020=ELLIPSE('',#5550,3.011349517844,3.);
#1021=ELLIPSE('',#5552,16.5199127251556,10.);
#1022=ELLIPSE('',#5553,18.4907413709336,13.);
#1023=ELLIPSE('',#5554,2.50757922586682,2.15282216690016);
#1024=ELLIPSE('',#5556,6.02269903568801,6.);
#1025=ELLIPSE('',#5558,3.011349517844,3.);
#1026=ELLIPSE('',#5560,12.7379995283893,3.);
#1027=ELLIPSE('',#5562,27.4591560716381,27.3131628323537);
#1028=ELLIPSE('',#5563,27.4591560716381,27.3131628323537);
#1029=ELLIPSE('',#5571,10.0534516050669,10.);
#1030=ELLIPSE('',#5572,16.5881951483604,16.5);
#1031=ELLIPSE('',#5573,14.9598692938902,9.99999999999999);
#1032=ELLIPSE('',#5575,15.6460119292515,11.);
#1033=ELLIPSE('',#5579,19.2418439770539,19.);
#1034=ELLIPSE('',#5585,20.2298927243148,20.);
#1035=ELLIPSE('',#5586,19.2418439770539,19.);
#1036=ELLIPSE('',#5589,19.1092518210107,19.);
#1037=ELLIPSE('',#5590,19.0766406445183,19.);
#1038=ELLIPSE('',#5591,16.6256881108362,16.5);
#1039=ELLIPSE('',#5596,16.6256881108362,16.5);
#1040=ELLIPSE('',#5598,9.57236588199662,9.5);
#1041=ELLIPSE('',#5600,16.5881951483604,16.5);
#1042=ELLIPSE('',#5601,9.55077902481358,9.5);
#1043=ELLIPSE('',#5602,10.0534516050669,10.);
#1044=ELLIPSE('',#5605,19.1092518210107,19.);
#1045=ELLIPSE('',#5606,19.0766406445183,19.);
#1046=ELLIPSE('',#5608,3.00284011455636,3.);
#1047=ELLIPSE('',#5609,3.00284011455636,3.);
#1048=ELLIPSE('',#5611,14.2236472084104,10.);
#1049=ELLIPSE('',#5613,10.0534516050669,10.);
#1050=ELLIPSE('',#5616,3.011349517844,3.);
#1051=ELLIPSE('',#5618,3.00284011455636,3.);
#1052=ELLIPSE('',#5621,9.57236588199662,9.5);
#1053=ELLIPSE('',#5623,9.55077902481358,9.5);
#1054=ELLIPSE('',#5627,9.57236588199662,9.5);
#1055=ELLIPSE('',#5628,10.0544019271759,10.0085807710273);
#1056=ELLIPSE('',#5630,9.57236588199662,9.5);
#1057=ELLIPSE('',#5631,9.57236588199662,9.5);
#1058=ELLIPSE('',#5633,10.0544019271759,10.0085807710273);
#1059=ELLIPSE('',#5634,107.491047663745,10.0094663194983);
#1060=ELLIPSE('',#5635,231.205147569238,10.0440258585351);
#1061=ELLIPSE('',#5646,107.491047663745,10.0094663194983);
#1062=ELLIPSE('',#5647,10.0544019271759,10.0085807710273);
#1063=ELLIPSE('',#5652,14.2236472084105,10.);
#1064=ELLIPSE('',#5655,4.59619407771254,3.25);
#1065=ELLIPSE('',#5656,3.53553390593272,2.5);
#1066=ELLIPSE('',#5658,17.3241175503325,12.250000997913);
#1067=ELLIPSE('',#5659,1.41421356237309,1.);
#1068=ELLIPSE('',#5676,10.076174612628,10.);
#1069=ELLIPSE('',#5678,10.076174612628,10.);
#1070=ELLIPSE('',#5738,27.16536458956,23.4449544940408);
#1071=ELLIPSE('',#5769,29.5979044335989,25.4082275120255);
#1072=LINE('',#7261,#1541);
#1073=LINE('',#7263,#1542);
#1074=LINE('',#7265,#1543);
#1075=LINE('',#7267,#1544);
#1076=LINE('',#7278,#1545);
#1077=LINE('',#7281,#1546);
#1078=LINE('',#7283,#1547);
#1079=LINE('',#7285,#1548);
#1080=LINE('',#7287,#1549);
#1081=LINE('',#7289,#1550);
#1082=LINE('',#7291,#1551);
#1083=LINE('',#7293,#1552);
#1084=LINE('',#7297,#1553);
#1085=LINE('',#7301,#1554);
#1086=LINE('',#7303,#1555);
#1087=LINE('',#7307,#1556);
#1088=LINE('',#7309,#1557);
#1089=LINE('',#7311,#1558);
#1090=LINE('',#7313,#1559);
#1091=LINE('',#7315,#1560);
#1092=LINE('',#7317,#1561);
#1093=LINE('',#7319,#1562);
#1094=LINE('',#7321,#1563);
#1095=LINE('',#7331,#1564);
#1096=LINE('',#7333,#1565);
#1097=LINE('',#7335,#1566);
#1098=LINE('',#7336,#1567);
#1099=LINE('',#7339,#1568);
#1100=LINE('',#7341,#1569);
#1101=LINE('',#7342,#1570);
#1102=LINE('',#7346,#1571);
#1103=LINE('',#7348,#1572);
#1104=LINE('',#7350,#1573);
#1105=LINE('',#7351,#1574);
#1106=LINE('',#7355,#1575);
#1107=LINE('',#7357,#1576);
#1108=LINE('',#7359,#1577);
#1109=LINE('',#7360,#1578);
#1110=LINE('',#7363,#1579);
#1111=LINE('',#7365,#1580);
#1112=LINE('',#7369,#1581);
#1113=LINE('',#7373,#1582);
#1114=LINE('',#7375,#1583);
#1115=LINE('',#7377,#1584);
#1116=LINE('',#7383,#1585);
#1117=LINE('',#7393,#1586);
#1118=LINE('',#7395,#1587);
#1119=LINE('',#7397,#1588);
#1120=LINE('',#7406,#1589);
#1121=LINE('',#7409,#1590);
#1122=LINE('',#7414,#1591);
#1123=LINE('',#7420,#1592);
#1124=LINE('',#7424,#1593);
#1125=LINE('',#7461,#1594);
#1126=LINE('',#7463,#1595);
#1127=LINE('',#7465,#1596);
#1128=LINE('',#7469,#1597);
#1129=LINE('',#7473,#1598);
#1130=LINE('',#7475,#1599);
#1131=LINE('',#7477,#1600);
#1132=LINE('',#7479,#1601);
#1133=LINE('',#7481,#1602);
#1134=LINE('',#7484,#1603);
#1135=LINE('',#7487,#1604);
#1136=LINE('',#7488,#1605);
#1137=LINE('',#7499,#1606);
#1138=LINE('',#7502,#1607);
#1139=LINE('',#7511,#1608);
#1140=LINE('',#7520,#1609);
#1141=LINE('',#7531,#1610);
#1142=LINE('',#7533,#1611);
#1143=LINE('',#7535,#1612);
#1144=LINE('',#7537,#1613);
#1145=LINE('',#7539,#1614);
#1146=LINE('',#7541,#1615);
#1147=LINE('',#7543,#1616);
#1148=LINE('',#7545,#1617);
#1149=LINE('',#7547,#1618);
#1150=LINE('',#7548,#1619);
#1151=LINE('',#7551,#1620);
#1152=LINE('',#7556,#1621);
#1153=LINE('',#7560,#1622);
#1154=LINE('',#7564,#1623);
#1155=LINE('',#7566,#1624);
#1156=LINE('',#7570,#1625);
#1157=LINE('',#7572,#1626);
#1158=LINE('',#7577,#1627);
#1159=LINE('',#7646,#1628);
#1160=LINE('',#7649,#1629);
#1161=LINE('',#7653,#1630);
#1162=LINE('',#7654,#1631);
#1163=LINE('',#7659,#1632);
#1164=LINE('',#7664,#1633);
#1165=LINE('',#7667,#1634);
#1166=LINE('',#7668,#1635);
#1167=LINE('',#7672,#1636);
#1168=LINE('',#7680,#1637);
#1169=LINE('',#7681,#1638);
#1170=LINE('',#7743,#1639);
#1171=LINE('',#7750,#1640);
#1172=LINE('',#7760,#1641);
#1173=LINE('',#7762,#1642);
#1174=LINE('',#7766,#1643);
#1175=LINE('',#7770,#1644);
#1176=LINE('',#7772,#1645);
#1177=LINE('',#7784,#1646);
#1178=LINE('',#7789,#1647);
#1179=LINE('',#7793,#1648);
#1180=LINE('',#7797,#1649);
#1181=LINE('',#7800,#1650);
#1182=LINE('',#7805,#1651);
#1183=LINE('',#7814,#1652);
#1184=LINE('',#7816,#1653);
#1185=LINE('',#7818,#1654);
#1186=LINE('',#7822,#1655);
#1187=LINE('',#7823,#1656);
#1188=LINE('',#7828,#1657);
#1189=LINE('',#7829,#1658);
#1190=LINE('',#7931,#1659);
#1191=LINE('',#7935,#1660);
#1192=LINE('',#7936,#1661);
#1193=LINE('',#7940,#1662);
#1194=LINE('',#7941,#1663);
#1195=LINE('',#7944,#1664);
#1196=LINE('',#7946,#1665);
#1197=LINE('',#7947,#1666);
#1198=LINE('',#7951,#1667);
#1199=LINE('',#7953,#1668);
#1200=LINE('',#7957,#1669);
#1201=LINE('',#7958,#1670);
#1202=LINE('',#7960,#1671);
#1203=LINE('',#7961,#1672);
#1204=LINE('',#7964,#1673);
#1205=LINE('',#7965,#1674);
#1206=LINE('',#7969,#1675);
#1207=LINE('',#7974,#1676);
#1208=LINE('',#7976,#1677);
#1209=LINE('',#7980,#1678);
#1210=LINE('',#7982,#1679);
#1211=LINE('',#7986,#1680);
#1212=LINE('',#7987,#1681);
#1213=LINE('',#7995,#1682);
#1214=LINE('',#8002,#1683);
#1215=LINE('',#8006,#1684);
#1216=LINE('',#8017,#1685);
#1217=LINE('',#8039,#1686);
#1218=LINE('',#8040,#1687);
#1219=LINE('',#8043,#1688);
#1220=LINE('',#8045,#1689);
#1221=LINE('',#8047,#1690);
#1222=LINE('',#8048,#1691);
#1223=LINE('',#8051,#1692);
#1224=LINE('',#8053,#1693);
#1225=LINE('',#8054,#1694);
#1226=LINE('',#8057,#1695);
#1227=LINE('',#8058,#1696);
#1228=LINE('',#8061,#1697);
#1229=LINE('',#8062,#1698);
#1230=LINE('',#8065,#1699);
#1231=LINE('',#8066,#1700);
#1232=LINE('',#8069,#1701);
#1233=LINE('',#8071,#1702);
#1234=LINE('',#8072,#1703);
#1235=LINE('',#8074,#1704);
#1236=LINE('',#8079,#1705);
#1237=LINE('',#8082,#1706);
#1238=LINE('',#8087,#1707);
#1239=LINE('',#8091,#1708);
#1240=LINE('',#8095,#1709);
#1241=LINE('',#8102,#1710);
#1242=LINE('',#8105,#1711);
#1243=LINE('',#8108,#1712);
#1244=LINE('',#8118,#1713);
#1245=LINE('',#8128,#1714);
#1246=LINE('',#8130,#1715);
#1247=LINE('',#8132,#1716);
#1248=LINE('',#8142,#1717);
#1249=LINE('',#8151,#1718);
#1250=LINE('',#8165,#1719);
#1251=LINE('',#8166,#1720);
#1252=LINE('',#8169,#1721);
#1253=LINE('',#8176,#1722);
#1254=LINE('',#8224,#1723);
#1255=LINE('',#8226,#1724);
#1256=LINE('',#8227,#1725);
#1257=LINE('',#8230,#1726);
#1258=LINE('',#8232,#1727);
#1259=LINE('',#8234,#1728);
#1260=LINE('',#8235,#1729);
#1261=LINE('',#8293,#1730);
#1262=LINE('',#8486,#1731);
#1263=LINE('',#8497,#1732);
#1264=LINE('',#8498,#1733);
#1265=LINE('',#8520,#1734);
#1266=LINE('',#8535,#1735);
#1267=LINE('',#8537,#1736);
#1268=LINE('',#8539,#1737);
#1269=LINE('',#8540,#1738);
#1270=LINE('',#8544,#1739);
#1271=LINE('',#8547,#1740);
#1272=LINE('',#8549,#1741);
#1273=LINE('',#8551,#1742);
#1274=LINE('',#8553,#1743);
#1275=LINE('',#8555,#1744);
#1276=LINE('',#8559,#1745);
#1277=LINE('',#8563,#1746);
#1278=LINE('',#8565,#1747);
#1279=LINE('',#8567,#1748);
#1280=LINE('',#8568,#1749);
#1281=LINE('',#8570,#1750);
#1282=LINE('',#8574,#1751);
#1283=LINE('',#8575,#1752);
#1284=LINE('',#8581,#1753);
#1285=LINE('',#8584,#1754);
#1286=LINE('',#8621,#1755);
#1287=LINE('',#8627,#1756);
#1288=LINE('',#8631,#1757);
#1289=LINE('',#8632,#1758);
#1290=LINE('',#8810,#1759);
#1291=LINE('',#8812,#1760);
#1292=LINE('',#8887,#1761);
#1293=LINE('',#8890,#1762);
#1294=LINE('',#8892,#1763);
#1295=LINE('',#8894,#1764);
#1296=LINE('',#8895,#1765);
#1297=LINE('',#8943,#1766);
#1298=LINE('',#8963,#1767);
#1299=LINE('',#8994,#1768);
#1300=LINE('',#9052,#1769);
#1301=LINE('',#9055,#1770);
#1302=LINE('',#9059,#1771);
#1303=LINE('',#9064,#1772);
#1304=LINE('',#9103,#1773);
#1305=LINE('',#9230,#1774);
#1306=LINE('',#9234,#1775);
#1307=LINE('',#9378,#1776);
#1308=LINE('',#9439,#1777);
#1309=LINE('',#9466,#1778);
#1310=LINE('',#9469,#1779);
#1311=LINE('',#9470,#1780);
#1312=LINE('',#9474,#1781);
#1313=LINE('',#9476,#1782);
#1314=LINE('',#9479,#1783);
#1315=LINE('',#9482,#1784);
#1316=LINE('',#9486,#1785);
#1317=LINE('',#9627,#1786);
#1318=LINE('',#9630,#1787);
#1319=LINE('',#9632,#1788);
#1320=LINE('',#9634,#1789);
#1321=LINE('',#9636,#1790);
#1322=LINE('',#9638,#1791);
#1323=LINE('',#9640,#1792);
#1324=LINE('',#9642,#1793);
#1325=LINE('',#9646,#1794);
#1326=LINE('',#9651,#1795);
#1327=LINE('',#9655,#1796);
#1328=LINE('',#9658,#1797);
#1329=LINE('',#9660,#1798);
#1330=LINE('',#9662,#1799);
#1331=LINE('',#9664,#1800);
#1332=LINE('',#9666,#1801);
#1333=LINE('',#9668,#1802);
#1334=LINE('',#9669,#1803);
#1335=LINE('',#9672,#1804);
#1336=LINE('',#9673,#1805);
#1337=LINE('',#9675,#1806);
#1338=LINE('',#9678,#1807);
#1339=LINE('',#9679,#1808);
#1340=LINE('',#9682,#1809);
#1341=LINE('',#9684,#1810);
#1342=LINE('',#9688,#1811);
#1343=LINE('',#9690,#1812);
#1344=LINE('',#9691,#1813);
#1345=LINE('',#9694,#1814);
#1346=LINE('',#9695,#1815);
#1347=LINE('',#9700,#1816);
#1348=LINE('',#9701,#1817);
#1349=LINE('',#9705,#1818);
#1350=LINE('',#9708,#1819);
#1351=LINE('',#9711,#1820);
#1352=LINE('',#9714,#1821);
#1353=LINE('',#9715,#1822);
#1354=LINE('',#9717,#1823);
#1355=LINE('',#9720,#1824);
#1356=LINE('',#9733,#1825);
#1357=LINE('',#9736,#1826);
#1358=LINE('',#9743,#1827);
#1359=LINE('',#9745,#1828);
#1360=LINE('',#9746,#1829);
#1361=LINE('',#9749,#1830);
#1362=LINE('',#9751,#1831);
#1363=LINE('',#9752,#1832);
#1364=LINE('',#9755,#1833);
#1365=LINE('',#9757,#1834);
#1366=LINE('',#9759,#1835);
#1367=LINE('',#9760,#1836);
#1368=LINE('',#9761,#1837);
#1369=LINE('',#9764,#1838);
#1370=LINE('',#9765,#1839);
#1371=LINE('',#9768,#1840);
#1372=LINE('',#9780,#1841);
#1373=LINE('',#9781,#1842);
#1374=LINE('',#9790,#1843);
#1375=LINE('',#9792,#1844);
#1376=LINE('',#9794,#1845);
#1377=LINE('',#9795,#1846);
#1378=LINE('',#9812,#1847);
#1379=LINE('',#9818,#1848);
#1380=LINE('',#9820,#1849);
#1381=LINE('',#9823,#1850);
#1382=LINE('',#9825,#1851);
#1383=LINE('',#9826,#1852);
#1384=LINE('',#9832,#1853);
#1385=LINE('',#9835,#1854);
#1386=LINE('',#9837,#1855);
#1387=LINE('',#9838,#1856);
#1388=LINE('',#9841,#1857);
#1389=LINE('',#9843,#1858);
#1390=LINE('',#9844,#1859);
#1391=LINE('',#9846,#1860);
#1392=LINE('',#9849,#1861);
#1393=LINE('',#9852,#1862);
#1394=LINE('',#9858,#1863);
#1395=LINE('',#9860,#1864);
#1396=LINE('',#9861,#1865);
#1397=LINE('',#9864,#1866);
#1398=LINE('',#9872,#1867);
#1399=LINE('',#9874,#1868);
#1400=LINE('',#9877,#1869);
#1401=LINE('',#9878,#1870);
#1402=LINE('',#9881,#1871);
#1403=LINE('',#9882,#1872);
#1404=LINE('',#9884,#1873);
#1405=LINE('',#9887,#1874);
#1406=LINE('',#9889,#1875);
#1407=LINE('',#9892,#1876);
#1408=LINE('',#9894,#1877);
#1409=LINE('',#9899,#1878);
#1410=LINE('',#9906,#1879);
#1411=LINE('',#9912,#1880);
#1412=LINE('',#9917,#1881);
#1413=LINE('',#9920,#1882);
#1414=LINE('',#9922,#1883);
#1415=LINE('',#9932,#1884);
#1416=LINE('',#9936,#1885);
#1417=LINE('',#9940,#1886);
#1418=LINE('',#9947,#1887);
#1419=LINE('',#9951,#1888);
#1420=LINE('',#9962,#1889);
#1421=LINE('',#9964,#1890);
#1422=LINE('',#9971,#1891);
#1423=LINE('',#9975,#1892);
#1424=LINE('',#9977,#1893);
#1425=LINE('',#9979,#1894);
#1426=LINE('',#9980,#1895);
#1427=LINE('',#9983,#1896);
#1428=LINE('',#9985,#1897);
#1429=LINE('',#9986,#1898);
#1430=LINE('',#9989,#1899);
#1431=LINE('',#9991,#1900);
#1432=LINE('',#9992,#1901);
#1433=LINE('',#9995,#1902);
#1434=LINE('',#9997,#1903);
#1435=LINE('',#9998,#1904);
#1436=LINE('',#10001,#1905);
#1437=LINE('',#10004,#1906);
#1438=LINE('',#10045,#1907);
#1439=LINE('',#10049,#1908);
#1440=LINE('',#10051,#1909);
#1441=LINE('',#10063,#1910);
#1442=LINE('',#10150,#1911);
#1443=LINE('',#10152,#1912);
#1444=LINE('',#10218,#1913);
#1445=LINE('',#10254,#1914);
#1446=LINE('',#10269,#1915);
#1447=LINE('',#10276,#1916);
#1448=LINE('',#10279,#1917);
#1449=LINE('',#10309,#1918);
#1450=LINE('',#10319,#1919);
#1451=LINE('',#10320,#1920);
#1452=LINE('',#10361,#1921);
#1453=LINE('',#10364,#1922);
#1454=LINE('',#10367,#1923);
#1455=LINE('',#10368,#1924);
#1456=LINE('',#10377,#1925);
#1457=LINE('',#10378,#1926);
#1458=LINE('',#10381,#1927);
#1459=LINE('',#10382,#1928);
#1460=LINE('',#10385,#1929);
#1461=LINE('',#10386,#1930);
#1462=LINE('',#10427,#1931);
#1463=LINE('',#10436,#1932);
#1464=LINE('',#10437,#1933);
#1465=LINE('',#10474,#1934);
#1466=LINE('',#10477,#1935);
#1467=LINE('',#10478,#1936);
#1468=LINE('',#10515,#1937);
#1469=LINE('',#10517,#1938);
#1470=LINE('',#10518,#1939);
#1471=LINE('',#10548,#1940);
#1472=LINE('',#10551,#1941);
#1473=LINE('',#10553,#1942);
#1474=LINE('',#10555,#1943);
#1475=LINE('',#10558,#1944);
#1476=LINE('',#10559,#1945);
#1477=LINE('',#10562,#1946);
#1478=LINE('',#10563,#1947);
#1479=LINE('',#10566,#1948);
#1480=LINE('',#10567,#1949);
#1481=LINE('',#10570,#1950);
#1482=LINE('',#10571,#1951);
#1483=LINE('',#10574,#1952);
#1484=LINE('',#10575,#1953);
#1485=LINE('',#10578,#1954);
#1486=LINE('',#10581,#1955);
#1487=LINE('',#10586,#1956);
#1488=LINE('',#10587,#1957);
#1489=LINE('',#10591,#1958);
#1490=LINE('',#10593,#1959);
#1491=LINE('',#10594,#1960);
#1492=LINE('',#10595,#1961);
#1493=LINE('',#10597,#1962);
#1494=LINE('',#10599,#1963);
#1495=LINE('',#10600,#1964);
#1496=LINE('',#10606,#1965);
#1497=LINE('',#10607,#1966);
#1498=LINE('',#10609,#1967);
#1499=LINE('',#10610,#1968);
#1500=LINE('',#10614,#1969);
#1501=LINE('',#10617,#1970);
#1502=LINE('',#10619,#1971);
#1503=LINE('',#10620,#1972);
#1504=LINE('',#10624,#1973);
#1505=LINE('',#10626,#1974);
#1506=LINE('',#10629,#1975);
#1507=LINE('',#10630,#1976);
#1508=LINE('',#10632,#1977);
#1509=LINE('',#10635,#1978);
#1510=LINE('',#10637,#1979);
#1511=LINE('',#10638,#1980);
#1512=LINE('',#10641,#1981);
#1513=LINE('',#10642,#1982);
#1514=LINE('',#10644,#1983);
#1515=LINE('',#10688,#1984);
#1516=LINE('',#10691,#1985);
#1517=LINE('',#10692,#1986);
#1518=LINE('',#10695,#1987);
#1519=LINE('',#10700,#1988);
#1520=LINE('',#10702,#1989);
#1521=LINE('',#10704,#1990);
#1522=LINE('',#10706,#1991);
#1523=LINE('',#10707,#1992);
#1524=LINE('',#10709,#1993);
#1525=LINE('',#10711,#1994);
#1526=LINE('',#10712,#1995);
#1527=LINE('',#10714,#1996);
#1528=LINE('',#10716,#1997);
#1529=LINE('',#10718,#1998);
#1530=LINE('',#10719,#1999);
#1531=LINE('',#10722,#2000);
#1532=LINE('',#10724,#2001);
#1533=LINE('',#10726,#2002);
#1534=LINE('',#10728,#2003);
#1535=LINE('',#10730,#2004);
#1536=LINE('',#10781,#2005);
#1537=LINE('',#10782,#2006);
#1538=LINE('',#10785,#2007);
#1539=LINE('',#10786,#2008);
#1540=LINE('',#10788,#2009);
#1541=VECTOR('',#5834,10.);
#1542=VECTOR('',#5835,10.);
#1543=VECTOR('',#5836,10.);
#1544=VECTOR('',#5837,10.);
#1545=VECTOR('',#5840,10.);
#1546=VECTOR('',#5843,9.99999999999999);
#1547=VECTOR('',#5844,10.);
#1548=VECTOR('',#5845,9.99999999999999);
#1549=VECTOR('',#5846,10.);
#1550=VECTOR('',#5847,10.);
#1551=VECTOR('',#5848,10.);
#1552=VECTOR('',#5849,9.99999999999999);
#1553=VECTOR('',#5852,10.);
#1554=VECTOR('',#5855,9.99999999999999);
#1555=VECTOR('',#5856,10.);
#1556=VECTOR('',#5859,9.99999999999999);
#1557=VECTOR('',#5860,10.);
#1558=VECTOR('',#5861,9.99999999999999);
#1559=VECTOR('',#5862,10.);
#1560=VECTOR('',#5863,10.);
#1561=VECTOR('',#5864,10.);
#1562=VECTOR('',#5865,10.);
#1563=VECTOR('',#5866,10.);
#1564=VECTOR('',#5875,10.);
#1565=VECTOR('',#5876,10.);
#1566=VECTOR('',#5877,10.);
#1567=VECTOR('',#5878,10.);
#1568=VECTOR('',#5881,10.);
#1569=VECTOR('',#5882,10.);
#1570=VECTOR('',#5883,10.);
#1571=VECTOR('',#5886,10.);
#1572=VECTOR('',#5887,10.);
#1573=VECTOR('',#5888,10.);
#1574=VECTOR('',#5889,10.);
#1575=VECTOR('',#5892,10.);
#1576=VECTOR('',#5893,10.);
#1577=VECTOR('',#5894,10.);
#1578=VECTOR('',#5895,10.);
#1579=VECTOR('',#5898,10.);
#1580=VECTOR('',#5899,10.);
#1581=VECTOR('',#5902,10.);
#1582=VECTOR('',#5905,10.);
#1583=VECTOR('',#5906,10.);
#1584=VECTOR('',#5907,10.);
#1585=VECTOR('',#5912,10.);
#1586=VECTOR('',#5923,10.);
#1587=VECTOR('',#5924,10.);
#1588=VECTOR('',#5925,9.99999999999999);
#1589=VECTOR('',#5926,10.);
#1590=VECTOR('',#5929,10.);
#1591=VECTOR('',#5936,10.);
#1592=VECTOR('',#5941,10.);
#1593=VECTOR('',#5944,10.);
#1594=VECTOR('',#5951,10.);
#1595=VECTOR('',#5952,10.);
#1596=VECTOR('',#5953,10.);
#1597=VECTOR('',#5956,10.);
#1598=VECTOR('',#5959,10.);
#1599=VECTOR('',#5960,10.);
#1600=VECTOR('',#5961,10.);
#1601=VECTOR('',#5962,10.);
#1602=VECTOR('',#5963,10.);
#1603=VECTOR('',#5966,10.);
#1604=VECTOR('',#5969,10.);
#1605=VECTOR('',#5970,10.);
#1606=VECTOR('',#5973,10.);
#1607=VECTOR('',#5976,10.);
#1608=VECTOR('',#5979,10.);
#1609=VECTOR('',#5982,10.);
#1610=VECTOR('',#5987,10.);
#1611=VECTOR('',#5988,10.);
#1612=VECTOR('',#5989,10.);
#1613=VECTOR('',#5990,10.);
#1614=VECTOR('',#5991,10.);
#1615=VECTOR('',#5992,10.);
#1616=VECTOR('',#5993,10.);
#1617=VECTOR('',#5994,10.);
#1618=VECTOR('',#5995,10.);
#1619=VECTOR('',#5996,10.);
#1620=VECTOR('',#5999,10.);
#1621=VECTOR('',#6004,10.);
#1622=VECTOR('',#6007,10.);
#1623=VECTOR('',#6012,10.);
#1624=VECTOR('',#6013,10.);
#1625=VECTOR('',#6016,9.99999999999999);
#1626=VECTOR('',#6017,10.);
#1627=VECTOR('',#6024,10.);
#1628=VECTOR('',#6037,10.);
#1629=VECTOR('',#6040,10.);
#1630=VECTOR('',#6045,10.);
#1631=VECTOR('',#6046,10.);
#1632=VECTOR('',#6051,10.);
#1633=VECTOR('',#6056,10.);
#1634=VECTOR('',#6059,10.);
#1635=VECTOR('',#6060,10.);
#1636=VECTOR('',#6063,10.);
#1637=VECTOR('',#6064,10.);
#1638=VECTOR('',#6065,10.);
#1639=VECTOR('',#6086,2.8);
#1640=VECTOR('',#6095,10.);
#1641=VECTOR('',#6096,9.99999999999999);
#1642=VECTOR('',#6097,10.);
#1643=VECTOR('',#6100,10.);
#1644=VECTOR('',#6103,10.);
#1645=VECTOR('',#6104,9.99999999999999);
#1646=VECTOR('',#6105,10.);
#1647=VECTOR('',#6108,10.);
#1648=VECTOR('',#6111,10.);
#1649=VECTOR('',#6114,10.);
#1650=VECTOR('',#6117,10.);
#1651=VECTOR('',#6122,10.);
#1652=VECTOR('',#6131,10.);
#1653=VECTOR('',#6132,10.);
#1654=VECTOR('',#6133,10.);
#1655=VECTOR('',#6136,10.);
#1656=VECTOR('',#6137,10.);
#1657=VECTOR('',#6142,10.);
#1658=VECTOR('',#6143,10.);
#1659=VECTOR('',#6152,10.);
#1660=VECTOR('',#6155,10.);
#1661=VECTOR('',#6156,10.);
#1662=VECTOR('',#6161,10.);
#1663=VECTOR('',#6162,10.);
#1664=VECTOR('',#6165,10.);
#1665=VECTOR('',#6166,10.);
#1666=VECTOR('',#6167,10.);
#1667=VECTOR('',#6172,10.);
#1668=VECTOR('',#6173,10.);
#1669=VECTOR('',#6178,10.);
#1670=VECTOR('',#6179,10.);
#1671=VECTOR('',#6180,10.);
#1672=VECTOR('',#6181,10.);
#1673=VECTOR('',#6184,10.);
#1674=VECTOR('',#6185,10.);
#1675=VECTOR('',#6190,10.);
#1676=VECTOR('',#6195,10.);
#1677=VECTOR('',#6196,10.);
#1678=VECTOR('',#6199,10.);
#1679=VECTOR('',#6200,10.);
#1680=VECTOR('',#6203,10.);
#1681=VECTOR('',#6204,10.);
#1682=VECTOR('',#6213,9.99999999999999);
#1683=VECTOR('',#6224,10.);
#1684=VECTOR('',#6231,10.);
#1685=VECTOR('',#6242,10.);
#1686=VECTOR('',#6245,10.);
#1687=VECTOR('',#6246,10.);
#1688=VECTOR('',#6249,10.);
#1689=VECTOR('',#6250,10.);
#1690=VECTOR('',#6251,10.);
#1691=VECTOR('',#6252,10.);
#1692=VECTOR('',#6255,10.);
#1693=VECTOR('',#6256,10.);
#1694=VECTOR('',#6257,10.);
#1695=VECTOR('',#6260,10.);
#1696=VECTOR('',#6261,10.);
#1697=VECTOR('',#6264,10.);
#1698=VECTOR('',#6265,10.);
#1699=VECTOR('',#6268,10.);
#1700=VECTOR('',#6269,10.);
#1701=VECTOR('',#6272,10.);
#1702=VECTOR('',#6273,10.);
#1703=VECTOR('',#6274,10.);
#1704=VECTOR('',#6277,10.);
#1705=VECTOR('',#6284,10.);
#1706=VECTOR('',#6287,9.99999999999999);
#1707=VECTOR('',#6292,10.);
#1708=VECTOR('',#6297,10.);
#1709=VECTOR('',#6300,10.);
#1710=VECTOR('',#6307,10.);
#1711=VECTOR('',#6310,10.);
#1712=VECTOR('',#6313,9.99999999999999);
#1713=VECTOR('',#6314,10.);
#1714=VECTOR('',#6315,9.99999999999999);
#1715=VECTOR('',#6316,10.);
#1716=VECTOR('',#6317,9.99999999999999);
#1717=VECTOR('',#6318,10.);
#1718=VECTOR('',#6319,9.99999999999999);
#1719=VECTOR('',#6322,9.99999999999999);
#1720=VECTOR('',#6323,10.);
#1721=VECTOR('',#6326,1.4);
#1722=VECTOR('',#6335,1.);
#1723=VECTOR('',#6338,10.);
#1724=VECTOR('',#6341,10.);
#1725=VECTOR('',#6342,10.);
#1726=VECTOR('',#6345,10.);
#1727=VECTOR('',#6346,10.);
#1728=VECTOR('',#6347,10.);
#1729=VECTOR('',#6348,10.);
#1730=VECTOR('',#6355,9.99999999999999);
#1731=VECTOR('',#6360,9.99999999999999);
#1732=VECTOR('',#6367,10.);
#1733=VECTOR('',#6368,10.);
#1734=VECTOR('',#6369,10.);
#1735=VECTOR('',#6372,10.);
#1736=VECTOR('',#6373,10.);
#1737=VECTOR('',#6374,10.);
#1738=VECTOR('',#6375,10.);
#1739=VECTOR('',#6378,10.);
#1740=VECTOR('',#6381,9.99999999999999);
#1741=VECTOR('',#6382,10.);
#1742=VECTOR('',#6383,10.);
#1743=VECTOR('',#6384,10.);
#1744=VECTOR('',#6385,9.99999999999999);
#1745=VECTOR('',#6388,10.);
#1746=VECTOR('',#6391,9.99999999999999);
#1747=VECTOR('',#6392,10.);
#1748=VECTOR('',#6393,10.);
#1749=VECTOR('',#6394,10.);
#1750=VECTOR('',#6395,9.99999999999999);
#1751=VECTOR('',#6400,10.);
#1752=VECTOR('',#6401,9.99999999999999);
#1753=VECTOR('',#6406,10.);
#1754=VECTOR('',#6409,10.);
#1755=VECTOR('',#6416,9.99999999999999);
#1756=VECTOR('',#6421,9.99999999999999);
#1757=VECTOR('',#6426,10.);
#1758=VECTOR('',#6427,10.);
#1759=VECTOR('',#6442,10.);
#1760=VECTOR('',#6445,10.);
#1761=VECTOR('',#6458,10.);
#1762=VECTOR('',#6461,10.);
#1763=VECTOR('',#6462,10.);
#1764=VECTOR('',#6463,10.);
#1765=VECTOR('',#6464,10.);
#1766=VECTOR('',#6469,10.);
#1767=VECTOR('',#6482,10.);
#1768=VECTOR('',#6483,10.);
#1769=VECTOR('',#6488,0.999999999999999);
#1770=VECTOR('',#6491,10.);
#1771=VECTOR('',#6496,10.);
#1772=VECTOR('',#6503,10.);
#1773=VECTOR('',#6516,10.);
#1774=VECTOR('',#6525,10.);
#1775=VECTOR('',#6530,10.);
#1776=VECTOR('',#6545,10.);
#1777=VECTOR('',#6550,10.);
#1778=VECTOR('',#6555,10.);
#1779=VECTOR('',#6558,9.99999999999999);
#1780=VECTOR('',#6559,10.);
#1781=VECTOR('',#6564,10.);
#1782=VECTOR('',#6565,9.99999999999999);
#1783=VECTOR('',#6568,10.);
#1784=VECTOR('',#6571,10.);
#1785=VECTOR('',#6576,10.);
#1786=VECTOR('',#6593,10.);
#1787=VECTOR('',#6596,10.);
#1788=VECTOR('',#6597,10.);
#1789=VECTOR('',#6598,10.);
#1790=VECTOR('',#6599,10.);
#1791=VECTOR('',#6600,10.);
#1792=VECTOR('',#6601,10.);
#1793=VECTOR('',#6604,10.);
#1794=VECTOR('',#6609,10.);
#1795=VECTOR('',#6616,9.99999999999999);
#1796=VECTOR('',#6621,10.);
#1797=VECTOR('',#6624,10.);
#1798=VECTOR('',#6625,10.);
#1799=VECTOR('',#6626,10.);
#1800=VECTOR('',#6627,10.);
#1801=VECTOR('',#6628,10.);
#1802=VECTOR('',#6629,10.);
#1803=VECTOR('',#6630,10.);
#1804=VECTOR('',#6633,10.);
#1805=VECTOR('',#6634,9.99999999999999);
#1806=VECTOR('',#6635,10.);
#1807=VECTOR('',#6638,10.);
#1808=VECTOR('',#6639,9.99999999999999);
#1809=VECTOR('',#6642,10.);
#1810=VECTOR('',#6643,10.);
#1811=VECTOR('',#6648,10.);
#1812=VECTOR('',#6649,10.);
#1813=VECTOR('',#6650,10.);
#1814=VECTOR('',#6653,10.);
#1815=VECTOR('',#6654,9.99999999999999);
#1816=VECTOR('',#6659,9.99999999999999);
#1817=VECTOR('',#6660,10.);
#1818=VECTOR('',#6665,10.);
#1819=VECTOR('',#6668,10.);
#1820=VECTOR('',#6671,10.);
#1821=VECTOR('',#6674,10.);
#1822=VECTOR('',#6675,9.99999999999999);
#1823=VECTOR('',#6676,9.99999999999999);
#1824=VECTOR('',#6679,10.);
#1825=VECTOR('',#6688,10.);
#1826=VECTOR('',#6691,9.99999999999999);
#1827=VECTOR('',#6698,10.);
#1828=VECTOR('',#6699,10.);
#1829=VECTOR('',#6700,10.);
#1830=VECTOR('',#6703,10.);
#1831=VECTOR('',#6704,10.);
#1832=VECTOR('',#6705,10.);
#1833=VECTOR('',#6708,10.);
#1834=VECTOR('',#6709,10.);
#1835=VECTOR('',#6710,10.);
#1836=VECTOR('',#6711,10.);
#1837=VECTOR('',#6712,10.);
#1838=VECTOR('',#6715,10.);
#1839=VECTOR('',#6716,9.99999999999999);
#1840=VECTOR('',#6719,9.99999999999999);
#1841=VECTOR('',#6728,9.99999999999999);
#1842=VECTOR('',#6729,10.);
#1843=VECTOR('',#6732,10.);
#1844=VECTOR('',#6733,10.);
#1845=VECTOR('',#6734,10.);
#1846=VECTOR('',#6735,10.);
#1847=VECTOR('',#6740,10.);
#1848=VECTOR('',#6747,10.);
#1849=VECTOR('',#6748,10.);
#1850=VECTOR('',#6751,10.);
#1851=VECTOR('',#6752,10.);
#1852=VECTOR('',#6753,10.);
#1853=VECTOR('',#6760,10.);
#1854=VECTOR('',#6763,10.);
#1855=VECTOR('',#6764,10.);
#1856=VECTOR('',#6765,10.);
#1857=VECTOR('',#6768,10.);
#1858=VECTOR('',#6769,10.);
#1859=VECTOR('',#6770,10.);
#1860=VECTOR('',#6773,10.);
#1861=VECTOR('',#6776,10.);
#1862=VECTOR('',#6779,10.);
#1863=VECTOR('',#6790,10.);
#1864=VECTOR('',#6793,10.);
#1865=VECTOR('',#6794,10.);
#1866=VECTOR('',#6799,10.);
#1867=VECTOR('',#6814,10.);
#1868=VECTOR('',#6817,10.);
#1869=VECTOR('',#6820,10.);
#1870=VECTOR('',#6821,10.);
#1871=VECTOR('',#6824,10.);
#1872=VECTOR('',#6825,10.);
#1873=VECTOR('',#6828,10.);
#1874=VECTOR('',#6833,10.);
#1875=VECTOR('',#6836,10.);
#1876=VECTOR('',#6841,10.);
#1877=VECTOR('',#6844,10.);
#1878=VECTOR('',#6851,2.8);
#1879=VECTOR('',#6860,2.8);
#1880=VECTOR('',#6869,10.);
#1881=VECTOR('',#6874,10.);
#1882=VECTOR('',#6879,10.);
#1883=VECTOR('',#6882,10.);
#1884=VECTOR('',#6895,1.4);
#1885=VECTOR('',#6900,1.);
#1886=VECTOR('',#6905,1.);
#1887=VECTOR('',#6914,1.4);
#1888=VECTOR('',#6919,1.40000000000001);
#1889=VECTOR('',#6932,10.);
#1890=VECTOR('',#6933,10.);
#1891=VECTOR('',#6934,10.);
#1892=VECTOR('',#6937,10.);
#1893=VECTOR('',#6938,10.);
#1894=VECTOR('',#6939,10.);
#1895=VECTOR('',#6940,10.);
#1896=VECTOR('',#6943,10.);
#1897=VECTOR('',#6944,10.);
#1898=VECTOR('',#6945,10.);
#1899=VECTOR('',#6948,10.);
#1900=VECTOR('',#6949,10.);
#1901=VECTOR('',#6950,10.);
#1902=VECTOR('',#6953,10.);
#1903=VECTOR('',#6954,10.);
#1904=VECTOR('',#6955,10.);
#1905=VECTOR('',#6958,10.);
#1906=VECTOR('',#6961,10.);
#1907=VECTOR('',#6968,3.25);
#1908=VECTOR('',#6971,10.);
#1909=VECTOR('',#6972,10.);
#1910=VECTOR('',#6979,10.);
#1911=VECTOR('',#6984,10.);
#1912=VECTOR('',#6985,10.);
#1913=VECTOR('',#7002,1.4);
#1914=VECTOR('',#7011,1.4);
#1915=VECTOR('',#7016,10.);
#1916=VECTOR('',#7023,10.);
#1917=VECTOR('',#7026,10.);
#1918=VECTOR('',#7027,10.);
#1919=VECTOR('',#7030,10.);
#1920=VECTOR('',#7031,10.);
#1921=VECTOR('',#7036,10.);
#1922=VECTOR('',#7039,10.);
#1923=VECTOR('',#7042,10.);
#1924=VECTOR('',#7043,10.);
#1925=VECTOR('',#7046,10.);
#1926=VECTOR('',#7047,10.);
#1927=VECTOR('',#7050,10.);
#1928=VECTOR('',#7051,10.);
#1929=VECTOR('',#7054,10.);
#1930=VECTOR('',#7055,10.);
#1931=VECTOR('',#7060,10.);
#1932=VECTOR('',#7063,10.);
#1933=VECTOR('',#7064,9.99999999999999);
#1934=VECTOR('',#7065,10.);
#1935=VECTOR('',#7068,10.);
#1936=VECTOR('',#7069,10.);
#1937=VECTOR('',#7070,10.);
#1938=VECTOR('',#7073,10.);
#1939=VECTOR('',#7074,10.);
#1940=VECTOR('',#7077,9.99999999999999);
#1941=VECTOR('',#7082,3.25);
#1942=VECTOR('',#7085,3.25);
#1943=VECTOR('',#7088,1.4);
#1944=VECTOR('',#7091,10.);
#1945=VECTOR('',#7092,10.);
#1946=VECTOR('',#7095,10.);
#1947=VECTOR('',#7096,10.);
#1948=VECTOR('',#7099,10.);
#1949=VECTOR('',#7100,10.);
#1950=VECTOR('',#7103,10.);
#1951=VECTOR('',#7104,10.);
#1952=VECTOR('',#7107,10.);
#1953=VECTOR('',#7108,10.);
#1954=VECTOR('',#7111,10.);
#1955=VECTOR('',#7114,10.);
#1956=VECTOR('',#7119,10.);
#1957=VECTOR('',#7120,10.);
#1958=VECTOR('',#7123,10.);
#1959=VECTOR('',#7124,10.);
#1960=VECTOR('',#7125,10.);
#1961=VECTOR('',#7126,10.);
#1962=VECTOR('',#7129,10.);
#1963=VECTOR('',#7130,10.);
#1964=VECTOR('',#7131,10.);
#1965=VECTOR('',#7138,10.);
#1966=VECTOR('',#7139,10.);
#1967=VECTOR('',#7140,10.);
#1968=VECTOR('',#7141,10.);
#1969=VECTOR('',#7146,10.);
#1970=VECTOR('',#7149,10.);
#1971=VECTOR('',#7150,10.);
#1972=VECTOR('',#7151,10.);
#1973=VECTOR('',#7154,10.);
#1974=VECTOR('',#7155,10.);
#1975=VECTOR('',#7158,10.);
#1976=VECTOR('',#7159,10.);
#1977=VECTOR('',#7162,13.9);
#1978=VECTOR('',#7165,10.);
#1979=VECTOR('',#7166,10.);
#1980=VECTOR('',#7167,10.);
#1981=VECTOR('',#7170,10.);
#1982=VECTOR('',#7171,10.);
#1983=VECTOR('',#7174,13.9);
#1984=VECTOR('',#7177,10.);
#1985=VECTOR('',#7180,10.);
#1986=VECTOR('',#7181,10.);
#1987=VECTOR('',#7184,10.);
#1988=VECTOR('',#7193,10.);
#1989=VECTOR('',#7196,10.);
#1990=VECTOR('',#7199,10.);
#1991=VECTOR('',#7202,10.);
#1992=VECTOR('',#7203,10.);
#1993=VECTOR('',#7206,10.);
#1994=VECTOR('',#7209,10.);
#1995=VECTOR('',#7210,10.);
#1996=VECTOR('',#7213,10.);
#1997=VECTOR('',#7216,10.);
#1998=VECTOR('',#7219,10.);
#1999=VECTOR('',#7220,10.);
#2000=VECTOR('',#7225,10.);
#2001=VECTOR('',#7228,10.);
#2002=VECTOR('',#7231,10.);
#2003=VECTOR('',#7234,10.);
#2004=VECTOR('',#7237,10.);
#2005=VECTOR('',#7246,10.);
#2006=VECTOR('',#7247,10.);
#2007=VECTOR('',#7250,10.);
#2008=VECTOR('',#7251,10.);
#2009=VECTOR('',#7254,10.);
#2010=VERTEX_POINT('',#7259);
#2011=VERTEX_POINT('',#7260);
#2012=VERTEX_POINT('',#7262);
#2013=VERTEX_POINT('',#7264);
#2014=VERTEX_POINT('',#7266);
#2015=VERTEX_POINT('',#7268);
#2016=VERTEX_POINT('',#7270);
#2017=VERTEX_POINT('',#7280);
#2018=VERTEX_POINT('',#7282);
#2019=VERTEX_POINT('',#7284);
#2020=VERTEX_POINT('',#7286);
#2021=VERTEX_POINT('',#7288);
#2022=VERTEX_POINT('',#7290);
#2023=VERTEX_POINT('',#7292);
#2024=VERTEX_POINT('',#7294);
#2025=VERTEX_POINT('',#7296);
#2026=VERTEX_POINT('',#7298);
#2027=VERTEX_POINT('',#7300);
#2028=VERTEX_POINT('',#7302);
#2029=VERTEX_POINT('',#7304);
#2030=VERTEX_POINT('',#7306);
#2031=VERTEX_POINT('',#7308);
#2032=VERTEX_POINT('',#7310);
#2033=VERTEX_POINT('',#7312);
#2034=VERTEX_POINT('',#7314);
#2035=VERTEX_POINT('',#7316);
#2036=VERTEX_POINT('',#7318);
#2037=VERTEX_POINT('',#7320);
#2038=VERTEX_POINT('',#7323);
#2039=VERTEX_POINT('',#7325);
#2040=VERTEX_POINT('',#7327);
#2041=VERTEX_POINT('',#7329);
#2042=VERTEX_POINT('',#7330);
#2043=VERTEX_POINT('',#7332);
#2044=VERTEX_POINT('',#7334);
#2045=VERTEX_POINT('',#7338);
#2046=VERTEX_POINT('',#7340);
#2047=VERTEX_POINT('',#7344);
#2048=VERTEX_POINT('',#7345);
#2049=VERTEX_POINT('',#7347);
#2050=VERTEX_POINT('',#7349);
#2051=VERTEX_POINT('',#7353);
#2052=VERTEX_POINT('',#7354);
#2053=VERTEX_POINT('',#7356);
#2054=VERTEX_POINT('',#7358);
#2055=VERTEX_POINT('',#7362);
#2056=VERTEX_POINT('',#7364);
#2057=VERTEX_POINT('',#7366);
#2058=VERTEX_POINT('',#7368);
#2059=VERTEX_POINT('',#7370);
#2060=VERTEX_POINT('',#7372);
#2061=VERTEX_POINT('',#7374);
#2062=VERTEX_POINT('',#7376);
#2063=VERTEX_POINT('',#7378);
#2064=VERTEX_POINT('',#7380);
#2065=VERTEX_POINT('',#7382);
#2066=VERTEX_POINT('',#7384);
#2067=VERTEX_POINT('',#7388);
#2068=VERTEX_POINT('',#7390);
#2069=VERTEX_POINT('',#7392);
#2070=VERTEX_POINT('',#7394);
#2071=VERTEX_POINT('',#7396);
#2072=VERTEX_POINT('',#7398);
#2073=VERTEX_POINT('',#7408);
#2074=VERTEX_POINT('',#7412);
#2075=VERTEX_POINT('',#7416);
#2076=VERTEX_POINT('',#7417);
#2077=VERTEX_POINT('',#7419);
#2078=VERTEX_POINT('',#7421);
#2079=VERTEX_POINT('',#7423);
#2080=VERTEX_POINT('',#7425);
#2081=VERTEX_POINT('',#7436);
#2082=VERTEX_POINT('',#7438);
#2083=VERTEX_POINT('',#7458);
#2084=VERTEX_POINT('',#7460);
#2085=VERTEX_POINT('',#7462);
#2086=VERTEX_POINT('',#7464);
#2087=VERTEX_POINT('',#7466);
#2088=VERTEX_POINT('',#7468);
#2089=VERTEX_POINT('',#7470);
#2090=VERTEX_POINT('',#7472);
#2091=VERTEX_POINT('',#7474);
#2092=VERTEX_POINT('',#7476);
#2093=VERTEX_POINT('',#7478);
#2094=VERTEX_POINT('',#7480);
#2095=VERTEX_POINT('',#7482);
#2096=VERTEX_POINT('',#7486);
#2097=VERTEX_POINT('',#7490);
#2098=VERTEX_POINT('',#7491);
#2099=VERTEX_POINT('',#7498);
#2100=VERTEX_POINT('',#7500);
#2101=VERTEX_POINT('',#7504);
#2102=VERTEX_POINT('',#7513);
#2103=VERTEX_POINT('',#7529);
#2104=VERTEX_POINT('',#7530);
#2105=VERTEX_POINT('',#7532);
#2106=VERTEX_POINT('',#7534);
#2107=VERTEX_POINT('',#7536);
#2108=VERTEX_POINT('',#7538);
#2109=VERTEX_POINT('',#7540);
#2110=VERTEX_POINT('',#7542);
#2111=VERTEX_POINT('',#7544);
#2112=VERTEX_POINT('',#7546);
#2113=VERTEX_POINT('',#7550);
#2114=VERTEX_POINT('',#7554);
#2115=VERTEX_POINT('',#7555);
#2116=VERTEX_POINT('',#7557);
#2117=VERTEX_POINT('',#7559);
#2118=VERTEX_POINT('',#7563);
#2119=VERTEX_POINT('',#7565);
#2120=VERTEX_POINT('',#7567);
#2121=VERTEX_POINT('',#7569);
#2122=VERTEX_POINT('',#7571);
#2123=VERTEX_POINT('',#7575);
#2124=VERTEX_POINT('',#7608);
#2125=VERTEX_POINT('',#7609);
#2126=VERTEX_POINT('',#7611);
#2127=VERTEX_POINT('',#7613);
#2128=VERTEX_POINT('',#7639);
#2129=VERTEX_POINT('',#7643);
#2130=VERTEX_POINT('',#7645);
#2131=VERTEX_POINT('',#7647);
#2132=VERTEX_POINT('',#7651);
#2133=VERTEX_POINT('',#7655);
#2134=VERTEX_POINT('',#7658);
#2135=VERTEX_POINT('',#7660);
#2136=VERTEX_POINT('',#7662);
#2137=VERTEX_POINT('',#7666);
#2138=VERTEX_POINT('',#7669);
#2139=VERTEX_POINT('',#7671);
#2140=VERTEX_POINT('',#7673);
#2141=VERTEX_POINT('',#7682);
#2142=VERTEX_POINT('',#7684);
#2143=VERTEX_POINT('',#7687);
#2144=VERTEX_POINT('',#7717);
#2145=VERTEX_POINT('',#7719);
#2146=VERTEX_POINT('',#7723);
#2147=VERTEX_POINT('',#7724);
#2148=VERTEX_POINT('',#7726);
#2149=VERTEX_POINT('',#7742);
#2150=VERTEX_POINT('',#7746);
#2151=VERTEX_POINT('',#7749);
#2152=VERTEX_POINT('',#7751);
#2153=VERTEX_POINT('',#7759);
#2154=VERTEX_POINT('',#7761);
#2155=VERTEX_POINT('',#7763);
#2156=VERTEX_POINT('',#7765);
#2157=VERTEX_POINT('',#7767);
#2158=VERTEX_POINT('',#7769);
#2159=VERTEX_POINT('',#7771);
#2160=VERTEX_POINT('',#7773);
#2161=VERTEX_POINT('',#7785);
#2162=VERTEX_POINT('',#7786);
#2163=VERTEX_POINT('',#7788);
#2164=VERTEX_POINT('',#7790);
#2165=VERTEX_POINT('',#7792);
#2166=VERTEX_POINT('',#7794);
#2167=VERTEX_POINT('',#7796);
#2168=VERTEX_POINT('',#7798);
#2169=VERTEX_POINT('',#7802);
#2170=VERTEX_POINT('',#7804);
#2171=VERTEX_POINT('',#7808);
#2172=VERTEX_POINT('',#7809);
#2173=VERTEX_POINT('',#7811);
#2174=VERTEX_POINT('',#7813);
#2175=VERTEX_POINT('',#7815);
#2176=VERTEX_POINT('',#7817);
#2177=VERTEX_POINT('',#7819);
#2178=VERTEX_POINT('',#7821);
#2179=VERTEX_POINT('',#7825);
#2180=VERTEX_POINT('',#7826);
#2181=VERTEX_POINT('',#7850);
#2182=VERTEX_POINT('',#7851);
#2183=VERTEX_POINT('',#7858);
#2184=VERTEX_POINT('',#7860);
#2185=VERTEX_POINT('',#7862);
#2186=VERTEX_POINT('',#7921);
#2187=VERTEX_POINT('',#7930);
#2188=VERTEX_POINT('',#7932);
#2189=VERTEX_POINT('',#7934);
#2190=VERTEX_POINT('',#7938);
#2191=VERTEX_POINT('',#7943);
#2192=VERTEX_POINT('',#7945);
#2193=VERTEX_POINT('',#7950);
#2194=VERTEX_POINT('',#7952);
#2195=VERTEX_POINT('',#7956);
#2196=VERTEX_POINT('',#7959);
#2197=VERTEX_POINT('',#7963);
#2198=VERTEX_POINT('',#7967);
#2199=VERTEX_POINT('',#7971);
#2200=VERTEX_POINT('',#7973);
#2201=VERTEX_POINT('',#7975);
#2202=VERTEX_POINT('',#7977);
#2203=VERTEX_POINT('',#7979);
#2204=VERTEX_POINT('',#7981);
#2205=VERTEX_POINT('',#7983);
#2206=VERTEX_POINT('',#7985);
#2207=VERTEX_POINT('',#7988);
#2208=VERTEX_POINT('',#7992);
#2209=VERTEX_POINT('',#7994);
#2210=VERTEX_POINT('',#7996);
#2211=VERTEX_POINT('',#8008);
#2212=VERTEX_POINT('',#8010);
#2213=VERTEX_POINT('',#8012);
#2214=VERTEX_POINT('',#8014);
#2215=VERTEX_POINT('',#8016);
#2216=VERTEX_POINT('',#8038);
#2217=VERTEX_POINT('',#8042);
#2218=VERTEX_POINT('',#8044);
#2219=VERTEX_POINT('',#8046);
#2220=VERTEX_POINT('',#8050);
#2221=VERTEX_POINT('',#8052);
#2222=VERTEX_POINT('',#8056);
#2223=VERTEX_POINT('',#8060);
#2224=VERTEX_POINT('',#8064);
#2225=VERTEX_POINT('',#8068);
#2226=VERTEX_POINT('',#8070);
#2227=VERTEX_POINT('',#8078);
#2228=VERTEX_POINT('',#8080);
#2229=VERTEX_POINT('',#8084);
#2230=VERTEX_POINT('',#8086);
#2231=VERTEX_POINT('',#8090);
#2232=VERTEX_POINT('',#8092);
#2233=VERTEX_POINT('',#8094);
#2234=VERTEX_POINT('',#8096);
#2235=VERTEX_POINT('',#8099);
#2236=VERTEX_POINT('',#8101);
#2237=VERTEX_POINT('',#8103);
#2238=VERTEX_POINT('',#8107);
#2239=VERTEX_POINT('',#8109);
#2240=VERTEX_POINT('',#8117);
#2241=VERTEX_POINT('',#8119);
#2242=VERTEX_POINT('',#8127);
#2243=VERTEX_POINT('',#8129);
#2244=VERTEX_POINT('',#8131);
#2245=VERTEX_POINT('',#8133);
#2246=VERTEX_POINT('',#8141);
#2247=VERTEX_POINT('',#8143);
#2248=VERTEX_POINT('',#8153);
#2249=VERTEX_POINT('',#8164);
#2250=VERTEX_POINT('',#8168);
#2251=VERTEX_POINT('',#8172);
#2252=VERTEX_POINT('',#8175);
#2253=VERTEX_POINT('',#8177);
#2254=VERTEX_POINT('',#8229);
#2255=VERTEX_POINT('',#8231);
#2256=VERTEX_POINT('',#8233);
#2257=VERTEX_POINT('',#8288);
#2258=VERTEX_POINT('',#8290);
#2259=VERTEX_POINT('',#8292);
#2260=VERTEX_POINT('',#8457);
#2261=VERTEX_POINT('',#8470);
#2262=VERTEX_POINT('',#8471);
#2263=VERTEX_POINT('',#8489);
#2264=VERTEX_POINT('',#8494);
#2265=VERTEX_POINT('',#8496);
#2266=VERTEX_POINT('',#8519);
#2267=VERTEX_POINT('',#8521);
#2268=VERTEX_POINT('',#8533);
#2269=VERTEX_POINT('',#8534);
#2270=VERTEX_POINT('',#8536);
#2271=VERTEX_POINT('',#8538);
#2272=VERTEX_POINT('',#8542);
#2273=VERTEX_POINT('',#8543);
#2274=VERTEX_POINT('',#8545);
#2275=VERTEX_POINT('',#8548);
#2276=VERTEX_POINT('',#8550);
#2277=VERTEX_POINT('',#8552);
#2278=VERTEX_POINT('',#8554);
#2279=VERTEX_POINT('',#8556);
#2280=VERTEX_POINT('',#8558);
#2281=VERTEX_POINT('',#8560);
#2282=VERTEX_POINT('',#8562);
#2283=VERTEX_POINT('',#8564);
#2284=VERTEX_POINT('',#8566);
#2285=VERTEX_POINT('',#8569);
#2286=VERTEX_POINT('',#8573);
#2287=VERTEX_POINT('',#8577);
#2288=VERTEX_POINT('',#8578);
#2289=VERTEX_POINT('',#8580);
#2290=VERTEX_POINT('',#8582);
#2291=VERTEX_POINT('',#8605);
#2292=VERTEX_POINT('',#8606);
#2293=VERTEX_POINT('',#8620);
#2294=VERTEX_POINT('',#8622);
#2295=VERTEX_POINT('',#8624);
#2296=VERTEX_POINT('',#8626);
#2297=VERTEX_POINT('',#8630);
#2298=VERTEX_POINT('',#8653);
#2299=VERTEX_POINT('',#8654);
#2300=VERTEX_POINT('',#8656);
#2301=VERTEX_POINT('',#8658);
#2302=VERTEX_POINT('',#8748);
#2303=VERTEX_POINT('',#8750);
#2304=VERTEX_POINT('',#8761);
#2305=VERTEX_POINT('',#8768);
#2306=VERTEX_POINT('',#8796);
#2307=VERTEX_POINT('',#8809);
#2308=VERTEX_POINT('',#8845);
#2309=VERTEX_POINT('',#8846);
#2310=VERTEX_POINT('',#8855);
#2311=VERTEX_POINT('',#8857);
#2312=VERTEX_POINT('',#8859);
#2313=VERTEX_POINT('',#8885);
#2314=VERTEX_POINT('',#8889);
#2315=VERTEX_POINT('',#8891);
#2316=VERTEX_POINT('',#8893);
#2317=VERTEX_POINT('',#8926);
#2318=VERTEX_POINT('',#8927);
#2319=VERTEX_POINT('',#8942);
#2320=VERTEX_POINT('',#8948);
#2321=VERTEX_POINT('',#8950);
#2322=VERTEX_POINT('',#8962);
#2323=VERTEX_POINT('',#8964);
#2324=VERTEX_POINT('',#8993);
#2325=VERTEX_POINT('',#9005);
#2326=VERTEX_POINT('',#9006);
#2327=VERTEX_POINT('',#9050);
#2328=VERTEX_POINT('',#9054);
#2329=VERTEX_POINT('',#9058);
#2330=VERTEX_POINT('',#9063);
#2331=VERTEX_POINT('',#9097);
#2332=VERTEX_POINT('',#9101);
#2333=VERTEX_POINT('',#9124);
#2334=VERTEX_POINT('',#9151);
#2335=VERTEX_POINT('',#9211);
#2336=VERTEX_POINT('',#9232);
#2337=VERTEX_POINT('',#9255);
#2338=VERTEX_POINT('',#9256);
#2339=VERTEX_POINT('',#9284);
#2340=VERTEX_POINT('',#9285);
#2341=VERTEX_POINT('',#9349);
#2342=VERTEX_POINT('',#9350);
#2343=VERTEX_POINT('',#9374);
#2344=VERTEX_POINT('',#9376);
#2345=VERTEX_POINT('',#9399);
#2346=VERTEX_POINT('',#9468);
#2347=VERTEX_POINT('',#9473);
#2348=VERTEX_POINT('',#9475);
#2349=VERTEX_POINT('',#9477);
#2350=VERTEX_POINT('',#9481);
#2351=VERTEX_POINT('',#9484);
#2352=VERTEX_POINT('',#9530);
#2353=VERTEX_POINT('',#9603);
#2354=VERTEX_POINT('',#9605);
#2355=VERTEX_POINT('',#9607);
#2356=VERTEX_POINT('',#9629);
#2357=VERTEX_POINT('',#9631);
#2358=VERTEX_POINT('',#9633);
#2359=VERTEX_POINT('',#9635);
#2360=VERTEX_POINT('',#9637);
#2361=VERTEX_POINT('',#9639);
#2362=VERTEX_POINT('',#9644);
#2363=VERTEX_POINT('',#9649);
#2364=VERTEX_POINT('',#9653);
#2365=VERTEX_POINT('',#9657);
#2366=VERTEX_POINT('',#9659);
#2367=VERTEX_POINT('',#9661);
#2368=VERTEX_POINT('',#9663);
#2369=VERTEX_POINT('',#9665);
#2370=VERTEX_POINT('',#9667);
#2371=VERTEX_POINT('',#9671);
#2372=VERTEX_POINT('',#9674);
#2373=VERTEX_POINT('',#9677);
#2374=VERTEX_POINT('',#9681);
#2375=VERTEX_POINT('',#9683);
#2376=VERTEX_POINT('',#9687);
#2377=VERTEX_POINT('',#9689);
#2378=VERTEX_POINT('',#9693);
#2379=VERTEX_POINT('',#9697);
#2380=VERTEX_POINT('',#9699);
#2381=VERTEX_POINT('',#9704);
#2382=VERTEX_POINT('',#9707);
#2383=VERTEX_POINT('',#9709);
#2384=VERTEX_POINT('',#9713);
#2385=VERTEX_POINT('',#9716);
#2386=VERTEX_POINT('',#9718);
#2387=VERTEX_POINT('',#9730);
#2388=VERTEX_POINT('',#9732);
#2389=VERTEX_POINT('',#9734);
#2390=VERTEX_POINT('',#9737);
#2391=VERTEX_POINT('',#9739);
#2392=VERTEX_POINT('',#9742);
#2393=VERTEX_POINT('',#9744);
#2394=VERTEX_POINT('',#9748);
#2395=VERTEX_POINT('',#9750);
#2396=VERTEX_POINT('',#9754);
#2397=VERTEX_POINT('',#9756);
#2398=VERTEX_POINT('',#9758);
#2399=VERTEX_POINT('',#9763);
#2400=VERTEX_POINT('',#9767);
#2401=VERTEX_POINT('',#9779);
#2402=VERTEX_POINT('',#9789);
#2403=VERTEX_POINT('',#9791);
#2404=VERTEX_POINT('',#9793);
#2405=VERTEX_POINT('',#9797);
#2406=VERTEX_POINT('',#9799);
#2407=VERTEX_POINT('',#9815);
#2408=VERTEX_POINT('',#9817);
#2409=VERTEX_POINT('',#9819);
#2410=VERTEX_POINT('',#9822);
#2411=VERTEX_POINT('',#9824);
#2412=VERTEX_POINT('',#9828);
#2413=VERTEX_POINT('',#9830);
#2414=VERTEX_POINT('',#9834);
#2415=VERTEX_POINT('',#9836);
#2416=VERTEX_POINT('',#9840);
#2417=VERTEX_POINT('',#9842);
#2418=VERTEX_POINT('',#9848);
#2419=VERTEX_POINT('',#9850);
#2420=VERTEX_POINT('',#9876);
#2421=VERTEX_POINT('',#9880);
#2422=VERTEX_POINT('',#9898);
#2423=VERTEX_POINT('',#9902);
#2424=VERTEX_POINT('',#9905);
#2425=VERTEX_POINT('',#9909);
#2426=VERTEX_POINT('',#9914);
#2427=VERTEX_POINT('',#9916);
#2428=VERTEX_POINT('',#9924);
#2429=VERTEX_POINT('',#9927);
#2430=VERTEX_POINT('',#9930);
#2431=VERTEX_POINT('',#9934);
#2432=VERTEX_POINT('',#9938);
#2433=VERTEX_POINT('',#9942);
#2434=VERTEX_POINT('',#9945);
#2435=VERTEX_POINT('',#9949);
#2436=VERTEX_POINT('',#9953);
#2437=VERTEX_POINT('',#9956);
#2438=VERTEX_POINT('',#9959);
#2439=VERTEX_POINT('',#9961);
#2440=VERTEX_POINT('',#9963);
#2441=VERTEX_POINT('',#9965);
#2442=VERTEX_POINT('',#9973);
#2443=VERTEX_POINT('',#9974);
#2444=VERTEX_POINT('',#9976);
#2445=VERTEX_POINT('',#9978);
#2446=VERTEX_POINT('',#9982);
#2447=VERTEX_POINT('',#9984);
#2448=VERTEX_POINT('',#9988);
#2449=VERTEX_POINT('',#9990);
#2450=VERTEX_POINT('',#9994);
#2451=VERTEX_POINT('',#9996);
#2452=VERTEX_POINT('',#10000);
#2453=VERTEX_POINT('',#10002);
#2454=VERTEX_POINT('',#10006);
#2455=VERTEX_POINT('',#10007);
#2456=VERTEX_POINT('',#10009);
#2457=VERTEX_POINT('',#10017);
#2458=VERTEX_POINT('',#10036);
#2459=VERTEX_POINT('',#10047);
#2460=VERTEX_POINT('',#10048);
#2461=VERTEX_POINT('',#10050);
#2462=VERTEX_POINT('',#10060);
#2463=VERTEX_POINT('',#10062);
#2464=VERTEX_POINT('',#10095);
#2465=VERTEX_POINT('',#10149);
#2466=VERTEX_POINT('',#10151);
#2467=VERTEX_POINT('',#10179);
#2468=VERTEX_POINT('',#10190);
#2469=VERTEX_POINT('',#10209);
#2470=VERTEX_POINT('',#10212);
#2471=VERTEX_POINT('',#10215);
#2472=VERTEX_POINT('',#10239);
#2473=VERTEX_POINT('',#10272);
#2474=VERTEX_POINT('',#10273);
#2475=VERTEX_POINT('',#10275);
#2476=VERTEX_POINT('',#10277);
#2477=VERTEX_POINT('',#10308);
#2478=VERTEX_POINT('',#10318);
#2479=VERTEX_POINT('',#10357);
#2480=VERTEX_POINT('',#10358);
#2481=VERTEX_POINT('',#10360);
#2482=VERTEX_POINT('',#10362);
#2483=VERTEX_POINT('',#10366);
#2484=VERTEX_POINT('',#10376);
#2485=VERTEX_POINT('',#10380);
#2486=VERTEX_POINT('',#10384);
#2487=VERTEX_POINT('',#10413);
#2488=VERTEX_POINT('',#10426);
#2489=VERTEX_POINT('',#10435);
#2490=VERTEX_POINT('',#10466);
#2491=VERTEX_POINT('',#10476);
#2492=VERTEX_POINT('',#10507);
#2493=VERTEX_POINT('',#10557);
#2494=VERTEX_POINT('',#10561);
#2495=VERTEX_POINT('',#10565);
#2496=VERTEX_POINT('',#10569);
#2497=VERTEX_POINT('',#10573);
#2498=VERTEX_POINT('',#10577);
#2499=VERTEX_POINT('',#10579);
#2500=VERTEX_POINT('',#10583);
#2501=VERTEX_POINT('',#10584);
#2502=VERTEX_POINT('',#10589);
#2503=VERTEX_POINT('',#10590);
#2504=VERTEX_POINT('',#10592);
#2505=VERTEX_POINT('',#10598);
#2506=VERTEX_POINT('',#10604);
#2507=VERTEX_POINT('',#10605);
#2508=VERTEX_POINT('',#10608);
#2509=VERTEX_POINT('',#10612);
#2510=VERTEX_POINT('',#10616);
#2511=VERTEX_POINT('',#10618);
#2512=VERTEX_POINT('',#10622);
#2513=VERTEX_POINT('',#10623);
#2514=VERTEX_POINT('',#10625);
#2515=VERTEX_POINT('',#10628);
#2516=VERTEX_POINT('',#10634);
#2517=VERTEX_POINT('',#10636);
#2518=VERTEX_POINT('',#10640);
#2519=VERTEX_POINT('',#10673);
#2520=VERTEX_POINT('',#10690);
#2521=VERTEX_POINT('',#10694);
#2522=VERTEX_POINT('',#10780);
#2523=VERTEX_POINT('',#10784);
#2524=EDGE_CURVE('',#2010,#2011,#1072,.T.);
#2525=EDGE_CURVE('',#2012,#2010,#1073,.T.);
#2526=EDGE_CURVE('',#2012,#2013,#1074,.T.);
#2527=EDGE_CURVE('',#2013,#2014,#1075,.T.);
#2528=EDGE_CURVE('',#2014,#2015,#958,.T.);
#2529=EDGE_CURVE('',#2015,#2016,#872,.T.);
#2530=EDGE_CURVE('',#2011,#2016,#1076,.T.);
#2531=EDGE_CURVE('',#2017,#2011,#1077,.T.);
#2532=EDGE_CURVE('',#2017,#2018,#1078,.T.);
#2533=EDGE_CURVE('',#2019,#2018,#1079,.F.);
#2534=EDGE_CURVE('',#2019,#2020,#1080,.T.);
#2535=EDGE_CURVE('',#2020,#2021,#1081,.T.);
#2536=EDGE_CURVE('',#2021,#2022,#1082,.T.);
#2537=EDGE_CURVE('',#2022,#2023,#1083,.T.);
#2538=EDGE_CURVE('',#2024,#2023,#959,.T.);
#2539=EDGE_CURVE('',#2024,#2025,#1084,.T.);
#2540=EDGE_CURVE('',#2026,#2025,#960,.T.);
#2541=EDGE_CURVE('',#2026,#2027,#1085,.T.);
#2542=EDGE_CURVE('',#2027,#2028,#1086,.T.);
#2543=EDGE_CURVE('',#2028,#2029,#961,.T.);
#2544=EDGE_CURVE('',#2030,#2029,#1087,.T.);
#2545=EDGE_CURVE('',#2030,#2031,#1088,.T.);
#2546=EDGE_CURVE('',#2032,#2031,#1089,.T.);
#2547=EDGE_CURVE('',#2032,#2033,#1090,.T.);
#2548=EDGE_CURVE('',#2033,#2034,#1091,.T.);
#2549=EDGE_CURVE('',#2034,#2035,#1092,.T.);
#2550=EDGE_CURVE('',#2035,#2036,#1093,.T.);
#2551=EDGE_CURVE('',#2036,#2037,#1094,.T.);
#2552=EDGE_CURVE('',#2010,#2037,#158,.T.);
#2553=EDGE_CURVE('',#2038,#2038,#159,.T.);
#2554=EDGE_CURVE('',#2039,#2039,#160,.T.);
#2555=EDGE_CURVE('',#2040,#2040,#161,.T.);
#2556=EDGE_CURVE('',#2041,#2042,#1095,.T.);
#2557=EDGE_CURVE('',#2042,#2043,#1096,.T.);
#2558=EDGE_CURVE('',#2043,#2044,#1097,.T.);
#2559=EDGE_CURVE('',#2044,#2041,#1098,.T.);
#2560=EDGE_CURVE('',#2034,#2045,#1099,.T.);
#2561=EDGE_CURVE('',#2046,#2045,#1100,.T.);
#2562=EDGE_CURVE('',#2046,#2035,#1101,.T.);
#2563=EDGE_CURVE('',#2047,#2048,#1102,.T.);
#2564=EDGE_CURVE('',#2049,#2047,#1103,.T.);
#2565=EDGE_CURVE('',#2050,#2049,#1104,.T.);
#2566=EDGE_CURVE('',#2050,#2048,#1105,.T.);
#2567=EDGE_CURVE('',#2051,#2052,#1106,.T.);
#2568=EDGE_CURVE('',#2051,#2053,#1107,.T.);
#2569=EDGE_CURVE('',#2054,#2053,#1108,.T.);
#2570=EDGE_CURVE('',#2052,#2054,#1109,.T.);
#2571=EDGE_CURVE('',#2047,#2055,#1110,.T.);
#2572=EDGE_CURVE('',#2055,#2056,#1111,.T.);
#2573=EDGE_CURVE('',#2057,#2056,#162,.T.);
#2574=EDGE_CURVE('',#2057,#2058,#1112,.T.);
#2575=EDGE_CURVE('',#2059,#2058,#163,.T.);
#2576=EDGE_CURVE('',#2059,#2060,#1113,.T.);
#2577=EDGE_CURVE('',#2060,#2061,#1114,.T.);
#2578=EDGE_CURVE('',#2061,#2062,#1115,.T.);
#2579=EDGE_CURVE('',#2063,#2062,#164,.F.);
#2580=EDGE_CURVE('',#2063,#2064,#165,.T.);
#2581=EDGE_CURVE('',#2064,#2065,#1116,.T.);
#2582=EDGE_CURVE('',#2065,#2066,#166,.T.);
#2583=EDGE_CURVE('',#2066,#2049,#167,.T.);
#2584=EDGE_CURVE('',#2054,#2067,#168,.T.);
#2585=EDGE_CURVE('',#2067,#2068,#169,.T.);
#2586=EDGE_CURVE('',#2068,#2069,#1117,.T.);
#2587=EDGE_CURVE('',#2069,#2070,#1118,.T.);
#2588=EDGE_CURVE('',#2070,#2071,#1119,.T.);
#2589=EDGE_CURVE('',#2071,#2072,#873,.T.);
#2590=EDGE_CURVE('',#2072,#2052,#1120,.T.);
#2591=EDGE_CURVE('',#2066,#2073,#1121,.T.);
#2592=EDGE_CURVE('',#2073,#2050,#170,.T.);
#2593=EDGE_CURVE('',#2053,#2074,#171,.T.);
#2594=EDGE_CURVE('',#2074,#2067,#1122,.T.);
#2595=EDGE_CURVE('',#2075,#2076,#172,.T.);
#2596=EDGE_CURVE('',#2075,#2077,#1123,.T.);
#2597=EDGE_CURVE('',#2078,#2077,#173,.T.);
#2598=EDGE_CURVE('',#2078,#2079,#1124,.T.);
#2599=EDGE_CURVE('',#2080,#2079,#874,.T.);
#2600=EDGE_CURVE('',#2081,#2080,#174,.T.);
#2601=EDGE_CURVE('',#2082,#2081,#875,.T.);
#2602=EDGE_CURVE('',#2076,#2082,#876,.T.);
#2603=EDGE_CURVE('',#2076,#2083,#962,.T.);
#2604=EDGE_CURVE('',#2083,#2084,#1125,.T.);
#2605=EDGE_CURVE('',#2084,#2085,#1126,.T.);
#2606=EDGE_CURVE('',#2085,#2086,#1127,.T.);
#2607=EDGE_CURVE('',#2087,#2086,#175,.T.);
#2608=EDGE_CURVE('',#2087,#2088,#1128,.T.);
#2609=EDGE_CURVE('',#2089,#2088,#176,.T.);
#2610=EDGE_CURVE('',#2089,#2090,#1129,.T.);
#2611=EDGE_CURVE('',#2090,#2091,#1130,.T.);
#2612=EDGE_CURVE('',#2091,#2092,#1131,.T.);
#2613=EDGE_CURVE('',#2092,#2093,#1132,.T.);
#2614=EDGE_CURVE('',#2093,#2094,#1133,.T.);
#2615=EDGE_CURVE('',#2094,#2095,#177,.T.);
#2616=EDGE_CURVE('',#2095,#2075,#1134,.T.);
#2617=EDGE_CURVE('',#2096,#2095,#1135,.T.);
#2618=EDGE_CURVE('',#2077,#2096,#1136,.T.);
#2619=EDGE_CURVE('',#2097,#2098,#877,.T.);
#2620=EDGE_CURVE('',#2097,#2099,#1137,.T.);
#2621=EDGE_CURVE('',#2100,#2099,#178,.T.);
#2622=EDGE_CURVE('',#2098,#2100,#1138,.T.);
#2623=EDGE_CURVE('',#2101,#2097,#878,.T.);
#2624=EDGE_CURVE('',#2099,#2101,#1139,.T.);
#2625=EDGE_CURVE('',#2098,#2102,#879,.T.);
#2626=EDGE_CURVE('',#2102,#2100,#1140,.T.);
#2627=EDGE_CURVE('',#2102,#2101,#880,.T.);
#2628=EDGE_CURVE('',#2103,#2104,#1141,.T.);
#2629=EDGE_CURVE('',#2105,#2103,#1142,.T.);
#2630=EDGE_CURVE('',#2106,#2105,#1143,.T.);
#2631=EDGE_CURVE('',#2107,#2106,#1144,.T.);
#2632=EDGE_CURVE('',#2108,#2107,#1145,.T.);
#2633=EDGE_CURVE('',#2109,#2108,#1146,.T.);
#2634=EDGE_CURVE('',#2110,#2109,#1147,.T.);
#2635=EDGE_CURVE('',#2111,#2110,#1148,.T.);
#2636=EDGE_CURVE('',#2111,#2112,#1149,.T.);
#2637=EDGE_CURVE('',#2104,#2112,#1150,.T.);
#2638=EDGE_CURVE('',#2113,#2094,#1151,.T.);
#2639=EDGE_CURVE('',#2113,#2096,#179,.T.);
#2640=EDGE_CURVE('',#2114,#2115,#1152,.T.);
#2641=EDGE_CURVE('',#2115,#2116,#180,.T.);
#2642=EDGE_CURVE('',#2117,#2116,#1153,.T.);
#2643=EDGE_CURVE('',#2114,#2117,#181,.T.);
#2644=EDGE_CURVE('',#2118,#2114,#1154,.T.);
#2645=EDGE_CURVE('',#2117,#2119,#1155,.T.);
#2646=EDGE_CURVE('',#2119,#2120,#182,.T.);
#2647=EDGE_CURVE('',#2120,#2121,#1156,.T.);
#2648=EDGE_CURVE('',#2122,#2121,#1157,.T.);
#2649=EDGE_CURVE('',#2122,#2118,#963,.T.);
#2650=EDGE_CURVE('',#2123,#2082,#964,.T.);
#2651=EDGE_CURVE('',#2123,#2083,#1158,.T.);
#2652=EDGE_CURVE('',#2124,#2125,#965,.F.);
#2653=EDGE_CURVE('',#2126,#2124,#183,.T.);
#2654=EDGE_CURVE('',#2126,#2127,#881,.T.);
#2655=EDGE_CURVE('',#2127,#2128,#966,.T.);
#2656=EDGE_CURVE('',#2125,#2128,#184,.T.);
#2657=EDGE_CURVE('',#2129,#2074,#185,.T.);
#2658=EDGE_CURVE('',#2129,#2130,#1159,.T.);
#2659=EDGE_CURVE('',#2130,#2131,#967,.T.);
#2660=EDGE_CURVE('',#2131,#2068,#1160,.T.);
#2661=EDGE_CURVE('',#2073,#2132,#186,.T.);
#2662=EDGE_CURVE('',#2132,#2129,#1161,.T.);
#2663=EDGE_CURVE('',#2048,#2051,#1162,.T.);
#2664=EDGE_CURVE('',#2133,#2133,#187,.T.);
#2665=EDGE_CURVE('',#2065,#2134,#1163,.T.);
#2666=EDGE_CURVE('',#2134,#2135,#188,.T.);
#2667=EDGE_CURVE('',#2135,#2136,#968,.T.);
#2668=EDGE_CURVE('',#2136,#2132,#1164,.T.);
#2669=EDGE_CURVE('',#2137,#2113,#1165,.T.);
#2670=EDGE_CURVE('',#2104,#2137,#1166,.T.);
#2671=EDGE_CURVE('',#2112,#2138,#189,.T.);
#2672=EDGE_CURVE('',#2138,#2139,#1167,.T.);
#2673=EDGE_CURVE('',#2140,#2139,#882,.T.);
#2674=EDGE_CURVE('',#2116,#2140,#1168,.T.);
#2675=EDGE_CURVE('',#2115,#2078,#1169,.T.);
#2676=EDGE_CURVE('',#2141,#2141,#190,.T.);
#2677=EDGE_CURVE('',#2142,#2142,#191,.T.);
#2678=EDGE_CURVE('',#2143,#2118,#969,.T.);
#2679=EDGE_CURVE('',#2079,#2143,#883,.T.);
#2680=EDGE_CURVE('',#2143,#2144,#970,.T.);
#2681=EDGE_CURVE('',#2144,#2145,#192,.T.);
#2682=EDGE_CURVE('',#2145,#2080,#971,.T.);
#2683=EDGE_CURVE('',#2146,#2147,#193,.T.);
#2684=EDGE_CURVE('',#2148,#2146,#884,.T.);
#2685=EDGE_CURVE('',#2147,#2148,#194,.T.);
#2686=EDGE_CURVE('',#2147,#2149,#1170,.T.);
#2687=EDGE_CURVE('',#2149,#2149,#195,.T.);
#2688=EDGE_CURVE('',#2150,#2150,#196,.T.);
#2689=EDGE_CURVE('',#2151,#2148,#1171,.T.);
#2690=EDGE_CURVE('',#2152,#2151,#885,.T.);
#2691=EDGE_CURVE('',#2153,#2152,#1172,.T.);
#2692=EDGE_CURVE('',#2153,#2154,#1173,.T.);
#2693=EDGE_CURVE('',#2155,#2154,#972,.T.);
#2694=EDGE_CURVE('',#2155,#2156,#1174,.F.);
#2695=EDGE_CURVE('',#2157,#2156,#973,.T.);
#2696=EDGE_CURVE('',#2157,#2158,#1175,.T.);
#2697=EDGE_CURVE('',#2159,#2158,#1176,.T.);
#2698=EDGE_CURVE('',#2160,#2159,#886,.T.);
#2699=EDGE_CURVE('',#2146,#2160,#1177,.T.);
#2700=EDGE_CURVE('',#2161,#2162,#197,.T.);
#2701=EDGE_CURVE('',#2161,#2163,#1178,.T.);
#2702=EDGE_CURVE('',#2164,#2163,#198,.T.);
#2703=EDGE_CURVE('',#2164,#2165,#1179,.T.);
#2704=EDGE_CURVE('',#2166,#2165,#199,.T.);
#2705=EDGE_CURVE('',#2166,#2167,#1180,.T.);
#2706=EDGE_CURVE('',#2168,#2167,#200,.T.);
#2707=EDGE_CURVE('',#2168,#2162,#1181,.T.);
#2708=EDGE_CURVE('',#2160,#2169,#201,.T.);
#2709=EDGE_CURVE('',#2169,#2170,#1182,.T.);
#2710=EDGE_CURVE('',#2151,#2170,#202,.T.);
#2711=EDGE_CURVE('',#2171,#2172,#974,.T.);
#2712=EDGE_CURVE('',#2173,#2171,#975,.T.);
#2713=EDGE_CURVE('',#2174,#2173,#1183,.T.);
#2714=EDGE_CURVE('',#2175,#2174,#1184,.T.);
#2715=EDGE_CURVE('',#2175,#2176,#1185,.T.);
#2716=EDGE_CURVE('',#2176,#2177,#203,.T.);
#2717=EDGE_CURVE('',#2177,#2178,#1186,.T.);
#2718=EDGE_CURVE('',#2172,#2178,#1187,.T.);
#2719=EDGE_CURVE('',#2179,#2180,#204,.T.);
#2720=EDGE_CURVE('',#2180,#2177,#1188,.T.);
#2721=EDGE_CURVE('',#2179,#2176,#1189,.T.);
#2722=EDGE_CURVE('',#2181,#2182,#887,.F.);
#2723=EDGE_CURVE('',#2183,#2182,#205,.T.);
#2724=EDGE_CURVE('',#2183,#2184,#976,.T.);
#2725=EDGE_CURVE('',#2185,#2184,#888,.T.);
#2726=EDGE_CURVE('',#2185,#2186,#977,.T.);
#2727=EDGE_CURVE('',#2186,#2181,#889,.T.);
#2728=EDGE_CURVE('',#2187,#2174,#1190,.T.);
#2729=EDGE_CURVE('',#2188,#2187,#978,.T.);
#2730=EDGE_CURVE('',#2189,#2188,#1191,.T.);
#2731=EDGE_CURVE('',#2189,#2175,#1192,.T.);
#2732=EDGE_CURVE('',#2182,#2190,#979,.T.);
#2733=EDGE_CURVE('',#2190,#2145,#1193,.T.);
#2734=EDGE_CURVE('',#2144,#2183,#1194,.T.);
#2735=EDGE_CURVE('',#2190,#2191,#1195,.T.);
#2736=EDGE_CURVE('',#2191,#2192,#1196,.T.);
#2737=EDGE_CURVE('',#2014,#2192,#1197,.T.);
#2738=EDGE_CURVE('',#2081,#2013,#980,.T.);
#2739=EDGE_CURVE('',#2193,#2178,#1198,.T.);
#2740=EDGE_CURVE('',#2194,#2193,#1199,.T.);
#2741=EDGE_CURVE('',#2172,#2194,#981,.T.);
#2742=EDGE_CURVE('',#2181,#2195,#1200,.T.);
#2743=EDGE_CURVE('',#2195,#2180,#1201,.T.);
#2744=EDGE_CURVE('',#2196,#2179,#1202,.T.);
#2745=EDGE_CURVE('',#2196,#2191,#1203,.T.);
#2746=EDGE_CURVE('',#2193,#2197,#1204,.T.);
#2747=EDGE_CURVE('',#2197,#2195,#1205,.T.);
#2748=EDGE_CURVE('',#2198,#2186,#982,.T.);
#2749=EDGE_CURVE('',#2197,#2198,#1206,.T.);
#2750=EDGE_CURVE('',#2199,#2198,#983,.T.);
#2751=EDGE_CURVE('',#2200,#2199,#1207,.T.);
#2752=EDGE_CURVE('',#2200,#2201,#1208,.T.);
#2753=EDGE_CURVE('',#2201,#2202,#206,.T.);
#2754=EDGE_CURVE('',#2202,#2203,#1209,.T.);
#2755=EDGE_CURVE('',#2204,#2203,#1210,.T.);
#2756=EDGE_CURVE('',#2205,#2204,#984,.T.);
#2757=EDGE_CURVE('',#2205,#2206,#1211,.T.);
#2758=EDGE_CURVE('',#2206,#2189,#1212,.T.);
#2759=EDGE_CURVE('',#2207,#2188,#985,.T.);
#2760=EDGE_CURVE('',#2194,#2207,#986,.T.);
#2761=EDGE_CURVE('',#2208,#2185,#987,.T.);
#2762=EDGE_CURVE('',#2208,#2209,#1213,.T.);
#2763=EDGE_CURVE('',#2209,#2210,#988,.T.);
#2764=EDGE_CURVE('',#2199,#2210,#989,.F.);
#2765=EDGE_CURVE('',#2171,#2207,#990,.T.);
#2766=EDGE_CURVE('',#2206,#2196,#1214,.T.);
#2767=EDGE_CURVE('',#2192,#2205,#991,.T.);
#2768=EDGE_CURVE('',#2187,#2173,#1215,.T.);
#2769=EDGE_CURVE('',#2211,#2204,#992,.F.);
#2770=EDGE_CURVE('',#2211,#2212,#993,.T.);
#2771=EDGE_CURVE('',#2213,#2212,#994,.F.);
#2772=EDGE_CURVE('',#2213,#2214,#995,.T.);
#2773=EDGE_CURVE('',#2214,#2215,#1216,.T.);
#2774=EDGE_CURVE('',#2215,#2015,#890,.T.);
#2775=EDGE_CURVE('',#2216,#2200,#1217,.T.);
#2776=EDGE_CURVE('',#2210,#2216,#1218,.T.);
#2777=EDGE_CURVE('',#2217,#2216,#1219,.T.);
#2778=EDGE_CURVE('',#2218,#2217,#1220,.T.);
#2779=EDGE_CURVE('',#2219,#2218,#1221,.T.);
#2780=EDGE_CURVE('',#2219,#2201,#1222,.T.);
#2781=EDGE_CURVE('',#2220,#2209,#1223,.T.);
#2782=EDGE_CURVE('',#2221,#2220,#1224,.T.);
#2783=EDGE_CURVE('',#2217,#2221,#1225,.T.);
#2784=EDGE_CURVE('',#2221,#2222,#1226,.F.);
#2785=EDGE_CURVE('',#2222,#2218,#1227,.T.);
#2786=EDGE_CURVE('',#2203,#2223,#1228,.T.);
#2787=EDGE_CURVE('',#2223,#2211,#1229,.T.);
#2788=EDGE_CURVE('',#2224,#2223,#1230,.T.);
#2789=EDGE_CURVE('',#2212,#2224,#1231,.T.);
#2790=EDGE_CURVE('',#2225,#2202,#1232,.T.);
#2791=EDGE_CURVE('',#2226,#2225,#1233,.T.);
#2792=EDGE_CURVE('',#2224,#2226,#1234,.T.);
#2793=EDGE_CURVE('',#2226,#2213,#1235,.T.);
#2794=EDGE_CURVE('',#2225,#2219,#207,.T.);
#2795=EDGE_CURVE('',#2227,#2222,#1236,.T.);
#2796=EDGE_CURVE('',#2228,#2227,#208,.T.);
#2797=EDGE_CURVE('',#2214,#2228,#1237,.T.);
#2798=EDGE_CURVE('',#2228,#2229,#996,.T.);
#2799=EDGE_CURVE('',#2230,#2229,#1238,.T.);
#2800=EDGE_CURVE('',#2230,#2215,#997,.T.);
#2801=EDGE_CURVE('',#2231,#2227,#1239,.T.);
#2802=EDGE_CURVE('',#2232,#2231,#998,.T.);
#2803=EDGE_CURVE('',#2233,#2232,#1240,.T.);
#2804=EDGE_CURVE('',#2234,#2233,#999,.T.);
#2805=EDGE_CURVE('',#2020,#2234,#1000,.T.);
#2806=EDGE_CURVE('',#2235,#2019,#1001,.T.);
#2807=EDGE_CURVE('',#2236,#2235,#1241,.T.);
#2808=EDGE_CURVE('',#2237,#2236,#1002,.T.);
#2809=EDGE_CURVE('',#2229,#2237,#1242,.T.);
#2810=EDGE_CURVE('',#2220,#2238,#1243,.T.);
#2811=EDGE_CURVE('',#2238,#2239,#891,.T.);
#2812=EDGE_CURVE('',#2239,#2240,#1244,.T.);
#2813=EDGE_CURVE('',#2240,#2241,#892,.T.);
#2814=EDGE_CURVE('',#2241,#2242,#1245,.T.);
#2815=EDGE_CURVE('',#2242,#2243,#1246,.T.);
#2816=EDGE_CURVE('',#2243,#2244,#1247,.F.);
#2817=EDGE_CURVE('',#2244,#2245,#893,.F.);
#2818=EDGE_CURVE('',#2246,#2245,#1248,.T.);
#2819=EDGE_CURVE('',#2246,#2247,#894,.F.);
#2820=EDGE_CURVE('',#2231,#2247,#1249,.T.);
#2821=EDGE_CURVE('',#2208,#2248,#895,.T.);
#2822=EDGE_CURVE('',#2248,#2249,#1250,.T.);
#2823=EDGE_CURVE('',#2238,#2249,#1251,.T.);
#2824=EDGE_CURVE('',#2141,#2250,#1252,.T.);
#2825=EDGE_CURVE('',#2250,#2250,#209,.T.);
#2826=EDGE_CURVE('',#2251,#2251,#210,.T.);
#2827=EDGE_CURVE('',#2251,#2252,#1253,.T.);
#2828=EDGE_CURVE('',#2253,#2252,#896,.T.);
#2829=EDGE_CURVE('',#2252,#2253,#897,.T.);
#2830=EDGE_CURVE('',#2122,#2144,#1254,.T.);
#2831=EDGE_CURVE('',#2125,#2157,#1255,.T.);
#2832=EDGE_CURVE('',#2156,#2124,#1256,.T.);
#2833=EDGE_CURVE('',#2127,#2254,#1257,.T.);
#2834=EDGE_CURVE('',#2255,#2254,#1258,.T.);
#2835=EDGE_CURVE('',#2256,#2255,#1259,.T.);
#2836=EDGE_CURVE('',#2128,#2256,#1260,.T.);
#2837=EDGE_CURVE('',#2123,#2013,#898,.T.);
#2838=EDGE_CURVE('',#2257,#2153,#1003,.T.);
#2839=EDGE_CURVE('',#2152,#2258,#211,.T.);
#2840=EDGE_CURVE('',#2258,#2259,#1261,.T.);
#2841=EDGE_CURVE('',#2259,#2257,#899,.T.);
#2842=EDGE_CURVE('',#2170,#2258,#900,.T.);
#2843=EDGE_CURVE('',#2159,#2260,#212,.T.);
#2844=EDGE_CURVE('',#2260,#2169,#901,.T.);
#2845=EDGE_CURVE('',#2261,#2262,#902,.T.);
#2846=EDGE_CURVE('',#2262,#2260,#1262,.T.);
#2847=EDGE_CURVE('',#2158,#2261,#1004,.T.);
#2848=EDGE_CURVE('',#2263,#2257,#903,.T.);
#2849=EDGE_CURVE('',#2264,#2263,#1005,.T.);
#2850=EDGE_CURVE('',#2265,#2264,#1263,.T.);
#2851=EDGE_CURVE('',#2154,#2265,#1264,.T.);
#2852=EDGE_CURVE('',#2266,#2259,#1265,.T.);
#2853=EDGE_CURVE('',#2267,#2266,#904,.T.);
#2854=EDGE_CURVE('',#2263,#2267,#905,.T.);
#2855=EDGE_CURVE('',#2268,#2269,#1266,.T.);
#2856=EDGE_CURVE('',#2268,#2270,#1267,.T.);
#2857=EDGE_CURVE('',#2270,#2271,#1268,.T.);
#2858=EDGE_CURVE('',#2271,#2269,#1269,.T.);
#2859=EDGE_CURVE('',#2272,#2273,#1270,.T.);
#2860=EDGE_CURVE('',#2274,#2273,#213,.T.);
#2861=EDGE_CURVE('',#2274,#2270,#1271,.T.);
#2862=EDGE_CURVE('',#2275,#2270,#1272,.T.);
#2863=EDGE_CURVE('',#2276,#2275,#1273,.T.);
#2864=EDGE_CURVE('',#2276,#2277,#1274,.T.);
#2865=EDGE_CURVE('',#2278,#2277,#1275,.T.);
#2866=EDGE_CURVE('',#2279,#2278,#1006,.T.);
#2867=EDGE_CURVE('',#2280,#2279,#1276,.T.);
#2868=EDGE_CURVE('',#2281,#2280,#1007,.T.);
#2869=EDGE_CURVE('',#2282,#2281,#1277,.T.);
#2870=EDGE_CURVE('',#2282,#2283,#1278,.T.);
#2871=EDGE_CURVE('',#2284,#2283,#1279,.T.);
#2872=EDGE_CURVE('',#2268,#2284,#1280,.T.);
#2873=EDGE_CURVE('',#2268,#2285,#1281,.T.);
#2874=EDGE_CURVE('',#2272,#2285,#214,.T.);
#2875=EDGE_CURVE('',#2286,#2274,#1282,.T.);
#2876=EDGE_CURVE('',#2286,#2271,#1283,.T.);
#2877=EDGE_CURVE('',#2287,#2288,#215,.T.);
#2878=EDGE_CURVE('',#2288,#2289,#1284,.T.);
#2879=EDGE_CURVE('',#2289,#2290,#1008,.F.);
#2880=EDGE_CURVE('',#2290,#2287,#1285,.T.);
#2881=EDGE_CURVE('',#2291,#2292,#906,.F.);
#2882=EDGE_CURVE('',#2292,#2288,#1009,.T.);
#2883=EDGE_CURVE('',#2287,#2291,#1010,.T.);
#2884=EDGE_CURVE('',#2287,#2293,#1286,.T.);
#2885=EDGE_CURVE('',#2294,#2293,#1011,.T.);
#2886=EDGE_CURVE('',#2295,#2294,#1012,.T.);
#2887=EDGE_CURVE('',#2295,#2296,#1287,.T.);
#2888=EDGE_CURVE('',#2291,#2296,#1013,.T.);
#2889=EDGE_CURVE('',#2297,#2290,#1288,.T.);
#2890=EDGE_CURVE('',#2293,#2297,#1289,.T.);
#2891=EDGE_CURVE('',#2298,#2299,#1014,.T.);
#2892=EDGE_CURVE('',#2299,#2300,#216,.T.);
#2893=EDGE_CURVE('',#2300,#2301,#1015,.T.);
#2894=EDGE_CURVE('',#2301,#2298,#907,.T.);
#2895=EDGE_CURVE('',#2301,#2302,#1016,.T.);
#2896=EDGE_CURVE('',#2302,#2303,#908,.F.);
#2897=EDGE_CURVE('',#2303,#2304,#909,.F.);
#2898=EDGE_CURVE('',#2304,#2305,#1017,.T.);
#2899=EDGE_CURVE('',#2305,#2298,#910,.T.);
#2900=EDGE_CURVE('',#2306,#2300,#911,.F.);
#2901=EDGE_CURVE('',#2299,#2306,#1018,.T.);
#2902=EDGE_CURVE('',#2307,#2305,#1290,.T.);
#2903=EDGE_CURVE('',#2070,#2307,#1019,.F.);
#2904=EDGE_CURVE('',#2306,#2069,#1291,.T.);
#2905=EDGE_CURVE('',#2304,#2307,#1020,.T.);
#2906=EDGE_CURVE('',#2308,#2309,#912,.F.);
#2907=EDGE_CURVE('',#2309,#2310,#217,.T.);
#2908=EDGE_CURVE('',#2310,#2311,#1021,.T.);
#2909=EDGE_CURVE('',#2311,#2312,#913,.F.);
#2910=EDGE_CURVE('',#2312,#2308,#1022,.T.);
#2911=EDGE_CURVE('',#2313,#2310,#1023,.F.);
#2912=EDGE_CURVE('',#2309,#2313,#1292,.F.);
#2913=EDGE_CURVE('',#2308,#2314,#1293,.T.);
#2914=EDGE_CURVE('',#2315,#2312,#1294,.T.);
#2915=EDGE_CURVE('',#2316,#2315,#1295,.T.);
#2916=EDGE_CURVE('',#2314,#2316,#1296,.T.);
#2917=EDGE_CURVE('',#2317,#2318,#1024,.T.);
#2918=EDGE_CURVE('',#2248,#2318,#914,.T.);
#2919=EDGE_CURVE('',#2184,#2317,#915,.T.);
#2920=EDGE_CURVE('',#2319,#2317,#1297,.F.);
#2921=EDGE_CURVE('',#2319,#2318,#1025,.T.);
#2922=EDGE_CURVE('',#2121,#2319,#1026,.T.);
#2923=EDGE_CURVE('',#2275,#2320,#1027,.T.);
#2924=EDGE_CURVE('',#2321,#2284,#1028,.T.);
#2925=EDGE_CURVE('',#2254,#2321,#916,.T.);
#2926=EDGE_CURVE('',#2322,#2126,#1298,.T.);
#2927=EDGE_CURVE('',#2323,#2322,#917,.T.);
#2928=EDGE_CURVE('',#2324,#2323,#1299,.T.);
#2929=EDGE_CURVE('',#2320,#2324,#918,.T.);
#2930=EDGE_CURVE('',#2325,#2326,#919,.T.);
#2931=EDGE_CURVE('',#2326,#2325,#920,.T.);
#2932=EDGE_CURVE('',#2327,#2327,#218,.T.);
#2933=EDGE_CURVE('',#2327,#2326,#1300,.T.);
#2934=EDGE_CURVE('',#2124,#2328,#1301,.T.);
#2935=EDGE_CURVE('',#2328,#2322,#219,.T.);
#2936=EDGE_CURVE('',#2321,#2329,#1302,.T.);
#2937=EDGE_CURVE('',#2329,#2255,#220,.T.);
#2938=EDGE_CURVE('',#2283,#2021,#1029,.T.);
#2939=EDGE_CURVE('',#2330,#2234,#1303,.T.);
#2940=EDGE_CURVE('',#2329,#2330,#1030,.T.);
#2941=EDGE_CURVE('',#2265,#2328,#1031,.F.);
#2942=EDGE_CURVE('',#2331,#2265,#221,.T.);
#2943=EDGE_CURVE('',#2331,#2323,#1032,.T.);
#2944=EDGE_CURVE('',#2264,#2332,#222,.T.);
#2945=EDGE_CURVE('',#2332,#2331,#1304,.T.);
#2946=EDGE_CURVE('',#2263,#2333,#223,.T.);
#2947=EDGE_CURVE('',#2333,#2332,#1033,.T.);
#2948=EDGE_CURVE('',#2267,#2334,#224,.T.);
#2949=EDGE_CURVE('',#2334,#2333,#921,.T.);
#2950=EDGE_CURVE('',#2266,#2335,#922,.T.);
#2951=EDGE_CURVE('',#2335,#2334,#923,.T.);
#2952=EDGE_CURVE('',#2328,#2155,#1305,.T.);
#2953=EDGE_CURVE('',#2256,#2336,#225,.T.);
#2954=EDGE_CURVE('',#2336,#2125,#1306,.T.);
#2955=EDGE_CURVE('',#2337,#2338,#226,.T.);
#2956=EDGE_CURVE('',#2338,#2336,#1034,.T.);
#2957=EDGE_CURVE('',#2256,#2337,#1035,.T.);
#2958=EDGE_CURVE('',#2339,#2340,#227,.T.);
#2959=EDGE_CURVE('',#2340,#2338,#924,.T.);
#2960=EDGE_CURVE('',#2337,#2339,#925,.T.);
#2961=EDGE_CURVE('',#2341,#2342,#926,.T.);
#2962=EDGE_CURVE('',#2342,#2340,#927,.T.);
#2963=EDGE_CURVE('',#2339,#2341,#928,.T.);
#2964=EDGE_CURVE('',#2343,#2334,#1036,.T.);
#2965=EDGE_CURVE('',#2344,#2343,#1037,.T.);
#2966=EDGE_CURVE('',#2344,#2332,#1307,.T.);
#2967=EDGE_CURVE('',#2335,#2345,#1038,.T.);
#2968=EDGE_CURVE('',#2345,#2343,#929,.T.);
#2969=EDGE_CURVE('',#2324,#2344,#1308,.T.);
#2970=EDGE_CURVE('',#2261,#2338,#930,.T.);
#2971=EDGE_CURVE('',#2342,#2262,#1309,.T.);
#2972=EDGE_CURVE('',#2346,#2233,#1310,.T.);
#2973=EDGE_CURVE('',#2346,#2260,#1311,.T.);
#2974=EDGE_CURVE('',#2330,#2341,#1039,.T.);
#2975=EDGE_CURVE('',#2347,#2258,#1312,.F.);
#2976=EDGE_CURVE('',#2348,#2347,#1313,.T.);
#2977=EDGE_CURVE('',#2348,#2349,#1040,.T.);
#2978=EDGE_CURVE('',#2349,#2345,#1314,.T.);
#2979=EDGE_CURVE('',#2350,#2320,#1315,.T.);
#2980=EDGE_CURVE('',#2345,#2350,#1041,.T.);
#2981=EDGE_CURVE('',#2351,#2349,#1042,.T.);
#2982=EDGE_CURVE('',#2028,#2351,#1316,.T.);
#2983=EDGE_CURVE('',#2028,#2276,#1043,.T.);
#2984=EDGE_CURVE('',#2350,#2344,#228,.T.);
#2985=EDGE_CURVE('',#2339,#2352,#1044,.T.);
#2986=EDGE_CURVE('',#2352,#2330,#931,.T.);
#2987=EDGE_CURVE('',#2352,#2255,#1045,.T.);
#2988=EDGE_CURVE('',#2316,#2353,#1046,.T.);
#2989=EDGE_CURVE('',#2354,#2315,#1047,.T.);
#2990=EDGE_CURVE('',#2355,#2354,#932,.F.);
#2991=EDGE_CURVE('',#2355,#2353,#1317,.T.);
#2992=EDGE_CURVE('',#2353,#2356,#1318,.T.);
#2993=EDGE_CURVE('',#2357,#2356,#1319,.T.);
#2994=EDGE_CURVE('',#2358,#2357,#1320,.T.);
#2995=EDGE_CURVE('',#2359,#2358,#1321,.T.);
#2996=EDGE_CURVE('',#2360,#2359,#1322,.T.);
#2997=EDGE_CURVE('',#2361,#2360,#1323,.T.);
#2998=EDGE_CURVE('',#2361,#2310,#1048,.T.);
#2999=EDGE_CURVE('',#2313,#2314,#1324,.T.);
#3000=EDGE_CURVE('',#2355,#2362,#1049,.T.);
#3001=EDGE_CURVE('',#2356,#2362,#1325,.T.);
#3002=EDGE_CURVE('',#2363,#2300,#1050,.T.);
#3003=EDGE_CURVE('',#2363,#2302,#1326,.T.);
#3004=EDGE_CURVE('',#2364,#2297,#1051,.T.);
#3005=EDGE_CURVE('',#2364,#2294,#1327,.T.);
#3006=EDGE_CURVE('',#2365,#2296,#1328,.T.);
#3007=EDGE_CURVE('',#2366,#2365,#1329,.T.);
#3008=EDGE_CURVE('',#2367,#2366,#1330,.T.);
#3009=EDGE_CURVE('',#2367,#2368,#1331,.T.);
#3010=EDGE_CURVE('',#2369,#2368,#1332,.T.);
#3011=EDGE_CURVE('',#2370,#2369,#1333,.T.);
#3012=EDGE_CURVE('',#2370,#2292,#1334,.T.);
#3013=EDGE_CURVE('',#2363,#2371,#1335,.T.);
#3014=EDGE_CURVE('',#2365,#2371,#1336,.T.);
#3015=EDGE_CURVE('',#2295,#2372,#1337,.T.);
#3016=EDGE_CURVE('',#2372,#2242,#1052,.T.);
#3017=EDGE_CURVE('',#2241,#2373,#1338,.T.);
#3018=EDGE_CURVE('',#2373,#2303,#1339,.T.);
#3019=EDGE_CURVE('',#2374,#2364,#1340,.T.);
#3020=EDGE_CURVE('',#2375,#2374,#1341,.T.);
#3021=EDGE_CURVE('',#2372,#2375,#1053,.T.);
#3022=EDGE_CURVE('',#2376,#2028,#1342,.T.);
#3023=EDGE_CURVE('',#2376,#2377,#1343,.T.);
#3024=EDGE_CURVE('',#2028,#2377,#1344,.T.);
#3025=EDGE_CURVE('',#2378,#2351,#1345,.T.);
#3026=EDGE_CURVE('',#2378,#2376,#1346,.T.);
#3027=EDGE_CURVE('',#2378,#2379,#1054,.T.);
#3028=EDGE_CURVE('',#2380,#2379,#1347,.F.);
#3029=EDGE_CURVE('',#2380,#2030,#1348,.T.);
#3030=EDGE_CURVE('',#2029,#2377,#1055,.T.);
#3031=EDGE_CURVE('',#2381,#2348,#1349,.T.);
#3032=EDGE_CURVE('',#2243,#2381,#1056,.T.);
#3033=EDGE_CURVE('',#2375,#2382,#1350,.T.);
#3034=EDGE_CURVE('',#2383,#2382,#1057,.T.);
#3035=EDGE_CURVE('',#2379,#2383,#1351,.T.);
#3036=EDGE_CURVE('',#2031,#2384,#1352,.T.);
#3037=EDGE_CURVE('',#2383,#2384,#1353,.T.);
#3038=EDGE_CURVE('',#2382,#2385,#1354,.T.);
#3039=EDGE_CURVE('',#2385,#2386,#1058,.T.);
#3040=EDGE_CURVE('',#2386,#2032,#1355,.T.);
#3041=EDGE_CURVE('',#2385,#2362,#1059,.T.);
#3042=EDGE_CURVE('',#2386,#2354,#1060,.T.);
#3043=EDGE_CURVE('',#2286,#2387,#229,.T.);
#3044=EDGE_CURVE('',#2388,#2387,#1356,.T.);
#3045=EDGE_CURVE('',#2388,#2389,#230,.T.);
#3046=EDGE_CURVE('',#2269,#2389,#1357,.T.);
#3047=EDGE_CURVE('',#2390,#2390,#231,.T.);
#3048=EDGE_CURVE('',#2391,#2391,#232,.T.);
#3049=EDGE_CURVE('',#2043,#2392,#1358,.T.);
#3050=EDGE_CURVE('',#2042,#2393,#1359,.T.);
#3051=EDGE_CURVE('',#2393,#2392,#1360,.T.);
#3052=EDGE_CURVE('',#2394,#2357,#1361,.T.);
#3053=EDGE_CURVE('',#2395,#2394,#1362,.T.);
#3054=EDGE_CURVE('',#2358,#2395,#1363,.T.);
#3055=EDGE_CURVE('',#2289,#2396,#1364,.T.);
#3056=EDGE_CURVE('',#2397,#2396,#1365,.T.);
#3057=EDGE_CURVE('',#2398,#2397,#1366,.T.);
#3058=EDGE_CURVE('',#2395,#2398,#1367,.T.);
#3059=EDGE_CURVE('',#2374,#2394,#1368,.T.);
#3060=EDGE_CURVE('',#2018,#2399,#1369,.T.);
#3061=EDGE_CURVE('',#2399,#2235,#1370,.T.);
#3062=EDGE_CURVE('',#2400,#2237,#1371,.T.);
#3063=EDGE_CURVE('',#2230,#2400,#1061,.T.);
#3064=EDGE_CURVE('',#2016,#2400,#1062,.T.);
#3065=EDGE_CURVE('',#2401,#2236,#1372,.T.);
#3066=EDGE_CURVE('',#2401,#2017,#1373,.T.);
#3067=EDGE_CURVE('',#2312,#2402,#1374,.T.);
#3068=EDGE_CURVE('',#2403,#2402,#1375,.T.);
#3069=EDGE_CURVE('',#2403,#2404,#1376,.T.);
#3070=EDGE_CURVE('',#2404,#2033,#1377,.T.);
#3071=EDGE_CURVE('',#2405,#2361,#1063,.T.);
#3072=EDGE_CURVE('',#2406,#2405,#933,.T.);
#3073=EDGE_CURVE('',#2406,#2311,#1378,.T.);
#3074=EDGE_CURVE('',#2407,#2012,#1064,.T.);
#3075=EDGE_CURVE('',#2408,#2407,#1379,.T.);
#3076=EDGE_CURVE('',#2409,#2408,#1380,.T.);
#3077=EDGE_CURVE('',#2062,#2409,#1065,.T.);
#3078=EDGE_CURVE('',#2410,#2061,#1381,.T.);
#3079=EDGE_CURVE('',#2411,#2410,#1382,.T.);
#3080=EDGE_CURVE('',#2084,#2411,#1383,.T.);
#3081=EDGE_CURVE('',#2412,#2406,#1066,.T.);
#3082=EDGE_CURVE('',#2413,#2412,#1067,.T.);
#3083=EDGE_CURVE('',#2402,#2413,#1384,.T.);
#3084=EDGE_CURVE('',#2060,#2414,#1385,.T.);
#3085=EDGE_CURVE('',#2414,#2415,#1386,.T.);
#3086=EDGE_CURVE('',#2410,#2415,#1387,.T.);
#3087=EDGE_CURVE('',#2408,#2416,#1388,.T.);
#3088=EDGE_CURVE('',#2416,#2417,#1389,.T.);
#3089=EDGE_CURVE('',#2409,#2417,#1390,.T.);
#3090=EDGE_CURVE('',#2037,#2407,#1391,.T.);
#3091=EDGE_CURVE('',#2412,#2418,#1392,.T.);
#3092=EDGE_CURVE('',#2418,#2419,#233,.T.);
#3093=EDGE_CURVE('',#2419,#2413,#1393,.T.);
#3094=EDGE_CURVE('',#2360,#2405,#234,.T.);
#3095=EDGE_CURVE('',#2359,#2418,#235,.T.);
#3096=EDGE_CURVE('',#2419,#2403,#1394,.T.);
#3097=EDGE_CURVE('',#2388,#2272,#1395,.T.);
#3098=EDGE_CURVE('',#2285,#2389,#1396,.T.);
#3099=EDGE_CURVE('',#2273,#2387,#1397,.T.);
#3100=EDGE_CURVE('',#2277,#2027,#1068,.T.);
#3101=EDGE_CURVE('',#2022,#2282,#1069,.T.);
#3102=EDGE_CURVE('',#2278,#2026,#1398,.T.);
#3103=EDGE_CURVE('',#2023,#2281,#1399,.T.);
#3104=EDGE_CURVE('',#2041,#2420,#1400,.T.);
#3105=EDGE_CURVE('',#2420,#2393,#1401,.T.);
#3106=EDGE_CURVE('',#2044,#2421,#1402,.T.);
#3107=EDGE_CURVE('',#2421,#2420,#1403,.T.);
#3108=EDGE_CURVE('',#2392,#2421,#1404,.T.);
#3109=EDGE_CURVE('',#2025,#2279,#1405,.T.);
#3110=EDGE_CURVE('',#2280,#2024,#1406,.T.);
#3111=EDGE_CURVE('',#2384,#2380,#1407,.T.);
#3112=EDGE_CURVE('',#2399,#2401,#1408,.T.);
#3113=EDGE_CURVE('',#2390,#2422,#1409,.T.);
#3114=EDGE_CURVE('',#2422,#2422,#236,.T.);
#3115=EDGE_CURVE('',#2423,#2423,#237,.T.);
#3116=EDGE_CURVE('',#2391,#2424,#1410,.T.);
#3117=EDGE_CURVE('',#2424,#2424,#238,.T.);
#3118=EDGE_CURVE('',#2425,#2425,#239,.T.);
#3119=EDGE_CURVE('',#2396,#2370,#1411,.T.);
#3120=EDGE_CURVE('',#2426,#2397,#240,.T.);
#3121=EDGE_CURVE('',#2426,#2427,#1412,.T.);
#3122=EDGE_CURVE('',#2427,#2398,#241,.T.);
#3123=EDGE_CURVE('',#2369,#2426,#1413,.T.);
#3124=EDGE_CURVE('',#2368,#2427,#1414,.T.);
#3125=EDGE_CURVE('',#2428,#2428,#242,.T.);
#3126=EDGE_CURVE('',#2429,#2429,#243,.T.);
#3127=EDGE_CURVE('',#2430,#2430,#244,.T.);
#3128=EDGE_CURVE('',#2430,#2150,#1415,.T.);
#3129=EDGE_CURVE('',#2431,#2431,#245,.T.);
#3130=EDGE_CURVE('',#2431,#2428,#1416,.T.);
#3131=EDGE_CURVE('',#2432,#2432,#246,.T.);
#3132=EDGE_CURVE('',#2432,#2429,#1417,.T.);
#3133=EDGE_CURVE('',#2433,#2433,#247,.T.);
#3134=EDGE_CURVE('',#2434,#2434,#248,.T.);
#3135=EDGE_CURVE('',#2434,#2425,#1418,.T.);
#3136=EDGE_CURVE('',#2435,#2435,#249,.T.);
#3137=EDGE_CURVE('',#2435,#2423,#1419,.T.);
#3138=EDGE_CURVE('',#2436,#2436,#250,.T.);
#3139=EDGE_CURVE('',#2437,#2437,#251,.T.);
#3140=EDGE_CURVE('',#2438,#2111,#252,.T.);
#3141=EDGE_CURVE('',#2110,#2439,#1420,.T.);
#3142=EDGE_CURVE('',#2439,#2440,#1421,.T.);
#3143=EDGE_CURVE('',#2440,#2441,#934,.T.);
#3144=EDGE_CURVE('',#2441,#2438,#1422,.T.);
#3145=EDGE_CURVE('',#2442,#2443,#1423,.T.);
#3146=EDGE_CURVE('',#2444,#2443,#1424,.T.);
#3147=EDGE_CURVE('',#2445,#2444,#1425,.T.);
#3148=EDGE_CURVE('',#2442,#2445,#1426,.T.);
#3149=EDGE_CURVE('',#2445,#2446,#1427,.T.);
#3150=EDGE_CURVE('',#2446,#2447,#1428,.T.);
#3151=EDGE_CURVE('',#2447,#2442,#1429,.T.);
#3152=EDGE_CURVE('',#2446,#2448,#1430,.T.);
#3153=EDGE_CURVE('',#2449,#2448,#1431,.T.);
#3154=EDGE_CURVE('',#2447,#2449,#1432,.T.);
#3155=EDGE_CURVE('',#2448,#2450,#1433,.T.);
#3156=EDGE_CURVE('',#2450,#2451,#1434,.T.);
#3157=EDGE_CURVE('',#2451,#2449,#1435,.T.);
#3158=EDGE_CURVE('',#2450,#2452,#1436,.T.);
#3159=EDGE_CURVE('',#2452,#2453,#253,.T.);
#3160=EDGE_CURVE('',#2453,#2451,#1437,.T.);
#3161=EDGE_CURVE('',#2454,#2455,#254,.T.);
#3162=EDGE_CURVE('',#2456,#2454,#935,.T.);
#3163=EDGE_CURVE('',#2457,#2456,#936,.T.);
#3164=EDGE_CURVE('',#2458,#2457,#937,.T.);
#3165=EDGE_CURVE('',#2455,#2458,#255,.T.);
#3166=EDGE_CURVE('',#2455,#2433,#1438,.T.);
#3167=EDGE_CURVE('',#2459,#2460,#1439,.T.);
#3168=EDGE_CURVE('',#2460,#2461,#1440,.T.);
#3169=EDGE_CURVE('',#2461,#2454,#1070,.T.);
#3170=EDGE_CURVE('',#2458,#2459,#938,.T.);
#3171=EDGE_CURVE('',#2462,#2456,#256,.T.);
#3172=EDGE_CURVE('',#2463,#2462,#1441,.T.);
#3173=EDGE_CURVE('',#2463,#2457,#257,.T.);
#3174=EDGE_CURVE('',#2464,#2459,#939,.T.);
#3175=EDGE_CURVE('',#2464,#2463,#940,.T.);
#3176=EDGE_CURVE('',#2465,#2453,#1442,.T.);
#3177=EDGE_CURVE('',#2466,#2452,#1443,.T.);
#3178=EDGE_CURVE('',#2465,#2466,#258,.T.);
#3179=EDGE_CURVE('',#2467,#2441,#941,.T.);
#3180=EDGE_CURVE('',#2440,#2468,#942,.T.);
#3181=EDGE_CURVE('',#2467,#2468,#943,.T.);
#3182=EDGE_CURVE('',#2469,#2469,#259,.T.);
#3183=EDGE_CURVE('',#2470,#2470,#260,.T.);
#3184=EDGE_CURVE('',#2471,#2471,#261,.T.);
#3185=EDGE_CURVE('',#2133,#2436,#1444,.T.);
#3186=EDGE_CURVE('',#2119,#2472,#944,.T.);
#3187=EDGE_CURVE('',#2249,#2472,#262,.T.);
#3188=EDGE_CURVE('',#2249,#2120,#263,.T.);
#3189=EDGE_CURVE('',#2142,#2437,#1445,.T.);
#3190=EDGE_CURVE('',#2472,#2140,#945,.F.);
#3191=EDGE_CURVE('',#2139,#2467,#946,.T.);
#3192=EDGE_CURVE('',#2138,#2438,#1446,.T.);
#3193=EDGE_CURVE('',#2473,#2474,#264,.T.);
#3194=EDGE_CURVE('',#2475,#2474,#1447,.T.);
#3195=EDGE_CURVE('',#2476,#2475,#265,.T.);
#3196=EDGE_CURVE('',#2476,#2473,#1448,.T.);
#3197=EDGE_CURVE('',#2477,#2170,#1449,.T.);
#3198=EDGE_CURVE('',#2347,#2477,#947,.T.);
#3199=EDGE_CURVE('',#2478,#2169,#1450,.F.);
#3200=EDGE_CURVE('',#2477,#2478,#1451,.T.);
#3201=EDGE_CURVE('',#2478,#2346,#948,.T.);
#3202=EDGE_CURVE('',#2479,#2480,#266,.T.);
#3203=EDGE_CURVE('',#2479,#2481,#1452,.T.);
#3204=EDGE_CURVE('',#2481,#2482,#267,.T.);
#3205=EDGE_CURVE('',#2482,#2480,#1453,.T.);
#3206=EDGE_CURVE('',#2483,#2109,#1454,.T.);
#3207=EDGE_CURVE('',#2483,#2439,#1455,.T.);
#3208=EDGE_CURVE('',#2468,#2465,#949,.T.);
#3209=EDGE_CURVE('',#2484,#2483,#1456,.T.);
#3210=EDGE_CURVE('',#2443,#2484,#1457,.T.);
#3211=EDGE_CURVE('',#2484,#2485,#1458,.T.);
#3212=EDGE_CURVE('',#2485,#2444,#1459,.T.);
#3213=EDGE_CURVE('',#2486,#2485,#1460,.T.);
#3214=EDGE_CURVE('',#2460,#2486,#1461,.T.);
#3215=EDGE_CURVE('',#2466,#2464,#950,.T.);
#3216=EDGE_CURVE('',#2461,#2487,#951,.T.);
#3217=EDGE_CURVE('',#2462,#2487,#1071,.T.);
#3218=EDGE_CURVE('',#2488,#2486,#1462,.T.);
#3219=EDGE_CURVE('',#2487,#2488,#952,.F.);
#3220=EDGE_CURVE('',#2247,#2489,#1463,.T.);
#3221=EDGE_CURVE('',#2489,#2232,#1464,.F.);
#3222=EDGE_CURVE('',#2490,#2489,#953,.F.);
#3223=EDGE_CURVE('',#2246,#2490,#1465,.T.);
#3224=EDGE_CURVE('',#2491,#2490,#1466,.F.);
#3225=EDGE_CURVE('',#2245,#2491,#1467,.T.);
#3226=EDGE_CURVE('',#2492,#2491,#954,.F.);
#3227=EDGE_CURVE('',#2244,#2492,#1468,.T.);
#3228=EDGE_CURVE('',#2240,#2462,#1469,.T.);
#3229=EDGE_CURVE('',#2239,#2463,#1470,.T.);
#3230=EDGE_CURVE('',#2381,#2492,#1471,.F.);
#3231=EDGE_CURVE('',#2040,#2469,#1472,.T.);
#3232=EDGE_CURVE('',#2039,#2470,#1473,.T.);
#3233=EDGE_CURVE('',#2038,#2471,#1474,.T.);
#3234=EDGE_CURVE('',#2493,#2137,#1475,.T.);
#3235=EDGE_CURVE('',#2103,#2493,#1476,.T.);
#3236=EDGE_CURVE('',#2494,#2493,#1477,.T.);
#3237=EDGE_CURVE('',#2105,#2494,#1478,.T.);
#3238=EDGE_CURVE('',#2495,#2494,#1479,.T.);
#3239=EDGE_CURVE('',#2106,#2495,#1480,.T.);
#3240=EDGE_CURVE('',#2496,#2495,#1481,.T.);
#3241=EDGE_CURVE('',#2107,#2496,#1482,.T.);
#3242=EDGE_CURVE('',#2497,#2496,#1483,.T.);
#3243=EDGE_CURVE('',#2108,#2497,#1484,.T.);
#3244=EDGE_CURVE('',#2498,#2481,#1485,.T.);
#3245=EDGE_CURVE('',#2498,#2499,#268,.T.);
#3246=EDGE_CURVE('',#2499,#2482,#1486,.T.);
#3247=EDGE_CURVE('',#2500,#2501,#269,.T.);
#3248=EDGE_CURVE('',#2474,#2501,#1487,.T.);
#3249=EDGE_CURVE('',#2500,#2473,#1488,.T.);
#3250=EDGE_CURVE('',#2502,#2503,#1489,.T.);
#3251=EDGE_CURVE('',#2503,#2504,#1490,.T.);
#3252=EDGE_CURVE('',#2504,#2500,#1491,.T.);
#3253=EDGE_CURVE('',#2502,#2476,#1492,.T.);
#3254=EDGE_CURVE('',#2415,#2501,#1493,.T.);
#3255=EDGE_CURVE('',#2414,#2505,#1494,.T.);
#3256=EDGE_CURVE('',#2505,#2475,#1495,.T.);
#3257=EDGE_CURVE('',#2505,#2502,#270,.T.);
#3258=EDGE_CURVE('',#2506,#2507,#1496,.T.);
#3259=EDGE_CURVE('',#2506,#2480,#1497,.T.);
#3260=EDGE_CURVE('',#2508,#2499,#1498,.T.);
#3261=EDGE_CURVE('',#2507,#2508,#1499,.T.);
#3262=EDGE_CURVE('',#2509,#2506,#271,.T.);
#3263=EDGE_CURVE('',#2509,#2479,#1500,.T.);
#3264=EDGE_CURVE('',#2510,#2509,#1501,.T.);
#3265=EDGE_CURVE('',#2510,#2511,#1502,.T.);
#3266=EDGE_CURVE('',#2511,#2498,#1503,.T.);
#3267=EDGE_CURVE('',#2512,#2513,#1504,.T.);
#3268=EDGE_CURVE('',#2513,#2514,#1505,.T.);
#3269=EDGE_CURVE('',#2488,#2514,#272,.T.);
#3270=EDGE_CURVE('',#2515,#2497,#1506,.T.);
#3271=EDGE_CURVE('',#2515,#2512,#1507,.T.);
#3272=EDGE_CURVE('',#2130,#2136,#1508,.T.);
#3273=EDGE_CURVE('',#2045,#2516,#1509,.T.);
#3274=EDGE_CURVE('',#2516,#2517,#1510,.T.);
#3275=EDGE_CURVE('',#2517,#2046,#1511,.T.);
#3276=EDGE_CURVE('',#2518,#2517,#1512,.T.);
#3277=EDGE_CURVE('',#2036,#2518,#1513,.T.);
#3278=EDGE_CURVE('',#2131,#2135,#1514,.T.);
#3279=EDGE_CURVE('',#2514,#2519,#955,.T.);
#3280=EDGE_CURVE('',#2519,#2373,#956,.T.);
#3281=EDGE_CURVE('',#2516,#2404,#1515,.T.);
#3282=EDGE_CURVE('',#2064,#2520,#1516,.T.);
#3283=EDGE_CURVE('',#2520,#2134,#1517,.T.);
#3284=EDGE_CURVE('',#2521,#2063,#1518,.T.);
#3285=EDGE_CURVE('',#2521,#2520,#273,.T.);
#3286=EDGE_CURVE('',#2417,#2521,#274,.T.);
#3287=EDGE_CURVE('',#2518,#2416,#1519,.T.);
#3288=EDGE_CURVE('',#2515,#2093,#1520,.T.);
#3289=EDGE_CURVE('',#2092,#2512,#1521,.T.);
#3290=EDGE_CURVE('',#2511,#2513,#1522,.T.);
#3291=EDGE_CURVE('',#2091,#2508,#1523,.T.);
#3292=EDGE_CURVE('',#2507,#2090,#1524,.T.);
#3293=EDGE_CURVE('',#2163,#2089,#1525,.T.);
#3294=EDGE_CURVE('',#2088,#2164,#1526,.T.);
#3295=EDGE_CURVE('',#2165,#2087,#1527,.T.);
#3296=EDGE_CURVE('',#2086,#2166,#1528,.T.);
#3297=EDGE_CURVE('',#2504,#2411,#1529,.T.);
#3298=EDGE_CURVE('',#2503,#2085,#1530,.T.);
#3299=EDGE_CURVE('',#2167,#2059,#1531,.T.);
#3300=EDGE_CURVE('',#2058,#2168,#1532,.T.);
#3301=EDGE_CURVE('',#2162,#2057,#1533,.T.);
#3302=EDGE_CURVE('',#2056,#2161,#1534,.T.);
#3303=EDGE_CURVE('',#2055,#2510,#1535,.T.);
#3304=EDGE_CURVE('',#2519,#2072,#957,.T.);
#3305=EDGE_CURVE('',#2373,#2071,#275,.T.);
#3306=EDGE_CURVE('',#2367,#2522,#1536,.T.);
#3307=EDGE_CURVE('',#2131,#2522,#1537,.T.);
#3308=EDGE_CURVE('',#2523,#2366,#1538,.T.);
#3309=EDGE_CURVE('',#2522,#2523,#1539,.T.);
#3310=EDGE_CURVE('',#2371,#2523,#1540,.T.);
#3311=ORIENTED_EDGE('',*,*,#2524,.F.);
#3312=ORIENTED_EDGE('',*,*,#2525,.F.);
#3313=ORIENTED_EDGE('',*,*,#2526,.T.);
#3314=ORIENTED_EDGE('',*,*,#2527,.T.);
#3315=ORIENTED_EDGE('',*,*,#2528,.T.);
#3316=ORIENTED_EDGE('',*,*,#2529,.T.);
#3317=ORIENTED_EDGE('',*,*,#2530,.F.);
#3318=ORIENTED_EDGE('',*,*,#2531,.F.);
#3319=ORIENTED_EDGE('',*,*,#2532,.T.);
#3320=ORIENTED_EDGE('',*,*,#2533,.F.);
#3321=ORIENTED_EDGE('',*,*,#2534,.T.);
#3322=ORIENTED_EDGE('',*,*,#2535,.T.);
#3323=ORIENTED_EDGE('',*,*,#2536,.T.);
#3324=ORIENTED_EDGE('',*,*,#2537,.T.);
#3325=ORIENTED_EDGE('',*,*,#2538,.F.);
#3326=ORIENTED_EDGE('',*,*,#2539,.T.);
#3327=ORIENTED_EDGE('',*,*,#2540,.F.);
#3328=ORIENTED_EDGE('',*,*,#2541,.T.);
#3329=ORIENTED_EDGE('',*,*,#2542,.T.);
#3330=ORIENTED_EDGE('',*,*,#2543,.T.);
#3331=ORIENTED_EDGE('',*,*,#2544,.F.);
#3332=ORIENTED_EDGE('',*,*,#2545,.T.);
#3333=ORIENTED_EDGE('',*,*,#2546,.F.);
#3334=ORIENTED_EDGE('',*,*,#2547,.T.);
#3335=ORIENTED_EDGE('',*,*,#2548,.T.);
#3336=ORIENTED_EDGE('',*,*,#2549,.T.);
#3337=ORIENTED_EDGE('',*,*,#2550,.T.);
#3338=ORIENTED_EDGE('',*,*,#2551,.T.);
#3339=ORIENTED_EDGE('',*,*,#2552,.F.);
#3340=ORIENTED_EDGE('',*,*,#2524,.T.);
#3341=ORIENTED_EDGE('',*,*,#2553,.F.);
#3342=ORIENTED_EDGE('',*,*,#2554,.F.);
#3343=ORIENTED_EDGE('',*,*,#2555,.F.);
#3344=ORIENTED_EDGE('',*,*,#2556,.T.);
#3345=ORIENTED_EDGE('',*,*,#2557,.T.);
#3346=ORIENTED_EDGE('',*,*,#2558,.T.);
#3347=ORIENTED_EDGE('',*,*,#2559,.T.);
#3348=ORIENTED_EDGE('',*,*,#2549,.F.);
#3349=ORIENTED_EDGE('',*,*,#2560,.T.);
#3350=ORIENTED_EDGE('',*,*,#2561,.F.);
#3351=ORIENTED_EDGE('',*,*,#2562,.T.);
#3352=ORIENTED_EDGE('',*,*,#2563,.F.);
#3353=ORIENTED_EDGE('',*,*,#2564,.F.);
#3354=ORIENTED_EDGE('',*,*,#2565,.F.);
#3355=ORIENTED_EDGE('',*,*,#2566,.T.);
#3356=ORIENTED_EDGE('',*,*,#2567,.F.);
#3357=ORIENTED_EDGE('',*,*,#2568,.T.);
#3358=ORIENTED_EDGE('',*,*,#2569,.F.);
#3359=ORIENTED_EDGE('',*,*,#2570,.F.);
#3360=ORIENTED_EDGE('',*,*,#2564,.T.);
#3361=ORIENTED_EDGE('',*,*,#2571,.T.);
#3362=ORIENTED_EDGE('',*,*,#2572,.T.);
#3363=ORIENTED_EDGE('',*,*,#2573,.F.);
#3364=ORIENTED_EDGE('',*,*,#2574,.T.);
#3365=ORIENTED_EDGE('',*,*,#2575,.F.);
#3366=ORIENTED_EDGE('',*,*,#2576,.T.);
#3367=ORIENTED_EDGE('',*,*,#2577,.T.);
#3368=ORIENTED_EDGE('',*,*,#2578,.T.);
#3369=ORIENTED_EDGE('',*,*,#2579,.F.);
#3370=ORIENTED_EDGE('',*,*,#2580,.T.);
#3371=ORIENTED_EDGE('',*,*,#2581,.T.);
#3372=ORIENTED_EDGE('',*,*,#2582,.T.);
#3373=ORIENTED_EDGE('',*,*,#2583,.T.);
#3374=ORIENTED_EDGE('',*,*,#2570,.T.);
#3375=ORIENTED_EDGE('',*,*,#2584,.T.);
#3376=ORIENTED_EDGE('',*,*,#2585,.T.);
#3377=ORIENTED_EDGE('',*,*,#2586,.T.);
#3378=ORIENTED_EDGE('',*,*,#2587,.T.);
#3379=ORIENTED_EDGE('',*,*,#2588,.T.);
#3380=ORIENTED_EDGE('',*,*,#2589,.T.);
#3381=ORIENTED_EDGE('',*,*,#2590,.T.);
#3382=ORIENTED_EDGE('',*,*,#2565,.T.);
#3383=ORIENTED_EDGE('',*,*,#2583,.F.);
#3384=ORIENTED_EDGE('',*,*,#2591,.T.);
#3385=ORIENTED_EDGE('',*,*,#2592,.T.);
#3386=ORIENTED_EDGE('',*,*,#2569,.T.);
#3387=ORIENTED_EDGE('',*,*,#2593,.T.);
#3388=ORIENTED_EDGE('',*,*,#2594,.T.);
#3389=ORIENTED_EDGE('',*,*,#2584,.F.);
#3390=ORIENTED_EDGE('',*,*,#2595,.F.);
#3391=ORIENTED_EDGE('',*,*,#2596,.T.);
#3392=ORIENTED_EDGE('',*,*,#2597,.F.);
#3393=ORIENTED_EDGE('',*,*,#2598,.T.);
#3394=ORIENTED_EDGE('',*,*,#2599,.F.);
#3395=ORIENTED_EDGE('',*,*,#2600,.F.);
#3396=ORIENTED_EDGE('',*,*,#2601,.F.);
#3397=ORIENTED_EDGE('',*,*,#2602,.F.);
#3398=ORIENTED_EDGE('',*,*,#2595,.T.);
#3399=ORIENTED_EDGE('',*,*,#2603,.T.);
#3400=ORIENTED_EDGE('',*,*,#2604,.T.);
#3401=ORIENTED_EDGE('',*,*,#2605,.T.);
#3402=ORIENTED_EDGE('',*,*,#2606,.T.);
#3403=ORIENTED_EDGE('',*,*,#2607,.F.);
#3404=ORIENTED_EDGE('',*,*,#2608,.T.);
#3405=ORIENTED_EDGE('',*,*,#2609,.F.);
#3406=ORIENTED_EDGE('',*,*,#2610,.T.);
#3407=ORIENTED_EDGE('',*,*,#2611,.T.);
#3408=ORIENTED_EDGE('',*,*,#2612,.T.);
#3409=ORIENTED_EDGE('',*,*,#2613,.T.);
#3410=ORIENTED_EDGE('',*,*,#2614,.T.);
#3411=ORIENTED_EDGE('',*,*,#2615,.T.);
#3412=ORIENTED_EDGE('',*,*,#2616,.T.);
#3413=ORIENTED_EDGE('',*,*,#2616,.F.);
#3414=ORIENTED_EDGE('',*,*,#2617,.F.);
#3415=ORIENTED_EDGE('',*,*,#2618,.F.);
#3416=ORIENTED_EDGE('',*,*,#2596,.F.);
#3417=ORIENTED_EDGE('',*,*,#2619,.F.);
#3418=ORIENTED_EDGE('',*,*,#2620,.T.);
#3419=ORIENTED_EDGE('',*,*,#2621,.F.);
#3420=ORIENTED_EDGE('',*,*,#2622,.F.);
#3421=ORIENTED_EDGE('',*,*,#2623,.F.);
#3422=ORIENTED_EDGE('',*,*,#2624,.F.);
#3423=ORIENTED_EDGE('',*,*,#2620,.F.);
#3424=ORIENTED_EDGE('',*,*,#2625,.F.);
#3425=ORIENTED_EDGE('',*,*,#2622,.T.);
#3426=ORIENTED_EDGE('',*,*,#2626,.F.);
#3427=ORIENTED_EDGE('',*,*,#2627,.F.);
#3428=ORIENTED_EDGE('',*,*,#2626,.T.);
#3429=ORIENTED_EDGE('',*,*,#2621,.T.);
#3430=ORIENTED_EDGE('',*,*,#2624,.T.);
#3431=ORIENTED_EDGE('',*,*,#2628,.F.);
#3432=ORIENTED_EDGE('',*,*,#2629,.F.);
#3433=ORIENTED_EDGE('',*,*,#2630,.F.);
#3434=ORIENTED_EDGE('',*,*,#2631,.F.);
#3435=ORIENTED_EDGE('',*,*,#2632,.F.);
#3436=ORIENTED_EDGE('',*,*,#2633,.F.);
#3437=ORIENTED_EDGE('',*,*,#2634,.F.);
#3438=ORIENTED_EDGE('',*,*,#2635,.F.);
#3439=ORIENTED_EDGE('',*,*,#2636,.T.);
#3440=ORIENTED_EDGE('',*,*,#2637,.F.);
#3441=ORIENTED_EDGE('',*,*,#2617,.T.);
#3442=ORIENTED_EDGE('',*,*,#2615,.F.);
#3443=ORIENTED_EDGE('',*,*,#2638,.F.);
#3444=ORIENTED_EDGE('',*,*,#2639,.T.);
#3445=ORIENTED_EDGE('',*,*,#2640,.T.);
#3446=ORIENTED_EDGE('',*,*,#2641,.T.);
#3447=ORIENTED_EDGE('',*,*,#2642,.F.);
#3448=ORIENTED_EDGE('',*,*,#2643,.F.);
#3449=ORIENTED_EDGE('',*,*,#2644,.T.);
#3450=ORIENTED_EDGE('',*,*,#2643,.T.);
#3451=ORIENTED_EDGE('',*,*,#2645,.T.);
#3452=ORIENTED_EDGE('',*,*,#2646,.T.);
#3453=ORIENTED_EDGE('',*,*,#2647,.T.);
#3454=ORIENTED_EDGE('',*,*,#2648,.F.);
#3455=ORIENTED_EDGE('',*,*,#2649,.T.);
#3456=ORIENTED_EDGE('',*,*,#2602,.T.);
#3457=ORIENTED_EDGE('',*,*,#2650,.F.);
#3458=ORIENTED_EDGE('',*,*,#2651,.T.);
#3459=ORIENTED_EDGE('',*,*,#2603,.F.);
#3460=ORIENTED_EDGE('',*,*,#2652,.F.);
#3461=ORIENTED_EDGE('',*,*,#2653,.F.);
#3462=ORIENTED_EDGE('',*,*,#2654,.T.);
#3463=ORIENTED_EDGE('',*,*,#2655,.T.);
#3464=ORIENTED_EDGE('',*,*,#2656,.F.);
#3465=ORIENTED_EDGE('',*,*,#2657,.F.);
#3466=ORIENTED_EDGE('',*,*,#2658,.T.);
#3467=ORIENTED_EDGE('',*,*,#2659,.T.);
#3468=ORIENTED_EDGE('',*,*,#2660,.T.);
#3469=ORIENTED_EDGE('',*,*,#2585,.F.);
#3470=ORIENTED_EDGE('',*,*,#2594,.F.);
#3471=ORIENTED_EDGE('',*,*,#2661,.T.);
#3472=ORIENTED_EDGE('',*,*,#2662,.T.);
#3473=ORIENTED_EDGE('',*,*,#2657,.T.);
#3474=ORIENTED_EDGE('',*,*,#2593,.F.);
#3475=ORIENTED_EDGE('',*,*,#2568,.F.);
#3476=ORIENTED_EDGE('',*,*,#2663,.F.);
#3477=ORIENTED_EDGE('',*,*,#2566,.F.);
#3478=ORIENTED_EDGE('',*,*,#2592,.F.);
#3479=ORIENTED_EDGE('',*,*,#2664,.F.);
#3480=ORIENTED_EDGE('',*,*,#2661,.F.);
#3481=ORIENTED_EDGE('',*,*,#2591,.F.);
#3482=ORIENTED_EDGE('',*,*,#2582,.F.);
#3483=ORIENTED_EDGE('',*,*,#2665,.T.);
#3484=ORIENTED_EDGE('',*,*,#2666,.T.);
#3485=ORIENTED_EDGE('',*,*,#2667,.T.);
#3486=ORIENTED_EDGE('',*,*,#2668,.T.);
#3487=ORIENTED_EDGE('',*,*,#2618,.T.);
#3488=ORIENTED_EDGE('',*,*,#2639,.F.);
#3489=ORIENTED_EDGE('',*,*,#2669,.F.);
#3490=ORIENTED_EDGE('',*,*,#2670,.F.);
#3491=ORIENTED_EDGE('',*,*,#2637,.T.);
#3492=ORIENTED_EDGE('',*,*,#2671,.T.);
#3493=ORIENTED_EDGE('',*,*,#2672,.T.);
#3494=ORIENTED_EDGE('',*,*,#2673,.F.);
#3495=ORIENTED_EDGE('',*,*,#2674,.F.);
#3496=ORIENTED_EDGE('',*,*,#2641,.F.);
#3497=ORIENTED_EDGE('',*,*,#2675,.T.);
#3498=ORIENTED_EDGE('',*,*,#2597,.T.);
#3499=ORIENTED_EDGE('',*,*,#2676,.T.);
#3500=ORIENTED_EDGE('',*,*,#2677,.F.);
#3501=ORIENTED_EDGE('',*,*,#2675,.F.);
#3502=ORIENTED_EDGE('',*,*,#2640,.F.);
#3503=ORIENTED_EDGE('',*,*,#2644,.F.);
#3504=ORIENTED_EDGE('',*,*,#2678,.F.);
#3505=ORIENTED_EDGE('',*,*,#2679,.F.);
#3506=ORIENTED_EDGE('',*,*,#2598,.F.);
#3507=ORIENTED_EDGE('',*,*,#2679,.T.);
#3508=ORIENTED_EDGE('',*,*,#2680,.T.);
#3509=ORIENTED_EDGE('',*,*,#2681,.T.);
#3510=ORIENTED_EDGE('',*,*,#2682,.T.);
#3511=ORIENTED_EDGE('',*,*,#2599,.T.);
#3512=ORIENTED_EDGE('',*,*,#2683,.F.);
#3513=ORIENTED_EDGE('',*,*,#2684,.F.);
#3514=ORIENTED_EDGE('',*,*,#2685,.F.);
#3515=ORIENTED_EDGE('',*,*,#2686,.T.);
#3516=ORIENTED_EDGE('',*,*,#2687,.T.);
#3517=ORIENTED_EDGE('',*,*,#2686,.F.);
#3518=ORIENTED_EDGE('',*,*,#2687,.F.);
#3519=ORIENTED_EDGE('',*,*,#2688,.F.);
#3520=ORIENTED_EDGE('',*,*,#2683,.T.);
#3521=ORIENTED_EDGE('',*,*,#2685,.T.);
#3522=ORIENTED_EDGE('',*,*,#2689,.F.);
#3523=ORIENTED_EDGE('',*,*,#2690,.F.);
#3524=ORIENTED_EDGE('',*,*,#2691,.F.);
#3525=ORIENTED_EDGE('',*,*,#2692,.T.);
#3526=ORIENTED_EDGE('',*,*,#2693,.F.);
#3527=ORIENTED_EDGE('',*,*,#2694,.T.);
#3528=ORIENTED_EDGE('',*,*,#2695,.F.);
#3529=ORIENTED_EDGE('',*,*,#2696,.T.);
#3530=ORIENTED_EDGE('',*,*,#2697,.F.);
#3531=ORIENTED_EDGE('',*,*,#2698,.F.);
#3532=ORIENTED_EDGE('',*,*,#2699,.F.);
#3533=ORIENTED_EDGE('',*,*,#2700,.F.);
#3534=ORIENTED_EDGE('',*,*,#2701,.T.);
#3535=ORIENTED_EDGE('',*,*,#2702,.F.);
#3536=ORIENTED_EDGE('',*,*,#2703,.T.);
#3537=ORIENTED_EDGE('',*,*,#2704,.F.);
#3538=ORIENTED_EDGE('',*,*,#2705,.T.);
#3539=ORIENTED_EDGE('',*,*,#2706,.F.);
#3540=ORIENTED_EDGE('',*,*,#2707,.T.);
#3541=ORIENTED_EDGE('',*,*,#2684,.T.);
#3542=ORIENTED_EDGE('',*,*,#2699,.T.);
#3543=ORIENTED_EDGE('',*,*,#2708,.T.);
#3544=ORIENTED_EDGE('',*,*,#2709,.T.);
#3545=ORIENTED_EDGE('',*,*,#2710,.F.);
#3546=ORIENTED_EDGE('',*,*,#2689,.T.);
#3547=ORIENTED_EDGE('',*,*,#2711,.F.);
#3548=ORIENTED_EDGE('',*,*,#2712,.F.);
#3549=ORIENTED_EDGE('',*,*,#2713,.F.);
#3550=ORIENTED_EDGE('',*,*,#2714,.F.);
#3551=ORIENTED_EDGE('',*,*,#2715,.T.);
#3552=ORIENTED_EDGE('',*,*,#2716,.T.);
#3553=ORIENTED_EDGE('',*,*,#2717,.T.);
#3554=ORIENTED_EDGE('',*,*,#2718,.F.);
#3555=ORIENTED_EDGE('',*,*,#2719,.T.);
#3556=ORIENTED_EDGE('',*,*,#2720,.T.);
#3557=ORIENTED_EDGE('',*,*,#2716,.F.);
#3558=ORIENTED_EDGE('',*,*,#2721,.F.);
#3559=ORIENTED_EDGE('',*,*,#2722,.T.);
#3560=ORIENTED_EDGE('',*,*,#2723,.F.);
#3561=ORIENTED_EDGE('',*,*,#2724,.T.);
#3562=ORIENTED_EDGE('',*,*,#2725,.F.);
#3563=ORIENTED_EDGE('',*,*,#2726,.T.);
#3564=ORIENTED_EDGE('',*,*,#2727,.T.);
#3565=ORIENTED_EDGE('',*,*,#2714,.T.);
#3566=ORIENTED_EDGE('',*,*,#2728,.F.);
#3567=ORIENTED_EDGE('',*,*,#2729,.F.);
#3568=ORIENTED_EDGE('',*,*,#2730,.F.);
#3569=ORIENTED_EDGE('',*,*,#2731,.T.);
#3570=ORIENTED_EDGE('',*,*,#2732,.T.);
#3571=ORIENTED_EDGE('',*,*,#2733,.T.);
#3572=ORIENTED_EDGE('',*,*,#2681,.F.);
#3573=ORIENTED_EDGE('',*,*,#2734,.T.);
#3574=ORIENTED_EDGE('',*,*,#2723,.T.);
#3575=ORIENTED_EDGE('',*,*,#2735,.T.);
#3576=ORIENTED_EDGE('',*,*,#2736,.T.);
#3577=ORIENTED_EDGE('',*,*,#2737,.F.);
#3578=ORIENTED_EDGE('',*,*,#2527,.F.);
#3579=ORIENTED_EDGE('',*,*,#2738,.F.);
#3580=ORIENTED_EDGE('',*,*,#2600,.T.);
#3581=ORIENTED_EDGE('',*,*,#2682,.F.);
#3582=ORIENTED_EDGE('',*,*,#2733,.F.);
#3583=ORIENTED_EDGE('',*,*,#2718,.T.);
#3584=ORIENTED_EDGE('',*,*,#2739,.F.);
#3585=ORIENTED_EDGE('',*,*,#2740,.F.);
#3586=ORIENTED_EDGE('',*,*,#2741,.F.);
#3587=ORIENTED_EDGE('',*,*,#2722,.F.);
#3588=ORIENTED_EDGE('',*,*,#2742,.T.);
#3589=ORIENTED_EDGE('',*,*,#2743,.T.);
#3590=ORIENTED_EDGE('',*,*,#2719,.F.);
#3591=ORIENTED_EDGE('',*,*,#2744,.F.);
#3592=ORIENTED_EDGE('',*,*,#2745,.T.);
#3593=ORIENTED_EDGE('',*,*,#2735,.F.);
#3594=ORIENTED_EDGE('',*,*,#2732,.F.);
#3595=ORIENTED_EDGE('',*,*,#2746,.F.);
#3596=ORIENTED_EDGE('',*,*,#2739,.T.);
#3597=ORIENTED_EDGE('',*,*,#2717,.F.);
#3598=ORIENTED_EDGE('',*,*,#2720,.F.);
#3599=ORIENTED_EDGE('',*,*,#2743,.F.);
#3600=ORIENTED_EDGE('',*,*,#2747,.F.);
#3601=ORIENTED_EDGE('',*,*,#2748,.F.);
#3602=ORIENTED_EDGE('',*,*,#2749,.F.);
#3603=ORIENTED_EDGE('',*,*,#2747,.T.);
#3604=ORIENTED_EDGE('',*,*,#2742,.F.);
#3605=ORIENTED_EDGE('',*,*,#2727,.F.);
#3606=ORIENTED_EDGE('',*,*,#2740,.T.);
#3607=ORIENTED_EDGE('',*,*,#2746,.T.);
#3608=ORIENTED_EDGE('',*,*,#2749,.T.);
#3609=ORIENTED_EDGE('',*,*,#2750,.F.);
#3610=ORIENTED_EDGE('',*,*,#2751,.F.);
#3611=ORIENTED_EDGE('',*,*,#2752,.T.);
#3612=ORIENTED_EDGE('',*,*,#2753,.T.);
#3613=ORIENTED_EDGE('',*,*,#2754,.T.);
#3614=ORIENTED_EDGE('',*,*,#2755,.F.);
#3615=ORIENTED_EDGE('',*,*,#2756,.F.);
#3616=ORIENTED_EDGE('',*,*,#2757,.T.);
#3617=ORIENTED_EDGE('',*,*,#2758,.T.);
#3618=ORIENTED_EDGE('',*,*,#2730,.T.);
#3619=ORIENTED_EDGE('',*,*,#2759,.F.);
#3620=ORIENTED_EDGE('',*,*,#2760,.F.);
#3621=ORIENTED_EDGE('',*,*,#2748,.T.);
#3622=ORIENTED_EDGE('',*,*,#2726,.F.);
#3623=ORIENTED_EDGE('',*,*,#2761,.F.);
#3624=ORIENTED_EDGE('',*,*,#2762,.T.);
#3625=ORIENTED_EDGE('',*,*,#2763,.T.);
#3626=ORIENTED_EDGE('',*,*,#2764,.F.);
#3627=ORIENTED_EDGE('',*,*,#2750,.T.);
#3628=ORIENTED_EDGE('',*,*,#2711,.T.);
#3629=ORIENTED_EDGE('',*,*,#2741,.T.);
#3630=ORIENTED_EDGE('',*,*,#2760,.T.);
#3631=ORIENTED_EDGE('',*,*,#2765,.F.);
#3632=ORIENTED_EDGE('',*,*,#2758,.F.);
#3633=ORIENTED_EDGE('',*,*,#2766,.T.);
#3634=ORIENTED_EDGE('',*,*,#2744,.T.);
#3635=ORIENTED_EDGE('',*,*,#2721,.T.);
#3636=ORIENTED_EDGE('',*,*,#2715,.F.);
#3637=ORIENTED_EDGE('',*,*,#2731,.F.);
#3638=ORIENTED_EDGE('',*,*,#2736,.F.);
#3639=ORIENTED_EDGE('',*,*,#2745,.F.);
#3640=ORIENTED_EDGE('',*,*,#2766,.F.);
#3641=ORIENTED_EDGE('',*,*,#2757,.F.);
#3642=ORIENTED_EDGE('',*,*,#2767,.F.);
#3643=ORIENTED_EDGE('',*,*,#2713,.T.);
#3644=ORIENTED_EDGE('',*,*,#2768,.F.);
#3645=ORIENTED_EDGE('',*,*,#2728,.T.);
#3646=ORIENTED_EDGE('',*,*,#2767,.T.);
#3647=ORIENTED_EDGE('',*,*,#2756,.T.);
#3648=ORIENTED_EDGE('',*,*,#2769,.F.);
#3649=ORIENTED_EDGE('',*,*,#2770,.T.);
#3650=ORIENTED_EDGE('',*,*,#2771,.F.);
#3651=ORIENTED_EDGE('',*,*,#2772,.T.);
#3652=ORIENTED_EDGE('',*,*,#2773,.T.);
#3653=ORIENTED_EDGE('',*,*,#2774,.T.);
#3654=ORIENTED_EDGE('',*,*,#2528,.F.);
#3655=ORIENTED_EDGE('',*,*,#2737,.T.);
#3656=ORIENTED_EDGE('',*,*,#2775,.T.);
#3657=ORIENTED_EDGE('',*,*,#2751,.T.);
#3658=ORIENTED_EDGE('',*,*,#2764,.T.);
#3659=ORIENTED_EDGE('',*,*,#2776,.T.);
#3660=ORIENTED_EDGE('',*,*,#2775,.F.);
#3661=ORIENTED_EDGE('',*,*,#2777,.F.);
#3662=ORIENTED_EDGE('',*,*,#2778,.F.);
#3663=ORIENTED_EDGE('',*,*,#2779,.F.);
#3664=ORIENTED_EDGE('',*,*,#2780,.T.);
#3665=ORIENTED_EDGE('',*,*,#2752,.F.);
#3666=ORIENTED_EDGE('',*,*,#2776,.F.);
#3667=ORIENTED_EDGE('',*,*,#2763,.F.);
#3668=ORIENTED_EDGE('',*,*,#2781,.F.);
#3669=ORIENTED_EDGE('',*,*,#2782,.F.);
#3670=ORIENTED_EDGE('',*,*,#2783,.F.);
#3671=ORIENTED_EDGE('',*,*,#2777,.T.);
#3672=ORIENTED_EDGE('',*,*,#2778,.T.);
#3673=ORIENTED_EDGE('',*,*,#2783,.T.);
#3674=ORIENTED_EDGE('',*,*,#2784,.T.);
#3675=ORIENTED_EDGE('',*,*,#2785,.T.);
#3676=ORIENTED_EDGE('',*,*,#2786,.T.);
#3677=ORIENTED_EDGE('',*,*,#2787,.T.);
#3678=ORIENTED_EDGE('',*,*,#2769,.T.);
#3679=ORIENTED_EDGE('',*,*,#2755,.T.);
#3680=ORIENTED_EDGE('',*,*,#2787,.F.);
#3681=ORIENTED_EDGE('',*,*,#2788,.F.);
#3682=ORIENTED_EDGE('',*,*,#2789,.F.);
#3683=ORIENTED_EDGE('',*,*,#2770,.F.);
#3684=ORIENTED_EDGE('',*,*,#2786,.F.);
#3685=ORIENTED_EDGE('',*,*,#2754,.F.);
#3686=ORIENTED_EDGE('',*,*,#2790,.F.);
#3687=ORIENTED_EDGE('',*,*,#2791,.F.);
#3688=ORIENTED_EDGE('',*,*,#2792,.F.);
#3689=ORIENTED_EDGE('',*,*,#2788,.T.);
#3690=ORIENTED_EDGE('',*,*,#2792,.T.);
#3691=ORIENTED_EDGE('',*,*,#2793,.T.);
#3692=ORIENTED_EDGE('',*,*,#2771,.T.);
#3693=ORIENTED_EDGE('',*,*,#2789,.T.);
#3694=ORIENTED_EDGE('',*,*,#2794,.F.);
#3695=ORIENTED_EDGE('',*,*,#2790,.T.);
#3696=ORIENTED_EDGE('',*,*,#2753,.F.);
#3697=ORIENTED_EDGE('',*,*,#2780,.F.);
#3698=ORIENTED_EDGE('',*,*,#2785,.F.);
#3699=ORIENTED_EDGE('',*,*,#2795,.F.);
#3700=ORIENTED_EDGE('',*,*,#2796,.F.);
#3701=ORIENTED_EDGE('',*,*,#2797,.F.);
#3702=ORIENTED_EDGE('',*,*,#2772,.F.);
#3703=ORIENTED_EDGE('',*,*,#2793,.F.);
#3704=ORIENTED_EDGE('',*,*,#2791,.T.);
#3705=ORIENTED_EDGE('',*,*,#2794,.T.);
#3706=ORIENTED_EDGE('',*,*,#2779,.T.);
#3707=ORIENTED_EDGE('',*,*,#2797,.T.);
#3708=ORIENTED_EDGE('',*,*,#2798,.T.);
#3709=ORIENTED_EDGE('',*,*,#2799,.F.);
#3710=ORIENTED_EDGE('',*,*,#2800,.T.);
#3711=ORIENTED_EDGE('',*,*,#2773,.F.);
#3712=ORIENTED_EDGE('',*,*,#2796,.T.);
#3713=ORIENTED_EDGE('',*,*,#2801,.F.);
#3714=ORIENTED_EDGE('',*,*,#2802,.F.);
#3715=ORIENTED_EDGE('',*,*,#2803,.F.);
#3716=ORIENTED_EDGE('',*,*,#2804,.F.);
#3717=ORIENTED_EDGE('',*,*,#2805,.F.);
#3718=ORIENTED_EDGE('',*,*,#2534,.F.);
#3719=ORIENTED_EDGE('',*,*,#2806,.F.);
#3720=ORIENTED_EDGE('',*,*,#2807,.F.);
#3721=ORIENTED_EDGE('',*,*,#2808,.F.);
#3722=ORIENTED_EDGE('',*,*,#2809,.F.);
#3723=ORIENTED_EDGE('',*,*,#2798,.F.);
#3724=ORIENTED_EDGE('',*,*,#2795,.T.);
#3725=ORIENTED_EDGE('',*,*,#2784,.F.);
#3726=ORIENTED_EDGE('',*,*,#2782,.T.);
#3727=ORIENTED_EDGE('',*,*,#2810,.T.);
#3728=ORIENTED_EDGE('',*,*,#2811,.T.);
#3729=ORIENTED_EDGE('',*,*,#2812,.T.);
#3730=ORIENTED_EDGE('',*,*,#2813,.T.);
#3731=ORIENTED_EDGE('',*,*,#2814,.T.);
#3732=ORIENTED_EDGE('',*,*,#2815,.T.);
#3733=ORIENTED_EDGE('',*,*,#2816,.T.);
#3734=ORIENTED_EDGE('',*,*,#2817,.T.);
#3735=ORIENTED_EDGE('',*,*,#2818,.F.);
#3736=ORIENTED_EDGE('',*,*,#2819,.T.);
#3737=ORIENTED_EDGE('',*,*,#2820,.F.);
#3738=ORIENTED_EDGE('',*,*,#2801,.T.);
#3739=ORIENTED_EDGE('',*,*,#2781,.T.);
#3740=ORIENTED_EDGE('',*,*,#2762,.F.);
#3741=ORIENTED_EDGE('',*,*,#2821,.T.);
#3742=ORIENTED_EDGE('',*,*,#2822,.T.);
#3743=ORIENTED_EDGE('',*,*,#2823,.F.);
#3744=ORIENTED_EDGE('',*,*,#2810,.F.);
#3745=ORIENTED_EDGE('',*,*,#2676,.F.);
#3746=ORIENTED_EDGE('',*,*,#2824,.T.);
#3747=ORIENTED_EDGE('',*,*,#2825,.T.);
#3748=ORIENTED_EDGE('',*,*,#2824,.F.);
#3749=ORIENTED_EDGE('',*,*,#2825,.F.);
#3750=ORIENTED_EDGE('',*,*,#2826,.F.);
#3751=ORIENTED_EDGE('',*,*,#2826,.T.);
#3752=ORIENTED_EDGE('',*,*,#2827,.T.);
#3753=ORIENTED_EDGE('',*,*,#2828,.F.);
#3754=ORIENTED_EDGE('',*,*,#2829,.F.);
#3755=ORIENTED_EDGE('',*,*,#2827,.F.);
#3756=ORIENTED_EDGE('',*,*,#2678,.T.);
#3757=ORIENTED_EDGE('',*,*,#2649,.F.);
#3758=ORIENTED_EDGE('',*,*,#2830,.T.);
#3759=ORIENTED_EDGE('',*,*,#2680,.F.);
#3760=ORIENTED_EDGE('',*,*,#2652,.T.);
#3761=ORIENTED_EDGE('',*,*,#2831,.T.);
#3762=ORIENTED_EDGE('',*,*,#2695,.T.);
#3763=ORIENTED_EDGE('',*,*,#2832,.T.);
#3764=ORIENTED_EDGE('',*,*,#2655,.F.);
#3765=ORIENTED_EDGE('',*,*,#2833,.T.);
#3766=ORIENTED_EDGE('',*,*,#2834,.F.);
#3767=ORIENTED_EDGE('',*,*,#2835,.F.);
#3768=ORIENTED_EDGE('',*,*,#2836,.F.);
#3769=ORIENTED_EDGE('',*,*,#2601,.T.);
#3770=ORIENTED_EDGE('',*,*,#2738,.T.);
#3771=ORIENTED_EDGE('',*,*,#2837,.F.);
#3772=ORIENTED_EDGE('',*,*,#2650,.T.);
#3773=ORIENTED_EDGE('',*,*,#2828,.T.);
#3774=ORIENTED_EDGE('',*,*,#2829,.T.);
#3775=ORIENTED_EDGE('',*,*,#2838,.T.);
#3776=ORIENTED_EDGE('',*,*,#2691,.T.);
#3777=ORIENTED_EDGE('',*,*,#2839,.T.);
#3778=ORIENTED_EDGE('',*,*,#2840,.T.);
#3779=ORIENTED_EDGE('',*,*,#2841,.T.);
#3780=ORIENTED_EDGE('',*,*,#2839,.F.);
#3781=ORIENTED_EDGE('',*,*,#2690,.T.);
#3782=ORIENTED_EDGE('',*,*,#2710,.T.);
#3783=ORIENTED_EDGE('',*,*,#2842,.T.);
#3784=ORIENTED_EDGE('',*,*,#2708,.F.);
#3785=ORIENTED_EDGE('',*,*,#2698,.T.);
#3786=ORIENTED_EDGE('',*,*,#2843,.T.);
#3787=ORIENTED_EDGE('',*,*,#2844,.T.);
#3788=ORIENTED_EDGE('',*,*,#2623,.T.);
#3789=ORIENTED_EDGE('',*,*,#2619,.T.);
#3790=ORIENTED_EDGE('',*,*,#2625,.T.);
#3791=ORIENTED_EDGE('',*,*,#2627,.T.);
#3792=ORIENTED_EDGE('',*,*,#2845,.T.);
#3793=ORIENTED_EDGE('',*,*,#2846,.T.);
#3794=ORIENTED_EDGE('',*,*,#2843,.F.);
#3795=ORIENTED_EDGE('',*,*,#2697,.T.);
#3796=ORIENTED_EDGE('',*,*,#2847,.T.);
#3797=ORIENTED_EDGE('',*,*,#2838,.F.);
#3798=ORIENTED_EDGE('',*,*,#2848,.F.);
#3799=ORIENTED_EDGE('',*,*,#2849,.F.);
#3800=ORIENTED_EDGE('',*,*,#2850,.F.);
#3801=ORIENTED_EDGE('',*,*,#2851,.F.);
#3802=ORIENTED_EDGE('',*,*,#2692,.F.);
#3803=ORIENTED_EDGE('',*,*,#2841,.F.);
#3804=ORIENTED_EDGE('',*,*,#2852,.F.);
#3805=ORIENTED_EDGE('',*,*,#2853,.F.);
#3806=ORIENTED_EDGE('',*,*,#2854,.F.);
#3807=ORIENTED_EDGE('',*,*,#2848,.T.);
#3808=ORIENTED_EDGE('',*,*,#2855,.F.);
#3809=ORIENTED_EDGE('',*,*,#2856,.T.);
#3810=ORIENTED_EDGE('',*,*,#2857,.T.);
#3811=ORIENTED_EDGE('',*,*,#2858,.T.);
#3812=ORIENTED_EDGE('',*,*,#2859,.T.);
#3813=ORIENTED_EDGE('',*,*,#2860,.F.);
#3814=ORIENTED_EDGE('',*,*,#2861,.T.);
#3815=ORIENTED_EDGE('',*,*,#2862,.F.);
#3816=ORIENTED_EDGE('',*,*,#2863,.F.);
#3817=ORIENTED_EDGE('',*,*,#2864,.T.);
#3818=ORIENTED_EDGE('',*,*,#2865,.F.);
#3819=ORIENTED_EDGE('',*,*,#2866,.F.);
#3820=ORIENTED_EDGE('',*,*,#2867,.F.);
#3821=ORIENTED_EDGE('',*,*,#2868,.F.);
#3822=ORIENTED_EDGE('',*,*,#2869,.F.);
#3823=ORIENTED_EDGE('',*,*,#2870,.T.);
#3824=ORIENTED_EDGE('',*,*,#2871,.F.);
#3825=ORIENTED_EDGE('',*,*,#2872,.F.);
#3826=ORIENTED_EDGE('',*,*,#2873,.T.);
#3827=ORIENTED_EDGE('',*,*,#2874,.F.);
#3828=ORIENTED_EDGE('',*,*,#2861,.F.);
#3829=ORIENTED_EDGE('',*,*,#2875,.F.);
#3830=ORIENTED_EDGE('',*,*,#2876,.T.);
#3831=ORIENTED_EDGE('',*,*,#2857,.F.);
#3832=ORIENTED_EDGE('',*,*,#2877,.T.);
#3833=ORIENTED_EDGE('',*,*,#2878,.T.);
#3834=ORIENTED_EDGE('',*,*,#2879,.T.);
#3835=ORIENTED_EDGE('',*,*,#2880,.T.);
#3836=ORIENTED_EDGE('',*,*,#2881,.T.);
#3837=ORIENTED_EDGE('',*,*,#2882,.T.);
#3838=ORIENTED_EDGE('',*,*,#2877,.F.);
#3839=ORIENTED_EDGE('',*,*,#2883,.T.);
#3840=ORIENTED_EDGE('',*,*,#2883,.F.);
#3841=ORIENTED_EDGE('',*,*,#2884,.T.);
#3842=ORIENTED_EDGE('',*,*,#2885,.F.);
#3843=ORIENTED_EDGE('',*,*,#2886,.F.);
#3844=ORIENTED_EDGE('',*,*,#2887,.T.);
#3845=ORIENTED_EDGE('',*,*,#2888,.F.);
#3846=ORIENTED_EDGE('',*,*,#2880,.F.);
#3847=ORIENTED_EDGE('',*,*,#2889,.F.);
#3848=ORIENTED_EDGE('',*,*,#2890,.F.);
#3849=ORIENTED_EDGE('',*,*,#2884,.F.);
#3850=ORIENTED_EDGE('',*,*,#2891,.T.);
#3851=ORIENTED_EDGE('',*,*,#2892,.T.);
#3852=ORIENTED_EDGE('',*,*,#2893,.T.);
#3853=ORIENTED_EDGE('',*,*,#2894,.T.);
#3854=ORIENTED_EDGE('',*,*,#2895,.T.);
#3855=ORIENTED_EDGE('',*,*,#2896,.T.);
#3856=ORIENTED_EDGE('',*,*,#2897,.T.);
#3857=ORIENTED_EDGE('',*,*,#2898,.T.);
#3858=ORIENTED_EDGE('',*,*,#2899,.T.);
#3859=ORIENTED_EDGE('',*,*,#2894,.F.);
#3860=ORIENTED_EDGE('',*,*,#2900,.T.);
#3861=ORIENTED_EDGE('',*,*,#2892,.F.);
#3862=ORIENTED_EDGE('',*,*,#2901,.T.);
#3863=ORIENTED_EDGE('',*,*,#2901,.F.);
#3864=ORIENTED_EDGE('',*,*,#2891,.F.);
#3865=ORIENTED_EDGE('',*,*,#2899,.F.);
#3866=ORIENTED_EDGE('',*,*,#2902,.F.);
#3867=ORIENTED_EDGE('',*,*,#2903,.F.);
#3868=ORIENTED_EDGE('',*,*,#2587,.F.);
#3869=ORIENTED_EDGE('',*,*,#2904,.F.);
#3870=ORIENTED_EDGE('',*,*,#2898,.F.);
#3871=ORIENTED_EDGE('',*,*,#2905,.T.);
#3872=ORIENTED_EDGE('',*,*,#2902,.T.);
#3873=ORIENTED_EDGE('',*,*,#2906,.T.);
#3874=ORIENTED_EDGE('',*,*,#2907,.T.);
#3875=ORIENTED_EDGE('',*,*,#2908,.T.);
#3876=ORIENTED_EDGE('',*,*,#2909,.T.);
#3877=ORIENTED_EDGE('',*,*,#2910,.T.);
#3878=ORIENTED_EDGE('',*,*,#2911,.T.);
#3879=ORIENTED_EDGE('',*,*,#2907,.F.);
#3880=ORIENTED_EDGE('',*,*,#2912,.T.);
#3881=ORIENTED_EDGE('',*,*,#2913,.F.);
#3882=ORIENTED_EDGE('',*,*,#2910,.F.);
#3883=ORIENTED_EDGE('',*,*,#2914,.F.);
#3884=ORIENTED_EDGE('',*,*,#2915,.F.);
#3885=ORIENTED_EDGE('',*,*,#2916,.F.);
#3886=ORIENTED_EDGE('',*,*,#2917,.T.);
#3887=ORIENTED_EDGE('',*,*,#2918,.F.);
#3888=ORIENTED_EDGE('',*,*,#2821,.F.);
#3889=ORIENTED_EDGE('',*,*,#2761,.T.);
#3890=ORIENTED_EDGE('',*,*,#2725,.T.);
#3891=ORIENTED_EDGE('',*,*,#2919,.T.);
#3892=ORIENTED_EDGE('',*,*,#2917,.F.);
#3893=ORIENTED_EDGE('',*,*,#2920,.F.);
#3894=ORIENTED_EDGE('',*,*,#2921,.T.);
#3895=ORIENTED_EDGE('',*,*,#2919,.F.);
#3896=ORIENTED_EDGE('',*,*,#2724,.F.);
#3897=ORIENTED_EDGE('',*,*,#2734,.F.);
#3898=ORIENTED_EDGE('',*,*,#2830,.F.);
#3899=ORIENTED_EDGE('',*,*,#2648,.T.);
#3900=ORIENTED_EDGE('',*,*,#2922,.T.);
#3901=ORIENTED_EDGE('',*,*,#2920,.T.);
#3902=ORIENTED_EDGE('',*,*,#2923,.F.);
#3903=ORIENTED_EDGE('',*,*,#2862,.T.);
#3904=ORIENTED_EDGE('',*,*,#2856,.F.);
#3905=ORIENTED_EDGE('',*,*,#2872,.T.);
#3906=ORIENTED_EDGE('',*,*,#2924,.F.);
#3907=ORIENTED_EDGE('',*,*,#2925,.F.);
#3908=ORIENTED_EDGE('',*,*,#2833,.F.);
#3909=ORIENTED_EDGE('',*,*,#2654,.F.);
#3910=ORIENTED_EDGE('',*,*,#2926,.F.);
#3911=ORIENTED_EDGE('',*,*,#2927,.F.);
#3912=ORIENTED_EDGE('',*,*,#2928,.F.);
#3913=ORIENTED_EDGE('',*,*,#2929,.F.);
#3914=ORIENTED_EDGE('',*,*,#2930,.F.);
#3915=ORIENTED_EDGE('',*,*,#2931,.F.);
#3916=ORIENTED_EDGE('',*,*,#2932,.T.);
#3917=ORIENTED_EDGE('',*,*,#2933,.T.);
#3918=ORIENTED_EDGE('',*,*,#2931,.T.);
#3919=ORIENTED_EDGE('',*,*,#2930,.T.);
#3920=ORIENTED_EDGE('',*,*,#2933,.F.);
#3921=ORIENTED_EDGE('',*,*,#2926,.T.);
#3922=ORIENTED_EDGE('',*,*,#2653,.T.);
#3923=ORIENTED_EDGE('',*,*,#2934,.T.);
#3924=ORIENTED_EDGE('',*,*,#2935,.T.);
#3925=ORIENTED_EDGE('',*,*,#2925,.T.);
#3926=ORIENTED_EDGE('',*,*,#2936,.T.);
#3927=ORIENTED_EDGE('',*,*,#2937,.T.);
#3928=ORIENTED_EDGE('',*,*,#2834,.T.);
#3929=ORIENTED_EDGE('',*,*,#2924,.T.);
#3930=ORIENTED_EDGE('',*,*,#2871,.T.);
#3931=ORIENTED_EDGE('',*,*,#2938,.T.);
#3932=ORIENTED_EDGE('',*,*,#2535,.F.);
#3933=ORIENTED_EDGE('',*,*,#2805,.T.);
#3934=ORIENTED_EDGE('',*,*,#2939,.F.);
#3935=ORIENTED_EDGE('',*,*,#2940,.F.);
#3936=ORIENTED_EDGE('',*,*,#2936,.F.);
#3937=ORIENTED_EDGE('',*,*,#2927,.T.);
#3938=ORIENTED_EDGE('',*,*,#2935,.F.);
#3939=ORIENTED_EDGE('',*,*,#2941,.F.);
#3940=ORIENTED_EDGE('',*,*,#2942,.F.);
#3941=ORIENTED_EDGE('',*,*,#2943,.T.);
#3942=ORIENTED_EDGE('',*,*,#2944,.T.);
#3943=ORIENTED_EDGE('',*,*,#2945,.T.);
#3944=ORIENTED_EDGE('',*,*,#2942,.T.);
#3945=ORIENTED_EDGE('',*,*,#2850,.T.);
#3946=ORIENTED_EDGE('',*,*,#2946,.T.);
#3947=ORIENTED_EDGE('',*,*,#2947,.T.);
#3948=ORIENTED_EDGE('',*,*,#2944,.F.);
#3949=ORIENTED_EDGE('',*,*,#2849,.T.);
#3950=ORIENTED_EDGE('',*,*,#2946,.F.);
#3951=ORIENTED_EDGE('',*,*,#2854,.T.);
#3952=ORIENTED_EDGE('',*,*,#2948,.T.);
#3953=ORIENTED_EDGE('',*,*,#2949,.T.);
#3954=ORIENTED_EDGE('',*,*,#2950,.T.);
#3955=ORIENTED_EDGE('',*,*,#2951,.T.);
#3956=ORIENTED_EDGE('',*,*,#2948,.F.);
#3957=ORIENTED_EDGE('',*,*,#2853,.T.);
#3958=ORIENTED_EDGE('',*,*,#2693,.T.);
#3959=ORIENTED_EDGE('',*,*,#2851,.T.);
#3960=ORIENTED_EDGE('',*,*,#2941,.T.);
#3961=ORIENTED_EDGE('',*,*,#2952,.T.);
#3962=ORIENTED_EDGE('',*,*,#2953,.T.);
#3963=ORIENTED_EDGE('',*,*,#2954,.T.);
#3964=ORIENTED_EDGE('',*,*,#2656,.T.);
#3965=ORIENTED_EDGE('',*,*,#2836,.T.);
#3966=ORIENTED_EDGE('',*,*,#2955,.T.);
#3967=ORIENTED_EDGE('',*,*,#2956,.T.);
#3968=ORIENTED_EDGE('',*,*,#2953,.F.);
#3969=ORIENTED_EDGE('',*,*,#2957,.T.);
#3970=ORIENTED_EDGE('',*,*,#2958,.T.);
#3971=ORIENTED_EDGE('',*,*,#2959,.T.);
#3972=ORIENTED_EDGE('',*,*,#2955,.F.);
#3973=ORIENTED_EDGE('',*,*,#2960,.T.);
#3974=ORIENTED_EDGE('',*,*,#2961,.T.);
#3975=ORIENTED_EDGE('',*,*,#2962,.T.);
#3976=ORIENTED_EDGE('',*,*,#2958,.F.);
#3977=ORIENTED_EDGE('',*,*,#2963,.T.);
#3978=ORIENTED_EDGE('',*,*,#2947,.F.);
#3979=ORIENTED_EDGE('',*,*,#2949,.F.);
#3980=ORIENTED_EDGE('',*,*,#2964,.F.);
#3981=ORIENTED_EDGE('',*,*,#2965,.F.);
#3982=ORIENTED_EDGE('',*,*,#2966,.T.);
#3983=ORIENTED_EDGE('',*,*,#2951,.F.);
#3984=ORIENTED_EDGE('',*,*,#2967,.T.);
#3985=ORIENTED_EDGE('',*,*,#2968,.T.);
#3986=ORIENTED_EDGE('',*,*,#2964,.T.);
#3987=ORIENTED_EDGE('',*,*,#2928,.T.);
#3988=ORIENTED_EDGE('',*,*,#2943,.F.);
#3989=ORIENTED_EDGE('',*,*,#2945,.F.);
#3990=ORIENTED_EDGE('',*,*,#2966,.F.);
#3991=ORIENTED_EDGE('',*,*,#2969,.F.);
#3992=ORIENTED_EDGE('',*,*,#2952,.F.);
#3993=ORIENTED_EDGE('',*,*,#2934,.F.);
#3994=ORIENTED_EDGE('',*,*,#2832,.F.);
#3995=ORIENTED_EDGE('',*,*,#2694,.F.);
#3996=ORIENTED_EDGE('',*,*,#2847,.F.);
#3997=ORIENTED_EDGE('',*,*,#2696,.F.);
#3998=ORIENTED_EDGE('',*,*,#2831,.F.);
#3999=ORIENTED_EDGE('',*,*,#2954,.F.);
#4000=ORIENTED_EDGE('',*,*,#2956,.F.);
#4001=ORIENTED_EDGE('',*,*,#2970,.F.);
#4002=ORIENTED_EDGE('',*,*,#2845,.F.);
#4003=ORIENTED_EDGE('',*,*,#2970,.T.);
#4004=ORIENTED_EDGE('',*,*,#2959,.F.);
#4005=ORIENTED_EDGE('',*,*,#2962,.F.);
#4006=ORIENTED_EDGE('',*,*,#2971,.T.);
#4007=ORIENTED_EDGE('',*,*,#2939,.T.);
#4008=ORIENTED_EDGE('',*,*,#2804,.T.);
#4009=ORIENTED_EDGE('',*,*,#2972,.F.);
#4010=ORIENTED_EDGE('',*,*,#2973,.T.);
#4011=ORIENTED_EDGE('',*,*,#2846,.F.);
#4012=ORIENTED_EDGE('',*,*,#2971,.F.);
#4013=ORIENTED_EDGE('',*,*,#2961,.F.);
#4014=ORIENTED_EDGE('',*,*,#2974,.F.);
#4015=ORIENTED_EDGE('',*,*,#2967,.F.);
#4016=ORIENTED_EDGE('',*,*,#2950,.F.);
#4017=ORIENTED_EDGE('',*,*,#2852,.T.);
#4018=ORIENTED_EDGE('',*,*,#2840,.F.);
#4019=ORIENTED_EDGE('',*,*,#2975,.F.);
#4020=ORIENTED_EDGE('',*,*,#2976,.F.);
#4021=ORIENTED_EDGE('',*,*,#2977,.T.);
#4022=ORIENTED_EDGE('',*,*,#2978,.T.);
#4023=ORIENTED_EDGE('',*,*,#2923,.T.);
#4024=ORIENTED_EDGE('',*,*,#2979,.F.);
#4025=ORIENTED_EDGE('',*,*,#2980,.F.);
#4026=ORIENTED_EDGE('',*,*,#2978,.F.);
#4027=ORIENTED_EDGE('',*,*,#2981,.F.);
#4028=ORIENTED_EDGE('',*,*,#2982,.F.);
#4029=ORIENTED_EDGE('',*,*,#2983,.T.);
#4030=ORIENTED_EDGE('',*,*,#2863,.T.);
#4031=ORIENTED_EDGE('',*,*,#2929,.T.);
#4032=ORIENTED_EDGE('',*,*,#2969,.T.);
#4033=ORIENTED_EDGE('',*,*,#2984,.F.);
#4034=ORIENTED_EDGE('',*,*,#2979,.T.);
#4035=ORIENTED_EDGE('',*,*,#2980,.T.);
#4036=ORIENTED_EDGE('',*,*,#2984,.T.);
#4037=ORIENTED_EDGE('',*,*,#2965,.T.);
#4038=ORIENTED_EDGE('',*,*,#2968,.F.);
#4039=ORIENTED_EDGE('',*,*,#2963,.F.);
#4040=ORIENTED_EDGE('',*,*,#2985,.T.);
#4041=ORIENTED_EDGE('',*,*,#2986,.T.);
#4042=ORIENTED_EDGE('',*,*,#2974,.T.);
#4043=ORIENTED_EDGE('',*,*,#2986,.F.);
#4044=ORIENTED_EDGE('',*,*,#2987,.T.);
#4045=ORIENTED_EDGE('',*,*,#2937,.F.);
#4046=ORIENTED_EDGE('',*,*,#2940,.T.);
#4047=ORIENTED_EDGE('',*,*,#2988,.F.);
#4048=ORIENTED_EDGE('',*,*,#2915,.T.);
#4049=ORIENTED_EDGE('',*,*,#2989,.F.);
#4050=ORIENTED_EDGE('',*,*,#2990,.F.);
#4051=ORIENTED_EDGE('',*,*,#2991,.T.);
#4052=ORIENTED_EDGE('',*,*,#2988,.T.);
#4053=ORIENTED_EDGE('',*,*,#2992,.T.);
#4054=ORIENTED_EDGE('',*,*,#2993,.F.);
#4055=ORIENTED_EDGE('',*,*,#2994,.F.);
#4056=ORIENTED_EDGE('',*,*,#2995,.F.);
#4057=ORIENTED_EDGE('',*,*,#2996,.F.);
#4058=ORIENTED_EDGE('',*,*,#2997,.F.);
#4059=ORIENTED_EDGE('',*,*,#2998,.T.);
#4060=ORIENTED_EDGE('',*,*,#2911,.F.);
#4061=ORIENTED_EDGE('',*,*,#2999,.T.);
#4062=ORIENTED_EDGE('',*,*,#2916,.T.);
#4063=ORIENTED_EDGE('',*,*,#2991,.F.);
#4064=ORIENTED_EDGE('',*,*,#3000,.T.);
#4065=ORIENTED_EDGE('',*,*,#3001,.F.);
#4066=ORIENTED_EDGE('',*,*,#2992,.F.);
#4067=ORIENTED_EDGE('',*,*,#2712,.T.);
#4068=ORIENTED_EDGE('',*,*,#2765,.T.);
#4069=ORIENTED_EDGE('',*,*,#2759,.T.);
#4070=ORIENTED_EDGE('',*,*,#2729,.T.);
#4071=ORIENTED_EDGE('',*,*,#2768,.T.);
#4072=ORIENTED_EDGE('',*,*,#2893,.F.);
#4073=ORIENTED_EDGE('',*,*,#3002,.F.);
#4074=ORIENTED_EDGE('',*,*,#3003,.T.);
#4075=ORIENTED_EDGE('',*,*,#2895,.F.);
#4076=ORIENTED_EDGE('',*,*,#2890,.T.);
#4077=ORIENTED_EDGE('',*,*,#3004,.F.);
#4078=ORIENTED_EDGE('',*,*,#3005,.T.);
#4079=ORIENTED_EDGE('',*,*,#2885,.T.);
#4080=ORIENTED_EDGE('',*,*,#2888,.T.);
#4081=ORIENTED_EDGE('',*,*,#3006,.F.);
#4082=ORIENTED_EDGE('',*,*,#3007,.F.);
#4083=ORIENTED_EDGE('',*,*,#3008,.F.);
#4084=ORIENTED_EDGE('',*,*,#3009,.T.);
#4085=ORIENTED_EDGE('',*,*,#3010,.F.);
#4086=ORIENTED_EDGE('',*,*,#3011,.F.);
#4087=ORIENTED_EDGE('',*,*,#3012,.T.);
#4088=ORIENTED_EDGE('',*,*,#2881,.F.);
#4089=ORIENTED_EDGE('',*,*,#3003,.F.);
#4090=ORIENTED_EDGE('',*,*,#3013,.T.);
#4091=ORIENTED_EDGE('',*,*,#3014,.F.);
#4092=ORIENTED_EDGE('',*,*,#3006,.T.);
#4093=ORIENTED_EDGE('',*,*,#2887,.F.);
#4094=ORIENTED_EDGE('',*,*,#3015,.T.);
#4095=ORIENTED_EDGE('',*,*,#3016,.T.);
#4096=ORIENTED_EDGE('',*,*,#2814,.F.);
#4097=ORIENTED_EDGE('',*,*,#3017,.T.);
#4098=ORIENTED_EDGE('',*,*,#3018,.T.);
#4099=ORIENTED_EDGE('',*,*,#2896,.F.);
#4100=ORIENTED_EDGE('',*,*,#2886,.T.);
#4101=ORIENTED_EDGE('',*,*,#3005,.F.);
#4102=ORIENTED_EDGE('',*,*,#3019,.F.);
#4103=ORIENTED_EDGE('',*,*,#3020,.F.);
#4104=ORIENTED_EDGE('',*,*,#3021,.F.);
#4105=ORIENTED_EDGE('',*,*,#3015,.F.);
#4106=ORIENTED_EDGE('',*,*,#3022,.F.);
#4107=ORIENTED_EDGE('',*,*,#3023,.T.);
#4108=ORIENTED_EDGE('',*,*,#3024,.F.);
#4109=ORIENTED_EDGE('',*,*,#3022,.T.);
#4110=ORIENTED_EDGE('',*,*,#2982,.T.);
#4111=ORIENTED_EDGE('',*,*,#3025,.F.);
#4112=ORIENTED_EDGE('',*,*,#3026,.T.);
#4113=ORIENTED_EDGE('',*,*,#3023,.F.);
#4114=ORIENTED_EDGE('',*,*,#3026,.F.);
#4115=ORIENTED_EDGE('',*,*,#3027,.T.);
#4116=ORIENTED_EDGE('',*,*,#3028,.F.);
#4117=ORIENTED_EDGE('',*,*,#3029,.T.);
#4118=ORIENTED_EDGE('',*,*,#2544,.T.);
#4119=ORIENTED_EDGE('',*,*,#3030,.T.);
#4120=ORIENTED_EDGE('',*,*,#3025,.T.);
#4121=ORIENTED_EDGE('',*,*,#2981,.T.);
#4122=ORIENTED_EDGE('',*,*,#2977,.F.);
#4123=ORIENTED_EDGE('',*,*,#3031,.F.);
#4124=ORIENTED_EDGE('',*,*,#3032,.F.);
#4125=ORIENTED_EDGE('',*,*,#2815,.F.);
#4126=ORIENTED_EDGE('',*,*,#3016,.F.);
#4127=ORIENTED_EDGE('',*,*,#3021,.T.);
#4128=ORIENTED_EDGE('',*,*,#3033,.T.);
#4129=ORIENTED_EDGE('',*,*,#3034,.F.);
#4130=ORIENTED_EDGE('',*,*,#3035,.F.);
#4131=ORIENTED_EDGE('',*,*,#3027,.F.);
#4132=ORIENTED_EDGE('',*,*,#2546,.T.);
#4133=ORIENTED_EDGE('',*,*,#3036,.T.);
#4134=ORIENTED_EDGE('',*,*,#3037,.F.);
#4135=ORIENTED_EDGE('',*,*,#3034,.T.);
#4136=ORIENTED_EDGE('',*,*,#3038,.T.);
#4137=ORIENTED_EDGE('',*,*,#3039,.T.);
#4138=ORIENTED_EDGE('',*,*,#3040,.T.);
#4139=ORIENTED_EDGE('',*,*,#3041,.T.);
#4140=ORIENTED_EDGE('',*,*,#3000,.F.);
#4141=ORIENTED_EDGE('',*,*,#2990,.T.);
#4142=ORIENTED_EDGE('',*,*,#3042,.F.);
#4143=ORIENTED_EDGE('',*,*,#3039,.F.);
#4144=ORIENTED_EDGE('',*,*,#2876,.F.);
#4145=ORIENTED_EDGE('',*,*,#3043,.T.);
#4146=ORIENTED_EDGE('',*,*,#3044,.F.);
#4147=ORIENTED_EDGE('',*,*,#3045,.T.);
#4148=ORIENTED_EDGE('',*,*,#3046,.F.);
#4149=ORIENTED_EDGE('',*,*,#2858,.F.);
#4150=ORIENTED_EDGE('',*,*,#3047,.F.);
#4151=ORIENTED_EDGE('',*,*,#3048,.F.);
#4152=ORIENTED_EDGE('',*,*,#3049,.F.);
#4153=ORIENTED_EDGE('',*,*,#2557,.F.);
#4154=ORIENTED_EDGE('',*,*,#3050,.T.);
#4155=ORIENTED_EDGE('',*,*,#3051,.T.);
#4156=ORIENTED_EDGE('',*,*,#3052,.F.);
#4157=ORIENTED_EDGE('',*,*,#3053,.F.);
#4158=ORIENTED_EDGE('',*,*,#3054,.F.);
#4159=ORIENTED_EDGE('',*,*,#2994,.T.);
#4160=ORIENTED_EDGE('',*,*,#3004,.T.);
#4161=ORIENTED_EDGE('',*,*,#2889,.T.);
#4162=ORIENTED_EDGE('',*,*,#2879,.F.);
#4163=ORIENTED_EDGE('',*,*,#3055,.T.);
#4164=ORIENTED_EDGE('',*,*,#3056,.F.);
#4165=ORIENTED_EDGE('',*,*,#3057,.F.);
#4166=ORIENTED_EDGE('',*,*,#3058,.F.);
#4167=ORIENTED_EDGE('',*,*,#3053,.T.);
#4168=ORIENTED_EDGE('',*,*,#3059,.F.);
#4169=ORIENTED_EDGE('',*,*,#3019,.T.);
#4170=ORIENTED_EDGE('',*,*,#2806,.T.);
#4171=ORIENTED_EDGE('',*,*,#2533,.T.);
#4172=ORIENTED_EDGE('',*,*,#3060,.T.);
#4173=ORIENTED_EDGE('',*,*,#3061,.T.);
#4174=ORIENTED_EDGE('',*,*,#3062,.F.);
#4175=ORIENTED_EDGE('',*,*,#3063,.F.);
#4176=ORIENTED_EDGE('',*,*,#2799,.T.);
#4177=ORIENTED_EDGE('',*,*,#2809,.T.);
#4178=ORIENTED_EDGE('',*,*,#3063,.T.);
#4179=ORIENTED_EDGE('',*,*,#3064,.F.);
#4180=ORIENTED_EDGE('',*,*,#2529,.F.);
#4181=ORIENTED_EDGE('',*,*,#2774,.F.);
#4182=ORIENTED_EDGE('',*,*,#2800,.F.);
#4183=ORIENTED_EDGE('',*,*,#3038,.F.);
#4184=ORIENTED_EDGE('',*,*,#3033,.F.);
#4185=ORIENTED_EDGE('',*,*,#3020,.T.);
#4186=ORIENTED_EDGE('',*,*,#3059,.T.);
#4187=ORIENTED_EDGE('',*,*,#3052,.T.);
#4188=ORIENTED_EDGE('',*,*,#2993,.T.);
#4189=ORIENTED_EDGE('',*,*,#3001,.T.);
#4190=ORIENTED_EDGE('',*,*,#3041,.F.);
#4191=ORIENTED_EDGE('',*,*,#3065,.F.);
#4192=ORIENTED_EDGE('',*,*,#3066,.T.);
#4193=ORIENTED_EDGE('',*,*,#2531,.T.);
#4194=ORIENTED_EDGE('',*,*,#2530,.T.);
#4195=ORIENTED_EDGE('',*,*,#3064,.T.);
#4196=ORIENTED_EDGE('',*,*,#3062,.T.);
#4197=ORIENTED_EDGE('',*,*,#2808,.T.);
#4198=ORIENTED_EDGE('',*,*,#2543,.F.);
#4199=ORIENTED_EDGE('',*,*,#3024,.T.);
#4200=ORIENTED_EDGE('',*,*,#3030,.F.);
#4201=ORIENTED_EDGE('',*,*,#2989,.T.);
#4202=ORIENTED_EDGE('',*,*,#2914,.T.);
#4203=ORIENTED_EDGE('',*,*,#3067,.T.);
#4204=ORIENTED_EDGE('',*,*,#3068,.F.);
#4205=ORIENTED_EDGE('',*,*,#3069,.T.);
#4206=ORIENTED_EDGE('',*,*,#3070,.T.);
#4207=ORIENTED_EDGE('',*,*,#2547,.F.);
#4208=ORIENTED_EDGE('',*,*,#3040,.F.);
#4209=ORIENTED_EDGE('',*,*,#3042,.T.);
#4210=ORIENTED_EDGE('',*,*,#2908,.F.);
#4211=ORIENTED_EDGE('',*,*,#2998,.F.);
#4212=ORIENTED_EDGE('',*,*,#3071,.F.);
#4213=ORIENTED_EDGE('',*,*,#3072,.F.);
#4214=ORIENTED_EDGE('',*,*,#3073,.T.);
#4215=ORIENTED_EDGE('',*,*,#2913,.T.);
#4216=ORIENTED_EDGE('',*,*,#2999,.F.);
#4217=ORIENTED_EDGE('',*,*,#2912,.F.);
#4218=ORIENTED_EDGE('',*,*,#2906,.F.);
#4219=ORIENTED_EDGE('',*,*,#2526,.F.);
#4220=ORIENTED_EDGE('',*,*,#3074,.F.);
#4221=ORIENTED_EDGE('',*,*,#3075,.F.);
#4222=ORIENTED_EDGE('',*,*,#3076,.F.);
#4223=ORIENTED_EDGE('',*,*,#3077,.F.);
#4224=ORIENTED_EDGE('',*,*,#2578,.F.);
#4225=ORIENTED_EDGE('',*,*,#3078,.F.);
#4226=ORIENTED_EDGE('',*,*,#3079,.F.);
#4227=ORIENTED_EDGE('',*,*,#3080,.F.);
#4228=ORIENTED_EDGE('',*,*,#2604,.F.);
#4229=ORIENTED_EDGE('',*,*,#2651,.F.);
#4230=ORIENTED_EDGE('',*,*,#2837,.T.);
#4231=ORIENTED_EDGE('',*,*,#3073,.F.);
#4232=ORIENTED_EDGE('',*,*,#3081,.F.);
#4233=ORIENTED_EDGE('',*,*,#3082,.F.);
#4234=ORIENTED_EDGE('',*,*,#3083,.F.);
#4235=ORIENTED_EDGE('',*,*,#3067,.F.);
#4236=ORIENTED_EDGE('',*,*,#2909,.F.);
#4237=ORIENTED_EDGE('',*,*,#3078,.T.);
#4238=ORIENTED_EDGE('',*,*,#2577,.F.);
#4239=ORIENTED_EDGE('',*,*,#3084,.T.);
#4240=ORIENTED_EDGE('',*,*,#3085,.T.);
#4241=ORIENTED_EDGE('',*,*,#3086,.F.);
#4242=ORIENTED_EDGE('',*,*,#3076,.T.);
#4243=ORIENTED_EDGE('',*,*,#3087,.T.);
#4244=ORIENTED_EDGE('',*,*,#3088,.T.);
#4245=ORIENTED_EDGE('',*,*,#3089,.F.);
#4246=ORIENTED_EDGE('',*,*,#3074,.T.);
#4247=ORIENTED_EDGE('',*,*,#2525,.T.);
#4248=ORIENTED_EDGE('',*,*,#2552,.T.);
#4249=ORIENTED_EDGE('',*,*,#3090,.T.);
#4250=ORIENTED_EDGE('',*,*,#3082,.T.);
#4251=ORIENTED_EDGE('',*,*,#3091,.T.);
#4252=ORIENTED_EDGE('',*,*,#3092,.T.);
#4253=ORIENTED_EDGE('',*,*,#3093,.T.);
#4254=ORIENTED_EDGE('',*,*,#3072,.T.);
#4255=ORIENTED_EDGE('',*,*,#3094,.F.);
#4256=ORIENTED_EDGE('',*,*,#2996,.T.);
#4257=ORIENTED_EDGE('',*,*,#3095,.T.);
#4258=ORIENTED_EDGE('',*,*,#3091,.F.);
#4259=ORIENTED_EDGE('',*,*,#3081,.T.);
#4260=ORIENTED_EDGE('',*,*,#3071,.T.);
#4261=ORIENTED_EDGE('',*,*,#2997,.T.);
#4262=ORIENTED_EDGE('',*,*,#3094,.T.);
#4263=ORIENTED_EDGE('',*,*,#3083,.T.);
#4264=ORIENTED_EDGE('',*,*,#3093,.F.);
#4265=ORIENTED_EDGE('',*,*,#3096,.T.);
#4266=ORIENTED_EDGE('',*,*,#3068,.T.);
#4267=ORIENTED_EDGE('',*,*,#3045,.F.);
#4268=ORIENTED_EDGE('',*,*,#3097,.T.);
#4269=ORIENTED_EDGE('',*,*,#2874,.T.);
#4270=ORIENTED_EDGE('',*,*,#3098,.T.);
#4271=ORIENTED_EDGE('',*,*,#2855,.T.);
#4272=ORIENTED_EDGE('',*,*,#3046,.T.);
#4273=ORIENTED_EDGE('',*,*,#3098,.F.);
#4274=ORIENTED_EDGE('',*,*,#2873,.F.);
#4275=ORIENTED_EDGE('',*,*,#3043,.F.);
#4276=ORIENTED_EDGE('',*,*,#2875,.T.);
#4277=ORIENTED_EDGE('',*,*,#2860,.T.);
#4278=ORIENTED_EDGE('',*,*,#3099,.T.);
#4279=ORIENTED_EDGE('',*,*,#3097,.F.);
#4280=ORIENTED_EDGE('',*,*,#3044,.T.);
#4281=ORIENTED_EDGE('',*,*,#3099,.F.);
#4282=ORIENTED_EDGE('',*,*,#2859,.F.);
#4283=ORIENTED_EDGE('',*,*,#2957,.F.);
#4284=ORIENTED_EDGE('',*,*,#2835,.T.);
#4285=ORIENTED_EDGE('',*,*,#2987,.F.);
#4286=ORIENTED_EDGE('',*,*,#2985,.F.);
#4287=ORIENTED_EDGE('',*,*,#2960,.F.);
#4288=ORIENTED_EDGE('',*,*,#2542,.F.);
#4289=ORIENTED_EDGE('',*,*,#3100,.F.);
#4290=ORIENTED_EDGE('',*,*,#2864,.F.);
#4291=ORIENTED_EDGE('',*,*,#2983,.F.);
#4292=ORIENTED_EDGE('',*,*,#2536,.F.);
#4293=ORIENTED_EDGE('',*,*,#2938,.F.);
#4294=ORIENTED_EDGE('',*,*,#2870,.F.);
#4295=ORIENTED_EDGE('',*,*,#3101,.F.);
#4296=ORIENTED_EDGE('',*,*,#3100,.T.);
#4297=ORIENTED_EDGE('',*,*,#2541,.F.);
#4298=ORIENTED_EDGE('',*,*,#3102,.F.);
#4299=ORIENTED_EDGE('',*,*,#2865,.T.);
#4300=ORIENTED_EDGE('',*,*,#3101,.T.);
#4301=ORIENTED_EDGE('',*,*,#2869,.T.);
#4302=ORIENTED_EDGE('',*,*,#3103,.F.);
#4303=ORIENTED_EDGE('',*,*,#2537,.F.);
#4304=ORIENTED_EDGE('',*,*,#2556,.F.);
#4305=ORIENTED_EDGE('',*,*,#3104,.T.);
#4306=ORIENTED_EDGE('',*,*,#3105,.T.);
#4307=ORIENTED_EDGE('',*,*,#3050,.F.);
#4308=ORIENTED_EDGE('',*,*,#2559,.F.);
#4309=ORIENTED_EDGE('',*,*,#3106,.T.);
#4310=ORIENTED_EDGE('',*,*,#3107,.T.);
#4311=ORIENTED_EDGE('',*,*,#3104,.F.);
#4312=ORIENTED_EDGE('',*,*,#2558,.F.);
#4313=ORIENTED_EDGE('',*,*,#3049,.T.);
#4314=ORIENTED_EDGE('',*,*,#3108,.T.);
#4315=ORIENTED_EDGE('',*,*,#3106,.F.);
#4316=ORIENTED_EDGE('',*,*,#3051,.F.);
#4317=ORIENTED_EDGE('',*,*,#3105,.F.);
#4318=ORIENTED_EDGE('',*,*,#3107,.F.);
#4319=ORIENTED_EDGE('',*,*,#3108,.F.);
#4320=ORIENTED_EDGE('',*,*,#2540,.T.);
#4321=ORIENTED_EDGE('',*,*,#3109,.T.);
#4322=ORIENTED_EDGE('',*,*,#2866,.T.);
#4323=ORIENTED_EDGE('',*,*,#3102,.T.);
#4324=ORIENTED_EDGE('',*,*,#3109,.F.);
#4325=ORIENTED_EDGE('',*,*,#2539,.F.);
#4326=ORIENTED_EDGE('',*,*,#3110,.F.);
#4327=ORIENTED_EDGE('',*,*,#2867,.T.);
#4328=ORIENTED_EDGE('',*,*,#2868,.T.);
#4329=ORIENTED_EDGE('',*,*,#3110,.T.);
#4330=ORIENTED_EDGE('',*,*,#2538,.T.);
#4331=ORIENTED_EDGE('',*,*,#3103,.T.);
#4332=ORIENTED_EDGE('',*,*,#3029,.F.);
#4333=ORIENTED_EDGE('',*,*,#3111,.F.);
#4334=ORIENTED_EDGE('',*,*,#3036,.F.);
#4335=ORIENTED_EDGE('',*,*,#2545,.F.);
#4336=ORIENTED_EDGE('',*,*,#3060,.F.);
#4337=ORIENTED_EDGE('',*,*,#2532,.F.);
#4338=ORIENTED_EDGE('',*,*,#3066,.F.);
#4339=ORIENTED_EDGE('',*,*,#3112,.F.);
#4340=ORIENTED_EDGE('',*,*,#3112,.T.);
#4341=ORIENTED_EDGE('',*,*,#3065,.T.);
#4342=ORIENTED_EDGE('',*,*,#2807,.T.);
#4343=ORIENTED_EDGE('',*,*,#3061,.F.);
#4344=ORIENTED_EDGE('',*,*,#3111,.T.);
#4345=ORIENTED_EDGE('',*,*,#3028,.T.);
#4346=ORIENTED_EDGE('',*,*,#3035,.T.);
#4347=ORIENTED_EDGE('',*,*,#3037,.T.);
#4348=ORIENTED_EDGE('',*,*,#3047,.T.);
#4349=ORIENTED_EDGE('',*,*,#3113,.T.);
#4350=ORIENTED_EDGE('',*,*,#3114,.T.);
#4351=ORIENTED_EDGE('',*,*,#3113,.F.);
#4352=ORIENTED_EDGE('',*,*,#3114,.F.);
#4353=ORIENTED_EDGE('',*,*,#3115,.F.);
#4354=ORIENTED_EDGE('',*,*,#3048,.T.);
#4355=ORIENTED_EDGE('',*,*,#3116,.T.);
#4356=ORIENTED_EDGE('',*,*,#3117,.T.);
#4357=ORIENTED_EDGE('',*,*,#3116,.F.);
#4358=ORIENTED_EDGE('',*,*,#3117,.F.);
#4359=ORIENTED_EDGE('',*,*,#3118,.F.);
#4360=ORIENTED_EDGE('',*,*,#2882,.F.);
#4361=ORIENTED_EDGE('',*,*,#3012,.F.);
#4362=ORIENTED_EDGE('',*,*,#3119,.F.);
#4363=ORIENTED_EDGE('',*,*,#3055,.F.);
#4364=ORIENTED_EDGE('',*,*,#2878,.F.);
#4365=ORIENTED_EDGE('',*,*,#3057,.T.);
#4366=ORIENTED_EDGE('',*,*,#3120,.F.);
#4367=ORIENTED_EDGE('',*,*,#3121,.T.);
#4368=ORIENTED_EDGE('',*,*,#3122,.T.);
#4369=ORIENTED_EDGE('',*,*,#3056,.T.);
#4370=ORIENTED_EDGE('',*,*,#3119,.T.);
#4371=ORIENTED_EDGE('',*,*,#3011,.T.);
#4372=ORIENTED_EDGE('',*,*,#3123,.T.);
#4373=ORIENTED_EDGE('',*,*,#3120,.T.);
#4374=ORIENTED_EDGE('',*,*,#3010,.T.);
#4375=ORIENTED_EDGE('',*,*,#3124,.T.);
#4376=ORIENTED_EDGE('',*,*,#3121,.F.);
#4377=ORIENTED_EDGE('',*,*,#3123,.F.);
#4378=ORIENTED_EDGE('',*,*,#3125,.T.);
#4379=ORIENTED_EDGE('',*,*,#3126,.T.);
#4380=ORIENTED_EDGE('',*,*,#3127,.F.);
#4381=ORIENTED_EDGE('',*,*,#3128,.T.);
#4382=ORIENTED_EDGE('',*,*,#2688,.T.);
#4383=ORIENTED_EDGE('',*,*,#3128,.F.);
#4384=ORIENTED_EDGE('',*,*,#3129,.T.);
#4385=ORIENTED_EDGE('',*,*,#3130,.T.);
#4386=ORIENTED_EDGE('',*,*,#3125,.F.);
#4387=ORIENTED_EDGE('',*,*,#3130,.F.);
#4388=ORIENTED_EDGE('',*,*,#3131,.T.);
#4389=ORIENTED_EDGE('',*,*,#3132,.T.);
#4390=ORIENTED_EDGE('',*,*,#3126,.F.);
#4391=ORIENTED_EDGE('',*,*,#3132,.F.);
#4392=ORIENTED_EDGE('',*,*,#3133,.T.);
#4393=ORIENTED_EDGE('',*,*,#3127,.T.);
#4394=ORIENTED_EDGE('',*,*,#3134,.F.);
#4395=ORIENTED_EDGE('',*,*,#3135,.T.);
#4396=ORIENTED_EDGE('',*,*,#3118,.T.);
#4397=ORIENTED_EDGE('',*,*,#3135,.F.);
#4398=ORIENTED_EDGE('',*,*,#3136,.F.);
#4399=ORIENTED_EDGE('',*,*,#3137,.T.);
#4400=ORIENTED_EDGE('',*,*,#3115,.T.);
#4401=ORIENTED_EDGE('',*,*,#3137,.F.);
#4402=ORIENTED_EDGE('',*,*,#3138,.F.);
#4403=ORIENTED_EDGE('',*,*,#3129,.F.);
#4404=ORIENTED_EDGE('',*,*,#3139,.F.);
#4405=ORIENTED_EDGE('',*,*,#3131,.F.);
#4406=ORIENTED_EDGE('',*,*,#3140,.T.);
#4407=ORIENTED_EDGE('',*,*,#2635,.T.);
#4408=ORIENTED_EDGE('',*,*,#3141,.T.);
#4409=ORIENTED_EDGE('',*,*,#3142,.T.);
#4410=ORIENTED_EDGE('',*,*,#3143,.T.);
#4411=ORIENTED_EDGE('',*,*,#3144,.T.);
#4412=ORIENTED_EDGE('',*,*,#3145,.T.);
#4413=ORIENTED_EDGE('',*,*,#3146,.F.);
#4414=ORIENTED_EDGE('',*,*,#3147,.F.);
#4415=ORIENTED_EDGE('',*,*,#3148,.F.);
#4416=ORIENTED_EDGE('',*,*,#3148,.T.);
#4417=ORIENTED_EDGE('',*,*,#3149,.T.);
#4418=ORIENTED_EDGE('',*,*,#3150,.T.);
#4419=ORIENTED_EDGE('',*,*,#3151,.T.);
#4420=ORIENTED_EDGE('',*,*,#3152,.T.);
#4421=ORIENTED_EDGE('',*,*,#3153,.F.);
#4422=ORIENTED_EDGE('',*,*,#3154,.F.);
#4423=ORIENTED_EDGE('',*,*,#3150,.F.);
#4424=ORIENTED_EDGE('',*,*,#3155,.T.);
#4425=ORIENTED_EDGE('',*,*,#3156,.T.);
#4426=ORIENTED_EDGE('',*,*,#3157,.T.);
#4427=ORIENTED_EDGE('',*,*,#3153,.T.);
#4428=ORIENTED_EDGE('',*,*,#3156,.F.);
#4429=ORIENTED_EDGE('',*,*,#3158,.T.);
#4430=ORIENTED_EDGE('',*,*,#3159,.T.);
#4431=ORIENTED_EDGE('',*,*,#3160,.T.);
#4432=ORIENTED_EDGE('',*,*,#3161,.F.);
#4433=ORIENTED_EDGE('',*,*,#3162,.F.);
#4434=ORIENTED_EDGE('',*,*,#3163,.F.);
#4435=ORIENTED_EDGE('',*,*,#3164,.F.);
#4436=ORIENTED_EDGE('',*,*,#3165,.F.);
#4437=ORIENTED_EDGE('',*,*,#3166,.T.);
#4438=ORIENTED_EDGE('',*,*,#3133,.F.);
#4439=ORIENTED_EDGE('',*,*,#3166,.F.);
#4440=ORIENTED_EDGE('',*,*,#3167,.T.);
#4441=ORIENTED_EDGE('',*,*,#3168,.T.);
#4442=ORIENTED_EDGE('',*,*,#3169,.T.);
#4443=ORIENTED_EDGE('',*,*,#3161,.T.);
#4444=ORIENTED_EDGE('',*,*,#3165,.T.);
#4445=ORIENTED_EDGE('',*,*,#3170,.T.);
#4446=ORIENTED_EDGE('',*,*,#3163,.T.);
#4447=ORIENTED_EDGE('',*,*,#3171,.F.);
#4448=ORIENTED_EDGE('',*,*,#3172,.F.);
#4449=ORIENTED_EDGE('',*,*,#3173,.T.);
#4450=ORIENTED_EDGE('',*,*,#3174,.T.);
#4451=ORIENTED_EDGE('',*,*,#3170,.F.);
#4452=ORIENTED_EDGE('',*,*,#3164,.T.);
#4453=ORIENTED_EDGE('',*,*,#3173,.F.);
#4454=ORIENTED_EDGE('',*,*,#3175,.F.);
#4455=ORIENTED_EDGE('',*,*,#3176,.T.);
#4456=ORIENTED_EDGE('',*,*,#3159,.F.);
#4457=ORIENTED_EDGE('',*,*,#3177,.F.);
#4458=ORIENTED_EDGE('',*,*,#3178,.F.);
#4459=ORIENTED_EDGE('',*,*,#3179,.T.);
#4460=ORIENTED_EDGE('',*,*,#3143,.F.);
#4461=ORIENTED_EDGE('',*,*,#3180,.T.);
#4462=ORIENTED_EDGE('',*,*,#3181,.F.);
#4463=ORIENTED_EDGE('',*,*,#3182,.T.);
#4464=ORIENTED_EDGE('',*,*,#3134,.T.);
#4465=ORIENTED_EDGE('',*,*,#3183,.T.);
#4466=ORIENTED_EDGE('',*,*,#3136,.T.);
#4467=ORIENTED_EDGE('',*,*,#3184,.F.);
#4468=ORIENTED_EDGE('',*,*,#2932,.F.);
#4469=ORIENTED_EDGE('',*,*,#2664,.T.);
#4470=ORIENTED_EDGE('',*,*,#3185,.T.);
#4471=ORIENTED_EDGE('',*,*,#3138,.T.);
#4472=ORIENTED_EDGE('',*,*,#3185,.F.);
#4473=ORIENTED_EDGE('',*,*,#3186,.T.);
#4474=ORIENTED_EDGE('',*,*,#3187,.F.);
#4475=ORIENTED_EDGE('',*,*,#3188,.T.);
#4476=ORIENTED_EDGE('',*,*,#2646,.F.);
#4477=ORIENTED_EDGE('',*,*,#2647,.F.);
#4478=ORIENTED_EDGE('',*,*,#3188,.F.);
#4479=ORIENTED_EDGE('',*,*,#2822,.F.);
#4480=ORIENTED_EDGE('',*,*,#2918,.T.);
#4481=ORIENTED_EDGE('',*,*,#2921,.F.);
#4482=ORIENTED_EDGE('',*,*,#2922,.F.);
#4483=ORIENTED_EDGE('',*,*,#2677,.T.);
#4484=ORIENTED_EDGE('',*,*,#3189,.T.);
#4485=ORIENTED_EDGE('',*,*,#3139,.T.);
#4486=ORIENTED_EDGE('',*,*,#3189,.F.);
#4487=ORIENTED_EDGE('',*,*,#2642,.T.);
#4488=ORIENTED_EDGE('',*,*,#2674,.T.);
#4489=ORIENTED_EDGE('',*,*,#3190,.F.);
#4490=ORIENTED_EDGE('',*,*,#3186,.F.);
#4491=ORIENTED_EDGE('',*,*,#2645,.F.);
#4492=ORIENTED_EDGE('',*,*,#3191,.F.);
#4493=ORIENTED_EDGE('',*,*,#2672,.F.);
#4494=ORIENTED_EDGE('',*,*,#3192,.T.);
#4495=ORIENTED_EDGE('',*,*,#3144,.F.);
#4496=ORIENTED_EDGE('',*,*,#3179,.F.);
#4497=ORIENTED_EDGE('',*,*,#3192,.F.);
#4498=ORIENTED_EDGE('',*,*,#2671,.F.);
#4499=ORIENTED_EDGE('',*,*,#2636,.F.);
#4500=ORIENTED_EDGE('',*,*,#3140,.F.);
#4501=ORIENTED_EDGE('',*,*,#3193,.T.);
#4502=ORIENTED_EDGE('',*,*,#3194,.F.);
#4503=ORIENTED_EDGE('',*,*,#3195,.F.);
#4504=ORIENTED_EDGE('',*,*,#3196,.T.);
#4505=ORIENTED_EDGE('',*,*,#2842,.F.);
#4506=ORIENTED_EDGE('',*,*,#3197,.F.);
#4507=ORIENTED_EDGE('',*,*,#3198,.F.);
#4508=ORIENTED_EDGE('',*,*,#2975,.T.);
#4509=ORIENTED_EDGE('',*,*,#2709,.F.);
#4510=ORIENTED_EDGE('',*,*,#3199,.F.);
#4511=ORIENTED_EDGE('',*,*,#3200,.F.);
#4512=ORIENTED_EDGE('',*,*,#3197,.T.);
#4513=ORIENTED_EDGE('',*,*,#2844,.F.);
#4514=ORIENTED_EDGE('',*,*,#2973,.F.);
#4515=ORIENTED_EDGE('',*,*,#3201,.F.);
#4516=ORIENTED_EDGE('',*,*,#3199,.T.);
#4517=ORIENTED_EDGE('',*,*,#3202,.F.);
#4518=ORIENTED_EDGE('',*,*,#3203,.T.);
#4519=ORIENTED_EDGE('',*,*,#3204,.T.);
#4520=ORIENTED_EDGE('',*,*,#3205,.T.);
#4521=ORIENTED_EDGE('',*,*,#2634,.T.);
#4522=ORIENTED_EDGE('',*,*,#3206,.F.);
#4523=ORIENTED_EDGE('',*,*,#3207,.T.);
#4524=ORIENTED_EDGE('',*,*,#3141,.F.);
#4525=ORIENTED_EDGE('',*,*,#3154,.T.);
#4526=ORIENTED_EDGE('',*,*,#3157,.F.);
#4527=ORIENTED_EDGE('',*,*,#3160,.F.);
#4528=ORIENTED_EDGE('',*,*,#3176,.F.);
#4529=ORIENTED_EDGE('',*,*,#3208,.F.);
#4530=ORIENTED_EDGE('',*,*,#3180,.F.);
#4531=ORIENTED_EDGE('',*,*,#3142,.F.);
#4532=ORIENTED_EDGE('',*,*,#3207,.F.);
#4533=ORIENTED_EDGE('',*,*,#3209,.F.);
#4534=ORIENTED_EDGE('',*,*,#3210,.F.);
#4535=ORIENTED_EDGE('',*,*,#3145,.F.);
#4536=ORIENTED_EDGE('',*,*,#3151,.F.);
#4537=ORIENTED_EDGE('',*,*,#3210,.T.);
#4538=ORIENTED_EDGE('',*,*,#3211,.T.);
#4539=ORIENTED_EDGE('',*,*,#3212,.T.);
#4540=ORIENTED_EDGE('',*,*,#3146,.T.);
#4541=ORIENTED_EDGE('',*,*,#3177,.T.);
#4542=ORIENTED_EDGE('',*,*,#3158,.F.);
#4543=ORIENTED_EDGE('',*,*,#3155,.F.);
#4544=ORIENTED_EDGE('',*,*,#3152,.F.);
#4545=ORIENTED_EDGE('',*,*,#3149,.F.);
#4546=ORIENTED_EDGE('',*,*,#3147,.T.);
#4547=ORIENTED_EDGE('',*,*,#3212,.F.);
#4548=ORIENTED_EDGE('',*,*,#3213,.F.);
#4549=ORIENTED_EDGE('',*,*,#3214,.F.);
#4550=ORIENTED_EDGE('',*,*,#3167,.F.);
#4551=ORIENTED_EDGE('',*,*,#3174,.F.);
#4552=ORIENTED_EDGE('',*,*,#3215,.F.);
#4553=ORIENTED_EDGE('',*,*,#3216,.T.);
#4554=ORIENTED_EDGE('',*,*,#3217,.F.);
#4555=ORIENTED_EDGE('',*,*,#3171,.T.);
#4556=ORIENTED_EDGE('',*,*,#3162,.T.);
#4557=ORIENTED_EDGE('',*,*,#3169,.F.);
#4558=ORIENTED_EDGE('',*,*,#3214,.T.);
#4559=ORIENTED_EDGE('',*,*,#3218,.F.);
#4560=ORIENTED_EDGE('',*,*,#3219,.F.);
#4561=ORIENTED_EDGE('',*,*,#3216,.F.);
#4562=ORIENTED_EDGE('',*,*,#3168,.F.);
#4563=ORIENTED_EDGE('',*,*,#2820,.T.);
#4564=ORIENTED_EDGE('',*,*,#3220,.T.);
#4565=ORIENTED_EDGE('',*,*,#3221,.T.);
#4566=ORIENTED_EDGE('',*,*,#2802,.T.);
#4567=ORIENTED_EDGE('',*,*,#3222,.T.);
#4568=ORIENTED_EDGE('',*,*,#3220,.F.);
#4569=ORIENTED_EDGE('',*,*,#2819,.F.);
#4570=ORIENTED_EDGE('',*,*,#3223,.T.);
#4571=ORIENTED_EDGE('',*,*,#3224,.T.);
#4572=ORIENTED_EDGE('',*,*,#3223,.F.);
#4573=ORIENTED_EDGE('',*,*,#2818,.T.);
#4574=ORIENTED_EDGE('',*,*,#3225,.T.);
#4575=ORIENTED_EDGE('',*,*,#3226,.T.);
#4576=ORIENTED_EDGE('',*,*,#3225,.F.);
#4577=ORIENTED_EDGE('',*,*,#2817,.F.);
#4578=ORIENTED_EDGE('',*,*,#3227,.T.);
#4579=ORIENTED_EDGE('',*,*,#3228,.F.);
#4580=ORIENTED_EDGE('',*,*,#2812,.F.);
#4581=ORIENTED_EDGE('',*,*,#3229,.T.);
#4582=ORIENTED_EDGE('',*,*,#3172,.T.);
#4583=ORIENTED_EDGE('',*,*,#3190,.T.);
#4584=ORIENTED_EDGE('',*,*,#2673,.T.);
#4585=ORIENTED_EDGE('',*,*,#3191,.T.);
#4586=ORIENTED_EDGE('',*,*,#3181,.T.);
#4587=ORIENTED_EDGE('',*,*,#3208,.T.);
#4588=ORIENTED_EDGE('',*,*,#3178,.T.);
#4589=ORIENTED_EDGE('',*,*,#3215,.T.);
#4590=ORIENTED_EDGE('',*,*,#3175,.T.);
#4591=ORIENTED_EDGE('',*,*,#3229,.F.);
#4592=ORIENTED_EDGE('',*,*,#2811,.F.);
#4593=ORIENTED_EDGE('',*,*,#2823,.T.);
#4594=ORIENTED_EDGE('',*,*,#3187,.T.);
#4595=ORIENTED_EDGE('',*,*,#3230,.T.);
#4596=ORIENTED_EDGE('',*,*,#3227,.F.);
#4597=ORIENTED_EDGE('',*,*,#2816,.F.);
#4598=ORIENTED_EDGE('',*,*,#3032,.T.);
#4599=ORIENTED_EDGE('',*,*,#3221,.F.);
#4600=ORIENTED_EDGE('',*,*,#3222,.F.);
#4601=ORIENTED_EDGE('',*,*,#3224,.F.);
#4602=ORIENTED_EDGE('',*,*,#3226,.F.);
#4603=ORIENTED_EDGE('',*,*,#3230,.F.);
#4604=ORIENTED_EDGE('',*,*,#3031,.T.);
#4605=ORIENTED_EDGE('',*,*,#2976,.T.);
#4606=ORIENTED_EDGE('',*,*,#3198,.T.);
#4607=ORIENTED_EDGE('',*,*,#3200,.T.);
#4608=ORIENTED_EDGE('',*,*,#3201,.T.);
#4609=ORIENTED_EDGE('',*,*,#2972,.T.);
#4610=ORIENTED_EDGE('',*,*,#2803,.T.);
#4611=ORIENTED_EDGE('',*,*,#2555,.T.);
#4612=ORIENTED_EDGE('',*,*,#3231,.T.);
#4613=ORIENTED_EDGE('',*,*,#3182,.F.);
#4614=ORIENTED_EDGE('',*,*,#3231,.F.);
#4615=ORIENTED_EDGE('',*,*,#2554,.T.);
#4616=ORIENTED_EDGE('',*,*,#3232,.T.);
#4617=ORIENTED_EDGE('',*,*,#3183,.F.);
#4618=ORIENTED_EDGE('',*,*,#3232,.F.);
#4619=ORIENTED_EDGE('',*,*,#2553,.T.);
#4620=ORIENTED_EDGE('',*,*,#3233,.T.);
#4621=ORIENTED_EDGE('',*,*,#3184,.T.);
#4622=ORIENTED_EDGE('',*,*,#3233,.F.);
#4623=ORIENTED_EDGE('',*,*,#2628,.T.);
#4624=ORIENTED_EDGE('',*,*,#2670,.T.);
#4625=ORIENTED_EDGE('',*,*,#3234,.F.);
#4626=ORIENTED_EDGE('',*,*,#3235,.F.);
#4627=ORIENTED_EDGE('',*,*,#2629,.T.);
#4628=ORIENTED_EDGE('',*,*,#3235,.T.);
#4629=ORIENTED_EDGE('',*,*,#3236,.F.);
#4630=ORIENTED_EDGE('',*,*,#3237,.F.);
#4631=ORIENTED_EDGE('',*,*,#2630,.T.);
#4632=ORIENTED_EDGE('',*,*,#3237,.T.);
#4633=ORIENTED_EDGE('',*,*,#3238,.F.);
#4634=ORIENTED_EDGE('',*,*,#3239,.F.);
#4635=ORIENTED_EDGE('',*,*,#3240,.F.);
#4636=ORIENTED_EDGE('',*,*,#3241,.F.);
#4637=ORIENTED_EDGE('',*,*,#2631,.T.);
#4638=ORIENTED_EDGE('',*,*,#3239,.T.);
#4639=ORIENTED_EDGE('',*,*,#2632,.T.);
#4640=ORIENTED_EDGE('',*,*,#3241,.T.);
#4641=ORIENTED_EDGE('',*,*,#3242,.F.);
#4642=ORIENTED_EDGE('',*,*,#3243,.F.);
#4643=ORIENTED_EDGE('',*,*,#3204,.F.);
#4644=ORIENTED_EDGE('',*,*,#3244,.F.);
#4645=ORIENTED_EDGE('',*,*,#3245,.T.);
#4646=ORIENTED_EDGE('',*,*,#3246,.T.);
#4647=ORIENTED_EDGE('',*,*,#3247,.T.);
#4648=ORIENTED_EDGE('',*,*,#3248,.F.);
#4649=ORIENTED_EDGE('',*,*,#3193,.F.);
#4650=ORIENTED_EDGE('',*,*,#3249,.F.);
#4651=ORIENTED_EDGE('',*,*,#3250,.T.);
#4652=ORIENTED_EDGE('',*,*,#3251,.T.);
#4653=ORIENTED_EDGE('',*,*,#3252,.T.);
#4654=ORIENTED_EDGE('',*,*,#3249,.T.);
#4655=ORIENTED_EDGE('',*,*,#3196,.F.);
#4656=ORIENTED_EDGE('',*,*,#3253,.F.);
#4657=ORIENTED_EDGE('',*,*,#3248,.T.);
#4658=ORIENTED_EDGE('',*,*,#3254,.F.);
#4659=ORIENTED_EDGE('',*,*,#3085,.F.);
#4660=ORIENTED_EDGE('',*,*,#3255,.T.);
#4661=ORIENTED_EDGE('',*,*,#3256,.T.);
#4662=ORIENTED_EDGE('',*,*,#3194,.T.);
#4663=ORIENTED_EDGE('',*,*,#3195,.T.);
#4664=ORIENTED_EDGE('',*,*,#3256,.F.);
#4665=ORIENTED_EDGE('',*,*,#3257,.T.);
#4666=ORIENTED_EDGE('',*,*,#3253,.T.);
#4667=ORIENTED_EDGE('',*,*,#3258,.F.);
#4668=ORIENTED_EDGE('',*,*,#3259,.T.);
#4669=ORIENTED_EDGE('',*,*,#3205,.F.);
#4670=ORIENTED_EDGE('',*,*,#3246,.F.);
#4671=ORIENTED_EDGE('',*,*,#3260,.F.);
#4672=ORIENTED_EDGE('',*,*,#3261,.F.);
#4673=ORIENTED_EDGE('',*,*,#3262,.F.);
#4674=ORIENTED_EDGE('',*,*,#3263,.T.);
#4675=ORIENTED_EDGE('',*,*,#3202,.T.);
#4676=ORIENTED_EDGE('',*,*,#3259,.F.);
#4677=ORIENTED_EDGE('',*,*,#3264,.F.);
#4678=ORIENTED_EDGE('',*,*,#3265,.T.);
#4679=ORIENTED_EDGE('',*,*,#3266,.T.);
#4680=ORIENTED_EDGE('',*,*,#3244,.T.);
#4681=ORIENTED_EDGE('',*,*,#3203,.F.);
#4682=ORIENTED_EDGE('',*,*,#3263,.F.);
#4683=ORIENTED_EDGE('',*,*,#3267,.T.);
#4684=ORIENTED_EDGE('',*,*,#3268,.T.);
#4685=ORIENTED_EDGE('',*,*,#3269,.F.);
#4686=ORIENTED_EDGE('',*,*,#3218,.T.);
#4687=ORIENTED_EDGE('',*,*,#3213,.T.);
#4688=ORIENTED_EDGE('',*,*,#3211,.F.);
#4689=ORIENTED_EDGE('',*,*,#3209,.T.);
#4690=ORIENTED_EDGE('',*,*,#3206,.T.);
#4691=ORIENTED_EDGE('',*,*,#2633,.T.);
#4692=ORIENTED_EDGE('',*,*,#3243,.T.);
#4693=ORIENTED_EDGE('',*,*,#3270,.F.);
#4694=ORIENTED_EDGE('',*,*,#3271,.T.);
#4695=ORIENTED_EDGE('',*,*,#2662,.F.);
#4696=ORIENTED_EDGE('',*,*,#2668,.F.);
#4697=ORIENTED_EDGE('',*,*,#3272,.F.);
#4698=ORIENTED_EDGE('',*,*,#2658,.F.);
#4699=ORIENTED_EDGE('',*,*,#2561,.T.);
#4700=ORIENTED_EDGE('',*,*,#3273,.T.);
#4701=ORIENTED_EDGE('',*,*,#3274,.T.);
#4702=ORIENTED_EDGE('',*,*,#3275,.T.);
#4703=ORIENTED_EDGE('',*,*,#3276,.F.);
#4704=ORIENTED_EDGE('',*,*,#3277,.F.);
#4705=ORIENTED_EDGE('',*,*,#2550,.F.);
#4706=ORIENTED_EDGE('',*,*,#2562,.F.);
#4707=ORIENTED_EDGE('',*,*,#3275,.F.);
#4708=ORIENTED_EDGE('',*,*,#2667,.F.);
#4709=ORIENTED_EDGE('',*,*,#3278,.F.);
#4710=ORIENTED_EDGE('',*,*,#2659,.F.);
#4711=ORIENTED_EDGE('',*,*,#3272,.T.);
#4712=ORIENTED_EDGE('',*,*,#3219,.T.);
#4713=ORIENTED_EDGE('',*,*,#3269,.T.);
#4714=ORIENTED_EDGE('',*,*,#3279,.T.);
#4715=ORIENTED_EDGE('',*,*,#3280,.T.);
#4716=ORIENTED_EDGE('',*,*,#3017,.F.);
#4717=ORIENTED_EDGE('',*,*,#2813,.F.);
#4718=ORIENTED_EDGE('',*,*,#3228,.T.);
#4719=ORIENTED_EDGE('',*,*,#3217,.T.);
#4720=ORIENTED_EDGE('',*,*,#3281,.F.);
#4721=ORIENTED_EDGE('',*,*,#3273,.F.);
#4722=ORIENTED_EDGE('',*,*,#2560,.F.);
#4723=ORIENTED_EDGE('',*,*,#2548,.F.);
#4724=ORIENTED_EDGE('',*,*,#3070,.F.);
#4725=ORIENTED_EDGE('',*,*,#3282,.T.);
#4726=ORIENTED_EDGE('',*,*,#3283,.T.);
#4727=ORIENTED_EDGE('',*,*,#2665,.F.);
#4728=ORIENTED_EDGE('',*,*,#2581,.F.);
#4729=ORIENTED_EDGE('',*,*,#3284,.F.);
#4730=ORIENTED_EDGE('',*,*,#3285,.T.);
#4731=ORIENTED_EDGE('',*,*,#3282,.F.);
#4732=ORIENTED_EDGE('',*,*,#2580,.F.);
#4733=ORIENTED_EDGE('',*,*,#3077,.T.);
#4734=ORIENTED_EDGE('',*,*,#3089,.T.);
#4735=ORIENTED_EDGE('',*,*,#3286,.T.);
#4736=ORIENTED_EDGE('',*,*,#3284,.T.);
#4737=ORIENTED_EDGE('',*,*,#2579,.T.);
#4738=ORIENTED_EDGE('',*,*,#3075,.T.);
#4739=ORIENTED_EDGE('',*,*,#3090,.F.);
#4740=ORIENTED_EDGE('',*,*,#2551,.F.);
#4741=ORIENTED_EDGE('',*,*,#3277,.T.);
#4742=ORIENTED_EDGE('',*,*,#3287,.T.);
#4743=ORIENTED_EDGE('',*,*,#3087,.F.);
#4744=ORIENTED_EDGE('',*,*,#2614,.F.);
#4745=ORIENTED_EDGE('',*,*,#3288,.F.);
#4746=ORIENTED_EDGE('',*,*,#3270,.T.);
#4747=ORIENTED_EDGE('',*,*,#3242,.T.);
#4748=ORIENTED_EDGE('',*,*,#3240,.T.);
#4749=ORIENTED_EDGE('',*,*,#3238,.T.);
#4750=ORIENTED_EDGE('',*,*,#3236,.T.);
#4751=ORIENTED_EDGE('',*,*,#3234,.T.);
#4752=ORIENTED_EDGE('',*,*,#2669,.T.);
#4753=ORIENTED_EDGE('',*,*,#2638,.T.);
#4754=ORIENTED_EDGE('',*,*,#3289,.T.);
#4755=ORIENTED_EDGE('',*,*,#3271,.F.);
#4756=ORIENTED_EDGE('',*,*,#3288,.T.);
#4757=ORIENTED_EDGE('',*,*,#2613,.F.);
#4758=ORIENTED_EDGE('',*,*,#3245,.F.);
#4759=ORIENTED_EDGE('',*,*,#3266,.F.);
#4760=ORIENTED_EDGE('',*,*,#3290,.T.);
#4761=ORIENTED_EDGE('',*,*,#3267,.F.);
#4762=ORIENTED_EDGE('',*,*,#3289,.F.);
#4763=ORIENTED_EDGE('',*,*,#2612,.F.);
#4764=ORIENTED_EDGE('',*,*,#3291,.T.);
#4765=ORIENTED_EDGE('',*,*,#3260,.T.);
#4766=ORIENTED_EDGE('',*,*,#3292,.F.);
#4767=ORIENTED_EDGE('',*,*,#3261,.T.);
#4768=ORIENTED_EDGE('',*,*,#3291,.F.);
#4769=ORIENTED_EDGE('',*,*,#2611,.F.);
#4770=ORIENTED_EDGE('',*,*,#2702,.T.);
#4771=ORIENTED_EDGE('',*,*,#3293,.T.);
#4772=ORIENTED_EDGE('',*,*,#2609,.T.);
#4773=ORIENTED_EDGE('',*,*,#3294,.T.);
#4774=ORIENTED_EDGE('',*,*,#3295,.F.);
#4775=ORIENTED_EDGE('',*,*,#2703,.F.);
#4776=ORIENTED_EDGE('',*,*,#3294,.F.);
#4777=ORIENTED_EDGE('',*,*,#2608,.F.);
#4778=ORIENTED_EDGE('',*,*,#2607,.T.);
#4779=ORIENTED_EDGE('',*,*,#3296,.T.);
#4780=ORIENTED_EDGE('',*,*,#2704,.T.);
#4781=ORIENTED_EDGE('',*,*,#3295,.T.);
#4782=ORIENTED_EDGE('',*,*,#3080,.T.);
#4783=ORIENTED_EDGE('',*,*,#3297,.F.);
#4784=ORIENTED_EDGE('',*,*,#3251,.F.);
#4785=ORIENTED_EDGE('',*,*,#3298,.T.);
#4786=ORIENTED_EDGE('',*,*,#2605,.F.);
#4787=ORIENTED_EDGE('',*,*,#3079,.T.);
#4788=ORIENTED_EDGE('',*,*,#3086,.T.);
#4789=ORIENTED_EDGE('',*,*,#3254,.T.);
#4790=ORIENTED_EDGE('',*,*,#3247,.F.);
#4791=ORIENTED_EDGE('',*,*,#3252,.F.);
#4792=ORIENTED_EDGE('',*,*,#3297,.T.);
#4793=ORIENTED_EDGE('',*,*,#3257,.F.);
#4794=ORIENTED_EDGE('',*,*,#3255,.F.);
#4795=ORIENTED_EDGE('',*,*,#3084,.F.);
#4796=ORIENTED_EDGE('',*,*,#2576,.F.);
#4797=ORIENTED_EDGE('',*,*,#3299,.F.);
#4798=ORIENTED_EDGE('',*,*,#2705,.F.);
#4799=ORIENTED_EDGE('',*,*,#3296,.F.);
#4800=ORIENTED_EDGE('',*,*,#2606,.F.);
#4801=ORIENTED_EDGE('',*,*,#3298,.F.);
#4802=ORIENTED_EDGE('',*,*,#3250,.F.);
#4803=ORIENTED_EDGE('',*,*,#2575,.T.);
#4804=ORIENTED_EDGE('',*,*,#3300,.T.);
#4805=ORIENTED_EDGE('',*,*,#2706,.T.);
#4806=ORIENTED_EDGE('',*,*,#3299,.T.);
#4807=ORIENTED_EDGE('',*,*,#3301,.F.);
#4808=ORIENTED_EDGE('',*,*,#2707,.F.);
#4809=ORIENTED_EDGE('',*,*,#3300,.F.);
#4810=ORIENTED_EDGE('',*,*,#2574,.F.);
#4811=ORIENTED_EDGE('',*,*,#2573,.T.);
#4812=ORIENTED_EDGE('',*,*,#3302,.T.);
#4813=ORIENTED_EDGE('',*,*,#2700,.T.);
#4814=ORIENTED_EDGE('',*,*,#3301,.T.);
#4815=ORIENTED_EDGE('',*,*,#3303,.T.);
#4816=ORIENTED_EDGE('',*,*,#3264,.T.);
#4817=ORIENTED_EDGE('',*,*,#3262,.T.);
#4818=ORIENTED_EDGE('',*,*,#3258,.T.);
#4819=ORIENTED_EDGE('',*,*,#3292,.T.);
#4820=ORIENTED_EDGE('',*,*,#2610,.F.);
#4821=ORIENTED_EDGE('',*,*,#3293,.F.);
#4822=ORIENTED_EDGE('',*,*,#2701,.F.);
#4823=ORIENTED_EDGE('',*,*,#3302,.F.);
#4824=ORIENTED_EDGE('',*,*,#2572,.F.);
#4825=ORIENTED_EDGE('',*,*,#2567,.T.);
#4826=ORIENTED_EDGE('',*,*,#2590,.F.);
#4827=ORIENTED_EDGE('',*,*,#3304,.F.);
#4828=ORIENTED_EDGE('',*,*,#3279,.F.);
#4829=ORIENTED_EDGE('',*,*,#3268,.F.);
#4830=ORIENTED_EDGE('',*,*,#3290,.F.);
#4831=ORIENTED_EDGE('',*,*,#3265,.F.);
#4832=ORIENTED_EDGE('',*,*,#3303,.F.);
#4833=ORIENTED_EDGE('',*,*,#2571,.F.);
#4834=ORIENTED_EDGE('',*,*,#2563,.T.);
#4835=ORIENTED_EDGE('',*,*,#2663,.T.);
#4836=ORIENTED_EDGE('',*,*,#3304,.T.);
#4837=ORIENTED_EDGE('',*,*,#2589,.F.);
#4838=ORIENTED_EDGE('',*,*,#3305,.F.);
#4839=ORIENTED_EDGE('',*,*,#3280,.F.);
#4840=ORIENTED_EDGE('',*,*,#2588,.F.);
#4841=ORIENTED_EDGE('',*,*,#2903,.T.);
#4842=ORIENTED_EDGE('',*,*,#2905,.F.);
#4843=ORIENTED_EDGE('',*,*,#2897,.F.);
#4844=ORIENTED_EDGE('',*,*,#3018,.F.);
#4845=ORIENTED_EDGE('',*,*,#3305,.T.);
#4846=ORIENTED_EDGE('',*,*,#3306,.T.);
#4847=ORIENTED_EDGE('',*,*,#3307,.F.);
#4848=ORIENTED_EDGE('',*,*,#3278,.T.);
#4849=ORIENTED_EDGE('',*,*,#2666,.F.);
#4850=ORIENTED_EDGE('',*,*,#3283,.F.);
#4851=ORIENTED_EDGE('',*,*,#3285,.F.);
#4852=ORIENTED_EDGE('',*,*,#3286,.F.);
#4853=ORIENTED_EDGE('',*,*,#3088,.F.);
#4854=ORIENTED_EDGE('',*,*,#3287,.F.);
#4855=ORIENTED_EDGE('',*,*,#3276,.T.);
#4856=ORIENTED_EDGE('',*,*,#3274,.F.);
#4857=ORIENTED_EDGE('',*,*,#3281,.T.);
#4858=ORIENTED_EDGE('',*,*,#3069,.F.);
#4859=ORIENTED_EDGE('',*,*,#3096,.F.);
#4860=ORIENTED_EDGE('',*,*,#3092,.F.);
#4861=ORIENTED_EDGE('',*,*,#3095,.F.);
#4862=ORIENTED_EDGE('',*,*,#2995,.T.);
#4863=ORIENTED_EDGE('',*,*,#3054,.T.);
#4864=ORIENTED_EDGE('',*,*,#3058,.T.);
#4865=ORIENTED_EDGE('',*,*,#3122,.F.);
#4866=ORIENTED_EDGE('',*,*,#3124,.F.);
#4867=ORIENTED_EDGE('',*,*,#3009,.F.);
#4868=ORIENTED_EDGE('',*,*,#3306,.F.);
#4869=ORIENTED_EDGE('',*,*,#3008,.T.);
#4870=ORIENTED_EDGE('',*,*,#3308,.F.);
#4871=ORIENTED_EDGE('',*,*,#3309,.F.);
#4872=ORIENTED_EDGE('',*,*,#3308,.T.);
#4873=ORIENTED_EDGE('',*,*,#3007,.T.);
#4874=ORIENTED_EDGE('',*,*,#3014,.T.);
#4875=ORIENTED_EDGE('',*,*,#3310,.T.);
#4876=ORIENTED_EDGE('',*,*,#3002,.T.);
#4877=ORIENTED_EDGE('',*,*,#2900,.F.);
#4878=ORIENTED_EDGE('',*,*,#2904,.T.);
#4879=ORIENTED_EDGE('',*,*,#2586,.F.);
#4880=ORIENTED_EDGE('',*,*,#2660,.F.);
#4881=ORIENTED_EDGE('',*,*,#3307,.T.);
#4882=ORIENTED_EDGE('',*,*,#3309,.T.);
#4883=ORIENTED_EDGE('',*,*,#3310,.F.);
#4884=ORIENTED_EDGE('',*,*,#3013,.F.);
#4885=PLANE('',#5352);
#4886=PLANE('',#5354);
#4887=PLANE('',#5362);
#4888=PLANE('',#5363);
#4889=PLANE('',#5364);
#4890=PLANE('',#5365);
#4891=PLANE('',#5372);
#4892=PLANE('',#5383);
#4893=PLANE('',#5388);
#4894=PLANE('',#5391);
#4895=PLANE('',#5392);
#4896=PLANE('',#5393);
#4897=PLANE('',#5394);
#4898=PLANE('',#5400);
#4899=PLANE('',#5412);
#4900=PLANE('',#5418);
#4901=PLANE('',#5422);
#4902=PLANE('',#5431);
#4903=PLANE('',#5433);
#4904=PLANE('',#5443);
#4905=PLANE('',#5452);
#4906=PLANE('',#5456);
#4907=PLANE('',#5458);
#4908=PLANE('',#5460);
#4909=PLANE('',#5461);
#4910=PLANE('',#5462);
#4911=PLANE('',#5464);
#4912=PLANE('',#5476);
#4913=PLANE('',#5477);
#4914=PLANE('',#5479);
#4915=PLANE('',#5485);
#4916=PLANE('',#5486);
#4917=PLANE('',#5487);
#4918=PLANE('',#5488);
#4919=PLANE('',#5489);
#4920=PLANE('',#5490);
#4921=PLANE('',#5491);
#4922=PLANE('',#5492);
#4923=PLANE('',#5495);
#4924=PLANE('',#5497);
#4925=PLANE('',#5506);
#4926=PLANE('',#5507);
#4927=PLANE('',#5510);
#4928=PLANE('',#5515);
#4929=PLANE('',#5522);
#4930=PLANE('',#5524);
#4931=PLANE('',#5525);
#4932=PLANE('',#5530);
#4933=PLANE('',#5540);
#4934=PLANE('',#5547);
#4935=PLANE('',#5549);
#4936=PLANE('',#5555);
#4937=PLANE('',#5557);
#4938=PLANE('',#5559);
#4939=PLANE('',#5570);
#4940=PLANE('',#5592);
#4941=PLANE('',#5593);
#4942=PLANE('',#5594);
#4943=PLANE('',#5595);
#4944=PLANE('',#5597);
#4945=PLANE('',#5599);
#4946=PLANE('',#5610);
#4947=PLANE('',#5612);
#4948=PLANE('',#5619);
#4949=PLANE('',#5620);
#4950=PLANE('',#5622);
#4951=PLANE('',#5624);
#4952=PLANE('',#5625);
#4953=PLANE('',#5626);
#4954=PLANE('',#5632);
#4955=PLANE('',#5636);
#4956=PLANE('',#5641);
#4957=PLANE('',#5642);
#4958=PLANE('',#5643);
#4959=PLANE('',#5644);
#4960=PLANE('',#5645);
#4961=PLANE('',#5648);
#4962=PLANE('',#5649);
#4963=PLANE('',#5650);
#4964=PLANE('',#5653);
#4965=PLANE('',#5654);
#4966=PLANE('',#5657);
#4967=PLANE('',#5660);
#4968=PLANE('',#5661);
#4969=PLANE('',#5668);
#4970=PLANE('',#5669);
#4971=PLANE('',#5671);
#4972=PLANE('',#5673);
#4973=PLANE('',#5679);
#4974=PLANE('',#5680);
#4975=PLANE('',#5681);
#4976=PLANE('',#5682);
#4977=PLANE('',#5683);
#4978=PLANE('',#5684);
#4979=PLANE('',#5686);
#4980=PLANE('',#5688);
#4981=PLANE('',#5689);
#4982=PLANE('',#5690);
#4983=PLANE('',#5691);
#4984=PLANE('',#5694);
#4985=PLANE('',#5698);
#4986=PLANE('',#5700);
#4987=PLANE('',#5704);
#4988=PLANE('',#5705);
#4989=PLANE('',#5706);
#4990=PLANE('',#5708);
#4991=PLANE('',#5716);
#4992=PLANE('',#5722);
#4993=PLANE('',#5724);
#4994=PLANE('',#5726);
#4995=PLANE('',#5728);
#4996=PLANE('',#5729);
#4997=PLANE('',#5730);
#4998=PLANE('',#5731);
#4999=PLANE('',#5732);
#5000=PLANE('',#5737);
#5001=PLANE('',#5744);
#5002=PLANE('',#5746);
#5003=PLANE('',#5748);
#5004=PLANE('',#5755);
#5005=PLANE('',#5756);
#5006=PLANE('',#5758);
#5007=PLANE('',#5761);
#5008=PLANE('',#5762);
#5009=PLANE('',#5765);
#5010=PLANE('',#5766);
#5011=PLANE('',#5767);
#5012=PLANE('',#5768);
#5013=PLANE('',#5770);
#5014=PLANE('',#5771);
#5015=PLANE('',#5772);
#5016=PLANE('',#5773);
#5017=PLANE('',#5774);
#5018=PLANE('',#5775);
#5019=PLANE('',#5779);
#5020=PLANE('',#5780);
#5021=PLANE('',#5781);
#5022=PLANE('',#5782);
#5023=PLANE('',#5783);
#5024=PLANE('',#5788);
#5025=PLANE('',#5789);
#5026=PLANE('',#5792);
#5027=PLANE('',#5795);
#5028=PLANE('',#5796);
#5029=PLANE('',#5798);
#5030=PLANE('',#5799);
#5031=PLANE('',#5800);
#5032=PLANE('',#5801);
#5033=PLANE('',#5802);
#5034=PLANE('',#5803);
#5035=PLANE('',#5808);
#5036=PLANE('',#5809);
#5037=PLANE('',#5810);
#5038=PLANE('',#5811);
#5039=PLANE('',#5812);
#5040=PLANE('',#5814);
#5041=PLANE('',#5816);
#5042=PLANE('',#5817);
#5043=PLANE('',#5818);
#5044=PLANE('',#5820);
#5045=PLANE('',#5822);
#5046=PLANE('',#5823);
#5047=PLANE('',#5826);
#5048=PLANE('',#5827);
#5049=PLANE('',#5828);
#5050=PLANE('',#5829);
#5051=ADVANCED_FACE('',(#276),#4885,.T.);
#5052=ADVANCED_FACE('',(#277,#136,#137,#138,#139),#4886,.T.);
#5053=ADVANCED_FACE('',(#278),#4887,.F.);
#5054=ADVANCED_FACE('',(#279),#4888,.T.);
#5055=ADVANCED_FACE('',(#280),#4889,.T.);
#5056=ADVANCED_FACE('',(#281),#4890,.T.);
#5057=ADVANCED_FACE('',(#282),#4891,.T.);
#5058=ADVANCED_FACE('',(#283),#56,.T.);
#5059=ADVANCED_FACE('',(#284),#57,.T.);
#5060=ADVANCED_FACE('',(#285),#58,.T.);
#5061=ADVANCED_FACE('',(#286),#4892,.T.);
#5062=ADVANCED_FACE('',(#287),#4893,.T.);
#5063=ADVANCED_FACE('',(#288),#59,.T.);
#5064=ADVANCED_FACE('',(#289),#4894,.T.);
#5065=ADVANCED_FACE('',(#290),#4895,.T.);
#5066=ADVANCED_FACE('',(#291),#4896,.F.);
#5067=ADVANCED_FACE('',(#292),#4897,.F.);
#5068=ADVANCED_FACE('',(#293),#60,.T.);
#5069=ADVANCED_FACE('',(#294),#61,.T.);
#5070=ADVANCED_FACE('',(#295),#4898,.T.);
#5071=ADVANCED_FACE('',(#296),#62,.F.);
#5072=ADVANCED_FACE('',(#297),#18,.T.);
#5073=ADVANCED_FACE('',(#298),#63,.T.);
#5074=ADVANCED_FACE('',(#299,#140),#4899,.F.);
#5075=ADVANCED_FACE('',(#300),#64,.F.);
#5076=ADVANCED_FACE('',(#301,#141,#142),#4900,.T.);
#5077=ADVANCED_FACE('',(#302),#4901,.T.);
#5078=ADVANCED_FACE('',(#303),#19,.F.);
#5079=ADVANCED_FACE('',(#304),#65,.F.);
#5080=ADVANCED_FACE('',(#305,#143),#4902,.T.);
#5081=ADVANCED_FACE('',(#306,#144),#4903,.F.);
#5082=ADVANCED_FACE('',(#307),#66,.T.);
#5083=ADVANCED_FACE('',(#308),#4904,.F.);
#5084=ADVANCED_FACE('',(#309),#67,.F.);
#5085=ADVANCED_FACE('',(#310),#20,.F.);
#5086=ADVANCED_FACE('',(#311),#4905,.T.);
#5087=ADVANCED_FACE('',(#312),#68,.T.);
#5088=ADVANCED_FACE('',(#313),#4906,.T.);
#5089=ADVANCED_FACE('',(#314),#4907,.T.);
#5090=ADVANCED_FACE('',(#315),#4908,.T.);
#5091=ADVANCED_FACE('',(#316),#4909,.T.);
#5092=ADVANCED_FACE('',(#317),#4910,.T.);
#5093=ADVANCED_FACE('',(#318),#4911,.T.);
#5094=ADVANCED_FACE('',(#319),#69,.F.);
#5095=ADVANCED_FACE('',(#320),#70,.F.);
#5096=ADVANCED_FACE('',(#321),#4912,.T.);
#5097=ADVANCED_FACE('',(#322),#4913,.T.);
#5098=ADVANCED_FACE('',(#323),#4914,.T.);
#5099=ADVANCED_FACE('',(#324),#71,.F.);
#5100=ADVANCED_FACE('',(#325),#4915,.T.);
#5101=ADVANCED_FACE('',(#326),#4916,.T.);
#5102=ADVANCED_FACE('',(#327),#4917,.T.);
#5103=ADVANCED_FACE('',(#328),#4918,.T.);
#5104=ADVANCED_FACE('',(#329),#4919,.T.);
#5105=ADVANCED_FACE('',(#330),#4920,.T.);
#5106=ADVANCED_FACE('',(#331),#4921,.T.);
#5107=ADVANCED_FACE('',(#332),#4922,.T.);
#5108=ADVANCED_FACE('',(#333),#72,.F.);
#5109=ADVANCED_FACE('',(#334),#4923,.F.);
#5110=ADVANCED_FACE('',(#335),#4924,.F.);
#5111=ADVANCED_FACE('',(#336),#73,.F.);
#5112=ADVANCED_FACE('',(#337),#4925,.T.);
#5113=ADVANCED_FACE('',(#338),#4926,.F.);
#5114=ADVANCED_FACE('',(#339),#74,.F.);
#5115=ADVANCED_FACE('',(#340,#145),#4927,.F.);
#5116=ADVANCED_FACE('',(#341),#75,.F.);
#5117=ADVANCED_FACE('',(#342),#76,.F.);
#5118=ADVANCED_FACE('',(#343),#77,.T.);
#5119=ADVANCED_FACE('',(#344),#4928,.F.);
#5120=ADVANCED_FACE('',(#345),#21,.F.);
#5121=ADVANCED_FACE('',(#346),#22,.F.);
#5122=ADVANCED_FACE('',(#347),#78,.T.);
#5123=ADVANCED_FACE('',(#348),#23,.F.);
#5124=ADVANCED_FACE('',(#349,#146),#24,.F.);
#5125=ADVANCED_FACE('',(#350),#79,.T.);
#5126=ADVANCED_FACE('',(#351),#4929,.F.);
#5127=ADVANCED_FACE('',(#352),#25,.T.);
#5128=ADVANCED_FACE('',(#353),#4930,.T.);
#5129=ADVANCED_FACE('',(#354),#4931,.F.);
#5130=ADVANCED_FACE('',(#355),#4932,.F.);
#5131=ADVANCED_FACE('',(#356),#80,.T.);
#5132=ADVANCED_FACE('',(#357),#26,.F.);
#5133=ADVANCED_FACE('',(#358),#81,.F.);
#5134=ADVANCED_FACE('',(#359),#4933,.T.);
#5135=ADVANCED_FACE('',(#360),#27,.F.);
#5136=ADVANCED_FACE('',(#361),#28,.F.);
#5137=ADVANCED_FACE('',(#362),#29,.F.);
#5138=ADVANCED_FACE('',(#363),#4934,.T.);
#5139=ADVANCED_FACE('',(#364),#4935,.T.);
#5140=ADVANCED_FACE('',(#365),#30,.F.);
#5141=ADVANCED_FACE('',(#366),#31,.F.);
#5142=ADVANCED_FACE('',(#367),#4936,.T.);
#5143=ADVANCED_FACE('',(#368),#32,.F.);
#5144=ADVANCED_FACE('',(#369),#4937,.T.);
#5145=ADVANCED_FACE('',(#370),#4938,.T.);
#5146=ADVANCED_FACE('',(#371,#147),#82,.T.);
#5147=ADVANCED_FACE('',(#372),#83,.F.);
#5148=ADVANCED_FACE('',(#373),#84,.F.);
#5149=ADVANCED_FACE('',(#374),#85,.T.);
#5150=ADVANCED_FACE('',(#375),#4939,.T.);
#5151=ADVANCED_FACE('',(#376),#33,.T.);
#5152=ADVANCED_FACE('',(#377),#86,.F.);
#5153=ADVANCED_FACE('',(#378),#34,.T.);
#5154=ADVANCED_FACE('',(#379),#35,.T.);
#5155=ADVANCED_FACE('',(#380),#36,.T.);
#5156=ADVANCED_FACE('',(#381),#87,.T.);
#5157=ADVANCED_FACE('',(#382),#88,.F.);
#5158=ADVANCED_FACE('',(#383),#37,.T.);
#5159=ADVANCED_FACE('',(#384),#38,.T.);
#5160=ADVANCED_FACE('',(#385),#39,.T.);
#5161=ADVANCED_FACE('',(#386),#89,.T.);
#5162=ADVANCED_FACE('',(#387),#40,.F.);
#5163=ADVANCED_FACE('',(#388),#4940,.F.);
#5164=ADVANCED_FACE('',(#389),#4941,.F.);
#5165=ADVANCED_FACE('',(#390),#4942,.T.);
#5166=ADVANCED_FACE('',(#391),#41,.T.);
#5167=ADVANCED_FACE('',(#392),#4943,.T.);
#5168=ADVANCED_FACE('',(#393),#4944,.T.);
#5169=ADVANCED_FACE('',(#394),#4945,.T.);
#5170=ADVANCED_FACE('',(#395),#90,.T.);
#5171=ADVANCED_FACE('',(#396),#42,.F.);
#5172=ADVANCED_FACE('',(#397),#43,.F.);
#5173=ADVANCED_FACE('',(#398),#44,.F.);
#5174=ADVANCED_FACE('',(#399),#91,.F.);
#5175=ADVANCED_FACE('',(#400),#4946,.T.);
#5176=ADVANCED_FACE('',(#401),#4947,.F.);
#5177=ADVANCED_FACE('',(#402),#92,.F.);
#5178=ADVANCED_FACE('',(#403),#93,.F.);
#5179=ADVANCED_FACE('',(#404),#94,.F.);
#5180=ADVANCED_FACE('',(#405),#4948,.T.);
#5181=ADVANCED_FACE('',(#406),#4949,.F.);
#5182=ADVANCED_FACE('',(#407),#4950,.F.);
#5183=ADVANCED_FACE('',(#408),#4951,.F.);
#5184=ADVANCED_FACE('',(#409),#4952,.T.);
#5185=ADVANCED_FACE('',(#410),#4953,.T.);
#5186=ADVANCED_FACE('',(#411),#95,.F.);
#5187=ADVANCED_FACE('',(#412),#4954,.F.);
#5188=ADVANCED_FACE('',(#413),#15,.F.);
#5189=ADVANCED_FACE('',(#414,#148,#149),#4955,.T.);
#5190=ADVANCED_FACE('',(#415),#4956,.F.);
#5191=ADVANCED_FACE('',(#416),#4957,.T.);
#5192=ADVANCED_FACE('',(#417),#4958,.T.);
#5193=ADVANCED_FACE('',(#418),#4959,.T.);
#5194=ADVANCED_FACE('',(#419),#4960,.T.);
#5195=ADVANCED_FACE('',(#420),#16,.F.);
#5196=ADVANCED_FACE('',(#421),#4961,.T.);
#5197=ADVANCED_FACE('',(#422),#4962,.F.);
#5198=ADVANCED_FACE('',(#423),#17,.T.);
#5199=ADVANCED_FACE('',(#424),#4963,.T.);
#5200=ADVANCED_FACE('',(#425),#96,.F.);
#5201=ADVANCED_FACE('',(#426),#4964,.T.);
#5202=ADVANCED_FACE('',(#427),#4965,.T.);
#5203=ADVANCED_FACE('',(#428),#4966,.T.);
#5204=ADVANCED_FACE('',(#429),#4967,.T.);
#5205=ADVANCED_FACE('',(#430),#4968,.T.);
#5206=ADVANCED_FACE('',(#431),#97,.T.);
#5207=ADVANCED_FACE('',(#432),#98,.F.);
#5208=ADVANCED_FACE('',(#433),#99,.T.);
#5209=ADVANCED_FACE('',(#434),#4969,.T.);
#5210=ADVANCED_FACE('',(#435),#4970,.T.);
#5211=ADVANCED_FACE('',(#436),#100,.F.);
#5212=ADVANCED_FACE('',(#437),#4971,.F.);
#5213=ADVANCED_FACE('',(#438),#101,.F.);
#5214=ADVANCED_FACE('',(#439),#4972,.F.);
#5215=ADVANCED_FACE('',(#440),#102,.T.);
#5216=ADVANCED_FACE('',(#441),#103,.T.);
#5217=ADVANCED_FACE('',(#442),#104,.T.);
#5218=ADVANCED_FACE('',(#443),#4973,.T.);
#5219=ADVANCED_FACE('',(#444),#4974,.T.);
#5220=ADVANCED_FACE('',(#445),#4975,.F.);
#5221=ADVANCED_FACE('',(#446),#4976,.F.);
#5222=ADVANCED_FACE('',(#447),#4977,.F.);
#5223=ADVANCED_FACE('',(#448),#4978,.F.);
#5224=ADVANCED_FACE('',(#449),#105,.T.);
#5225=ADVANCED_FACE('',(#450),#4979,.T.);
#5226=ADVANCED_FACE('',(#451),#106,.T.);
#5227=ADVANCED_FACE('',(#452),#4980,.F.);
#5228=ADVANCED_FACE('',(#453),#4981,.F.);
#5229=ADVANCED_FACE('',(#454),#4982,.T.);
#5230=ADVANCED_FACE('',(#455),#4983,.T.);
#5231=ADVANCED_FACE('',(#456),#107,.F.);
#5232=ADVANCED_FACE('',(#457,#150),#4984,.F.);
#5233=ADVANCED_FACE('',(#458),#108,.F.);
#5234=ADVANCED_FACE('',(#459,#151),#4985,.F.);
#5235=ADVANCED_FACE('',(#460),#4986,.T.);
#5236=ADVANCED_FACE('',(#461),#109,.T.);
#5237=ADVANCED_FACE('',(#462),#4987,.T.);
#5238=ADVANCED_FACE('',(#463),#4988,.T.);
#5239=ADVANCED_FACE('',(#464),#4989,.T.);
#5240=ADVANCED_FACE('',(#465),#4990,.T.);
#5241=ADVANCED_FACE('',(#466),#110,.F.);
#5242=ADVANCED_FACE('',(#467),#111,.F.);
#5243=ADVANCED_FACE('',(#468),#112,.F.);
#5244=ADVANCED_FACE('',(#469,#152),#4991,.T.);
#5245=ADVANCED_FACE('',(#470),#113,.F.);
#5246=ADVANCED_FACE('',(#471),#114,.F.);
#5247=ADVANCED_FACE('',(#472,#153),#4992,.F.);
#5248=ADVANCED_FACE('',(#473,#154),#4993,.F.);
#5249=ADVANCED_FACE('',(#474),#4994,.T.);
#5250=ADVANCED_FACE('',(#475),#4995,.T.);
#5251=ADVANCED_FACE('',(#476),#4996,.F.);
#5252=ADVANCED_FACE('',(#477),#4997,.T.);
#5253=ADVANCED_FACE('',(#478),#4998,.T.);
#5254=ADVANCED_FACE('',(#479),#4999,.T.);
#5255=ADVANCED_FACE('',(#480),#115,.T.);
#5256=ADVANCED_FACE('',(#481),#5000,.T.);
#5257=ADVANCED_FACE('',(#482),#116,.F.);
#5258=ADVANCED_FACE('',(#483),#45,.T.);
#5259=ADVANCED_FACE('',(#484),#117,.T.);
#5260=ADVANCED_FACE('',(#485),#46,.T.);
#5261=ADVANCED_FACE('',(#486,#155),#5001,.T.);
#5262=ADVANCED_FACE('',(#487,#156),#5002,.T.);
#5263=ADVANCED_FACE('',(#488,#157),#5003,.F.);
#5264=ADVANCED_FACE('',(#489),#118,.F.);
#5265=ADVANCED_FACE('',(#490),#47,.T.);
#5266=ADVANCED_FACE('',(#491),#119,.F.);
#5267=ADVANCED_FACE('',(#492),#120,.F.);
#5268=ADVANCED_FACE('',(#493),#5004,.T.);
#5269=ADVANCED_FACE('',(#494),#5005,.F.);
#5270=ADVANCED_FACE('',(#495),#121,.T.);
#5271=ADVANCED_FACE('',(#496),#5006,.F.);
#5272=ADVANCED_FACE('',(#497),#48,.T.);
#5273=ADVANCED_FACE('',(#498),#5007,.T.);
#5274=ADVANCED_FACE('',(#499),#49,.T.);
#5275=ADVANCED_FACE('',(#500),#5008,.F.);
#5276=ADVANCED_FACE('',(#501),#5009,.T.);
#5277=ADVANCED_FACE('',(#502),#5010,.T.);
#5278=ADVANCED_FACE('',(#503),#5011,.T.);
#5279=ADVANCED_FACE('',(#504),#5012,.T.);
#5280=ADVANCED_FACE('',(#505),#50,.T.);
#5281=ADVANCED_FACE('',(#506),#5013,.T.);
#5282=ADVANCED_FACE('',(#507),#5014,.T.);
#5283=ADVANCED_FACE('',(#508),#51,.T.);
#5284=ADVANCED_FACE('',(#509),#5015,.T.);
#5285=ADVANCED_FACE('',(#510),#52,.T.);
#5286=ADVANCED_FACE('',(#511),#5016,.F.);
#5287=ADVANCED_FACE('',(#512),#53,.F.);
#5288=ADVANCED_FACE('',(#513),#5017,.T.);
#5289=ADVANCED_FACE('',(#514),#5018,.T.);
#5290=ADVANCED_FACE('',(#515),#122,.T.);
#5291=ADVANCED_FACE('',(#516),#123,.T.);
#5292=ADVANCED_FACE('',(#517),#124,.F.);
#5293=ADVANCED_FACE('',(#518),#5019,.T.);
#5294=ADVANCED_FACE('',(#519),#5020,.T.);
#5295=ADVANCED_FACE('',(#520),#5021,.T.);
#5296=ADVANCED_FACE('',(#521),#5022,.T.);
#5297=ADVANCED_FACE('',(#522),#5023,.T.);
#5298=ADVANCED_FACE('',(#523),#125,.F.);
#5299=ADVANCED_FACE('',(#524),#126,.F.);
#5300=ADVANCED_FACE('',(#525),#5024,.T.);
#5301=ADVANCED_FACE('',(#526),#5025,.T.);
#5302=ADVANCED_FACE('',(#527),#127,.F.);
#5303=ADVANCED_FACE('',(#528),#5026,.T.);
#5304=ADVANCED_FACE('',(#529),#128,.F.);
#5305=ADVANCED_FACE('',(#530),#5027,.T.);
#5306=ADVANCED_FACE('',(#531),#5028,.T.);
#5307=ADVANCED_FACE('',(#532),#5029,.F.);
#5308=ADVANCED_FACE('',(#533),#5030,.F.);
#5309=ADVANCED_FACE('',(#534),#5031,.F.);
#5310=ADVANCED_FACE('',(#535),#5032,.F.);
#5311=ADVANCED_FACE('',(#536),#54,.F.);
#5312=ADVANCED_FACE('',(#537),#5033,.F.);
#5313=ADVANCED_FACE('',(#538),#5034,.T.);
#5314=ADVANCED_FACE('',(#539),#129,.F.);
#5315=ADVANCED_FACE('',(#540),#130,.T.);
#5316=ADVANCED_FACE('',(#541),#5035,.T.);
#5317=ADVANCED_FACE('',(#542),#5036,.T.);
#5318=ADVANCED_FACE('',(#543),#5037,.T.);
#5319=ADVANCED_FACE('',(#544),#5038,.T.);
#5320=ADVANCED_FACE('',(#545),#5039,.T.);
#5321=ADVANCED_FACE('',(#546),#131,.F.);
#5322=ADVANCED_FACE('',(#547),#5040,.F.);
#5323=ADVANCED_FACE('',(#548),#132,.F.);
#5324=ADVANCED_FACE('',(#549),#5041,.T.);
#5325=ADVANCED_FACE('',(#550),#5042,.F.);
#5326=ADVANCED_FACE('',(#551),#5043,.F.);
#5327=ADVANCED_FACE('',(#552),#133,.F.);
#5328=ADVANCED_FACE('',(#553),#5044,.F.);
#5329=ADVANCED_FACE('',(#554),#134,.F.);
#5330=ADVANCED_FACE('',(#555),#5045,.F.);
#5331=ADVANCED_FACE('',(#556),#5046,.T.);
#5332=ADVANCED_FACE('',(#557),#55,.T.);
#5333=ADVANCED_FACE('',(#558),#135,.F.);
#5334=ADVANCED_FACE('',(#559),#5047,.F.);
#5335=ADVANCED_FACE('',(#560),#5048,.T.);
#5336=ADVANCED_FACE('',(#561),#5049,.T.);
#5337=ADVANCED_FACE('',(#562),#5050,.T.);
#5338=CLOSED_SHELL('',(#5051,#5052,#5053,#5054,#5055,#5056,#5057,#5058,
#5059,#5060,#5061,#5062,#5063,#5064,#5065,#5066,#5067,#5068,#5069,#5070,
#5071,#5072,#5073,#5074,#5075,#5076,#5077,#5078,#5079,#5080,#5081,#5082,
#5083,#5084,#5085,#5086,#5087,#5088,#5089,#5090,#5091,#5092,#5093,#5094,
#5095,#5096,#5097,#5098,#5099,#5100,#5101,#5102,#5103,#5104,#5105,#5106,
#5107,#5108,#5109,#5110,#5111,#5112,#5113,#5114,#5115,#5116,#5117,#5118,
#5119,#5120,#5121,#5122,#5123,#5124,#5125,#5126,#5127,#5128,#5129,#5130,
#5131,#5132,#5133,#5134,#5135,#5136,#5137,#5138,#5139,#5140,#5141,#5142,
#5143,#5144,#5145,#5146,#5147,#5148,#5149,#5150,#5151,#5152,#5153,#5154,
#5155,#5156,#5157,#5158,#5159,#5160,#5161,#5162,#5163,#5164,#5165,#5166,
#5167,#5168,#5169,#5170,#5171,#5172,#5173,#5174,#5175,#5176,#5177,#5178,
#5179,#5180,#5181,#5182,#5183,#5184,#5185,#5186,#5187,#5188,#5189,#5190,
#5191,#5192,#5193,#5194,#5195,#5196,#5197,#5198,#5199,#5200,#5201,#5202,
#5203,#5204,#5205,#5206,#5207,#5208,#5209,#5210,#5211,#5212,#5213,#5214,
#5215,#5216,#5217,#5218,#5219,#5220,#5221,#5222,#5223,#5224,#5225,#5226,
#5227,#5228,#5229,#5230,#5231,#5232,#5233,#5234,#5235,#5236,#5237,#5238,
#5239,#5240,#5241,#5242,#5243,#5244,#5245,#5246,#5247,#5248,#5249,#5250,
#5251,#5252,#5253,#5254,#5255,#5256,#5257,#5258,#5259,#5260,#5261,#5262,
#5263,#5264,#5265,#5266,#5267,#5268,#5269,#5270,#5271,#5272,#5273,#5274,
#5275,#5276,#5277,#5278,#5279,#5280,#5281,#5282,#5283,#5284,#5285,#5286,
#5287,#5288,#5289,#5290,#5291,#5292,#5293,#5294,#5295,#5296,#5297,#5298,
#5299,#5300,#5301,#5302,#5303,#5304,#5305,#5306,#5307,#5308,#5309,#5310,
#5311,#5312,#5313,#5314,#5315,#5316,#5317,#5318,#5319,#5320,#5321,#5322,
#5323,#5324,#5325,#5326,#5327,#5328,#5329,#5330,#5331,#5332,#5333,#5334,
#5335,#5336,#5337));
#5339=DERIVED_UNIT_ELEMENT(#5341,1.);
#5340=DERIVED_UNIT_ELEMENT(#10795,-3.);
#5341=(
MASS_UNIT()
NAMED_UNIT(*)
SI_UNIT(.KILO.,.GRAM.)
);
#5342=DERIVED_UNIT((#5339,#5340));
#5343=MEASURE_REPRESENTATION_ITEM('density measure',
POSITIVE_RATIO_MEASURE(7850.),#5342);
#5344=PROPERTY_DEFINITION_REPRESENTATION(#5349,#5346);
#5345=PROPERTY_DEFINITION_REPRESENTATION(#5350,#5347);
#5346=REPRESENTATION('material name',(#5348),#10792);
#5347=REPRESENTATION('density',(#5343),#10792);
#5348=DESCRIPTIVE_REPRESENTATION_ITEM('Steel','Steel');
#5349=PROPERTY_DEFINITION('material property','material name',#10802);
#5350=PROPERTY_DEFINITION('material property','density of part',#10802);
#5351=AXIS2_PLACEMENT_3D('',#7257,#5830,#5831);
#5352=AXIS2_PLACEMENT_3D('',#7258,#5832,#5833);
#5353=AXIS2_PLACEMENT_3D('',#7269,#5838,#5839);
#5354=AXIS2_PLACEMENT_3D('',#7279,#5841,#5842);
#5355=AXIS2_PLACEMENT_3D('',#7295,#5850,#5851);
#5356=AXIS2_PLACEMENT_3D('',#7299,#5853,#5854);
#5357=AXIS2_PLACEMENT_3D('',#7305,#5857,#5858);
#5358=AXIS2_PLACEMENT_3D('',#7322,#5867,#5868);
#5359=AXIS2_PLACEMENT_3D('',#7324,#5869,#5870);
#5360=AXIS2_PLACEMENT_3D('',#7326,#5871,#5872);
#5361=AXIS2_PLACEMENT_3D('',#7328,#5873,#5874);
#5362=AXIS2_PLACEMENT_3D('',#7337,#5879,#5880);
#5363=AXIS2_PLACEMENT_3D('',#7343,#5884,#5885);
#5364=AXIS2_PLACEMENT_3D('',#7352,#5890,#5891);
#5365=AXIS2_PLACEMENT_3D('',#7361,#5896,#5897);
#5366=AXIS2_PLACEMENT_3D('',#7367,#5900,#5901);
#5367=AXIS2_PLACEMENT_3D('',#7371,#5903,#5904);
#5368=AXIS2_PLACEMENT_3D('',#7379,#5908,#5909);
#5369=AXIS2_PLACEMENT_3D('',#7381,#5910,#5911);
#5370=AXIS2_PLACEMENT_3D('',#7385,#5913,#5914);
#5371=AXIS2_PLACEMENT_3D('',#7386,#5915,#5916);
#5372=AXIS2_PLACEMENT_3D('',#7387,#5917,#5918);
#5373=AXIS2_PLACEMENT_3D('',#7389,#5919,#5920);
#5374=AXIS2_PLACEMENT_3D('',#7391,#5921,#5922);
#5375=AXIS2_PLACEMENT_3D('',#7407,#5927,#5928);
#5376=AXIS2_PLACEMENT_3D('',#7410,#5930,#5931);
#5377=AXIS2_PLACEMENT_3D('',#7411,#5932,#5933);
#5378=AXIS2_PLACEMENT_3D('',#7413,#5934,#5935);
#5379=AXIS2_PLACEMENT_3D('',#7415,#5937,#5938);
#5380=AXIS2_PLACEMENT_3D('',#7418,#5939,#5940);
#5381=AXIS2_PLACEMENT_3D('',#7422,#5942,#5943);
#5382=AXIS2_PLACEMENT_3D('',#7437,#5945,#5946);
#5383=AXIS2_PLACEMENT_3D('',#7457,#5947,#5948);
#5384=AXIS2_PLACEMENT_3D('',#7459,#5949,#5950);
#5385=AXIS2_PLACEMENT_3D('',#7467,#5954,#5955);
#5386=AXIS2_PLACEMENT_3D('',#7471,#5957,#5958);
#5387=AXIS2_PLACEMENT_3D('',#7483,#5964,#5965);
#5388=AXIS2_PLACEMENT_3D('',#7485,#5967,#5968);
#5389=AXIS2_PLACEMENT_3D('',#7489,#5971,#5972);
#5390=AXIS2_PLACEMENT_3D('',#7501,#5974,#5975);
#5391=AXIS2_PLACEMENT_3D('',#7503,#5977,#5978);
#5392=AXIS2_PLACEMENT_3D('',#7512,#5980,#5981);
#5393=AXIS2_PLACEMENT_3D('',#7521,#5983,#5984);
#5394=AXIS2_PLACEMENT_3D('',#7528,#5985,#5986);
#5395=AXIS2_PLACEMENT_3D('',#7549,#5997,#5998);
#5396=AXIS2_PLACEMENT_3D('',#7552,#6000,#6001);
#5397=AXIS2_PLACEMENT_3D('',#7553,#6002,#6003);
#5398=AXIS2_PLACEMENT_3D('',#7558,#6005,#6006);
#5399=AXIS2_PLACEMENT_3D('',#7561,#6008,#6009);
#5400=AXIS2_PLACEMENT_3D('',#7562,#6010,#6011);
#5401=AXIS2_PLACEMENT_3D('',#7568,#6014,#6015);
#5402=AXIS2_PLACEMENT_3D('',#7573,#6018,#6019);
#5403=AXIS2_PLACEMENT_3D('',#7574,#6020,#6021);
#5404=AXIS2_PLACEMENT_3D('',#7576,#6022,#6023);
#5405=AXIS2_PLACEMENT_3D('',#7610,#6025,#6026);
#5406=AXIS2_PLACEMENT_3D('',#7612,#6027,#6028);
#5407=AXIS2_PLACEMENT_3D('',#7640,#6029,#6030);
#5408=AXIS2_PLACEMENT_3D('',#7641,#6031,#6032);
#5409=AXIS2_PLACEMENT_3D('',#7642,#6033,#6034);
#5410=AXIS2_PLACEMENT_3D('',#7644,#6035,#6036);
#5411=AXIS2_PLACEMENT_3D('',#7648,#6038,#6039);
#5412=AXIS2_PLACEMENT_3D('',#7650,#6041,#6042);
#5413=AXIS2_PLACEMENT_3D('',#7652,#6043,#6044);
#5414=AXIS2_PLACEMENT_3D('',#7656,#6047,#6048);
#5415=AXIS2_PLACEMENT_3D('',#7657,#6049,#6050);
#5416=AXIS2_PLACEMENT_3D('',#7661,#6052,#6053);
#5417=AXIS2_PLACEMENT_3D('',#7663,#6054,#6055);
#5418=AXIS2_PLACEMENT_3D('',#7665,#6057,#6058);
#5419=AXIS2_PLACEMENT_3D('',#7670,#6061,#6062);
#5420=AXIS2_PLACEMENT_3D('',#7683,#6066,#6067);
#5421=AXIS2_PLACEMENT_3D('',#7685,#6068,#6069);
#5422=AXIS2_PLACEMENT_3D('',#7686,#6070,#6071);
#5423=AXIS2_PLACEMENT_3D('',#7688,#6072,#6073);
#5424=AXIS2_PLACEMENT_3D('',#7718,#6074,#6075);
#5425=AXIS2_PLACEMENT_3D('',#7720,#6076,#6077);
#5426=AXIS2_PLACEMENT_3D('',#7721,#6078,#6079);
#5427=AXIS2_PLACEMENT_3D('',#7722,#6080,#6081);
#5428=AXIS2_PLACEMENT_3D('',#7725,#6082,#6083);
#5429=AXIS2_PLACEMENT_3D('',#7741,#6084,#6085);
#5430=AXIS2_PLACEMENT_3D('',#7744,#6087,#6088);
#5431=AXIS2_PLACEMENT_3D('',#7745,#6089,#6090);
#5432=AXIS2_PLACEMENT_3D('',#7747,#6091,#6092);
#5433=AXIS2_PLACEMENT_3D('',#7748,#6093,#6094);
#5434=AXIS2_PLACEMENT_3D('',#7764,#6098,#6099);
#5435=AXIS2_PLACEMENT_3D('',#7768,#6101,#6102);
#5436=AXIS2_PLACEMENT_3D('',#7787,#6106,#6107);
#5437=AXIS2_PLACEMENT_3D('',#7791,#6109,#6110);
#5438=AXIS2_PLACEMENT_3D('',#7795,#6112,#6113);
#5439=AXIS2_PLACEMENT_3D('',#7799,#6115,#6116);
#5440=AXIS2_PLACEMENT_3D('',#7801,#6118,#6119);
#5441=AXIS2_PLACEMENT_3D('',#7803,#6120,#6121);
#5442=AXIS2_PLACEMENT_3D('',#7806,#6123,#6124);
#5443=AXIS2_PLACEMENT_3D('',#7807,#6125,#6126);
#5444=AXIS2_PLACEMENT_3D('',#7810,#6127,#6128);
#5445=AXIS2_PLACEMENT_3D('',#7812,#6129,#6130);
#5446=AXIS2_PLACEMENT_3D('',#7820,#6134,#6135);
#5447=AXIS2_PLACEMENT_3D('',#7824,#6138,#6139);
#5448=AXIS2_PLACEMENT_3D('',#7827,#6140,#6141);
#5449=AXIS2_PLACEMENT_3D('',#7859,#6144,#6145);
#5450=AXIS2_PLACEMENT_3D('',#7861,#6146,#6147);
#5451=AXIS2_PLACEMENT_3D('',#7922,#6148,#6149);
#5452=AXIS2_PLACEMENT_3D('',#7929,#6150,#6151);
#5453=AXIS2_PLACEMENT_3D('',#7933,#6153,#6154);
#5454=AXIS2_PLACEMENT_3D('',#7937,#6157,#6158);
#5455=AXIS2_PLACEMENT_3D('',#7939,#6159,#6160);
#5456=AXIS2_PLACEMENT_3D('',#7942,#6163,#6164);
#5457=AXIS2_PLACEMENT_3D('',#7948,#6168,#6169);
#5458=AXIS2_PLACEMENT_3D('',#7949,#6170,#6171);
#5459=AXIS2_PLACEMENT_3D('',#7954,#6174,#6175);
#5460=AXIS2_PLACEMENT_3D('',#7955,#6176,#6177);
#5461=AXIS2_PLACEMENT_3D('',#7962,#6182,#6183);
#5462=AXIS2_PLACEMENT_3D('',#7966,#6186,#6187);
#5463=AXIS2_PLACEMENT_3D('',#7968,#6188,#6189);
#5464=AXIS2_PLACEMENT_3D('',#7970,#6191,#6192);
#5465=AXIS2_PLACEMENT_3D('',#7972,#6193,#6194);
#5466=AXIS2_PLACEMENT_3D('',#7978,#6197,#6198);
#5467=AXIS2_PLACEMENT_3D('',#7984,#6201,#6202);
#5468=AXIS2_PLACEMENT_3D('',#7989,#6205,#6206);
#5469=AXIS2_PLACEMENT_3D('',#7990,#6207,#6208);
#5470=AXIS2_PLACEMENT_3D('',#7991,#6209,#6210);
#5471=AXIS2_PLACEMENT_3D('',#7993,#6211,#6212);
#5472=AXIS2_PLACEMENT_3D('',#7997,#6214,#6215);
#5473=AXIS2_PLACEMENT_3D('',#7998,#6216,#6217);
#5474=AXIS2_PLACEMENT_3D('',#7999,#6218,#6219);
#5475=AXIS2_PLACEMENT_3D('',#8000,#6220,#6221);
#5476=AXIS2_PLACEMENT_3D('',#8001,#6222,#6223);
#5477=AXIS2_PLACEMENT_3D('',#8003,#6225,#6226);
#5478=AXIS2_PLACEMENT_3D('',#8004,#6227,#6228);
#5479=AXIS2_PLACEMENT_3D('',#8005,#6229,#6230);
#5480=AXIS2_PLACEMENT_3D('',#8007,#6232,#6233);
#5481=AXIS2_PLACEMENT_3D('',#8009,#6234,#6235);
#5482=AXIS2_PLACEMENT_3D('',#8011,#6236,#6237);
#5483=AXIS2_PLACEMENT_3D('',#8013,#6238,#6239);
#5484=AXIS2_PLACEMENT_3D('',#8015,#6240,#6241);
#5485=AXIS2_PLACEMENT_3D('',#8037,#6243,#6244);
#5486=AXIS2_PLACEMENT_3D('',#8041,#6247,#6248);
#5487=AXIS2_PLACEMENT_3D('',#8049,#6253,#6254);
#5488=AXIS2_PLACEMENT_3D('',#8055,#6258,#6259);
#5489=AXIS2_PLACEMENT_3D('',#8059,#6262,#6263);
#5490=AXIS2_PLACEMENT_3D('',#8063,#6266,#6267);
#5491=AXIS2_PLACEMENT_3D('',#8067,#6270,#6271);
#5492=AXIS2_PLACEMENT_3D('',#8073,#6275,#6276);
#5493=AXIS2_PLACEMENT_3D('',#8075,#6278,#6279);
#5494=AXIS2_PLACEMENT_3D('',#8076,#6280,#6281);
#5495=AXIS2_PLACEMENT_3D('',#8077,#6282,#6283);
#5496=AXIS2_PLACEMENT_3D('',#8081,#6285,#6286);
#5497=AXIS2_PLACEMENT_3D('',#8083,#6288,#6289);
#5498=AXIS2_PLACEMENT_3D('',#8085,#6290,#6291);
#5499=AXIS2_PLACEMENT_3D('',#8088,#6293,#6294);
#5500=AXIS2_PLACEMENT_3D('',#8089,#6295,#6296);
#5501=AXIS2_PLACEMENT_3D('',#8093,#6298,#6299);
#5502=AXIS2_PLACEMENT_3D('',#8097,#6301,#6302);
#5503=AXIS2_PLACEMENT_3D('',#8098,#6303,#6304);
#5504=AXIS2_PLACEMENT_3D('',#8100,#6305,#6306);
#5505=AXIS2_PLACEMENT_3D('',#8104,#6308,#6309);
#5506=AXIS2_PLACEMENT_3D('',#8106,#6311,#6312);
#5507=AXIS2_PLACEMENT_3D('',#8152,#6320,#6321);
#5508=AXIS2_PLACEMENT_3D('',#8167,#6324,#6325);
#5509=AXIS2_PLACEMENT_3D('',#8170,#6327,#6328);
#5510=AXIS2_PLACEMENT_3D('',#8171,#6329,#6330);
#5511=AXIS2_PLACEMENT_3D('',#8173,#6331,#6332);
#5512=AXIS2_PLACEMENT_3D('',#8174,#6333,#6334);
#5513=AXIS2_PLACEMENT_3D('',#8223,#6336,#6337);
#5514=AXIS2_PLACEMENT_3D('',#8225,#6339,#6340);
#5515=AXIS2_PLACEMENT_3D('',#8228,#6343,#6344);
#5516=AXIS2_PLACEMENT_3D('',#8287,#6349,#6350);
#5517=AXIS2_PLACEMENT_3D('',#8289,#6351,#6352);
#5518=AXIS2_PLACEMENT_3D('',#8291,#6353,#6354);
#5519=AXIS2_PLACEMENT_3D('',#8458,#6356,#6357);
#5520=AXIS2_PLACEMENT_3D('',#8469,#6358,#6359);
#5521=AXIS2_PLACEMENT_3D('',#8487,#6361,#6362);
#5522=AXIS2_PLACEMENT_3D('',#8488,#6363,#6364);
#5523=AXIS2_PLACEMENT_3D('',#8495,#6365,#6366);
#5524=AXIS2_PLACEMENT_3D('',#8532,#6370,#6371);
#5525=AXIS2_PLACEMENT_3D('',#8541,#6376,#6377);
#5526=AXIS2_PLACEMENT_3D('',#8546,#6379,#6380);
#5527=AXIS2_PLACEMENT_3D('',#8557,#6386,#6387);
#5528=AXIS2_PLACEMENT_3D('',#8561,#6389,#6390);
#5529=AXIS2_PLACEMENT_3D('',#8571,#6396,#6397);
#5530=AXIS2_PLACEMENT_3D('',#8572,#6398,#6399);
#5531=AXIS2_PLACEMENT_3D('',#8576,#6402,#6403);
#5532=AXIS2_PLACEMENT_3D('',#8579,#6404,#6405);
#5533=AXIS2_PLACEMENT_3D('',#8583,#6407,#6408);
#5534=AXIS2_PLACEMENT_3D('',#8617,#6410,#6411);
#5535=AXIS2_PLACEMENT_3D('',#8618,#6412,#6413);
#5536=AXIS2_PLACEMENT_3D('',#8619,#6414,#6415);
#5537=AXIS2_PLACEMENT_3D('',#8623,#6417,#6418);
#5538=AXIS2_PLACEMENT_3D('',#8625,#6419,#6420);
#5539=AXIS2_PLACEMENT_3D('',#8628,#6422,#6423);
#5540=AXIS2_PLACEMENT_3D('',#8629,#6424,#6425);
#5541=AXIS2_PLACEMENT_3D('',#8655,#6428,#6429);
#5542=AXIS2_PLACEMENT_3D('',#8657,#6430,#6431);
#5543=AXIS2_PLACEMENT_3D('',#8659,#6432,#6433);
#5544=AXIS2_PLACEMENT_3D('',#8749,#6434,#6435);
#5545=AXIS2_PLACEMENT_3D('',#8769,#6436,#6437);
#5546=AXIS2_PLACEMENT_3D('',#8807,#6438,#6439);
#5547=AXIS2_PLACEMENT_3D('',#8808,#6440,#6441);
#5548=AXIS2_PLACEMENT_3D('',#8811,#6443,#6444);
#5549=AXIS2_PLACEMENT_3D('',#8813,#6446,#6447);
#5550=AXIS2_PLACEMENT_3D('',#8814,#6448,#6449);
#5551=AXIS2_PLACEMENT_3D('',#8856,#6450,#6451);
#5552=AXIS2_PLACEMENT_3D('',#8858,#6452,#6453);
#5553=AXIS2_PLACEMENT_3D('',#8868,#6454,#6455);
#5554=AXIS2_PLACEMENT_3D('',#8886,#6456,#6457);
#5555=AXIS2_PLACEMENT_3D('',#8888,#6459,#6460);
#5556=AXIS2_PLACEMENT_3D('',#8928,#6465,#6466);
#5557=AXIS2_PLACEMENT_3D('',#8941,#6467,#6468);
#5558=AXIS2_PLACEMENT_3D('',#8944,#6470,#6471);
#5559=AXIS2_PLACEMENT_3D('',#8945,#6472,#6473);
#5560=AXIS2_PLACEMENT_3D('',#8946,#6474,#6475);
#5561=AXIS2_PLACEMENT_3D('',#8947,#6476,#6477);
#5562=AXIS2_PLACEMENT_3D('',#8949,#6478,#6479);
#5563=AXIS2_PLACEMENT_3D('',#8951,#6480,#6481);
#5564=AXIS2_PLACEMENT_3D('',#9049,#6484,#6485);
#5565=AXIS2_PLACEMENT_3D('',#9051,#6486,#6487);
#5566=AXIS2_PLACEMENT_3D('',#9053,#6489,#6490);
#5567=AXIS2_PLACEMENT_3D('',#9056,#6492,#6493);
#5568=AXIS2_PLACEMENT_3D('',#9057,#6494,#6495);
#5569=AXIS2_PLACEMENT_3D('',#9060,#6497,#6498);
#5570=AXIS2_PLACEMENT_3D('',#9061,#6499,#6500);
#5571=AXIS2_PLACEMENT_3D('',#9062,#6501,#6502);
#5572=AXIS2_PLACEMENT_3D('',#9065,#6504,#6505);
#5573=AXIS2_PLACEMENT_3D('',#9096,#6506,#6507);
#5574=AXIS2_PLACEMENT_3D('',#9098,#6508,#6509);
#5575=AXIS2_PLACEMENT_3D('',#9099,#6510,#6511);
#5576=AXIS2_PLACEMENT_3D('',#9100,#6512,#6513);
#5577=AXIS2_PLACEMENT_3D('',#9102,#6514,#6515);
#5578=AXIS2_PLACEMENT_3D('',#9125,#6517,#6518);
#5579=AXIS2_PLACEMENT_3D('',#9126,#6519,#6520);
#5580=AXIS2_PLACEMENT_3D('',#9152,#6521,#6522);
#5581=AXIS2_PLACEMENT_3D('',#9229,#6523,#6524);
#5582=AXIS2_PLACEMENT_3D('',#9231,#6526,#6527);
#5583=AXIS2_PLACEMENT_3D('',#9233,#6528,#6529);
#5584=AXIS2_PLACEMENT_3D('',#9257,#6531,#6532);
#5585=AXIS2_PLACEMENT_3D('',#9258,#6533,#6534);
#5586=AXIS2_PLACEMENT_3D('',#9259,#6535,#6536);
#5587=AXIS2_PLACEMENT_3D('',#9286,#6537,#6538);
#5588=AXIS2_PLACEMENT_3D('',#9373,#6539,#6540);
#5589=AXIS2_PLACEMENT_3D('',#9375,#6541,#6542);
#5590=AXIS2_PLACEMENT_3D('',#9377,#6543,#6544);
#5591=AXIS2_PLACEMENT_3D('',#9400,#6546,#6547);
#5592=AXIS2_PLACEMENT_3D('',#9438,#6548,#6549);
#5593=AXIS2_PLACEMENT_3D('',#9440,#6551,#6552);
#5594=AXIS2_PLACEMENT_3D('',#9441,#6553,#6554);
#5595=AXIS2_PLACEMENT_3D('',#9467,#6556,#6557);
#5596=AXIS2_PLACEMENT_3D('',#9471,#6560,#6561);
#5597=AXIS2_PLACEMENT_3D('',#9472,#6562,#6563);
#5598=AXIS2_PLACEMENT_3D('',#9478,#6566,#6567);
#5599=AXIS2_PLACEMENT_3D('',#9480,#6569,#6570);
#5600=AXIS2_PLACEMENT_3D('',#9483,#6572,#6573);
#5601=AXIS2_PLACEMENT_3D('',#9485,#6574,#6575);
#5602=AXIS2_PLACEMENT_3D('',#9487,#6577,#6578);
#5603=AXIS2_PLACEMENT_3D('',#9488,#6579,#6580);
#5604=AXIS2_PLACEMENT_3D('',#9489,#6581,#6582);
#5605=AXIS2_PLACEMENT_3D('',#9531,#6583,#6584);
#5606=AXIS2_PLACEMENT_3D('',#9601,#6585,#6586);
#5607=AXIS2_PLACEMENT_3D('',#9602,#6587,#6588);
#5608=AXIS2_PLACEMENT_3D('',#9604,#6589,#6590);
#5609=AXIS2_PLACEMENT_3D('',#9606,#6591,#6592);
#5610=AXIS2_PLACEMENT_3D('',#9628,#6594,#6595);
#5611=AXIS2_PLACEMENT_3D('',#9641,#6602,#6603);
#5612=AXIS2_PLACEMENT_3D('',#9643,#6605,#6606);
#5613=AXIS2_PLACEMENT_3D('',#9645,#6607,#6608);
#5614=AXIS2_PLACEMENT_3D('',#9647,#6610,#6611);
#5615=AXIS2_PLACEMENT_3D('',#9648,#6612,#6613);
#5616=AXIS2_PLACEMENT_3D('',#9650,#6614,#6615);
#5617=AXIS2_PLACEMENT_3D('',#9652,#6617,#6618);
#5618=AXIS2_PLACEMENT_3D('',#9654,#6619,#6620);
#5619=AXIS2_PLACEMENT_3D('',#9656,#6622,#6623);
#5620=AXIS2_PLACEMENT_3D('',#9670,#6631,#6632);
#5621=AXIS2_PLACEMENT_3D('',#9676,#6636,#6637);
#5622=AXIS2_PLACEMENT_3D('',#9680,#6640,#6641);
#5623=AXIS2_PLACEMENT_3D('',#9685,#6644,#6645);
#5624=AXIS2_PLACEMENT_3D('',#9686,#6646,#6647);
#5625=AXIS2_PLACEMENT_3D('',#9692,#6651,#6652);
#5626=AXIS2_PLACEMENT_3D('',#9696,#6655,#6656);
#5627=AXIS2_PLACEMENT_3D('',#9698,#6657,#6658);
#5628=AXIS2_PLACEMENT_3D('',#9702,#6661,#6662);
#5629=AXIS2_PLACEMENT_3D('',#9703,#6663,#6664);
#5630=AXIS2_PLACEMENT_3D('',#9706,#6666,#6667);
#5631=AXIS2_PLACEMENT_3D('',#9710,#6669,#6670);
#5632=AXIS2_PLACEMENT_3D('',#9712,#6672,#6673);
#5633=AXIS2_PLACEMENT_3D('',#9719,#6677,#6678);
#5634=AXIS2_PLACEMENT_3D('',#9727,#6680,#6681);
#5635=AXIS2_PLACEMENT_3D('',#9728,#6682,#6683);
#5636=AXIS2_PLACEMENT_3D('',#9729,#6684,#6685);
#5637=AXIS2_PLACEMENT_3D('',#9731,#6686,#6687);
#5638=AXIS2_PLACEMENT_3D('',#9735,#6689,#6690);
#5639=AXIS2_PLACEMENT_3D('',#9738,#6692,#6693);
#5640=AXIS2_PLACEMENT_3D('',#9740,#6694,#6695);
#5641=AXIS2_PLACEMENT_3D('',#9741,#6696,#6697);
#5642=AXIS2_PLACEMENT_3D('',#9747,#6701,#6702);
#5643=AXIS2_PLACEMENT_3D('',#9753,#6706,#6707);
#5644=AXIS2_PLACEMENT_3D('',#9762,#6713,#6714);
#5645=AXIS2_PLACEMENT_3D('',#9766,#6717,#6718);
#5646=AXIS2_PLACEMENT_3D('',#9769,#6720,#6721);
#5647=AXIS2_PLACEMENT_3D('',#9776,#6722,#6723);
#5648=AXIS2_PLACEMENT_3D('',#9777,#6724,#6725);
#5649=AXIS2_PLACEMENT_3D('',#9778,#6726,#6727);
#5650=AXIS2_PLACEMENT_3D('',#9788,#6730,#6731);
#5651=AXIS2_PLACEMENT_3D('',#9796,#6736,#6737);
#5652=AXIS2_PLACEMENT_3D('',#9798,#6738,#6739);
#5653=AXIS2_PLACEMENT_3D('',#9813,#6741,#6742);
#5654=AXIS2_PLACEMENT_3D('',#9814,#6743,#6744);
#5655=AXIS2_PLACEMENT_3D('',#9816,#6745,#6746);
#5656=AXIS2_PLACEMENT_3D('',#9821,#6749,#6750);
#5657=AXIS2_PLACEMENT_3D('',#9827,#6754,#6755);
#5658=AXIS2_PLACEMENT_3D('',#9829,#6756,#6757);
#5659=AXIS2_PLACEMENT_3D('',#9831,#6758,#6759);
#5660=AXIS2_PLACEMENT_3D('',#9833,#6761,#6762);
#5661=AXIS2_PLACEMENT_3D('',#9839,#6766,#6767);
#5662=AXIS2_PLACEMENT_3D('',#9845,#6771,#6772);
#5663=AXIS2_PLACEMENT_3D('',#9847,#6774,#6775);
#5664=AXIS2_PLACEMENT_3D('',#9851,#6777,#6778);
#5665=AXIS2_PLACEMENT_3D('',#9853,#6780,#6781);
#5666=AXIS2_PLACEMENT_3D('',#9854,#6782,#6783);
#5667=AXIS2_PLACEMENT_3D('',#9855,#6784,#6785);
#5668=AXIS2_PLACEMENT_3D('',#9856,#6786,#6787);
#5669=AXIS2_PLACEMENT_3D('',#9857,#6788,#6789);
#5670=AXIS2_PLACEMENT_3D('',#9859,#6791,#6792);
#5671=AXIS2_PLACEMENT_3D('',#9862,#6795,#6796);
#5672=AXIS2_PLACEMENT_3D('',#9863,#6797,#6798);
#5673=AXIS2_PLACEMENT_3D('',#9865,#6800,#6801);
#5674=AXIS2_PLACEMENT_3D('',#9866,#6802,#6803);
#5675=AXIS2_PLACEMENT_3D('',#9867,#6804,#6805);
#5676=AXIS2_PLACEMENT_3D('',#9868,#6806,#6807);
#5677=AXIS2_PLACEMENT_3D('',#9869,#6808,#6809);
#5678=AXIS2_PLACEMENT_3D('',#9870,#6810,#6811);
#5679=AXIS2_PLACEMENT_3D('',#9871,#6812,#6813);
#5680=AXIS2_PLACEMENT_3D('',#9873,#6815,#6816);
#5681=AXIS2_PLACEMENT_3D('',#9875,#6818,#6819);
#5682=AXIS2_PLACEMENT_3D('',#9879,#6822,#6823);
#5683=AXIS2_PLACEMENT_3D('',#9883,#6826,#6827);
#5684=AXIS2_PLACEMENT_3D('',#9885,#6829,#6830);
#5685=AXIS2_PLACEMENT_3D('',#9886,#6831,#6832);
#5686=AXIS2_PLACEMENT_3D('',#9888,#6834,#6835);
#5687=AXIS2_PLACEMENT_3D('',#9890,#6837,#6838);
#5688=AXIS2_PLACEMENT_3D('',#9891,#6839,#6840);
#5689=AXIS2_PLACEMENT_3D('',#9893,#6842,#6843);
#5690=AXIS2_PLACEMENT_3D('',#9895,#6845,#6846);
#5691=AXIS2_PLACEMENT_3D('',#9896,#6847,#6848);
#5692=AXIS2_PLACEMENT_3D('',#9897,#6849,#6850);
#5693=AXIS2_PLACEMENT_3D('',#9900,#6852,#6853);
#5694=AXIS2_PLACEMENT_3D('',#9901,#6854,#6855);
#5695=AXIS2_PLACEMENT_3D('',#9903,#6856,#6857);
#5696=AXIS2_PLACEMENT_3D('',#9904,#6858,#6859);
#5697=AXIS2_PLACEMENT_3D('',#9907,#6861,#6862);
#5698=AXIS2_PLACEMENT_3D('',#9908,#6863,#6864);
#5699=AXIS2_PLACEMENT_3D('',#9910,#6865,#6866);
#5700=AXIS2_PLACEMENT_3D('',#9911,#6867,#6868);
#5701=AXIS2_PLACEMENT_3D('',#9913,#6870,#6871);
#5702=AXIS2_PLACEMENT_3D('',#9915,#6872,#6873);
#5703=AXIS2_PLACEMENT_3D('',#9918,#6875,#6876);
#5704=AXIS2_PLACEMENT_3D('',#9919,#6877,#6878);
#5705=AXIS2_PLACEMENT_3D('',#9921,#6880,#6881);
#5706=AXIS2_PLACEMENT_3D('',#9923,#6883,#6884);
#5707=AXIS2_PLACEMENT_3D('',#9925,#6885,#6886);
#5708=AXIS2_PLACEMENT_3D('',#9926,#6887,#6888);
#5709=AXIS2_PLACEMENT_3D('',#9928,#6889,#6890);
#5710=AXIS2_PLACEMENT_3D('',#9929,#6891,#6892);
#5711=AXIS2_PLACEMENT_3D('',#9931,#6893,#6894);
#5712=AXIS2_PLACEMENT_3D('',#9933,#6896,#6897);
#5713=AXIS2_PLACEMENT_3D('',#9935,#6898,#6899);
#5714=AXIS2_PLACEMENT_3D('',#9937,#6901,#6902);
#5715=AXIS2_PLACEMENT_3D('',#9939,#6903,#6904);
#5716=AXIS2_PLACEMENT_3D('',#9941,#6906,#6907);
#5717=AXIS2_PLACEMENT_3D('',#9943,#6908,#6909);
#5718=AXIS2_PLACEMENT_3D('',#9944,#6910,#6911);
#5719=AXIS2_PLACEMENT_3D('',#9946,#6912,#6913);
#5720=AXIS2_PLACEMENT_3D('',#9948,#6915,#6916);
#5721=AXIS2_PLACEMENT_3D('',#9950,#6917,#6918);
#5722=AXIS2_PLACEMENT_3D('',#9952,#6920,#6921);
#5723=AXIS2_PLACEMENT_3D('',#9954,#6922,#6923);
#5724=AXIS2_PLACEMENT_3D('',#9955,#6924,#6925);
#5725=AXIS2_PLACEMENT_3D('',#9957,#6926,#6927);
#5726=AXIS2_PLACEMENT_3D('',#9958,#6928,#6929);
#5727=AXIS2_PLACEMENT_3D('',#9960,#6930,#6931);
#5728=AXIS2_PLACEMENT_3D('',#9972,#6935,#6936);
#5729=AXIS2_PLACEMENT_3D('',#9981,#6941,#6942);
#5730=AXIS2_PLACEMENT_3D('',#9987,#6946,#6947);
#5731=AXIS2_PLACEMENT_3D('',#9993,#6951,#6952);
#5732=AXIS2_PLACEMENT_3D('',#9999,#6956,#6957);
#5733=AXIS2_PLACEMENT_3D('',#10003,#6959,#6960);
#5734=AXIS2_PLACEMENT_3D('',#10005,#6962,#6963);
#5735=AXIS2_PLACEMENT_3D('',#10008,#6964,#6965);
#5736=AXIS2_PLACEMENT_3D('',#10044,#6966,#6967);
#5737=AXIS2_PLACEMENT_3D('',#10046,#6969,#6970);
#5738=AXIS2_PLACEMENT_3D('',#10052,#6973,#6974);
#5739=AXIS2_PLACEMENT_3D('',#10059,#6975,#6976);
#5740=AXIS2_PLACEMENT_3D('',#10061,#6977,#6978);
#5741=AXIS2_PLACEMENT_3D('',#10064,#6980,#6981);
#5742=AXIS2_PLACEMENT_3D('',#10148,#6982,#6983);
#5743=AXIS2_PLACEMENT_3D('',#10153,#6986,#6987);
#5744=AXIS2_PLACEMENT_3D('',#10208,#6988,#6989);
#5745=AXIS2_PLACEMENT_3D('',#10210,#6990,#6991);
#5746=AXIS2_PLACEMENT_3D('',#10211,#6992,#6993);
#5747=AXIS2_PLACEMENT_3D('',#10213,#6994,#6995);
#5748=AXIS2_PLACEMENT_3D('',#10214,#6996,#6997);
#5749=AXIS2_PLACEMENT_3D('',#10216,#6998,#6999);
#5750=AXIS2_PLACEMENT_3D('',#10217,#7000,#7001);
#5751=AXIS2_PLACEMENT_3D('',#10250,#7003,#7004);
#5752=AXIS2_PLACEMENT_3D('',#10251,#7005,#7006);
#5753=AXIS2_PLACEMENT_3D('',#10252,#7007,#7008);
#5754=AXIS2_PLACEMENT_3D('',#10253,#7009,#7010);
#5755=AXIS2_PLACEMENT_3D('',#10255,#7012,#7013);
#5756=AXIS2_PLACEMENT_3D('',#10262,#7014,#7015);
#5757=AXIS2_PLACEMENT_3D('',#10270,#7017,#7018);
#5758=AXIS2_PLACEMENT_3D('',#10271,#7019,#7020);
#5759=AXIS2_PLACEMENT_3D('',#10274,#7021,#7022);
#5760=AXIS2_PLACEMENT_3D('',#10278,#7024,#7025);
#5761=AXIS2_PLACEMENT_3D('',#10317,#7028,#7029);
#5762=AXIS2_PLACEMENT_3D('',#10356,#7032,#7033);
#5763=AXIS2_PLACEMENT_3D('',#10359,#7034,#7035);
#5764=AXIS2_PLACEMENT_3D('',#10363,#7037,#7038);
#5765=AXIS2_PLACEMENT_3D('',#10365,#7040,#7041);
#5766=AXIS2_PLACEMENT_3D('',#10369,#7044,#7045);
#5767=AXIS2_PLACEMENT_3D('',#10379,#7048,#7049);
#5768=AXIS2_PLACEMENT_3D('',#10383,#7052,#7053);
#5769=AXIS2_PLACEMENT_3D('',#10424,#7056,#7057);
#5770=AXIS2_PLACEMENT_3D('',#10425,#7058,#7059);
#5771=AXIS2_PLACEMENT_3D('',#10434,#7061,#7062);
#5772=AXIS2_PLACEMENT_3D('',#10475,#7066,#7067);
#5773=AXIS2_PLACEMENT_3D('',#10516,#7071,#7072);
#5774=AXIS2_PLACEMENT_3D('',#10547,#7075,#7076);
#5775=AXIS2_PLACEMENT_3D('',#10549,#7078,#7079);
#5776=AXIS2_PLACEMENT_3D('',#10550,#7080,#7081);
#5777=AXIS2_PLACEMENT_3D('',#10552,#7083,#7084);
#5778=AXIS2_PLACEMENT_3D('',#10554,#7086,#7087);
#5779=AXIS2_PLACEMENT_3D('',#10556,#7089,#7090);
#5780=AXIS2_PLACEMENT_3D('',#10560,#7093,#7094);
#5781=AXIS2_PLACEMENT_3D('',#10564,#7097,#7098);
#5782=AXIS2_PLACEMENT_3D('',#10568,#7101,#7102);
#5783=AXIS2_PLACEMENT_3D('',#10572,#7105,#7106);
#5784=AXIS2_PLACEMENT_3D('',#10576,#7109,#7110);
#5785=AXIS2_PLACEMENT_3D('',#10580,#7112,#7113);
#5786=AXIS2_PLACEMENT_3D('',#10582,#7115,#7116);
#5787=AXIS2_PLACEMENT_3D('',#10585,#7117,#7118);
#5788=AXIS2_PLACEMENT_3D('',#10588,#7121,#7122);
#5789=AXIS2_PLACEMENT_3D('',#10596,#7127,#7128);
#5790=AXIS2_PLACEMENT_3D('',#10601,#7132,#7133);
#5791=AXIS2_PLACEMENT_3D('',#10602,#7134,#7135);
#5792=AXIS2_PLACEMENT_3D('',#10603,#7136,#7137);
#5793=AXIS2_PLACEMENT_3D('',#10611,#7142,#7143);
#5794=AXIS2_PLACEMENT_3D('',#10613,#7144,#7145);
#5795=AXIS2_PLACEMENT_3D('',#10615,#7147,#7148);
#5796=AXIS2_PLACEMENT_3D('',#10621,#7152,#7153);
#5797=AXIS2_PLACEMENT_3D('',#10627,#7156,#7157);
#5798=AXIS2_PLACEMENT_3D('',#10631,#7160,#7161);
#5799=AXIS2_PLACEMENT_3D('',#10633,#7163,#7164);
#5800=AXIS2_PLACEMENT_3D('',#10639,#7168,#7169);
#5801=AXIS2_PLACEMENT_3D('',#10643,#7172,#7173);
#5802=AXIS2_PLACEMENT_3D('',#10687,#7175,#7176);
#5803=AXIS2_PLACEMENT_3D('',#10689,#7178,#7179);
#5804=AXIS2_PLACEMENT_3D('',#10693,#7182,#7183);
#5805=AXIS2_PLACEMENT_3D('',#10696,#7185,#7186);
#5806=AXIS2_PLACEMENT_3D('',#10697,#7187,#7188);
#5807=AXIS2_PLACEMENT_3D('',#10698,#7189,#7190);
#5808=AXIS2_PLACEMENT_3D('',#10699,#7191,#7192);
#5809=AXIS2_PLACEMENT_3D('',#10701,#7194,#7195);
#5810=AXIS2_PLACEMENT_3D('',#10703,#7197,#7198);
#5811=AXIS2_PLACEMENT_3D('',#10705,#7200,#7201);
#5812=AXIS2_PLACEMENT_3D('',#10708,#7204,#7205);
#5813=AXIS2_PLACEMENT_3D('',#10710,#7207,#7208);
#5814=AXIS2_PLACEMENT_3D('',#10713,#7211,#7212);
#5815=AXIS2_PLACEMENT_3D('',#10715,#7214,#7215);
#5816=AXIS2_PLACEMENT_3D('',#10717,#7217,#7218);
#5817=AXIS2_PLACEMENT_3D('',#10720,#7221,#7222);
#5818=AXIS2_PLACEMENT_3D('',#10721,#7223,#7224);
#5819=AXIS2_PLACEMENT_3D('',#10723,#7226,#7227);
#5820=AXIS2_PLACEMENT_3D('',#10725,#7229,#7230);
#5821=AXIS2_PLACEMENT_3D('',#10727,#7232,#7233);
#5822=AXIS2_PLACEMENT_3D('',#10729,#7235,#7236);
#5823=AXIS2_PLACEMENT_3D('',#10731,#7238,#7239);
#5824=AXIS2_PLACEMENT_3D('',#10777,#7240,#7241);
#5825=AXIS2_PLACEMENT_3D('',#10778,#7242,#7243);
#5826=AXIS2_PLACEMENT_3D('',#10779,#7244,#7245);
#5827=AXIS2_PLACEMENT_3D('',#10783,#7248,#7249);
#5828=AXIS2_PLACEMENT_3D('',#10787,#7252,#7253);
#5829=AXIS2_PLACEMENT_3D('',#10789,#7255,#7256);
#5830=DIRECTION('axis',(0.,0.,1.));
#5831=DIRECTION('refdir',(1.,0.,0.));
#5832=DIRECTION('center_axis',(0.,1.,0.));
#5833=DIRECTION('ref_axis',(-1.,0.,0.));
#5834=DIRECTION('',(-1.,0.,0.));
#5835=DIRECTION('',(9.25185853854297E-17,0.,1.));
#5836=DIRECTION('',(-1.,0.,0.));
#5837=DIRECTION('',(-1.,0.,0.));
#5838=DIRECTION('center_axis',(0.,1.,0.));
#5839=DIRECTION('ref_axis',(-1.,0.,3.77118808167035E-14));
#5840=DIRECTION('',(0.0874829492110122,0.,-0.99616601708618));
#5841=DIRECTION('center_axis',(0.,0.,1.));
#5842=DIRECTION('ref_axis',(-1.,0.,0.));
#5843=DIRECTION('',(0.0867388241198142,0.996231085838176,0.));
#5844=DIRECTION('',(-1.,0.,0.));
#5845=DIRECTION('',(0.0867388241198142,0.996231085838176,0.));
#5846=DIRECTION('',(-1.,0.,0.));
#5847=DIRECTION('',(-0.0434824601872596,-0.999054190550274,0.));
#5848=DIRECTION('',(-1.,0.,0.));
#5849=DIRECTION('',(-0.0867388241198142,-0.996231085838176,0.));
#5850=DIRECTION('center_axis',(0.,0.,-1.));
#5851=DIRECTION('ref_axis',(-0.579970128997517,-0.814637741251044,0.));
#5852=DIRECTION('',(1.,0.,0.));
#5853=DIRECTION('center_axis',(0.,0.,-1.));
#5854=DIRECTION('ref_axis',(0.579970128997519,-0.814637741251043,0.));
#5855=DIRECTION('',(-0.0867388241198142,0.996231085838176,0.));
#5856=DIRECTION('',(-1.,0.,0.));
#5857=DIRECTION('center_axis',(0.,0.,1.));
#5858=DIRECTION('ref_axis',(-0.999070785220474,-0.0430994909360461,0.));
#5859=DIRECTION('',(-0.0867388241198142,0.996231085838176,0.));
#5860=DIRECTION('',(-1.,0.,0.));
#5861=DIRECTION('',(0.0867388241198142,-0.996231085838176,0.));
#5862=DIRECTION('',(-1.,0.,0.));
#5863=DIRECTION('',(0.,-1.,0.));
#5864=DIRECTION('',(-1.,8.60422844084496E-16,0.));
#5865=DIRECTION('',(0.,1.,0.));
#5866=DIRECTION('',(-1.,0.,0.));
#5867=DIRECTION('center_axis',(0.,0.,-1.));
#5868=DIRECTION('ref_axis',(1.,1.616548519429E-29,0.));
#5869=DIRECTION('center_axis',(0.,0.,1.));
#5870=DIRECTION('ref_axis',(1.,1.61654851942901E-29,0.));
#5871=DIRECTION('center_axis',(0.,0.,1.));
#5872=DIRECTION('ref_axis',(1.,0.,0.));
#5873=DIRECTION('center_axis',(0.,0.,1.));
#5874=DIRECTION('ref_axis',(1.,0.,0.));
#5875=DIRECTION('',(0.0867388241198179,0.996231085838176,0.));
#5876=DIRECTION('',(1.,0.,0.));
#5877=DIRECTION('',(0.0867388241198179,-0.996231085838176,0.));
#5878=DIRECTION('',(-1.,0.,0.));
#5879=DIRECTION('center_axis',(-8.60422844084496E-16,-1.,1.24900090270329E-16));
#5880=DIRECTION('ref_axis',(-1.,8.60422844084496E-16,1.23131031645478E-16));
#5881=DIRECTION('',(-2.69698643922694E-32,-1.24900090270329E-16,-1.));
#5882=DIRECTION('',(1.,0.,0.));
#5883=DIRECTION('',(2.69698643922694E-32,1.24900090270329E-16,1.));
#5884=DIRECTION('center_axis',(0.,-1.,0.));
#5885=DIRECTION('ref_axis',(-1.,0.,0.));
#5886=DIRECTION('',(0.,0.,1.));
#5887=DIRECTION('',(-1.,0.,0.));
#5888=DIRECTION('',(0.,0.,-1.));
#5889=DIRECTION('',(-1.,0.,0.));
#5890=DIRECTION('center_axis',(0.,1.,0.));
#5891=DIRECTION('ref_axis',(1.,0.,0.));
#5892=DIRECTION('',(0.,0.,-1.));
#5893=DIRECTION('',(1.,0.,0.));
#5894=DIRECTION('',(0.,0.,1.));
#5895=DIRECTION('',(1.,0.,0.));
#5896=DIRECTION('center_axis',(0.,0.,1.));
#5897=DIRECTION('ref_axis',(1.,0.,0.));
#5898=DIRECTION('',(0.,-1.,0.));
#5899=DIRECTION('',(1.,0.,0.));
#5900=DIRECTION('center_axis',(0.,0.,1.));
#5901=DIRECTION('ref_axis',(0.707106781186547,0.707106781186548,0.));
#5902=DIRECTION('',(0.,-1.,0.));
#5903=DIRECTION('center_axis',(0.,0.,1.));
#5904=DIRECTION('ref_axis',(0.707106781186547,-0.707106781186548,0.));
#5905=DIRECTION('',(-1.,0.,0.));
#5906=DIRECTION('',(0.,-1.,0.));
#5907=DIRECTION('',(1.,0.,0.));
#5908=DIRECTION('center_axis',(0.,0.,-1.));
#5909=DIRECTION('ref_axis',(-0.752354790557938,0.658758126420101,0.));
#5910=DIRECTION('center_axis',(0.,0.,1.));
#5911=DIRECTION('ref_axis',(-1.,0.,0.));
#5912=DIRECTION('',(0.,1.,0.));
#5913=DIRECTION('center_axis',(0.,0.,1.));
#5914=DIRECTION('ref_axis',(-1.,0.,0.));
#5915=DIRECTION('center_axis',(0.,0.,-1.));
#5916=DIRECTION('ref_axis',(1.,1.616548519429E-29,0.));
#5917=DIRECTION('center_axis',(0.,0.,1.));
#5918=DIRECTION('ref_axis',(1.,0.,0.));
#5919=DIRECTION('center_axis',(0.,0.,-1.));
#5920=DIRECTION('ref_axis',(1.,1.616548519429E-29,0.));
#5921=DIRECTION('center_axis',(0.,0.,-1.));
#5922=DIRECTION('ref_axis',(-1.,0.,0.));
#5923=DIRECTION('',(1.,0.,0.));
#5924=DIRECTION('',(0.150329243125627,0.988635988957147,0.));
#5925=DIRECTION('',(-0.0867388241198142,0.996231085838176,0.));
#5926=DIRECTION('',(0.,-1.,0.));
#5927=DIRECTION('center_axis',(0.,0.,-1.));
#5928=DIRECTION('ref_axis',(1.,1.616548519429E-29,0.));
#5929=DIRECTION('',(0.,0.,1.));
#5930=DIRECTION('center_axis',(-5.92163595887372E-17,1.43773732865809E-17,
-1.));
#5931=DIRECTION('ref_axis',(1.,1.61663365699965E-29,-5.92163595887372E-17));
#5932=DIRECTION('center_axis',(0.,0.,-1.));
#5933=DIRECTION('ref_axis',(1.,1.616548519429E-29,0.));
#5934=DIRECTION('center_axis',(-5.92163595887372E-17,1.43773732865809E-17,
-1.));
#5935=DIRECTION('ref_axis',(1.,1.61663365699965E-29,-5.92163595887372E-17));
#5936=DIRECTION('',(0.,0.,-1.));
#5937=DIRECTION('center_axis',(0.,0.,-1.));
#5938=DIRECTION('ref_axis',(0.22171136146145,-0.975112338245656,0.));
#5939=DIRECTION('center_axis',(0.,0.,-1.));
#5940=DIRECTION('ref_axis',(1.,1.616548519429E-29,0.));
#5941=DIRECTION('',(0.,0.,1.));
#5942=DIRECTION('center_axis',(0.,0.,1.));
#5943=DIRECTION('ref_axis',(1.,1.616548519429E-29,0.));
#5944=DIRECTION('',(0.,0.,-1.));
#5945=DIRECTION('center_axis',(0.,0.,-1.));
#5946=DIRECTION('ref_axis',(1.,1.616548519429E-29,0.));
#5947=DIRECTION('center_axis',(0.,0.,1.));
#5948=DIRECTION('ref_axis',(1.,0.,0.));
#5949=DIRECTION('center_axis',(0.,0.,1.));
#5950=DIRECTION('ref_axis',(0.150329243125627,-0.988635988957147,0.));
#5951=DIRECTION('',(1.,0.,0.));
#5952=DIRECTION('',(0.,1.,0.));
#5953=DIRECTION('',(-1.,0.,0.));
#5954=DIRECTION('center_axis',(0.,0.,1.));
#5955=DIRECTION('ref_axis',(-0.707106781186547,-0.707106781186548,0.));
#5956=DIRECTION('',(0.,1.,0.));
#5957=DIRECTION('center_axis',(0.,0.,1.));
#5958=DIRECTION('ref_axis',(-0.707106781186547,0.707106781186548,0.));
#5959=DIRECTION('',(1.,0.,0.));
#5960=DIRECTION('',(0.,1.,0.));
#5961=DIRECTION('',(1.,-2.16840434497101E-19,0.));
#5962=DIRECTION('',(0.,1.,0.));
#5963=DIRECTION('',(-1.,0.,0.));
#5964=DIRECTION('center_axis',(0.,0.,-1.));
#5965=DIRECTION('ref_axis',(1.,1.616548519429E-29,0.));
#5966=DIRECTION('',(9.25184300908378E-17,-1.,0.));
#5967=DIRECTION('center_axis',(1.,9.25184300908378E-17,0.));
#5968=DIRECTION('ref_axis',(9.25184300908378E-17,-1.,0.));
#5969=DIRECTION('',(0.,0.,-1.));
#5970=DIRECTION('',(-9.25184300908378E-17,1.,0.));
#5971=DIRECTION('center_axis',(0.,0.,1.));
#5972=DIRECTION('ref_axis',(-0.993093726004693,0.117323703360046,0.));
#5973=DIRECTION('',(0.,0.,-1.));
#5974=DIRECTION('center_axis',(0.,0.,-1.));
#5975=DIRECTION('ref_axis',(-0.993093726004693,0.117323703360046,0.));
#5976=DIRECTION('',(0.,0.,-1.));
#5977=DIRECTION('center_axis',(2.46519032881566E-32,1.,0.));
#5978=DIRECTION('ref_axis',(1.,-2.46519032881566E-32,-6.52400927851083E-97));
#5979=DIRECTION('',(1.,-2.46519032881566E-32,-6.52400927851083E-97));
#5980=DIRECTION('center_axis',(-2.46519032881566E-32,-1.,0.));
#5981=DIRECTION('ref_axis',(-1.,2.46519032881566E-32,6.52400927851083E-97));
#5982=DIRECTION('',(-1.,2.46519032881566E-32,6.52400927851083E-97));
#5983=DIRECTION('center_axis',(0.,0.,1.));
#5984=DIRECTION('ref_axis',(-1.,0.,0.));
#5985=DIRECTION('center_axis',(-2.46519032881566E-32,-1.,6.48479680985989E-47));
#5986=DIRECTION('ref_axis',(-1.,2.46519032881566E-32,0.));
#5987=DIRECTION('',(-0.707106781186548,1.74315279842106E-32,0.707106781186547));
#5988=DIRECTION('',(1.59929047316564E-78,6.48749289039267E-47,1.));
#5989=DIRECTION('',(-1.,2.46519032881566E-32,3.26536183713282E-17));
#5990=DIRECTION('',(-1.59862583800013E-78,-6.48479680985989E-47,-1.));
#5991=DIRECTION('',(-0.707106781186547,1.74315279842104E-32,-0.707106781186548));
#5992=DIRECTION('',(-1.,2.46519032881569E-32,-1.61957582392938E-92));
#5993=DIRECTION('',(0.,6.48479680985989E-47,1.));
#5994=DIRECTION('',(1.,-2.46519032881566E-32,0.));
#5995=DIRECTION('',(0.,0.,1.));
#5996=DIRECTION('',(-1.,2.46519032881566E-32,6.52400927851083E-97));
#5997=DIRECTION('center_axis',(0.,0.,-1.));
#5998=DIRECTION('ref_axis',(1.,1.616548519429E-29,0.));
#5999=DIRECTION('',(0.,0.,-1.));
#6000=DIRECTION('center_axis',(-5.92163595887372E-17,1.43773732865809E-17,
-1.));
#6001=DIRECTION('ref_axis',(1.,1.61663365699965E-29,-5.92163595887372E-17));
#6002=DIRECTION('center_axis',(0.,0.,-1.));
#6003=DIRECTION('ref_axis',(1.,1.616548519429E-29,0.));
#6004=DIRECTION('',(0.,0.,1.));
#6005=DIRECTION('center_axis',(-5.92163595887372E-17,1.43773732865809E-17,
-1.));
#6006=DIRECTION('ref_axis',(1.,1.61663365699965E-29,-5.92163595887372E-17));
#6007=DIRECTION('',(0.,0.,1.));
#6008=DIRECTION('center_axis',(0.,0.,-1.));
#6009=DIRECTION('ref_axis',(1.,1.616548519429E-29,0.));
#6010=DIRECTION('center_axis',(0.,0.,1.));
#6011=DIRECTION('ref_axis',(1.,0.,0.));
#6012=DIRECTION('',(0.,1.,0.));
#6013=DIRECTION('',(-1.,0.,0.));
#6014=DIRECTION('center_axis',(0.,0.,1.));
#6015=DIRECTION('ref_axis',(-0.996231263707388,0.0867367811944902,0.));
#6016=DIRECTION('',(-0.0867388241198142,-0.996231085838176,0.));
#6017=DIRECTION('',(-0.150329243125627,0.988635988957147,0.));
#6018=DIRECTION('center_axis',(0.,0.,1.));
#6019=DIRECTION('ref_axis',(0.150329243125627,-0.988635988957147,0.));
#6020=DIRECTION('center_axis',(-0.106904523755366,0.703054557911634,-0.703054557911629));
#6021=DIRECTION('ref_axis',(-0.664638036802367,-0.576435211997092,-0.475372197762304));
#6022=DIRECTION('center_axis',(0.0194137569975013,-0.127674020367141,-0.99162616472264));
#6023=DIRECTION('ref_axis',(0.149070410806323,-0.98035731403635,0.129141586785463));
#6024=DIRECTION('',(-0.106904523755365,0.703054557911634,-0.703054557911628));
#6025=DIRECTION('center_axis',(-0.00714608675083989,0.046996036135073,0.998869514016591));
#6026=DIRECTION('ref_axis',(0.150159298023377,-0.987518349828937,0.0475362384740275));
#6027=DIRECTION('center_axis',(-1.,0.,0.));
#6028=DIRECTION('ref_axis',(0.,0.,1.));
#6029=DIRECTION('center_axis',(0.,0.,-1.));
#6030=DIRECTION('ref_axis',(0.150329243125627,-0.988635988957147,0.));
#6031=DIRECTION('center_axis',(0.150329243125631,-0.988635988957146,0.));
#6032=DIRECTION('ref_axis',(0.988635988957146,0.150329243125631,0.));
#6033=DIRECTION('center_axis',(0.,0.,1.));
#6034=DIRECTION('ref_axis',(-1.,0.,0.));
#6035=DIRECTION('center_axis',(5.92163595887372E-17,-1.43773732865809E-17,
1.));
#6036=DIRECTION('ref_axis',(-1.,-8.51375706479679E-34,5.92163595887372E-17));
#6037=DIRECTION('',(0.,0.,-1.));
#6038=DIRECTION('center_axis',(5.2134404028895E-16,0.707106781186547,-0.707106781186548));
#6039=DIRECTION('ref_axis',(0.,-0.707106781186548,-0.707106781186547));
#6040=DIRECTION('',(0.,0.,-1.));
#6041=DIRECTION('center_axis',(-5.92163595887372E-17,1.43773732865809E-17,
-1.));
#6042=DIRECTION('ref_axis',(1.,1.616548519429E-29,-5.92163595887372E-17));
#6043=DIRECTION('center_axis',(-5.92163595887372E-17,1.43773732865809E-17,
-1.));
#6044=DIRECTION('ref_axis',(-1.,-8.51375706479679E-34,5.92163595887372E-17));
#6045=DIRECTION('',(1.,-8.60422844084496E-16,-5.92163595887372E-17));
#6046=DIRECTION('',(0.,1.,-1.36700019740895E-33));
#6047=DIRECTION('center_axis',(5.92163595887372E-17,-1.43773732865809E-17,
1.));
#6048=DIRECTION('ref_axis',(1.,1.61663365699966E-29,-5.92163595887372E-17));
#6049=DIRECTION('center_axis',(0.,0.,1.));
#6050=DIRECTION('ref_axis',(-1.,0.,0.));
#6051=DIRECTION('',(0.,0.,1.));
#6052=DIRECTION('center_axis',(1.23131031645478E-16,1.24900090270329E-16,
1.));
#6053=DIRECTION('ref_axis',(-1.,1.53790769675989E-32,1.23131031645478E-16));
#6054=DIRECTION('center_axis',(-5.2134404028895E-16,-0.707106781186547,
0.707106781186548));
#6055=DIRECTION('ref_axis',(0.,-0.707106781186548,-0.707106781186547));
#6056=DIRECTION('',(0.,0.,1.));
#6057=DIRECTION('center_axis',(0.,0.,1.));
#6058=DIRECTION('ref_axis',(-1.,0.,0.));
#6059=DIRECTION('',(-1.,2.46519032881566E-32,6.52400927851083E-97));
#6060=DIRECTION('',(0.,-1.,0.));
#6061=DIRECTION('center_axis',(0.,0.,1.));
#6062=DIRECTION('ref_axis',(1.,1.616548519429E-29,0.));
#6063=DIRECTION('',(-1.,2.46519032881566E-32,6.52400927851083E-97));
#6064=DIRECTION('',(-1.,2.46519032881566E-32,6.52400927851083E-97));
#6065=DIRECTION('',(0.,-1.,0.));
#6066=DIRECTION('center_axis',(0.,0.,-1.));
#6067=DIRECTION('ref_axis',(1.,1.61654851942901E-29,0.));
#6068=DIRECTION('center_axis',(5.92163595887372E-17,-1.43773732865809E-17,
1.));
#6069=DIRECTION('ref_axis',(1.,1.61663365699966E-29,-5.92163595887372E-17));
#6070=DIRECTION('center_axis',(-1.,0.,0.));
#6071=DIRECTION('ref_axis',(0.,1.,0.));
#6072=DIRECTION('center_axis',(1.,0.,0.));
#6073=DIRECTION('ref_axis',(0.,-0.70710678118655,0.707106781186545));
#6074=DIRECTION('center_axis',(0.0194137569975013,-0.127674020367141,-0.99162616472264));
#6075=DIRECTION('ref_axis',(0.149070410806323,-0.98035731403635,0.129141586785463));
#6076=DIRECTION('center_axis',(0.150329243125625,-0.988635988957147,-2.9269505011021E-15));
#6077=DIRECTION('ref_axis',(0.988635988957147,0.150329243125625,4.93038065763132E-32));
#6078=DIRECTION('center_axis',(0.,0.,1.));
#6079=DIRECTION('ref_axis',(0.150329243125627,-0.988635988957147,0.));
#6080=DIRECTION('center_axis',(0.,0.,1.));
#6081=DIRECTION('ref_axis',(1.,0.,0.));
#6082=DIRECTION('center_axis',(0.,0.,1.));
#6083=DIRECTION('ref_axis',(1.,0.,0.));
#6084=DIRECTION('center_axis',(0.,0.,1.));
#6085=DIRECTION('ref_axis',(1.,0.,0.));
#6086=DIRECTION('',(0.,0.,1.));
#6087=DIRECTION('center_axis',(0.,0.,1.));
#6088=DIRECTION('ref_axis',(1.,0.,0.));
#6089=DIRECTION('center_axis',(0.,0.,-1.));
#6090=DIRECTION('ref_axis',(1.,0.,0.));
#6091=DIRECTION('center_axis',(0.,0.,-1.));
#6092=DIRECTION('ref_axis',(1.,0.,0.));
#6093=DIRECTION('center_axis',(0.,0.,1.));
#6094=DIRECTION('ref_axis',(1.,0.,0.));
#6095=DIRECTION('',(-1.,-9.44870659255452E-17,0.));
#6096=DIRECTION('',(-0.0867388241198142,0.996231085838176,0.));
#6097=DIRECTION('',(-0.150329243125627,-0.988635988957147,0.));
#6098=DIRECTION('center_axis',(0.,0.,1.));
#6099=DIRECTION('ref_axis',(-0.150329243125628,-0.988635988957147,0.));
#6100=DIRECTION('',(1.,0.,0.));
#6101=DIRECTION('center_axis',(0.,0.,1.));
#6102=DIRECTION('ref_axis',(0.150329243125628,-0.988635988957147,0.));
#6103=DIRECTION('',(-0.150329243125627,0.988635988957147,0.));
#6104=DIRECTION('',(-0.0867388241198142,-0.996231085838176,0.));
#6105=DIRECTION('',(-1.,-9.44870659255452E-17,0.));
#6106=DIRECTION('center_axis',(0.,0.,-1.));
#6107=DIRECTION('ref_axis',(0.707106781186547,0.707106781186548,0.));
#6108=DIRECTION('',(-1.,0.,0.));
#6109=DIRECTION('center_axis',(0.,0.,-1.));
#6110=DIRECTION('ref_axis',(-0.707106781186547,0.707106781186548,0.));
#6111=DIRECTION('',(0.,-1.,0.));
#6112=DIRECTION('center_axis',(0.,0.,-1.));
#6113=DIRECTION('ref_axis',(-0.707106781186547,-0.707106781186548,0.));
#6114=DIRECTION('',(1.,0.,0.));
#6115=DIRECTION('center_axis',(0.,0.,-1.));
#6116=DIRECTION('ref_axis',(0.707106781186547,-0.707106781186548,0.));
#6117=DIRECTION('',(0.,1.,0.));
#6118=DIRECTION('center_axis',(1.,9.44870659255452E-17,0.));
#6119=DIRECTION('ref_axis',(-6.38345364856337E-17,0.67559020761566,-0.737277336810124));
#6120=DIRECTION('center_axis',(1.,-1.11446389621611E-16,0.));
#6121=DIRECTION('ref_axis',(0.,0.,-1.));
#6122=DIRECTION('',(1.,9.44870659255452E-17,0.));
#6123=DIRECTION('center_axis',(1.,-4.45785558486444E-16,0.));
#6124=DIRECTION('ref_axis',(0.,0.,-1.));
#6125=DIRECTION('center_axis',(1.,0.,0.));
#6126=DIRECTION('ref_axis',(0.,1.,0.));
#6127=DIRECTION('center_axis',(1.,0.,0.));
#6128=DIRECTION('ref_axis',(0.,1.,-8.0249533055608E-18));
#6129=DIRECTION('center_axis',(1.,0.,0.));
#6130=DIRECTION('ref_axis',(0.,1.,4.02293570560352E-18));
#6131=DIRECTION('',(0.,1.,0.));
#6132=DIRECTION('',(0.,0.,-1.));
#6133=DIRECTION('',(0.,1.,0.));
#6134=DIRECTION('center_axis',(1.,0.,0.));
#6135=DIRECTION('ref_axis',(0.,-1.,2.96059473233375E-16));
#6136=DIRECTION('',(0.,1.,0.));
#6137=DIRECTION('',(0.,0.,1.));
#6138=DIRECTION('center_axis',(-1.,0.,0.));
#6139=DIRECTION('ref_axis',(0.,-1.,2.96059473233375E-16));
#6140=DIRECTION('center_axis',(1.,0.,0.));
#6141=DIRECTION('ref_axis',(0.,-1.,2.96059473233375E-16));
#6142=DIRECTION('',(-1.,0.,0.));
#6143=DIRECTION('',(-1.,0.,0.));
#6144=DIRECTION('center_axis',(0.150329243125628,-0.988635988957147,0.));
#6145=DIRECTION('ref_axis',(0.988635988957147,0.150329243125628,0.));
#6146=DIRECTION('center_axis',(0.988635988957147,0.150329243125627,0.));
#6147=DIRECTION('ref_axis',(-0.150329243125627,0.988635988957147,0.));
#6148=DIRECTION('center_axis',(-0.999431180974325,-0.0337240937056298,1.47945534486134E-15));
#6149=DIRECTION('ref_axis',(-0.0337240937056298,0.999431180974325,0.));
#6150=DIRECTION('center_axis',(0.,1.,0.));
#6151=DIRECTION('ref_axis',(0.,0.,1.));
#6152=DIRECTION('',(1.,0.,0.));
#6153=DIRECTION('center_axis',(0.,-1.,0.));
#6154=DIRECTION('ref_axis',(-1.,0.,3.76194497362704E-14));
#6155=DIRECTION('',(0.,0.,-1.));
#6156=DIRECTION('',(1.,0.,0.));
#6157=DIRECTION('center_axis',(-0.150329243125627,0.988635988957147,0.));
#6158=DIRECTION('ref_axis',(0.699071211916667,0.106298827224772,0.707106781186548));
#6159=DIRECTION('center_axis',(1.,0.,0.));
#6160=DIRECTION('ref_axis',(0.,1.,0.));
#6161=DIRECTION('',(0.150329243125627,-0.988635988957147,0.));
#6162=DIRECTION('',(-0.150329243125627,0.988635988957147,0.));
#6163=DIRECTION('center_axis',(0.,0.,1.));
#6164=DIRECTION('ref_axis',(1.,0.,0.));
#6165=DIRECTION('',(0.,-1.,0.));
#6166=DIRECTION('',(-1.,0.,0.));
#6167=DIRECTION('',(0.0434824601872596,0.999054190550274,0.));
#6168=DIRECTION('center_axis',(0.,0.,1.));
#6169=DIRECTION('ref_axis',(0.150329243125627,-0.988635988957147,0.));
#6170=DIRECTION('center_axis',(0.,-1.,0.));
#6171=DIRECTION('ref_axis',(0.,0.,-1.));
#6172=DIRECTION('',(1.,0.,0.));
#6173=DIRECTION('',(0.,0.,1.));
#6174=DIRECTION('center_axis',(0.,1.,0.));
#6175=DIRECTION('ref_axis',(-1.,0.,-8.29529017008648E-16));
#6176=DIRECTION('center_axis',(1.,0.,0.));
#6177=DIRECTION('ref_axis',(0.,0.,-1.));
#6178=DIRECTION('',(0.,0.,1.));
#6179=DIRECTION('',(0.,-1.,0.));
#6180=DIRECTION('',(0.,1.,0.));
#6181=DIRECTION('',(0.,0.,-1.));
#6182=DIRECTION('center_axis',(0.,0.,1.));
#6183=DIRECTION('ref_axis',(0.,-1.,0.));
#6184=DIRECTION('',(0.,1.,0.));
#6185=DIRECTION('',(1.,0.,0.));
#6186=DIRECTION('center_axis',(0.,1.,0.));
#6187=DIRECTION('ref_axis',(0.,0.,1.));
#6188=DIRECTION('center_axis',(0.,-1.,0.));
#6189=DIRECTION('ref_axis',(-1.,0.,-8.29529017008648E-16));
#6190=DIRECTION('',(0.,0.,-1.));
#6191=DIRECTION('center_axis',(1.,0.,0.));
#6192=DIRECTION('ref_axis',(0.,1.,0.));
#6193=DIRECTION('center_axis',(-1.,0.,0.));
#6194=DIRECTION('ref_axis',(0.,1.,-8.0249533055608E-18));
#6195=DIRECTION('',(0.,0.,-1.));
#6196=DIRECTION('',(0.,-1.,-5.84327907697451E-17));
#6197=DIRECTION('center_axis',(-1.,0.,0.));
#6198=DIRECTION('ref_axis',(0.,1.,0.));
#6199=DIRECTION('',(0.,-1.,-5.84327907697451E-17));
#6200=DIRECTION('',(0.,3.33891490179456E-16,1.));
#6201=DIRECTION('center_axis',(-1.,0.,0.));
#6202=DIRECTION('ref_axis',(0.,1.,4.02293570560352E-18));
#6203=DIRECTION('',(0.,0.,1.));
#6204=DIRECTION('',(0.,1.,0.));
#6205=DIRECTION('center_axis',(-1.,0.,0.));
#6206=DIRECTION('ref_axis',(0.,1.,4.02293570560352E-18));
#6207=DIRECTION('center_axis',(-1.,0.,0.));
#6208=DIRECTION('ref_axis',(0.,1.,-8.0249533055608E-18));
#6209=DIRECTION('center_axis',(-0.0867388241198142,-0.996231085838176,0.));
#6210=DIRECTION('ref_axis',(-0.673043966114589,0.0585999001954436,-0.737277336810124));
#6211=DIRECTION('center_axis',(0.0854529206482627,-0.996342209460526,1.2649573336689E-16));
#6212=DIRECTION('ref_axis',(-0.996342209460526,-0.0854529206482627,-8.2032297233578E-16));
#6213=DIRECTION('',(-0.0867388241198142,-0.996231085838176,0.));
#6214=DIRECTION('center_axis',(0.,-1.,0.));
#6215=DIRECTION('ref_axis',(-1.,0.,-8.29529017008648E-16));
#6216=DIRECTION('center_axis',(-0.707106781186548,-0.707106781186548,0.));
#6217=DIRECTION('ref_axis',(-0.707106781186547,0.707106781186547,-7.0848453691937E-17));
#6218=DIRECTION('center_axis',(-0.0867388241198142,-0.996231085838176,0.));
#6219=DIRECTION('ref_axis',(-0.673043966114589,0.0585999001954436,-0.737277336810124));
#6220=DIRECTION('center_axis',(0.0651259410811231,0.997877052445991,0.));
#6221=DIRECTION('ref_axis',(-0.99787705244599,0.0651259410811231,0.));
#6222=DIRECTION('center_axis',(0.,0.,1.));
#6223=DIRECTION('ref_axis',(0.,-1.,0.));
#6224=DIRECTION('',(1.,0.,0.));
#6225=DIRECTION('center_axis',(0.,-1.,0.));
#6226=DIRECTION('ref_axis',(0.,0.,-1.));
#6227=DIRECTION('center_axis',(0.,1.,0.));
#6228=DIRECTION('ref_axis',(-1.,0.,3.76194497362704E-14));
#6229=DIRECTION('center_axis',(0.,0.,1.));
#6230=DIRECTION('ref_axis',(1.,0.,0.));
#6231=DIRECTION('',(0.0434824601872596,0.999054190550274,0.));
#6232=DIRECTION('center_axis',(-0.0434824601872596,-0.999054190550274,0.));
#6233=DIRECTION('ref_axis',(-0.672624014161491,0.0292750355220095,-0.739405104031929));
#6234=DIRECTION('center_axis',(-0.707106781186541,0.707106781186554,-2.36096936886377E-16));
#6235=DIRECTION('ref_axis',(-0.707106781186554,-0.707106781186541,-2.50055994595732E-16));
#6236=DIRECTION('center_axis',(0.,1.,-3.33891490179456E-16));
#6237=DIRECTION('ref_axis',(-1.,1.25608141321745E-29,3.76194497362704E-14));
#6238=DIRECTION('center_axis',(0.707106781186541,0.707106781186554,-2.36096936886377E-16));
#6239=DIRECTION('ref_axis',(-0.707106781186554,0.707106781186541,2.72813155537409E-16));
#6240=DIRECTION('center_axis',(1.,0.,0.));
#6241=DIRECTION('ref_axis',(0.,1.,4.02293570560352E-18));
#6242=DIRECTION('',(-0.0434824601872596,-0.999054190550274,0.));
#6243=DIRECTION('center_axis',(0.707106781186548,0.707106781186548,0.));
#6244=DIRECTION('ref_axis',(0.,0.,-1.));
#6245=DIRECTION('',(0.707106781186547,-0.707106781186547,-4.13182225969415E-17));
#6246=DIRECTION('',(0.,0.,1.));
#6247=DIRECTION('center_axis',(0.,-5.84327907697451E-17,1.));
#6248=DIRECTION('ref_axis',(0.,-1.,-5.84327907697451E-17));
#6249=DIRECTION('',(1.,0.,0.));
#6250=DIRECTION('',(0.707106781186541,0.707106781186554,4.13182225969418E-17));
#6251=DIRECTION('',(0.,1.,5.84327907697451E-17));
#6252=DIRECTION('',(1.,0.,0.));
#6253=DIRECTION('center_axis',(0.,1.,0.));
#6254=DIRECTION('ref_axis',(0.,0.,1.));
#6255=DIRECTION('',(0.0874829492110121,0.,-0.99616601708618));
#6256=DIRECTION('',(1.,0.,0.));
#6257=DIRECTION('',(0.,0.,-1.));
#6258=DIRECTION('center_axis',(-0.707106781186554,0.707106781186541,0.));
#6259=DIRECTION('ref_axis',(0.,0.,1.));
#6260=DIRECTION('',(0.707106781186541,0.707106781186554,0.));
#6261=DIRECTION('',(0.,0.,1.));
#6262=DIRECTION('center_axis',(0.707106781186541,-0.707106781186554,2.36096936886377E-16));
#6263=DIRECTION('ref_axis',(3.33891490179462E-16,-4.93038065763132E-32,
-1.));
#6264=DIRECTION('',(-0.707106781186554,-0.707106781186541,-4.13182225969411E-17));
#6265=DIRECTION('',(0.,-3.33891490179456E-16,-1.));
#6266=DIRECTION('center_axis',(0.,-1.,3.33891490179456E-16));
#6267=DIRECTION('ref_axis',(0.,-3.33891490179456E-16,-1.));
#6268=DIRECTION('',(1.,0.,0.));
#6269=DIRECTION('',(0.,3.33891490179456E-16,1.));
#6270=DIRECTION('center_axis',(0.,-5.84327907697451E-17,1.));
#6271=DIRECTION('ref_axis',(0.,-1.,-5.84327907697451E-17));
#6272=DIRECTION('',(1.,0.,0.));
#6273=DIRECTION('',(0.,1.,5.84327907697451E-17));
#6274=DIRECTION('',(-0.707106781186554,0.707106781186541,4.13182225969411E-17));
#6275=DIRECTION('center_axis',(-0.707106781186541,-0.707106781186554,2.36096936886377E-16));
#6276=DIRECTION('ref_axis',(3.33891490179462E-16,4.93038065763132E-32,1.));
#6277=DIRECTION('',(0.,-3.33891490179456E-16,-1.));
#6278=DIRECTION('center_axis',(1.,0.,0.));
#6279=DIRECTION('ref_axis',(0.,1.,0.));
#6280=DIRECTION('center_axis',(1.,0.,0.));
#6281=DIRECTION('ref_axis',(0.,1.,0.));
#6282=DIRECTION('center_axis',(1.,0.,0.));
#6283=DIRECTION('ref_axis',(0.,1.,0.));
#6284=DIRECTION('',(0.,1.,0.));
#6285=DIRECTION('center_axis',(1.,0.,0.));
#6286=DIRECTION('ref_axis',(0.,1.,6.91572441586251E-32));
#6287=DIRECTION('',(0.,0.907344523806555,0.420387815140086));
#6288=DIRECTION('center_axis',(-0.994683258330902,0.0432922213713798,-0.0934398157369355));
#6289=DIRECTION('ref_axis',(0.0438476171339002,0.999030625887624,-0.00389807776487978));
#6290=DIRECTION('center_axis',(-0.994683258330902,0.0432922213713798,-0.0934398157369355));
#6291=DIRECTION('ref_axis',(0.102981627469277,0.41815272172615,-0.902520407368605));
#6292=DIRECTION('',(0.0434824601872596,0.999054190550274,0.));
#6293=DIRECTION('center_axis',(-0.994683258330902,0.0432922213713798,-0.0934398157369355));
#6294=DIRECTION('ref_axis',(0.102981627469277,0.41815272172615,-0.902520407368605));
#6295=DIRECTION('center_axis',(1.,0.,0.));
#6296=DIRECTION('ref_axis',(0.,1.,6.91572441586251E-32));
#6297=DIRECTION('',(1.,0.,0.));
#6298=DIRECTION('center_axis',(0.992440125786174,-0.0864087567068713,0.0871557427476582));
#6299=DIRECTION('ref_axis',(0.122729771162189,0.698734435525569,-0.704774851907502));
#6300=DIRECTION('',(1.,0.,0.));
#6301=DIRECTION('center_axis',(0.992440125786174,-0.0864087567068713,0.0871557427476582));
#6302=DIRECTION('ref_axis',(0.122729771162189,0.698734435525569,-0.704774851907502));
#6303=DIRECTION('center_axis',(0.994683258330902,-0.0432922213713798,0.0934398157369355));
#6304=DIRECTION('ref_axis',(0.102981627469277,0.41815272172615,-0.902520407368605));
#6305=DIRECTION('center_axis',(0.992440125786174,-0.0864087567068713,0.0871557427476582));
#6306=DIRECTION('ref_axis',(0.122729771162189,0.698734435525569,-0.704774851907502));
#6307=DIRECTION('',(-1.,0.,0.));
#6308=DIRECTION('center_axis',(-0.992440125786174,0.0864087567068713,-0.0871557427476582));
#6309=DIRECTION('ref_axis',(0.122729771162189,0.698734435525569,-0.704774851907502));
#6310=DIRECTION('',(-1.,0.,0.));
#6311=DIRECTION('center_axis',(0.,0.,1.));
#6312=DIRECTION('ref_axis',(1.,0.,0.));
#6313=DIRECTION('',(0.0867388241198142,0.996231085838176,0.));
#6314=DIRECTION('',(1.,9.44870659255452E-17,0.));
#6315=DIRECTION('',(0.0867388241198142,-0.996231085838176,0.));
#6316=DIRECTION('',(1.,0.,0.));
#6317=DIRECTION('',(0.0867388241198142,-0.996231085838176,0.));
#6318=DIRECTION('',(1.,9.44870659255452E-17,0.));
#6319=DIRECTION('',(0.0867388241198142,0.996231085838176,0.));
#6320=DIRECTION('center_axis',(-0.992440125786174,0.0864087567068713,-0.0871557427476582));
#6321=DIRECTION('ref_axis',(0.0867388241198142,0.996231085838176,-4.33680868994202E-18));
#6322=DIRECTION('',(0.0867388241198142,0.996231085838176,0.));
#6323=DIRECTION('',(0.0868272602345323,-0.00755978664122089,-0.996194698091746));
#6324=DIRECTION('center_axis',(0.,0.,-1.));
#6325=DIRECTION('ref_axis',(1.,1.61654851942901E-29,0.));
#6326=DIRECTION('',(0.,0.,-1.));
#6327=DIRECTION('center_axis',(-5.92163595887372E-17,1.43773732865809E-17,
-1.));
#6328=DIRECTION('ref_axis',(1.,1.61654851942901E-29,-5.92163595887372E-17));
#6329=DIRECTION('center_axis',(-5.92163595887372E-17,1.43773732865809E-17,
-1.));
#6330=DIRECTION('ref_axis',(1.,1.616548519429E-29,-5.92163595887372E-17));
#6331=DIRECTION('center_axis',(5.92163595887372E-17,-1.43773732865809E-17,
1.));
#6332=DIRECTION('ref_axis',(1.,1.61663365699965E-29,-5.92163595887372E-17));
#6333=DIRECTION('center_axis',(0.,0.,-1.));
#6334=DIRECTION('ref_axis',(1.,1.616548519429E-29,0.));
#6335=DIRECTION('',(0.,0.,-1.));
#6336=DIRECTION('center_axis',(-0.106904523755366,0.703054557911634,-0.703054557911629));
#6337=DIRECTION('ref_axis',(-0.664638036802367,-0.576435211997092,-0.475372197762304));
#6338=DIRECTION('',(0.106904523755365,-0.703054557911634,0.703054557911628));
#6339=DIRECTION('center_axis',(0.106904523755365,-0.703054557911631,0.703054557911631));
#6340=DIRECTION('ref_axis',(-0.664638036802365,-0.576435211997094,-0.475372197762304));
#6341=DIRECTION('',(-0.106904523755365,0.703054557911631,-0.703054557911631));
#6342=DIRECTION('',(0.106904523755365,-0.703054557911631,0.703054557911631));
#6343=DIRECTION('center_axis',(0.,0.,1.));
#6344=DIRECTION('ref_axis',(1.,0.,0.));
#6345=DIRECTION('',(-1.,0.,0.));
#6346=DIRECTION('',(-0.0434824601872596,-0.999054190550274,0.));
#6347=DIRECTION('',(-1.,0.,0.));
#6348=DIRECTION('',(-0.150329243125627,0.988635988957147,0.));
#6349=DIRECTION('center_axis',(0.0867388241198142,-0.996231085838176,0.));
#6350=DIRECTION('ref_axis',(0.673043966114588,0.0585999001954435,-0.737277336810124));
#6351=DIRECTION('center_axis',(-0.988635988957147,0.150329243125627,0.));
#6352=DIRECTION('ref_axis',(0.150329243125627,0.988635988957147,-3.92212576211716E-17));
#6353=DIRECTION('center_axis',(0.0867388241198148,-0.996231085838176,0.));
#6354=DIRECTION('ref_axis',(0.,0.,-1.));
#6355=DIRECTION('',(0.0867388241198142,-0.996231085838176,0.));
#6356=DIRECTION('center_axis',(0.0867388241198129,0.996231085838177,0.));
#6357=DIRECTION('ref_axis',(0.,0.,-1.));
#6358=DIRECTION('center_axis',(-0.0867388241198142,-0.996231085838176,0.));
#6359=DIRECTION('ref_axis',(-0.673043966114588,0.0585999001954435,-0.737277336810124));
#6360=DIRECTION('',(0.0867388241198142,0.996231085838176,0.));
#6361=DIRECTION('center_axis',(0.988635988957147,0.150329243125627,0.));
#6362=DIRECTION('ref_axis',(-0.150329243125627,0.988635988957147,0.));
#6363=DIRECTION('center_axis',(-0.988635988957147,0.150329243125627,0.));
#6364=DIRECTION('ref_axis',(-0.150329243125627,-0.988635988957147,0.));
#6365=DIRECTION('center_axis',(0.988635988957147,-0.150329243125627,0.));
#6366=DIRECTION('ref_axis',(0.150329243125627,0.988635988957147,1.15248675980895E-15));
#6367=DIRECTION('',(0.150329243125627,0.988635988957147,0.));
#6368=DIRECTION('',(-0.106904523755365,-0.703054557911631,0.703054557911631));
#6369=DIRECTION('',(-0.106748398213371,0.257340169957448,-0.960406589109608));
#6370=DIRECTION('center_axis',(0.,-1.,0.));
#6371=DIRECTION('ref_axis',(1.,0.,0.));
#6372=DIRECTION('',(0.,0.,1.));
#6373=DIRECTION('',(1.,0.,0.));
#6374=DIRECTION('',(0.,0.,1.));
#6375=DIRECTION('',(-1.,0.,0.));
#6376=DIRECTION('center_axis',(0.,0.,1.));
#6377=DIRECTION('ref_axis',(1.,0.,0.));
#6378=DIRECTION('',(1.,0.,0.));
#6379=DIRECTION('center_axis',(0.,0.,-1.));
#6380=DIRECTION('ref_axis',(0.737135952223129,-0.675744469411405,0.));
#6381=DIRECTION('',(-0.086738824119814,0.996231085838176,0.));
#6382=DIRECTION('',(-1.,0.,0.));
#6383=DIRECTION('',(0.0434824601872596,-0.999054190550274,0.));
#6384=DIRECTION('',(1.,0.,0.));
#6385=DIRECTION('',(-0.0867388241198142,0.996231085838176,0.));
#6386=DIRECTION('center_axis',(0.,0.,1.));
#6387=DIRECTION('ref_axis',(0.579970128997519,-0.814637741251043,0.));
#6388=DIRECTION('',(1.,0.,0.));
#6389=DIRECTION('center_axis',(0.,0.,1.));
#6390=DIRECTION('ref_axis',(-0.579970128997517,-0.814637741251044,0.));
#6391=DIRECTION('',(-0.0867388241198142,-0.996231085838176,0.));
#6392=DIRECTION('',(1.,0.,0.));
#6393=DIRECTION('',(0.0434824601872596,0.999054190550274,0.));
#6394=DIRECTION('',(-1.,0.,0.));
#6395=DIRECTION('',(-0.0867388241198132,-0.996231085838176,0.));
#6396=DIRECTION('center_axis',(0.,0.,-1.));
#6397=DIRECTION('ref_axis',(-0.737135952223129,-0.675744469411405,0.));
#6398=DIRECTION('center_axis',(0.996231085838176,0.0867388241198139,0.));
#6399=DIRECTION('ref_axis',(-0.0867388241198139,0.996231085838176,0.));
#6400=DIRECTION('',(0.,0.,-1.));
#6401=DIRECTION('',(-0.086738824119814,0.996231085838176,0.));
#6402=DIRECTION('center_axis',(-0.150329243125627,-0.988635988957147,0.));
#6403=DIRECTION('ref_axis',(-0.699071211916667,0.106298827224772,0.707106781186548));
#6404=DIRECTION('center_axis',(-0.150329243125628,-0.988635988957147,0.));
#6405=DIRECTION('ref_axis',(0.,0.,1.));
#6406=DIRECTION('',(-0.150329243125627,-0.988635988957147,0.));
#6407=DIRECTION('center_axis',(0.,-1.,0.));
#6408=DIRECTION('ref_axis',(-1.,0.,-3.01841770426154E-15));
#6409=DIRECTION('',(0.150329243125627,0.988635988957147,0.));
#6410=DIRECTION('center_axis',(-0.988635988957149,0.150329243125613,4.33092927582093E-13));
#6411=DIRECTION('ref_axis',(0.132140145633483,0.869015906973914,-0.476812683701124));
#6412=DIRECTION('center_axis',(0.999431180974324,-0.0337240937056659,2.47665520082973E-12));
#6413=DIRECTION('ref_axis',(0.0332804808459474,0.986284481509136,-0.161664254332608));
#6414=DIRECTION('center_axis',(0.0867388241198142,-0.996231085838176,0.));
#6415=DIRECTION('ref_axis',(0.673043966114589,0.0585999001954436,-0.737277336810124));
#6416=DIRECTION('',(0.0867388241198142,-0.996231085838176,0.));
#6417=DIRECTION('center_axis',(-0.0651259410811261,0.99787705244599,0.));
#6418=DIRECTION('ref_axis',(-0.99787705244599,-0.0651259410811261,0.));
#6419=DIRECTION('center_axis',(-0.994683258330902,-0.0432922213713798,0.0934398157369355));
#6420=DIRECTION('ref_axis',(-0.043860483364409,0.999029515224516,-0.004035555638276));
#6421=DIRECTION('',(-0.0867388241198142,0.996231085838176,0.));
#6422=DIRECTION('center_axis',(0.,-1.,0.));
#6423=DIRECTION('ref_axis',(1.,0.,-2.11990748791099E-14));
#6424=DIRECTION('center_axis',(0.,0.,1.));
#6425=DIRECTION('ref_axis',(1.,0.,0.));
#6426=DIRECTION('',(-1.,0.,0.));
#6427=DIRECTION('',(0.0434824601872596,-0.999054190550274,0.));
#6428=DIRECTION('center_axis',(-0.988635988957147,0.150329243125627,0.));
#6429=DIRECTION('ref_axis',(0.150329243125627,0.988635988957147,0.));
#6430=DIRECTION('center_axis',(0.149997785989194,0.986456170532853,0.0663693288801293));
#6431=DIRECTION('ref_axis',(-0.988635988957147,0.150329243125628,6.93889390390723E-18));
#6432=DIRECTION('center_axis',(0.999431180974325,-0.0337240937056298,-1.47945534486134E-15));
#6433=DIRECTION('ref_axis',(0.0337240937056298,0.999431180974325,0.));
#6434=DIRECTION('center_axis',(-0.0854529206482656,-0.996342209460525,1.77094026713652E-15));
#6435=DIRECTION('ref_axis',(0.996342209460525,-0.0854529206482656,-2.09638092930255E-14));
#6436=DIRECTION('center_axis',(0.,1.,0.));
#6437=DIRECTION('ref_axis',(1.,0.,-2.11990748791099E-14));
#6438=DIRECTION('center_axis',(-0.988635988957147,0.150329243125627,0.));
#6439=DIRECTION('ref_axis',(0.150329243125627,0.988635988957147,0.));
#6440=DIRECTION('center_axis',(-0.988635988957147,0.150329243125627,0.));
#6441=DIRECTION('ref_axis',(-0.150329243125627,-0.988635988957147,0.));
#6442=DIRECTION('',(0.,0.,1.));
#6443=DIRECTION('center_axis',(-0.988635988957147,0.150329243125627,0.));
#6444=DIRECTION('ref_axis',(0.150329243125627,0.988635988957147,0.));
#6445=DIRECTION('',(0.,0.,-1.));
#6446=DIRECTION('center_axis',(0.,1.,0.));
#6447=DIRECTION('ref_axis',(-1.,0.,0.));
#6448=DIRECTION('center_axis',(0.,1.,0.));
#6449=DIRECTION('ref_axis',(1.,0.,-1.01386879856613E-15));
#6450=DIRECTION('center_axis',(-0.264224325521375,-0.964461251581822,0.));
#6451=DIRECTION('ref_axis',(0.,0.,1.));
#6452=DIRECTION('center_axis',(-0.0194137569975013,-0.127674020367141,-0.99162616472264));
#6453=DIRECTION('ref_axis',(-0.149070410806323,-0.98035731403635,0.129141586785463));
#6454=DIRECTION('center_axis',(0.,0.,1.));
#6455=DIRECTION('ref_axis',(-0.150329243125627,-0.988635988957147,0.));
#6456=DIRECTION('center_axis',(0.,1.,0.));
#6457=DIRECTION('ref_axis',(0.274299394965321,0.,0.961644342738863));
#6458=DIRECTION('',(-0.142109383963357,-0.934578319118576,0.326141515945228));
#6459=DIRECTION('center_axis',(0.,0.,1.));
#6460=DIRECTION('ref_axis',(1.,0.,0.));
#6461=DIRECTION('',(0.150329243125627,0.988635988957147,0.));
#6462=DIRECTION('',(-1.,0.,0.));
#6463=DIRECTION('',(0.0434824601872596,-0.999054190550274,0.));
#6464=DIRECTION('',(1.,0.,0.));
#6465=DIRECTION('center_axis',(0.,1.,0.));
#6466=DIRECTION('ref_axis',(-1.,0.,-8.29529017008648E-16));
#6467=DIRECTION('center_axis',(0.,1.,0.));
#6468=DIRECTION('ref_axis',(-1.,0.,0.));
#6469=DIRECTION('',(0.,0.,-1.));
#6470=DIRECTION('center_axis',(0.,1.,0.));
#6471=DIRECTION('ref_axis',(-1.,0.,-1.01386879856613E-15));
#6472=DIRECTION('center_axis',(0.988635988957147,0.150329243125627,0.));
#6473=DIRECTION('ref_axis',(-0.150329243125627,0.988635988957147,0.));
#6474=DIRECTION('center_axis',(0.988635988957147,0.150329243125627,0.));
#6475=DIRECTION('ref_axis',(-0.150329243125627,0.988635988957147,0.));
#6476=DIRECTION('center_axis',(-1.,0.,0.));
#6477=DIRECTION('ref_axis',(0.,-1.,0.));
#6478=DIRECTION('center_axis',(0.994683258330902,0.0432922213713798,-0.0934398157369355));
#6479=DIRECTION('ref_axis',(0.102981627469277,-0.418152721726148,0.902520407368605));
#6480=DIRECTION('center_axis',(-0.994683258330902,0.0432922213713798,-0.0934398157369355));
#6481=DIRECTION('ref_axis',(-0.102981627469277,-0.418152721726148,0.902520407368605));
#6482=DIRECTION('',(-1.,0.,0.));
#6483=DIRECTION('',(-1.,0.,0.));
#6484=DIRECTION('center_axis',(-9.25185853854297E-17,0.,-1.));
#6485=DIRECTION('ref_axis',(1.,1.616548519429E-29,-9.25185853854297E-17));
#6486=DIRECTION('center_axis',(5.92163595887372E-17,-1.43773732865809E-17,
1.));
#6487=DIRECTION('ref_axis',(1.,1.61650063957584E-29,-5.92163595887372E-17));
#6488=DIRECTION('',(-9.25185853854297E-17,0.,-1.));
#6489=DIRECTION('center_axis',(-1.,0.,0.));
#6490=DIRECTION('ref_axis',(0.,0.382683432365088,0.923879532511288));
#6491=DIRECTION('',(1.,0.,0.));
#6492=DIRECTION('center_axis',(1.,0.,0.));
#6493=DIRECTION('ref_axis',(0.,0.707106781186549,0.707106781186546));
#6494=DIRECTION('center_axis',(0.0434824601872596,0.999054190550274,0.));
#6495=DIRECTION('ref_axis',(-0.672624014161492,0.0292750355220096,-0.739405104031928));
#6496=DIRECTION('',(0.0434824601872596,0.999054190550274,0.));
#6497=DIRECTION('center_axis',(-0.0434824601872606,-0.999054190550274,-7.72403655475895E-17));
#6498=DIRECTION('ref_axis',(-0.994683258330901,0.0432922213713808,-0.0934398157369352));
#6499=DIRECTION('center_axis',(-0.994683258330902,0.0432922213713798,-0.0934398157369355));
#6500=DIRECTION('ref_axis',(0.0438476171339002,0.999030625887624,-0.00389807776487978));
#6501=DIRECTION('center_axis',(0.994683258330902,-0.0432922213713798,0.0934398157369355));
#6502=DIRECTION('ref_axis',(0.102981627469277,0.41815272172615,-0.902520407368605));
#6503=DIRECTION('',(-0.0985995644530065,-0.138494936994726,0.98544268139578));
#6504=DIRECTION('center_axis',(0.994683258330902,-0.0432922213713798,0.0934398157369355));
#6505=DIRECTION('ref_axis',(0.102981627469277,0.418152721726149,-0.902520407368605));
#6506=DIRECTION('center_axis',(0.00714608675084014,0.0469960361350732,0.998869514016591));
#6507=DIRECTION('ref_axis',(-0.150159298023377,-0.987518349828937,0.0475362384740278));
#6508=DIRECTION('center_axis',(-0.150329243125631,-0.988635988957146,0.));
#6509=DIRECTION('ref_axis',(0.,0.,1.));
#6510=DIRECTION('center_axis',(0.,0.,-1.));
#6511=DIRECTION('ref_axis',(-0.150329243125627,-0.988635988957147,0.));
#6512=DIRECTION('center_axis',(-0.150329243125627,-0.988635988957147,0.));
#6513=DIRECTION('ref_axis',(-0.699071211916666,0.106298827224772,0.707106781186549));
#6514=DIRECTION('center_axis',(0.150329243125631,0.988635988957146,-6.67595947970195E-16));
#6515=DIRECTION('ref_axis',(-0.988635988957146,0.150329243125631,0.));
#6516=DIRECTION('',(-0.150329243125627,-0.988635988957147,0.));
#6517=DIRECTION('center_axis',(0.133968444438606,0.881039662029826,0.453675621810419));
#6518=DIRECTION('ref_axis',(-0.988635988957145,0.15032924312564,-4.35068647774983E-15));
#6519=DIRECTION('center_axis',(-0.987431351312154,0.15804849396895,-9.14832829337541E-18));
#6520=DIRECTION('ref_axis',(0.15804849396895,0.987431351312154,1.1539673910142E-15));
#6521=DIRECTION('center_axis',(0.56073457440875,0.6993072409595,0.443335222832847));
#6522=DIRECTION('ref_axis',(-0.813522381064177,0.564980122729787,0.137763552610649));
#6523=DIRECTION('center_axis',(-0.106904523755365,-0.703054557911631,0.703054557911631));
#6524=DIRECTION('ref_axis',(0.664638036802366,-0.576435211997094,-0.475372197762303));
#6525=DIRECTION('',(0.106904523755365,0.703054557911631,-0.703054557911631));
#6526=DIRECTION('center_axis',(-0.150329243125627,0.988635988957147,0.));
#6527=DIRECTION('ref_axis',(0.699071211916669,0.106298827224772,0.707106781186546));
#6528=DIRECTION('center_axis',(-0.150329243125631,0.988635988957146,6.67595947970195E-16));
#6529=DIRECTION('ref_axis',(4.44089209850063E-15,-1.97215226305253E-31,
1.));
#6530=DIRECTION('',(0.150329243125627,-0.988635988957147,0.));
#6531=DIRECTION('center_axis',(-0.133968444438599,0.881039662029823,0.453675621810428));
#6532=DIRECTION('ref_axis',(7.63278329429795E-17,-0.457802436909067,0.889053951546317));
#6533=DIRECTION('center_axis',(-0.988635988957147,-0.150329243125627,0.));
#6534=DIRECTION('ref_axis',(-0.150329243125627,0.988635988957147,1.15248675980895E-15));
#6535=DIRECTION('center_axis',(0.987431351312154,0.15804849396895,2.21645149909464E-16));
#6536=DIRECTION('ref_axis',(-0.15804849396895,0.987431351312154,1.15396739101419E-15));
#6537=DIRECTION('center_axis',(-0.560734574408744,0.699307240959502,0.443335222832851));
#6538=DIRECTION('ref_axis',(9.51669298920877E-12,-0.535431849213237,0.844578436172801));
#6539=DIRECTION('center_axis',(1.,0.,0.));
#6540=DIRECTION('ref_axis',(0.,0.342020143325669,-0.939692620785908));
#6541=DIRECTION('center_axis',(0.994282778727601,0.075178507903382,-0.0758284107385948));
#6542=DIRECTION('ref_axis',(-0.106779005079275,0.700031768260761,-0.706083399819024));
#6543=DIRECTION('center_axis',(0.995982487380956,0.0376449831968096,-0.0812510927345334));
#6544=DIRECTION('ref_axis',(-0.0895482262830695,0.418698901787868,-0.903699255732342));
#6545=DIRECTION('',(-1.,0.,0.));
#6546=DIRECTION('center_axis',(-0.992440125786174,-0.0864087567068713,0.0871557427476582));
#6547=DIRECTION('ref_axis',(-0.122729771162189,0.698734435525572,-0.704774851907499));
#6548=DIRECTION('center_axis',(0.,0.,1.));
#6549=DIRECTION('ref_axis',(1.,0.,0.));
#6550=DIRECTION('',(-0.0434824601872596,0.999054190550274,0.));
#6551=DIRECTION('center_axis',(0.,0.707106781186548,0.707106781186548));
#6552=DIRECTION('ref_axis',(1.,0.,0.));
#6553=DIRECTION('center_axis',(-0.988635988957147,-0.150329243125627,0.));
#6554=DIRECTION('ref_axis',(0.150329243125627,-0.988635988957147,0.));
#6555=DIRECTION('',(0.106748398213371,0.257340169957448,-0.960406589109608));
#6556=DIRECTION('center_axis',(-0.992440125786174,0.0864087567068713,-0.0871557427476582));
#6557=DIRECTION('ref_axis',(0.0867388241198142,0.996231085838176,-4.33680868994202E-18));
#6558=DIRECTION('',(-0.0867388241198142,-0.996231085838176,0.));
#6559=DIRECTION('',(0.0868272602345323,-0.00755978664122089,-0.996194698091746));
#6560=DIRECTION('center_axis',(0.992440125786174,-0.0864087567068713,0.0871557427476582));
#6561=DIRECTION('ref_axis',(0.122729771162189,0.698734435525572,-0.704774851907499));
#6562=DIRECTION('center_axis',(0.992440125786174,0.0864087567068713,-0.0871557427476582));
#6563=DIRECTION('ref_axis',(0.0867388241198142,-0.996231085838176,4.33680868994202E-18));
#6564=DIRECTION('',(0.0868272602345323,0.00755978664122088,0.996194698091746));
#6565=DIRECTION('',(-0.0867388241198142,0.996231085838176,0.));
#6566=DIRECTION('center_axis',(-0.992440125786174,-0.0864087567068713,0.0871557427476582));
#6567=DIRECTION('ref_axis',(-0.122729771162189,0.698734435525569,-0.704774851907502));
#6568=DIRECTION('',(-0.0985995644530065,0.138494936994726,-0.98544268139578));
#6569=DIRECTION('center_axis',(0.994683258330902,0.0432922213713798,-0.0934398157369355));
#6570=DIRECTION('ref_axis',(0.0438476171339002,-0.999030625887624,0.00389807776487978));
#6571=DIRECTION('',(0.0434824601872596,-0.999054190550274,0.));
#6572=DIRECTION('center_axis',(-0.994683258330902,-0.0432922213713798,0.0934398157369355));
#6573=DIRECTION('ref_axis',(-0.102981627469277,0.418152721726149,-0.902520407368605));
#6574=DIRECTION('center_axis',(0.994683258330902,0.0432922213713798,-0.0934398157369355));
#6575=DIRECTION('ref_axis',(-0.102981627469277,0.41815272172615,-0.902520407368605));
#6576=DIRECTION('',(-0.0434824601872596,0.999054190550274,0.));
#6577=DIRECTION('center_axis',(-0.994683258330902,-0.0432922213713798,0.0934398157369355));
#6578=DIRECTION('ref_axis',(-0.102981627469277,0.41815272172615,-0.902520407368605));
#6579=DIRECTION('center_axis',(0.0434824601872596,-0.999054190550274,0.));
#6580=DIRECTION('ref_axis',(0.672624014161491,0.0292750355220095,-0.739405104031929));
#6581=DIRECTION('center_axis',(-0.0434824601872605,0.999054190550274,0.));
#6582=DIRECTION('ref_axis',(0.994683258330901,0.0432922213713807,-0.0934398157369358));
#6583=DIRECTION('center_axis',(-0.994282778727601,0.075178507903382,-0.0758284107385948));
#6584=DIRECTION('ref_axis',(0.106779005079275,0.700031768260761,-0.706083399819024));
#6585=DIRECTION('center_axis',(-0.995982487380956,0.0376449831968097,-0.0812510927345337));
#6586=DIRECTION('ref_axis',(0.0895482262830698,0.418698901787868,-0.903699255732342));
#6587=DIRECTION('center_axis',(-0.0434824601872596,0.999054190550274,0.));
#6588=DIRECTION('ref_axis',(0.672624014161491,0.0292750355220095,-0.739405104031929));
#6589=DIRECTION('center_axis',(0.,-1.,0.));
#6590=DIRECTION('ref_axis',(1.,0.,3.76194497362704E-14));
#6591=DIRECTION('center_axis',(0.,1.,0.));
#6592=DIRECTION('ref_axis',(1.,0.,3.76194497362704E-14));
#6593=DIRECTION('',(-0.0434824601872596,0.999054190550274,0.));
#6594=DIRECTION('center_axis',(0.,-1.,0.));
#6595=DIRECTION('ref_axis',(-1.,0.,0.));
#6596=DIRECTION('',(0.0935275022328025,0.,0.995616696488208));
#6597=DIRECTION('',(1.,0.,0.));
#6598=DIRECTION('',(0.,0.,1.));
#6599=DIRECTION('',(1.,0.,0.));
#6600=DIRECTION('',(0.,0.,1.));
#6601=DIRECTION('',(-1.,0.,0.));
#6602=DIRECTION('center_axis',(0.,-1.,0.));
#6603=DIRECTION('ref_axis',(0.150329243125629,0.,-0.988635988957147));
#6604=DIRECTION('',(0.,0.,1.));
#6605=DIRECTION('center_axis',(0.994683258330902,0.0432922213713798,-0.0934398157369355));
#6606=DIRECTION('ref_axis',(0.0438476171339002,-0.999030625887624,0.00389807776487978));
#6607=DIRECTION('center_axis',(0.994683258330902,0.0432922213713798,-0.0934398157369355));
#6608=DIRECTION('ref_axis',(-0.102981627469277,0.41815272172615,-0.902520407368605));
#6609=DIRECTION('',(0.0434824601872596,-0.999054190550274,0.));
#6610=DIRECTION('center_axis',(-0.0434824601872596,-0.999054190550274,0.));
#6611=DIRECTION('ref_axis',(-0.672624014161491,0.0292750355220095,-0.739405104031929));
#6612=DIRECTION('center_axis',(0.0867388241198142,-0.996231085838176,0.));
#6613=DIRECTION('ref_axis',(0.673043966114589,0.0585999001954436,-0.737277336810124));
#6614=DIRECTION('center_axis',(0.,1.,0.));
#6615=DIRECTION('ref_axis',(1.,0.,-2.11990748791099E-14));
#6616=DIRECTION('',(-0.0867388241198142,0.996231085838176,0.));
#6617=DIRECTION('center_axis',(-0.0434824601872596,0.999054190550274,0.));
#6618=DIRECTION('ref_axis',(0.672624014161491,0.0292750355220095,-0.739405104031929));
#6619=DIRECTION('center_axis',(0.,1.,0.));
#6620=DIRECTION('ref_axis',(1.,0.,3.76194497362704E-14));
#6621=DIRECTION('',(-0.0434824601872596,0.999054190550274,0.));
#6622=DIRECTION('center_axis',(0.,-1.,0.));
#6623=DIRECTION('ref_axis',(-1.,0.,0.));
#6624=DIRECTION('',(-0.0874829492110121,0.,-0.99616601708618));
#6625=DIRECTION('',(1.,0.,0.));
#6626=DIRECTION('',(0.,0.,1.));
#6627=DIRECTION('',(-1.,0.,0.));
#6628=DIRECTION('',(0.,0.,1.));
#6629=DIRECTION('',(-1.,0.,0.));
#6630=DIRECTION('',(0.,0.,1.));
#6631=DIRECTION('center_axis',(0.992440125786174,0.0864087567068713,-0.0871557427476582));
#6632=DIRECTION('ref_axis',(0.0867388241198142,-0.996231085838176,4.33680868994202E-18));
#6633=DIRECTION('',(0.0874829492110121,0.,0.99616601708618));
#6634=DIRECTION('',(-0.0867388241198142,0.996231085838176,0.));
#6635=DIRECTION('',(0.0985995644530065,-0.138494936994726,0.98544268139578));
#6636=DIRECTION('center_axis',(0.992440125786174,0.0864087567068713,-0.0871557427476582));
#6637=DIRECTION('ref_axis',(-0.122729771162189,0.698734435525569,-0.704774851907502));
#6638=DIRECTION('',(-0.0868272602345323,-0.00755978664122089,-0.996194698091746));
#6639=DIRECTION('',(0.0867388241198142,-0.996231085838176,0.));
#6640=DIRECTION('center_axis',(0.994683258330902,0.0432922213713798,-0.0934398157369355));
#6641=DIRECTION('ref_axis',(0.0438476171339002,-0.999030625887624,0.00389807776487978));
#6642=DIRECTION('',(-0.0935275022328025,0.,-0.995616696488208));
#6643=DIRECTION('',(0.0434824601872596,-0.999054190550274,0.));
#6644=DIRECTION('center_axis',(-0.994683258330902,-0.0432922213713798,0.0934398157369355));
#6645=DIRECTION('ref_axis',(-0.102981627469277,0.41815272172615,-0.902520407368605));
#6646=DIRECTION('center_axis',(0.0434824601872653,-0.999054190550274,0.));
#6647=DIRECTION('ref_axis',(0.999054190550274,0.0434824601872653,0.));
#6648=DIRECTION('',(0.999054190550274,0.0434824601872653,0.));
#6649=DIRECTION('',(0.0871545730569189,0.00379328297596974,0.996187578420616));
#6650=DIRECTION('',(-0.994683258330902,-0.0432922213713782,0.0934398157369354));
#6651=DIRECTION('center_axis',(0.,0.,1.));
#6652=DIRECTION('ref_axis',(-1.,0.,0.));
#6653=DIRECTION('',(1.,0.,0.));
#6654=DIRECTION('',(0.0867388241198142,-0.996231085838176,0.));
#6655=DIRECTION('center_axis',(0.992440125786174,0.0864087567068713,-0.0871557427476582));
#6656=DIRECTION('ref_axis',(0.0867388241198142,-0.996231085838176,4.33680868994202E-18));
#6657=DIRECTION('center_axis',(-0.992440125786174,-0.0864087567068713,0.0871557427476582));
#6658=DIRECTION('ref_axis',(-0.122729771162189,0.698734435525569,-0.704774851907502));
#6659=DIRECTION('',(0.0867388241198142,-0.996231085838176,0.));
#6660=DIRECTION('',(-0.0874829492110121,0.,-0.99616601708618));
#6661=DIRECTION('center_axis',(0.992440125786174,0.0864087567068713,-0.0871557427476582));
#6662=DIRECTION('ref_axis',(-0.117698336300479,0.468839637582865,-0.875406474652357));
#6663=DIRECTION('center_axis',(1.,0.,0.));
#6664=DIRECTION('ref_axis',(0.,1.,6.91572441586251E-32));
#6665=DIRECTION('',(1.,0.,0.));
#6666=DIRECTION('center_axis',(-0.992440125786174,-0.0864087567068713,0.0871557427476582));
#6667=DIRECTION('ref_axis',(-0.122729771162189,0.698734435525569,-0.704774851907502));
#6668=DIRECTION('',(1.,0.,0.));
#6669=DIRECTION('center_axis',(0.992440125786174,0.0864087567068713,-0.0871557427476582));
#6670=DIRECTION('ref_axis',(-0.122729771162189,0.698734435525569,-0.704774851907502));
#6671=DIRECTION('',(-1.,0.,0.));
#6672=DIRECTION('center_axis',(0.992440125786174,0.0864087567068713,-0.0871557427476582));
#6673=DIRECTION('ref_axis',(0.0867388241198142,-0.996231085838176,4.33680868994202E-18));
#6674=DIRECTION('',(0.0874829492110121,0.,0.99616601708618));
#6675=DIRECTION('',(0.0867388241198142,-0.996231085838176,0.));
#6676=DIRECTION('',(0.0867388241198142,-0.996231085838176,0.));
#6677=DIRECTION('center_axis',(-0.992440125786174,-0.0864087567068713,0.0871557427476582));
#6678=DIRECTION('ref_axis',(-0.117698336300479,0.468839637582865,-0.875406474652357));
#6679=DIRECTION('',(0.0874829492110121,0.,0.99616601708618));
#6680=DIRECTION('center_axis',(0.,0.,1.));
#6681=DIRECTION('ref_axis',(-0.999070785220474,-0.0430994909360461,0.));
#6682=DIRECTION('center_axis',(0.,1.,0.));
#6683=DIRECTION('ref_axis',(-0.995633178820805,0.,0.0933518785626701));
#6684=DIRECTION('center_axis',(0.,0.,-1.));
#6685=DIRECTION('ref_axis',(1.,0.,0.));
#6686=DIRECTION('center_axis',(0.,0.,-1.));
#6687=DIRECTION('ref_axis',(0.737135952223129,-0.675744469411405,0.));
#6688=DIRECTION('',(1.,0.,0.));
#6689=DIRECTION('center_axis',(0.,0.,-1.));
#6690=DIRECTION('ref_axis',(-0.737135952223129,-0.675744469411405,0.));
#6691=DIRECTION('',(-0.0867388241198132,-0.996231085838176,0.));
#6692=DIRECTION('center_axis',(0.,0.,-1.));
#6693=DIRECTION('ref_axis',(1.,0.,0.));
#6694=DIRECTION('center_axis',(0.,0.,-1.));
#6695=DIRECTION('ref_axis',(1.,0.,0.));
#6696=DIRECTION('center_axis',(0.,1.,0.));
#6697=DIRECTION('ref_axis',(1.,0.,0.));
#6698=DIRECTION('',(0.,0.,-1.));
#6699=DIRECTION('',(0.,0.,-1.));
#6700=DIRECTION('',(1.,0.,0.));
#6701=DIRECTION('center_axis',(-1.,8.50186727753291E-16,0.));
#6702=DIRECTION('ref_axis',(-8.50186727753291E-16,-1.,-3.59203892475767E-17));
#6703=DIRECTION('',(-8.50186727753291E-16,-1.,0.));
#6704=DIRECTION('',(0.,0.,1.));
#6705=DIRECTION('',(8.50186727753291E-16,1.,-1.24900090270329E-16));
#6706=DIRECTION('center_axis',(0.,1.,0.));
#6707=DIRECTION('ref_axis',(1.,0.,0.));
#6708=DIRECTION('',(0.,0.,-1.));
#6709=DIRECTION('',(1.,0.,0.));
#6710=DIRECTION('',(0.,0.,-1.));
#6711=DIRECTION('',(-1.,0.,0.));
#6712=DIRECTION('',(-1.,0.,0.));
#6713=DIRECTION('center_axis',(-0.992440125786174,0.0864087567068713,-0.0871557427476582));
#6714=DIRECTION('ref_axis',(0.0867388241198142,0.996231085838176,-4.33680868994202E-18));
#6715=DIRECTION('',(-0.0874829492110121,0.,0.99616601708618));
#6716=DIRECTION('',(0.0867388241198142,0.996231085838176,0.));
#6717=DIRECTION('center_axis',(0.,0.,1.));
#6718=DIRECTION('ref_axis',(-1.,0.,0.));
#6719=DIRECTION('',(0.0867388241198142,0.996231085838176,0.));
#6720=DIRECTION('center_axis',(0.,0.,1.));
#6721=DIRECTION('ref_axis',(0.999070785220474,-0.0430994909360461,0.));
#6722=DIRECTION('center_axis',(0.992440125786174,-0.0864087567068713,0.0871557427476582));
#6723=DIRECTION('ref_axis',(0.117698336300479,0.468839637582865,-0.875406474652357));
#6724=DIRECTION('center_axis',(0.,0.,1.));
#6725=DIRECTION('ref_axis',(-1.,0.,0.));
#6726=DIRECTION('center_axis',(-0.992440125786174,0.0864087567068713,-0.0871557427476582));
#6727=DIRECTION('ref_axis',(0.0867388241198142,0.996231085838176,-4.33680868994202E-18));
#6728=DIRECTION('',(0.0867388241198142,0.996231085838176,0.));
#6729=DIRECTION('',(0.0874829492110121,0.,-0.99616601708618));
#6730=DIRECTION('center_axis',(0.,1.,0.));
#6731=DIRECTION('ref_axis',(1.,0.,0.));
#6732=DIRECTION('',(-1.,0.,0.));
#6733=DIRECTION('',(0.,0.,-1.));
#6734=DIRECTION('',(1.,0.,0.));
#6735=DIRECTION('',(0.,0.,1.));
#6736=DIRECTION('center_axis',(-0.106904523755366,-0.703054557911634,0.703054557911629));
#6737=DIRECTION('ref_axis',(0.664638036802366,-0.576435211997093,-0.475372197762305));
#6738=DIRECTION('center_axis',(0.,0.,1.));
#6739=DIRECTION('ref_axis',(-0.150329243125628,-0.988635988957147,0.));
#6740=DIRECTION('',(-0.106904523755365,-0.703054557911634,0.703054557911628));
#6741=DIRECTION('center_axis',(-0.988635988957147,0.150329243125627,0.));
#6742=DIRECTION('ref_axis',(-0.150329243125627,-0.988635988957147,0.));
#6743=DIRECTION('center_axis',(0.,0.707106781186545,0.70710678118655));
#6744=DIRECTION('ref_axis',(0.,-0.70710678118655,0.707106781186545));
#6745=DIRECTION('center_axis',(0.,0.707106781186545,0.70710678118655));
#6746=DIRECTION('ref_axis',(6.54205191118351E-17,-0.70710678118655,0.707106781186545));
#6747=DIRECTION('',(-1.,0.,0.));
#6748=DIRECTION('',(-1.52686631035892E-16,-0.70710678118655,0.707106781186545));
#6749=DIRECTION('center_axis',(0.,0.707106781186545,0.70710678118655));
#6750=DIRECTION('ref_axis',(0.,0.70710678118655,-0.707106781186545));
#6751=DIRECTION('',(0.,0.70710678118655,-0.707106781186545));
#6752=DIRECTION('',(1.,0.,0.));
#6753=DIRECTION('',(0.,-0.70710678118655,0.707106781186545));
#6754=DIRECTION('center_axis',(0.,0.707106781186545,0.70710678118655));
#6755=DIRECTION('ref_axis',(0.,-0.70710678118655,0.707106781186545));
#6756=DIRECTION('center_axis',(0.,0.707106781186545,0.70710678118655));
#6757=DIRECTION('ref_axis',(0.,-0.70710678118655,0.707106781186545));
#6758=DIRECTION('center_axis',(0.,-0.707106781186545,-0.70710678118655));
#6759=DIRECTION('ref_axis',(-4.90653893338682E-17,0.70710678118655,-0.707106781186545));
#6760=DIRECTION('',(0.,0.70710678118655,-0.707106781186545));
#6761=DIRECTION('center_axis',(1.,0.,0.));
#6762=DIRECTION('ref_axis',(0.,0.,1.));
#6763=DIRECTION('',(0.,0.,1.));
#6764=DIRECTION('',(0.,-1.,0.));
#6765=DIRECTION('',(0.,0.,1.));
#6766=DIRECTION('center_axis',(-1.,2.15931504404015E-16,0.));
#6767=DIRECTION('ref_axis',(-2.15931504404015E-16,-1.,0.));
#6768=DIRECTION('',(0.,0.,1.));
#6769=DIRECTION('',(2.15931504404015E-16,1.,-1.24900090270329E-16));
#6770=DIRECTION('',(0.,0.,1.));
#6771=DIRECTION('center_axis',(-9.25185853854297E-17,0.,-1.));
#6772=DIRECTION('ref_axis',(1.,1.616548519429E-29,-9.25185853854297E-17));
#6773=DIRECTION('',(-9.25185853854297E-17,0.,-1.));
#6774=DIRECTION('center_axis',(0.,0.,1.));
#6775=DIRECTION('ref_axis',(-0.752354790557932,0.658758126420108,0.));
#6776=DIRECTION('',(0.,0.,1.));
#6777=DIRECTION('center_axis',(1.23131031645478E-16,1.24900090270329E-16,
1.));
#6778=DIRECTION('ref_axis',(-0.752354790557932,0.658758126420108,1.03592720686314E-17));
#6779=DIRECTION('',(0.,0.,-1.));
#6780=DIRECTION('center_axis',(0.,0.,1.));
#6781=DIRECTION('ref_axis',(-1.,0.,0.));
#6782=DIRECTION('center_axis',(0.,0.,-1.));
#6783=DIRECTION('ref_axis',(-1.,0.,0.));
#6784=DIRECTION('center_axis',(-1.23131031645478E-16,-1.24900090270329E-16,
-1.));
#6785=DIRECTION('ref_axis',(-1.,1.53790769675989E-32,1.23131031645478E-16));
#6786=DIRECTION('center_axis',(0.,0.,1.));
#6787=DIRECTION('ref_axis',(1.,0.,0.));
#6788=DIRECTION('center_axis',(1.,0.,0.));
#6789=DIRECTION('ref_axis',(0.,1.,0.));
#6790=DIRECTION('',(0.,-1.,1.24900090270329E-16));
#6791=DIRECTION('center_axis',(0.,0.,1.));
#6792=DIRECTION('ref_axis',(-0.737135952223129,-0.675744469411405,0.));
#6793=DIRECTION('',(0.,0.,-1.));
#6794=DIRECTION('',(0.,0.,1.));
#6795=DIRECTION('center_axis',(-0.996231085838177,0.0867388241198132,0.));
#6796=DIRECTION('ref_axis',(-0.0867388241198132,-0.996231085838176,0.));
#6797=DIRECTION('center_axis',(0.,0.,1.));
#6798=DIRECTION('ref_axis',(0.737135952223129,-0.675744469411405,0.));
#6799=DIRECTION('',(0.,0.,1.));
#6800=DIRECTION('center_axis',(0.,-1.,0.));
#6801=DIRECTION('ref_axis',(1.,0.,0.));
#6802=DIRECTION('center_axis',(1.,0.,0.));
#6803=DIRECTION('ref_axis',(0.,0.342020143325669,-0.939692620785908));
#6804=DIRECTION('center_axis',(-1.,0.,0.));
#6805=DIRECTION('ref_axis',(0.,0.499999999999999,-0.866025403784439));
#6806=DIRECTION('center_axis',(0.992440125786174,0.0864087567068713,-0.0871557427476582));
#6807=DIRECTION('ref_axis',(-0.122729771162189,0.698734435525567,-0.704774851907504));
#6808=DIRECTION('center_axis',(-1.,0.,0.));
#6809=DIRECTION('ref_axis',(0.,0.499999999999999,-0.866025403784439));
#6810=DIRECTION('center_axis',(-0.992440125786174,0.0864087567068713,-0.0871557427476582));
#6811=DIRECTION('ref_axis',(0.122729771162189,0.698734435525567,-0.704774851907504));
#6812=DIRECTION('center_axis',(0.992440125786174,0.0864087567068713,-0.0871557427476582));
#6813=DIRECTION('ref_axis',(0.0867388241198142,-0.996231085838176,4.33680868994202E-18));
#6814=DIRECTION('',(0.0985995644530065,-0.138494936994726,0.98544268139578));
#6815=DIRECTION('center_axis',(-0.992440125786174,0.0864087567068713,-0.0871557427476582));
#6816=DIRECTION('ref_axis',(0.0867388241198142,0.996231085838176,-4.33680868994202E-18));
#6817=DIRECTION('',(0.0985995644530065,0.138494936994726,-0.98544268139578));
#6818=DIRECTION('center_axis',(-0.996231085838176,0.0867388241198179,0.));
#6819=DIRECTION('ref_axis',(0.0867388241198179,0.996231085838176,-6.91274180840542E-17));
#6820=DIRECTION('',(0.,0.,-1.));
#6821=DIRECTION('',(0.0867388241198179,0.996231085838176,-6.91274180840542E-17));
#6822=DIRECTION('center_axis',(0.,-1.,0.));
#6823=DIRECTION('ref_axis',(-1.,0.,1.55917299100562E-18));
#6824=DIRECTION('',(0.,0.,-1.));
#6825=DIRECTION('',(-1.,0.,1.55917299100562E-18));
#6826=DIRECTION('center_axis',(0.996231085838176,0.0867388241198179,0.));
#6827=DIRECTION('ref_axis',(0.0867388241198179,-0.996231085838176,-6.91274180840542E-17));
#6828=DIRECTION('',(0.0867388241198179,-0.996231085838176,-6.91274180840542E-17));
#6829=DIRECTION('center_axis',(0.,0.,-1.));
#6830=DIRECTION('ref_axis',(-1.,0.,0.));
#6831=DIRECTION('center_axis',(0.0985995644530065,-0.138494936994726,0.98544268139578));
#6832=DIRECTION('ref_axis',(0.729041242863293,-0.663970247774232,-0.166259965941806));
#6833=DIRECTION('',(-0.0985995644530065,0.138494936994726,-0.98544268139578));
#6834=DIRECTION('center_axis',(0.,-0.99026806874157,-0.139173100960065));
#6835=DIRECTION('ref_axis',(-1.,0.,0.));
#6836=DIRECTION('',(-0.0985995644530065,-0.138494936994726,0.98544268139578));
#6837=DIRECTION('center_axis',(0.0985995644530065,0.138494936994726,-0.98544268139578));
#6838=DIRECTION('ref_axis',(-0.7290412428633,-0.663970247774224,-0.166259965941805));
#6839=DIRECTION('center_axis',(0.,1.,0.));
#6840=DIRECTION('ref_axis',(0.,0.,1.));
#6841=DIRECTION('',(1.,0.,0.));
#6842=DIRECTION('center_axis',(0.,1.,0.));
#6843=DIRECTION('ref_axis',(0.,0.,1.));
#6844=DIRECTION('',(1.,0.,0.));
#6845=DIRECTION('center_axis',(0.,0.,1.));
#6846=DIRECTION('ref_axis',(1.,0.,0.));
#6847=DIRECTION('center_axis',(0.,0.,1.));
#6848=DIRECTION('ref_axis',(1.,0.,0.));
#6849=DIRECTION('center_axis',(0.,0.,1.));
#6850=DIRECTION('ref_axis',(1.,0.,0.));
#6851=DIRECTION('',(0.,0.,1.));
#6852=DIRECTION('center_axis',(0.,0.,1.));
#6853=DIRECTION('ref_axis',(1.,0.,0.));
#6854=DIRECTION('center_axis',(0.,0.,1.));
#6855=DIRECTION('ref_axis',(1.,0.,0.));
#6856=DIRECTION('center_axis',(0.,0.,-1.));
#6857=DIRECTION('ref_axis',(1.,0.,0.));
#6858=DIRECTION('center_axis',(0.,0.,1.));
#6859=DIRECTION('ref_axis',(1.,0.,0.));
#6860=DIRECTION('',(0.,0.,1.));
#6861=DIRECTION('center_axis',(0.,0.,1.));
#6862=DIRECTION('ref_axis',(1.,0.,0.));
#6863=DIRECTION('center_axis',(0.,0.,1.));
#6864=DIRECTION('ref_axis',(1.,0.,0.));
#6865=DIRECTION('center_axis',(0.,0.,-1.));
#6866=DIRECTION('ref_axis',(1.,0.,0.));
#6867=DIRECTION('center_axis',(-0.988635988957147,0.150329243125627,0.));
#6868=DIRECTION('ref_axis',(-0.150329243125627,-0.988635988957147,0.));
#6869=DIRECTION('',(0.150329243125627,0.988635988957147,0.));
#6870=DIRECTION('center_axis',(0.,0.,1.));
#6871=DIRECTION('ref_axis',(-1.,0.,0.));
#6872=DIRECTION('center_axis',(0.,0.,-1.));
#6873=DIRECTION('ref_axis',(-1.,0.,0.));
#6874=DIRECTION('',(0.,0.,1.));
#6875=DIRECTION('center_axis',(-1.23131031645478E-16,-1.24900090270329E-16,
-1.));
#6876=DIRECTION('ref_axis',(-1.,1.53790769675989E-32,1.23131031645478E-16));
#6877=DIRECTION('center_axis',(0.,0.,1.));
#6878=DIRECTION('ref_axis',(1.,0.,0.));
#6879=DIRECTION('',(-3.17206578464331E-16,-1.,0.));
#6880=DIRECTION('center_axis',(1.,-3.17206578464331E-16,0.));
#6881=DIRECTION('ref_axis',(3.17206578464331E-16,1.,0.));
#6882=DIRECTION('',(-3.17206578464331E-16,-1.,1.24900090270329E-16));
#6883=DIRECTION('center_axis',(0.,0.,1.));
#6884=DIRECTION('ref_axis',(1.,0.,0.));
#6885=DIRECTION('center_axis',(0.,0.,1.));
#6886=DIRECTION('ref_axis',(1.,1.616548519429E-29,0.));
#6887=DIRECTION('center_axis',(0.,0.,1.));
#6888=DIRECTION('ref_axis',(1.,0.,0.));
#6889=DIRECTION('center_axis',(0.,0.,1.));
#6890=DIRECTION('ref_axis',(1.,1.616548519429E-29,0.));
#6891=DIRECTION('center_axis',(0.,0.,-1.));
#6892=DIRECTION('ref_axis',(1.,0.,0.));
#6893=DIRECTION('center_axis',(0.,0.,-1.));
#6894=DIRECTION('ref_axis',(1.,0.,0.));
#6895=DIRECTION('',(0.,0.,-1.));
#6896=DIRECTION('center_axis',(0.,0.,-1.));
#6897=DIRECTION('ref_axis',(1.,1.616548519429E-29,0.));
#6898=DIRECTION('center_axis',(5.92163595887372E-17,-1.43773732865809E-17,
1.));
#6899=DIRECTION('ref_axis',(1.,1.61663365699965E-29,-5.92163595887372E-17));
#6900=DIRECTION('',(0.,0.,-1.));
#6901=DIRECTION('center_axis',(0.,0.,-1.));
#6902=DIRECTION('ref_axis',(1.,1.616548519429E-29,0.));
#6903=DIRECTION('center_axis',(5.92163595887372E-17,-1.43773732865809E-17,
1.));
#6904=DIRECTION('ref_axis',(1.,1.61663365699965E-29,-5.92163595887372E-17));
#6905=DIRECTION('',(0.,0.,-1.));
#6906=DIRECTION('center_axis',(0.,0.,1.));
#6907=DIRECTION('ref_axis',(1.,0.,0.));
#6908=DIRECTION('center_axis',(0.,0.,1.));
#6909=DIRECTION('ref_axis',(1.,0.,0.));
#6910=DIRECTION('center_axis',(0.,0.,-1.));
#6911=DIRECTION('ref_axis',(1.,0.,0.));
#6912=DIRECTION('center_axis',(0.,0.,-1.));
#6913=DIRECTION('ref_axis',(1.,0.,0.));
#6914=DIRECTION('',(0.,0.,-1.));
#6915=DIRECTION('center_axis',(0.,0.,-1.));
#6916=DIRECTION('ref_axis',(1.,0.,0.));
#6917=DIRECTION('center_axis',(0.,0.,-1.));
#6918=DIRECTION('ref_axis',(1.,0.,0.));
#6919=DIRECTION('',(0.,0.,-1.));
#6920=DIRECTION('center_axis',(-5.92163595887372E-17,1.43773732865809E-17,
-1.));
#6921=DIRECTION('ref_axis',(1.,1.616548519429E-29,-5.92163595887372E-17));
#6922=DIRECTION('center_axis',(-5.92163595887372E-17,1.43773732865809E-17,
-1.));
#6923=DIRECTION('ref_axis',(1.,1.61654851942901E-29,-5.92163595887372E-17));
#6924=DIRECTION('center_axis',(-5.92163595887372E-17,1.43773732865809E-17,
-1.));
#6925=DIRECTION('ref_axis',(1.,1.616548519429E-29,-5.92163595887372E-17));
#6926=DIRECTION('center_axis',(-5.92163595887372E-17,1.43773732865809E-17,
-1.));
#6927=DIRECTION('ref_axis',(1.,1.61654851942901E-29,-5.92163595887372E-17));
#6928=DIRECTION('center_axis',(0.,0.,1.));
#6929=DIRECTION('ref_axis',(1.,0.,0.));
#6930=DIRECTION('center_axis',(0.,0.,-1.));
#6931=DIRECTION('ref_axis',(1.,1.616548519429E-29,0.));
#6932=DIRECTION('',(0.,1.,0.));
#6933=DIRECTION('',(-1.,2.46519032881566E-32,0.));
#6934=DIRECTION('',(1.,-2.46519032881566E-32,0.));
#6935=DIRECTION('center_axis',(-1.,-2.31296463463575E-16,0.));
#6936=DIRECTION('ref_axis',(2.31296463463575E-16,-1.,-4.71266544307037E-16));
#6937=DIRECTION('',(0.,0.,1.));
#6938=DIRECTION('',(2.31296463463575E-16,-1.,0.));
#6939=DIRECTION('',(0.,0.,1.));
#6940=DIRECTION('',(-2.31296463463575E-16,1.,5.55113629894938E-17));
#6941=DIRECTION('center_axis',(-2.317590563905E-15,5.55113629894932E-17,
-1.));
#6942=DIRECTION('ref_axis',(1.,-2.46519032881566E-32,-2.317590563905E-15));
#6943=DIRECTION('',(-1.,2.46519032881566E-32,2.317590563905E-15));
#6944=DIRECTION('',(0.,-1.,-5.55113629894932E-17));
#6945=DIRECTION('',(1.,-2.46519032881566E-32,-2.317590563905E-15));
#6946=DIRECTION('center_axis',(1.,0.,0.));
#6947=DIRECTION('ref_axis',(0.,1.,0.));
#6948=DIRECTION('',(0.,0.,1.));
#6949=DIRECTION('',(0.,1.,0.));
#6950=DIRECTION('',(0.,0.,1.));
#6951=DIRECTION('center_axis',(0.707106781186547,0.,0.707106781186548));
#6952=DIRECTION('ref_axis',(0.707106781186548,0.,-0.707106781186547));
#6953=DIRECTION('',(-0.707106781186548,1.74315279842106E-32,0.707106781186547));
#6954=DIRECTION('',(0.,-1.,0.));
#6955=DIRECTION('',(0.707106781186548,-1.74315279842106E-32,-0.707106781186547));
#6956=DIRECTION('center_axis',(0.,0.,1.));
#6957=DIRECTION('ref_axis',(-1.,0.,0.));
#6958=DIRECTION('',(-1.,0.,0.));
#6959=DIRECTION('center_axis',(0.,0.,1.));
#6960=DIRECTION('ref_axis',(-0.799334988038491,0.600885660419273,0.));
#6961=DIRECTION('',(1.,0.,0.));
#6962=DIRECTION('center_axis',(0.,0.,-1.));
#6963=DIRECTION('ref_axis',(1.,0.,0.));
#6964=DIRECTION('center_axis',(0.,0.,-1.));
#6965=DIRECTION('ref_axis',(1.,0.,0.));
#6966=DIRECTION('center_axis',(0.,0.,-1.));
#6967=DIRECTION('ref_axis',(1.,0.,0.));
#6968=DIRECTION('',(0.,0.,1.));
#6969=DIRECTION('center_axis',(0.,0.,1.));
#6970=DIRECTION('ref_axis',(1.,0.,0.));
#6971=DIRECTION('',(1.,-2.46519032881566E-32,0.));
#6972=DIRECTION('',(0.,1.,0.));
#6973=DIRECTION('center_axis',(0.,0.,1.));
#6974=DIRECTION('ref_axis',(0.993671799576713,-0.112322547718509,0.));
#6975=DIRECTION('center_axis',(1.,9.44870659255452E-17,0.));
#6976=DIRECTION('ref_axis',(-6.38345364856337E-17,0.67559020761566,-0.737277336810124));
#6977=DIRECTION('center_axis',(-1.,0.,0.));
#6978=DIRECTION('ref_axis',(0.,0.996194698091746,-0.0871557427476582));
#6979=DIRECTION('',(1.,9.44870659255452E-17,0.));
#6980=DIRECTION('center_axis',(-1.,-3.34339168864832E-16,1.4847641732311E-31));
#6981=DIRECTION('ref_axis',(-3.33066907387546E-16,0.996194698091746,-0.0871557427476581));
#6982=DIRECTION('center_axis',(0.,0.,-1.));
#6983=DIRECTION('ref_axis',(-0.799334988038491,0.600885660419273,0.));
#6984=DIRECTION('',(0.,0.,1.));
#6985=DIRECTION('',(0.,0.,1.));
#6986=DIRECTION('center_axis',(-0.000272889416049692,0.000279149907411404,
-0.999999923803345));
#6987=DIRECTION('ref_axis',(-0.782472237302702,0.622685352172124,0.000387350979832775));
#6988=DIRECTION('center_axis',(0.,0.,1.));
#6989=DIRECTION('ref_axis',(1.,0.,0.));
#6990=DIRECTION('center_axis',(0.,0.,1.));
#6991=DIRECTION('ref_axis',(1.,0.,0.));
#6992=DIRECTION('center_axis',(0.,0.,1.));
#6993=DIRECTION('ref_axis',(1.,0.,0.));
#6994=DIRECTION('center_axis',(0.,0.,1.));
#6995=DIRECTION('ref_axis',(1.,0.,0.));
#6996=DIRECTION('center_axis',(-5.92163595887372E-17,1.43773732865809E-17,
-1.));
#6997=DIRECTION('ref_axis',(1.,1.616548519429E-29,-5.92163595887372E-17));
#6998=DIRECTION('center_axis',(-5.92163595887372E-17,1.43773732865809E-17,
-1.));
#6999=DIRECTION('ref_axis',(1.,1.61654851942901E-29,-5.92163595887372E-17));
#7000=DIRECTION('center_axis',(0.,0.,-1.));
#7001=DIRECTION('ref_axis',(1.,1.61654851942901E-29,0.));
#7002=DIRECTION('',(0.,0.,-1.));
#7003=DIRECTION('center_axis',(0.,0.,-1.));
#7004=DIRECTION('ref_axis',(-0.995138669778725,0.0984836428602707,0.));
#7005=DIRECTION('center_axis',(-0.0867388241198137,-0.996231085838176,0.));
#7006=DIRECTION('ref_axis',(-0.992440125786174,0.0864087567068709,-0.0871557427476577));
#7007=DIRECTION('center_axis',(0.0867388241198142,0.996231085838176,0.));
#7008=DIRECTION('ref_axis',(-0.673043966114588,0.0585999001954436,-0.737277336810124));
#7009=DIRECTION('center_axis',(0.,0.,-1.));
#7010=DIRECTION('ref_axis',(1.,1.61654851942901E-29,0.));
#7011=DIRECTION('',(0.,0.,-1.));
#7012=DIRECTION('center_axis',(0.,-1.,0.));
#7013=DIRECTION('ref_axis',(0.,0.,-1.));
#7014=DIRECTION('center_axis',(-2.46519032881566E-32,-1.,6.48479680985989E-47));
#7015=DIRECTION('ref_axis',(-1.,2.46519032881566E-32,0.));
#7016=DIRECTION('',(0.,0.,-1.));
#7017=DIRECTION('center_axis',(0.,0.,-1.));
#7018=DIRECTION('ref_axis',(1.,1.616548519429E-29,0.));
#7019=DIRECTION('center_axis',(0.,-1.,0.));
#7020=DIRECTION('ref_axis',(1.,0.,0.));
#7021=DIRECTION('center_axis',(0.,-1.,0.));
#7022=DIRECTION('ref_axis',(-1.,0.,3.84857087718983E-9));
#7023=DIRECTION('',(-1.,0.,-1.34580067751844E-15));
#7024=DIRECTION('center_axis',(0.,-1.,0.));
#7025=DIRECTION('ref_axis',(1.,0.,3.24990439498012E-9));
#7026=DIRECTION('',(1.,0.,0.));
#7027=DIRECTION('',(8.23509041078784E-18,-0.0871557427476582,-0.996194698091746));
#7028=DIRECTION('center_axis',(-9.41275141132734E-17,0.996194698091746,
-0.0871557427476582));
#7029=DIRECTION('ref_axis',(1.,9.44870659255452E-17,0.));
#7030=DIRECTION('',(-3.6000534292177E-17,0.0871557427476582,0.996194698091746));
#7031=DIRECTION('',(-1.,-9.44870659255452E-17,0.));
#7032=DIRECTION('center_axis',(0.,1.,0.));
#7033=DIRECTION('ref_axis',(-1.,0.,0.));
#7034=DIRECTION('center_axis',(0.,1.,0.));
#7035=DIRECTION('ref_axis',(-1.,0.,3.67341984631965E-40));
#7036=DIRECTION('',(-1.,0.,0.));
#7037=DIRECTION('center_axis',(0.,1.,0.));
#7038=DIRECTION('ref_axis',(-1.,0.,0.));
#7039=DIRECTION('',(-1.,0.,0.));
#7040=DIRECTION('center_axis',(-1.,0.,0.));
#7041=DIRECTION('ref_axis',(0.,1.,0.));
#7042=DIRECTION('',(0.,-1.,0.));
#7043=DIRECTION('',(0.,-6.48749289039267E-47,-1.));
#7044=DIRECTION('center_axis',(-2.46519032881566E-32,-1.,6.48749289039267E-47));
#7045=DIRECTION('ref_axis',(-1.,2.46519032881566E-32,2.317590563905E-15));
#7046=DIRECTION('',(1.,0.,0.));
#7047=DIRECTION('',(0.707106781194241,-1.74315279844001E-32,0.707106781178854));
#7048=DIRECTION('center_axis',(-0.707106781178854,-1.63551297777781E-16,
0.707106781194241));
#7049=DIRECTION('ref_axis',(0.707106781194241,1.23259516440783E-32,0.707106781178854));
#7050=DIRECTION('',(-2.31296463463575E-16,1.,0.));
#7051=DIRECTION('',(-0.707106781194241,1.74315279844001E-32,-0.707106781178854));
#7052=DIRECTION('center_axis',(2.46519032881566E-32,1.,-6.48749289039267E-47));
#7053=DIRECTION('ref_axis',(1.,-2.46519032881566E-32,-2.317590563905E-15));
#7054=DIRECTION('',(-1.,0.,0.));
#7055=DIRECTION('',(0.,6.48749289039267E-47,1.));
#7056=DIRECTION('center_axis',(0.,0.,-1.));
#7057=DIRECTION('ref_axis',(0.993185232990887,-0.116546527056093,0.));
#7058=DIRECTION('center_axis',(-1.,0.,0.));
#7059=DIRECTION('ref_axis',(0.,1.,0.));
#7060=DIRECTION('',(0.,-1.,0.));
#7061=DIRECTION('center_axis',(-0.992440125786174,0.0864087567068713,-0.0871557427476582));
#7062=DIRECTION('ref_axis',(0.0867388241198142,0.996231085838176,-4.33680868994202E-18));
#7063=DIRECTION('',(0.0868272602345323,-0.00755978664122089,-0.996194698091746));
#7064=DIRECTION('',(0.0867388241198142,0.996231085838176,0.));
#7065=DIRECTION('',(3.0857600821866E-17,-0.0871557427476582,-0.996194698091746));
#7066=DIRECTION('center_axis',(-9.41275141132734E-17,0.996194698091746,
-0.0871557427476582));
#7067=DIRECTION('ref_axis',(1.,9.44870659255452E-17,0.));
#7068=DIRECTION('',(1.,9.44870659255452E-17,0.));
#7069=DIRECTION('',(8.23509041078784E-18,-0.0871557427476582,-0.996194698091746));
#7070=DIRECTION('',(-0.0868272602345323,-0.00755978664122089,-0.996194698091746));
#7071=DIRECTION('center_axis',(-9.41275141132734E-17,0.996194698091746,
-0.0871557427476582));
#7072=DIRECTION('ref_axis',(1.,9.44870659255452E-17,0.));
#7073=DIRECTION('',(8.23509041078784E-18,-0.0871557427476582,-0.996194698091746));
#7074=DIRECTION('',(3.0857600821866E-17,-0.0871557427476582,-0.996194698091746));
#7075=DIRECTION('center_axis',(0.992440125786174,0.0864087567068713,-0.0871557427476582));
#7076=DIRECTION('ref_axis',(0.0867388241198142,-0.996231085838176,4.33680868994202E-18));
#7077=DIRECTION('',(0.0867388241198142,-0.996231085838176,0.));
#7078=DIRECTION('center_axis',(0.,0.,1.));
#7079=DIRECTION('ref_axis',(1.,0.,0.));
#7080=DIRECTION('center_axis',(0.,0.,-1.));
#7081=DIRECTION('ref_axis',(1.,0.,0.));
#7082=DIRECTION('',(0.,0.,1.));
#7083=DIRECTION('center_axis',(0.,0.,-1.));
#7084=DIRECTION('ref_axis',(1.,0.,0.));
#7085=DIRECTION('',(0.,0.,1.));
#7086=DIRECTION('center_axis',(0.,0.,-1.));
#7087=DIRECTION('ref_axis',(1.,1.61654851942901E-29,0.));
#7088=DIRECTION('',(0.,0.,-1.));
#7089=DIRECTION('center_axis',(0.707106781186547,0.,0.707106781186548));
#7090=DIRECTION('ref_axis',(-0.707106781186548,1.74315279842106E-32,0.707106781186547));
#7091=DIRECTION('',(-0.707106781186548,1.74315279842106E-32,0.707106781186547));
#7092=DIRECTION('',(0.,-1.,0.));
#7093=DIRECTION('center_axis',(1.,0.,-1.59929047316564E-78));
#7094=DIRECTION('ref_axis',(1.59929047316564E-78,6.48749289039267E-47,1.));
#7095=DIRECTION('',(1.59929047316564E-78,6.48749289039267E-47,1.));
#7096=DIRECTION('',(0.,-1.,0.));
#7097=DIRECTION('center_axis',(3.26536183713282E-17,0.,1.));
#7098=DIRECTION('ref_axis',(-1.,2.46519032881566E-32,3.26536183713282E-17));
#7099=DIRECTION('',(-1.,2.46519032881566E-32,3.26536183713282E-17));
#7100=DIRECTION('',(0.,-1.,0.));
#7101=DIRECTION('center_axis',(-1.,0.,1.59862583800013E-78));
#7102=DIRECTION('ref_axis',(-1.59862583800013E-78,-6.48479680985989E-47,
-1.));
#7103=DIRECTION('',(-1.59862583800013E-78,-6.48479680985989E-47,-1.));
#7104=DIRECTION('',(0.,-1.,0.));
#7105=DIRECTION('center_axis',(-0.707106781186548,0.,0.707106781186547));
#7106=DIRECTION('ref_axis',(-0.707106781186547,1.74315279842104E-32,-0.707106781186548));
#7107=DIRECTION('',(-0.707106781186547,1.74315279842104E-32,-0.707106781186548));
#7108=DIRECTION('',(0.,-1.,0.));
#7109=DIRECTION('center_axis',(0.,-1.,0.));
#7110=DIRECTION('ref_axis',(-6.12323399573677E-17,0.,-1.));
#7111=DIRECTION('',(0.,-1.,0.));
#7112=DIRECTION('center_axis',(0.,1.,0.));
#7113=DIRECTION('ref_axis',(-1.,0.,0.));
#7114=DIRECTION('',(0.,-1.,0.));
#7115=DIRECTION('center_axis',(0.,1.,0.));
#7116=DIRECTION('ref_axis',(-5.87127456944815E-16,0.,-1.));
#7117=DIRECTION('center_axis',(0.,-1.,0.));
#7118=DIRECTION('ref_axis',(-1.,0.,3.84857087718983E-9));
#7119=DIRECTION('',(0.,-1.,0.));
#7120=DIRECTION('',(0.,1.,0.));
#7121=DIRECTION('center_axis',(1.34580067380615E-15,0.,1.));
#7122=DIRECTION('ref_axis',(-1.,0.,1.34580067380615E-15));
#7123=DIRECTION('',(-1.,0.,1.34580067380615E-15));
#7124=DIRECTION('',(0.,-1.,0.));
#7125=DIRECTION('',(1.,0.,0.));
#7126=DIRECTION('',(0.,-1.,0.));
#7127=DIRECTION('center_axis',(-1.34580067751844E-15,0.,1.));
#7128=DIRECTION('ref_axis',(-1.,0.,-1.34580067751844E-15));
#7129=DIRECTION('',(-1.,0.,-1.34580067751844E-15));
#7130=DIRECTION('',(-1.,0.,-1.34580067751844E-15));
#7131=DIRECTION('',(0.,-1.,0.));
#7132=DIRECTION('center_axis',(0.,-1.,0.));
#7133=DIRECTION('ref_axis',(-1.34353774628527E-16,0.,-1.));
#7134=DIRECTION('center_axis',(0.,1.,0.));
#7135=DIRECTION('ref_axis',(1.,0.,3.24990439498012E-9));
#7136=DIRECTION('center_axis',(3.67341984631965E-40,0.,1.));
#7137=DIRECTION('ref_axis',(1.,-2.16840434497101E-19,-3.67341984631965E-40));
#7138=DIRECTION('',(-1.,2.16840434497101E-19,3.67341984631965E-40));
#7139=DIRECTION('',(0.,1.,0.));
#7140=DIRECTION('',(1.,-2.16840434497101E-19,-3.67341984631965E-40));
#7141=DIRECTION('',(0.,1.,0.));
#7142=DIRECTION('center_axis',(0.,1.,0.));
#7143=DIRECTION('ref_axis',(1.83697019872103E-16,0.,-1.));
#7144=DIRECTION('center_axis',(2.16840434497101E-19,1.,0.));
#7145=DIRECTION('ref_axis',(-1.,2.16840434497101E-19,3.67341984631965E-40));
#7146=DIRECTION('',(0.,1.,0.));
#7147=DIRECTION('center_axis',(3.67341984631965E-40,0.,1.));
#7148=DIRECTION('ref_axis',(1.,-2.16840434497101E-19,-3.67341984631965E-40));
#7149=DIRECTION('',(-1.,2.16840434497101E-19,3.67341984631965E-40));
#7150=DIRECTION('',(0.,1.,0.));
#7151=DIRECTION('',(-1.,0.,0.));
#7152=DIRECTION('center_axis',(0.,0.,1.));
#7153=DIRECTION('ref_axis',(1.,0.,0.));
#7154=DIRECTION('',(1.,-2.16840434497101E-19,0.));
#7155=DIRECTION('',(0.,1.,0.));
#7156=DIRECTION('center_axis',(3.33743266734491E-17,6.7827212949796E-17,
-1.));
#7157=DIRECTION('ref_axis',(0.290631484069412,0.95683506440118,7.45990857618937E-17));
#7158=DIRECTION('',(-1.,2.46519032881569E-32,-1.61957582392938E-92));
#7159=DIRECTION('',(0.,-1.,0.));
#7160=DIRECTION('center_axis',(8.60422844084496E-16,1.,-1.24900090270329E-16));
#7161=DIRECTION('ref_axis',(1.,-8.60422844084496E-16,-1.23131031645478E-16));
#7162=DIRECTION('',(-1.,8.60422844084496E-16,1.23131031645478E-16));
#7163=DIRECTION('center_axis',(-6.95477615190975E-16,-0.707106781186548,
-0.707106781186547));
#7164=DIRECTION('ref_axis',(-1.,8.60422844084496E-16,1.23131031645477E-16));
#7165=DIRECTION('',(1.52686631035892E-16,0.707106781186547,-0.707106781186548));
#7166=DIRECTION('',(-1.,0.,0.));
#7167=DIRECTION('',(-1.52686631035892E-16,-0.707106781186547,0.707106781186548));
#7168=DIRECTION('center_axis',(-1.,0.,0.));
#7169=DIRECTION('ref_axis',(0.,0.,1.));
#7170=DIRECTION('',(-2.15931504404015E-16,-1.,1.24900090270329E-16));
#7171=DIRECTION('',(0.,0.,-1.));
#7172=DIRECTION('center_axis',(5.2134404028895E-16,0.707106781186547,-0.707106781186548));
#7173=DIRECTION('ref_axis',(-1.,8.60422844084497E-16,1.23131031645477E-16));
#7174=DIRECTION('',(-1.,8.60422844084496E-16,1.23131031645478E-16));
#7175=DIRECTION('center_axis',(1.,0.,0.));
#7176=DIRECTION('ref_axis',(0.,0.,-1.));
#7177=DIRECTION('',(2.15931504404015E-16,1.,-1.24900090270329E-16));
#7178=DIRECTION('center_axis',(-1.,0.,0.));
#7179=DIRECTION('ref_axis',(0.,-1.,0.));
#7180=DIRECTION('',(0.,0.,1.));
#7181=DIRECTION('',(0.,1.,-1.24900090270329E-16));
#7182=DIRECTION('center_axis',(0.,0.,1.));
#7183=DIRECTION('ref_axis',(0.752355166556252,-0.658757696999522,0.));
#7184=DIRECTION('',(0.,0.,-1.));
#7185=DIRECTION('center_axis',(1.23131031645478E-16,1.24900090270329E-16,
1.));
#7186=DIRECTION('ref_axis',(-1.,1.53790769675989E-32,1.23131031645478E-16));
#7187=DIRECTION('center_axis',(0.,0.,1.));
#7188=DIRECTION('ref_axis',(-0.752354790557938,0.658758126420101,0.));
#7189=DIRECTION('center_axis',(-1.23131031645478E-16,-1.24900090270329E-16,
-1.));
#7190=DIRECTION('ref_axis',(-0.752354790557938,0.658758126420101,1.0359272068633E-17));
#7191=DIRECTION('center_axis',(0.,1.,0.));
#7192=DIRECTION('ref_axis',(1.,0.,0.));
#7193=DIRECTION('',(1.,0.,0.));
#7194=DIRECTION('center_axis',(0.,-1.,0.));
#7195=DIRECTION('ref_axis',(0.,0.,-1.));
#7196=DIRECTION('',(0.,0.,-1.));
#7197=DIRECTION('center_axis',(-1.,0.,0.));
#7198=DIRECTION('ref_axis',(0.,1.,0.));
#7199=DIRECTION('',(0.,0.,1.));
#7200=DIRECTION('center_axis',(2.16840434497101E-19,1.,0.));
#7201=DIRECTION('ref_axis',(-1.,2.16840434497101E-19,3.67341984631965E-40));
#7202=DIRECTION('',(-3.67341984631965E-40,7.96545955566226E-59,-1.));
#7203=DIRECTION('',(3.67341984631965E-40,-7.96545955566226E-59,1.));
#7204=DIRECTION('center_axis',(-1.,0.,3.67341984631965E-40));
#7205=DIRECTION('ref_axis',(3.67341984631965E-40,-7.96545955566226E-59,
1.));
#7206=DIRECTION('',(-3.67341984631965E-40,7.96545955566226E-59,-1.));
#7207=DIRECTION('center_axis',(0.,0.,-1.));
#7208=DIRECTION('ref_axis',(-0.707106781186547,0.707106781186548,0.));
#7209=DIRECTION('',(0.,0.,1.));
#7210=DIRECTION('',(0.,0.,-1.));
#7211=DIRECTION('center_axis',(-1.,0.,0.));
#7212=DIRECTION('ref_axis',(0.,1.,0.));
#7213=DIRECTION('',(0.,0.,1.));
#7214=DIRECTION('center_axis',(0.,0.,-1.));
#7215=DIRECTION('ref_axis',(-0.707106781186547,-0.707106781186548,0.));
#7216=DIRECTION('',(0.,0.,-1.));
#7217=DIRECTION('center_axis',(-1.,0.,0.));
#7218=DIRECTION('ref_axis',(0.,0.,-1.));
#7219=DIRECTION('',(0.,0.,-1.));
#7220=DIRECTION('',(0.,0.,-1.));
#7221=DIRECTION('center_axis',(0.,1.,0.));
#7222=DIRECTION('ref_axis',(-1.,0.,0.));
#7223=DIRECTION('center_axis',(0.,-1.,0.));
#7224=DIRECTION('ref_axis',(-1.,0.,0.));
#7225=DIRECTION('',(0.,0.,1.));
#7226=DIRECTION('center_axis',(0.,0.,-1.));
#7227=DIRECTION('ref_axis',(0.707106781186547,-0.707106781186548,0.));
#7228=DIRECTION('',(0.,0.,-1.));
#7229=DIRECTION('center_axis',(1.,0.,0.));
#7230=DIRECTION('ref_axis',(0.,-1.,0.));
#7231=DIRECTION('',(0.,0.,1.));
#7232=DIRECTION('center_axis',(0.,0.,-1.));
#7233=DIRECTION('ref_axis',(0.707106781186547,0.707106781186548,0.));
#7234=DIRECTION('',(0.,0.,-1.));
#7235=DIRECTION('center_axis',(2.16840434497101E-19,1.,0.));
#7236=DIRECTION('ref_axis',(-1.,2.16840434497101E-19,3.67341984631965E-40));
#7237=DIRECTION('',(3.67341984631965E-40,-7.96545955566226E-59,1.));
#7238=DIRECTION('center_axis',(1.,0.,0.));
#7239=DIRECTION('ref_axis',(0.,-1.,0.));
#7240=DIRECTION('center_axis',(-0.0867388241198138,0.996231085838176,0.));
#7241=DIRECTION('ref_axis',(0.992440125786174,0.086408756706871,-0.0871557427476581));
#7242=DIRECTION('center_axis',(0.0867388241198142,-0.996231085838176,0.));
#7243=DIRECTION('ref_axis',(0.673043966114588,0.0585999001954436,-0.737277336810124));
#7244=DIRECTION('center_axis',(-1.23131031645478E-16,-1.24900090270329E-16,
-1.));
#7245=DIRECTION('ref_axis',(-1.,8.60422844084496E-16,1.23131031645478E-16));
#7246=DIRECTION('',(0.,1.,-1.24900090270329E-16));
#7247=DIRECTION('',(1.,0.,-1.42694189424901E-46));
#7248=DIRECTION('center_axis',(-1.,0.,0.));
#7249=DIRECTION('ref_axis',(0.,-1.,1.52655665885961E-16));
#7250=DIRECTION('',(0.,-1.,1.52655665885961E-16));
#7251=DIRECTION('',(0.,0.,1.));
#7252=DIRECTION('center_axis',(0.,0.,1.));
#7253=DIRECTION('ref_axis',(1.,0.,0.));
#7254=DIRECTION('',(-1.,-3.61331555742915E-15,1.67149421962255E-32));
#7255=DIRECTION('center_axis',(0.,1.,0.));
#7256=DIRECTION('ref_axis',(1.,0.,-1.42694189424901E-46));
#7257=CARTESIAN_POINT('',(0.,0.,0.));
#7258=CARTESIAN_POINT('Origin',(-27.45,-78.9999961853,0.));
#7259=CARTESIAN_POINT('',(6.23878532015398,-78.9999961856828,-3.5850951836854E-16));
#7260=CARTESIAN_POINT('',(-41.6502502751161,-78.9999961858679,1.89928628380187E-10));
#7261=CARTESIAN_POINT('',(-34.6079279086009,-78.9999961853,0.));
#7262=CARTESIAN_POINT('',(6.23878532047257,-78.9999961855933,-5.45000381399467));
#7263=CARTESIAN_POINT('',(6.23878532058232,-78.9999961853,0.200404984897638));
#7264=CARTESIAN_POINT('',(-25.4985739764074,-79.,-5.45));
#7265=CARTESIAN_POINT('',(-13.725,-78.9999961853,-5.45000381469993));
#7266=CARTESIAN_POINT('',(-37.371819202474,-78.9999961853845,-5.45));
#7267=CARTESIAN_POINT('',(-32.2667178534316,-78.9999961853,-5.45));
#7268=CARTESIAN_POINT('',(-40.1836974390891,-78.9999961857133,-3.50275357338125));
#7269=CARTESIAN_POINT('Origin',(-37.3718192005171,-78.9999961853,-2.45));
#7270=CARTESIAN_POINT('',(-41.3331383179265,-78.9999961857906,-3.6109454241172));
#7271=CARTESIAN_POINT('Ctrl Pts',(-40.1836974390067,-78.9999961853,-3.50275357425508));
#7272=CARTESIAN_POINT('Ctrl Pts',(-40.37526698359,-78.9999961853,-3.5208061441563));
#7273=CARTESIAN_POINT('Ctrl Pts',(-40.5668377308218,-78.9999961853,-3.53884834422418));
#7274=CARTESIAN_POINT('Ctrl Pts',(-40.758409232549,-78.9999961853,-3.55688013300083));
#7275=CARTESIAN_POINT('Ctrl Pts',(-40.9499843583142,-78.9999961853,-3.57491226289236));
#7276=CARTESIAN_POINT('Ctrl Pts',(-41.1415606444457,-78.9999961853,-3.59293401932355));
#7277=CARTESIAN_POINT('Ctrl Pts',(-41.3331383179278,-78.9999961853,-3.61094542410335));
#7278=CARTESIAN_POINT('',(-41.5832622292212,-78.9999961853,-0.762791091768337));
#7279=CARTESIAN_POINT('Origin',(-41.7658558172018,-66.9215943331972,0.));
#7280=CARTESIAN_POINT('',(-44.3493267406962,-110.,2.77555756156289E-16));
#7281=CARTESIAN_POINT('',(-39.1135082566047,-49.8644703039442,-1.38777878078145E-16));
#7282=CARTESIAN_POINT('',(-45.356944201959,-110.,2.77555756156289E-16));
#7283=CARTESIAN_POINT('',(0.,-110.,2.77555756156289E-16));
#7284=CARTESIAN_POINT('',(-41.2281402916493,-62.5789881921964,0.));
#7285=CARTESIAN_POINT('',(-40.1135447833464,-49.7774001516075,-2.77555756156289E-16));
#7286=CARTESIAN_POINT('',(-41.9139944080884,-62.5789881921964,0.));
#7287=CARTESIAN_POINT('',(-40.1000933621339,-62.5789881921964,0.));
#7288=CARTESIAN_POINT('',(-42.2914293625751,-71.2509439949754,5.55111512312578E-16));
#7289=CARTESIAN_POINT('',(-42.8679222474424,-84.4964602322983,-5.55111512312578E-16));
#7290=CARTESIAN_POINT('',(-42.9907986865316,-71.2509439949754,0.));
#7291=CARTESIAN_POINT('',(0.,-71.2509439949754,0.));
#7292=CARTESIAN_POINT('',(-46.78406249753,-114.818139695964,-1.38777878078145E-16));
#7293=CARTESIAN_POINT('',(-41.1135813100881,-49.6903299992709,-1.38777878078145E-16));
#7294=CARTESIAN_POINT('',(-44.3159738197649,-117.52810816694,-1.38777878078145E-16));
#7295=CARTESIAN_POINT('Origin',(-44.281161020915,-115.003539235644,0.));
#7296=CARTESIAN_POINT('',(44.3159738197649,-117.52810816694,-1.38777878078145E-16));
#7297=CARTESIAN_POINT('',(22.1139706172061,-117.52810816694,-1.38777878078145E-16));
#7298=CARTESIAN_POINT('',(46.78406249753,-114.818139695964,-1.38777878078145E-16));
#7299=CARTESIAN_POINT('Origin',(44.281161020915,-115.003539235644,0.));
#7300=CARTESIAN_POINT('',(42.9907986865316,-71.2509439949754,0.));
#7301=CARTESIAN_POINT('',(40.6756427850476,-44.6604258386053,-1.38777878078145E-16));
#7302=CARTESIAN_POINT('',(42.291429362575,-71.2509439949754,5.55111512312578E-16));
#7303=CARTESIAN_POINT('',(0.,-71.2509439949754,0.));
#7304=CARTESIAN_POINT('',(41.9863517162375,-71.2873583883269,-3.14418630020796E-15));
#7305=CARTESIAN_POINT('Origin',(110.285856171231,-76.0980004957297,0.));
#7306=CARTESIAN_POINT('',(45.356944201959,-110.,2.77555756156289E-16));
#7307=CARTESIAN_POINT('',(39.6756062583059,-44.747495990942,-1.38777878078145E-16));
#7308=CARTESIAN_POINT('',(44.3493267406962,-110.,2.77555756156289E-16));
#7309=CARTESIAN_POINT('',(0.,-110.,2.77555756156289E-16));
#7310=CARTESIAN_POINT('',(41.6502506067167,-79.,-2.22044604925031E-15));
#7311=CARTESIAN_POINT('',(40.3429016729518,-63.9845595548425,-2.22044604925031E-15));
#7312=CARTESIAN_POINT('',(37.1000930297861,-79.,-2.22044604925031E-15));
#7313=CARTESIAN_POINT('',(-34.6079279086009,-78.9999961853,0.));
#7314=CARTESIAN_POINT('',(37.1000930297861,-81.0000009557318,-2.22044604925031E-15));
#7315=CARTESIAN_POINT('',(37.1000930297861,-69.3881256147077,-2.22044604925031E-15));
#7316=CARTESIAN_POINT('',(14.1000930297861,-81.0000009557318,-2.22044604925031E-15));
#7317=CARTESIAN_POINT('',(28.7250932584,-81.0000009557319,-2.22044604925031E-15));
#7318=CARTESIAN_POINT('',(14.1000930297861,-79.,-2.22044604925031E-15));
#7319=CARTESIAN_POINT('',(14.1000930297861,-69.3881256147077,-2.22044604925031E-15));
#7320=CARTESIAN_POINT('',(12.6614012937658,-79.,-2.22044604925031E-15));
#7321=CARTESIAN_POINT('',(-34.6079279086009,-78.9999961853,0.));
#7322=CARTESIAN_POINT('Origin',(9.45009301019943,-79.4999991078975,-7.97972798949331E-16));
#7323=CARTESIAN_POINT('',(8.05009301019943,-79.4999991078975,-2.22044604925031E-15));
#7324=CARTESIAN_POINT('Origin',(9.45009301019943,-79.4999991078975,-2.22044604925031E-15));
#7325=CARTESIAN_POINT('',(35.75,-106.,-2.22044604925031E-15));
#7326=CARTESIAN_POINT('Origin',(39.,-106.,-2.22044604925031E-15));
#7327=CARTESIAN_POINT('',(-42.25,-106.,-2.22044604925031E-15));
#7328=CARTESIAN_POINT('Origin',(-39.,-106.,-2.22044604925031E-15));
#7329=CARTESIAN_POINT('',(-44.5036820412842,-112.,0.));
#7330=CARTESIAN_POINT('',(-44.3295480971565,-110.,-1.38777878078145E-16));
#7331=CARTESIAN_POINT('',(-42.0357773067419,-83.6550986436932,-1.38777878078145E-16));
#7332=CARTESIAN_POINT('',(44.3295480971565,-110.,-1.38777878078145E-16));
#7333=CARTESIAN_POINT('',(-22.1647740485782,-110.,-1.38777878078145E-16));
#7334=CARTESIAN_POINT('',(44.5036820412842,-112.,-1.38777878078145E-16));
#7335=CARTESIAN_POINT('',(41.948710334678,-82.6550986436932,-1.38777878078145E-16));
#7336=CARTESIAN_POINT('',(22.2518410206421,-112.,-1.38777878078145E-16));
#7337=CARTESIAN_POINT('Origin',(32.6000929880574,-81.0000009557319,17.3004050695083));
#7338=CARTESIAN_POINT('',(37.1000930297861,-81.0000009557318,-1.69959493049172));
#7339=CARTESIAN_POINT('',(37.1000930297861,-81.0000009557319,3.42520253475414));
#7340=CARTESIAN_POINT('',(14.1000930297861,-81.0000009557318,-1.69959493049172));
#7341=CARTESIAN_POINT('',(18.3500930297861,-81.0000009557318,-1.69959493049172));
#7342=CARTESIAN_POINT('',(14.1000930297861,-81.0000009557319,3.42520253475414));
#7343=CARTESIAN_POINT('Origin',(15.9378153696177,-37.7499990676521,0.000404984897637137));
#7344=CARTESIAN_POINT('',(13.,-37.7499990676521,-10.45));
#7345=CARTESIAN_POINT('',(13.,-37.7499990676521,0.000404984897637137));
#7346=CARTESIAN_POINT('',(13.,-37.7499990676521,0.000202492448818499));
#7347=CARTESIAN_POINT('',(15.9378153696177,-37.7499990676521,-10.45));
#7348=CARTESIAN_POINT('',(-3.78109232721729,-37.7499990676521,-10.45));
#7349=CARTESIAN_POINT('',(15.9378153696177,-37.7499990676521,0.000404984897637137));
#7350=CARTESIAN_POINT('',(15.9378153696177,-37.7499990676521,0.200404984897638));
#7351=CARTESIAN_POINT('',(17.2270920458416,-37.7499990676521,0.000404984897637137));
#7352=CARTESIAN_POINT('Origin',(12.5751316990295,-36.2499990676521,0.000404984897637137));
#7353=CARTESIAN_POINT('',(13.,-36.2499990676521,0.000404984897637137));
#7354=CARTESIAN_POINT('',(13.,-36.2499990676521,-10.45));
#7355=CARTESIAN_POINT('',(13.,-36.2499990676521,0.000202492448818499));
#7356=CARTESIAN_POINT('',(15.9378153696177,-36.2499990676521,0.000404984897637137));
#7357=CARTESIAN_POINT('',(12.5751316990295,-36.2499990676521,0.000404984897637137));
#7358=CARTESIAN_POINT('',(15.9378153696177,-36.2499990676521,-10.45));
#7359=CARTESIAN_POINT('',(15.9378153696177,-36.2499990676521,0.200404984897638));
#7360=CARTESIAN_POINT('',(-5.46243416251143,-36.2499990676521,-10.45));
#7361=CARTESIAN_POINT('Origin',(-23.5000000240523,-58.75,-10.45));
#7362=CARTESIAN_POINT('',(13.,-40.5000000655651,-10.45));
#7363=CARTESIAN_POINT('',(13.,-49.6250000327825,-10.45));
#7364=CARTESIAN_POINT('',(21.,-40.5000000655651,-10.45));
#7365=CARTESIAN_POINT('',(-26.2500000120262,-40.5000000655651,-10.45));
#7366=CARTESIAN_POINT('',(29.,-48.5000000655651,-10.45));
#7367=CARTESIAN_POINT('Origin',(21.,-48.5000000655651,-10.45));
#7368=CARTESIAN_POINT('',(29.,-62.5000000655651,-10.45));
#7369=CARTESIAN_POINT('',(29.,-49.6250000327825,-10.45));
#7370=CARTESIAN_POINT('',(21.,-70.5000000655651,-10.45));
#7371=CARTESIAN_POINT('Origin',(21.,-62.5000000655651,-10.45));
#7372=CARTESIAN_POINT('',(13.,-70.5000000655651,-10.45));
#7373=CARTESIAN_POINT('',(2.74999998797384,-70.5000000655651,-10.45));
#7374=CARTESIAN_POINT('',(13.,-74.,-10.45));
#7375=CARTESIAN_POINT('',(13.,-64.6250000327825,-10.45));
#7376=CARTESIAN_POINT('',(18.9579292322106,-74.,-10.45));
#7377=CARTESIAN_POINT('',(-11.7500000120262,-74.,-10.45));
#7378=CARTESIAN_POINT('',(20.5199043754087,-73.1558274477055,-10.45));
#7379=CARTESIAN_POINT('Origin',(20.8500930297861,-75.6339266088611,-10.45));
#7380=CARTESIAN_POINT('',(29.8500940276991,-62.4999877940396,-10.45));
#7381=CARTESIAN_POINT('Origin',(19.1000930297861,-62.5000000655651,-10.45));
#7382=CARTESIAN_POINT('',(29.8500940276991,-48.5000000655651,-10.45));
#7383=CARTESIAN_POINT('',(29.8500940276991,-53.6250000327826,-10.45));
#7384=CARTESIAN_POINT('',(22.1264423585206,-38.1847816386194,-10.45));
#7385=CARTESIAN_POINT('Origin',(19.1000930297861,-48.5000000655651,-10.45));
#7386=CARTESIAN_POINT('Origin',(19.1000930297861,-36.9999990676521,-10.45));
#7387=CARTESIAN_POINT('Origin',(-23.5000000240523,-58.75,-10.45));
#7388=CARTESIAN_POINT('',(22.334770443754,-36.6847816386194,-10.45));
#7389=CARTESIAN_POINT('Origin',(19.1000930297861,-36.9999990676521,-10.45));
#7390=CARTESIAN_POINT('',(31.3398857297887,-48.0000009557318,-10.45));
#7391=CARTESIAN_POINT('Origin',(19.1000930297861,-48.5000000655651,-10.45));
#7392=CARTESIAN_POINT('',(34.2987072286132,-48.0000009557318,-10.45));
#7393=CARTESIAN_POINT('',(3.91994285286819,-48.0000009557318,-10.45));
#7394=CARTESIAN_POINT('',(34.9189301829864,-43.9211223482064,-10.45));
#7395=CARTESIAN_POINT('',(33.1754749680707,-55.3869059493402,-10.45));
#7396=CARTESIAN_POINT('',(34.1141934735742,-34.6783901118997,-10.45));
#7397=CARTESIAN_POINT('',(34.9374966493027,-44.134365853479,-10.45));
#7398=CARTESIAN_POINT('',(13.,-7.35498207847101,-10.45));
#7399=CARTESIAN_POINT('Ctrl Pts',(34.1141934735742,-34.6783901118997,-10.45));
#7400=CARTESIAN_POINT('Ctrl Pts',(33.8047618077479,-31.1244401066168,-10.45));
#7401=CARTESIAN_POINT('Ctrl Pts',(32.013886428177,-24.1157678515552,-10.45));
#7402=CARTESIAN_POINT('Ctrl Pts',(27.0196073522181,-16.5736633235591,-10.45));
#7403=CARTESIAN_POINT('Ctrl Pts',(20.583726974396,-10.8086266935033,-10.45));
#7404=CARTESIAN_POINT('Ctrl Pts',(16.0785966977002,-8.41546207101894,-10.45));
#7405=CARTESIAN_POINT('Ctrl Pts',(13.,-7.35498207847099,-10.45));
#7406=CARTESIAN_POINT('',(13.,-49.6250000327825,-10.45));
#7407=CARTESIAN_POINT('Origin',(19.1000930297861,-36.9999990676521,0.200404984897638));
#7408=CARTESIAN_POINT('',(22.1264423585206,-38.1847816386194,0.000404984897637793));
#7409=CARTESIAN_POINT('',(22.1264423585206,-38.1847816386194,-10.45));
#7410=CARTESIAN_POINT('Origin',(19.1000930297861,-36.9999990676521,0.000404984897637989));
#7411=CARTESIAN_POINT('Origin',(19.1000930297861,-36.9999990676521,0.200404984897638));
#7412=CARTESIAN_POINT('',(22.334770443754,-36.6847816386194,0.000404984897637802));
#7413=CARTESIAN_POINT('Origin',(19.1000930297861,-36.9999990676521,0.000404984897637989));
#7414=CARTESIAN_POINT('',(22.334770443754,-36.6847816386194,-10.45));
#7415=CARTESIAN_POINT('Origin',(-29.8999072625626,-72.4999989373501,0.400404984897641));
#7416=CARTESIAN_POINT('',(-29.85,-69.2503821499206,-10.45));
#7417=CARTESIAN_POINT('',(-26.7000452330848,-71.9313312028106,-10.45));
#7418=CARTESIAN_POINT('Origin',(-29.8999072625626,-72.4999989373501,-10.45));
#7419=CARTESIAN_POINT('',(-29.85,-69.2503821499206,-2.22044604925031E-15));
#7420=CARTESIAN_POINT('',(-29.85,-69.2503821499206,0.400404984897641));
#7421=CARTESIAN_POINT('',(-31.35,-69.5914372562384,-2.22044604925031E-15));
#7422=CARTESIAN_POINT('Origin',(-29.8999072625626,-72.4999989373501,-2.22044604925031E-15));
#7423=CARTESIAN_POINT('',(-31.35,-69.5914372562384,-6.08197444891955));
#7424=CARTESIAN_POINT('',(-31.35,-69.5914372562384,0.400404984897641));
#7425=CARTESIAN_POINT('',(-32.7527175464714,-70.9430874164138,-5.45));
#7426=CARTESIAN_POINT('Ctrl Pts',(-32.7527175464714,-70.9430874164138,-5.45));
#7427=CARTESIAN_POINT('Ctrl Pts',(-32.6661330117239,-70.7844340518305,-5.45));
#7428=CARTESIAN_POINT('Ctrl Pts',(-32.5668063717301,-70.6339416778631,-5.46097951138489));
#7429=CARTESIAN_POINT('Ctrl Pts',(-32.3505350682471,-70.3584413687296,-5.50976908762586));
#7430=CARTESIAN_POINT('Ctrl Pts',(-32.2359429773507,-70.234438749975,-5.54609985289792));
#7431=CARTESIAN_POINT('Ctrl Pts',(-31.9901703961233,-70.0055269706951,-5.64911112964758));
#7432=CARTESIAN_POINT('Ctrl Pts',(-31.86051990651,-69.9031666333174,-5.71592006530523));
#7433=CARTESIAN_POINT('Ctrl Pts',(-31.6008975464923,-69.7262940756987,-5.87926381091069));
#7434=CARTESIAN_POINT('Ctrl Pts',(-31.4737152915778,-69.6531167616076,-5.97379281385755));
#7435=CARTESIAN_POINT('Ctrl Pts',(-31.35,-69.5914372562384,-6.08197444891954));
#7436=CARTESIAN_POINT('',(-29.5970598555067,-75.7358579342842,-5.45));
#7437=CARTESIAN_POINT('Origin',(-29.8999072625626,-72.4999989373501,-5.45));
#7438=CARTESIAN_POINT('',(-27.2815642609912,-74.4252988947911,-6.93381728760163));
#7439=CARTESIAN_POINT('Ctrl Pts',(-27.2815434552301,-74.4252705993373,-6.93379637718146));
#7440=CARTESIAN_POINT('Ctrl Pts',(-27.3646873404149,-74.5383460390621,-6.69770384549256));
#7441=CARTESIAN_POINT('Ctrl Pts',(-27.4742384213614,-74.6720476078091,-6.48089206187103));
#7442=CARTESIAN_POINT('Ctrl Pts',(-27.7548418695339,-74.9494640922283,-6.1011621416068));
#7443=CARTESIAN_POINT('Ctrl Pts',(-27.9241492571632,-75.0916911287487,-5.93978150470894));
#7444=CARTESIAN_POINT('Ctrl Pts',(-28.3180265641205,-75.3482828315156,-5.68911550581155));
#7445=CARTESIAN_POINT('Ctrl Pts',(-28.5320844662059,-75.4588565703975,-5.60155056291064));
#7446=CARTESIAN_POINT('Ctrl Pts',(-29.0306987221791,-75.6441341437632,-5.47712502886602));
#7447=CARTESIAN_POINT('Ctrl Pts',(-29.3098777046009,-75.7089802582678,-5.45));
#7448=CARTESIAN_POINT('Ctrl Pts',(-29.5970598555067,-75.7358579342842,-5.45));
#7449=CARTESIAN_POINT('Ctrl Pts',(-26.7000452330848,-71.9313312028106,-10.45));
#7450=CARTESIAN_POINT('Ctrl Pts',(-26.6952299465671,-71.9584265549,-10.4235425190867));
#7451=CARTESIAN_POINT('Ctrl Pts',(-26.6908377131661,-71.9851400130923,-10.3971319224538));
#7452=CARTESIAN_POINT('Ctrl Pts',(-26.6026451373676,-72.5651359778185,-9.81713595772759));
#7453=CARTESIAN_POINT('Ctrl Pts',(-26.6681746528895,-73.095933582517,-9.15705286233361));
#7454=CARTESIAN_POINT('Ctrl Pts',(-26.9402977887823,-73.8879216460843,-7.96225919122809));
#7455=CARTESIAN_POINT('Ctrl Pts',(-27.1024452105067,-74.181703030466,-7.44276237298908));
#7456=CARTESIAN_POINT('Ctrl Pts',(-27.281564270918,-74.4252989082911,-6.93381725939613));
#7457=CARTESIAN_POINT('Origin',(-23.5000000240523,-58.75,-10.45));
#7458=CARTESIAN_POINT('',(-21.305480147234,-74.,-10.45));
#7459=CARTESIAN_POINT('Origin',(-22.3806870829728,-59.857864376269,-10.45));
#7460=CARTESIAN_POINT('',(-12.7998141395011,-74.,-10.45));
#7461=CARTESIAN_POINT('',(-11.7500000120262,-74.,-10.45));
#7462=CARTESIAN_POINT('',(-12.7998141395011,-70.5000000655651,-10.45));
#7463=CARTESIAN_POINT('',(-12.7998141395011,-64.6250000327825,-10.45));
#7464=CARTESIAN_POINT('',(-21.,-70.5000000655651,-10.45));
#7465=CARTESIAN_POINT('',(2.74999998797384,-70.5000000655651,-10.45));
#7466=CARTESIAN_POINT('',(-29.,-62.5000000655651,-10.45));
#7467=CARTESIAN_POINT('Origin',(-21.,-62.5000000655651,-10.45));
#7468=CARTESIAN_POINT('',(-29.,-48.5000000655651,-10.45));
#7469=CARTESIAN_POINT('',(-29.,-64.6250000327825,-10.45));
#7470=CARTESIAN_POINT('',(-21.,-40.5000000655651,-10.45));
#7471=CARTESIAN_POINT('Origin',(-21.,-48.5000000655651,-10.45));
#7472=CARTESIAN_POINT('',(-12.7998141395011,-40.5000000655651,-10.45));
#7473=CARTESIAN_POINT('',(-26.2500000120262,-40.5000000655651,-10.45));
#7474=CARTESIAN_POINT('',(-12.7998141395011,-35.7000000655651,-10.45));
#7475=CARTESIAN_POINT('',(-12.7998141395011,-49.6250000327825,-10.45));
#7476=CARTESIAN_POINT('',(12.,-35.7000000655651,-10.45));
#7477=CARTESIAN_POINT('',(-11.6999535469014,-35.7000000655651,-10.45));
#7478=CARTESIAN_POINT('',(12.,-34.,-10.45));
#7479=CARTESIAN_POINT('',(12.,-48.5261319561311,-10.45));
#7480=CARTESIAN_POINT('',(-26.6885992490948,-34.,-10.45));
#7481=CARTESIAN_POINT('',(-18.2500001535872,-34.,-10.45));
#7482=CARTESIAN_POINT('',(-29.85,-36.7496159447926,-10.45));
#7483=CARTESIAN_POINT('Origin',(-29.8999072625626,-33.4999991573631,-10.45));
#7484=CARTESIAN_POINT('',(-29.85,-47.7498079723963,-10.45));
#7485=CARTESIAN_POINT('Origin',(-29.85,-36.7496159447926,0.400404984897641));
#7486=CARTESIAN_POINT('',(-29.85,-36.7496159447926,-2.22044604925031E-15));
#7487=CARTESIAN_POINT('',(-29.85,-36.7496159447926,0.200404984897641));
#7488=CARTESIAN_POINT('',(-29.85,-48.262933587104,-2.22044604925031E-15));
#7489=CARTESIAN_POINT('Origin',(-1.5794048251398,-37.5103953847274,2.17581555046591E-11));
#7490=CARTESIAN_POINT('',(-37.5531322868687,-32.4999933430658,-10.8475772745982));
#7491=CARTESIAN_POINT('',(-37.7304228023586,-33.9999673549604,-10.8502980546808));
#7492=CARTESIAN_POINT('Ctrl Pts',(-37.5532141960394,-32.4999866861317,-10.8474877873085));
#7493=CARTESIAN_POINT('Ctrl Pts',(-37.5879444020582,-32.7493431530165,-10.8475051584243));
#7494=CARTESIAN_POINT('Ctrl Pts',(-37.6200810128979,-32.9990540333924,-10.8475205944291));
#7495=CARTESIAN_POINT('Ctrl Pts',(-37.6791535156812,-33.4990773915723,-10.8475477533389));
#7496=CARTESIAN_POINT('Ctrl Pts',(-37.7060883475869,-33.7493762161412,-10.8475594759997));
#7497=CARTESIAN_POINT('Ctrl Pts',(-37.7304189441299,-33.9999347099208,-10.8475681888255));
#7498=CARTESIAN_POINT('',(-37.5532160499461,-32.4999999996427,-11.9999999999903));
#7499=CARTESIAN_POINT('',(-37.5532160503838,-32.5,2.17581555046591E-11));
#7500=CARTESIAN_POINT('',(-37.7304259760103,-34.0000000325693,-11.9999999999855));
#7501=CARTESIAN_POINT('Origin',(-1.5794048251398,-37.5103953847274,-12.));
#7502=CARTESIAN_POINT('',(-37.7304266605872,-34.,2.17581508366038E-11));
#7503=CARTESIAN_POINT('Origin',(-37.5532114924553,-32.5,2.17581508366038E-11));
#7504=CARTESIAN_POINT('',(-35.9457668994066,-32.5000439448579,-11.9998365602056));
#7505=CARTESIAN_POINT('Ctrl Pts',(-35.9461253536945,-32.5,-11.9996731204112));
#7506=CARTESIAN_POINT('Ctrl Pts',(-36.2491592669006,-32.5,-11.8639018835433));
#7507=CARTESIAN_POINT('Ctrl Pts',(-36.5390169969736,-32.5,-11.6985352166555));
#7508=CARTESIAN_POINT('Ctrl Pts',(-37.0792494379942,-32.5,-11.3115379386046));
#7509=CARTESIAN_POINT('Ctrl Pts',(-37.3282676786362,-32.5,-11.0904842718598));
#7510=CARTESIAN_POINT('Ctrl Pts',(-37.5530503776979,-32.5,-10.847666761888));
#7511=CARTESIAN_POINT('',(-25.4000378847121,-32.5,-11.9999999999782));
#7512=CARTESIAN_POINT('Origin',(-33.1112152760304,-34.,2.17581508366038E-11));
#7513=CARTESIAN_POINT('',(-36.1312967347689,-34.0000286001437,-11.9998477526616));
#7514=CARTESIAN_POINT('Ctrl Pts',(-37.7290640128328,-34.,-10.8490454455202));
#7515=CARTESIAN_POINT('Ctrl Pts',(-37.5056508712584,-34.,-11.0913968240046));
#7516=CARTESIAN_POINT('Ctrl Pts',(-37.2580885017097,-34.,-11.3121892297409));
#7517=CARTESIAN_POINT('Ctrl Pts',(-36.7210356228781,-34.,-11.6987400923359));
#7518=CARTESIAN_POINT('Ctrl Pts',(-36.4329462730147,-34.,-11.8639684563393));
#7519=CARTESIAN_POINT('Ctrl Pts',(-36.1316318832981,-34.,-11.9996955053232));
#7520=CARTESIAN_POINT('',(-25.4000378847121,-34.,-11.9999999999782));
#7521=CARTESIAN_POINT('Origin',(24.8500935287426,-59.7762512294155,-12.));
#7522=CARTESIAN_POINT('Ctrl Pts',(-36.1309615862396,-34.0000572002874,-12.));
#7523=CARTESIAN_POINT('Ctrl Pts',(-36.1054909188448,-33.7494649692745,-12.));
#7524=CARTESIAN_POINT('Ctrl Pts',(-36.0772901481668,-33.4991497376608,-11.9999999999996));
#7525=CARTESIAN_POINT('Ctrl Pts',(-36.0154354672956,-32.9991206064602,-11.9999999999996));
#7526=CARTESIAN_POINT('Ctrl Pts',(-35.9817798408047,-32.7494059062713,-12.));
#7527=CARTESIAN_POINT('Ctrl Pts',(-35.9454084451187,-32.5000878897158,-12.));
#7528=CARTESIAN_POINT('Origin',(-13.0000002831221,-32.5,-5.60000008194551));
#7529=CARTESIAN_POINT('',(-24.4000378847121,-32.5,-0.999999999978241));
#7530=CARTESIAN_POINT('',(-25.4000378847121,-32.5,2.17581508366038E-11));
#7531=CARTESIAN_POINT('',(-24.4000378847121,-32.5,-0.999999999978241));
#7532=CARTESIAN_POINT('',(-24.4000378847121,-32.5,-5.69974260687824));
#7533=CARTESIAN_POINT('',(-24.4000378847121,-32.5,-5.69974260687824));
#7534=CARTESIAN_POINT('',(9.59996211528779,-32.5,-5.69974260687824));
#7535=CARTESIAN_POINT('',(9.59996211528779,-32.5,-5.69974260687824));
#7536=CARTESIAN_POINT('',(9.59996211528779,-32.5,-0.999999999978242));
#7537=CARTESIAN_POINT('',(9.59996211528779,-32.5,-0.999999999978242));
#7538=CARTESIAN_POINT('',(10.5999621152878,-32.5,2.17581508366038E-11));
#7539=CARTESIAN_POINT('',(10.5999621152878,-32.5,2.17581508366038E-11));
#7540=CARTESIAN_POINT('',(12.,-32.5,2.17581508366038E-11));
#7541=CARTESIAN_POINT('',(12.,-32.5,2.17581508366038E-11));
#7542=CARTESIAN_POINT('',(12.,-32.5,-10.45));
#7543=CARTESIAN_POINT('',(12.,-32.5,-2.80000004097275));
#7544=CARTESIAN_POINT('',(-26.8075777708568,-32.5,-10.45));
#7545=CARTESIAN_POINT('',(-18.2500001535872,-32.5,-10.45));
#7546=CARTESIAN_POINT('',(-26.8075777708568,-32.5,2.17581508366038E-11));
#7547=CARTESIAN_POINT('',(-26.8075777708568,-32.5,0.200404984897641));
#7548=CARTESIAN_POINT('',(-25.4000378847121,-32.5,2.17581508366038E-11));
#7549=CARTESIAN_POINT('Origin',(-29.8999072625626,-33.4999991573631,0.200404984897641));
#7550=CARTESIAN_POINT('',(-26.6885992490948,-34.,2.17581508366038E-11));
#7551=CARTESIAN_POINT('',(-26.6885992490948,-34.,0.200404984897641));
#7552=CARTESIAN_POINT('Origin',(-29.8999072625626,-33.4999991573631,-2.35950148308461E-12));
#7553=CARTESIAN_POINT('Origin',(-29.8999072625626,-33.4999991573631,0.200404984897641));
#7554=CARTESIAN_POINT('',(-31.35,-36.4085608384748,-10.45));
#7555=CARTESIAN_POINT('',(-31.35,-36.4085608384748,-2.22044604925031E-15));
#7556=CARTESIAN_POINT('',(-31.35,-36.4085608384748,0.200404984897641));
#7557=CARTESIAN_POINT('',(-33.1112152760304,-34.,2.17581508366038E-11));
#7558=CARTESIAN_POINT('Origin',(-29.8999072625626,-33.4999991573631,-2.35950148308461E-12));
#7559=CARTESIAN_POINT('',(-33.1112152760304,-34.,-10.45));
#7560=CARTESIAN_POINT('',(-33.1112152760304,-34.,0.200404984897641));
#7561=CARTESIAN_POINT('Origin',(-29.8999072625626,-33.4999991573631,-10.45));
#7562=CARTESIAN_POINT('Origin',(-23.5000000240523,-58.75,-10.45));
#7563=CARTESIAN_POINT('',(-31.35,-65.0253001528923,-10.45));
#7564=CARTESIAN_POINT('',(-31.35,-64.1707186281192,-10.45));
#7565=CARTESIAN_POINT('',(-34.0479966214488,-34.,-10.45));
#7566=CARTESIAN_POINT('',(-18.2500001535872,-34.,-10.45));
#7567=CARTESIAN_POINT('',(-34.1141934735742,-34.6783901118996,-10.45));
#7568=CARTESIAN_POINT('Origin',(-1.54704605335571,-37.5138457363337,-10.45));
#7569=CARTESIAN_POINT('',(-34.9189301829864,-43.9211223482064,-10.45));
#7570=CARTESIAN_POINT('',(-35.5522403293519,-51.1949499702473,-10.45));
#7571=CARTESIAN_POINT('',(-32.2670469725443,-61.3611568075252,-10.45));
#7572=CARTESIAN_POINT('',(-30.8537508442554,-70.6556585719793,-10.45));
#7573=CARTESIAN_POINT('Origin',(-22.3806870829728,-59.857864376269,-10.45));
#7574=CARTESIAN_POINT('Origin',(-20.9585844454018,-69.2102818983788,-1.09758247789027));
#7575=CARTESIAN_POINT('',(-20.6788036203365,-78.1213203435597,-6.32867965644035));
#7576=CARTESIAN_POINT('Origin',(-22.0765726367969,-61.857864376269,-8.45));
#7577=CARTESIAN_POINT('',(-20.9585844454018,-76.2813497102442,-8.16865028975577));
#7578=CARTESIAN_POINT('Ctrl Pts',(-34.883169822482,-64.1186055229239,-9.45000084465681));
#7579=CARTESIAN_POINT('Ctrl Pts',(-34.4011749352389,-67.3897052603726,-9.44999603647146));
#7580=CARTESIAN_POINT('Ctrl Pts',(-32.3465784382263,-72.624018786452,-9.44999963575139));
#7581=CARTESIAN_POINT('Ctrl Pts',(-27.483597896382,-77.2169432874058,-9.44999729034987));
#7582=CARTESIAN_POINT('Ctrl Pts',(-24.3046003871602,-78.1341299302339,-9.45000027910237));
#7583=CARTESIAN_POINT('Ctrl Pts',(-22.7392093665826,-78.1198596099138,-9.45000016294818));
#7584=CARTESIAN_POINT('Ctrl Pts',(-34.585912721703,-64.0747706366282,-9.44959521769821));
#7585=CARTESIAN_POINT('Ctrl Pts',(-34.1394673291449,-67.3058000266458,-9.4508876339501));
#7586=CARTESIAN_POINT('Ctrl Pts',(-32.1541908991215,-72.4968296418341,-9.44999884398608));
#7587=CARTESIAN_POINT('Ctrl Pts',(-27.3954422919333,-77.0647300507822,-9.45065219905993));
#7588=CARTESIAN_POINT('Ctrl Pts',(-24.2761202862924,-77.9814845312948,-9.44988201829578));
#7589=CARTESIAN_POINT('Ctrl Pts',(-22.7405495010145,-77.970200799533,-9.44991394595081));
#7590=CARTESIAN_POINT('Ctrl Pts',(-34.0683501165592,-63.9984306881686,-9.70403991599791));
#7591=CARTESIAN_POINT('Ctrl Pts',(-33.6796212462133,-67.1596650506788,-9.65229608758834));
#7592=CARTESIAN_POINT('Ctrl Pts',(-31.8158040747847,-72.273700289172,-9.58259276644693));
#7593=CARTESIAN_POINT('Ctrl Pts',(-27.239355830251,-76.7969844934846,-9.5257674921447));
#7594=CARTESIAN_POINT('Ctrl Pts',(-24.2260593501944,-77.7129812058901,-9.51220054325636));
#7595=CARTESIAN_POINT('Ctrl Pts',(-22.742905521843,-77.7069257138347,-9.50997793721694));
#7596=CARTESIAN_POINT('Ctrl Pts',(-33.8894536425581,-63.972052037198,-10.2362024673378));
#7597=CARTESIAN_POINT('Ctrl Pts',(-33.4620192920982,-67.1002224436686,-10.1059284874907));
#7598=CARTESIAN_POINT('Ctrl Pts',(-31.5892812411161,-72.1369581058152,-9.90393005356572));
#7599=CARTESIAN_POINT('Ctrl Pts',(-27.1132820853521,-76.5882160067907,-9.71982447926631));
#7600=CARTESIAN_POINT('Ctrl Pts',(-24.1846171029411,-77.4925728368632,-9.67272554426197));
#7601=CARTESIAN_POINT('Ctrl Pts',(-22.7448547893985,-77.4892435673513,-9.66516539176425));
#7602=CARTESIAN_POINT('Ctrl Pts',(-33.8928422976311,-63.9725478641175,-10.4645448813837));
#7603=CARTESIAN_POINT('Ctrl Pts',(-33.4304148822162,-67.0962038108444,-10.3133457932069));
#7604=CARTESIAN_POINT('Ctrl Pts',(-31.5234612150348,-72.1024121714968,-10.0619394110638));
#7605=CARTESIAN_POINT('Ctrl Pts',(-27.0673881618586,-76.5156508063683,-9.81979079682409));
#7606=CARTESIAN_POINT('Ctrl Pts',(-24.1693773622199,-77.412040988981,-9.75613213023589));
#7607=CARTESIAN_POINT('Ctrl Pts',(-22.7455714288146,-77.4091525143041,-9.74596351852583));
#7608=CARTESIAN_POINT('',(-22.8095740347896,-77.4125007305691,-9.74289321881345));
#7609=CARTESIAN_POINT('',(-33.8786615536737,-64.0665507569078,-10.45));
#7610=CARTESIAN_POINT('Origin',(-23.9923016641023,-62.5632583256516,-10.45));
#7611=CARTESIAN_POINT('',(-22.8095740349439,-78.0730512328682,-9.45110040861946));
#7612=CARTESIAN_POINT('Origin',(-22.8095740347896,-78.1196075117556,-10.45));
#7613=CARTESIAN_POINT('',(-23.6605896913695,-78.0738924432235,-9.45));
#7614=CARTESIAN_POINT('Ctrl Pts',(-22.8095740349439,-78.0730512328682,-9.45110040861946));
#7615=CARTESIAN_POINT('Ctrl Pts',(-22.8519428209122,-78.0730512283427,-9.45110031321644));
#7616=CARTESIAN_POINT('Ctrl Pts',(-22.8938467628497,-78.0730623376975,-9.45108324888746));
#7617=CARTESIAN_POINT('Ctrl Pts',(-22.9360865526668,-78.0730886037888,-9.45105013971115));
#7618=CARTESIAN_POINT('Ctrl Pts',(-22.9440290257388,-78.0730935426799,-9.45104391409444));
#7619=CARTESIAN_POINT('Ctrl Pts',(-22.9519833852216,-78.0730988701896,-9.45103712790711));
#7620=CARTESIAN_POINT('Ctrl Pts',(-22.9599549717991,-78.0731044085541,-9.45102979669688));
#7621=CARTESIAN_POINT('Ctrl Pts',(-22.9980121919853,-78.0731308493077,-9.45099479670296));
#7622=CARTESIAN_POINT('Ctrl Pts',(-23.0353818113214,-78.0731573077603,-9.45094860847317));
#7623=CARTESIAN_POINT('Ctrl Pts',(-23.0729581885327,-78.0732013758088,-9.45089255472101));
#7624=CARTESIAN_POINT('Ctrl Pts',(-23.1007993594568,-78.0732340268029,-9.45085102325335));
#7625=CARTESIAN_POINT('Ctrl Pts',(-23.1287541383522,-78.0732752862397,-9.4508041042031));
#7626=CARTESIAN_POINT('Ctrl Pts',(-23.1571885499666,-78.0733140543526,-9.45075302862947));
#7627=CARTESIAN_POINT('Ctrl Pts',(-23.2053350042712,-78.0733796983054,-9.45066654511769));
#7628=CARTESIAN_POINT('Ctrl Pts',(-23.2514500688864,-78.0733952130852,-9.4505758366277));
#7629=CARTESIAN_POINT('Ctrl Pts',(-23.2962078802186,-78.0734135396539,-9.45048776859272));
#7630=CARTESIAN_POINT('Ctrl Pts',(-23.3421270186378,-78.0734323417405,-9.450397415464));
#7631=CARTESIAN_POINT('Ctrl Pts',(-23.3866175356619,-78.0734537728017,-9.45030984176371));
#7632=CARTESIAN_POINT('Ctrl Pts',(-23.4304117322631,-78.0734786682178,-9.45023399893419));
#7633=CARTESIAN_POINT('Ctrl Pts',(-23.4750749153647,-78.0735040576213,-9.45015665119307));
#7634=CARTESIAN_POINT('Ctrl Pts',(-23.5190138226769,-78.0735328934809,-9.45009150501767));
#7635=CARTESIAN_POINT('Ctrl Pts',(-23.5630101826057,-78.0735121417757,-9.45004962495692));
#7636=CARTESIAN_POINT('Ctrl Pts',(-23.595381454984,-78.0734968732603,-9.45001881079738));
#7637=CARTESIAN_POINT('Ctrl Pts',(-23.6277839293625,-78.0734536701787,-9.45000062455347));
#7638=CARTESIAN_POINT('Ctrl Pts',(-23.6605308980595,-78.0733435540381,-9.45));
#7639=CARTESIAN_POINT('',(-34.8672975426309,-64.2168800000335,-9.45));
#7640=CARTESIAN_POINT('Origin',(-23.9923016641023,-62.5632583256516,-9.45));
#7641=CARTESIAN_POINT('Origin',(-34.8672975426309,-64.2168800000335,-10.45));
#7642=CARTESIAN_POINT('Origin',(19.1000930297861,-48.5000000655651,-10.45));
#7643=CARTESIAN_POINT('',(31.2579105608798,-47.0000009557318,0.000404984897637295));
#7644=CARTESIAN_POINT('Origin',(19.1000930297861,-48.5000000655651,0.000404984897637295));
#7645=CARTESIAN_POINT('',(31.2579105608798,-47.0000009557318,-1.69959493049173));
#7646=CARTESIAN_POINT('',(31.2579105608798,-47.0000009557318,-10.45));
#7647=CARTESIAN_POINT('',(31.3398857297887,-48.0000009557319,-2.69959493049173));
#7648=CARTESIAN_POINT('Origin',(19.1000930297861,-48.5000000655651,-3.19959404032497));
#7649=CARTESIAN_POINT('',(31.3398857297887,-48.0000009557318,-10.45));
#7650=CARTESIAN_POINT('Origin',(19.1000930297861,-36.9999990676521,0.000404984897637989));
#7651=CARTESIAN_POINT('',(29.7449285910163,-47.0000009557318,0.000404984897637295));
#7652=CARTESIAN_POINT('Origin',(19.1000930297861,-48.5000000655651,0.000404984897637295));
#7653=CARTESIAN_POINT('',(25.8500930089218,-47.0000009557318,0.000404984897637223));
#7654=CARTESIAN_POINT('',(13.,-20.2522778160964,0.000404984897637137));
#7655=CARTESIAN_POINT('',(17.7000930297861,-36.9999990676521,0.000404984897638058));
#7656=CARTESIAN_POINT('Origin',(19.1000930297861,-36.9999990676521,0.000404984897637989));
#7657=CARTESIAN_POINT('Origin',(19.1000930297861,-48.5000000655651,-10.45));
#7658=CARTESIAN_POINT('',(29.8500940276991,-48.5000000655651,-2.69959493049173));
#7659=CARTESIAN_POINT('',(29.8500940276991,-48.5000000655651,-10.45));
#7660=CARTESIAN_POINT('',(29.8384598676855,-48.0000009557319,-2.69959493049173));
#7661=CARTESIAN_POINT('Origin',(19.1000930297861,-48.5000000655651,-2.69959493049173));
#7662=CARTESIAN_POINT('',(29.7449285910163,-47.0000009557318,-1.69959493049173));
#7663=CARTESIAN_POINT('Origin',(19.1000930297861,-48.5000000655651,-3.19959404032497));
#7664=CARTESIAN_POINT('',(29.7449285910163,-47.0000009557318,-10.45));
#7665=CARTESIAN_POINT('Origin',(24.8500935287426,-59.7762512294155,-2.22044604925031E-15));
#7666=CARTESIAN_POINT('',(-25.4000378847121,-34.,2.17581508366038E-11));
#7667=CARTESIAN_POINT('',(-25.4000378847121,-34.,2.17581508366038E-11));
#7668=CARTESIAN_POINT('',(-25.4000378847121,-32.5,2.17581508366038E-11));
#7669=CARTESIAN_POINT('',(-32.9922367542683,-32.5,2.17581508366038E-11));
#7670=CARTESIAN_POINT('Origin',(-29.8999072625626,-33.4999991573631,-2.22044604925031E-15));
#7671=CARTESIAN_POINT('',(-37.5526968782117,-32.5000000004233,2.92340404932522E-10));
#7672=CARTESIAN_POINT('',(-25.4000378847121,-32.5,2.17581508366038E-11));
#7673=CARTESIAN_POINT('',(-37.7304026207334,-34.0000000022424,2.03446884235984E-9));
#7674=CARTESIAN_POINT('Ctrl Pts',(-37.7304026207864,-34.0000000119055,-2.06628012078305E-15));
#7675=CARTESIAN_POINT('Ctrl Pts',(-37.7060366431817,-33.7494271462739,-2.06624775109444E-15));
#7676=CARTESIAN_POINT('Ctrl Pts',(-37.6790369109281,-33.4991109170644,-1.72401552957655E-15));
#7677=CARTESIAN_POINT('Ctrl Pts',(-37.6197933236169,-32.9990745320581,-1.72401552957655E-15));
#7678=CARTESIAN_POINT('Ctrl Pts',(-37.5875490416292,-32.7493550875972,-1.43611554364775E-15));
#7679=CARTESIAN_POINT('Ctrl Pts',(-37.5526968776955,-32.5000000004955,-1.43577047194127E-15));
#7680=CARTESIAN_POINT('',(-25.4000378847121,-34.,2.17581508366038E-11));
#7681=CARTESIAN_POINT('',(-31.35,-64.6838442428269,-2.22044604925031E-15));
#7682=CARTESIAN_POINT('',(-31.2999072625626,-72.4999989373501,-2.22044604925031E-15));
#7683=CARTESIAN_POINT('Origin',(-29.8999072625626,-72.4999989373501,-2.22044604925031E-15));
#7684=CARTESIAN_POINT('',(-31.2999072625626,-33.4999991573631,-2.35887698263326E-12));
#7685=CARTESIAN_POINT('Origin',(-29.8999072625626,-33.4999991573631,-2.35950148308461E-12));
#7686=CARTESIAN_POINT('Origin',(-31.35,-69.5914372562384,0.400404984897641));
#7687=CARTESIAN_POINT('',(-31.35,-66.2808588794236,-8.06196603389282));
#7688=CARTESIAN_POINT('Origin',(-31.35,-0.871433249352638,-69.4364311269159));
#7689=CARTESIAN_POINT('Ctrl Pts',(-31.35,-69.5914372562384,-6.08197444891954));
#7690=CARTESIAN_POINT('Ctrl Pts',(-31.35,-68.8538976819821,-6.31692505052012));
#7691=CARTESIAN_POINT('Ctrl Pts',(-31.3500000000005,-68.170598408049,-6.60272440340636));
#7692=CARTESIAN_POINT('Ctrl Pts',(-31.3500000000005,-67.2709478414603,-7.09720614562602));
#7693=CARTESIAN_POINT('Ctrl Pts',(-31.35,-66.8938711524625,-7.33897293794999));
#7694=CARTESIAN_POINT('Ctrl Pts',(-31.35,-66.4835420874941,-7.74304730071299));
#7695=CARTESIAN_POINT('Ctrl Pts',(-31.35,-66.3588754683554,-7.89451356008409));
#7696=CARTESIAN_POINT('Ctrl Pts',(-31.35,-66.2798026266318,-8.06142748396338));
#7697=CARTESIAN_POINT('Ctrl Pts',(-30.1595657539737,-69.6976371728153,-7.59887282279594));
#7698=CARTESIAN_POINT('Ctrl Pts',(-31.0080240764855,-67.7481811186179,-7.86648191904647));
#7699=CARTESIAN_POINT('Ctrl Pts',(-31.6260702524142,-65.576545641599,-8.15818607482787));
#7700=CARTESIAN_POINT('Ctrl Pts',(-31.9629420998805,-63.3610938478299,-8.45002661307496));
#7701=CARTESIAN_POINT('Ctrl Pts',(-30.3470814361628,-69.7876980218318,-6.89577760900175));
#7702=CARTESIAN_POINT('Ctrl Pts',(-31.158378059814,-67.79665975057,-7.09260687653519));
#7703=CARTESIAN_POINT('Ctrl Pts',(-31.7149338612716,-65.5892020017808,-7.31642737669868));
#7704=CARTESIAN_POINT('Ctrl Pts',(-31.9629337844998,-63.3610926077356,-7.55242088840753));
#7705=CARTESIAN_POINT('Ctrl Pts',(-31.0992243712389,-70.1489405084543,-5.81088306805888));
#7706=CARTESIAN_POINT('Ctrl Pts',(-31.9463073574122,-68.0778081744779,-5.86471612381205));
#7707=CARTESIAN_POINT('Ctrl Pts',(-32.4974389508029,-65.782445493354,-5.92730361877539));
#7708=CARTESIAN_POINT('Ctrl Pts',(-32.7075931673052,-63.474321335272,-5.99834226952869));
#7709=CARTESIAN_POINT('Ctrl Pts',(-32.2570128740444,-70.7050082161089,-5.45));
#7710=CARTESIAN_POINT('Ctrl Pts',(-33.2465823021275,-68.5532365151488,-5.44972690949687));
#7711=CARTESIAN_POINT('Ctrl Pts',(-33.9333790142907,-66.1539511131425,-5.45072673441896));
#7712=CARTESIAN_POINT('Ctrl Pts',(-34.2633016778034,-63.7108736986103,-5.44999997934721));
#7713=CARTESIAN_POINT('Ctrl Pts',(-32.7527175464714,-70.9430874164138,-5.45));
#7714=CARTESIAN_POINT('Ctrl Pts',(-33.8028132004623,-68.7566833898888,-5.45));
#7715=CARTESIAN_POINT('Ctrl Pts',(-34.5486094305274,-66.312769920746,-5.45));
#7716=CARTESIAN_POINT('Ctrl Pts',(-34.9288512992245,-63.812073470989,-5.45));
#7717=CARTESIAN_POINT('',(-31.9629325263684,-63.3611568075253,-8.45));
#7718=CARTESIAN_POINT('Origin',(-22.0765726367969,-61.857864376269,-8.45));
#7719=CARTESIAN_POINT('',(-34.9288404932398,-63.8121445369021,-5.45));
#7720=CARTESIAN_POINT('Origin',(-34.9288404932398,-63.8121445369021,-8.45));
#7721=CARTESIAN_POINT('Origin',(-22.0765726367969,-61.857864376269,-5.45));
#7722=CARTESIAN_POINT('Origin',(0.,-7.,-12.45));
#7723=CARTESIAN_POINT('',(-2.4549229905849,-5.6533919982795,-12.45));
#7724=CARTESIAN_POINT('',(-2.8,-7.,-12.45));
#7725=CARTESIAN_POINT('Origin',(0.,-7.,-12.45));
#7726=CARTESIAN_POINT('',(2.4549229905849,-5.6533919982795,-12.45));
#7727=CARTESIAN_POINT('Ctrl Pts',(2.4549229905849,-5.65339199827949,-12.45));
#7728=CARTESIAN_POINT('Ctrl Pts',(2.32857974312964,-5.42306294744452,-12.45));
#7729=CARTESIAN_POINT('Ctrl Pts',(2.16976989503503,-5.21285108633681,-12.433753220848));
#7730=CARTESIAN_POINT('Ctrl Pts',(1.74594057317496,-4.7823208853176,-12.3801547674728));
#7731=CARTESIAN_POINT('Ctrl Pts',(1.4301061962742,-4.56350078473348,-12.3320810905295));
#7732=CARTESIAN_POINT('Ctrl Pts',(0.735755902182871,-4.27229149573467,-12.2578208666128));
#7733=CARTESIAN_POINT('Ctrl Pts',(0.356937108202635,-4.2,-12.2341040644343));
#7734=CARTESIAN_POINT('Ctrl Pts',(-0.356937108202634,-4.2,-12.2341040644343));
#7735=CARTESIAN_POINT('Ctrl Pts',(-0.735755902182869,-4.27229149573467,
-12.2578208666128));
#7736=CARTESIAN_POINT('Ctrl Pts',(-1.4301061962742,-4.56350078473347,-12.3320810905295));
#7737=CARTESIAN_POINT('Ctrl Pts',(-1.74594057317496,-4.7823208853176,-12.3801547674728));
#7738=CARTESIAN_POINT('Ctrl Pts',(-2.16976989503503,-5.21285108633681,-12.433753220848));
#7739=CARTESIAN_POINT('Ctrl Pts',(-2.32857974312964,-5.42306294744452,-12.45));
#7740=CARTESIAN_POINT('Ctrl Pts',(-2.4549229905849,-5.65339199827949,-12.45));
#7741=CARTESIAN_POINT('Origin',(0.,-7.,-12.45));
#7742=CARTESIAN_POINT('',(-2.8,-7.,1.3));
#7743=CARTESIAN_POINT('',(-2.8,-7.,-12.45));
#7744=CARTESIAN_POINT('Origin',(0.,-7.,1.3));
#7745=CARTESIAN_POINT('Origin',(0.,-7.,1.3));
#7746=CARTESIAN_POINT('',(-1.4,-7.,1.3));
#7747=CARTESIAN_POINT('Origin',(0.,-7.,1.3));
#7748=CARTESIAN_POINT('Origin',(-23.5000000240523,-58.75,-12.45));
#7749=CARTESIAN_POINT('',(2.80724947161559,-5.65339199827968,-12.45));
#7750=CARTESIAN_POINT('',(-13.153624747834,-5.65339199827969,-12.45));
#7751=CARTESIAN_POINT('',(34.1141934735742,-34.6783901118997,-12.45));
#7752=CARTESIAN_POINT('Ctrl Pts',(34.1141934735742,-34.6783901118997,-12.45));
#7753=CARTESIAN_POINT('Ctrl Pts',(33.7267228665283,-30.2281307556679,-12.45));
#7754=CARTESIAN_POINT('Ctrl Pts',(31.1043491131193,-21.4848877994804,-12.45));
#7755=CARTESIAN_POINT('Ctrl Pts',(22.1413400132712,-11.1072887466938,-12.45));
#7756=CARTESIAN_POINT('Ctrl Pts',(11.7435060059858,-6.36145077998796,-12.45));
#7757=CARTESIAN_POINT('Ctrl Pts',(5.04079719939385,-5.65339199827968,-12.45));
#7758=CARTESIAN_POINT('Ctrl Pts',(2.80724947161559,-5.65339199827968,-12.45));
#7759=CARTESIAN_POINT('',(35.6555162501405,-52.3811164159221,-12.45));
#7760=CARTESIAN_POINT('',(34.9374966493027,-44.134365853479,-12.45));
#7761=CARTESIAN_POINT('',(34.1827759998496,-62.0665507569078,-12.45));
#7762=CARTESIAN_POINT('',(35.152746945985,-55.6875644355914,-12.45));
#7763=CARTESIAN_POINT('',(23.2212091745393,-74.7053939493825,-12.45));
#7764=CARTESIAN_POINT('Origin',(24.2964161102782,-60.5632583256516,-12.45));
#7765=CARTESIAN_POINT('',(-23.2212091745394,-74.7053939493825,-12.45));
#7766=CARTESIAN_POINT('',(-29.3893137033155,-74.7053939493825,-12.45));
#7767=CARTESIAN_POINT('',(-34.1827759998496,-62.0665507569078,-12.45));
#7768=CARTESIAN_POINT('Origin',(-24.2964161102782,-60.5632583256516,-12.45));
#7769=CARTESIAN_POINT('',(-35.6555162501406,-52.381116415922,-12.45));
#7770=CARTESIAN_POINT('',(-35.6838206579886,-52.1949732832697,-12.45));
#7771=CARTESIAN_POINT('',(-34.1141934735742,-34.6783901118996,-12.45));
#7772=CARTESIAN_POINT('',(-35.5522403293519,-51.1949499702473,-12.45));
#7773=CARTESIAN_POINT('',(-2.80724947161562,-5.65339199827969,-12.45));
#7774=CARTESIAN_POINT('Ctrl Pts',(-2.80724947161563,-5.65339199827969,-12.45));
#7775=CARTESIAN_POINT('Ctrl Pts',(-5.04083588201496,-5.65339199827969,-12.45));
#7776=CARTESIAN_POINT('Ctrl Pts',(-9.50823906807355,-6.13007893745306,-12.45));
#7777=CARTESIAN_POINT('Ctrl Pts',(-15.9041670942729,-8.25451592473975,-12.45));
#7778=CARTESIAN_POINT('Ctrl Pts',(-21.6989386988885,-11.6968958003377,-12.45));
#7779=CARTESIAN_POINT('Ctrl Pts',(-26.62746195707,-16.293871949713,-12.45));
#7780=CARTESIAN_POINT('Ctrl Pts',(-30.4719647533953,-21.8281697462669,-12.45));
#7781=CARTESIAN_POINT('Ctrl Pts',(-33.0756079643688,-28.042324939392,-12.45));
#7782=CARTESIAN_POINT('Ctrl Pts',(-33.9204548147662,-32.4532218969541,-12.45));
#7783=CARTESIAN_POINT('Ctrl Pts',(-34.1141934735742,-34.6783901118996,-12.45));
#7784=CARTESIAN_POINT('',(-13.153624747834,-5.65339199827969,-12.45));
#7785=CARTESIAN_POINT('',(21.,-40.5000000655651,-12.45));
#7786=CARTESIAN_POINT('',(29.,-48.5000000655651,-12.45));
#7787=CARTESIAN_POINT('Origin',(21.,-48.5000000655651,-12.45));
#7788=CARTESIAN_POINT('',(-21.,-40.5000000655651,-12.45));
#7789=CARTESIAN_POINT('',(-26.2500000120262,-40.5000000655651,-12.45));
#7790=CARTESIAN_POINT('',(-29.,-48.5000000655651,-12.45));
#7791=CARTESIAN_POINT('Origin',(-21.,-48.5000000655651,-12.45));
#7792=CARTESIAN_POINT('',(-29.,-62.5000000655651,-12.45));
#7793=CARTESIAN_POINT('',(-29.,-64.6250000327825,-12.45));
#7794=CARTESIAN_POINT('',(-21.,-70.5000000655651,-12.45));
#7795=CARTESIAN_POINT('Origin',(-21.,-62.5000000655651,-12.45));
#7796=CARTESIAN_POINT('',(21.,-70.5000000655651,-12.45));
#7797=CARTESIAN_POINT('',(2.74999998797384,-70.5000000655651,-12.45));
#7798=CARTESIAN_POINT('',(29.,-62.5000000655651,-12.45));
#7799=CARTESIAN_POINT('Origin',(21.,-62.5000000655651,-12.45));
#7800=CARTESIAN_POINT('',(29.,-49.6250000327825,-12.45));
#7801=CARTESIAN_POINT('Origin',(-13.153624747834,-5.65339199827969,-7.45));
#7802=CARTESIAN_POINT('',(-2.80724947161562,-0.672418507820958,-7.88577871373829));
#7803=CARTESIAN_POINT('Origin',(-2.80724947161562,-5.65339199827969,-7.45));
#7804=CARTESIAN_POINT('',(2.80724947161559,-0.672418507820958,-7.88577871373829));
#7805=CARTESIAN_POINT('',(-13.153624747834,-0.672418507820959,-7.88577871373829));
#7806=CARTESIAN_POINT('Origin',(2.80724947161559,-5.65339199827968,-7.45));
#7807=CARTESIAN_POINT('Origin',(-36.5,-56.4999990181752,-1.99778980353925));
#7808=CARTESIAN_POINT('',(-36.5,-55.0951191815273,-5.44526713190641));
#7809=CARTESIAN_POINT('',(-36.5,-49.0000009557318,-5.36787722460165));
#7810=CARTESIAN_POINT('Origin',(-36.5,-57.0371357886046,-2.45));
#7811=CARTESIAN_POINT('',(-36.5,-58.9690544693101,-5.45));
#7812=CARTESIAN_POINT('Origin',(-36.5,-58.9690544693101,-2.45));
#7813=CARTESIAN_POINT('',(-36.5,-64.000000955732,-5.45));
#7814=CARTESIAN_POINT('',(-36.5,-59.6193276216072,-5.45));
#7815=CARTESIAN_POINT('',(-36.5,-64.000000955732,2.80040506950827));
#7816=CARTESIAN_POINT('',(-36.5,-64.000000955732,-4.59869236701549));
#7817=CARTESIAN_POINT('',(-36.5,-62.5000009557319,2.80040506950827));
#7818=CARTESIAN_POINT('',(-36.5,-65.000000955732,2.80040506950827));
#7819=CARTESIAN_POINT('',(-36.5,-50.5000009557319,2.80040506950827));
#7820=CARTESIAN_POINT('Origin',(-36.5,-56.5000009557319,7.30040506950827));
#7821=CARTESIAN_POINT('',(-36.5,-49.0000009557318,2.80040506950827));
#7822=CARTESIAN_POINT('',(-36.5,-65.000000955732,2.80040506950827));
#7823=CARTESIAN_POINT('',(-36.5,-49.0000009557318,0.401307632984509));
#7824=CARTESIAN_POINT('Origin',(-35.5,-56.5000009557319,7.30040506950827));
#7825=CARTESIAN_POINT('',(-35.5,-62.5000009557319,2.80040506950827));
#7826=CARTESIAN_POINT('',(-35.5,-50.5000009557319,2.80040506950827));
#7827=CARTESIAN_POINT('Origin',(-35.5,-56.5000009557319,7.30040506950827));
#7828=CARTESIAN_POINT('',(-35.5,-50.5000009557319,2.80040506950827));
#7829=CARTESIAN_POINT('',(-35.5,-62.5000009557319,2.80040506950827));
#7830=CARTESIAN_POINT('Ctrl Pts',(-33.3371204865279,-54.3238487977327,-8.45));
#7831=CARTESIAN_POINT('Ctrl Pts',(-34.1581996129183,-48.9240452914204,-8.45));
#7832=CARTESIAN_POINT('Ctrl Pts',(-34.9769826206444,-43.5393421441551,-8.02264320262213));
#7833=CARTESIAN_POINT('Ctrl Pts',(-35.634004781506,-39.2184546024852,-7.25116086070785));
#7834=CARTESIAN_POINT('Ctrl Pts',(-33.3371204865279,-54.3238487977327,-7.55240209897435));
#7835=CARTESIAN_POINT('Ctrl Pts',(-34.1557928762941,-48.9697068237365,-7.67385188610139));
#7836=CARTESIAN_POINT('Ctrl Pts',(-34.9648523298323,-43.6121612074182,-7.3658885359346));
#7837=CARTESIAN_POINT('Ctrl Pts',(-35.6198407480794,-39.3116039651982,-6.71739102264757));
#7838=CARTESIAN_POINT('Ctrl Pts',(-34.0817208394162,-54.4370706597032,-5.99829214212584));
#7839=CARTESIAN_POINT('Ctrl Pts',(-34.6741641994654,-49.1276614412928,-6.31399688466017));
#7840=CARTESIAN_POINT('Ctrl Pts',(-35.323019664126,-43.7967933353043,-6.22030492613804));
#7841=CARTESIAN_POINT('Ctrl Pts',(-35.8557981680881,-39.5140274292384,-5.78461559688529));
#7842=CARTESIAN_POINT('Ctrl Pts',(-35.6374802619746,-54.6736351172903,-5.45));
#7843=CARTESIAN_POINT('Ctrl Pts',(-35.9043593349915,-49.3428881499176,-5.59135781741067));
#7844=CARTESIAN_POINT('Ctrl Pts',(-36.2211131585693,-44.0138481890339,-5.4563101220382));
#7845=CARTESIAN_POINT('Ctrl Pts',(-36.4870929655738,-39.7351276206466,-5.08391985679804));
#7846=CARTESIAN_POINT('Ctrl Pts',(-36.3030284533993,-54.7748365271096,-5.45));
#7847=CARTESIAN_POINT('Ctrl Pts',(-36.4833530865122,-49.4308215743633,-5.45));
#7848=CARTESIAN_POINT('Ctrl Pts',(-36.6631734481822,-44.101750969952,-5.23632160131107));
#7849=CARTESIAN_POINT('Ctrl Pts',(-36.8074680433026,-39.8255050649248,-4.85058043035393));
#7850=CARTESIAN_POINT('',(-35.5,-48.0000009557318,-5.84891813976335));
#7851=CARTESIAN_POINT('',(-35.499831938131,-54.652704695404,-5.56210125289249));
#7852=CARTESIAN_POINT('Ctrl Pts',(-35.5,-54.6527302504251,-5.56336404382064));
#7853=CARTESIAN_POINT('Ctrl Pts',(-35.5,-53.5161324277424,-5.61136154533673));
#7854=CARTESIAN_POINT('Ctrl Pts',(-35.5000000011099,-52.3947687593379,-5.6564625304312));
#7855=CARTESIAN_POINT('Ctrl Pts',(-35.5000000011099,-50.3389161214275,-5.74157572724554));
#7856=CARTESIAN_POINT('Ctrl Pts',(-35.5,-49.0905527318241,-5.79449239287376));
#7857=CARTESIAN_POINT('Ctrl Pts',(-35.5,-48.0000009557318,-5.84891813976334));
#7858=CARTESIAN_POINT('',(-33.3371204865279,-54.3238487977327,-8.45));
#7859=CARTESIAN_POINT('Origin',(-36.3030284533993,-54.7748365271096,-8.45));
#7860=CARTESIAN_POINT('',(-35.6340528977028,-39.220678521887,-7.25153967262224));
#7861=CARTESIAN_POINT('Origin',(-33.3371204865279,-54.3238487977327,-2.45));
#7862=CARTESIAN_POINT('',(-36.7295708348616,-42.1094603166915,-5.03243141637685));
#7863=CARTESIAN_POINT('Ctrl Pts',(-36.7285138142479,-42.1093696595882,-5.03066215234322));
#7864=CARTESIAN_POINT('Ctrl Pts',(-36.7270404530298,-42.1070316876003,-5.03140626907297));
#7865=CARTESIAN_POINT('Ctrl Pts',(-36.7255604970529,-42.1043680662864,-5.03213963828814));
#7866=CARTESIAN_POINT('Ctrl Pts',(-36.7240819283739,-42.1017042971216,-5.03287519237733));
#7867=CARTESIAN_POINT('Ctrl Pts',(-36.6817428239063,-42.0254267440079,-5.05393792816114));
#7868=CARTESIAN_POINT('Ctrl Pts',(-36.639839451073,-41.9479704932506,-5.07688800951765));
#7869=CARTESIAN_POINT('Ctrl Pts',(-36.5985034506849,-41.8696717195524,-5.1018005130088));
#7870=CARTESIAN_POINT('Ctrl Pts',(-36.5511617462701,-41.779996923596,-5.13033255204106));
#7871=CARTESIAN_POINT('Ctrl Pts',(-36.5045626954967,-41.689216727975,-5.16143966802375));
#7872=CARTESIAN_POINT('Ctrl Pts',(-36.4588595894437,-41.5978829093321,-5.19526445628575));
#7873=CARTESIAN_POINT('Ctrl Pts',(-36.4145265193077,-41.509286992394,-5.22807528337956));
#7874=CARTESIAN_POINT('Ctrl Pts',(-36.3710330217333,-41.4201711345164,-5.26344452093636));
#7875=CARTESIAN_POINT('Ctrl Pts',(-36.32852088504,-41.3310723283988,-5.30150963672419));
#7876=CARTESIAN_POINT('Ctrl Pts',(-36.2916421099469,-41.2537801693246,-5.33453067384977));
#7877=CARTESIAN_POINT('Ctrl Pts',(-36.255500332895,-41.1765016300333,-5.36958069386842));
#7878=CARTESIAN_POINT('Ctrl Pts',(-36.2202210116921,-41.0996005445493,-5.40674645879537));
#7879=CARTESIAN_POINT('Ctrl Pts',(-36.189163499931,-41.0319020660801,-5.43946466713873));
#7880=CARTESIAN_POINT('Ctrl Pts',(-36.1587739554332,-40.964496414215,-5.47382247955738));
#7881=CARTESIAN_POINT('Ctrl Pts',(-36.1291765518569,-40.8976364330879,-5.50987607275959));
#7882=CARTESIAN_POINT('Ctrl Pts',(-36.1027445537689,-40.8379270437573,-5.5420737790256));
#7883=CARTESIAN_POINT('Ctrl Pts',(-36.076944294743,-40.7786529668876,-5.57562386145184));
#7884=CARTESIAN_POINT('Ctrl Pts',(-36.051899531758,-40.7199956744685,-5.61056479374822));
#7885=CARTESIAN_POINT('Ctrl Pts',(-36.0280435743012,-40.6641226812476,-5.64384717677028));
#7886=CARTESIAN_POINT('Ctrl Pts',(-36.0048725579664,-40.6088094422927,-5.67839173952299));
#7887=CARTESIAN_POINT('Ctrl Pts',(-35.9825204778319,-40.5541988670369,-5.71418833054872));
#7888=CARTESIAN_POINT('Ctrl Pts',(-35.9568193279228,-40.4914058485424,-5.75534841706657));
#7889=CARTESIAN_POINT('Ctrl Pts',(-35.9321115996999,-40.4294037062958,-5.79826223613782));
#7890=CARTESIAN_POINT('Ctrl Pts',(-35.9084631386687,-40.3683778557546,-5.84300413386056));
#7891=CARTESIAN_POINT('Ctrl Pts',(-35.8851378973931,-40.3081860874176,-5.88713451334405));
#7892=CARTESIAN_POINT('Ctrl Pts',(-35.8628429666859,-40.2489439892466,-5.93304324648635));
#7893=CARTESIAN_POINT('Ctrl Pts',(-35.8416904868221,-40.19084347617,-5.98079381698634));
#7894=CARTESIAN_POINT('Ctrl Pts',(-35.8212209805846,-40.1346189189321,-6.02700261174658));
#7895=CARTESIAN_POINT('Ctrl Pts',(-35.8018213544394,-40.0794633502343,-6.07493619001549));
#7896=CARTESIAN_POINT('Ctrl Pts',(-35.7836404739386,-40.0255651556351,-6.1246456451732));
#7897=CARTESIAN_POINT('Ctrl Pts',(-35.7657114529339,-39.9724136120095,-6.17366647590911));
#7898=CARTESIAN_POINT('Ctrl Pts',(-35.7489675486235,-39.9204847328995,-6.22441438506291));
#7899=CARTESIAN_POINT('Ctrl Pts',(-35.7335990465098,-39.8699748813716,-6.27693176392392));
#7900=CARTESIAN_POINT('Ctrl Pts',(-35.7185101666518,-39.8203840314821,-6.32849361518455));
#7901=CARTESIAN_POINT('Ctrl Pts',(-35.7047470644273,-39.7721609388305,-6.38176126643165));
#7902=CARTESIAN_POINT('Ctrl Pts',(-35.6925368229831,-39.7255082585945,-6.43676697602202));
#7903=CARTESIAN_POINT('Ctrl Pts',(-35.6906988046309,-39.7184855897271,-6.44504703372321));
#7904=CARTESIAN_POINT('Ctrl Pts',(-35.6888960620945,-39.711498538983,-6.45336645780723));
#7905=CARTESIAN_POINT('Ctrl Pts',(-35.6871294649875,-39.7045478337576,-6.46172533897075));
#7906=CARTESIAN_POINT('Ctrl Pts',(-35.6815855842692,-39.6827353443539,-6.48795692280187));
#7907=CARTESIAN_POINT('Ctrl Pts',(-35.6763974559864,-39.6613388883635,-6.51450903028599));
#7908=CARTESIAN_POINT('Ctrl Pts',(-35.6715772668044,-39.6403726131791,-6.54138262024116));
#7909=CARTESIAN_POINT('Ctrl Pts',(-35.659468812015,-39.5877047228553,-6.60888985631047));
#7910=CARTESIAN_POINT('Ctrl Pts',(-35.6496794712129,-39.5377493882777,-6.67842737420406));
#7911=CARTESIAN_POINT('Ctrl Pts',(-35.6424194945726,-39.490612625561,-6.74990582875725));
#7912=CARTESIAN_POINT('Ctrl Pts',(-35.63515539148,-39.4434490710776,-6.82142491049748));
#7913=CARTESIAN_POINT('Ctrl Pts',(-35.6304242320194,-39.3991070928803,-6.89488764628833));
#7914=CARTESIAN_POINT('Ctrl Pts',(-35.6284687531301,-39.357724060556,-6.97017814728507));
#7915=CARTESIAN_POINT('Ctrl Pts',(-35.6265472367755,-39.3170597640244,-7.04416101143456));
#7916=CARTESIAN_POINT('Ctrl Pts',(-35.6273065171139,-39.2792524221381,-7.11990913631922));
#7917=CARTESIAN_POINT('Ctrl Pts',(-35.6309974718268,-39.2444645544564,-7.19728019525042));
#7918=CARTESIAN_POINT('Ctrl Pts',(-35.631856131092,-39.2363715467596,-7.21527970534297));
#7919=CARTESIAN_POINT('Ctrl Pts',(-35.6328735192257,-39.2284420987338,-7.23336689384601));
#7920=CARTESIAN_POINT('Ctrl Pts',(-35.6340528977028,-39.220678521887,-7.25153967262224));
#7921=CARTESIAN_POINT('',(-36.5316341822311,-47.9999860140549,-5.33706503712015));
#7922=CARTESIAN_POINT('Origin',(-36.3030284533993,-54.7748365271096,-2.45));
#7923=CARTESIAN_POINT('Ctrl Pts',(-36.5312919601514,-48.0000009557318,-5.33583895019563));
#7924=CARTESIAN_POINT('Ctrl Pts',(-36.3455019247334,-48.0000009557318,-5.38795491822674));
#7925=CARTESIAN_POINT('Ctrl Pts',(-36.1646620158075,-48.000000955732,-5.4579336365079));
#7926=CARTESIAN_POINT('Ctrl Pts',(-35.8189968461974,-48.000000955732,-5.62999862209654));
#7927=CARTESIAN_POINT('Ctrl Pts',(-35.6539405444604,-48.0000009557318,-5.73224240939649));
#7928=CARTESIAN_POINT('Ctrl Pts',(-35.5,-48.0000009557318,-5.84891813976335));
#7929=CARTESIAN_POINT('Origin',(-37.5,-64.000000955732,-7.19959493049173));
#7930=CARTESIAN_POINT('',(-36.7189650294941,-64.000000955732,-5.45));
#7931=CARTESIAN_POINT('',(-37.2917178534316,-64.000000955732,-5.45));
#7932=CARTESIAN_POINT('',(-37.5,-64.000000955732,-5.34674606174576));
#7933=CARTESIAN_POINT('Origin',(-36.7189650294941,-64.000000955732,-2.45));
#7934=CARTESIAN_POINT('',(-37.5,-64.000000955732,2.80040506950827));
#7935=CARTESIAN_POINT('',(-37.5,-64.000000955732,-3.27469622022046));
#7936=CARTESIAN_POINT('',(-37.5,-64.000000955732,2.80040506950827));
#7937=CARTESIAN_POINT('Origin',(-33.6767451978392,-72.0465136117368,-8.45));
#7938=CARTESIAN_POINT('',(-35.5,-60.055930296229,-5.45));
#7939=CARTESIAN_POINT('Origin',(-35.5,-60.055930296229,-8.45));
#7940=CARTESIAN_POINT('',(-33.6767451978392,-72.0465136117368,-5.45));
#7941=CARTESIAN_POINT('',(-30.7108372309678,-71.5955258823599,-8.45));
#7942=CARTESIAN_POINT('Origin',(-37.0834357068632,-62.7386562250391,-5.45));
#7943=CARTESIAN_POINT('',(-35.5,-65.000000955732,-5.45));
#7944=CARTESIAN_POINT('',(-35.5,-59.6193276216072,-5.45));
#7945=CARTESIAN_POINT('',(-36.7624886547374,-65.000000955732,-5.45));
#7946=CARTESIAN_POINT('',(-37.2917178534316,-65.000000955732,-5.45));
#7947=CARTESIAN_POINT('',(-37.7425640182307,-87.5182392232154,-5.45));
#7948=CARTESIAN_POINT('Origin',(-22.0765726367969,-61.857864376269,-5.45));
#7949=CARTESIAN_POINT('Origin',(-37.5,-49.0000009557318,2.80040506950827));
#7950=CARTESIAN_POINT('',(-37.5,-49.0000009557318,2.80040506950827));
#7951=CARTESIAN_POINT('',(-37.5,-49.0000009557318,2.80040506950827));
#7952=CARTESIAN_POINT('',(-37.5,-49.0000009557318,-4.92639308886394));
#7953=CARTESIAN_POINT('',(-37.5,-49.0000009557318,1.72530377977954));
#7954=CARTESIAN_POINT('Origin',(-35.8002310060329,-49.0000009557318,-2.45));
#7955=CARTESIAN_POINT('Origin',(-35.5,-48.5000009557318,-2.19959493049173));
#7956=CARTESIAN_POINT('',(-35.5,-48.0000009557318,2.80040506950827));
#7957=CARTESIAN_POINT('',(-35.5,-48.0000009557318,2.80040506950827));
#7958=CARTESIAN_POINT('',(-35.5,-49.0000009557318,2.80040506950827));
#7959=CARTESIAN_POINT('',(-35.5,-65.000000955732,2.80040506950827));
#7960=CARTESIAN_POINT('',(-35.5,-65.000000955732,2.80040506950827));
#7961=CARTESIAN_POINT('',(-35.5,-65.000000955732,2.80040506950827));
#7962=CARTESIAN_POINT('Origin',(-37.5,-48.0000009557318,2.80040506950827));
#7963=CARTESIAN_POINT('',(-37.5,-48.0000009557318,2.80040506950827));
#7964=CARTESIAN_POINT('',(-37.5,-52.2500009557319,2.80040506950827));
#7965=CARTESIAN_POINT('',(-37.5,-48.0000009557318,2.80040506950827));
#7966=CARTESIAN_POINT('Origin',(-37.5,-48.0000009557318,-7.19959493049173));
#7967=CARTESIAN_POINT('',(-37.5,-48.0000009557318,-4.86479575250647));
#7968=CARTESIAN_POINT('Origin',(-35.713164033969,-48.0000009557318,-2.45));
#7969=CARTESIAN_POINT('',(-37.5,-48.0000009557318,-3.27469622022046));
#7970=CARTESIAN_POINT('Origin',(-37.5,-56.5000009557319,0.6502024900508));
#7971=CARTESIAN_POINT('',(-37.5,-47.5000009557318,-4.83221613345454));
#7972=CARTESIAN_POINT('Origin',(-37.5,-68.5225472631948,-2.45));
#7973=CARTESIAN_POINT('',(-37.5,-47.5000009557318,7.30040506950827));
#7974=CARTESIAN_POINT('',(-37.5,-47.5000009557318,-2.67489879967794));
#7975=CARTESIAN_POINT('',(-37.5,-49.0000009557319,7.30040506950827));
#7976=CARTESIAN_POINT('',(-37.5,-66.0000009557319,7.30040506950827));
#7977=CARTESIAN_POINT('',(-37.5,-64.0000009557319,7.30040506950827));
#7978=CARTESIAN_POINT('Origin',(-37.5,-56.5000009557319,7.30040506950827));
#7979=CARTESIAN_POINT('',(-37.5,-65.5000009557319,7.30040506950827));
#7980=CARTESIAN_POINT('',(-37.5,-66.0000009557319,7.30040506950827));
#7981=CARTESIAN_POINT('',(-37.5,-65.5000009557319,-5.3635324298311));
#7982=CARTESIAN_POINT('',(-37.5,-65.5000009557319,3.97530377977954));
#7983=CARTESIAN_POINT('',(-37.5,-65.000000955732,-5.35811028402239));
#7984=CARTESIAN_POINT('Origin',(-37.5,-81.9450817282967,-2.45));
#7985=CARTESIAN_POINT('',(-37.5,-65.000000955732,2.80040506950827));
#7986=CARTESIAN_POINT('',(-37.5,-65.000000955732,1.72530377977954));
#7987=CARTESIAN_POINT('',(-37.5,-60.2500009557319,2.80040506950827));
#7988=CARTESIAN_POINT('',(-37.5,-55.0298546873479,-5.21230041988999));
#7989=CARTESIAN_POINT('Origin',(-37.5,-81.9450817282967,-2.45));
#7990=CARTESIAN_POINT('Origin',(-37.5,-68.5225472631948,-2.45));
#7991=CARTESIAN_POINT('Origin',(-36.2114669965959,-53.7232155205094,-2.45));
#7992=CARTESIAN_POINT('',(-38.2112472522941,-42.2365387201989,-2.71146722824298));
#7993=CARTESIAN_POINT('Origin',(-35.188786782098,-41.9773124500783,-2.45));
#7994=CARTESIAN_POINT('',(-38.6259874856825,-47.0000009557318,-2.71146722824298));
#7995=CARTESIAN_POINT('',(-39.1887873739544,-53.4639892503888,-2.71146722824298));
#7996=CARTESIAN_POINT('',(-38.,-47.0000009557318,-4.29580160988363));
#7997=CARTESIAN_POINT('Origin',(-35.6260970619051,-47.0000009557318,-2.45));
#7998=CARTESIAN_POINT('Origin',(-35.8162311990881,-49.1837697566438,-2.45));
#7999=CARTESIAN_POINT('Origin',(-36.2114669965959,-53.7232155205094,-2.45));
#8000=CARTESIAN_POINT('Origin',(-36.331869873908,-55.106092109163,-2.45));
#8001=CARTESIAN_POINT('Origin',(-37.5,-64.000000955732,2.80040506950827));
#8002=CARTESIAN_POINT('',(-37.5,-65.000000955732,2.80040506950827));
#8003=CARTESIAN_POINT('Origin',(-37.5,-65.000000955732,2.80040506950827));
#8004=CARTESIAN_POINT('Origin',(-36.7624886547374,-65.000000955732,-2.45));
#8005=CARTESIAN_POINT('Origin',(-37.0834357068632,-62.7386562250391,-5.45));
#8006=CARTESIAN_POINT('',(-37.7425640182307,-87.5182392232154,-5.45));
#8007=CARTESIAN_POINT('Origin',(-37.7425640182307,-87.5182392232154,-2.45));
#8008=CARTESIAN_POINT('',(-38.,-66.0000009557319,-5.20265122267416));
#8009=CARTESIAN_POINT('Origin',(-36.7516809076199,-64.7516818633519,-2.45));
#8010=CARTESIAN_POINT('',(-39.,-66.0000009557319,-4.49829661946021));
#8011=CARTESIAN_POINT('Origin',(-36.8060122799807,-66.0000009557319,-2.45));
#8012=CARTESIAN_POINT('',(-39.5,-65.5000009557319,-3.73009731143833));
#8013=CARTESIAN_POINT('Origin',(-36.8975198386067,-68.1024811171252,-2.45));
#8014=CARTESIAN_POINT('',(-39.5,-59.2056506097506,-2.73031944721081));
#8015=CARTESIAN_POINT('Origin',(-39.5,-127.89713624627,-2.45));
#8016=CARTESIAN_POINT('',(-40.197216591756,-75.224918027353,-2.7303194472108));
#8017=CARTESIAN_POINT('',(-40.7266137932234,-87.3883625591013,-2.73031944721081));
#8018=CARTESIAN_POINT('Ctrl Pts',(-40.1972165917559,-75.224918027353,-2.73031944721083));
#8019=CARTESIAN_POINT('Ctrl Pts',(-40.1982979314464,-75.4956356723213,-2.84423638555703));
#8020=CARTESIAN_POINT('Ctrl Pts',(-40.1945085340675,-75.7716959604984,-2.94566924897056));
#8021=CARTESIAN_POINT('Ctrl Pts',(-40.1890649392864,-76.0522829560376,-3.03459769273325));
#8022=CARTESIAN_POINT('Ctrl Pts',(-40.1842135501296,-76.3023450496428,-3.11385166095664));
#8023=CARTESIAN_POINT('Ctrl Pts',(-40.1780484421458,-76.5560041137507,-3.18317319197053));
#8024=CARTESIAN_POINT('Ctrl Pts',(-40.1728483544218,-76.8126563216709,-3.24251535210068));
#8025=CARTESIAN_POINT('Ctrl Pts',(-40.1710220423315,-76.902794614564,-3.26335678983492));
#8026=CARTESIAN_POINT('Ctrl Pts',(-40.1693147719622,-76.9933017436229,-3.28296703597926));
#8027=CARTESIAN_POINT('Ctrl Pts',(-40.1678252740837,-77.0841501656246,-3.30134325840385));
#8028=CARTESIAN_POINT('Ctrl Pts',(-40.1636488485196,-77.3388814261229,-3.35286862558439));
#8029=CARTESIAN_POINT('Ctrl Pts',(-40.1612721396526,-77.5955200192616,-3.39454606071116));
#8030=CARTESIAN_POINT('Ctrl Pts',(-40.1616130064385,-77.8535645838501,-3.42637340145878));
#8031=CARTESIAN_POINT('Ctrl Pts',(-40.1619325288973,-78.0954509663693,-3.45620778425591));
#8032=CARTESIAN_POINT('Ctrl Pts',(-40.1646400882817,-78.3385739185449,-3.47738605077565));
#8033=CARTESIAN_POINT('Ctrl Pts',(-40.1704930726229,-78.5824872418284,-3.48987632008231));
#8034=CARTESIAN_POINT('Ctrl Pts',(-40.1738271907376,-78.7214310322383,-3.49699132855066));
#8035=CARTESIAN_POINT('Ctrl Pts',(-40.1781819969578,-78.8606305764515,-3.50128663576162));
#8036=CARTESIAN_POINT('Ctrl Pts',(-40.1836974384874,-78.9999961857284,-3.50275357420906));
#8037=CARTESIAN_POINT('Origin',(-37.75,-47.2500009557318,-2.67489879967794));
#8038=CARTESIAN_POINT('',(-38.,-47.0000009557319,7.30040506950827));
#8039=CARTESIAN_POINT('',(-38.25,-46.7500009557318,7.30040506950827));
#8040=CARTESIAN_POINT('',(-38.,-47.0000009557318,-2.67489879967794));
#8041=CARTESIAN_POINT('Origin',(-39.5,-47.0000009557319,7.30040506950827));
#8042=CARTESIAN_POINT('',(-39.,-47.0000009557319,7.30040506950827));
#8043=CARTESIAN_POINT('',(-39.5,-47.0000009557319,7.30040506950827));
#8044=CARTESIAN_POINT('',(-39.5,-47.5000009557318,7.30040506950827));
#8045=CARTESIAN_POINT('',(-39.25,-47.2500009557318,7.30040506950827));
#8046=CARTESIAN_POINT('',(-39.5,-49.0000009557319,7.30040506950827));
#8047=CARTESIAN_POINT('',(-39.5,-66.0000009557319,7.30040506950827));
#8048=CARTESIAN_POINT('',(-39.5,-49.0000009557319,7.30040506950827));
#8049=CARTESIAN_POINT('Origin',(-39.5,-47.0000009557318,-6.00000008940667));
#8050=CARTESIAN_POINT('',(-38.9782731266006,-47.0000009557318,1.3));
#8051=CARTESIAN_POINT('',(-38.6031109337175,-47.0000009557318,-2.97196191733572));
#8052=CARTESIAN_POINT('',(-39.,-47.0000009557318,1.3));
#8053=CARTESIAN_POINT('',(-31.5000000120262,-47.0000009557318,1.3));
#8054=CARTESIAN_POINT('',(-39.,-47.0000009557318,-2.67489879967794));
#8055=CARTESIAN_POINT('Origin',(-39.25,-47.2500009557318,-2.67489879967794));
#8056=CARTESIAN_POINT('',(-39.5,-47.5000009557318,1.3));
#8057=CARTESIAN_POINT('',(-38.1874997670802,-46.187500722812,1.3));
#8058=CARTESIAN_POINT('',(-39.5,-47.5000009557318,-2.67489879967794));
#8059=CARTESIAN_POINT('Origin',(-37.75,-65.7500009557319,3.97530377977954));
#8060=CARTESIAN_POINT('',(-38.,-66.0000009557319,7.30040506950827));
#8061=CARTESIAN_POINT('',(-37.75,-65.7500009557319,7.30040506950827));
#8062=CARTESIAN_POINT('',(-38.,-66.0000009557319,3.97530377977954));
#8063=CARTESIAN_POINT('Origin',(-39.5,-66.0000009557319,7.30040506950827));
#8064=CARTESIAN_POINT('',(-39.,-66.0000009557319,7.30040506950827));
#8065=CARTESIAN_POINT('',(-39.5,-66.0000009557319,7.30040506950827));
#8066=CARTESIAN_POINT('',(-39.,-66.0000009557319,3.97530377977954));
#8067=CARTESIAN_POINT('Origin',(-39.5,-64.0000009557319,7.30040506950827));
#8068=CARTESIAN_POINT('',(-39.5,-64.0000009557319,7.30040506950827));
#8069=CARTESIAN_POINT('',(-39.5,-64.0000009557319,7.30040506950827));
#8070=CARTESIAN_POINT('',(-39.5,-65.5000009557319,7.30040506950827));
#8071=CARTESIAN_POINT('',(-39.5,-66.0000009557319,7.30040506950827));
#8072=CARTESIAN_POINT('',(-39.75,-65.2500009557319,7.30040506950827));
#8073=CARTESIAN_POINT('Origin',(-39.25,-65.7500009557319,3.97530377977954));
#8074=CARTESIAN_POINT('',(-39.5,-65.5000009557319,3.97530377977954));
#8075=CARTESIAN_POINT('Origin',(-39.5,-56.5000009557319,7.30040506950827));
#8076=CARTESIAN_POINT('Origin',(-39.5,-56.5000009557319,7.30040506950827));
#8077=CARTESIAN_POINT('Origin',(-39.5,-56.5000009557319,0.6502024900508));
#8078=CARTESIAN_POINT('',(-39.5,-49.1348710178544,1.3));
#8079=CARTESIAN_POINT('',(-39.5,-57.6250004778659,1.3));
#8080=CARTESIAN_POINT('',(-39.5,-57.8515830323849,-2.10295740835412));
#8081=CARTESIAN_POINT('Origin',(-39.5,-56.5000009557319,7.30040506950827));
#8082=CARTESIAN_POINT('',(-39.5,-78.6737755470145,-11.75022565981));
#8083=CARTESIAN_POINT('Origin',(-42.0807059272345,-112.137698212303,0.217450257524635));
#8084=CARTESIAN_POINT('',(-39.9033040870751,-62.5789881921964,-6.66133814775094E-15));
#8085=CARTESIAN_POINT('Origin',(-40.3245192224822,-56.5000009557319,7.30040506950827));
#8086=CARTESIAN_POINT('',(-40.2912713643912,-71.4929349314072,3.33066907387547E-15));
#8087=CARTESIAN_POINT('',(-41.0794507445522,-89.6021658549577,0.));
#8088=CARTESIAN_POINT('Origin',(-41.2318825803535,-79.1034797638598,6.48687963147387));
#8089=CARTESIAN_POINT('Origin',(-40.1000933621339,-56.5000009557319,7.30040506950827));
#8090=CARTESIAN_POINT('',(-40.1717672599221,-49.1348710178544,1.3));
#8091=CARTESIAN_POINT('',(-40.1000933621339,-49.1348710178544,1.3));
#8092=CARTESIAN_POINT('',(-40.1695822678618,-50.4210137192674,-1.11022302462516E-15));
#8093=CARTESIAN_POINT('Origin',(-41.3399802849829,-56.5000009557319,7.30040506950827));
#8094=CARTESIAN_POINT('',(-41.1771997291246,-50.4210137192674,0.));
#8095=CARTESIAN_POINT('',(-40.1000933621339,-50.4210137192674,0.));
#8096=CARTESIAN_POINT('',(-41.3858815945068,-54.8994458396959,-2.06379395232649));
#8097=CARTESIAN_POINT('Origin',(-42.3475977462457,-56.5000009557319,7.30040506950827));
#8098=CARTESIAN_POINT('Origin',(-42.3352095434955,-56.5000009557319,7.30040506950827));
#8099=CARTESIAN_POINT('',(-41.4542863850178,-63.8651308936094,1.3));
#8100=CARTESIAN_POINT('Origin',(-41.3399802849829,-56.5000009557319,7.30040506950827));
#8101=CARTESIAN_POINT('',(-40.446668923755,-63.8651308936094,1.3));
#8102=CARTESIAN_POINT('',(-40.1000933621339,-63.8651308936094,1.3));
#8103=CARTESIAN_POINT('',(-40.2205228303865,-62.5789881921964,0.));
#8104=CARTESIAN_POINT('Origin',(-40.3323628237201,-56.5000009557319,7.30040506950827));
#8105=CARTESIAN_POINT('',(-40.1000933621339,-62.5789881921964,0.));
#8106=CARTESIAN_POINT('Origin',(-23.5000000240523,-58.75,1.3));
#8107=CARTESIAN_POINT('',(-37.8769436586003,-34.3507788466567,1.3));
#8108=CARTESIAN_POINT('',(-39.314990514378,-50.8673387050044,1.3));
#8109=CARTESIAN_POINT('',(-2.80724947161562,-1.87640667979781,1.3));
#8110=CARTESIAN_POINT('Ctrl Pts',(-37.8769436586003,-34.3507788466574,1.3));
#8111=CARTESIAN_POINT('Ctrl Pts',(-37.4382666584144,-29.3123929950824,1.3));
#8112=CARTESIAN_POINT('Ctrl Pts',(-34.4401992866906,-19.461217227824,1.3));
#8113=CARTESIAN_POINT('Ctrl Pts',(-26.0453309931802,-9.8555997927654,1.3));
#8114=CARTESIAN_POINT('Ctrl Pts',(-15.2668584071247,-3.4941462785047,1.3));
#8115=CARTESIAN_POINT('Ctrl Pts',(-7.80422638833438,-1.8764066797976,1.3));
#8116=CARTESIAN_POINT('Ctrl Pts',(-2.80724947161415,-1.87640667979781,1.3));
#8117=CARTESIAN_POINT('',(2.8072494716156,-1.87640667979781,1.3));
#8118=CARTESIAN_POINT('',(-13.153624747834,-1.8764066797978,1.3));
#8119=CARTESIAN_POINT('',(37.8769436586003,-34.3507788466567,1.3));
#8120=CARTESIAN_POINT('Ctrl Pts',(2.80724947161347,-1.87640667979781,1.3));
#8121=CARTESIAN_POINT('Ctrl Pts',(7.80422638833385,-1.87640667979751,1.3));
#8122=CARTESIAN_POINT('Ctrl Pts',(17.758661943765,-4.02790607266972,1.3));
#8123=CARTESIAN_POINT('Ctrl Pts',(30.0117117777225,-13.1496480998742,1.3));
#8124=CARTESIAN_POINT('Ctrl Pts',(36.2181361661594,-24.3554079196352,1.3));
#8125=CARTESIAN_POINT('Ctrl Pts',(37.6576051585075,-31.8315859208708,1.3));
#8126=CARTESIAN_POINT('Ctrl Pts',(37.8769436586004,-34.3507788466584,1.3));
#8127=CARTESIAN_POINT('',(39.1641497986593,-49.1348710178544,1.3));
#8128=CARTESIAN_POINT('',(38.7002468343288,-43.806754588236,1.3));
#8129=CARTESIAN_POINT('',(40.1717672599221,-49.1348710178544,1.3));
#8130=CARTESIAN_POINT('',(40.1000933621339,-49.1348710178544,1.3));
#8131=CARTESIAN_POINT('',(38.876980185342,-34.2637086943201,1.3));
#8132=CARTESIAN_POINT('',(39.7002833610705,-43.7196844358994,1.3));
#8133=CARTESIAN_POINT('',(2.8072494716156,-0.872586842254462,1.3));
#8134=CARTESIAN_POINT('Ctrl Pts',(2.80724947161342,-0.872586842254462,1.3));
#8135=CARTESIAN_POINT('Ctrl Pts',(7.94628889658548,-0.872586842254152,1.3));
#8136=CARTESIAN_POINT('Ctrl Pts',(18.1867286304905,-3.085452912478,1.3));
#8137=CARTESIAN_POINT('Ctrl Pts',(30.7918377015964,-12.469968796193,1.3));
#8138=CARTESIAN_POINT('Ctrl Pts',(37.1724741911262,-23.9922643579555,1.3));
#8139=CARTESIAN_POINT('Ctrl Pts',(38.6516073210051,-31.6752086122036,1.3));
#8140=CARTESIAN_POINT('Ctrl Pts',(38.8769801853421,-34.2637086943217,1.3));
#8141=CARTESIAN_POINT('',(-2.80724947161562,-0.872586842254462,1.3));
#8142=CARTESIAN_POINT('',(-13.153624747834,-0.872586842254458,1.3));
#8143=CARTESIAN_POINT('',(-38.876980185342,-34.2637086943201,1.3));
#8144=CARTESIAN_POINT('Ctrl Pts',(-38.876980185342,-34.2637086943208,1.3));
#8145=CARTESIAN_POINT('Ctrl Pts',(-38.426234456668,-29.0867085300846,1.3));
#8146=CARTESIAN_POINT('Ctrl Pts',(-35.3455822634712,-18.961022481312,1.3));
#8147=CARTESIAN_POINT('Ctrl Pts',(-26.7116858016531,-9.08093431390252,1.3));
#8148=CARTESIAN_POINT('Ctrl Pts',(-15.623263341421,-2.53647919374143,1.3));
#8149=CARTESIAN_POINT('Ctrl Pts',(-7.94628889658602,-0.872586842254249,
1.3));
#8150=CARTESIAN_POINT('Ctrl Pts',(-2.80724947161411,-0.872586842254461,
1.3));
#8151=CARTESIAN_POINT('',(-40.3150270411197,-50.7802685526678,1.3));
#8152=CARTESIAN_POINT('Origin',(-38.6372751211979,-44.4206473724254,-0.0256885145046833));
#8153=CARTESIAN_POINT('',(-37.4893496844978,-38.9884720896114,-7.71146722824299));
#8154=CARTESIAN_POINT('Ctrl Pts',(-38.2112472522941,-42.2365387201991,-2.71146722824314));
#8155=CARTESIAN_POINT('Ctrl Pts',(-38.2109088586802,-42.2345921231682,-2.71339059400487));
#8156=CARTESIAN_POINT('Ctrl Pts',(-38.2105704825918,-42.2326455049785,-2.71531373922587));
#8157=CARTESIAN_POINT('Ctrl Pts',(-38.089443431347,-41.535780125904,-3.40369149936103));
#8158=CARTESIAN_POINT('Ctrl Pts',(-37.9650931723584,-40.8051609493518,-4.09530733671003));
#8159=CARTESIAN_POINT('Ctrl Pts',(-37.7805689017528,-39.8835172611209,-5.28273574751833));
#8160=CARTESIAN_POINT('Ctrl Pts',(-37.7174844601277,-39.6016465993214,-5.72162177541978));
#8161=CARTESIAN_POINT('Ctrl Pts',(-37.5956078643191,-39.1725922125643,-6.68405024325134));
#8162=CARTESIAN_POINT('Ctrl Pts',(-37.5383583948963,-39.0284566740273,-7.1930482341392));
#8163=CARTESIAN_POINT('Ctrl Pts',(-37.4893496844978,-38.9884720896114,-7.71146722824299));
#8164=CARTESIAN_POINT('',(-37.0915138509327,-34.419163841779,-7.71146722824297));
#8165=CARTESIAN_POINT('',(-38.5295607067104,-50.9357237001267,-7.71146722824298));
#8166=CARTESIAN_POINT('',(-37.7613980711169,-34.3608390510942,-0.0256885145046838));
#8167=CARTESIAN_POINT('Origin',(-29.8999072625626,-72.4999989373501,0.400404984897641));
#8168=CARTESIAN_POINT('',(-31.2999072625626,-72.4999989373501,-0.799595015102359));
#8169=CARTESIAN_POINT('',(-31.2999072625626,-72.4999989373501,0.400404984897641));
#8170=CARTESIAN_POINT('Origin',(-29.8999072625626,-72.4999989373501,-0.799595015102359));
#8171=CARTESIAN_POINT('Origin',(-29.8999072625626,-72.4999989373501,-0.799595015102359));
#8172=CARTESIAN_POINT('',(-30.8999072625626,-72.4999989373501,-0.799595015102359));
#8173=CARTESIAN_POINT('Origin',(-29.8999072625626,-72.4999989373501,-0.799595015102359));
#8174=CARTESIAN_POINT('Origin',(-29.8999072625626,-72.4999989373501,0.400404984897641));
#8175=CARTESIAN_POINT('',(-30.8999072625626,-72.499998937436,-5.58329751703147));
#8176=CARTESIAN_POINT('',(-30.8999072625626,-72.4999989373501,0.400404984897641));
#8177=CARTESIAN_POINT('',(-30.8999064007933,-72.501311773191,-5.58308373235632));
#8178=CARTESIAN_POINT('Ctrl Pts',(-30.8999064007933,-72.501311773191,-5.58308373235632));
#8179=CARTESIAN_POINT('Ctrl Pts',(-30.899829514192,-72.5598770047335,-5.57356082503221));
#8180=CARTESIAN_POINT('Ctrl Pts',(-30.8946074204627,-72.6186818316676,-5.56585914725346));
#8181=CARTESIAN_POINT('Ctrl Pts',(-30.8613365162335,-72.8036571588773,-5.54630335233617));
#8182=CARTESIAN_POINT('Ctrl Pts',(-30.8142012165881,-72.9250196203123,-5.54021568040916));
#8183=CARTESIAN_POINT('Ctrl Pts',(-30.6781346250417,-73.1405196811186,-5.53927344265543));
#8184=CARTESIAN_POINT('Ctrl Pts',(-30.5913713977447,-73.2331351623638,-5.54421586930076));
#8185=CARTESIAN_POINT('Ctrl Pts',(-30.3907425539252,-73.3799869027085,-5.56708622794141));
#8186=CARTESIAN_POINT('Ctrl Pts',(-30.2793497908396,-73.4330607755164,-5.58475783604048));
#8187=CARTESIAN_POINT('Ctrl Pts',(-30.0378728977272,-73.4988702968382,-5.63994066533243));
#8188=CARTESIAN_POINT('Ctrl Pts',(-29.9112369845187,-73.5074148631333,-5.67800976570566));
#8189=CARTESIAN_POINT('Ctrl Pts',(-29.662629533867,-73.479785354521,-5.77983219336948));
#8190=CARTESIAN_POINT('Ctrl Pts',(-29.5458871285527,-73.4424629817795,-5.84268557438921));
#8191=CARTESIAN_POINT('Ctrl Pts',(-29.322855656803,-73.3276830588762,-6.00004337420155));
#8192=CARTESIAN_POINT('Ctrl Pts',(-29.2238291378732,-73.2466009851612,-6.09581738621021));
#8193=CARTESIAN_POINT('Ctrl Pts',(-29.0415577798145,-73.0367184782772,-6.33300352242229));
#8194=CARTESIAN_POINT('Ctrl Pts',(-28.9719804040803,-72.9001553921081,-6.48066898478641));
#8195=CARTESIAN_POINT('Ctrl Pts',(-28.8938993596962,-72.6097352641803,-6.78076228181788));
#8196=CARTESIAN_POINT('Ctrl Pts',(-28.8915694778162,-72.4620537265246,-6.92536285728137));
#8197=CARTESIAN_POINT('Ctrl Pts',(-28.9146041142266,-72.3291841123617,-7.02925229338845));
#8198=CARTESIAN_POINT('Ctrl Pts',(-28.9263819829607,-72.2612463838696,-7.08237213081637));
#8199=CARTESIAN_POINT('Ctrl Pts',(-28.9465784803201,-72.1874241762183,-7.13261721139425));
#8200=CARTESIAN_POINT('Ctrl Pts',(-28.9973389167008,-72.0665290831545,-7.18518850339123));
#8201=CARTESIAN_POINT('Ctrl Pts',(-29.020871225994,-72.0202118556053,-7.19826452765326));
#8202=CARTESIAN_POINT('Ctrl Pts',(-29.0787025023416,-71.926606717169,-7.20469284263542));
#8203=CARTESIAN_POINT('Ctrl Pts',(-29.1112060351639,-71.882905142231,-7.19693385362236));
#8204=CARTESIAN_POINT('Ctrl Pts',(-29.196734560971,-71.7848566104568,-7.15650030905627));
#8205=CARTESIAN_POINT('Ctrl Pts',(-29.2505972530254,-71.7366595903191,-7.11548435584259));
#8206=CARTESIAN_POINT('Ctrl Pts',(-29.41693542177,-71.6129570899612,-6.97166822256898));
#8207=CARTESIAN_POINT('Ctrl Pts',(-29.5557754879776,-71.5477256153218,-6.82533202931513));
#8208=CARTESIAN_POINT('Ctrl Pts',(-29.8666352239557,-71.4882029975292,-6.5107510947473));
#8209=CARTESIAN_POINT('Ctrl Pts',(-30.0383808280245,-71.4933067775081,-6.34323732348129));
#8210=CARTESIAN_POINT('Ctrl Pts',(-30.3229061785731,-71.5861250338356,-6.08901296380357));
#8211=CARTESIAN_POINT('Ctrl Pts',(-30.4340158176066,-71.644497589204,-5.99545691541528));
#8212=CARTESIAN_POINT('Ctrl Pts',(-30.6199997886247,-71.7974803279837,-5.84446982427986));
#8213=CARTESIAN_POINT('Ctrl Pts',(-30.6960785742491,-71.8833928283661,-5.78499460876839));
#8214=CARTESIAN_POINT('Ctrl Pts',(-30.8145535764478,-72.0806724692977,-5.68870278259032));
#8215=CARTESIAN_POINT('Ctrl Pts',(-30.8568567509991,-72.1872233977031,-5.65210211076211));
#8216=CARTESIAN_POINT('Ctrl Pts',(-30.8931967728616,-72.3665980971382,-5.6074836132501));
#8217=CARTESIAN_POINT('Ctrl Pts',(-30.8999072623959,-72.4331387733113,-5.59420111021124));
#8218=CARTESIAN_POINT('Ctrl Pts',(-30.8999072625626,-72.4999989348565,-5.58329751746614));
#8219=CARTESIAN_POINT('Ctrl Pts',(-30.8999072625626,-72.4999989348565,-5.58329751746614));
#8220=CARTESIAN_POINT('Ctrl Pts',(-30.8999072625637,-72.5004365339903,-5.58322615355331));
#8221=CARTESIAN_POINT('Ctrl Pts',(-30.8999069753253,-72.500874146867,-5.58315489189614));
#8222=CARTESIAN_POINT('Ctrl Pts',(-30.8999064007933,-72.501311773191,-5.58308373235632));
#8223=CARTESIAN_POINT('Origin',(-20.9585844454018,-69.2102818983788,-1.09758247789027));
#8224=CARTESIAN_POINT('',(-30.8449443349733,-70.713574329635,-1.09758247789027));
#8225=CARTESIAN_POINT('Origin',(-24.39035604895,-59.9454649925619,-13.0677933330896));
#8226=CARTESIAN_POINT('',(-34.2767159385215,-61.4487574238182,-13.0677933330896));
#8227=CARTESIAN_POINT('',(-24.39035604895,-67.0165328044274,-20.1388611449551));
#8228=CARTESIAN_POINT('Origin',(34.7092944733053,-66.940558207961,-9.45));
#8229=CARTESIAN_POINT('',(-39.4221480101034,-78.0738924432235,-9.45));
#8230=CARTESIAN_POINT('',(40.,-78.0738924432235,-9.45));
#8231=CARTESIAN_POINT('',(-38.498497337057,-56.8520694015289,-9.45));
#8232=CARTESIAN_POINT('',(-39.8526453858032,-87.9650118822237,-9.45));
#8233=CARTESIAN_POINT('',(-35.9871701908082,-56.8520694015289,-9.45));
#8234=CARTESIAN_POINT('',(5.60464722462648,-56.8520694015289,-9.45));
#8235=CARTESIAN_POINT('',(-35.406080111401,-60.6735917705854,-9.45));
#8236=CARTESIAN_POINT('Ctrl Pts',(-20.6737262992348,-78.1205942148738,-6.32940421467144));
#8237=CARTESIAN_POINT('Ctrl Pts',(-22.0502871165978,-78.090785832811,-6.36022247233266));
#8238=CARTESIAN_POINT('Ctrl Pts',(-24.526391602466,-77.2325507622111,-6.5193553630311));
#8239=CARTESIAN_POINT('Ctrl Pts',(-26.7679153480507,-75.0927866193801,-6.83903322595881));
#8240=CARTESIAN_POINT('Ctrl Pts',(-27.6401094651072,-73.9852919785934,-6.99884049155565));
#8241=CARTESIAN_POINT('Ctrl Pts',(-20.6735019094015,-78.4380904010055,-6.01168671167822));
#8242=CARTESIAN_POINT('Ctrl Pts',(-22.1109034759807,-78.4095477194026,-6.0319858243587));
#8243=CARTESIAN_POINT('Ctrl Pts',(-24.6903541408645,-77.5255421843279,-6.13702796763199));
#8244=CARTESIAN_POINT('Ctrl Pts',(-26.9812087052147,-75.3204988073117,-6.35440557722465));
#8245=CARTESIAN_POINT('Ctrl Pts',(-27.8597752491296,-74.1817913099133,-6.46554801930222));
#8246=CARTESIAN_POINT('Ctrl Pts',(-20.6730189542674,-79.1202062038455,-5.58328584424364));
#8247=CARTESIAN_POINT('Ctrl Pts',(-22.2413650320912,-79.1005882314724,-5.58826481659195));
#8248=CARTESIAN_POINT('Ctrl Pts',(-25.0478888639409,-78.1938531307102,-5.61363771997977));
#8249=CARTESIAN_POINT('Ctrl Pts',(-27.5197416729181,-75.9042250412306,-5.66833846637575));
#8250=CARTESIAN_POINT('Ctrl Pts',(-28.4619816113904,-74.7204876208908,-5.69711820302596));
#8251=CARTESIAN_POINT('Ctrl Pts',(-20.6724629417176,-79.9060621769293,-5.45000002830365));
#8252=CARTESIAN_POINT('Ctrl Pts',(-22.3915578264078,-79.9010814472597,-5.44999225727889));
#8253=CARTESIAN_POINT('Ctrl Pts',(-25.4650299325725,-78.9926782038042,-5.45011687753411));
#8254=CARTESIAN_POINT('Ctrl Pts',(-28.202388640772,-76.6491352068375,-5.45009957735094));
#8255=CARTESIAN_POINT('Ctrl Pts',(-29.2567616644217,-75.4314483636487,-5.45));
#8256=CARTESIAN_POINT('Ctrl Pts',(-20.6722248354114,-80.2426383246221,-5.45));
#8257=CARTESIAN_POINT('Ctrl Pts',(-22.4558762004358,-80.243919429937,-5.45));
#8258=CARTESIAN_POINT('Ctrl Pts',(-25.6437384268061,-79.334812645476,-5.45));
#8259=CARTESIAN_POINT('Ctrl Pts',(-28.49474996262,-76.9681255721948,-5.45));
#8260=CARTESIAN_POINT('Ctrl Pts',(-29.5970598555067,-75.7358579342842,-5.45));
#8261=CARTESIAN_POINT('Ctrl Pts',(-20.6788036203364,-78.1213203435599,-6.3286796564402));
#8262=CARTESIAN_POINT('Ctrl Pts',(-20.6826729741541,-78.1228045921253,-6.32719540787477));
#8263=CARTESIAN_POINT('Ctrl Pts',(-20.6865436480898,-78.1242872464255,-6.32571275357446));
#8264=CARTESIAN_POINT('Ctrl Pts',(-21.4281087994666,-78.4079397479778,-6.04206025202212));
#8265=CARTESIAN_POINT('Ctrl Pts',(-22.2022310521748,-78.6277585361764,-5.82224146382374));
#8266=CARTESIAN_POINT('Ctrl Pts',(-23.6904840218274,-78.9008456830754,-5.5491543169247));
#8267=CARTESIAN_POINT('Ctrl Pts',(-24.3922433543321,-78.9734132261093,-5.47658677403343));
#8268=CARTESIAN_POINT('Ctrl Pts',(-25.2246318839883,-78.9979545362419,-5.45204546390081));
#8269=CARTESIAN_POINT('Ctrl Pts',(-25.3613221317191,-78.9999866601474,-5.45001333985252));
#8270=CARTESIAN_POINT('Ctrl Pts',(-25.4979956118487,-78.9999999999999,-5.45));
#8271=CARTESIAN_POINT('Ctrl Pts',(-28.5594692900025,-72.7678096871452,-7.09731532763909));
#8272=CARTESIAN_POINT('Ctrl Pts',(-28.8991706609818,-72.245223887252,-7.16815994320928));
#8273=CARTESIAN_POINT('Ctrl Pts',(-29.2205122024301,-71.6922310995733,-7.24248743853043));
#8274=CARTESIAN_POINT('Ctrl Pts',(-29.5208037774242,-71.1134850646588,-7.31970735349437));
#8275=CARTESIAN_POINT('Ctrl Pts',(-28.8744581590111,-72.9993351509849,-6.32336094556643));
#8276=CARTESIAN_POINT('Ctrl Pts',(-29.2133876550774,-72.4583940193438,-6.36500164941567));
#8277=CARTESIAN_POINT('Ctrl Pts',(-29.5317887004051,-71.8870829447236,-6.41028949868924));
#8278=CARTESIAN_POINT('Ctrl Pts',(-29.8240086264898,-71.28984239705,-6.4571763354309));
#8279=CARTESIAN_POINT('Ctrl Pts',(-29.4726641757743,-73.4390329915425,-5.73581962356555));
#8280=CARTESIAN_POINT('Ctrl Pts',(-29.8370265248843,-72.8826813199224,-5.7490644384358));
#8281=CARTESIAN_POINT('Ctrl Pts',(-30.1791967868737,-72.2945749716861,-5.7643315842747));
#8282=CARTESIAN_POINT('Ctrl Pts',(-30.4936804101505,-71.6793527886317,-5.77919488051196));
#8283=CARTESIAN_POINT('Ctrl Pts',(-30.1519527310716,-73.938328723297,-5.53313165733129));
#8284=CARTESIAN_POINT('Ctrl Pts',(-30.5504801354687,-73.3682611161134,-5.537101443497));
#8285=CARTESIAN_POINT('Ctrl Pts',(-30.9251979544719,-72.7645951131045,-5.54132572078817));
#8286=CARTESIAN_POINT('Ctrl Pts',(-31.2728508036175,-72.132552278065,-5.54579677580056));
#8287=CARTESIAN_POINT('Origin',(34.9374966493027,-44.134365853479,-7.45));
#8288=CARTESIAN_POINT('',(36.5900500848193,-46.2351812495391,-12.2308370454752));
#8289=CARTESIAN_POINT('Origin',(35.6555162501405,-52.3811164159221,-7.45));
#8290=CARTESIAN_POINT('',(39.0763941025051,-34.2463463283653,-7.88577871373829));
#8291=CARTESIAN_POINT('Origin',(34.1141934735742,-34.6783901118997,-7.45));
#8292=CARTESIAN_POINT('',(39.8739284493777,-43.4063564673166,-7.88577871373829));
#8293=CARTESIAN_POINT('',(39.8996972782336,-43.7023220699446,-7.88577871373829));
#8294=CARTESIAN_POINT('Ctrl Pts',(39.8739284493777,-43.4063564673166,-7.88577871373829));
#8295=CARTESIAN_POINT('Ctrl Pts',(39.8227459505515,-43.2829699512917,-8.3462634605122));
#8296=CARTESIAN_POINT('Ctrl Pts',(39.7084357305709,-43.1792763819507,-8.80535298394085));
#8297=CARTESIAN_POINT('Ctrl Pts',(39.3871193896909,-43.0702054946779,-9.6129414036625));
#8298=CARTESIAN_POINT('Ctrl Pts',(39.1984095816395,-43.0520361159176,-9.96661340812832));
#8299=CARTESIAN_POINT('Ctrl Pts',(38.7772893187528,-43.1223014284222,-10.5822178185475));
#8300=CARTESIAN_POINT('Ctrl Pts',(38.5576647157693,-43.1980549734509,-10.8428124313791));
#8301=CARTESIAN_POINT('Ctrl Pts',(38.0938100210759,-43.4649561119595,-11.3045935887495));
#8302=CARTESIAN_POINT('Ctrl Pts',(37.8612985571446,-43.6513039576626,-11.4934138653087));
#8303=CARTESIAN_POINT('Ctrl Pts',(37.4099103224516,-44.1454444892214,-11.8124558295731));
#8304=CARTESIAN_POINT('Ctrl Pts',(37.2056743061509,-44.4498537237774,-11.9291388752946));
#8305=CARTESIAN_POINT('Ctrl Pts',(36.8270111601555,-45.2159757248855,-12.127075032814));
#8306=CARTESIAN_POINT('Ctrl Pts',(36.6700685205726,-45.7088591302106,-12.1924434095038));
#8307=CARTESIAN_POINT('Ctrl Pts',(36.5900500848193,-46.235181249539,-12.2308370454752));
#8308=CARTESIAN_POINT('Ctrl Pts',(2.80724947161559,-0.672418507820957,-7.88577871373829));
#8309=CARTESIAN_POINT('Ctrl Pts',(5.39362251565551,-0.672418507820956,-7.88577871373829));
#8310=CARTESIAN_POINT('Ctrl Pts',(13.1609694462817,-1.49190857654179,-7.88577871373829));
#8311=CARTESIAN_POINT('Ctrl Pts',(25.2268421370244,-6.99904800645434,-7.88577871373829));
#8312=CARTESIAN_POINT('Ctrl Pts',(35.607300820204,-19.0257514092585,-7.88577871373829));
#8313=CARTESIAN_POINT('Ctrl Pts',(38.6299208916389,-29.1184177891864,-7.88577871373829));
#8314=CARTESIAN_POINT('Ctrl Pts',(39.0763941025051,-34.2463463283653,-7.88577871373829));
#8315=CARTESIAN_POINT('Ctrl Pts',(2.80724947161559,-0.795559600394541,-9.29328784247354));
#8316=CARTESIAN_POINT('Ctrl Pts',(5.3857010330144,-0.79555960039454,-9.29328784247354));
#8317=CARTESIAN_POINT('Ctrl Pts',(13.1257923402789,-1.61211031736421,-9.29328784247354));
#8318=CARTESIAN_POINT('Ctrl Pts',(25.1508849354238,-7.09983301467418,-9.29328784247353));
#8319=CARTESIAN_POINT('Ctrl Pts',(35.4964914985328,-19.087308789528,-9.29328784247354));
#8320=CARTESIAN_POINT('Ctrl Pts',(38.5085686084223,-29.1443136405373,-9.29328784247354));
#8321=CARTESIAN_POINT('Ctrl Pts',(38.9537171181392,-34.257027441936,-9.29328784247354));
#8322=CARTESIAN_POINT('Ctrl Pts',(2.80724947161559,-2.11702638914433,-11.6389139904908));
#8323=CARTESIAN_POINT('Ctrl Pts',(5.29114272612419,-2.11702638914433,-11.6389139904908));
#8324=CARTESIAN_POINT('Ctrl Pts',(12.7498946926504,-2.90423347922055,-11.6389139904908));
#8325=CARTESIAN_POINT('Ctrl Pts',(24.331907543375,-8.19068896194319,-11.6389139904908));
#8326=CARTESIAN_POINT('Ctrl Pts',(34.3012340805885,-19.7388188342368,-11.6389139904908));
#8327=CARTESIAN_POINT('Ctrl Pts',(37.2078952000438,-29.4405536122081,-11.6389139904908));
#8328=CARTESIAN_POINT('Ctrl Pts',(37.6372308242839,-34.3716499173055,-11.6389139904908));
#8329=CARTESIAN_POINT('Ctrl Pts',(2.80724947161559,-4.59372780956884,-12.45));
#8330=CARTESIAN_POINT('Ctrl Pts',(5.11565196274442,-4.59372780956884,-12.45));
#8331=CARTESIAN_POINT('Ctrl Pts',(12.045095079478,-5.32554022390366,-12.45));
#8332=CARTESIAN_POINT('Ctrl Pts',(22.797673867113,-10.2334925292607,-12.45));
#8333=CARTESIAN_POINT('Ctrl Pts',(32.06218556344,-20.961529224987,-12.45));
#8334=CARTESIAN_POINT('Ctrl Pts',(34.769875389105,-29.9924436956129,-12.45));
#8335=CARTESIAN_POINT('Ctrl Pts',(35.1698638789174,-34.586476086209,-12.45));
#8336=CARTESIAN_POINT('Ctrl Pts',(2.80724947161559,-5.65339199827968,-12.45));
#8337=CARTESIAN_POINT('Ctrl Pts',(5.04079719939385,-5.65339199827968,-12.45));
#8338=CARTESIAN_POINT('Ctrl Pts',(11.7435060059858,-6.36145077998796,-12.45));
#8339=CARTESIAN_POINT('Ctrl Pts',(22.1413400132712,-11.1072887466938,-12.45));
#8340=CARTESIAN_POINT('Ctrl Pts',(31.1043491131193,-21.4848877994804,-12.45));
#8341=CARTESIAN_POINT('Ctrl Pts',(33.7267228665283,-30.2281307556679,-12.45));
#8342=CARTESIAN_POINT('Ctrl Pts',(34.1141934735742,-34.6783901118997,-12.45));
#8343=CARTESIAN_POINT('Ctrl Pts',(2.80724947161559,-0.672418507820958,-7.88577871373829));
#8344=CARTESIAN_POINT('Ctrl Pts',(3.70412333376548,-0.672418507820959,-7.88577871373829));
#8345=CARTESIAN_POINT('Ctrl Pts',(4.60121154847533,-0.705933756925173,-7.88571715516752));
#8346=CARTESIAN_POINT('Ctrl Pts',(5.49603438585405,-0.772614849760556,-7.8856394210932));
#8347=CARTESIAN_POINT('Ctrl Pts',(6.40989377098681,-0.840714522626564,-7.88556003329664));
#8348=CARTESIAN_POINT('Ctrl Pts',(7.32138987501504,-0.943406283659349,-7.88546377443724));
#8349=CARTESIAN_POINT('Ctrl Pts',(8.22786333820262,-1.08026604594901,-7.88539898608986));
#8350=CARTESIAN_POINT('Ctrl Pts',(8.99340189915006,-1.19584739469188,-7.88534427077802));
#8351=CARTESIAN_POINT('Ctrl Pts',(9.75535771498473,-1.33579714386786,-7.88531200088751));
#8352=CARTESIAN_POINT('Ctrl Pts',(10.5121234072561,-1.49983148788651,-7.88533129409539));
#8353=CARTESIAN_POINT('Ctrl Pts',(11.3514566707478,-1.68176293998058,-7.88535269230529));
#8354=CARTESIAN_POINT('Ctrl Pts',(12.1846431429368,-1.89336837851504,-7.88536848423147));
#8355=CARTESIAN_POINT('Ctrl Pts',(13.0094278531544,-2.13425289180109,-7.88538004394587));
#8356=CARTESIAN_POINT('Ctrl Pts',(13.8368551228915,-2.37590918426271,-7.88539164069687));
#8357=CARTESIAN_POINT('Ctrl Pts',(14.655826117106,-2.64703237723374,-7.88539897807315));
#8358=CARTESIAN_POINT('Ctrl Pts',(15.4640682678453,-2.9471715235101,-7.88540344339632));
#8359=CARTESIAN_POINT('Ctrl Pts',(16.257182630283,-3.24169299510599,-7.88540782514249));
#8360=CARTESIAN_POINT('Ctrl Pts',(17.039965496794,-3.56415414125829,-7.88540944134127));
#8361=CARTESIAN_POINT('Ctrl Pts',(17.8102816657943,-3.91408159943027,-7.88540960286414));
#8362=CARTESIAN_POINT('Ctrl Pts',(18.5945287110054,-4.27033736317167,-7.88540976730809));
#8363=CARTESIAN_POINT('Ctrl Pts',(19.3658534798303,-4.65506176942646,-7.88540842398584));
#8364=CARTESIAN_POINT('Ctrl Pts',(20.1223778655577,-5.06688250582382,-7.88540695618264));
#8365=CARTESIAN_POINT('Ctrl Pts',(20.892080952655,-5.4858771848003,-7.88540546281022));
#8366=CARTESIAN_POINT('Ctrl Pts',(21.6464629139378,-5.93292020037686,-7.88540384058213));
#8367=CARTESIAN_POINT('Ctrl Pts',(22.3835766139631,-6.40652047360719,-7.88540354634099));
#8368=CARTESIAN_POINT('Ctrl Pts',(23.1206903139884,-6.88012074683751,-7.88540325209985));
#8369=CARTESIAN_POINT('Ctrl Pts',(23.8405352270299,-7.38027787922469,-7.88540428584566));
#8370=CARTESIAN_POINT('Ctrl Pts',(24.5412032018534,-7.90546053600535,-7.88540810442101));
#8371=CARTESIAN_POINT('Ctrl Pts',(25.2603318916439,-8.44448034202196,-7.88541202360554));
#8372=CARTESIAN_POINT('Ctrl Pts',(25.9596178849201,-9.01012943673443,-7.88541956888348));
#8373=CARTESIAN_POINT('Ctrl Pts',(26.6370108152366,-9.60081569488755,-7.88542905861832));
#8374=CARTESIAN_POINT('Ctrl Pts',(27.3038566034261,-10.1823048509772,-7.8854384005961));
#8375=CARTESIAN_POINT('Ctrl Pts',(27.9494854169219,-10.788057138811,-7.88544962695102));
#8376=CARTESIAN_POINT('Ctrl Pts',(28.5719804829121,-11.4165228545291,-7.88546113338013));
#8377=CARTESIAN_POINT('Ctrl Pts',(29.1046301633636,-11.9542814343814,-7.88547097907389));
#8378=CARTESIAN_POINT('Ctrl Pts',(29.6203425043194,-12.508669468965,-7.88548102982936));
#8379=CARTESIAN_POINT('Ctrl Pts',(30.1179431269275,-13.0787012095582,-7.88549028055955));
#8380=CARTESIAN_POINT('Ctrl Pts',(30.7075544203853,-13.7541367629173,-7.88550124182999));
#8381=CARTESIAN_POINT('Ctrl Pts',(31.2717356592634,-14.4515358872087,-7.88551107985808));
#8382=CARTESIAN_POINT('Ctrl Pts',(31.8093510396338,-15.1685688893047,-7.88551812255905));
#8383=CARTESIAN_POINT('Ctrl Pts',(32.3370344550024,-15.8723553457438,-7.88552503515239));
#8384=CARTESIAN_POINT('Ctrl Pts',(32.8391243995805,-16.5950564166508,-7.88552925474694));
#8385=CARTESIAN_POINT('Ctrl Pts',(33.3145957190213,-17.3344613103628,-7.88552920022729));
#8386=CARTESIAN_POINT('Ctrl Pts',(33.7788202552102,-18.0563763445713,-7.88552914699725));
#8387=CARTESIAN_POINT('Ctrl Pts',(34.2176705112823,-18.7942138764061,-7.88552501946112));
#8388=CARTESIAN_POINT('Ctrl Pts',(34.630240331301,-19.5459158751629,-7.88551534606942));
#8389=CARTESIAN_POINT('Ctrl Pts',(35.1374337526237,-20.4700220265709,-7.88550345406861));
#8390=CARTESIAN_POINT('Ctrl Pts',(35.6051072905316,-21.4154361777843,-7.88550738828075));
#8391=CARTESIAN_POINT('Ctrl Pts',(36.03167778462,-22.3786499438329,-7.88552118365683));
#8392=CARTESIAN_POINT('Ctrl Pts',(36.4572880254424,-23.339695418409,-7.88553494797813));
#8393=CARTESIAN_POINT('Ctrl Pts',(36.8419800681839,-24.3184604501698,-7.88555852911637));
#8394=CARTESIAN_POINT('Ctrl Pts',(37.1842087723795,-25.3115043869643,-7.88558600221571));
#8395=CARTESIAN_POINT('Ctrl Pts',(37.3291273924241,-25.7320142834156,-7.88559763585016));
#8396=CARTESIAN_POINT('Ctrl Pts',(37.4664320542843,-26.1550851376697,-7.88560996736985));
#8397=CARTESIAN_POINT('Ctrl Pts',(37.5960069161965,-26.5804580930784,-7.88562254689022));
#8398=CARTESIAN_POINT('Ctrl Pts',(37.9007623155078,-27.5809199339694,-7.88565213346819));
#8399=CARTESIAN_POINT('Ctrl Pts',(38.1627582155887,-28.5941127687613,-7.8856830919201));
#8400=CARTESIAN_POINT('Ctrl Pts',(38.3818556727619,-29.6161720710431,-7.88570956905056));
#8401=CARTESIAN_POINT('Ctrl Pts',(38.6004723488528,-30.6359885961431,-7.88573598808038));
#8402=CARTESIAN_POINT('Ctrl Pts',(38.7763786491935,-31.6646327098364,-7.88575794543452));
#8403=CARTESIAN_POINT('Ctrl Pts',(38.9094449686457,-32.6983164652682,-7.88576962636535));
#8404=CARTESIAN_POINT('Ctrl Pts',(38.9757298382219,-33.2132295792237,-7.88577544503517));
#8405=CARTESIAN_POINT('Ctrl Pts',(39.031384629904,-33.7293940152885,-7.88577871373829));
#8406=CARTESIAN_POINT('Ctrl Pts',(39.076394102505,-34.2463463283653,-7.88577871373829));
#8407=CARTESIAN_POINT('Ctrl Pts',(-39.0763941025051,-34.2463463283653,-7.88577871373829));
#8408=CARTESIAN_POINT('Ctrl Pts',(-38.8531536308564,-31.6823376536991,-7.88577871373829));
#8409=CARTESIAN_POINT('Ctrl Pts',(-37.8793379523931,-26.5956128926627,-7.88577871373829));
#8410=CARTESIAN_POINT('Ctrl Pts',(-34.8719604743145,-19.4158807004341,-7.88577871373829));
#8411=CARTESIAN_POINT('Ctrl Pts',(-30.4228271890804,-13.009962600344,-7.88577871373829));
#8412=CARTESIAN_POINT('Ctrl Pts',(-24.7106417561975,-7.68141970684376,-7.88577871373829));
#8413=CARTESIAN_POINT('Ctrl Pts',(-17.9891410197775,-3.68831722639764,-7.88577871373829));
#8414=CARTESIAN_POINT('Ctrl Pts',(-10.5706928635373,-1.22448722408303,-7.88577871373829));
#8415=CARTESIAN_POINT('Ctrl Pts',(-5.39366730882794,-0.672418507820964,
-7.88577871373829));
#8416=CARTESIAN_POINT('Ctrl Pts',(-2.80724947161563,-0.672418507820962,
-7.88577871373829));
#8417=CARTESIAN_POINT('Ctrl Pts',(-38.9537171181392,-34.2570274419359,-9.29328784247354));
#8418=CARTESIAN_POINT('Ctrl Pts',(-38.7311390085364,-31.7006262679112,-9.29328784247354));
#8419=CARTESIAN_POINT('Ctrl Pts',(-37.7610644553916,-26.6320710849514,-9.29328784247354));
#8420=CARTESIAN_POINT('Ctrl Pts',(-34.7631855255615,-19.4750014159501,-9.29328784247353));
#8421=CARTESIAN_POINT('Ctrl Pts',(-30.3294982506598,-13.0911448776048,-9.29328784247353));
#8422=CARTESIAN_POINT('Ctrl Pts',(-24.6361607402318,-7.78050712945625,-9.29328784247353));
#8423=CARTESIAN_POINT('Ctrl Pts',(-17.9379165988331,-3.80085946659963,-9.29328784247354));
#8424=CARTESIAN_POINT('Ctrl Pts',(-10.5439364236722,-1.34553722888375,-9.29328784247353));
#8425=CARTESIAN_POINT('Ctrl Pts',(-5.38574568899537,-0.795559600394548,
-9.29328784247353));
#8426=CARTESIAN_POINT('Ctrl Pts',(-2.80724947161563,-0.795559600394546,
-9.29328784247353));
#8427=CARTESIAN_POINT('Ctrl Pts',(-37.6372308244797,-34.3716499172884,-11.6389139906555));
#8428=CARTESIAN_POINT('Ctrl Pts',(-37.4225592945463,-31.9060590641233,-11.6389139906555));
#8429=CARTESIAN_POINT('Ctrl Pts',(-36.4860432721276,-27.0150649265011,-11.6389139906555));
#8430=CARTESIAN_POINT('Ctrl Pts',(-33.5958502174941,-20.1156030603488,-11.6389139906555));
#8431=CARTESIAN_POINT('Ctrl Pts',(-29.3219807825756,-13.9623797594121,-11.6389139906555));
#8432=CARTESIAN_POINT('Ctrl Pts',(-23.837176637966,-8.84604387727028,-11.6389139906555));
#8433=CARTESIAN_POINT('Ctrl Pts',(-17.3843853132799,-5.012695160612,-11.6389139906555));
#8434=CARTESIAN_POINT('Ctrl Pts',(-10.2626471969493,-2.64727552027816,-11.6389139906555));
#8435=CARTESIAN_POINT('Ctrl Pts',(-5.29118574445794,-2.11702638894782,-11.6389139906555));
#8436=CARTESIAN_POINT('Ctrl Pts',(-2.80724947161563,-2.11702638894782,-11.6389139906555));
#8437=CARTESIAN_POINT('Ctrl Pts',(-35.1698638789174,-34.586476086209,-12.45));
#8438=CARTESIAN_POINT('Ctrl Pts',(-34.9698661703281,-32.2894201090849,-12.45));
#8439=CARTESIAN_POINT('Ctrl Pts',(-34.097439971647,-27.7343698786947,-12.45));
#8440=CARTESIAN_POINT('Ctrl Pts',(-31.4080295624811,-21.3151065367059,-12.45));
#8441=CARTESIAN_POINT('Ctrl Pts',(-27.4347680595202,-15.5952461363925,-12.45));
#8442=CARTESIAN_POINT('Ctrl Pts',(-22.3396619781029,-10.8426812669147,-12.45));
#8443=CARTESIAN_POINT('Ctrl Pts',(-16.3476468529491,-7.28318059652659,-12.45));
#8444=CARTESIAN_POINT('Ctrl Pts',(-9.73439413595499,-5.08651017664423,-12.45));
#8445=CARTESIAN_POINT('Ctrl Pts',(-5.11569194176876,-4.59372780956885,-12.45));
#8446=CARTESIAN_POINT('Ctrl Pts',(-2.80724947161563,-4.59372780956885,-12.45));
#8447=CARTESIAN_POINT('Ctrl Pts',(-34.1141934735742,-34.6783901118996,-12.45));
#8448=CARTESIAN_POINT('Ctrl Pts',(-33.9204548147662,-32.4532218969541,-12.45));
#8449=CARTESIAN_POINT('Ctrl Pts',(-33.0756079643688,-28.042324939392,-12.45));
#8450=CARTESIAN_POINT('Ctrl Pts',(-30.4719647533953,-21.8281697462669,-12.45));
#8451=CARTESIAN_POINT('Ctrl Pts',(-26.62746195707,-16.293871949713,-12.45));
#8452=CARTESIAN_POINT('Ctrl Pts',(-21.6989386988885,-11.6968958003377,-12.45));
#8453=CARTESIAN_POINT('Ctrl Pts',(-15.9041670942729,-8.25451592473975,-12.45));
#8454=CARTESIAN_POINT('Ctrl Pts',(-9.50823906807355,-6.13007893745306,-12.45));
#8455=CARTESIAN_POINT('Ctrl Pts',(-5.04083588201496,-5.65339199827969,-12.45));
#8456=CARTESIAN_POINT('Ctrl Pts',(-2.80724947161563,-5.65339199827969,-12.45));
#8457=CARTESIAN_POINT('',(-39.0763941025051,-34.2463463283653,-7.88577871373829));
#8458=CARTESIAN_POINT('Origin',(-34.1141934735742,-34.6783901118996,-7.45));
#8459=CARTESIAN_POINT('Ctrl Pts',(-39.0763941025051,-34.2463463283653,-7.88577871373829));
#8460=CARTESIAN_POINT('Ctrl Pts',(-38.8531536308564,-31.6823376536991,-7.88577871373829));
#8461=CARTESIAN_POINT('Ctrl Pts',(-37.8793379523931,-26.5956128926627,-7.88577871373829));
#8462=CARTESIAN_POINT('Ctrl Pts',(-34.8719604743145,-19.4158807004341,-7.88577871373829));
#8463=CARTESIAN_POINT('Ctrl Pts',(-30.4228271890804,-13.009962600344,-7.88577871373829));
#8464=CARTESIAN_POINT('Ctrl Pts',(-24.7106417561975,-7.68141970684376,-7.88577871373829));
#8465=CARTESIAN_POINT('Ctrl Pts',(-17.9891410197775,-3.68831722639764,-7.88577871373829));
#8466=CARTESIAN_POINT('Ctrl Pts',(-10.5706928635373,-1.22448722408303,-7.88577871373829));
#8467=CARTESIAN_POINT('Ctrl Pts',(-5.39366730882794,-0.672418507820964,
-7.88577871373829));
#8468=CARTESIAN_POINT('Ctrl Pts',(-2.80724947161563,-0.672418507820962,
-7.88577871373829));
#8469=CARTESIAN_POINT('Origin',(-35.5522403293519,-51.1949499702473,-7.45));
#8470=CARTESIAN_POINT('',(-36.5900501262878,-46.2351809768225,-12.2308370255794));
#8471=CARTESIAN_POINT('',(-39.8739284493777,-43.4063564673166,-7.88577871373829));
#8472=CARTESIAN_POINT('Ctrl Pts',(-36.5900501262878,-46.2351809768225,-12.2308370255794));
#8473=CARTESIAN_POINT('Ctrl Pts',(-36.6675759121013,-45.7252553880202,-12.1936394150566));
#8474=CARTESIAN_POINT('Ctrl Pts',(-36.8172839323505,-45.2467887327715,-12.1310761108305));
#8475=CARTESIAN_POINT('Ctrl Pts',(-37.1837004349944,-44.4861869923956,-11.9414150073146));
#8476=CARTESIAN_POINT('Ctrl Pts',(-37.3867578610423,-44.1763892860364,-11.8268385222642));
#8477=CARTESIAN_POINT('Ctrl Pts',(-37.8361977735644,-43.6741617028199,-11.5127896319475));
#8478=CARTESIAN_POINT('Ctrl Pts',(-38.067692626979,-43.4841299057567,-11.3272569467747));
#8479=CARTESIAN_POINT('Ctrl Pts',(-38.5314209308691,-43.2095070310966,-10.8718757054086));
#8480=CARTESIAN_POINT('Ctrl Pts',(-38.751871644488,-43.1298988886078,-10.6143044631586));
#8481=CARTESIAN_POINT('Ctrl Pts',(-39.1754547782923,-43.0524855592606,-10.0052732696914));
#8482=CARTESIAN_POINT('Ctrl Pts',(-39.3659624571984,-43.0671578155808,-9.6555627939608));
#8483=CARTESIAN_POINT('Ctrl Pts',(-39.7002847350108,-43.1719129296112,-8.83756940405873));
#8484=CARTESIAN_POINT('Ctrl Pts',(-39.8209451113988,-43.2786286378726,-8.3624654627636));
#8485=CARTESIAN_POINT('Ctrl Pts',(-39.8739284493777,-43.4063564673166,-7.88577871373828));
#8486=CARTESIAN_POINT('',(-40.5144409582828,-50.762906186713,-7.88577871373829));
#8487=CARTESIAN_POINT('Origin',(-35.6555162501406,-52.381116415922,-7.45));
#8488=CARTESIAN_POINT('Origin',(36.9333753445622,-43.9773124500783,-12.45));
#8489=CARTESIAN_POINT('',(36.3907730727652,-47.5457208477722,-8.23109418408636));
#8490=CARTESIAN_POINT('Ctrl Pts',(36.3907629982711,-47.5457871023955,-8.2311097890107));
#8491=CARTESIAN_POINT('Ctrl Pts',(36.4547161405739,-47.1252010821851,-9.56971881790559));
#8492=CARTESIAN_POINT('Ctrl Pts',(36.520980738148,-46.6894138421683,-10.9033642678324));
#8493=CARTESIAN_POINT('Ctrl Pts',(36.5900500848193,-46.2351812495391,-12.2308370454752));
#8494=CARTESIAN_POINT('',(34.998534201851,-56.7017401584033,-10.45));
#8495=CARTESIAN_POINT('Origin',(34.998534201851,-56.7017401584033,9.55));
#8496=CARTESIAN_POINT('',(33.8786615536737,-64.0665507569078,-10.45));
#8497=CARTESIAN_POINT('',(35.2018353495969,-55.3647359463227,-10.45));
#8498=CARTESIAN_POINT('',(33.8735314219922,-64.1002889219051,-10.4162618350028));
#8499=CARTESIAN_POINT('Ctrl Pts',(40.174053283025,-44.1298699243814,-5.18558889763733));
#8500=CARTESIAN_POINT('Ctrl Pts',(39.9527599619408,-43.5963944804813,-7.17654615686374));
#8501=CARTESIAN_POINT('Ctrl Pts',(39.7316915835765,-43.0634613344662,-9.16547958045063));
#8502=CARTESIAN_POINT('Ctrl Pts',(39.51098298593,-42.5313955437547,-11.1511760268517));
#8503=CARTESIAN_POINT('Ctrl Pts',(39.051713176871,-44.3537338063084,-5.3056394009269));
#8504=CARTESIAN_POINT('Ctrl Pts',(38.9063167276325,-43.8773235772125,-7.3149546669972));
#8505=CARTESIAN_POINT('Ctrl Pts',(38.7670620968477,-43.3874743265871,-9.31989074874319));
#8506=CARTESIAN_POINT('Ctrl Pts',(38.6359462530476,-42.8876549966198,-11.319806193419));
#8507=CARTESIAN_POINT('Ctrl Pts',(37.2514970776546,-45.4221894926263,-5.71405777523681));
#8508=CARTESIAN_POINT('Ctrl Pts',(37.2639281192916,-44.9561725661095,-7.7348132810513));
#8509=CARTESIAN_POINT('Ctrl Pts',(37.2837426145624,-44.4653293848748,-9.74892230239339));
#8510=CARTESIAN_POINT('Ctrl Pts',(37.3102643498391,-43.942714272107,-11.7528751990884));
#8511=CARTESIAN_POINT('Ctrl Pts',(36.4362441071954,-47.2466818662162,-6.30695812386653));
#8512=CARTESIAN_POINT('Ctrl Pts',(36.5223536560889,-46.6821631549501,-8.31684348609059));
#8513=CARTESIAN_POINT('Ctrl Pts',(36.612198477877,-46.0885942481574,-10.3178453827555));
#8514=CARTESIAN_POINT('Ctrl Pts',(36.7085182515702,-45.4560787225754,-12.305951382514));
#8515=CARTESIAN_POINT('Ctrl Pts',(36.3122437957086,-48.0621664033455,-6.56084115358454));
#8516=CARTESIAN_POINT('Ctrl Pts',(36.4050290696247,-47.4519666901595,-8.56614977824884));
#8517=CARTESIAN_POINT('Ctrl Pts',(36.5025143508649,-46.8108575125719,-10.561504493339));
#8518=CARTESIAN_POINT('Ctrl Pts',(36.6063435715351,-46.128027597875,-12.5428759207899));
#8519=CARTESIAN_POINT('',(40.1733920956768,-44.1307068622527,-5.18489818793873));
#8520=CARTESIAN_POINT('',(40.1194047111358,-43.9981302454587,-5.67724890712506));
#8521=CARTESIAN_POINT('',(37.2502251990691,-45.5784522942989,-7.20380517133257));
#8522=CARTESIAN_POINT('Ctrl Pts',(37.2502251989842,-45.5784522945393,-7.20380517084841));
#8523=CARTESIAN_POINT('Ctrl Pts',(37.6490656320107,-45.0745106589884,-6.91527739347057));
#8524=CARTESIAN_POINT('Ctrl Pts',(38.4218728377388,-44.4801800978775,-6.45585827582655));
#8525=CARTESIAN_POINT('Ctrl Pts',(39.4881855664263,-44.155250197095,-5.74866526717753));
#8526=CARTESIAN_POINT('Ctrl Pts',(39.9667066151347,-44.1243931065422,-5.36877670749592));
#8527=CARTESIAN_POINT('Ctrl Pts',(40.1733920956768,-44.1307068622527,-5.18489818793873));
#8528=CARTESIAN_POINT('Ctrl Pts',(36.3907775474367,-47.545691420222,-8.23107903092634));
#8529=CARTESIAN_POINT('Ctrl Pts',(36.499887286924,-46.8281343238111,-7.89055142447053));
#8530=CARTESIAN_POINT('Ctrl Pts',(36.7971317920575,-46.1509434805792,-7.53158044842549));
#8531=CARTESIAN_POINT('Ctrl Pts',(37.2502251989851,-45.5784522945381,-7.20380517084772));
#8532=CARTESIAN_POINT('Origin',(-42.9390917408019,-81.5,-10.45));
#8533=CARTESIAN_POINT('',(-41.8517888674621,-81.5,-3.70000000000001));
#8534=CARTESIAN_POINT('',(-41.8517888674621,-81.5,-1.7));
#8535=CARTESIAN_POINT('',(-41.8517888674621,-81.5,-3.7));
#8536=CARTESIAN_POINT('',(41.8517888674621,-81.5,-3.7));
#8537=CARTESIAN_POINT('',(40.,-81.5,-3.69999999999999));
#8538=CARTESIAN_POINT('',(41.8517888674621,-81.5,-1.7));
#8539=CARTESIAN_POINT('',(41.8517888674621,-81.5,-3.7));
#8540=CARTESIAN_POINT('',(-43.5582202609071,-81.5,-1.7));
#8541=CARTESIAN_POINT('Origin',(4.44089209850063E-15,-58.7207333926315,
-3.7));
#8542=CARTESIAN_POINT('',(-43.9226782662584,-115.308107078542,-3.7));
#8543=CARTESIAN_POINT('',(43.9226782662584,-115.308107078542,-3.7));
#8544=CARTESIAN_POINT('',(-20.5860515882059,-115.308107078542,-3.7));
#8545=CARTESIAN_POINT('',(44.719663134929,-114.438716019246,-3.7));
#8546=CARTESIAN_POINT('Origin',(43.9226782662584,-114.508107078542,-3.7));
#8547=CARTESIAN_POINT('',(42.0430125352724,-83.6962825084808,-3.7));
#8548=CARTESIAN_POINT('',(42.3899301490012,-81.5,-3.7));
#8549=CARTESIAN_POINT('',(-21.4695458704009,-81.5,-3.7));
#8550=CARTESIAN_POINT('',(42.2818564315176,-79.016895321117,-3.7));
#8551=CARTESIAN_POINT('',(41.8550754473369,-69.2111637949632,-3.7));
#8552=CARTESIAN_POINT('',(43.3420238551991,-79.016895321117,-3.7));
#8553=CARTESIAN_POINT('',(0.,-79.016895321117,-3.7));
#8554=CARTESIAN_POINT('',(46.4138548787983,-114.298138607565,-3.7));
#8555=CARTESIAN_POINT('',(40.3516633422378,-44.6713743723892,-3.7));
#8556=CARTESIAN_POINT('',(43.9457662010332,-117.008107078542,-3.7));
#8557=CARTESIAN_POINT('Origin',(43.9109534021833,-114.483538147245,-3.7));
#8558=CARTESIAN_POINT('',(-43.9457662010332,-117.008107078542,-3.7));
#8559=CARTESIAN_POINT('',(22.1139706172061,-117.008107078542,-3.7));
#8560=CARTESIAN_POINT('',(-46.4138548787983,-114.298138607565,-3.7));
#8561=CARTESIAN_POINT('Origin',(-43.9109534021833,-114.483538147245,-3.7));
#8562=CARTESIAN_POINT('',(-43.3420238551991,-79.016895321117,-3.7));
#8563=CARTESIAN_POINT('',(-40.7896018672783,-49.7012785330548,-3.7));
#8564=CARTESIAN_POINT('',(-42.2818564315176,-79.016895321117,-3.7));
#8565=CARTESIAN_POINT('',(0.,-79.016895321117,-3.7));
#8566=CARTESIAN_POINT('',(-42.3899301490012,-81.5,-3.7));
#8567=CARTESIAN_POINT('',(-41.8010385885951,-67.9696114555216,-3.7));
#8568=CARTESIAN_POINT('',(-21.4695458704009,-81.5,-3.7));
#8569=CARTESIAN_POINT('',(-44.719663134929,-114.438716019246,-3.7));
#8570=CARTESIAN_POINT('',(-40.710150312622,-68.3878114424043,-3.7));
#8571=CARTESIAN_POINT('Origin',(-43.9226782662584,-114.508107078542,-3.7));
#8572=CARTESIAN_POINT('Origin',(44.5175133127629,-112.116942132153,-3.7));
#8573=CARTESIAN_POINT('',(44.719663134929,-114.438716019246,-1.7));
#8574=CARTESIAN_POINT('',(44.719663134929,-114.438716019246,-3.7));
#8575=CARTESIAN_POINT('',(44.7953583820012,-115.308107078542,-1.7));
#8576=CARTESIAN_POINT('Origin',(36.5295430336581,-53.2851698367759,-8.45));
#8577=CARTESIAN_POINT('',(36.3030284533993,-54.7748365271096,-5.45));
#8578=CARTESIAN_POINT('',(33.3371204865279,-54.3238487977328,-8.45));
#8579=CARTESIAN_POINT('Origin',(36.3030284533993,-54.7748365271096,-8.45));
#8580=CARTESIAN_POINT('',(31.7897630476622,-64.5000009557318,-8.45));
#8581=CARTESIAN_POINT('',(33.5636350667867,-52.834182107399,-8.45));
#8582=CARTESIAN_POINT('',(34.8242469563094,-64.5000009557318,-5.45));
#8583=CARTESIAN_POINT('Origin',(34.8242469563094,-64.5000009557318,-8.45));
#8584=CARTESIAN_POINT('',(36.5295430336581,-53.2851698367759,-5.45));
#8585=CARTESIAN_POINT('Ctrl Pts',(34.1475705734189,-48.9939468671798,-8.31411538278337));
#8586=CARTESIAN_POINT('Ctrl Pts',(33.8776332544535,-50.7691819627811,-8.405682555968));
#8587=CARTESIAN_POINT('Ctrl Pts',(33.6072843000986,-52.5471241668058,-8.45));
#8588=CARTESIAN_POINT('Ctrl Pts',(33.3371204865279,-54.3238487977328,-8.45));
#8589=CARTESIAN_POINT('Ctrl Pts',(34.1416048129537,-49.0331805210899,-7.53589609024341));
#8590=CARTESIAN_POINT('Ctrl Pts',(33.8724338145907,-50.7966239811653,-7.58635550516226));
#8591=CARTESIAN_POINT('Ctrl Pts',(33.6064923993868,-52.5621484114949,-7.5923633360744));
#8592=CARTESIAN_POINT('Ctrl Pts',(33.3371204865279,-54.3238487977328,-7.55240209897435));
#8593=CARTESIAN_POINT('Ctrl Pts',(34.6839393268255,-49.1854685398056,-6.1822372789486));
#8594=CARTESIAN_POINT('Ctrl Pts',(34.4784526228553,-50.9378214422431,-6.16427148362618));
#8595=CARTESIAN_POINT('Ctrl Pts',(34.2766554715742,-52.6900889180541,-6.10217006870326));
#8596=CARTESIAN_POINT('Ctrl Pts',(34.0817208394162,-54.4370706597032,-5.99829214212584));
#8597=CARTESIAN_POINT('Ctrl Pts',(35.9165090134083,-49.4079715121821,-5.50209693347117));
#8598=CARTESIAN_POINT('Ctrl Pts',(35.8196008868989,-51.1630344796814,-5.51391293303083));
#8599=CARTESIAN_POINT('Ctrl Pts',(35.7252928318123,-52.9196325082883,-5.49651167689232));
#8600=CARTESIAN_POINT('Ctrl Pts',(35.6374802619746,-54.6736351172904,-5.45));
#8601=CARTESIAN_POINT('Ctrl Pts',(36.4810187467555,-49.5000009557318,-5.38205769139169));
#8602=CARTESIAN_POINT('Ctrl Pts',(36.4217353641419,-51.2568950509417,-5.427841277984));
#8603=CARTESIAN_POINT('Ctrl Pts',(36.3623615785473,-53.0164682858418,-5.45));
#8604=CARTESIAN_POINT('Ctrl Pts',(36.3030284533993,-54.7748365271096,-5.45));
#8605=CARTESIAN_POINT('',(36.4810187467555,-49.5000009557318,-5.38205769139168));
#8606=CARTESIAN_POINT('',(34.0706214121334,-49.5000008301832,-8.33893167829189));
#8607=CARTESIAN_POINT('Ctrl Pts',(34.070621391166,-49.5000009557318,-8.33892615857149));
#8608=CARTESIAN_POINT('Ctrl Pts',(34.070534401955,-49.5000009557318,-7.99461919020439));
#8609=CARTESIAN_POINT('Ctrl Pts',(34.1335371706931,-49.5000009557322,-7.65139870168287));
#8610=CARTESIAN_POINT('Ctrl Pts',(34.3673521979976,-49.5000009557322,-7.0060657119505));
#8611=CARTESIAN_POINT('Ctrl Pts',(34.5375142193501,-49.5000009557318,-6.70349838214403));
#8612=CARTESIAN_POINT('Ctrl Pts',(34.999504071828,-49.5000009557318,-6.13381719088955));
#8613=CARTESIAN_POINT('Ctrl Pts',(35.2726813419546,-49.5000009557315,-5.9180191034472));
#8614=CARTESIAN_POINT('Ctrl Pts',(35.8235530588003,-49.5000009557315,-5.58389772336476));
#8615=CARTESIAN_POINT('Ctrl Pts',(36.1463662438646,-49.5000009557318,-5.45424394253733));
#8616=CARTESIAN_POINT('Ctrl Pts',(36.4810187467555,-49.5000009557318,-5.38205769139169));
#8617=CARTESIAN_POINT('Origin',(28.2953241823244,-87.4810787000766,71.3313101678592));
#8618=CARTESIAN_POINT('Origin',(35.1868944522559,-87.8520522567455,34.7396349400897));
#8619=CARTESIAN_POINT('Origin',(35.7735284715554,-48.6933113598439,-2.45));
#8620=CARTESIAN_POINT('',(36.331869873908,-55.1060921091629,-5.45));
#8621=CARTESIAN_POINT('',(35.7735284715554,-48.6933113598439,-5.45));
#8622=CARTESIAN_POINT('',(39.313104015309,-54.911523370894,-2.73031944721081));
#8623=CARTESIAN_POINT('Origin',(36.331869873908,-55.1060921091629,-2.45));
#8624=CARTESIAN_POINT('',(39.3149301460798,-54.9127908927938,-2.71146722824298));
#8625=CARTESIAN_POINT('Origin',(42.3625748193798,-124.371219889753,-2.45));
#8626=CARTESIAN_POINT('',(38.8436549158421,-49.5000009557318,-2.71146722824298));
#8627=CARTESIAN_POINT('',(38.7508488489139,-48.4340850897233,-2.71146722824298));
#8628=CARTESIAN_POINT('Origin',(35.8437644920648,-49.5000009557318,-2.45));
#8629=CARTESIAN_POINT('Origin',(37.0834357068632,-62.7386562250391,-5.45));
#8630=CARTESIAN_POINT('',(36.7407268421158,-64.5000009557318,-5.45));
#8631=CARTESIAN_POINT('',(33.6323439311174,-64.5000009557318,-5.45));
#8632=CARTESIAN_POINT('',(36.0455438672494,-48.5274579752177,-5.45));
#8633=CARTESIAN_POINT('Ctrl Pts',(36.5316336780499,-48.0000009557318,-5.33706554501029));
#8634=CARTESIAN_POINT('Ctrl Pts',(36.6309025942951,-45.0581146277253,-5.23706650828372));
#8635=CARTESIAN_POINT('Ctrl Pts',(36.7249264404309,-42.2716686996729,-5.07123799911329));
#8636=CARTESIAN_POINT('Ctrl Pts',(36.8074680433026,-39.8255050649248,-4.85058043035392));
#8637=CARTESIAN_POINT('Ctrl Pts',(35.8233734982091,-47.8790966301785,-5.53338151393112));
#8638=CARTESIAN_POINT('Ctrl Pts',(36.012801796516,-44.9402350785119,-5.50208222472135));
#8639=CARTESIAN_POINT('Ctrl Pts',(36.2043977420454,-42.1530076273868,-5.37180500999734));
#8640=CARTESIAN_POINT('Ctrl Pts',(36.3803012729975,-39.7050018058872,-5.16169966561275));
#8641=CARTESIAN_POINT('Ctrl Pts',(34.7278847873329,-47.6565883075168,-6.36469663505677));
#8642=CARTESIAN_POINT('Ctrl Pts',(35.103594039708,-44.7193430059256,-6.33811428172379));
#8643=CARTESIAN_POINT('Ctrl Pts',(35.468379803148,-41.9308794623946,-6.18222706254138));
#8644=CARTESIAN_POINT('Ctrl Pts',(35.7913667821686,-39.480701957436,-5.91639148079549));
#8645=CARTESIAN_POINT('Ctrl Pts',(34.372463887561,-47.5149423873196,-7.6667309543328));
#8646=CARTESIAN_POINT('Ctrl Pts',(34.8227812338908,-44.5561699202531,-7.51843596188861));
#8647=CARTESIAN_POINT('Ctrl Pts',(35.2487535228887,-41.7513219856245,-7.23961690944633));
#8648=CARTESIAN_POINT('Ctrl Pts',(35.6233817564361,-39.28831662452,-6.85083348216264));
#8649=CARTESIAN_POINT('Ctrl Pts',(34.3780374977213,-47.4782876987289,-8.22413109002058));
#8650=CARTESIAN_POINT('Ctrl Pts',(34.8300424934966,-44.50568970834,-8.02413301656744));
#8651=CARTESIAN_POINT('Ctrl Pts',(35.2581649086788,-41.6901548295098,-7.69247599822658));
#8652=CARTESIAN_POINT('Ctrl Pts',(35.634004781506,-39.2184546024852,-7.25116086070785));
#8653=CARTESIAN_POINT('',(35.6340123477568,-39.2188042061101,-7.25122033915377));
#8654=CARTESIAN_POINT('',(34.3780374977213,-47.4782876987289,-8.22413109002058));
#8655=CARTESIAN_POINT('Origin',(33.3371204865279,-54.3238487977328,-2.45));
#8656=CARTESIAN_POINT('',(36.5316336780499,-48.0000009557318,-5.33706554501029));
#8657=CARTESIAN_POINT('Origin',(37.3439454645927,-47.9292754281058,-8.22413109002058));
#8658=CARTESIAN_POINT('',(36.7294801050191,-42.109452535098,-5.03226679515017));
#8659=CARTESIAN_POINT('Origin',(36.3030284533993,-54.7748365271096,-2.45));
#8660=CARTESIAN_POINT('Ctrl Pts',(36.7285135478077,-42.1093696367365,-5.03066230733969));
#8661=CARTESIAN_POINT('Ctrl Pts',(36.7270393941337,-42.1070347813376,-5.03140491072387));
#8662=CARTESIAN_POINT('Ctrl Pts',(36.7255584114996,-42.1043711531496,-5.03213651699182));
#8663=CARTESIAN_POINT('Ctrl Pts',(36.7240788732711,-42.1017073688126,-5.03287039969669));
#8664=CARTESIAN_POINT('Ctrl Pts',(36.6802235858654,-42.0227496065658,-5.05462356316562));
#8665=CARTESIAN_POINT('Ctrl Pts',(36.6368767206673,-41.942558244226,-5.0784753626712));
#8666=CARTESIAN_POINT('Ctrl Pts',(36.5941634519262,-41.8614963960159,-5.10448653821109));
#8667=CARTESIAN_POINT('Ctrl Pts',(36.5445576903431,-41.7673538769742,-5.13469504742513));
#8668=CARTESIAN_POINT('Ctrl Pts',(36.4958042925945,-41.6720368972127,-5.16781736529741));
#8669=CARTESIAN_POINT('Ctrl Pts',(36.4480523823057,-41.5761675803148,-5.20397368601534));
#8670=CARTESIAN_POINT('Ctrl Pts',(36.4052475488735,-41.4902302823876,-5.23638422784486));
#8671=CARTESIAN_POINT('Ctrl Pts',(36.3632441457362,-41.4038504683359,-5.27123368384054));
#8672=CARTESIAN_POINT('Ctrl Pts',(36.3221588411476,-41.3175050348345,-5.30860900965379));
#8673=CARTESIAN_POINT('Ctrl Pts',(36.2869976602576,-41.2436098200668,-5.34059515664482));
#8674=CARTESIAN_POINT('Ctrl Pts',(36.2525078626265,-41.1697404246669,-5.37443131435919));
#8675=CARTESIAN_POINT('Ctrl Pts',(36.2187948164778,-41.0962062762086,-5.41016729169009));
#8676=CARTESIAN_POINT('Ctrl Pts',(36.1874556167684,-41.0278499089487,-5.44338698134501));
#8677=CARTESIAN_POINT('Ctrl Pts',(36.1567869163226,-40.9597834740757,-5.47824828010664));
#8678=CARTESIAN_POINT('Ctrl Pts',(36.1269151825428,-40.8922600353216,-5.51478733613741));
#8679=CARTESIAN_POINT('Ctrl Pts',(36.0992962328789,-40.8298288932316,-5.5485707903125));
#8680=CARTESIAN_POINT('Ctrl Pts',(36.0723583187403,-40.7678620532357,-5.58378838630303));
#8681=CARTESIAN_POINT('Ctrl Pts',(36.0462447731801,-40.7065612042107,-5.62046663099117));
#8682=CARTESIAN_POINT('Ctrl Pts',(36.0244788924333,-40.6554663819285,-5.65103828576871));
#8683=CARTESIAN_POINT('Ctrl Pts',(36.0032862708121,-40.6048342905407,-5.6826246569556));
#8684=CARTESIAN_POINT('Ctrl Pts',(35.9827777745282,-40.5547820072185,-5.71524055401468));
#8685=CARTESIAN_POINT('Ctrl Pts',(35.9564338739981,-40.4904880504656,-5.75713684596752));
#8686=CARTESIAN_POINT('Ctrl Pts',(35.9311322951195,-40.426986630624,-5.80084355732149));
#8687=CARTESIAN_POINT('Ctrl Pts',(35.9069518108009,-40.3645135475692,-5.84648571986118));
#8688=CARTESIAN_POINT('Ctrl Pts',(35.8835866658339,-40.3041469882032,-5.89058887885098));
#8689=CARTESIAN_POINT('Ctrl Pts',(35.8612681290082,-40.2447405534217,-5.93649903441132));
#8690=CARTESIAN_POINT('Ctrl Pts',(35.840113552596,-40.1865211523173,-5.98432215485674));
#8691=CARTESIAN_POINT('Ctrl Pts',(35.8328594791315,-40.1665572539893,-6.0007210853883));
#8692=CARTESIAN_POINT('Ctrl Pts',(35.8257426922903,-40.1467330622892,-6.01734490120366));
#8693=CARTESIAN_POINT('Ctrl Pts',(35.8187692854849,-40.1270581417141,-6.03419771593846));
#8694=CARTESIAN_POINT('Ctrl Pts',(35.7994954112831,-40.0726784167566,-6.08077739215825));
#8695=CARTESIAN_POINT('Ctrl Pts',(35.7813132247326,-40.0194383864469,-6.12910742069237));
#8696=CARTESIAN_POINT('Ctrl Pts',(35.7643712699168,-39.9674984900608,-6.17919323004304));
#8697=CARTESIAN_POINT('Ctrl Pts',(35.7476635399315,-39.9162766698092,-6.22858659626476));
#8698=CARTESIAN_POINT('Ctrl Pts',(35.7321619657295,-39.8663192195235,-6.27968757988641));
#8699=CARTESIAN_POINT('Ctrl Pts',(35.7180569517942,-39.8177894402306,-6.33248905963387));
#8700=CARTESIAN_POINT('Ctrl Pts',(35.7068265916331,-39.7791502086426,-6.37452940339556));
#8701=CARTESIAN_POINT('Ctrl Pts',(35.6964824582252,-39.7414161808993,-6.41764754655318));
#8702=CARTESIAN_POINT('Ctrl Pts',(35.6871429598149,-39.7046745879981,-6.46183358751207));
#8703=CARTESIAN_POINT('Ctrl Pts',(35.6733419220112,-39.6503812961831,-6.52712758884691));
#8704=CARTESIAN_POINT('Ctrl Pts',(35.661737479424,-39.5985823887312,-6.59436777289113));
#8705=CARTESIAN_POINT('Ctrl Pts',(35.6525257435264,-39.5494347426633,-6.66351723537432));
#8706=CARTESIAN_POINT('Ctrl Pts',(35.6428886083469,-39.4980174512672,-6.73586002992997));
#8707=CARTESIAN_POINT('Ctrl Pts',(35.6358706727047,-39.4495012188068,-6.81029322862188));
#8708=CARTESIAN_POINT('Ctrl Pts',(35.6317343898375,-39.4041083747545,-6.88675258916392));
#8709=CARTESIAN_POINT('Ctrl Pts',(35.6278843856081,-39.3618572407791,-6.95792007719817));
#8710=CARTESIAN_POINT('Ctrl Pts',(35.6265317439181,-39.3223122292099,-7.03084317737504));
#8711=CARTESIAN_POINT('Ctrl Pts',(35.62791048652,-39.2856917336075,-7.10544549058471));
#8712=CARTESIAN_POINT('Ctrl Pts',(35.6280130070708,-39.2829687065729,-7.11099276984377));
#8713=CARTESIAN_POINT('Ctrl Pts',(35.6281306376925,-39.2802618682013,-7.11654932079033));
#8714=CARTESIAN_POINT('Ctrl Pts',(35.6282634782402,-39.2775713174278,-7.12211510561046));
#8715=CARTESIAN_POINT('Ctrl Pts',(35.6292779564361,-39.257024088868,-7.16461995403728));
#8716=CARTESIAN_POINT('Ctrl Pts',(35.6311793845053,-39.2374264656667,-7.20766363946226));
#8717=CARTESIAN_POINT('Ctrl Pts',(35.6340123477568,-39.2188042061101,-7.25122033915377));
#8718=CARTESIAN_POINT('Ctrl Pts',(41.1885769451097,-38.9773124500783,-2.97282837047021));
#8719=CARTESIAN_POINT('Ctrl Pts',(41.0833558356578,-38.9773124500783,-4.17123032662283));
#8720=CARTESIAN_POINT('Ctrl Pts',(39.9692864783676,-38.9773124500783,-6.89511654542275));
#8721=CARTESIAN_POINT('Ctrl Pts',(37.2755014712561,-38.9773124500783,-8.30243127351141));
#8722=CARTESIAN_POINT('Ctrl Pts',(35.6706721875704,-38.9773124500783,-8.43076362543236));
#8723=CARTESIAN_POINT('Ctrl Pts',(40.7168736357443,-38.9773124499274,-2.93141202287892));
#8724=CARTESIAN_POINT('Ctrl Pts',(40.6204237989961,-38.9773141550926,-4.03489031552504));
#8725=CARTESIAN_POINT('Ctrl Pts',(39.6001468663959,-38.9773075275438,-6.5446074904209));
#8726=CARTESIAN_POINT('Ctrl Pts',(37.1193311919414,-38.9772893201303,-7.85606548577218));
#8727=CARTESIAN_POINT('Ctrl Pts',(35.6347395095608,-38.9773124500783,-7.98141618460404));
#8728=CARTESIAN_POINT('Ctrl Pts',(39.7751119109773,-39.2060155778243,-2.84872375812096));
#8729=CARTESIAN_POINT('Ctrl Pts',(39.696176187999,-39.2055885418887,-3.7626186499552));
#8730=CARTESIAN_POINT('Ctrl Pts',(38.8630760532084,-39.2010490029903,-5.84470052310699));
#8731=CARTESIAN_POINT('Ctrl Pts',(36.8073842883259,-39.1904245857059,-6.96470204867788));
#8732=CARTESIAN_POINT('Ctrl Pts',(35.5629798993307,-39.1842666656679,-7.08404368141762));
#8733=CARTESIAN_POINT('Ctrl Pts',(38.4853661732016,-40.3170193705999,-2.7354818773806));
#8734=CARTESIAN_POINT('Ctrl Pts',(38.429734220444,-40.3146733302507,-3.39006431089753));
#8735=CARTESIAN_POINT('Ctrl Pts',(37.8450190490866,-40.2897010832161,-4.88451366687716));
#8736=CARTESIAN_POINT('Ctrl Pts',(36.3704353257981,-40.2308573000745,-5.72186833999849));
#8737=CARTESIAN_POINT('Ctrl Pts',(35.4622053771214,-40.196618705283,-5.8238321924968));
#8738=CARTESIAN_POINT('Ctrl Pts',(38.1500962358361,-41.5289789124857,-2.70604468649666));
#8739=CARTESIAN_POINT('Ctrl Pts',(38.0993904165198,-41.524985803652,-3.2921840375625));
#8740=CARTESIAN_POINT('Ctrl Pts',(37.5635489268707,-41.4826492846927,-4.62948524161981));
#8741=CARTESIAN_POINT('Ctrl Pts',(36.2361830102958,-41.3815951478151,-5.35582638865506));
#8742=CARTESIAN_POINT('Ctrl Pts',(35.4311666396322,-41.3220321998034,-5.43568474483011));
#8743=CARTESIAN_POINT('Ctrl Pts',(38.2112595423118,-42.2366270371278,-2.71141485227673));
#8744=CARTESIAN_POINT('Ctrl Pts',(38.1582528797571,-42.2320807897322,-3.31061745298148));
#8745=CARTESIAN_POINT('Ctrl Pts',(37.5970241281586,-42.1839456371636,-4.67256362352582));
#8746=CARTESIAN_POINT('Ctrl Pts',(36.2399944277037,-42.0675561741819,-5.37621816888448));
#8747=CARTESIAN_POINT('Ctrl Pts',(35.4315422936126,-41.9982167754107,-5.44038239510431));
#8748=CARTESIAN_POINT('',(38.2112472522941,-42.2365387201989,-2.71146722824298));
#8749=CARTESIAN_POINT('Origin',(35.188786782098,-41.9773124500783,-2.45));
#8750=CARTESIAN_POINT('',(37.489333836505,-38.9882719725902,-7.71144928683066));
#8751=CARTESIAN_POINT('Ctrl Pts',(37.4893354594157,-38.9882725788171,-7.71143140802898));
#8752=CARTESIAN_POINT('Ctrl Pts',(37.5218543674992,-39.0143548237534,-7.36699816788517));
#8753=CARTESIAN_POINT('Ctrl Pts',(37.5741873916687,-39.0952429015586,-6.85127822291115));
#8754=CARTESIAN_POINT('Ctrl Pts',(37.7163117072085,-39.5971707699455,-5.73053841336581));
#8755=CARTESIAN_POINT('Ctrl Pts',(37.7808104234572,-39.8841686474557,-5.28063130780251));
#8756=CARTESIAN_POINT('Ctrl Pts',(37.9616255258267,-40.78836748311,-4.11814375918191));
#8757=CARTESIAN_POINT('Ctrl Pts',(38.0884550570893,-41.5346102519122,-3.41378624341222));
#8758=CARTESIAN_POINT('Ctrl Pts',(38.2105711570595,-42.2326743851239,-2.71533469170282));
#8759=CARTESIAN_POINT('Ctrl Pts',(38.210909218824,-42.2346067167532,-2.71340096156383));
#8760=CARTESIAN_POINT('Ctrl Pts',(38.2112472522941,-42.2365387201991,-2.71146722824317));
#8761=CARTESIAN_POINT('',(37.4465464602386,-38.9773124500783,-8.01188612183738));
#8762=CARTESIAN_POINT('Ctrl Pts',(37.4478833540208,-38.9773124500783,-8.00485942949492));
#8763=CARTESIAN_POINT('Ctrl Pts',(37.4570101843817,-38.9773111961868,-7.95654627182131));
#8764=CARTESIAN_POINT('Ctrl Pts',(37.4650153033489,-38.9781811226482,-7.90803795908439));
#8765=CARTESIAN_POINT('Ctrl Pts',(37.4788618073407,-38.9817812130663,-7.81016547876679));
#8766=CARTESIAN_POINT('Ctrl Pts',(37.4846715704115,-38.9845318014083,-7.76083369757949));
#8767=CARTESIAN_POINT('Ctrl Pts',(37.4893337772163,-38.9882712296694,-7.71144922497893));
#8768=CARTESIAN_POINT('',(35.6706721875704,-38.9773124500783,-8.43076362543236));
#8769=CARTESIAN_POINT('Origin',(35.188786782098,-38.9773124500783,-2.45));
#8770=CARTESIAN_POINT('Ctrl Pts',(35.6706721875704,-38.9773124500783,-8.43076362543236));
#8771=CARTESIAN_POINT('Ctrl Pts',(35.6706721875704,-38.9773124500783,-8.2286268175179));
#8772=CARTESIAN_POINT('Ctrl Pts',(35.6675284224217,-38.9979873326345,-8.02659729927294));
#8773=CARTESIAN_POINT('Ctrl Pts',(35.6552010852491,-39.0790577147066,-7.63064865704192));
#8774=CARTESIAN_POINT('Ctrl Pts',(35.6460179254082,-39.1394505035136,-7.43683118911193));
#8775=CARTESIAN_POINT('Ctrl Pts',(35.6339515305286,-39.2188048060225,-7.25122455062176));
#8776=CARTESIAN_POINT('Ctrl Pts',(34.3780374977213,-47.4782876987289,-8.22413109002058));
#8777=CARTESIAN_POINT('Ctrl Pts',(34.3516719503764,-47.6516799704634,-8.23579702009612));
#8778=CARTESIAN_POINT('Ctrl Pts',(34.3252264974823,-47.8255977387684,-8.24701970090928));
#8779=CARTESIAN_POINT('Ctrl Pts',(34.2987072286132,-48.0000009557318,-8.2577965482219));
#8780=CARTESIAN_POINT('Ctrl Pts',(34.3706060175076,-47.5271606168499,-7.48093090910354));
#8781=CARTESIAN_POINT('Ctrl Pts',(34.3443061302499,-47.6994673875519,-7.48850993811902));
#8782=CARTESIAN_POINT('Ctrl Pts',(34.3182243406522,-47.872331259801,-7.49577669125865));
#8783=CARTESIAN_POINT('Ctrl Pts',(34.2917705269824,-48.0456199765846,-7.50246801744303));
#8784=CARTESIAN_POINT('Ctrl Pts',(34.860527327516,-47.6887210920611,-6.18688112247352));
#8785=CARTESIAN_POINT('Ctrl Pts',(34.8402232845907,-47.8600230121658,-6.18761522921857));
#8786=CARTESIAN_POINT('Ctrl Pts',(34.8198156537414,-48.0318080733192,-6.18786626210273));
#8787=CARTESIAN_POINT('Ctrl Pts',(34.7994764050362,-48.2040612270309,-6.18773517582234));
#8788=CARTESIAN_POINT('Ctrl Pts',(36.0004385431693,-47.9093227115669,-5.48430252170091));
#8789=CARTESIAN_POINT('Ctrl Pts',(35.9907496282307,-48.0807984253776,-5.487182895819));
#8790=CARTESIAN_POINT('Ctrl Pts',(35.9810114240233,-48.2527774440334,-5.48984387071333));
#8791=CARTESIAN_POINT('Ctrl Pts',(35.9713396822487,-48.4252346030849,-5.49213369360315));
#8792=CARTESIAN_POINT('Ctrl Pts',(36.5316336780499,-48.0000009557318,-5.33706554501029));
#8793=CARTESIAN_POINT('Ctrl Pts',(36.5258433010948,-48.1716018096808,-5.34289851004806));
#8794=CARTESIAN_POINT('Ctrl Pts',(36.5200353753573,-48.3437227309854,-5.34850985045464));
#8795=CARTESIAN_POINT('Ctrl Pts',(36.5142112382242,-48.5163240854921,-5.35389827411095));
#8796=CARTESIAN_POINT('',(34.2987072286132,-48.0000009557318,-8.2577965482219));
#8797=CARTESIAN_POINT('Ctrl Pts',(36.5316336780499,-48.0000009557318,-5.33706554501029));
#8798=CARTESIAN_POINT('Ctrl Pts',(36.2014006585454,-48.0000009557318,-5.42998071090001));
#8799=CARTESIAN_POINT('Ctrl Pts',(35.8864886373211,-48.0000009557318,-5.57952877766135));
#8800=CARTESIAN_POINT('Ctrl Pts',(35.3326757539748,-48.0000009557318,-5.96418038881786));
#8801=CARTESIAN_POINT('Ctrl Pts',(35.109914313352,-48.0000009557318,-6.18167929736229));
#8802=CARTESIAN_POINT('Ctrl Pts',(34.7427755968242,-48.0000009557318,-6.66309394172115));
#8803=CARTESIAN_POINT('Ctrl Pts',(34.5955929956367,-48.0000009557318,-6.93098746248616));
#8804=CARTESIAN_POINT('Ctrl Pts',(34.3656055118691,-48.0000009557318,-7.54737941541578));
#8805=CARTESIAN_POINT('Ctrl Pts',(34.2987072286132,-48.0000009557318,-7.90210095598075));
#8806=CARTESIAN_POINT('Ctrl Pts',(34.2987072286132,-48.0000009557318,-8.2577965482219));
#8807=CARTESIAN_POINT('Origin',(33.3371204865279,-54.3238487977328,-2.45));
#8808=CARTESIAN_POINT('Origin',(34.9561033666479,-43.676653963827,-10.45));
#8809=CARTESIAN_POINT('',(35.6706721875704,-38.9773124500783,-10.2091582733289));
#8810=CARTESIAN_POINT('',(35.6706721875704,-38.9773124500783,-10.45));
#8811=CARTESIAN_POINT('Origin',(34.9189301829864,-43.9211223482064,-7.45));
#8812=CARTESIAN_POINT('',(34.2987072286132,-48.0000009557318,-6.57479746524586));
#8813=CARTESIAN_POINT('Origin',(40.1107691906434,-38.9773124500783,-10.45));
#8814=CARTESIAN_POINT('Origin',(34.4884876246971,-38.9773124500783,-7.45));
#8815=CARTESIAN_POINT('Ctrl Pts',(20.6594176198753,-80.2426198942445,-5.45));
#8816=CARTESIAN_POINT('Ctrl Pts',(23.0924931288158,-80.2478399594184,-5.45));
#8817=CARTESIAN_POINT('Ctrl Pts',(27.2624194050141,-78.6199168369002,-5.45));
#8818=CARTESIAN_POINT('Ctrl Pts',(31.9337076624326,-73.1228588530004,-5.45));
#8819=CARTESIAN_POINT('Ctrl Pts',(33.7045864268445,-68.9624441326073,-5.45));
#8820=CARTESIAN_POINT('Ctrl Pts',(34.3051644108452,-66.7609831969192,-5.45));
#8821=CARTESIAN_POINT('Ctrl Pts',(20.6603535890103,-79.7939120034856,-5.45000054663232));
#8822=CARTESIAN_POINT('Ctrl Pts',(22.9759530108554,-79.7876584444977,-5.44992765557908));
#8823=CARTESIAN_POINT('Ctrl Pts',(26.948055481749,-78.1682857143257,-5.45249357967589));
#8824=CARTESIAN_POINT('Ctrl Pts',(31.3463223104457,-72.7565903832228,-5.45099956576818));
#8825=CARTESIAN_POINT('Ctrl Pts',(32.9711871644916,-68.6858166422309,-5.45167823330106));
#8826=CARTESIAN_POINT('Ctrl Pts',(33.5031465776012,-66.5421758327617,-5.44997982654642));
#8827=CARTESIAN_POINT('Ctrl Pts',(20.6619919972597,-79.0080460573325,-5.62965228474863));
#8828=CARTESIAN_POINT('Ctrl Pts',(22.7719557183449,-78.9818023191163,-5.63880183090683));
#8829=CARTESIAN_POINT('Ctrl Pts',(26.3943415237099,-77.3770686474124,-5.69408359682878));
#8830=CARTESIAN_POINT('Ctrl Pts',(30.3181412143619,-72.1171440012637,-5.86777457040871));
#8831=CARTESIAN_POINT('Ctrl Pts',(31.690897873304,-68.2042066506606,-6.01036242420759));
#8832=CARTESIAN_POINT('Ctrl Pts',(32.1088659567099,-66.161777722097,-6.09225269736044));
#8833=CARTESIAN_POINT('Ctrl Pts',(20.6633484576222,-78.3577130295747,-6.09178718025545));
#8834=CARTESIAN_POINT('Ctrl Pts',(22.6030444228773,-78.3214995877658,-6.12285220297331));
#8835=CARTESIAN_POINT('Ctrl Pts',(25.9478313591639,-76.7748561264615,-6.3140210354936));
#8836=CARTESIAN_POINT('Ctrl Pts',(29.6649620664769,-71.7320124476175,-6.86090047560772));
#8837=CARTESIAN_POINT('Ctrl Pts',(31.0433378093194,-67.9692227501421,-7.2689859609846));
#8838=CARTESIAN_POINT('Ctrl Pts',(31.4981852319839,-65.995171557523,-7.48765528277182));
#8839=CARTESIAN_POINT('Ctrl Pts',(20.6638456913233,-78.119169316301,-6.33081681604149));
#8840=CARTESIAN_POINT('Ctrl Pts',(22.5411225701871,-78.0815650960827,-6.37253210206886));
#8841=CARTESIAN_POINT('Ctrl Pts',(25.7869672103896,-76.5716802821358,-6.63124651399574));
#8842=CARTESIAN_POINT('Ctrl Pts',(29.4877581524108,-71.6362361167766,-7.34097938310236));
#8843=CARTESIAN_POINT('Ctrl Pts',(30.9274355485848,-67.9312384469312,-7.84727246786222));
#8844=CARTESIAN_POINT('Ctrl Pts',(31.4296749919657,-65.9764784102227,-8.10924943387567));
#8845=CARTESIAN_POINT('',(30.1867851930078,-75.041939195175,-5.45));
#8846=CARTESIAN_POINT('',(31.5560925182579,-66.0362828247689,-7.49297322404851));
#8847=CARTESIAN_POINT('Ctrl Pts',(31.5560824245199,-66.0367949231395,-7.49413093704948));
#8848=CARTESIAN_POINT('Ctrl Pts',(31.3276505403274,-67.5390707082258,-6.96995278386392));
#8849=CARTESIAN_POINT('Ctrl Pts',(31.101293367631,-69.0277022129893,-6.47722242152313));
#8850=CARTESIAN_POINT('Ctrl Pts',(30.688922116208,-71.7396500116447,-5.80153691190411));
#8851=CARTESIAN_POINT('Ctrl Pts',(30.4924542775218,-73.0317151603903,-5.55400592686652));
#8852=CARTESIAN_POINT('Ctrl Pts',(30.2662001094681,-74.5196692572689,-5.45957996665166));
#8853=CARTESIAN_POINT('Ctrl Pts',(30.2266426088771,-74.7798180340764,-5.45033093720591));
#8854=CARTESIAN_POINT('Ctrl Pts',(30.1872218061516,-75.0390678212613,-5.45));
#8855=CARTESIAN_POINT('',(31.4243918792077,-66.0000009557318,-8.09969970424464));
#8856=CARTESIAN_POINT('Origin',(34.2979830492163,-66.7872515450887,-8.45));
#8857=CARTESIAN_POINT('',(20.6788036203365,-78.1213203435596,-6.32867965644035));
#8858=CARTESIAN_POINT('Origin',(22.0765726367969,-61.857864376269,-8.45));
#8859=CARTESIAN_POINT('',(25.49573081141,-79.,-5.45));
#8860=CARTESIAN_POINT('Ctrl Pts',(25.4878916765228,-78.9999999999999,-5.45));
#8861=CARTESIAN_POINT('Ctrl Pts',(24.795284178029,-78.9992826345172,-5.45071736548271));
#8862=CARTESIAN_POINT('Ctrl Pts',(24.0995646334912,-78.9469306846578,-5.50306931534552));
#8863=CARTESIAN_POINT('Ctrl Pts',(22.4549200364144,-78.701132671695,-5.74886732830835));
#8864=CARTESIAN_POINT('Ctrl Pts',(21.5571774483005,-78.4612001775231,-5.98879982247679));
#8865=CARTESIAN_POINT('Ctrl Pts',(20.6872533773441,-78.124597516858,-6.32540248314189));
#8866=CARTESIAN_POINT('Ctrl Pts',(20.6830277050594,-78.12295990165,-6.32704009835009));
#8867=CARTESIAN_POINT('Ctrl Pts',(20.6788036203362,-78.12132034356,-6.32867965644002));
#8868=CARTESIAN_POINT('Origin',(22.0765726367969,-61.857864376269,-5.45));
#8869=CARTESIAN_POINT('Ctrl Pts',(31.4333669076795,-65.9650671676165,-8.10437321565651));
#8870=CARTESIAN_POINT('Ctrl Pts',(31.430382917266,-65.9767151479904,-8.10281509324786));
#8871=CARTESIAN_POINT('Ctrl Pts',(31.4273912386506,-65.9883597535969,-8.10125725483054));
#8872=CARTESIAN_POINT('Ctrl Pts',(31.4243918792078,-66.0000009557318,-8.09969970424464));
#8873=CARTESIAN_POINT('Ctrl Pts',(31.4565244975002,-65.9713720574212,-7.89743855377804));
#8874=CARTESIAN_POINT('Ctrl Pts',(31.4536332860469,-65.9830584060792,-7.89596732222671));
#8875=CARTESIAN_POINT('Ctrl Pts',(31.4507341238229,-65.9947415010782,-7.89449644766749));
#8876=CARTESIAN_POINT('Ctrl Pts',(31.4478271779988,-66.0064213028492,-7.8930259143515));
#8877=CARTESIAN_POINT('Ctrl Pts',(31.5005537180485,-65.9833594613737,-7.69301929324855));
#8878=CARTESIAN_POINT('Ctrl Pts',(31.497735943329,-65.9950907436987,-7.69164444605488));
#8879=CARTESIAN_POINT('Ctrl Pts',(31.4949100370107,-66.0068188630054,-7.69026999082139));
#8880=CARTESIAN_POINT('Ctrl Pts',(31.4920761661584,-66.0185437795504,-7.68889591754814));
#8881=CARTESIAN_POINT('Ctrl Pts',(31.5645053585717,-66.0007709471741,-7.49552243827327));
#8882=CARTESIAN_POINT('Ctrl Pts',(31.5617407727149,-66.0125529441139,-7.49424824183464));
#8883=CARTESIAN_POINT('Ctrl Pts',(31.5589679632811,-66.024331838869,-7.49297444910069));
#8884=CARTESIAN_POINT('Ctrl Pts',(31.5561869368282,-66.0361076009181,-7.49170106270042));
#8885=CARTESIAN_POINT('',(31.5616772354929,-66.0000009603231,-7.50430126392476));
#8886=CARTESIAN_POINT('Origin',(33.5849023736127,-66.0000009557318,-8.24434079541846));
#8887=CARTESIAN_POINT('',(31.5616772121919,-66.0000009612451,-7.50430126319484));
#8888=CARTESIAN_POINT('Origin',(37.0834357068632,-62.7386562250391,-5.45));
#8889=CARTESIAN_POINT('',(31.5616772130302,-66.0000009557318,-5.45));
#8890=CARTESIAN_POINT('',(33.5636350667867,-52.834182107399,-5.45));
#8891=CARTESIAN_POINT('',(37.3718193665467,-79.,-5.45));
#8892=CARTESIAN_POINT('',(9.92504651489307,-79.,-5.45));
#8893=CARTESIAN_POINT('',(36.8060122799807,-66.0000009557318,-5.45));
#8894=CARTESIAN_POINT('',(36.0455438672494,-48.5274579752177,-5.45));
#8895=CARTESIAN_POINT('',(38.6430582405134,-66.0000009557318,-5.45));
#8896=CARTESIAN_POINT('Ctrl Pts',(-38.2112594736691,-42.2366265441428,-2.71141514464212));
#8897=CARTESIAN_POINT('Ctrl Pts',(-38.158252768866,-42.2320802922832,-3.3106175472406));
#8898=CARTESIAN_POINT('Ctrl Pts',(-37.5970239966248,-42.1839451426424,-4.67256352547862));
#8899=CARTESIAN_POINT('Ctrl Pts',(-36.2399943322077,-42.0675557006214,-5.37621813979947));
#8900=CARTESIAN_POINT('Ctrl Pts',(-35.4315422933498,-41.99821630649,-5.44038239181877));
#8901=CARTESIAN_POINT('Ctrl Pts',(-38.1704835652016,-41.7648515637619,-2.70783495631761));
#8902=CARTESIAN_POINT('Ctrl Pts',(-38.118961134336,-41.7606756872066,-3.29878845611574));
#8903=CARTESIAN_POINT('Ctrl Pts',(-37.574774538062,-41.7164046120077,-4.64448020278817));
#8904=CARTESIAN_POINT('Ctrl Pts',(-36.2379545196441,-41.6102275475488,-5.36270422280166));
#8905=CARTESIAN_POINT('Ctrl Pts',(-35.4312918821887,-41.5474174699821,-5.43725093542164));
#8906=CARTESIAN_POINT('Ctrl Pts',(-38.316072992801,-40.8032057672772,-2.72061796379121));
#8907=CARTESIAN_POINT('Ctrl Pts',(-38.2630794650593,-40.8001517395935,-3.3410330643169));
#8908=CARTESIAN_POINT('Ctrl Pts',(-37.7055415148656,-40.7676589277598,-4.75689578714913));
#8909=CARTESIAN_POINT('Ctrl Pts',(-36.3061296806321,-40.6906983461709,-5.54377811095248));
#8910=CARTESIAN_POINT('Ctrl Pts',(-35.4472897556546,-40.6457324957621,-5.63730848467277));
#8911=CARTESIAN_POINT('Ctrl Pts',(-39.3072338428948,-39.4173402126034,-2.80764367006148));
#8912=CARTESIAN_POINT('Ctrl Pts',(-39.2369700164515,-39.4164970015247,-3.62750956731116));
#8913=CARTESIAN_POINT('Ctrl Pts',(-38.4967505393094,-39.4075318801718,-5.49715566072558));
#8914=CARTESIAN_POINT('Ctrl Pts',(-36.6523991681479,-39.3866075090325,-6.52149114318643));
#8915=CARTESIAN_POINT('Ctrl Pts',(-35.5272849228104,-39.3745028832309,-6.63766875925083));
#8916=CARTESIAN_POINT('Ctrl Pts',(-40.4810219339998,-38.9773124487295,-2.91070438479413));
#8917=CARTESIAN_POINT('Ctrl Pts',(-40.388975475834,-38.9773277722907,-3.96656276024514));
#8918=CARTESIAN_POINT('Ctrl Pts',(-39.4155604426318,-38.9772711505275,-6.36912945324259));
#8919=CARTESIAN_POINT('Ctrl Pts',(-37.0410818772574,-38.9771113705066,-7.63284755846827));
#8920=CARTESIAN_POINT('Ctrl Pts',(-35.6167731705559,-38.9773124500783,-7.75674246418987));
#8921=CARTESIAN_POINT('Ctrl Pts',(-41.1885768931166,-38.9773124500783,-2.97282896263859));
#8922=CARTESIAN_POINT('Ctrl Pts',(-41.0833556783703,-38.9773124500783,-4.17123071118887));
#8923=CARTESIAN_POINT('Ctrl Pts',(-39.9692862882095,-38.9773124500783,-6.89511664476711));
#8924=CARTESIAN_POINT('Ctrl Pts',(-37.2755014712561,-38.9773124500783,-8.30243127351141));
#8925=CARTESIAN_POINT('Ctrl Pts',(-35.6706721875704,-38.9773124500783,-8.43076362543236));
#8926=CARTESIAN_POINT('',(-35.6706721875704,-38.9773124500783,-8.43076362543236));
#8927=CARTESIAN_POINT('',(-37.4465464603833,-38.9773124500783,-8.01188612107705));
#8928=CARTESIAN_POINT('Origin',(-35.188786782098,-38.9773124500783,-2.45));
#8929=CARTESIAN_POINT('Ctrl Pts',(-37.4893496844979,-38.9884720896114,-7.71146722824299));
#8930=CARTESIAN_POINT('Ctrl Pts',(-37.4846810060858,-38.9846630694482,-7.76085297103254));
#8931=CARTESIAN_POINT('Ctrl Pts',(-37.4788659882053,-38.9818585777714,-7.81018726345111));
#8932=CARTESIAN_POINT('Ctrl Pts',(-37.4650132565021,-38.9781903084237,-7.90805527348199));
#8933=CARTESIAN_POINT('Ctrl Pts',(-37.4570081743399,-38.9773052018774,-7.95655414921838));
#8934=CARTESIAN_POINT('Ctrl Pts',(-37.4478833540209,-38.9773124500783,-8.00485942949489));
#8935=CARTESIAN_POINT('Ctrl Pts',(-35.6336660384498,-39.2206823365532,-7.25156641704026));
#8936=CARTESIAN_POINT('Ctrl Pts',(-35.645727481728,-39.1413605981096,-7.43723757416457));
#8937=CARTESIAN_POINT('Ctrl Pts',(-35.6549834650559,-39.0804888871846,-7.63099337658719));
#8938=CARTESIAN_POINT('Ctrl Pts',(-35.6674553306575,-38.9984680180124,-8.0267633527346));
#8939=CARTESIAN_POINT('Ctrl Pts',(-35.6706721875704,-38.9773124500783,-8.22865206201973));
#8940=CARTESIAN_POINT('Ctrl Pts',(-35.6706721875704,-38.9773124500783,-8.43076362543236));
#8941=CARTESIAN_POINT('Origin',(-36.9333753445622,-38.9773124500783,-10.45));
#8942=CARTESIAN_POINT('',(-35.6706721875704,-38.9773124500783,-10.2091582733289));
#8943=CARTESIAN_POINT('',(-35.6706721875704,-38.9773124500783,-10.45));
#8944=CARTESIAN_POINT('Origin',(-34.4884876246971,-38.9773124500783,-7.45));
#8945=CARTESIAN_POINT('Origin',(-29.2505076950102,-81.1993415137487,-10.45));
#8946=CARTESIAN_POINT('Origin',(-34.9189301829864,-43.9211223482064,-7.45));
#8947=CARTESIAN_POINT('Origin',(40.,-56.5000009557319,7.30040506950828));
#8948=CARTESIAN_POINT('',(41.9824466452342,-79.6564789780362,-7.18359953934234));
#8949=CARTESIAN_POINT('Origin',(42.3352095434955,-56.5000009557319,7.30040506950828));
#8950=CARTESIAN_POINT('',(-41.9824466452342,-79.6564789780362,-7.18359953934234));
#8951=CARTESIAN_POINT('Origin',(-42.3352095434955,-56.5000009557319,7.30040506950828));
#8952=CARTESIAN_POINT('Ctrl Pts',(-39.4221480101034,-78.0738924432234,-9.45));
#8953=CARTESIAN_POINT('Ctrl Pts',(-39.7389403431108,-78.0738924432234,-9.45));
#8954=CARTESIAN_POINT('Ctrl Pts',(-40.0693191973625,-78.1236833767098,-9.38634938732941));
#8955=CARTESIAN_POINT('Ctrl Pts',(-40.6670023131344,-78.3058637411738,-9.14756634833438));
#8956=CARTESIAN_POINT('Ctrl Pts',(-40.9348009081712,-78.4372626229261,-8.97291704224165));
#8957=CARTESIAN_POINT('Ctrl Pts',(-41.4030737271428,-78.7445717401812,-8.55108672406086));
#8958=CARTESIAN_POINT('Ctrl Pts',(-41.6195040998878,-78.9504093915425,-8.26028626489218));
#8959=CARTESIAN_POINT('Ctrl Pts',(-41.8790063452902,-79.3281720399668,-7.69857989035584));
#8960=CARTESIAN_POINT('Ctrl Pts',(-41.9514926468046,-79.4966835531092,-7.43907441285381));
#8961=CARTESIAN_POINT('Ctrl Pts',(-41.9824466452343,-79.6564789780362,-7.18359953934234));
#8962=CARTESIAN_POINT('',(22.8095740349439,-78.0730512328682,-9.45110040861946));
#8963=CARTESIAN_POINT('',(40.,-78.0730504752987,-9.45108436674744));
#8964=CARTESIAN_POINT('',(23.6605896913694,-78.0738924432234,-9.45));
#8965=CARTESIAN_POINT('Ctrl Pts',(23.6605308980595,-78.0733435540381,-9.45));
#8966=CARTESIAN_POINT('Ctrl Pts',(23.6194781150401,-78.0734928672403,-9.45000078091328));
#8967=CARTESIAN_POINT('Ctrl Pts',(23.5792429999218,-78.0735248636829,-9.45002890944263));
#8968=CARTESIAN_POINT('Ctrl Pts',(23.5389676942853,-78.0735281757824,-9.45007465198187));
#8969=CARTESIAN_POINT('Ctrl Pts',(23.4990134648549,-78.0735314614778,-9.45012002985992));
#8970=CARTESIAN_POINT('Ctrl Pts',(23.4590197308589,-78.0735065159113,-9.45018275923657));
#8971=CARTESIAN_POINT('Ctrl Pts',(23.4181554314628,-78.0734896681552,-9.45025508513677));
#8972=CARTESIAN_POINT('Ctrl Pts',(23.3788996903814,-78.0734734835844,-9.45032456404265));
#8973=CARTESIAN_POINT('Ctrl Pts',(23.338840617409,-78.0734648123616,-9.45040291807428));
#8974=CARTESIAN_POINT('Ctrl Pts',(23.2972467188532,-78.0734493493073,-9.45048461657837));
#8975=CARTESIAN_POINT('Ctrl Pts',(23.2651553962021,-78.0734374189549,-9.45054765017575));
#8976=CARTESIAN_POINT('Ctrl Pts',(23.2321505282912,-78.0734206466722,-9.45061270188622));
#8977=CARTESIAN_POINT('Ctrl Pts',(23.1978982838128,-78.0733712470728,-9.45067771762539));
#8978=CARTESIAN_POINT('Ctrl Pts',(23.1613428808565,-78.0733185257901,-9.45074710509415));
#8979=CARTESIAN_POINT('Ctrl Pts',(23.125974047895,-78.073254904493,-9.4508106152185));
#8980=CARTESIAN_POINT('Ctrl Pts',(23.0908496341525,-78.0732114331166,-9.4508656675195));
#8981=CARTESIAN_POINT('Ctrl Pts',(23.055584509636,-78.073167787591,-9.45092094036373));
#8982=CARTESIAN_POINT('Ctrl Pts',(23.0205658389583,-78.0731444123815,-9.45096772498034));
#8983=CARTESIAN_POINT('Ctrl Pts',(22.984846950089,-78.0731214042392,-9.45100524926216));
#8984=CARTESIAN_POINT('Ctrl Pts',(22.978550975413,-78.0731173487188,-9.45101186346366));
#8985=CARTESIAN_POINT('Ctrl Pts',(22.9722332612937,-78.0731131751737,-9.45101819375161));
#8986=CARTESIAN_POINT('Ctrl Pts',(22.9658886433694,-78.0731086063607,-9.45102424049407));
#8987=CARTESIAN_POINT('Ctrl Pts',(22.9235301097006,-78.0730781036231,-9.45106461032364));
#8988=CARTESIAN_POINT('Ctrl Pts',(22.881679940754,-78.073057122475,-9.45108952756452));
#8989=CARTESIAN_POINT('Ctrl Pts',(22.839535511521,-78.0730526510699,-9.45109753432426));
#8990=CARTESIAN_POINT('Ctrl Pts',(22.8295683201803,-78.073051593579,-9.45109942792936));
#8991=CARTESIAN_POINT('Ctrl Pts',(22.819584689169,-78.073051231799,-9.45110038607818));
#8992=CARTESIAN_POINT('Ctrl Pts',(22.8095740349439,-78.0730512328682,-9.45110040861946));
#8993=CARTESIAN_POINT('',(39.4221480101034,-78.0738924432235,-9.45));
#8994=CARTESIAN_POINT('',(40.,-78.0738924432235,-9.45));
#8995=CARTESIAN_POINT('Ctrl Pts',(41.9824466452342,-79.6564789780362,-7.18359953934234));
#8996=CARTESIAN_POINT('Ctrl Pts',(41.9532634084994,-79.5058248476697,-7.42445965731471));
#8997=CARTESIAN_POINT('Ctrl Pts',(41.8870899785187,-79.3470680013214,-7.66949374939161));
#8998=CARTESIAN_POINT('Ctrl Pts',(41.6499972996728,-78.9867095563136,-8.2074336080959));
#8999=CARTESIAN_POINT('Ctrl Pts',(41.4508330511173,-78.7880433725982,-8.48982065375531));
#9000=CARTESIAN_POINT('Ctrl Pts',(41.0008654675802,-78.472486993471,-8.9256414860076));
#9001=CARTESIAN_POINT('Ctrl Pts',(40.7251770429632,-78.3291273709017,-9.11682066568963));
#9002=CARTESIAN_POINT('Ctrl Pts',(40.1033627111105,-78.1292904906902,-9.37922008374428));
#9003=CARTESIAN_POINT('Ctrl Pts',(39.7567048189264,-78.0738924432234,-9.45));
#9004=CARTESIAN_POINT('Ctrl Pts',(39.4221480101034,-78.0738924432234,-9.45));
#9005=CARTESIAN_POINT('',(9.45009301019943,-80.4999991078975,-5.73834305301941));
#9006=CARTESIAN_POINT('',(8.45009301019943,-79.4999991078975,-7.43081853571363));
#9007=CARTESIAN_POINT('Ctrl Pts',(9.45009301019943,-80.4999991078975,-5.73834305301929));
#9008=CARTESIAN_POINT('Ctrl Pts',(9.39200249421027,-80.4999991078975,-5.73834305301929));
#9009=CARTESIAN_POINT('Ctrl Pts',(9.33004528717277,-80.4945357299713,-5.74841301409817));
#9010=CARTESIAN_POINT('Ctrl Pts',(9.21337973286257,-80.4733856521642,-5.78722949987221));
#9011=CARTESIAN_POINT('Ctrl Pts',(9.15855460664511,-80.4578364018956,-5.81569922730651));
#9012=CARTESIAN_POINT('Ctrl Pts',(8.95784419193442,-80.3857318307681,-5.94700836698193));
#9013=CARTESIAN_POINT('Ctrl Pts',(8.82854505084724,-80.2926647109184,-6.11405346150542));
#9014=CARTESIAN_POINT('Ctrl Pts',(8.54562548067346,-80.0097451407446,-6.6085392301667));
#9015=CARTESIAN_POINT('Ctrl Pts',(8.45009301019943,-79.7393192471505,-7.05716574840239));
#9016=CARTESIAN_POINT('Ctrl Pts',(8.45009301019943,-79.4999991078975,-7.43081853571363));
#9017=CARTESIAN_POINT('Ctrl Pts',(8.45009301019943,-79.4999991078975,-7.43081853571363));
#9018=CARTESIAN_POINT('Ctrl Pts',(8.45009301019943,-79.388013797307,-7.60566225580606));
#9019=CARTESIAN_POINT('Ctrl Pts',(8.46959917388713,-79.2634571108325,-7.79536046045667));
#9020=CARTESIAN_POINT('Ctrl Pts',(8.56418676355351,-79.0178264673395,-8.15936877143151));
#9021=CARTESIAN_POINT('Ctrl Pts',(8.63911294239966,-78.8967656133242,-8.33372804223366));
#9022=CARTESIAN_POINT('Ctrl Pts',(8.8173484377528,-78.718530117971,-8.585512926983));
#9023=CARTESIAN_POINT('Ctrl Pts',(8.91723262580409,-78.6434412014558,-8.68976576293103));
#9024=CARTESIAN_POINT('Ctrl Pts',(9.09873243357448,-78.5614077066373,-8.80255606076302));
#9025=CARTESIAN_POINT('Ctrl Pts',(9.16443132428421,-78.539041669765,-8.83310687309247));
#9026=CARTESIAN_POINT('Ctrl Pts',(9.30295783714879,-78.5083462688871,-8.87495545500713));
#9027=CARTESIAN_POINT('Ctrl Pts',(9.37577182220951,-78.4999991078975,-8.88628530287416));
#9028=CARTESIAN_POINT('Ctrl Pts',(9.51153905780851,-78.4999991078975,-8.88628530287416));
#9029=CARTESIAN_POINT('Ctrl Pts',(9.57312750320326,-78.5057523031394,-8.878474202705));
#9030=CARTESIAN_POINT('Ctrl Pts',(9.69229644516261,-78.5278783794382,-8.84833532606118));
#9031=CARTESIAN_POINT('Ctrl Pts',(9.7498746234768,-78.5442541863432,-8.82600053173644));
#9032=CARTESIAN_POINT('Ctrl Pts',(9.91149605028659,-78.6053616229876,-8.74224655565725));
#9033=CARTESIAN_POINT('Ctrl Pts',(10.0043396683452,-78.6625303326495,-8.66333715606617));
#9034=CARTESIAN_POINT('Ctrl Pts',(10.2127596871729,-78.8299720320555,-8.42908151330453));
#9035=CARTESIAN_POINT('Ctrl Pts',(10.3065076652458,-78.9627502730574,-8.23962399087196));
#9036=CARTESIAN_POINT('Ctrl Pts',(10.4257235367772,-79.2349945834503,-7.83854056452404));
#9037=CARTESIAN_POINT('Ctrl Pts',(10.4500930101994,-79.3745650849366,-7.62665985708879));
#9038=CARTESIAN_POINT('Ctrl Pts',(10.4500930101994,-79.6370405161676,-7.21685449433794));
#9039=CARTESIAN_POINT('Ctrl Pts',(10.4210543016284,-79.7830066046819,-6.98180798081177));
#9040=CARTESIAN_POINT('Ctrl Pts',(10.2939911627695,-80.0573993684116,-6.5245340477239));
#9041=CARTESIAN_POINT('Ctrl Pts',(10.1977386876627,-80.1860789068897,-6.30196780129199));
#9042=CARTESIAN_POINT('Ctrl Pts',(9.99283250967599,-80.3443570911121,-6.02127544724703));
#9043=CARTESIAN_POINT('Ctrl Pts',(9.90508834259483,-80.3973542703532,-5.92577708073656));
#9044=CARTESIAN_POINT('Ctrl Pts',(9.74954182110055,-80.4557172722746,-5.81958544363407));
#9045=CARTESIAN_POINT('Ctrl Pts',(9.69372520082041,-80.4717190381181,-5.79028337345982));
#9046=CARTESIAN_POINT('Ctrl Pts',(9.57594318183144,-80.4938535957057,-5.74966931109267));
#9047=CARTESIAN_POINT('Ctrl Pts',(9.51398509375918,-80.4999991078975,-5.73834305301929));
#9048=CARTESIAN_POINT('Ctrl Pts',(9.45009301019943,-80.4999991078975,-5.73834305301929));
#9049=CARTESIAN_POINT('Origin',(9.45009301019943,-79.4999991078975,0.200404984897638));
#9050=CARTESIAN_POINT('',(8.45009301019943,-79.4999991078975,-0.799595015102362));
#9051=CARTESIAN_POINT('Origin',(9.45009301019943,-79.4999991078975,-0.799595015102362));
#9052=CARTESIAN_POINT('',(8.45009301019943,-79.4999991078975,0.200404984897638));
#9053=CARTESIAN_POINT('Origin',(-0.284666454636653,-78.1196075117556,-10.45));
#9054=CARTESIAN_POINT('',(22.8095740347896,-77.4125007305691,-9.74289321881345));
#9055=CARTESIAN_POINT('',(-0.284666454636653,-77.4125007305691,-9.74289321881345));
#9056=CARTESIAN_POINT('Origin',(22.8095740347896,-78.1196075117556,-10.45));
#9057=CARTESIAN_POINT('Origin',(-39.8526453858032,-87.9650118822237,-6.95));
#9058=CARTESIAN_POINT('',(-40.9852054828843,-56.7438388481005,-7.18359953934234));
#9059=CARTESIAN_POINT('',(-42.3393535316304,-87.8567813287953,-7.18359953934234));
#9060=CARTESIAN_POINT('Origin',(-38.498497337057,-56.8520694015289,-6.95));
#9061=CARTESIAN_POINT('Origin',(-44.0700724438963,-112.05111376956,0.0305706260507644));
#9062=CARTESIAN_POINT('Origin',(-43.2212490970153,-79.016895321117,6.3));
#9063=CARTESIAN_POINT('',(-40.8931676922101,-54.2073689915343,-6.98816878575107));
#9064=CARTESIAN_POINT('',(-41.9050042142359,-55.6286159421274,3.12452091698413));
#9065=CARTESIAN_POINT('Origin',(-42.5352033809554,-56.7438388481005,9.31640046065766));
#9066=CARTESIAN_POINT('Ctrl Pts',(22.7392111721249,-78.1196579768771,-9.45000006748825));
#9067=CARTESIAN_POINT('Ctrl Pts',(24.3045620163679,-78.1339242734208,-9.45000014126465));
#9068=CARTESIAN_POINT('Ctrl Pts',(27.4834791253327,-77.2167382128379,-9.44999819812306));
#9069=CARTESIAN_POINT('Ctrl Pts',(32.3463192374445,-72.6238474266676,-9.44999968026322));
#9070=CARTESIAN_POINT('Ctrl Pts',(34.4008223407566,-67.3895922166351,-9.44999730639962));
#9071=CARTESIAN_POINT('Ctrl Pts',(34.8827693343662,-64.118546465116,-9.45000038586788));
#9072=CARTESIAN_POINT('Ctrl Pts',(22.7405507032375,-77.9700664563624,-9.44994460208216));
#9073=CARTESIAN_POINT('Ctrl Pts',(24.2760947413544,-77.9813475203784,-9.44991382508951));
#9074=CARTESIAN_POINT('Ctrl Pts',(27.3953626448259,-77.0645934272543,-9.45069053724176));
#9075=CARTESIAN_POINT('Ctrl Pts',(32.1540182316397,-72.4967157872082,-9.45006651737149));
#9076=CARTESIAN_POINT('Ctrl Pts',(34.1392326909385,-67.3057254613528,-9.45099042670319));
#9077=CARTESIAN_POINT('Ctrl Pts',(34.5856486377201,-64.0747316845147,-9.44972507587453));
#9078=CARTESIAN_POINT('Ctrl Pts',(22.7429060191872,-77.7068701735321,-9.51001753237128));
#9079=CARTESIAN_POINT('Ctrl Pts',(24.226048776452,-77.7129249700079,-9.51224150025386));
#9080=CARTESIAN_POINT('Ctrl Pts',(27.2393236632862,-76.7969312274491,-9.52581700462866));
#9081=CARTESIAN_POINT('Ctrl Pts',(31.8157462788334,-72.2736654002187,-9.58267475374103));
#9082=CARTESIAN_POINT('Ctrl Pts',(33.6795657263712,-67.1596498842518,-9.65241182919218));
#9083=CARTESIAN_POINT('Ctrl Pts',(34.0683044721898,-63.9984239578131,-9.70417569410198));
#9084=CARTESIAN_POINT('Ctrl Pts',(22.7448547893987,-77.4892435673513,-9.66516539176426));
#9085=CARTESIAN_POINT('Ctrl Pts',(24.1846171029412,-77.4925728368631,-9.67272554426197));
#9086=CARTESIAN_POINT('Ctrl Pts',(27.1132820853521,-76.5882160067907,-9.71982447926631));
#9087=CARTESIAN_POINT('Ctrl Pts',(31.5892812411161,-72.1369581058153,-9.90393005356571));
#9088=CARTESIAN_POINT('Ctrl Pts',(33.4620192920982,-67.1002224436687,-10.1059284874907));
#9089=CARTESIAN_POINT('Ctrl Pts',(33.8894536425579,-63.9720520371982,-10.2362024673378));
#9090=CARTESIAN_POINT('Ctrl Pts',(22.7455714288147,-77.4091525143041,-9.74596351852583));
#9091=CARTESIAN_POINT('Ctrl Pts',(24.1693773622198,-77.4120409889809,-9.75613213023589));
#9092=CARTESIAN_POINT('Ctrl Pts',(27.0673881618586,-76.5156508063682,-9.81979079682407));
#9093=CARTESIAN_POINT('Ctrl Pts',(31.5234612150347,-72.1024121714968,-10.0619394110638));
#9094=CARTESIAN_POINT('Ctrl Pts',(33.4304148822161,-67.0962038108444,-10.3133457932069));
#9095=CARTESIAN_POINT('Ctrl Pts',(33.892842297631,-63.9725478641176,-10.4645448813837));
#9096=CARTESIAN_POINT('Origin',(23.9923016641023,-62.5632583256515,-10.45));
#9097=CARTESIAN_POINT('',(34.8672975426309,-64.2168800000335,-9.45));
#9098=CARTESIAN_POINT('Origin',(34.8672975426309,-64.2168800000335,-10.45));
#9099=CARTESIAN_POINT('Origin',(23.9923016641023,-62.5632583256515,-9.45));
#9100=CARTESIAN_POINT('Origin',(36.190471338554,-55.5150651894483,-10.45));
#9101=CARTESIAN_POINT('',(35.9871701908082,-56.8520694015289,-9.45));
#9102=CARTESIAN_POINT('Origin',(35.9871701908082,-56.8520694015289,-10.45));
#9103=CARTESIAN_POINT('',(36.190471338554,-55.5150651894483,-9.45));
#9104=CARTESIAN_POINT('Ctrl Pts',(35.9871701908082,-56.8520694015289,-9.45));
#9105=CARTESIAN_POINT('Ctrl Pts',(36.469213708724,-53.8404311990138,-9.45));
#9106=CARTESIAN_POINT('Ctrl Pts',(36.9508508419735,-50.8313319448306,-8.72076038757989));
#9107=CARTESIAN_POINT('Ctrl Pts',(37.3794135363939,-48.1538231002567,-7.34202507938003));
#9108=CARTESIAN_POINT('Ctrl Pts',(35.6913709946194,-56.8070909971648,-9.45));
#9109=CARTESIAN_POINT('Ctrl Pts',(36.1688301166391,-53.7952622684922,-9.44265267557976));
#9110=CARTESIAN_POINT('Ctrl Pts',(36.6459149008939,-50.7879613467925,-8.70613658310379));
#9111=CARTESIAN_POINT('Ctrl Pts',(37.0699104501999,-48.1166243566196,-7.32287025142229));
#9112=CARTESIAN_POINT('Ctrl Pts',(35.1794138368879,-56.7292442134202,-9.70126145405707));
#9113=CARTESIAN_POINT('Ctrl Pts',(35.6495753777718,-53.6758463143566,-9.68993209869588));
#9114=CARTESIAN_POINT('Ctrl Pts',(36.1185553409084,-50.631152204577,-8.93903116892058));
#9115=CARTESIAN_POINT('Ctrl Pts',(36.5353438586201,-47.9263620616868,-7.53450510391591));
#9116=CARTESIAN_POINT('Ctrl Pts',(34.998534201851,-56.7017401584033,-10.2256005247436));
#9117=CARTESIAN_POINT('Ctrl Pts',(35.4752414995929,-53.5662794615712,-10.2222259788923));
#9118=CARTESIAN_POINT('Ctrl Pts',(35.9514383406973,-50.435427361787,-9.45961766792838));
#9119=CARTESIAN_POINT('Ctrl Pts',(36.3748022917323,-47.6507522346969,-8.02233313389996));
#9120=CARTESIAN_POINT('Ctrl Pts',(34.998534201851,-56.7017401584033,-10.45));
#9121=CARTESIAN_POINT('Ctrl Pts',(35.4805777197668,-53.5315946820716,-10.45));
#9122=CARTESIAN_POINT('Ctrl Pts',(35.9622148530164,-50.3641217829314,-9.68237935534725));
#9123=CARTESIAN_POINT('Ctrl Pts',(36.3907775474367,-47.545691420222,-8.23107903092635));
#9124=CARTESIAN_POINT('',(37.3794135363939,-48.1538231002567,-7.34202507938003));
#9125=CARTESIAN_POINT('Origin',(37.3794135363939,-47.6960206633476,-8.23107903092636));
#9126=CARTESIAN_POINT('Origin',(35.9871701908082,-56.8520694015289,9.55));
#9127=CARTESIAN_POINT('Ctrl Pts',(37.2502905105562,-45.5783697743518,-7.20375792437195));
#9128=CARTESIAN_POINT('Ctrl Pts',(36.797138585527,-46.1509059120317,-7.53156170156913));
#9129=CARTESIAN_POINT('Ctrl Pts',(36.4998639649849,-46.8281649219186,-7.89056955857547));
#9130=CARTESIAN_POINT('Ctrl Pts',(36.3907618212746,-47.5457948517282,-8.23112811565638));
#9131=CARTESIAN_POINT('Ctrl Pts',(37.2244823968021,-45.6516903477217,-7.05546092656715));
#9132=CARTESIAN_POINT('Ctrl Pts',(36.7754573506494,-46.2260538492643,-7.38831015786565));
#9133=CARTESIAN_POINT('Ctrl Pts',(36.4845866748737,-46.9017325644809,-7.75031953947731));
#9134=CARTESIAN_POINT('Ctrl Pts',(36.3801123178188,-47.6158348862919,-8.09196434087879));
#9135=CARTESIAN_POINT('Ctrl Pts',(37.243047816033,-45.8466020222859,-6.77149684703777));
#9136=CARTESIAN_POINT('Ctrl Pts',(36.8064886157998,-46.4114956356529,-7.11009822457372));
#9137=CARTESIAN_POINT('Ctrl Pts',(36.5290411619502,-47.071468662037,-7.47403382961362));
#9138=CARTESIAN_POINT('Ctrl Pts',(36.432729191541,-47.7668602933187,-7.81420420404748));
#9139=CARTESIAN_POINT('Ctrl Pts',(37.5112462302907,-46.2739413219191,-6.43666099345843));
#9140=CARTESIAN_POINT('Ctrl Pts',(37.1062575799016,-46.7851197829974,-6.76196533755147));
#9141=CARTESIAN_POINT('Ctrl Pts',(36.850128502252,-47.3828005701166,-7.10946391635867));
#9142=CARTESIAN_POINT('Ctrl Pts',(36.7620725728028,-48.0140749358784,-7.43134523286163));
#9143=CARTESIAN_POINT('Ctrl Pts',(37.8558604933835,-46.559865597728,-6.42154370108112));
#9144=CARTESIAN_POINT('Ctrl Pts',(37.4781393507977,-47.0160404632983,-6.71541405970595));
#9145=CARTESIAN_POINT('Ctrl Pts',(37.2341929350833,-47.5545446427054,-7.0321991498569));
#9146=CARTESIAN_POINT('Ctrl Pts',(37.1472837135413,-48.1260093189134,-7.32769885313261));
#9147=CARTESIAN_POINT('Ctrl Pts',(38.0638131903137,-46.6788102892476,-6.49695606772392));
#9148=CARTESIAN_POINT('Ctrl Pts',(37.702407571133,-47.1069706797395,-6.7683962797895));
#9149=CARTESIAN_POINT('Ctrl Pts',(37.4657446675654,-47.6144612349154,-7.06429373287854));
#9150=CARTESIAN_POINT('Ctrl Pts',(37.379416186782,-48.1539026636287,-7.34206604900125));
#9151=CARTESIAN_POINT('',(38.0637475797202,-46.6788642663088,-6.49699028717631));
#9152=CARTESIAN_POINT('Origin',(38.0637475800493,-46.1434324172679,-7.34156872345837));
#9153=CARTESIAN_POINT('Ctrl Pts',(38.0637475800348,-46.6788642664982,-6.49699028729638));
#9154=CARTESIAN_POINT('Ctrl Pts',(37.9734075878561,-46.7858964398024,-6.56484477188058));
#9155=CARTESIAN_POINT('Ctrl Pts',(37.8908626307418,-46.8978294467047,-6.63429927846014));
#9156=CARTESIAN_POINT('Ctrl Pts',(37.816512461495,-47.0139900037217,-6.70460530934056));
#9157=CARTESIAN_POINT('Ctrl Pts',(37.7484886950092,-47.1202665419657,-6.76892905030318));
#9158=CARTESIAN_POINT('Ctrl Pts',(37.6873244708981,-47.2300815165805,-6.83396554673754));
#9159=CARTESIAN_POINT('Ctrl Pts',(37.633325934506,-47.3428876002136,-6.89917813963768));
#9160=CARTESIAN_POINT('Ctrl Pts',(37.5803856932601,-47.4534828437253,-6.96311265770206));
#9161=CARTESIAN_POINT('Ctrl Pts',(37.5343330173639,-47.5669530723786,-7.0272161557397));
#9162=CARTESIAN_POINT('Ctrl Pts',(37.4954564025821,-47.6827524063667,-7.09102237971662));
#9163=CARTESIAN_POINT('Ctrl Pts',(37.457306764718,-47.7963863398082,-7.15363545320198));
#9164=CARTESIAN_POINT('Ctrl Pts',(37.4260673183955,-47.9122629822091,-7.21596208932293));
#9165=CARTESIAN_POINT('Ctrl Pts',(37.4020106758708,-48.0298382363451,-7.27760343210108));
#9166=CARTESIAN_POINT('Ctrl Pts',(37.3935954801779,-48.070966950428,-7.29916604050397));
#9167=CARTESIAN_POINT('Ctrl Pts',(37.3860592106914,-48.1123032667728,-7.32064518346269));
#9168=CARTESIAN_POINT('Ctrl Pts',(37.3794135363939,-48.1538231002567,-7.34202507938004));
#9169=CARTESIAN_POINT('Ctrl Pts',(38.0637475800433,-46.6788642664819,-6.49699028728608));
#9170=CARTESIAN_POINT('Ctrl Pts',(38.2880744172997,-46.3037314935002,-6.25916982474932));
#9171=CARTESIAN_POINT('Ctrl Pts',(38.7251184869264,-45.8579210337017,-5.88515991646149));
#9172=CARTESIAN_POINT('Ctrl Pts',(39.5067218368201,-45.504773612439,-5.16006792364031));
#9173=CARTESIAN_POINT('Ctrl Pts',(40.2000030870874,-45.5169013211049,-4.31616682992204));
#9174=CARTESIAN_POINT('Ctrl Pts',(40.4576094202341,-45.6870176651003,-3.50053334130068));
#9175=CARTESIAN_POINT('Ctrl Pts',(40.5011966394879,-45.7552138279926,-3.07181850813723));
#9176=CARTESIAN_POINT('Ctrl Pts',(37.925113920137,-46.5995706955804,-6.44672106245225));
#9177=CARTESIAN_POINT('Ctrl Pts',(38.1640749240912,-46.2057516213016,-6.20963309466789));
#9178=CARTESIAN_POINT('Ctrl Pts',(38.6282538114341,-45.7382111229629,-5.83668978532233));
#9179=CARTESIAN_POINT('Ctrl Pts',(39.4502145772451,-45.3644543130518,-5.10542600296636));
#9180=CARTESIAN_POINT('Ctrl Pts',(40.1682200046484,-45.3656207410786,-4.25327840495063));
#9181=CARTESIAN_POINT('Ctrl Pts',(40.438679348072,-45.5297423506372,-3.44697706725461));
#9182=CARTESIAN_POINT('Ctrl Pts',(40.4919267052759,-45.599681881077,-3.02317607389131));
#9183=CARTESIAN_POINT('Ctrl Pts',(37.6485630118309,-46.3952899516,-6.41916482106223));
#9184=CARTESIAN_POINT('Ctrl Pts',(37.9248297192664,-45.9642667699524,-6.17920840747477));
#9185=CARTESIAN_POINT('Ctrl Pts',(38.4563698515394,-45.454751209288,-5.80163219329534));
#9186=CARTESIAN_POINT('Ctrl Pts',(39.383089268059,-45.0441198124944,-5.0473950691147));
#9187=CARTESIAN_POINT('Ctrl Pts',(40.1781823114569,-45.0319385583253,-4.16496375917083));
#9188=CARTESIAN_POINT('Ctrl Pts',(40.4843184611067,-45.2006204433681,-3.35667257242491));
#9189=CARTESIAN_POINT('Ctrl Pts',(40.5545705557614,-45.2822910242039,-2.93324756298908));
#9190=CARTESIAN_POINT('Ctrl Pts',(37.2822925971595,-45.9644000408858,-6.63557882245243));
#9191=CARTESIAN_POINT('Ctrl Pts',(37.6311022703844,-45.4810334415039,-6.37646259084823));
#9192=CARTESIAN_POINT('Ctrl Pts',(38.2961555196246,-44.9134628913802,-5.96820977135951));
#9193=CARTESIAN_POINT('Ctrl Pts',(39.4503929229827,-44.4674813255301,-5.14547472001619));
#9194=CARTESIAN_POINT('Ctrl Pts',(40.4469333514951,-44.4779219427024,-4.17637322723465));
#9195=CARTESIAN_POINT('Ctrl Pts',(40.8345896048044,-44.7104836166951,-3.29420449446589));
#9196=CARTESIAN_POINT('Ctrl Pts',(40.920959461214,-44.8308493969305,-2.83707467087149));
#9197=CARTESIAN_POINT('Ctrl Pts',(37.211513920585,-45.6884335496251,-6.98136076492056));
#9198=CARTESIAN_POINT('Ctrl Pts',(37.5990505734832,-45.1869304450798,-6.70203758637248));
#9199=CARTESIAN_POINT('Ctrl Pts',(38.3424532108812,-44.5978823177779,-6.2599107310285));
#9200=CARTESIAN_POINT('Ctrl Pts',(39.6538262409137,-44.1603952989553,-5.37622961896619));
#9201=CARTESIAN_POINT('Ctrl Pts',(40.8084637492329,-44.2344827417347,-4.33187113613036));
#9202=CARTESIAN_POINT('Ctrl Pts',(41.2508550553444,-44.5491880688636,-3.35084197304266));
#9203=CARTESIAN_POINT('Ctrl Pts',(41.3364330474158,-44.701025891233,-2.84491150221783));
#9204=CARTESIAN_POINT('Ctrl Pts',(37.2502251989842,-45.5784522945393,-7.20380517084841));
#9205=CARTESIAN_POINT('Ctrl Pts',(37.6490656320107,-45.0745106589884,-6.91527739347057));
#9206=CARTESIAN_POINT('Ctrl Pts',(38.4218728377388,-44.4801800978775,-6.45585827582655));
#9207=CARTESIAN_POINT('Ctrl Pts',(39.8030040181502,-44.0593178073456,-5.53987341647265));
#9208=CARTESIAN_POINT('Ctrl Pts',(41.0309602082461,-44.1834130905515,-4.45445824575225));
#9209=CARTESIAN_POINT('Ctrl Pts',(41.4956905002841,-44.5471187716906,-3.41344669437705));
#9210=CARTESIAN_POINT('Ctrl Pts',(41.5789189180155,-44.7133478284855,-2.87643502952905));
#9211=CARTESIAN_POINT('',(40.501196639078,-45.7552138283742,-3.07181851318337));
#9212=CARTESIAN_POINT('Ctrl Pts',(40.1742556061346,-44.1307333628323,-5.18412983924169));
#9213=CARTESIAN_POINT('Ctrl Pts',(40.1794741202256,-44.1433000669005,-5.13716575658413));
#9214=CARTESIAN_POINT('Ctrl Pts',(40.1847944694392,-44.1574720037554,-5.09063355490615));
#9215=CARTESIAN_POINT('Ctrl Pts',(40.2411308152763,-44.3203744268105,-4.61063931712697));
#9216=CARTESIAN_POINT('Ctrl Pts',(40.2934574214623,-44.5794265121279,-4.27162947016695));
#9217=CARTESIAN_POINT('Ctrl Pts',(40.3790964265229,-45.024838865986,-3.73805525268383));
#9218=CARTESIAN_POINT('Ctrl Pts',(40.4386233949185,-45.3885859452121,-3.42085275679597));
#9219=CARTESIAN_POINT('Ctrl Pts',(40.5006852823717,-45.7522184606944,-3.07467162313307));
#9220=CARTESIAN_POINT('Ctrl Pts',(40.5009409608074,-45.7537162734954,-3.07324519507342));
#9221=CARTESIAN_POINT('Ctrl Pts',(40.5011966390916,-45.7552138256717,-3.071818510349));
#9222=CARTESIAN_POINT('Ctrl Pts',(40.5011966386662,-45.7552138267069,-3.07181851621953));
#9223=CARTESIAN_POINT('Ctrl Pts',(40.4576094186152,-45.6870176640313,-3.50053334642622));
#9224=CARTESIAN_POINT('Ctrl Pts',(40.2000030853447,-45.5169013210744,-4.31616683204331));
#9225=CARTESIAN_POINT('Ctrl Pts',(39.5067218368201,-45.504773612439,-5.16006792364031));
#9226=CARTESIAN_POINT('Ctrl Pts',(38.7251184869264,-45.8579210337017,-5.88515991646149));
#9227=CARTESIAN_POINT('Ctrl Pts',(38.2880744172997,-46.3037314935002,-6.25916982474932));
#9228=CARTESIAN_POINT('Ctrl Pts',(38.0637475800433,-46.6788642664819,-6.49699028728608));
#9229=CARTESIAN_POINT('Origin',(23.9871715324207,-62.5969964906488,-10.4162618350028));
#9230=CARTESIAN_POINT('',(23.9871715324207,-69.6680643025143,-17.4873296468683));
#9231=CARTESIAN_POINT('Origin',(-35.406080111401,-60.6735917705854,-10.45));
#9232=CARTESIAN_POINT('',(-34.998534201851,-56.7017401584033,-10.45));
#9233=CARTESIAN_POINT('Origin',(-35.9871701908082,-56.8520694015289,-10.45));
#9234=CARTESIAN_POINT('',(-34.4174441224438,-60.5232625274598,-10.45));
#9235=CARTESIAN_POINT('Ctrl Pts',(-34.998534201851,-56.7017401584033,-10.45));
#9236=CARTESIAN_POINT('Ctrl Pts',(-35.4805777197668,-53.5315946820716,-10.45));
#9237=CARTESIAN_POINT('Ctrl Pts',(-35.9622148530164,-50.3641217829314,-9.68237935534726));
#9238=CARTESIAN_POINT('Ctrl Pts',(-36.3907775474367,-47.545691420222,-8.23107903092635));
#9239=CARTESIAN_POINT('Ctrl Pts',(-34.998534201851,-56.7017401584033,-10.1508006996581));
#9240=CARTESIAN_POINT('Ctrl Pts',(-35.4733138904224,-53.5781209131666,-10.146163607799));
#9241=CARTESIAN_POINT('Ctrl Pts',(-35.948004755494,-50.4588221544119,-9.38532447829918));
#9242=CARTESIAN_POINT('Ctrl Pts',(-36.3694772064975,-47.6857725061886,-7.9527511682245));
#9243=CARTESIAN_POINT('Ctrl Pts',(-35.2469403179695,-56.7395121026183,-9.63295878064051));
#9244=CARTESIAN_POINT('Ctrl Pts',(-35.7177832274436,-53.6971098466425,-9.62094022460511));
#9245=CARTESIAN_POINT('Ctrl Pts',(-36.1873859728279,-50.663518968032,-8.87199847515799));
#9246=CARTESIAN_POINT('Ctrl Pts',(-36.6048170656016,-47.96909655502,-7.47202970358317));
#9247=CARTESIAN_POINT('Ctrl Pts',(-35.7653207936666,-56.8183355982558,-9.45000000000001));
#9248=CARTESIAN_POINT('Ctrl Pts',(-36.2440281141074,-53.8063189287371,-9.4446024419164));
#9249=CARTESIAN_POINT('Ctrl Pts',(-36.7220397397592,-50.799116085033,-8.70982646530139));
#9250=CARTESIAN_POINT('Ctrl Pts',(-37.1472862217484,-48.1259240425289,-7.32765895841173));
#9251=CARTESIAN_POINT('Ctrl Pts',(-35.9871701908082,-56.8520694015289,-9.45000000000001));
#9252=CARTESIAN_POINT('Ctrl Pts',(-36.469213708724,-53.8404311990138,-9.45000000000001));
#9253=CARTESIAN_POINT('Ctrl Pts',(-36.9508508419735,-50.8313319448306,-8.7207603875799));
#9254=CARTESIAN_POINT('Ctrl Pts',(-37.3794135363939,-48.1538231002567,-7.34202507938004));
#9255=CARTESIAN_POINT('',(-37.3794135363939,-48.1538231002567,-7.34202507938003));
#9256=CARTESIAN_POINT('',(-36.3907730866542,-47.5457207564311,-8.23109413705208));
#9257=CARTESIAN_POINT('Origin',(-37.3794135363939,-47.6960206633476,-8.23107903092635));
#9258=CARTESIAN_POINT('Origin',(-34.998534201851,-56.7017401584033,9.55));
#9259=CARTESIAN_POINT('Origin',(-35.9871701908082,-56.8520694015289,9.55));
#9260=CARTESIAN_POINT('Ctrl Pts',(-36.3907618212746,-47.5457948517281,-8.23112811565637));
#9261=CARTESIAN_POINT('Ctrl Pts',(-36.4998639649849,-46.8281649219187,-7.89056955857548));
#9262=CARTESIAN_POINT('Ctrl Pts',(-36.797138585527,-46.1509059120317,-7.53156170156912));
#9263=CARTESIAN_POINT('Ctrl Pts',(-37.2502905105563,-45.5783697743518,-7.20375792437196));
#9264=CARTESIAN_POINT('Ctrl Pts',(-36.3801123178188,-47.6158348862919,-8.09196434087878));
#9265=CARTESIAN_POINT('Ctrl Pts',(-36.4845866748737,-46.9017325644809,-7.75031953947732));
#9266=CARTESIAN_POINT('Ctrl Pts',(-36.7754573506494,-46.2260538492643,-7.38831015786565));
#9267=CARTESIAN_POINT('Ctrl Pts',(-37.2244823968021,-45.6516903477217,-7.05546092656716));
#9268=CARTESIAN_POINT('Ctrl Pts',(-36.4327291915411,-47.7668602933187,-7.81420420404747));
#9269=CARTESIAN_POINT('Ctrl Pts',(-36.5290411619502,-47.071468662037,-7.47403382961363));
#9270=CARTESIAN_POINT('Ctrl Pts',(-36.8064886157998,-46.4114956356529,-7.11009822457372));
#9271=CARTESIAN_POINT('Ctrl Pts',(-37.243047816033,-45.8466020222859,-6.77149684703777));
#9272=CARTESIAN_POINT('Ctrl Pts',(-36.7620725728028,-48.0140749358784,-7.43134523286163));
#9273=CARTESIAN_POINT('Ctrl Pts',(-36.850128502252,-47.3828005701166,-7.10946391635867));
#9274=CARTESIAN_POINT('Ctrl Pts',(-37.1062575799018,-46.7851197829973,-6.76196533755148));
#9275=CARTESIAN_POINT('Ctrl Pts',(-37.5112462302907,-46.2739413219192,-6.43666099345844));
#9276=CARTESIAN_POINT('Ctrl Pts',(-37.1472837135413,-48.1260093189134,-7.32769885313261));
#9277=CARTESIAN_POINT('Ctrl Pts',(-37.2341929350833,-47.5545446427054,-7.0321991498569));
#9278=CARTESIAN_POINT('Ctrl Pts',(-37.4781393507977,-47.0160404632983,-6.71541405970595));
#9279=CARTESIAN_POINT('Ctrl Pts',(-37.8558604933835,-46.5598655977281,-6.42154370108112));
#9280=CARTESIAN_POINT('Ctrl Pts',(-37.3794161867819,-48.1539026636286,-7.34206604900125));
#9281=CARTESIAN_POINT('Ctrl Pts',(-37.4657446675653,-47.6144612349153,-7.06429373287854));
#9282=CARTESIAN_POINT('Ctrl Pts',(-37.702407571133,-47.1069706797395,-6.76839627978949));
#9283=CARTESIAN_POINT('Ctrl Pts',(-38.0638131903137,-46.6788102892475,-6.49695606772392));
#9284=CARTESIAN_POINT('',(-38.0637475797203,-46.6788642663089,-6.4969902871761));
#9285=CARTESIAN_POINT('',(-37.2502251990689,-45.5784522942988,-7.20380517133237));
#9286=CARTESIAN_POINT('Origin',(-38.0637475800493,-46.1434324172679,-7.34156872345836));
#9287=CARTESIAN_POINT('Ctrl Pts',(-37.2502251989851,-45.5784522945381,-7.20380517084772));
#9288=CARTESIAN_POINT('Ctrl Pts',(-36.7971317920575,-46.1509434805792,-7.53158044842548));
#9289=CARTESIAN_POINT('Ctrl Pts',(-36.499887286924,-46.8281343238112,-7.89055142447054));
#9290=CARTESIAN_POINT('Ctrl Pts',(-36.3907775474367,-47.545691420222,-8.23107903092634));
#9291=CARTESIAN_POINT('Ctrl Pts',(-37.3794135363939,-48.1538231002567,-7.34202507938004));
#9292=CARTESIAN_POINT('Ctrl Pts',(-37.3983838472898,-48.0353032760413,-7.28099541492215));
#9293=CARTESIAN_POINT('Ctrl Pts',(-37.4246110581412,-47.9182808111758,-7.21915377048727));
#9294=CARTESIAN_POINT('Ctrl Pts',(-37.4578237506152,-47.8033070738979,-7.15688182570424));
#9295=CARTESIAN_POINT('Ctrl Pts',(-37.4918105687549,-47.6856535141099,-7.093158438502));
#9296=CARTESIAN_POINT('Ctrl Pts',(-37.5331123005019,-47.5701454540115,-7.02898458141448));
#9297=CARTESIAN_POINT('Ctrl Pts',(-37.5814381029676,-47.4573436873953,-6.964815432096));
#9298=CARTESIAN_POINT('Ctrl Pts',(-37.6307213437948,-47.3423070745252,-6.89937495354863));
#9299=CARTESIAN_POINT('Ctrl Pts',(-37.6873097364166,-47.2300851157163,-6.83393963747789));
#9300=CARTESIAN_POINT('Ctrl Pts',(-37.7508948065219,-47.1212400277969,-6.76903672706552));
#9301=CARTESIAN_POINT('Ctrl Pts',(-37.8172515251504,-47.007650424747,-6.70130472398256));
#9302=CARTESIAN_POINT('Ctrl Pts',(-37.8912281802402,-46.8977385862043,-6.63415282381992));
#9303=CARTESIAN_POINT('Ctrl Pts',(-37.9724741747515,-46.7921069619428,-6.56822433502267));
#9304=CARTESIAN_POINT('Ctrl Pts',(-38.0019475757712,-46.7537872485718,-6.54430762625901));
#9305=CARTESIAN_POINT('Ctrl Pts',(-38.0323776233982,-46.7160304711247,-6.52055230216563));
#9306=CARTESIAN_POINT('Ctrl Pts',(-38.0637475800347,-46.6788642664981,-6.49699028729636));
#9307=CARTESIAN_POINT('Ctrl Pts',(-40.5011966394879,-45.7552138279926,-3.07181850813723));
#9308=CARTESIAN_POINT('Ctrl Pts',(-40.4685062238847,-45.7040667040041,-3.39335464444668));
#9309=CARTESIAN_POINT('Ctrl Pts',(-40.3090487013173,-45.5869483467832,-4.01419889417451));
#9310=CARTESIAN_POINT('Ctrl Pts',(-39.7464169929501,-45.4722368814815,-4.9249982184263));
#9311=CARTESIAN_POINT('Ctrl Pts',(-38.873135845112,-45.7058401122124,-5.76093997731038));
#9312=CARTESIAN_POINT('Ctrl Pts',(-38.2880744181311,-46.30373149211,-6.25916982386799));
#9313=CARTESIAN_POINT('Ctrl Pts',(-38.0637475800433,-46.6788642664819,-6.49699028728608));
#9314=CARTESIAN_POINT('Ctrl Pts',(-40.4919267052759,-45.599681881077,-3.02317607389131));
#9315=CARTESIAN_POINT('Ctrl Pts',(-40.4519911859525,-45.5472272313814,-3.34102683021957));
#9316=CARTESIAN_POINT('Ctrl Pts',(-40.2809609330301,-45.4331050805849,-3.95395302540266));
#9317=CARTESIAN_POINT('Ctrl Pts',(-39.699841610083,-45.3283625128725,-4.86659778698325));
#9318=CARTESIAN_POINT('Ctrl Pts',(-38.785873012361,-45.5788816218332,-5.71300707527602));
#9319=CARTESIAN_POINT('Ctrl Pts',(-38.1640749249767,-46.2057516198422,-6.20963309378927));
#9320=CARTESIAN_POINT('Ctrl Pts',(-37.925113920137,-46.5995706955804,-6.44672106245224));
#9321=CARTESIAN_POINT('Ctrl Pts',(-40.5545705557614,-45.2822910242039,-2.93324756298908));
#9322=CARTESIAN_POINT('Ctrl Pts',(-40.5018814828963,-45.2210380863983,-3.25081633136171));
#9323=CARTESIAN_POINT('Ctrl Pts',(-40.3035211275249,-45.1002140208335,-3.86338637661622));
#9324=CARTESIAN_POINT('Ctrl Pts',(-39.6608857143932,-45.002359607554,-4.79813299967172));
#9325=CARTESIAN_POINT('Ctrl Pts',(-38.637265275806,-45.2814795233277,-5.67672230913308));
#9326=CARTESIAN_POINT('Ctrl Pts',(-37.9248297202902,-45.9642667683551,-6.17920840658553));
#9327=CARTESIAN_POINT('Ctrl Pts',(-37.6485630118309,-46.3952899516,-6.41916482106222));
#9328=CARTESIAN_POINT('Ctrl Pts',(-40.920959461214,-44.8308493969305,-2.83707467087149));
#9329=CARTESIAN_POINT('Ctrl Pts',(-40.8561820666027,-44.7405750585429,-3.17992205076219));
#9330=CARTESIAN_POINT('Ctrl Pts',(-40.6064135439754,-44.5693579903607,-3.84632661861276));
#9331=CARTESIAN_POINT('Ctrl Pts',(-39.7968828421614,-44.4257412813991,-4.87203053811688));
#9332=CARTESIAN_POINT('Ctrl Pts',(-38.5218493091965,-44.7206470591298,-5.83337408976021));
#9333=CARTESIAN_POINT('Ctrl Pts',(-37.631102271677,-45.4810334397126,-6.376462589888));
#9334=CARTESIAN_POINT('Ctrl Pts',(-37.2822925971595,-45.9644000408858,-6.63557882245242));
#9335=CARTESIAN_POINT('Ctrl Pts',(-41.3364330474158,-44.701025891233,-2.84491150221782));
#9336=CARTESIAN_POINT('Ctrl Pts',(-41.2722495510793,-44.5871475204054,-3.22435936883321));
#9337=CARTESIAN_POINT('Ctrl Pts',(-40.9936778077618,-44.3583152550007,-3.96617002883443));
#9338=CARTESIAN_POINT('Ctrl Pts',(-40.0525442385109,-44.1307143423205,-5.08438614848784));
#9339=CARTESIAN_POINT('Ctrl Pts',(-38.5942865738819,-44.3969865352081,-6.11365588749057));
#9340=CARTESIAN_POINT('Ctrl Pts',(-37.5990505749193,-45.1869304432213,-6.70203758533737));
#9341=CARTESIAN_POINT('Ctrl Pts',(-37.211513920585,-45.6884335496251,-6.98136076492056));
#9342=CARTESIAN_POINT('Ctrl Pts',(-41.5789189180155,-44.7133478284855,-2.87643502952904));
#9343=CARTESIAN_POINT('Ctrl Pts',(-41.5164976024967,-44.5886760314548,-3.27919379249097));
#9344=CARTESIAN_POINT('Ctrl Pts',(-41.2269894612887,-44.3275398891166,-4.0674359389973));
#9345=CARTESIAN_POINT('Ctrl Pts',(-40.2265597084522,-44.0405656657285,-5.23843072063493));
#9346=CARTESIAN_POINT('Ctrl Pts',(-38.683515973198,-44.2767913249391,-6.30362912078652));
#9347=CARTESIAN_POINT('Ctrl Pts',(-37.6490656334887,-45.0745106571209,-6.91527739240135));
#9348=CARTESIAN_POINT('Ctrl Pts',(-37.2502251989842,-45.5784522945393,-7.2038051708484));
#9349=CARTESIAN_POINT('',(-40.5011966390777,-45.7552138283718,-3.07181851318439));
#9350=CARTESIAN_POINT('',(-40.1740591132027,-44.1294016010977,-5.1865390237294));
#9351=CARTESIAN_POINT('Ctrl Pts',(-40.5011966390897,-45.7552138256678,-3.07181851036677));
#9352=CARTESIAN_POINT('Ctrl Pts',(-40.5009402693329,-45.7537170379775,-3.07325382680551));
#9353=CARTESIAN_POINT('Ctrl Pts',(-40.5006838867949,-45.7522198781534,-3.0746889198402));
#9354=CARTESIAN_POINT('Ctrl Pts',(-40.4393165415084,-45.3937916055854,-3.41812095920424));
#9355=CARTESIAN_POINT('Ctrl Pts',(-40.3789993783501,-45.0248100652992,-3.73913178380277));
#9356=CARTESIAN_POINT('Ctrl Pts',(-40.3032787208018,-44.6306539852731,-4.21058301332544));
#9357=CARTESIAN_POINT('Ctrl Pts',(-40.2753614954542,-44.4910467315883,-4.39006499493109));
#9358=CARTESIAN_POINT('Ctrl Pts',(-40.2199175577735,-44.2644208504802,-4.79672010157557));
#9359=CARTESIAN_POINT('Ctrl Pts',(-40.1959777070082,-44.1823050944233,-4.9879105796026));
#9360=CARTESIAN_POINT('Ctrl Pts',(-40.1739512037886,-44.1294807560575,-5.18635418961094));
#9361=CARTESIAN_POINT('Ctrl Pts',(-40.1740591132027,-44.1294016010977,-5.1865390237294));
#9362=CARTESIAN_POINT('Ctrl Pts',(-39.726521791703,-44.1179153118011,-5.58349037960835));
#9363=CARTESIAN_POINT('Ctrl Pts',(-38.6469587953659,-44.3049824969724,-6.32524459499329));
#9364=CARTESIAN_POINT('Ctrl Pts',(-37.6490656334887,-45.0745106571209,-6.91527739240135));
#9365=CARTESIAN_POINT('Ctrl Pts',(-37.2502251989842,-45.5784522945393,-7.2038051708484));
#9366=CARTESIAN_POINT('Ctrl Pts',(-38.0637475800433,-46.6788642664819,-6.49699028728608));
#9367=CARTESIAN_POINT('Ctrl Pts',(-38.2880744181311,-46.30373149211,-6.25916982386799));
#9368=CARTESIAN_POINT('Ctrl Pts',(-38.873135845112,-45.7058401122124,-5.76093997731038));
#9369=CARTESIAN_POINT('Ctrl Pts',(-39.7464169929501,-45.4722368814815,-4.9249982184263));
#9370=CARTESIAN_POINT('Ctrl Pts',(-40.3090486999048,-45.5869483464952,-4.01419889646107));
#9371=CARTESIAN_POINT('Ctrl Pts',(-40.4685062225504,-45.704066703024,-3.39335464964212));
#9372=CARTESIAN_POINT('Ctrl Pts',(-40.5011966386673,-45.7552138267085,-3.07181851620939));
#9373=CARTESIAN_POINT('Origin',(5.60464722462648,-56.8520694015289,9.55));
#9374=CARTESIAN_POINT('',(38.4080945607659,-53.9934635536353,-9.23372620417528));
#9375=CARTESIAN_POINT('Origin',(40.0567662621059,-56.8520694015289,9.55));
#9376=CARTESIAN_POINT('',(38.498497337057,-56.8520694015289,-9.45));
#9377=CARTESIAN_POINT('Origin',(40.0484952351281,-56.8520694015289,9.55));
#9378=CARTESIAN_POINT('',(5.60464722462648,-56.8520694015289,-9.45));
#9379=CARTESIAN_POINT('Ctrl Pts',(40.5015996042439,-45.7424638083943,-3.05453774569384));
#9380=CARTESIAN_POINT('Ctrl Pts',(40.5249271188104,-48.1160711341392,-5.14216983170851));
#9381=CARTESIAN_POINT('Ctrl Pts',(40.6633839395476,-51.1015510399887,-6.52547709174914));
#9382=CARTESIAN_POINT('Ctrl Pts',(40.8951613895809,-54.2287711732498,-6.98663196554209));
#9383=CARTESIAN_POINT('Ctrl Pts',(40.4182753720657,-45.2898700740669,-3.57009106444615));
#9384=CARTESIAN_POINT('Ctrl Pts',(40.4425340445016,-47.7635479639273,-5.74664515862838));
#9385=CARTESIAN_POINT('Ctrl Pts',(40.5860391150545,-50.8718322046071,-7.19142701345228));
#9386=CARTESIAN_POINT('Ctrl Pts',(40.8273086067791,-54.131666824965,-7.67901550662285));
#9387=CARTESIAN_POINT('Ctrl Pts',(39.7470095996896,-44.5499781663432,-4.41890359360553));
#9388=CARTESIAN_POINT('Ctrl Pts',(39.7717268633106,-47.1965034213746,-6.74877974337315));
#9389=CARTESIAN_POINT('Ctrl Pts',(39.9184718368581,-50.5210021920161,-8.30109799542363));
#9390=CARTESIAN_POINT('Ctrl Pts',(40.1645281061188,-54.0106140015985,-8.83259220138151));
#9391=CARTESIAN_POINT('Ctrl Pts',(38.537025283911,-44.301595830762,-4.71485320484563));
#9392=CARTESIAN_POINT('Ctrl Pts',(38.560769459607,-47.0261386433901,-7.11212360287538));
#9393=CARTESIAN_POINT('Ctrl Pts',(38.701745895226,-50.4502290859876,-8.70388355436169));
#9394=CARTESIAN_POINT('Ctrl Pts',(38.9378050440891,-54.0412876222551,-9.24099308927149));
#9395=CARTESIAN_POINT('Ctrl Pts',(38.0198872608941,-44.3044718332581,-4.71736765346882));
#9396=CARTESIAN_POINT('Ctrl Pts',(38.0432209266185,-47.0384851774025,-7.12199044426194));
#9397=CARTESIAN_POINT('Ctrl Pts',(38.1817110755911,-50.4772540147345,-8.71536142584155));
#9398=CARTESIAN_POINT('Ctrl Pts',(38.4135512267856,-54.0793137129704,-9.24659039255477));
#9399=CARTESIAN_POINT('',(40.8931676930825,-54.2073689903503,-6.98816878613595));
#9400=CARTESIAN_POINT('Origin',(42.5378665765714,-56.6360475097617,9.33211064313085));
#9401=CARTESIAN_POINT('Ctrl Pts',(40.8931676079294,-54.2073679148074,-6.98816862364035));
#9402=CARTESIAN_POINT('Ctrl Pts',(40.8845750847672,-54.1948157151266,-7.07355030055476));
#9403=CARTESIAN_POINT('Ctrl Pts',(40.8712614085079,-54.1826120264919,-7.1581971936605));
#9404=CARTESIAN_POINT('Ctrl Pts',(40.8354142495975,-54.1587529080812,-7.32698272824819));
#9405=CARTESIAN_POINT('Ctrl Pts',(40.8127187724276,-54.1471112038451,-7.41108553734808));
#9406=CARTESIAN_POINT('Ctrl Pts',(40.7582959225307,-54.1245753042748,-7.57744778056743));
#9407=CARTESIAN_POINT('Ctrl Pts',(40.72648021771,-54.1136896260232,-7.65968123648844));
#9408=CARTESIAN_POINT('Ctrl Pts',(40.6655696748383,-54.0961274065645,-7.7956121054813));
#9409=CARTESIAN_POINT('Ctrl Pts',(40.6387316307063,-54.0891987988332,-7.85019460228483));
#9410=CARTESIAN_POINT('Ctrl Pts',(40.5680517109439,-54.0727916795579,-7.9818700393433));
#9411=CARTESIAN_POINT('Ctrl Pts',(40.5222334517819,-54.0636300137135,-8.05755555731321));
#9412=CARTESIAN_POINT('Ctrl Pts',(40.4231311324137,-54.0464817209532,-8.2037702523294));
#9413=CARTESIAN_POINT('Ctrl Pts',(40.369840978417,-54.0384958779453,-8.27429629950846));
#9414=CARTESIAN_POINT('Ctrl Pts',(40.2573215190222,-54.0239277861212,-8.40816398995507));
#9415=CARTESIAN_POINT('Ctrl Pts',(40.1982293837947,-54.0173208950043,-8.4716204696648));
#9416=CARTESIAN_POINT('Ctrl Pts',(40.093108484697,-54.0072686269383,-8.57332269381559));
#9417=CARTESIAN_POINT('Ctrl Pts',(40.0487981180367,-54.0034818409112,-8.61323055313676));
#9418=CARTESIAN_POINT('Ctrl Pts',(39.9634968213169,-53.9970236236053,-8.68457472369458));
#9419=CARTESIAN_POINT('Ctrl Pts',(39.9229999151682,-53.9942789975093,-8.7163275447992));
#9420=CARTESIAN_POINT('Ctrl Pts',(39.8113763150736,-53.9875694422577,-8.79820523290089));
#9421=CARTESIAN_POINT('Ctrl Pts',(39.7384598269852,-53.9840751506357,-8.84582891539755));
#9422=CARTESIAN_POINT('Ctrl Pts',(39.5868644128992,-53.978478108,-8.93386179696553));
#9423=CARTESIAN_POINT('Ctrl Pts',(39.5081189908543,-53.9763951979526,-8.97416272554563));
#9424=CARTESIAN_POINT('Ctrl Pts',(39.3731472065023,-53.9741405769225,-9.03458752765393));
#9425=CARTESIAN_POINT('Ctrl Pts',(39.3180488968951,-53.9735654304181,-9.05698348996854));
#9426=CARTESIAN_POINT('Ctrl Pts',(39.1788613424052,-53.9729582292183,-9.1079971578344));
#9427=CARTESIAN_POINT('Ctrl Pts',(39.0941613942967,-53.973331296231,-9.13415836813819));
#9428=CARTESIAN_POINT('Ctrl Pts',(38.9226459863297,-53.9755354629311,-9.17762034253059));
#9429=CARTESIAN_POINT('Ctrl Pts',(38.8358283598692,-53.9773674205005,-9.19491607600744));
#9430=CARTESIAN_POINT('Ctrl Pts',(38.6624667608237,-53.9824434577732,-9.2201429552226));
#9431=CARTESIAN_POINT('Ctrl Pts',(38.5759457496013,-53.9856612036941,-9.22823913072437));
#9432=CARTESIAN_POINT('Ctrl Pts',(38.4660595444665,-53.9906334140258,-9.23270480425604));
#9433=CARTESIAN_POINT('Ctrl Pts',(38.4429609725656,-53.9917279146255,-9.23331951761968));
#9434=CARTESIAN_POINT('Ctrl Pts',(38.4198488044213,-53.9928728735221,-9.23360730426773));
#9435=CARTESIAN_POINT('Ctrl Pts',(38.4159306899333,-53.993066973877,-9.23365609160036));
#9436=CARTESIAN_POINT('Ctrl Pts',(38.4120126549441,-53.9932652363506,-9.2336958935113));
#9437=CARTESIAN_POINT('Ctrl Pts',(38.4080946245144,-53.9934635644079,-9.23372607309522));
#9438=CARTESIAN_POINT('Origin',(34.7092944733053,-66.940558207961,-9.45));
#9439=CARTESIAN_POINT('',(38.2212509428433,-50.4820486906193,-9.45));
#9440=CARTESIAN_POINT('Origin',(-35.2786273825786,-76.4731609023489,-10.6822330470336));
#9441=CARTESIAN_POINT('Origin',(-36.9333753445622,-43.9773124500783,-12.45));
#9442=CARTESIAN_POINT('Ctrl Pts',(-36.5900501262878,-46.2351809768225,-12.2308370255794));
#9443=CARTESIAN_POINT('Ctrl Pts',(-36.5209808995297,-46.689412780846,-10.903363436773));
#9444=CARTESIAN_POINT('Ctrl Pts',(-36.4547162354466,-47.1252004582575,-9.56971841012191));
#9445=CARTESIAN_POINT('Ctrl Pts',(-36.3907630434328,-47.5457868053913,-8.23110969356644));
#9446=CARTESIAN_POINT('Ctrl Pts',(-39.5113904193713,-42.5319165528224,-11.1489514258826));
#9447=CARTESIAN_POINT('Ctrl Pts',(-39.7320341590002,-43.0637916429947,-9.1639918539843));
#9448=CARTESIAN_POINT('Ctrl Pts',(-39.9530356783017,-43.5965347943884,-7.17580055582017));
#9449=CARTESIAN_POINT('Ctrl Pts',(-40.1742609829022,-44.1298227326271,-5.18558632821709));
#9450=CARTESIAN_POINT('Ctrl Pts',(-38.6361866652528,-42.8881339448645,-11.3175671439479));
#9451=CARTESIAN_POINT('Ctrl Pts',(-38.7672688791702,-43.3877528413751,-9.31838861504536));
#9452=CARTESIAN_POINT('Ctrl Pts',(-38.9064863505845,-43.877418838056,-7.3141983840458));
#9453=CARTESIAN_POINT('Ctrl Pts',(-39.0518399891021,-44.3536529236643,-5.30563036727751));
#9454=CARTESIAN_POINT('Ctrl Pts',(-37.3102560834827,-43.9432369330611,-11.7506421030787));
#9455=CARTESIAN_POINT('Ctrl Pts',(-37.283752694465,-44.4656314097238,-9.74742470034139));
#9456=CARTESIAN_POINT('Ctrl Pts',(-37.2639500847775,-44.9562793617184,-7.73406202438666));
#9457=CARTESIAN_POINT('Ctrl Pts',(-37.2515262355665,-45.4221198332292,-5.71405683077231));
#9458=CARTESIAN_POINT('Ctrl Pts',(-36.7084123286485,-45.4567770008449,-12.3037555488091));
#9459=CARTESIAN_POINT('Ctrl Pts',(-36.6121320121054,-46.0890283567823,-10.3163774105014));
#9460=CARTESIAN_POINT('Ctrl Pts',(-36.5223225535255,-46.6823670273978,-8.316116880958));
#9461=CARTESIAN_POINT('Ctrl Pts',(-36.4362449671017,-47.246676228825,-6.30697819496036));
#9462=CARTESIAN_POINT('Ctrl Pts',(-36.6062289017984,-46.1287817201345,-12.5406876270793));
#9463=CARTESIAN_POINT('Ctrl Pts',(-36.5024431453959,-46.8113257933118,-10.5600404400094));
#9464=CARTESIAN_POINT('Ctrl Pts',(-36.4049955602985,-47.4521870632898,-8.56542482042032));
#9465=CARTESIAN_POINT('Ctrl Pts',(-36.31224472228,-48.0621603097751,-6.56086117897418));
#9466=CARTESIAN_POINT('',(-40.2625698586572,-44.3432608892131,-4.38920380938468));
#9467=CARTESIAN_POINT('Origin',(-40.6221553727703,-44.2478298590116,-0.2));
#9468=CARTESIAN_POINT('',(-39.7637101079418,-34.1865038049209,-1.38777878078145E-16));
#9469=CARTESIAN_POINT('',(-41.1135813100881,-49.6903299992709,-1.38777878078145E-16));
#9470=CARTESIAN_POINT('',(-39.7462783226892,-34.1880215376805,-0.2));
#9471=CARTESIAN_POINT('Origin',(-42.5378665765714,-56.6360475097617,9.33211064313085));
#9472=CARTESIAN_POINT('Origin',(39.7462783226892,-34.1880215376805,-0.200000000000001));
#9473=CARTESIAN_POINT('',(39.7637101079418,-34.1865038049209,-1.38777878078145E-16));
#9474=CARTESIAN_POINT('',(39.7462783226892,-34.1880215376805,-0.2));
#9475=CARTESIAN_POINT('',(41.1771997291246,-50.4210137192674,0.));
#9476=CARTESIAN_POINT('',(40.6756427850476,-44.6604258386053,-1.38777878078145E-16));
#9477=CARTESIAN_POINT('',(41.3858815945067,-54.8994458396956,-2.06379395232643));
#9478=CARTESIAN_POINT('Origin',(42.3475977462457,-56.5000009557319,7.30040506950827));
#9479=CARTESIAN_POINT('',(41.268209969318,-54.7341619015058,-3.23985028171771));
#9480=CARTESIAN_POINT('Origin',(40.6475034426577,-34.070792945981,-0.27369767846744));
#9481=CARTESIAN_POINT('',(40.9852054828843,-56.7438388481005,-7.18359953934234));
#9482=CARTESIAN_POINT('',(40.7079590886706,-50.3738181371909,-7.18359953934234));
#9483=CARTESIAN_POINT('Origin',(42.5352033809554,-56.7438388481005,9.31640046065766));
#9484=CARTESIAN_POINT('',(41.9139944080884,-62.5789881921964,0.));
#9485=CARTESIAN_POINT('Origin',(42.3352095434955,-56.5000009557319,7.30040506950827));
#9486=CARTESIAN_POINT('',(41.170902096461,-45.5056789843007,0.));
#9487=CARTESIAN_POINT('Origin',(43.2212490970153,-79.016895321117,6.3));
#9488=CARTESIAN_POINT('Origin',(38.2212509428433,-50.4820486906193,-6.95));
#9489=CARTESIAN_POINT('Origin',(38.498497337057,-56.8520694015289,-6.95));
#9490=CARTESIAN_POINT('Ctrl Pts',(40.8932350943305,-54.2073609536727,-6.98744807291723));
#9491=CARTESIAN_POINT('Ctrl Pts',(40.9174840891788,-55.0461656944013,-7.11794544566267));
#9492=CARTESIAN_POINT('Ctrl Pts',(40.9482650193077,-55.8950532640647,-7.18358079420415));
#9493=CARTESIAN_POINT('Ctrl Pts',(40.9852125463202,-56.7439484003872,-7.18357510385347));
#9494=CARTESIAN_POINT('Ctrl Pts',(40.8239030226883,-54.1021165021368,-7.67681639380724));
#9495=CARTESIAN_POINT('Ctrl Pts',(40.8491436397916,-54.9767091375467,-7.81360052812175));
#9496=CARTESIAN_POINT('Ctrl Pts',(40.8810838929658,-55.8615047906051,-7.88286797177165));
#9497=CARTESIAN_POINT('Ctrl Pts',(40.9195522938006,-56.746810884371,-7.88394471463178));
#9498=CARTESIAN_POINT('Ctrl Pts',(40.1597003433173,-53.9431201482016,-8.82222754295518));
#9499=CARTESIAN_POINT('Ctrl Pts',(40.1854413983219,-54.879508169917,-8.96967300458734));
#9500=CARTESIAN_POINT('Ctrl Pts',(40.2181486700709,-55.8274591917233,-9.04522801460236));
#9501=CARTESIAN_POINT('Ctrl Pts',(40.2573877286057,-56.7756388124794,-9.04788914772758));
#9502=CARTESIAN_POINT('Ctrl Pts',(38.9318993979848,-53.9164433021903,-9.22184925903217));
#9503=CARTESIAN_POINT('Ctrl Pts',(38.9565916352503,-54.8796262550691,-9.37248382084784));
#9504=CARTESIAN_POINT('Ctrl Pts',(38.987953527668,-55.8542377448465,-9.44881786067307));
#9505=CARTESIAN_POINT('Ctrl Pts',(39.0255817813706,-56.8292549304575,-9.45000015313498));
#9506=CARTESIAN_POINT('Ctrl Pts',(38.4065245294565,-53.9312724464106,-9.22415630985692));
#9507=CARTESIAN_POINT('Ctrl Pts',(38.430773558901,-54.8971702523049,-9.37442626437752));
#9508=CARTESIAN_POINT('Ctrl Pts',(38.4615545294772,-55.8746785933167,-9.45000650861784));
#9509=CARTESIAN_POINT('Ctrl Pts',(38.4985021095509,-56.8521956676539,-9.44999999957961));
#9510=CARTESIAN_POINT('Ctrl Pts',(-40.8951614696027,-54.2287722524275,-6.98663212424687));
#9511=CARTESIAN_POINT('Ctrl Pts',(-40.6633839713994,-51.1015517262919,-6.52547740947105));
#9512=CARTESIAN_POINT('Ctrl Pts',(-40.5249271214875,-48.1160714061505,-5.14217007089466));
#9513=CARTESIAN_POINT('Ctrl Pts',(-40.5015996042809,-45.7424638072087,-3.05453774408746));
#9514=CARTESIAN_POINT('Ctrl Pts',(-40.8273086901905,-54.131667949873,-7.67901567460487));
#9515=CARTESIAN_POINT('Ctrl Pts',(-40.5860391481749,-50.8718329190746,-7.19142734546065));
#9516=CARTESIAN_POINT('Ctrl Pts',(-40.4425340473908,-47.7635482473146,-5.74664540815457));
#9517=CARTESIAN_POINT('Ctrl Pts',(-40.4182753722086,-45.2898700727143,-3.57009106290325));
#9518=CARTESIAN_POINT('Ctrl Pts',(-40.1645281911703,-54.010615205764,-8.83259238473744));
#9519=CARTESIAN_POINT('Ctrl Pts',(-39.918471870709,-50.521002956102,-8.30109835237513));
#9520=CARTESIAN_POINT('Ctrl Pts',(-39.7717268662357,-47.1965037244412,-6.74878001068377));
#9521=CARTESIAN_POINT('Ctrl Pts',(-39.7470095998167,-44.5499781647392,-4.41890359213282));
#9522=CARTESIAN_POINT('Ctrl Pts',(-38.9378051255468,-54.0412888614307,-9.24099327461316));
#9523=CARTESIAN_POINT('Ctrl Pts',(-38.701745927609,-50.4502298729552,-8.7038839204329));
#9524=CARTESIAN_POINT('Ctrl Pts',(-38.5607694622802,-47.0261389553696,-7.11212387796449));
#9525=CARTESIAN_POINT('Ctrl Pts',(-38.5370252838965,-44.3015958290806,-4.71485320336615));
#9526=CARTESIAN_POINT('Ctrl Pts',(-38.4135513067874,-54.0793149559423,-9.24659057586724));
#9527=CARTESIAN_POINT('Ctrl Pts',(-38.1817111074029,-50.4772548050767,-8.71536179228462));
#9528=CARTESIAN_POINT('Ctrl Pts',(-38.0432209292455,-47.0384854904653,-7.12199072019611));
#9529=CARTESIAN_POINT('Ctrl Pts',(-38.0198872608798,-44.3044718315709,-4.71736765198481));
#9530=CARTESIAN_POINT('',(-38.4080944090488,-53.9934594635989,-9.23372558174032));
#9531=CARTESIAN_POINT('Origin',(-40.056766262106,-56.8520694015289,9.55));
#9532=CARTESIAN_POINT('Ctrl Pts',(-38.4080944090491,-53.9934594833363,-9.23372545204153));
#9533=CARTESIAN_POINT('Ctrl Pts',(-38.4126478494602,-53.9932305402147,-9.23369062257157));
#9534=CARTESIAN_POINT('Ctrl Pts',(-38.4172012301437,-53.9930035889262,-9.23364272478462));
#9535=CARTESIAN_POINT('Ctrl Pts',(-38.4217545897333,-53.9927786236978,-9.23358178257351));
#9536=CARTESIAN_POINT('Ctrl Pts',(-38.5140241954474,-53.9882199121541,-9.23234684523125));
#9537=CARTESIAN_POINT('Ctrl Pts',(-38.6059828011751,-53.9844895216579,-9.22576365607344));
#9538=CARTESIAN_POINT('Ctrl Pts',(-38.6972354983976,-53.9815665429497,-9.21410948688402));
#9539=CARTESIAN_POINT('Ctrl Pts',(-38.7934088840622,-53.9784859462424,-9.20182688108528));
#9540=CARTESIAN_POINT('Ctrl Pts',(-38.8887991377557,-53.976302154821,-9.18391170820261));
#9541=CARTESIAN_POINT('Ctrl Pts',(-38.9829427602296,-53.9749992810707,-9.16062821038325));
#9542=CARTESIAN_POINT('Ctrl Pts',(-39.0770863827035,-53.9736964073205,-9.13734471256388));
#9543=CARTESIAN_POINT('Ctrl Pts',(-39.169984401919,-53.9732744929561,-9.10869241441861));
#9544=CARTESIAN_POINT('Ctrl Pts',(-39.2611569356934,-53.9737258264101,-9.07488083091215));
#9545=CARTESIAN_POINT('Ctrl Pts',(-39.3400885171919,-53.9741165632015,-9.04560883803616));
#9546=CARTESIAN_POINT('Ctrl Pts',(-39.4174276705799,-53.9751609036665,-9.01258190713141));
#9547=CARTESIAN_POINT('Ctrl Pts',(-39.4929284697498,-53.9768479001232,-8.97596345794989));
#9548=CARTESIAN_POINT('Ctrl Pts',(-39.5684621302604,-53.9785356308365,-8.93932907077366));
#9549=CARTESIAN_POINT('Ctrl Pts',(-39.642156640124,-53.9808666111259,-8.89909964989688));
#9550=CARTESIAN_POINT('Ctrl Pts',(-39.713746366168,-53.9838372619192,-8.85539112585538));
#9551=CARTESIAN_POINT('Ctrl Pts',(-39.7841086710773,-53.9867569802706,-8.81243199378872));
#9552=CARTESIAN_POINT('Ctrl Pts',(-39.852438430513,-53.9902946711033,-8.76611157367509));
#9553=CARTESIAN_POINT('Ctrl Pts',(-39.9184538260504,-53.9944534238534,-8.71650035732137));
#9554=CARTESIAN_POINT('Ctrl Pts',(-39.9468308887234,-53.9962410854507,-8.69517471677501));
#9555=CARTESIAN_POINT('Ctrl Pts',(-39.9747798779478,-53.9981435822429,-8.673240555314));
#9556=CARTESIAN_POINT('Ctrl Pts',(-40.0022762034485,-54.0001615049048,-8.65070148000741));
#9557=CARTESIAN_POINT('Ctrl Pts',(-40.0784762664696,-54.0057537370015,-8.58823935361324));
#9558=CARTESIAN_POINT('Ctrl Pts',(-40.1507575524494,-54.0121983280045,-8.5214977807855));
#9559=CARTESIAN_POINT('Ctrl Pts',(-40.2186228778021,-54.0194794992042,-8.45073662967672));
#9560=CARTESIAN_POINT('Ctrl Pts',(-40.2358061415269,-54.0213230663616,-8.43282015296855));
#9561=CARTESIAN_POINT('Ctrl Pts',(-40.2527061754454,-54.0232202971931,-8.41464576357107));
#9562=CARTESIAN_POINT('Ctrl Pts',(-40.2693146163091,-54.0251709988702,-8.39621723958179));
#9563=CARTESIAN_POINT('Ctrl Pts',(-40.3363389933863,-54.0330431745813,-8.32184780593227));
#9564=CARTESIAN_POINT('Ctrl Pts',(-40.3986181153385,-54.0417857075264,-8.24334276184845));
#9565=CARTESIAN_POINT('Ctrl Pts',(-40.4559378283875,-54.051318878165,-8.16131433268382));
#9566=CARTESIAN_POINT('Ctrl Pts',(-40.5132575414366,-54.0608520488037,-8.07928590351919));
#9567=CARTESIAN_POINT('Ctrl Pts',(-40.5656183234138,-54.0711760088402,-7.99373297532166));
#9568=CARTESIAN_POINT('Ctrl Pts',(-40.61275679284,-54.0822155381709,-7.90523714526567));
#9569=CARTESIAN_POINT('Ctrl Pts',(-40.6521654102085,-54.0914447853785,-7.83125302257694));
#9570=CARTESIAN_POINT('Ctrl Pts',(-40.6877597023732,-54.1011362088778,-7.75552299625193));
#9571=CARTESIAN_POINT('Ctrl Pts',(-40.7194698901572,-54.11124700037,-7.67836155674919));
#9572=CARTESIAN_POINT('Ctrl Pts',(-40.751270700796,-54.121386686954,-7.60097960168302));
#9573=CARTESIAN_POINT('Ctrl Pts',(-40.779165533422,-54.1319482582528,-7.52215719491857));
#9574=CARTESIAN_POINT('Ctrl Pts',(-40.8030385698526,-54.1428931750517,-7.442185524674));
#9575=CARTESIAN_POINT('Ctrl Pts',(-40.8264886016131,-54.1536441596321,-7.36363086688505));
#9576=CARTESIAN_POINT('Ctrl Pts',(-40.8460582945701,-54.1647651427112,-7.28396647881708));
#9577=CARTESIAN_POINT('Ctrl Pts',(-40.8615902415694,-54.176222312858,-7.20345582375167));
#9578=CARTESIAN_POINT('Ctrl Pts',(-40.8753185004862,-54.1863489890716,-7.13229467966926));
#9579=CARTESIAN_POINT('Ctrl Pts',(-40.885891839188,-54.1967383904268,-7.06047188235987));
#9580=CARTESIAN_POINT('Ctrl Pts',(-40.8931676104635,-54.2073679144101,-6.98816862572018));
#9581=CARTESIAN_POINT('Ctrl Pts',(-38.4065245294063,-53.9312724444144,-9.22415630954634));
#9582=CARTESIAN_POINT('Ctrl Pts',(-38.4307735588754,-54.8971702516236,-9.37442626437691));
#9583=CARTESIAN_POINT('Ctrl Pts',(-38.4615545294942,-55.8746785939903,-9.45000650872199));
#9584=CARTESIAN_POINT('Ctrl Pts',(-38.4985021096273,-56.8521956696744,-9.4499999995796));
#9585=CARTESIAN_POINT('Ctrl Pts',(-39.1070243518346,-53.9115002255865,-9.22108023495379));
#9586=CARTESIAN_POINT('Ctrl Pts',(-39.1318819411873,-54.8739837308502,-9.3718891766968));
#9587=CARTESIAN_POINT('Ctrl Pts',(-39.1633926344054,-55.8472099480457,-9.44838991657163));
#9588=CARTESIAN_POINT('Ctrl Pts',(-39.2012750089057,-56.8216080477387,-9.45000020842166));
#9589=CARTESIAN_POINT('Ctrl Pts',(-40.3228560340862,-53.9612345466148,-8.67547516141917));
#9590=CARTESIAN_POINT('Ctrl Pts',(-40.3486936028531,-54.8892577292223,-8.82153078082503));
#9591=CARTESIAN_POINT('Ctrl Pts',(-40.3815121712064,-55.8288432089143,-8.89633644143193));
#9592=CARTESIAN_POINT('Ctrl Pts',(-40.4208989030982,-56.7685211180061,-8.89886303556636));
#9593=CARTESIAN_POINT('Ctrl Pts',(-40.8412357065742,-54.1284273510789,-7.50447618465755));
#9594=CARTESIAN_POINT('Ctrl Pts',(-40.8662143386841,-54.993929647309,-7.63965146827056));
#9595=CARTESIAN_POINT('Ctrl Pts',(-40.8979006032856,-55.8700413440941,-7.70807064466778));
#9596=CARTESIAN_POINT('Ctrl Pts',(-40.9359670267348,-56.7460952601377,-7.70885420360925));
#9597=CARTESIAN_POINT('Ctrl Pts',(-40.8932350943222,-54.2073609519964,-6.98744807226562));
#9598=CARTESIAN_POINT('Ctrl Pts',(-40.9174840898494,-55.0461657005212,-7.11794544700628));
#9599=CARTESIAN_POINT('Ctrl Pts',(-40.9482650183531,-55.8950532577123,-7.18358079285728));
#9600=CARTESIAN_POINT('Ctrl Pts',(-40.9852125464366,-56.743948402141,-7.18357510346588));
#9601=CARTESIAN_POINT('Origin',(-40.0484952351281,-56.8520694015289,9.55));
#9602=CARTESIAN_POINT('Origin',(36.0455438672494,-48.5274579752177,-2.45));
#9603=CARTESIAN_POINT('',(39.7957147582302,-66.0000009557318,-2.73031944721081));
#9604=CARTESIAN_POINT('Origin',(36.8060122799807,-66.0000009557318,-2.45));
#9605=CARTESIAN_POINT('',(40.1836975894388,-79.,-3.50275361435672));
#9606=CARTESIAN_POINT('Origin',(37.3718193665467,-79.,-2.45));
#9607=CARTESIAN_POINT('',(40.1972165917559,-75.224918027353,-2.7303194472108));
#9608=CARTESIAN_POINT('Ctrl Pts',(40.1836975894389,-79.,-3.50275361435671));
#9609=CARTESIAN_POINT('Ctrl Pts',(40.1740879895052,-78.7571829869541,-3.50019785445908));
#9610=CARTESIAN_POINT('Ctrl Pts',(40.1680016802963,-78.514872992779,-3.48905712194718));
#9611=CARTESIAN_POINT('Ctrl Pts',(40.1646983117189,-78.2735332390947,-3.46937397035748));
#9612=CARTESIAN_POINT('Ctrl Pts',(40.1611729995133,-78.0159785765031,-3.44836836564863));
#9613=CARTESIAN_POINT('Ctrl Pts',(40.1608169822774,-77.7595279159716,-3.41763517901906));
#9614=CARTESIAN_POINT('Ctrl Pts',(40.1627307545132,-77.5046909425427,-3.37719801001841));
#9615=CARTESIAN_POINT('Ctrl Pts',(40.1637873708635,-77.3639924269395,-3.35487216939554));
#9616=CARTESIAN_POINT('Ctrl Pts',(40.1655359030693,-77.2237849694357,-3.32958766988079));
#9617=CARTESIAN_POINT('Ctrl Pts',(40.1678252740838,-77.0841501656245,-3.30134325840384));
#9618=CARTESIAN_POINT('Ctrl Pts',(40.1720440185048,-76.8268377659206,-3.24929579532877));
#9619=CARTESIAN_POINT('Ctrl Pts',(40.1780097285751,-76.5722668352419,-3.1873507942784));
#9620=CARTESIAN_POINT('Ctrl Pts',(40.1834792046731,-76.3210470022052,-3.1155643041671));
#9621=CARTESIAN_POINT('Ctrl Pts',(40.189580925799,-76.0407873694742,-3.03547964241704));
#9622=CARTESIAN_POINT('Ctrl Pts',(40.195064878719,-75.7646966370914,-2.94314783929778));
#9623=CARTESIAN_POINT('Ctrl Pts',(40.1968184447425,-75.4935717813394,-2.83860382052932));
#9624=CARTESIAN_POINT('Ctrl Pts',(40.1974012475748,-75.4034626370515,-2.80385830800329));
#9625=CARTESIAN_POINT('Ctrl Pts',(40.1975720235524,-75.3139017756719,-2.76776346447188));
#9626=CARTESIAN_POINT('Ctrl Pts',(40.197216591756,-75.224918027353,-2.73031944721085));
#9627=CARTESIAN_POINT('',(39.0295936422421,-48.3975813111036,-2.73031944721081));
#9628=CARTESIAN_POINT('Origin',(40.2026807741636,-66.0000009557318,-2.69959493049173));
#9629=CARTESIAN_POINT('',(40.0521989645477,-66.0000009557318,0.));
#9630=CARTESIAN_POINT('',(39.9170279567839,-66.0000009557318,-1.43891913071553));
#9631=CARTESIAN_POINT('',(37.1000933621339,-66.0000009557318,0.));
#9632=CARTESIAN_POINT('',(40.3317278857276,-66.0000009557318,0.));
#9633=CARTESIAN_POINT('',(37.1000933621339,-66.0000009557318,-2.69959493049173));
#9634=CARTESIAN_POINT('',(37.1000933621339,-66.0000009557318,-2.69959493049173));
#9635=CARTESIAN_POINT('',(30.8394506875842,-66.0000009557318,-2.69959493049173));
#9636=CARTESIAN_POINT('',(30.1812521553716,-66.0000009557318,-2.69959493049173));
#9637=CARTESIAN_POINT('',(30.8394506875842,-66.0000009557318,-10.45));
#9638=CARTESIAN_POINT('',(30.8394506875842,-66.0000009557318,-10.45));
#9639=CARTESIAN_POINT('',(30.9732387843804,-66.0000009557318,-10.45));
#9640=CARTESIAN_POINT('',(4.03083859448897,-66.0000009557318,-10.45));
#9641=CARTESIAN_POINT('Origin',(21.4467308508728,-66.0000009557318,-4.30786342053717));
#9642=CARTESIAN_POINT('',(31.5616772130302,-66.0000009557318,-6.57479746524586));
#9643=CARTESIAN_POINT('Origin',(38.6581369259959,-34.1573773887238,-0.0868180469935695));
#9644=CARTESIAN_POINT('',(40.2912713643912,-71.4929349314072,6.10622663543836E-15));
#9645=CARTESIAN_POINT('Origin',(41.2318825803535,-79.1034797638598,6.48687963147387));
#9646=CARTESIAN_POINT('',(39.3824305935708,-50.6113846069601,0.));
#9647=CARTESIAN_POINT('Origin',(-37.7425640182307,-87.5182392232154,-2.45));
#9648=CARTESIAN_POINT('Origin',(35.7735284715554,-48.6933113598439,-2.45));
#9649=CARTESIAN_POINT('',(38.7130544577463,-48.0000009557318,-2.71146722824298));
#9650=CARTESIAN_POINT('Origin',(35.713164033969,-48.0000009557318,-2.45));
#9651=CARTESIAN_POINT('',(38.7508488489139,-48.4340850897233,-2.71146722824298));
#9652=CARTESIAN_POINT('Origin',(36.0455438672494,-48.5274579752177,-2.45));
#9653=CARTESIAN_POINT('',(39.7304293203652,-64.5000009557318,-2.73031944721081));
#9654=CARTESIAN_POINT('Origin',(36.7407268421158,-64.5000009557318,-2.45));
#9655=CARTESIAN_POINT('',(39.0295936422421,-48.3975813111036,-2.73031944721081));
#9656=CARTESIAN_POINT('Origin',(39.0000005811453,-49.5000009557318,-2.69959493049173));
#9657=CARTESIAN_POINT('',(39.0818105871075,-49.5000009557318,0.00040506950827357));
#9658=CARTESIAN_POINT('',(38.957658619551,-49.5000009557318,-1.41331008469622));
#9659=CARTESIAN_POINT('',(37.1000933621339,-49.5000009557318,0.00040506950827357));
#9660=CARTESIAN_POINT('',(31.3500940276992,-49.5000009557318,0.00040506950827357));
#9661=CARTESIAN_POINT('',(37.1000933621339,-49.5000009557318,-2.69959493049173));
#9662=CARTESIAN_POINT('',(37.1000933621339,-49.5000009557318,-2.69959493049173));
#9663=CARTESIAN_POINT('',(31.3500940276992,-49.5000009557318,-2.69959493049173));
#9664=CARTESIAN_POINT('',(39.0000005811453,-49.5000009557318,-2.69959493049173));
#9665=CARTESIAN_POINT('',(31.3500940276992,-49.5000009557318,-10.45));
#9666=CARTESIAN_POINT('',(31.3500940276992,-49.5000009557318,-6.57479746524586));
#9667=CARTESIAN_POINT('',(34.0706213939813,-49.5000009557318,-10.45));
#9668=CARTESIAN_POINT('',(5.28531068496451,-49.5000009557318,-10.45));
#9669=CARTESIAN_POINT('',(34.0706213939813,-49.5000009557318,-6.57479746524586));
#9670=CARTESIAN_POINT('Origin',(37.7613980711169,-34.3608390510942,-0.0256885145046844));
#9671=CARTESIAN_POINT('',(38.9512101290117,-48.0000009557318,0.00040506950827357));
#9672=CARTESIAN_POINT('',(38.7987452317372,-48.0000009557318,-1.73570866274672));
#9673=CARTESIAN_POINT('',(38.386163595182,-41.5102090124072,0.00040506950827357));
#9674=CARTESIAN_POINT('',(39.378046534577,-55.0014454451414,-2.08065731071705));
#9675=CARTESIAN_POINT('',(39.2801404843862,-54.8639246322676,-3.05916873883662));
#9676=CARTESIAN_POINT('Origin',(40.3323628237201,-56.5000009557319,7.30040506950827));
#9677=CARTESIAN_POINT('',(37.0915138509327,-34.419163841779,-7.71146722824298));
#9678=CARTESIAN_POINT('',(37.7613980711169,-34.3608390510942,-0.0256885145046838));
#9679=CARTESIAN_POINT('',(37.9148170266613,-43.8751395833583,-7.71146722824298));
#9680=CARTESIAN_POINT('Origin',(38.6581369259959,-34.1573773887238,-0.0868180469935695));
#9681=CARTESIAN_POINT('',(39.9869135266828,-64.5000009557318,0.));
#9682=CARTESIAN_POINT('',(39.8084829056933,-64.5000009557318,-1.89942531534356));
#9683=CARTESIAN_POINT('',(39.9033040870751,-62.5789881921964,-6.66133814775094E-15));
#9684=CARTESIAN_POINT('',(39.3824305935708,-50.6113846069601,0.));
#9685=CARTESIAN_POINT('Origin',(40.3245192224822,-56.5000009557319,7.30040506950827));
#9686=CARTESIAN_POINT('Origin',(41.9868481345959,-71.2642004741981,-1.38777878078145E-16));
#9687=CARTESIAN_POINT('',(41.9843449126601,-71.2643094234916,0.));
#9688=CARTESIAN_POINT('',(41.9868481345959,-71.2642004741981,-1.38777878078145E-16));
#9689=CARTESIAN_POINT('',(41.9868481345959,-71.2642004741981,0.0286121371611864));
#9690=CARTESIAN_POINT('',(41.9733008672438,-71.2647901003854,-0.126234808723292));
#9691=CARTESIAN_POINT('',(42.291429362575,-71.2509439949754,5.55111512312578E-16));
#9692=CARTESIAN_POINT('Origin',(41.7658558172018,-66.9215943331972,0.));
#9693=CARTESIAN_POINT('',(41.2281402916493,-62.5789881921964,0.));
#9694=CARTESIAN_POINT('',(40.1000933621339,-62.5789881921964,0.));
#9695=CARTESIAN_POINT('',(40.1855561729247,-50.6044805917719,0.));
#9696=CARTESIAN_POINT('Origin',(38.753838196903,-34.2744302943874,-0.112844257252343));
#9697=CARTESIAN_POINT('',(41.4542863850178,-63.8651308936094,1.3));
#9698=CARTESIAN_POINT('Origin',(41.3399802849829,-56.5000009557319,7.30040506950827));
#9699=CARTESIAN_POINT('',(45.4711097446734,-110.,1.3));
#9700=CARTESIAN_POINT('',(39.7002833610705,-43.7196844358994,1.3));
#9701=CARTESIAN_POINT('',(45.1531950989219,-110.,-2.32008561997282));
#9702=CARTESIAN_POINT('Origin',(43.2127057315011,-79.0172671593559,6.30080255749027));
#9703=CARTESIAN_POINT('Origin',(40.1000933621339,-56.5000009557319,7.30040506950827));
#9704=CARTESIAN_POINT('',(40.1695822678618,-50.4210137192674,0.));
#9705=CARTESIAN_POINT('',(40.1000933621339,-50.4210137192674,0.));
#9706=CARTESIAN_POINT('Origin',(41.3399802849829,-56.5000009557319,7.30040506950827));
#9707=CARTESIAN_POINT('',(40.2205228303865,-62.5789881921964,0.));
#9708=CARTESIAN_POINT('',(40.1000933621339,-62.5789881921964,0.));
#9709=CARTESIAN_POINT('',(40.446668923755,-63.8651308936094,1.3));
#9710=CARTESIAN_POINT('Origin',(40.3323628237201,-56.5000009557319,7.30040506950827));
#9711=CARTESIAN_POINT('',(40.1000933621339,-63.8651308936094,1.3));
#9712=CARTESIAN_POINT('Origin',(37.7613980711169,-34.3608390510942,-0.0256885145046844));
#9713=CARTESIAN_POINT('',(44.4634922834106,-110.,1.3));
#9714=CARTESIAN_POINT('',(44.1532892025221,-110.,-2.23227423587602));
#9715=CARTESIAN_POINT('',(38.7002468343288,-43.806754588236,1.3));
#9716=CARTESIAN_POINT('',(40.9892046147287,-71.4076147783886,-4.9960036108132E-15));
#9717=CARTESIAN_POINT('',(39.1861573006501,-50.6988744680418,0.));
#9718=CARTESIAN_POINT('',(41.3331386464469,-79.,-3.61094546173165));
#9719=CARTESIAN_POINT('Origin',(42.2170748531877,-79.0606006245843,6.39433139195332));
#9720=CARTESIAN_POINT('',(41.5508288422743,-79.,-1.13211298875355));
#9721=CARTESIAN_POINT('Ctrl Pts',(41.3381596740767,-71.3924269891588,-0.0327805823339917));
#9722=CARTESIAN_POINT('Ctrl Pts',(39.9613916774467,-71.4523489234911,0.0965519934786221));
#9723=CARTESIAN_POINT('Ctrl Pts',(41.1340380167453,-74.3673868288025,-3.58403988803884));
#9724=CARTESIAN_POINT('Ctrl Pts',(39.7572700201153,-74.4273087631348,-3.45470731222623));
#9725=CARTESIAN_POINT('Ctrl Pts',(41.3331386464469,-79.,-3.61094546173165));
#9726=CARTESIAN_POINT('Ctrl Pts',(39.9563706498169,-79.0599219343323,-3.48161288591904));
#9727=CARTESIAN_POINT('Origin',(110.285856171231,-76.0980004957297,0.));
#9728=CARTESIAN_POINT('Origin',(43.6094364555483,-79.,6.26353396425552));
#9729=CARTESIAN_POINT('Origin',(0.,-98.4040535392708,-1.7));
#9730=CARTESIAN_POINT('',(43.9226782662584,-115.308107078542,-1.7));
#9731=CARTESIAN_POINT('Origin',(43.9226782662584,-114.508107078542,-1.7));
#9732=CARTESIAN_POINT('',(-43.9226782662584,-115.308107078542,-1.7));
#9733=CARTESIAN_POINT('',(-44.7953583820012,-115.308107078542,-1.7));
#9734=CARTESIAN_POINT('',(-44.719663134929,-114.438716019246,-1.7));
#9735=CARTESIAN_POINT('Origin',(-43.9226782662584,-114.508107078542,-1.7));
#9736=CARTESIAN_POINT('',(-41.8517888674621,-81.5,-1.7));
#9737=CARTESIAN_POINT('',(36.2,-106.,-1.7));
#9738=CARTESIAN_POINT('Origin',(39.,-106.,-1.7));
#9739=CARTESIAN_POINT('',(-41.8,-106.,-1.7));
#9740=CARTESIAN_POINT('Origin',(-39.,-106.,-1.7));
#9741=CARTESIAN_POINT('Origin',(-44.3295480971565,-110.,-1.38777878078145E-16));
#9742=CARTESIAN_POINT('',(44.3295480971565,-110.,-1.));
#9743=CARTESIAN_POINT('',(44.3295480971565,-110.,-1.38777878078145E-16));
#9744=CARTESIAN_POINT('',(-44.3295480971565,-110.,-1.));
#9745=CARTESIAN_POINT('',(-44.3295480971565,-110.,-1.38777878078145E-16));
#9746=CARTESIAN_POINT('',(44.5036820412842,-110.,-1.));
#9747=CARTESIAN_POINT('Origin',(37.1000933621339,-64.5000009557318,-2.69959493049173));
#9748=CARTESIAN_POINT('',(37.1000933621339,-64.5000009557318,0.));
#9749=CARTESIAN_POINT('',(37.1000933621339,-65.7749916046855,0.));
#9750=CARTESIAN_POINT('',(37.1000933621339,-64.5000009557318,-2.69959493049173));
#9751=CARTESIAN_POINT('',(37.1000933621339,-64.5000009557318,-2.69959493049173));
#9752=CARTESIAN_POINT('',(37.1000933621339,-72.7500009557318,-2.69959493049173));
#9753=CARTESIAN_POINT('Origin',(30.1812521553716,-64.5000009557318,-2.69959493049173));
#9754=CARTESIAN_POINT('',(31.7897630476622,-64.5000009557318,-10.45));
#9755=CARTESIAN_POINT('',(31.7897630476622,-64.5000009557318,-6.57479746524586));
#9756=CARTESIAN_POINT('',(31.1857258592329,-64.5000009557318,-10.45));
#9757=CARTESIAN_POINT('',(3.84286291759031,-64.5000009557318,-10.45));
#9758=CARTESIAN_POINT('',(31.1857258592329,-64.5000009557318,-2.69959493049173));
#9759=CARTESIAN_POINT('',(31.1857258592329,-64.5000009557318,-10.45));
#9760=CARTESIAN_POINT('',(40.2026807741636,-64.5000009557318,-2.69959493049173));
#9761=CARTESIAN_POINT('',(35.3210135763315,-64.5000009557318,0.));
#9762=CARTESIAN_POINT('Origin',(-39.6297152469841,-44.3342386157185,-0.112844257252341));
#9763=CARTESIAN_POINT('',(-45.4711097446734,-110.,1.3));
#9764=CARTESIAN_POINT('',(-45.1565467591221,-110.,-2.281920354372));
#9765=CARTESIAN_POINT('',(-40.3150270411197,-50.7802685526678,1.3));
#9766=CARTESIAN_POINT('Origin',(-40.4607749972915,-67.0499822536392,0.));
#9767=CARTESIAN_POINT('',(-40.9892046147287,-71.4076147783886,-4.9960036108132E-15));
#9768=CARTESIAN_POINT('',(-39.6240958256907,-55.7287786287073,0.));
#9769=CARTESIAN_POINT('Origin',(-110.285856171231,-76.0980004957297,0.));
#9770=CARTESIAN_POINT('Ctrl Pts',(-41.3331386464469,-79.,-3.61094546173165));
#9771=CARTESIAN_POINT('Ctrl Pts',(-39.9563706498168,-79.0599219343323,-3.48161288591904));
#9772=CARTESIAN_POINT('Ctrl Pts',(-41.1340380167453,-74.3673868288025,-3.58403988803884));
#9773=CARTESIAN_POINT('Ctrl Pts',(-39.7572700201152,-74.4273087631348,-3.45470731222623));
#9774=CARTESIAN_POINT('Ctrl Pts',(-41.3381596740767,-71.3924269891588,-0.0327805823339928));
#9775=CARTESIAN_POINT('Ctrl Pts',(-39.9613916774466,-71.4523489234911,0.096551993478619));
#9776=CARTESIAN_POINT('Origin',(-42.2170748531878,-79.0606006245843,6.39433139195332));
#9777=CARTESIAN_POINT('Origin',(40.4607749972915,-67.0499822536392,0.));
#9778=CARTESIAN_POINT('Origin',(-38.6372751211979,-44.4206473724254,-0.0256885145046833));
#9779=CARTESIAN_POINT('',(-44.4634922834106,-110.,1.3));
#9780=CARTESIAN_POINT('',(-39.314990514378,-50.8673387050044,1.3));
#9781=CARTESIAN_POINT('',(-44.1566408627223,-110.,-2.1941089702752));
#9782=CARTESIAN_POINT('Ctrl Pts',(42.2914293625751,-71.2509439949754,1.88651178012478E-16));
#9783=CARTESIAN_POINT('Ctrl Pts',(42.2905925512939,-71.2625222424657,-0.0142723978494953));
#9784=CARTESIAN_POINT('Ctrl Pts',(42.2897620267097,-71.274152871679,-0.0285021420293974));
#9785=CARTESIAN_POINT('Ctrl Pts',(41.9868481345959,-71.2642004741981,0.0286121371611871));
#9786=CARTESIAN_POINT('Ctrl Pts',(41.9860113233148,-71.2757787216884,0.0143397393116905));
#9787=CARTESIAN_POINT('Ctrl Pts',(41.9851807987306,-71.2874093509017,0.000109995131788417));
#9788=CARTESIAN_POINT('Origin',(19.8500930297861,-79.,-2.22044604925031E-15));
#9789=CARTESIAN_POINT('',(19.8500930297861,-79.,-5.45));
#9790=CARTESIAN_POINT('',(9.92504651489307,-79.,-5.45));
#9791=CARTESIAN_POINT('',(19.8500930297861,-79.,-2.69959493049172));
#9792=CARTESIAN_POINT('',(19.8500930297861,-79.,-5.225));
#9793=CARTESIAN_POINT('',(37.1000930297861,-79.,-2.69959493049172));
#9794=CARTESIAN_POINT('',(19.1000930297861,-79.,-2.69959493049172));
#9795=CARTESIAN_POINT('',(37.1000930297861,-79.,-2.22044604925031E-15));
#9796=CARTESIAN_POINT('Origin',(22.4012850734616,-59.7224022780503,-10.5854620982186));
#9797=CARTESIAN_POINT('',(30.3857954353072,-67.2639737916562,-10.45));
#9798=CARTESIAN_POINT('Origin',(22.3806870829728,-59.857864376269,-10.45));
#9799=CARTESIAN_POINT('',(21.219528142902,-74.5652609102448,-9.88473908975515));
#9800=CARTESIAN_POINT('Ctrl Pts',(21.219528142902,-74.5652609102448,-9.88473908975513));
#9801=CARTESIAN_POINT('Ctrl Pts',(21.5516156103846,-74.5069250111483,-9.94307498885165));
#9802=CARTESIAN_POINT('Ctrl Pts',(21.8839673901996,-74.4343517335223,-9.99365615858083));
#9803=CARTESIAN_POINT('Ctrl Pts',(23.5127768935253,-74.006306778633,-10.2073273161561));
#9804=CARTESIAN_POINT('Ctrl Pts',(24.7686620244867,-73.4332844681709,-10.2598283404187));
#9805=CARTESIAN_POINT('Ctrl Pts',(26.4000087827731,-72.3611507478686,-10.2594898859848));
#9806=CARTESIAN_POINT('Ctrl Pts',(26.9916485501486,-71.8991492942589,-10.2433310868608));
#9807=CARTESIAN_POINT('Ctrl Pts',(28.0753525463352,-70.870506103817,-10.2052996394666));
#9808=CARTESIAN_POINT('Ctrl Pts',(28.5674561651634,-70.3038510454865,-10.1849244684982));
#9809=CARTESIAN_POINT('Ctrl Pts',(29.5192407144679,-69.0081639574774,-10.1915427522282));
#9810=CARTESIAN_POINT('Ctrl Pts',(30.0187303842406,-68.1335392359652,-10.2306865077639));
#9811=CARTESIAN_POINT('Ctrl Pts',(30.3857954353071,-67.2639737916562,-10.45));
#9812=CARTESIAN_POINT('',(22.4012850734616,-66.7934700899158,-17.6565299100842));
#9813=CARTESIAN_POINT('Origin',(34.9561033666479,-43.676653963827,-10.45));
#9814=CARTESIAN_POINT('Origin',(0.,-73.9999999999999,-10.45));
#9815=CARTESIAN_POINT('',(12.6614012937658,-79.,-5.45));
#9816=CARTESIAN_POINT('Origin',(9.45009301019943,-79.4999991078975,-4.95000089210255));
#9817=CARTESIAN_POINT('',(18.3500930297861,-79.,-5.45));
#9818=CARTESIAN_POINT('',(-20.8822080747156,-79.,-5.45));
#9819=CARTESIAN_POINT('',(18.3500930297861,-75.6339266088611,-8.81607339113885));
#9820=CARTESIAN_POINT('',(18.3500930297861,-73.8059515901698,-10.6440484098302));
#9821=CARTESIAN_POINT('Origin',(20.8500930297861,-75.6339266088611,-8.81607339113885));
#9822=CARTESIAN_POINT('',(13.,-75.2000000655651,-9.24999993443488));
#9823=CARTESIAN_POINT('',(13.,-73.1250000163912,-11.3249999836087));
#9824=CARTESIAN_POINT('',(-12.7998141395011,-75.2000000655651,-9.24999993443488));
#9825=CARTESIAN_POINT('',(0.0500464651247168,-75.2000000655651,-9.24999993443488));
#9826=CARTESIAN_POINT('',(-12.7998141395011,-76.8126012256149,-7.63739877438504));
#9827=CARTESIAN_POINT('Origin',(0.,-73.9999999999999,-10.45));
#9828=CARTESIAN_POINT('',(20.7180175680352,-74.6426869443989,-9.8073130556011));
#9829=CARTESIAN_POINT('Origin',(19.1000930297861,-62.5000000655651,-21.9499999344348));
#9830=CARTESIAN_POINT('',(19.8500930297861,-75.6339266088611,-8.81607339113884));
#9831=CARTESIAN_POINT('Origin',(20.8500930297861,-75.6339266088611,-8.81607339113884));
#9832=CARTESIAN_POINT('',(19.8500930297861,-76.2169302050529,-8.23306979494711));
#9833=CARTESIAN_POINT('Origin',(13.,-70.5000000655651,-10.45));
#9834=CARTESIAN_POINT('',(13.,-70.5000000655651,4.30040483689485));
#9835=CARTESIAN_POINT('',(13.,-70.5000000655651,-10.45));
#9836=CARTESIAN_POINT('',(13.,-75.2000000655651,4.30040483689485));
#9837=CARTESIAN_POINT('',(13.,-70.5000000655651,4.30040483689485));
#9838=CARTESIAN_POINT('',(13.,-75.2000000655651,-10.45));
#9839=CARTESIAN_POINT('Origin',(18.3500930297861,-73.2238063606793,-10.45));
#9840=CARTESIAN_POINT('',(18.3500930297861,-79.,-2.69959493049172));
#9841=CARTESIAN_POINT('',(18.3500930297861,-79.,-5.225));
#9842=CARTESIAN_POINT('',(18.3500930297861,-75.6339266088611,-2.69959493049172));
#9843=CARTESIAN_POINT('',(18.3500930297861,-77.1119036582056,-2.69959493049172));
#9844=CARTESIAN_POINT('',(18.3500930297861,-75.6339266088611,-10.45));
#9845=CARTESIAN_POINT('Origin',(9.45009301019943,-79.4999991078975,0.200404984897638));
#9846=CARTESIAN_POINT('',(12.6614012937658,-79.,0.200404984897638));
#9847=CARTESIAN_POINT('Origin',(20.8500930297861,-75.6339266088611,-10.45));
#9848=CARTESIAN_POINT('',(20.7180175680352,-74.6426869443989,-2.69959493049172));
#9849=CARTESIAN_POINT('',(20.7180175680352,-74.6426869443989,-10.45));
#9850=CARTESIAN_POINT('',(19.8500930297861,-75.6339266088611,-2.69959493049172));
#9851=CARTESIAN_POINT('Origin',(20.8500930297861,-75.6339266088611,-2.69959493049173));
#9852=CARTESIAN_POINT('',(19.8500930297861,-75.6339266088611,-10.45));
#9853=CARTESIAN_POINT('Origin',(19.1000930297861,-62.5000000655651,-10.45));
#9854=CARTESIAN_POINT('Origin',(19.1000930297861,-62.5000000655651,-10.45));
#9855=CARTESIAN_POINT('Origin',(19.1000930297861,-62.5000000655651,-2.69959493049173));
#9856=CARTESIAN_POINT('Origin',(-23.5000000240523,-58.75,-10.45));
#9857=CARTESIAN_POINT('Origin',(19.8500930297861,-82.8677208202116,-10.45));
#9858=CARTESIAN_POINT('',(19.8500930297861,-81.9338608879717,-2.69959493049172));
#9859=CARTESIAN_POINT('Origin',(-43.9226782662584,-114.508107078542,-3.7));
#9860=CARTESIAN_POINT('',(-43.9226782662584,-115.308107078542,-3.7));
#9861=CARTESIAN_POINT('',(-44.719663134929,-114.438716019246,-3.7));
#9862=CARTESIAN_POINT('Origin',(-41.8517888674621,-81.5,-3.7));
#9863=CARTESIAN_POINT('Origin',(43.9226782662584,-114.508107078542,-3.7));
#9864=CARTESIAN_POINT('',(43.9226782662584,-115.308107078542,-3.7));
#9865=CARTESIAN_POINT('Origin',(-41.1721031764118,-115.308107078542,-3.7));
#9866=CARTESIAN_POINT('Origin',(5.60464722462648,-56.8520694015289,9.55));
#9867=CARTESIAN_POINT('Origin',(0.,-79.016895321117,6.3));
#9868=CARTESIAN_POINT('Origin',(44.2202203376178,-79.016895321117,6.3));
#9869=CARTESIAN_POINT('Origin',(0.,-79.016895321117,6.3));
#9870=CARTESIAN_POINT('Origin',(-44.2202203376178,-79.016895321117,6.3));
#9871=CARTESIAN_POINT('Origin',(39.7462783226892,-34.1880215376805,-0.200000000000001));
#9872=CARTESIAN_POINT('',(46.1857814885313,-113.977782123331,-5.97945482829079));
#9873=CARTESIAN_POINT('Origin',(-40.6221553727703,-44.2478298590116,-0.2));
#9874=CARTESIAN_POINT('',(-45.8287466547093,-113.476283794313,-9.54780085441257));
#9875=CARTESIAN_POINT('Origin',(-44.5036820412842,-112.,0.));
#9876=CARTESIAN_POINT('',(-44.5036820412842,-112.,-1.));
#9877=CARTESIAN_POINT('',(-44.5036820412842,-112.,0.));
#9878=CARTESIAN_POINT('',(-44.5036820412842,-112.,-1.));
#9879=CARTESIAN_POINT('Origin',(44.5036820412842,-112.,-1.38777878078145E-16));
#9880=CARTESIAN_POINT('',(44.5036820412842,-112.,-1.));
#9881=CARTESIAN_POINT('',(44.5036820412842,-112.,-1.38777878078145E-16));
#9882=CARTESIAN_POINT('',(-44.5036820412842,-112.,-1.));
#9883=CARTESIAN_POINT('Origin',(44.3295480971565,-110.,-6.63163958604056E-49));
#9884=CARTESIAN_POINT('',(44.3295480971565,-110.,-1.));
#9885=CARTESIAN_POINT('Origin',(0.,-111.,-1.));
#9886=CARTESIAN_POINT('Origin',(43.7046811740658,-114.193804015098,-5.76156547142165));
#9887=CARTESIAN_POINT('',(43.7046811740658,-116.669474186952,-6.10949822382181));
#9888=CARTESIAN_POINT('Origin',(44.2279412344123,-117.5,-0.2));
#9889=CARTESIAN_POINT('',(-43.3476463402438,-116.167975857934,-9.67784424994359));
#9890=CARTESIAN_POINT('Origin',(-43.3476463402438,-113.69230568608,-9.32991149754343));
#9891=CARTESIAN_POINT('Origin',(0.,-110.,2.77555756156289E-16));
#9892=CARTESIAN_POINT('',(-11.7500000120262,-110.,1.3));
#9893=CARTESIAN_POINT('Origin',(0.,-110.,2.77555756156289E-16));
#9894=CARTESIAN_POINT('',(-11.7500000120262,-110.,1.3));
#9895=CARTESIAN_POINT('Origin',(-23.5000000240523,-58.75,1.3));
#9896=CARTESIAN_POINT('Origin',(-23.5000000240523,-58.75,1.3));
#9897=CARTESIAN_POINT('Origin',(39.,-106.,-3.7));
#9898=CARTESIAN_POINT('',(36.2,-106.,1.3));
#9899=CARTESIAN_POINT('',(36.2,-106.,-3.7));
#9900=CARTESIAN_POINT('Origin',(39.,-106.,1.3));
#9901=CARTESIAN_POINT('Origin',(4.44089209850063E-15,-58.7207333926315,
1.3));
#9902=CARTESIAN_POINT('',(37.6,-106.,1.3));
#9903=CARTESIAN_POINT('Origin',(39.,-106.,1.3));
#9904=CARTESIAN_POINT('Origin',(-39.,-106.,-3.7));
#9905=CARTESIAN_POINT('',(-41.8,-106.,1.3));
#9906=CARTESIAN_POINT('',(-41.8,-106.,-3.7));
#9907=CARTESIAN_POINT('Origin',(-39.,-106.,1.3));
#9908=CARTESIAN_POINT('Origin',(4.44089209850063E-15,-58.7207333926315,
1.3));
#9909=CARTESIAN_POINT('',(-40.4,-106.,1.3));
#9910=CARTESIAN_POINT('Origin',(-39.,-106.,1.3));
#9911=CARTESIAN_POINT('Origin',(34.9561033666479,-43.676653963827,-10.45));
#9912=CARTESIAN_POINT('',(33.1754749680707,-55.3869059493402,-10.45));
#9913=CARTESIAN_POINT('Origin',(19.1000930297861,-62.5000000655651,-10.45));
#9914=CARTESIAN_POINT('',(31.3500940276992,-62.5000000655651,-10.45));
#9915=CARTESIAN_POINT('Origin',(19.1000930297861,-62.5000000655651,-10.45));
#9916=CARTESIAN_POINT('',(31.3500940276992,-62.5000000655651,-2.69959493049173));
#9917=CARTESIAN_POINT('',(31.3500940276992,-62.5000000655651,-10.45));
#9918=CARTESIAN_POINT('Origin',(19.1000930297861,-62.5000000655651,-2.69959493049173));
#9919=CARTESIAN_POINT('Origin',(-23.5000000240523,-58.75,-10.45));
#9920=CARTESIAN_POINT('',(31.3500940276992,-60.6250000327826,-10.45));
#9921=CARTESIAN_POINT('Origin',(31.3500940276991,-62.5000000655651,-10.45));
#9922=CARTESIAN_POINT('',(31.3500940276991,-71.7500005106485,-2.69959493049173));
#9923=CARTESIAN_POINT('Origin',(-23.5000000240523,-58.75,-10.45));
#9924=CARTESIAN_POINT('',(18.1000930297861,-36.9999990676521,-10.45));
#9925=CARTESIAN_POINT('Origin',(19.1000930297861,-36.9999990676521,-10.45));
#9926=CARTESIAN_POINT('Origin',(-23.5000000240523,-58.75,-10.45));
#9927=CARTESIAN_POINT('',(-30.8999072625626,-33.4999991573631,-10.45));
#9928=CARTESIAN_POINT('Origin',(-29.8999072625626,-33.4999991573631,-10.45));
#9929=CARTESIAN_POINT('Origin',(0.,-7.,3.));
#9930=CARTESIAN_POINT('',(-1.4,-7.,3.));
#9931=CARTESIAN_POINT('Origin',(0.,-7.,3.));
#9932=CARTESIAN_POINT('',(-1.4,-7.,3.));
#9933=CARTESIAN_POINT('Origin',(19.1000930297861,-36.9999990676521,0.200404984897638));
#9934=CARTESIAN_POINT('',(18.1000930297861,-36.9999990676521,-0.799595015102362));
#9935=CARTESIAN_POINT('Origin',(19.1000930297861,-36.9999990676521,-0.799595015102362));
#9936=CARTESIAN_POINT('',(18.1000930297861,-36.9999990676521,0.200404984897638));
#9937=CARTESIAN_POINT('Origin',(-29.8999072625626,-33.4999991573631,0.200404984897641));
#9938=CARTESIAN_POINT('',(-30.8999072625626,-33.4999991573631,-0.799595015102359));
#9939=CARTESIAN_POINT('Origin',(-29.8999072625626,-33.4999991573631,-0.799595015102359));
#9940=CARTESIAN_POINT('',(-30.8999072625626,-33.4999991573631,0.200404984897641));
#9941=CARTESIAN_POINT('Origin',(0.,-7.,3.));
#9942=CARTESIAN_POINT('',(-3.25,-7.,3.));
#9943=CARTESIAN_POINT('Origin',(0.,-7.,3.));
#9944=CARTESIAN_POINT('Origin',(-39.,-106.,3.));
#9945=CARTESIAN_POINT('',(-40.4,-106.,3.));
#9946=CARTESIAN_POINT('Origin',(-39.,-106.,3.));
#9947=CARTESIAN_POINT('',(-40.4,-106.,3.));
#9948=CARTESIAN_POINT('Origin',(39.,-106.,3.));
#9949=CARTESIAN_POINT('',(37.6,-106.,3.));
#9950=CARTESIAN_POINT('Origin',(39.,-106.,3.));
#9951=CARTESIAN_POINT('',(37.6,-106.,3.));
#9952=CARTESIAN_POINT('Origin',(19.1000930297861,-36.9999990676521,-0.799595015102362));
#9953=CARTESIAN_POINT('',(17.7000930297861,-36.9999990676521,-0.799595015102362));
#9954=CARTESIAN_POINT('Origin',(19.1000930297861,-36.9999990676521,-0.799595015102362));
#9955=CARTESIAN_POINT('Origin',(-29.8999072625626,-33.4999991573631,-0.799595015102359));
#9956=CARTESIAN_POINT('',(-31.2999072625626,-33.4999991573631,-0.799595015102359));
#9957=CARTESIAN_POINT('Origin',(-29.8999072625626,-33.4999991573631,-0.799595015102359));
#9958=CARTESIAN_POINT('Origin',(-23.5000000240523,-58.75,-10.45));
#9959=CARTESIAN_POINT('',(-32.9922367542683,-32.5,-10.45));
#9960=CARTESIAN_POINT('Origin',(-29.8999072625626,-33.4999991573631,-10.45));
#9961=CARTESIAN_POINT('',(12.,-17.,-10.45));
#9962=CARTESIAN_POINT('',(12.,-48.5261319561311,-10.45));
#9963=CARTESIAN_POINT('',(-26.9117956671158,-17.0000000012013,-10.45));
#9964=CARTESIAN_POINT('',(-5.59812342036553,-17.,-10.45));
#9965=CARTESIAN_POINT('',(-33.8505295308153,-32.5,-10.45));
#9966=CARTESIAN_POINT('Ctrl Pts',(-26.9117956662309,-17.0000000025336,-10.45));
#9967=CARTESIAN_POINT('Ctrl Pts',(-28.5149441167711,-18.9393057407498,-10.45));
#9968=CARTESIAN_POINT('Ctrl Pts',(-31.6341186028732,-23.7938696290792,-10.45));
#9969=CARTESIAN_POINT('Ctrl Pts',(-33.357095435694,-29.3249450922971,-10.45));
#9970=CARTESIAN_POINT('Ctrl Pts',(-33.8505295308153,-32.5,-10.45));
#9971=CARTESIAN_POINT('',(-18.2500001535872,-32.5,-10.45));
#9972=CARTESIAN_POINT('Origin',(9.59996211528779,-15.5,-5.69974260687824));
#9973=CARTESIAN_POINT('',(9.59996211528779,-17.,-5.69974260687824));
#9974=CARTESIAN_POINT('',(9.59996211528779,-17.,-0.999999999978242));
#9975=CARTESIAN_POINT('',(9.59996211528779,-17.,-5.69974260687824));
#9976=CARTESIAN_POINT('',(9.59996211528779,-15.5,-0.999999999978242));
#9977=CARTESIAN_POINT('',(9.5999621152878,-37.1276260716282,-0.999999999978242));
#9978=CARTESIAN_POINT('',(9.59996211528779,-15.5,-5.69974260687824));
#9979=CARTESIAN_POINT('',(9.59996211528779,-15.5,-5.69974260687824));
#9980=CARTESIAN_POINT('',(9.59996211528779,-15.875,-5.69974260687829));
#9981=CARTESIAN_POINT('Origin',(-9.84812364675796,-16.25,-5.69974260687824));
#9982=CARTESIAN_POINT('',(-24.4000378847121,-15.5,-5.69974260687824));
#9983=CARTESIAN_POINT('',(12.3037531833213,-15.5,-5.69974260687829));
#9984=CARTESIAN_POINT('',(-24.4000378847121,-17.,-5.69974260687824));
#9985=CARTESIAN_POINT('',(-24.4000378847121,-16.625,-5.69974260687821));
#9986=CARTESIAN_POINT('',(-32.0000004768372,-17.,-5.69974260687819));
#9987=CARTESIAN_POINT('Origin',(-24.4000378847121,-17.,-5.69974260687824));
#9988=CARTESIAN_POINT('',(-24.4000378847121,-15.5,-0.999999999978241));
#9989=CARTESIAN_POINT('',(-24.4000378847121,-15.5,-5.69974260687824));
#9990=CARTESIAN_POINT('',(-24.4000378847121,-17.,-0.999999999978241));
#9991=CARTESIAN_POINT('',(-24.4000378847121,-16.625,-0.999999999978241));
#9992=CARTESIAN_POINT('',(-24.4000378847121,-17.,-5.69974260687824));
#9993=CARTESIAN_POINT('Origin',(-24.9000378847121,-16.625,-0.499999999978241));
#9994=CARTESIAN_POINT('',(-25.4000378847121,-15.5,2.17581508366038E-11));
#9995=CARTESIAN_POINT('',(-25.3750928810184,-15.5,-0.0249450036719673));
#9996=CARTESIAN_POINT('',(-25.4000378847121,-17.,2.17581508366038E-11));
#9997=CARTESIAN_POINT('',(-25.4000378847121,-16.625,2.17581508366038E-11));
#9998=CARTESIAN_POINT('',(-14.2991544659788,-17.,-11.1008834187116));
#9999=CARTESIAN_POINT('Origin',(-27.6485379482751,-16.25,2.17581508366038E-11));
#10000=CARTESIAN_POINT('',(-29.7694295761382,-15.4999999996549,2.17581508366038E-11));
#10001=CARTESIAN_POINT('',(12.,-15.5,2.17581508366038E-11));
#10002=CARTESIAN_POINT('',(-30.897027485182,-17.0000000003399,2.17581508366038E-11));
#10003=CARTESIAN_POINT('Origin',(-2.57132119547778,-37.1195124160789,2.17581508366038E-11));
#10004=CARTESIAN_POINT('',(-30.8970379883509,-17.,2.17581508366038E-11));
#10005=CARTESIAN_POINT('Origin',(0.,-7.,3.));
#10006=CARTESIAN_POINT('',(2.95806105078282,-5.65375538813244,-10.45));
#10007=CARTESIAN_POINT('',(-3.25,-7.,-10.45));
#10008=CARTESIAN_POINT('Origin',(0.,-7.,-10.45));
#10009=CARTESIAN_POINT('',(2.8072494716156,-5.36236175057231,-10.4358501963292));
#10010=CARTESIAN_POINT('Ctrl Pts',(2.80726341414209,-5.36238828667498,-10.4355394269028));
#10011=CARTESIAN_POINT('Ctrl Pts',(2.84801283795268,-5.43224267692102,-10.442468860798));
#10012=CARTESIAN_POINT('Ctrl Pts',(2.88618943435011,-5.50367808407253,-10.4470608307233));
#10013=CARTESIAN_POINT('Ctrl Pts',(2.92168736247371,-5.5765383897128,-10.448981398162));
#10014=CARTESIAN_POINT('Ctrl Pts',(2.93414338703743,-5.60210466371097,-10.4496553145413));
#10015=CARTESIAN_POINT('Ctrl Pts',(2.94626952637361,-5.62784614676507,-10.45));
#10016=CARTESIAN_POINT('Ctrl Pts',(2.95806101619689,-5.65375521376822,-10.45));
#10017=CARTESIAN_POINT('',(-2.80724947161562,-5.36236170556243,-10.4358501919421));
#10018=CARTESIAN_POINT('Ctrl Pts',(-2.80725015424913,-5.36236555621585,
-10.4358505672621));
#10019=CARTESIAN_POINT('Ctrl Pts',(-2.67095499515638,-5.12872696377003,
-10.4130781589461));
#10020=CARTESIAN_POINT('Ctrl Pts',(-2.49567548014633,-4.89892173979129,
-10.3612528231567));
#10021=CARTESIAN_POINT('Ctrl Pts',(-2.08634702682052,-4.49074334519989,
-10.2242305091399));
#10022=CARTESIAN_POINT('Ctrl Pts',(-1.85010451321338,-4.31439410688848,
-10.1390187392471));
#10023=CARTESIAN_POINT('Ctrl Pts',(-1.38807505729439,-4.04962796480367,
-9.98976409141626));
#10024=CARTESIAN_POINT('Ctrl Pts',(-1.12279633806719,-3.93648427349227,
-9.91190206556204));
#10025=CARTESIAN_POINT('Ctrl Pts',(-0.565372933699616,-3.78656706414955,
-9.80025547857037));
#10026=CARTESIAN_POINT('Ctrl Pts',(-0.27269746519394,-3.75,-9.76885724029852));
#10027=CARTESIAN_POINT('Ctrl Pts',(0.27269746519394,-3.75,-9.76885724029852));
#10028=CARTESIAN_POINT('Ctrl Pts',(0.565372933699616,-3.78656706414955,
-9.80025547857037));
#10029=CARTESIAN_POINT('Ctrl Pts',(1.12279633806719,-3.93648427349227,-9.91190206556204));
#10030=CARTESIAN_POINT('Ctrl Pts',(1.38807505729439,-4.04962796480367,-9.98976409141626));
#10031=CARTESIAN_POINT('Ctrl Pts',(1.85010451321338,-4.31439410688848,-10.1390187392471));
#10032=CARTESIAN_POINT('Ctrl Pts',(2.08634702682052,-4.49074334519989,-10.2242305091399));
#10033=CARTESIAN_POINT('Ctrl Pts',(2.49567545226161,-4.8989217119849,-10.3612528138223));
#10034=CARTESIAN_POINT('Ctrl Pts',(2.67095494689505,-5.12872689965111,-10.4130781450083));
#10035=CARTESIAN_POINT('Ctrl Pts',(2.80725009747145,-5.36236545888696,-10.4358505577756));
#10036=CARTESIAN_POINT('',(-2.95806189260295,-5.65375738477259,-10.45));
#10037=CARTESIAN_POINT('Ctrl Pts',(-2.9580618035245,-5.65375694373959,-10.45));
#10038=CARTESIAN_POINT('Ctrl Pts',(-2.92443704036357,-5.57987420236064,
-10.45));
#10039=CARTESIAN_POINT('Ctrl Pts',(-2.88809271896561,-5.50735925150284,
-10.4471974896598));
#10040=CARTESIAN_POINT('Ctrl Pts',(-2.8491374080445,-5.43637727373849,-10.4419399271844));
#10041=CARTESIAN_POINT('Ctrl Pts',(-2.83549825322445,-5.41152484254824,
-10.4400991330312));
#10042=CARTESIAN_POINT('Ctrl Pts',(-2.8215389651942,-5.38686006089571,-10.4379570658356));
#10043=CARTESIAN_POINT('Ctrl Pts',(-2.80726398154833,-5.36238925934719,
-10.4355276349941));
#10044=CARTESIAN_POINT('Origin',(0.,-7.,-10.45));
#10045=CARTESIAN_POINT('',(-3.25,-7.,3.));
#10046=CARTESIAN_POINT('Origin',(-23.5000000240523,-58.75,-10.45));
#10047=CARTESIAN_POINT('',(-25.5889753294162,-15.5000274833962,-10.4499999992338));
#10048=CARTESIAN_POINT('',(12.,-15.5,-10.45));
#10049=CARTESIAN_POINT('',(-27.7500002504447,-15.5,-10.45));
#10050=CARTESIAN_POINT('',(11.9999999998978,-7.02944496274478,-10.45));
#10051=CARTESIAN_POINT('',(12.,-48.5261319561311,-10.45));
#10052=CARTESIAN_POINT('Origin',(3.70166475510227,-29.1489539760526,-10.45));
#10053=CARTESIAN_POINT('Ctrl Pts',(-2.9580618902558,-5.65375786858279,-10.45));
#10054=CARTESIAN_POINT('Ctrl Pts',(-6.90761155800962,-5.67291864093692,
-10.45));
#10055=CARTESIAN_POINT('Ctrl Pts',(-13.5172360029188,-6.96538446416798,
-10.45));
#10056=CARTESIAN_POINT('Ctrl Pts',(-20.9516637575392,-11.1452883535223,
-10.45));
#10057=CARTESIAN_POINT('Ctrl Pts',(-24.3277293674817,-14.1585453334061,
-10.45));
#10058=CARTESIAN_POINT('Ctrl Pts',(-25.5888847316264,-15.5,-10.45));
#10059=CARTESIAN_POINT('Origin',(-13.153624747834,-5.65339199827969,-7.45));
#10060=CARTESIAN_POINT('',(2.8072494716156,-2.66480790400445,-7.71146722824298));
#10061=CARTESIAN_POINT('Origin',(2.8072494716156,-5.65339199827969,-7.45));
#10062=CARTESIAN_POINT('',(-2.80724947161562,-2.66480790400445,-7.71146722824298));
#10063=CARTESIAN_POINT('',(-13.153624747834,-2.66480790400445,-7.71146722824298));
#10064=CARTESIAN_POINT('Origin',(-2.80724947161562,-5.65339199827969,-7.45));
#10065=CARTESIAN_POINT('Ctrl Pts',(-29.5442277666727,-15.5000000023605,
-7.71146722824298));
#10066=CARTESIAN_POINT('Ctrl Pts',(-27.7183550507215,-13.2220822389255,
-7.71146722824298));
#10067=CARTESIAN_POINT('Ctrl Pts',(-23.4824645284885,-9.13036767060836,
-7.71146722824298));
#10068=CARTESIAN_POINT('Ctrl Pts',(-14.490462798858,-4.07451328996736,-7.71146722824297));
#10069=CARTESIAN_POINT('Ctrl Pts',(-7.18623055857587,-2.66480790400446,
-7.71146722824298));
#10070=CARTESIAN_POINT('Ctrl Pts',(-2.80724947161562,-2.66480790400445,
-7.71146722824298));
#10071=CARTESIAN_POINT('Ctrl Pts',(-29.4865772543795,-15.5462099661909,
-8.55597270548412));
#10072=CARTESIAN_POINT('Ctrl Pts',(-27.664215729139,-13.2726726853717,-8.55597270548412));
#10073=CARTESIAN_POINT('Ctrl Pts',(-23.4385205741567,-9.19041053962611,
-8.55597270548412));
#10074=CARTESIAN_POINT('Ctrl Pts',(-14.4644528489796,-4.14484786851799,
-8.55597270548412));
#10075=CARTESIAN_POINT('Ctrl Pts',(-7.17780870249555,-2.73869255954861,
-8.55597270548412));
#10076=CARTESIAN_POINT('Ctrl Pts',(-2.80724947161562,-2.7386925595486,-8.55597270548412));
#10077=CARTESIAN_POINT('Ctrl Pts',(-28.8673965613887,-16.0425163525421,
-9.96306759956824));
#10078=CARTESIAN_POINT('Ctrl Pts',(-27.0874709454855,-13.8219211584535,
-9.96306759956824));
#10079=CARTESIAN_POINT('Ctrl Pts',(-22.9583879019959,-9.83357214283287,
-9.96306759956824));
#10080=CARTESIAN_POINT('Ctrl Pts',(-14.1953178451638,-4.90646004597183,
-9.96306759956824));
#10081=CARTESIAN_POINT('Ctrl Pts',(-7.07602296924587,-3.5322319471694,-9.96306759956824));
#10082=CARTESIAN_POINT('Ctrl Pts',(-2.80724947161562,-3.53223194716939,
-9.96306759956824));
#10083=CARTESIAN_POINT('Ctrl Pts',(-27.7084028167603,-16.9715117228948,
-10.45));
#10084=CARTESIAN_POINT('Ctrl Pts',(-26.0070332672994,-14.8489213117307,
-10.45));
#10085=CARTESIAN_POINT('Ctrl Pts',(-22.0611807942847,-11.0377715862707,
-10.45));
#10086=CARTESIAN_POINT('Ctrl Pts',(-13.6896510034342,-6.3309095552711,-10.45));
#10087=CARTESIAN_POINT('Ctrl Pts',(-6.88760031143264,-5.01759348505319,
-10.45));
#10088=CARTESIAN_POINT('Ctrl Pts',(-2.80724947161562,-5.01759348505319,
-10.45));
#10089=CARTESIAN_POINT('Ctrl Pts',(-27.2123037318712,-17.3691616284565,
-10.45));
#10090=CARTESIAN_POINT('Ctrl Pts',(-25.5444861665356,-15.2884299185972,
-10.45));
#10091=CARTESIAN_POINT('Ctrl Pts',(-21.6772644276467,-11.5532472661926,
-10.45));
#10092=CARTESIAN_POINT('Ctrl Pts',(-13.4730451768261,-6.94053878512515,
-10.45));
#10093=CARTESIAN_POINT('Ctrl Pts',(-6.8071233437063,-5.65339199827969,-10.45));
#10094=CARTESIAN_POINT('Ctrl Pts',(-2.80724947161562,-5.65339199827969,
-10.45));
#10095=CARTESIAN_POINT('',(-29.5419264730651,-15.5007321376132,-7.71127007711446));
#10096=CARTESIAN_POINT('Ctrl Pts',(-29.5442212571379,-15.5,-7.71152526047003));
#10097=CARTESIAN_POINT('Ctrl Pts',(-29.5227599945194,-15.5,-7.90288440136591));
#10098=CARTESIAN_POINT('Ctrl Pts',(-29.476533025454,-15.5,-8.09027866559758));
#10099=CARTESIAN_POINT('Ctrl Pts',(-29.3398000778514,-15.5,-8.45653400791695));
#10100=CARTESIAN_POINT('Ctrl Pts',(-29.2485277856826,-15.5000000000039,
-8.63366187547338));
#10101=CARTESIAN_POINT('Ctrl Pts',(-28.919252391589,-15.5000000000039,-9.13719062271679));
#10102=CARTESIAN_POINT('Ctrl Pts',(-28.6176045126967,-15.4999999988295,
-9.44383326430111));
#10103=CARTESIAN_POINT('Ctrl Pts',(-27.891045489577,-15.4999999988295,-9.94038435164199));
#10104=CARTESIAN_POINT('Ctrl Pts',(-27.4861598993476,-15.4999999999676,
-10.1248634021469));
#10105=CARTESIAN_POINT('Ctrl Pts',(-26.5616234162954,-15.4999999999676,
-10.3859763956826));
#10106=CARTESIAN_POINT('Ctrl Pts',(-26.072268073559,-15.5,-10.4499885630504));
#10107=CARTESIAN_POINT('Ctrl Pts',(-25.5890142508429,-15.5,-10.4499999984676));
#10108=CARTESIAN_POINT('Ctrl Pts',(-29.5419264730651,-15.5007321376132,
-7.71127007711446));
#10109=CARTESIAN_POINT('Ctrl Pts',(-28.9199285814069,-14.7255836686592,
-7.71122620319786));
#10110=CARTESIAN_POINT('Ctrl Pts',(-28.2645455727284,-13.9769445203872,
-7.71123299606312));
#10111=CARTESIAN_POINT('Ctrl Pts',(-27.5781223035955,-13.2577054663625,
-7.71126139100163));
#10112=CARTESIAN_POINT('Ctrl Pts',(-26.8701989780175,-12.5159385043336,
-7.71129067532255));
#10113=CARTESIAN_POINT('Ctrl Pts',(-26.1292605948561,-11.8054426851194,
-7.71134293614403));
#10114=CARTESIAN_POINT('Ctrl Pts',(-25.3579356411956,-11.1293852319358,
-7.71138629123915));
#10115=CARTESIAN_POINT('Ctrl Pts',(-24.6813358626331,-10.5363533055749,
-7.71142432196488));
#10116=CARTESIAN_POINT('Ctrl Pts',(-23.9813557109356,-9.96982064646631,
-7.71145550004478));
#10117=CARTESIAN_POINT('Ctrl Pts',(-23.2598015798315,-9.43191827917737,
-7.71145830598476));
#10118=CARTESIAN_POINT('Ctrl Pts',(-23.2590308069944,-9.43134368537233,
-7.71145830898209));
#10119=CARTESIAN_POINT('Ctrl Pts',(-23.2582600095423,-9.43076912423583,
-7.71145831194706));
#10120=CARTESIAN_POINT('Ctrl Pts',(-23.2574891874782,-9.43019459576972,
-7.71145831487962));
#10121=CARTESIAN_POINT('Ctrl Pts',(-22.5628828468809,-8.91247314743656,
-7.71146095748295));
#10122=CARTESIAN_POINT('Ctrl Pts',(-21.8483194951936,-8.42131034386667,
-7.71146281661633));
#10123=CARTESIAN_POINT('Ctrl Pts',(-21.1160208180311,-7.95808881409149,
-7.71146067050079));
#10124=CARTESIAN_POINT('Ctrl Pts',(-20.3791617745346,-7.49198258721731,
-7.71145851102037));
#10125=CARTESIAN_POINT('Ctrl Pts',(-19.6243463446738,-7.05416709156294,
-7.71145229625059));
#10126=CARTESIAN_POINT('Ctrl Pts',(-18.8538718456988,-6.64601054579801,
-7.71143874384627));
#10127=CARTESIAN_POINT('Ctrl Pts',(-18.2407168483129,-6.32119353227649,
-7.71142795864255));
#10128=CARTESIAN_POINT('Ctrl Pts',(-17.6176453934369,-6.01515943585471,
-7.71141252635953));
#10129=CARTESIAN_POINT('Ctrl Pts',(-16.9858271519228,-5.72857742442362,
-7.71139079267441));
#10130=CARTESIAN_POINT('Ctrl Pts',(-16.5392856278402,-5.52603378172597,
-7.71137543225548));
#10131=CARTESIAN_POINT('Ctrl Pts',(-16.0883752664595,-5.33320615327624,
-7.71135692425802));
#10132=CARTESIAN_POINT('Ctrl Pts',(-15.6335457917147,-5.15020258393038,
-7.71133468465988));
#10133=CARTESIAN_POINT('Ctrl Pts',(-14.7783041046527,-4.80609058135289,
-7.71129286628071));
#10134=CARTESIAN_POINT('Ctrl Pts',(-13.9091093156295,-4.49668168144201,
-7.71127450385863));
#10135=CARTESIAN_POINT('Ctrl Pts',(-13.0289185166924,-4.22266105077872,
-7.71127158017452));
#10136=CARTESIAN_POINT('Ctrl Pts',(-12.1575804508509,-3.95139644927282,
-7.71126868589607));
#10137=CARTESIAN_POINT('Ctrl Pts',(-11.2754670951682,-3.71481190427998,
-7.71128092135961));
#10138=CARTESIAN_POINT('Ctrl Pts',(-10.385452955524,-3.51352183931528,-7.71130050882655));
#10139=CARTESIAN_POINT('Ctrl Pts',(-9.50542194874465,-3.31448960978649,
-7.7113198765843));
#10140=CARTESIAN_POINT('Ctrl Pts',(-8.6176669973634,-3.14996455588666,-7.71134643233818));
#10141=CARTESIAN_POINT('Ctrl Pts',(-7.72496348932858,-3.02049053860786,
-7.71137265714946));
#10142=CARTESIAN_POINT('Ctrl Pts',(-6.85271502103221,-2.8939832355233,-7.71139828105622));
#10143=CARTESIAN_POINT('Ctrl Pts',(-5.97574266985809,-2.80093901331692,
-7.71142358901279));
#10144=CARTESIAN_POINT('Ctrl Pts',(-5.0966241371983,-2.74181745530553,-7.71144156718538));
#10145=CARTESIAN_POINT('Ctrl Pts',(-4.33455602293851,-2.6905676493328,-7.71145715165047));
#10146=CARTESIAN_POINT('Ctrl Pts',(-3.57087521291509,-2.66480790400445,
-7.71146722824298));
#10147=CARTESIAN_POINT('Ctrl Pts',(-2.80724947161562,-2.66480790400445,
-7.71146722824298));
#10148=CARTESIAN_POINT('Origin',(-2.57132119547778,-37.1195124160789,-5.69974260687819));
#10149=CARTESIAN_POINT('',(-30.8960966698442,-17.0002778963592,-5.69966138996272));
#10150=CARTESIAN_POINT('',(-30.8970274845237,-17.,-5.69974260687819));
#10151=CARTESIAN_POINT('',(-29.7679404152462,-15.5013808236705,-5.699664832337));
#10152=CARTESIAN_POINT('',(-29.7694295768534,-15.5,-5.69974260687819));
#10153=CARTESIAN_POINT('Origin',(-2.45488884435954,-37.2366975409357,-5.7130716902499));
#10154=CARTESIAN_POINT('Ctrl Pts',(-36.871906355166,-32.5000000000077,-7.71146722824298));
#10155=CARTESIAN_POINT('Ctrl Pts',(-36.357079795017,-28.8741563129029,-7.71146722824298));
#10156=CARTESIAN_POINT('Ctrl Pts',(-34.4675533678416,-22.6627922430299,
-7.71146722824298));
#10157=CARTESIAN_POINT('Ctrl Pts',(-30.9704215292998,-17.2190701154161,
-7.71146722824298));
#10158=CARTESIAN_POINT('Ctrl Pts',(-29.2152302905594,-15.095840392627,-7.71146722824298));
#10159=CARTESIAN_POINT('Ctrl Pts',(-36.7987554041004,-32.5103865626283,
-8.55597270548412));
#10160=CARTESIAN_POINT('Ctrl Pts',(-36.2848891525799,-28.8913061803871,
-8.55597270548412));
#10161=CARTESIAN_POINT('Ctrl Pts',(-34.399657490609,-22.6939752383544,-8.55597270548412));
#10162=CARTESIAN_POINT('Ctrl Pts',(-30.9100977143158,-17.2620594435277,
-8.55597270548412));
#10163=CARTESIAN_POINT('Ctrl Pts',(-29.1582841018047,-15.1429155868507,
-8.55597270548412));
#10164=CARTESIAN_POINT('Ctrl Pts',(-36.0128743011447,-32.6219723064815,
-9.96289700820288));
#10165=CARTESIAN_POINT('Ctrl Pts',(-35.5106142462823,-29.0846325688405,
-9.96289700820288));
#10166=CARTESIAN_POINT('Ctrl Pts',(-33.667289434952,-23.0259583870462,-9.96289700820288));
#10167=CARTESIAN_POINT('Ctrl Pts',(-30.2574872378666,-17.7184200258036,
-9.96289700820288));
#10168=CARTESIAN_POINT('Ctrl Pts',(-28.5464952873644,-15.6486575494559,
-9.96289700820288));
#10169=CARTESIAN_POINT('Ctrl Pts',(-34.5424848854488,-32.830750066994,-10.45));
#10170=CARTESIAN_POINT('Ctrl Pts',(-34.0617098693201,-29.4447261278959,
-10.45));
#10171=CARTESIAN_POINT('Ctrl Pts',(-32.2975489965439,-23.6476414340182,
-10.45));
#10172=CARTESIAN_POINT('Ctrl Pts',(-29.0372579739738,-18.5732537053322,
-10.45));
#10173=CARTESIAN_POINT('Ctrl Pts',(-27.4018338442899,-16.5949045403699,
-10.45));
#10174=CARTESIAN_POINT('Ctrl Pts',(-33.9130001083176,-32.920129397832,-10.45));
#10175=CARTESIAN_POINT('Ctrl Pts',(-33.4414015404401,-29.5987337618115,
-10.45));
#10176=CARTESIAN_POINT('Ctrl Pts',(-31.7112017963074,-23.9138389630067,
-10.45));
#10177=CARTESIAN_POINT('Ctrl Pts',(-28.514944115578,-18.939305738893,-10.45));
#10178=CARTESIAN_POINT('Ctrl Pts',(-26.9117956641365,-17.,-10.45));
#10179=CARTESIAN_POINT('',(-36.871900970739,-32.4999620784703,-7.71146722824298));
#10180=CARTESIAN_POINT('Ctrl Pts',(-36.8719063138131,-32.5,-7.7114676962019));
#10181=CARTESIAN_POINT('Ctrl Pts',(-36.840177098285,-32.5,-8.0705321753954));
#10182=CARTESIAN_POINT('Ctrl Pts',(-36.7391512547972,-32.5000000000001,
-8.4219816703587));
#10183=CARTESIAN_POINT('Ctrl Pts',(-36.4120166897443,-32.5000000000001,
-9.09222756116374));
#10184=CARTESIAN_POINT('Ctrl Pts',(-36.1777381110111,-32.5,-9.40717081067463));
#10185=CARTESIAN_POINT('Ctrl Pts',(-35.5629134273375,-32.5,-9.9674212091096));
#10186=CARTESIAN_POINT('Ctrl Pts',(-35.2143511771973,-32.4999999999993,
-10.1490335669638));
#10187=CARTESIAN_POINT('Ctrl Pts',(-34.5683414533083,-32.4999999999993,
-10.3850991835899));
#10188=CARTESIAN_POINT('Ctrl Pts',(-34.2092798967261,-32.5,-10.45));
#10189=CARTESIAN_POINT('Ctrl Pts',(-33.8505295308153,-32.5,-10.45));
#10190=CARTESIAN_POINT('',(-30.6807469711486,-17.0000906873775,-7.71146722824297));
#10191=CARTESIAN_POINT('Ctrl Pts',(-26.9117956671158,-17.,-10.45));
#10192=CARTESIAN_POINT('Ctrl Pts',(-27.3486747556985,-17.,-10.4499999997338));
#10193=CARTESIAN_POINT('Ctrl Pts',(-27.7898044476529,-16.9999999999506,
-10.3914471105427));
#10194=CARTESIAN_POINT('Ctrl Pts',(-28.5599949726463,-16.9999999999506,
-10.1751079799776));
#10195=CARTESIAN_POINT('Ctrl Pts',(-28.9566593569453,-16.9999999996575,
-10.019503402886));
#10196=CARTESIAN_POINT('Ctrl Pts',(-29.7121437913829,-16.9999999996575,
-9.51768213363834));
#10197=CARTESIAN_POINT('Ctrl Pts',(-30.0192428229198,-16.9999999999934,
-9.2115111081999));
#10198=CARTESIAN_POINT('Ctrl Pts',(-30.3640380778093,-16.9999999999934,
-8.69554170203713));
#10199=CARTESIAN_POINT('Ctrl Pts',(-30.4623913954797,-17.0000000000001,
-8.50738266347542));
#10200=CARTESIAN_POINT('Ctrl Pts',(-30.6093637350025,-17.0000000000001,
-8.11688909100939));
#10201=CARTESIAN_POINT('Ctrl Pts',(-30.6586552225443,-17.,-7.91627082998189));
#10202=CARTESIAN_POINT('Ctrl Pts',(-30.6806801626816,-17.,-7.71148493937115));
#10203=CARTESIAN_POINT('Ctrl Pts',(-36.871900970739,-32.4999620784703,-7.71146722824298));
#10204=CARTESIAN_POINT('Ctrl Pts',(-36.3570722666476,-28.8741315652216,
-7.71146722824298));
#10205=CARTESIAN_POINT('Ctrl Pts',(-34.7030855685569,-23.437058307646,-7.71146722824298));
#10206=CARTESIAN_POINT('Ctrl Pts',(-31.817310579711,-18.5881718957242,-7.71146722824298));
#10207=CARTESIAN_POINT('Ctrl Pts',(-30.6807469711486,-17.0000906873775,
-7.71146722824297));
#10208=CARTESIAN_POINT('Origin',(-39.,-106.,3.));
#10209=CARTESIAN_POINT('',(-42.25,-106.,3.));
#10210=CARTESIAN_POINT('Origin',(-39.,-106.,3.));
#10211=CARTESIAN_POINT('Origin',(39.,-106.,3.));
#10212=CARTESIAN_POINT('',(35.75,-106.,3.));
#10213=CARTESIAN_POINT('Origin',(39.,-106.,3.));
#10214=CARTESIAN_POINT('Origin',(9.45009301019943,-79.4999991078975,-0.799595015102362));
#10215=CARTESIAN_POINT('',(8.05009301019943,-79.4999991078975,-0.799595015102362));
#10216=CARTESIAN_POINT('Origin',(9.45009301019943,-79.4999991078975,-0.799595015102362));
#10217=CARTESIAN_POINT('Origin',(19.1000930297861,-36.9999990676521,0.200404984897638));
#10218=CARTESIAN_POINT('',(17.7000930297861,-36.9999990676521,0.200404984897638));
#10219=CARTESIAN_POINT('Ctrl Pts',(-37.0915138509327,-34.419163841779,-7.71146722824298));
#10220=CARTESIAN_POINT('Ctrl Pts',(-37.0700053343437,-34.1721296785461,
-7.71146722824298));
#10221=CARTESIAN_POINT('Ctrl Pts',(-37.0459219141554,-33.9253090517865,
-7.71146722824298));
#10222=CARTESIAN_POINT('Ctrl Pts',(-37.0192650359469,-33.6787541477914,
-7.71146722824298));
#10223=CARTESIAN_POINT('Ctrl Pts',(-37.0179076603132,-34.4255725099214,
-8.55597270548412));
#10224=CARTESIAN_POINT('Ctrl Pts',(-36.9964391446045,-34.1789977732582,
-8.55597270548412));
#10225=CARTESIAN_POINT('Ctrl Pts',(-36.9724157104712,-33.9327919346847,
-8.55597270548412));
#10226=CARTESIAN_POINT('Ctrl Pts',(-36.9458084637343,-33.6866960822951,
-8.55597270548412));
#10227=CARTESIAN_POINT('Ctrl Pts',(-36.227121083561,-34.494423902708,-9.96288577000003));
#10228=CARTESIAN_POINT('Ctrl Pts',(-36.2061360146002,-34.2534017508706,
-9.96288577000003));
#10229=CARTESIAN_POINT('Ctrl Pts',(-36.1826367148216,-34.0125678896636,
-9.96288577000002));
#10230=CARTESIAN_POINT('Ctrl Pts',(-36.1566293092231,-33.7720200903178,
-9.96288577000002));
#10231=CARTESIAN_POINT('Ctrl Pts',(-34.7475957167801,-34.6232416964852,
-10.45));
#10232=CARTESIAN_POINT('Ctrl Pts',(-34.7275055897552,-34.3924983210265,
-10.45));
#10233=CARTESIAN_POINT('Ctrl Pts',(-34.7050083535337,-34.1619348027314,
-10.45));
#10234=CARTESIAN_POINT('Ctrl Pts',(-34.6801113556313,-33.9316573906668,
-10.45));
#10235=CARTESIAN_POINT('Ctrl Pts',(-34.1141934735742,-34.6783901118996,
-10.45));
#10236=CARTESIAN_POINT('Ctrl Pts',(-34.0944855840896,-34.4520368918738,
-10.45));
#10237=CARTESIAN_POINT('Ctrl Pts',(-34.0724193544971,-34.2258908396885,
-10.45));
#10238=CARTESIAN_POINT('Ctrl Pts',(-34.0479966214488,-34.,-10.45));
#10239=CARTESIAN_POINT('',(-37.052526376157,-34.0000000020025,-7.71146721494508));
#10240=CARTESIAN_POINT('Ctrl Pts',(-34.0479966214488,-34.,-10.45));
#10241=CARTESIAN_POINT('Ctrl Pts',(-34.4189681244063,-34.,-10.45));
#10242=CARTESIAN_POINT('Ctrl Pts',(-34.7901771276627,-34.,-10.3797484846171));
#10243=CARTESIAN_POINT('Ctrl Pts',(-35.4359882994065,-34.,-10.1321260927832));
#10244=CARTESIAN_POINT('Ctrl Pts',(-35.7679696533506,-34.,-9.95242916961995));
#10245=CARTESIAN_POINT('Ctrl Pts',(-36.3480058136879,-34.,-9.41901613105772));
#10246=CARTESIAN_POINT('Ctrl Pts',(-36.5687484869489,-34.,-9.12668857109079));
#10247=CARTESIAN_POINT('Ctrl Pts',(-36.90777677279,-34.,-8.46544195043994));
#10248=CARTESIAN_POINT('Ctrl Pts',(-37.019013477347,-34.,-8.09266213654418));
#10249=CARTESIAN_POINT('Ctrl Pts',(-37.052526453147,-34.,-7.71146724100193));
#10250=CARTESIAN_POINT('Origin',(-1.53847311252189,-37.5146391687831,-7.71146722824298));
#10251=CARTESIAN_POINT('Origin',(-34.1141934735742,-34.6783901118996,-7.45));
#10252=CARTESIAN_POINT('Origin',(-35.5522403293519,-51.1949499702473,-7.45));
#10253=CARTESIAN_POINT('Origin',(-29.8999072625626,-33.4999991573631,0.200404984897641));
#10254=CARTESIAN_POINT('',(-31.2999072625626,-33.4999991573631,0.200404984897641));
#10255=CARTESIAN_POINT('Origin',(-13.0000002831221,-34.,-5.60000008194551));
#10256=CARTESIAN_POINT('Ctrl Pts',(-37.7304026199549,-34.,3.71174934232436E-9));
#10257=CARTESIAN_POINT('Ctrl Pts',(-37.6174444853246,-34.,-1.28505653086111));
#10258=CARTESIAN_POINT('Ctrl Pts',(-37.504433882102,-34.,-2.57065392401665));
#10259=CARTESIAN_POINT('Ctrl Pts',(-37.278494480362,-34.,-5.14080076940498));
#10260=CARTESIAN_POINT('Ctrl Pts',(-37.1654757108664,-34.,-6.4263736763924));
#10261=CARTESIAN_POINT('Ctrl Pts',(-37.0524939123306,-34.,-7.71146436085742));
#10262=CARTESIAN_POINT('Origin',(-13.0000002831221,-32.5,-5.60000008194551));
#10263=CARTESIAN_POINT('Ctrl Pts',(-37.5526968776564,-32.5,3.41399039308424E-10));
#10264=CARTESIAN_POINT('Ctrl Pts',(-37.4391604205616,-32.5,-1.28524918198902));
#10265=CARTESIAN_POINT('Ctrl Pts',(-37.3256166644131,-32.5,-2.57046592604064));
#10266=CARTESIAN_POINT('Ctrl Pts',(-37.0985016538838,-32.5,-5.14096997389052));
#10267=CARTESIAN_POINT('Ctrl Pts',(-36.9849385606058,-32.5,-6.42616491019569));
#10268=CARTESIAN_POINT('Ctrl Pts',(-36.871359116536,-32.5,-7.71141934395056));
#10269=CARTESIAN_POINT('',(-32.9922367542683,-32.5,0.200404984897641));
#10270=CARTESIAN_POINT('Origin',(-29.8999072625626,-33.4999991573631,0.200404984897641));
#10271=CARTESIAN_POINT('Origin',(0.100092932525002,-74.5000000655651,-1.32459518138586));
#10272=CARTESIAN_POINT('',(-9.399907067475,-74.5000000655651,4.30040483689485));
#10273=CARTESIAN_POINT('',(9.600092932525,-74.5000000655651,4.30040483626082));
#10274=CARTESIAN_POINT('Origin',(0.100092932525001,-74.5000000655651,4.30040480033343));
#10275=CARTESIAN_POINT('',(11.350092932525,-74.5000000655651,4.30040483643332));
#10276=CARTESIAN_POINT('',(6.5500464662625,-74.5000000655651,4.30040483689484));
#10277=CARTESIAN_POINT('',(-11.149907067475,-74.5000000655651,4.30040483689485));
#10278=CARTESIAN_POINT('Origin',(0.100092932525001,-74.5000000655651,4.30040480033342));
#10279=CARTESIAN_POINT('',(-12.7998141395011,-74.5000000655651,4.30040483689485));
#10280=CARTESIAN_POINT('Ctrl Pts',(39.0763941025052,-34.246346328367,-7.8857787137383));
#10281=CARTESIAN_POINT('Ctrl Pts',(39.3054994376508,-34.2263988205522,-5.25718580915887));
#10282=CARTESIAN_POINT('Ctrl Pts',(39.5346047727964,-34.2064513127374,-2.62859290457943));
#10283=CARTESIAN_POINT('Ctrl Pts',(39.763710107942,-34.1865038049226,1.73472347597681E-16));
#10284=CARTESIAN_POINT('Ctrl Pts',(38.8498179459091,-31.6440259395283,-7.8857787137383));
#10285=CARTESIAN_POINT('Ctrl Pts',(39.0775223076022,-31.6081933607121,-5.25718580915887));
#10286=CARTESIAN_POINT('Ctrl Pts',(39.3052822260148,-31.5723818169841,-2.62859290457943));
#10287=CARTESIAN_POINT('Ctrl Pts',(39.532986587708,-31.5365492381679,1.73472347597681E-16));
#10288=CARTESIAN_POINT('Ctrl Pts',(37.3627798911387,-23.9198615070139,-7.8857787137383));
#10289=CARTESIAN_POINT('Ctrl Pts',(37.5814289547244,-23.836677647049,-5.25718580915886));
#10290=CARTESIAN_POINT('Ctrl Pts',(37.800041948022,-23.7534680588401,-2.62859290457944));
#10291=CARTESIAN_POINT('Ctrl Pts',(38.0186910116077,-23.6702841988753,1.73472347597681E-16));
#10292=CARTESIAN_POINT('Ctrl Pts',(30.9474021694705,-12.3344404332519,-7.88577871373831));
#10293=CARTESIAN_POINT('Ctrl Pts',(31.1261156279248,-12.1787180341863,-5.25718580915887));
#10294=CARTESIAN_POINT('Ctrl Pts',(31.3048638368556,-12.02302881719,-2.62859290457943));
#10295=CARTESIAN_POINT('Ctrl Pts',(31.48357729531,-11.8673064181244,1.73472347597681E-16));
#10296=CARTESIAN_POINT('Ctrl Pts',(18.2720805770295,-2.89759937663818,-7.8857787137383));
#10297=CARTESIAN_POINT('Ctrl Pts',(18.3701613128289,-2.68171169757902,-5.25718580915887));
#10298=CARTESIAN_POINT('Ctrl Pts',(18.4682004295302,-2.46580691157593,-2.62859290457943));
#10299=CARTESIAN_POINT('Ctrl Pts',(18.5662811653296,-2.24991923251677,1.73472347597681E-16));
#10300=CARTESIAN_POINT('Ctrl Pts',(7.97461710310087,-0.672418507820648,
-7.8857787137383));
#10301=CARTESIAN_POINT('Ctrl Pts',(8.00714580355577,-0.442413595736584,
-5.25718580915887));
#10302=CARTESIAN_POINT('Ctrl Pts',(8.03972667193197,-0.212507179378561,
-2.62859290457943));
#10303=CARTESIAN_POINT('Ctrl Pts',(8.07225537238686,0.017497732705502,1.73472347597681E-16));
#10304=CARTESIAN_POINT('Ctrl Pts',(2.8072494716134,-0.672418507820959,-7.8857787137383));
#10305=CARTESIAN_POINT('Ctrl Pts',(2.80724947161339,-0.442446427645578,
-5.25718580915887));
#10306=CARTESIAN_POINT('Ctrl Pts',(2.80724947161337,-0.212474347470197,
-2.62859290457943));
#10307=CARTESIAN_POINT('Ctrl Pts',(2.80724947161336,0.0174977327051848,
1.73472347597681E-16));
#10308=CARTESIAN_POINT('',(2.8072494716156,0.0174977327051848,-1.38777878078145E-16));
#10309=CARTESIAN_POINT('',(2.8072494716156,0.,-0.2));
#10310=CARTESIAN_POINT('Ctrl Pts',(39.763710107942,-34.1865038049226,0.));
#10311=CARTESIAN_POINT('Ctrl Pts',(39.532986587708,-31.5365492381679,0.));
#10312=CARTESIAN_POINT('Ctrl Pts',(38.0186910116075,-23.6702841988752,0.));
#10313=CARTESIAN_POINT('Ctrl Pts',(31.48357729531,-11.8673064181245,0.));
#10314=CARTESIAN_POINT('Ctrl Pts',(18.5662811653296,-2.24991923251675,0.));
#10315=CARTESIAN_POINT('Ctrl Pts',(8.07225537238686,0.0174977327055015,
0.));
#10316=CARTESIAN_POINT('Ctrl Pts',(2.80724947161336,0.017497732705184,0.));
#10317=CARTESIAN_POINT('Origin',(-2.80724947161562,-2.56294620219791E-16,
-0.2));
#10318=CARTESIAN_POINT('',(-2.80724947161562,0.0174977327051848,-1.38777878078145E-16));
#10319=CARTESIAN_POINT('',(-2.80724947161562,0.,-0.2));
#10320=CARTESIAN_POINT('',(-1.40362473580781,0.0174977327051851,-1.38777878078145E-16));
#10321=CARTESIAN_POINT('Ctrl Pts',(-2.80706336768331,-0.672422898171095,
-7.88582889015803));
#10322=CARTESIAN_POINT('Ctrl Pts',(-2.80706219473863,-0.44244935725211,
-5.25721926010534));
#10323=CARTESIAN_POINT('Ctrl Pts',(-2.80706102414087,-0.21247580870534,
-2.62860963005267));
#10324=CARTESIAN_POINT('Ctrl Pts',(-2.80705985119621,0.0174977322137417,
3.12250225675825E-16));
#10325=CARTESIAN_POINT('Ctrl Pts',(-7.97449291404409,-0.672396117059674,
-7.88582889015803));
#10326=CARTESIAN_POINT('Ctrl Pts',(-8.00706014704468,-0.442351805048483,
-5.25721926010536));
#10327=CARTESIAN_POINT('Ctrl Pts',(-8.03956221506891,-0.212519285921734,
-2.62860963005266));
#10328=CARTESIAN_POINT('Ctrl Pts',(-8.07212944724022,0.0175250233942574,
3.12250225675825E-16));
#10329=CARTESIAN_POINT('Ctrl Pts',(-15.6942537871248,-2.34556600180219,
-7.88582889015802));
#10330=CARTESIAN_POINT('Ctrl Pts',(-15.7758859435424,-2.12620379689396,
-5.25721926010534));
#10331=CARTESIAN_POINT('Ctrl Pts',(-15.8575575358232,-1.90678821835722,
-2.62860963005268));
#10332=CARTESIAN_POINT('Ctrl Pts',(-15.9391896927427,-1.68742601276977,
3.12250225675825E-16));
#10333=CARTESIAN_POINT('Ctrl Pts',(-26.844530622172,-8.92650818704422,-7.88582889015802));
#10334=CARTESIAN_POINT('Ctrl Pts',(-26.9971952822963,-8.74903134133725,
-5.25721926010534));
#10335=CARTESIAN_POINT('Ctrl Pts',(-27.1498270166465,-8.57159487018372,
-2.62860963005267));
#10336=CARTESIAN_POINT('Ctrl Pts',(-27.3024916763519,-8.39411802499053,
3.12250225675825E-16));
#10337=CARTESIAN_POINT('Ctrl Pts',(-35.5260784682413,-18.8613783126206,
-7.88582889015803));
#10338=CARTESIAN_POINT('Ctrl Pts',(-35.7334809070367,-18.7467864280829,
-5.25721926010534));
#10339=CARTESIAN_POINT('Ctrl Pts',(-35.9408802404237,-18.6322267951352,
-2.62860963005268));
#10340=CARTESIAN_POINT('Ctrl Pts',(-36.1482826791796,-18.517634911008,3.12250225675825E-16));
#10341=CARTESIAN_POINT('Ctrl Pts',(-38.6232746506438,-29.0418287531777,
-7.88582889015803));
#10342=CARTESIAN_POINT('Ctrl Pts',(-38.8496230318646,-28.990164709444,-5.25721926010536));
#10343=CARTESIAN_POINT('Ctrl Pts',(-39.0759525506403,-28.9383831974708,
-2.62860963005267));
#10344=CARTESIAN_POINT('Ctrl Pts',(-39.3023009316211,-28.8867191522422,
3.12250225675825E-16));
#10345=CARTESIAN_POINT('Ctrl Pts',(-39.0764060490925,-34.2465341555117,
-7.88582889015803));
#10346=CARTESIAN_POINT('Ctrl Pts',(-39.3055129413625,-34.226587663074,-5.25721926010534));
#10347=CARTESIAN_POINT('Ctrl Pts',(-39.5346198343118,-34.206641174867,-2.62860963005267));
#10348=CARTESIAN_POINT('Ctrl Pts',(-39.7637267265819,-34.1866946824294,
3.12250225675825E-16));
#10349=CARTESIAN_POINT('Ctrl Pts',(-2.80724947161407,0.0174977327051849,
1.11022302462516E-15));
#10350=CARTESIAN_POINT('Ctrl Pts',(-8.07225537238742,0.0174977327054027,
1.11022302462516E-15));
#10351=CARTESIAN_POINT('Ctrl Pts',(-15.9392442594084,-1.68745821835761,
1.11022302462516E-15));
#10352=CARTESIAN_POINT('Ctrl Pts',(-27.302491676352,-8.39411802499055,-7.40148683083443E-16));
#10353=CARTESIAN_POINT('Ctrl Pts',(-36.1482402016214,-18.5175862978,4.93432455388961E-16));
#10354=CARTESIAN_POINT('Ctrl Pts',(-39.3022630674738,-28.8865946714124,
0.));
#10355=CARTESIAN_POINT('Ctrl Pts',(-39.7637101079419,-34.1865038049216,
0.));
#10356=CARTESIAN_POINT('Origin',(0.100092932525002,-36.4000000655651,-1.32459518138586));
#10357=CARTESIAN_POINT('',(11.350092932525,-36.4000000655651,4.30040483689485));
#10358=CARTESIAN_POINT('',(-11.149907067475,-36.4000000655651,4.30040483689485));
#10359=CARTESIAN_POINT('Origin',(0.100092932525001,-36.4000000655651,4.30040480033342));
#10360=CARTESIAN_POINT('',(9.600092932525,-36.4000000655651,4.30040483689485));
#10361=CARTESIAN_POINT('',(13.,-36.4000000655651,4.30040483689485));
#10362=CARTESIAN_POINT('',(-9.399907067475,-36.4000000655651,4.30040483689485));
#10363=CARTESIAN_POINT('Origin',(0.100092932525001,-36.4000000655651,4.30040480033342));
#10364=CARTESIAN_POINT('',(13.,-36.4000000655651,4.30040483689485));
#10365=CARTESIAN_POINT('Origin',(12.,-38.3022639122622,-1.38777878078145E-16));
#10366=CARTESIAN_POINT('',(12.,-17.,2.17581508366038E-11));
#10367=CARTESIAN_POINT('',(12.,4.00000005960464,-1.38777878078145E-16));
#10368=CARTESIAN_POINT('',(12.,-17.,-2.84987130343915));
#10369=CARTESIAN_POINT('Origin',(12.3037531833213,-17.,-5.69974260687829));
#10370=CARTESIAN_POINT('Ctrl Pts',(-30.6796188345983,-17.,-7.71137073803503));
#10371=CARTESIAN_POINT('Ctrl Pts',(-30.7157134397018,-17.,-7.37608053670053));
#10372=CARTESIAN_POINT('Ctrl Pts',(-30.7517851855239,-17.000000000066,-7.0407804261916));
#10373=CARTESIAN_POINT('Ctrl Pts',(-30.8238876820328,-17.000000000066,-6.37012342082061));
#10374=CARTESIAN_POINT('Ctrl Pts',(-30.8599199074868,-17.,-6.03475272319494));
#10375=CARTESIAN_POINT('Ctrl Pts',(-30.895928300446,-17.,-5.6993880019085));
#10376=CARTESIAN_POINT('',(10.5999621152878,-17.,2.17581508366038E-11));
#10377=CARTESIAN_POINT('',(-30.8970379883509,-17.,2.17581508366038E-11));
#10378=CARTESIAN_POINT('',(9.35097423058586,-17.,-1.24898788467476));
#10379=CARTESIAN_POINT('Origin',(10.0999621152878,-37.1276260716282,-0.499999999989121));
#10380=CARTESIAN_POINT('',(10.5999621152878,-15.5,2.17581508366038E-11));
#10381=CARTESIAN_POINT('',(10.5999621152878,-37.1276260716282,-1.38777878078145E-16));
#10382=CARTESIAN_POINT('',(-1.72496418469474,-15.5,-12.3249262997143));
#10383=CARTESIAN_POINT('Origin',(-32.0000004768372,-15.5,-5.69974260687819));
#10384=CARTESIAN_POINT('',(12.,-15.5,2.17581508366038E-11));
#10385=CARTESIAN_POINT('',(12.,-15.5,2.17581508366038E-11));
#10386=CARTESIAN_POINT('',(12.,-15.5,-2.8498713034391));
#10387=CARTESIAN_POINT('Ctrl Pts',(-29.7667005139929,-15.5,-5.69888012840424));
#10388=CARTESIAN_POINT('Ctrl Pts',(-29.7291932102298,-15.5,-6.03435074160557));
#10389=CARTESIAN_POINT('Ctrl Pts',(-29.6916547765559,-15.5000000003413,
-6.3698297308228));
#10390=CARTESIAN_POINT('Ctrl Pts',(-29.6165371193906,-15.5000000003413,
-7.04060365962389));
#10391=CARTESIAN_POINT('Ctrl Pts',(-29.5789568165818,-15.5,-7.37590850810386));
#10392=CARTESIAN_POINT('Ctrl Pts',(-29.5413465110302,-15.5,-7.7112028244182));
#10393=CARTESIAN_POINT('Ctrl Pts',(2.8072494716156,-2.66480790400445,-7.71146722824298));
#10394=CARTESIAN_POINT('Ctrl Pts',(6.21166189345279,-2.66480790400445,-7.71146722824298));
#10395=CARTESIAN_POINT('Ctrl Pts',(9.61874040438306,-3.17271049738282,-7.71146722824298));
#10396=CARTESIAN_POINT('Ctrl Pts',(12.8766435251559,-4.17232560612023,-7.71146722824298));
#10397=CARTESIAN_POINT('Ctrl Pts',(2.8072494716156,-2.7386925595486,-8.55597270548412));
#10398=CARTESIAN_POINT('Ctrl Pts',(6.20511437226341,-2.7386925595486,-8.55597270548412));
#10399=CARTESIAN_POINT('Ctrl Pts',(9.60339532573169,-3.24528651421677,-8.55597270548412));
#10400=CARTESIAN_POINT('Ctrl Pts',(12.8549708859234,-4.24296015173055,-8.55597270548412));
#10401=CARTESIAN_POINT('Ctrl Pts',(2.8072494716156,-3.53170813188517,-9.96346632945271));
#10402=CARTESIAN_POINT('Ctrl Pts',(6.1259816681572,-3.53170813188517,-9.96346632945271));
#10403=CARTESIAN_POINT('Ctrl Pts',(9.44725377825531,-4.02688258025716,-9.96346632945271));
#10404=CARTESIAN_POINT('Ctrl Pts',(12.622355056853,-5.00109178544211,-9.96346632945271));
#10405=CARTESIAN_POINT('Ctrl Pts',(2.8072494716156,-5.01759348505318,-10.45));
#10406=CARTESIAN_POINT('Ctrl Pts',(5.97949360984494,-5.01759348505318,-10.45));
#10407=CARTESIAN_POINT('Ctrl Pts',(9.15296482457826,-5.49084201087691,-10.45));
#10408=CARTESIAN_POINT('Ctrl Pts',(12.1864992358727,-6.42161457162926,-10.45));
#10409=CARTESIAN_POINT('Ctrl Pts',(2.8072494716156,-5.65339199827969,-10.45));
#10410=CARTESIAN_POINT('Ctrl Pts',(5.91692727691073,-5.65339199827968,-10.45));
#10411=CARTESIAN_POINT('Ctrl Pts',(9.02693003785033,-6.11722457339546,-10.45));
#10412=CARTESIAN_POINT('Ctrl Pts',(12.,-7.02944496280752,-10.45));
#10413=CARTESIAN_POINT('',(11.9999773937313,-3.91618898304529,-7.71146722824298));
#10414=CARTESIAN_POINT('Ctrl Pts',(12.,-7.02944496274478,-10.45));
#10415=CARTESIAN_POINT('Ctrl Pts',(12.,-6.66477985893744,-10.4499999999928));
#10416=CARTESIAN_POINT('Ctrl Pts',(12.0000000000064,-6.29914411176043,-10.3872893552571));
#10417=CARTESIAN_POINT('Ctrl Pts',(12.0000000000064,-5.63680650765133,-10.1563354730985));
#10418=CARTESIAN_POINT('Ctrl Pts',(12.0000000000405,-5.27740588741507,-9.9772534376062));
#10419=CARTESIAN_POINT('Ctrl Pts',(12.0000000000405,-4.64353457588196,-9.42310777133257));
#10420=CARTESIAN_POINT('Ctrl Pts',(11.999999999999,-4.4001714484757,-9.10990771464574));
#10421=CARTESIAN_POINT('Ctrl Pts',(11.999999999999,-4.05657034186194,-8.43509030292038));
#10422=CARTESIAN_POINT('Ctrl Pts',(12.,-3.9494445079871,-8.07768975178692));
#10423=CARTESIAN_POINT('Ctrl Pts',(12.,-3.91619586240882,-7.71147386674289));
#10424=CARTESIAN_POINT('Origin',(3.85460104346263,-28.1345616656077,-7.71146722824298));
#10425=CARTESIAN_POINT('Origin',(12.,-38.3022639122622,-1.38777878078145E-16));
#10426=CARTESIAN_POINT('',(11.999999999688,-3.21873076441104,1.76077095447978E-10));
#10427=CARTESIAN_POINT('',(12.,4.00000005960464,-1.38777878078145E-16));
#10428=CARTESIAN_POINT('Ctrl Pts',(12.,-3.21873076533716,2.60032273491362E-10));
#10429=CARTESIAN_POINT('Ctrl Pts',(12.,-3.33525404937865,-1.28537569611901));
#10430=CARTESIAN_POINT('Ctrl Pts',(11.9999999999996,-3.45177340451169,-2.57032439247432));
#10431=CARTESIAN_POINT('Ctrl Pts',(11.9999999999996,-3.68497080650243,-5.14099642776579));
#10432=CARTESIAN_POINT('Ctrl Pts',(12.,-3.80158100714036,-6.42597182996511));
#10433=CARTESIAN_POINT('Ctrl Pts',(12.,-3.91827467689599,-7.71127786690612));
#10434=CARTESIAN_POINT('Origin',(-39.6297152469841,-44.3342386157185,-0.112844257252341));
#10435=CARTESIAN_POINT('',(-38.7636735812001,-34.2735739572575,-1.38777878078145E-16));
#10436=CARTESIAN_POINT('',(-38.7538381969031,-34.2744302943874,-0.112844257252342));
#10437=CARTESIAN_POINT('',(-40.1135447833464,-49.7774001516075,-2.77555756156289E-16));
#10438=CARTESIAN_POINT('Ctrl Pts',(-2.80724947161411,-0.986322104838163,
-1.45716771982052E-15));
#10439=CARTESIAN_POINT('Ctrl Pts',(-2.80724947161411,-0.948410350643596,
0.433333333333333));
#10440=CARTESIAN_POINT('Ctrl Pts',(-2.80724947161411,-0.910498596449029,
0.866666666666667));
#10441=CARTESIAN_POINT('Ctrl Pts',(-2.80724947161411,-0.872586842254461,
1.3));
#10442=CARTESIAN_POINT('Ctrl Pts',(-7.93019286413577,-0.986322104837951,
-1.45719994748747E-15));
#10443=CARTESIAN_POINT('Ctrl Pts',(-7.93556178899909,-0.948398712890804,
0.433333333333331));
#10444=CARTESIAN_POINT('Ctrl Pts',(-7.9409199717227,-0.910510234201396,
0.866666666666668));
#10445=CARTESIAN_POINT('Ctrl Pts',(-7.94628889658602,-0.872586842254249,
1.3));
#10446=CARTESIAN_POINT('Ctrl Pts',(-15.5828848097085,-2.6449754864099,-1.45165276392391E-15));
#10447=CARTESIAN_POINT('Ctrl Pts',(-15.5963421455069,-2.60881307282449,
0.433333333333334));
#10448=CARTESIAN_POINT('Ctrl Pts',(-15.6098060056225,-2.57264160732689,
0.866666666666665));
#10449=CARTESIAN_POINT('Ctrl Pts',(-15.6232633414209,-2.53647919374147,
1.3));
#10450=CARTESIAN_POINT('Ctrl Pts',(-26.6361896108864,-9.1687003784853,-1.45700040385264E-15));
#10451=CARTESIAN_POINT('Ctrl Pts',(-26.6613567886659,-9.13944284551511,
0.433333333333332));
#10452=CARTESIAN_POINT('Ctrl Pts',(-26.6865186238737,-9.11019184687264,
0.866666666666668));
#10453=CARTESIAN_POINT('Ctrl Pts',(-26.7116858016531,-9.08093431390244,
1.3));
#10454=CARTESIAN_POINT('Ctrl Pts',(-35.2430101950764,-19.0176897112952,
-1.45502789683945E-15));
#10455=CARTESIAN_POINT('Ctrl Pts',(-35.2772009989134,-18.9987988826953,
0.433333333333334));
#10456=CARTESIAN_POINT('Ctrl Pts',(-35.3113914596341,-18.9799133099119,
0.866666666666666));
#10457=CARTESIAN_POINT('Ctrl Pts',(-35.3455822634711,-18.961022481312,1.3));
#10458=CARTESIAN_POINT('Ctrl Pts',(-38.3142952692202,-29.1122791364102,
-1.45713582525712E-15));
#10459=CARTESIAN_POINT('Ctrl Pts',(-38.3516093681808,-29.1037620557309,
0.433333333333332));
#10460=CARTESIAN_POINT('Ctrl Pts',(-38.3889203577074,-29.0952256107639,
0.866666666666667));
#10461=CARTESIAN_POINT('Ctrl Pts',(-38.426234456668,-29.0867085300846,1.3));
#10462=CARTESIAN_POINT('Ctrl Pts',(-38.7636735812002,-34.2735739572583,
-1.45716771982052E-15));
#10463=CARTESIAN_POINT('Ctrl Pts',(-38.8014424492475,-34.2702855362791,
0.433333333333333));
#10464=CARTESIAN_POINT('Ctrl Pts',(-38.8392113172947,-34.2669971153,0.866666666666667));
#10465=CARTESIAN_POINT('Ctrl Pts',(-38.876980185342,-34.2637086943208,1.3));
#10466=CARTESIAN_POINT('',(-2.80724947161562,-0.986322104838163,-1.38777878078145E-16));
#10467=CARTESIAN_POINT('Ctrl Pts',(-38.7636735812002,-34.2735739572583,
-1.09232302870283E-16));
#10468=CARTESIAN_POINT('Ctrl Pts',(-38.3142952692202,-29.1122791364102,
-1.09200408306891E-16));
#10469=CARTESIAN_POINT('Ctrl Pts',(-35.2430101950764,-19.0176897112952,
-1.07092479889213E-16));
#10470=CARTESIAN_POINT('Ctrl Pts',(-26.6361896108864,-9.1687003784853,-1.09064986902408E-16));
#10471=CARTESIAN_POINT('Ctrl Pts',(-15.5828848097084,-2.64497548640993,
-1.03717346973673E-16));
#10472=CARTESIAN_POINT('Ctrl Pts',(-7.93019286413577,-0.986322104837951,
-1.09264530537241E-16));
#10473=CARTESIAN_POINT('Ctrl Pts',(-2.80724947161411,-0.986322104838163,
-1.09232302870282E-16));
#10474=CARTESIAN_POINT('',(-2.80724947161562,-0.996194698091746,-0.112844257252342));
#10475=CARTESIAN_POINT('Origin',(-2.80724947161562,-0.996194698091746,-0.112844257252342));
#10476=CARTESIAN_POINT('',(2.8072494716156,-0.986322104838163,-1.38777878078145E-16));
#10477=CARTESIAN_POINT('',(-1.40362473580781,-0.986322104838158,-2.77555756156289E-16));
#10478=CARTESIAN_POINT('',(2.8072494716156,-0.996194698091746,-0.112844257252342));
#10479=CARTESIAN_POINT('Ctrl Pts',(38.7636735812002,-34.2735739572592,-7.80625564189563E-16));
#10480=CARTESIAN_POINT('Ctrl Pts',(38.8014424492475,-34.27028553628,0.433333333333333));
#10481=CARTESIAN_POINT('Ctrl Pts',(38.8392113172948,-34.2669971153009,0.866666666666667));
#10482=CARTESIAN_POINT('Ctrl Pts',(38.8769801853421,-34.2637086943217,1.3));
#10483=CARTESIAN_POINT('Ctrl Pts',(38.5389844252103,-31.6929265468351,-7.80689353316351E-16));
#10484=CARTESIAN_POINT('Ctrl Pts',(38.5765223375645,-31.6870194127204,0.433333333333333));
#10485=CARTESIAN_POINT('Ctrl Pts',(38.6140694086509,-31.6811157463183,0.866666666666667));
#10486=CARTESIAN_POINT('Ctrl Pts',(38.6516073210051,-31.6752086122036,1.3));
#10487=CARTESIAN_POINT('Ctrl Pts',(37.0643448339993,-24.0334081472334,-7.76982646705097E-16));
#10488=CARTESIAN_POINT('Ctrl Pts',(37.1003899467243,-24.0196949780107,0.433333333333333));
#10489=CARTESIAN_POINT('Ctrl Pts',(37.1364290784011,-24.0059775271782,0.866666666666666));
#10490=CARTESIAN_POINT('Ctrl Pts',(37.1724741911262,-23.9922643579555,1.3));
#10491=CARTESIAN_POINT('Ctrl Pts',(30.7034472319545,-12.5469776055288,-7.80437949323166E-16));
#10492=CARTESIAN_POINT('Ctrl Pts',(30.7329088113907,-12.5213061878877,0.433333333333333));
#10493=CARTESIAN_POINT('Ctrl Pts',(30.7623761221601,-12.495640213834,0.866666666666667));
#10494=CARTESIAN_POINT('Ctrl Pts',(30.7918377015963,-12.4699687961929,1.3));
#10495=CARTESIAN_POINT('Ctrl Pts',(18.1382286044649,-3.19222565869013,-7.80053090362656E-16));
#10496=CARTESIAN_POINT('Ctrl Pts',(18.1543975791683,-3.15663577049203,0.433333333333333));
#10497=CARTESIAN_POINT('Ctrl Pts',(18.1705596557871,-3.12104280067611,0.866666666666667));
#10498=CARTESIAN_POINT('Ctrl Pts',(18.1867286304905,-3.08545291247801,1.3));
#10499=CARTESIAN_POINT('Ctrl Pts',(7.93019286413524,-0.986322104837854,
-7.80690019523472E-16));
#10500=CARTESIAN_POINT('Ctrl Pts',(7.93555534159326,-0.948404938180823,
0.433333333333333));
#10501=CARTESIAN_POINT('Ctrl Pts',(7.94092641912746,-0.910504008911183,
0.866666666666667));
#10502=CARTESIAN_POINT('Ctrl Pts',(7.94628889658548,-0.872586842254152,
1.3));
#10503=CARTESIAN_POINT('Ctrl Pts',(2.80724947161342,-0.986322104838163,
-7.80625564189563E-16));
#10504=CARTESIAN_POINT('Ctrl Pts',(2.80724947161342,-0.948410350643595,
0.433333333333333));
#10505=CARTESIAN_POINT('Ctrl Pts',(2.80724947161342,-0.910498596449029,
0.866666666666667));
#10506=CARTESIAN_POINT('Ctrl Pts',(2.80724947161341,-0.872586842254461,
1.3));
#10507=CARTESIAN_POINT('',(38.7636735812001,-34.2735739572575,-1.38777878078145E-16));
#10508=CARTESIAN_POINT('Ctrl Pts',(2.80724947161342,-0.986322104838163,
-1.06657855714445E-16));
#10509=CARTESIAN_POINT('Ctrl Pts',(7.93019286413524,-0.986322104837854,
-1.06722311048354E-16));
#10510=CARTESIAN_POINT('Ctrl Pts',(18.138228604465,-3.19222565869013,-1.06085381887538E-16));
#10511=CARTESIAN_POINT('Ctrl Pts',(30.7034472319545,-12.5469776055288,-1.06470240848048E-16));
#10512=CARTESIAN_POINT('Ctrl Pts',(37.0643448339994,-24.0334081472334,-8.38135790141637E-17));
#10513=CARTESIAN_POINT('Ctrl Pts',(38.5389844252103,-31.6929265468351,-1.06721644841233E-16));
#10514=CARTESIAN_POINT('Ctrl Pts',(38.7636735812002,-34.2735739572592,-1.06657855714446E-16));
#10515=CARTESIAN_POINT('',(38.7538381969031,-34.2744302943874,-0.112844257252342));
#10516=CARTESIAN_POINT('Origin',(-2.80724947161562,-1.99238939618349,-0.0256885145046836));
#10517=CARTESIAN_POINT('',(2.8072494716156,-1.99238939618349,-0.0256885145046839));
#10518=CARTESIAN_POINT('',(-2.80724947161562,-1.99238939618349,-0.0256885145046839));
#10519=CARTESIAN_POINT('Ctrl Pts',(-2.80724947161418,-2.66481123018909,
-7.71150524670739));
#10520=CARTESIAN_POINT('Ctrl Pts',(-2.80724947161417,-2.402009713392,-4.70767016447159));
#10521=CARTESIAN_POINT('Ctrl Pts',(-2.80724947161416,-2.1392081965949,-1.7038350822358));
#10522=CARTESIAN_POINT('Ctrl Pts',(-2.80724947161415,-1.87640667979781,
1.3));
#10523=CARTESIAN_POINT('Ctrl Pts',(-7.69264986426901,-2.66481123120994,
-7.71150524670739));
#10524=CARTESIAN_POINT('Ctrl Pts',(-7.72986686072422,-2.40192904031811,
-4.7076701644716));
#10525=CARTESIAN_POINT('Ctrl Pts',(-7.76700939250748,-2.13928886864734,
-1.70383508223579));
#10526=CARTESIAN_POINT('Ctrl Pts',(-7.80422638833438,-1.8764066797976,1.3));
#10527=CARTESIAN_POINT('Ctrl Pts',(-14.9869576080674,-4.24623213511327,
-7.71150524670739));
#10528=CARTESIAN_POINT('Ctrl Pts',(-15.0802428785754,-3.99555692042242,
-4.70767016447159));
#10529=CARTESIAN_POINT('Ctrl Pts',(-15.173573136237,-3.74482149370359,-1.7038350822358));
#10530=CARTESIAN_POINT('Ctrl Pts',(-15.2668584071247,-3.49414627850468,
1.3));
#10531=CARTESIAN_POINT('Ctrl Pts',(-25.5219977590066,-10.4639865344019,
-7.71150524670739));
#10532=CARTESIAN_POINT('Ctrl Pts',(-25.6964548013298,-10.2611754479581,
-4.7076701644716));
#10533=CARTESIAN_POINT('Ctrl Pts',(-25.8708739511769,-10.0584108788168,
-1.70383508223579));
#10534=CARTESIAN_POINT('Ctrl Pts',(-26.0453309931803,-9.85559979276546,
1.3));
#10535=CARTESIAN_POINT('Ctrl Pts',(-33.7291788780957,-19.8540297118178,
-7.71150524670739));
#10536=CARTESIAN_POINT('Ctrl Pts',(-33.9661870382583,-19.7230798645496,
-4.70767016447159));
#10537=CARTESIAN_POINT('Ctrl Pts',(-34.2031911265622,-19.5921670747794,
-1.7038350822358));
#10538=CARTESIAN_POINT('Ctrl Pts',(-34.4401992866905,-19.4612172278239,
1.3));
#10539=CARTESIAN_POINT('Ctrl Pts',(-36.6623123698633,-29.4896465737962,
-7.71150524670739));
#10540=CARTESIAN_POINT('Ctrl Pts',(-36.920970984322,-29.4306067924459,-4.7076701644716));
#10541=CARTESIAN_POINT('Ctrl Pts',(-37.1796080441376,-29.3714327775653,
-1.70383508223579));
#10542=CARTESIAN_POINT('Ctrl Pts',(-37.4382666584144,-29.3123929950824,
1.3));
#10543=CARTESIAN_POINT('Ctrl Pts',(-37.0915105372843,-34.419164130289,-7.71150524670739));
#10544=CARTESIAN_POINT('Ctrl Pts',(-37.353321577723,-34.3963690357452,-4.70767016447159));
#10545=CARTESIAN_POINT('Ctrl Pts',(-37.6151326181616,-34.3735739412013,
-1.7038350822358));
#10546=CARTESIAN_POINT('Ctrl Pts',(-37.8769436586003,-34.3507788466574,
1.3));
#10547=CARTESIAN_POINT('Origin',(38.753838196903,-34.2744302943874,-0.112844257252343));
#10548=CARTESIAN_POINT('',(39.6756062583059,-44.7474959909419,0.));
#10549=CARTESIAN_POINT('Origin',(4.44089209850063E-15,-58.7552521432564,
-1.38777878078145E-16));
#10550=CARTESIAN_POINT('Origin',(-39.,-106.,3.));
#10551=CARTESIAN_POINT('',(-42.25,-106.,3.));
#10552=CARTESIAN_POINT('Origin',(39.,-106.,3.));
#10553=CARTESIAN_POINT('',(35.75,-106.,3.));
#10554=CARTESIAN_POINT('Origin',(9.45009301019943,-79.4999991078975,0.200404984897638));
#10555=CARTESIAN_POINT('',(8.05009301019943,-79.4999991078975,0.200404984897638));
#10556=CARTESIAN_POINT('Origin',(-24.4000378847121,-32.5,-0.999999999978241));
#10557=CARTESIAN_POINT('',(-24.4000378847121,-34.,-0.999999999978241));
#10558=CARTESIAN_POINT('',(-24.4000378847121,-34.,-0.999999999978241));
#10559=CARTESIAN_POINT('',(-24.4000378847121,-32.5,-0.999999999978241));
#10560=CARTESIAN_POINT('Origin',(-24.4000378847121,-32.5,-5.69974260687824));
#10561=CARTESIAN_POINT('',(-24.4000378847121,-34.,-5.69974260687824));
#10562=CARTESIAN_POINT('',(-24.4000378847121,-34.,-5.69974260687824));
#10563=CARTESIAN_POINT('',(-24.4000378847121,-32.5,-5.69974260687824));
#10564=CARTESIAN_POINT('Origin',(9.59996211528779,-32.5,-5.69974260687824));
#10565=CARTESIAN_POINT('',(9.59996211528779,-34.,-5.69974260687824));
#10566=CARTESIAN_POINT('',(9.59996211528779,-34.,-5.69974260687824));
#10567=CARTESIAN_POINT('',(9.59996211528779,-32.5,-5.69974260687824));
#10568=CARTESIAN_POINT('Origin',(9.59996211528779,-32.5,-0.999999999978242));
#10569=CARTESIAN_POINT('',(9.59996211528779,-34.,-0.999999999978241));
#10570=CARTESIAN_POINT('',(9.59996211528779,-34.,-0.999999999978242));
#10571=CARTESIAN_POINT('',(9.59996211528779,-32.5,-0.999999999978242));
#10572=CARTESIAN_POINT('Origin',(10.5999621152878,-32.5,2.17581508366038E-11));
#10573=CARTESIAN_POINT('',(10.5999621152878,-34.,2.17581508366038E-11));
#10574=CARTESIAN_POINT('',(10.5999621152878,-34.,2.17581508366038E-11));
#10575=CARTESIAN_POINT('',(10.5999621152878,-32.5,2.17581508366038E-11));
#10576=CARTESIAN_POINT('Origin',(0.100092932525001,-35.7000000655651,4.30040480033342));
#10577=CARTESIAN_POINT('',(9.600092932525,-35.7000000655651,4.30040483689485));
#10578=CARTESIAN_POINT('',(9.600092932525,-35.7000000655651,4.30040483689485));
#10579=CARTESIAN_POINT('',(-9.399907067475,-35.7000000655651,4.30040483689485));
#10580=CARTESIAN_POINT('Origin',(0.100092932525001,-35.7000000655651,4.30040480033342));
#10581=CARTESIAN_POINT('',(-9.399907067475,-35.7000000655651,4.30040483689485));
#10582=CARTESIAN_POINT('Origin',(0.100092932525001,-75.2000000655651,4.30040480033343));
#10583=CARTESIAN_POINT('',(-9.399907067475,-75.2000000655651,4.30040483689485));
#10584=CARTESIAN_POINT('',(9.600092932525,-75.2000000655651,4.30040483626082));
#10585=CARTESIAN_POINT('Origin',(0.100092932525001,-75.2000000655651,4.30040480033343));
#10586=CARTESIAN_POINT('',(9.600092932525,-75.2000000655651,4.30040483689485));
#10587=CARTESIAN_POINT('',(-9.399907067475,-75.2000000655651,4.30040483689485));
#10588=CARTESIAN_POINT('Origin',(-11.149907067475,-70.5000000655651,4.30040483689485));
#10589=CARTESIAN_POINT('',(-11.149907067475,-70.5000000655651,4.30040483689485));
#10590=CARTESIAN_POINT('',(-12.7998141395011,-70.5000000655651,4.30040483689485));
#10591=CARTESIAN_POINT('',(-11.149907067475,-70.5000000655651,4.30040483689485));
#10592=CARTESIAN_POINT('',(-12.7998141395011,-75.2000000655651,4.30040483689485));
#10593=CARTESIAN_POINT('',(-12.7998141395011,-70.5000000655651,4.30040483689485));
#10594=CARTESIAN_POINT('',(-12.7998141395011,-75.2000000655651,4.30040483689485));
#10595=CARTESIAN_POINT('',(-11.149907067475,-70.5000000655651,4.30040483689485));
#10596=CARTESIAN_POINT('Origin',(13.,-70.5000000655651,4.30040483689485));
#10597=CARTESIAN_POINT('',(13.,-75.2000000655651,4.30040483689485));
#10598=CARTESIAN_POINT('',(11.350092932525,-70.5000000655651,4.30040483689485));
#10599=CARTESIAN_POINT('',(13.,-70.5000000655651,4.30040483689485));
#10600=CARTESIAN_POINT('',(11.350092932525,-70.5000000655651,4.30040483689485));
#10601=CARTESIAN_POINT('Origin',(0.100092932525001,-70.5000000655651,4.30040480033342));
#10602=CARTESIAN_POINT('Origin',(0.100092932525001,-70.5000000655651,4.30040480033342));
#10603=CARTESIAN_POINT('Origin',(-12.7998141395011,-40.5000000655651,4.30040483689485));
#10604=CARTESIAN_POINT('',(-11.149907067475,-40.5000000655651,4.30040483689485));
#10605=CARTESIAN_POINT('',(-12.7998141395011,-40.5000000655651,4.30040483689485));
#10606=CARTESIAN_POINT('',(13.,-40.5000000655651,4.30040483689485));
#10607=CARTESIAN_POINT('',(-11.149907067475,-40.5000000655651,4.30040483689485));
#10608=CARTESIAN_POINT('',(-12.7998141395011,-35.7000000655651,4.30040483689485));
#10609=CARTESIAN_POINT('',(13.,-35.7000000655651,4.30040483689485));
#10610=CARTESIAN_POINT('',(-12.7998141395011,-40.5000000655651,4.30040483689485));
#10611=CARTESIAN_POINT('Origin',(0.100092932525001,-40.5000000655651,4.30040480033342));
#10612=CARTESIAN_POINT('',(11.350092932525,-40.5000000655651,4.30040483689485));
#10613=CARTESIAN_POINT('Origin',(0.100092932525001,-40.5000000655651,4.30040480033342));
#10614=CARTESIAN_POINT('',(11.350092932525,-40.5000000655651,4.30040483689485));
#10615=CARTESIAN_POINT('Origin',(11.350092932525,-40.5000000655651,4.30040483689485));
#10616=CARTESIAN_POINT('',(13.,-40.5000000655651,4.30040483689485));
#10617=CARTESIAN_POINT('',(13.,-40.5000000655651,4.30040483689485));
#10618=CARTESIAN_POINT('',(13.,-35.7000000655651,4.30040483689485));
#10619=CARTESIAN_POINT('',(13.,-40.5000000655651,4.30040483689485));
#10620=CARTESIAN_POINT('',(13.,-35.7000000655651,4.30040483689485));
#10621=CARTESIAN_POINT('Origin',(4.44089209850063E-15,-58.7552521432564,
-1.38777878078145E-16));
#10622=CARTESIAN_POINT('',(12.,-35.7000000655651,-1.38777878078145E-16));
#10623=CARTESIAN_POINT('',(13.,-35.7000000655651,0.));
#10624=CARTESIAN_POINT('',(0.050046465124719,-35.7000000655651,0.));
#10625=CARTESIAN_POINT('',(12.9999999996567,-3.50634641363669,2.35920428449999E-10));
#10626=CARTESIAN_POINT('',(13.,-38.3022639122622,-1.38777878078145E-16));
#10627=CARTESIAN_POINT('Origin',(2.81338771088544,-37.0415556460028,-2.63277494334957E-15));
#10628=CARTESIAN_POINT('',(12.,-34.,2.17581508366038E-11));
#10629=CARTESIAN_POINT('',(12.,-34.,2.17581508366038E-11));
#10630=CARTESIAN_POINT('',(12.,4.00000005960464,-1.38777878078145E-16));
#10631=CARTESIAN_POINT('Origin',(32.6000929880574,-47.0000009557319,-2.69959493049173));
#10632=CARTESIAN_POINT('',(32.0500929880574,-47.0000009557319,-1.69959493049173));
#10633=CARTESIAN_POINT('Origin',(25.1000929880574,-80.5000009557318,-2.19959493049172));
#10634=CARTESIAN_POINT('',(37.1000930297861,-80.0000009557318,-2.69959493049172));
#10635=CARTESIAN_POINT('',(37.1000930297861,-76.6183510395916,-6.08124484663193));
#10636=CARTESIAN_POINT('',(14.1000930297861,-80.0000009557318,-2.69959493049172));
#10637=CARTESIAN_POINT('',(18.3500930297861,-80.0000009557318,-2.69959493049172));
#10638=CARTESIAN_POINT('',(14.1000930297861,-76.6183510395916,-6.08124484663193));
#10639=CARTESIAN_POINT('Origin',(14.1000930297861,-79.,-2.22044604925031E-15));
#10640=CARTESIAN_POINT('',(14.1000930297861,-79.,-2.69959493049172));
#10641=CARTESIAN_POINT('',(14.1000930297861,-77.1119036582056,-2.69959493049172));
#10642=CARTESIAN_POINT('',(14.1000930297861,-79.,-2.22044604925031E-15));
#10643=CARTESIAN_POINT('Origin',(25.1000929880574,-47.5000009557319,-2.19959493049173));
#10644=CARTESIAN_POINT('',(32.0500929880574,-48.0000009557319,-2.69959493049173));
#10645=CARTESIAN_POINT('Ctrl Pts',(37.091527407556,-34.4193814542113,-7.7115285990975));
#10646=CARTESIAN_POINT('Ctrl Pts',(37.3533392674929,-34.3965878998665,-4.70768573273166));
#10647=CARTESIAN_POINT('Ctrl Pts',(37.6151511218362,-34.3737943434038,-1.70384286636584));
#10648=CARTESIAN_POINT('Ctrl Pts',(37.8769629817732,-34.351000789059,1.3));
#10649=CARTESIAN_POINT('Ctrl Pts',(36.8769370027116,-31.954548859548,-7.7115285990975));
#10650=CARTESIAN_POINT('Ctrl Pts',(37.1371479511532,-31.91360198936,-4.70768573273167));
#10651=CARTESIAN_POINT('Ctrl Pts',(37.3974223907684,-31.8726791587004,-1.70384286636584));
#10652=CARTESIAN_POINT('Ctrl Pts',(37.6576333400747,-31.8317322888399,1.3));
#10653=CARTESIAN_POINT('Ctrl Pts',(35.4686247039917,-24.6406783571795,-7.7115285990975));
#10654=CARTESIAN_POINT('Ctrl Pts',(35.7184877142693,-24.5456199085722,-4.70768573273166));
#10655=CARTESIAN_POINT('Ctrl Pts',(35.9683096090765,-24.450532184229,-1.70384286636584));
#10656=CARTESIAN_POINT('Ctrl Pts',(36.2181726187941,-24.355473735223,1.3));
#10657=CARTESIAN_POINT('Ctrl Pts',(29.3989939199294,-13.683468658632,-7.71152859909751));
#10658=CARTESIAN_POINT('Ctrl Pts',(29.6032199698989,-13.5055158009975,-4.70768573273167));
#10659=CARTESIAN_POINT('Ctrl Pts',(29.8074857272122,-13.3276009569909,-1.70384286636584));
#10660=CARTESIAN_POINT('Ctrl Pts',(30.0117117777224,-13.1496480998742,1.3));
#10661=CARTESIAN_POINT('Ctrl Pts',(17.4224620573145,-4.76804627425878,-7.7115285990975));
#10662=CARTESIAN_POINT('Ctrl Pts',(17.5345445025438,-4.52133912425582,-4.70768573273166));
#10663=CARTESIAN_POINT('Ctrl Pts',(17.6465794991819,-4.27461322292807,-1.70384286636584));
#10664=CARTESIAN_POINT('Ctrl Pts',(17.758661943765,-4.02790607266971,1.3));
#10665=CARTESIAN_POINT('Ctrl Pts',(7.69264957584957,-2.66481327402476,-7.7115285990975));
#10666=CARTESIAN_POINT('Ctrl Pts',(7.72982197424908,-2.4019735557789,-4.70768573273166));
#10667=CARTESIAN_POINT('Ctrl Pts',(7.76705398912235,-2.13924639651026,-1.70384286636584));
#10668=CARTESIAN_POINT('Ctrl Pts',(7.80422638833386,-1.87640667979751,1.3));
#10669=CARTESIAN_POINT('Ctrl Pts',(2.80724947161352,-2.66481327325849,-7.7115285990975));
#10670=CARTESIAN_POINT('Ctrl Pts',(2.80724947161351,-2.40201107543826,-4.70768573273166));
#10671=CARTESIAN_POINT('Ctrl Pts',(2.80724947161349,-2.13920887761804,-1.70384286636584));
#10672=CARTESIAN_POINT('Ctrl Pts',(2.80724947161347,-1.87640667979781,1.3));
#10673=CARTESIAN_POINT('',(13.0002285582283,-4.21050091020077,-7.71146722824298));
#10674=CARTESIAN_POINT('Ctrl Pts',(13.,-3.50634641526425,4.71197247886579E-10));
#10675=CARTESIAN_POINT('Ctrl Pts',(13.,-3.62387132404331,-1.28537475441898));
#10676=CARTESIAN_POINT('Ctrl Pts',(12.9999999999998,-3.7414056505725,-2.57034486268191));
#10677=CARTESIAN_POINT('Ctrl Pts',(12.9999999999998,-3.97665322565854,-5.14102705311641));
#10678=CARTESIAN_POINT('Ctrl Pts',(13.,-4.09430007539333,-6.42601353221338));
#10679=CARTESIAN_POINT('Ctrl Pts',(13.,-4.21204117147781,-7.71132613256636));
#10680=CARTESIAN_POINT('Ctrl Pts',(13.0002285582283,-4.21050091020077,-7.71146722824298));
#10681=CARTESIAN_POINT('Ctrl Pts',(16.7332359645589,-5.37136538717388,-7.71146722824298));
#10682=CARTESIAN_POINT('Ctrl Pts',(22.0291619422397,-8.0859893677414,-7.71146722824297));
#10683=CARTESIAN_POINT('Ctrl Pts',(29.3344522844664,-14.6301478700165,-7.71146722824298));
#10684=CARTESIAN_POINT('Ctrl Pts',(34.7989310270993,-22.8848184021334,-7.71146722824298));
#10685=CARTESIAN_POINT('Ctrl Pts',(36.753810713171,-30.5405043483255,-7.71146722824298));
#10686=CARTESIAN_POINT('Ctrl Pts',(37.0915138509327,-34.419163841779,-7.71146722824298));
#10687=CARTESIAN_POINT('Origin',(37.1000930297861,-79.,-2.22044604925031E-15));
#10688=CARTESIAN_POINT('',(37.1000930297861,-77.1119036582056,-2.69959493049172));
#10689=CARTESIAN_POINT('Origin',(29.8500940276991,-48.5000000655651,-10.45));
#10690=CARTESIAN_POINT('',(29.8500940276991,-62.4999877940396,-2.69959493049173));
#10691=CARTESIAN_POINT('',(29.8500940276991,-62.4999877940396,-10.45));
#10692=CARTESIAN_POINT('',(29.8500940276991,-64.7500005106485,-2.69959493049173));
#10693=CARTESIAN_POINT('Origin',(19.1000930297861,-62.5000000655651,-10.45));
#10694=CARTESIAN_POINT('',(20.5199043754087,-73.1558274477055,-2.69959493049173));
#10695=CARTESIAN_POINT('',(20.5199043754087,-73.1558274477055,-10.45));
#10696=CARTESIAN_POINT('Origin',(19.1000930297861,-62.5000000655651,-2.69959493049173));
#10697=CARTESIAN_POINT('Origin',(20.8500930297861,-75.6339266088611,-10.45));
#10698=CARTESIAN_POINT('Origin',(20.8500930297861,-75.6339266088611,-2.69959493049173));
#10699=CARTESIAN_POINT('Origin',(-41.7644161494312,-79.,-2.22044604925031E-15));
#10700=CARTESIAN_POINT('',(-11.7071615598225,-79.,-2.69959493049172));
#10701=CARTESIAN_POINT('Origin',(-13.0000002831221,-34.,-5.60000008194551));
#10702=CARTESIAN_POINT('',(12.,-34.,-2.80000004097275));
#10703=CARTESIAN_POINT('Origin',(12.,-38.3022639122622,-1.38777878078145E-16));
#10704=CARTESIAN_POINT('',(12.,-35.7000000655651,-1.9151971131532));
#10705=CARTESIAN_POINT('Origin',(0.100092930249434,-35.7000000655651,-3.83039422630641));
#10706=CARTESIAN_POINT('',(13.,-35.7000000655651,-11.9611932895077));
#10707=CARTESIAN_POINT('',(-12.7998141395011,-35.7000000655651,4.30040483689485));
#10708=CARTESIAN_POINT('Origin',(-12.7998141395011,-40.5000000655651,-11.9611932895077));
#10709=CARTESIAN_POINT('',(-12.7998141395011,-40.5000000655651,4.30040483689485));
#10710=CARTESIAN_POINT('Origin',(-21.,-48.5000000655651,-7.1401971131532));
#10711=CARTESIAN_POINT('',(-21.,-40.5000000655651,-7.1401971131532));
#10712=CARTESIAN_POINT('',(-29.,-48.5000000655651,-7.1401971131532));
#10713=CARTESIAN_POINT('Origin',(-29.,-70.5000000655651,-10.45));
#10714=CARTESIAN_POINT('',(-29.,-62.5000000655651,-10.45));
#10715=CARTESIAN_POINT('Origin',(-21.,-62.5000000655651,-10.45));
#10716=CARTESIAN_POINT('',(-21.,-70.5000000655651,-10.45));
#10717=CARTESIAN_POINT('Origin',(-12.7998141395011,-70.5000000655651,4.30040483689485));
#10718=CARTESIAN_POINT('',(-12.7998141395011,-75.2000000655651,4.30040483689485));
#10719=CARTESIAN_POINT('',(-12.7998141395011,-70.5000000655651,4.30040483689485));
#10720=CARTESIAN_POINT('Origin',(0.100092930249434,-75.2000000655651,-3.07479758155258));
#10721=CARTESIAN_POINT('Origin',(29.,-70.5000000655651,-10.45));
#10722=CARTESIAN_POINT('',(21.,-70.5000000655651,-10.45));
#10723=CARTESIAN_POINT('Origin',(21.,-62.5000000655651,-10.45));
#10724=CARTESIAN_POINT('',(29.,-62.5000000655651,-10.45));
#10725=CARTESIAN_POINT('Origin',(29.,-40.5000000655651,-10.45));
#10726=CARTESIAN_POINT('',(29.,-48.5000000655651,-7.1401971131532));
#10727=CARTESIAN_POINT('Origin',(21.,-48.5000000655651,-7.1401971131532));
#10728=CARTESIAN_POINT('',(21.,-40.5000000655651,-7.1401971131532));
#10729=CARTESIAN_POINT('Origin',(0.100092930249434,-40.5000000655651,-3.83039422630641));
#10730=CARTESIAN_POINT('',(13.,-40.5000000655651,-11.9611932895077));
#10731=CARTESIAN_POINT('Origin',(13.,-3.50455656454076,-1.38777878078145E-16));
#10732=CARTESIAN_POINT('Ctrl Pts',(13.,-4.21043042332834,-7.71147364233386));
#10733=CARTESIAN_POINT('Ctrl Pts',(13.,-4.24427589982832,-8.08087088408927));
#10734=CARTESIAN_POINT('Ctrl Pts',(12.999999999999,-4.35401531704181,-8.4409159464494));
#10735=CARTESIAN_POINT('Ctrl Pts',(12.999999999999,-4.70443900511577,-9.1175653719677));
#10736=CARTESIAN_POINT('Ctrl Pts',(13.0000000001328,-4.95111370431374,-9.42969320684445));
#10737=CARTESIAN_POINT('Ctrl Pts',(13.0000000001328,-5.57335850629457,-9.96531056898321));
#10738=CARTESIAN_POINT('Ctrl Pts',(13.0000000000041,-5.91565623620092,-10.1396395070826));
#10739=CARTESIAN_POINT('Ctrl Pts',(13.0000000000041,-6.58526261887654,-10.3818164946153));
#10740=CARTESIAN_POINT('Ctrl Pts',(13.,-6.97076676255918,-10.45));
#10741=CARTESIAN_POINT('Ctrl Pts',(13.,-7.35498207847101,-10.45));
#10742=CARTESIAN_POINT('Ctrl Pts',(12.9999999996788,-4.21042983555458,-7.71146722824298));
#10743=CARTESIAN_POINT('Ctrl Pts',(16.7330918542391,-5.37129151837646,-7.71146722824298));
#10744=CARTESIAN_POINT('Ctrl Pts',(22.0291023061665,-8.08593594509878,-7.71146722824297));
#10745=CARTESIAN_POINT('Ctrl Pts',(29.3344522844664,-14.6301478700165,-7.71146722824298));
#10746=CARTESIAN_POINT('Ctrl Pts',(34.7989310270993,-22.8848184021334,-7.71146722824298));
#10747=CARTESIAN_POINT('Ctrl Pts',(36.753810713171,-30.5405043483255,-7.71146722824298));
#10748=CARTESIAN_POINT('Ctrl Pts',(37.0915138509327,-34.419163841779,-7.71146722824298));
#10749=CARTESIAN_POINT('Ctrl Pts',(12.9780607253678,-4.2809820188488,-8.55597270548412));
#10750=CARTESIAN_POINT('Ctrl Pts',(16.7039016271506,-5.43958890763638,-8.55597270548412));
#10751=CARTESIAN_POINT('Ctrl Pts',(21.9871685108008,-8.14764858798159,-8.55597270548412));
#10752=CARTESIAN_POINT('Ctrl Pts',(29.2777835513195,-14.6781774453382,-8.55597270548412));
#10753=CARTESIAN_POINT('Ctrl Pts',(34.7302361241032,-22.9155393797903,-8.55597270548412));
#10754=CARTESIAN_POINT('Ctrl Pts',(36.6808325725027,-30.5541264285846,-8.55597270548412));
#10755=CARTESIAN_POINT('Ctrl Pts',(37.0179076603132,-34.4255725099214,-8.55597270548412));
#10756=CARTESIAN_POINT('Ctrl Pts',(12.7423565884892,-5.03895793147296,-9.96288577000002));
#10757=CARTESIAN_POINT('Ctrl Pts',(16.3805631804285,-6.17031359892407,-9.96288577000002));
#10758=CARTESIAN_POINT('Ctrl Pts',(21.5419640706702,-8.81593799506358,-9.96288577000002));
#10759=CARTESIAN_POINT('Ctrl Pts',(28.6623090166668,-15.1944032450811,-9.96288577000002));
#10760=CARTESIAN_POINT('Ctrl Pts',(33.9903371306407,-23.2421512317904,-9.96288577000003));
#10761=CARTESIAN_POINT('Ctrl Pts',(35.8976365463603,-30.7101584184431,-9.96288577000003));
#10762=CARTESIAN_POINT('Ctrl Pts',(36.227121083561,-34.494423902708,-9.96288577000003));
#10763=CARTESIAN_POINT('Ctrl Pts',(12.3013649735339,-6.45709605256018,-10.45));
#10764=CARTESIAN_POINT('Ctrl Pts',(15.7773455928425,-7.53800508678544,-10.45));
#10765=CARTESIAN_POINT('Ctrl Pts',(20.7080611167995,-10.0653361454565,-10.45));
#10766=CARTESIAN_POINT('Ctrl Pts',(27.5119698518038,-16.1601986330346,-10.45));
#10767=CARTESIAN_POINT('Ctrl Pts',(32.6063543793656,-23.8538394433958,-10.45));
#10768=CARTESIAN_POINT('Ctrl Pts',(34.4321625763174,-31.0003622855488,-10.45));
#10769=CARTESIAN_POINT('Ctrl Pts',(34.7475957167801,-34.6232416964853,-10.45));
#10770=CARTESIAN_POINT('Ctrl Pts',(12.1125712668363,-7.06421769254051,-10.45));
#10771=CARTESIAN_POINT('Ctrl Pts',(15.5192637521418,-8.12358052780468,-10.45));
#10772=CARTESIAN_POINT('Ctrl Pts',(20.3509686642326,-10.6001299369965,-10.45));
#10773=CARTESIAN_POINT('Ctrl Pts',(27.0196073522181,-16.5736633235591,-10.45));
#10774=CARTESIAN_POINT('Ctrl Pts',(32.013886428177,-24.1157678515552,-10.45));
#10775=CARTESIAN_POINT('Ctrl Pts',(33.8047618077479,-31.1244401066168,-10.45));
#10776=CARTESIAN_POINT('Ctrl Pts',(34.1141934735742,-34.6783901118997,-10.45));
#10777=CARTESIAN_POINT('Origin',(34.1141934735742,-34.6783901118997,-7.45));
#10778=CARTESIAN_POINT('Origin',(34.9374966493027,-44.134365853479,-7.45));
#10779=CARTESIAN_POINT('Origin',(32.6000929880574,-81.0000009557319,-2.69959493049173));
#10780=CARTESIAN_POINT('',(37.1000933621339,-48.0000009557319,-2.69959493049173));
#10781=CARTESIAN_POINT('',(37.1000933621339,-64.5000009557319,-2.69959493049173));
#10782=CARTESIAN_POINT('',(31.3398857297887,-48.0000009557318,-2.69959493049173));
#10783=CARTESIAN_POINT('Origin',(37.1000933621339,-48.0000009557319,-2.69959493049173));
#10784=CARTESIAN_POINT('',(37.1000933621339,-48.0000009557319,0.000405069508273292));
#10785=CARTESIAN_POINT('',(37.1000933621339,-48.0000009557319,0.000405069508273292));
#10786=CARTESIAN_POINT('',(37.1000933621339,-48.0000009557319,-2.69959493049173));
#10787=CARTESIAN_POINT('Origin',(37.9723954494942,-48.7500009557318,0.00040506950827357));
#10788=CARTESIAN_POINT('',(38.7140970787587,-48.0000009557318,0.00040506950827357));
#10789=CARTESIAN_POINT('Origin',(31.3398857297887,-48.0000009557318,-2.69959493049173));
#10790=UNCERTAINTY_MEASURE_WITH_UNIT(LENGTH_MEASURE(0.01),#10794,
'DISTANCE_ACCURACY_VALUE',
'Maximum model space distance between geometric entities at asserted c
onnectivities');
#10791=UNCERTAINTY_MEASURE_WITH_UNIT(LENGTH_MEASURE(0.01),#10794,
'DISTANCE_ACCURACY_VALUE',
'Maximum model space distance between geometric entities at asserted c
onnectivities');
#10792=(
GEOMETRIC_REPRESENTATION_CONTEXT(3)
GLOBAL_UNCERTAINTY_ASSIGNED_CONTEXT((#10790))
GLOBAL_UNIT_ASSIGNED_CONTEXT((#10794,#10796,#10797))
REPRESENTATION_CONTEXT('','3D')
);
#10793=(
GEOMETRIC_REPRESENTATION_CONTEXT(3)
GLOBAL_UNCERTAINTY_ASSIGNED_CONTEXT((#10791))
GLOBAL_UNIT_ASSIGNED_CONTEXT((#10794,#10796,#10797))
REPRESENTATION_CONTEXT('','3D')
);
#10794=(
LENGTH_UNIT()
NAMED_UNIT(*)
SI_UNIT(.MILLI.,.METRE.)
);
#10795=(
LENGTH_UNIT()
NAMED_UNIT(*)
SI_UNIT($,.METRE.)
);
#10796=(
NAMED_UNIT(*)
PLANE_ANGLE_UNIT()
SI_UNIT($,.RADIAN.)
);
#10797=(
NAMED_UNIT(*)
SI_UNIT($,.STERADIAN.)
SOLID_ANGLE_UNIT()
);
#10798=SHAPE_DEFINITION_REPRESENTATION(#10799,#10800);
#10799=PRODUCT_DEFINITION_SHAPE('',$,#10802);
#10800=SHAPE_REPRESENTATION('',(#5351),#10792);
#10801=PRODUCT_DEFINITION_CONTEXT('part definition',#10806,'design');
#10802=PRODUCT_DEFINITION('2026-09-08-23-07-38-862','bottom_head_shell',
#10803,#10801);
#10803=PRODUCT_DEFINITION_FORMATION('',$,#10808);
#10804=PRODUCT_RELATED_PRODUCT_CATEGORY('bottom_head_shell',
'bottom_head_shell',(#10808));
#10805=APPLICATION_PROTOCOL_DEFINITION('international standard',
'automotive_design',2009,#10806);
#10806=APPLICATION_CONTEXT(
'Core Data for Automotive Mechanical Design Process');
#10807=PRODUCT_CONTEXT('part definition',#10806,'mechanical');
#10808=PRODUCT('2026-09-08-23-07-38-862','bottom_head_shell',$,(#10807));
#10809=PRESENTATION_STYLE_ASSIGNMENT((#10811));
#10810=PRESENTATION_STYLE_ASSIGNMENT((#10812));
#10811=SURFACE_STYLE_USAGE(.BOTH.,#10813);
#10812=SURFACE_STYLE_USAGE(.BOTH.,#10814);
#10813=SURFACE_SIDE_STYLE('',(#10815));
#10814=SURFACE_SIDE_STYLE('',(#10816));
#10815=SURFACE_STYLE_FILL_AREA(#10817);
#10816=SURFACE_STYLE_FILL_AREA(#10818);
#10817=FILL_AREA_STYLE('Steel - Satin',(#10819));
#10818=FILL_AREA_STYLE('Opaque(247,169,0)',(#10820));
#10819=FILL_AREA_STYLE_COLOUR('Steel - Satin',#10821);
#10820=FILL_AREA_STYLE_COLOUR('Opaque(247,169,0)',#10822);
#10821=COLOUR_RGB('Steel - Satin',0.627450980392157,0.627450980392157,0.627450980392157);
#10822=COLOUR_RGB('Opaque(247,169,0)',0.968627450980392,0.662745098039216,
0.);
ENDSEC;
END-ISO-10303-21;
