ISO-10303-21;
HEADER;
/* Generated by software containing ST-Developer
 * from STEP Tools, Inc. (www.steptools.com) 
 */

FILE_DESCRIPTION(
/* description */ (''),
/* implementation_level */ '2;1');

FILE_NAME(
/* name */ 'roller_blade.step',
/* time_stamp */ '2026-09-08T17:42:47-06:00',
/* author */ (''),
/* organization */ (''),
/* preprocessor_version */ 'ST-DEVELOPER v20.2',
/* originating_system */ 'Autodesk Translation Framework v15.15.0.0',
/* authorisation */ '');

FILE_SCHEMA (('AUTOMOTIVE_DESIGN { 1 0 10303 214 3 1 1 }'));
ENDSEC;

DATA;
#10=MECHANICAL_DESIGN_GEOMETRIC_PRESENTATION_REPRESENTATION('',(#13),#7289);
#11=SHAPE_REPRESENTATION_RELATIONSHIP('SRR','None',#7296,#12);
#12=ADVANCED_BREP_SHAPE_REPRESENTATION('',(#14),#7288);
#13=STYLED_ITEM('',(#7305),#14);
#14=MANIFOLD_SOLID_BREP('MeshBody1 (1)',#2673);
#15=B_SPLINE_SURFACE_WITH_KNOTS('',5,5,((#4267,#4268,#4269,#4270,#4271,
#4272,#4273,#4274,#4275,#4276,#4277,#4278,#4279,#4280,#4281,#4282,#4283,
#4284,#4285,#4286,#4287,#4288,#4289,#4290,#4291,#4292,#4293,#4294,#4295,
#4296,#4297,#4298,#4299),(#4300,#4301,#4302,#4303,#4304,#4305,#4306,#4307,
#4308,#4309,#4310,#4311,#4312,#4313,#4314,#4315,#4316,#4317,#4318,#4319,
#4320,#4321,#4322,#4323,#4324,#4325,#4326,#4327,#4328,#4329,#4330,#4331,
#4332),(#4333,#4334,#4335,#4336,#4337,#4338,#4339,#4340,#4341,#4342,#4343,
#4344,#4345,#4346,#4347,#4348,#4349,#4350,#4351,#4352,#4353,#4354,#4355,
#4356,#4357,#4358,#4359,#4360,#4361,#4362,#4363,#4364,#4365),(#4366,#4367,
#4368,#4369,#4370,#4371,#4372,#4373,#4374,#4375,#4376,#4377,#4378,#4379,
#4380,#4381,#4382,#4383,#4384,#4385,#4386,#4387,#4388,#4389,#4390,#4391,
#4392,#4393,#4394,#4395,#4396,#4397,#4398),(#4399,#4400,#4401,#4402,#4403,
#4404,#4405,#4406,#4407,#4408,#4409,#4410,#4411,#4412,#4413,#4414,#4415,
#4416,#4417,#4418,#4419,#4420,#4421,#4422,#4423,#4424,#4425,#4426,#4427,
#4428,#4429,#4430,#4431),(#4432,#4433,#4434,#4435,#4436,#4437,#4438,#4439,
#4440,#4441,#4442,#4443,#4444,#4445,#4446,#4447,#4448,#4449,#4450,#4451,
#4452,#4453,#4454,#4455,#4456,#4457,#4458,#4459,#4460,#4461,#4462,#4463,
#4464),(#4465,#4466,#4467,#4468,#4469,#4470,#4471,#4472,#4473,#4474,#4475,
#4476,#4477,#4478,#4479,#4480,#4481,#4482,#4483,#4484,#4485,#4486,#4487,
#4488,#4489,#4490,#4491,#4492,#4493,#4494,#4495,#4496,#4497),(#4498,#4499,
#4500,#4501,#4502,#4503,#4504,#4505,#4506,#4507,#4508,#4509,#4510,#4511,
#4512,#4513,#4514,#4515,#4516,#4517,#4518,#4519,#4520,#4521,#4522,#4523,
#4524,#4525,#4526,#4527,#4528,#4529,#4530),(#4531,#4532,#4533,#4534,#4535,
#4536,#4537,#4538,#4539,#4540,#4541,#4542,#4543,#4544,#4545,#4546,#4547,
#4548,#4549,#4550,#4551,#4552,#4553,#4554,#4555,#4556,#4557,#4558,#4559,
#4560,#4561,#4562,#4563),(#4564,#4565,#4566,#4567,#4568,#4569,#4570,#4571,
#4572,#4573,#4574,#4575,#4576,#4577,#4578,#4579,#4580,#4581,#4582,#4583,
#4584,#4585,#4586,#4587,#4588,#4589,#4590,#4591,#4592,#4593,#4594,#4595,
#4596),(#4597,#4598,#4599,#4600,#4601,#4602,#4603,#4604,#4605,#4606,#4607,
#4608,#4609,#4610,#4611,#4612,#4613,#4614,#4615,#4616,#4617,#4618,#4619,
#4620,#4621,#4622,#4623,#4624,#4625,#4626,#4627,#4628,#4629),(#4630,#4631,
#4632,#4633,#4634,#4635,#4636,#4637,#4638,#4639,#4640,#4641,#4642,#4643,
#4644,#4645,#4646,#4647,#4648,#4649,#4650,#4651,#4652,#4653,#4654,#4655,
#4656,#4657,#4658,#4659,#4660,#4661,#4662),(#4663,#4664,#4665,#4666,#4667,
#4668,#4669,#4670,#4671,#4672,#4673,#4674,#4675,#4676,#4677,#4678,#4679,
#4680,#4681,#4682,#4683,#4684,#4685,#4686,#4687,#4688,#4689,#4690,#4691,
#4692,#4693,#4694,#4695),(#4696,#4697,#4698,#4699,#4700,#4701,#4702,#4703,
#4704,#4705,#4706,#4707,#4708,#4709,#4710,#4711,#4712,#4713,#4714,#4715,
#4716,#4717,#4718,#4719,#4720,#4721,#4722,#4723,#4724,#4725,#4726,#4727,
#4728),(#4729,#4730,#4731,#4732,#4733,#4734,#4735,#4736,#4737,#4738,#4739,
#4740,#4741,#4742,#4743,#4744,#4745,#4746,#4747,#4748,#4749,#4750,#4751,
#4752,#4753,#4754,#4755,#4756,#4757,#4758,#4759,#4760,#4761),(#4762,#4763,
#4764,#4765,#4766,#4767,#4768,#4769,#4770,#4771,#4772,#4773,#4774,#4775,
#4776,#4777,#4778,#4779,#4780,#4781,#4782,#4783,#4784,#4785,#4786,#4787,
#4788,#4789,#4790,#4791,#4792,#4793,#4794),(#4795,#4796,#4797,#4798,#4799,
#4800,#4801,#4802,#4803,#4804,#4805,#4806,#4807,#4808,#4809,#4810,#4811,
#4812,#4813,#4814,#4815,#4816,#4817,#4818,#4819,#4820,#4821,#4822,#4823,
#4824,#4825,#4826,#4827),(#4828,#4829,#4830,#4831,#4832,#4833,#4834,#4835,
#4836,#4837,#4838,#4839,#4840,#4841,#4842,#4843,#4844,#4845,#4846,#4847,
#4848,#4849,#4850,#4851,#4852,#4853,#4854,#4855,#4856,#4857,#4858,#4859,
#4860),(#4861,#4862,#4863,#4864,#4865,#4866,#4867,#4868,#4869,#4870,#4871,
#4872,#4873,#4874,#4875,#4876,#4877,#4878,#4879,#4880,#4881,#4882,#4883,
#4884,#4885,#4886,#4887,#4888,#4889,#4890,#4891,#4892,#4893),(#4894,#4895,
#4896,#4897,#4898,#4899,#4900,#4901,#4902,#4903,#4904,#4905,#4906,#4907,
#4908,#4909,#4910,#4911,#4912,#4913,#4914,#4915,#4916,#4917,#4918,#4919,
#4920,#4921,#4922,#4923,#4924,#4925,#4926),(#4927,#4928,#4929,#4930,#4931,
#4932,#4933,#4934,#4935,#4936,#4937,#4938,#4939,#4940,#4941,#4942,#4943,
#4944,#4945,#4946,#4947,#4948,#4949,#4950,#4951,#4952,#4953,#4954,#4955,
#4956,#4957,#4958,#4959),(#4960,#4961,#4962,#4963,#4964,#4965,#4966,#4967,
#4968,#4969,#4970,#4971,#4972,#4973,#4974,#4975,#4976,#4977,#4978,#4979,
#4980,#4981,#4982,#4983,#4984,#4985,#4986,#4987,#4988,#4989,#4990,#4991,
#4992),(#4993,#4994,#4995,#4996,#4997,#4998,#4999,#5000,#5001,#5002,#5003,
#5004,#5005,#5006,#5007,#5008,#5009,#5010,#5011,#5012,#5013,#5014,#5015,
#5016,#5017,#5018,#5019,#5020,#5021,#5022,#5023,#5024,#5025),(#5026,#5027,
#5028,#5029,#5030,#5031,#5032,#5033,#5034,#5035,#5036,#5037,#5038,#5039,
#5040,#5041,#5042,#5043,#5044,#5045,#5046,#5047,#5048,#5049,#5050,#5051,
#5052,#5053,#5054,#5055,#5056,#5057,#5058),(#5059,#5060,#5061,#5062,#5063,
#5064,#5065,#5066,#5067,#5068,#5069,#5070,#5071,#5072,#5073,#5074,#5075,
#5076,#5077,#5078,#5079,#5080,#5081,#5082,#5083,#5084,#5085,#5086,#5087,
#5088,#5089,#5090,#5091),(#5092,#5093,#5094,#5095,#5096,#5097,#5098,#5099,
#5100,#5101,#5102,#5103,#5104,#5105,#5106,#5107,#5108,#5109,#5110,#5111,
#5112,#5113,#5114,#5115,#5116,#5117,#5118,#5119,#5120,#5121,#5122,#5123,
#5124),(#5125,#5126,#5127,#5128,#5129,#5130,#5131,#5132,#5133,#5134,#5135,
#5136,#5137,#5138,#5139,#5140,#5141,#5142,#5143,#5144,#5145,#5146,#5147,
#5148,#5149,#5150,#5151,#5152,#5153,#5154,#5155,#5156,#5157),(#5158,#5159,
#5160,#5161,#5162,#5163,#5164,#5165,#5166,#5167,#5168,#5169,#5170,#5171,
#5172,#5173,#5174,#5175,#5176,#5177,#5178,#5179,#5180,#5181,#5182,#5183,
#5184,#5185,#5186,#5187,#5188,#5189,#5190),(#5191,#5192,#5193,#5194,#5195,
#5196,#5197,#5198,#5199,#5200,#5201,#5202,#5203,#5204,#5205,#5206,#5207,
#5208,#5209,#5210,#5211,#5212,#5213,#5214,#5215,#5216,#5217,#5218,#5219,
#5220,#5221,#5222,#5223),(#5224,#5225,#5226,#5227,#5228,#5229,#5230,#5231,
#5232,#5233,#5234,#5235,#5236,#5237,#5238,#5239,#5240,#5241,#5242,#5243,
#5244,#5245,#5246,#5247,#5248,#5249,#5250,#5251,#5252,#5253,#5254,#5255,
#5256),(#5257,#5258,#5259,#5260,#5261,#5262,#5263,#5264,#5265,#5266,#5267,
#5268,#5269,#5270,#5271,#5272,#5273,#5274,#5275,#5276,#5277,#5278,#5279,
#5280,#5281,#5282,#5283,#5284,#5285,#5286,#5287,#5288,#5289),(#5290,#5291,
#5292,#5293,#5294,#5295,#5296,#5297,#5298,#5299,#5300,#5301,#5302,#5303,
#5304,#5305,#5306,#5307,#5308,#5309,#5310,#5311,#5312,#5313,#5314,#5315,
#5316,#5317,#5318,#5319,#5320,#5321,#5322),(#5323,#5324,#5325,#5326,#5327,
#5328,#5329,#5330,#5331,#5332,#5333,#5334,#5335,#5336,#5337,#5338,#5339,
#5340,#5341,#5342,#5343,#5344,#5345,#5346,#5347,#5348,#5349,#5350,#5351,
#5352,#5353,#5354,#5355)),.UNSPECIFIED.,.F.,.F.,.F.,(6,3,3,3,3,3,3,3,3,
3,6),(6,3,3,3,3,3,3,3,3,3,6),(-0.0105828972003063,0.0643836080743564,0.139350113349019,
0.214316618623682,0.251799871261013,0.289283123898345,0.326766376535676,
0.364249629173007,0.43921613444767,0.514182639722333,0.589149144996996),
(-0.00386370330515627,0.117842950807266,0.239549604919689,0.361256259032112,
0.482962913144534,0.604669567256957,0.665522894313168,0.726376221369379,
0.848082875481802,0.908936202538013,0.969789529594225),.UNSPECIFIED.);
#16=B_SPLINE_SURFACE_WITH_KNOTS('',5,5,((#6118,#6119,#6120,#6121,#6122,
#6123,#6124,#6125,#6126,#6127,#6128,#6129,#6130,#6131,#6132,#6133,#6134,
#6135,#6136,#6137,#6138,#6139,#6140,#6141,#6142,#6143,#6144,#6145,#6146,
#6147,#6148,#6149,#6150),(#6151,#6152,#6153,#6154,#6155,#6156,#6157,#6158,
#6159,#6160,#6161,#6162,#6163,#6164,#6165,#6166,#6167,#6168,#6169,#6170,
#6171,#6172,#6173,#6174,#6175,#6176,#6177,#6178,#6179,#6180,#6181,#6182,
#6183),(#6184,#6185,#6186,#6187,#6188,#6189,#6190,#6191,#6192,#6193,#6194,
#6195,#6196,#6197,#6198,#6199,#6200,#6201,#6202,#6203,#6204,#6205,#6206,
#6207,#6208,#6209,#6210,#6211,#6212,#6213,#6214,#6215,#6216),(#6217,#6218,
#6219,#6220,#6221,#6222,#6223,#6224,#6225,#6226,#6227,#6228,#6229,#6230,
#6231,#6232,#6233,#6234,#6235,#6236,#6237,#6238,#6239,#6240,#6241,#6242,
#6243,#6244,#6245,#6246,#6247,#6248,#6249),(#6250,#6251,#6252,#6253,#6254,
#6255,#6256,#6257,#6258,#6259,#6260,#6261,#6262,#6263,#6264,#6265,#6266,
#6267,#6268,#6269,#6270,#6271,#6272,#6273,#6274,#6275,#6276,#6277,#6278,
#6279,#6280,#6281,#6282),(#6283,#6284,#6285,#6286,#6287,#6288,#6289,#6290,
#6291,#6292,#6293,#6294,#6295,#6296,#6297,#6298,#6299,#6300,#6301,#6302,
#6303,#6304,#6305,#6306,#6307,#6308,#6309,#6310,#6311,#6312,#6313,#6314,
#6315),(#6316,#6317,#6318,#6319,#6320,#6321,#6322,#6323,#6324,#6325,#6326,
#6327,#6328,#6329,#6330,#6331,#6332,#6333,#6334,#6335,#6336,#6337,#6338,
#6339,#6340,#6341,#6342,#6343,#6344,#6345,#6346,#6347,#6348),(#6349,#6350,
#6351,#6352,#6353,#6354,#6355,#6356,#6357,#6358,#6359,#6360,#6361,#6362,
#6363,#6364,#6365,#6366,#6367,#6368,#6369,#6370,#6371,#6372,#6373,#6374,
#6375,#6376,#6377,#6378,#6379,#6380,#6381),(#6382,#6383,#6384,#6385,#6386,
#6387,#6388,#6389,#6390,#6391,#6392,#6393,#6394,#6395,#6396,#6397,#6398,
#6399,#6400,#6401,#6402,#6403,#6404,#6405,#6406,#6407,#6408,#6409,#6410,
#6411,#6412,#6413,#6414),(#6415,#6416,#6417,#6418,#6419,#6420,#6421,#6422,
#6423,#6424,#6425,#6426,#6427,#6428,#6429,#6430,#6431,#6432,#6433,#6434,
#6435,#6436,#6437,#6438,#6439,#6440,#6441,#6442,#6443,#6444,#6445,#6446,
#6447),(#6448,#6449,#6450,#6451,#6452,#6453,#6454,#6455,#6456,#6457,#6458,
#6459,#6460,#6461,#6462,#6463,#6464,#6465,#6466,#6467,#6468,#6469,#6470,
#6471,#6472,#6473,#6474,#6475,#6476,#6477,#6478,#6479,#6480),(#6481,#6482,
#6483,#6484,#6485,#6486,#6487,#6488,#6489,#6490,#6491,#6492,#6493,#6494,
#6495,#6496,#6497,#6498,#6499,#6500,#6501,#6502,#6503,#6504,#6505,#6506,
#6507,#6508,#6509,#6510,#6511,#6512,#6513),(#6514,#6515,#6516,#6517,#6518,
#6519,#6520,#6521,#6522,#6523,#6524,#6525,#6526,#6527,#6528,#6529,#6530,
#6531,#6532,#6533,#6534,#6535,#6536,#6537,#6538,#6539,#6540,#6541,#6542,
#6543,#6544,#6545,#6546),(#6547,#6548,#6549,#6550,#6551,#6552,#6553,#6554,
#6555,#6556,#6557,#6558,#6559,#6560,#6561,#6562,#6563,#6564,#6565,#6566,
#6567,#6568,#6569,#6570,#6571,#6572,#6573,#6574,#6575,#6576,#6577,#6578,
#6579),(#6580,#6581,#6582,#6583,#6584,#6585,#6586,#6587,#6588,#6589,#6590,
#6591,#6592,#6593,#6594,#6595,#6596,#6597,#6598,#6599,#6600,#6601,#6602,
#6603,#6604,#6605,#6606,#6607,#6608,#6609,#6610,#6611,#6612),(#6613,#6614,
#6615,#6616,#6617,#6618,#6619,#6620,#6621,#6622,#6623,#6624,#6625,#6626,
#6627,#6628,#6629,#6630,#6631,#6632,#6633,#6634,#6635,#6636,#6637,#6638,
#6639,#6640,#6641,#6642,#6643,#6644,#6645),(#6646,#6647,#6648,#6649,#6650,
#6651,#6652,#6653,#6654,#6655,#6656,#6657,#6658,#6659,#6660,#6661,#6662,
#6663,#6664,#6665,#6666,#6667,#6668,#6669,#6670,#6671,#6672,#6673,#6674,
#6675,#6676,#6677,#6678),(#6679,#6680,#6681,#6682,#6683,#6684,#6685,#6686,
#6687,#6688,#6689,#6690,#6691,#6692,#6693,#6694,#6695,#6696,#6697,#6698,
#6699,#6700,#6701,#6702,#6703,#6704,#6705,#6706,#6707,#6708,#6709,#6710,
#6711),(#6712,#6713,#6714,#6715,#6716,#6717,#6718,#6719,#6720,#6721,#6722,
#6723,#6724,#6725,#6726,#6727,#6728,#6729,#6730,#6731,#6732,#6733,#6734,
#6735,#6736,#6737,#6738,#6739,#6740,#6741,#6742,#6743,#6744),(#6745,#6746,
#6747,#6748,#6749,#6750,#6751,#6752,#6753,#6754,#6755,#6756,#6757,#6758,
#6759,#6760,#6761,#6762,#6763,#6764,#6765,#6766,#6767,#6768,#6769,#6770,
#6771,#6772,#6773,#6774,#6775,#6776,#6777),(#6778,#6779,#6780,#6781,#6782,
#6783,#6784,#6785,#6786,#6787,#6788,#6789,#6790,#6791,#6792,#6793,#6794,
#6795,#6796,#6797,#6798,#6799,#6800,#6801,#6802,#6803,#6804,#6805,#6806,
#6807,#6808,#6809,#6810),(#6811,#6812,#6813,#6814,#6815,#6816,#6817,#6818,
#6819,#6820,#6821,#6822,#6823,#6824,#6825,#6826,#6827,#6828,#6829,#6830,
#6831,#6832,#6833,#6834,#6835,#6836,#6837,#6838,#6839,#6840,#6841,#6842,
#6843),(#6844,#6845,#6846,#6847,#6848,#6849,#6850,#6851,#6852,#6853,#6854,
#6855,#6856,#6857,#6858,#6859,#6860,#6861,#6862,#6863,#6864,#6865,#6866,
#6867,#6868,#6869,#6870,#6871,#6872,#6873,#6874,#6875,#6876),(#6877,#6878,
#6879,#6880,#6881,#6882,#6883,#6884,#6885,#6886,#6887,#6888,#6889,#6890,
#6891,#6892,#6893,#6894,#6895,#6896,#6897,#6898,#6899,#6900,#6901,#6902,
#6903,#6904,#6905,#6906,#6907,#6908,#6909),(#6910,#6911,#6912,#6913,#6914,
#6915,#6916,#6917,#6918,#6919,#6920,#6921,#6922,#6923,#6924,#6925,#6926,
#6927,#6928,#6929,#6930,#6931,#6932,#6933,#6934,#6935,#6936,#6937,#6938,
#6939,#6940,#6941,#6942),(#6943,#6944,#6945,#6946,#6947,#6948,#6949,#6950,
#6951,#6952,#6953,#6954,#6955,#6956,#6957,#6958,#6959,#6960,#6961,#6962,
#6963,#6964,#6965,#6966,#6967,#6968,#6969,#6970,#6971,#6972,#6973,#6974,
#6975),(#6976,#6977,#6978,#6979,#6980,#6981,#6982,#6983,#6984,#6985,#6986,
#6987,#6988,#6989,#6990,#6991,#6992,#6993,#6994,#6995,#6996,#6997,#6998,
#6999,#7000,#7001,#7002,#7003,#7004,#7005,#7006,#7007,#7008),(#7009,#7010,
#7011,#7012,#7013,#7014,#7015,#7016,#7017,#7018,#7019,#7020,#7021,#7022,
#7023,#7024,#7025,#7026,#7027,#7028,#7029,#7030,#7031,#7032,#7033,#7034,
#7035,#7036,#7037,#7038,#7039,#7040,#7041),(#7042,#7043,#7044,#7045,#7046,
#7047,#7048,#7049,#7050,#7051,#7052,#7053,#7054,#7055,#7056,#7057,#7058,
#7059,#7060,#7061,#7062,#7063,#7064,#7065,#7066,#7067,#7068,#7069,#7070,
#7071,#7072,#7073,#7074),(#7075,#7076,#7077,#7078,#7079,#7080,#7081,#7082,
#7083,#7084,#7085,#7086,#7087,#7088,#7089,#7090,#7091,#7092,#7093,#7094,
#7095,#7096,#7097,#7098,#7099,#7100,#7101,#7102,#7103,#7104,#7105,#7106,
#7107),(#7108,#7109,#7110,#7111,#7112,#7113,#7114,#7115,#7116,#7117,#7118,
#7119,#7120,#7121,#7122,#7123,#7124,#7125,#7126,#7127,#7128,#7129,#7130,
#7131,#7132,#7133,#7134,#7135,#7136,#7137,#7138,#7139,#7140),(#7141,#7142,
#7143,#7144,#7145,#7146,#7147,#7148,#7149,#7150,#7151,#7152,#7153,#7154,
#7155,#7156,#7157,#7158,#7159,#7160,#7161,#7162,#7163,#7164,#7165,#7166,
#7167,#7168,#7169,#7170,#7171,#7172,#7173),(#7174,#7175,#7176,#7177,#7178,
#7179,#7180,#7181,#7182,#7183,#7184,#7185,#7186,#7187,#7188,#7189,#7190,
#7191,#7192,#7193,#7194,#7195,#7196,#7197,#7198,#7199,#7200,#7201,#7202,
#7203,#7204,#7205,#7206)),.UNSPECIFIED.,.F.,.F.,.F.,(6,3,3,3,3,3,3,3,3,
3,6),(6,3,3,3,3,3,3,3,3,3,6),(-0.0105828972003063,0.0643836080743564,0.139350113349019,
0.214316618623682,0.251799871261013,0.289283123898345,0.326766376535676,
0.364249629173007,0.43921613444767,0.514182639722333,0.589149144996996),
(-0.00386370330515627,0.117842950807266,0.239549604919689,0.361256259032112,
0.482962913144534,0.604669567256957,0.665522894313168,0.726376221369379,
0.848082875481802,0.908936202538013,0.969789529594225),.UNSPECIFIED.);
#17=(
BOUNDED_SURFACE()
B_SPLINE_SURFACE(2,2,((#4215,#4216,#4217),(#4218,#4219,#4220),(#4221,#4222,
#4223),(#4224,#4225,#4226),(#4227,#4228,#4229)),.UNSPECIFIED.,.F.,.F.,.F.)
B_SPLINE_SURFACE_WITH_KNOTS((3,2,3),(3,3),(-1.56372615116146,-0.774508859660625,
0.0147084318402061),(1.5035104038904,3.06612234107578),.UNSPECIFIED.)
GEOMETRIC_REPRESENTATION_ITEM()
RATIONAL_B_SPLINE_SURFACE(((1.,0.709994471189383,1.),(0.923147089997013,
0.655429329992447,0.923147089997013),(1.,0.709994471189383,1.),(0.923147089997015,
0.655429329992449,0.923147089997015),(1.,0.709994471189383,1.)))
REPRESENTATION_ITEM('')
SURFACE()
);
#18=(
BOUNDED_SURFACE()
B_SPLINE_SURFACE(2,2,((#6066,#6067,#6068),(#6069,#6070,#6071),(#6072,#6073,
#6074),(#6075,#6076,#6077),(#6078,#6079,#6080)),.UNSPECIFIED.,.F.,.F.,.F.)
B_SPLINE_SURFACE_WITH_KNOTS((3,2,3),(3,3),(-1.56372615116146,-0.774508859660625,
0.0147084318402061),(1.5035104038904,3.06612234107578),.UNSPECIFIED.)
GEOMETRIC_REPRESENTATION_ITEM()
RATIONAL_B_SPLINE_SURFACE(((1.,0.709994471189383,1.),(0.923147089997013,
0.655429329992447,0.923147089997013),(1.,0.709994471189383,1.),(0.923147089997017,
0.65542932999245,0.923147089997017),(1.,0.709994471189383,1.)))
REPRESENTATION_ITEM('')
SURFACE()
);
#19=TOROIDAL_SURFACE('',#2774,82.6638505995336,79.6480652137353);
#20=TOROIDAL_SURFACE('',#2777,3.00000301297363,0.999997331441389);
#21=TOROIDAL_SURFACE('',#2779,2.99999949379979,1.00000033226961);
#22=TOROIDAL_SURFACE('',#2781,80.99999263843,0.999996339563118);
#23=TOROIDAL_SURFACE('',#2792,6575.40535280266,6570.40696219046);
#24=TOROIDAL_SURFACE('',#2884,82.6638505995336,79.6480652137353);
#25=TOROIDAL_SURFACE('',#2887,3.00000301297363,0.999997331441389);
#26=TOROIDAL_SURFACE('',#2889,2.99999949379979,1.00000033226961);
#27=TOROIDAL_SURFACE('',#2891,80.99999263843,0.999996339563118);
#28=TOROIDAL_SURFACE('',#2914,6575.40535280266,6570.40696219046);
#29=CONICAL_SURFACE('',#2772,4.81682465962107,0.0366721267917358);
#30=CONICAL_SURFACE('',#2882,4.81682465962107,0.0366721267917358);
#31=B_SPLINE_CURVE_WITH_KNOTS('',3,(#3735,#3736,#3737,#3738,#3739,#3740,
#3741,#3742,#3743,#3744,#3745,#3746,#3747,#3748,#3749,#3750,#3751,#3752,
#3753,#3754,#3755,#3756,#3757,#3758),.UNSPECIFIED.,.F.,.F.,(4,1,1,1,1,1,
1,1,1,1,1,1,1,1,1,1,1,1,1,1,1,4),(0.0517873396979223,0.0541563507994879,
0.0677656722646976,0.0811719768353445,0.0943399809146896,0.107239231360326,
0.119845008326485,0.13213869004657,0.144105528956026,0.155736605764934,
0.167027712789904,0.177979707168082,0.188595680060717,0.198882578446847,
0.218312158014272,0.236598268046097,0.253863246690933,0.270240052174319,
0.285862582111612,0.300865663358367,0.315379464474671,0.357209235224657),
 .UNSPECIFIED.);
#32=B_SPLINE_CURVE_WITH_KNOTS('',3,(#3796,#3797,#3798,#3799,#3800,#3801,
#3802,#3803,#3804,#3805,#3806,#3807,#3808,#3809,#3810,#3811,#3812,#3813,
#3814,#3815),.UNSPECIFIED.,.F.,.F.,(4,2,2,2,2,2,2,2,2,4),(-29.7595653206895,
-29.4924999155737,-28.7542079228738,-28.0159159301738,-27.2776239374739,
-26.539331944774,-25.8030355009508,-25.0667390571277,-24.3304426133046,
-23.7633220457491),.UNSPECIFIED.);
#33=B_SPLINE_CURVE_WITH_KNOTS('',3,(#3855,#3856,#3857,#3858,#3859,#3860,
#3861,#3862,#3863,#3864,#3865,#3866,#3867,#3868,#3869,#3870),
 .UNSPECIFIED.,.F.,.F.,(4,2,2,2,2,2,2,4),(-1.29403695758391,-1.20334655411277,
-1.11078146721011,-1.01821637088267,-0.925651274555225,-0.833086167150138,
-0.74052105974505,-0.736297720175594),.UNSPECIFIED.);
#34=B_SPLINE_CURVE_WITH_KNOTS('',3,(#3952,#3953,#3954,#3955,#3956,#3957,
#3958,#3959,#3960,#3961),.UNSPECIFIED.,.F.,.F.,(4,2,2,2,4),(-0.808990669598865,
-0.801097941028424,-0.744353379232086,-0.667480359340203,-0.591248022465995),
 .UNSPECIFIED.);
#35=B_SPLINE_CURVE_WITH_KNOTS('',3,(#4005,#4006,#4007,#4008,#4009,#4010,
#4011,#4012,#4013,#4014,#4015,#4016,#4017,#4018,#4019,#4020,#4021,#4022,
#4023,#4024,#4025,#4026,#4027,#4028,#4029,#4030,#4031,#4032,#4033,#4034,
#4035,#4036,#4037,#4038,#4039,#4040,#4041,#4042,#4043,#4044,#4045,#4046,
#4047,#4048,#4049,#4050,#4051,#4052,#4053,#4054,#4055,#4056,#4057,#4058,
#4059,#4060,#4061,#4062,#4063,#4064,#4065),.UNSPECIFIED.,.F.,.F.,(4,3,3,
3,3,3,3,3,3,3,3,3,3,3,3,3,3,3,3,3,4),(6.33807853141189E-7,0.0847157143240422,
0.169406891081259,0.254065189517521,0.338661368463909,0.394063108211418,
0.477457941993898,0.560758635971408,0.643993644716886,0.727129039670442,
0.788126216422836,0.869599259557668,0.950985634112998,1.03231647344451,
1.11357824368672,1.18218932463425,1.26227401060271,1.34232211222394,1.42234469317234,
1.50235553131578,1.57625243284567),.UNSPECIFIED.);
#36=B_SPLINE_CURVE_WITH_KNOTS('',3,(#4069,#4070,#4071,#4072,#4073,#4074,
#4075,#4076,#4077,#4078),.UNSPECIFIED.,.F.,.F.,(4,2,2,2,4),(0.,0.287162240578763,
0.574324481157526,0.768243064848733,0.962161648539939),.UNSPECIFIED.);
#37=B_SPLINE_CURVE_WITH_KNOTS('',3,(#4085,#4086,#4087,#4088,#4089,#4090,
#4091,#4092,#4093,#4094,#4095,#4096,#4097,#4098,#4099,#4100,#4101,#4102,
#4103,#4104,#4105,#4106,#4107,#4108,#4109,#4110,#4111,#4112,#4113,#4114,
#4115,#4116,#4117,#4118,#4119,#4120,#4121,#4122,#4123,#4124,#4125,#4126,
#4127),.UNSPECIFIED.,.F.,.F.,(4,1,1,1,1,1,1,1,1,1,1,1,1,1,1,1,1,1,1,1,1,
1,1,1,1,1,1,1,1,1,1,1,1,1,1,1,1,1,1,1,4),(2.87380082216661E-8,0.0610818239588469,
0.0968133278294006,0.122191433119968,0.145947129376835,0.183343727606702,
0.195949232444038,0.245842650462781,0.299732148451249,0.30585196878007,
0.35411172401071,0.367254241135892,0.410535580657509,0.42877062626693,0.469270205064056,
0.490409807941049,0.530550992263001,0.552164051922609,0.562542204489355,
0.595244447428157,0.61406196220946,0.62867018395171,0.662816271685973,0.676086193887151,
0.697680614344331,0.733242722116364,0.738228765528925,0.769481376583679,
0.800485253650377,0.806360811253311,0.843833665686727,0.862841761318943,
0.881850012733838,0.920337619642113,0.925276208012847,0.959227492308879,
0.987778651871894,0.99843694729031,1.03787389808524,1.05032276971199,1.11288907448872),
 .UNSPECIFIED.);
#38=B_SPLINE_CURVE_WITH_KNOTS('',3,(#4133,#4134,#4135,#4136,#4137,#4138,
#4139,#4140,#4141,#4142,#4143,#4144,#4145,#4146,#4147,#4148,#4149,#4150,
#4151,#4152,#4153,#4154,#4155,#4156,#4157,#4158,#4159,#4160,#4161,#4162,
#4163,#4164,#4165,#4166,#4167,#4168,#4169),.UNSPECIFIED.,.F.,.F.,(4,1,1,
1,1,1,1,1,1,1,1,1,1,1,1,1,1,1,1,1,1,1,1,1,1,1,1,1,1,1,1,1,1,1,4),(0.,0.0483624397587301,
0.0960507545982768,0.0978439661957577,0.111108232253923,0.145951843204322,
0.148871539301652,0.165490683822423,0.176888131540624,0.197264667618443,
0.221095113425259,0.244280389255724,0.249748654225325,0.285542289135306,
0.303371795217616,0.313145102107046,0.351834816923759,0.358137425767867,
0.383491583341305,0.414143913549785,0.42382942471909,0.455191098877576,
0.471252866535507,0.503840438125677,0.528038021491388,0.584545373384817,
0.601879615139066,0.647005739748728,0.666178071426848,0.676508284287177,
0.706804809581318,0.751681603867118,0.755428787754985,0.766854166538587,
0.82713076532476),.UNSPECIFIED.);
#39=B_SPLINE_CURVE_WITH_KNOTS('',3,(#4176,#4177,#4178,#4179),
 .UNSPECIFIED.,.F.,.F.,(4,4),(0.,1.14356975736086),.UNSPECIFIED.);
#40=B_SPLINE_CURVE_WITH_KNOTS('',3,(#4181,#4182,#4183,#4184),
 .UNSPECIFIED.,.F.,.F.,(4,4),(0.0543767656827062,0.0919212316016543),
 .UNSPECIFIED.);
#41=B_SPLINE_CURVE_WITH_KNOTS('',3,(#4186,#4187,#4188,#4189),
 .UNSPECIFIED.,.F.,.F.,(4,4),(0.,0.0543767656827062),.UNSPECIFIED.);
#42=B_SPLINE_CURVE_WITH_KNOTS('',3,(#4194,#4195,#4196,#4197),
 .UNSPECIFIED.,.F.,.F.,(4,4),(0.,0.0919212487318886),.UNSPECIFIED.);
#43=B_SPLINE_CURVE_WITH_KNOTS('',3,(#4198,#4199,#4200,#4201),
 .UNSPECIFIED.,.F.,.F.,(4,4),(1.14356975736086,1.73325862956428),
 .UNSPECIFIED.);
#44=B_SPLINE_CURVE_WITH_KNOTS('',3,(#4230,#4231,#4232,#4233,#4234,#4235,
#4236,#4237,#4238,#4239,#4240,#4241,#4242,#4243,#4244,#4245,#4246,#4247,
#4248,#4249,#4250,#4251,#4252,#4253,#4254,#4255,#4256,#4257,#4258,#4259,
#4260,#4261,#4262,#4263,#4264,#4265,#4266),.UNSPECIFIED.,.F.,.F.,(4,3,3,
3,3,3,3,3,3,3,3,3,4),(0.,0.0917019878166773,0.183408584455226,0.227456061134338,
0.315195748503429,0.402926849588003,0.454912122268676,0.5425959837943,0.630295855266629,
0.682368183403013,0.774364405257298,0.866359890713653,0.909824244537351),
 .UNSPECIFIED.);
#45=B_SPLINE_CURVE_WITH_KNOTS('',3,(#5367,#5368,#5369,#5370),
 .UNSPECIFIED.,.F.,.F.,(4,4),(-1945.61617721254,-1945.55254870417),
 .UNSPECIFIED.);
#46=B_SPLINE_CURVE_WITH_KNOTS('',3,(#5379,#5380,#5381,#5382),
 .UNSPECIFIED.,.F.,.F.,(4,4),(1945.99325681711,1946.04339780586),
 .UNSPECIFIED.);
#47=B_SPLINE_CURVE_WITH_KNOTS('',3,(#5384,#5385,#5386,#5387,#5388,#5389),
 .UNSPECIFIED.,.F.,.F.,(4,2,4),(1946.04339780586,1946.1053833371,1946.58600436915),
 .UNSPECIFIED.);
#48=B_SPLINE_CURVE_WITH_KNOTS('',3,(#5391,#5392,#5393,#5394,#5395,#5396,
#5397,#5398,#5399,#5400,#5401,#5402,#5403,#5404,#5405,#5406,#5407,#5408,
#5409,#5410),.UNSPECIFIED.,.F.,.F.,(4,2,2,2,2,2,2,2,2,4),(0.0109617926230259,
0.0226859858296801,0.0495180340220114,0.0816979400813817,0.111883501417454,
0.142841771883124,0.174566671607396,0.206365471926205,0.232456624054508,
0.241327754145356),.UNSPECIFIED.);
#49=B_SPLINE_CURVE_WITH_KNOTS('',3,(#5412,#5413,#5414,#5415),
 .UNSPECIFIED.,.F.,.F.,(4,4),(1946.74437564977,1946.86469730191),
 .UNSPECIFIED.);
#50=B_SPLINE_CURVE_WITH_KNOTS('',3,(#5416,#5417,#5418,#5419,#5420,#5421,
#5422,#5423,#5424,#5425,#5426,#5427),.UNSPECIFIED.,.F.,.F.,(4,2,2,2,2,4),
(-0.614055814689323,-0.576330113093565,-0.511041053753989,-0.429542092023629,
-0.352184061339471,-0.30698415699109),.UNSPECIFIED.);
#51=B_SPLINE_CURVE_WITH_KNOTS('',3,(#5428,#5429,#5430,#5431,#5432,#5433,
#5434,#5435,#5436,#5437,#5438,#5439,#5440,#5441,#5442,#5443,#5444,#5445,
#5446,#5447,#5448,#5449,#5450),.UNSPECIFIED.,.F.,.F.,(4,2,2,2,2,2,2,2,2,
3,4),(-0.799376498663962,-0.799021886744754,-0.697827338459904,-0.596975815036737,
-0.496733948902807,-0.396492082768877,-0.29841244681336,-0.200332810857842,
-0.100166405428921,0.,3.04394498356679E-6),.UNSPECIFIED.);
#52=B_SPLINE_CURVE_WITH_KNOTS('',3,(#5537,#5538,#5539,#5540,#5541,#5542,
#5543,#5544,#5545,#5546,#5547,#5548,#5549,#5550,#5551,#5552,#5553,#5554,
#5555,#5556,#5557,#5558,#5559),.UNSPECIFIED.,.F.,.F.,(4,2,2,2,2,2,2,2,2,
3,4),(-0.799376498663962,-0.799021886744754,-0.697827338459904,-0.596975815036737,
-0.496733948902807,-0.396492082768877,-0.29841244681336,-0.200332810857842,
-0.100166405428921,0.,3.04394498356679E-6),.UNSPECIFIED.);
#53=B_SPLINE_CURVE_WITH_KNOTS('',3,(#5593,#5594,#5595,#5596,#5597,#5598,
#5599,#5600,#5601,#5602,#5603,#5604,#5605,#5606,#5607,#5608,#5609,#5610,
#5611,#5612,#5613,#5614,#5615,#5616),.UNSPECIFIED.,.F.,.F.,(4,1,1,1,1,1,
1,1,1,1,1,1,1,1,1,1,1,1,1,1,1,4),(0.0517873396979223,0.0541563507994879,
0.0677656722646976,0.0811719768353445,0.0943399809146896,0.107239231360326,
0.119845008326485,0.13213869004657,0.144105528956026,0.155736605764934,
0.167027712789904,0.177979707168082,0.188595680060717,0.198882578446847,
0.218312158014272,0.236598268046097,0.253863246690933,0.270240052174319,
0.285862582111612,0.300865663358367,0.315379464474671,0.357209235224657),
 .UNSPECIFIED.);
#54=B_SPLINE_CURVE_WITH_KNOTS('',3,(#5650,#5651,#5652,#5653,#5654,#5655,
#5656,#5657,#5658,#5659,#5660,#5661,#5662,#5663,#5664,#5665,#5666,#5667,
#5668,#5669),.UNSPECIFIED.,.F.,.F.,(4,2,2,2,2,2,2,2,2,4),(-29.7595653206895,
-29.4924999155737,-28.7542079228738,-28.0159159301738,-27.2776239374739,
-26.539331944774,-25.8030355009508,-25.0667390571277,-24.3304426133046,
-23.7633220457491),.UNSPECIFIED.);
#55=B_SPLINE_CURVE_WITH_KNOTS('',3,(#5706,#5707,#5708,#5709,#5710,#5711,
#5712,#5713,#5714,#5715,#5716,#5717,#5718,#5719,#5720,#5721),
 .UNSPECIFIED.,.F.,.F.,(4,2,2,2,2,2,2,4),(-1.29403695758391,-1.20334655411277,
-1.11078146721011,-1.01821637088267,-0.925651274555225,-0.833086167150138,
-0.74052105974505,-0.736297720175594),.UNSPECIFIED.);
#56=B_SPLINE_CURVE_WITH_KNOTS('',3,(#5810,#5811,#5812,#5813,#5814,#5815,
#5816,#5817,#5818,#5819),.UNSPECIFIED.,.F.,.F.,(4,2,2,2,4),(-0.808990669598865,
-0.801097941028424,-0.744353379232086,-0.667480359340203,-0.591248022465995),
 .UNSPECIFIED.);
#57=B_SPLINE_CURVE_WITH_KNOTS('',3,(#5849,#5850,#5851,#5852,#5853,#5854,
#5855,#5856,#5857,#5858),.UNSPECIFIED.,.F.,.F.,(4,2,2,2,4),(0.,0.287162240578763,
0.574324481157526,0.768243064848733,0.962161648539939),.UNSPECIFIED.);
#58=B_SPLINE_CURVE_WITH_KNOTS('',3,(#5862,#5863,#5864,#5865,#5866,#5867,
#5868,#5869,#5870,#5871,#5872,#5873,#5874,#5875,#5876,#5877,#5878,#5879,
#5880,#5881,#5882,#5883,#5884,#5885,#5886,#5887,#5888,#5889,#5890,#5891,
#5892,#5893,#5894,#5895,#5896,#5897,#5898),.UNSPECIFIED.,.F.,.F.,(4,1,1,
1,1,1,1,1,1,1,1,1,1,1,1,1,1,1,1,1,1,1,1,1,1,1,1,1,1,1,1,1,1,1,4),(0.,0.0483624397587301,
0.0960507545982768,0.0978439661957577,0.111108232253923,0.145951843204322,
0.148871539301652,0.165490683822423,0.176888131540624,0.197264667618443,
0.221095113425259,0.244280389255724,0.249748654225325,0.285542289135306,
0.303371795217616,0.313145102107046,0.351834816923759,0.358137425767867,
0.383491583341305,0.414143913549785,0.42382942471909,0.455191098877576,
0.471252866535507,0.503840438125677,0.528038021491388,0.584545373384817,
0.601879615139066,0.647005739748728,0.666178071426848,0.676508284287177,
0.706804809581318,0.751681603867118,0.755428787754985,0.766854166538587,
0.82713076532476),.UNSPECIFIED.);
#59=B_SPLINE_CURVE_WITH_KNOTS('',3,(#5911,#5912,#5913,#5914,#5915,#5916,
#5917,#5918,#5919,#5920,#5921,#5922,#5923,#5924,#5925,#5926,#5927,#5928,
#5929,#5930,#5931,#5932,#5933,#5934,#5935,#5936,#5937,#5938,#5939,#5940,
#5941,#5942,#5943,#5944,#5945,#5946,#5947,#5948,#5949,#5950,#5951,#5952,
#5953,#5954,#5955,#5956,#5957,#5958,#5959,#5960,#5961,#5962,#5963,#5964,
#5965,#5966,#5967,#5968,#5969,#5970,#5971),.UNSPECIFIED.,.F.,.F.,(4,3,3,
3,3,3,3,3,3,3,3,3,3,3,3,3,3,3,3,3,4),(6.33807853141189E-7,0.0847157143240422,
0.169406891081259,0.254065189517521,0.338661368463909,0.394063108211418,
0.477457941993898,0.560758635971408,0.643993644716886,0.727129039670442,
0.788126216422836,0.869599259557668,0.950985634112998,1.03231647344451,
1.11357824368672,1.18218932463425,1.26227401060271,1.34232211222394,1.42234469317234,
1.50235553131578,1.57625243284567),.UNSPECIFIED.);
#60=B_SPLINE_CURVE_WITH_KNOTS('',3,(#5973,#5974,#5975,#5976,#5977,#5978,
#5979,#5980,#5981,#5982,#5983,#5984,#5985,#5986,#5987,#5988,#5989,#5990,
#5991,#5992,#5993,#5994,#5995,#5996,#5997,#5998,#5999,#6000,#6001,#6002,
#6003,#6004,#6005,#6006,#6007,#6008,#6009,#6010,#6011,#6012,#6013,#6014,
#6015),.UNSPECIFIED.,.F.,.F.,(4,1,1,1,1,1,1,1,1,1,1,1,1,1,1,1,1,1,1,1,1,
1,1,1,1,1,1,1,1,1,1,1,1,1,1,1,1,1,1,1,4),(2.87380082216661E-8,0.0610818239588469,
0.0968133278294006,0.122191433119968,0.145947129376835,0.183343727606702,
0.195949232444038,0.245842650462781,0.299732148451249,0.30585196878007,
0.35411172401071,0.367254241135892,0.410535580657509,0.42877062626693,0.469270205064056,
0.490409807941049,0.530550992263001,0.552164051922609,0.562542204489355,
0.595244447428157,0.61406196220946,0.62867018395171,0.662816271685973,0.676086193887151,
0.697680614344331,0.733242722116364,0.738228765528925,0.769481376583679,
0.800485253650377,0.806360811253311,0.843833665686727,0.862841761318943,
0.881850012733838,0.920337619642113,0.925276208012847,0.959227492308879,
0.987778651871894,0.99843694729031,1.03787389808524,1.05032276971199,1.11288907448872),
 .UNSPECIFIED.);
#61=B_SPLINE_CURVE_WITH_KNOTS('',3,(#6024,#6025,#6026,#6027),
 .UNSPECIFIED.,.F.,.F.,(4,4),(0.,1.14356975736086),.UNSPECIFIED.);
#62=B_SPLINE_CURVE_WITH_KNOTS('',3,(#6029,#6030,#6031,#6032),
 .UNSPECIFIED.,.F.,.F.,(4,4),(1.14356975736086,1.73325862956428),
 .UNSPECIFIED.);
#63=B_SPLINE_CURVE_WITH_KNOTS('',3,(#6034,#6035,#6036,#6037),
 .UNSPECIFIED.,.F.,.F.,(4,4),(0.,0.0919212487318886),.UNSPECIFIED.);
#64=B_SPLINE_CURVE_WITH_KNOTS('',3,(#6042,#6043,#6044,#6045),
 .UNSPECIFIED.,.F.,.F.,(4,4),(0.,0.0543767656827062),.UNSPECIFIED.);
#65=B_SPLINE_CURVE_WITH_KNOTS('',3,(#6046,#6047,#6048,#6049),
 .UNSPECIFIED.,.F.,.F.,(4,4),(0.0543767656827062,0.0919212316016543),
 .UNSPECIFIED.);
#66=B_SPLINE_CURVE_WITH_KNOTS('',3,(#6081,#6082,#6083,#6084,#6085,#6086,
#6087,#6088,#6089,#6090,#6091,#6092,#6093,#6094,#6095,#6096,#6097,#6098,
#6099,#6100,#6101,#6102,#6103,#6104,#6105,#6106,#6107,#6108,#6109,#6110,
#6111,#6112,#6113,#6114,#6115,#6116,#6117),.UNSPECIFIED.,.F.,.F.,(4,3,3,
3,3,3,3,3,3,3,3,3,4),(0.,0.0917019878166773,0.183408584455226,0.227456061134338,
0.315195748503429,0.402926849588003,0.454912122268676,0.5425959837943,0.630295855266629,
0.682368183403013,0.774364405257298,0.866359890713653,0.909824244537351),
 .UNSPECIFIED.);
#67=B_SPLINE_CURVE_WITH_KNOTS('',3,(#7222,#7223,#7224,#7225),
 .UNSPECIFIED.,.F.,.F.,(4,4),(-1945.61617721254,-1945.55254870417),
 .UNSPECIFIED.);
#68=B_SPLINE_CURVE_WITH_KNOTS('',3,(#7247,#7248,#7249,#7250,#7251,#7252,
#7253,#7254,#7255,#7256,#7257,#7258),.UNSPECIFIED.,.F.,.F.,(4,2,2,2,2,4),
(-0.614055814689323,-0.576330113093565,-0.511041053753989,-0.429542092023629,
-0.352184061339471,-0.30698415699109),.UNSPECIFIED.);
#69=B_SPLINE_CURVE_WITH_KNOTS('',3,(#7259,#7260,#7261,#7262,#7263,#7264,
#7265,#7266,#7267,#7268,#7269,#7270,#7271,#7272,#7273,#7274,#7275,#7276,
#7277,#7278),.UNSPECIFIED.,.F.,.F.,(4,2,2,2,2,2,2,2,2,4),(0.0109617926230259,
0.0226859858296801,0.0495180340220114,0.0816979400813817,0.111883501417454,
0.142841771883124,0.174566671607396,0.206365471926205,0.232456624054508,
0.241327754145356),.UNSPECIFIED.);
#70=ELLIPSE('',#2701,6.98420844060989,4.75129831143954);
#71=ELLIPSE('',#2709,2.12625046583523,1.50348628288583);
#72=ELLIPSE('',#2713,7.0710603073097,4.99999522554953);
#73=ELLIPSE('',#2736,7.0710603073097,4.99999522554953);
#74=ELLIPSE('',#2737,7.07106706799843,5.00000000607889);
#75=ELLIPSE('',#2752,1.98597178542721,0.99999904632566);
#76=ELLIPSE('',#2758,1.98597166184566,0.99999904632569);
#77=ELLIPSE('',#2768,7.05453159544866,6.99999807411643);
#78=ELLIPSE('',#2769,7.05453159544866,6.99999807411643);
#79=ELLIPSE('',#2771,7.05453166016073,6.99999813832825);
#80=ELLIPSE('',#2773,4.35077044774553,4.34781508095335);
#81=ELLIPSE('',#2801,6.98420844060989,4.75129831143954);
#82=ELLIPSE('',#2807,7.05453159544866,6.99999807411643);
#83=ELLIPSE('',#2813,2.12625046583523,1.50348628288583);
#84=ELLIPSE('',#2816,7.0710603073097,4.99999522554953);
#85=ELLIPSE('',#2833,1.98597166184566,0.99999904632569);
#86=ELLIPSE('',#2842,7.07106706799843,5.00000000607889);
#87=ELLIPSE('',#2843,7.0710603073097,4.99999522554953);
#88=ELLIPSE('',#2863,1.98597178542721,0.99999904632566);
#89=ELLIPSE('',#2879,7.05453159544866,6.99999807411643);
#90=ELLIPSE('',#2881,7.05453166016073,6.99999813832825);
#91=ELLIPSE('',#2883,4.35077044774553,4.34781508095335);
#92=ELLIPSE('',#2911,5.78719134798022,5.);
#93=(
BOUNDED_CURVE()
B_SPLINE_CURVE(2,(#3679,#3680,#3681),.UNSPECIFIED.,.F.,.F.)
B_SPLINE_CURVE_WITH_KNOTS((3,3),(-1.00237096819438,-0.373414710744225),
 .UNSPECIFIED.)
CURVE()
GEOMETRIC_REPRESENTATION_ITEM()
RATIONAL_B_SPLINE_CURVE((1.00061293787277,1.00098199045001,1.00064658133064))
REPRESENTATION_ITEM('')
);
#94=(
BOUNDED_CURVE()
B_SPLINE_CURVE(2,(#3901,#3902,#3903),.UNSPECIFIED.,.F.,.F.)
B_SPLINE_CURVE_WITH_KNOTS((3,3),(-1.66395046204619,-0.617682321423585),
 .UNSPECIFIED.)
CURVE()
GEOMETRIC_REPRESENTATION_ITEM()
RATIONAL_B_SPLINE_CURVE((0.999995121422532,0.999992516896707,0.999995116597563))
REPRESENTATION_ITEM('')
);
#95=(
BOUNDED_CURVE()
B_SPLINE_CURVE(2,(#5482,#5483,#5484),.UNSPECIFIED.,.F.,.F.)
B_SPLINE_CURVE_WITH_KNOTS((3,3),(-1.00237096819438,-0.373414710744225),
 .UNSPECIFIED.)
CURVE()
GEOMETRIC_REPRESENTATION_ITEM()
RATIONAL_B_SPLINE_CURVE((1.00061293787277,1.00098199045001,1.00064658133064))
REPRESENTATION_ITEM('')
);
#96=(
BOUNDED_CURVE()
B_SPLINE_CURVE(2,(#5760,#5761,#5762),.UNSPECIFIED.,.F.,.F.)
B_SPLINE_CURVE_WITH_KNOTS((3,3),(-1.66395046204619,-0.617682321423585),
 .UNSPECIFIED.)
CURVE()
GEOMETRIC_REPRESENTATION_ITEM()
RATIONAL_B_SPLINE_CURVE((0.999995121422532,0.999992516896707,0.999995116597563))
REPRESENTATION_ITEM('')
);
#97=FACE_BOUND('',#333,.T.);
#98=FACE_BOUND('',#336,.T.);
#99=FACE_BOUND('',#344,.T.);
#100=FACE_BOUND('',#350,.T.);
#101=FACE_BOUND('',#351,.T.);
#102=FACE_BOUND('',#353,.T.);
#103=FACE_BOUND('',#362,.T.);
#104=FACE_BOUND('',#363,.T.);
#105=FACE_BOUND('',#365,.T.);
#106=FACE_BOUND('',#367,.T.);
#107=FACE_BOUND('',#411,.T.);
#108=FACE_BOUND('',#418,.T.);
#109=FACE_BOUND('',#419,.T.);
#110=FACE_BOUND('',#421,.T.);
#111=FACE_BOUND('',#432,.T.);
#112=FACE_BOUND('',#433,.T.);
#113=FACE_BOUND('',#435,.T.);
#114=FACE_BOUND('',#437,.T.);
#115=FACE_BOUND('',#486,.T.);
#116=PLANE('',#2690);
#117=PLANE('',#2695);
#118=PLANE('',#2697);
#119=PLANE('',#2698);
#120=PLANE('',#2699);
#121=PLANE('',#2700);
#122=PLANE('',#2702);
#123=PLANE('',#2703);
#124=PLANE('',#2705);
#125=PLANE('',#2708);
#126=PLANE('',#2711);
#127=PLANE('',#2712);
#128=PLANE('',#2714);
#129=PLANE('',#2715);
#130=PLANE('',#2720);
#131=PLANE('',#2723);
#132=PLANE('',#2724);
#133=PLANE('',#2726);
#134=PLANE('',#2727);
#135=PLANE('',#2729);
#136=PLANE('',#2730);
#137=PLANE('',#2731);
#138=PLANE('',#2732);
#139=PLANE('',#2738);
#140=PLANE('',#2741);
#141=PLANE('',#2782);
#142=PLANE('',#2785);
#143=PLANE('',#2786);
#144=PLANE('',#2787);
#145=PLANE('',#2788);
#146=PLANE('',#2789);
#147=PLANE('',#2790);
#148=PLANE('',#2797);
#149=PLANE('',#2798);
#150=PLANE('',#2799);
#151=PLANE('',#2800);
#152=PLANE('',#2802);
#153=PLANE('',#2803);
#154=PLANE('',#2805);
#155=PLANE('',#2806);
#156=PLANE('',#2808);
#157=PLANE('',#2811);
#158=PLANE('',#2814);
#159=PLANE('',#2815);
#160=PLANE('',#2817);
#161=PLANE('',#2819);
#162=PLANE('',#2820);
#163=PLANE('',#2825);
#164=PLANE('',#2828);
#165=PLANE('',#2829);
#166=PLANE('',#2831);
#167=PLANE('',#2832);
#168=PLANE('',#2834);
#169=PLANE('',#2836);
#170=PLANE('',#2838);
#171=PLANE('',#2839);
#172=PLANE('',#2840);
#173=PLANE('',#2841);
#174=PLANE('',#2849);
#175=PLANE('',#2852);
#176=PLANE('',#2892);
#177=PLANE('',#2896);
#178=PLANE('',#2897);
#179=PLANE('',#2898);
#180=PLANE('',#2899);
#181=PLANE('',#2900);
#182=PLANE('',#2901);
#183=PLANE('',#2902);
#184=PLANE('',#2903);
#185=PLANE('',#2905);
#186=PLANE('',#2906);
#187=PLANE('',#2907);
#188=PLANE('',#2909);
#189=PLANE('',#2912);
#190=PLANE('',#2913);
#191=PLANE('',#2919);
#192=PLANE('',#2920);
#193=FACE_OUTER_BOUND('',#331,.T.);
#194=FACE_OUTER_BOUND('',#332,.T.);
#195=FACE_OUTER_BOUND('',#334,.T.);
#196=FACE_OUTER_BOUND('',#335,.T.);
#197=FACE_OUTER_BOUND('',#337,.T.);
#198=FACE_OUTER_BOUND('',#338,.T.);
#199=FACE_OUTER_BOUND('',#339,.T.);
#200=FACE_OUTER_BOUND('',#340,.T.);
#201=FACE_OUTER_BOUND('',#341,.T.);
#202=FACE_OUTER_BOUND('',#342,.T.);
#203=FACE_OUTER_BOUND('',#343,.T.);
#204=FACE_OUTER_BOUND('',#345,.T.);
#205=FACE_OUTER_BOUND('',#346,.T.);
#206=FACE_OUTER_BOUND('',#347,.T.);
#207=FACE_OUTER_BOUND('',#348,.T.);
#208=FACE_OUTER_BOUND('',#349,.T.);
#209=FACE_OUTER_BOUND('',#352,.T.);
#210=FACE_OUTER_BOUND('',#354,.T.);
#211=FACE_OUTER_BOUND('',#355,.T.);
#212=FACE_OUTER_BOUND('',#356,.T.);
#213=FACE_OUTER_BOUND('',#357,.T.);
#214=FACE_OUTER_BOUND('',#358,.T.);
#215=FACE_OUTER_BOUND('',#359,.T.);
#216=FACE_OUTER_BOUND('',#360,.T.);
#217=FACE_OUTER_BOUND('',#361,.T.);
#218=FACE_OUTER_BOUND('',#364,.T.);
#219=FACE_OUTER_BOUND('',#366,.T.);
#220=FACE_OUTER_BOUND('',#368,.T.);
#221=FACE_OUTER_BOUND('',#369,.T.);
#222=FACE_OUTER_BOUND('',#370,.T.);
#223=FACE_OUTER_BOUND('',#371,.T.);
#224=FACE_OUTER_BOUND('',#372,.T.);
#225=FACE_OUTER_BOUND('',#373,.T.);
#226=FACE_OUTER_BOUND('',#374,.T.);
#227=FACE_OUTER_BOUND('',#375,.T.);
#228=FACE_OUTER_BOUND('',#376,.T.);
#229=FACE_OUTER_BOUND('',#377,.T.);
#230=FACE_OUTER_BOUND('',#378,.T.);
#231=FACE_OUTER_BOUND('',#379,.T.);
#232=FACE_OUTER_BOUND('',#380,.T.);
#233=FACE_OUTER_BOUND('',#381,.T.);
#234=FACE_OUTER_BOUND('',#382,.T.);
#235=FACE_OUTER_BOUND('',#383,.T.);
#236=FACE_OUTER_BOUND('',#384,.T.);
#237=FACE_OUTER_BOUND('',#385,.T.);
#238=FACE_OUTER_BOUND('',#386,.T.);
#239=FACE_OUTER_BOUND('',#387,.T.);
#240=FACE_OUTER_BOUND('',#388,.T.);
#241=FACE_OUTER_BOUND('',#389,.T.);
#242=FACE_OUTER_BOUND('',#390,.T.);
#243=FACE_OUTER_BOUND('',#391,.T.);
#244=FACE_OUTER_BOUND('',#392,.T.);
#245=FACE_OUTER_BOUND('',#393,.T.);
#246=FACE_OUTER_BOUND('',#394,.T.);
#247=FACE_OUTER_BOUND('',#395,.T.);
#248=FACE_OUTER_BOUND('',#396,.T.);
#249=FACE_OUTER_BOUND('',#397,.T.);
#250=FACE_OUTER_BOUND('',#398,.T.);
#251=FACE_OUTER_BOUND('',#399,.T.);
#252=FACE_OUTER_BOUND('',#400,.T.);
#253=FACE_OUTER_BOUND('',#401,.T.);
#254=FACE_OUTER_BOUND('',#402,.T.);
#255=FACE_OUTER_BOUND('',#403,.T.);
#256=FACE_OUTER_BOUND('',#404,.T.);
#257=FACE_OUTER_BOUND('',#405,.T.);
#258=FACE_OUTER_BOUND('',#406,.T.);
#259=FACE_OUTER_BOUND('',#407,.T.);
#260=FACE_OUTER_BOUND('',#408,.T.);
#261=FACE_OUTER_BOUND('',#409,.T.);
#262=FACE_OUTER_BOUND('',#410,.T.);
#263=FACE_OUTER_BOUND('',#412,.T.);
#264=FACE_OUTER_BOUND('',#413,.T.);
#265=FACE_OUTER_BOUND('',#414,.T.);
#266=FACE_OUTER_BOUND('',#415,.T.);
#267=FACE_OUTER_BOUND('',#416,.T.);
#268=FACE_OUTER_BOUND('',#417,.T.);
#269=FACE_OUTER_BOUND('',#420,.T.);
#270=FACE_OUTER_BOUND('',#422,.T.);
#271=FACE_OUTER_BOUND('',#423,.T.);
#272=FACE_OUTER_BOUND('',#424,.T.);
#273=FACE_OUTER_BOUND('',#425,.T.);
#274=FACE_OUTER_BOUND('',#426,.T.);
#275=FACE_OUTER_BOUND('',#427,.T.);
#276=FACE_OUTER_BOUND('',#428,.T.);
#277=FACE_OUTER_BOUND('',#429,.T.);
#278=FACE_OUTER_BOUND('',#430,.T.);
#279=FACE_OUTER_BOUND('',#431,.T.);
#280=FACE_OUTER_BOUND('',#434,.T.);
#281=FACE_OUTER_BOUND('',#436,.T.);
#282=FACE_OUTER_BOUND('',#438,.T.);
#283=FACE_OUTER_BOUND('',#439,.T.);
#284=FACE_OUTER_BOUND('',#440,.T.);
#285=FACE_OUTER_BOUND('',#441,.T.);
#286=FACE_OUTER_BOUND('',#442,.T.);
#287=FACE_OUTER_BOUND('',#443,.T.);
#288=FACE_OUTER_BOUND('',#444,.T.);
#289=FACE_OUTER_BOUND('',#445,.T.);
#290=FACE_OUTER_BOUND('',#446,.T.);
#291=FACE_OUTER_BOUND('',#447,.T.);
#292=FACE_OUTER_BOUND('',#448,.T.);
#293=FACE_OUTER_BOUND('',#449,.T.);
#294=FACE_OUTER_BOUND('',#450,.T.);
#295=FACE_OUTER_BOUND('',#451,.T.);
#296=FACE_OUTER_BOUND('',#452,.T.);
#297=FACE_OUTER_BOUND('',#453,.T.);
#298=FACE_OUTER_BOUND('',#454,.T.);
#299=FACE_OUTER_BOUND('',#455,.T.);
#300=FACE_OUTER_BOUND('',#456,.T.);
#301=FACE_OUTER_BOUND('',#457,.T.);
#302=FACE_OUTER_BOUND('',#458,.T.);
#303=FACE_OUTER_BOUND('',#459,.T.);
#304=FACE_OUTER_BOUND('',#460,.T.);
#305=FACE_OUTER_BOUND('',#461,.T.);
#306=FACE_OUTER_BOUND('',#462,.T.);
#307=FACE_OUTER_BOUND('',#463,.T.);
#308=FACE_OUTER_BOUND('',#464,.T.);
#309=FACE_OUTER_BOUND('',#465,.T.);
#310=FACE_OUTER_BOUND('',#466,.T.);
#311=FACE_OUTER_BOUND('',#467,.T.);
#312=FACE_OUTER_BOUND('',#468,.T.);
#313=FACE_OUTER_BOUND('',#469,.T.);
#314=FACE_OUTER_BOUND('',#470,.T.);
#315=FACE_OUTER_BOUND('',#471,.T.);
#316=FACE_OUTER_BOUND('',#472,.T.);
#317=FACE_OUTER_BOUND('',#473,.T.);
#318=FACE_OUTER_BOUND('',#474,.T.);
#319=FACE_OUTER_BOUND('',#475,.T.);
#320=FACE_OUTER_BOUND('',#476,.T.);
#321=FACE_OUTER_BOUND('',#477,.T.);
#322=FACE_OUTER_BOUND('',#478,.T.);
#323=FACE_OUTER_BOUND('',#479,.T.);
#324=FACE_OUTER_BOUND('',#480,.T.);
#325=FACE_OUTER_BOUND('',#481,.T.);
#326=FACE_OUTER_BOUND('',#482,.T.);
#327=FACE_OUTER_BOUND('',#483,.T.);
#328=FACE_OUTER_BOUND('',#484,.T.);
#329=FACE_OUTER_BOUND('',#485,.T.);
#330=FACE_OUTER_BOUND('',#487,.T.);
#331=EDGE_LOOP('',(#1708,#1709,#1710,#1711));
#332=EDGE_LOOP('',(#1712));
#333=EDGE_LOOP('',(#1713));
#334=EDGE_LOOP('',(#1714,#1715,#1716,#1717));
#335=EDGE_LOOP('',(#1718));
#336=EDGE_LOOP('',(#1719));
#337=EDGE_LOOP('',(#1720,#1721,#1722,#1723));
#338=EDGE_LOOP('',(#1724,#1725,#1726,#1727));
#339=EDGE_LOOP('',(#1728,#1729,#1730,#1731));
#340=EDGE_LOOP('',(#1732,#1733,#1734,#1735,#1736,#1737,#1738,#1739,#1740,
#1741));
#341=EDGE_LOOP('',(#1742,#1743,#1744,#1745,#1746,#1747,#1748,#1749));
#342=EDGE_LOOP('',(#1750,#1751,#1752,#1753,#1754));
#343=EDGE_LOOP('',(#1755));
#344=EDGE_LOOP('',(#1756));
#345=EDGE_LOOP('',(#1757,#1758,#1759,#1760,#1761,#1762,#1763,#1764,#1765,
#1766,#1767));
#346=EDGE_LOOP('',(#1768,#1769,#1770,#1771));
#347=EDGE_LOOP('',(#1772,#1773,#1774,#1775,#1776,#1777,#1778));
#348=EDGE_LOOP('',(#1779,#1780,#1781,#1782));
#349=EDGE_LOOP('',(#1783,#1784,#1785,#1786,#1787,#1788,#1789,#1790,#1791,
#1792,#1793,#1794,#1795,#1796,#1797));
#350=EDGE_LOOP('',(#1798));
#351=EDGE_LOOP('',(#1799));
#352=EDGE_LOOP('',(#1800));
#353=EDGE_LOOP('',(#1801));
#354=EDGE_LOOP('',(#1802,#1803,#1804,#1805,#1806,#1807));
#355=EDGE_LOOP('',(#1808,#1809,#1810,#1811,#1812));
#356=EDGE_LOOP('',(#1813,#1814,#1815,#1816,#1817,#1818,#1819,#1820));
#357=EDGE_LOOP('',(#1821,#1822,#1823,#1824));
#358=EDGE_LOOP('',(#1825,#1826,#1827,#1828));
#359=EDGE_LOOP('',(#1829,#1830,#1831,#1832));
#360=EDGE_LOOP('',(#1833,#1834,#1835,#1836,#1837,#1838));
#361=EDGE_LOOP('',(#1839,#1840,#1841,#1842,#1843,#1844,#1845,#1846,#1847,
#1848));
#362=EDGE_LOOP('',(#1849));
#363=EDGE_LOOP('',(#1850));
#364=EDGE_LOOP('',(#1851));
#365=EDGE_LOOP('',(#1852));
#366=EDGE_LOOP('',(#1853));
#367=EDGE_LOOP('',(#1854));
#368=EDGE_LOOP('',(#1855,#1856,#1857,#1858));
#369=EDGE_LOOP('',(#1859,#1860,#1861,#1862,#1863,#1864));
#370=EDGE_LOOP('',(#1865,#1866,#1867,#1868));
#371=EDGE_LOOP('',(#1869,#1870,#1871,#1872));
#372=EDGE_LOOP('',(#1873,#1874,#1875,#1876));
#373=EDGE_LOOP('',(#1877,#1878,#1879,#1880,#1881,#1882,#1883,#1884));
#374=EDGE_LOOP('',(#1885,#1886,#1887,#1888));
#375=EDGE_LOOP('',(#1889,#1890,#1891,#1892));
#376=EDGE_LOOP('',(#1893,#1894,#1895,#1896));
#377=EDGE_LOOP('',(#1897,#1898,#1899,#1900));
#378=EDGE_LOOP('',(#1901,#1902,#1903,#1904));
#379=EDGE_LOOP('',(#1905,#1906,#1907,#1908));
#380=EDGE_LOOP('',(#1909,#1910,#1911,#1912));
#381=EDGE_LOOP('',(#1913,#1914,#1915,#1916));
#382=EDGE_LOOP('',(#1917,#1918,#1919,#1920,#1921,#1922,#1923));
#383=EDGE_LOOP('',(#1924,#1925,#1926,#1927,#1928,#1929));
#384=EDGE_LOOP('',(#1930,#1931,#1932,#1933));
#385=EDGE_LOOP('',(#1934,#1935,#1936,#1937,#1938,#1939,#1940,#1941,#1942,
#1943));
#386=EDGE_LOOP('',(#1944,#1945,#1946,#1947));
#387=EDGE_LOOP('',(#1948,#1949,#1950,#1951));
#388=EDGE_LOOP('',(#1952,#1953,#1954,#1955,#1956,#1957,#1958,#1959,#1960,
#1961));
#389=EDGE_LOOP('',(#1962,#1963,#1964,#1965,#1966));
#390=EDGE_LOOP('',(#1967,#1968,#1969,#1970));
#391=EDGE_LOOP('',(#1971,#1972,#1973,#1974));
#392=EDGE_LOOP('',(#1975,#1976,#1977,#1978));
#393=EDGE_LOOP('',(#1979,#1980,#1981,#1982));
#394=EDGE_LOOP('',(#1983,#1984,#1985,#1986));
#395=EDGE_LOOP('',(#1987,#1988,#1989,#1990));
#396=EDGE_LOOP('',(#1991,#1992,#1993,#1994));
#397=EDGE_LOOP('',(#1995,#1996,#1997,#1998));
#398=EDGE_LOOP('',(#1999,#2000,#2001,#2002));
#399=EDGE_LOOP('',(#2003,#2004,#2005,#2006,#2007,#2008,#2009,#2010,#2011));
#400=EDGE_LOOP('',(#2012,#2013,#2014,#2015));
#401=EDGE_LOOP('',(#2016,#2017,#2018,#2019));
#402=EDGE_LOOP('',(#2020,#2021,#2022,#2023));
#403=EDGE_LOOP('',(#2024,#2025,#2026,#2027));
#404=EDGE_LOOP('',(#2028,#2029,#2030,#2031));
#405=EDGE_LOOP('',(#2032,#2033,#2034,#2035,#2036,#2037,#2038,#2039,#2040,
#2041));
#406=EDGE_LOOP('',(#2042,#2043,#2044,#2045,#2046,#2047,#2048,#2049));
#407=EDGE_LOOP('',(#2050,#2051,#2052,#2053,#2054));
#408=EDGE_LOOP('',(#2055,#2056,#2057,#2058,#2059,#2060,#2061,#2062,#2063));
#409=EDGE_LOOP('',(#2064,#2065,#2066,#2067));
#410=EDGE_LOOP('',(#2068));
#411=EDGE_LOOP('',(#2069));
#412=EDGE_LOOP('',(#2070,#2071,#2072,#2073,#2074,#2075,#2076,#2077,#2078,
#2079,#2080));
#413=EDGE_LOOP('',(#2081,#2082,#2083,#2084));
#414=EDGE_LOOP('',(#2085,#2086,#2087,#2088,#2089,#2090,#2091));
#415=EDGE_LOOP('',(#2092,#2093,#2094,#2095,#2096,#2097,#2098,#2099,#2100,
#2101,#2102,#2103,#2104,#2105,#2106,#2107,#2108,#2109,#2110,#2111,#2112,
#2113));
#416=EDGE_LOOP('',(#2114,#2115,#2116,#2117));
#417=EDGE_LOOP('',(#2118,#2119,#2120,#2121,#2122,#2123,#2124,#2125,#2126,
#2127,#2128,#2129,#2130,#2131,#2132));
#418=EDGE_LOOP('',(#2133));
#419=EDGE_LOOP('',(#2134));
#420=EDGE_LOOP('',(#2135));
#421=EDGE_LOOP('',(#2136));
#422=EDGE_LOOP('',(#2137,#2138,#2139,#2140,#2141,#2142));
#423=EDGE_LOOP('',(#2143,#2144,#2145,#2146,#2147));
#424=EDGE_LOOP('',(#2148,#2149,#2150,#2151,#2152,#2153,#2154,#2155));
#425=EDGE_LOOP('',(#2156,#2157,#2158,#2159,#2160,#2161,#2162,#2163,#2164,
#2165));
#426=EDGE_LOOP('',(#2166,#2167,#2168,#2169,#2170,#2171,#2172,#2173));
#427=EDGE_LOOP('',(#2174,#2175,#2176,#2177));
#428=EDGE_LOOP('',(#2178,#2179,#2180,#2181));
#429=EDGE_LOOP('',(#2182,#2183,#2184,#2185));
#430=EDGE_LOOP('',(#2186,#2187,#2188,#2189,#2190,#2191));
#431=EDGE_LOOP('',(#2192,#2193,#2194,#2195,#2196,#2197,#2198,#2199,#2200,
#2201));
#432=EDGE_LOOP('',(#2202));
#433=EDGE_LOOP('',(#2203));
#434=EDGE_LOOP('',(#2204));
#435=EDGE_LOOP('',(#2205));
#436=EDGE_LOOP('',(#2206));
#437=EDGE_LOOP('',(#2207));
#438=EDGE_LOOP('',(#2208,#2209,#2210,#2211));
#439=EDGE_LOOP('',(#2212,#2213,#2214,#2215,#2216,#2217));
#440=EDGE_LOOP('',(#2218,#2219,#2220,#2221));
#441=EDGE_LOOP('',(#2222,#2223,#2224,#2225));
#442=EDGE_LOOP('',(#2226,#2227,#2228,#2229));
#443=EDGE_LOOP('',(#2230,#2231,#2232,#2233,#2234,#2235,#2236,#2237));
#444=EDGE_LOOP('',(#2238,#2239,#2240,#2241));
#445=EDGE_LOOP('',(#2242,#2243,#2244,#2245));
#446=EDGE_LOOP('',(#2246,#2247,#2248,#2249));
#447=EDGE_LOOP('',(#2250,#2251,#2252,#2253));
#448=EDGE_LOOP('',(#2254,#2255,#2256,#2257));
#449=EDGE_LOOP('',(#2258,#2259,#2260,#2261));
#450=EDGE_LOOP('',(#2262,#2263,#2264,#2265));
#451=EDGE_LOOP('',(#2266,#2267,#2268,#2269));
#452=EDGE_LOOP('',(#2270,#2271,#2272,#2273));
#453=EDGE_LOOP('',(#2274,#2275,#2276,#2277));
#454=EDGE_LOOP('',(#2278,#2279,#2280,#2281,#2282,#2283,#2284));
#455=EDGE_LOOP('',(#2285,#2286,#2287,#2288,#2289,#2290));
#456=EDGE_LOOP('',(#2291,#2292,#2293,#2294));
#457=EDGE_LOOP('',(#2295,#2296,#2297,#2298,#2299,#2300,#2301,#2302,#2303,
#2304));
#458=EDGE_LOOP('',(#2305,#2306,#2307,#2308));
#459=EDGE_LOOP('',(#2309,#2310,#2311,#2312));
#460=EDGE_LOOP('',(#2313,#2314,#2315,#2316,#2317,#2318,#2319,#2320,#2321,
#2322));
#461=EDGE_LOOP('',(#2323,#2324,#2325,#2326,#2327));
#462=EDGE_LOOP('',(#2328,#2329,#2330,#2331));
#463=EDGE_LOOP('',(#2332,#2333,#2334,#2335));
#464=EDGE_LOOP('',(#2336,#2337,#2338,#2339));
#465=EDGE_LOOP('',(#2340,#2341,#2342,#2343));
#466=EDGE_LOOP('',(#2344,#2345,#2346,#2347));
#467=EDGE_LOOP('',(#2348,#2349,#2350,#2351));
#468=EDGE_LOOP('',(#2352,#2353,#2354,#2355));
#469=EDGE_LOOP('',(#2356,#2357,#2358,#2359));
#470=EDGE_LOOP('',(#2360,#2361,#2362,#2363));
#471=EDGE_LOOP('',(#2364,#2365,#2366,#2367));
#472=EDGE_LOOP('',(#2368,#2369,#2370,#2371));
#473=EDGE_LOOP('',(#2372,#2373,#2374,#2375));
#474=EDGE_LOOP('',(#2376,#2377,#2378,#2379));
#475=EDGE_LOOP('',(#2380,#2381,#2382,#2383,#2384,#2385,#2386,#2387,#2388,
#2389,#2390,#2391,#2392,#2393));
#476=EDGE_LOOP('',(#2394,#2395,#2396,#2397));
#477=EDGE_LOOP('',(#2398,#2399,#2400,#2401));
#478=EDGE_LOOP('',(#2402,#2403,#2404,#2405,#2406,#2407,#2408,#2409));
#479=EDGE_LOOP('',(#2410,#2411,#2412,#2413));
#480=EDGE_LOOP('',(#2414,#2415,#2416,#2417,#2418,#2419,#2420,#2421));
#481=EDGE_LOOP('',(#2422,#2423,#2424,#2425,#2426,#2427,#2428,#2429,#2430,
#2431));
#482=EDGE_LOOP('',(#2432,#2433,#2434,#2435,#2436,#2437,#2438,#2439,#2440));
#483=EDGE_LOOP('',(#2441,#2442,#2443,#2444));
#484=EDGE_LOOP('',(#2445,#2446,#2447,#2448));
#485=EDGE_LOOP('',(#2449,#2450,#2451,#2452,#2453,#2454,#2455,#2456,#2457,
#2458,#2459,#2460,#2461,#2462,#2463,#2464,#2465,#2466,#2467,#2468,#2469,
#2470,#2471,#2472,#2473,#2474,#2475,#2476,#2477,#2478,#2479,#2480,#2481,
#2482,#2483));
#486=EDGE_LOOP('',(#2484,#2485));
#487=EDGE_LOOP('',(#2486,#2487,#2488,#2489));
#488=LINE('',#3644,#736);
#489=LINE('',#3653,#737);
#490=LINE('',#3661,#738);
#491=LINE('',#3663,#739);
#492=LINE('',#3665,#740);
#493=LINE('',#3666,#741);
#494=LINE('',#3670,#742);
#495=LINE('',#3672,#743);
#496=LINE('',#3674,#744);
#497=LINE('',#3675,#745);
#498=LINE('',#3682,#746);
#499=LINE('',#3683,#747);
#500=LINE('',#3688,#748);
#501=LINE('',#3690,#749);
#502=LINE('',#3692,#750);
#503=LINE('',#3694,#751);
#504=LINE('',#3696,#752);
#505=LINE('',#3698,#753);
#506=LINE('',#3699,#754);
#507=LINE('',#3703,#755);
#508=LINE('',#3705,#756);
#509=LINE('',#3707,#757);
#510=LINE('',#3709,#758);
#511=LINE('',#3711,#759);
#512=LINE('',#3713,#760);
#513=LINE('',#3715,#761);
#514=LINE('',#3716,#762);
#515=LINE('',#3719,#763);
#516=LINE('',#3721,#764);
#517=LINE('',#3723,#765);
#518=LINE('',#3733,#766);
#519=LINE('',#3760,#767);
#520=LINE('',#3762,#768);
#521=LINE('',#3764,#769);
#522=LINE('',#3766,#770);
#523=LINE('',#3768,#771);
#524=LINE('',#3770,#772);
#525=LINE('',#3774,#773);
#526=LINE('',#3778,#774);
#527=LINE('',#3780,#775);
#528=LINE('',#3781,#776);
#529=LINE('',#3783,#777);
#530=LINE('',#3787,#778);
#531=LINE('',#3789,#779);
#532=LINE('',#3790,#780);
#533=LINE('',#3792,#781);
#534=LINE('',#3819,#782);
#535=LINE('',#3821,#783);
#536=LINE('',#3823,#784);
#537=LINE('',#3825,#785);
#538=LINE('',#3827,#786);
#539=LINE('',#3829,#787);
#540=LINE('',#3831,#788);
#541=LINE('',#3832,#789);
#542=LINE('',#3834,#790);
#543=LINE('',#3836,#791);
#544=LINE('',#3838,#792);
#545=LINE('',#3852,#793);
#546=LINE('',#3853,#794);
#547=LINE('',#3872,#795);
#548=LINE('',#3873,#796);
#549=LINE('',#3876,#797);
#550=LINE('',#3877,#798);
#551=LINE('',#3881,#799);
#552=LINE('',#3883,#800);
#553=LINE('',#3885,#801);
#554=LINE('',#3887,#802);
#555=LINE('',#3889,#803);
#556=LINE('',#3891,#804);
#557=LINE('',#3892,#805);
#558=LINE('',#3897,#806);
#559=LINE('',#3898,#807);
#560=LINE('',#3904,#808);
#561=LINE('',#3908,#809);
#562=LINE('',#3910,#810);
#563=LINE('',#3912,#811);
#564=LINE('',#3913,#812);
#565=LINE('',#3915,#813);
#566=LINE('',#3917,#814);
#567=LINE('',#3918,#815);
#568=LINE('',#3922,#816);
#569=LINE('',#3930,#817);
#570=LINE('',#3932,#818);
#571=LINE('',#3936,#819);
#572=LINE('',#3948,#820);
#573=LINE('',#3950,#821);
#574=LINE('',#3951,#822);
#575=LINE('',#3963,#823);
#576=LINE('',#3965,#824);
#577=LINE('',#3967,#825);
#578=LINE('',#3971,#826);
#579=LINE('',#3977,#827);
#580=LINE('',#3985,#828);
#581=LINE('',#3987,#829);
#582=LINE('',#3989,#830);
#583=LINE('',#3993,#831);
#584=LINE('',#3997,#832);
#585=LINE('',#3998,#833);
#586=LINE('',#4001,#834);
#587=LINE('',#4003,#835);
#588=LINE('',#4067,#836);
#589=LINE('',#4082,#837);
#590=LINE('',#4131,#838);
#591=LINE('',#4170,#839);
#592=LINE('',#4211,#840);
#593=LINE('',#4213,#841);
#594=LINE('',#4214,#842);
#595=LINE('',#5358,#843);
#596=LINE('',#5359,#844);
#597=LINE('',#5361,#845);
#598=LINE('',#5363,#846);
#599=LINE('',#5372,#847);
#600=LINE('',#5373,#848);
#601=LINE('',#5453,#849);
#602=LINE('',#5456,#850);
#603=LINE('',#5459,#851);
#604=LINE('',#5464,#852);
#605=LINE('',#5466,#853);
#606=LINE('',#5468,#854);
#607=LINE('',#5469,#855);
#608=LINE('',#5473,#856);
#609=LINE('',#5475,#857);
#610=LINE('',#5477,#858);
#611=LINE('',#5478,#859);
#612=LINE('',#5485,#860);
#613=LINE('',#5486,#861);
#614=LINE('',#5491,#862);
#615=LINE('',#5493,#863);
#616=LINE('',#5495,#864);
#617=LINE('',#5497,#865);
#618=LINE('',#5499,#866);
#619=LINE('',#5501,#867);
#620=LINE('',#5502,#868);
#621=LINE('',#5506,#869);
#622=LINE('',#5508,#870);
#623=LINE('',#5510,#871);
#624=LINE('',#5512,#872);
#625=LINE('',#5514,#873);
#626=LINE('',#5516,#874);
#627=LINE('',#5518,#875);
#628=LINE('',#5519,#876);
#629=LINE('',#5522,#877);
#630=LINE('',#5526,#878);
#631=LINE('',#5527,#879);
#632=LINE('',#5530,#880);
#633=LINE('',#5532,#881);
#634=LINE('',#5534,#882);
#635=LINE('',#5536,#883);
#636=LINE('',#5562,#884);
#637=LINE('',#5565,#885);
#638=LINE('',#5574,#886);
#639=LINE('',#5578,#887);
#640=LINE('',#5582,#888);
#641=LINE('',#5584,#889);
#642=LINE('',#5586,#890);
#643=LINE('',#5588,#891);
#644=LINE('',#5590,#892);
#645=LINE('',#5592,#893);
#646=LINE('',#5619,#894);
#647=LINE('',#5621,#895);
#648=LINE('',#5622,#896);
#649=LINE('',#5624,#897);
#650=LINE('',#5626,#898);
#651=LINE('',#5628,#899);
#652=LINE('',#5630,#900);
#653=LINE('',#5634,#901);
#654=LINE('',#5636,#902);
#655=LINE('',#5637,#903);
#656=LINE('',#5639,#904);
#657=LINE('',#5640,#905);
#658=LINE('',#5642,#906);
#659=LINE('',#5644,#907);
#660=LINE('',#5646,#908);
#661=LINE('',#5673,#909);
#662=LINE('',#5674,#910);
#663=LINE('',#5676,#911);
#664=LINE('',#5678,#912);
#665=LINE('',#5680,#913);
#666=LINE('',#5682,#914);
#667=LINE('',#5684,#915);
#668=LINE('',#5686,#916);
#669=LINE('',#5687,#917);
#670=LINE('',#5701,#918);
#671=LINE('',#5703,#919);
#672=LINE('',#5705,#920);
#673=LINE('',#5722,#921);
#674=LINE('',#5725,#922);
#675=LINE('',#5727,#923);
#676=LINE('',#5730,#924);
#677=LINE('',#5732,#925);
#678=LINE('',#5734,#926);
#679=LINE('',#5736,#927);
#680=LINE('',#5738,#928);
#681=LINE('',#5739,#929);
#682=LINE('',#5742,#930);
#683=LINE('',#5744,#931);
#684=LINE('',#5746,#932);
#685=LINE('',#5748,#933);
#686=LINE('',#5751,#934);
#687=LINE('',#5753,#935);
#688=LINE('',#5757,#936);
#689=LINE('',#5763,#937);
#690=LINE('',#5767,#938);
#691=LINE('',#5769,#939);
#692=LINE('',#5771,#940);
#693=LINE('',#5772,#941);
#694=LINE('',#5774,#942);
#695=LINE('',#5776,#943);
#696=LINE('',#5777,#944);
#697=LINE('',#5780,#945);
#698=LINE('',#5785,#946);
#699=LINE('',#5787,#947);
#700=LINE('',#5808,#948);
#701=LINE('',#5820,#949);
#702=LINE('',#5822,#950);
#703=LINE('',#5824,#951);
#704=LINE('',#5826,#952);
#705=LINE('',#5830,#953);
#706=LINE('',#5835,#954);
#707=LINE('',#5841,#955);
#708=LINE('',#5843,#956);
#709=LINE('',#5848,#957);
#710=LINE('',#5861,#958);
#711=LINE('',#5902,#959);
#712=LINE('',#5903,#960);
#713=LINE('',#5906,#961);
#714=LINE('',#5910,#962);
#715=LINE('',#6017,#963);
#716=LINE('',#6060,#964);
#717=LINE('',#6061,#965);
#718=LINE('',#6062,#966);
#719=LINE('',#6064,#967);
#720=LINE('',#6065,#968);
#721=LINE('',#7210,#969);
#722=LINE('',#7211,#970);
#723=LINE('',#7213,#971);
#724=LINE('',#7215,#972);
#725=LINE('',#7219,#973);
#726=LINE('',#7221,#974);
#727=LINE('',#7227,#975);
#728=LINE('',#7231,#976);
#729=LINE('',#7233,#977);
#730=LINE('',#7234,#978);
#731=LINE('',#7235,#979);
#732=LINE('',#7237,#980);
#733=LINE('',#7239,#981);
#734=LINE('',#7244,#982);
#735=LINE('',#7284,#983);
#736=VECTOR('',#2927,2.5);
#737=VECTOR('',#2938,2.5);
#738=VECTOR('',#2947,10.);
#739=VECTOR('',#2948,10.);
#740=VECTOR('',#2949,10.);
#741=VECTOR('',#2950,10.);
#742=VECTOR('',#2953,10.);
#743=VECTOR('',#2954,10.);
#744=VECTOR('',#2955,10.);
#745=VECTOR('',#2956,10.);
#746=VECTOR('',#2959,10.);
#747=VECTOR('',#2960,10.);
#748=VECTOR('',#2965,10.);
#749=VECTOR('',#2966,10.);
#750=VECTOR('',#2967,10.);
#751=VECTOR('',#2968,10.);
#752=VECTOR('',#2969,10.);
#753=VECTOR('',#2970,10.);
#754=VECTOR('',#2971,10.);
#755=VECTOR('',#2974,10.);
#756=VECTOR('',#2975,10.);
#757=VECTOR('',#2976,10.);
#758=VECTOR('',#2977,10.);
#759=VECTOR('',#2978,10.);
#760=VECTOR('',#2979,10.);
#761=VECTOR('',#2980,10.);
#762=VECTOR('',#2981,10.);
#763=VECTOR('',#2984,10.);
#764=VECTOR('',#2985,10.);
#765=VECTOR('',#2986,10.);
#766=VECTOR('',#2997,10.);
#767=VECTOR('',#2998,10.);
#768=VECTOR('',#2999,10.);
#769=VECTOR('',#3000,10.);
#770=VECTOR('',#3001,10.);
#771=VECTOR('',#3002,10.);
#772=VECTOR('',#3003,10.);
#773=VECTOR('',#3006,10.);
#774=VECTOR('',#3011,10.);
#775=VECTOR('',#3012,10.);
#776=VECTOR('',#3013,10.);
#777=VECTOR('',#3016,10.);
#778=VECTOR('',#3019,10.);
#779=VECTOR('',#3020,10.);
#780=VECTOR('',#3021,10.);
#781=VECTOR('',#3024,10.);
#782=VECTOR('',#3029,10.);
#783=VECTOR('',#3030,10.);
#784=VECTOR('',#3031,10.);
#785=VECTOR('',#3032,10.);
#786=VECTOR('',#3033,10.);
#787=VECTOR('',#3034,10.);
#788=VECTOR('',#3035,10.);
#789=VECTOR('',#3036,10.);
#790=VECTOR('',#3037,10.);
#791=VECTOR('',#3038,10.);
#792=VECTOR('',#3039,10.);
#793=VECTOR('',#3054,10.);
#794=VECTOR('',#3055,10.);
#795=VECTOR('',#3056,10.);
#796=VECTOR('',#3057,10.);
#797=VECTOR('',#3060,10.);
#798=VECTOR('',#3061,10.);
#799=VECTOR('',#3066,10.);
#800=VECTOR('',#3067,10.);
#801=VECTOR('',#3068,10.);
#802=VECTOR('',#3069,10.);
#803=VECTOR('',#3070,10.);
#804=VECTOR('',#3071,10.);
#805=VECTOR('',#3072,10.);
#806=VECTOR('',#3077,10.);
#807=VECTOR('',#3078,10.);
#808=VECTOR('',#3081,10.);
#809=VECTOR('',#3084,10.);
#810=VECTOR('',#3085,10.);
#811=VECTOR('',#3086,10.);
#812=VECTOR('',#3087,10.);
#813=VECTOR('',#3090,10.);
#814=VECTOR('',#3091,10.);
#815=VECTOR('',#3092,10.);
#816=VECTOR('',#3095,10.);
#817=VECTOR('',#3102,10.);
#818=VECTOR('',#3103,10.);
#819=VECTOR('',#3108,10.);
#820=VECTOR('',#3123,10.);
#821=VECTOR('',#3126,10.);
#822=VECTOR('',#3127,10.);
#823=VECTOR('',#3130,10.);
#824=VECTOR('',#3133,10.);
#825=VECTOR('',#3136,10.);
#826=VECTOR('',#3141,10.);
#827=VECTOR('',#3148,10.);
#828=VECTOR('',#3159,10.);
#829=VECTOR('',#3162,10.);
#830=VECTOR('',#3165,10.);
#831=VECTOR('',#3170,10.);
#832=VECTOR('',#3175,10.);
#833=VECTOR('',#3176,10.);
#834=VECTOR('',#3179,10.);
#835=VECTOR('',#3182,10.);
#836=VECTOR('',#3185,10.);
#837=VECTOR('',#3188,10.);
#838=VECTOR('',#3195,10.);
#839=VECTOR('',#3196,10.);
#840=VECTOR('',#3221,10.);
#841=VECTOR('',#3222,10.);
#842=VECTOR('',#3223,10.);
#843=VECTOR('',#3228,10.);
#844=VECTOR('',#3229,10.);
#845=VECTOR('',#3232,10.);
#846=VECTOR('',#3235,10.);
#847=VECTOR('',#3240,10.);
#848=VECTOR('',#3241,10.);
#849=VECTOR('',#3250,10.);
#850=VECTOR('',#3253,10.);
#851=VECTOR('',#3256,10.);
#852=VECTOR('',#3261,10.);
#853=VECTOR('',#3262,10.);
#854=VECTOR('',#3263,10.);
#855=VECTOR('',#3264,10.);
#856=VECTOR('',#3267,10.);
#857=VECTOR('',#3268,10.);
#858=VECTOR('',#3269,10.);
#859=VECTOR('',#3270,10.);
#860=VECTOR('',#3273,10.);
#861=VECTOR('',#3274,10.);
#862=VECTOR('',#3279,10.);
#863=VECTOR('',#3280,10.);
#864=VECTOR('',#3281,10.);
#865=VECTOR('',#3282,10.);
#866=VECTOR('',#3283,10.);
#867=VECTOR('',#3284,10.);
#868=VECTOR('',#3285,10.);
#869=VECTOR('',#3288,10.);
#870=VECTOR('',#3289,10.);
#871=VECTOR('',#3290,10.);
#872=VECTOR('',#3291,10.);
#873=VECTOR('',#3292,10.);
#874=VECTOR('',#3293,10.);
#875=VECTOR('',#3294,10.);
#876=VECTOR('',#3295,10.);
#877=VECTOR('',#3298,10.);
#878=VECTOR('',#3301,10.);
#879=VECTOR('',#3302,10.);
#880=VECTOR('',#3305,10.);
#881=VECTOR('',#3306,10.);
#882=VECTOR('',#3307,10.);
#883=VECTOR('',#3308,10.);
#884=VECTOR('',#3311,10.);
#885=VECTOR('',#3314,10.);
#886=VECTOR('',#3323,10.);
#887=VECTOR('',#3326,10.);
#888=VECTOR('',#3329,10.);
#889=VECTOR('',#3330,10.);
#890=VECTOR('',#3331,10.);
#891=VECTOR('',#3332,10.);
#892=VECTOR('',#3333,10.);
#893=VECTOR('',#3334,10.);
#894=VECTOR('',#3337,10.);
#895=VECTOR('',#3338,10.);
#896=VECTOR('',#3339,10.);
#897=VECTOR('',#3342,10.);
#898=VECTOR('',#3343,10.);
#899=VECTOR('',#3344,10.);
#900=VECTOR('',#3345,10.);
#901=VECTOR('',#3350,10.);
#902=VECTOR('',#3351,10.);
#903=VECTOR('',#3352,10.);
#904=VECTOR('',#3353,10.);
#905=VECTOR('',#3354,10.);
#906=VECTOR('',#3355,10.);
#907=VECTOR('',#3358,10.);
#908=VECTOR('',#3361,10.);
#909=VECTOR('',#3366,10.);
#910=VECTOR('',#3367,10.);
#911=VECTOR('',#3368,10.);
#912=VECTOR('',#3369,10.);
#913=VECTOR('',#3370,10.);
#914=VECTOR('',#3371,10.);
#915=VECTOR('',#3372,10.);
#916=VECTOR('',#3373,10.);
#917=VECTOR('',#3374,10.);
#918=VECTOR('',#3389,10.);
#919=VECTOR('',#3390,10.);
#920=VECTOR('',#3391,10.);
#921=VECTOR('',#3392,10.);
#922=VECTOR('',#3395,10.);
#923=VECTOR('',#3398,10.);
#924=VECTOR('',#3401,10.);
#925=VECTOR('',#3402,10.);
#926=VECTOR('',#3403,10.);
#927=VECTOR('',#3404,10.);
#928=VECTOR('',#3405,10.);
#929=VECTOR('',#3406,10.);
#930=VECTOR('',#3409,10.);
#931=VECTOR('',#3410,10.);
#932=VECTOR('',#3411,10.);
#933=VECTOR('',#3412,10.);
#934=VECTOR('',#3417,10.);
#935=VECTOR('',#3420,10.);
#936=VECTOR('',#3425,10.);
#937=VECTOR('',#3428,10.);
#938=VECTOR('',#3431,10.);
#939=VECTOR('',#3432,10.);
#940=VECTOR('',#3433,10.);
#941=VECTOR('',#3434,10.);
#942=VECTOR('',#3437,10.);
#943=VECTOR('',#3438,10.);
#944=VECTOR('',#3439,10.);
#945=VECTOR('',#3442,10.);
#946=VECTOR('',#3447,10.);
#947=VECTOR('',#3448,10.);
#948=VECTOR('',#3473,10.);
#949=VECTOR('',#3476,10.);
#950=VECTOR('',#3479,10.);
#951=VECTOR('',#3482,10.);
#952=VECTOR('',#3485,10.);
#953=VECTOR('',#3490,10.);
#954=VECTOR('',#3495,10.);
#955=VECTOR('',#3506,10.);
#956=VECTOR('',#3509,10.);
#957=VECTOR('',#3516,10.);
#958=VECTOR('',#3519,10.);
#959=VECTOR('',#3524,10.);
#960=VECTOR('',#3525,10.);
#961=VECTOR('',#3528,10.);
#962=VECTOR('',#3535,10.);
#963=VECTOR('',#3538,10.);
#964=VECTOR('',#3565,10.);
#965=VECTOR('',#3566,10.);
#966=VECTOR('',#3567,10.);
#967=VECTOR('',#3570,10.);
#968=VECTOR('',#3571,10.);
#969=VECTOR('',#3578,10.);
#970=VECTOR('',#3579,10.);
#971=VECTOR('',#3582,10.);
#972=VECTOR('',#3585,10.);
#973=VECTOR('',#3590,10.);
#974=VECTOR('',#3591,10.);
#975=VECTOR('',#3594,10.);
#976=VECTOR('',#3601,10.);
#977=VECTOR('',#3604,10.);
#978=VECTOR('',#3605,10.);
#979=VECTOR('',#3606,10.);
#980=VECTOR('',#3609,10.);
#981=VECTOR('',#3612,10.);
#982=VECTOR('',#3621,10.);
#983=VECTOR('',#3636,10.);
#984=CIRCLE('',#2688,2.5);
#985=CIRCLE('',#2689,2.5);
#986=CIRCLE('',#2691,1.02499989119194);
#987=CIRCLE('',#2693,2.5);
#988=CIRCLE('',#2694,2.5);
#989=CIRCLE('',#2696,1.02500012158394);
#990=CIRCLE('',#2704,1.58113920705706);
#991=CIRCLE('',#2706,2.74999999275701);
#992=CIRCLE('',#2707,1.02499989119194);
#993=CIRCLE('',#2710,2.46233459821745);
#994=CIRCLE('',#2716,3.9999982437975);
#995=CIRCLE('',#2717,3.9999983784125);
#996=CIRCLE('',#2718,3.75000015605729);
#997=CIRCLE('',#2719,3.75000008969582);
#998=CIRCLE('',#2721,2.74999958499516);
#999=CIRCLE('',#2722,1.02500012158394);
#1000=CIRCLE('',#2725,5.00004501791125);
#1001=CIRCLE('',#2728,1.50348628288583);
#1002=CIRCLE('',#2733,2.99999966735583);
#1003=CIRCLE('',#2734,80.9999964490281);
#1004=CIRCLE('',#2735,3.00000065100468);
#1005=CIRCLE('',#2739,3.75000008969582);
#1006=CIRCLE('',#2740,2.74999999275701);
#1007=CIRCLE('',#2742,3.75000015605729);
#1008=CIRCLE('',#2743,2.74999958499516);
#1009=CIRCLE('',#2750,4.99999522554953);
#1010=CIRCLE('',#2753,0.999999046325661);
#1011=CIRCLE('',#2755,5.00004501791125);
#1012=CIRCLE('',#2757,0.999999046325689);
#1013=CIRCLE('',#2762,5.00000000607889);
#1014=CIRCLE('',#2764,3.9999983784125);
#1015=CIRCLE('',#2766,3.9999982437975);
#1016=CIRCLE('',#2775,79.999996298868);
#1017=CIRCLE('',#2776,79.9999962988679);
#1018=CIRCLE('',#2778,0.999997331441389);
#1019=CIRCLE('',#2780,1.00000033226961);
#1020=CIRCLE('',#2783,37.7116249209033);
#1021=CIRCLE('',#2784,4.99999535217799);
#1022=CIRCLE('',#2794,0.799999924910613);
#1023=CIRCLE('',#2796,2.00000006205852);
#1024=CIRCLE('',#2804,1.58113920705706);
#1025=CIRCLE('',#2809,2.74999999275701);
#1026=CIRCLE('',#2810,1.02499989119194);
#1027=CIRCLE('',#2812,2.46233459821745);
#1028=CIRCLE('',#2818,5.);
#1029=CIRCLE('',#2821,3.9999983784125);
#1030=CIRCLE('',#2822,3.9999982437975);
#1031=CIRCLE('',#2823,3.75000015605729);
#1032=CIRCLE('',#2824,3.75000008969582);
#1033=CIRCLE('',#2826,2.74999958499516);
#1034=CIRCLE('',#2827,1.02500012158394);
#1035=CIRCLE('',#2830,5.00004501791125);
#1036=CIRCLE('',#2835,5.00004501791125);
#1037=CIRCLE('',#2837,1.50348628288583);
#1038=CIRCLE('',#2844,3.00000065100468);
#1039=CIRCLE('',#2845,80.9999964490281);
#1040=CIRCLE('',#2846,2.99999966735583);
#1041=CIRCLE('',#2847,1.02500012158394);
#1042=CIRCLE('',#2848,1.02499989119194);
#1043=CIRCLE('',#2850,3.75000008969582);
#1044=CIRCLE('',#2851,2.74999999275701);
#1045=CIRCLE('',#2853,3.75000015605729);
#1046=CIRCLE('',#2854,2.74999958499516);
#1047=CIRCLE('',#2861,4.99999522554953);
#1048=CIRCLE('',#2864,0.999999046325661);
#1049=CIRCLE('',#2867,0.999999046325689);
#1050=CIRCLE('',#2871,5.00000000607889);
#1051=CIRCLE('',#2875,3.9999983784125);
#1052=CIRCLE('',#2877,3.9999982437975);
#1053=CIRCLE('',#2885,79.9999962988679);
#1054=CIRCLE('',#2886,79.999996298868);
#1055=CIRCLE('',#2888,0.999997331441389);
#1056=CIRCLE('',#2890,1.00000033226961);
#1057=CIRCLE('',#2893,37.7116249209033);
#1058=CIRCLE('',#2895,4.99999535217799);
#1059=CIRCLE('',#2916,0.799999924910613);
#1060=CIRCLE('',#2918,2.00000006205852);
#1061=VERTEX_POINT('',#3641);
#1062=VERTEX_POINT('',#3643);
#1063=VERTEX_POINT('',#3647);
#1064=VERTEX_POINT('',#3650);
#1065=VERTEX_POINT('',#3652);
#1066=VERTEX_POINT('',#3656);
#1067=VERTEX_POINT('',#3659);
#1068=VERTEX_POINT('',#3660);
#1069=VERTEX_POINT('',#3662);
#1070=VERTEX_POINT('',#3664);
#1071=VERTEX_POINT('',#3668);
#1072=VERTEX_POINT('',#3669);
#1073=VERTEX_POINT('',#3671);
#1074=VERTEX_POINT('',#3673);
#1075=VERTEX_POINT('',#3677);
#1076=VERTEX_POINT('',#3678);
#1077=VERTEX_POINT('',#3685);
#1078=VERTEX_POINT('',#3687);
#1079=VERTEX_POINT('',#3689);
#1080=VERTEX_POINT('',#3691);
#1081=VERTEX_POINT('',#3693);
#1082=VERTEX_POINT('',#3695);
#1083=VERTEX_POINT('',#3697);
#1084=VERTEX_POINT('',#3701);
#1085=VERTEX_POINT('',#3702);
#1086=VERTEX_POINT('',#3704);
#1087=VERTEX_POINT('',#3706);
#1088=VERTEX_POINT('',#3708);
#1089=VERTEX_POINT('',#3710);
#1090=VERTEX_POINT('',#3712);
#1091=VERTEX_POINT('',#3714);
#1092=VERTEX_POINT('',#3718);
#1093=VERTEX_POINT('',#3720);
#1094=VERTEX_POINT('',#3722);
#1095=VERTEX_POINT('',#3726);
#1096=VERTEX_POINT('',#3728);
#1097=VERTEX_POINT('',#3731);
#1098=VERTEX_POINT('',#3732);
#1099=VERTEX_POINT('',#3734);
#1100=VERTEX_POINT('',#3759);
#1101=VERTEX_POINT('',#3761);
#1102=VERTEX_POINT('',#3763);
#1103=VERTEX_POINT('',#3765);
#1104=VERTEX_POINT('',#3767);
#1105=VERTEX_POINT('',#3769);
#1106=VERTEX_POINT('',#3771);
#1107=VERTEX_POINT('',#3773);
#1108=VERTEX_POINT('',#3777);
#1109=VERTEX_POINT('',#3779);
#1110=VERTEX_POINT('',#3784);
#1111=VERTEX_POINT('',#3786);
#1112=VERTEX_POINT('',#3788);
#1113=VERTEX_POINT('',#3794);
#1114=VERTEX_POINT('',#3795);
#1115=VERTEX_POINT('',#3816);
#1116=VERTEX_POINT('',#3818);
#1117=VERTEX_POINT('',#3820);
#1118=VERTEX_POINT('',#3822);
#1119=VERTEX_POINT('',#3824);
#1120=VERTEX_POINT('',#3826);
#1121=VERTEX_POINT('',#3828);
#1122=VERTEX_POINT('',#3830);
#1123=VERTEX_POINT('',#3833);
#1124=VERTEX_POINT('',#3835);
#1125=VERTEX_POINT('',#3837);
#1126=VERTEX_POINT('',#3840);
#1127=VERTEX_POINT('',#3842);
#1128=VERTEX_POINT('',#3845);
#1129=VERTEX_POINT('',#3847);
#1130=VERTEX_POINT('',#3850);
#1131=VERTEX_POINT('',#3851);
#1132=VERTEX_POINT('',#3854);
#1133=VERTEX_POINT('',#3871);
#1134=VERTEX_POINT('',#3875);
#1135=VERTEX_POINT('',#3880);
#1136=VERTEX_POINT('',#3882);
#1137=VERTEX_POINT('',#3884);
#1138=VERTEX_POINT('',#3886);
#1139=VERTEX_POINT('',#3888);
#1140=VERTEX_POINT('',#3890);
#1141=VERTEX_POINT('',#3894);
#1142=VERTEX_POINT('',#3895);
#1143=VERTEX_POINT('',#3900);
#1144=VERTEX_POINT('',#3906);
#1145=VERTEX_POINT('',#3907);
#1146=VERTEX_POINT('',#3909);
#1147=VERTEX_POINT('',#3911);
#1148=VERTEX_POINT('',#3916);
#1149=VERTEX_POINT('',#3920);
#1150=VERTEX_POINT('',#3921);
#1151=VERTEX_POINT('',#3923);
#1152=VERTEX_POINT('',#3925);
#1153=VERTEX_POINT('',#3927);
#1154=VERTEX_POINT('',#3929);
#1155=VERTEX_POINT('',#3931);
#1156=VERTEX_POINT('',#3934);
#1157=VERTEX_POINT('',#3938);
#1158=VERTEX_POINT('',#3940);
#1159=VERTEX_POINT('',#3943);
#1160=VERTEX_POINT('',#3945);
#1161=VERTEX_POINT('',#3969);
#1162=VERTEX_POINT('',#3973);
#1163=VERTEX_POINT('',#3975);
#1164=VERTEX_POINT('',#3981);
#1165=VERTEX_POINT('',#3983);
#1166=VERTEX_POINT('',#3991);
#1167=VERTEX_POINT('',#3995);
#1168=VERTEX_POINT('',#4000);
#1169=VERTEX_POINT('',#4066);
#1170=VERTEX_POINT('',#4068);
#1171=VERTEX_POINT('',#4079);
#1172=VERTEX_POINT('',#4081);
#1173=VERTEX_POINT('',#4128);
#1174=VERTEX_POINT('',#4130);
#1175=VERTEX_POINT('',#4132);
#1176=VERTEX_POINT('',#4174);
#1177=VERTEX_POINT('',#4175);
#1178=VERTEX_POINT('',#4180);
#1179=VERTEX_POINT('',#4185);
#1180=VERTEX_POINT('',#4191);
#1181=VERTEX_POINT('',#4193);
#1182=VERTEX_POINT('',#4208);
#1183=VERTEX_POINT('',#4209);
#1184=VERTEX_POINT('',#4212);
#1185=VERTEX_POINT('',#5366);
#1186=VERTEX_POINT('',#5371);
#1187=VERTEX_POINT('',#5377);
#1188=VERTEX_POINT('',#5378);
#1189=VERTEX_POINT('',#5383);
#1190=VERTEX_POINT('',#5390);
#1191=VERTEX_POINT('',#5411);
#1192=VERTEX_POINT('',#5452);
#1193=VERTEX_POINT('',#5454);
#1194=VERTEX_POINT('',#5458);
#1195=VERTEX_POINT('',#5462);
#1196=VERTEX_POINT('',#5463);
#1197=VERTEX_POINT('',#5465);
#1198=VERTEX_POINT('',#5467);
#1199=VERTEX_POINT('',#5471);
#1200=VERTEX_POINT('',#5472);
#1201=VERTEX_POINT('',#5474);
#1202=VERTEX_POINT('',#5476);
#1203=VERTEX_POINT('',#5480);
#1204=VERTEX_POINT('',#5481);
#1205=VERTEX_POINT('',#5488);
#1206=VERTEX_POINT('',#5490);
#1207=VERTEX_POINT('',#5492);
#1208=VERTEX_POINT('',#5494);
#1209=VERTEX_POINT('',#5496);
#1210=VERTEX_POINT('',#5498);
#1211=VERTEX_POINT('',#5500);
#1212=VERTEX_POINT('',#5504);
#1213=VERTEX_POINT('',#5505);
#1214=VERTEX_POINT('',#5507);
#1215=VERTEX_POINT('',#5509);
#1216=VERTEX_POINT('',#5511);
#1217=VERTEX_POINT('',#5513);
#1218=VERTEX_POINT('',#5515);
#1219=VERTEX_POINT('',#5517);
#1220=VERTEX_POINT('',#5521);
#1221=VERTEX_POINT('',#5523);
#1222=VERTEX_POINT('',#5525);
#1223=VERTEX_POINT('',#5529);
#1224=VERTEX_POINT('',#5531);
#1225=VERTEX_POINT('',#5533);
#1226=VERTEX_POINT('',#5535);
#1227=VERTEX_POINT('',#5561);
#1228=VERTEX_POINT('',#5563);
#1229=VERTEX_POINT('',#5567);
#1230=VERTEX_POINT('',#5569);
#1231=VERTEX_POINT('',#5572);
#1232=VERTEX_POINT('',#5573);
#1233=VERTEX_POINT('',#5575);
#1234=VERTEX_POINT('',#5577);
#1235=VERTEX_POINT('',#5579);
#1236=VERTEX_POINT('',#5581);
#1237=VERTEX_POINT('',#5583);
#1238=VERTEX_POINT('',#5585);
#1239=VERTEX_POINT('',#5587);
#1240=VERTEX_POINT('',#5589);
#1241=VERTEX_POINT('',#5591);
#1242=VERTEX_POINT('',#5618);
#1243=VERTEX_POINT('',#5620);
#1244=VERTEX_POINT('',#5625);
#1245=VERTEX_POINT('',#5627);
#1246=VERTEX_POINT('',#5629);
#1247=VERTEX_POINT('',#5633);
#1248=VERTEX_POINT('',#5635);
#1249=VERTEX_POINT('',#5638);
#1250=VERTEX_POINT('',#5641);
#1251=VERTEX_POINT('',#5648);
#1252=VERTEX_POINT('',#5649);
#1253=VERTEX_POINT('',#5670);
#1254=VERTEX_POINT('',#5672);
#1255=VERTEX_POINT('',#5675);
#1256=VERTEX_POINT('',#5677);
#1257=VERTEX_POINT('',#5679);
#1258=VERTEX_POINT('',#5681);
#1259=VERTEX_POINT('',#5683);
#1260=VERTEX_POINT('',#5685);
#1261=VERTEX_POINT('',#5689);
#1262=VERTEX_POINT('',#5691);
#1263=VERTEX_POINT('',#5694);
#1264=VERTEX_POINT('',#5696);
#1265=VERTEX_POINT('',#5699);
#1266=VERTEX_POINT('',#5700);
#1267=VERTEX_POINT('',#5702);
#1268=VERTEX_POINT('',#5704);
#1269=VERTEX_POINT('',#5724);
#1270=VERTEX_POINT('',#5729);
#1271=VERTEX_POINT('',#5731);
#1272=VERTEX_POINT('',#5733);
#1273=VERTEX_POINT('',#5735);
#1274=VERTEX_POINT('',#5737);
#1275=VERTEX_POINT('',#5741);
#1276=VERTEX_POINT('',#5743);
#1277=VERTEX_POINT('',#5745);
#1278=VERTEX_POINT('',#5747);
#1279=VERTEX_POINT('',#5755);
#1280=VERTEX_POINT('',#5759);
#1281=VERTEX_POINT('',#5765);
#1282=VERTEX_POINT('',#5766);
#1283=VERTEX_POINT('',#5768);
#1284=VERTEX_POINT('',#5770);
#1285=VERTEX_POINT('',#5775);
#1286=VERTEX_POINT('',#5779);
#1287=VERTEX_POINT('',#5782);
#1288=VERTEX_POINT('',#5784);
#1289=VERTEX_POINT('',#5786);
#1290=VERTEX_POINT('',#5788);
#1291=VERTEX_POINT('',#5790);
#1292=VERTEX_POINT('',#5793);
#1293=VERTEX_POINT('',#5795);
#1294=VERTEX_POINT('',#5798);
#1295=VERTEX_POINT('',#5800);
#1296=VERTEX_POINT('',#5803);
#1297=VERTEX_POINT('',#5805);
#1298=VERTEX_POINT('',#5828);
#1299=VERTEX_POINT('',#5832);
#1300=VERTEX_POINT('',#5834);
#1301=VERTEX_POINT('',#5847);
#1302=VERTEX_POINT('',#5860);
#1303=VERTEX_POINT('',#5900);
#1304=VERTEX_POINT('',#5905);
#1305=VERTEX_POINT('',#6016);
#1306=VERTEX_POINT('',#6022);
#1307=VERTEX_POINT('',#6023);
#1308=VERTEX_POINT('',#6028);
#1309=VERTEX_POINT('',#6033);
#1310=VERTEX_POINT('',#6039);
#1311=VERTEX_POINT('',#6041);
#1312=VERTEX_POINT('',#6056);
#1313=VERTEX_POINT('',#6057);
#1314=VERTEX_POINT('',#6059);
#1315=VERTEX_POINT('',#7218);
#1316=VERTEX_POINT('',#7220);
#1317=EDGE_CURVE('',#1061,#1061,#984,.T.);
#1318=EDGE_CURVE('',#1061,#1062,#488,.T.);
#1319=EDGE_CURVE('',#1062,#1062,#985,.T.);
#1320=EDGE_CURVE('',#1063,#1063,#986,.T.);
#1321=EDGE_CURVE('',#1064,#1064,#987,.T.);
#1322=EDGE_CURVE('',#1064,#1065,#489,.T.);
#1323=EDGE_CURVE('',#1065,#1065,#988,.T.);
#1324=EDGE_CURVE('',#1066,#1066,#989,.T.);
#1325=EDGE_CURVE('',#1067,#1068,#490,.T.);
#1326=EDGE_CURVE('',#1069,#1067,#491,.T.);
#1327=EDGE_CURVE('',#1070,#1069,#492,.T.);
#1328=EDGE_CURVE('',#1068,#1070,#493,.T.);
#1329=EDGE_CURVE('',#1071,#1072,#494,.T.);
#1330=EDGE_CURVE('',#1073,#1071,#495,.T.);
#1331=EDGE_CURVE('',#1074,#1073,#496,.T.);
#1332=EDGE_CURVE('',#1072,#1074,#497,.T.);
#1333=EDGE_CURVE('',#1075,#1076,#93,.T.);
#1334=EDGE_CURVE('',#1071,#1075,#498,.T.);
#1335=EDGE_CURVE('',#1076,#1072,#499,.T.);
#1336=EDGE_CURVE('',#1077,#1075,#70,.T.);
#1337=EDGE_CURVE('',#1078,#1077,#500,.T.);
#1338=EDGE_CURVE('',#1079,#1078,#501,.T.);
#1339=EDGE_CURVE('',#1080,#1079,#502,.T.);
#1340=EDGE_CURVE('',#1081,#1080,#503,.T.);
#1341=EDGE_CURVE('',#1082,#1081,#504,.T.);
#1342=EDGE_CURVE('',#1083,#1082,#505,.T.);
#1343=EDGE_CURVE('',#1073,#1083,#506,.T.);
#1344=EDGE_CURVE('',#1084,#1085,#507,.T.);
#1345=EDGE_CURVE('',#1086,#1084,#508,.T.);
#1346=EDGE_CURVE('',#1087,#1086,#509,.T.);
#1347=EDGE_CURVE('',#1088,#1087,#510,.T.);
#1348=EDGE_CURVE('',#1089,#1088,#511,.T.);
#1349=EDGE_CURVE('',#1090,#1089,#512,.T.);
#1350=EDGE_CURVE('',#1091,#1090,#513,.T.);
#1351=EDGE_CURVE('',#1085,#1091,#514,.T.);
#1352=EDGE_CURVE('',#1088,#1092,#515,.T.);
#1353=EDGE_CURVE('',#1093,#1087,#516,.T.);
#1354=EDGE_CURVE('',#1094,#1093,#517,.T.);
#1355=EDGE_CURVE('',#1092,#1094,#990,.T.);
#1356=EDGE_CURVE('',#1095,#1095,#991,.T.);
#1357=EDGE_CURVE('',#1096,#1096,#992,.T.);
#1358=EDGE_CURVE('',#1097,#1098,#518,.T.);
#1359=EDGE_CURVE('',#1099,#1097,#31,.T.);
#1360=EDGE_CURVE('',#1100,#1099,#519,.T.);
#1361=EDGE_CURVE('',#1101,#1100,#520,.T.);
#1362=EDGE_CURVE('',#1102,#1101,#521,.T.);
#1363=EDGE_CURVE('',#1103,#1102,#522,.T.);
#1364=EDGE_CURVE('',#1104,#1103,#523,.T.);
#1365=EDGE_CURVE('',#1105,#1104,#524,.T.);
#1366=EDGE_CURVE('',#1106,#1105,#71,.T.);
#1367=EDGE_CURVE('',#1107,#1106,#525,.T.);
#1368=EDGE_CURVE('',#1098,#1107,#993,.T.);
#1369=EDGE_CURVE('',#1073,#1108,#526,.T.);
#1370=EDGE_CURVE('',#1109,#1083,#527,.T.);
#1371=EDGE_CURVE('',#1108,#1109,#528,.T.);
#1372=EDGE_CURVE('',#1103,#1081,#529,.T.);
#1373=EDGE_CURVE('',#1110,#1102,#72,.T.);
#1374=EDGE_CURVE('',#1111,#1110,#530,.T.);
#1375=EDGE_CURVE('',#1112,#1111,#531,.T.);
#1376=EDGE_CURVE('',#1082,#1112,#532,.T.);
#1377=EDGE_CURVE('',#1104,#1080,#533,.T.);
#1378=EDGE_CURVE('',#1113,#1114,#32,.T.);
#1379=EDGE_CURVE('',#1115,#1113,#994,.T.);
#1380=EDGE_CURVE('',#1115,#1116,#534,.T.);
#1381=EDGE_CURVE('',#1117,#1116,#535,.T.);
#1382=EDGE_CURVE('',#1118,#1117,#536,.T.);
#1383=EDGE_CURVE('',#1119,#1118,#537,.T.);
#1384=EDGE_CURVE('',#1120,#1119,#538,.T.);
#1385=EDGE_CURVE('',#1121,#1120,#539,.T.);
#1386=EDGE_CURVE('',#1122,#1121,#540,.T.);
#1387=EDGE_CURVE('',#1108,#1122,#541,.T.);
#1388=EDGE_CURVE('',#1109,#1123,#542,.T.);
#1389=EDGE_CURVE('',#1124,#1123,#543,.T.);
#1390=EDGE_CURVE('',#1124,#1125,#544,.T.);
#1391=EDGE_CURVE('',#1114,#1125,#995,.T.);
#1392=EDGE_CURVE('',#1126,#1126,#996,.T.);
#1393=EDGE_CURVE('',#1127,#1127,#997,.T.);
#1394=EDGE_CURVE('',#1128,#1128,#998,.T.);
#1395=EDGE_CURVE('',#1129,#1129,#999,.T.);
#1396=EDGE_CURVE('',#1130,#1131,#545,.T.);
#1397=EDGE_CURVE('',#1118,#1130,#546,.T.);
#1398=EDGE_CURVE('',#1132,#1117,#33,.T.);
#1399=EDGE_CURVE('',#1133,#1132,#547,.T.);
#1400=EDGE_CURVE('',#1133,#1131,#548,.T.);
#1401=EDGE_CURVE('',#1134,#1119,#549,.T.);
#1402=EDGE_CURVE('',#1084,#1134,#550,.T.);
#1403=EDGE_CURVE('',#1120,#1085,#1000,.T.);
#1404=EDGE_CURVE('',#1135,#1077,#551,.T.);
#1405=EDGE_CURVE('',#1135,#1136,#552,.T.);
#1406=EDGE_CURVE('',#1137,#1136,#553,.T.);
#1407=EDGE_CURVE('',#1138,#1137,#554,.T.);
#1408=EDGE_CURVE('',#1139,#1138,#555,.T.);
#1409=EDGE_CURVE('',#1139,#1140,#556,.T.);
#1410=EDGE_CURVE('',#1140,#1078,#557,.T.);
#1411=EDGE_CURVE('',#1141,#1142,#1001,.T.);
#1412=EDGE_CURVE('',#1141,#1112,#558,.T.);
#1413=EDGE_CURVE('',#1142,#1111,#559,.T.);
#1414=EDGE_CURVE('',#1143,#1110,#94,.T.);
#1415=EDGE_CURVE('',#1142,#1143,#560,.T.);
#1416=EDGE_CURVE('',#1144,#1145,#561,.T.);
#1417=EDGE_CURVE('',#1146,#1144,#562,.T.);
#1418=EDGE_CURVE('',#1147,#1146,#563,.T.);
#1419=EDGE_CURVE('',#1147,#1145,#564,.T.);
#1420=EDGE_CURVE('',#1130,#1134,#565,.T.);
#1421=EDGE_CURVE('',#1131,#1148,#566,.T.);
#1422=EDGE_CURVE('',#1148,#1086,#567,.T.);
#1423=EDGE_CURVE('',#1149,#1150,#568,.T.);
#1424=EDGE_CURVE('',#1151,#1149,#1002,.T.);
#1425=EDGE_CURVE('',#1152,#1151,#1003,.T.);
#1426=EDGE_CURVE('',#1153,#1152,#1004,.T.);
#1427=EDGE_CURVE('',#1154,#1153,#569,.T.);
#1428=EDGE_CURVE('',#1154,#1155,#570,.T.);
#1429=EDGE_CURVE('',#1101,#1155,#73,.T.);
#1430=EDGE_CURVE('',#1156,#1100,#74,.T.);
#1431=EDGE_CURVE('',#1156,#1150,#571,.T.);
#1432=EDGE_CURVE('',#1157,#1157,#1005,.T.);
#1433=EDGE_CURVE('',#1158,#1158,#1006,.T.);
#1434=EDGE_CURVE('',#1159,#1159,#1007,.T.);
#1435=EDGE_CURVE('',#1160,#1160,#1008,.T.);
#1436=EDGE_CURVE('',#1096,#1063,#572,.T.);
#1437=EDGE_CURVE('',#1079,#1105,#573,.T.);
#1438=EDGE_CURVE('',#1079,#1141,#574,.T.);
#1439=EDGE_CURVE('',#1106,#1143,#34,.T.);
#1440=EDGE_CURVE('',#1129,#1066,#575,.T.);
#1441=EDGE_CURVE('',#1126,#1159,#576,.T.);
#1442=EDGE_CURVE('',#1160,#1128,#577,.T.);
#1443=EDGE_CURVE('',#1107,#1161,#1009,.T.);
#1444=EDGE_CURVE('',#1155,#1161,#578,.T.);
#1445=EDGE_CURVE('',#1162,#1154,#75,.T.);
#1446=EDGE_CURVE('',#1163,#1153,#1010,.T.);
#1447=EDGE_CURVE('',#1163,#1162,#579,.T.);
#1448=EDGE_CURVE('',#1091,#1121,#1011,.T.);
#1449=EDGE_CURVE('',#1149,#1164,#1012,.T.);
#1450=EDGE_CURVE('',#1150,#1165,#76,.T.);
#1451=EDGE_CURVE('',#1165,#1164,#580,.T.);
#1452=EDGE_CURVE('',#1127,#1157,#581,.T.);
#1453=EDGE_CURVE('',#1158,#1095,#582,.T.);
#1454=EDGE_CURVE('',#1166,#1099,#1013,.T.);
#1455=EDGE_CURVE('',#1166,#1156,#583,.T.);
#1456=EDGE_CURVE('',#1167,#1163,#1014,.T.);
#1457=EDGE_CURVE('',#1114,#1167,#584,.T.);
#1458=EDGE_CURVE('',#1125,#1163,#585,.T.);
#1459=EDGE_CURVE('',#1168,#1113,#586,.T.);
#1460=EDGE_CURVE('',#1164,#1168,#1015,.T.);
#1461=EDGE_CURVE('',#1164,#1115,#587,.T.);
#1462=EDGE_CURVE('',#1161,#1146,#35,.T.);
#1463=EDGE_CURVE('',#1161,#1169,#588,.T.);
#1464=EDGE_CURVE('',#1169,#1170,#36,.T.);
#1465=EDGE_CURVE('',#1170,#1171,#77,.T.);
#1466=EDGE_CURVE('',#1171,#1172,#589,.T.);
#1467=EDGE_CURVE('',#1172,#1147,#78,.T.);
#1468=EDGE_CURVE('',#1144,#1166,#37,.T.);
#1469=EDGE_CURVE('',#1145,#1173,#79,.T.);
#1470=EDGE_CURVE('',#1173,#1174,#590,.T.);
#1471=EDGE_CURVE('',#1174,#1175,#38,.T.);
#1472=EDGE_CURVE('',#1175,#1166,#591,.T.);
#1473=EDGE_CURVE('',#1076,#1135,#80,.T.);
#1474=EDGE_CURVE('',#1176,#1177,#39,.T.);
#1475=EDGE_CURVE('',#1178,#1176,#40,.T.);
#1476=EDGE_CURVE('',#1179,#1178,#41,.T.);
#1477=EDGE_CURVE('',#1168,#1179,#1016,.T.);
#1478=EDGE_CURVE('',#1180,#1167,#1017,.T.);
#1479=EDGE_CURVE('',#1181,#1180,#42,.T.);
#1480=EDGE_CURVE('',#1177,#1181,#43,.T.);
#1481=EDGE_CURVE('',#1167,#1152,#1018,.T.);
#1482=EDGE_CURVE('',#1151,#1168,#1019,.T.);
#1483=EDGE_CURVE('',#1182,#1183,#1020,.T.);
#1484=EDGE_CURVE('',#1090,#1182,#592,.T.);
#1485=EDGE_CURVE('',#1089,#1184,#593,.T.);
#1486=EDGE_CURVE('',#1183,#1184,#594,.T.);
#1487=EDGE_CURVE('',#1098,#1146,#44,.T.);
#1488=EDGE_CURVE('',#1144,#1097,#1021,.T.);
#1489=EDGE_CURVE('',#1067,#1137,#595,.T.);
#1490=EDGE_CURVE('',#1138,#1068,#596,.T.);
#1491=EDGE_CURVE('',#1070,#1139,#597,.T.);
#1492=EDGE_CURVE('',#1136,#1069,#598,.T.);
#1493=EDGE_CURVE('',#1132,#1185,#45,.T.);
#1494=EDGE_CURVE('',#1185,#1186,#599,.T.);
#1495=EDGE_CURVE('',#1186,#1133,#600,.T.);
#1496=EDGE_CURVE('',#1187,#1188,#46,.T.);
#1497=EDGE_CURVE('',#1188,#1189,#47,.T.);
#1498=EDGE_CURVE('',#1189,#1190,#48,.T.);
#1499=EDGE_CURVE('',#1190,#1191,#49,.T.);
#1500=EDGE_CURVE('',#1191,#1185,#50,.T.);
#1501=EDGE_CURVE('',#1116,#1187,#51,.T.);
#1502=EDGE_CURVE('',#1189,#1192,#601,.T.);
#1503=EDGE_CURVE('',#1192,#1193,#1022,.T.);
#1504=EDGE_CURVE('',#1193,#1190,#602,.T.);
#1505=EDGE_CURVE('',#1191,#1194,#603,.T.);
#1506=EDGE_CURVE('',#1194,#1186,#1023,.T.);
#1507=EDGE_CURVE('',#1195,#1196,#604,.T.);
#1508=EDGE_CURVE('',#1196,#1197,#605,.T.);
#1509=EDGE_CURVE('',#1197,#1198,#606,.T.);
#1510=EDGE_CURVE('',#1198,#1195,#607,.T.);
#1511=EDGE_CURVE('',#1199,#1200,#608,.T.);
#1512=EDGE_CURVE('',#1200,#1201,#609,.T.);
#1513=EDGE_CURVE('',#1201,#1202,#610,.T.);
#1514=EDGE_CURVE('',#1202,#1199,#611,.T.);
#1515=EDGE_CURVE('',#1203,#1204,#95,.T.);
#1516=EDGE_CURVE('',#1204,#1200,#612,.T.);
#1517=EDGE_CURVE('',#1199,#1203,#613,.T.);
#1518=EDGE_CURVE('',#1205,#1203,#81,.T.);
#1519=EDGE_CURVE('',#1202,#1206,#614,.T.);
#1520=EDGE_CURVE('',#1206,#1207,#615,.T.);
#1521=EDGE_CURVE('',#1207,#1208,#616,.T.);
#1522=EDGE_CURVE('',#1208,#1209,#617,.T.);
#1523=EDGE_CURVE('',#1209,#1210,#618,.T.);
#1524=EDGE_CURVE('',#1210,#1211,#619,.T.);
#1525=EDGE_CURVE('',#1211,#1205,#620,.T.);
#1526=EDGE_CURVE('',#1212,#1213,#621,.T.);
#1527=EDGE_CURVE('',#1213,#1214,#622,.T.);
#1528=EDGE_CURVE('',#1214,#1215,#623,.T.);
#1529=EDGE_CURVE('',#1215,#1216,#624,.T.);
#1530=EDGE_CURVE('',#1216,#1217,#625,.T.);
#1531=EDGE_CURVE('',#1217,#1218,#626,.T.);
#1532=EDGE_CURVE('',#1218,#1219,#627,.T.);
#1533=EDGE_CURVE('',#1219,#1212,#628,.T.);
#1534=EDGE_CURVE('',#1217,#1220,#629,.T.);
#1535=EDGE_CURVE('',#1220,#1221,#1024,.T.);
#1536=EDGE_CURVE('',#1221,#1222,#630,.T.);
#1537=EDGE_CURVE('',#1222,#1218,#631,.T.);
#1538=EDGE_CURVE('',#1223,#1165,#632,.T.);
#1539=EDGE_CURVE('',#1223,#1224,#633,.T.);
#1540=EDGE_CURVE('',#1224,#1225,#634,.T.);
#1541=EDGE_CURVE('',#1225,#1226,#635,.T.);
#1542=EDGE_CURVE('',#1226,#1187,#52,.T.);
#1543=EDGE_CURVE('',#1227,#1170,#636,.T.);
#1544=EDGE_CURVE('',#1227,#1228,#82,.T.);
#1545=EDGE_CURVE('',#1171,#1228,#637,.T.);
#1546=EDGE_CURVE('',#1229,#1229,#1025,.T.);
#1547=EDGE_CURVE('',#1230,#1230,#1026,.T.);
#1548=EDGE_CURVE('',#1231,#1232,#638,.T.);
#1549=EDGE_CURVE('',#1232,#1233,#1027,.T.);
#1550=EDGE_CURVE('',#1233,#1234,#639,.T.);
#1551=EDGE_CURVE('',#1234,#1235,#83,.T.);
#1552=EDGE_CURVE('',#1235,#1236,#640,.T.);
#1553=EDGE_CURVE('',#1236,#1237,#641,.T.);
#1554=EDGE_CURVE('',#1237,#1238,#642,.T.);
#1555=EDGE_CURVE('',#1238,#1239,#643,.T.);
#1556=EDGE_CURVE('',#1239,#1240,#644,.T.);
#1557=EDGE_CURVE('',#1240,#1241,#645,.T.);
#1558=EDGE_CURVE('',#1241,#1231,#53,.T.);
#1559=EDGE_CURVE('',#1202,#1242,#646,.T.);
#1560=EDGE_CURVE('',#1242,#1243,#647,.T.);
#1561=EDGE_CURVE('',#1243,#1206,#648,.T.);
#1562=EDGE_CURVE('',#1237,#1208,#649,.T.);
#1563=EDGE_CURVE('',#1207,#1244,#650,.T.);
#1564=EDGE_CURVE('',#1244,#1245,#651,.T.);
#1565=EDGE_CURVE('',#1245,#1246,#652,.T.);
#1566=EDGE_CURVE('',#1246,#1238,#84,.T.);
#1567=EDGE_CURVE('',#1228,#1247,#653,.T.);
#1568=EDGE_CURVE('',#1248,#1247,#654,.T.);
#1569=EDGE_CURVE('',#1248,#1211,#655,.T.);
#1570=EDGE_CURVE('',#1210,#1249,#656,.T.);
#1571=EDGE_CURVE('',#1249,#1244,#657,.T.);
#1572=EDGE_CURVE('',#1243,#1250,#658,.T.);
#1573=EDGE_CURVE('',#1123,#1250,#1028,.T.);
#1574=EDGE_CURVE('',#1140,#1172,#659,.T.);
#1575=EDGE_CURVE('',#1236,#1209,#660,.T.);
#1576=EDGE_CURVE('',#1251,#1252,#54,.T.);
#1577=EDGE_CURVE('',#1252,#1253,#1029,.T.);
#1578=EDGE_CURVE('',#1254,#1253,#661,.T.);
#1579=EDGE_CURVE('',#1254,#1250,#662,.T.);
#1580=EDGE_CURVE('',#1242,#1255,#663,.T.);
#1581=EDGE_CURVE('',#1255,#1256,#664,.T.);
#1582=EDGE_CURVE('',#1256,#1257,#665,.T.);
#1583=EDGE_CURVE('',#1257,#1258,#666,.T.);
#1584=EDGE_CURVE('',#1258,#1259,#667,.T.);
#1585=EDGE_CURVE('',#1259,#1260,#668,.T.);
#1586=EDGE_CURVE('',#1260,#1226,#669,.T.);
#1587=EDGE_CURVE('',#1225,#1251,#1030,.T.);
#1588=EDGE_CURVE('',#1261,#1261,#1031,.T.);
#1589=EDGE_CURVE('',#1262,#1262,#1032,.T.);
#1590=EDGE_CURVE('',#1263,#1263,#1033,.T.);
#1591=EDGE_CURVE('',#1264,#1264,#1034,.T.);
#1592=EDGE_CURVE('',#1265,#1266,#670,.T.);
#1593=EDGE_CURVE('',#1267,#1266,#671,.T.);
#1594=EDGE_CURVE('',#1267,#1268,#672,.T.);
#1595=EDGE_CURVE('',#1268,#1260,#55,.T.);
#1596=EDGE_CURVE('',#1259,#1265,#673,.T.);
#1597=EDGE_CURVE('',#1269,#1258,#674,.T.);
#1598=EDGE_CURVE('',#1257,#1213,#1035,.T.);
#1599=EDGE_CURVE('',#1212,#1269,#675,.T.);
#1600=EDGE_CURVE('',#1270,#1248,#676,.T.);
#1601=EDGE_CURVE('',#1270,#1271,#677,.T.);
#1602=EDGE_CURVE('',#1271,#1272,#678,.T.);
#1603=EDGE_CURVE('',#1272,#1273,#679,.T.);
#1604=EDGE_CURVE('',#1274,#1273,#680,.T.);
#1605=EDGE_CURVE('',#1274,#1205,#681,.T.);
#1606=EDGE_CURVE('',#1275,#1175,#682,.T.);
#1607=EDGE_CURVE('',#1275,#1276,#683,.T.);
#1608=EDGE_CURVE('',#1276,#1277,#684,.T.);
#1609=EDGE_CURVE('',#1277,#1278,#685,.T.);
#1610=EDGE_CURVE('',#1278,#1223,#85,.T.);
#1611=EDGE_CURVE('',#1215,#1090,#686,.T.);
#1612=EDGE_CURVE('',#1214,#1256,#1036,.T.);
#1613=EDGE_CURVE('',#1122,#1255,#687,.T.);
#1614=EDGE_CURVE('',#1249,#1279,#1037,.T.);
#1615=EDGE_CURVE('',#1279,#1245,#688,.T.);
#1616=EDGE_CURVE('',#1280,#1246,#96,.T.);
#1617=EDGE_CURVE('',#1279,#1280,#689,.T.);
#1618=EDGE_CURVE('',#1281,#1282,#690,.T.);
#1619=EDGE_CURVE('',#1283,#1282,#691,.T.);
#1620=EDGE_CURVE('',#1283,#1284,#692,.T.);
#1621=EDGE_CURVE('',#1284,#1281,#693,.T.);
#1622=EDGE_CURVE('',#1265,#1269,#694,.T.);
#1623=EDGE_CURVE('',#1285,#1219,#695,.T.);
#1624=EDGE_CURVE('',#1266,#1285,#696,.T.);
#1625=EDGE_CURVE('',#1286,#1278,#697,.T.);
#1626=EDGE_CURVE('',#1277,#1240,#86,.T.);
#1627=EDGE_CURVE('',#1239,#1287,#87,.T.);
#1628=EDGE_CURVE('',#1288,#1287,#698,.T.);
#1629=EDGE_CURVE('',#1288,#1289,#699,.T.);
#1630=EDGE_CURVE('',#1289,#1290,#1038,.T.);
#1631=EDGE_CURVE('',#1290,#1291,#1039,.T.);
#1632=EDGE_CURVE('',#1291,#1286,#1040,.T.);
#1633=EDGE_CURVE('',#1292,#1292,#1041,.T.);
#1634=EDGE_CURVE('',#1293,#1293,#1042,.T.);
#1635=EDGE_CURVE('',#1294,#1294,#1043,.T.);
#1636=EDGE_CURVE('',#1295,#1295,#1044,.T.);
#1637=EDGE_CURVE('',#1296,#1296,#1045,.T.);
#1638=EDGE_CURVE('',#1297,#1297,#1046,.T.);
#1639=EDGE_CURVE('',#1230,#1293,#700,.T.);
#1640=EDGE_CURVE('',#1234,#1280,#56,.T.);
#1641=EDGE_CURVE('',#1210,#1235,#701,.T.);
#1642=EDGE_CURVE('',#1264,#1292,#702,.T.);
#1643=EDGE_CURVE('',#1261,#1296,#703,.T.);
#1644=EDGE_CURVE('',#1297,#1263,#704,.T.);
#1645=EDGE_CURVE('',#1233,#1298,#1047,.T.);
#1646=EDGE_CURVE('',#1287,#1298,#705,.T.);
#1647=EDGE_CURVE('',#1299,#1288,#88,.T.);
#1648=EDGE_CURVE('',#1300,#1299,#706,.T.);
#1649=EDGE_CURVE('',#1300,#1289,#1048,.T.);
#1650=EDGE_CURVE('',#1286,#1224,#1049,.T.);
#1651=EDGE_CURVE('',#1262,#1294,#707,.T.);
#1652=EDGE_CURVE('',#1295,#1229,#708,.T.);
#1653=EDGE_CURVE('',#1276,#1241,#1050,.T.);
#1654=EDGE_CURVE('',#1301,#1169,#709,.T.);
#1655=EDGE_CURVE('',#1301,#1227,#57,.T.);
#1656=EDGE_CURVE('',#1302,#1174,#710,.T.);
#1657=EDGE_CURVE('',#1302,#1275,#58,.T.);
#1658=EDGE_CURVE('',#1303,#1300,#1051,.T.);
#1659=EDGE_CURVE('',#1253,#1300,#711,.T.);
#1660=EDGE_CURVE('',#1252,#1303,#712,.T.);
#1661=EDGE_CURVE('',#1304,#1251,#713,.T.);
#1662=EDGE_CURVE('',#1224,#1304,#1052,.T.);
#1663=EDGE_CURVE('',#1247,#1283,#89,.T.);
#1664=EDGE_CURVE('',#1298,#1301,#714,.T.);
#1665=EDGE_CURVE('',#1298,#1284,#59,.T.);
#1666=EDGE_CURVE('',#1281,#1276,#60,.T.);
#1667=EDGE_CURVE('',#1305,#1302,#715,.T.);
#1668=EDGE_CURVE('',#1282,#1305,#90,.T.);
#1669=EDGE_CURVE('',#1204,#1274,#91,.T.);
#1670=EDGE_CURVE('',#1306,#1307,#61,.T.);
#1671=EDGE_CURVE('',#1307,#1308,#62,.T.);
#1672=EDGE_CURVE('',#1308,#1309,#63,.T.);
#1673=EDGE_CURVE('',#1309,#1303,#1053,.T.);
#1674=EDGE_CURVE('',#1304,#1310,#1054,.T.);
#1675=EDGE_CURVE('',#1310,#1311,#64,.T.);
#1676=EDGE_CURVE('',#1311,#1306,#65,.T.);
#1677=EDGE_CURVE('',#1303,#1290,#1055,.T.);
#1678=EDGE_CURVE('',#1291,#1304,#1056,.T.);
#1679=EDGE_CURVE('',#1312,#1313,#1057,.T.);
#1680=EDGE_CURVE('',#1313,#1314,#716,.T.);
#1681=EDGE_CURVE('',#1216,#1314,#717,.T.);
#1682=EDGE_CURVE('',#1215,#1312,#718,.T.);
#1683=EDGE_CURVE('',#1313,#1183,#719,.T.);
#1684=EDGE_CURVE('',#1182,#1312,#720,.T.);
#1685=EDGE_CURVE('',#1232,#1284,#66,.T.);
#1686=EDGE_CURVE('',#1281,#1231,#1058,.T.);
#1687=EDGE_CURVE('',#1195,#1272,#721,.T.);
#1688=EDGE_CURVE('',#1271,#1196,#722,.T.);
#1689=EDGE_CURVE('',#1197,#1270,#723,.T.);
#1690=EDGE_CURVE('',#1273,#1198,#724,.T.);
#1691=EDGE_CURVE('',#1315,#1267,#725,.T.);
#1692=EDGE_CURVE('',#1316,#1315,#726,.T.);
#1693=EDGE_CURVE('',#1268,#1316,#67,.T.);
#1694=EDGE_CURVE('',#1314,#1184,#727,.T.);
#1695=EDGE_CURVE('',#1242,#1108,#728,.T.);
#1696=EDGE_CURVE('',#1285,#1201,#729,.T.);
#1697=EDGE_CURVE('',#1222,#1093,#730,.T.);
#1698=EDGE_CURVE('',#1148,#1074,#731,.T.);
#1699=EDGE_CURVE('',#1221,#1094,#732,.T.);
#1700=EDGE_CURVE('',#1220,#1092,#733,.T.);
#1701=EDGE_CURVE('',#1254,#1124,#92,.T.);
#1702=EDGE_CURVE('',#1299,#1162,#734,.T.);
#1703=EDGE_CURVE('',#1191,#1316,#68,.T.);
#1704=EDGE_CURVE('',#1189,#1190,#69,.T.);
#1705=EDGE_CURVE('',#1192,#1193,#1059,.T.);
#1706=EDGE_CURVE('',#1194,#1315,#1060,.T.);
#1707=EDGE_CURVE('',#1305,#1173,#735,.T.);
#1708=ORIENTED_EDGE('',*,*,#1317,.F.);
#1709=ORIENTED_EDGE('',*,*,#1318,.T.);
#1710=ORIENTED_EDGE('',*,*,#1319,.T.);
#1711=ORIENTED_EDGE('',*,*,#1318,.F.);
#1712=ORIENTED_EDGE('',*,*,#1319,.F.);
#1713=ORIENTED_EDGE('',*,*,#1320,.F.);
#1714=ORIENTED_EDGE('',*,*,#1321,.F.);
#1715=ORIENTED_EDGE('',*,*,#1322,.T.);
#1716=ORIENTED_EDGE('',*,*,#1323,.T.);
#1717=ORIENTED_EDGE('',*,*,#1322,.F.);
#1718=ORIENTED_EDGE('',*,*,#1323,.F.);
#1719=ORIENTED_EDGE('',*,*,#1324,.F.);
#1720=ORIENTED_EDGE('',*,*,#1325,.F.);
#1721=ORIENTED_EDGE('',*,*,#1326,.F.);
#1722=ORIENTED_EDGE('',*,*,#1327,.F.);
#1723=ORIENTED_EDGE('',*,*,#1328,.F.);
#1724=ORIENTED_EDGE('',*,*,#1329,.F.);
#1725=ORIENTED_EDGE('',*,*,#1330,.F.);
#1726=ORIENTED_EDGE('',*,*,#1331,.F.);
#1727=ORIENTED_EDGE('',*,*,#1332,.F.);
#1728=ORIENTED_EDGE('',*,*,#1333,.F.);
#1729=ORIENTED_EDGE('',*,*,#1334,.F.);
#1730=ORIENTED_EDGE('',*,*,#1329,.T.);
#1731=ORIENTED_EDGE('',*,*,#1335,.F.);
#1732=ORIENTED_EDGE('',*,*,#1336,.F.);
#1733=ORIENTED_EDGE('',*,*,#1337,.F.);
#1734=ORIENTED_EDGE('',*,*,#1338,.F.);
#1735=ORIENTED_EDGE('',*,*,#1339,.F.);
#1736=ORIENTED_EDGE('',*,*,#1340,.F.);
#1737=ORIENTED_EDGE('',*,*,#1341,.F.);
#1738=ORIENTED_EDGE('',*,*,#1342,.F.);
#1739=ORIENTED_EDGE('',*,*,#1343,.F.);
#1740=ORIENTED_EDGE('',*,*,#1330,.T.);
#1741=ORIENTED_EDGE('',*,*,#1334,.T.);
#1742=ORIENTED_EDGE('',*,*,#1344,.F.);
#1743=ORIENTED_EDGE('',*,*,#1345,.F.);
#1744=ORIENTED_EDGE('',*,*,#1346,.F.);
#1745=ORIENTED_EDGE('',*,*,#1347,.F.);
#1746=ORIENTED_EDGE('',*,*,#1348,.F.);
#1747=ORIENTED_EDGE('',*,*,#1349,.F.);
#1748=ORIENTED_EDGE('',*,*,#1350,.F.);
#1749=ORIENTED_EDGE('',*,*,#1351,.F.);
#1750=ORIENTED_EDGE('',*,*,#1352,.F.);
#1751=ORIENTED_EDGE('',*,*,#1347,.T.);
#1752=ORIENTED_EDGE('',*,*,#1353,.F.);
#1753=ORIENTED_EDGE('',*,*,#1354,.F.);
#1754=ORIENTED_EDGE('',*,*,#1355,.F.);
#1755=ORIENTED_EDGE('',*,*,#1356,.F.);
#1756=ORIENTED_EDGE('',*,*,#1357,.F.);
#1757=ORIENTED_EDGE('',*,*,#1358,.F.);
#1758=ORIENTED_EDGE('',*,*,#1359,.F.);
#1759=ORIENTED_EDGE('',*,*,#1360,.F.);
#1760=ORIENTED_EDGE('',*,*,#1361,.F.);
#1761=ORIENTED_EDGE('',*,*,#1362,.F.);
#1762=ORIENTED_EDGE('',*,*,#1363,.F.);
#1763=ORIENTED_EDGE('',*,*,#1364,.F.);
#1764=ORIENTED_EDGE('',*,*,#1365,.F.);
#1765=ORIENTED_EDGE('',*,*,#1366,.F.);
#1766=ORIENTED_EDGE('',*,*,#1367,.F.);
#1767=ORIENTED_EDGE('',*,*,#1368,.F.);
#1768=ORIENTED_EDGE('',*,*,#1369,.F.);
#1769=ORIENTED_EDGE('',*,*,#1343,.T.);
#1770=ORIENTED_EDGE('',*,*,#1370,.F.);
#1771=ORIENTED_EDGE('',*,*,#1371,.F.);
#1772=ORIENTED_EDGE('',*,*,#1372,.F.);
#1773=ORIENTED_EDGE('',*,*,#1363,.T.);
#1774=ORIENTED_EDGE('',*,*,#1373,.F.);
#1775=ORIENTED_EDGE('',*,*,#1374,.F.);
#1776=ORIENTED_EDGE('',*,*,#1375,.F.);
#1777=ORIENTED_EDGE('',*,*,#1376,.F.);
#1778=ORIENTED_EDGE('',*,*,#1341,.T.);
#1779=ORIENTED_EDGE('',*,*,#1377,.F.);
#1780=ORIENTED_EDGE('',*,*,#1364,.T.);
#1781=ORIENTED_EDGE('',*,*,#1372,.T.);
#1782=ORIENTED_EDGE('',*,*,#1340,.T.);
#1783=ORIENTED_EDGE('',*,*,#1378,.F.);
#1784=ORIENTED_EDGE('',*,*,#1379,.F.);
#1785=ORIENTED_EDGE('',*,*,#1380,.T.);
#1786=ORIENTED_EDGE('',*,*,#1381,.F.);
#1787=ORIENTED_EDGE('',*,*,#1382,.F.);
#1788=ORIENTED_EDGE('',*,*,#1383,.F.);
#1789=ORIENTED_EDGE('',*,*,#1384,.F.);
#1790=ORIENTED_EDGE('',*,*,#1385,.F.);
#1791=ORIENTED_EDGE('',*,*,#1386,.F.);
#1792=ORIENTED_EDGE('',*,*,#1387,.F.);
#1793=ORIENTED_EDGE('',*,*,#1371,.T.);
#1794=ORIENTED_EDGE('',*,*,#1388,.T.);
#1795=ORIENTED_EDGE('',*,*,#1389,.F.);
#1796=ORIENTED_EDGE('',*,*,#1390,.T.);
#1797=ORIENTED_EDGE('',*,*,#1391,.F.);
#1798=ORIENTED_EDGE('',*,*,#1392,.F.);
#1799=ORIENTED_EDGE('',*,*,#1393,.F.);
#1800=ORIENTED_EDGE('',*,*,#1394,.F.);
#1801=ORIENTED_EDGE('',*,*,#1395,.F.);
#1802=ORIENTED_EDGE('',*,*,#1396,.F.);
#1803=ORIENTED_EDGE('',*,*,#1397,.F.);
#1804=ORIENTED_EDGE('',*,*,#1382,.T.);
#1805=ORIENTED_EDGE('',*,*,#1398,.F.);
#1806=ORIENTED_EDGE('',*,*,#1399,.F.);
#1807=ORIENTED_EDGE('',*,*,#1400,.T.);
#1808=ORIENTED_EDGE('',*,*,#1401,.F.);
#1809=ORIENTED_EDGE('',*,*,#1402,.F.);
#1810=ORIENTED_EDGE('',*,*,#1344,.T.);
#1811=ORIENTED_EDGE('',*,*,#1403,.F.);
#1812=ORIENTED_EDGE('',*,*,#1384,.T.);
#1813=ORIENTED_EDGE('',*,*,#1337,.T.);
#1814=ORIENTED_EDGE('',*,*,#1404,.F.);
#1815=ORIENTED_EDGE('',*,*,#1405,.T.);
#1816=ORIENTED_EDGE('',*,*,#1406,.F.);
#1817=ORIENTED_EDGE('',*,*,#1407,.F.);
#1818=ORIENTED_EDGE('',*,*,#1408,.F.);
#1819=ORIENTED_EDGE('',*,*,#1409,.T.);
#1820=ORIENTED_EDGE('',*,*,#1410,.T.);
#1821=ORIENTED_EDGE('',*,*,#1411,.F.);
#1822=ORIENTED_EDGE('',*,*,#1412,.T.);
#1823=ORIENTED_EDGE('',*,*,#1375,.T.);
#1824=ORIENTED_EDGE('',*,*,#1413,.F.);
#1825=ORIENTED_EDGE('',*,*,#1414,.F.);
#1826=ORIENTED_EDGE('',*,*,#1415,.F.);
#1827=ORIENTED_EDGE('',*,*,#1413,.T.);
#1828=ORIENTED_EDGE('',*,*,#1374,.T.);
#1829=ORIENTED_EDGE('',*,*,#1416,.F.);
#1830=ORIENTED_EDGE('',*,*,#1417,.F.);
#1831=ORIENTED_EDGE('',*,*,#1418,.F.);
#1832=ORIENTED_EDGE('',*,*,#1419,.T.);
#1833=ORIENTED_EDGE('',*,*,#1420,.F.);
#1834=ORIENTED_EDGE('',*,*,#1396,.T.);
#1835=ORIENTED_EDGE('',*,*,#1421,.T.);
#1836=ORIENTED_EDGE('',*,*,#1422,.T.);
#1837=ORIENTED_EDGE('',*,*,#1345,.T.);
#1838=ORIENTED_EDGE('',*,*,#1402,.T.);
#1839=ORIENTED_EDGE('',*,*,#1423,.F.);
#1840=ORIENTED_EDGE('',*,*,#1424,.F.);
#1841=ORIENTED_EDGE('',*,*,#1425,.F.);
#1842=ORIENTED_EDGE('',*,*,#1426,.F.);
#1843=ORIENTED_EDGE('',*,*,#1427,.F.);
#1844=ORIENTED_EDGE('',*,*,#1428,.T.);
#1845=ORIENTED_EDGE('',*,*,#1429,.F.);
#1846=ORIENTED_EDGE('',*,*,#1361,.T.);
#1847=ORIENTED_EDGE('',*,*,#1430,.F.);
#1848=ORIENTED_EDGE('',*,*,#1431,.T.);
#1849=ORIENTED_EDGE('',*,*,#1317,.T.);
#1850=ORIENTED_EDGE('',*,*,#1321,.T.);
#1851=ORIENTED_EDGE('',*,*,#1432,.F.);
#1852=ORIENTED_EDGE('',*,*,#1433,.F.);
#1853=ORIENTED_EDGE('',*,*,#1434,.F.);
#1854=ORIENTED_EDGE('',*,*,#1435,.F.);
#1855=ORIENTED_EDGE('',*,*,#1357,.T.);
#1856=ORIENTED_EDGE('',*,*,#1436,.T.);
#1857=ORIENTED_EDGE('',*,*,#1320,.T.);
#1858=ORIENTED_EDGE('',*,*,#1436,.F.);
#1859=ORIENTED_EDGE('',*,*,#1366,.T.);
#1860=ORIENTED_EDGE('',*,*,#1437,.F.);
#1861=ORIENTED_EDGE('',*,*,#1438,.T.);
#1862=ORIENTED_EDGE('',*,*,#1411,.T.);
#1863=ORIENTED_EDGE('',*,*,#1415,.T.);
#1864=ORIENTED_EDGE('',*,*,#1439,.F.);
#1865=ORIENTED_EDGE('',*,*,#1395,.T.);
#1866=ORIENTED_EDGE('',*,*,#1440,.T.);
#1867=ORIENTED_EDGE('',*,*,#1324,.T.);
#1868=ORIENTED_EDGE('',*,*,#1440,.F.);
#1869=ORIENTED_EDGE('',*,*,#1392,.T.);
#1870=ORIENTED_EDGE('',*,*,#1441,.T.);
#1871=ORIENTED_EDGE('',*,*,#1434,.T.);
#1872=ORIENTED_EDGE('',*,*,#1441,.F.);
#1873=ORIENTED_EDGE('',*,*,#1435,.T.);
#1874=ORIENTED_EDGE('',*,*,#1442,.T.);
#1875=ORIENTED_EDGE('',*,*,#1394,.T.);
#1876=ORIENTED_EDGE('',*,*,#1442,.F.);
#1877=ORIENTED_EDGE('',*,*,#1443,.F.);
#1878=ORIENTED_EDGE('',*,*,#1367,.T.);
#1879=ORIENTED_EDGE('',*,*,#1439,.T.);
#1880=ORIENTED_EDGE('',*,*,#1414,.T.);
#1881=ORIENTED_EDGE('',*,*,#1373,.T.);
#1882=ORIENTED_EDGE('',*,*,#1362,.T.);
#1883=ORIENTED_EDGE('',*,*,#1429,.T.);
#1884=ORIENTED_EDGE('',*,*,#1444,.T.);
#1885=ORIENTED_EDGE('',*,*,#1445,.T.);
#1886=ORIENTED_EDGE('',*,*,#1427,.T.);
#1887=ORIENTED_EDGE('',*,*,#1446,.F.);
#1888=ORIENTED_EDGE('',*,*,#1447,.T.);
#1889=ORIENTED_EDGE('',*,*,#1385,.T.);
#1890=ORIENTED_EDGE('',*,*,#1403,.T.);
#1891=ORIENTED_EDGE('',*,*,#1351,.T.);
#1892=ORIENTED_EDGE('',*,*,#1448,.T.);
#1893=ORIENTED_EDGE('',*,*,#1449,.F.);
#1894=ORIENTED_EDGE('',*,*,#1423,.T.);
#1895=ORIENTED_EDGE('',*,*,#1450,.T.);
#1896=ORIENTED_EDGE('',*,*,#1451,.T.);
#1897=ORIENTED_EDGE('',*,*,#1393,.T.);
#1898=ORIENTED_EDGE('',*,*,#1452,.T.);
#1899=ORIENTED_EDGE('',*,*,#1432,.T.);
#1900=ORIENTED_EDGE('',*,*,#1452,.F.);
#1901=ORIENTED_EDGE('',*,*,#1433,.T.);
#1902=ORIENTED_EDGE('',*,*,#1453,.T.);
#1903=ORIENTED_EDGE('',*,*,#1356,.T.);
#1904=ORIENTED_EDGE('',*,*,#1453,.F.);
#1905=ORIENTED_EDGE('',*,*,#1360,.T.);
#1906=ORIENTED_EDGE('',*,*,#1454,.F.);
#1907=ORIENTED_EDGE('',*,*,#1455,.T.);
#1908=ORIENTED_EDGE('',*,*,#1430,.T.);
#1909=ORIENTED_EDGE('',*,*,#1456,.F.);
#1910=ORIENTED_EDGE('',*,*,#1457,.F.);
#1911=ORIENTED_EDGE('',*,*,#1391,.T.);
#1912=ORIENTED_EDGE('',*,*,#1458,.T.);
#1913=ORIENTED_EDGE('',*,*,#1459,.F.);
#1914=ORIENTED_EDGE('',*,*,#1460,.F.);
#1915=ORIENTED_EDGE('',*,*,#1461,.T.);
#1916=ORIENTED_EDGE('',*,*,#1379,.T.);
#1917=ORIENTED_EDGE('',*,*,#1418,.T.);
#1918=ORIENTED_EDGE('',*,*,#1462,.F.);
#1919=ORIENTED_EDGE('',*,*,#1463,.T.);
#1920=ORIENTED_EDGE('',*,*,#1464,.T.);
#1921=ORIENTED_EDGE('',*,*,#1465,.T.);
#1922=ORIENTED_EDGE('',*,*,#1466,.T.);
#1923=ORIENTED_EDGE('',*,*,#1467,.T.);
#1924=ORIENTED_EDGE('',*,*,#1468,.F.);
#1925=ORIENTED_EDGE('',*,*,#1416,.T.);
#1926=ORIENTED_EDGE('',*,*,#1469,.T.);
#1927=ORIENTED_EDGE('',*,*,#1470,.T.);
#1928=ORIENTED_EDGE('',*,*,#1471,.T.);
#1929=ORIENTED_EDGE('',*,*,#1472,.T.);
#1930=ORIENTED_EDGE('',*,*,#1404,.T.);
#1931=ORIENTED_EDGE('',*,*,#1336,.T.);
#1932=ORIENTED_EDGE('',*,*,#1333,.T.);
#1933=ORIENTED_EDGE('',*,*,#1473,.T.);
#1934=ORIENTED_EDGE('',*,*,#1474,.F.);
#1935=ORIENTED_EDGE('',*,*,#1475,.F.);
#1936=ORIENTED_EDGE('',*,*,#1476,.F.);
#1937=ORIENTED_EDGE('',*,*,#1477,.F.);
#1938=ORIENTED_EDGE('',*,*,#1459,.T.);
#1939=ORIENTED_EDGE('',*,*,#1378,.T.);
#1940=ORIENTED_EDGE('',*,*,#1457,.T.);
#1941=ORIENTED_EDGE('',*,*,#1478,.F.);
#1942=ORIENTED_EDGE('',*,*,#1479,.F.);
#1943=ORIENTED_EDGE('',*,*,#1480,.F.);
#1944=ORIENTED_EDGE('',*,*,#1426,.T.);
#1945=ORIENTED_EDGE('',*,*,#1481,.F.);
#1946=ORIENTED_EDGE('',*,*,#1456,.T.);
#1947=ORIENTED_EDGE('',*,*,#1446,.T.);
#1948=ORIENTED_EDGE('',*,*,#1482,.F.);
#1949=ORIENTED_EDGE('',*,*,#1424,.T.);
#1950=ORIENTED_EDGE('',*,*,#1449,.T.);
#1951=ORIENTED_EDGE('',*,*,#1460,.T.);
#1952=ORIENTED_EDGE('',*,*,#1425,.T.);
#1953=ORIENTED_EDGE('',*,*,#1482,.T.);
#1954=ORIENTED_EDGE('',*,*,#1477,.T.);
#1955=ORIENTED_EDGE('',*,*,#1476,.T.);
#1956=ORIENTED_EDGE('',*,*,#1475,.T.);
#1957=ORIENTED_EDGE('',*,*,#1474,.T.);
#1958=ORIENTED_EDGE('',*,*,#1480,.T.);
#1959=ORIENTED_EDGE('',*,*,#1479,.T.);
#1960=ORIENTED_EDGE('',*,*,#1478,.T.);
#1961=ORIENTED_EDGE('',*,*,#1481,.T.);
#1962=ORIENTED_EDGE('',*,*,#1483,.F.);
#1963=ORIENTED_EDGE('',*,*,#1484,.F.);
#1964=ORIENTED_EDGE('',*,*,#1349,.T.);
#1965=ORIENTED_EDGE('',*,*,#1485,.T.);
#1966=ORIENTED_EDGE('',*,*,#1486,.F.);
#1967=ORIENTED_EDGE('',*,*,#1462,.T.);
#1968=ORIENTED_EDGE('',*,*,#1487,.F.);
#1969=ORIENTED_EDGE('',*,*,#1368,.T.);
#1970=ORIENTED_EDGE('',*,*,#1443,.T.);
#1971=ORIENTED_EDGE('',*,*,#1359,.T.);
#1972=ORIENTED_EDGE('',*,*,#1488,.F.);
#1973=ORIENTED_EDGE('',*,*,#1468,.T.);
#1974=ORIENTED_EDGE('',*,*,#1454,.T.);
#1975=ORIENTED_EDGE('',*,*,#1489,.F.);
#1976=ORIENTED_EDGE('',*,*,#1325,.T.);
#1977=ORIENTED_EDGE('',*,*,#1490,.F.);
#1978=ORIENTED_EDGE('',*,*,#1407,.T.);
#1979=ORIENTED_EDGE('',*,*,#1490,.T.);
#1980=ORIENTED_EDGE('',*,*,#1328,.T.);
#1981=ORIENTED_EDGE('',*,*,#1491,.T.);
#1982=ORIENTED_EDGE('',*,*,#1408,.T.);
#1983=ORIENTED_EDGE('',*,*,#1326,.T.);
#1984=ORIENTED_EDGE('',*,*,#1489,.T.);
#1985=ORIENTED_EDGE('',*,*,#1406,.T.);
#1986=ORIENTED_EDGE('',*,*,#1492,.T.);
#1987=ORIENTED_EDGE('',*,*,#1397,.T.);
#1988=ORIENTED_EDGE('',*,*,#1420,.T.);
#1989=ORIENTED_EDGE('',*,*,#1401,.T.);
#1990=ORIENTED_EDGE('',*,*,#1383,.T.);
#1991=ORIENTED_EDGE('',*,*,#1399,.T.);
#1992=ORIENTED_EDGE('',*,*,#1493,.T.);
#1993=ORIENTED_EDGE('',*,*,#1494,.T.);
#1994=ORIENTED_EDGE('',*,*,#1495,.T.);
#1995=ORIENTED_EDGE('',*,*,#1365,.T.);
#1996=ORIENTED_EDGE('',*,*,#1377,.T.);
#1997=ORIENTED_EDGE('',*,*,#1339,.T.);
#1998=ORIENTED_EDGE('',*,*,#1437,.T.);
#1999=ORIENTED_EDGE('',*,*,#1487,.T.);
#2000=ORIENTED_EDGE('',*,*,#1417,.T.);
#2001=ORIENTED_EDGE('',*,*,#1488,.T.);
#2002=ORIENTED_EDGE('',*,*,#1358,.T.);
#2003=ORIENTED_EDGE('',*,*,#1496,.T.);
#2004=ORIENTED_EDGE('',*,*,#1497,.T.);
#2005=ORIENTED_EDGE('',*,*,#1498,.T.);
#2006=ORIENTED_EDGE('',*,*,#1499,.T.);
#2007=ORIENTED_EDGE('',*,*,#1500,.T.);
#2008=ORIENTED_EDGE('',*,*,#1493,.F.);
#2009=ORIENTED_EDGE('',*,*,#1398,.T.);
#2010=ORIENTED_EDGE('',*,*,#1381,.T.);
#2011=ORIENTED_EDGE('',*,*,#1501,.T.);
#2012=ORIENTED_EDGE('',*,*,#1502,.T.);
#2013=ORIENTED_EDGE('',*,*,#1503,.T.);
#2014=ORIENTED_EDGE('',*,*,#1504,.T.);
#2015=ORIENTED_EDGE('',*,*,#1498,.F.);
#2016=ORIENTED_EDGE('',*,*,#1505,.T.);
#2017=ORIENTED_EDGE('',*,*,#1506,.T.);
#2018=ORIENTED_EDGE('',*,*,#1494,.F.);
#2019=ORIENTED_EDGE('',*,*,#1500,.F.);
#2020=ORIENTED_EDGE('',*,*,#1507,.T.);
#2021=ORIENTED_EDGE('',*,*,#1508,.T.);
#2022=ORIENTED_EDGE('',*,*,#1509,.T.);
#2023=ORIENTED_EDGE('',*,*,#1510,.T.);
#2024=ORIENTED_EDGE('',*,*,#1511,.T.);
#2025=ORIENTED_EDGE('',*,*,#1512,.T.);
#2026=ORIENTED_EDGE('',*,*,#1513,.T.);
#2027=ORIENTED_EDGE('',*,*,#1514,.T.);
#2028=ORIENTED_EDGE('',*,*,#1515,.T.);
#2029=ORIENTED_EDGE('',*,*,#1516,.T.);
#2030=ORIENTED_EDGE('',*,*,#1511,.F.);
#2031=ORIENTED_EDGE('',*,*,#1517,.T.);
#2032=ORIENTED_EDGE('',*,*,#1518,.T.);
#2033=ORIENTED_EDGE('',*,*,#1517,.F.);
#2034=ORIENTED_EDGE('',*,*,#1514,.F.);
#2035=ORIENTED_EDGE('',*,*,#1519,.T.);
#2036=ORIENTED_EDGE('',*,*,#1520,.T.);
#2037=ORIENTED_EDGE('',*,*,#1521,.T.);
#2038=ORIENTED_EDGE('',*,*,#1522,.T.);
#2039=ORIENTED_EDGE('',*,*,#1523,.T.);
#2040=ORIENTED_EDGE('',*,*,#1524,.T.);
#2041=ORIENTED_EDGE('',*,*,#1525,.T.);
#2042=ORIENTED_EDGE('',*,*,#1526,.T.);
#2043=ORIENTED_EDGE('',*,*,#1527,.T.);
#2044=ORIENTED_EDGE('',*,*,#1528,.T.);
#2045=ORIENTED_EDGE('',*,*,#1529,.T.);
#2046=ORIENTED_EDGE('',*,*,#1530,.T.);
#2047=ORIENTED_EDGE('',*,*,#1531,.T.);
#2048=ORIENTED_EDGE('',*,*,#1532,.T.);
#2049=ORIENTED_EDGE('',*,*,#1533,.T.);
#2050=ORIENTED_EDGE('',*,*,#1534,.T.);
#2051=ORIENTED_EDGE('',*,*,#1535,.T.);
#2052=ORIENTED_EDGE('',*,*,#1536,.T.);
#2053=ORIENTED_EDGE('',*,*,#1537,.T.);
#2054=ORIENTED_EDGE('',*,*,#1531,.F.);
#2055=ORIENTED_EDGE('',*,*,#1538,.F.);
#2056=ORIENTED_EDGE('',*,*,#1539,.T.);
#2057=ORIENTED_EDGE('',*,*,#1540,.T.);
#2058=ORIENTED_EDGE('',*,*,#1541,.T.);
#2059=ORIENTED_EDGE('',*,*,#1542,.T.);
#2060=ORIENTED_EDGE('',*,*,#1501,.F.);
#2061=ORIENTED_EDGE('',*,*,#1380,.F.);
#2062=ORIENTED_EDGE('',*,*,#1461,.F.);
#2063=ORIENTED_EDGE('',*,*,#1451,.F.);
#2064=ORIENTED_EDGE('',*,*,#1543,.F.);
#2065=ORIENTED_EDGE('',*,*,#1544,.T.);
#2066=ORIENTED_EDGE('',*,*,#1545,.F.);
#2067=ORIENTED_EDGE('',*,*,#1465,.F.);
#2068=ORIENTED_EDGE('',*,*,#1546,.T.);
#2069=ORIENTED_EDGE('',*,*,#1547,.T.);
#2070=ORIENTED_EDGE('',*,*,#1548,.T.);
#2071=ORIENTED_EDGE('',*,*,#1549,.T.);
#2072=ORIENTED_EDGE('',*,*,#1550,.T.);
#2073=ORIENTED_EDGE('',*,*,#1551,.T.);
#2074=ORIENTED_EDGE('',*,*,#1552,.T.);
#2075=ORIENTED_EDGE('',*,*,#1553,.T.);
#2076=ORIENTED_EDGE('',*,*,#1554,.T.);
#2077=ORIENTED_EDGE('',*,*,#1555,.T.);
#2078=ORIENTED_EDGE('',*,*,#1556,.T.);
#2079=ORIENTED_EDGE('',*,*,#1557,.T.);
#2080=ORIENTED_EDGE('',*,*,#1558,.T.);
#2081=ORIENTED_EDGE('',*,*,#1559,.T.);
#2082=ORIENTED_EDGE('',*,*,#1560,.T.);
#2083=ORIENTED_EDGE('',*,*,#1561,.T.);
#2084=ORIENTED_EDGE('',*,*,#1519,.F.);
#2085=ORIENTED_EDGE('',*,*,#1562,.T.);
#2086=ORIENTED_EDGE('',*,*,#1521,.F.);
#2087=ORIENTED_EDGE('',*,*,#1563,.T.);
#2088=ORIENTED_EDGE('',*,*,#1564,.T.);
#2089=ORIENTED_EDGE('',*,*,#1565,.T.);
#2090=ORIENTED_EDGE('',*,*,#1566,.T.);
#2091=ORIENTED_EDGE('',*,*,#1554,.F.);
#2092=ORIENTED_EDGE('',*,*,#1545,.T.);
#2093=ORIENTED_EDGE('',*,*,#1567,.T.);
#2094=ORIENTED_EDGE('',*,*,#1568,.F.);
#2095=ORIENTED_EDGE('',*,*,#1569,.T.);
#2096=ORIENTED_EDGE('',*,*,#1524,.F.);
#2097=ORIENTED_EDGE('',*,*,#1570,.T.);
#2098=ORIENTED_EDGE('',*,*,#1571,.T.);
#2099=ORIENTED_EDGE('',*,*,#1563,.F.);
#2100=ORIENTED_EDGE('',*,*,#1520,.F.);
#2101=ORIENTED_EDGE('',*,*,#1561,.F.);
#2102=ORIENTED_EDGE('',*,*,#1572,.T.);
#2103=ORIENTED_EDGE('',*,*,#1573,.F.);
#2104=ORIENTED_EDGE('',*,*,#1388,.F.);
#2105=ORIENTED_EDGE('',*,*,#1370,.T.);
#2106=ORIENTED_EDGE('',*,*,#1342,.T.);
#2107=ORIENTED_EDGE('',*,*,#1376,.T.);
#2108=ORIENTED_EDGE('',*,*,#1412,.F.);
#2109=ORIENTED_EDGE('',*,*,#1438,.F.);
#2110=ORIENTED_EDGE('',*,*,#1338,.T.);
#2111=ORIENTED_EDGE('',*,*,#1410,.F.);
#2112=ORIENTED_EDGE('',*,*,#1574,.T.);
#2113=ORIENTED_EDGE('',*,*,#1466,.F.);
#2114=ORIENTED_EDGE('',*,*,#1575,.T.);
#2115=ORIENTED_EDGE('',*,*,#1522,.F.);
#2116=ORIENTED_EDGE('',*,*,#1562,.F.);
#2117=ORIENTED_EDGE('',*,*,#1553,.F.);
#2118=ORIENTED_EDGE('',*,*,#1576,.T.);
#2119=ORIENTED_EDGE('',*,*,#1577,.T.);
#2120=ORIENTED_EDGE('',*,*,#1578,.F.);
#2121=ORIENTED_EDGE('',*,*,#1579,.T.);
#2122=ORIENTED_EDGE('',*,*,#1572,.F.);
#2123=ORIENTED_EDGE('',*,*,#1560,.F.);
#2124=ORIENTED_EDGE('',*,*,#1580,.T.);
#2125=ORIENTED_EDGE('',*,*,#1581,.T.);
#2126=ORIENTED_EDGE('',*,*,#1582,.T.);
#2127=ORIENTED_EDGE('',*,*,#1583,.T.);
#2128=ORIENTED_EDGE('',*,*,#1584,.T.);
#2129=ORIENTED_EDGE('',*,*,#1585,.T.);
#2130=ORIENTED_EDGE('',*,*,#1586,.T.);
#2131=ORIENTED_EDGE('',*,*,#1541,.F.);
#2132=ORIENTED_EDGE('',*,*,#1587,.T.);
#2133=ORIENTED_EDGE('',*,*,#1588,.T.);
#2134=ORIENTED_EDGE('',*,*,#1589,.T.);
#2135=ORIENTED_EDGE('',*,*,#1590,.T.);
#2136=ORIENTED_EDGE('',*,*,#1591,.T.);
#2137=ORIENTED_EDGE('',*,*,#1592,.T.);
#2138=ORIENTED_EDGE('',*,*,#1593,.F.);
#2139=ORIENTED_EDGE('',*,*,#1594,.T.);
#2140=ORIENTED_EDGE('',*,*,#1595,.T.);
#2141=ORIENTED_EDGE('',*,*,#1585,.F.);
#2142=ORIENTED_EDGE('',*,*,#1596,.T.);
#2143=ORIENTED_EDGE('',*,*,#1597,.T.);
#2144=ORIENTED_EDGE('',*,*,#1583,.F.);
#2145=ORIENTED_EDGE('',*,*,#1598,.T.);
#2146=ORIENTED_EDGE('',*,*,#1526,.F.);
#2147=ORIENTED_EDGE('',*,*,#1599,.T.);
#2148=ORIENTED_EDGE('',*,*,#1525,.F.);
#2149=ORIENTED_EDGE('',*,*,#1569,.F.);
#2150=ORIENTED_EDGE('',*,*,#1600,.F.);
#2151=ORIENTED_EDGE('',*,*,#1601,.T.);
#2152=ORIENTED_EDGE('',*,*,#1602,.T.);
#2153=ORIENTED_EDGE('',*,*,#1603,.T.);
#2154=ORIENTED_EDGE('',*,*,#1604,.F.);
#2155=ORIENTED_EDGE('',*,*,#1605,.T.);
#2156=ORIENTED_EDGE('',*,*,#1606,.F.);
#2157=ORIENTED_EDGE('',*,*,#1607,.T.);
#2158=ORIENTED_EDGE('',*,*,#1608,.T.);
#2159=ORIENTED_EDGE('',*,*,#1609,.T.);
#2160=ORIENTED_EDGE('',*,*,#1610,.T.);
#2161=ORIENTED_EDGE('',*,*,#1538,.T.);
#2162=ORIENTED_EDGE('',*,*,#1450,.F.);
#2163=ORIENTED_EDGE('',*,*,#1431,.F.);
#2164=ORIENTED_EDGE('',*,*,#1455,.F.);
#2165=ORIENTED_EDGE('',*,*,#1472,.F.);
#2166=ORIENTED_EDGE('',*,*,#1611,.F.);
#2167=ORIENTED_EDGE('',*,*,#1528,.F.);
#2168=ORIENTED_EDGE('',*,*,#1612,.T.);
#2169=ORIENTED_EDGE('',*,*,#1581,.F.);
#2170=ORIENTED_EDGE('',*,*,#1613,.F.);
#2171=ORIENTED_EDGE('',*,*,#1386,.T.);
#2172=ORIENTED_EDGE('',*,*,#1448,.F.);
#2173=ORIENTED_EDGE('',*,*,#1350,.T.);
#2174=ORIENTED_EDGE('',*,*,#1614,.T.);
#2175=ORIENTED_EDGE('',*,*,#1615,.T.);
#2176=ORIENTED_EDGE('',*,*,#1564,.F.);
#2177=ORIENTED_EDGE('',*,*,#1571,.F.);
#2178=ORIENTED_EDGE('',*,*,#1616,.T.);
#2179=ORIENTED_EDGE('',*,*,#1565,.F.);
#2180=ORIENTED_EDGE('',*,*,#1615,.F.);
#2181=ORIENTED_EDGE('',*,*,#1617,.T.);
#2182=ORIENTED_EDGE('',*,*,#1618,.T.);
#2183=ORIENTED_EDGE('',*,*,#1619,.F.);
#2184=ORIENTED_EDGE('',*,*,#1620,.T.);
#2185=ORIENTED_EDGE('',*,*,#1621,.T.);
#2186=ORIENTED_EDGE('',*,*,#1622,.T.);
#2187=ORIENTED_EDGE('',*,*,#1599,.F.);
#2188=ORIENTED_EDGE('',*,*,#1533,.F.);
#2189=ORIENTED_EDGE('',*,*,#1623,.F.);
#2190=ORIENTED_EDGE('',*,*,#1624,.F.);
#2191=ORIENTED_EDGE('',*,*,#1592,.F.);
#2192=ORIENTED_EDGE('',*,*,#1625,.T.);
#2193=ORIENTED_EDGE('',*,*,#1609,.F.);
#2194=ORIENTED_EDGE('',*,*,#1626,.T.);
#2195=ORIENTED_EDGE('',*,*,#1556,.F.);
#2196=ORIENTED_EDGE('',*,*,#1627,.T.);
#2197=ORIENTED_EDGE('',*,*,#1628,.F.);
#2198=ORIENTED_EDGE('',*,*,#1629,.T.);
#2199=ORIENTED_EDGE('',*,*,#1630,.T.);
#2200=ORIENTED_EDGE('',*,*,#1631,.T.);
#2201=ORIENTED_EDGE('',*,*,#1632,.T.);
#2202=ORIENTED_EDGE('',*,*,#1633,.T.);
#2203=ORIENTED_EDGE('',*,*,#1634,.T.);
#2204=ORIENTED_EDGE('',*,*,#1635,.T.);
#2205=ORIENTED_EDGE('',*,*,#1636,.T.);
#2206=ORIENTED_EDGE('',*,*,#1637,.T.);
#2207=ORIENTED_EDGE('',*,*,#1638,.T.);
#2208=ORIENTED_EDGE('',*,*,#1547,.F.);
#2209=ORIENTED_EDGE('',*,*,#1639,.T.);
#2210=ORIENTED_EDGE('',*,*,#1634,.F.);
#2211=ORIENTED_EDGE('',*,*,#1639,.F.);
#2212=ORIENTED_EDGE('',*,*,#1551,.F.);
#2213=ORIENTED_EDGE('',*,*,#1640,.T.);
#2214=ORIENTED_EDGE('',*,*,#1617,.F.);
#2215=ORIENTED_EDGE('',*,*,#1614,.F.);
#2216=ORIENTED_EDGE('',*,*,#1570,.F.);
#2217=ORIENTED_EDGE('',*,*,#1641,.T.);
#2218=ORIENTED_EDGE('',*,*,#1591,.F.);
#2219=ORIENTED_EDGE('',*,*,#1642,.T.);
#2220=ORIENTED_EDGE('',*,*,#1633,.F.);
#2221=ORIENTED_EDGE('',*,*,#1642,.F.);
#2222=ORIENTED_EDGE('',*,*,#1588,.F.);
#2223=ORIENTED_EDGE('',*,*,#1643,.T.);
#2224=ORIENTED_EDGE('',*,*,#1637,.F.);
#2225=ORIENTED_EDGE('',*,*,#1643,.F.);
#2226=ORIENTED_EDGE('',*,*,#1638,.F.);
#2227=ORIENTED_EDGE('',*,*,#1644,.T.);
#2228=ORIENTED_EDGE('',*,*,#1590,.F.);
#2229=ORIENTED_EDGE('',*,*,#1644,.F.);
#2230=ORIENTED_EDGE('',*,*,#1645,.T.);
#2231=ORIENTED_EDGE('',*,*,#1646,.F.);
#2232=ORIENTED_EDGE('',*,*,#1627,.F.);
#2233=ORIENTED_EDGE('',*,*,#1555,.F.);
#2234=ORIENTED_EDGE('',*,*,#1566,.F.);
#2235=ORIENTED_EDGE('',*,*,#1616,.F.);
#2236=ORIENTED_EDGE('',*,*,#1640,.F.);
#2237=ORIENTED_EDGE('',*,*,#1550,.F.);
#2238=ORIENTED_EDGE('',*,*,#1647,.F.);
#2239=ORIENTED_EDGE('',*,*,#1648,.F.);
#2240=ORIENTED_EDGE('',*,*,#1649,.T.);
#2241=ORIENTED_EDGE('',*,*,#1629,.F.);
#2242=ORIENTED_EDGE('',*,*,#1582,.F.);
#2243=ORIENTED_EDGE('',*,*,#1612,.F.);
#2244=ORIENTED_EDGE('',*,*,#1527,.F.);
#2245=ORIENTED_EDGE('',*,*,#1598,.F.);
#2246=ORIENTED_EDGE('',*,*,#1650,.T.);
#2247=ORIENTED_EDGE('',*,*,#1539,.F.);
#2248=ORIENTED_EDGE('',*,*,#1610,.F.);
#2249=ORIENTED_EDGE('',*,*,#1625,.F.);
#2250=ORIENTED_EDGE('',*,*,#1589,.F.);
#2251=ORIENTED_EDGE('',*,*,#1651,.T.);
#2252=ORIENTED_EDGE('',*,*,#1635,.F.);
#2253=ORIENTED_EDGE('',*,*,#1651,.F.);
#2254=ORIENTED_EDGE('',*,*,#1636,.F.);
#2255=ORIENTED_EDGE('',*,*,#1652,.T.);
#2256=ORIENTED_EDGE('',*,*,#1546,.F.);
#2257=ORIENTED_EDGE('',*,*,#1652,.F.);
#2258=ORIENTED_EDGE('',*,*,#1557,.F.);
#2259=ORIENTED_EDGE('',*,*,#1626,.F.);
#2260=ORIENTED_EDGE('',*,*,#1608,.F.);
#2261=ORIENTED_EDGE('',*,*,#1653,.T.);
#2262=ORIENTED_EDGE('',*,*,#1654,.F.);
#2263=ORIENTED_EDGE('',*,*,#1655,.T.);
#2264=ORIENTED_EDGE('',*,*,#1543,.T.);
#2265=ORIENTED_EDGE('',*,*,#1464,.F.);
#2266=ORIENTED_EDGE('',*,*,#1656,.F.);
#2267=ORIENTED_EDGE('',*,*,#1657,.T.);
#2268=ORIENTED_EDGE('',*,*,#1606,.T.);
#2269=ORIENTED_EDGE('',*,*,#1471,.F.);
#2270=ORIENTED_EDGE('',*,*,#1658,.T.);
#2271=ORIENTED_EDGE('',*,*,#1659,.F.);
#2272=ORIENTED_EDGE('',*,*,#1577,.F.);
#2273=ORIENTED_EDGE('',*,*,#1660,.T.);
#2274=ORIENTED_EDGE('',*,*,#1661,.T.);
#2275=ORIENTED_EDGE('',*,*,#1587,.F.);
#2276=ORIENTED_EDGE('',*,*,#1540,.F.);
#2277=ORIENTED_EDGE('',*,*,#1662,.T.);
#2278=ORIENTED_EDGE('',*,*,#1620,.F.);
#2279=ORIENTED_EDGE('',*,*,#1663,.F.);
#2280=ORIENTED_EDGE('',*,*,#1567,.F.);
#2281=ORIENTED_EDGE('',*,*,#1544,.F.);
#2282=ORIENTED_EDGE('',*,*,#1655,.F.);
#2283=ORIENTED_EDGE('',*,*,#1664,.F.);
#2284=ORIENTED_EDGE('',*,*,#1665,.T.);
#2285=ORIENTED_EDGE('',*,*,#1666,.T.);
#2286=ORIENTED_EDGE('',*,*,#1607,.F.);
#2287=ORIENTED_EDGE('',*,*,#1657,.F.);
#2288=ORIENTED_EDGE('',*,*,#1667,.F.);
#2289=ORIENTED_EDGE('',*,*,#1668,.F.);
#2290=ORIENTED_EDGE('',*,*,#1618,.F.);
#2291=ORIENTED_EDGE('',*,*,#1605,.F.);
#2292=ORIENTED_EDGE('',*,*,#1669,.F.);
#2293=ORIENTED_EDGE('',*,*,#1515,.F.);
#2294=ORIENTED_EDGE('',*,*,#1518,.F.);
#2295=ORIENTED_EDGE('',*,*,#1670,.T.);
#2296=ORIENTED_EDGE('',*,*,#1671,.T.);
#2297=ORIENTED_EDGE('',*,*,#1672,.T.);
#2298=ORIENTED_EDGE('',*,*,#1673,.T.);
#2299=ORIENTED_EDGE('',*,*,#1660,.F.);
#2300=ORIENTED_EDGE('',*,*,#1576,.F.);
#2301=ORIENTED_EDGE('',*,*,#1661,.F.);
#2302=ORIENTED_EDGE('',*,*,#1674,.T.);
#2303=ORIENTED_EDGE('',*,*,#1675,.T.);
#2304=ORIENTED_EDGE('',*,*,#1676,.T.);
#2305=ORIENTED_EDGE('',*,*,#1630,.F.);
#2306=ORIENTED_EDGE('',*,*,#1649,.F.);
#2307=ORIENTED_EDGE('',*,*,#1658,.F.);
#2308=ORIENTED_EDGE('',*,*,#1677,.T.);
#2309=ORIENTED_EDGE('',*,*,#1678,.T.);
#2310=ORIENTED_EDGE('',*,*,#1662,.F.);
#2311=ORIENTED_EDGE('',*,*,#1650,.F.);
#2312=ORIENTED_EDGE('',*,*,#1632,.F.);
#2313=ORIENTED_EDGE('',*,*,#1631,.F.);
#2314=ORIENTED_EDGE('',*,*,#1677,.F.);
#2315=ORIENTED_EDGE('',*,*,#1673,.F.);
#2316=ORIENTED_EDGE('',*,*,#1672,.F.);
#2317=ORIENTED_EDGE('',*,*,#1671,.F.);
#2318=ORIENTED_EDGE('',*,*,#1670,.F.);
#2319=ORIENTED_EDGE('',*,*,#1676,.F.);
#2320=ORIENTED_EDGE('',*,*,#1675,.F.);
#2321=ORIENTED_EDGE('',*,*,#1674,.F.);
#2322=ORIENTED_EDGE('',*,*,#1678,.F.);
#2323=ORIENTED_EDGE('',*,*,#1679,.T.);
#2324=ORIENTED_EDGE('',*,*,#1680,.T.);
#2325=ORIENTED_EDGE('',*,*,#1681,.F.);
#2326=ORIENTED_EDGE('',*,*,#1529,.F.);
#2327=ORIENTED_EDGE('',*,*,#1682,.T.);
#2328=ORIENTED_EDGE('',*,*,#1683,.F.);
#2329=ORIENTED_EDGE('',*,*,#1679,.F.);
#2330=ORIENTED_EDGE('',*,*,#1684,.F.);
#2331=ORIENTED_EDGE('',*,*,#1483,.T.);
#2332=ORIENTED_EDGE('',*,*,#1665,.F.);
#2333=ORIENTED_EDGE('',*,*,#1645,.F.);
#2334=ORIENTED_EDGE('',*,*,#1549,.F.);
#2335=ORIENTED_EDGE('',*,*,#1685,.T.);
#2336=ORIENTED_EDGE('',*,*,#1558,.F.);
#2337=ORIENTED_EDGE('',*,*,#1653,.F.);
#2338=ORIENTED_EDGE('',*,*,#1666,.F.);
#2339=ORIENTED_EDGE('',*,*,#1686,.T.);
#2340=ORIENTED_EDGE('',*,*,#1684,.T.);
#2341=ORIENTED_EDGE('',*,*,#1682,.F.);
#2342=ORIENTED_EDGE('',*,*,#1611,.T.);
#2343=ORIENTED_EDGE('',*,*,#1484,.T.);
#2344=ORIENTED_EDGE('',*,*,#1687,.T.);
#2345=ORIENTED_EDGE('',*,*,#1602,.F.);
#2346=ORIENTED_EDGE('',*,*,#1688,.T.);
#2347=ORIENTED_EDGE('',*,*,#1507,.F.);
#2348=ORIENTED_EDGE('',*,*,#1688,.F.);
#2349=ORIENTED_EDGE('',*,*,#1601,.F.);
#2350=ORIENTED_EDGE('',*,*,#1689,.F.);
#2351=ORIENTED_EDGE('',*,*,#1508,.F.);
#2352=ORIENTED_EDGE('',*,*,#1510,.F.);
#2353=ORIENTED_EDGE('',*,*,#1690,.F.);
#2354=ORIENTED_EDGE('',*,*,#1603,.F.);
#2355=ORIENTED_EDGE('',*,*,#1687,.F.);
#2356=ORIENTED_EDGE('',*,*,#1596,.F.);
#2357=ORIENTED_EDGE('',*,*,#1584,.F.);
#2358=ORIENTED_EDGE('',*,*,#1597,.F.);
#2359=ORIENTED_EDGE('',*,*,#1622,.F.);
#2360=ORIENTED_EDGE('',*,*,#1594,.F.);
#2361=ORIENTED_EDGE('',*,*,#1691,.F.);
#2362=ORIENTED_EDGE('',*,*,#1692,.F.);
#2363=ORIENTED_EDGE('',*,*,#1693,.F.);
#2364=ORIENTED_EDGE('',*,*,#1694,.F.);
#2365=ORIENTED_EDGE('',*,*,#1680,.F.);
#2366=ORIENTED_EDGE('',*,*,#1683,.T.);
#2367=ORIENTED_EDGE('',*,*,#1486,.T.);
#2368=ORIENTED_EDGE('',*,*,#1552,.F.);
#2369=ORIENTED_EDGE('',*,*,#1641,.F.);
#2370=ORIENTED_EDGE('',*,*,#1523,.F.);
#2371=ORIENTED_EDGE('',*,*,#1575,.F.);
#2372=ORIENTED_EDGE('',*,*,#1685,.F.);
#2373=ORIENTED_EDGE('',*,*,#1548,.F.);
#2374=ORIENTED_EDGE('',*,*,#1686,.F.);
#2375=ORIENTED_EDGE('',*,*,#1621,.F.);
#2376=ORIENTED_EDGE('',*,*,#1613,.T.);
#2377=ORIENTED_EDGE('',*,*,#1580,.F.);
#2378=ORIENTED_EDGE('',*,*,#1695,.T.);
#2379=ORIENTED_EDGE('',*,*,#1387,.T.);
#2380=ORIENTED_EDGE('',*,*,#1695,.F.);
#2381=ORIENTED_EDGE('',*,*,#1559,.F.);
#2382=ORIENTED_EDGE('',*,*,#1513,.F.);
#2383=ORIENTED_EDGE('',*,*,#1696,.F.);
#2384=ORIENTED_EDGE('',*,*,#1623,.T.);
#2385=ORIENTED_EDGE('',*,*,#1532,.F.);
#2386=ORIENTED_EDGE('',*,*,#1537,.F.);
#2387=ORIENTED_EDGE('',*,*,#1697,.T.);
#2388=ORIENTED_EDGE('',*,*,#1353,.T.);
#2389=ORIENTED_EDGE('',*,*,#1346,.T.);
#2390=ORIENTED_EDGE('',*,*,#1422,.F.);
#2391=ORIENTED_EDGE('',*,*,#1698,.T.);
#2392=ORIENTED_EDGE('',*,*,#1331,.T.);
#2393=ORIENTED_EDGE('',*,*,#1369,.T.);
#2394=ORIENTED_EDGE('',*,*,#1697,.F.);
#2395=ORIENTED_EDGE('',*,*,#1536,.F.);
#2396=ORIENTED_EDGE('',*,*,#1699,.T.);
#2397=ORIENTED_EDGE('',*,*,#1354,.T.);
#2398=ORIENTED_EDGE('',*,*,#1699,.F.);
#2399=ORIENTED_EDGE('',*,*,#1535,.F.);
#2400=ORIENTED_EDGE('',*,*,#1700,.T.);
#2401=ORIENTED_EDGE('',*,*,#1355,.T.);
#2402=ORIENTED_EDGE('',*,*,#1700,.F.);
#2403=ORIENTED_EDGE('',*,*,#1534,.F.);
#2404=ORIENTED_EDGE('',*,*,#1530,.F.);
#2405=ORIENTED_EDGE('',*,*,#1681,.T.);
#2406=ORIENTED_EDGE('',*,*,#1694,.T.);
#2407=ORIENTED_EDGE('',*,*,#1485,.F.);
#2408=ORIENTED_EDGE('',*,*,#1348,.T.);
#2409=ORIENTED_EDGE('',*,*,#1352,.T.);
#2410=ORIENTED_EDGE('',*,*,#1573,.T.);
#2411=ORIENTED_EDGE('',*,*,#1579,.F.);
#2412=ORIENTED_EDGE('',*,*,#1701,.T.);
#2413=ORIENTED_EDGE('',*,*,#1389,.T.);
#2414=ORIENTED_EDGE('',*,*,#1701,.F.);
#2415=ORIENTED_EDGE('',*,*,#1578,.T.);
#2416=ORIENTED_EDGE('',*,*,#1659,.T.);
#2417=ORIENTED_EDGE('',*,*,#1648,.T.);
#2418=ORIENTED_EDGE('',*,*,#1702,.T.);
#2419=ORIENTED_EDGE('',*,*,#1447,.F.);
#2420=ORIENTED_EDGE('',*,*,#1458,.F.);
#2421=ORIENTED_EDGE('',*,*,#1390,.F.);
#2422=ORIENTED_EDGE('',*,*,#1702,.F.);
#2423=ORIENTED_EDGE('',*,*,#1647,.T.);
#2424=ORIENTED_EDGE('',*,*,#1628,.T.);
#2425=ORIENTED_EDGE('',*,*,#1646,.T.);
#2426=ORIENTED_EDGE('',*,*,#1664,.T.);
#2427=ORIENTED_EDGE('',*,*,#1654,.T.);
#2428=ORIENTED_EDGE('',*,*,#1463,.F.);
#2429=ORIENTED_EDGE('',*,*,#1444,.F.);
#2430=ORIENTED_EDGE('',*,*,#1428,.F.);
#2431=ORIENTED_EDGE('',*,*,#1445,.F.);
#2432=ORIENTED_EDGE('',*,*,#1496,.F.);
#2433=ORIENTED_EDGE('',*,*,#1542,.F.);
#2434=ORIENTED_EDGE('',*,*,#1586,.F.);
#2435=ORIENTED_EDGE('',*,*,#1595,.F.);
#2436=ORIENTED_EDGE('',*,*,#1693,.T.);
#2437=ORIENTED_EDGE('',*,*,#1703,.F.);
#2438=ORIENTED_EDGE('',*,*,#1499,.F.);
#2439=ORIENTED_EDGE('',*,*,#1704,.F.);
#2440=ORIENTED_EDGE('',*,*,#1497,.F.);
#2441=ORIENTED_EDGE('',*,*,#1502,.F.);
#2442=ORIENTED_EDGE('',*,*,#1704,.T.);
#2443=ORIENTED_EDGE('',*,*,#1504,.F.);
#2444=ORIENTED_EDGE('',*,*,#1705,.F.);
#2445=ORIENTED_EDGE('',*,*,#1505,.F.);
#2446=ORIENTED_EDGE('',*,*,#1703,.T.);
#2447=ORIENTED_EDGE('',*,*,#1692,.T.);
#2448=ORIENTED_EDGE('',*,*,#1706,.F.);
#2449=ORIENTED_EDGE('',*,*,#1706,.T.);
#2450=ORIENTED_EDGE('',*,*,#1691,.T.);
#2451=ORIENTED_EDGE('',*,*,#1593,.T.);
#2452=ORIENTED_EDGE('',*,*,#1624,.T.);
#2453=ORIENTED_EDGE('',*,*,#1696,.T.);
#2454=ORIENTED_EDGE('',*,*,#1512,.F.);
#2455=ORIENTED_EDGE('',*,*,#1516,.F.);
#2456=ORIENTED_EDGE('',*,*,#1669,.T.);
#2457=ORIENTED_EDGE('',*,*,#1604,.T.);
#2458=ORIENTED_EDGE('',*,*,#1690,.T.);
#2459=ORIENTED_EDGE('',*,*,#1509,.F.);
#2460=ORIENTED_EDGE('',*,*,#1689,.T.);
#2461=ORIENTED_EDGE('',*,*,#1600,.T.);
#2462=ORIENTED_EDGE('',*,*,#1568,.T.);
#2463=ORIENTED_EDGE('',*,*,#1663,.T.);
#2464=ORIENTED_EDGE('',*,*,#1619,.T.);
#2465=ORIENTED_EDGE('',*,*,#1668,.T.);
#2466=ORIENTED_EDGE('',*,*,#1707,.T.);
#2467=ORIENTED_EDGE('',*,*,#1469,.F.);
#2468=ORIENTED_EDGE('',*,*,#1419,.F.);
#2469=ORIENTED_EDGE('',*,*,#1467,.F.);
#2470=ORIENTED_EDGE('',*,*,#1574,.F.);
#2471=ORIENTED_EDGE('',*,*,#1409,.F.);
#2472=ORIENTED_EDGE('',*,*,#1491,.F.);
#2473=ORIENTED_EDGE('',*,*,#1327,.T.);
#2474=ORIENTED_EDGE('',*,*,#1492,.F.);
#2475=ORIENTED_EDGE('',*,*,#1405,.F.);
#2476=ORIENTED_EDGE('',*,*,#1473,.F.);
#2477=ORIENTED_EDGE('',*,*,#1335,.T.);
#2478=ORIENTED_EDGE('',*,*,#1332,.T.);
#2479=ORIENTED_EDGE('',*,*,#1698,.F.);
#2480=ORIENTED_EDGE('',*,*,#1421,.F.);
#2481=ORIENTED_EDGE('',*,*,#1400,.F.);
#2482=ORIENTED_EDGE('',*,*,#1495,.F.);
#2483=ORIENTED_EDGE('',*,*,#1506,.F.);
#2484=ORIENTED_EDGE('',*,*,#1503,.F.);
#2485=ORIENTED_EDGE('',*,*,#1705,.T.);
#2486=ORIENTED_EDGE('',*,*,#1707,.F.);
#2487=ORIENTED_EDGE('',*,*,#1667,.T.);
#2488=ORIENTED_EDGE('',*,*,#1656,.T.);
#2489=ORIENTED_EDGE('',*,*,#1470,.F.);
#2490=CYLINDRICAL_SURFACE('',#2687,2.5);
#2491=CYLINDRICAL_SURFACE('',#2692,2.5);
#2492=CYLINDRICAL_SURFACE('',#2744,1.02499989119194);
#2493=CYLINDRICAL_SURFACE('',#2745,1.50348628288583);
#2494=CYLINDRICAL_SURFACE('',#2746,1.02500012158394);
#2495=CYLINDRICAL_SURFACE('',#2747,3.75000015605729);
#2496=CYLINDRICAL_SURFACE('',#2748,2.74999958499516);
#2497=CYLINDRICAL_SURFACE('',#2749,4.99999522554953);
#2498=CYLINDRICAL_SURFACE('',#2751,0.99999904632566);
#2499=CYLINDRICAL_SURFACE('',#2754,5.00004501791125);
#2500=CYLINDRICAL_SURFACE('',#2756,0.99999904632569);
#2501=CYLINDRICAL_SURFACE('',#2759,3.75000008969582);
#2502=CYLINDRICAL_SURFACE('',#2760,2.74999999275701);
#2503=CYLINDRICAL_SURFACE('',#2761,5.00000000607889);
#2504=CYLINDRICAL_SURFACE('',#2763,3.9999983784125);
#2505=CYLINDRICAL_SURFACE('',#2765,3.9999982437975);
#2506=CYLINDRICAL_SURFACE('',#2767,6.99999807411643);
#2507=CYLINDRICAL_SURFACE('',#2770,6.99999813832825);
#2508=CYLINDRICAL_SURFACE('',#2791,4.99999535217799);
#2509=CYLINDRICAL_SURFACE('',#2793,0.799999924910611);
#2510=CYLINDRICAL_SURFACE('',#2795,2.00000006205851);
#2511=CYLINDRICAL_SURFACE('',#2855,1.02499989119194);
#2512=CYLINDRICAL_SURFACE('',#2856,1.50348628288583);
#2513=CYLINDRICAL_SURFACE('',#2857,1.02500012158394);
#2514=CYLINDRICAL_SURFACE('',#2858,3.75000015605729);
#2515=CYLINDRICAL_SURFACE('',#2859,2.74999958499516);
#2516=CYLINDRICAL_SURFACE('',#2860,4.99999522554953);
#2517=CYLINDRICAL_SURFACE('',#2862,0.99999904632566);
#2518=CYLINDRICAL_SURFACE('',#2865,5.00004501791125);
#2519=CYLINDRICAL_SURFACE('',#2866,0.99999904632569);
#2520=CYLINDRICAL_SURFACE('',#2868,3.75000008969582);
#2521=CYLINDRICAL_SURFACE('',#2869,2.74999999275701);
#2522=CYLINDRICAL_SURFACE('',#2870,5.00000000607889);
#2523=CYLINDRICAL_SURFACE('',#2872,4.99999523162842);
#2524=CYLINDRICAL_SURFACE('',#2873,5.00000097246247);
#2525=CYLINDRICAL_SURFACE('',#2874,3.9999983784125);
#2526=CYLINDRICAL_SURFACE('',#2876,3.9999982437975);
#2527=CYLINDRICAL_SURFACE('',#2878,6.99999807411643);
#2528=CYLINDRICAL_SURFACE('',#2880,6.99999813832825);
#2529=CYLINDRICAL_SURFACE('',#2894,37.7116249209033);
#2530=CYLINDRICAL_SURFACE('',#2904,4.99999535217799);
#2531=CYLINDRICAL_SURFACE('',#2908,1.58113920705706);
#2532=CYLINDRICAL_SURFACE('',#2910,5.);
#2533=CYLINDRICAL_SURFACE('',#2915,0.799999924910611);
#2534=CYLINDRICAL_SURFACE('',#2917,2.00000006205851);
#2535=ADVANCED_FACE('',(#193),#2490,.F.);
#2536=ADVANCED_FACE('',(#194,#97),#116,.T.);
#2537=ADVANCED_FACE('',(#195),#2491,.F.);
#2538=ADVANCED_FACE('',(#196,#98),#117,.T.);
#2539=ADVANCED_FACE('',(#197),#118,.F.);
#2540=ADVANCED_FACE('',(#198),#119,.T.);
#2541=ADVANCED_FACE('',(#199),#120,.T.);
#2542=ADVANCED_FACE('',(#200),#121,.T.);
#2543=ADVANCED_FACE('',(#201),#122,.F.);
#2544=ADVANCED_FACE('',(#202),#123,.T.);
#2545=ADVANCED_FACE('',(#203,#99),#124,.F.);
#2546=ADVANCED_FACE('',(#204),#125,.T.);
#2547=ADVANCED_FACE('',(#205),#126,.F.);
#2548=ADVANCED_FACE('',(#206),#127,.T.);
#2549=ADVANCED_FACE('',(#207),#128,.F.);
#2550=ADVANCED_FACE('',(#208,#100,#101),#129,.F.);
#2551=ADVANCED_FACE('',(#209,#102),#130,.F.);
#2552=ADVANCED_FACE('',(#210),#131,.T.);
#2553=ADVANCED_FACE('',(#211),#132,.F.);
#2554=ADVANCED_FACE('',(#212),#133,.F.);
#2555=ADVANCED_FACE('',(#213),#134,.T.);
#2556=ADVANCED_FACE('',(#214),#135,.T.);
#2557=ADVANCED_FACE('',(#215),#136,.F.);
#2558=ADVANCED_FACE('',(#216),#137,.F.);
#2559=ADVANCED_FACE('',(#217,#103,#104),#138,.T.);
#2560=ADVANCED_FACE('',(#218,#105),#139,.F.);
#2561=ADVANCED_FACE('',(#219,#106),#140,.F.);
#2562=ADVANCED_FACE('',(#220),#2492,.F.);
#2563=ADVANCED_FACE('',(#221),#2493,.F.);
#2564=ADVANCED_FACE('',(#222),#2494,.F.);
#2565=ADVANCED_FACE('',(#223),#2495,.T.);
#2566=ADVANCED_FACE('',(#224),#2496,.T.);
#2567=ADVANCED_FACE('',(#225),#2497,.T.);
#2568=ADVANCED_FACE('',(#226),#2498,.T.);
#2569=ADVANCED_FACE('',(#227),#2499,.F.);
#2570=ADVANCED_FACE('',(#228),#2500,.T.);
#2571=ADVANCED_FACE('',(#229),#2501,.T.);
#2572=ADVANCED_FACE('',(#230),#2502,.T.);
#2573=ADVANCED_FACE('',(#231),#2503,.T.);
#2574=ADVANCED_FACE('',(#232),#2504,.T.);
#2575=ADVANCED_FACE('',(#233),#2505,.T.);
#2576=ADVANCED_FACE('',(#234),#2506,.T.);
#2577=ADVANCED_FACE('',(#235),#2507,.T.);
#2578=ADVANCED_FACE('',(#236),#29,.F.);
#2579=ADVANCED_FACE('',(#237),#19,.F.);
#2580=ADVANCED_FACE('',(#238),#20,.T.);
#2581=ADVANCED_FACE('',(#239),#21,.T.);
#2582=ADVANCED_FACE('',(#240),#22,.T.);
#2583=ADVANCED_FACE('',(#241),#141,.T.);
#2584=ADVANCED_FACE('',(#242),#17,.T.);
#2585=ADVANCED_FACE('',(#243),#15,.F.);
#2586=ADVANCED_FACE('',(#244),#142,.F.);
#2587=ADVANCED_FACE('',(#245),#143,.T.);
#2588=ADVANCED_FACE('',(#246),#144,.F.);
#2589=ADVANCED_FACE('',(#247),#145,.F.);
#2590=ADVANCED_FACE('',(#248),#146,.T.);
#2591=ADVANCED_FACE('',(#249),#147,.F.);
#2592=ADVANCED_FACE('',(#250),#2508,.T.);
#2593=ADVANCED_FACE('',(#251),#23,.T.);
#2594=ADVANCED_FACE('',(#252),#2509,.F.);
#2595=ADVANCED_FACE('',(#253),#2510,.T.);
#2596=ADVANCED_FACE('',(#254),#148,.T.);
#2597=ADVANCED_FACE('',(#255),#149,.F.);
#2598=ADVANCED_FACE('',(#256),#150,.F.);
#2599=ADVANCED_FACE('',(#257),#151,.F.);
#2600=ADVANCED_FACE('',(#258),#152,.T.);
#2601=ADVANCED_FACE('',(#259),#153,.F.);
#2602=ADVANCED_FACE('',(#260),#154,.T.);
#2603=ADVANCED_FACE('',(#261),#155,.T.);
#2604=ADVANCED_FACE('',(#262,#107),#156,.T.);
#2605=ADVANCED_FACE('',(#263),#157,.F.);
#2606=ADVANCED_FACE('',(#264),#158,.T.);
#2607=ADVANCED_FACE('',(#265),#159,.F.);
#2608=ADVANCED_FACE('',(#266),#160,.T.);
#2609=ADVANCED_FACE('',(#267),#161,.T.);
#2610=ADVANCED_FACE('',(#268,#108,#109),#162,.T.);
#2611=ADVANCED_FACE('',(#269,#110),#163,.T.);
#2612=ADVANCED_FACE('',(#270),#164,.F.);
#2613=ADVANCED_FACE('',(#271),#165,.T.);
#2614=ADVANCED_FACE('',(#272),#166,.T.);
#2615=ADVANCED_FACE('',(#273),#167,.F.);
#2616=ADVANCED_FACE('',(#274),#168,.T.);
#2617=ADVANCED_FACE('',(#275),#169,.F.);
#2618=ADVANCED_FACE('',(#276),#170,.F.);
#2619=ADVANCED_FACE('',(#277),#171,.T.);
#2620=ADVANCED_FACE('',(#278),#172,.T.);
#2621=ADVANCED_FACE('',(#279,#111,#112),#173,.F.);
#2622=ADVANCED_FACE('',(#280,#113),#174,.T.);
#2623=ADVANCED_FACE('',(#281,#114),#175,.T.);
#2624=ADVANCED_FACE('',(#282),#2511,.F.);
#2625=ADVANCED_FACE('',(#283),#2512,.F.);
#2626=ADVANCED_FACE('',(#284),#2513,.F.);
#2627=ADVANCED_FACE('',(#285),#2514,.T.);
#2628=ADVANCED_FACE('',(#286),#2515,.T.);
#2629=ADVANCED_FACE('',(#287),#2516,.T.);
#2630=ADVANCED_FACE('',(#288),#2517,.T.);
#2631=ADVANCED_FACE('',(#289),#2518,.F.);
#2632=ADVANCED_FACE('',(#290),#2519,.T.);
#2633=ADVANCED_FACE('',(#291),#2520,.T.);
#2634=ADVANCED_FACE('',(#292),#2521,.T.);
#2635=ADVANCED_FACE('',(#293),#2522,.T.);
#2636=ADVANCED_FACE('',(#294),#2523,.T.);
#2637=ADVANCED_FACE('',(#295),#2524,.T.);
#2638=ADVANCED_FACE('',(#296),#2525,.T.);
#2639=ADVANCED_FACE('',(#297),#2526,.T.);
#2640=ADVANCED_FACE('',(#298),#2527,.T.);
#2641=ADVANCED_FACE('',(#299),#2528,.T.);
#2642=ADVANCED_FACE('',(#300),#30,.F.);
#2643=ADVANCED_FACE('',(#301),#24,.F.);
#2644=ADVANCED_FACE('',(#302),#25,.T.);
#2645=ADVANCED_FACE('',(#303),#26,.T.);
#2646=ADVANCED_FACE('',(#304),#27,.T.);
#2647=ADVANCED_FACE('',(#305),#176,.F.);
#2648=ADVANCED_FACE('',(#306),#2529,.T.);
#2649=ADVANCED_FACE('',(#307),#18,.F.);
#2650=ADVANCED_FACE('',(#308),#16,.T.);
#2651=ADVANCED_FACE('',(#309),#177,.F.);
#2652=ADVANCED_FACE('',(#310),#178,.T.);
#2653=ADVANCED_FACE('',(#311),#179,.F.);
#2654=ADVANCED_FACE('',(#312),#180,.T.);
#2655=ADVANCED_FACE('',(#313),#181,.T.);
#2656=ADVANCED_FACE('',(#314),#182,.F.);
#2657=ADVANCED_FACE('',(#315),#183,.T.);
#2658=ADVANCED_FACE('',(#316),#184,.T.);
#2659=ADVANCED_FACE('',(#317),#2530,.T.);
#2660=ADVANCED_FACE('',(#318),#185,.F.);
#2661=ADVANCED_FACE('',(#319),#186,.F.);
#2662=ADVANCED_FACE('',(#320),#187,.F.);
#2663=ADVANCED_FACE('',(#321),#2531,.T.);
#2664=ADVANCED_FACE('',(#322),#188,.F.);
#2665=ADVANCED_FACE('',(#323),#2532,.F.);
#2666=ADVANCED_FACE('',(#324),#189,.T.);
#2667=ADVANCED_FACE('',(#325),#190,.T.);
#2668=ADVANCED_FACE('',(#326),#28,.T.);
#2669=ADVANCED_FACE('',(#327),#2533,.F.);
#2670=ADVANCED_FACE('',(#328),#2534,.T.);
#2671=ADVANCED_FACE('',(#329,#115),#191,.T.);
#2672=ADVANCED_FACE('',(#330),#192,.T.);
#2673=CLOSED_SHELL('',(#2535,#2536,#2537,#2538,#2539,#2540,#2541,#2542,
#2543,#2544,#2545,#2546,#2547,#2548,#2549,#2550,#2551,#2552,#2553,#2554,
#2555,#2556,#2557,#2558,#2559,#2560,#2561,#2562,#2563,#2564,#2565,#2566,
#2567,#2568,#2569,#2570,#2571,#2572,#2573,#2574,#2575,#2576,#2577,#2578,
#2579,#2580,#2581,#2582,#2583,#2584,#2585,#2586,#2587,#2588,#2589,#2590,
#2591,#2592,#2593,#2594,#2595,#2596,#2597,#2598,#2599,#2600,#2601,#2602,
#2603,#2604,#2605,#2606,#2607,#2608,#2609,#2610,#2611,#2612,#2613,#2614,
#2615,#2616,#2617,#2618,#2619,#2620,#2621,#2622,#2623,#2624,#2625,#2626,
#2627,#2628,#2629,#2630,#2631,#2632,#2633,#2634,#2635,#2636,#2637,#2638,
#2639,#2640,#2641,#2642,#2643,#2644,#2645,#2646,#2647,#2648,#2649,#2650,
#2651,#2652,#2653,#2654,#2655,#2656,#2657,#2658,#2659,#2660,#2661,#2662,
#2663,#2664,#2665,#2666,#2667,#2668,#2669,#2670,#2671,#2672));
#2674=DERIVED_UNIT_ELEMENT(#2676,1.);
#2675=DERIVED_UNIT_ELEMENT(#7291,-3.);
#2676=(
MASS_UNIT()
NAMED_UNIT(*)
SI_UNIT(.KILO.,.GRAM.)
);
#2677=DERIVED_UNIT((#2674,#2675));
#2678=MEASURE_REPRESENTATION_ITEM('density measure',
POSITIVE_RATIO_MEASURE(7850.),#2677);
#2679=PROPERTY_DEFINITION_REPRESENTATION(#2684,#2681);
#2680=PROPERTY_DEFINITION_REPRESENTATION(#2685,#2682);
#2681=REPRESENTATION('material name',(#2683),#7288);
#2682=REPRESENTATION('density',(#2678),#7288);
#2683=DESCRIPTIVE_REPRESENTATION_ITEM('Steel','Steel');
#2684=PROPERTY_DEFINITION('material property','material name',#7298);
#2685=PROPERTY_DEFINITION('material property','density of part',#7298);
#2686=AXIS2_PLACEMENT_3D('',#3639,#2921,#2922);
#2687=AXIS2_PLACEMENT_3D('',#3640,#2923,#2924);
#2688=AXIS2_PLACEMENT_3D('',#3642,#2925,#2926);
#2689=AXIS2_PLACEMENT_3D('',#3645,#2928,#2929);
#2690=AXIS2_PLACEMENT_3D('',#3646,#2930,#2931);
#2691=AXIS2_PLACEMENT_3D('',#3648,#2932,#2933);
#2692=AXIS2_PLACEMENT_3D('',#3649,#2934,#2935);
#2693=AXIS2_PLACEMENT_3D('',#3651,#2936,#2937);
#2694=AXIS2_PLACEMENT_3D('',#3654,#2939,#2940);
#2695=AXIS2_PLACEMENT_3D('',#3655,#2941,#2942);
#2696=AXIS2_PLACEMENT_3D('',#3657,#2943,#2944);
#2697=AXIS2_PLACEMENT_3D('',#3658,#2945,#2946);
#2698=AXIS2_PLACEMENT_3D('',#3667,#2951,#2952);
#2699=AXIS2_PLACEMENT_3D('',#3676,#2957,#2958);
#2700=AXIS2_PLACEMENT_3D('',#3684,#2961,#2962);
#2701=AXIS2_PLACEMENT_3D('',#3686,#2963,#2964);
#2702=AXIS2_PLACEMENT_3D('',#3700,#2972,#2973);
#2703=AXIS2_PLACEMENT_3D('',#3717,#2982,#2983);
#2704=AXIS2_PLACEMENT_3D('',#3724,#2987,#2988);
#2705=AXIS2_PLACEMENT_3D('',#3725,#2989,#2990);
#2706=AXIS2_PLACEMENT_3D('',#3727,#2991,#2992);
#2707=AXIS2_PLACEMENT_3D('',#3729,#2993,#2994);
#2708=AXIS2_PLACEMENT_3D('',#3730,#2995,#2996);
#2709=AXIS2_PLACEMENT_3D('',#3772,#3004,#3005);
#2710=AXIS2_PLACEMENT_3D('',#3775,#3007,#3008);
#2711=AXIS2_PLACEMENT_3D('',#3776,#3009,#3010);
#2712=AXIS2_PLACEMENT_3D('',#3782,#3014,#3015);
#2713=AXIS2_PLACEMENT_3D('',#3785,#3017,#3018);
#2714=AXIS2_PLACEMENT_3D('',#3791,#3022,#3023);
#2715=AXIS2_PLACEMENT_3D('',#3793,#3025,#3026);
#2716=AXIS2_PLACEMENT_3D('',#3817,#3027,#3028);
#2717=AXIS2_PLACEMENT_3D('',#3839,#3040,#3041);
#2718=AXIS2_PLACEMENT_3D('',#3841,#3042,#3043);
#2719=AXIS2_PLACEMENT_3D('',#3843,#3044,#3045);
#2720=AXIS2_PLACEMENT_3D('',#3844,#3046,#3047);
#2721=AXIS2_PLACEMENT_3D('',#3846,#3048,#3049);
#2722=AXIS2_PLACEMENT_3D('',#3848,#3050,#3051);
#2723=AXIS2_PLACEMENT_3D('',#3849,#3052,#3053);
#2724=AXIS2_PLACEMENT_3D('',#3874,#3058,#3059);
#2725=AXIS2_PLACEMENT_3D('',#3878,#3062,#3063);
#2726=AXIS2_PLACEMENT_3D('',#3879,#3064,#3065);
#2727=AXIS2_PLACEMENT_3D('',#3893,#3073,#3074);
#2728=AXIS2_PLACEMENT_3D('',#3896,#3075,#3076);
#2729=AXIS2_PLACEMENT_3D('',#3899,#3079,#3080);
#2730=AXIS2_PLACEMENT_3D('',#3905,#3082,#3083);
#2731=AXIS2_PLACEMENT_3D('',#3914,#3088,#3089);
#2732=AXIS2_PLACEMENT_3D('',#3919,#3093,#3094);
#2733=AXIS2_PLACEMENT_3D('',#3924,#3096,#3097);
#2734=AXIS2_PLACEMENT_3D('',#3926,#3098,#3099);
#2735=AXIS2_PLACEMENT_3D('',#3928,#3100,#3101);
#2736=AXIS2_PLACEMENT_3D('',#3933,#3104,#3105);
#2737=AXIS2_PLACEMENT_3D('',#3935,#3106,#3107);
#2738=AXIS2_PLACEMENT_3D('',#3937,#3109,#3110);
#2739=AXIS2_PLACEMENT_3D('',#3939,#3111,#3112);
#2740=AXIS2_PLACEMENT_3D('',#3941,#3113,#3114);
#2741=AXIS2_PLACEMENT_3D('',#3942,#3115,#3116);
#2742=AXIS2_PLACEMENT_3D('',#3944,#3117,#3118);
#2743=AXIS2_PLACEMENT_3D('',#3946,#3119,#3120);
#2744=AXIS2_PLACEMENT_3D('',#3947,#3121,#3122);
#2745=AXIS2_PLACEMENT_3D('',#3949,#3124,#3125);
#2746=AXIS2_PLACEMENT_3D('',#3962,#3128,#3129);
#2747=AXIS2_PLACEMENT_3D('',#3964,#3131,#3132);
#2748=AXIS2_PLACEMENT_3D('',#3966,#3134,#3135);
#2749=AXIS2_PLACEMENT_3D('',#3968,#3137,#3138);
#2750=AXIS2_PLACEMENT_3D('',#3970,#3139,#3140);
#2751=AXIS2_PLACEMENT_3D('',#3972,#3142,#3143);
#2752=AXIS2_PLACEMENT_3D('',#3974,#3144,#3145);
#2753=AXIS2_PLACEMENT_3D('',#3976,#3146,#3147);
#2754=AXIS2_PLACEMENT_3D('',#3978,#3149,#3150);
#2755=AXIS2_PLACEMENT_3D('',#3979,#3151,#3152);
#2756=AXIS2_PLACEMENT_3D('',#3980,#3153,#3154);
#2757=AXIS2_PLACEMENT_3D('',#3982,#3155,#3156);
#2758=AXIS2_PLACEMENT_3D('',#3984,#3157,#3158);
#2759=AXIS2_PLACEMENT_3D('',#3986,#3160,#3161);
#2760=AXIS2_PLACEMENT_3D('',#3988,#3163,#3164);
#2761=AXIS2_PLACEMENT_3D('',#3990,#3166,#3167);
#2762=AXIS2_PLACEMENT_3D('',#3992,#3168,#3169);
#2763=AXIS2_PLACEMENT_3D('',#3994,#3171,#3172);
#2764=AXIS2_PLACEMENT_3D('',#3996,#3173,#3174);
#2765=AXIS2_PLACEMENT_3D('',#3999,#3177,#3178);
#2766=AXIS2_PLACEMENT_3D('',#4002,#3180,#3181);
#2767=AXIS2_PLACEMENT_3D('',#4004,#3183,#3184);
#2768=AXIS2_PLACEMENT_3D('',#4080,#3186,#3187);
#2769=AXIS2_PLACEMENT_3D('',#4083,#3189,#3190);
#2770=AXIS2_PLACEMENT_3D('',#4084,#3191,#3192);
#2771=AXIS2_PLACEMENT_3D('',#4129,#3193,#3194);
#2772=AXIS2_PLACEMENT_3D('',#4171,#3197,#3198);
#2773=AXIS2_PLACEMENT_3D('',#4172,#3199,#3200);
#2774=AXIS2_PLACEMENT_3D('',#4173,#3201,#3202);
#2775=AXIS2_PLACEMENT_3D('',#4190,#3203,#3204);
#2776=AXIS2_PLACEMENT_3D('',#4192,#3205,#3206);
#2777=AXIS2_PLACEMENT_3D('',#4202,#3207,#3208);
#2778=AXIS2_PLACEMENT_3D('',#4203,#3209,#3210);
#2779=AXIS2_PLACEMENT_3D('',#4204,#3211,#3212);
#2780=AXIS2_PLACEMENT_3D('',#4205,#3213,#3214);
#2781=AXIS2_PLACEMENT_3D('',#4206,#3215,#3216);
#2782=AXIS2_PLACEMENT_3D('',#4207,#3217,#3218);
#2783=AXIS2_PLACEMENT_3D('',#4210,#3219,#3220);
#2784=AXIS2_PLACEMENT_3D('',#5356,#3224,#3225);
#2785=AXIS2_PLACEMENT_3D('',#5357,#3226,#3227);
#2786=AXIS2_PLACEMENT_3D('',#5360,#3230,#3231);
#2787=AXIS2_PLACEMENT_3D('',#5362,#3233,#3234);
#2788=AXIS2_PLACEMENT_3D('',#5364,#3236,#3237);
#2789=AXIS2_PLACEMENT_3D('',#5365,#3238,#3239);
#2790=AXIS2_PLACEMENT_3D('',#5374,#3242,#3243);
#2791=AXIS2_PLACEMENT_3D('',#5375,#3244,#3245);
#2792=AXIS2_PLACEMENT_3D('',#5376,#3246,#3247);
#2793=AXIS2_PLACEMENT_3D('',#5451,#3248,#3249);
#2794=AXIS2_PLACEMENT_3D('',#5455,#3251,#3252);
#2795=AXIS2_PLACEMENT_3D('',#5457,#3254,#3255);
#2796=AXIS2_PLACEMENT_3D('',#5460,#3257,#3258);
#2797=AXIS2_PLACEMENT_3D('',#5461,#3259,#3260);
#2798=AXIS2_PLACEMENT_3D('',#5470,#3265,#3266);
#2799=AXIS2_PLACEMENT_3D('',#5479,#3271,#3272);
#2800=AXIS2_PLACEMENT_3D('',#5487,#3275,#3276);
#2801=AXIS2_PLACEMENT_3D('',#5489,#3277,#3278);
#2802=AXIS2_PLACEMENT_3D('',#5503,#3286,#3287);
#2803=AXIS2_PLACEMENT_3D('',#5520,#3296,#3297);
#2804=AXIS2_PLACEMENT_3D('',#5524,#3299,#3300);
#2805=AXIS2_PLACEMENT_3D('',#5528,#3303,#3304);
#2806=AXIS2_PLACEMENT_3D('',#5560,#3309,#3310);
#2807=AXIS2_PLACEMENT_3D('',#5564,#3312,#3313);
#2808=AXIS2_PLACEMENT_3D('',#5566,#3315,#3316);
#2809=AXIS2_PLACEMENT_3D('',#5568,#3317,#3318);
#2810=AXIS2_PLACEMENT_3D('',#5570,#3319,#3320);
#2811=AXIS2_PLACEMENT_3D('',#5571,#3321,#3322);
#2812=AXIS2_PLACEMENT_3D('',#5576,#3324,#3325);
#2813=AXIS2_PLACEMENT_3D('',#5580,#3327,#3328);
#2814=AXIS2_PLACEMENT_3D('',#5617,#3335,#3336);
#2815=AXIS2_PLACEMENT_3D('',#5623,#3340,#3341);
#2816=AXIS2_PLACEMENT_3D('',#5631,#3346,#3347);
#2817=AXIS2_PLACEMENT_3D('',#5632,#3348,#3349);
#2818=AXIS2_PLACEMENT_3D('',#5643,#3356,#3357);
#2819=AXIS2_PLACEMENT_3D('',#5645,#3359,#3360);
#2820=AXIS2_PLACEMENT_3D('',#5647,#3362,#3363);
#2821=AXIS2_PLACEMENT_3D('',#5671,#3364,#3365);
#2822=AXIS2_PLACEMENT_3D('',#5688,#3375,#3376);
#2823=AXIS2_PLACEMENT_3D('',#5690,#3377,#3378);
#2824=AXIS2_PLACEMENT_3D('',#5692,#3379,#3380);
#2825=AXIS2_PLACEMENT_3D('',#5693,#3381,#3382);
#2826=AXIS2_PLACEMENT_3D('',#5695,#3383,#3384);
#2827=AXIS2_PLACEMENT_3D('',#5697,#3385,#3386);
#2828=AXIS2_PLACEMENT_3D('',#5698,#3387,#3388);
#2829=AXIS2_PLACEMENT_3D('',#5723,#3393,#3394);
#2830=AXIS2_PLACEMENT_3D('',#5726,#3396,#3397);
#2831=AXIS2_PLACEMENT_3D('',#5728,#3399,#3400);
#2832=AXIS2_PLACEMENT_3D('',#5740,#3407,#3408);
#2833=AXIS2_PLACEMENT_3D('',#5749,#3413,#3414);
#2834=AXIS2_PLACEMENT_3D('',#5750,#3415,#3416);
#2835=AXIS2_PLACEMENT_3D('',#5752,#3418,#3419);
#2836=AXIS2_PLACEMENT_3D('',#5754,#3421,#3422);
#2837=AXIS2_PLACEMENT_3D('',#5756,#3423,#3424);
#2838=AXIS2_PLACEMENT_3D('',#5758,#3426,#3427);
#2839=AXIS2_PLACEMENT_3D('',#5764,#3429,#3430);
#2840=AXIS2_PLACEMENT_3D('',#5773,#3435,#3436);
#2841=AXIS2_PLACEMENT_3D('',#5778,#3440,#3441);
#2842=AXIS2_PLACEMENT_3D('',#5781,#3443,#3444);
#2843=AXIS2_PLACEMENT_3D('',#5783,#3445,#3446);
#2844=AXIS2_PLACEMENT_3D('',#5789,#3449,#3450);
#2845=AXIS2_PLACEMENT_3D('',#5791,#3451,#3452);
#2846=AXIS2_PLACEMENT_3D('',#5792,#3453,#3454);
#2847=AXIS2_PLACEMENT_3D('',#5794,#3455,#3456);
#2848=AXIS2_PLACEMENT_3D('',#5796,#3457,#3458);
#2849=AXIS2_PLACEMENT_3D('',#5797,#3459,#3460);
#2850=AXIS2_PLACEMENT_3D('',#5799,#3461,#3462);
#2851=AXIS2_PLACEMENT_3D('',#5801,#3463,#3464);
#2852=AXIS2_PLACEMENT_3D('',#5802,#3465,#3466);
#2853=AXIS2_PLACEMENT_3D('',#5804,#3467,#3468);
#2854=AXIS2_PLACEMENT_3D('',#5806,#3469,#3470);
#2855=AXIS2_PLACEMENT_3D('',#5807,#3471,#3472);
#2856=AXIS2_PLACEMENT_3D('',#5809,#3474,#3475);
#2857=AXIS2_PLACEMENT_3D('',#5821,#3477,#3478);
#2858=AXIS2_PLACEMENT_3D('',#5823,#3480,#3481);
#2859=AXIS2_PLACEMENT_3D('',#5825,#3483,#3484);
#2860=AXIS2_PLACEMENT_3D('',#5827,#3486,#3487);
#2861=AXIS2_PLACEMENT_3D('',#5829,#3488,#3489);
#2862=AXIS2_PLACEMENT_3D('',#5831,#3491,#3492);
#2863=AXIS2_PLACEMENT_3D('',#5833,#3493,#3494);
#2864=AXIS2_PLACEMENT_3D('',#5836,#3496,#3497);
#2865=AXIS2_PLACEMENT_3D('',#5837,#3498,#3499);
#2866=AXIS2_PLACEMENT_3D('',#5838,#3500,#3501);
#2867=AXIS2_PLACEMENT_3D('',#5839,#3502,#3503);
#2868=AXIS2_PLACEMENT_3D('',#5840,#3504,#3505);
#2869=AXIS2_PLACEMENT_3D('',#5842,#3507,#3508);
#2870=AXIS2_PLACEMENT_3D('',#5844,#3510,#3511);
#2871=AXIS2_PLACEMENT_3D('',#5845,#3512,#3513);
#2872=AXIS2_PLACEMENT_3D('',#5846,#3514,#3515);
#2873=AXIS2_PLACEMENT_3D('',#5859,#3517,#3518);
#2874=AXIS2_PLACEMENT_3D('',#5899,#3520,#3521);
#2875=AXIS2_PLACEMENT_3D('',#5901,#3522,#3523);
#2876=AXIS2_PLACEMENT_3D('',#5904,#3526,#3527);
#2877=AXIS2_PLACEMENT_3D('',#5907,#3529,#3530);
#2878=AXIS2_PLACEMENT_3D('',#5908,#3531,#3532);
#2879=AXIS2_PLACEMENT_3D('',#5909,#3533,#3534);
#2880=AXIS2_PLACEMENT_3D('',#5972,#3536,#3537);
#2881=AXIS2_PLACEMENT_3D('',#6018,#3539,#3540);
#2882=AXIS2_PLACEMENT_3D('',#6019,#3541,#3542);
#2883=AXIS2_PLACEMENT_3D('',#6020,#3543,#3544);
#2884=AXIS2_PLACEMENT_3D('',#6021,#3545,#3546);
#2885=AXIS2_PLACEMENT_3D('',#6038,#3547,#3548);
#2886=AXIS2_PLACEMENT_3D('',#6040,#3549,#3550);
#2887=AXIS2_PLACEMENT_3D('',#6050,#3551,#3552);
#2888=AXIS2_PLACEMENT_3D('',#6051,#3553,#3554);
#2889=AXIS2_PLACEMENT_3D('',#6052,#3555,#3556);
#2890=AXIS2_PLACEMENT_3D('',#6053,#3557,#3558);
#2891=AXIS2_PLACEMENT_3D('',#6054,#3559,#3560);
#2892=AXIS2_PLACEMENT_3D('',#6055,#3561,#3562);
#2893=AXIS2_PLACEMENT_3D('',#6058,#3563,#3564);
#2894=AXIS2_PLACEMENT_3D('',#6063,#3568,#3569);
#2895=AXIS2_PLACEMENT_3D('',#7207,#3572,#3573);
#2896=AXIS2_PLACEMENT_3D('',#7208,#3574,#3575);
#2897=AXIS2_PLACEMENT_3D('',#7209,#3576,#3577);
#2898=AXIS2_PLACEMENT_3D('',#7212,#3580,#3581);
#2899=AXIS2_PLACEMENT_3D('',#7214,#3583,#3584);
#2900=AXIS2_PLACEMENT_3D('',#7216,#3586,#3587);
#2901=AXIS2_PLACEMENT_3D('',#7217,#3588,#3589);
#2902=AXIS2_PLACEMENT_3D('',#7226,#3592,#3593);
#2903=AXIS2_PLACEMENT_3D('',#7228,#3595,#3596);
#2904=AXIS2_PLACEMENT_3D('',#7229,#3597,#3598);
#2905=AXIS2_PLACEMENT_3D('',#7230,#3599,#3600);
#2906=AXIS2_PLACEMENT_3D('',#7232,#3602,#3603);
#2907=AXIS2_PLACEMENT_3D('',#7236,#3607,#3608);
#2908=AXIS2_PLACEMENT_3D('',#7238,#3610,#3611);
#2909=AXIS2_PLACEMENT_3D('',#7240,#3613,#3614);
#2910=AXIS2_PLACEMENT_3D('',#7241,#3615,#3616);
#2911=AXIS2_PLACEMENT_3D('',#7242,#3617,#3618);
#2912=AXIS2_PLACEMENT_3D('',#7243,#3619,#3620);
#2913=AXIS2_PLACEMENT_3D('',#7245,#3622,#3623);
#2914=AXIS2_PLACEMENT_3D('',#7246,#3624,#3625);
#2915=AXIS2_PLACEMENT_3D('',#7279,#3626,#3627);
#2916=AXIS2_PLACEMENT_3D('',#7280,#3628,#3629);
#2917=AXIS2_PLACEMENT_3D('',#7281,#3630,#3631);
#2918=AXIS2_PLACEMENT_3D('',#7282,#3632,#3633);
#2919=AXIS2_PLACEMENT_3D('',#7283,#3634,#3635);
#2920=AXIS2_PLACEMENT_3D('',#7285,#3637,#3638);
#2921=DIRECTION('axis',(0.,0.,1.));
#2922=DIRECTION('refdir',(1.,0.,0.));
#2923=DIRECTION('center_axis',(-1.,0.,0.));
#2924=DIRECTION('ref_axis',(0.,1.,0.));
#2925=DIRECTION('center_axis',(-1.,0.,0.));
#2926=DIRECTION('ref_axis',(0.,1.,0.));
#2927=DIRECTION('',(-1.,0.,0.));
#2928=DIRECTION('center_axis',(-1.,0.,0.));
#2929=DIRECTION('ref_axis',(0.,1.,0.));
#2930=DIRECTION('center_axis',(1.,0.,0.));
#2931=DIRECTION('ref_axis',(0.,1.,0.));
#2932=DIRECTION('center_axis',(1.,0.,0.));
#2933=DIRECTION('ref_axis',(4.36771276661908E-17,1.,0.));
#2934=DIRECTION('center_axis',(-1.,0.,0.));
#2935=DIRECTION('ref_axis',(0.,1.,0.));
#2936=DIRECTION('center_axis',(-1.,0.,0.));
#2937=DIRECTION('ref_axis',(0.,1.,0.));
#2938=DIRECTION('',(-1.,0.,0.));
#2939=DIRECTION('center_axis',(-1.,0.,0.));
#2940=DIRECTION('ref_axis',(0.,1.,0.));
#2941=DIRECTION('center_axis',(1.,0.,0.));
#2942=DIRECTION('ref_axis',(0.,1.,0.));
#2943=DIRECTION('center_axis',(1.,0.,0.));
#2944=DIRECTION('ref_axis',(6.55464478325026E-18,1.,0.));
#2945=DIRECTION('center_axis',(1.,0.,0.));
#2946=DIRECTION('ref_axis',(0.,0.,-1.));
#2947=DIRECTION('',(0.,1.,0.));
#2948=DIRECTION('',(0.,0.,-1.));
#2949=DIRECTION('',(0.,-1.,0.));
#2950=DIRECTION('',(0.,0.,1.));
#2951=DIRECTION('center_axis',(1.,0.,0.));
#2952=DIRECTION('ref_axis',(0.,0.,-1.));
#2953=DIRECTION('',(0.,2.52254775758726E-17,1.));
#2954=DIRECTION('',(0.,-1.,-2.64340419463254E-8));
#2955=DIRECTION('',(0.,0.,-1.));
#2956=DIRECTION('',(0.,1.,0.));
#2957=DIRECTION('center_axis',(-2.45642848650146E-7,0.99999999999997,-2.52254775758719E-17));
#2958=DIRECTION('ref_axis',(0.,-2.52254775758726E-17,-1.));
#2959=DIRECTION('',(0.707106790621971,1.73695726366086E-7,0.707106771751103));
#2960=DIRECTION('',(-0.99999999999997,-2.45642848650146E-7,0.));
#2961=DIRECTION('center_axis',(-0.707106771751111,-1.8691690563833E-8,0.707106790621984));
#2962=DIRECTION('ref_axis',(0.707106790621984,0.,0.707106771751111));
#2963=DIRECTION('center_axis',(0.707106771751111,1.8691690563833E-8,-0.707106790621984));
#2964=DIRECTION('ref_axis',(-0.707090665576153,0.00675338795221893,-0.70709064652719));
#2965=DIRECTION('',(0.,-1.,-2.64340419463254E-8));
#2966=DIRECTION('',(0.707106790621984,0.,0.707106771751111));
#2967=DIRECTION('',(0.,1.,2.64340419463254E-8));
#2968=DIRECTION('',(0.707106790621984,0.,0.707106771751111));
#2969=DIRECTION('',(0.,-1.,-2.64340419463254E-8));
#2970=DIRECTION('',(0.707106790621984,0.,0.707106771751111));
#2971=DIRECTION('',(-2.64340426517824E-8,1.,0.));
#2972=DIRECTION('center_axis',(0.,0.,-1.));
#2973=DIRECTION('ref_axis',(-1.,0.,0.));
#2974=DIRECTION('',(-1.,0.,0.));
#2975=DIRECTION('',(0.,-1.,0.));
#2976=DIRECTION('',(1.,0.,0.));
#2977=DIRECTION('',(0.,1.,0.));
#2978=DIRECTION('',(1.,0.,0.));
#2979=DIRECTION('',(0.,1.,0.));
#2980=DIRECTION('',(-1.,0.,0.));
#2981=DIRECTION('',(0.,1.,0.));
#2982=DIRECTION('center_axis',(1.,0.,0.));
#2983=DIRECTION('ref_axis',(0.,0.,-1.));
#2984=DIRECTION('',(0.,0.,1.));
#2985=DIRECTION('',(0.,0.,-1.));
#2986=DIRECTION('',(0.,-1.,0.));
#2987=DIRECTION('center_axis',(-1.,0.,0.));
#2988=DIRECTION('ref_axis',(1.84886796435295E-18,-1.,0.));
#2989=DIRECTION('center_axis',(1.,0.,0.));
#2990=DIRECTION('ref_axis',(0.,0.,-1.));
#2991=DIRECTION('center_axis',(1.,0.,0.));
#2992=DIRECTION('ref_axis',(-1.45221291764465E-16,1.,0.));
#2993=DIRECTION('center_axis',(-1.,0.,0.));
#2994=DIRECTION('ref_axis',(4.36771276661908E-17,1.,0.));
#2995=DIRECTION('center_axis',(0.707106705940142,-1.21577783604443E-9,-0.707106856432945));
#2996=DIRECTION('ref_axis',(-0.707106856432945,0.,-0.707106705940142));
#2997=DIRECTION('',(1.91131772149234E-10,1.,-1.52823759013E-9));
#2998=DIRECTION('',(0.707106856432945,0.,0.707106705940142));
#2999=DIRECTION('',(0.,-1.,1.71936932160086E-9));
#3000=DIRECTION('',(-0.707106856432945,0.,-0.707106705940142));
#3001=DIRECTION('',(0.,1.,-1.71936932160086E-9));
#3002=DIRECTION('',(-0.707106856432945,0.,-0.707106705940142));
#3003=DIRECTION('',(0.,-1.,1.71936932160086E-9));
#3004=DIRECTION('center_axis',(0.707106705940142,-1.21577783604443E-9,-0.707106856432945));
#3005=DIRECTION('ref_axis',(0.707106856432945,-8.79723099586257E-11,0.707106705940142));
#3006=DIRECTION('',(-0.707106856432945,0.,-0.707106705940142));
#3007=DIRECTION('center_axis',(-0.697509683922542,0.016310059091603,0.716389714336201));
#3008=DIRECTION('ref_axis',(-0.71648501964071,2.67711350581028E-16,-0.697602477511693));
#3009=DIRECTION('center_axis',(0.,0.,-1.));
#3010=DIRECTION('ref_axis',(-1.,0.,0.));
#3011=DIRECTION('',(-1.,0.,0.));
#3012=DIRECTION('',(1.,0.,0.));
#3013=DIRECTION('',(0.,1.,0.));
#3014=DIRECTION('center_axis',(1.,0.,0.));
#3015=DIRECTION('ref_axis',(0.,0.,-1.));
#3016=DIRECTION('',(0.,0.,1.));
#3017=DIRECTION('center_axis',(-1.,0.,0.));
#3018=DIRECTION('ref_axis',(0.,-8.59684940956289E-10,-1.));
#3019=DIRECTION('',(0.,-7.97479010497114E-10,-1.));
#3020=DIRECTION('',(0.,1.,0.));
#3021=DIRECTION('',(0.,0.,1.));
#3022=DIRECTION('center_axis',(0.,-1.,0.));
#3023=DIRECTION('ref_axis',(0.,0.,1.));
#3024=DIRECTION('',(0.,0.,1.));
#3025=DIRECTION('center_axis',(1.,0.,0.));
#3026=DIRECTION('ref_axis',(0.,0.,-1.));
#3027=DIRECTION('center_axis',(1.,0.,0.));
#3028=DIRECTION('ref_axis',(4.7184499262953E-15,-0.863976939503804,0.503531377379444));
#3029=DIRECTION('',(0.,0.503531377379444,0.863976939503804));
#3030=DIRECTION('',(0.,-1.,0.));
#3031=DIRECTION('',(0.,0.,1.));
#3032=DIRECTION('',(0.,-1.,0.));
#3033=DIRECTION('',(0.,0.,-1.));
#3034=DIRECTION('',(0.,-1.,0.));
#3035=DIRECTION('',(0.,0.,1.));
#3036=DIRECTION('',(0.,-1.,0.));
#3037=DIRECTION('',(0.,0.,1.));
#3038=DIRECTION('',(0.,-1.,-8.6366673824383E-9));
#3039=DIRECTION('',(0.,0.50353134604606,-0.863976957765103));
#3040=DIRECTION('center_axis',(1.,0.,0.));
#3041=DIRECTION('ref_axis',(-2.35922488375085E-14,0.863976957765103,0.50353134604606));
#3042=DIRECTION('center_axis',(-1.,0.,0.));
#3043=DIRECTION('ref_axis',(-3.78161864668892E-16,1.,0.));
#3044=DIRECTION('center_axis',(-1.,0.,0.));
#3045=DIRECTION('ref_axis',(-6.85890840408672E-17,1.,0.));
#3046=DIRECTION('center_axis',(1.,0.,0.));
#3047=DIRECTION('ref_axis',(0.,0.,-1.));
#3048=DIRECTION('center_axis',(1.,0.,0.));
#3049=DIRECTION('ref_axis',(1.6367613710499E-15,1.,0.));
#3050=DIRECTION('center_axis',(-1.,0.,0.));
#3051=DIRECTION('ref_axis',(6.55464478325026E-18,1.,0.));
#3052=DIRECTION('center_axis',(0.,1.,0.));
#3053=DIRECTION('ref_axis',(0.,0.,-1.));
#3054=DIRECTION('',(0.,0.,1.));
#3055=DIRECTION('',(1.,0.,0.));
#3056=DIRECTION('',(0.,0.,-1.));
#3057=DIRECTION('',(1.,0.,0.));
#3058=DIRECTION('center_axis',(0.,1.,0.));
#3059=DIRECTION('ref_axis',(0.,0.,-1.));
#3060=DIRECTION('',(-1.,0.,0.));
#3061=DIRECTION('',(0.,0.,-1.));
#3062=DIRECTION('center_axis',(0.,-1.,0.));
#3063=DIRECTION('ref_axis',(1.,0.,0.));
#3064=DIRECTION('center_axis',(1.,0.,0.));
#3065=DIRECTION('ref_axis',(0.,0.,-1.));
#3066=DIRECTION('',(0.,0.,-1.));
#3067=DIRECTION('',(0.,1.,0.));
#3068=DIRECTION('',(0.,0.,1.));
#3069=DIRECTION('',(0.,-1.,0.));
#3070=DIRECTION('',(0.,0.,-1.));
#3071=DIRECTION('',(0.,1.,0.));
#3072=DIRECTION('',(0.,0.,-1.));
#3073=DIRECTION('center_axis',(0.,0.,-1.));
#3074=DIRECTION('ref_axis',(-1.,0.,0.));
#3075=DIRECTION('center_axis',(0.,0.,1.));
#3076=DIRECTION('ref_axis',(0.00301601020013434,0.999995451830893,0.));
#3077=DIRECTION('',(-1.,0.,0.));
#3078=DIRECTION('',(-0.999995451830893,0.0030160102001338,0.));
#3079=DIRECTION('center_axis',(-0.0030160102001338,-0.999995451830894,7.97475383427715E-10));
#3080=DIRECTION('ref_axis',(0.,7.97479010497114E-10,1.));
#3081=DIRECTION('',(0.,-7.97479010497114E-10,-1.));
#3082=DIRECTION('center_axis',(-0.992269717614219,0.,-0.124099989950838));
#3083=DIRECTION('ref_axis',(-0.124099989950838,0.,0.992269717614219));
#3084=DIRECTION('',(-0.124099989950838,0.,0.992269717614219));
#3085=DIRECTION('',(-1.91131772149234E-10,-1.,1.52823759013E-9));
#3086=DIRECTION('',(0.124099989950838,0.,-0.992269717614219));
#3087=DIRECTION('',(0.,-1.,0.));
#3088=DIRECTION('center_axis',(1.,0.,0.));
#3089=DIRECTION('ref_axis',(0.,0.,-1.));
#3090=DIRECTION('',(0.,1.,0.));
#3091=DIRECTION('',(0.,1.,0.));
#3092=DIRECTION('',(0.,0.,-1.));
#3093=DIRECTION('center_axis',(1.,0.,0.));
#3094=DIRECTION('ref_axis',(0.,0.,-1.));
#3095=DIRECTION('',(0.,0.503531377379444,0.863976939503804));
#3096=DIRECTION('center_axis',(-0.999999999999999,-3.112919285235E-8,-2.44652100214568E-8));
#3097=DIRECTION('ref_axis',(2.44652099802095E-8,-5.85620441178018E-16,-1.));
#3098=DIRECTION('center_axis',(0.999999999999992,2.0852478806766E-9,1.26553407065757E-7));
#3099=DIRECTION('ref_axis',(-1.26553407064806E-7,-4.1706767441636E-20,0.999999999999992));
#3100=DIRECTION('center_axis',(-0.99999999999999,1.13835116834073E-7,-9.01804758461316E-8));
#3101=DIRECTION('ref_axis',(9.01804757704791E-8,1.23614704183178E-16,-0.999999999999996));
#3102=DIRECTION('',(0.,0.50353134604606,-0.863976957765103));
#3103=DIRECTION('',(0.,0.,-1.));
#3104=DIRECTION('center_axis',(1.,0.,0.));
#3105=DIRECTION('ref_axis',(0.,-8.59684940956289E-10,-1.));
#3106=DIRECTION('center_axis',(1.,0.,0.));
#3107=DIRECTION('ref_axis',(0.,-8.5968474704352E-10,-1.));
#3108=DIRECTION('',(0.,0.,1.));
#3109=DIRECTION('center_axis',(1.,0.,0.));
#3110=DIRECTION('ref_axis',(0.,0.,-1.));
#3111=DIRECTION('center_axis',(1.,0.,0.));
#3112=DIRECTION('ref_axis',(-6.85890840408672E-17,1.,0.));
#3113=DIRECTION('center_axis',(-1.,0.,0.));
#3114=DIRECTION('ref_axis',(-1.45221291764465E-16,1.,0.));
#3115=DIRECTION('center_axis',(1.,0.,0.));
#3116=DIRECTION('ref_axis',(0.,0.,-1.));
#3117=DIRECTION('center_axis',(1.,0.,0.));
#3118=DIRECTION('ref_axis',(-3.78161864668892E-16,1.,0.));
#3119=DIRECTION('center_axis',(-1.,0.,0.));
#3120=DIRECTION('ref_axis',(1.6367613710499E-15,1.,0.));
#3121=DIRECTION('center_axis',(-1.,4.36771276661908E-17,-3.78315132684315E-18));
#3122=DIRECTION('ref_axis',(4.36771276661908E-17,1.,0.));
#3123=DIRECTION('',(1.,-4.36771276661908E-17,3.78315132684315E-18));
#3124=DIRECTION('center_axis',(0.,-7.97479010497114E-10,-1.));
#3125=DIRECTION('ref_axis',(0.00301601020013434,0.999995451830893,-7.97475268416636E-10));
#3126=DIRECTION('',(0.,-7.97479010497114E-10,-1.));
#3127=DIRECTION('',(7.84249028724097E-11,0.,1.));
#3128=DIRECTION('center_axis',(-1.,6.55464478325026E-18,5.67832833872697E-18));
#3129=DIRECTION('ref_axis',(6.55464478325026E-18,1.,0.));
#3130=DIRECTION('',(1.,-6.55464478325026E-18,-5.67832833872697E-18));
#3131=DIRECTION('center_axis',(-1.,-3.78161864668892E-16,7.46718875730129E-16));
#3132=DIRECTION('ref_axis',(-3.78161864668892E-16,1.,0.));
#3133=DIRECTION('',(-1.,-3.78161864668892E-16,7.46718875730129E-16));
#3134=DIRECTION('center_axis',(-1.,1.6367613710499E-15,5.68606050620779E-15));
#3135=DIRECTION('ref_axis',(1.6367613710499E-15,1.,0.));
#3136=DIRECTION('',(-1.,1.6367613710499E-15,5.68606050620779E-15));
#3137=DIRECTION('center_axis',(0.707106856432945,0.,0.707106705940142));
#3138=DIRECTION('ref_axis',(0.707106705940142,-1.21577797349192E-9,-0.707106856432945));
#3139=DIRECTION('center_axis',(0.707106856432945,0.,0.707106705940142));
#3140=DIRECTION('ref_axis',(0.707106705940142,-1.21577797349192E-9,-0.707106856432945));
#3141=DIRECTION('',(0.707106856432945,0.,0.707106705940142));
#3142=DIRECTION('center_axis',(0.,0.50353134604606,-0.863976957765103));
#3143=DIRECTION('ref_axis',(-2.33147057517649E-14,0.863976957765103,0.503531346046061));
#3144=DIRECTION('center_axis',(0.,1.,0.));
#3145=DIRECTION('ref_axis',(-1.1739685169854E-14,0.,1.));
#3146=DIRECTION('center_axis',(0.,0.50353134604606,-0.863976957765103));
#3147=DIRECTION('ref_axis',(-2.33147057517649E-14,0.863976957765101,0.503531346046063));
#3148=DIRECTION('',(0.,-0.50353134604606,0.863976957765103));
#3149=DIRECTION('center_axis',(0.,1.,0.));
#3150=DIRECTION('ref_axis',(1.,0.,0.));
#3151=DIRECTION('center_axis',(0.,1.,0.));
#3152=DIRECTION('ref_axis',(1.,0.,0.));
#3153=DIRECTION('center_axis',(0.,-0.503531377379444,-0.863976939503804));
#3154=DIRECTION('ref_axis',(4.44089633366937E-15,-0.863976939503804,0.503531377379443));
#3155=DIRECTION('center_axis',(0.,-0.503531377379444,-0.863976939503804));
#3156=DIRECTION('ref_axis',(4.44089633366938E-15,-0.863976939503802,0.503531377379448));
#3157=DIRECTION('center_axis',(0.,-1.,0.));
#3158=DIRECTION('ref_axis',(2.23613064769186E-15,0.,1.));
#3159=DIRECTION('',(0.,-0.503531377379444,-0.863976939503804));
#3160=DIRECTION('center_axis',(-1.,-6.85890840408671E-17,5.59011231000514E-17));
#3161=DIRECTION('ref_axis',(-6.85890840408672E-17,1.,0.));
#3162=DIRECTION('',(-1.,-6.85890840408671E-17,5.59011231000514E-17));
#3163=DIRECTION('center_axis',(-1.,-1.45221291764465E-16,5.6338150798194E-17));
#3164=DIRECTION('ref_axis',(-1.45221291764465E-16,1.,0.));
#3165=DIRECTION('',(-1.,-1.45221291764465E-16,5.6338150798194E-17));
#3166=DIRECTION('center_axis',(-0.707106856432945,0.,-0.707106705940142));
#3167=DIRECTION('ref_axis',(0.707106705940142,-1.21577769925788E-9,-0.707106856432945));
#3168=DIRECTION('center_axis',(0.707106856432945,0.,0.707106705940142));
#3169=DIRECTION('ref_axis',(0.707106705940142,-1.21577769925788E-9,-0.707106856432945));
#3170=DIRECTION('',(-0.707106856432945,0.,-0.707106705940142));
#3171=DIRECTION('center_axis',(-1.,-2.02774736494453E-14,-1.18178424891451E-14));
#3172=DIRECTION('ref_axis',(-2.35922488375085E-14,0.863976957765103,0.50353134604606));
#3173=DIRECTION('center_axis',(1.,2.02774736494453E-14,1.18178424891451E-14));
#3174=DIRECTION('ref_axis',(-2.34699241307293E-14,0.863976957765103,0.50353134604606));
#3175=DIRECTION('',(1.,0.,0.));
#3176=DIRECTION('',(1.,2.02774736494453E-14,1.18178424891451E-14));
#3177=DIRECTION('center_axis',(-1.,-3.98477455837927E-15,2.32235251913046E-15));
#3178=DIRECTION('ref_axis',(4.7184499262953E-15,-0.863976939503804,0.503531377379444));
#3179=DIRECTION('',(-1.,-3.98477455837927E-15,2.32235251913046E-15));
#3180=DIRECTION('center_axis',(1.,3.98477455837927E-15,-2.32235251913046E-15));
#3181=DIRECTION('ref_axis',(4.61213069027953E-15,-0.863976939503804,0.503531377379444));
#3182=DIRECTION('',(-1.,-3.98477455837927E-15,2.32235251913046E-15));
#3183=DIRECTION('center_axis',(-0.124099989950838,0.,0.992269717614219));
#3184=DIRECTION('ref_axis',(0.,1.,0.));
#3185=DIRECTION('',(-0.124099989950838,0.,0.992269717614219));
#3186=DIRECTION('center_axis',(0.,0.,-1.));
#3187=DIRECTION('ref_axis',(-1.,0.,0.));
#3188=DIRECTION('',(0.124099989950838,0.,-0.992269717614219));
#3189=DIRECTION('center_axis',(0.,0.,-1.));
#3190=DIRECTION('ref_axis',(-1.,0.,0.));
#3191=DIRECTION('center_axis',(0.124099989950838,0.,-0.992269717614219));
#3192=DIRECTION('ref_axis',(0.,-1.,0.));
#3193=DIRECTION('center_axis',(0.,0.,-1.));
#3194=DIRECTION('ref_axis',(-1.,0.,0.));
#3195=DIRECTION('',(-0.124099989950838,0.,0.992269717614219));
#3196=DIRECTION('',(0.124099989950838,0.,-0.992269717614219));
#3197=DIRECTION('center_axis',(-0.0364937474760998,0.00494652347758549,
-0.999321639063538));
#3198=DIRECTION('ref_axis',(0.999333865036056,0.,-0.0364941939505243));
#3199=DIRECTION('center_axis',(0.,0.,1.));
#3200=DIRECTION('ref_axis',(-0.99093852699241,0.134316178184581,0.));
#3201=DIRECTION('center_axis',(8.46562390746405E-5,-0.912441591006788,0.409206959660174));
#3202=DIRECTION('ref_axis',(0.,-0.409206961126502,-0.912441594276376));
#3203=DIRECTION('center_axis',(-0.999999999999992,-2.0852478806766E-9,-1.26553407065757E-7));
#3204=DIRECTION('ref_axis',(-1.26553407065757E-7,9.13082905790106E-20,0.999999999999992));
#3205=DIRECTION('center_axis',(-0.999999999999992,-2.0852478806766E-9,-1.26553407065757E-7));
#3206=DIRECTION('ref_axis',(-1.26553407065757E-7,1.53567932358957E-20,0.999999999999992));
#3207=DIRECTION('center_axis',(-0.99999999999999,1.13835116834073E-7,-9.01804758461316E-8));
#3208=DIRECTION('ref_axis',(9.0180475760282E-8,0.,-0.999999999999996));
#3209=DIRECTION('center_axis',(-1.39860852785841E-7,-0.922119723236408,
0.386904660114595));
#3210=DIRECTION('ref_axis',(3.91138582262033E-8,-0.386904660114604,-0.922119723236414));
#3211=DIRECTION('center_axis',(-0.999999999999999,-3.112919285235E-8,-2.44652100214568E-8));
#3212=DIRECTION('ref_axis',(2.44652100336271E-8,0.,-1.));
#3213=DIRECTION('center_axis',(-3.81705523447612E-8,0.922119506925071,0.38690517565453));
#3214=DIRECTION('ref_axis',(1.05158014650038E-8,0.386905175654531,-0.922119506925071));
#3215=DIRECTION('center_axis',(0.999999999999992,2.0852478806766E-9,1.26553407065757E-7));
#3216=DIRECTION('ref_axis',(-1.2655340706531E-7,0.,0.999999999999992));
#3217=DIRECTION('center_axis',(1.,0.,0.));
#3218=DIRECTION('ref_axis',(0.,0.,-1.));
#3219=DIRECTION('center_axis',(-1.,0.,0.));
#3220=DIRECTION('ref_axis',(1.70800715046926E-17,1.,0.));
#3221=DIRECTION('',(0.,-1.,0.));
#3222=DIRECTION('',(0.,0.,1.));
#3223=DIRECTION('',(0.,1.,0.));
#3224=DIRECTION('center_axis',(1.91131772149234E-10,1.,-1.52823759013E-9));
#3225=DIRECTION('ref_axis',(0.707106705940142,-1.21577783604426E-9,-0.707106856432945));
#3226=DIRECTION('center_axis',(0.,0.,-1.));
#3227=DIRECTION('ref_axis',(-1.,0.,0.));
#3228=DIRECTION('',(-1.,0.,0.));
#3229=DIRECTION('',(1.,0.,0.));
#3230=DIRECTION('center_axis',(0.,-1.,0.));
#3231=DIRECTION('ref_axis',(0.,0.,1.));
#3232=DIRECTION('',(-1.,0.,0.));
#3233=DIRECTION('center_axis',(0.,-1.,0.));
#3234=DIRECTION('ref_axis',(0.,0.,1.));
#3235=DIRECTION('',(1.,0.,0.));
#3236=DIRECTION('center_axis',(0.,0.,-1.));
#3237=DIRECTION('ref_axis',(-1.,0.,0.));
#3238=DIRECTION('center_axis',(1.,0.,0.));
#3239=DIRECTION('ref_axis',(0.,0.,-1.));
#3240=DIRECTION('',(8.42663934306669E-8,-9.44313503283697E-8,0.999999999999992));
#3241=DIRECTION('',(0.,-1.,0.));
#3242=DIRECTION('center_axis',(1.,0.,0.));
#3243=DIRECTION('ref_axis',(0.,0.,-1.));
#3244=DIRECTION('center_axis',(-1.91131772149234E-10,-1.,1.52823759013E-9));
#3245=DIRECTION('ref_axis',(0.707106705940142,-1.21577794270147E-9,-0.707106856432945));
#3246=DIRECTION('center_axis',(-3.76531664384975E-6,-0.999999905151697,
0.000435525452628219));
#3247=DIRECTION('ref_axis',(-0.707323708178831,0.000310531792191951,0.706889719417502));
#3248=DIRECTION('center_axis',(4.88128091021094E-8,3.57682296406513E-8,
0.999999999999998));
#3249=DIRECTION('ref_axis',(0.999999999999999,-1.22464679914735E-16,-4.88128091021094E-8));
#3250=DIRECTION('',(0.,2.90504592722374E-8,1.));
#3251=DIRECTION('center_axis',(0.,0.,1.));
#3252=DIRECTION('ref_axis',(-1.,-1.74594776536952E-15,0.));
#3253=DIRECTION('',(0.,-4.24859999834692E-8,-0.999999999999999));
#3254=DIRECTION('center_axis',(-8.42663934306669E-8,9.44313503283697E-8,
-0.999999999999992));
#3255=DIRECTION('ref_axis',(0.999999999999996,0.,-8.42663934306673E-8));
#3256=DIRECTION('',(0.,-8.98290152780222E-8,0.999999999999996));
#3257=DIRECTION('center_axis',(0.,0.,-1.));
#3258=DIRECTION('ref_axis',(0.,-1.,0.));
#3259=DIRECTION('center_axis',(1.,0.,0.));
#3260=DIRECTION('ref_axis',(0.,0.,-1.));
#3261=DIRECTION('',(0.,1.,0.));
#3262=DIRECTION('',(0.,0.,1.));
#3263=DIRECTION('',(0.,-1.,0.));
#3264=DIRECTION('',(0.,0.,-1.));
#3265=DIRECTION('center_axis',(1.,0.,0.));
#3266=DIRECTION('ref_axis',(0.,0.,-1.));
#3267=DIRECTION('',(0.,2.52254775758726E-17,1.));
#3268=DIRECTION('',(0.,1.,0.));
#3269=DIRECTION('',(0.,0.,-1.));
#3270=DIRECTION('',(0.,-1.,-2.64340419463254E-8));
#3271=DIRECTION('center_axis',(-2.45642848650146E-7,-0.99999999999997,2.52254775758719E-17));
#3272=DIRECTION('ref_axis',(0.,-2.52254775758726E-17,-1.));
#3273=DIRECTION('',(0.99999999999997,-2.45642848650146E-7,0.));
#3274=DIRECTION('',(-0.707106790621971,1.73695726366086E-7,0.707106771751103));
#3275=DIRECTION('center_axis',(-0.707106771751111,1.8691690563833E-8,-0.707106790621984));
#3276=DIRECTION('ref_axis',(-0.707106790621984,0.,0.707106771751111));
#3277=DIRECTION('center_axis',(0.707106771751111,-1.8691690563833E-8,0.707106790621984));
#3278=DIRECTION('ref_axis',(0.707090665576153,0.00675338795221893,-0.70709064652719));
#3279=DIRECTION('',(2.64340426517824E-8,1.,0.));
#3280=DIRECTION('',(-0.707106790621984,0.,0.707106771751111));
#3281=DIRECTION('',(0.,-1.,-2.64340419463254E-8));
#3282=DIRECTION('',(-0.707106790621984,0.,0.707106771751111));
#3283=DIRECTION('',(0.,1.,2.64340419463254E-8));
#3284=DIRECTION('',(-0.707106790621984,0.,0.707106771751111));
#3285=DIRECTION('',(0.,-1.,-2.64340419463254E-8));
#3286=DIRECTION('center_axis',(0.,0.,1.));
#3287=DIRECTION('ref_axis',(1.,0.,0.));
#3288=DIRECTION('',(1.,0.,0.));
#3289=DIRECTION('',(0.,1.,0.));
#3290=DIRECTION('',(1.,0.,0.));
#3291=DIRECTION('',(0.,1.,0.));
#3292=DIRECTION('',(-1.,0.,0.));
#3293=DIRECTION('',(0.,1.,0.));
#3294=DIRECTION('',(-1.,0.,0.));
#3295=DIRECTION('',(0.,-1.,0.));
#3296=DIRECTION('center_axis',(1.,0.,0.));
#3297=DIRECTION('ref_axis',(0.,0.,-1.));
#3298=DIRECTION('',(0.,0.,1.));
#3299=DIRECTION('center_axis',(-1.,0.,0.));
#3300=DIRECTION('ref_axis',(-1.84886796435295E-18,-1.,0.));
#3301=DIRECTION('',(0.,-1.,0.));
#3302=DIRECTION('',(0.,0.,-1.));
#3303=DIRECTION('center_axis',(-4.61213069027953E-15,-0.863976939503804,
0.503531377379444));
#3304=DIRECTION('ref_axis',(1.,0.,9.15956958687002E-15));
#3305=DIRECTION('',(1.,0.,-9.15956958687002E-15));
#3306=DIRECTION('',(0.,-0.503531377379444,-0.863976939503804));
#3307=DIRECTION('',(1.,-3.98477455837927E-15,2.32235251913046E-15));
#3308=DIRECTION('',(0.,0.503531377379444,0.863976939503804));
#3309=DIRECTION('center_axis',(0.,0.,1.));
#3310=DIRECTION('ref_axis',(1.,0.,0.));
#3311=DIRECTION('',(1.,0.,0.));
#3312=DIRECTION('center_axis',(0.,0.,1.));
#3313=DIRECTION('ref_axis',(1.,0.,0.));
#3314=DIRECTION('',(-1.,0.,0.));
#3315=DIRECTION('center_axis',(1.,0.,0.));
#3316=DIRECTION('ref_axis',(0.,0.,-1.));
#3317=DIRECTION('center_axis',(1.,0.,0.));
#3318=DIRECTION('ref_axis',(1.45221291764465E-16,1.,0.));
#3319=DIRECTION('center_axis',(-1.,0.,0.));
#3320=DIRECTION('ref_axis',(-4.36771276661908E-17,1.,0.));
#3321=DIRECTION('center_axis',(0.707106705940142,1.21577783604443E-9,0.707106856432945));
#3322=DIRECTION('ref_axis',(0.707106856432945,0.,-0.707106705940142));
#3323=DIRECTION('',(-1.91131772149234E-10,1.,-1.52823759013E-9));
#3324=DIRECTION('center_axis',(-0.697509683922542,-0.016310059091603,-0.716389714336201));
#3325=DIRECTION('ref_axis',(0.71648501964071,2.67711350581028E-16,-0.697602477511693));
#3326=DIRECTION('',(0.707106856432945,0.,-0.707106705940142));
#3327=DIRECTION('center_axis',(0.707106705940142,1.21577783604443E-9,0.707106856432945));
#3328=DIRECTION('ref_axis',(-0.707106856432945,-8.79723099586257E-11,0.707106705940142));
#3329=DIRECTION('',(0.,-1.,1.71936932160086E-9));
#3330=DIRECTION('',(0.707106856432945,0.,-0.707106705940142));
#3331=DIRECTION('',(0.,1.,-1.71936932160086E-9));
#3332=DIRECTION('',(0.707106856432945,0.,-0.707106705940142));
#3333=DIRECTION('',(0.,-1.,1.71936932160086E-9));
#3334=DIRECTION('',(-0.707106856432945,0.,0.707106705940142));
#3335=DIRECTION('center_axis',(0.,0.,1.));
#3336=DIRECTION('ref_axis',(1.,0.,0.));
#3337=DIRECTION('',(1.,0.,0.));
#3338=DIRECTION('',(0.,1.,0.));
#3339=DIRECTION('',(-1.,0.,0.));
#3340=DIRECTION('center_axis',(1.,0.,0.));
#3341=DIRECTION('ref_axis',(0.,0.,-1.));
#3342=DIRECTION('',(0.,0.,1.));
#3343=DIRECTION('',(0.,0.,1.));
#3344=DIRECTION('',(0.,1.,0.));
#3345=DIRECTION('',(0.,-7.97479010497114E-10,-1.));
#3346=DIRECTION('center_axis',(-1.,0.,0.));
#3347=DIRECTION('ref_axis',(0.,-8.59684940956289E-10,-1.));
#3348=DIRECTION('center_axis',(0.,-1.,0.));
#3349=DIRECTION('ref_axis',(0.,0.,-1.));
#3350=DIRECTION('',(-0.124099989950838,0.,-0.992269717614219));
#3351=DIRECTION('',(-1.,0.,0.));
#3352=DIRECTION('',(0.,0.,-1.));
#3353=DIRECTION('',(-7.84249028724097E-11,0.,1.));
#3354=DIRECTION('',(1.,0.,0.));
#3355=DIRECTION('',(0.,0.,1.));
#3356=DIRECTION('center_axis',(0.,-1.,0.));
#3357=DIRECTION('ref_axis',(-1.,0.,0.));
#3358=DIRECTION('',(1.,0.,0.));
#3359=DIRECTION('center_axis',(0.,1.,0.));
#3360=DIRECTION('ref_axis',(0.,0.,1.));
#3361=DIRECTION('',(0.,0.,1.));
#3362=DIRECTION('center_axis',(1.,0.,0.));
#3363=DIRECTION('ref_axis',(0.,0.,-1.));
#3364=DIRECTION('center_axis',(1.,0.,0.));
#3365=DIRECTION('ref_axis',(2.35922488375085E-14,0.863976957765103,0.50353134604606));
#3366=DIRECTION('',(0.,0.50353134604606,-0.863976957765103));
#3367=DIRECTION('',(0.,-1.,-8.6366673824383E-9));
#3368=DIRECTION('',(0.,-1.,0.));
#3369=DIRECTION('',(0.,0.,1.));
#3370=DIRECTION('',(0.,-1.,0.));
#3371=DIRECTION('',(0.,0.,-1.));
#3372=DIRECTION('',(0.,-1.,0.));
#3373=DIRECTION('',(0.,0.,1.));
#3374=DIRECTION('',(0.,-1.,0.));
#3375=DIRECTION('center_axis',(1.,0.,0.));
#3376=DIRECTION('ref_axis',(-4.7184499262953E-15,-0.863976939503804,0.503531377379444));
#3377=DIRECTION('center_axis',(-1.,0.,0.));
#3378=DIRECTION('ref_axis',(3.78161864668892E-16,1.,0.));
#3379=DIRECTION('center_axis',(-1.,0.,0.));
#3380=DIRECTION('ref_axis',(6.85890840408672E-17,1.,0.));
#3381=DIRECTION('center_axis',(1.,0.,0.));
#3382=DIRECTION('ref_axis',(0.,0.,-1.));
#3383=DIRECTION('center_axis',(1.,0.,0.));
#3384=DIRECTION('ref_axis',(-1.6367613710499E-15,1.,0.));
#3385=DIRECTION('center_axis',(-1.,0.,0.));
#3386=DIRECTION('ref_axis',(-6.55464478325026E-18,1.,0.));
#3387=DIRECTION('center_axis',(0.,-1.,0.));
#3388=DIRECTION('ref_axis',(0.,0.,-1.));
#3389=DIRECTION('',(0.,0.,1.));
#3390=DIRECTION('',(-1.,0.,0.));
#3391=DIRECTION('',(0.,0.,-1.));
#3392=DIRECTION('',(-1.,0.,0.));
#3393=DIRECTION('center_axis',(0.,-1.,0.));
#3394=DIRECTION('ref_axis',(0.,0.,-1.));
#3395=DIRECTION('',(1.,0.,0.));
#3396=DIRECTION('center_axis',(0.,1.,0.));
#3397=DIRECTION('ref_axis',(-1.,0.,0.));
#3398=DIRECTION('',(0.,0.,-1.));
#3399=DIRECTION('center_axis',(1.,0.,0.));
#3400=DIRECTION('ref_axis',(0.,0.,-1.));
#3401=DIRECTION('',(0.,1.,0.));
#3402=DIRECTION('',(0.,0.,-1.));
#3403=DIRECTION('',(0.,-1.,0.));
#3404=DIRECTION('',(0.,0.,1.));
#3405=DIRECTION('',(0.,1.,0.));
#3406=DIRECTION('',(0.,0.,-1.));
#3407=DIRECTION('center_axis',(0.,1.,0.));
#3408=DIRECTION('ref_axis',(0.,0.,1.));
#3409=DIRECTION('',(1.,0.,0.));
#3410=DIRECTION('',(-0.124099989950838,0.,-0.992269717614219));
#3411=DIRECTION('',(0.707106856432945,0.,-0.707106705940142));
#3412=DIRECTION('',(0.,0.,1.));
#3413=DIRECTION('center_axis',(0.,1.,0.));
#3414=DIRECTION('ref_axis',(-2.23613064769186E-15,0.,1.));
#3415=DIRECTION('center_axis',(0.,-1.,0.));
#3416=DIRECTION('ref_axis',(0.,0.,-1.));
#3417=DIRECTION('',(1.,0.,0.));
#3418=DIRECTION('center_axis',(0.,-1.,0.));
#3419=DIRECTION('ref_axis',(-1.,0.,0.));
#3420=DIRECTION('',(-1.,0.,0.));
#3421=DIRECTION('center_axis',(0.,0.,1.));
#3422=DIRECTION('ref_axis',(1.,0.,0.));
#3423=DIRECTION('center_axis',(0.,0.,-1.));
#3424=DIRECTION('ref_axis',(-0.00301601020013434,0.999995451830893,0.));
#3425=DIRECTION('',(0.999995451830893,0.0030160102001338,0.));
#3426=DIRECTION('center_axis',(-0.0030160102001338,0.999995451830894,-7.97475383427715E-10));
#3427=DIRECTION('ref_axis',(0.,7.97479010497114E-10,1.));
#3428=DIRECTION('',(0.,-7.97479010497114E-10,-1.));
#3429=DIRECTION('center_axis',(-0.992269717614219,0.,0.124099989950838));
#3430=DIRECTION('ref_axis',(0.124099989950838,0.,0.992269717614219));
#3431=DIRECTION('',(0.124099989950838,0.,0.992269717614219));
#3432=DIRECTION('',(0.,-1.,0.));
#3433=DIRECTION('',(-0.124099989950838,0.,-0.992269717614219));
#3434=DIRECTION('',(1.91131772149234E-10,-1.,1.52823759013E-9));
#3435=DIRECTION('center_axis',(1.,0.,0.));
#3436=DIRECTION('ref_axis',(0.,0.,-1.));
#3437=DIRECTION('',(0.,1.,0.));
#3438=DIRECTION('',(0.,0.,-1.));
#3439=DIRECTION('',(0.,1.,0.));
#3440=DIRECTION('center_axis',(1.,0.,0.));
#3441=DIRECTION('ref_axis',(0.,0.,-1.));
#3442=DIRECTION('',(0.,0.503531377379444,0.863976939503804));
#3443=DIRECTION('center_axis',(1.,0.,0.));
#3444=DIRECTION('ref_axis',(0.,-8.5968474704352E-10,-1.));
#3445=DIRECTION('center_axis',(1.,0.,0.));
#3446=DIRECTION('ref_axis',(0.,-8.59684940956289E-10,-1.));
#3447=DIRECTION('',(0.,0.,-1.));
#3448=DIRECTION('',(0.,0.50353134604606,-0.863976957765103));
#3449=DIRECTION('center_axis',(-0.99999999999999,-1.13835116834073E-7,9.01804758461316E-8));
#3450=DIRECTION('ref_axis',(-9.01804757704791E-8,1.23614704183178E-16,-0.999999999999996));
#3451=DIRECTION('center_axis',(0.999999999999992,-2.0852478806766E-9,-1.26553407065757E-7));
#3452=DIRECTION('ref_axis',(1.26553407064806E-7,-4.1706767441636E-20,0.999999999999992));
#3453=DIRECTION('center_axis',(-0.999999999999999,3.112919285235E-8,2.44652100214568E-8));
#3454=DIRECTION('ref_axis',(-2.44652099802095E-8,-5.85620441178018E-16,
-1.));
#3455=DIRECTION('center_axis',(1.,0.,0.));
#3456=DIRECTION('ref_axis',(-6.55464478325026E-18,1.,0.));
#3457=DIRECTION('center_axis',(1.,0.,0.));
#3458=DIRECTION('ref_axis',(-4.36771276661908E-17,1.,0.));
#3459=DIRECTION('center_axis',(1.,0.,0.));
#3460=DIRECTION('ref_axis',(0.,0.,-1.));
#3461=DIRECTION('center_axis',(1.,0.,0.));
#3462=DIRECTION('ref_axis',(6.85890840408672E-17,1.,0.));
#3463=DIRECTION('center_axis',(-1.,0.,0.));
#3464=DIRECTION('ref_axis',(1.45221291764465E-16,1.,0.));
#3465=DIRECTION('center_axis',(1.,0.,0.));
#3466=DIRECTION('ref_axis',(0.,0.,-1.));
#3467=DIRECTION('center_axis',(1.,0.,0.));
#3468=DIRECTION('ref_axis',(3.78161864668892E-16,1.,0.));
#3469=DIRECTION('center_axis',(-1.,0.,0.));
#3470=DIRECTION('ref_axis',(-1.6367613710499E-15,1.,0.));
#3471=DIRECTION('center_axis',(-1.,-4.36771276661908E-17,3.78315132684315E-18));
#3472=DIRECTION('ref_axis',(-4.36771276661908E-17,1.,0.));
#3473=DIRECTION('',(-1.,-4.36771276661908E-17,3.78315132684315E-18));
#3474=DIRECTION('center_axis',(0.,7.97479010497114E-10,1.));
#3475=DIRECTION('ref_axis',(-0.00301601020013434,0.999995451830893,-7.97475268416636E-10));
#3476=DIRECTION('',(0.,-7.97479010497114E-10,-1.));
#3477=DIRECTION('center_axis',(-1.,-6.55464478325026E-18,-5.67832833872697E-18));
#3478=DIRECTION('ref_axis',(-6.55464478325026E-18,1.,0.));
#3479=DIRECTION('',(-1.,-6.55464478325026E-18,-5.67832833872697E-18));
#3480=DIRECTION('center_axis',(-1.,3.78161864668892E-16,-7.46718875730129E-16));
#3481=DIRECTION('ref_axis',(3.78161864668892E-16,1.,0.));
#3482=DIRECTION('',(1.,-3.78161864668892E-16,7.46718875730129E-16));
#3483=DIRECTION('center_axis',(-1.,-1.6367613710499E-15,-5.68606050620779E-15));
#3484=DIRECTION('ref_axis',(-1.6367613710499E-15,1.,0.));
#3485=DIRECTION('',(1.,1.6367613710499E-15,5.68606050620779E-15));
#3486=DIRECTION('center_axis',(0.707106856432945,0.,-0.707106705940142));
#3487=DIRECTION('ref_axis',(-0.707106705940142,-1.21577797349192E-9,-0.707106856432945));
#3488=DIRECTION('center_axis',(0.707106856432945,0.,-0.707106705940142));
#3489=DIRECTION('ref_axis',(-0.707106705940142,-1.21577797349192E-9,-0.707106856432945));
#3490=DIRECTION('',(-0.707106856432945,0.,0.707106705940142));
#3491=DIRECTION('center_axis',(0.,-0.50353134604606,0.863976957765103));
#3492=DIRECTION('ref_axis',(2.33147057517649E-14,0.863976957765103,0.503531346046061));
#3493=DIRECTION('center_axis',(0.,-1.,0.));
#3494=DIRECTION('ref_axis',(1.1739685169854E-14,0.,1.));
#3495=DIRECTION('',(0.,-0.50353134604606,0.863976957765103));
#3496=DIRECTION('center_axis',(0.,-0.50353134604606,0.863976957765103));
#3497=DIRECTION('ref_axis',(2.33147057517649E-14,0.863976957765101,0.503531346046063));
#3498=DIRECTION('center_axis',(0.,-1.,0.));
#3499=DIRECTION('ref_axis',(-1.,0.,0.));
#3500=DIRECTION('center_axis',(0.,0.503531377379444,0.863976939503804));
#3501=DIRECTION('ref_axis',(-4.44089633366937E-15,-0.863976939503804,0.503531377379443));
#3502=DIRECTION('center_axis',(0.,0.503531377379444,0.863976939503804));
#3503=DIRECTION('ref_axis',(-4.44089633366938E-15,-0.863976939503802,0.503531377379448));
#3504=DIRECTION('center_axis',(-1.,6.85890840408671E-17,-5.59011231000514E-17));
#3505=DIRECTION('ref_axis',(6.85890840408672E-17,1.,0.));
#3506=DIRECTION('',(1.,-6.85890840408671E-17,5.59011231000514E-17));
#3507=DIRECTION('center_axis',(-1.,1.45221291764465E-16,-5.6338150798194E-17));
#3508=DIRECTION('ref_axis',(1.45221291764465E-16,1.,0.));
#3509=DIRECTION('',(1.,-1.45221291764465E-16,5.6338150798194E-17));
#3510=DIRECTION('center_axis',(-0.707106856432945,0.,0.707106705940142));
#3511=DIRECTION('ref_axis',(-0.707106705940142,-1.21577769925788E-9,-0.707106856432945));
#3512=DIRECTION('center_axis',(0.707106856432945,0.,-0.707106705940142));
#3513=DIRECTION('ref_axis',(-0.707106705940142,-1.21577769925788E-9,-0.707106856432945));
#3514=DIRECTION('center_axis',(-1.,0.,0.));
#3515=DIRECTION('ref_axis',(0.,0.,1.));
#3516=DIRECTION('',(1.,0.,0.));
#3517=DIRECTION('center_axis',(-1.,0.,0.));
#3518=DIRECTION('ref_axis',(0.,-1.,0.));
#3519=DIRECTION('',(1.,0.,0.));
#3520=DIRECTION('center_axis',(-1.,2.02774736494453E-14,1.18178424891451E-14));
#3521=DIRECTION('ref_axis',(2.35922488375085E-14,0.863976957765103,0.50353134604606));
#3522=DIRECTION('center_axis',(1.,-2.02774736494453E-14,-1.18178424891451E-14));
#3523=DIRECTION('ref_axis',(2.34699241307293E-14,0.863976957765103,0.50353134604606));
#3524=DIRECTION('',(-1.,2.02774736494453E-14,1.18178424891451E-14));
#3525=DIRECTION('',(-1.,0.,0.));
#3526=DIRECTION('center_axis',(-1.,3.98477455837927E-15,-2.32235251913046E-15));
#3527=DIRECTION('ref_axis',(-4.7184499262953E-15,-0.863976939503804,0.503531377379444));
#3528=DIRECTION('',(1.,-3.98477455837927E-15,2.32235251913046E-15));
#3529=DIRECTION('center_axis',(1.,-3.98477455837927E-15,2.32235251913046E-15));
#3530=DIRECTION('ref_axis',(-4.61213069027953E-15,-0.863976939503804,0.503531377379444));
#3531=DIRECTION('center_axis',(-0.124099989950838,0.,-0.992269717614219));
#3532=DIRECTION('ref_axis',(0.,1.,0.));
#3533=DIRECTION('center_axis',(0.,0.,1.));
#3534=DIRECTION('ref_axis',(1.,0.,0.));
#3535=DIRECTION('',(0.124099989950838,0.,0.992269717614219));
#3536=DIRECTION('center_axis',(0.124099989950838,0.,0.992269717614219));
#3537=DIRECTION('ref_axis',(0.,-1.,0.));
#3538=DIRECTION('',(0.124099989950838,0.,0.992269717614219));
#3539=DIRECTION('center_axis',(0.,0.,1.));
#3540=DIRECTION('ref_axis',(1.,0.,0.));
#3541=DIRECTION('center_axis',(0.0364937474760998,0.00494652347758549,-0.999321639063538));
#3542=DIRECTION('ref_axis',(-0.999333865036056,0.,-0.0364941939505243));
#3543=DIRECTION('center_axis',(0.,0.,-1.));
#3544=DIRECTION('ref_axis',(0.99093852699241,0.134316178184581,0.));
#3545=DIRECTION('center_axis',(-8.46562390746405E-5,-0.912441591006788,
0.409206959660174));
#3546=DIRECTION('ref_axis',(0.,-0.409206961126502,-0.912441594276376));
#3547=DIRECTION('center_axis',(-0.999999999999992,2.0852478806766E-9,1.26553407065757E-7));
#3548=DIRECTION('ref_axis',(1.26553407065757E-7,1.53567932358957E-20,0.999999999999992));
#3549=DIRECTION('center_axis',(-0.999999999999992,2.0852478806766E-9,1.26553407065757E-7));
#3550=DIRECTION('ref_axis',(1.26553407065757E-7,9.13082905790106E-20,0.999999999999992));
#3551=DIRECTION('center_axis',(0.99999999999999,1.13835116834073E-7,-9.01804758461316E-8));
#3552=DIRECTION('ref_axis',(-9.0180475760282E-8,0.,-0.999999999999996));
#3553=DIRECTION('center_axis',(-1.39860852785841E-7,0.922119723236408,-0.386904660114595));
#3554=DIRECTION('ref_axis',(-3.91138582262033E-8,-0.386904660114604,-0.922119723236414));
#3555=DIRECTION('center_axis',(0.999999999999999,-3.112919285235E-8,-2.44652100214568E-8));
#3556=DIRECTION('ref_axis',(-2.44652100336271E-8,0.,-1.));
#3557=DIRECTION('center_axis',(-3.81705523447612E-8,-0.922119506925071,
-0.38690517565453));
#3558=DIRECTION('ref_axis',(-1.05158014650038E-8,0.386905175654531,-0.922119506925071));
#3559=DIRECTION('center_axis',(-0.999999999999992,2.0852478806766E-9,1.26553407065757E-7));
#3560=DIRECTION('ref_axis',(1.2655340706531E-7,0.,0.999999999999992));
#3561=DIRECTION('center_axis',(1.,0.,0.));
#3562=DIRECTION('ref_axis',(0.,0.,-1.));
#3563=DIRECTION('center_axis',(-1.,0.,0.));
#3564=DIRECTION('ref_axis',(-1.70800715046926E-17,1.,0.));
#3565=DIRECTION('',(0.,1.,0.));
#3566=DIRECTION('',(0.,0.,1.));
#3567=DIRECTION('',(0.,-1.,0.));
#3568=DIRECTION('center_axis',(-1.,-1.70800715046926E-17,-1.21671523013591E-19));
#3569=DIRECTION('ref_axis',(1.69941467565686E-17,-0.995634220027181,0.0933407730355144));
#3570=DIRECTION('',(1.,-1.70800715046926E-17,-1.21671523013591E-19));
#3571=DIRECTION('',(-1.,1.70800715046926E-17,1.21671523013591E-19));
#3572=DIRECTION('center_axis',(1.91131772149234E-10,-1.,1.52823759013E-9));
#3573=DIRECTION('ref_axis',(-0.707106705940142,-1.21577783604426E-9,-0.707106856432945));
#3574=DIRECTION('center_axis',(0.,0.,1.));
#3575=DIRECTION('ref_axis',(1.,0.,0.));
#3576=DIRECTION('center_axis',(0.,0.,1.));
#3577=DIRECTION('ref_axis',(1.,0.,0.));
#3578=DIRECTION('',(1.,0.,0.));
#3579=DIRECTION('',(-1.,0.,0.));
#3580=DIRECTION('center_axis',(0.,1.,0.));
#3581=DIRECTION('ref_axis',(0.,0.,1.));
#3582=DIRECTION('',(1.,0.,0.));
#3583=DIRECTION('center_axis',(0.,1.,0.));
#3584=DIRECTION('ref_axis',(0.,0.,1.));
#3585=DIRECTION('',(-1.,0.,0.));
#3586=DIRECTION('center_axis',(0.,0.,1.));
#3587=DIRECTION('ref_axis',(1.,0.,0.));
#3588=DIRECTION('center_axis',(1.,0.,0.));
#3589=DIRECTION('ref_axis',(0.,0.,-1.));
#3590=DIRECTION('',(0.,-1.,0.));
#3591=DIRECTION('',(-8.42663934306669E-8,-9.44313503283697E-8,0.999999999999992));
#3592=DIRECTION('center_axis',(0.,0.,1.));
#3593=DIRECTION('ref_axis',(1.,0.,0.));
#3594=DIRECTION('',(1.,0.,0.));
#3595=DIRECTION('center_axis',(1.,0.,0.));
#3596=DIRECTION('ref_axis',(0.,0.,-1.));
#3597=DIRECTION('center_axis',(-1.91131772149234E-10,1.,-1.52823759013E-9));
#3598=DIRECTION('ref_axis',(-0.707106705940142,-1.21577794270147E-9,-0.707106856432945));
#3599=DIRECTION('center_axis',(0.,0.,1.));
#3600=DIRECTION('ref_axis',(1.,0.,0.));
#3601=DIRECTION('',(1.,0.,0.));
#3602=DIRECTION('center_axis',(0.,-1.,0.));
#3603=DIRECTION('ref_axis',(0.,0.,-1.));
#3604=DIRECTION('',(-1.,0.,0.));
#3605=DIRECTION('',(1.,0.,0.));
#3606=DIRECTION('',(1.,0.,0.));
#3607=DIRECTION('center_axis',(0.,0.,1.));
#3608=DIRECTION('ref_axis',(1.,0.,0.));
#3609=DIRECTION('',(1.,1.84886796435295E-18,1.84886796435335E-18));
#3610=DIRECTION('center_axis',(1.,-1.84886796435295E-18,-1.84886796435335E-18));
#3611=DIRECTION('ref_axis',(2.61469415022536E-18,0.707106781186548,0.707106781186547));
#3612=DIRECTION('',(1.,1.84886796435295E-18,1.84886796435335E-18));
#3613=DIRECTION('center_axis',(0.,1.,0.));
#3614=DIRECTION('ref_axis',(0.,0.,1.));
#3615=DIRECTION('center_axis',(0.,1.,8.6366673824383E-9));
#3616=DIRECTION('ref_axis',(1.,0.,0.));
#3617=DIRECTION('center_axis',(-2.34699241307293E-14,0.863976957765103,
0.50353134604606));
#3618=DIRECTION('ref_axis',(0.,0.50353134604606,-0.863976957765103));
#3619=DIRECTION('center_axis',(2.34699241307293E-14,0.863976957765103,0.50353134604606));
#3620=DIRECTION('ref_axis',(1.,0.,-4.66106515811281E-14));
#3621=DIRECTION('',(1.,0.,-4.66106515811281E-14));
#3622=DIRECTION('center_axis',(0.,1.,0.));
#3623=DIRECTION('ref_axis',(0.,0.,1.));
#3624=DIRECTION('center_axis',(3.76531664384975E-6,-0.999999905151697,0.000435525452628219));
#3625=DIRECTION('ref_axis',(-0.707323708178831,0.000305205197235103,0.70688972173737));
#3626=DIRECTION('center_axis',(4.88128091021094E-8,-3.57682296406513E-8,
-0.999999999999998));
#3627=DIRECTION('ref_axis',(-0.999999999999999,-1.22464679914735E-16,-4.88128091021094E-8));
#3628=DIRECTION('center_axis',(0.,0.,-1.));
#3629=DIRECTION('ref_axis',(1.,-1.74594776536952E-15,0.));
#3630=DIRECTION('center_axis',(-8.42663934306669E-8,-9.44313503283697E-8,
0.999999999999992));
#3631=DIRECTION('ref_axis',(-0.999999999999996,0.,-8.42663934306673E-8));
#3632=DIRECTION('center_axis',(0.,0.,1.));
#3633=DIRECTION('ref_axis',(0.,-1.,0.));
#3634=DIRECTION('center_axis',(0.,0.,1.));
#3635=DIRECTION('ref_axis',(1.,0.,0.));
#3636=DIRECTION('',(1.,0.,0.));
#3637=DIRECTION('center_axis',(0.,1.,0.));
#3638=DIRECTION('ref_axis',(0.,0.,1.));
#3639=CARTESIAN_POINT('',(0.,0.,0.));
#3640=CARTESIAN_POINT('Origin',(7.99999713897705,32.649997752891,-11.4668971659305));
#3641=CARTESIAN_POINT('',(7.99999713897705,30.149997752891,-11.4668971659305));
#3642=CARTESIAN_POINT('Origin',(7.99999713897705,32.649997752891,-11.4668971659305));
#3643=CARTESIAN_POINT('',(6.49999713897705,30.149997752891,-11.4668971659305));
#3644=CARTESIAN_POINT('',(7.99999713897705,30.149997752891,-11.4668971659305));
#3645=CARTESIAN_POINT('Origin',(6.49999713897705,32.649997752891,-11.4668971659305));
#3646=CARTESIAN_POINT('Origin',(6.49999713897705,32.649997752891,-11.4668971659305));
#3647=CARTESIAN_POINT('',(6.49999713897705,31.6249978951512,-11.4668978620996));
#3648=CARTESIAN_POINT('Origin',(6.49999713897705,32.6499977863432,-11.4668978620996));
#3649=CARTESIAN_POINT('Origin',(7.99999713897705,-32.3500005840487,-11.4668982435152));
#3650=CARTESIAN_POINT('',(7.99999713897705,-34.8500005840487,-11.4668982435152));
#3651=CARTESIAN_POINT('Origin',(7.99999713897705,-32.3500005840487,-11.4668982435152));
#3652=CARTESIAN_POINT('',(6.49999713897705,-34.8500005840487,-11.4668982435152));
#3653=CARTESIAN_POINT('',(7.99999713897705,-34.8500005840487,-11.4668982435152));
#3654=CARTESIAN_POINT('Origin',(6.49999713897705,-32.3500005840487,-11.4668982435152));
#3655=CARTESIAN_POINT('Origin',(6.49999713897705,-32.3500005840487,-11.4668982435152));
#3656=CARTESIAN_POINT('',(6.49999713897705,-33.3749999471959,-11.4668978620994));
#3657=CARTESIAN_POINT('Origin',(6.49999713897705,-32.349999825612,-11.4668978620994));
#3658=CARTESIAN_POINT('Origin',(18.8909268379211,-12.3500001430511,10.4140889644623));
#3659=CARTESIAN_POINT('',(18.8909268379211,-17.3500001430511,9.4140887260437));
#3660=CARTESIAN_POINT('',(18.8909268379211,-7.35000014305115,9.4140887260437));
#3661=CARTESIAN_POINT('',(18.8909268379211,-12.3500001430511,9.4140887260437));
#3662=CARTESIAN_POINT('',(18.8909268379211,-17.3500001430511,11.4140892028809));
#3663=CARTESIAN_POINT('',(18.8909268379211,-17.3500001430511,10.4140889644623));
#3664=CARTESIAN_POINT('',(18.8909268379211,-7.35000014305115,11.4140892028809));
#3665=CARTESIAN_POINT('',(18.8909268379211,-14.4888733885142,11.4140892028809));
#3666=CARTESIAN_POINT('',(18.8909268379211,-7.35000014305115,10.4140889644623));
#3667=CARTESIAN_POINT('Origin',(7.99999713897705,-18.0433964729309,3.41408848762512));
#3668=CARTESIAN_POINT('',(7.99999713897705,-20.9867930412292,-4.5859101049666));
#3669=CARTESIAN_POINT('',(7.99999713897705,-20.9867930412292,11.4140892028809));
#3670=CARTESIAN_POINT('',(7.99999713897705,-20.9867930412292,4.62732672691345));
#3671=CARTESIAN_POINT('',(7.99999638029341,-15.0999999046326,-4.58591146894699));
#3672=CARTESIAN_POINT('',(7.99999713897705,-11.2109568641296,-4.58590984655174));
#3673=CARTESIAN_POINT('',(7.99999713897705,-15.0999999046326,11.4140892028809));
#3674=CARTESIAN_POINT('',(7.99999713897705,-15.0999999046326,3.80694576672145));
#3675=CARTESIAN_POINT('',(7.99999713897705,-17.3355715534541,11.4140892028809));
#3676=CARTESIAN_POINT('Origin',(12.8529489040375,-20.9867918491364,5.84056496620178));
#3677=CARTESIAN_POINT('',(17.7063591899891,-20.9867906569308,5.12045168700747));
#3678=CARTESIAN_POINT('',(17.7055992573256,-20.9867906571175,11.4140892028809));
#3679=CARTESIAN_POINT('Ctrl Pts',(17.7063591899891,-20.9867906569308,5.12045168700747));
#3680=CARTESIAN_POINT('Ctrl Pts',(17.7060169848362,-20.9867906570149,8.35139965805891));
#3681=CARTESIAN_POINT('Ctrl Pts',(17.7055992573256,-20.9867906571175,11.4140892028809));
#3682=CARTESIAN_POINT('',(15.1454276945016,-20.9867912860053,2.55952025986467));
#3683=CARTESIAN_POINT('',(6.63984343253862,-20.9867933753413,11.4140892028809));
#3684=CARTESIAN_POINT('Origin',(14.6511425077915,-4.37851764261723,2.06523552536964));
#3685=CARTESIAN_POINT('',(17.8536391198019,-19.8499988575253,5.26818766474529));
#3686=CARTESIAN_POINT('Origin',(12.9157566531551,-19.8080452405511,0.329849309181418));
#3687=CARTESIAN_POINT('',(17.853639125824,21.8132066726685,5.26773275028879));
#3688=CARTESIAN_POINT('',(17.853639125824,-5.03135802887782,5.26773204067844));
#3689=CARTESIAN_POINT('',(17.0059879458692,21.7396344242893,4.42297972210483));
#3690=CARTESIAN_POINT('',(11.691213584691,21.8132066726685,-0.894692626384822));
#3691=CARTESIAN_POINT('',(17.009596824646,21.3132047653198,4.42369045841907));
#3692=CARTESIAN_POINT('',(17.009596824646,8.59234399049543,4.42369012215531));
#3693=CARTESIAN_POINT('',(8.10906410217285,21.3132047653198,-4.4768420265216));
#3694=CARTESIAN_POINT('',(13.292736579111,21.3132047653198,0.706830312077569));
#3695=CARTESIAN_POINT('',(8.10906410217285,21.8132066726685,-4.47684201330453));
#3696=CARTESIAN_POINT('',(8.10906410217285,8.972552420182,-4.47684235273493));
#3697=CARTESIAN_POINT('',(7.99999388493597,21.8132066726685,-4.58591222763062));
#3698=CARTESIAN_POINT('',(11.691213584691,21.8132066726685,-0.894692626384822));
#3699=CARTESIAN_POINT('',(7.99999447505386,-0.510957200686765,-4.58591222763062));
#3700=CARTESIAN_POINT('Origin',(4.52363848686218,-16.4466980099678,1.41408920288086));
#3701=CARTESIAN_POINT('',(6.39092922210693,-17.5999999046326,1.41408920288086));
#3702=CARTESIAN_POINT('',(5.42177200317383,-17.5999999046326,1.41408920288086));
#3703=CARTESIAN_POINT('',(5.13039699622563,-17.5999999046326,1.41408920288086));
#3704=CARTESIAN_POINT('',(6.39092922210693,-15.0999999046326,1.41408920288086));
#3705=CARTESIAN_POINT('',(6.39092922210693,-17.1711478133996,1.41408920288086));
#3706=CARTESIAN_POINT('',(5.39092540740967,-15.0999999046326,1.41408920288086));
#3707=CARTESIAN_POINT('',(2.48065514223916,-15.0999999046326,1.41408920288086));
#3708=CARTESIAN_POINT('',(5.39092540740967,-16.1000001430511,1.41408920288086));
#3709=CARTESIAN_POINT('',(5.39092540740967,-15.7733489573002,1.41408920288086));
#3710=CARTESIAN_POINT('',(0.890927314758301,-16.1000001430511,1.41408920288086));
#3711=CARTESIAN_POINT('',(2.45728313922882,-16.1000001430511,1.41408920288086));
#3712=CARTESIAN_POINT('',(0.890927314758301,-16.9867920875549,1.41408920288086));
#3713=CARTESIAN_POINT('',(0.890927314758301,-16.5111670394739,1.41408920288086));
#3714=CARTESIAN_POINT('',(5.42177200317383,-16.9867920875549,1.41408920288086));
#3715=CARTESIAN_POINT('',(2.50272870063782,-16.9867920875549,1.41408920288086));
#3716=CARTESIAN_POINT('',(5.42177200317383,-16.9867920875549,1.41408920288086));
#3717=CARTESIAN_POINT('Origin',(5.39092540740967,-15.0999999046326,10.3426606314523));
#3718=CARTESIAN_POINT('',(5.39092540740967,-16.1000001430511,14.9140894412994));
#3719=CARTESIAN_POINT('',(5.39092540740967,-16.1000001430511,8.56587488736425));
#3720=CARTESIAN_POINT('',(5.39092540740967,-15.0999999046326,12.9140889644623));
#3721=CARTESIAN_POINT('',(5.39092540740967,-15.0999999046326,7.27123183863504));
#3722=CARTESIAN_POINT('',(5.39092540740967,-14.099999666214,12.9140889644623));
#3723=CARTESIAN_POINT('',(5.39092540740967,-14.8499998450279,12.9140889644623));
#3724=CARTESIAN_POINT('Origin',(5.39092540740967,-15.6000000238419,13.4140890836716));
#3725=CARTESIAN_POINT('Origin',(3.49999904632568,32.6499984661738,-11.4668978254));
#3726=CARTESIAN_POINT('',(3.49999904632568,29.8999985856672,-11.4668989181515));
#3727=CARTESIAN_POINT('Origin',(3.49999904632568,32.6499985784239,-11.4668976546971));
#3728=CARTESIAN_POINT('',(3.49999904632568,31.6249978951518,-11.466898918153));
#3729=CARTESIAN_POINT('Origin',(3.49999904632568,32.6499977863432,-11.4668978620996));
#3730=CARTESIAN_POINT('Origin',(17.7329441159964,3.51872900500894,2.64703638851643));
#3731=CARTESIAN_POINT('',(19.307577161956,-19.8500001440643,4.22166869146817));
#3732=CARTESIAN_POINT('',(19.2728981062419,20.3815729821139,4.18770660322295));
#3733=CARTESIAN_POINT('',(19.3075769379261,-19.8500130185404,4.22166891549818));
#3734=CARTESIAN_POINT('',(17.6966575247331,-21.8292662100224,2.61074907581686));
#3735=CARTESIAN_POINT('Ctrl Pts',(17.8806745392783,-21.8081408942657,2.79476526380604));
#3736=CARTESIAN_POINT('Ctrl Pts',(17.886185119807,-21.8068620360283,2.80027578184598));
#3737=CARTESIAN_POINT('Ctrl Pts',(17.9233293246806,-21.7980377756334,2.83741976777745));
#3738=CARTESIAN_POINT('Ctrl Pts',(17.9913375745706,-21.779342718168,2.90543064985946));
#3739=CARTESIAN_POINT('Ctrl Pts',(18.0834589162026,-21.7480441223283,2.99755514617744));
#3740=CARTESIAN_POINT('Ctrl Pts',(18.1729151173458,-21.7117186565759,3.08700950324506));
#3741=CARTESIAN_POINT('Ctrl Pts',(18.2593718009129,-21.67072248395,3.17345649791933));
#3742=CARTESIAN_POINT('Ctrl Pts',(18.3425366931884,-21.6254410098018,3.25663292757383));
#3743=CARTESIAN_POINT('Ctrl Pts',(18.4222106463545,-21.5762831305567,3.33629900067242));
#3744=CARTESIAN_POINT('Ctrl Pts',(18.4982060146862,-21.5236409959614,3.41230023046612));
#3745=CARTESIAN_POINT('Ctrl Pts',(18.5704181970304,-21.4679213534287,3.48451090665575));
#3746=CARTESIAN_POINT('Ctrl Pts',(18.6387773512269,-21.4095103786836,3.55287045028494));
#3747=CARTESIAN_POINT('Ctrl Pts',(18.7032581651362,-21.348773331076,3.61735115248661));
#3748=CARTESIAN_POINT('Ctrl Pts',(18.7638752928686,-21.2860546313066,3.67796835161119));
#3749=CARTESIAN_POINT('Ctrl Pts',(18.8380675470711,-21.2019421372437,3.75216038275051));
#3750=CARTESIAN_POINT('Ctrl Pts',(18.9217033859903,-21.0938536801993,3.83579772658232));
#3751=CARTESIAN_POINT('Ctrl Pts',(19.0094922619712,-20.9587302381676,3.9235808620867));
#3752=CARTESIAN_POINT('Ctrl Pts',(19.0842087390029,-20.8213556279833,3.99830373153894));
#3753=CARTESIAN_POINT('Ctrl Pts',(19.1467901510269,-20.6827820635225,4.0608796192969));
#3754=CARTESIAN_POINT('Ctrl Pts',(19.1981051561131,-20.5437030708559,4.11219636200644));
#3755=CARTESIAN_POINT('Ctrl Pts',(19.2389516009371,-20.4045618960203,4.15304110311363));
#3756=CARTESIAN_POINT('Ctrl Pts',(19.289686047776,-20.177500124985,4.20378361334278));
#3757=CARTESIAN_POINT('Ctrl Pts',(19.3076694220969,-19.989832322636,4.22175134026073));
#3758=CARTESIAN_POINT('Ctrl Pts',(19.3075776100159,-19.8500001430511,4.2216682434082));
#3759=CARTESIAN_POINT('',(7.99999713897705,-21.8499994277954,-7.08590847343187));
#3760=CARTESIAN_POINT('',(11.4861161498825,-21.8499994277954,-3.59979020447349));
#3761=CARTESIAN_POINT('',(7.99999713897705,22.1500015258789,-7.08590854908413));
#3762=CARTESIAN_POINT('',(7.99999713897705,1.83436406667301,-7.08590851415404));
#3763=CARTESIAN_POINT('',(8.10906410217285,22.1500015258789,-6.97684160910093));
#3764=CARTESIAN_POINT('',(17.953198710184,22.1500015258789,2.86729090379345));
#3765=CARTESIAN_POINT('',(8.10906410217285,21.3132047653198,-6.97684160766217));
#3766=CARTESIAN_POINT('',(8.10906410217285,12.9211756258134,-6.97684159323317));
#3767=CARTESIAN_POINT('',(17.009596824646,21.3132047653198,1.92368922052002));
#3768=CARTESIAN_POINT('',(15.4586376630262,21.3132047653198,0.372730388989218));
#3769=CARTESIAN_POINT('',(17.009596824646,21.6660621739171,1.92368921991333));
#3770=CARTESIAN_POINT('',(17.009596824646,12.5409673603051,1.92368923560274));
#3771=CARTESIAN_POINT('',(16.929557823974,22.1500754356384,1.84365023544374));
#3772=CARTESIAN_POINT('Origin',(15.5061105417602,21.6660621727181,0.420203257012892));
#3773=CARTESIAN_POINT('',(17.5146474005146,22.1456924301703,2.43116327895434));
#3774=CARTESIAN_POINT('',(17.7329441320134,22.1500754356384,2.64703637249934));
#3775=CARTESIAN_POINT('Origin',(17.6013379008339,19.670441321507,2.58212683473445));
#3776=CARTESIAN_POINT('Origin',(6.74999713897705,3.35660338401794,-4.58591222763062));
#3777=CARTESIAN_POINT('',(5.49999713897705,-15.0999999046326,-4.58591222763062));
#3778=CARTESIAN_POINT('',(3.5938344682966,-15.0999999046326,-4.58591222763062));
#3779=CARTESIAN_POINT('',(5.49999713897705,21.8132066726685,-4.58591222763062));
#3780=CARTESIAN_POINT('',(3.62499722263269,21.8132066726685,-4.58591222763062));
#3781=CARTESIAN_POINT('',(5.49999713897705,1.56586662999221,-4.58591222763062));
#3782=CARTESIAN_POINT('Origin',(8.10906410217285,22.3236222700639,-2.96425711024891));
#3783=CARTESIAN_POINT('',(8.10906410217285,21.3132047653198,-2.12041592056101));
#3784=CARTESIAN_POINT('',(8.10906410217285,23.1918649569505,-6.82162799898441));
#3785=CARTESIAN_POINT('Origin',(8.10906410217285,22.1500015319578,0.0942186982087623));
#3786=CARTESIAN_POINT('',(8.10906410217285,23.1918649722905,12.4140894412994));
#3787=CARTESIAN_POINT('',(8.10906410217285,23.1918649628482,0.573859855634826));
#3788=CARTESIAN_POINT('',(8.10906410217285,21.8132066726685,12.4140894412994));
#3789=CARTESIAN_POINT('',(8.10906410217285,22.4973552877253,12.4140894412994));
#3790=CARTESIAN_POINT('',(8.10906410217285,21.8132066726685,0.706204843292967));
#3791=CARTESIAN_POINT('Origin',(12.5593304634094,21.3132047653198,-1.27657473087311));
#3792=CARTESIAN_POINT('',(17.009596824646,21.3132047653198,0.948557555675507));
#3793=CARTESIAN_POINT('Origin',(5.49999713897705,-0.224870124033519,-11.4832243216889));
#3794=CARTESIAN_POINT('',(5.49999713897711,-30.8023815333868,-15.1553738247345));
#3795=CARTESIAN_POINT('',(5.49999713897705,31.1023759841919,-15.1553750038147));
#3796=CARTESIAN_POINT('Ctrl Pts',(5.49999713897705,-30.8016379745696,-15.1571429996178));
#3797=CARTESIAN_POINT('Ctrl Pts',(5.49999713897705,-29.9560682109609,-14.8018216520599));
#3798=CARTESIAN_POINT('Ctrl Pts',(5.49999713897705,-29.1154742513268,-14.4657933423812));
#3799=CARTESIAN_POINT('Ctrl Pts',(5.49999713897705,-25.9835999340954,-13.2733812639132));
#3800=CARTESIAN_POINT('Ctrl Pts',(5.49999713897705,-23.5360455571632,-12.4653872868273));
#3801=CARTESIAN_POINT('Ctrl Pts',(5.49999713897705,-18.4649071396783,-11.0745476763871));
#3802=CARTESIAN_POINT('Ctrl Pts',(5.49999713897705,-15.8412992871704,-10.4917888652274));
#3803=CARTESIAN_POINT('Ctrl Pts',(5.49999713897705,-10.5494071740421,-9.59710029039626));
#3804=CARTESIAN_POINT('Ctrl Pts',(5.49999713897705,-7.87998746711887,-9.28497752176895));
#3805=CARTESIAN_POINT('Ctrl Pts',(5.49999713897705,-2.63335025355178,-8.93080332495873));
#3806=CARTESIAN_POINT('Ctrl Pts',(5.49999713897705,-0.0561392726948991,
-8.8886552322242));
#3807=CARTESIAN_POINT('Ctrl Pts',(5.49999713897705,4.85718156866956,-9.02794330344998));
#3808=CARTESIAN_POINT('Ctrl Pts',(5.49999713897705,7.4209713526791,-9.21521622774632));
#3809=CARTESIAN_POINT('Ctrl Pts',(5.49999713897705,12.6254644361942,-9.86176987811735));
#3810=CARTESIAN_POINT('Ctrl Pts',(5.49999713897705,15.2661683317193,-10.3210458064698));
#3811=CARTESIAN_POINT('Ctrl Pts',(5.49999713897705,20.4859539430634,-11.504228096364));
#3812=CARTESIAN_POINT('Ctrl Pts',(5.49999713897705,23.0661523138891,-12.2283052408379));
#3813=CARTESIAN_POINT('Ctrl Pts',(5.49999713897705,27.466557116793,-13.7022853763717));
#3814=CARTESIAN_POINT('Ctrl Pts',(5.49999713897705,29.3252999641491,-14.4077677532256));
#3815=CARTESIAN_POINT('Ctrl Pts',(5.49999713897705,31.1014416523629,-15.1575857054871));
#3816=CARTESIAN_POINT('',(5.49999713897705,-35.805906829542,-9.45277238522844));
#3817=CARTESIAN_POINT('Origin',(5.49999713897718,-32.3500005888452,-11.4668970104432));
#3818=CARTESIAN_POINT('',(5.49999713897705,-29.9860745484904,0.533101558685303));
#3819=CARTESIAN_POINT('',(5.49999713897705,-28.0321083180636,3.88578594100882));
#3820=CARTESIAN_POINT('',(5.49999713897705,-20.9867930412292,0.533101558685303));
#3821=CARTESIAN_POINT('',(5.49999713897705,-0.224870124033519,0.533101558685303));
#3822=CARTESIAN_POINT('',(5.49999713897705,-20.9867930412292,-4.58591222763062));
#3823=CARTESIAN_POINT('',(5.49999713897705,-20.9867930412292,-4.12035321186584));
#3824=CARTESIAN_POINT('',(5.49999713897705,-17.5999999046326,-4.58591222763062));
#3825=CARTESIAN_POINT('',(5.49999713897705,-9.75913329848221,-4.58591222763062));
#3826=CARTESIAN_POINT('',(5.49999713897705,-17.5999999046326,0.533101558685303));
#3827=CARTESIAN_POINT('',(5.49999713897705,-17.5999999046326,-6.0173458020602));
#3828=CARTESIAN_POINT('',(5.49999713897705,-16.9867920875549,0.533101558685303));
#3829=CARTESIAN_POINT('',(5.49999713897705,-16.9867920875549,0.533101558685303));
#3830=CARTESIAN_POINT('',(5.49999713897705,-16.9867920875549,-4.58591222763062));
#3831=CARTESIAN_POINT('',(5.49999713897705,-16.9867920875549,-5.68114205662693));
#3832=CARTESIAN_POINT('',(5.49999713897705,-8.13413306006363,-4.58591222763062));
#3833=CARTESIAN_POINT('',(5.49999713897705,21.8132066726685,0.533101558685303));
#3834=CARTESIAN_POINT('',(5.49999713897705,21.8132066726685,-3.55327876242704));
#3835=CARTESIAN_POINT('',(5.49999713897705,30.2860730565626,0.533101631862631));
#3836=CARTESIAN_POINT('',(5.49999713897705,27.3748159408569,0.533101606719072));
#3837=CARTESIAN_POINT('',(5.49999713897705,36.1059046901351,-9.45277207582743));
#3838=CARTESIAN_POINT('',(5.49999713897705,28.2370614574839,4.04886846882036));
#3839=CARTESIAN_POINT('Origin',(5.49999713897638,32.6499982600889,-11.4668966434915));
#3840=CARTESIAN_POINT('',(5.49999713897706,-36.1000002494518,-11.4668989181517));
#3841=CARTESIAN_POINT('Origin',(5.49999713897706,-32.3500000933946,-11.4668983221369));
#3842=CARTESIAN_POINT('',(5.49999713897705,28.899999047153,-11.4668989181518));
#3843=CARTESIAN_POINT('Origin',(5.49999713897705,32.6499991368488,-11.4668983221369));
#3844=CARTESIAN_POINT('Origin',(3.49999904632568,-32.3500001264943,-11.4668978254));
#3845=CARTESIAN_POINT('',(3.49999904632568,-35.0999994989722,-11.4668989181506));
#3846=CARTESIAN_POINT('Origin',(3.49999904632568,-32.3499999139773,-11.4668976546973));
#3847=CARTESIAN_POINT('',(3.49999904632568,-33.3749999471954,-11.4668989181508));
#3848=CARTESIAN_POINT('Origin',(3.49999904632568,-32.349999825612,-11.4668978620994));
#3849=CARTESIAN_POINT('Origin',(4.50078311719392,-20.9867930412292,3.24251789795725));
#3850=CARTESIAN_POINT('',(6.39092922210693,-20.9867930412292,-4.58591222763062));
#3851=CARTESIAN_POINT('',(6.39092922210693,-20.9867930412292,11.4140892028809));
#3852=CARTESIAN_POINT('',(6.39092922210693,-20.9867930412292,2.99496997866714));
#3853=CARTESIAN_POINT('',(5.22312314886796,-20.9867930412292,-4.58591222763062));
#3854=CARTESIAN_POINT('',(2.39092826843241,-20.9867930408135,5.16122497875935));
#3855=CARTESIAN_POINT('Ctrl Pts',(2.39092826843202,-20.9867930412292,5.16122497875845));
#3856=CARTESIAN_POINT('Ctrl Pts',(2.67181395010414,-20.9867930412292,5.04648401137557));
#3857=CARTESIAN_POINT('Ctrl Pts',(2.96632261954191,-20.9867930412292,4.89446624153713));
#3858=CARTESIAN_POINT('Ctrl Pts',(3.52331648698761,-20.9867930412292,4.52922031835349));
#3859=CARTESIAN_POINT('Ctrl Pts',(3.7849852797243,-20.9867930412292,4.31472184676489));
#3860=CARTESIAN_POINT('Ctrl Pts',(4.22509742814092,-20.9867930412292,3.88215455647916));
#3861=CARTESIAN_POINT('Ctrl Pts',(4.44408809739541,-20.9867930412292,3.62423351951823));
#3862=CARTESIAN_POINT('Ctrl Pts',(4.82274424015045,-20.9867930412292,3.06800540704846));
#3863=CARTESIAN_POINT('Ctrl Pts',(4.98240971379039,-20.9867930412292,2.7696983316345));
#3864=CARTESIAN_POINT('Ctrl Pts',(5.22348406212952,-20.9867930412292,2.20163459689256));
#3865=CARTESIAN_POINT('Ctrl Pts',(5.32710299240919,-20.9867930412292,1.87954249950372));
#3866=CARTESIAN_POINT('Ctrl Pts',(5.4640764410471,-20.9867930412292,1.22074923179013));
#3867=CARTESIAN_POINT('Ctrl Pts',(5.49743095947467,-20.9867930412292,0.884048061479811));
#3868=CARTESIAN_POINT('Ctrl Pts',(5.50022022934611,-20.9867930412292,0.561431962388396));
#3869=CARTESIAN_POINT('Ctrl Pts',(5.50028299299559,-20.9867930412292,0.547294965878984));
#3870=CARTESIAN_POINT('Ctrl Pts',(5.50028532628943,-20.9867930412292,0.533101611325292));
#3871=CARTESIAN_POINT('',(2.39092826843262,-20.9867930412292,11.4140892028809));
#3872=CARTESIAN_POINT('',(2.39092826843262,-20.9867930412292,5.76521882885381));
#3873=CARTESIAN_POINT('',(2.46376000373232,-20.9867930412292,11.4140892028809));
#3874=CARTESIAN_POINT('Origin',(5.73715550558908,-17.5999999046326,-0.551467282431466));
#3875=CARTESIAN_POINT('',(6.39092922210693,-17.5999999046326,-4.58591222763062));
#3876=CARTESIAN_POINT('',(5.84130934306553,-17.5999999046326,-4.58591222763062));
#3877=CARTESIAN_POINT('',(6.39092922210693,-17.5999999046326,1.09797738847278));
#3878=CARTESIAN_POINT('Origin',(0.499952121065798,-17.5999999046326,0.533101558685303));
#3879=CARTESIAN_POINT('Origin',(17.853639125824,-5.68419843912125,9.37749922275543));
#3880=CARTESIAN_POINT('',(17.853639125824,-19.8500001430511,11.4140892028809));
#3881=CARTESIAN_POINT('',(17.853639125824,-19.8500001430511,9.37749922275543));
#3882=CARTESIAN_POINT('',(17.853639125824,-17.3500001430511,11.4140892028809));
#3883=CARTESIAN_POINT('',(17.853639125824,-11.1559725365492,11.4140892028809));
#3884=CARTESIAN_POINT('',(17.853639125824,-17.3500001430511,9.4140887260437));
#3885=CARTESIAN_POINT('',(17.853639125824,-17.3500001430511,9.89579409360886));
#3886=CARTESIAN_POINT('',(17.853639125824,-7.35000014305115,9.4140887260437));
#3887=CARTESIAN_POINT('',(17.853639125824,-9.0170992910862,9.4140887260437));
#3888=CARTESIAN_POINT('',(17.853639125824,-7.35000014305115,11.4140892028809));
#3889=CARTESIAN_POINT('',(17.853639125824,-7.35000014305115,9.89579409360886));
#3890=CARTESIAN_POINT('',(17.853639125824,21.8132066726685,11.4140892028809));
#3891=CARTESIAN_POINT('',(17.853639125824,-11.1559725365492,11.4140892028809));
#3892=CARTESIAN_POINT('',(17.853639125824,21.8132066726685,6.87708300979514));
#3893=CARTESIAN_POINT('Origin',(15.3132696585222,22.6710883053866,12.4140894412994));
#3894=CARTESIAN_POINT('',(17.002379067719,21.8132066726685,12.4140894412994));
#3895=CARTESIAN_POINT('',(15.5106450717251,23.1695416270589,12.4140894412994));
#3896=CARTESIAN_POINT('Origin',(15.5061105417602,21.6660621822829,12.4140894412994));
#3897=CARTESIAN_POINT('',(7.90663348240525,21.8132066726685,12.4140894412994));
#3898=CARTESIAN_POINT('',(13.0288498977673,23.1770267806619,12.4140894412994));
#3899=CARTESIAN_POINT('Origin',(10.742925008138,23.183921178182,4.11197682221731));
#3900=CARTESIAN_POINT('',(15.5106450717251,23.1695416176161,0.573300686240425));
#3901=CARTESIAN_POINT('Ctrl Pts',(15.5106450717216,23.1695416176161,0.573300686244076));
#3902=CARTESIAN_POINT('Ctrl Pts',(11.8080756107877,23.1807086527165,-3.12597864272388));
#3903=CARTESIAN_POINT('Ctrl Pts',(8.10906410217268,23.1918649569505,-6.82162799898458));
#3904=CARTESIAN_POINT('',(15.5106450717251,23.1695416206867,4.42368984188159));
#3905=CARTESIAN_POINT('Origin',(20.5435144901276,0.149999260902405,9.89589750766754));
#3906=CARTESIAN_POINT('',(20.7333906709095,-19.8500001400117,8.3776992841156));
#3907=CARTESIAN_POINT('',(20.353639125824,-19.8500012894672,11.4140892028809));
#3908=CARTESIAN_POINT('',(20.9131598923408,-19.8500012894672,6.9403135546244));
#3909=CARTESIAN_POINT('',(20.7333365780407,20.1779890476228,8.37768052769944));
#3910=CARTESIAN_POINT('',(20.7333906709095,-19.8500130124615,8.37769928411562));
#3911=CARTESIAN_POINT('',(20.353639125824,20.1499986833909,11.4140892028809));
#3912=CARTESIAN_POINT('',(20.7470403823569,20.1499986833909,8.26855990925546));
#3913=CARTESIAN_POINT('',(20.353639125824,-8.2388736865374,11.4140892028809));
#3914=CARTESIAN_POINT('Origin',(6.39092922210693,-17.8955976168315,2.74742205937703));
#3915=CARTESIAN_POINT('',(6.39092922210693,-18.5944970448812,-4.58591222763062));
#3916=CARTESIAN_POINT('',(6.39092922210693,-15.0999999046326,11.4140892028809));
#3917=CARTESIAN_POINT('',(6.39092922210693,-17.2616721254043,11.4140892028809));
#3918=CARTESIAN_POINT('',(6.39092922210693,-15.0999999046326,3.47361255259741));
#3919=CARTESIAN_POINT('Origin',(7.99999713897705,0.149999139485536,-10.3348213831584));
#3920=CARTESIAN_POINT('',(7.99999702005937,-34.9419308857256,-9.95630373727791));
#3921=CARTESIAN_POINT('',(7.99999713897705,-26.8499994277954,3.92811850617969));
#3922=CARTESIAN_POINT('',(7.99999713897705,-26.8500006676891,3.9281163787263));
#3923=CARTESIAN_POINT('',(7.99999658431143,-31.1892849245682,-14.2332559921675));
#3924=CARTESIAN_POINT('Origin',(7.99999673849632,-32.3500005840487,-11.4668982435152));
#3925=CARTESIAN_POINT('',(7.99999596976694,31.4892822146563,-14.2332558059568));
#3926=CARTESIAN_POINT('Origin',(8.00000559998471,0.149999141579787,-88.9249466681866));
#3927=CARTESIAN_POINT('',(7.99999674433915,35.2419295695035,-9.95630406839735));
#3928=CARTESIAN_POINT('Origin',(7.9999957962365,32.649997752891,-11.4668971659305));
#3929=CARTESIAN_POINT('',(7.99999713897705,27.1499967575073,3.92812088394112));
#3930=CARTESIAN_POINT('',(7.99999713897705,26.2841136658627,5.41383382946832));
#3931=CARTESIAN_POINT('',(7.99999713897705,27.1499967575073,-0.0148482417744322));
#3932=CARTESIAN_POINT('',(7.99999713897705,27.1499967575073,-2.51586896523662));
#3933=CARTESIAN_POINT('Origin',(7.99999713897705,22.1500015319578,-0.0148482417744322));
#3934=CARTESIAN_POINT('',(7.99999713897705,-26.8499994277954,-0.0148414054334471));
#3935=CARTESIAN_POINT('Origin',(7.99999713897705,-21.8499994217165,-0.0148414054334471));
#3936=CARTESIAN_POINT('',(7.99999713897705,-26.8499994277954,-2.51586896523662));
#3937=CARTESIAN_POINT('Origin',(4.49999809265137,32.6499987310833,-11.4668979247411));
#3938=CARTESIAN_POINT('',(4.49999809265137,28.899999047153,-11.4668989181518));
#3939=CARTESIAN_POINT('Origin',(4.49999809265137,32.6499991368488,-11.4668983221369));
#3940=CARTESIAN_POINT('',(4.49999809265137,29.8999985856672,-11.4668989181515));
#3941=CARTESIAN_POINT('Origin',(4.49999809265137,32.6499985784239,-11.4668976546971));
#3942=CARTESIAN_POINT('Origin',(4.49999809265137,-32.3500000437101,-11.4668979247411));
#3943=CARTESIAN_POINT('',(4.49999809265137,-36.1000002494518,-11.4668989181517));
#3944=CARTESIAN_POINT('Origin',(4.49999809265137,-32.3500000933946,-11.4668983221369));
#3945=CARTESIAN_POINT('',(4.49999809265137,-35.0999994989722,-11.4668989181506));
#3946=CARTESIAN_POINT('Origin',(4.49999809265137,-32.3499999139773,-11.4668976546973));
#3947=CARTESIAN_POINT('Origin',(7.99999713897705,32.6499977863432,-11.4668978620996));
#3948=CARTESIAN_POINT('',(7.99999713897705,31.6249978951512,-11.4668978620996));
#3949=CARTESIAN_POINT('Origin',(15.5061105417602,21.6660621759108,4.42368984308058));
#3950=CARTESIAN_POINT('',(17.009596824646,21.6660621759108,4.42368984308058));
#3951=CARTESIAN_POINT('',(17.0023790674057,21.8132066726685,8.41888964176178));
#3952=CARTESIAN_POINT('Ctrl Pts',(16.9295578239014,22.1500754358518,1.84365023614374));
#3953=CARTESIAN_POINT('Ctrl Pts',(16.9210202134685,22.1751839180311,1.83511315237537));
#3954=CARTESIAN_POINT('Ctrl Pts',(16.9118417180998,22.1999951938808,1.82620302220268));
#3955=CARTESIAN_POINT('Ctrl Pts',(16.8317379446995,22.4002525667191,1.75031648486218));
#3956=CARTESIAN_POINT('Ctrl Pts',(16.7286623655704,22.5565799169154,1.66403972822796));
#3957=CARTESIAN_POINT('Ctrl Pts',(16.4672347111647,22.843602363473,1.44575625204341));
#3958=CARTESIAN_POINT('Ctrl Pts',(16.2795745859981,22.9725405844475,1.28902534757684));
#3959=CARTESIAN_POINT('Ctrl Pts',(15.8910594270305,23.1344651259688,0.942598854010579));
#3960=CARTESIAN_POINT('Ctrl Pts',(15.6906602381823,23.168998687712,0.753155889823076));
#3961=CARTESIAN_POINT('Ctrl Pts',(15.5106450717251,23.1695416176161,0.573300686240426));
#3962=CARTESIAN_POINT('Origin',(7.99999713897705,-32.349999825612,-11.4668978620994));
#3963=CARTESIAN_POINT('',(7.99999713897705,-33.3749999471959,-11.4668978620994));
#3964=CARTESIAN_POINT('Origin',(5.49999713897705,-32.3500000933946,-11.4668983221369));
#3965=CARTESIAN_POINT('',(5.49999713897705,-36.1000002494519,-11.4668983221369));
#3966=CARTESIAN_POINT('Origin',(4.49999809265137,-32.3499999139773,-11.4668976546973));
#3967=CARTESIAN_POINT('',(4.49999809265136,-35.0999994989725,-11.4668976546973));
#3968=CARTESIAN_POINT('Origin',(14.4176685565292,22.1500015319578,6.40282180991152));
#3969=CARTESIAN_POINT('',(13.9805263850473,27.149996757506,5.96568497035441));
#3970=CARTESIAN_POINT('Origin',(13.9805258557512,22.1500015319578,5.96567920217014));
#3971=CARTESIAN_POINT('',(14.4176685565292,27.1499967575073,6.40282180991152));
#3972=CARTESIAN_POINT('Origin',(6.99999809265139,26.2841136658627,5.41383382946832));
#3973=CARTESIAN_POINT('',(6.99999809265137,27.1499967575073,5.91409266936832));
#3974=CARTESIAN_POINT('Origin',(6.99999809265139,27.1499967575073,3.92812088394112));
#3975=CARTESIAN_POINT('',(6.99999809265134,36.1059050410008,-9.45277267785521));
#3976=CARTESIAN_POINT('Origin',(6.99999809265139,35.24192925874,-9.95630414690112));
#3977=CARTESIAN_POINT('',(6.99999809265137,27.1480897996751,5.91736469530946));
#3978=CARTESIAN_POINT('Origin',(0.499952121065798,-16.9867920875549,0.533101558685303));
#3979=CARTESIAN_POINT('Origin',(0.499952121065798,-16.9867920875549,0.533101558685303));
#3980=CARTESIAN_POINT('Origin',(6.99999809265136,-26.8500006676891,3.9281163787263));
#3981=CARTESIAN_POINT('',(6.99999809265137,-35.805906909605,-9.45277252260335));
#3982=CARTESIAN_POINT('Origin',(6.99999809265136,-34.9419308747447,-9.95630355823021));
#3983=CARTESIAN_POINT('',(6.99999809265137,-26.8499994277954,5.91409016802535));
#3984=CARTESIAN_POINT('Origin',(6.99999809265136,-26.8499994277954,3.92811850617969));
#3985=CARTESIAN_POINT('',(6.99999809265137,-27.7139767832403,4.4316472759008));
#3986=CARTESIAN_POINT('Origin',(5.49999713897705,32.6499991368488,-11.4668983221369));
#3987=CARTESIAN_POINT('',(5.49999713897705,28.8999990471529,-11.4668983221369));
#3988=CARTESIAN_POINT('Origin',(4.49999809265137,32.6499985784239,-11.4668976546971));
#3989=CARTESIAN_POINT('',(4.49999809265137,29.8999985856669,-11.4668976546971));
#3990=CARTESIAN_POINT('Origin',(7.95058261588332,-21.8499994217165,-0.0642559180103358));
#3991=CARTESIAN_POINT('',(13.9805222460344,-26.8499994277954,5.9656830377174));
#3992=CARTESIAN_POINT('Origin',(13.9805224375807,-21.8499994217165,5.96568262034136));
#3993=CARTESIAN_POINT('',(7.95058261588332,-26.8499994277954,-0.0642559180103358));
#3994=CARTESIAN_POINT('Origin',(6.99999809265137,32.649998260089,-11.4668966434915));
#3995=CARTESIAN_POINT('',(6.99999885759868,31.1023759841919,-15.1553750038147));
#3996=CARTESIAN_POINT('Origin',(6.99999809265138,32.649998260089,-11.4668966434915));
#3997=CARTESIAN_POINT('',(5.49999713897705,31.1023759841919,-15.1553750038147));
#3998=CARTESIAN_POINT('',(6.99999809265127,36.1059046901352,-9.45277207582741));
#3999=CARTESIAN_POINT('Origin',(6.99999809265137,-32.3500005888452,-11.4668970104432));
#4000=CARTESIAN_POINT('',(6.99999809265137,-30.8023815333868,-15.1553738247345));
#4001=CARTESIAN_POINT('',(6.99999809265135,-30.8023815333868,-15.1553738247345));
#4002=CARTESIAN_POINT('Origin',(6.99999809265137,-32.3500005888452,-11.4668970104432));
#4003=CARTESIAN_POINT('',(6.99999809265139,-35.805906829542,-9.45277238522844));
#4004=CARTESIAN_POINT('Origin',(13.8011542700533,20.1499986833909,7.39986021860172));
#4005=CARTESIAN_POINT('Ctrl Pts',(13.9805263850473,27.149996757506,5.96568497035441));
#4006=CARTESIAN_POINT('Ctrl Pts',(14.1689558723947,27.1499966351783,6.03296605358305));
#4007=CARTESIAN_POINT('Ctrl Pts',(14.357383676484,27.1418169837201,6.10025944970793));
#4008=CARTESIAN_POINT('Ctrl Pts',(14.5451655333534,27.1254838638397,6.16733068098883));
#4009=CARTESIAN_POINT('Ctrl Pts',(14.7328944044708,27.1091553526188,6.2343829870142));
#4010=CARTESIAN_POINT('Ctrl Pts',(14.9199774477378,27.0846779908867,6.30121322289795));
#4011=CARTESIAN_POINT('Ctrl Pts',(15.1057746265039,27.0521297684761,6.36758756983708));
#4012=CARTESIAN_POINT('Ctrl Pts',(15.2914996761591,27.0195941817489,6.43393614930946));
#4013=CARTESIAN_POINT('Ctrl Pts',(15.4759396159608,26.9789940325589,6.49982916327484));
#4014=CARTESIAN_POINT('Ctrl Pts',(15.6584624978359,26.9304587597853,6.56503398356199));
#4015=CARTESIAN_POINT('Ctrl Pts',(15.8408514503914,26.8819591006071,6.63019095868512));
#4016=CARTESIAN_POINT('Ctrl Pts',(16.0213259168184,26.8255360092408,6.69466071962662));
#4017=CARTESIAN_POINT('Ctrl Pts',(16.1992663008048,26.7613694830775,6.75821252086568));
#4018=CARTESIAN_POINT('Ctrl Pts',(16.3157988317886,26.7193470510093,6.79983237174526));
#4019=CARTESIAN_POINT('Ctrl Pts',(16.4312447531692,26.6740045793377,6.841058548392));
#4020=CARTESIAN_POINT('Ctrl Pts',(16.5454333333315,26.6254042793292,6.88182665208152));
#4021=CARTESIAN_POINT('Ctrl Pts',(16.7173185070805,26.5522474802926,6.94319384463378));
#4022=CARTESIAN_POINT('Ctrl Pts',(16.8863537451758,26.4717065972941,7.00352298835528));
#4023=CARTESIAN_POINT('Ctrl Pts',(17.0519594798115,26.3840368299021,7.06262731681397));
#4024=CARTESIAN_POINT('Ctrl Pts',(17.2173782713135,26.2964660280507,7.12166492567262));
#4025=CARTESIAN_POINT('Ctrl Pts',(17.3793750525755,26.2017825330505,7.17948045229806));
#4026=CARTESIAN_POINT('Ctrl Pts',(17.5373928976507,26.10028830689,7.23589034858512));
#4027=CARTESIAN_POINT('Ctrl Pts',(17.6952861406569,25.9988741121372,7.29225576388469));
#4028=CARTESIAN_POINT('Ctrl Pts',(17.8492064817442,25.8906600438161,7.34721773493744));
#4029=CARTESIAN_POINT('Ctrl Pts',(17.9986225964991,25.7759932350663,7.40059618475725));
#4030=CARTESIAN_POINT('Ctrl Pts',(18.1478598933985,25.6614636569819,7.45391075244533));
#4031=CARTESIAN_POINT('Ctrl Pts',(18.2926035116967,25.5404969154363,7.50564555849622));
#4032=CARTESIAN_POINT('Ctrl Pts',(18.4323517521052,25.4134827234224,7.55562463851009));
#4033=CARTESIAN_POINT('Ctrl Pts',(18.5348862757674,25.3202912840282,7.59229473286919));
#4034=CARTESIAN_POINT('Ctrl Pts',(18.6347322045943,25.2238452475325,7.62801973959894));
#4035=CARTESIAN_POINT('Ctrl Pts',(18.7317019429948,25.1243128750157,7.66273147807649));
#4036=CARTESIAN_POINT('Ctrl Pts',(18.8612230142986,24.9913689305395,7.70909544304729));
#4037=CARTESIAN_POINT('Ctrl Pts',(18.9856112955947,24.8529173423414,7.75365149266013));
#4038=CARTESIAN_POINT('Ctrl Pts',(19.1044419567824,24.709400540223,7.79622587137503));
#4039=CARTESIAN_POINT('Ctrl Pts',(19.2231462094771,24.5660364069738,7.83875496074287));
#4040=CARTESIAN_POINT('Ctrl Pts',(19.3363044519647,24.4176180389543,7.87930656705693));
#4041=CARTESIAN_POINT('Ctrl Pts',(19.4435299606353,24.2646229481897,7.91771208517107));
#4042=CARTESIAN_POINT('Ctrl Pts',(19.550682302358,24.1117322559396,7.95609139669897));
#4043=CARTESIAN_POINT('Ctrl Pts',(19.6519098125849,23.9542713086786,7.99232752390918));
#4044=CARTESIAN_POINT('Ctrl Pts',(19.7468662775486,23.7927498666255,8.0262571740641));
#4045=CARTESIAN_POINT('Ctrl Pts',(19.8417421020491,23.6313655944208,8.06015800993338));
#4046=CARTESIAN_POINT('Ctrl Pts',(19.930357357861,23.4659279618076,8.09175626329756));
#4047=CARTESIAN_POINT('Ctrl Pts',(20.012409086284,23.2969751274406,8.12089435663889));
#4048=CARTESIAN_POINT('Ctrl Pts',(20.0816871461139,23.154324572813,8.14549628291911));
#4049=CARTESIAN_POINT('Ctrl Pts',(20.146286879193,23.0091686910008,8.1683444967019));
#4050=CARTESIAN_POINT('Ctrl Pts',(20.206050765049,22.8618459418714,8.18934725759956));
#4051=CARTESIAN_POINT('Ctrl Pts',(20.2758087686387,22.6898868947743,8.21386224100648));
#4052=CARTESIAN_POINT('Ctrl Pts',(20.3389770308948,22.5149753204002,8.23586278386847));
#4053=CARTESIAN_POINT('Ctrl Pts',(20.3953174215827,22.337677621538,8.25542042068449));
#4054=CARTESIAN_POINT('Ctrl Pts',(20.4516320748105,22.1604609159455,8.27496912316597));
#4055=CARTESIAN_POINT('Ctrl Pts',(20.5011249823294,21.9808605576085,8.29207713715682));
#4056=CARTESIAN_POINT('Ctrl Pts',(20.5436067385732,21.7994604035006,8.30682195220667));
#4057=CARTESIAN_POINT('Ctrl Pts',(20.5860749509231,21.618118082794,8.32156206636301));
#4058=CARTESIAN_POINT('Ctrl Pts',(20.6215363978187,21.4349774149131,8.33394047768582));
#4059=CARTESIAN_POINT('Ctrl Pts',(20.6498516974651,21.2506354709908,8.34404083529649));
#4060=CARTESIAN_POINT('Ctrl Pts',(20.6781628420212,21.0663205780767,8.3541397107439));
#4061=CARTESIAN_POINT('Ctrl Pts',(20.6993298797905,20.8808050693333,8.36196119392027));
#4062=CARTESIAN_POINT('Ctrl Pts',(20.7132643840655,20.6946949562567,8.36759526224381));
#4063=CARTESIAN_POINT('Ctrl Pts',(20.7261340991463,20.5228062344427,8.37279880968536));
#4064=CARTESIAN_POINT('Ctrl Pts',(20.7328348970538,20.3504105936591,8.37613653194182));
#4065=CARTESIAN_POINT('Ctrl Pts',(20.7333361600206,20.1779890010362,8.37768419940873));
#4066=CARTESIAN_POINT('',(13.6117739132823,27.1499967575073,8.91409397087273));
#4067=CARTESIAN_POINT('',(13.8011542700533,27.1499967575073,7.39986021860172));
#4068=CARTESIAN_POINT('',(19.7469019021332,22.1500015258789,13.9140892028809));
#4069=CARTESIAN_POINT('Ctrl Pts',(13.6117739129272,27.1499967575073,8.91409397125244));
#4070=CARTESIAN_POINT('Ctrl Pts',(14.310306859598,27.1499967575073,9.56853866742706));
#4071=CARTESIAN_POINT('Ctrl Pts',(15.0671750269828,27.0150342925671,10.2782572793346));
#4072=CARTESIAN_POINT('Ctrl Pts',(16.5192231084162,26.4243749065892,11.6083865934635));
#4073=CARTESIAN_POINT('Ctrl Pts',(17.2147213637119,25.9685619864654,12.2283982132374));
#4074=CARTESIAN_POINT('Ctrl Pts',(18.20609538107,25.0099188455029,13.0467640592965));
#4075=CARTESIAN_POINT('Ctrl Pts',(18.6087342754517,24.5188842795111,13.3580929653848));
#4076=CARTESIAN_POINT('Ctrl Pts',(19.2863634956149,23.3989588760363,13.7927041745841));
#4077=CARTESIAN_POINT('Ctrl Pts',(19.5608971512742,22.7690565228973,13.9140892028809));
#4078=CARTESIAN_POINT('Ctrl Pts',(19.7469019021332,22.1500015258789,13.9140892028809));
#4079=CARTESIAN_POINT('',(19.8389500324646,21.8132066726685,13.9140892028809));
#4080=CARTESIAN_POINT('Origin',(12.9864405514585,20.1499986833909,13.9140892028809));
#4081=CARTESIAN_POINT('',(20.1516170113814,21.8132066726685,11.4140892028809));
#4082=CARTESIAN_POINT('',(20.5481295716108,21.8132066726685,8.24368277234751));
#4083=CARTESIAN_POINT('Origin',(13.2991075303753,20.1499986833909,11.4140892028809));
#4084=CARTESIAN_POINT('Origin',(13.9672737163218,-19.8500012894672,6.07161385600197));
#4085=CARTESIAN_POINT('Ctrl Pts',(20.7333898544329,-19.8500004306159,8.37770581243678));
#4086=CARTESIAN_POINT('Ctrl Pts',(20.7333910613197,-20.0537372787437,8.37769345104239));
#4087=CARTESIAN_POINT('Ctrl Pts',(20.7197920227203,-20.3763864478187,8.37285196840787));
#4088=CARTESIAN_POINT('Ctrl Pts',(20.6755567946239,-20.7811910037511,8.35704688427553));
#4089=CARTESIAN_POINT('Ctrl Pts',(20.6330579350772,-21.0605133801468,8.3418684434247));
#4090=CARTESIAN_POINT('Ctrl Pts',(20.5801408186873,-21.3434703095198,8.32295310847366));
#4091=CARTESIAN_POINT('Ctrl Pts',(20.5249049348487,-21.5823906374334,8.30329999864877));
#4092=CARTESIAN_POINT('Ctrl Pts',(20.4391771843661,-21.9026740377094,8.27246883899421));
#4093=CARTESIAN_POINT('Ctrl Pts',(20.3226146187331,-22.2710746966669,8.23372566193046));
#4094=CARTESIAN_POINT('Ctrl Pts',(20.1894213954674,-22.6090870115218,8.18334664644636));
#4095=CARTESIAN_POINT('Ctrl Pts',(20.0442594913594,-22.9354155225428,8.13159674251042));
#4096=CARTESIAN_POINT('Ctrl Pts',(19.9461915027867,-23.1352258941511,8.09652461458318));
#4097=CARTESIAN_POINT('Ctrl Pts',(19.7815789321808,-23.4372290878301,8.03773529902349));
#4098=CARTESIAN_POINT('Ctrl Pts',(19.6559538604915,-23.6475677534487,7.9928610324687));
#4099=CARTESIAN_POINT('Ctrl Pts',(19.4726987059392,-23.9264551472909,7.92740470576594));
#4100=CARTESIAN_POINT('Ctrl Pts',(19.3206140646417,-24.1383663891517,7.87308326383545));
#4101=CARTESIAN_POINT('Ctrl Pts',(19.1159882540016,-24.3989578813858,7.79999220819933));
#4102=CARTESIAN_POINT('Ctrl Pts',(18.9406963687154,-24.6034093193746,7.73738270246033));
#4103=CARTESIAN_POINT('Ctrl Pts',(18.7810802818504,-24.7739955084524,7.68036761013323));
#4104=CARTESIAN_POINT('Ctrl Pts',(18.6347179839224,-24.9234940153695,7.62809180660268));
#4105=CARTESIAN_POINT('Ctrl Pts',(18.4906101495682,-25.0620220856961,7.57661508181077));
#4106=CARTESIAN_POINT('Ctrl Pts',(18.3317505695444,-25.2039455008555,7.51987737371306));
#4107=CARTESIAN_POINT('Ctrl Pts',(18.1662867470985,-25.3448911421717,7.46076979883879));
#4108=CARTESIAN_POINT('Ctrl Pts',(18.0102671702123,-25.4687366340066,7.40504750832501));
#4109=CARTESIAN_POINT('Ctrl Pts',(17.8325528029061,-25.6002959724982,7.34156945142564));
#4110=CARTESIAN_POINT('Ctrl Pts',(17.6481625767826,-25.7298605677835,7.27570672753029));
#4111=CARTESIAN_POINT('Ctrl Pts',(17.4812387028981,-25.8372519415294,7.21608528102381));
#4112=CARTESIAN_POINT('Ctrl Pts',(17.2852791866217,-25.9554965341841,7.14609263232743));
#4113=CARTESIAN_POINT('Ctrl Pts',(17.099122622511,-26.0613204378258,7.07959602416056));
#4114=CARTESIAN_POINT('Ctrl Pts',(16.9063410274364,-26.1598444621263,7.01074306689393));
#4115=CARTESIAN_POINT('Ctrl Pts',(16.6935287946411,-26.2616092678084,6.93472215258101));
#4116=CARTESIAN_POINT('Ctrl Pts',(16.5126217567867,-26.3413011183678,6.87011198164127));
#4117=CARTESIAN_POINT('Ctrl Pts',(16.2903649017755,-26.4286392516067,6.79072005568182));
#4118=CARTESIAN_POINT('Ctrl Pts',(16.063019664304,-26.5108822552251,6.70952206784632));
#4119=CARTESIAN_POINT('Ctrl Pts',(15.875042798684,-26.5702115872914,6.64237905043836));
#4120=CARTESIAN_POINT('Ctrl Pts',(15.6402675300682,-26.6363306812065,6.55851701899571));
#4121=CARTESIAN_POINT('Ctrl Pts',(15.4341764694308,-26.6881696260895,6.48490637268291));
#4122=CARTESIAN_POINT('Ctrl Pts',(15.2085889820072,-26.7342220301829,6.40432739663619));
#4123=CARTESIAN_POINT('Ctrl Pts',(14.9649877446914,-26.7768145053256,6.31732024372082));
#4124=CARTESIAN_POINT('Ctrl Pts',(14.7701645727898,-26.8036550143897,6.24773221586277));
#4125=CARTESIAN_POINT('Ctrl Pts',(14.4124592818734,-26.8393394087066,6.11995908044784));
#4126=CARTESIAN_POINT('Ctrl Pts',(14.1769468534224,-26.8500093948117,6.03584462536904));
#4127=CARTESIAN_POINT('Ctrl Pts',(13.9805221557617,-26.8499994277954,5.9656834602356));
#4128=CARTESIAN_POINT('',(19.3268169449242,-23.4867930412292,11.4140892028809));
#4129=CARTESIAN_POINT('Origin',(13.2991074656632,-19.8500012894672,11.4140892028809));
#4130=CARTESIAN_POINT('',(19.048605325926,-23.4867930412292,13.6385905969764));
#4131=CARTESIAN_POINT('',(19.9021516021917,-23.4867930412292,6.81386999152808));
#4132=CARTESIAN_POINT('',(13.6117744445801,-26.8499994277954,8.91408920288086));
#4133=CARTESIAN_POINT('Ctrl Pts',(19.04860496521,-23.4867930412292,13.6385905742645));
#4134=CARTESIAN_POINT('Ctrl Pts',(18.9721223687124,-23.6211291347044,13.59199741756));
#4135=CARTESIAN_POINT('Ctrl Pts',(18.8138617577613,-23.8800379731101,13.4896670735598));
#4136=CARTESIAN_POINT('Ctrl Pts',(18.640598090251,-24.1282607600936,13.3669350470186));
#4137=CARTESIAN_POINT('Ctrl Pts',(18.5261125749043,-24.2818717296406,13.2830254456592));
#4138=CARTESIAN_POINT('Ctrl Pts',(18.4342350068382,-24.4027126127597,13.2150045430231));
#4139=CARTESIAN_POINT('Ctrl Pts',(18.3376464792662,-24.5219749644702,13.1414150936909));
#4140=CARTESIAN_POINT('Ctrl Pts',(18.2327550859981,-24.6453691393267,13.0599796597855));
#4141=CARTESIAN_POINT('Ctrl Pts',(18.1725078302219,-24.7144818517018,13.0127521547024));
#4142=CARTESIAN_POINT('Ctrl Pts',(18.0770349614574,-24.820161105249,12.9369922424253));
#4143=CARTESIAN_POINT('Ctrl Pts',(17.9657787749895,-24.9384163191944,12.8475368482783));
#4144=CARTESIAN_POINT('Ctrl Pts',(17.8284672892505,-25.0763863666003,12.7353260873414));
#4145=CARTESIAN_POINT('Ctrl Pts',(17.7196374816831,-25.1794140570159,12.6449976061375));
#4146=CARTESIAN_POINT('Ctrl Pts',(17.584676295163,-25.3026080103701,12.5320479887912));
#4147=CARTESIAN_POINT('Ctrl Pts',(17.4591937368425,-25.4112340843868,12.4258038667176));
#4148=CARTESIAN_POINT('Ctrl Pts',(17.3224473070128,-25.5217266968481,12.3085248860547));
#4149=CARTESIAN_POINT('Ctrl Pts',(17.178363618369,-25.6340380604201,12.1841992712847));
#4150=CARTESIAN_POINT('Ctrl Pts',(17.0577779200831,-25.7221747942403,12.0790848187303));
#4151=CARTESIAN_POINT('Ctrl Pts',(16.9012956192317,-25.8298683760195,11.9416094297646));
#4152=CARTESIAN_POINT('Ctrl Pts',(16.7617068044517,-25.9218367630462,11.8182871321151));
#4153=CARTESIAN_POINT('Ctrl Pts',(16.6128372879903,-26.0124890394631,11.685654738082));
#4154=CARTESIAN_POINT('Ctrl Pts',(16.4491796027457,-26.1064980280026,11.5390291867636));
#4155=CARTESIAN_POINT('Ctrl Pts',(16.3178662990962,-26.1774216268402,11.4207793085134));
#4156=CARTESIAN_POINT('Ctrl Pts',(16.1325621633404,-26.2704132033137,11.2530023203449));
#4157=CARTESIAN_POINT('Ctrl Pts',(15.9626360849661,-26.3491838043662,11.09836683298));
#4158=CARTESIAN_POINT('Ctrl Pts',(15.6964695112074,-26.4610603076994,10.8549152630691));
#4159=CARTESIAN_POINT('Ctrl Pts',(15.4639315608333,-26.5449616169958,10.6408301736094));
#4160=CARTESIAN_POINT('Ctrl Pts',(15.1799893378952,-26.6325862625349,10.3782293408746));
#4161=CARTESIAN_POINT('Ctrl Pts',(14.9841282776959,-26.6845549657636,10.1964539043937));
#4162=CARTESIAN_POINT('Ctrl Pts',(14.8043717748475,-26.7244373816835,10.0291691087296));
#4163=CARTESIAN_POINT('Ctrl Pts',(14.6600990596164,-26.7536093487525,9.89475120191459));
#4164=CARTESIAN_POINT('Ctrl Pts',(14.4533698004625,-26.7898320228113,9.70186920864314));
#4165=CARTESIAN_POINT('Ctrl Pts',(14.2619493380139,-26.8139545223668,9.52289367231211));
#4166=CARTESIAN_POINT('Ctrl Pts',(14.1161378806905,-26.8277339368814,9.38645703783731));
#4167=CARTESIAN_POINT('Ctrl Pts',(13.9328786752148,-26.8432624801735,9.21491909673192));
#4168=CARTESIAN_POINT('Ctrl Pts',(13.7583946258314,-26.85001570193,9.05146247472278));
#4169=CARTESIAN_POINT('Ctrl Pts',(13.6117744445801,-26.8499994277954,8.91408920288086));
#4170=CARTESIAN_POINT('',(13.9672737163218,-26.8499994277954,6.07161385600197));
#4171=CARTESIAN_POINT('Origin',(13.0418200206534,-19.8005731962547,-1.36087933263525));
#4172=CARTESIAN_POINT('Origin',(13.5025137508436,-19.8630176561955,11.4140892028809));
#4173=CARTESIAN_POINT('Origin',(6.2499062060545,33.8637011253651,-13.1743231754755));
#4174=CARTESIAN_POINT('',(7.08714958029223,-8.50122814325163,-9.39027264231268));
#4175=CARTESIAN_POINT('',(7.08714962005615,2.91945298478585,-8.96909911693576));
#4176=CARTESIAN_POINT('Ctrl Pts',(7.08714962005615,-8.50122809410095,-9.39027309417725));
#4177=CARTESIAN_POINT('Ctrl Pts',(7.08714962005615,-4.71086496002785,-8.97762417313181));
#4178=CARTESIAN_POINT('Ctrl Pts',(7.08714962005615,-0.890990692224964,-8.83723284738464));
#4179=CARTESIAN_POINT('Ctrl Pts',(7.08714962005615,2.91945298478585,-8.96909911693576));
#4180=CARTESIAN_POINT('',(7.0515958167167,-7.56182625812017,-9.29618139397252));
#4181=CARTESIAN_POINT('Ctrl Pts',(7.0515958167167,-7.56182625812018,-9.29618139397251));
#4182=CARTESIAN_POINT('Ctrl Pts',(7.06346048714646,-7.87511647009026,-9.32590674007353));
#4183=CARTESIAN_POINT('Ctrl Pts',(7.07531424301897,-8.18825524334928,-9.35727067688743));
#4184=CARTESIAN_POINT('Ctrl Pts',(7.08714954052831,-8.50122819240231,-9.3902721904481));
#4185=CARTESIAN_POINT('',(6.99999789069052,-6.19967466309194,-9.1773383640194));
#4186=CARTESIAN_POINT('Ctrl Pts',(6.99999809265206,-6.19967466309192,-9.17733836401963));
#4187=CARTESIAN_POINT('Ctrl Pts',(7.01720497395602,-6.6540136548007,-9.21351381523532));
#4188=CARTESIAN_POINT('Ctrl Pts',(7.03441184634523,-7.10807877965912,-9.25312905536939));
#4189=CARTESIAN_POINT('Ctrl Pts',(7.0515958167167,-7.56182625812018,-9.29618139397251));
#4190=CARTESIAN_POINT('Origin',(7.00000776781989,0.149999139494544,-88.9249467947398));
#4191=CARTESIAN_POINT('',(6.99999791634233,6.49967555253311,-9.17733857186924));
#4192=CARTESIAN_POINT('Origin',(7.000007845605,0.149999139494544,-88.9249467947397));
#4193=CARTESIAN_POINT('',(7.0871495868891,8.80122784899518,-9.39027271727761));
#4194=CARTESIAN_POINT('Ctrl Pts',(7.08714955372204,8.8012278899917,-9.39027234037798));
#4195=CARTESIAN_POINT('Ctrl Pts',(7.0581728388156,8.0349673146345,-9.30947378545195));
#4196=CARTESIAN_POINT('Ctrl Pts',(7.02908547848643,7.26771273734907,-9.23849137485932));
#4197=CARTESIAN_POINT('Ctrl Pts',(6.99999809265184,6.4996755525331,-9.17733857186944));
#4198=CARTESIAN_POINT('Ctrl Pts',(7.08714962005615,2.91945298478585,-8.96909911693576));
#4199=CARTESIAN_POINT('Ctrl Pts',(7.08714962005615,4.88433201383324,-9.03709678063117));
#4200=CARTESIAN_POINT('Ctrl Pts',(7.08714962005615,6.84670343606069,-9.17748810637833));
#4201=CARTESIAN_POINT('Ctrl Pts',(7.08714962005615,8.80122780799866,-9.39027309417725));
#4202=CARTESIAN_POINT('Origin',(6.99999846479792,32.6499978667258,-11.4668972561107));
#4203=CARTESIAN_POINT('Origin',(6.99999858213961,31.4892827206484,-14.2332592041424));
#4204=CARTESIAN_POINT('Origin',(6.99999640622672,-32.3500006151779,-11.4668982679804));
#4205=CARTESIAN_POINT('Origin',(6.99999643777412,-31.1892852840658,-14.2332563219786));
#4206=CARTESIAN_POINT('Origin',(7.00000926042886,0.149999139494547,-88.9249467947396));
#4207=CARTESIAN_POINT('Origin',(0.890927314758301,-16.5756360689799,4.24742221832275));
#4208=CARTESIAN_POINT('',(0.890927314758301,-17.0056748390198,1.41408920288086));
#4209=CARTESIAN_POINT('',(0.890927314758301,-16.2556743621826,9.4140887260437));
#4210=CARTESIAN_POINT('Origin',(0.890927314758301,20.7026353147346,1.91408872604465));
#4211=CARTESIAN_POINT('',(0.890927314758301,-16.7859347661336,1.41408920288086));
#4212=CARTESIAN_POINT('',(0.890927314758301,-16.1000001430511,9.4140887260437));
#4213=CARTESIAN_POINT('',(0.890927314758301,-16.1000001430511,5.51825568079948));
#4214=CARTESIAN_POINT('',(0.890927314758301,-16.3767366607984,9.4140887260437));
#4215=CARTESIAN_POINT('Ctrl Pts',(17.5127994373963,22.0797715243566,2.44029128570874));
#4216=CARTESIAN_POINT('Ctrl Pts',(19.2270443822617,22.2408078309558,4.1056919944387));
#4217=CARTESIAN_POINT('Ctrl Pts',(19.3292732898027,19.8525052674946,4.25960125181482));
#4218=CARTESIAN_POINT('Ctrl Pts',(17.4258916511082,24.1565294596961,2.32893538600141));
#4219=CARTESIAN_POINT('Ctrl Pts',(20.6175791220065,24.4563568348164,5.42968163116296));
#4220=CARTESIAN_POINT('Ctrl Pts',(20.8079152372389,20.0096671179559,5.71623942437329));
#4221=CARTESIAN_POINT('Ctrl Pts',(16.3345183314098,25.6330764060724,3.30954234799474));
#4222=CARTESIAN_POINT('Ctrl Pts',(20.5595033828288,26.0299718381722,7.41414427205586));
#4223=CARTESIAN_POINT('Ctrl Pts',(20.8114601451791,20.1436819826225,7.7934741418255));
#4224=CARTESIAN_POINT('Ctrl Pts',(15.2431450117114,27.1096233524488,4.29014930998808));
#4225=CARTESIAN_POINT('Ctrl Pts',(20.501427643651,27.603586841528,9.39860691294876));
#4226=CARTESIAN_POINT('Ctrl Pts',(20.8150050531194,20.277696847289,9.87070885927772));
#4227=CARTESIAN_POINT('Ctrl Pts',(13.7925236651913,27.113028002209,5.78298645418461));
#4228=CARTESIAN_POINT('Ctrl Pts',(19.0290756748393,27.6049501149,10.8703326087062));
#4229=CARTESIAN_POINT('Ctrl Pts',(19.341357179785,20.3093354328794,11.3404835246709));
#4230=CARTESIAN_POINT('Ctrl Pts',(19.3075698197528,20.1539993286133,4.22166172855918));
#4231=CARTESIAN_POINT('Ctrl Pts',(19.4156358843734,20.1571915213753,4.32972733456444));
#4232=CARTESIAN_POINT('Ctrl Pts',(19.5187275484722,20.1591689370974,4.44273398850393));
#4233=CARTESIAN_POINT('Ctrl Pts',(19.6164272881458,20.1604795159886,4.56021823705451));
#4234=CARTESIAN_POINT('Ctrl Pts',(19.7141319380804,20.1617901607478,4.67770839020964));
#4235=CARTESIAN_POINT('Ctrl Pts',(19.8064439590023,20.1624339016457,4.79967638935268));
#4236=CARTESIAN_POINT('Ctrl Pts',(19.8929859970755,20.1629587615118,4.9256255791762));
#4237=CARTESIAN_POINT('Ctrl Pts',(19.9345528913177,20.1632108562745,4.9861200714467));
#4238=CARTESIAN_POINT('Ctrl Pts',(19.9747892812944,20.1634355256048,5.04753253886683));
#4239=CARTESIAN_POINT('Ctrl Pts',(20.0136568177977,20.1636934934544,5.10980544218082));
#4240=CARTESIAN_POINT('Ctrl Pts',(20.091078403748,20.1642073485074,5.23384898520006));
#4241=CARTESIAN_POINT('Ctrl Pts',(20.1630656797404,20.1648533255232,5.36130828140982));
#4242=CARTESIAN_POINT('Ctrl Pts',(20.2293342441562,20.1655606094934,5.49168858502851));
#4243=CARTESIAN_POINT('Ctrl Pts',(20.2955963234709,20.1662678242482,5.62205612951372));
#4244=CARTESIAN_POINT('Ctrl Pts',(20.3561406570357,20.1670363339589,5.75534381872638));
#4245=CARTESIAN_POINT('Ctrl Pts',(20.4107291153767,20.1677953444053,5.89103292467945));
#4246=CARTESIAN_POINT('Ctrl Pts',(20.4430756362454,20.1682450978511,5.97143582724836));
#4247=CARTESIAN_POINT('Ctrl Pts',(20.4733318297913,20.1686915159312,6.05268147362152));
#4248=CARTESIAN_POINT('Ctrl Pts',(20.5014561135898,20.1691198694834,6.13465858920753));
#4249=CARTESIAN_POINT('Ctrl Pts',(20.5488935065077,20.1698423759092,6.27292986644921));
#4250=CARTESIAN_POINT('Ctrl Pts',(20.5902629365005,20.1705134891779,6.4132828828762));
#4251=CARTESIAN_POINT('Ctrl Pts',(20.6254041694796,20.1711481272863,6.55517039180404));
#4252=CARTESIAN_POINT('Ctrl Pts',(20.6605518187965,20.1717828812716,6.69708380756829));
#4253=CARTESIAN_POINT('Ctrl Pts',(20.6894689192079,20.1723811467756,6.84053195562986));
#4254=CARTESIAN_POINT('Ctrl Pts',(20.7120458504682,20.1729578499683,6.98495510983453));
#4255=CARTESIAN_POINT('Ctrl Pts',(20.7254510397024,20.1733002709706,7.07070722953529));
#4256=CARTESIAN_POINT('Ctrl Pts',(20.7366219978084,20.1736350902612,7.15680287517573));
#4257=CARTESIAN_POINT('Ctrl Pts',(20.7455443740896,20.1739654322825,7.2431235605992));
#4258=CARTESIAN_POINT('Ctrl Pts',(20.7613075430742,20.1745490477835,7.39562638140708));
#4259=CARTESIAN_POINT('Ctrl Pts',(20.7700497037678,20.1751186886899,7.54883164850535));
#4260=CARTESIAN_POINT('Ctrl Pts',(20.7717385804259,20.1756711112612,7.7021122250616));
#4261=CARTESIAN_POINT('Ctrl Pts',(20.7734274435651,20.1762235294106,7.85539157465986));
#4262=CARTESIAN_POINT('Ctrl Pts',(20.76806313416,20.1767587295005,8.00874598193174));
#4263=CARTESIAN_POINT('Ctrl Pts',(20.7556654873116,20.1772734678684,8.16154787866471));
#4264=CARTESIAN_POINT('Ctrl Pts',(20.7498080726078,20.1775166620909,8.23374093978709));
#4265=CARTESIAN_POINT('Ctrl Pts',(20.7423814282973,20.1777552888443,8.30581068635841));
#4266=CARTESIAN_POINT('Ctrl Pts',(20.7333916889431,20.1779890060425,8.37769114414313));
#4267=CARTESIAN_POINT('Ctrl Pts',(20.7190516626907,-19.818956433971,8.49580115260182));
#4268=CARTESIAN_POINT('Ctrl Pts',(20.7194167224683,-20.0828472105892,8.46865490948762));
#4269=CARTESIAN_POINT('Ctrl Pts',(20.7154628060334,-20.3478596838249,8.44234498887518));
#4270=CARTESIAN_POINT('Ctrl Pts',(20.6942621228524,-20.6114959006089,8.41515416328488));
#4271=CARTESIAN_POINT('Ctrl Pts',(20.628033564799,-21.1336852275139,8.3658153159378));
#4272=CARTESIAN_POINT('Ctrl Pts',(20.5114314014714,-21.6488834781129,8.32075759216605));
#4273=CARTESIAN_POINT('Ctrl Pts',(20.4402914669137,-21.9037835897354,8.30327779912727));
#4274=CARTESIAN_POINT('Ctrl Pts',(20.2700175850782,-22.4160406024485,8.26514047194657));
#4275=CARTESIAN_POINT('Ctrl Pts',(20.0530767002831,-22.9026346096267,8.23670574057092));
#4276=CARTESIAN_POINT('Ctrl Pts',(19.9347400655274,-23.1349464060133,8.23163126433019));
#4277=CARTESIAN_POINT('Ctrl Pts',(19.6661629527411,-23.6043969948862,8.20950432452291));
#4278=CARTESIAN_POINT('Ctrl Pts',(19.357099542296,-24.0365903564388,8.20288807090224));
#4279=CARTESIAN_POINT('Ctrl Pts',(19.1917896101113,-24.2447219468034,8.20037003365774));
#4280=CARTESIAN_POINT('Ctrl Pts',(18.8462056322973,-24.6378792111378,8.19710954313974));
#4281=CARTESIAN_POINT('Ctrl Pts',(18.4707848498473,-24.9866453201663,8.20896695846119));
#4282=CARTESIAN_POINT('Ctrl Pts',(18.27620370413,-25.1495259740078,8.22081774701542));
#4283=CARTESIAN_POINT('Ctrl Pts',(17.9737239848942,-25.3778458589522,8.24477649846968));
#4284=CARTESIAN_POINT('Ctrl Pts',(17.6570694508091,-25.5811568389802,8.27840285099489));
#4285=CARTESIAN_POINT('Ctrl Pts',(17.5500062914428,-25.6461376459608,8.29064915355204));
#4286=CARTESIAN_POINT('Ctrl Pts',(17.3329083988315,-25.7705543547973,8.31706733530021));
#4287=CARTESIAN_POINT('Ctrl Pts',(17.1100336356735,-25.8839540066828,8.34696648637306));
#4288=CARTESIAN_POINT('Ctrl Pts',(16.9971931316125,-25.9379178588958,8.36269416026905));
#4289=CARTESIAN_POINT('Ctrl Pts',(16.6546963460139,-26.0916246002053,8.41198382012107));
#4290=CARTESIAN_POINT('Ctrl Pts',(16.3011537761658,-26.2208670049677,8.46727443345823));
#4291=CARTESIAN_POINT('Ctrl Pts',(16.0613648233084,-26.2962172170789,8.5065492230175));
#4292=CARTESIAN_POINT('Ctrl Pts',(15.6964674159351,-26.3936117543354,8.56874264170189));
#4293=CARTESIAN_POINT('Ctrl Pts',(15.3248562163425,-26.4696238410719,8.63480234573439));
#4294=CARTESIAN_POINT('Ctrl Pts',(15.2003044898745,-26.492697598216,8.65719819106013));
#4295=CARTESIAN_POINT('Ctrl Pts',(14.9499708240288,-26.5345984374537,8.7026330583983));
#4296=CARTESIAN_POINT('Ctrl Pts',(14.69744410653,-26.5686444100365,8.74916835080664));
#4297=CARTESIAN_POINT('Ctrl Pts',(14.5706991216233,-26.5838629320784,8.77266436204756));
#4298=CARTESIAN_POINT('Ctrl Pts',(14.4435382999751,-26.597455458421,8.79634926300677));
#4299=CARTESIAN_POINT('Ctrl Pts',(14.3160202692681,-26.6095983230073,8.82019164597136));
#4300=CARTESIAN_POINT('Ctrl Pts',(20.7399925295412,-19.8038517124138,8.33480641339798));
#4301=CARTESIAN_POINT('Ctrl Pts',(20.7418513431465,-20.0679765422699,8.30736603206367));
#4302=CARTESIAN_POINT('Ctrl Pts',(20.7387284278324,-20.3335578981093,8.28096401112211));
#4303=CARTESIAN_POINT('Ctrl Pts',(20.7169509562747,-20.5980430109143,8.25349945457807));
#4304=CARTESIAN_POINT('Ctrl Pts',(20.6506357899691,-21.1234588985092,8.20362075943077));
#4305=CARTESIAN_POINT('Ctrl Pts',(20.5340445979803,-21.642020793276,8.15764142064102));
#4306=CARTESIAN_POINT('Ctrl Pts',(20.4628634814128,-21.8988913996266,8.13988215488181));
#4307=CARTESIAN_POINT('Ctrl Pts',(20.2926299222912,-22.4141233177552,8.10162076045122));
#4308=CARTESIAN_POINT('Ctrl Pts',(20.075155316223,-22.9044125460986,8.07279401040062));
#4309=CARTESIAN_POINT('Ctrl Pts',(19.9576327081115,-23.1365400017994,8.07070634878152));
#4310=CARTESIAN_POINT('Ctrl Pts',(19.686350438392,-23.6141136701513,8.04331265299894));
#4311=CARTESIAN_POINT('Ctrl Pts',(19.3772575216513,-24.0476804566025,8.03973096906161));
#4312=CARTESIAN_POINT('Ctrl Pts',(19.210772430376,-24.2583121909665,8.0372652536583));
#4313=CARTESIAN_POINT('Ctrl Pts',(18.8625282544945,-24.6559241090553,8.0333269658553));
#4314=CARTESIAN_POINT('Ctrl Pts',(18.4846428791364,-25.0080371313637,8.0454682190727));
#4315=CARTESIAN_POINT('Ctrl Pts',(18.2888874434752,-25.1723022582705,8.05774764358327));
#4316=CARTESIAN_POINT('Ctrl Pts',(17.984351459791,-25.4027573183354,8.08197245405901));
#4317=CARTESIAN_POINT('Ctrl Pts',(17.6656532841074,-25.607776085305,8.11589936328041));
#4318=CARTESIAN_POINT('Ctrl Pts',(17.5579268678937,-25.6732656695568,8.1282617740284));
#4319=CARTESIAN_POINT('Ctrl Pts',(17.3395090003142,-25.7985956774357,8.15493931069567));
#4320=CARTESIAN_POINT('Ctrl Pts',(17.1153081352427,-25.9127063710858,8.18510496637179));
#4321=CARTESIAN_POINT('Ctrl Pts',(17.0017972680128,-25.9669773780447,8.20095610427317));
#4322=CARTESIAN_POINT('Ctrl Pts',(16.6572875153929,-26.1214481353162,8.25057399849855));
#4323=CARTESIAN_POINT('Ctrl Pts',(16.3018155898579,-26.2509238807102,8.30614639781006));
#4324=CARTESIAN_POINT('Ctrl Pts',(16.0608615865659,-26.3261407958457,8.34566725749233));
#4325=CARTESIAN_POINT('Ctrl Pts',(15.6943317952586,-26.4229151208433,8.40831408344774));
#4326=CARTESIAN_POINT('Ctrl Pts',(15.3212237983875,-26.4977560733099,8.47486504808424));
#4327=CARTESIAN_POINT('Ctrl Pts',(15.1961863688859,-26.5203826380829,8.49742500082713));
#4328=CARTESIAN_POINT('Ctrl Pts',(14.9449088583015,-26.5612884700078,8.54318228648581));
#4329=CARTESIAN_POINT('Ctrl Pts',(14.6914991896852,-26.5941746962419,8.59002100343295));
#4330=CARTESIAN_POINT('Ctrl Pts',(14.5643293783529,-26.6087811888447,8.61366207310923));
#4331=CARTESIAN_POINT('Ctrl Pts',(14.4367622645396,-26.6217412716605,8.63748452995139));
#4332=CARTESIAN_POINT('Ctrl Pts',(14.3088575022451,-26.6332426636817,8.66145669572725));
#4333=CARTESIAN_POINT('Ctrl Pts',(20.7581614558465,-19.7875920120559,8.17321654731084));
#4334=CARTESIAN_POINT('Ctrl Pts',(20.7611264672501,-20.0515892603895,8.14538356403106));
#4335=CARTESIAN_POINT('Ctrl Pts',(20.7568045181957,-20.3170976820499,8.11895285970421));
#4336=CARTESIAN_POINT('Ctrl Pts',(20.7347390820377,-20.5819509723752,8.09155545266723));
#4337=CARTESIAN_POINT('Ctrl Pts',(20.6682783576139,-21.1110233910508,8.04024786627097));
#4338=CARTESIAN_POINT('Ctrl Pts',(20.5511650100148,-21.6346889506658,7.99418096897586));
#4339=CARTESIAN_POINT('Ctrl Pts',(20.4802893987754,-21.8928943217316,7.97524613698686));
#4340=CARTESIAN_POINT('Ctrl Pts',(20.3105775870132,-22.4094308961049,7.93713884208138));
#4341=CARTESIAN_POINT('Ctrl Pts',(20.0932281059513,-22.9026242095189,7.90932575774554));
#4342=CARTESIAN_POINT('Ctrl Pts',(19.9762892713595,-23.1358258043769,7.90965352637225));
#4343=CARTESIAN_POINT('Ctrl Pts',(19.7022973088777,-23.6225735275688,7.87509477033523));
#4344=CARTESIAN_POINT('Ctrl Pts',(19.3945611441901,-24.0555531229762,7.87678216808802));
#4345=CARTESIAN_POINT('Ctrl Pts',(19.2271229331319,-24.2690217509061,7.87410726379113));
#4346=CARTESIAN_POINT('Ctrl Pts',(18.8757421348758,-24.6721312530301,7.8692643357103));
#4347=CARTESIAN_POINT('Ctrl Pts',(18.495627985223,-25.0275816631529,7.88242968238764));
#4348=CARTESIAN_POINT('Ctrl Pts',(18.2987817939388,-25.1933348098295,7.89510883057229));
#4349=CARTESIAN_POINT('Ctrl Pts',(17.9921939744342,-25.4261223653653,7.91958261922725));
#4350=CARTESIAN_POINT('Ctrl Pts',(17.6714530043338,-25.6330279369159,7.95373756281891));
#4351=CARTESIAN_POINT('Ctrl Pts',(17.5630825337058,-25.6990699584938,7.96619959700595));
#4352=CARTESIAN_POINT('Ctrl Pts',(17.3433802181146,-25.8253989657697,7.99311297996863));
#4353=CARTESIAN_POINT('Ctrl Pts',(17.1178870519572,-25.9402984884106,8.02352365035165));
#4354=CARTESIAN_POINT('Ctrl Pts',(17.0037196344997,-25.9949151090762,8.03948287294793));
#4355=CARTESIAN_POINT('Ctrl Pts',(16.657237756,-26.1502614587514,8.08936636789087));
#4356=CARTESIAN_POINT('Ctrl Pts',(16.2999078766716,-26.2800518374587,8.14515598433321));
#4357=CARTESIAN_POINT('Ctrl Pts',(16.0578711427156,-26.3551646008907,8.18491633928261));
#4358=CARTESIAN_POINT('Ctrl Pts',(15.6898267112135,-26.4513474045366,8.24801977837195));
#4359=CARTESIAN_POINT('Ctrl Pts',(15.31532808835,-26.5250153894818,8.31506964149631));
#4360=CARTESIAN_POINT('Ctrl Pts',(15.1898384845441,-26.54719068098,8.33779571990738));
#4361=CARTESIAN_POINT('Ctrl Pts',(14.9376816561998,-26.5870861759013,8.38387795660093));
#4362=CARTESIAN_POINT('Ctrl Pts',(14.6834505506924,-26.6187857172564,8.43101970536387));
#4363=CARTESIAN_POINT('Ctrl Pts',(14.555886452314,-26.632764445571,8.45480492837144));
#4364=CARTESIAN_POINT('Ctrl Pts',(14.4279437631596,-26.6450755505914,8.47876347739205));
#4365=CARTESIAN_POINT('Ctrl Pts',(14.2996832760268,-26.6559196160152,8.50286350997246));
#4366=CARTESIAN_POINT('Ctrl Pts',(20.7696045675328,-19.7712562266428,8.01111375244342));
#4367=CARTESIAN_POINT('Ctrl Pts',(20.772264605271,-20.0352103430396,7.98312238996046));
#4368=CARTESIAN_POINT('Ctrl Pts',(20.766489796005,-20.300330761109,7.95738761912816));
#4369=CARTESIAN_POINT('Ctrl Pts',(20.7447578725303,-20.5665784011176,7.92762331929653));
#4370=CARTESIAN_POINT('Ctrl Pts',(20.6783323947015,-21.0971091229152,7.87485134508291));
#4371=CARTESIAN_POINT('Ctrl Pts',(20.5611267118618,-21.623455814267,7.8285540266272));
#4372=CARTESIAN_POINT('Ctrl Pts',(20.4899150977398,-21.8842138211524,7.80800480114847));
#4373=CARTESIAN_POINT('Ctrl Pts',(20.3217704521521,-22.4018439269018,7.77032955397881));
#4374=CARTESIAN_POINT('Ctrl Pts',(20.1044033041934,-22.8993949802791,7.74286862032734));
#4375=CARTESIAN_POINT('Ctrl Pts',(19.983512233643,-23.1435725005463,7.73307758545384));
#4376=CARTESIAN_POINT('Ctrl Pts',(19.7173297833516,-23.6204882328222,7.71480540130014));
#4377=CARTESIAN_POINT('Ctrl Pts',(19.4072253179769,-24.0629697679379,7.71055103594565));
#4378=CARTESIAN_POINT('Ctrl Pts',(19.2407770327392,-24.2772150234589,7.70864564812016));
#4379=CARTESIAN_POINT('Ctrl Pts',(18.8850156885861,-24.6873758987562,7.70594030256056));
#4380=CARTESIAN_POINT('Ctrl Pts',(18.5041917255844,-25.0439507220404,7.72035554928137));
#4381=CARTESIAN_POINT('Ctrl Pts',(18.3052387454554,-25.2125028630819,7.7323514006776));
#4382=CARTESIAN_POINT('Ctrl Pts',(17.9975764844066,-25.4473091316148,7.75786405716502));
#4383=CARTESIAN_POINT('Ctrl Pts',(17.674220071391,-25.6567469287863,7.79191214818579));
#4384=CARTESIAN_POINT('Ctrl Pts',(17.565229045484,-25.7233899494046,7.80440575990499));
#4385=CARTESIAN_POINT('Ctrl Pts',(17.3443829846953,-25.8507553325368,7.83155056471907));
#4386=CARTESIAN_POINT('Ctrl Pts',(17.1176230778747,-25.9665539089205,7.86219887104521));
#4387=CARTESIAN_POINT('Ctrl Pts',(17.0027789976239,-26.0215798195919,7.87821175693869));
#4388=CARTESIAN_POINT('Ctrl Pts',(16.6544254273345,-26.1779041429761,7.92831501090062));
#4389=CARTESIAN_POINT('Ctrl Pts',(16.2953231024357,-26.308106121391,7.98426016117347));
#4390=CARTESIAN_POINT('Ctrl Pts',(16.0522981691422,-26.3831544167869,8.02424520602892));
#4391=CARTESIAN_POINT('Ctrl Pts',(15.6828833493807,-26.4787860728696,8.08782256073447));
#4392=CARTESIAN_POINT('Ctrl Pts',(15.3071164227101,-26.5512920848741,8.15538679659378));
#4393=CARTESIAN_POINT('Ctrl Pts',(15.1812124121989,-26.5730161445013,8.17828272277831));
#4394=CARTESIAN_POINT('Ctrl Pts',(14.9282483191837,-26.6118929084997,8.22469488404996));
#4395=CARTESIAN_POINT('Ctrl Pts',(14.6732637283676,-26.6423829569243,8.27214041517));
#4396=CARTESIAN_POINT('Ctrl Pts',(14.5453390648702,-26.655719476295,8.29606931185491));
#4397=CARTESIAN_POINT('Ctrl Pts',(14.4170547404161,-26.6673659896617,8.32016284087513));
#4398=CARTESIAN_POINT('Ctrl Pts',(14.2884727925169,-26.6775378697368,8.34438914789373));
#4399=CARTESIAN_POINT('Ctrl Pts',(20.777763635087,-19.7373893527881,7.68570509198588));
#4400=CARTESIAN_POINT('Ctrl Pts',(20.7798685201632,-20.0013531576203,7.65460005935107));
#4401=CARTESIAN_POINT('Ctrl Pts',(20.772799457446,-20.2664275206742,7.62498229132547));
#4402=CARTESIAN_POINT('Ctrl Pts',(20.7518237632692,-20.5328092623685,7.5983728469146));
#4403=CARTESIAN_POINT('Ctrl Pts',(20.685375862428,-21.0667598050685,7.54307238404776));
#4404=CARTESIAN_POINT('Ctrl Pts',(20.5688338004411,-21.5972848579313,7.49497103695913));
#4405=CARTESIAN_POINT('Ctrl Pts',(20.4977912156918,-21.8610779462884,7.47298466411553));
#4406=CARTESIAN_POINT('Ctrl Pts',(20.3309992310255,-22.382305676788,7.43444442999471));
#4407=CARTESIAN_POINT('Ctrl Pts',(20.1145910036814,-22.8879418453645,7.40641246438284));
#4408=CARTESIAN_POINT('Ctrl Pts',(19.9938001742833,-23.1361490167342,7.39498379414515));
#4409=CARTESIAN_POINT('Ctrl Pts',(19.7293753219151,-23.6181578138447,7.3792756683461));
#4410=CARTESIAN_POINT('Ctrl Pts',(19.4186156811322,-24.0718145274246,7.37410909438566));
#4411=CARTESIAN_POINT('Ctrl Pts',(19.2509005476755,-24.2913940954634,7.37287749457139));
#4412=CARTESIAN_POINT('Ctrl Pts',(18.9020403921021,-24.7030575681004,7.38035854831461));
#4413=CARTESIAN_POINT('Ctrl Pts',(18.5152016517839,-25.0722879963987,7.39868471978305));
#4414=CARTESIAN_POINT('Ctrl Pts',(18.3159693858282,-25.2437410513886,7.41152284865642));
#4415=CARTESIAN_POINT('Ctrl Pts',(17.998991964495,-25.4878871074907,7.43425994678935));
#4416=CARTESIAN_POINT('Ctrl Pts',(17.6731154562361,-25.7007914764327,7.46835129889261));
#4417=CARTESIAN_POINT('Ctrl Pts',(17.5634249309718,-25.7684215314723,7.48126385434794));
#4418=CARTESIAN_POINT('Ctrl Pts',(17.339973667991,-25.8983720819356,7.50871270874662));
#4419=CARTESIAN_POINT('Ctrl Pts',(17.1107926566727,-26.0161169202881,7.53967065585984));
#4420=CARTESIAN_POINT('Ctrl Pts',(16.9948964877949,-26.0719142633729,7.55596614368221));
#4421=CARTESIAN_POINT('Ctrl Pts',(16.6426854624836,-26.2306135427148,7.60614112049832));
#4422=CARTESIAN_POINT('Ctrl Pts',(16.2804113668991,-26.361785350971,7.66220465619898));
#4423=CARTESIAN_POINT('Ctrl Pts',(16.0358674922217,-26.4366730423019,7.70293572914059));
#4424=CARTESIAN_POINT('Ctrl Pts',(15.6640685859992,-26.5313246793997,7.76755722665162));
#4425=CARTESIAN_POINT('Ctrl Pts',(15.2860196875973,-26.6015844782959,7.83619581594763));
#4426=CARTESIAN_POINT('Ctrl Pts',(15.1593627639514,-26.6224235144519,7.85944024334416));
#4427=CARTESIAN_POINT('Ctrl Pts',(14.9049285460733,-26.6592749676591,7.9065210202833));
#4428=CARTESIAN_POINT('Ctrl Pts',(14.6485771619264,-26.6873179570956,7.95457191834117));
#4429=CARTESIAN_POINT('Ctrl Pts',(14.5200032782371,-26.6993470213276,7.9787861041104));
#4430=CARTESIAN_POINT('Ctrl Pts',(14.3911094191839,-26.7096374641452,8.00314709802892));
#4431=CARTESIAN_POINT('Ctrl Pts',(14.2619596870798,-26.7184393491019,8.02762305345352));
#4432=CARTESIAN_POINT('Ctrl Pts',(20.7595269797106,-19.7002723389512,7.36304978199043));
#4433=CARTESIAN_POINT('Ctrl Pts',(20.7606759022326,-19.9637850284842,7.33062612270637));
#4434=CARTESIAN_POINT('Ctrl Pts',(20.7529867573426,-20.2280213362405,7.30094860535863));
#4435=CARTESIAN_POINT('Ctrl Pts',(20.7316985129421,-20.4947743260019,7.26882866536125));
#4436=CARTESIAN_POINT('Ctrl Pts',(20.6650574824187,-21.0294831718258,7.21027530551419));
#4437=CARTESIAN_POINT('Ctrl Pts',(20.5493691005909,-21.5627410308456,7.15947592431491));
#4438=CARTESIAN_POINT('Ctrl Pts',(20.4791519609909,-21.8279914829751,7.13647668780798));
#4439=CARTESIAN_POINT('Ctrl Pts',(20.3139755315053,-22.353454370853,7.09580825930881));
#4440=CARTESIAN_POINT('Ctrl Pts',(20.0998835720703,-22.8641643046131,7.06691121258317));
#4441=CARTESIAN_POINT('Ctrl Pts',(19.9808075368597,-23.1146526239963,7.05577576936878));
#4442=CARTESIAN_POINT('Ctrl Pts',(19.7181095637368,-23.6040105671153,7.03893951977233));
#4443=CARTESIAN_POINT('Ctrl Pts',(19.4096688135236,-24.0640066619557,7.03520974067561));
#4444=CARTESIAN_POINT('Ctrl Pts',(19.2445587188453,-24.2849678682017,7.03661409414014));
#4445=CARTESIAN_POINT('Ctrl Pts',(18.8942758886519,-24.7080005533509,7.04500098870719));
#4446=CARTESIAN_POINT('Ctrl Pts',(18.5063170131353,-25.0888640754245,7.06850301774434));
#4447=CARTESIAN_POINT('Ctrl Pts',(18.3058236669786,-25.2659814342538,7.08492822868177));
#4448=CARTESIAN_POINT('Ctrl Pts',(17.9884468299668,-25.5159952083822,7.10984970718182));
#4449=CARTESIAN_POINT('Ctrl Pts',(17.6603739716741,-25.7340588265317,7.14558622558445));
#4450=CARTESIAN_POINT('Ctrl Pts',(17.5482678057828,-25.8043564223285,7.15796731258545));
#4451=CARTESIAN_POINT('Ctrl Pts',(17.3223015958521,-25.9377409337065,7.18508456835693));
#4452=CARTESIAN_POINT('Ctrl Pts',(17.0918374778166,-26.0575649763389,7.21715989477229));
#4453=CARTESIAN_POINT('Ctrl Pts',(16.9741336421649,-26.1148928913395,7.23310671447817));
#4454=CARTESIAN_POINT('Ctrl Pts',(16.6189408831774,-26.2765343566893,7.28316991997543));
#4455=CARTESIAN_POINT('Ctrl Pts',(16.2555351823852,-26.4084287473279,7.34064798326215));
#4456=CARTESIAN_POINT('Ctrl Pts',(16.0090553438657,-26.4839494847424,7.38168328207561));
#4457=CARTESIAN_POINT('Ctrl Pts',(15.6354536731847,-26.5781485339562,7.44751083717753));
#4458=CARTESIAN_POINT('Ctrl Pts',(15.255562915227,-26.6465500072001,7.51725530171255));
#4459=CARTESIAN_POINT('Ctrl Pts',(15.1282937948222,-26.6666082924005,7.54084603872748));
#4460=CARTESIAN_POINT('Ctrl Pts',(14.8726829721003,-26.7015727316081,7.58858849785628));
#4461=CARTESIAN_POINT('Ctrl Pts',(14.6152819369141,-26.7271754835186,7.63724064772068));
#4462=CARTESIAN_POINT('Ctrl Pts',(14.4862235420477,-26.7378692674136,7.6617410668611));
#4463=CARTESIAN_POINT('Ctrl Pts',(14.3568871431746,-26.7467617725783,7.68637009609177));
#4464=CARTESIAN_POINT('Ctrl Pts',(14.2273379063204,-26.7541547981211,7.71109545986144));
#4465=CARTESIAN_POINT('Ctrl Pts',(20.7438652202859,-19.6806639580764,7.20214282625884));
#4466=CARTESIAN_POINT('Ctrl Pts',(20.7444428597389,-19.9438566590764,7.16809500456326));
#4467=CARTESIAN_POINT('Ctrl Pts',(20.7362620021382,-20.2078049751558,7.13657712570105));
#4468=CARTESIAN_POINT('Ctrl Pts',(20.7147436737964,-20.4743317948691,7.10449782662772));
#4469=CARTESIAN_POINT('Ctrl Pts',(20.6480783346663,-21.0092324109708,7.04424725707386));
#4470=CARTESIAN_POINT('Ctrl Pts',(20.5328545450109,-21.5433686142779,6.99196118330058));
#4471=CARTESIAN_POINT('Ctrl Pts',(20.462987605905,-21.8092569560531,6.96827370074914));
#4472=CARTESIAN_POINT('Ctrl Pts',(20.2989006064683,-22.3362742378838,6.92654612061312));
#4473=CARTESIAN_POINT('Ctrl Pts',(20.0860660528287,-22.8494039477841,6.89678197006414));
#4474=CARTESIAN_POINT('Ctrl Pts',(19.9676795791814,-23.101166830751,6.88525303787652));
#4475=CARTESIAN_POINT('Ctrl Pts',(19.7064951178253,-23.5934661674758,6.86841689688025));
#4476=CARTESIAN_POINT('Ctrl Pts',(19.3998490732957,-24.0565941532226,6.86528471001653));
#4477=CARTESIAN_POINT('Ctrl Pts',(19.2352171541174,-24.2800546934014,6.86669641423365));
#4478=CARTESIAN_POINT('Ctrl Pts',(18.8855193803787,-24.7071072089324,6.87687443364092));
#4479=CARTESIAN_POINT('Ctrl Pts',(18.4981695698498,-25.0912770920984,6.90092461029896));
#4480=CARTESIAN_POINT('Ctrl Pts',(18.2954788670218,-25.2720626169763,6.91686909018496));
#4481=CARTESIAN_POINT('Ctrl Pts',(17.9811575351446,-25.5242058840557,6.94649628897156));
#4482=CARTESIAN_POINT('Ctrl Pts',(17.6502541523828,-25.747792191138,6.98384930427032));
#4483=CARTESIAN_POINT('Ctrl Pts',(17.5376976450691,-25.8193241832441,6.99648235468131));
#4484=CARTESIAN_POINT('Ctrl Pts',(17.3110405030034,-25.9546278249155,7.02412152420376));
#4485=CARTESIAN_POINT('Ctrl Pts',(17.0787927340996,-26.0762802835948,7.05558570303166));
#4486=CARTESIAN_POINT('Ctrl Pts',(16.958789147705,-26.1350841131388,7.07009593685382));
#4487=CARTESIAN_POINT('Ctrl Pts',(16.6068961378325,-26.2958154905713,7.12223249364646));
#4488=CARTESIAN_POINT('Ctrl Pts',(16.2390593182716,-26.4305955416342,7.18010575605544));
#4489=CARTESIAN_POINT('Ctrl Pts',(15.9931740346355,-26.5056693596369,7.22109040902001));
#4490=CARTESIAN_POINT('Ctrl Pts',(15.6187323562732,-26.5998651146924,7.28754157628691));
#4491=CARTESIAN_POINT('Ctrl Pts',(15.2379825304628,-26.6674998724252,7.35781526547244));
#4492=CARTESIAN_POINT('Ctrl Pts',(15.1104590506284,-26.6872065159143,7.38158438134974));
#4493=CARTESIAN_POINT('Ctrl Pts',(14.8543329297165,-26.7212911834916,7.42965173949018));
#4494=CARTESIAN_POINT('Ctrl Pts',(14.5964871437505,-26.7456942277769,7.4786001789745));
#4495=CARTESIAN_POINT('Ctrl Pts',(14.4672329647873,-26.7557185632953,7.50324476568229));
#4496=CARTESIAN_POINT('Ctrl Pts',(14.3377216279264,-26.7639046945844,7.52800890925193));
#4497=CARTESIAN_POINT('Ctrl Pts',(14.2080190360364,-26.7705868604798,7.55286004514222));
#4498=CARTESIAN_POINT('Ctrl Pts',(20.6995460851643,-19.639566820586,6.88299722426716));
#4499=CARTESIAN_POINT('Ctrl Pts',(20.6985585968724,-19.9020787524533,6.84578333287157));
#4500=CARTESIAN_POINT('Ctrl Pts',(20.68889170105,-20.1650412621137,6.8106178281244));
#4501=CARTESIAN_POINT('Ctrl Pts',(20.6674081280988,-20.430807299103,6.77813614480113));
#4502=CARTESIAN_POINT('Ctrl Pts',(20.6003407727814,-20.9652433601341,6.71398094937039));
#4503=CARTESIAN_POINT('Ctrl Pts',(20.4861699683963,-21.5004753531805,6.65850139988553));
#4504=CARTESIAN_POINT('Ctrl Pts',(20.4172145718306,-21.7672353798419,6.63338067256927));
#4505=CARTESIAN_POINT('Ctrl Pts',(20.2554628040379,-22.296763480542,6.58908507927571));
#4506=CARTESIAN_POINT('Ctrl Pts',(20.0459500144761,-22.8137122493256,6.55761647424922));
#4507=CARTESIAN_POINT('Ctrl Pts',(19.9291594617995,-23.0679689513524,6.54524654530602));
#4508=CARTESIAN_POINT('Ctrl Pts',(19.6719671313149,-23.5651962865771,6.52776435824666));
#4509=CARTESIAN_POINT('Ctrl Pts',(19.3686241929164,-24.0349292542251,6.52496436298222));
#4510=CARTESIAN_POINT('Ctrl Pts',(19.2054836522523,-24.2619605475895,6.52682211693875));
#4511=CARTESIAN_POINT('Ctrl Pts',(18.8584662176478,-24.6968831357417,6.53872923606843));
#4512=CARTESIAN_POINT('Ctrl Pts',(18.4721867783243,-25.0902212372106,6.56596214758157));
#4513=CARTESIAN_POINT('Ctrl Pts',(18.2703825111981,-25.2749322506638,6.58333877823591));
#4514=CARTESIAN_POINT('Ctrl Pts',(17.9544067876027,-25.5344436121076,6.61468296821335));
#4515=CARTESIAN_POINT('Ctrl Pts',(17.6225161468,-25.7650462518579,6.65474595667318));
#4516=CARTESIAN_POINT('Ctrl Pts',(17.5100582800096,-25.8386776031582,6.66878553528019));
#4517=CARTESIAN_POINT('Ctrl Pts',(17.2820970129656,-25.9790684314699,6.69850150994763));
#4518=CARTESIAN_POINT('Ctrl Pts',(17.0488537486852,-26.1050615803883,6.73150887106527));
#4519=CARTESIAN_POINT('Ctrl Pts',(16.9305499745479,-26.1645860874792,6.74831684114897));
#4520=CARTESIAN_POINT('Ctrl Pts',(16.571604355214,-26.3325552375444,6.79998459052659));
#4521=CARTESIAN_POINT('Ctrl Pts',(16.2041401969119,-26.4676829911531,6.85815962344079));
#4522=CARTESIAN_POINT('Ctrl Pts',(15.9563374449897,-26.5445309451565,6.9000059416649));
#4523=CARTESIAN_POINT('Ctrl Pts',(15.5802791581395,-26.63932061645,6.96761233969327));
#4524=CARTESIAN_POINT('Ctrl Pts',(15.1981802500689,-26.7058328585775,7.03898183177076));
#4525=CARTESIAN_POINT('Ctrl Pts',(15.070102513374,-26.7249986657003,7.06301998587987));
#4526=CARTESIAN_POINT('Ctrl Pts',(14.8131198434018,-26.7575289060261,7.11169212670103));
#4527=CARTESIAN_POINT('Ctrl Pts',(14.5546548529907,-26.7795941922799,7.16126334906755));
#4528=CARTESIAN_POINT('Ctrl Pts',(14.4251223534528,-26.7882828374239,7.1862123083581));
#4529=CARTESIAN_POINT('Ctrl Pts',(14.2953703618874,-26.7950477654856,7.21125995382691));
#4530=CARTESIAN_POINT('Ctrl Pts',(14.1654661107485,-26.8003021072371,7.23637295902909));
#4531=CARTESIAN_POINT('Ctrl Pts',(20.6301626821466,-19.5940590063063,6.57139266274266));
#4532=CARTESIAN_POINT('Ctrl Pts',(20.6273298701662,-19.8557346000917,6.53186102164935));
#4533=CARTESIAN_POINT('Ctrl Pts',(20.6160236156368,-20.1176075352779,6.4944706803677));
#4534=CARTESIAN_POINT('Ctrl Pts',(20.5935176936418,-20.381710810966,6.4581679043592));
#4535=CARTESIAN_POINT('Ctrl Pts',(20.5256541206983,-20.9145204968458,6.38960650001874));
#4536=CARTESIAN_POINT('Ctrl Pts',(20.4126094421022,-21.4494628950869,6.33050091184399));
#4537=CARTESIAN_POINT('Ctrl Pts',(20.3447533058452,-21.7163508697172,6.30371706638135));
#4538=CARTESIAN_POINT('Ctrl Pts',(20.1859614043435,-22.2469648400171,6.25625375191918));
#4539=CARTESIAN_POINT('Ctrl Pts',(19.9806621369533,-22.7665241658228,6.22220309519765));
#4540=CARTESIAN_POINT('Ctrl Pts',(19.8661272041041,-23.0225545423937,6.20865353571169));
#4541=CARTESIAN_POINT('Ctrl Pts',(19.6139082032409,-23.5238149358666,6.1895989216371));
#4542=CARTESIAN_POINT('Ctrl Pts',(19.3153196339651,-23.9993376113701,6.18599554033056));
#4543=CARTESIAN_POINT('Ctrl Pts',(19.1544524596926,-24.2296050457707,6.1879932563319));
#4544=CARTESIAN_POINT('Ctrl Pts',(18.811305634757,-24.6716800509347,6.20016159897513));
#4545=CARTESIAN_POINT('Ctrl Pts',(18.4279512552951,-25.0729300369891,6.22893118011659));
#4546=CARTESIAN_POINT('Ctrl Pts',(18.2270309446636,-25.2624049954871,6.24768221248837));
#4547=CARTESIAN_POINT('Ctrl Pts',(17.9122551814781,-25.5283092044548,6.28088514866388));
#4548=CARTESIAN_POINT('Ctrl Pts',(17.5807770835743,-25.7648075271298,6.32238187214969));
#4549=CARTESIAN_POINT('Ctrl Pts',(17.4684849621406,-25.8403524497033,6.3371478039572));
#4550=CARTESIAN_POINT('Ctrl Pts',(17.2403417269853,-25.9849581761308,6.36838943326452));
#4551=CARTESIAN_POINT('Ctrl Pts',(17.0064765297082,-26.1156634358988,6.403037674941));
#4552=CARTESIAN_POINT('Ctrl Pts',(16.8878597723373,-26.1776066197005,6.42100808515718));
#4553=CARTESIAN_POINT('Ctrl Pts',(16.5276330281346,-26.352683077959,6.47625288810825));
#4554=CARTESIAN_POINT('Ctrl Pts',(16.1583760809374,-26.4935378819188,6.53608096145282));
#4555=CARTESIAN_POINT('Ctrl Pts',(15.9090609932375,-26.5721672058348,6.57850078775423));
#4556=CARTESIAN_POINT('Ctrl Pts',(15.5324602815518,-26.6688651990386,6.64776382587806));
#4557=CARTESIAN_POINT('Ctrl Pts',(15.1488470493073,-26.7356677682941,6.7197111128263));
#4558=CARTESIAN_POINT('Ctrl Pts',(15.0206079529306,-26.7546526075555,6.74402925269549));
#4559=CARTESIAN_POINT('Ctrl Pts',(14.7634411600423,-26.7862731248163,6.79340791464793));
#4560=CARTESIAN_POINT('Ctrl Pts',(14.5048394649037,-26.8063704977221,6.84371558055896));
#4561=CARTESIAN_POINT('Ctrl Pts',(14.3752429842538,-26.8138011702542,6.86901230115039));
#4562=CARTESIAN_POINT('Ctrl Pts',(14.245461882933,-26.8191547563321,6.89437398774389));
#4563=CARTESIAN_POINT('Ctrl Pts',(14.1155594333472,-26.8230053473787,6.91977107093725));
#4564=CARTESIAN_POINT('Ctrl Pts',(20.5892920943771,-19.5700389343182,6.41740908635653));
#4565=CARTESIAN_POINT('Ctrl Pts',(20.5854319975383,-19.831192499411,6.37651217956074));
#4566=CARTESIAN_POINT('Ctrl Pts',(20.5734145277776,-20.0924964948536,6.33824042873806));
#4567=CARTESIAN_POINT('Ctrl Pts',(20.550054824047,-20.3557654470102,6.3001382317842));
#4568=CARTESIAN_POINT('Ctrl Pts',(20.4816493697048,-20.8874947088965,6.2295190062584));
#4569=CARTESIAN_POINT('Ctrl Pts',(20.36918679466,-21.4219554319185,6.16842066603625));
#4570=CARTESIAN_POINT('Ctrl Pts',(20.3019134880649,-21.6887655366954,6.14073539886435));
#4571=CARTESIAN_POINT('Ctrl Pts',(20.1447807579888,-22.2195692900858,6.09154433446677));
#4572=CARTESIAN_POINT('Ctrl Pts',(19.9418239860928,-22.7401181926421,6.0560057355127));
#4573=CARTESIAN_POINT('Ctrl Pts',(19.8286045337337,-22.9968210990548,6.04180397378226));
#4574=CARTESIAN_POINT('Ctrl Pts',(19.5791234230666,-23.4998596994097,6.02168286106766));
#4575=CARTESIAN_POINT('Ctrl Pts',(19.2830526709747,-23.9782253231163,6.01723538243441));
#4576=CARTESIAN_POINT('Ctrl Pts',(19.1235423073676,-24.2098860513541,6.01908527000412));
#4577=CARTESIAN_POINT('Ctrl Pts',(18.7829179781296,-24.6552693378736,6.03148437148496));
#4578=CARTESIAN_POINT('Ctrl Pts',(18.4012866903505,-25.060405681301,6.06068782790305));
#4579=CARTESIAN_POINT('Ctrl Pts',(18.2009453827821,-25.2517410257918,6.07937398737559));
#4580=CARTESIAN_POINT('Ctrl Pts',(17.8872865320973,-25.5207119151249,6.11356894021651));
#4581=CARTESIAN_POINT('Ctrl Pts',(17.5561415218284,-25.7606830247655,6.15609651487103));
#4582=CARTESIAN_POINT('Ctrl Pts',(17.4439231522995,-25.837348920974,6.17114923447438));
#4583=CARTESIAN_POINT('Ctrl Pts',(17.2160446361469,-25.9838301871982,6.2028857623492));
#4584=CARTESIAN_POINT('Ctrl Pts',(16.9818931626304,-26.1163910459762,6.23772494432995));
#4585=CARTESIAN_POINT('Ctrl Pts',(16.8633087893067,-26.1791741126956,6.25589645143785));
#4586=CARTESIAN_POINT('Ctrl Pts',(16.5039210982617,-26.3567405018111,6.31275032092406));
#4587=CARTESIAN_POINT('Ctrl Pts',(16.1344023126787,-26.5015101380659,6.3755237917992));
#4588=CARTESIAN_POINT('Ctrl Pts',(15.8842937638516,-26.5825976861248,6.41861705697843));
#4589=CARTESIAN_POINT('Ctrl Pts',(15.506236644348,-26.6808395934481,6.48791400553492));
#4590=CARTESIAN_POINT('Ctrl Pts',(15.1204093891606,-26.7483581673176,6.55922326546152));
#4591=CARTESIAN_POINT('Ctrl Pts',(14.9937432932435,-26.7670118119035,6.58432098854828));
#4592=CARTESIAN_POINT('Ctrl Pts',(14.7367676226069,-26.7984969319095,6.63421638521614));
#4593=CARTESIAN_POINT('Ctrl Pts',(14.4780827805623,-26.8178081566108,6.68483929471852));
#4594=CARTESIAN_POINT('Ctrl Pts',(14.3484754070392,-26.8245620548452,6.71034204638129));
#4595=CARTESIAN_POINT('Ctrl Pts',(14.2187327509514,-26.8292494366671,6.73587463861479));
#4596=CARTESIAN_POINT('Ctrl Pts',(14.0888833196233,-26.832431304048,6.76142277016276));
#4597=CARTESIAN_POINT('Ctrl Pts',(20.518981840247,-19.5322168756489,6.19003657063495));
#4598=CARTESIAN_POINT('Ctrl Pts',(20.5133093316956,-19.7925563000477,6.14701449999515));
#4599=CARTESIAN_POINT('Ctrl Pts',(20.4993065633971,-20.0526500376187,6.1057440018131));
#4600=CARTESIAN_POINT('Ctrl Pts',(20.47542432708,-20.3147964193215,6.06711066239979));
#4601=CARTESIAN_POINT('Ctrl Pts',(20.405918120865,-20.8445298322585,5.99304228612222));
#4602=CARTESIAN_POINT('Ctrl Pts',(20.2944034197571,-21.3778484276838,5.9290649578945));
#4603=CARTESIAN_POINT('Ctrl Pts',(20.2280494444072,-21.6442799560496,5.89988632507022));
#4604=CARTESIAN_POINT('Ctrl Pts',(20.073578335127,-22.1748943806861,5.84785504522629));
#4605=CARTESIAN_POINT('Ctrl Pts',(19.8744763646203,-22.696474836472,5.80973245723909));
#4606=CARTESIAN_POINT('Ctrl Pts',(19.7634621183518,-22.9539437724445,5.79441378735132));
#4607=CARTESIAN_POINT('Ctrl Pts',(19.5183987900638,-23.4593762838489,5.77212314893895));
#4608=CARTESIAN_POINT('Ctrl Pts',(19.2266818851833,-23.9414539996857,5.76615744541633));
#4609=CARTESIAN_POINT('Ctrl Pts',(19.0695056689098,-24.1750634905572,5.76770136990802));
#4610=CARTESIAN_POINT('Ctrl Pts',(18.7329396279502,-24.6250581903565,5.77957732137671));
#4611=CARTESIAN_POINT('Ctrl Pts',(18.3546037831608,-25.0356851383419,5.80908180199168));
#4612=CARTESIAN_POINT('Ctrl Pts',(18.1556455805908,-25.2299629345343,5.82816421167084));
#4613=CARTESIAN_POINT('Ctrl Pts',(17.8437503742596,-25.5032608685106,5.86299590791923));
#4614=CARTESIAN_POINT('Ctrl Pts',(17.5138002287962,-25.747705161012,5.90650756307814));
#4615=CARTESIAN_POINT('Ctrl Pts',(17.4019336684502,-25.8258841157885,5.92193870276195));
#4616=CARTESIAN_POINT('Ctrl Pts',(17.1747122670084,-25.9753992206242,5.95456196323464));
#4617=CARTESIAN_POINT('Ctrl Pts',(16.9409229070916,-26.1109638668434,5.99036324100521));
#4618=CARTESIAN_POINT('Ctrl Pts',(16.8225246496166,-26.1751725921513,6.00901383684447));
#4619=CARTESIAN_POINT('Ctrl Pts',(16.4633722527317,-26.3568922394236,6.06715229704854));
#4620=CARTESIAN_POINT('Ctrl Pts',(16.0931218125725,-26.5059277434417,6.13137952371505));
#4621=CARTESIAN_POINT('Ctrl Pts',(15.8432838543331,-26.590387160751,6.17678409205032));
#4622=CARTESIAN_POINT('Ctrl Pts',(15.4628625218428,-26.6932975102426,6.24690827766075));
#4623=CARTESIAN_POINT('Ctrl Pts',(15.0787963609438,-26.7621354746382,6.3198925110043));
#4624=CARTESIAN_POINT('Ctrl Pts',(14.9512489767987,-26.7813604475639,6.34488589172294));
#4625=CARTESIAN_POINT('Ctrl Pts',(14.6938379456981,-26.8130292351721,6.39512831702439));
#4626=CARTESIAN_POINT('Ctrl Pts',(14.435276783961,-26.8314499102391,6.44648494618342));
#4627=CARTESIAN_POINT('Ctrl Pts',(14.3059050026445,-26.8375960944563,6.47228729813236));
#4628=CARTESIAN_POINT('Ctrl Pts',(14.1762895106441,-26.8411963844278,6.49805435851563));
#4629=CARTESIAN_POINT('Ctrl Pts',(14.0465751499223,-26.8433422716481,6.52381459203318));
#4630=CARTESIAN_POINT('Ctrl Pts',(20.4357077440636,-19.4916058625639,5.96881619813984));
#4631=CARTESIAN_POINT('Ctrl Pts',(20.4281065318804,-19.7511249398791,5.92407239552933));
#4632=CARTESIAN_POINT('Ctrl Pts',(20.4123568846825,-20.0102290320764,5.88121894929808));
#4633=CARTESIAN_POINT('Ctrl Pts',(20.3870346816496,-20.270821340953,5.8405808952882));
#4634=CARTESIAN_POINT('Ctrl Pts',(20.3161751191912,-20.7981570769931,5.7633757930415));
#4635=CARTESIAN_POINT('Ctrl Pts',(20.2056028828397,-21.3296967033108,5.69626354412985));
#4636=CARTESIAN_POINT('Ctrl Pts',(20.1402953386692,-21.5954277101025,5.66550175165199));
#4637=CARTESIAN_POINT('Ctrl Pts',(19.9888203958206,-22.1251823619622,5.61025707972431));
#4638=CARTESIAN_POINT('Ctrl Pts',(19.7940676292995,-22.6471354923134,5.56899940332175));
#4639=CARTESIAN_POINT('Ctrl Pts',(19.6855497396618,-22.9050306861304,5.55227563762322));
#4640=CARTESIAN_POINT('Ctrl Pts',(19.4453577599711,-23.4123724102691,5.52705783611088));
#4641=CARTESIAN_POINT('Ctrl Pts',(19.1589197890327,-23.8973366165586,5.51918262207675));
#4642=CARTESIAN_POINT('Ctrl Pts',(19.0042548370693,-24.1327459992112,5.51992992410576));
#4643=CARTESIAN_POINT('Ctrl Pts',(18.6724337399205,-24.5868496437023,5.53065019589638));
#4644=CARTESIAN_POINT('Ctrl Pts',(18.2981805288602,-25.0024057514188,5.55979489783939));
#4645=CARTESIAN_POINT('Ctrl Pts',(18.1010275040469,-25.1993189790285,5.57893481452855));
#4646=CARTESIAN_POINT('Ctrl Pts',(17.791514407976,-25.4767203719782,5.61408239458083));
#4647=CARTESIAN_POINT('Ctrl Pts',(17.4634540180338,-25.725291450323,5.65819259728815));
#4648=CARTESIAN_POINT('Ctrl Pts',(17.352162079273,-25.8048469072883,5.67385006762066));
#4649=CARTESIAN_POINT('Ctrl Pts',(17.1259788674747,-25.9571564421955,5.70700689336236));
#4650=CARTESIAN_POINT('Ctrl Pts',(16.8930685942517,-26.0955504580963,5.74356099406538));
#4651=CARTESIAN_POINT('Ctrl Pts',(16.7750762289846,-26.1611790615613,5.76263260173973));
#4652=CARTESIAN_POINT('Ctrl Pts',(16.4168705081896,-26.3471266442966,5.82198737609299));
#4653=CARTESIAN_POINT('Ctrl Pts',(16.0472083462889,-26.4999666584392,5.88743170280689));
#4654=CARTESIAN_POINT('Ctrl Pts',(15.7969595739156,-26.5870081664003,5.93363713798113));
#4655=CARTESIAN_POINT('Ctrl Pts',(15.4173006192214,-26.6943955590061,6.00566309419939));
#4656=CARTESIAN_POINT('Ctrl Pts',(15.0331281327745,-26.7668841740744,6.08014466308139));
#4657=CARTESIAN_POINT('Ctrl Pts',(14.904899227491,-26.7871846835168,6.10526824794992));
#4658=CARTESIAN_POINT('Ctrl Pts',(14.6474961043463,-26.8200761383923,6.15608861907026));
#4659=CARTESIAN_POINT('Ctrl Pts',(14.3893949392647,-26.8389304318349,6.20802627164406));
#4660=CARTESIAN_POINT('Ctrl Pts',(14.2603005850405,-26.8447067397428,6.23405659299544));
#4661=CARTESIAN_POINT('Ctrl Pts',(14.130849944894,-26.8474236196437,6.26005740193326));
#4662=CARTESIAN_POINT('Ctrl Pts',(14.0013331260855,-26.8488758115057,6.28605492050607));
#4663=CARTESIAN_POINT('Ctrl Pts',(20.4065407942997,-19.4777641987736,5.89581173318412));
#4664=CARTESIAN_POINT('Ctrl Pts',(20.3982931392116,-19.7370204090917,5.85056123924111));
#4665=CARTESIAN_POINT('Ctrl Pts',(20.3820100240373,-19.995841637915,5.80737344938143));
#4666=CARTESIAN_POINT('Ctrl Pts',(20.3560575469402,-20.2558293758229,5.76581524119002));
#4667=CARTESIAN_POINT('Ctrl Pts',(20.2847430746287,-20.7823376648675,5.68766113889538));
#4668=CARTESIAN_POINT('Ctrl Pts',(20.1744655360273,-21.3132065173764,5.619429846687));
#4669=CARTESIAN_POINT('Ctrl Pts',(20.109531084142,-21.5786735228158,5.58815033404556));
#4670=CARTESIAN_POINT('Ctrl Pts',(19.9590892618497,-22.1080691421255,5.53179266713141));
#4671=CARTESIAN_POINT('Ctrl Pts',(19.7658464030792,-22.63007615944,5.48942500070617));
#4672=CARTESIAN_POINT('Ctrl Pts',(19.6581828474366,-22.888082042108,5.47219431773629));
#4673=CARTESIAN_POINT('Ctrl Pts',(19.4196773364785,-23.3959947563232,5.445927649276));
#4674=CARTESIAN_POINT('Ctrl Pts',(19.1350943850525,-23.881834084318,5.4373671263041));
#4675=CARTESIAN_POINT('Ctrl Pts',(18.9812783434082,-24.1178281019902,5.43778636170815));
#4676=CARTESIAN_POINT('Ctrl Pts',(18.6511198904595,-24.5732412543839,5.44805648353934));
#4677=CARTESIAN_POINT('Ctrl Pts',(18.2783056440789,-24.9903808635757,5.4770192646651));
#4678=CARTESIAN_POINT('Ctrl Pts',(18.0817963174271,-25.1881296634538,5.49612456525592));
#4679=CARTESIAN_POINT('Ctrl Pts',(17.7731466576863,-25.4668647323551,5.53134158137495));
#4680=CARTESIAN_POINT('Ctrl Pts',(17.4457929158362,-25.7167872678892,5.57562409423462));
#4681=CARTESIAN_POINT('Ctrl Pts',(17.3347186877005,-25.7967912587944,5.59134673944189));
#4682=CARTESIAN_POINT('Ctrl Pts',(17.1089277220829,-25.9500010404453,5.62464344486349));
#4683=CARTESIAN_POINT('Ctrl Pts',(16.8763576378571,-26.0893038559246,5.66140155801321));
#4684=CARTESIAN_POINT('Ctrl Pts',(16.7585243515357,-26.1553928632935,5.68059613724016));
#4685=CARTESIAN_POINT('Ctrl Pts',(16.4007353347442,-26.3427381218896,5.7403590874342));
#4686=CARTESIAN_POINT('Ctrl Pts',(16.0313754843923,-26.4968831242927,5.80623785387962));
#4687=CARTESIAN_POINT('Ctrl Pts',(15.7812025039083,-26.5846176056808,5.85263245365257));
#4688=CARTESIAN_POINT('Ctrl Pts',(15.4017156577614,-26.6934444416992,5.92516536537));
#4689=CARTESIAN_POINT('Ctrl Pts',(15.0173870237398,-26.7673362271495,6.00012270498814));
#4690=CARTESIAN_POINT('Ctrl Pts',(14.8890648212901,-26.7879632499652,6.0253794586574));
#4691=CARTESIAN_POINT('Ctrl Pts',(14.631748085516,-26.8215641060696,6.07646467609579));
#4692=CARTESIAN_POINT('Ctrl Pts',(14.3738733377071,-26.8408321572018,6.12851081485257));
#4693=CARTESIAN_POINT('Ctrl Pts',(14.2447904895067,-26.8463313226364,6.15462021317121));
#4694=CARTESIAN_POINT('Ctrl Pts',(14.1153967033161,-26.8488002478024,6.18070175301832));
#4695=CARTESIAN_POINT('Ctrl Pts',(13.9859526834128,-26.8500852307173,6.20678421864041));
#4696=CARTESIAN_POINT('Ctrl Pts',(20.3454245452485,-19.4494658128621,5.75128167608734));
#4697=CARTESIAN_POINT('Ctrl Pts',(20.3357836305635,-19.7081763318768,5.70491057263791));
#4698=CARTESIAN_POINT('Ctrl Pts',(20.3180545138467,-19.9663026844777,5.66030448326972));
#4699=CARTESIAN_POINT('Ctrl Pts',(20.2912304989618,-20.2252455546167,5.61807516787053));
#4700=CARTESIAN_POINT('Ctrl Pts',(20.2188160039498,-20.7499589205578,5.53783151673081));
#4701=CARTESIAN_POINT('Ctrl Pts',(20.1092370055851,-21.2794118514882,5.46753441011683));
#4702=CARTESIAN_POINT('Ctrl Pts',(20.0450375270406,-21.5442627528351,5.43511982534447));
#4703=CARTESIAN_POINT('Ctrl Pts',(19.8967432808881,-22.0728012825489,5.37644165573616));
#4704=CARTESIAN_POINT('Ctrl Pts',(19.7066372047566,-22.5947723953415,5.33171815746636));
#4705=CARTESIAN_POINT('Ctrl Pts',(19.6006949937842,-22.852984622232,5.3133488568811));
#4706=CARTESIAN_POINT('Ctrl Pts',(19.3657706361876,-23.3618111935526,5.28494063163925));
#4707=CARTESIAN_POINT('Ctrl Pts',(19.0849583229638,-23.849321582001,5.27480366093475));
#4708=CARTESIAN_POINT('Ctrl Pts',(18.9329347054075,-24.0864168245579,5.27450377474266));
#4709=CARTESIAN_POINT('Ctrl Pts',(18.6062435781223,-24.5443144658264,5.28372266573164));
#4710=CARTESIAN_POINT('Ctrl Pts',(18.2364558929803,-24.964505686462,5.31219828796404));
#4711=CARTESIAN_POINT('Ctrl Pts',(18.0413232784329,-25.1638720091445,5.3311729327075));
#4712=CARTESIAN_POINT('Ctrl Pts',(17.7345282993491,-25.4451644445879,5.36642038956964));
#4713=CARTESIAN_POINT('Ctrl Pts',(17.4087316916514,-25.6977257498957,5.41098025878578));
#4714=CARTESIAN_POINT('Ctrl Pts',(17.2981434954049,-25.7786122414159,5.42681678645577));
#4715=CARTESIAN_POINT('Ctrl Pts',(17.073242134865,-25.9335853060228,5.46036087198138));
#4716=CARTESIAN_POINT('Ctrl Pts',(16.8414503065061,-26.0746471801907,5.49746065513338));
#4717=CARTESIAN_POINT('Ctrl Pts',(16.7239804301033,-26.1416185556982,5.51685547491626));
#4718=CARTESIAN_POINT('Ctrl Pts',(16.3671808589289,-26.3316581519114,5.57732129483142));
#4719=CARTESIAN_POINT('Ctrl Pts',(15.9985439412647,-26.4884766091873,5.64404199771995));
#4720=CARTESIAN_POINT('Ctrl Pts',(15.7487559343382,-26.577618585944,5.69083818620924));
#4721=CARTESIAN_POINT('Ctrl Pts',(15.3696160388041,-26.6890376756579,5.76411965933134));
#4722=CARTESIAN_POINT('Ctrl Pts',(14.9853473486954,-26.7657112108784,5.84004081681456));
#4723=CARTESIAN_POINT('Ctrl Pts',(14.8569464320449,-26.787112959676,5.86558880789918));
#4724=CARTESIAN_POINT('Ctrl Pts',(14.599857686143,-26.8225338164747,5.91714196356776));
#4725=CARTESIAN_POINT('Ctrl Pts',(14.3422229655082,-26.8426150143316,5.9694163023674));
#4726=CARTESIAN_POINT('Ctrl Pts',(14.2131872911321,-26.8478564311338,5.99567328507707));
#4727=CARTESIAN_POINT('Ctrl Pts',(14.0839385922566,-26.8501228618965,6.02194362055222));
#4728=CARTESIAN_POINT('Ctrl Pts',(13.9546640858735,-26.8512965055218,6.04822030308364));
#4729=CARTESIAN_POINT('Ctrl Pts',(20.2789107046478,-19.4199478307179,5.60996725521604));
#4730=CARTESIAN_POINT('Ctrl Pts',(20.2678729219833,-19.6781365892111,5.56271889140513));
#4731=CARTESIAN_POINT('Ctrl Pts',(20.2488488526578,-19.9356910863055,5.51729903729137));
#4732=CARTESIAN_POINT('Ctrl Pts',(20.2207003640129,-20.1934420588127,5.47390177809419));
#4733=CARTESIAN_POINT('Ctrl Pts',(20.1469861403654,-20.7162012237783,5.39154959627071));
#4734=CARTESIAN_POINT('Ctrl Pts',(20.0381998819645,-21.2440347308356,5.31927507323249));
#4735=CARTESIAN_POINT('Ctrl Pts',(19.9747749238752,-21.5081267917119,5.28562439594762));
#4736=CARTESIAN_POINT('Ctrl Pts',(19.828798514604,-22.0355440471826,5.22443226046456));
#4737=CARTESIAN_POINT('Ctrl Pts',(19.6420429184571,-22.5571919212418,5.17708753769416));
#4738=CARTESIAN_POINT('Ctrl Pts',(19.5379079025475,-22.8155165715369,5.15738591857797));
#4739=CARTESIAN_POINT('Ctrl Pts',(19.3068763511132,-23.3249041841532,5.12663063183871));
#4740=CARTESIAN_POINT('Ctrl Pts',(19.0300027063797,-23.8138995406457,5.11454573136231));
#4741=CARTESIAN_POINT('Ctrl Pts',(18.8799296583289,-24.0519455492747,5.11341353591291));
#4742=CARTESIAN_POINT('Ctrl Pts',(18.5569696833789,-24.512073208255,5.12128621117657));
#4743=CARTESIAN_POINT('Ctrl Pts',(18.1905018804204,-24.9350726972658,5.14901566577815));
#4744=CARTESIAN_POINT('Ctrl Pts',(17.9969070411714,-25.135948793308,5.16775582651405));
#4745=CARTESIAN_POINT('Ctrl Pts',(17.6922139856958,-25.4195946674201,5.20284238619412));
#4746=CARTESIAN_POINT('Ctrl Pts',(17.3682429333904,-25.6746382197455,5.24751644068147));
#4747=CARTESIAN_POINT('Ctrl Pts',(17.2582339654775,-25.7563634200408,5.26342077612933));
#4748=CARTESIAN_POINT('Ctrl Pts',(17.0344255056833,-25.9130127934391,5.29714328774227));
#4749=CARTESIAN_POINT('Ctrl Pts',(16.8036094895712,-26.0557413623367,5.33448976566011));
#4750=CARTESIAN_POINT('Ctrl Pts',(16.6865945236843,-26.1235412254298,5.35401876435947));
#4751=CARTESIAN_POINT('Ctrl Pts',(16.3310857738638,-26.316090756592,5.41497625792659));
#4752=CARTESIAN_POINT('Ctrl Pts',(15.9634885797402,-26.4755071816057,5.4824046367523));
#4753=CARTESIAN_POINT('Ctrl Pts',(15.7143720623411,-26.5662274882895,5.52965902675768));
#4754=CARTESIAN_POINT('Ctrl Pts',(15.3358259309288,-26.679925528091,5.60342482948042));
#4755=CARTESIAN_POINT('Ctrl Pts',(14.9521983280054,-26.7591205309142,5.68011880268244));
#4756=CARTESIAN_POINT('Ctrl Pts',(14.823988144814,-26.7813840741463,5.70594017975141));
#4757=CARTESIAN_POINT('Ctrl Pts',(14.5671678129873,-26.8187673780496,5.75787515156668));
#4758=CARTESIAN_POINT('Ctrl Pts',(14.3096149020523,-26.8402308981829,5.81037659199112));
#4759=CARTESIAN_POINT('Ctrl Pts',(14.1806575882552,-26.8459087566159,5.83679557491801));
#4760=CARTESIAN_POINT('Ctrl Pts',(14.0515792934593,-26.8485977038079,5.8632787572729));
#4761=CARTESIAN_POINT('Ctrl Pts',(13.9224879118915,-26.8501003782207,5.88977404408651));
#4762=CARTESIAN_POINT('Ctrl Pts',(20.2443358754135,-19.4048801918861,5.54015353559788));
#4763=CARTESIAN_POINT('Ctrl Pts',(20.2326107082049,-19.6628067286285,5.49255164537535));
#4764=CARTESIAN_POINT('Ctrl Pts',(20.2130079610355,-19.9200785104958,5.44692983372788));
#4765=CARTESIAN_POINT('Ctrl Pts',(20.1840067691522,-20.1772183497433,5.40267288334653));
#4766=CARTESIAN_POINT('Ctrl Pts',(20.1096679670177,-20.6990136744609,5.31940892298044));
#4767=CARTESIAN_POINT('Ctrl Pts',(20.001243218407,-21.2259511428872,5.2460538778066));
#4768=CARTESIAN_POINT('Ctrl Pts',(19.9382426627926,-21.4896461061481,5.21180527683015));
#4769=CARTESIAN_POINT('Ctrl Pts',(19.7934675076002,-22.0164411318935,5.14931052561322));
#4770=CARTESIAN_POINT('Ctrl Pts',(19.6084367579855,-22.5378566324598,5.10058956353132));
#4771=CARTESIAN_POINT('Ctrl Pts',(19.5052402138731,-22.7961976658297,5.08018682470328));
#4772=CARTESIAN_POINT('Ctrl Pts',(19.2762111333891,-23.3058015754685,5.04817899367438));
#4773=CARTESIAN_POINT('Ctrl Pts',(19.001356697254,-23.795490452511,5.03503278199586));
#4774=CARTESIAN_POINT('Ctrl Pts',(18.85229232991,-24.0339682633493,5.03346201592344));
#4775=CARTESIAN_POINT('Ctrl Pts',(18.5312593462806,-24.4951508062908,5.04058861642696));
#4776=CARTESIAN_POINT('Ctrl Pts',(18.1665218463128,-24.9194895273168,5.06787905353235));
#4777=CARTESIAN_POINT('Ctrl Pts',(17.9737325549487,-25.1210938673976,5.08648130583026));
#4778=CARTESIAN_POINT('Ctrl Pts',(17.670150211949,-25.405868217309,5.12144432922981));
#4779=CARTESIAN_POINT('Ctrl Pts',(17.3471545285892,-25.662107497914,5.16612757062133));
#4780=CARTESIAN_POINT('Ctrl Pts',(17.2374565682685,-25.7442378687309,5.18205130375382));
#4781=CARTESIAN_POINT('Ctrl Pts',(17.0142444564884,-25.9017014852626,5.215846672942));
#4782=CARTESIAN_POINT('Ctrl Pts',(16.7839661002127,-26.0452461803819,5.25330234405622));
#4783=CARTESIAN_POINT('Ctrl Pts',(16.6672011731057,-26.1134519294566,5.27288708797738));
#4784=CARTESIAN_POINT('Ctrl Pts',(16.3124072566837,-26.3072127004945,5.3340363128318));
#4785=CARTESIAN_POINT('Ctrl Pts',(15.9454247417891,-26.4678625735339,5.40176537470918));
#4786=CARTESIAN_POINT('Ctrl Pts',(15.6966699074202,-26.5594543985979,5.44927166112224));
#4787=CARTESIAN_POINT('Ctrl Pts',(15.3185180818982,-26.6742808080101,5.52326699156703));
#4788=CARTESIAN_POINT('Ctrl Pts',(14.9353795270166,-26.7545970991586,5.60026633023803));
#4789=CARTESIAN_POINT('Ctrl Pts',(14.8073183421677,-26.7772689643011,5.62619447065385));
#4790=CARTESIAN_POINT('Ctrl Pts',(14.5506539833934,-26.8155836761163,5.67829014399801));
#4791=CARTESIAN_POINT('Ctrl Pts',(14.2931324263613,-26.8379532865548,5.7309221524662));
#4792=CARTESIAN_POINT('Ctrl Pts',(14.164220618218,-26.8440546952556,5.75742621253072));
#4793=CARTESIAN_POINT('Ctrl Pts',(14.035224734347,-26.8471238753135,5.78401487571554));
#4794=CARTESIAN_POINT('Ctrl Pts',(13.9062199379491,-26.8489023174718,5.81061987499995));
#4795=CARTESIAN_POINT('Ctrl Pts',(20.1725433681462,-19.3741104891757,5.40213737012475));
#4796=CARTESIAN_POINT('Ctrl Pts',(20.1593414627386,-19.6314633514735,5.35373896994566));
#4797=CARTESIAN_POINT('Ctrl Pts',(20.138275660335,-19.8880181426973,5.30721389286056));
#4798=CARTESIAN_POINT('Ctrl Pts',(20.1078435510164,-20.144184201267,5.26205803910937));
#4799=CARTESIAN_POINT('Ctrl Pts',(20.0322404263903,-20.664042878199,5.17718103835283));
#4800=CARTESIAN_POINT('Ctrl Pts',(19.92455214558,-21.189066468505,5.10159252308138));
#4801=CARTESIAN_POINT('Ctrl Pts',(19.8624540432608,-21.4519068057632,5.06612093329905));
#4802=CARTESIAN_POINT('Ctrl Pts',(19.7201730280544,-21.977324499366,5.00090847345955));
#4803=CARTESIAN_POINT('Ctrl Pts',(19.5387080523954,-22.4981442436203,4.94929300570112));
#4804=CARTESIAN_POINT('Ctrl Pts',(19.4374499240461,-22.756434285139,4.92744030996763));
#4805=CARTESIAN_POINT('Ctrl Pts',(19.2125142013336,-23.2663801263903,4.89272965049365));
#4806=CARTESIAN_POINT('Ctrl Pts',(18.9418176412968,-23.7573060987435,4.87733865173736));
#4807=CARTESIAN_POINT('Ctrl Pts',(18.7948187132748,-23.9965916186677,4.87481244989338));
#4808=CARTESIAN_POINT('Ctrl Pts',(18.4777481750916,-24.4597559578953,4.88032014862248));
#4809=CARTESIAN_POINT('Ctrl Pts',(18.1166056521655,-24.8866440556326,4.90660945094659));
#4810=CARTESIAN_POINT('Ctrl Pts',(17.9254949480688,-25.0896333214864,4.92488009886576));
#4811=CARTESIAN_POINT('Ctrl Pts',(17.6242473899184,-25.3765881659734,4.95951888879237));
#4812=CARTESIAN_POINT('Ctrl Pts',(17.3033271985829,-25.6351276486622,5.00414217279859));
#4813=CARTESIAN_POINT('Ctrl Pts',(17.194293952003,-25.7180327005076,5.02007940139706));
#4814=CARTESIAN_POINT('Ctrl Pts',(16.972361588803,-25.8770626943659,5.05396775414703));
#4815=CARTESIAN_POINT('Ctrl Pts',(16.7432451820557,-26.0222006694855,5.09159730535392));
#4816=CARTESIAN_POINT('Ctrl Pts',(16.6270242587873,-26.0912057269971,5.11127730654679));
#4817=CARTESIAN_POINT('Ctrl Pts',(16.2738135678271,-26.2873281974488,5.17276597353784));
#4818=CARTESIAN_POINT('Ctrl Pts',(15.9082640055088,-26.4503067998069,5.24102077439196));
#4819=CARTESIAN_POINT('Ctrl Pts',(15.660216988549,-26.5436802606535,5.28893657318923));
#4820=CARTESIAN_POINT('Ctrl Pts',(15.2831242576787,-26.6608064026343,5.36343582851802));
#4821=CARTESIAN_POINT('Ctrl Pts',(14.9012073924087,-26.743175187322,5.4409448175269));
#4822=CARTESIAN_POINT('Ctrl Pts',(14.7735090413996,-26.766581960823,5.46703824256953));
#4823=CARTESIAN_POINT('Ctrl Pts',(14.5172652558749,-26.8065884473227,5.51942577751705));
#4824=CARTESIAN_POINT('Ctrl Pts',(14.2598709454948,-26.8309144565881,5.5723438447851));
#4825=CARTESIAN_POINT('Ctrl Pts',(14.1310511501726,-26.8381748424674,5.59900384196083));
#4826=CARTESIAN_POINT('Ctrl Pts',(14.0022009690593,-26.8423013164749,5.62577817186465));
#4827=CARTESIAN_POINT('Ctrl Pts',(13.8733500835555,-26.8448839087671,5.65258107082015));
#4828=CARTESIAN_POINT('Ctrl Pts',(20.0956166027264,-19.3421423533591,5.26752228257102));
#4829=CARTESIAN_POINT('Ctrl Pts',(20.0808610333568,-19.5989228219168,5.21840510488766));
#4830=CARTESIAN_POINT('Ctrl Pts',(20.0582185323404,-19.8547926035775,5.1709603041475));
#4831=CARTESIAN_POINT('Ctrl Pts',(20.0263333932811,-20.1100916131465,5.1254068269085));
#4832=CARTESIAN_POINT('Ctrl Pts',(19.9493275066236,-20.6279171609037,5.03911640682883));
#4833=CARTESIAN_POINT('Ctrl Pts',(19.842505372838,-21.1508545311553,4.96129747073745));
#4834=CARTESIAN_POINT('Ctrl Pts',(19.7813822570434,-21.4127170165963,4.92452769247159));
#4835=CARTESIAN_POINT('Ctrl Pts',(19.6417987944646,-21.9364952284033,4.85635493353029));
#4836=CARTESIAN_POINT('Ctrl Pts',(19.4641341640655,-22.456453201135,4.80151515303841));
#4837=CARTESIAN_POINT('Ctrl Pts',(19.3649239485723,-22.7145621497135,4.7780767667947));
#4838=CARTESIAN_POINT('Ctrl Pts',(19.1442509655326,-23.2246173421414,4.7403397005536));
#4839=CARTESIAN_POINT('Ctrl Pts',(18.8779360454785,-23.7165102841816,4.72243081133188));
#4840=CARTESIAN_POINT('Ctrl Pts',(18.7330828858202,-23.9564869451716,4.71880379622931));
#4841=CARTESIAN_POINT('Ctrl Pts',(18.4201900419528,-24.4213829065411,4.72243995285807));
#4842=CARTESIAN_POINT('Ctrl Pts',(18.0628785409538,-24.8505593616091,4.74750216298676));
#4843=CARTESIAN_POINT('Ctrl Pts',(17.8735736697766,-25.0547954408201,4.76532555251021));
#4844=CARTESIAN_POINT('Ctrl Pts',(17.5748746541711,-25.3437574385225,4.79949453970366));
#4845=CARTESIAN_POINT('Ctrl Pts',(17.2562709017905,-25.6044114158601,4.84392793129241));
#4846=CARTESIAN_POINT('Ctrl Pts',(17.1479833116347,-25.6880263366605,4.85983228141125));
#4847=CARTESIAN_POINT('Ctrl Pts',(16.9274909489617,-25.848504760157,4.89370426839477));
#4848=CARTESIAN_POINT('Ctrl Pts',(16.6997099268538,-25.9951336875483,4.93141555550709));
#4849=CARTESIAN_POINT('Ctrl Pts',(16.5841315414508,-26.0648908031988,4.95116281086798));
#4850=CARTESIAN_POINT('Ctrl Pts',(16.2328122550396,-26.263238500535,5.01291339247968));
#4851=CARTESIAN_POINT('Ctrl Pts',(15.8689939548025,-26.4283970641368,5.08153871436953));
#4852=CARTESIAN_POINT('Ctrl Pts',(15.6218043687927,-26.5234290778924,5.12970944283496));
#4853=CARTESIAN_POINT('Ctrl Pts',(15.2463237865469,-26.6427995337787,5.20474205707248));
#4854=CARTESIAN_POINT('Ctrl Pts',(14.865854535813,-26.7271880203756,5.28260445118585));
#4855=CARTESIAN_POINT('Ctrl Pts',(14.7385644187161,-26.7513085992245,5.30879301797097));
#4856=CARTESIAN_POINT('Ctrl Pts',(14.4829047444871,-26.7927941751681,5.36141168144506));
#4857=CARTESIAN_POINT('Ctrl Pts',(14.2258238453894,-26.8191889912871,5.41460543454186));
#4858=CARTESIAN_POINT('Ctrl Pts',(14.0971357485721,-26.8279442892387,5.44138773820431));
#4859=CARTESIAN_POINT('Ctrl Pts',(13.9684265718823,-26.833525948286,5.46829513297896));
#4860=CARTESIAN_POINT('Ctrl Pts',(13.8397158299548,-26.8373085283279,5.4952460836995));
#4861=CARTESIAN_POINT('Ctrl Pts',(20.0559053161115,-19.3258741847301,5.20110398788245));
#4862=CARTESIAN_POINT('Ctrl Pts',(20.0403764534702,-19.5823870605136,5.15169031460307));
#4863=CARTESIAN_POINT('Ctrl Pts',(20.0169951354271,-19.8379743483503,5.10392078468025));
#4864=CARTESIAN_POINT('Ctrl Pts',(19.9842781282536,-20.0927976978286,5.0581075486551));
#4865=CARTESIAN_POINT('Ctrl Pts',(19.9065487346959,-20.6095759360054,4.9711598471863));
#4866=CARTESIAN_POINT('Ctrl Pts',(19.8001803900192,-21.1314397040293,4.89221666579736));
#4867=CARTESIAN_POINT('Ctrl Pts',(19.7395660798344,-21.392785655646,4.85479996562433));
#4868=CARTESIAN_POINT('Ctrl Pts',(19.6013858209285,-21.9156821044025,4.78508703021464));
#4869=CARTESIAN_POINT('Ctrl Pts',(19.4256836683421,-22.4351381107088,4.72853358713626));
#4870=CARTESIAN_POINT('Ctrl Pts',(19.3275207805203,-22.6931332534734,4.70426111679348));
#4871=CARTESIAN_POINT('Ctrl Pts',(19.1090191053553,-23.2031739408256,4.66494774787185));
#4872=CARTESIAN_POINT('Ctrl Pts',(18.8449478803788,-23.6954906520497,4.64570330568389));
#4873=CARTESIAN_POINT('Ctrl Pts',(18.701184144047,-23.935782060441,4.64149249883604));
#4874=CARTESIAN_POINT('Ctrl Pts',(18.3904339851825,-24.4014834566256,4.64413037680647));
#4875=CARTESIAN_POINT('Ctrl Pts',(18.0350863052337,-24.8317359359174,4.66852851563333));
#4876=CARTESIAN_POINT('Ctrl Pts',(17.8467150215386,-25.0365625882872,4.6860969890344));
#4877=CARTESIAN_POINT('Ctrl Pts',(17.5493406893803,-25.3264804118518,4.7199976467402));
#4878=CARTESIAN_POINT('Ctrl Pts',(17.2319537826339,-25.5881444781632,4.76431077540857));
#4879=CARTESIAN_POINT('Ctrl Pts',(17.1240581123209,-25.6720996394854,4.78018798871784));
#4880=CARTESIAN_POINT('Ctrl Pts',(16.9043216483664,-25.8332742745716,4.81402191389457));
#4881=CARTESIAN_POINT('Ctrl Pts',(16.6772517434463,-25.9806171918401,4.85175015682729));
#4882=CARTESIAN_POINT('Ctrl Pts',(16.5620224257743,-26.0507329838887,4.87152611724459));
#4883=CARTESIAN_POINT('Ctrl Pts',(16.2117277625085,-26.2501561271654,4.93339466489988));
#4884=CARTESIAN_POINT('Ctrl Pts',(15.8488223717349,-26.4163986466005,5.0021631537349));
#4885=CARTESIAN_POINT('Ctrl Pts',(15.602145371521,-26.5121758436445,5.0504282059768));
#4886=CARTESIAN_POINT('Ctrl Pts',(15.2276119530264,-26.6326261187561,5.12572394545052));
#4887=CARTESIAN_POINT('Ctrl Pts',(14.847852059328,-26.7181079834555,5.20373402415036));
#4888=CARTESIAN_POINT('Ctrl Pts',(14.7207552484018,-26.7426153283064,5.22995935906157));
#4889=CARTESIAN_POINT('Ctrl Pts',(14.4654201040211,-26.7848226899937,5.28267870924556));
#4890=CARTESIAN_POINT('Ctrl Pts',(14.2085600572888,-26.8122304467761,5.33599320089796));
#4891=CARTESIAN_POINT('Ctrl Pts',(14.0799559303439,-26.8217415933842,5.36282676826655));
#4892=CARTESIAN_POINT('Ctrl Pts',(13.9513236554521,-26.8280980060752,5.3897866125997));
#4893=CARTESIAN_POINT('Ctrl Pts',(13.8226851268399,-26.832551484615,5.4167969929781));
#4894=CARTESIAN_POINT('Ctrl Pts',(19.974040392345,-19.2927790780218,5.07009430418239));
#4895=CARTESIAN_POINT('Ctrl Pts',(19.9569646726792,-19.5487729671686,5.02021264758138));
#4896=CARTESIAN_POINT('Ctrl Pts',(19.9321322140612,-19.8038172306028,4.97193343325475));
#4897=CARTESIAN_POINT('Ctrl Pts',(19.8977261311452,-20.0577048603429,4.92565759087444));
#4898=CARTESIAN_POINT('Ctrl Pts',(19.8183504149826,-20.5723874559653,4.83735506880446));
#4899=CARTESIAN_POINT('Ctrl Pts',(19.7131151018215,-21.0920242378165,4.75636158131154));
#4900=CARTESIAN_POINT('Ctrl Pts',(19.6535154174488,-21.3522741606683,4.71747442245693));
#4901=CARTESIAN_POINT('Ctrl Pts',(19.5182234160972,-21.87330334909,4.64460934567781));
#4902=CARTESIAN_POINT('Ctrl Pts',(19.3465252039663,-22.3916412796932,4.58447735729535));
#4903=CARTESIAN_POINT('Ctrl Pts',(19.2505295600649,-22.6493358895965,4.55841526311315));
#4904=CARTESIAN_POINT('Ctrl Pts',(19.0364576736297,-23.1592209629188,4.5158070156006));
#4905=CARTESIAN_POINT('Ctrl Pts',(18.7769538949407,-23.6522849051613,4.4937441231255));
#4906=CARTESIAN_POINT('Ctrl Pts',(18.6354148476551,-23.8931381645041,4.48830735442059));
#4907=CARTESIAN_POINT('Ctrl Pts',(18.3290243218449,-24.360317870211,4.48883356391458));
#4908=CARTESIAN_POINT('Ctrl Pts',(17.977701147889,-24.7925890505653,4.51180972457487));
#4909=CARTESIAN_POINT('Ctrl Pts',(17.791252408101,-24.9985401367194,4.52880937961323));
#4910=CARTESIAN_POINT('Ctrl Pts',(17.4966287743136,-25.2902574853545,4.56212357607578));
#4911=CARTESIAN_POINT('Ctrl Pts',(17.1817762538788,-25.553851998906,4.60612945880973));
#4912=CARTESIAN_POINT('Ctrl Pts',(17.0746969193593,-25.638464646011,4.62192474775607));
#4913=CARTESIAN_POINT('Ctrl Pts',(16.8565496655591,-25.8009744265634,4.65564488183512));
#4914=CARTESIAN_POINT('Ctrl Pts',(16.6310011708407,-25.9496703506484,4.69338506802006));
#4915=CARTESIAN_POINT('Ctrl Pts',(16.5165238789972,-26.0204645498266,4.71320449948896));
#4916=CARTESIAN_POINT('Ctrl Pts',(16.168388364315,-26.2219750386892,4.77522145796924));
#4917=CARTESIAN_POINT('Ctrl Pts',(15.8073869891931,-26.3903851159282,4.84418466539801));
#4918=CARTESIAN_POINT('Ctrl Pts',(15.5620680923558,-26.4874373822437,4.89272306143757));
#4919=CARTESIAN_POINT('Ctrl Pts',(15.1895280716428,-26.609974688523,4.96843480795978));
#4920=CARTESIAN_POINT('Ctrl Pts',(14.8111150446898,-26.6978477868697,5.04665557020915));
#4921=CARTESIAN_POINT('Ctrl Pts',(14.6843933258422,-26.7232125674398,5.0729357504994));
#4922=CARTESIAN_POINT('Ctrl Pts',(14.4297460742633,-26.7669850392631,5.12581208197482));
#4923=CARTESIAN_POINT('Ctrl Pts',(14.173423488694,-26.7964541860406,5.17931866429946));
#4924=CARTESIAN_POINT('Ctrl Pts',(14.045033326414,-26.8074283941515,5.20623510384126));
#4925=CARTESIAN_POINT('Ctrl Pts',(13.9165842389976,-26.8153339877873,5.23327750100457));
#4926=CARTESIAN_POINT('Ctrl Pts',(13.7881098876161,-26.8211832306215,5.26038231672854));
#4927=CARTESIAN_POINT('Ctrl Pts',(19.8873703992223,-19.2585855301436,4.9427325308159));
#4928=CARTESIAN_POINT('Ctrl Pts',(19.8687032431131,-19.5140749584099,4.89260078423345));
#4929=CARTESIAN_POINT('Ctrl Pts',(19.8424426498807,-19.7685859596552,4.8440335404796));
#4930=CARTESIAN_POINT('Ctrl Pts',(19.8061570191573,-20.0217282302936,4.79749305035372));
#4931=CARTESIAN_POINT('Ctrl Pts',(19.7250833251667,-20.5343851887288,4.70826040126007));
#4932=CARTESIAN_POINT('Ctrl Pts',(19.621212130844,-21.0515837863733,4.62513771086761));
#4933=CARTESIAN_POINT('Ctrl Pts',(19.5627809797484,-21.3105979967216,4.58461529545853));
#4934=CARTESIAN_POINT('Ctrl Pts',(19.4306411071508,-21.8294960526216,4.50825642725925));
#4935=CARTESIAN_POINT('Ctrl Pts',(19.2631018946232,-22.3465083018155,4.44425390638124));
#4936=CARTESIAN_POINT('Ctrl Pts',(19.1693647798438,-22.6037672233553,4.41623553094542));
#4937=CARTESIAN_POINT('Ctrl Pts',(18.9599091748206,-23.1132785919676,4.36998017308965));
#4938=CARTESIAN_POINT('Ctrl Pts',(18.7050796454545,-23.6068539136735,4.34486747757244));
#4939=CARTESIAN_POINT('Ctrl Pts',(18.5658509856063,-23.8481529905699,4.33808124788887));
#4940=CARTESIAN_POINT('Ctrl Pts',(18.2639543416611,-24.3165525248916,4.33628370328053));
#4941=CARTESIAN_POINT('Ctrl Pts',(17.9168466760104,-24.7505847482393,4.35765926971081));
#4942=CARTESIAN_POINT('Ctrl Pts',(17.7324243926012,-24.9575302454293,4.37401204235712));
#4943=CARTESIAN_POINT('Ctrl Pts',(17.4407217864346,-25.2508374500502,4.40661937996879));
#4944=CARTESIAN_POINT('Ctrl Pts',(17.128591053655,-25.5161759235883,4.45018847197625));
#4945=CARTESIAN_POINT('Ctrl Pts',(17.0223981220951,-25.6013875350733,4.46586548362741));
#4946=CARTESIAN_POINT('Ctrl Pts',(16.8060003592608,-25.7651008580744,4.49942576505426));
#4947=CARTESIAN_POINT('Ctrl Pts',(16.5821412888993,-25.9150208244698,4.53711783625321));
#4948=CARTESIAN_POINT('Ctrl Pts',(16.4684904257325,-25.9864392776751,4.55692552224327));
#4949=CARTESIAN_POINT('Ctrl Pts',(16.1227183580902,-26.1899013987861,4.61891715979373));
#4950=CARTESIAN_POINT('Ctrl Pts',(15.7639323814817,-26.3603251079262,4.68802849475271));
#4951=CARTESIAN_POINT('Ctrl Pts',(15.5203897868538,-26.4584482136623,4.73689247256733));
#4952=CARTESIAN_POINT('Ctrl Pts',(15.1498760397812,-26.5830416197688,4.81273559190785));
#4953=CARTESIAN_POINT('Ctrl Pts',(14.7727900378068,-26.673564588178,4.8909903677362));
#4954=CARTESIAN_POINT('Ctrl Pts',(14.6464568152722,-26.6998998113783,4.91728252506168));
#4955=CARTESIAN_POINT('Ctrl Pts',(14.3925813386406,-26.7454931768736,4.97021865621855));
#4956=CARTESIAN_POINT('Ctrl Pts',(14.1369408781778,-26.7771643386181,5.02381540197939));
#4957=CARTESIAN_POINT('Ctrl Pts',(14.0088437945378,-26.7895323852716,5.05077159889184));
#4958=CARTESIAN_POINT('Ctrl Pts',(13.8806383931488,-26.7989606960572,5.07785241764894));
#4959=CARTESIAN_POINT('Ctrl Pts',(13.7523753207901,-26.8062600405276,5.10500509094423));
#4960=CARTESIAN_POINT('Ctrl Pts',(19.8428558562195,-19.2412192441769,4.87996394818499));
#4961=CARTESIAN_POINT('Ctrl Pts',(19.8233725451776,-19.4964559852662,4.82975585322217));
#4962=CARTESIAN_POINT('Ctrl Pts',(19.7963964906026,-19.7506936255554,4.78108595102381));
#4963=CARTESIAN_POINT('Ctrl Pts',(19.7590242483659,-20.0035486625784,4.73445828383747));
#4964=CARTESIAN_POINT('Ctrl Pts',(19.6772696047517,-20.5152633614511,4.64506973377542));
#4965=CARTESIAN_POINT('Ctrl Pts',(19.5739957396807,-21.0311220682886,4.56066328185944));
#4966=CARTESIAN_POINT('Ctrl Pts',(19.5162704470885,-21.2895088044891,4.51937253415313));
#4967=CARTESIAN_POINT('Ctrl Pts',(19.3858165107509,-21.8072492178993,4.44110021142367));
#4968=CARTESIAN_POINT('Ctrl Pts',(19.2203845896313,-22.3235585388514,4.37510819871912));
#4969=CARTESIAN_POINT('Ctrl Pts',(19.1277940344068,-22.580570679983,4.34608136386036));
#4970=CARTESIAN_POINT('Ctrl Pts',(18.9206864391875,-23.0898429357619,4.29790567930584));
#4971=CARTESIAN_POINT('Ctrl Pts',(18.6682097636927,-23.5836094822382,4.27122216064714));
#4972=CARTESIAN_POINT('Ctrl Pts',(18.5301571008712,-23.8251065144987,4.26372908010601));
#4973=CARTESIAN_POINT('Ctrl Pts',(18.2305393246188,-24.2940541765247,4.26072032955457));
#4974=CARTESIAN_POINT('Ctrl Pts',(17.8855842938155,-24.7289033044815,4.28125470606024));
#4975=CARTESIAN_POINT('Ctrl Pts',(17.7022013017707,-24.93631012958,4.2972752688831));
#4976=CARTESIAN_POINT('Ctrl Pts',(17.411992674721,-25.2303632390359,4.32949224685316));
#4977=CARTESIAN_POINT('Ctrl Pts',(17.101265729961,-25.4965253429816,4.3728108164295));
#4978=CARTESIAN_POINT('Ctrl Pts',(16.9955351372133,-25.5820186200826,4.38842492600576));
#4979=CARTESIAN_POINT('Ctrl Pts',(16.7800545922509,-25.74629624174,4.42190315908757));
#4980=CARTESIAN_POINT('Ctrl Pts',(16.5570744441829,-25.8968013710563,4.45955164896871));
#4981=CARTESIAN_POINT('Ctrl Pts',(16.4438457946678,-25.9685251904072,4.47933074592044));
#4982=CARTESIAN_POINT('Ctrl Pts',(16.0993004366222,-26.1729283304476,4.54126260786225));
#4983=CARTESIAN_POINT('Ctrl Pts',(15.7417435347322,-26.3442792713615,4.6104773821201));
#4984=CARTESIAN_POINT('Ctrl Pts',(15.4991313549376,-26.4429465153196,4.65948691508213));
#4985=CARTESIAN_POINT('Ctrl Pts',(15.1295994219312,-26.5685840442604,4.73530791375557));
#4986=CARTESIAN_POINT('Ctrl Pts',(14.7531987570895,-26.6604660443696,4.81353305621634));
#4987=CARTESIAN_POINT('Ctrl Pts',(14.6270710012411,-26.687303284313,4.83981923259434));
#4988=CARTESIAN_POINT('Ctrl Pts',(14.3736028407139,-26.733878401365,4.89275837320677));
#4989=CARTESIAN_POINT('Ctrl Pts',(14.1183285624058,-26.7667025205936,4.9463733930627));
#4990=CARTESIAN_POINT('Ctrl Pts',(13.9903950203714,-26.7797545461121,4.97333801859371));
#4991=CARTESIAN_POINT('Ctrl Pts',(13.8623276327462,-26.7899281346555,5.00042750702316));
#4992=CARTESIAN_POINT('Ctrl Pts',(13.7341842989679,-26.7979504322692,5.02759327480327));
#4993=CARTESIAN_POINT('Ctrl Pts',(19.7058434800658,-19.1883547689008,4.69438671827442));
#4994=CARTESIAN_POINT('Ctrl Pts',(19.6838034903553,-19.4428514604895,4.64410074101476));
#4995=CARTESIAN_POINT('Ctrl Pts',(19.6545913989219,-19.6962759069728,4.59520201381548));
#4996=CARTESIAN_POINT('Ctrl Pts',(19.6144178404703,-19.9483523733516,4.54864881997502));
#4997=CARTESIAN_POINT('Ctrl Pts',(19.5304925820228,-20.4571684019666,4.45868004924627));
#4998=CARTESIAN_POINT('Ctrl Pts',(19.4292029489774,-20.9691228433444,4.37083068914539));
#4999=CARTESIAN_POINT('Ctrl Pts',(19.3734511413865,-21.225575183224,4.32731916186903));
#5000=CARTESIAN_POINT('Ctrl Pts',(19.2482463757683,-21.739687758475,4.24301615237476));
#5001=CARTESIAN_POINT('Ctrl Pts',(19.0894684529219,-22.2535756581743,4.1704551816008));
#5002=CARTESIAN_POINT('Ctrl Pts',(19.0002562241061,-22.509829987048,4.13844782312838));
#5003=CARTESIAN_POINT('Ctrl Pts',(18.8002801583791,-23.0182214986133,4.0842864150342));
#5004=CARTESIAN_POINT('Ctrl Pts',(18.554984141066,-23.5124100399289,4.05264622843741));
#5005=CARTESIAN_POINT('Ctrl Pts',(18.4204686393897,-23.754412650169,4.04299007061404));
#5006=CARTESIAN_POINT('Ctrl Pts',(18.1277704806855,-24.2248215508104,4.03623168988637));
#5007=CARTESIAN_POINT('Ctrl Pts',(17.7893737533092,-24.6619255512626,4.05411251554013));
#5008=CARTESIAN_POINT('Ctrl Pts',(17.6091822885687,-24.8706069668483,4.06911777531258));
#5009=CARTESIAN_POINT('Ctrl Pts',(17.3235299756516,-25.1667642950583,4.10003820124856));
#5010=CARTESIAN_POINT('Ctrl Pts',(17.0171744920341,-25.4352292394801,4.14258672088596));
#5011=CARTESIAN_POINT('Ctrl Pts',(16.9128940608057,-25.5215032640969,4.15801774622673));
#5012=CARTESIAN_POINT('Ctrl Pts',(16.7002474842512,-25.6873856626081,4.19118165178768));
#5013=CARTESIAN_POINT('Ctrl Pts',(16.4799657085803,-25.8395934147465,4.22859067144767));
#5014=CARTESIAN_POINT('Ctrl Pts',(16.3680397971204,-25.9122051746031,4.24824546988185));
#5015=CARTESIAN_POINT('Ctrl Pts',(16.0274547910703,-26.1192124223285,4.31006304996304));
#5016=CARTESIAN_POINT('Ctrl Pts',(15.6739473489068,-26.293092418024,4.37967192698051));
#5017=CARTESIAN_POINT('Ctrl Pts',(15.433888195932,-26.3936526032258,4.42876649647707));
#5018=CARTESIAN_POINT('Ctrl Pts',(15.0672762341519,-26.5225190364828,4.50431487481375));
#5019=CARTESIAN_POINT('Ctrl Pts',(14.6930577108403,-26.6185276754296,4.58232103749091));
#5020=CARTESIAN_POINT('Ctrl Pts',(14.5675902309448,-26.6468865421152,4.60854983657237));
#5021=CARTESIAN_POINT('Ctrl Pts',(14.3154207313889,-26.6965363311652,4.66141744727959));
#5022=CARTESIAN_POINT('Ctrl Pts',(14.0613159084879,-26.7329370975792,4.71501081281618));
#5023=CARTESIAN_POINT('Ctrl Pts',(13.9339132058631,-26.7480352355853,4.74196637720286));
#5024=CARTESIAN_POINT('Ctrl Pts',(13.806302715668,-26.7604149717317,4.76905020392064));
#5025=CARTESIAN_POINT('Ctrl Pts',(13.6785591358106,-26.7705975020326,4.79622376573137));
#5026=CARTESIAN_POINT('Ctrl Pts',(19.5589055779982,-19.1333107339145,4.51689860906185));
#5027=CARTESIAN_POINT('Ctrl Pts',(19.5339084586564,-19.3872013124623,4.4671349436673));
#5028=CARTESIAN_POINT('Ctrl Pts',(19.5021069224008,-19.6400073073126,4.41866192958183));
#5029=CARTESIAN_POINT('Ctrl Pts',(19.4599110517008,-19.8916492444105,4.37289294185324));
#5030=CARTESIAN_POINT('Ctrl Pts',(19.373163546873,-20.3979893158691,4.28332927090794));
#5031=CARTESIAN_POINT('Ctrl Pts',(19.2755916567495,-20.9054025956051,4.19200231120991));
#5032=CARTESIAN_POINT('Ctrl Pts',(19.2218594108251,-21.159586837592,4.14548068955372));
#5033=CARTESIAN_POINT('Ctrl Pts',(19.1020010169653,-21.6698170946554,4.05496675823067));
#5034=CARTESIAN_POINT('Ctrl Pts',(18.9504797675337,-22.180593200333,3.97472057533732));
#5035=CARTESIAN_POINT('Ctrl Pts',(18.8647928673779,-22.4358527925817,3.93913922143995));
#5036=CARTESIAN_POINT('Ctrl Pts',(18.6721726115051,-22.9429688080459,3.87844062469065));
#5037=CARTESIAN_POINT('Ctrl Pts',(18.4341925911535,-23.4370820148614,3.84131625523246));
#5038=CARTESIAN_POINT('Ctrl Pts',(18.303324952442,-23.6793543657508,3.82930190241773));
#5039=CARTESIAN_POINT('Ctrl Pts',(18.0177350976953,-24.1506940976227,3.81845179380729));
#5040=CARTESIAN_POINT('Ctrl Pts',(17.6861767796758,-24.5894720110427,3.83337969311251));
#5041=CARTESIAN_POINT('Ctrl Pts',(17.5092923435937,-24.7991237071848,3.84719739106739));
#5042=CARTESIAN_POINT('Ctrl Pts',(17.2285246805549,-25.0969267214091,3.87670176581687));
#5043=CARTESIAN_POINT('Ctrl Pts',(16.9269517496079,-25.3672192494063,3.91837689359975));
#5044=CARTESIAN_POINT('Ctrl Pts',(16.8242404311832,-25.4541223649986,3.93354382236722));
#5045=CARTESIAN_POINT('Ctrl Pts',(16.6146262516056,-25.6213702230539,3.96614816122159));
#5046=CARTESIAN_POINT('Ctrl Pts',(16.3973422242294,-25.7750145504838,4.00319960705163));
#5047=CARTESIAN_POINT('Ctrl Pts',(16.2869427922727,-25.8483287105943,4.02278640552682));
#5048=CARTESIAN_POINT('Ctrl Pts',(15.9510962312885,-26.0573216403367,4.08465840596675));
#5049=CARTESIAN_POINT('Ctrl Pts',(15.6019922909982,-26.2335374823704,4.154151533235));
#5050=CARTESIAN_POINT('Ctrl Pts',(15.3640087306128,-26.3364767482313,4.20249125611126));
#5051=CARTESIAN_POINT('Ctrl Pts',(15.0003295393362,-26.4688584539592,4.27723808493755));
#5052=CARTESIAN_POINT('Ctrl Pts',(14.6286447494763,-26.5691620737243,4.35464945809166));
#5053=CARTESIAN_POINT('Ctrl Pts',(14.5039725543032,-26.5990814203917,4.38070556201385));
#5054=CARTESIAN_POINT('Ctrl Pts',(14.2533324161324,-26.6520898511519,4.43326723931319));
#5055=CARTESIAN_POINT('Ctrl Pts',(14.000603588057,-26.6923184950289,4.4866181723535));
#5056=CARTESIAN_POINT('Ctrl Pts',(13.8738438623195,-26.7094490251764,4.51346420233112));
#5057=CARTESIAN_POINT('Ctrl Pts',(13.7468112834657,-26.7239557755086,4.54044952536331));
#5058=CARTESIAN_POINT('Ctrl Pts',(13.619585385695,-26.736261145522,4.56753949807439));
#5059=CARTESIAN_POINT('Ctrl Pts',(19.4568375987785,-19.0957854455746,4.40213058475247));
#5060=CARTESIAN_POINT('Ctrl Pts',(19.4294679439339,-19.3494346545172,4.3531375359585));
#5061=CARTESIAN_POINT('Ctrl Pts',(19.3952343133996,-19.6021334720355,4.30559342232049));
#5062=CARTESIAN_POINT('Ctrl Pts',(19.3492086395583,-19.8549451768826,4.26167754189706));
#5063=CARTESIAN_POINT('Ctrl Pts',(19.2626606534657,-20.3598093461324,4.174275200583));
#5064=CARTESIAN_POINT('Ctrl Pts',(19.1677857359834,-20.8632868753849,4.08002489460679));
#5065=CARTESIAN_POINT('Ctrl Pts',(19.11708059218,-21.1149729090942,4.02891019268356));
#5066=CARTESIAN_POINT('Ctrl Pts',(19.0024038550939,-21.6214492274528,3.93183220885696));
#5067=CARTESIAN_POINT('Ctrl Pts',(18.8540187001422,-22.1313162522119,3.84933809598144));
#5068=CARTESIAN_POINT('Ctrl Pts',(18.7715020378324,-22.3853187901071,3.80975448192816));
#5069=CARTESIAN_POINT('Ctrl Pts',(18.58372189737,-22.891398294269,3.74458710018596));
#5070=CARTESIAN_POINT('Ctrl Pts',(18.3506515919173,-23.3853277156496,3.70382021912412));
#5071=CARTESIAN_POINT('Ctrl Pts',(18.2222156666417,-23.6276265104814,3.68998825834305));
#5072=CARTESIAN_POINT('Ctrl Pts',(17.9414544151659,-24.0994048965427,3.67637661827029));
#5073=CARTESIAN_POINT('Ctrl Pts',(17.6145181448626,-24.5390145656943,3.68928357711613));
#5074=CARTESIAN_POINT('Ctrl Pts',(17.439950360776,-24.7491891729744,3.70236246745915));
#5075=CARTESIAN_POINT('Ctrl Pts',(17.1626023030603,-25.0478347162732,3.73095621490387));
#5076=CARTESIAN_POINT('Ctrl Pts',(16.8641402593983,-25.3192322078289,3.77158342278323));
#5077=CARTESIAN_POINT('Ctrl Pts',(16.7624580861766,-25.4065338103808,3.78644747339039));
#5078=CARTESIAN_POINT('Ctrl Pts',(16.5550849169393,-25.5744952594617,3.81885077800981));
#5079=CARTESIAN_POINT('Ctrl Pts',(16.3401683883826,-25.7287898501929,3.85602550507568));
#5080=CARTESIAN_POINT('Ctrl Pts',(16.2309462813198,-25.8024327935776,3.87567260565139));
#5081=CARTESIAN_POINT('Ctrl Pts',(15.8982921307102,-26.0127245192945,3.93726907917352));
#5082=CARTESIAN_POINT('Ctrl Pts',(15.5516149184268,-26.1909356220976,4.00576926193652));
#5083=CARTESIAN_POINT('Ctrl Pts',(15.315115588055,-26.2953337454985,4.05356507346442));
#5084=CARTESIAN_POINT('Ctrl Pts',(14.9535089210367,-26.4301478112567,4.12762836151213));
#5085=CARTESIAN_POINT('Ctrl Pts',(14.5836580225145,-26.5334005095712,4.20449411621669));
#5086=CARTESIAN_POINT('Ctrl Pts',(14.4595740617435,-26.5643705396319,4.23038522987778));
#5087=CARTESIAN_POINT('Ctrl Pts',(14.2100571548645,-26.6196418004363,4.28264605477947));
#5088=CARTESIAN_POINT('Ctrl Pts',(13.9583344769267,-26.6624352095692,4.33574614411245));
#5089=CARTESIAN_POINT('Ctrl Pts',(13.8320447861663,-26.680922337259,4.36247690539586));
#5090=CARTESIAN_POINT('Ctrl Pts',(13.7054434704598,-26.6968267995862,4.38935699145772));
#5091=CARTESIAN_POINT('Ctrl Pts',(13.5786108545608,-26.7105255537462,4.41635321307086));
#5092=CARTESIAN_POINT('Ctrl Pts',(19.2473811815869,-19.0186941386849,4.17824497506855));
#5093=CARTESIAN_POINT('Ctrl Pts',(19.2155215486706,-19.2718515127491,4.1310850362216));
#5094=CARTESIAN_POINT('Ctrl Pts',(19.1769792778999,-19.5242488541388,4.08558877389335));
#5095=CARTESIAN_POINT('Ctrl Pts',(19.1295738865229,-19.7767626723663,4.04326929902583));
#5096=CARTESIAN_POINT('Ctrl Pts',(19.0413179612542,-20.278655941266,3.95756420634616));
#5097=CARTESIAN_POINT('Ctrl Pts',(18.9488324955268,-20.7769087635554,3.86146939496972));
#5098=CARTESIAN_POINT('Ctrl Pts',(18.899666563655,-21.02702313451,3.80964140763946));
#5099=CARTESIAN_POINT('Ctrl Pts',(18.7954173460805,-21.5250569416368,3.69950851408509));
#5100=CARTESIAN_POINT('Ctrl Pts',(18.6581633879566,-22.0290393802578,3.60043399994731));
#5101=CARTESIAN_POINT('Ctrl Pts',(18.5792896471379,-22.2822804679227,3.55906710461943));
#5102=CARTESIAN_POINT('Ctrl Pts',(18.401691455122,-22.7859752924254,3.48317616480739));
#5103=CARTESIAN_POINT('Ctrl Pts',(18.1782762565402,-23.2791886223521,3.43502155693564));
#5104=CARTESIAN_POINT('Ctrl Pts',(18.0547826366274,-23.5214765019608,3.41782399499843));
#5105=CARTESIAN_POINT('Ctrl Pts',(17.783561363345,-23.9935976482804,3.39834682693407));
#5106=CARTESIAN_POINT('Ctrl Pts',(17.4659406813947,-24.4344075349594,3.40718424623359));
#5107=CARTESIAN_POINT('Ctrl Pts',(17.2960884834107,-24.6453229637367,3.418689903081));
#5108=CARTESIAN_POINT('Ctrl Pts',(17.0253633648111,-24.9454421994626,3.44474223431867));
#5109=CARTESIAN_POINT('Ctrl Pts',(16.7340250306798,-25.2184018329834,3.48460809454645));
#5110=CARTESIAN_POINT('Ctrl Pts',(16.6347487807278,-25.3062164534378,3.49933858307623));
#5111=CARTESIAN_POINT('Ctrl Pts',(16.4320637761387,-25.4752950414709,3.53129884008862));
#5112=CARTESIAN_POINT('Ctrl Pts',(16.2214796039961,-25.6310478892405,3.56759965530412));
#5113=CARTESIAN_POINT('Ctrl Pts',(16.1143186720994,-25.7055289029258,3.58670011683065));
#5114=CARTESIAN_POINT('Ctrl Pts',(15.7875586849354,-25.9186723711146,3.64648322455144));
#5115=CARTESIAN_POINT('Ctrl Pts',(15.4460313221702,-26.1006172570525,3.71296642448936));
#5116=CARTESIAN_POINT('Ctrl Pts',(15.2126738822473,-26.2078606601562,3.75950907295946));
#5117=CARTESIAN_POINT('Ctrl Pts',(14.855434488069,-26.3475289360882,3.83191057812888));
#5118=CARTESIAN_POINT('Ctrl Pts',(14.4895007249005,-26.4567400017579,3.90742827090665));
#5119=CARTESIAN_POINT('Ctrl Pts',(14.3666738682077,-26.4898350000142,3.93290457799364));
#5120=CARTESIAN_POINT('Ctrl Pts',(14.1195687959369,-26.5496556050444,3.98439681245592));
#5121=CARTESIAN_POINT('Ctrl Pts',(13.8700252161718,-26.5975380390099,4.03683727918324));
#5122=CARTESIAN_POINT('Ctrl Pts',(13.7447597795846,-26.6186925650059,4.06326204530577));
#5123=CARTESIAN_POINT('Ctrl Pts',(13.6191073108985,-26.637337544443,4.08985926772058));
#5124=CARTESIAN_POINT('Ctrl Pts',(13.4931490442641,-26.6537774123666,4.11659746919072));
#5125=CARTESIAN_POINT('Ctrl Pts',(19.0315889053346,-18.9369997435896,3.96258489299967));
#5126=CARTESIAN_POINT('Ctrl Pts',(18.9965824051157,-19.1893506487884,3.91714813028196));
#5127=CARTESIAN_POINT('Ctrl Pts',(18.9558348734702,-19.4408771847678,3.87323768869515));
#5128=CARTESIAN_POINT('Ctrl Pts',(18.909837796787,-19.6917782734121,3.83124020416208));
#5129=CARTESIAN_POINT('Ctrl Pts',(18.8195804502861,-20.1904543100681,3.7453456734482));
#5130=CARTESIAN_POINT('Ctrl Pts',(18.7274276180487,-20.6850669009588,3.64879342441884));
#5131=CARTESIAN_POINT('Ctrl Pts',(18.6796715872153,-20.9325558189793,3.5970624183754));
#5132=CARTESIAN_POINT('Ctrl Pts',(18.5779592934035,-21.4268020666113,3.48506227427776));
#5133=CARTESIAN_POINT('Ctrl Pts',(18.4522516235738,-21.9240487902707,3.369523798751));
#5134=CARTESIAN_POINT('Ctrl Pts',(18.3783340532041,-22.1757278201559,3.32081904475947));
#5135=CARTESIAN_POINT('Ctrl Pts',(18.2101662039943,-22.6768288939622,3.23500960917284));
#5136=CARTESIAN_POINT('Ctrl Pts',(17.9968422584349,-23.1688948453753,3.17791649212139));
#5137=CARTESIAN_POINT('Ctrl Pts',(17.8778290060847,-23.4107620407367,3.15788285160507));
#5138=CARTESIAN_POINT('Ctrl Pts',(17.6161216945312,-23.8825653732653,3.13259182374978));
#5139=CARTESIAN_POINT('Ctrl Pts',(17.3080064708712,-24.3236744442472,3.13767856237443));
#5140=CARTESIAN_POINT('Ctrl Pts',(17.1425884208759,-24.5348754580149,3.14703923835671));
#5141=CARTESIAN_POINT('Ctrl Pts',(16.8794279764805,-24.8354672033702,3.17208144421687));
#5142=CARTESIAN_POINT('Ctrl Pts',(16.5951645436865,-25.1092809572265,3.21026244505533));
#5143=CARTESIAN_POINT('Ctrl Pts',(16.49813596913,-25.1974650517686,3.22423920972426));
#5144=CARTESIAN_POINT('Ctrl Pts',(16.2997597396251,-25.3675106753928,3.25446415352559));
#5145=CARTESIAN_POINT('Ctrl Pts',(16.0932241838324,-25.5246449771883,3.2888547892004));
#5146=CARTESIAN_POINT('Ctrl Pts',(15.9880394689211,-25.5999147895088,3.30700391881498));
#5147=CARTESIAN_POINT('Ctrl Pts',(15.6670700249231,-25.8157046173943,3.36400554199933));
#5148=CARTESIAN_POINT('Ctrl Pts',(15.330868531285,-26.001194334108,3.42788597270343));
#5149=CARTESIAN_POINT('Ctrl Pts',(15.100870978195,-26.1111818233751,3.47284616496397));
#5150=CARTESIAN_POINT('Ctrl Pts',(14.7484048520146,-26.2556682642329,3.54310808090055));
#5151=CARTESIAN_POINT('Ctrl Pts',(14.3868344175079,-26.370831844266,3.61682112137539));
#5152=CARTESIAN_POINT('Ctrl Pts',(14.2654152208039,-26.406041478381,3.64173152580337));
#5153=CARTESIAN_POINT('Ctrl Pts',(14.0210210799785,-26.4703552185345,3.69215733003442));
#5154=CARTESIAN_POINT('Ctrl Pts',(13.7739561017508,-26.5231837409158,3.74365397276831));
#5155=CARTESIAN_POINT('Ctrl Pts',(13.6498660562949,-26.5469066538847,3.76963536715041));
#5156=CARTESIAN_POINT('Ctrl Pts',(13.5253193898561,-26.5681763215843,3.79581693919994));
#5157=CARTESIAN_POINT('Ctrl Pts',(13.4003967662612,-26.5872515192632,3.82216742111071));
#5158=CARTESIAN_POINT('Ctrl Pts',(18.9231295550575,-18.8948884462693,3.85606257863915));
#5159=CARTESIAN_POINT('Ctrl Pts',(18.8870009284504,-19.1467059808461,3.81130679629168));
#5160=CARTESIAN_POINT('Ctrl Pts',(18.845674993406,-19.3976142904355,3.76790455076203));
#5161=CARTESIAN_POINT('Ctrl Pts',(18.7998898063713,-19.6477026595838,3.72595242562708));
#5162=CARTESIAN_POINT('Ctrl Pts',(18.7093698189412,-20.1447289978696,3.63978374655672));
#5163=CARTESIAN_POINT('Ctrl Pts',(18.6169526643288,-20.6375371353758,3.54281128293929));
#5164=CARTESIAN_POINT('Ctrl Pts',(18.5696277060787,-20.8836656799672,3.49031249960699));
#5165=CARTESIAN_POINT('Ctrl Pts',(18.4690149880512,-21.3757817771346,3.3781143226714));
#5166=CARTESIAN_POINT('Ctrl Pts',(18.3462337669594,-21.8714824419609,3.2597822358737));
#5167=CARTESIAN_POINT('Ctrl Pts',(18.2763631386385,-22.1217017971708,3.20365612253483));
#5168=CARTESIAN_POINT('Ctrl Pts',(18.1123800675343,-22.6215441079117,3.11415419641041));
#5169=CARTESIAN_POINT('Ctrl Pts',(17.9039984630306,-23.112945566303,3.05248603042233));
#5170=CARTESIAN_POINT('Ctrl Pts',(17.7874549849426,-23.3547014103894,3.03101563489275));
#5171=CARTESIAN_POINT('Ctrl Pts',(17.5301175695059,-23.8258318275524,3.00271403380038));
#5172=CARTESIAN_POINT('Ctrl Pts',(17.2267216053906,-24.266932403092,3.00566865480183));
#5173=CARTESIAN_POINT('Ctrl Pts',(17.0641594242872,-24.4783277981591,3.01534737467317));
#5174=CARTESIAN_POINT('Ctrl Pts',(16.804518043047,-24.7788900082701,3.03924197344424));
#5175=CARTESIAN_POINT('Ctrl Pts',(16.5234007300204,-25.053077636591,3.07566230694987));
#5176=CARTESIAN_POINT('Ctrl Pts',(16.4274171106276,-25.1414362543905,3.08907722669666));
#5177=CARTESIAN_POINT('Ctrl Pts',(16.2311185444463,-25.3119138390985,3.11822207444581));
#5178=CARTESIAN_POINT('Ctrl Pts',(16.0266118314589,-25.4696625049193,3.15159337306778));
#5179=CARTESIAN_POINT('Ctrl Pts',(15.9224193767887,-25.5452921864791,3.16923234844692));
#5180=CARTESIAN_POINT('Ctrl Pts',(15.6043649919175,-25.7623155857545,3.22472897486603));
#5181=CARTESIAN_POINT('Ctrl Pts',(15.2708922208069,-25.9495065056113,3.28721664087953));
#5182=CARTESIAN_POINT('Ctrl Pts',(15.0426233987143,-26.0608430233749,3.33131622415787));
#5183=CARTESIAN_POINT('Ctrl Pts',(14.6926350723548,-26.2077100888855,3.4004104817104));
#5184=CARTESIAN_POINT('Ctrl Pts',(14.3333428603742,-26.3258164306176,3.47312262266844));
#5185=CARTESIAN_POINT('Ctrl Pts',(14.2126596678621,-26.3620704002482,3.49771728844405));
#5186=CARTESIAN_POINT('Ctrl Pts',(13.9696858791713,-26.4285955490094,3.54754496784863));
#5187=CARTESIAN_POINT('Ctrl Pts',(13.7239272989961,-26.4838449084669,3.59850676788691));
#5188=CARTESIAN_POINT('Ctrl Pts',(13.6004593140827,-26.5088219149599,3.62423567214735));
#5189=CARTESIAN_POINT('Ctrl Pts',(13.4765010821584,-26.5313725988603,3.65017927570858));
#5190=CARTESIAN_POINT('Ctrl Pts',(13.3521329044378,-26.5517362041026,3.67630627772307));
#5191=CARTESIAN_POINT('Ctrl Pts',(18.7057626295208,-18.8082981971113,3.64458136359354));
#5192=CARTESIAN_POINT('Ctrl Pts',(18.6678659884901,-19.0589217057521,3.60087834250197));
#5193=CARTESIAN_POINT('Ctrl Pts',(18.6256941758417,-19.3084852383618,3.55815868558522));
#5194=CARTESIAN_POINT('Ctrl Pts',(18.5803913599616,-19.5569031918406,3.51606857599695));
#5195=CARTESIAN_POINT('Ctrl Pts',(18.4894587853287,-20.0506475950058,3.42904863401646));
#5196=CARTESIAN_POINT('Ctrl Pts',(18.3966293250115,-20.5399519371138,3.33115859527899));
#5197=CARTESIAN_POINT('Ctrl Pts',(18.3495673382322,-20.7839430211894,3.27830084746617));
#5198=CARTESIAN_POINT('Ctrl Pts',(18.2502332837527,-21.2720279204915,3.16469831329816));
#5199=CARTESIAN_POINT('Ctrl Pts',(18.132780530022,-21.7639819726371,3.04157689590451));
#5200=CARTESIAN_POINT('Ctrl Pts',(18.0690113416714,-22.0126706550475,2.97599899943098));
#5201=CARTESIAN_POINT('Ctrl Pts',(17.9144309588361,-22.5099604298603,2.87529019200038));
#5202=CARTESIAN_POINT('Ctrl Pts',(17.714273882848,-22.9997110531242,2.80822472934524));
#5203=CARTESIAN_POINT('Ctrl Pts',(17.602480744057,-23.2406236599304,2.78199498969052));
#5204=CARTESIAN_POINT('Ctrl Pts',(17.3549516079603,-23.7116196501162,2.74925814156177));
#5205=CARTESIAN_POINT('Ctrl Pts',(17.0612088493729,-24.1522225215943,2.74942456984966));
#5206=CARTESIAN_POINT('Ctrl Pts',(16.9028804552735,-24.3628913181868,2.75695454890899));
#5207=CARTESIAN_POINT('Ctrl Pts',(16.6497832967819,-24.6631361036489,2.77767828983791));
#5208=CARTESIAN_POINT('Ctrl Pts',(16.375029349901,-24.9378131013662,2.81075203118518));
#5209=CARTESIAN_POINT('Ctrl Pts',(16.2811449316919,-25.0264312164096,2.82304213996149));
#5210=CARTESIAN_POINT('Ctrl Pts',(16.0889954207259,-25.1976298210063,2.84994377683914));
#5211=CARTESIAN_POINT('Ctrl Pts',(15.8885256766441,-25.3565096794098,2.88110597968363));
#5212=CARTESIAN_POINT('Ctrl Pts',(15.7863211090142,-25.4328094214288,2.89765660402495));
#5213=CARTESIAN_POINT('Ctrl Pts',(15.4741309222389,-25.6521595989088,2.94995418820561));
#5214=CARTESIAN_POINT('Ctrl Pts',(15.1462112226406,-25.8426430071985,3.00948589337706));
#5215=CARTESIAN_POINT('Ctrl Pts',(14.921494136993,-25.956612465188,3.05176122736067));
#5216=CARTESIAN_POINT('Ctrl Pts',(14.576613559846,-26.1081628278593,3.1183531609102));
#5217=CARTESIAN_POINT('Ctrl Pts',(14.2220434623787,-26.2320540787505,3.18889241526587));
#5218=CARTESIAN_POINT('Ctrl Pts',(14.1028884602781,-26.2703583004052,3.21279827601015));
#5219=CARTESIAN_POINT('Ctrl Pts',(13.8628695037011,-26.3412161397941,3.26131541211649));
#5220=CARTESIAN_POINT('Ctrl Pts',(13.6198431634809,-26.401192415974,3.31109512948846));
#5221=CARTESIAN_POINT('Ctrl Pts',(13.4976807955597,-26.4286143505335,3.3362636437565));
#5222=CARTESIAN_POINT('Ctrl Pts',(13.3749633611699,-26.4536618064561,3.36167672343185));
#5223=CARTESIAN_POINT('Ctrl Pts',(13.2517702056054,-26.4765405700556,3.38730282135827));
#5224=CARTESIAN_POINT('Ctrl Pts',(18.4883224219219,-18.717440140929,3.43493537210565));
#5225=CARTESIAN_POINT('Ctrl Pts',(18.4494217219381,-18.9667127881092,3.39171344677328));
#5226=CARTESIAN_POINT('Ctrl Pts',(18.4069359294601,-19.2148064978572,3.34908008010064));
#5227=CARTESIAN_POINT('Ctrl Pts',(18.3619316295833,-19.4616122854772,3.30650930549816));
#5228=CARTESIAN_POINT('Ctrl Pts',(18.2710264924637,-19.9522231732119,3.21813884422963));
#5229=CARTESIAN_POINT('Ctrl Pts',(18.1777375249438,-20.4383756072177,3.11897823474149));
#5230=CARTESIAN_POINT('Ctrl Pts',(18.1304429117027,-20.6807098224461,3.06566187027082));
#5231=CARTESIAN_POINT('Ctrl Pts',(18.0313309816817,-21.165450278613,2.95120904066491));
#5232=CARTESIAN_POINT('Ctrl Pts',(17.9166413243689,-21.6540827280928,2.82645010285447));
#5233=CARTESIAN_POINT('Ctrl Pts',(17.8555089756435,-21.9011383583878,2.75907968070485));
#5234=CARTESIAN_POINT('Ctrl Pts',(17.7115562697596,-22.3972970678637,2.64438739923321));
#5235=CARTESIAN_POINT('Ctrl Pts',(17.5191608601737,-22.8854115161575,2.57279256717199));
#5236=CARTESIAN_POINT('Ctrl Pts',(17.4121781092934,-23.1261467806986,2.54395020805975));
#5237=CARTESIAN_POINT('Ctrl Pts',(17.1730097340642,-23.5951221552572,2.50729405484895));
#5238=CARTESIAN_POINT('Ctrl Pts',(16.886927335097,-24.0330977328826,2.50276081351456));
#5239=CARTESIAN_POINT('Ctrl Pts',(16.7327451424815,-24.2430173411056,2.50774695769069));
#5240=CARTESIAN_POINT('Ctrl Pts',(16.4858173149857,-24.5425431335929,2.52471367129158));
#5241=CARTESIAN_POINT('Ctrl Pts',(16.2172450474607,-24.8173806356109,2.55403784498986));
#5242=CARTESIAN_POINT('Ctrl Pts',(16.1254159967125,-24.9061546419478,2.5650807476372));
#5243=CARTESIAN_POINT('Ctrl Pts',(15.9373583914907,-25.0778726825576,2.58950939394859));
#5244=CARTESIAN_POINT('Ctrl Pts',(15.740926088057,-25.2376960710504,2.61826045966499));
#5245=CARTESIAN_POINT('Ctrl Pts',(15.6407225281268,-25.3145754209179,2.6336260667252));
#5246=CARTESIAN_POINT('Ctrl Pts',(15.3344730711036,-25.5359925753264,2.68244417051368));
#5247=CARTESIAN_POINT('Ctrl Pts',(15.012283184734,-25.7295451837228,2.73875250216848));
#5248=CARTESIAN_POINT('Ctrl Pts',(14.7912712713341,-25.8460190100837,2.77902020772773));
#5249=CARTESIAN_POINT('Ctrl Pts',(14.4517555087927,-26.0020636689969,2.84282123770533));
#5250=CARTESIAN_POINT('Ctrl Pts',(14.1021911717138,-26.1314969220014,2.91088684728962));
#5251=CARTESIAN_POINT('Ctrl Pts',(13.9846611175754,-26.1717613736878,2.93400272205516));
#5252=CARTESIAN_POINT('Ctrl Pts',(13.7477955018565,-26.2467484174019,2.98100661120687));
#5253=CARTESIAN_POINT('Ctrl Pts',(13.507712659265,-26.3112080020137,3.02940274364661));
#5254=CARTESIAN_POINT('Ctrl Pts',(13.3869654011569,-26.3409445013437,3.05391090996633));
#5255=CARTESIAN_POINT('Ctrl Pts',(13.2656029570652,-26.3683562891274,3.07869441299577));
#5256=CARTESIAN_POINT('Ctrl Pts',(13.1437034327358,-26.3936239101927,3.10372128465676));
#5257=CARTESIAN_POINT('Ctrl Pts',(18.3797812097242,-18.6710620270448,3.33024174305452));
#5258=CARTESIAN_POINT('Ctrl Pts',(18.3404986350163,-18.9196507401732,3.28713440090959));
#5259=CARTESIAN_POINT('Ctrl Pts',(18.2979144338984,-19.1670169439773,3.24443024863697));
#5260=CARTESIAN_POINT('Ctrl Pts',(18.2530430585693,-19.4130534003149,3.2015539826675));
#5261=CARTESIAN_POINT('Ctrl Pts',(18.1621880672566,-19.9021708997392,3.11240831841866));
#5262=CARTESIAN_POINT('Ctrl Pts',(18.0686972612615,-20.3868748210471,3.01252397644032));
#5263=CARTESIAN_POINT('Ctrl Pts',(18.0212683244804,-20.6284801372061,2.95893615763629));
#5264=CARTESIAN_POINT('Ctrl Pts',(17.9221178152153,-21.1117525316231,2.84408665293968));
#5265=CARTESIAN_POINT('Ctrl Pts',(17.8083627545226,-21.5987656775973,2.71891914076831));
#5266=CARTESIAN_POINT('Ctrl Pts',(17.7464486874532,-21.8439056364232,2.65395712383809));
#5267=CARTESIAN_POINT('Ctrl Pts',(17.610102424419,-22.3416894179071,2.52964808446647));
#5268=CARTESIAN_POINT('Ctrl Pts',(17.42082580767,-22.8285340053413,2.45669296065022));
#5269=CARTESIAN_POINT('Ctrl Pts',(17.3155200992718,-23.0685718230791,2.42742995023724));
#5270=CARTESIAN_POINT('Ctrl Pts',(17.0797820330553,-23.535740218702,2.38827598404055));
#5271=CARTESIAN_POINT('Ctrl Pts',(16.7976204851893,-23.9726056216305,2.381404992221));
#5272=CARTESIAN_POINT('Ctrl Pts',(16.6454306618506,-24.1820470717892,2.38513437626305));
#5273=CARTESIAN_POINT('Ctrl Pts',(16.4015480114135,-24.4811587204218,2.40018087361668));
#5274=CARTESIAN_POINT('Ctrl Pts',(16.1360414195221,-24.7560188051881,2.42757499596349));
#5275=CARTESIAN_POINT('Ctrl Pts',(16.0452346475167,-24.8448509505368,2.43797788734668));
#5276=CARTESIAN_POINT('Ctrl Pts',(15.8592166398617,-25.0167894604466,2.46113661536606));
#5277=CARTESIAN_POINT('Ctrl Pts',(15.6648063687187,-25.1770457072786,2.4886491698161));
#5278=CARTESIAN_POINT('Ctrl Pts',(15.5656073766836,-25.2541956748342,2.50340585684932));
#5279=CARTESIAN_POINT('Ctrl Pts',(15.2623470530648,-25.4765899682503,2.55043425722585));
#5280=CARTESIAN_POINT('Ctrl Pts',(14.9430589807435,-25.671624144674,2.60507798962527));
#5281=CARTESIAN_POINT('Ctrl Pts',(14.7239307797195,-25.7893164155914,2.6443039913356));
#5282=CARTESIAN_POINT('Ctrl Pts',(14.3871494271119,-25.947553054586,2.70664874055471));
#5283=CARTESIAN_POINT('Ctrl Pts',(14.0401468837543,-26.0796862658277,2.77341277203073));
#5284=CARTESIAN_POINT('Ctrl Pts',(13.923449639682,-26.1209049452422,2.79611174028927));
#5285=CARTESIAN_POINT('Ctrl Pts',(13.6882029391016,-26.1979000245191,2.84231481357693));
#5286=CARTESIAN_POINT('Ctrl Pts',(13.4496377322395,-26.264537163444,2.8899746041151));
#5287=CARTESIAN_POINT('Ctrl Pts',(13.329622005644,-26.2953974969972,2.91413032888366));
#5288=CARTESIAN_POINT('Ctrl Pts',(13.2089621884179,-26.3239578397735,2.9385768214682));
#5289=CARTESIAN_POINT('Ctrl Pts',(13.0877357191844,-26.3503875570804,2.96328189926968));
#5290=CARTESIAN_POINT('Ctrl Pts',(18.2714719907407,-18.62387959801,3.2255072342899));
#5291=CARTESIAN_POINT('Ctrl Pts',(18.2318948303782,-18.8717955560913,3.18241312641762));
#5292=CARTESIAN_POINT('Ctrl Pts',(18.1892565097995,-19.1184587783001,3.13954988717121));
#5293=CARTESIAN_POINT('Ctrl Pts',(18.1445065369095,-19.3637708649659,3.09631573054694));
#5294=CARTESIAN_POINT('Ctrl Pts',(18.0537272401805,-19.8515007684555,3.00631709916279));
#5295=CARTESIAN_POINT('Ctrl Pts',(17.9600661362612,-20.3349135502088,2.90565344513326));
#5296=CARTESIAN_POINT('Ctrl Pts',(17.9124993702766,-20.5758886757914,2.85177346182414));
#5297=CARTESIAN_POINT('Ctrl Pts',(17.813274242878,-21.05791625258,2.73652077649934));
#5298=CARTESIAN_POINT('Ctrl Pts',(17.7001943238192,-21.5435320570758,2.61111311405337));
#5299=CARTESIAN_POINT('Ctrl Pts',(17.6387613385255,-21.7877753092956,2.54618175753318));
#5300=CARTESIAN_POINT('Ctrl Pts',(17.5056357072138,-22.2849952262523,2.41977401428579));
#5301=CARTESIAN_POINT('Ctrl Pts',(17.3208881191002,-22.7710324481362,2.3424922229012));
#5302=CARTESIAN_POINT('Ctrl Pts',(17.216716673086,-23.0099369347698,2.31298111162582));
#5303=CARTESIAN_POINT('Ctrl Pts',(16.9845247946953,-23.4755240529253,2.27143607457434));
#5304=CARTESIAN_POINT('Ctrl Pts',(16.7061772619335,-23.9111501897834,2.26202482057956));
#5305=CARTESIAN_POINT('Ctrl Pts',(16.5559525484557,-24.1201175602229,2.264448688012));
#5306=CARTESIAN_POINT('Ctrl Pts',(16.3150763221033,-24.4187803731235,2.27750760758284));
#5307=CARTESIAN_POINT('Ctrl Pts',(16.0526153776721,-24.693622195674,2.30292343784967));
#5308=CARTESIAN_POINT('Ctrl Pts',(15.9628257014537,-24.782498249135,2.31267047134199));
#5309=CARTESIAN_POINT('Ctrl Pts',(15.7788409656793,-24.9546274929476,2.33452961780234));
#5310=CARTESIAN_POINT('Ctrl Pts',(15.5864538515143,-25.1152852039469,2.3607755299913));
#5311=CARTESIAN_POINT('Ctrl Pts',(15.4882618331932,-25.1926897988747,2.3749093011909));
#5312=CARTESIAN_POINT('Ctrl Pts',(15.1880032094307,-25.41601268766,2.42010566731916));
#5313=CARTESIAN_POINT('Ctrl Pts',(14.8716442538946,-25.6124777892016,2.47303980734436));
#5314=CARTESIAN_POINT('Ctrl Pts',(14.6544234222405,-25.7313537745909,2.51119164279143));
#5315=CARTESIAN_POINT('Ctrl Pts',(14.3204172110301,-25.891723130784,2.57202765444737));
#5316=CARTESIAN_POINT('Ctrl Pts',(13.9760246145995,-26.0264811983674,2.63743362065738));
#5317=CARTESIAN_POINT('Ctrl Pts',(13.8601770249187,-26.0686270555501,2.65969648941173));
#5318=CARTESIAN_POINT('Ctrl Pts',(13.6265846693474,-26.1475719685311,2.70505985567556));
#5319=CARTESIAN_POINT('Ctrl Pts',(13.3895763910609,-26.2163221865948,2.75194371074555));
#5320=CARTESIAN_POINT('Ctrl Pts',(13.2703129025057,-26.2482730102246,2.77572710064285));
#5321=CARTESIAN_POINT('Ctrl Pts',(13.1503775693513,-26.2779484668328,2.79981663166049));
#5322=CARTESIAN_POINT('Ctrl Pts',(13.0298471228902,-26.3055079107797,2.82417991356179));
#5323=CARTESIAN_POINT('Ctrl Pts',(18.1634219904357,-18.576008388385,3.12063231774222));
#5324=CARTESIAN_POINT('Ctrl Pts',(18.1236137378198,-18.8232732273308,3.07747032717842));
#5325=CARTESIAN_POINT('Ctrl Pts',(18.080948831476,-19.0692671673875,3.03438185227884));
#5326=CARTESIAN_POINT('Ctrl Pts',(18.0363102685837,-19.3139042129025,2.99075393618198));
#5327=CARTESIAN_POINT('Ctrl Pts',(17.9456168041029,-19.8003576225311,2.89985751002352));
#5328=CARTESIAN_POINT('Ctrl Pts',(17.8518096664902,-20.2826265654582,2.79839882157863));
#5329=CARTESIAN_POINT('Ctrl Pts',(17.8041122729403,-20.5230590422206,2.74422333793643));
#5330=CARTESIAN_POINT('Ctrl Pts',(17.7047773244949,-21.0040266266305,2.62860257322927));
#5331=CARTESIAN_POINT('Ctrl Pts',(17.5922035383808,-21.4884532377927,2.5031298156531));
#5332=CARTESIAN_POINT('Ctrl Pts',(17.5313455430474,-21.7321387858717,2.4381877514338));
#5333=CARTESIAN_POINT('Ctrl Pts',(17.399556314315,-22.2276185147671,2.31201806692958));
#5334=CARTESIAN_POINT('Ctrl Pts',(17.2189459217022,-22.7126390948735,2.23074439593918));
#5335=CARTESIAN_POINT('Ctrl Pts',(17.1161107155408,-22.9505264018365,2.20048992908061));
#5336=CARTESIAN_POINT('Ctrl Pts',(16.8873389046699,-23.4144856097785,2.15649011075222));
#5337=CARTESIAN_POINT('Ctrl Pts',(16.6127293890054,-23.8488489019749,2.14445747529643));
#5338=CARTESIAN_POINT('Ctrl Pts',(16.4644359341808,-24.0573271455167,2.14554513422323));
#5339=CARTESIAN_POINT('Ctrl Pts',(16.2265247613543,-24.3555137246183,2.15657653609673));
#5340=CARTESIAN_POINT('Ctrl Pts',(15.9670829912769,-24.6303028884702,2.17998020694619));
#5341=CARTESIAN_POINT('Ctrl Pts',(15.8783032725503,-24.7192106269567,2.18906056647484));
#5342=CARTESIAN_POINT('Ctrl Pts',(15.6963409591266,-24.8915048476393,2.20959899024174));
#5343=CARTESIAN_POINT('Ctrl Pts',(15.5059729034737,-25.0525359441155,2.23455731400946));
#5344=CARTESIAN_POINT('Ctrl Pts',(15.4087874732688,-25.1301806225417,2.24805754831631));
#5345=CARTESIAN_POINT('Ctrl Pts',(15.1115341500396,-25.3543870833408,2.29138908008346));
#5346=CARTESIAN_POINT('Ctrl Pts',(14.7981211704746,-25.5522332972848,2.34257700730866));
#5347=CARTESIAN_POINT('Ctrl Pts',(14.582823938249,-25.6722573272766,2.37962763301208));
#5348=CARTESIAN_POINT('Ctrl Pts',(14.2516225977376,-25.8346975160249,2.43891052833017));
#5349=CARTESIAN_POINT('Ctrl Pts',(13.9098776848777,-25.9720031132835,2.50290971423409));
#5350=CARTESIAN_POINT('Ctrl Pts',(13.7948932074718,-26.0150485165958,2.52471983618901));
#5351=CARTESIAN_POINT('Ctrl Pts',(13.5629840052899,-26.0958844186428,2.56920956650353));
#5352=CARTESIAN_POINT('Ctrl Pts',(13.3275655420975,-26.1666835271913,2.61528255312073));
#5353=CARTESIAN_POINT('Ctrl Pts',(13.2090718271449,-26.1996918509586,2.63867595827428));
#5354=CARTESIAN_POINT('Ctrl Pts',(13.0898796695234,-26.2304493802105,2.66239073337308));
#5355=CARTESIAN_POINT('Ctrl Pts',(12.9700650577285,-26.2591064122682,2.68639429621518));
#5356=CARTESIAN_POINT('Origin',(15.7720466947315,-19.8500001400117,7.75719991115607));
#5357=CARTESIAN_POINT('Origin',(18.3722829818726,-12.3500001430511,9.4140887260437));
#5358=CARTESIAN_POINT('',(18.3722829818726,-17.3500001430511,9.4140887260437));
#5359=CARTESIAN_POINT('',(18.3722829818726,-7.35000014305115,9.4140887260437));
#5360=CARTESIAN_POINT('Origin',(18.3722829818726,-7.35000014305115,10.4140889644623));
#5361=CARTESIAN_POINT('',(9.39950993607164,-7.35000014305115,11.4140892028809));
#5362=CARTESIAN_POINT('Origin',(18.3722829818726,-17.3500001430511,10.4140889644623));
#5363=CARTESIAN_POINT('',(9.39950993607164,-17.3500001430511,11.4140892028809));
#5364=CARTESIAN_POINT('Origin',(5.94546318054199,-19.2933964729309,-4.58591222763062));
#5365=CARTESIAN_POINT('Origin',(2.39092826843262,-20.6683969497681,8.28791975975037));
#5366=CARTESIAN_POINT('',(2.3909270888524,-20.3500005629574,5.16150211143532));
#5367=CARTESIAN_POINT('Ctrl Pts',(2.39092826843262,-20.9867930408126,5.16122497875827));
#5368=CARTESIAN_POINT('Ctrl Pts',(2.39092826843262,-20.7745390478132,5.16130608218024));
#5369=CARTESIAN_POINT('Ctrl Pts',(2.39092826843262,-20.562274884527,5.16139829826969));
#5370=CARTESIAN_POINT('Ctrl Pts',(2.39092826843262,-20.3500005627226,5.16150162963865));
#5371=CARTESIAN_POINT('',(2.3909274401077,-20.3500011535151,11.4140892028809));
#5372=CARTESIAN_POINT('',(2.39092652832555,-20.3500005958682,5.50877315834097));
#5373=CARTESIAN_POINT('',(2.39092826843262,-18.6480717918726,11.4140892028809));
#5374=CARTESIAN_POINT('Origin',(17.009596824646,21.5632057189941,3.17368984222412));
#5375=CARTESIAN_POINT('Origin',(15.7720466947315,-19.8500130124615,7.7571999111561));
#5376=CARTESIAN_POINT('Origin',(0.499999474814356,-25.9526736748252,0.534444021991895));
#5377=CARTESIAN_POINT('',(0.499997139017492,-27.0718575071268,5.53341823178475));
#5378=CARTESIAN_POINT('',(0.499997138977051,-26.5703812430922,5.53313337712109));
#5379=CARTESIAN_POINT('Ctrl Pts',(0.499997138977053,-27.0718575071268,5.53341823178463));
#5380=CARTESIAN_POINT('Ctrl Pts',(0.499997138977053,-26.9046923795194,5.53331689729568));
#5381=CARTESIAN_POINT('Ctrl Pts',(0.499997138977053,-26.737533623733,5.53322194622733));
#5382=CARTESIAN_POINT('Ctrl Pts',(0.499997138977053,-26.5703812430922,5.53313337712131));
#5383=CARTESIAN_POINT('',(0.499997138977051,-21.1425299026043,5.53249930918128));
#5384=CARTESIAN_POINT('Ctrl Pts',(0.499997138977051,-26.5703812430922,5.53313337712102));
#5385=CARTESIAN_POINT('Ctrl Pts',(0.499997138977051,-26.3637433333018,5.53302388580017));
#5386=CARTESIAN_POINT('Ctrl Pts',(0.499997138977051,-26.157115166338,5.53292414772422));
#5387=CARTESIAN_POINT('Ctrl Pts',(0.499997138977051,-24.348426793595,5.53213641782412));
#5388=CARTESIAN_POINT('Ctrl Pts',(0.499997138977051,-22.7457702027058,5.53202437259536));
#5389=CARTESIAN_POINT('Ctrl Pts',(0.499997138977051,-21.1425299026044,5.53249930918292));
#5390=CARTESIAN_POINT('',(0.49999718790392,-19.557470277321,5.53316005170814));
#5391=CARTESIAN_POINT('Ctrl Pts',(0.499997138977052,-21.1425299026043,5.53249930918212));
#5392=CARTESIAN_POINT('Ctrl Pts',(0.538600644860616,-21.137217161182,5.53250104091213));
#5393=CARTESIAN_POINT('Ctrl Pts',(0.576812072666321,-21.1290847513397,5.53205436479465));
#5394=CARTESIAN_POINT('Ctrl Pts',(0.70018526702402,-21.0932053005689,5.52924394271945));
#5395=CARTESIAN_POINT('Ctrl Pts',(0.781172419726302,-21.0540444540097,5.52514864615212));
#5396=CARTESIAN_POINT('Ctrl Pts',(0.941286667926546,-20.9403964012891,5.51382236457892));
#5397=CARTESIAN_POINT('Ctrl Pts',(1.01526814073682,-20.8615262193155,5.50629315861217));
#5398=CARTESIAN_POINT('Ctrl Pts',(1.12431153073934,-20.6850094206056,5.4938113420826));
#5399=CARTESIAN_POINT('Ctrl Pts',(1.16057484191628,-20.5903355248926,5.48889748339764));
#5400=CARTESIAN_POINT('Ctrl Pts',(1.19657074463654,-20.3897716397649,5.48405014158385));
#5401=CARTESIAN_POINT('Ctrl Pts',(1.19498430926604,-20.2857147834336,5.48433014176213));
#5402=CARTESIAN_POINT('Ctrl Pts',(1.1518475345509,-20.0813473462363,5.49028649726226));
#5403=CARTESIAN_POINT('Ctrl Pts',(1.10975779047464,-19.9833717271507,5.49600062927225));
#5404=CARTESIAN_POINT('Ctrl Pts',(0.989969507666981,-19.8093207296246,5.50933807083404));
#5405=CARTESIAN_POINT('Ctrl Pts',(0.913303162140003,-19.7349224367461,5.51675901327975));
#5406=CARTESIAN_POINT('Ctrl Pts',(0.751381137559028,-19.6305480760774,5.52733612839652));
#5407=CARTESIAN_POINT('Ctrl Pts',(0.671187146047398,-19.5956692282233,5.53092102652214));
#5408=CARTESIAN_POINT('Ctrl Pts',(0.558216548022605,-19.5671284312358,5.5328984821653));
#5409=CARTESIAN_POINT('Ctrl Pts',(0.529211155822263,-19.5614908179797,5.53315804540201));
#5410=CARTESIAN_POINT('Ctrl Pts',(0.499997089140689,-19.5574702839293,5.53316005170302));
#5411=CARTESIAN_POINT('',(0.499997138977052,-18.3529766985769,5.53391784471703));
#5412=CARTESIAN_POINT('Ctrl Pts',(0.499997138977051,-19.5574702773209,5.53316005170693));
#5413=CARTESIAN_POINT('Ctrl Pts',(0.499997138977051,-19.1560089262246,5.53337582824048));
#5414=CARTESIAN_POINT('Ctrl Pts',(0.499997138977051,-18.7545110488572,5.5336284192262));
#5415=CARTESIAN_POINT('Ctrl Pts',(0.499997138977051,-18.3529766985768,5.5339178447167));
#5416=CARTESIAN_POINT('Ctrl Pts',(0.499997138977043,-18.3529766985769,5.53391784471713));
#5417=CARTESIAN_POINT('Ctrl Pts',(0.625104246276208,-18.3598096248874,5.53391369390087));
#5418=CARTESIAN_POINT('Ctrl Pts',(0.749268747864483,-18.3783716973268,5.52917831374777));
#5419=CARTESIAN_POINT('Ctrl Pts',(1.08171641888969,-18.4605776680265,5.50439795549698));
#5420=CARTESIAN_POINT('Ctrl Pts',(1.2811139531171,-18.5462218208549,5.4758758322402));
#5421=CARTESIAN_POINT('Ctrl Pts',(1.68851532745176,-18.8046785298167,5.39583477320979));
#5422=CARTESIAN_POINT('Ctrl Pts',(1.88318129263792,-18.9919120978485,5.34110275539383));
#5423=CARTESIAN_POINT('Ctrl Pts',(2.17935882784754,-19.4195791380918,5.24531914774067));
#5424=CARTESIAN_POINT('Ctrl Pts',(2.28368055628233,-19.6546864539153,5.20464271116408));
#5425=CARTESIAN_POINT('Ctrl Pts',(2.37420333515846,-20.0514398660284,5.16858761795106));
#5426=CARTESIAN_POINT('Ctrl Pts',(2.39092651064685,-20.2005315591891,5.16157510643603));
#5427=CARTESIAN_POINT('Ctrl Pts',(2.39092649906237,-20.3500005630746,5.16150235233354));
#5428=CARTESIAN_POINT('Ctrl Pts',(5.49961192713261,-29.9860744945515,0.533101693520972));
#5429=CARTESIAN_POINT('Ctrl Pts',(5.4996121978199,-29.9854784852335,0.534124347380518));
#5430=CARTESIAN_POINT('Ctrl Pts',(5.499612154475,-29.9848828820507,0.53514630437897));
#5431=CARTESIAN_POINT('Ctrl Pts',(5.49951018148377,-29.8144389280872,0.827600066582746));
#5432=CARTESIAN_POINT('Ctrl Pts',(5.4668776159415,-29.611283828024,1.17618076975724));
#5433=CARTESIAN_POINT('Ctrl Pts',(5.3582098625236,-29.2766055203452,1.7504336425205));
#5434=CARTESIAN_POINT('Ctrl Pts',(5.26099853240852,-29.0794638650468,2.08869626456409));
#5435=CARTESIAN_POINT('Ctrl Pts',(5.04536119687496,-28.7598829377579,2.63704451829125));
#5436=CARTESIAN_POINT('Ctrl Pts',(4.90121110791281,-28.5900681481542,2.92841873804225));
#5437=CARTESIAN_POINT('Ctrl Pts',(4.55143540331857,-28.2675554751673,3.48179738468886));
#5438=CARTESIAN_POINT('Ctrl Pts',(4.34561319039715,-28.1149116613251,3.74370903715445));
#5439=CARTESIAN_POINT('Ctrl Pts',(3.92757425476037,-27.8570469521141,4.18616242194563));
#5440=CARTESIAN_POINT('Ctrl Pts',(3.67772795375005,-27.7274787457042,4.40848013134757));
#5441=CARTESIAN_POINT('Ctrl Pts',(3.12829584279938,-27.4991346617338,4.80028098365837));
#5442=CARTESIAN_POINT('Ctrl Pts',(2.82851647525653,-27.4004768929018,4.96956147143492));
#5443=CARTESIAN_POINT('Ctrl Pts',(2.24141984243477,-27.2477476014811,5.23161978935149));
#5444=CARTESIAN_POINT('Ctrl Pts',(1.90072783410016,-27.1806865979258,5.34668543017295));
#5445=CARTESIAN_POINT('Ctrl Pts',(1.19699816352827,-27.0926966383071,5.49766171374458));
#5446=CARTESIAN_POINT('Ctrl Pts',(0.833915596513968,-27.0718587653217,5.53341607292954));
#5447=CARTESIAN_POINT('Ctrl Pts',(0.500027578426914,-27.0718575071873,5.53341823168106));
#5448=CARTESIAN_POINT('Ctrl Pts',(0.500017431943635,-27.071857507149,5.53341823174667));
#5449=CARTESIAN_POINT('Ctrl Pts',(0.500007285433368,-27.0718575071291,5.53341823178087));
#5450=CARTESIAN_POINT('Ctrl Pts',(0.499997138896168,-27.0718575071269,5.53341823178471));
#5451=CARTESIAN_POINT('Origin',(0.390926578284002,-20.3500000986704,5.47769635606384));
#5452=CARTESIAN_POINT('',(0.499997138977051,-21.1425297317414,11.4140892028809));
#5453=CARTESIAN_POINT('',(0.499997138977051,-21.1425298183969,8.43115854607641));
#5454=CARTESIAN_POINT('',(0.499997138977051,-19.5574700409308,11.4140892028809));
#5455=CARTESIAN_POINT('Origin',(0.390926868056012,-20.3499998863361,11.4140892028809));
#5456=CARTESIAN_POINT('',(0.499997138977051,-19.5574701676636,8.43115848938163));
#5457=CARTESIAN_POINT('Origin',(0.390926466267057,-20.3500004409414,5.50877332687378));
#5458=CARTESIAN_POINT('',(0.499997138977051,-18.352977226787,11.4140892028809));
#5459=CARTESIAN_POINT('',(0.499997138977051,-18.3529769416759,8.24015813409355));
#5460=CARTESIAN_POINT('Origin',(0.390926963886728,-20.3500009985883,11.4140892028809));
#5461=CARTESIAN_POINT('Origin',(-17.890932559967,-12.3500001430511,10.4140889644623));
#5462=CARTESIAN_POINT('',(-17.890932559967,-17.3500001430511,9.4140887260437));
#5463=CARTESIAN_POINT('',(-17.890932559967,-7.35000014305115,9.4140887260437));
#5464=CARTESIAN_POINT('',(-17.890932559967,-12.3500001430511,9.4140887260437));
#5465=CARTESIAN_POINT('',(-17.890932559967,-7.35000014305115,11.4140892028809));
#5466=CARTESIAN_POINT('',(-17.890932559967,-7.35000014305115,10.4140889644623));
#5467=CARTESIAN_POINT('',(-17.890932559967,-17.3500001430511,11.4140892028809));
#5468=CARTESIAN_POINT('',(-17.890932559967,-14.4888733885142,11.4140892028809));
#5469=CARTESIAN_POINT('',(-17.890932559967,-17.3500001430511,10.4140889644623));
#5470=CARTESIAN_POINT('Origin',(-7.00000286102295,-18.0433964729309,3.41408848762512));
#5471=CARTESIAN_POINT('',(-7.00000286102295,-20.9867930412292,-4.5859101049666));
#5472=CARTESIAN_POINT('',(-7.00000286102295,-20.9867930412292,11.4140892028809));
#5473=CARTESIAN_POINT('',(-7.00000286102295,-20.9867930412292,4.62732672691345));
#5474=CARTESIAN_POINT('',(-7.00000286102295,-15.0999999046326,11.4140892028809));
#5475=CARTESIAN_POINT('',(-7.00000286102295,-17.3355715534541,11.4140892028809));
#5476=CARTESIAN_POINT('',(-7.0000021023393,-15.0999999046326,-4.58591146894699));
#5477=CARTESIAN_POINT('',(-7.00000286102295,-15.0999999046326,3.80694576672145));
#5478=CARTESIAN_POINT('',(-7.00000286102295,-11.2109568641296,-4.58590984655174));
#5479=CARTESIAN_POINT('Origin',(-11.8529546260834,-20.9867918491364,5.84056496620178));
#5480=CARTESIAN_POINT('',(-16.706364912035,-20.9867906569308,5.12045168700747));
#5481=CARTESIAN_POINT('',(-16.7056049793715,-20.9867906571175,11.4140892028809));
#5482=CARTESIAN_POINT('Ctrl Pts',(-16.706364912035,-20.9867906569308,5.12045168700747));
#5483=CARTESIAN_POINT('Ctrl Pts',(-16.7060227068821,-20.9867906570149,8.35139965805891));
#5484=CARTESIAN_POINT('Ctrl Pts',(-16.7056049793715,-20.9867906571175,11.4140892028809));
#5485=CARTESIAN_POINT('',(-5.63984915458451,-20.9867933753413,11.4140892028809));
#5486=CARTESIAN_POINT('',(-14.1454334165475,-20.9867912860053,2.55952025986467));
#5487=CARTESIAN_POINT('Origin',(-13.6511482298374,-4.37851764261723,2.06523552536964));
#5488=CARTESIAN_POINT('',(-16.8536448418478,-19.8499988575253,5.26818766474529));
#5489=CARTESIAN_POINT('Origin',(-11.915762375201,-19.8080452405511,0.329849309181418));
#5490=CARTESIAN_POINT('',(-6.99999960698186,21.8132066726685,-4.58591222763062));
#5491=CARTESIAN_POINT('',(-7.00000019709976,-0.510957200686765,-4.58591222763062));
#5492=CARTESIAN_POINT('',(-7.10906982421875,21.8132066726685,-4.47684201330453));
#5493=CARTESIAN_POINT('',(-10.6912193067369,21.8132066726685,-0.894692626384822));
#5494=CARTESIAN_POINT('',(-7.10906982421875,21.3132047653198,-4.4768420265216));
#5495=CARTESIAN_POINT('',(-7.10906982421875,8.972552420182,-4.47684235273493));
#5496=CARTESIAN_POINT('',(-16.0096025466919,21.3132047653198,4.42369045841907));
#5497=CARTESIAN_POINT('',(-12.2927423011569,21.3132047653198,0.706830312077569));
#5498=CARTESIAN_POINT('',(-16.005993667915,21.7396344242893,4.42297972210483));
#5499=CARTESIAN_POINT('',(-16.0096025466919,8.59234399049543,4.42369012215531));
#5500=CARTESIAN_POINT('',(-16.8536448478699,21.8132066726685,5.26773275028879));
#5501=CARTESIAN_POINT('',(-10.6912193067369,21.8132066726685,-0.894692626384822));
#5502=CARTESIAN_POINT('',(-16.8536448478699,-5.03135802887782,5.26773204067844));
#5503=CARTESIAN_POINT('Origin',(-3.52364420890808,-16.4466980099678,1.41408920288086));
#5504=CARTESIAN_POINT('',(-5.39093494415283,-17.5999999046326,1.41408920288086));
#5505=CARTESIAN_POINT('',(-4.42177772521973,-17.5999999046326,1.41408920288086));
#5506=CARTESIAN_POINT('',(-4.13040271827153,-17.5999999046326,1.41408920288086));
#5507=CARTESIAN_POINT('',(-4.42177772521973,-16.9867920875549,1.41408920288086));
#5508=CARTESIAN_POINT('',(-4.42177772521973,-16.9867920875549,1.41408920288086));
#5509=CARTESIAN_POINT('',(0.109066963195801,-16.9867920875549,1.41408920288086));
#5510=CARTESIAN_POINT('',(-1.50273442268372,-16.9867920875549,1.41408920288086));
#5511=CARTESIAN_POINT('',(0.109066963195801,-16.1000001430511,1.41408920288086));
#5512=CARTESIAN_POINT('',(0.109066963195801,-16.5111670394739,1.41408920288086));
#5513=CARTESIAN_POINT('',(-4.39093112945557,-16.1000001430511,1.41408920288086));
#5514=CARTESIAN_POINT('',(-1.45728886127472,-16.1000001430511,1.41408920288086));
#5515=CARTESIAN_POINT('',(-4.39093112945557,-15.0999999046326,1.41408920288086));
#5516=CARTESIAN_POINT('',(-4.39093112945557,-15.7733489573002,1.41408920288086));
#5517=CARTESIAN_POINT('',(-5.39093494415283,-15.0999999046326,1.41408920288086));
#5518=CARTESIAN_POINT('',(-1.48066086428506,-15.0999999046326,1.41408920288086));
#5519=CARTESIAN_POINT('',(-5.39093494415283,-17.1711478133996,1.41408920288086));
#5520=CARTESIAN_POINT('Origin',(-4.39093112945557,-15.0999999046326,10.3426606314523));
#5521=CARTESIAN_POINT('',(-4.39093112945557,-16.1000001430511,14.9140894412994));
#5522=CARTESIAN_POINT('',(-4.39093112945557,-16.1000001430511,8.56587488736425));
#5523=CARTESIAN_POINT('',(-4.39093112945557,-14.099999666214,12.9140889644623));
#5524=CARTESIAN_POINT('Origin',(-4.39093112945557,-15.6000000238419,13.4140890836716));
#5525=CARTESIAN_POINT('',(-4.39093112945557,-15.0999999046326,12.9140889644623));
#5526=CARTESIAN_POINT('',(-4.39093112945557,-14.8499998450279,12.9140889644623));
#5527=CARTESIAN_POINT('',(-4.39093112945557,-15.0999999046326,7.27123183863504));
#5528=CARTESIAN_POINT('Origin',(0.499996748126921,-28.3963359770228,3.26083124661055));
#5529=CARTESIAN_POINT('',(-6.00000381469727,-26.8499994277954,5.91409016802535));
#5530=CARTESIAN_POINT('',(0.499997334402131,-26.8499994277954,5.91409016802541));
#5531=CARTESIAN_POINT('',(-6.00000381469727,-35.805906909605,-9.45277252260335));
#5532=CARTESIAN_POINT('',(-6.00000381469727,-27.7139767832403,4.4316472759008));
#5533=CARTESIAN_POINT('',(-4.50000286102295,-35.805906829542,-9.45277238522844));
#5534=CARTESIAN_POINT('',(-6.00000381469728,-35.805906829542,-9.45277238522844));
#5535=CARTESIAN_POINT('',(-4.50000286102295,-29.9860745484904,0.533101558685303));
#5536=CARTESIAN_POINT('',(-4.50000286102295,-28.0321083180636,3.88578594100882));
#5537=CARTESIAN_POINT('Ctrl Pts',(-4.49961764917851,-29.9860744945515,0.533101693520972));
#5538=CARTESIAN_POINT('Ctrl Pts',(-4.4996179198658,-29.9854784852335,0.534124347380518));
#5539=CARTESIAN_POINT('Ctrl Pts',(-4.4996178765209,-29.9848828820507,0.53514630437897));
#5540=CARTESIAN_POINT('Ctrl Pts',(-4.49951590352967,-29.8144389280872,0.827600066582746));
#5541=CARTESIAN_POINT('Ctrl Pts',(-4.4668833379874,-29.611283828024,1.17618076975724));
#5542=CARTESIAN_POINT('Ctrl Pts',(-4.3582155845695,-29.2766055203452,1.7504336425205));
#5543=CARTESIAN_POINT('Ctrl Pts',(-4.26100425445442,-29.0794638650468,2.08869626456409));
#5544=CARTESIAN_POINT('Ctrl Pts',(-4.04536691892085,-28.7598829377579,2.63704451829125));
#5545=CARTESIAN_POINT('Ctrl Pts',(-3.90121682995871,-28.5900681481542,2.92841873804225));
#5546=CARTESIAN_POINT('Ctrl Pts',(-3.55144112536447,-28.2675554751673,3.48179738468886));
#5547=CARTESIAN_POINT('Ctrl Pts',(-3.34561891244305,-28.1149116613251,3.74370903715445));
#5548=CARTESIAN_POINT('Ctrl Pts',(-2.92757997680626,-27.8570469521141,4.18616242194563));
#5549=CARTESIAN_POINT('Ctrl Pts',(-2.67773367579595,-27.7274787457042,4.40848013134757));
#5550=CARTESIAN_POINT('Ctrl Pts',(-2.12830156484528,-27.4991346617338,4.80028098365837));
#5551=CARTESIAN_POINT('Ctrl Pts',(-1.82852219730242,-27.4004768929018,4.96956147143492));
#5552=CARTESIAN_POINT('Ctrl Pts',(-1.24142556448067,-27.2477476014811,5.23161978935149));
#5553=CARTESIAN_POINT('Ctrl Pts',(-0.900733556146062,-27.1806865979258,
5.34668543017295));
#5554=CARTESIAN_POINT('Ctrl Pts',(-0.197003885574168,-27.0926966383071,
5.49766171374458));
#5555=CARTESIAN_POINT('Ctrl Pts',(0.166078681440134,-27.0718587653217,5.53341607292954));
#5556=CARTESIAN_POINT('Ctrl Pts',(0.499966699527188,-27.0718575071873,5.53341823168106));
#5557=CARTESIAN_POINT('Ctrl Pts',(0.499976846010466,-27.071857507149,5.53341823174667));
#5558=CARTESIAN_POINT('Ctrl Pts',(0.499986992520734,-27.0718575071291,5.53341823178087));
#5559=CARTESIAN_POINT('Ctrl Pts',(0.499997139057933,-27.0718575071269,5.53341823178471));
#5560=CARTESIAN_POINT('Origin',(0.499997933705648,21.974983215332,13.9140892028809));
#5561=CARTESIAN_POINT('',(-18.7469076241791,22.1500015258789,13.9140892028809));
#5562=CARTESIAN_POINT('',(16.2832283973694,22.1500015258789,13.9140892028809));
#5563=CARTESIAN_POINT('',(-18.8389557545105,21.8132066726685,13.9140892028809));
#5564=CARTESIAN_POINT('Origin',(-11.9864462735044,20.1499986833909,13.9140892028809));
#5565=CARTESIAN_POINT('',(0.499996825268394,21.8132066726685,13.9140892028809));
#5566=CARTESIAN_POINT('Origin',(-2.50000476837158,32.6499984661738,-11.4668978254));
#5567=CARTESIAN_POINT('',(-2.50000476837158,29.8999985856672,-11.4668989181515));
#5568=CARTESIAN_POINT('Origin',(-2.50000476837158,32.6499985784239,-11.4668976546971));
#5569=CARTESIAN_POINT('',(-2.50000476837158,31.6249978951518,-11.466898918153));
#5570=CARTESIAN_POINT('Origin',(-2.50000476837158,32.6499977863432,-11.4668978620996));
#5571=CARTESIAN_POINT('Origin',(-16.7329498380423,3.51872900500894,2.64703638851643));
#5572=CARTESIAN_POINT('',(-18.3075828840019,-19.8500001440643,4.22166869146817));
#5573=CARTESIAN_POINT('',(-18.2729038282878,20.3815729821139,4.18770660322295));
#5574=CARTESIAN_POINT('',(-18.3075826599719,-19.8500130185404,4.22166891549818));
#5575=CARTESIAN_POINT('',(-16.5146531225605,22.1456924301703,2.43116327895434));
#5576=CARTESIAN_POINT('Origin',(-16.6013436228798,19.670441321507,2.58212683473445));
#5577=CARTESIAN_POINT('',(-15.9295635460199,22.1500754356384,1.84365023544374));
#5578=CARTESIAN_POINT('',(-16.7329498540593,22.1500754356384,2.64703637249934));
#5579=CARTESIAN_POINT('',(-16.0096025466919,21.6660621739171,1.92368921991333));
#5580=CARTESIAN_POINT('Origin',(-14.5061162638061,21.6660621727181,0.420203257012892));
#5581=CARTESIAN_POINT('',(-16.0096025466919,21.3132047653198,1.92368922052002));
#5582=CARTESIAN_POINT('',(-16.0096025466919,12.5409673603051,1.92368923560274));
#5583=CARTESIAN_POINT('',(-7.10906982421875,21.3132047653198,-6.97684160766217));
#5584=CARTESIAN_POINT('',(-14.4586433850721,21.3132047653198,0.372730388989218));
#5585=CARTESIAN_POINT('',(-7.10906982421875,22.1500015258789,-6.97684160910093));
#5586=CARTESIAN_POINT('',(-7.10906982421875,12.9211756258134,-6.97684159323317));
#5587=CARTESIAN_POINT('',(-7.00000286102295,22.1500015258789,-7.08590854908413));
#5588=CARTESIAN_POINT('',(-16.9532044322299,22.1500015258789,2.86729090379345));
#5589=CARTESIAN_POINT('',(-7.00000286102295,-21.8499994277954,-7.08590847343187));
#5590=CARTESIAN_POINT('',(-7.00000286102295,1.83436406667301,-7.08590851415404));
#5591=CARTESIAN_POINT('',(-16.696663246779,-21.8292662100224,2.61074907581686));
#5592=CARTESIAN_POINT('',(-10.4861218719284,-21.8499994277954,-3.59979020447349));
#5593=CARTESIAN_POINT('Ctrl Pts',(-16.8806802613242,-21.8081408942657,2.79476526380604));
#5594=CARTESIAN_POINT('Ctrl Pts',(-16.8861908418529,-21.8068620360283,2.80027578184598));
#5595=CARTESIAN_POINT('Ctrl Pts',(-16.9233350467265,-21.7980377756334,2.83741976777745));
#5596=CARTESIAN_POINT('Ctrl Pts',(-16.9913432966165,-21.779342718168,2.90543064985946));
#5597=CARTESIAN_POINT('Ctrl Pts',(-17.0834646382485,-21.7480441223283,2.99755514617744));
#5598=CARTESIAN_POINT('Ctrl Pts',(-17.1729208393917,-21.7117186565759,3.08700950324506));
#5599=CARTESIAN_POINT('Ctrl Pts',(-17.2593775229588,-21.67072248395,3.17345649791933));
#5600=CARTESIAN_POINT('Ctrl Pts',(-17.3425424152343,-21.6254410098018,3.25663292757383));
#5601=CARTESIAN_POINT('Ctrl Pts',(-17.4222163684004,-21.5762831305567,3.33629900067242));
#5602=CARTESIAN_POINT('Ctrl Pts',(-17.4982117367321,-21.5236409959614,3.41230023046612));
#5603=CARTESIAN_POINT('Ctrl Pts',(-17.5704239190763,-21.4679213534287,3.48451090665575));
#5604=CARTESIAN_POINT('Ctrl Pts',(-17.6387830732728,-21.4095103786836,3.55287045028494));
#5605=CARTESIAN_POINT('Ctrl Pts',(-17.7032638871821,-21.348773331076,3.61735115248661));
#5606=CARTESIAN_POINT('Ctrl Pts',(-17.7638810149145,-21.2860546313066,3.67796835161119));
#5607=CARTESIAN_POINT('Ctrl Pts',(-17.838073269117,-21.2019421372437,3.75216038275051));
#5608=CARTESIAN_POINT('Ctrl Pts',(-17.9217091080362,-21.0938536801993,3.83579772658232));
#5609=CARTESIAN_POINT('Ctrl Pts',(-18.0094979840171,-20.9587302381676,3.9235808620867));
#5610=CARTESIAN_POINT('Ctrl Pts',(-18.0842144610488,-20.8213556279833,3.99830373153894));
#5611=CARTESIAN_POINT('Ctrl Pts',(-18.1467958730728,-20.6827820635225,4.0608796192969));
#5612=CARTESIAN_POINT('Ctrl Pts',(-18.198110878159,-20.5437030708559,4.11219636200644));
#5613=CARTESIAN_POINT('Ctrl Pts',(-18.238957322983,-20.4045618960203,4.15304110311363));
#5614=CARTESIAN_POINT('Ctrl Pts',(-18.2896917698219,-20.177500124985,4.20378361334278));
#5615=CARTESIAN_POINT('Ctrl Pts',(-18.3076751441428,-19.989832322636,4.22175134026073));
#5616=CARTESIAN_POINT('Ctrl Pts',(-18.3075833320618,-19.8500001430511,4.2216682434082));
#5617=CARTESIAN_POINT('Origin',(-5.75000286102295,3.35660338401794,-4.58591222763062));
#5618=CARTESIAN_POINT('',(-4.50000286102295,-15.0999999046326,-4.58591222763062));
#5619=CARTESIAN_POINT('',(-2.59384019034249,-15.0999999046326,-4.58591222763062));
#5620=CARTESIAN_POINT('',(-4.50000286102295,21.8132066726685,-4.58591222763062));
#5621=CARTESIAN_POINT('',(-4.50000286102295,1.56586662999221,-4.58591222763062));
#5622=CARTESIAN_POINT('',(-2.62500294467859,21.8132066726685,-4.58591222763062));
#5623=CARTESIAN_POINT('Origin',(-7.10906982421875,22.3236222700639,-2.96425711024891));
#5624=CARTESIAN_POINT('',(-7.10906982421875,21.3132047653198,-2.12041592056101));
#5625=CARTESIAN_POINT('',(-7.10906982421875,21.8132066726685,12.4140894412994));
#5626=CARTESIAN_POINT('',(-7.10906982421875,21.8132066726685,0.706204843292967));
#5627=CARTESIAN_POINT('',(-7.10906982421875,23.1918649722905,12.4140894412994));
#5628=CARTESIAN_POINT('',(-7.10906982421875,22.4973552877253,12.4140894412994));
#5629=CARTESIAN_POINT('',(-7.10906982421875,23.1918649569505,-6.82162799898441));
#5630=CARTESIAN_POINT('',(-7.10906982421875,23.1918649628482,0.573859855634826));
#5631=CARTESIAN_POINT('Origin',(-7.10906982421875,22.1500015319578,0.0942186982087623));
#5632=CARTESIAN_POINT('Origin',(0.499996971665767,21.8132066726685,4.37666679683485));
#5633=CARTESIAN_POINT('',(-19.1516227334273,21.8132066726685,11.4140892028809));
#5634=CARTESIAN_POINT('',(-19.5481352936567,21.8132066726685,8.24368277234751));
#5635=CARTESIAN_POINT('',(-16.8536448478699,21.8132066726685,11.4140892028809));
#5636=CARTESIAN_POINT('',(0.536627179674573,21.8132066726685,11.4140892028809));
#5637=CARTESIAN_POINT('',(-16.8536448478699,21.8132066726685,6.87708300979514));
#5638=CARTESIAN_POINT('',(-16.0023847897649,21.8132066726685,12.4140894412994));
#5639=CARTESIAN_POINT('',(-16.0023847894516,21.8132066726685,8.41888964176178));
#5640=CARTESIAN_POINT('',(-6.90663920445115,21.8132066726685,12.4140894412994));
#5641=CARTESIAN_POINT('',(-4.50000286102295,21.8132066726685,0.533101558685303));
#5642=CARTESIAN_POINT('',(-4.50000286102295,21.8132066726685,-3.55327876242704));
#5643=CARTESIAN_POINT('Origin',(0.499997138977051,21.8132066726685,0.533101558685303));
#5644=CARTESIAN_POINT('',(0.463367098279529,21.8132066726685,11.4140892028809));
#5645=CARTESIAN_POINT('Origin',(-11.5593361854553,21.3132047653198,-1.27657473087311));
#5646=CARTESIAN_POINT('',(-16.0096025466919,21.3132047653198,0.948557555675507));
#5647=CARTESIAN_POINT('Origin',(-4.50000286102295,-0.224870124033519,-11.4832243216889));
#5648=CARTESIAN_POINT('',(-4.50000286102301,-30.8023815333868,-15.1553738247345));
#5649=CARTESIAN_POINT('',(-4.50000286102295,31.1023759841919,-15.1553750038147));
#5650=CARTESIAN_POINT('Ctrl Pts',(-4.50000286102295,-30.8016379745696,-15.1571429996178));
#5651=CARTESIAN_POINT('Ctrl Pts',(-4.50000286102295,-29.9560682109609,-14.8018216520599));
#5652=CARTESIAN_POINT('Ctrl Pts',(-4.50000286102295,-29.1154742513268,-14.4657933423812));
#5653=CARTESIAN_POINT('Ctrl Pts',(-4.50000286102295,-25.9835999340954,-13.2733812639132));
#5654=CARTESIAN_POINT('Ctrl Pts',(-4.50000286102295,-23.5360455571632,-12.4653872868273));
#5655=CARTESIAN_POINT('Ctrl Pts',(-4.50000286102295,-18.4649071396783,-11.0745476763871));
#5656=CARTESIAN_POINT('Ctrl Pts',(-4.50000286102295,-15.8412992871704,-10.4917888652274));
#5657=CARTESIAN_POINT('Ctrl Pts',(-4.50000286102295,-10.5494071740421,-9.59710029039626));
#5658=CARTESIAN_POINT('Ctrl Pts',(-4.50000286102295,-7.87998746711887,-9.28497752176895));
#5659=CARTESIAN_POINT('Ctrl Pts',(-4.50000286102295,-2.63335025355178,-8.93080332495873));
#5660=CARTESIAN_POINT('Ctrl Pts',(-4.50000286102295,-0.0561392726948991,
-8.8886552322242));
#5661=CARTESIAN_POINT('Ctrl Pts',(-4.50000286102295,4.85718156866956,-9.02794330344998));
#5662=CARTESIAN_POINT('Ctrl Pts',(-4.50000286102295,7.4209713526791,-9.21521622774632));
#5663=CARTESIAN_POINT('Ctrl Pts',(-4.50000286102295,12.6254644361942,-9.86176987811735));
#5664=CARTESIAN_POINT('Ctrl Pts',(-4.50000286102295,15.2661683317193,-10.3210458064698));
#5665=CARTESIAN_POINT('Ctrl Pts',(-4.50000286102295,20.4859539430634,-11.504228096364));
#5666=CARTESIAN_POINT('Ctrl Pts',(-4.50000286102295,23.0661523138891,-12.2283052408379));
#5667=CARTESIAN_POINT('Ctrl Pts',(-4.50000286102295,27.466557116793,-13.7022853763717));
#5668=CARTESIAN_POINT('Ctrl Pts',(-4.50000286102295,29.3252999641491,-14.4077677532256));
#5669=CARTESIAN_POINT('Ctrl Pts',(-4.50000286102295,31.1014416523629,-15.1575857054871));
#5670=CARTESIAN_POINT('',(-4.50000286102295,36.1059046901351,-9.45277207582743));
#5671=CARTESIAN_POINT('Origin',(-4.50000286102228,32.6499982600889,-11.4668966434915));
#5672=CARTESIAN_POINT('',(-4.50000286102295,30.2860730565626,0.533101631862631));
#5673=CARTESIAN_POINT('',(-4.50000286102295,28.2370614574839,4.04886846882036));
#5674=CARTESIAN_POINT('',(-4.50000286102295,27.3748159408569,0.533101606719072));
#5675=CARTESIAN_POINT('',(-4.50000286102295,-16.9867920875549,-4.58591222763062));
#5676=CARTESIAN_POINT('',(-4.50000286102295,-8.13413306006363,-4.58591222763062));
#5677=CARTESIAN_POINT('',(-4.50000286102295,-16.9867920875549,0.533101558685303));
#5678=CARTESIAN_POINT('',(-4.50000286102295,-16.9867920875549,-5.68114205662693));
#5679=CARTESIAN_POINT('',(-4.50000286102295,-17.5999999046326,0.533101558685303));
#5680=CARTESIAN_POINT('',(-4.50000286102295,-16.9867920875549,0.533101558685303));
#5681=CARTESIAN_POINT('',(-4.50000286102295,-17.5999999046326,-4.58591222763062));
#5682=CARTESIAN_POINT('',(-4.50000286102295,-17.5999999046326,-6.0173458020602));
#5683=CARTESIAN_POINT('',(-4.50000286102295,-20.9867930412292,-4.58591222763062));
#5684=CARTESIAN_POINT('',(-4.50000286102295,-9.75913329848221,-4.58591222763062));
#5685=CARTESIAN_POINT('',(-4.50000286102295,-20.9867930412292,0.533101558685303));
#5686=CARTESIAN_POINT('',(-4.50000286102295,-20.9867930412292,-4.12035321186584));
#5687=CARTESIAN_POINT('',(-4.50000286102295,-0.224870124033519,0.533101558685303));
#5688=CARTESIAN_POINT('Origin',(-4.50000286102308,-32.3500005888452,-11.4668970104432));
#5689=CARTESIAN_POINT('',(-4.50000286102296,-36.1000002494518,-11.4668989181517));
#5690=CARTESIAN_POINT('Origin',(-4.50000286102296,-32.3500000933946,-11.4668983221369));
#5691=CARTESIAN_POINT('',(-4.50000286102295,28.899999047153,-11.4668989181518));
#5692=CARTESIAN_POINT('Origin',(-4.50000286102295,32.6499991368488,-11.4668983221369));
#5693=CARTESIAN_POINT('Origin',(-2.50000476837158,-32.3500001264943,-11.4668978254));
#5694=CARTESIAN_POINT('',(-2.50000476837158,-35.0999994989722,-11.4668989181506));
#5695=CARTESIAN_POINT('Origin',(-2.50000476837158,-32.3499999139773,-11.4668976546973));
#5696=CARTESIAN_POINT('',(-2.50000476837158,-33.3749999471954,-11.4668989181508));
#5697=CARTESIAN_POINT('Origin',(-2.50000476837158,-32.349999825612,-11.4668978620994));
#5698=CARTESIAN_POINT('Origin',(-3.50078883923982,-20.9867930412292,3.24251789795725));
#5699=CARTESIAN_POINT('',(-5.39093494415283,-20.9867930412292,-4.58591222763062));
#5700=CARTESIAN_POINT('',(-5.39093494415283,-20.9867930412292,11.4140892028809));
#5701=CARTESIAN_POINT('',(-5.39093494415283,-20.9867930412292,2.99496997866714));
#5702=CARTESIAN_POINT('',(-1.39093399047852,-20.9867930412292,11.4140892028809));
#5703=CARTESIAN_POINT('',(-1.46376572577822,-20.9867930412292,11.4140892028809));
#5704=CARTESIAN_POINT('',(-1.39093399047831,-20.9867930408135,5.16122497875935));
#5705=CARTESIAN_POINT('',(-1.39093399047852,-20.9867930412292,5.76521882885381));
#5706=CARTESIAN_POINT('Ctrl Pts',(-1.39093399047799,-20.9867930412292,5.1612249787586));
#5707=CARTESIAN_POINT('Ctrl Pts',(-1.67181967215011,-20.9867930412292,5.04648401137572));
#5708=CARTESIAN_POINT('Ctrl Pts',(-1.96632834158781,-20.9867930412292,4.89446624153713));
#5709=CARTESIAN_POINT('Ctrl Pts',(-2.52332220903351,-20.9867930412292,4.52922031835349));
#5710=CARTESIAN_POINT('Ctrl Pts',(-2.7849910017702,-20.9867930412292,4.31472184676489));
#5711=CARTESIAN_POINT('Ctrl Pts',(-3.22510315018682,-20.9867930412292,3.88215455647916));
#5712=CARTESIAN_POINT('Ctrl Pts',(-3.44409381944131,-20.9867930412292,3.62423351951823));
#5713=CARTESIAN_POINT('Ctrl Pts',(-3.82274996219635,-20.9867930412292,3.06800540704846));
#5714=CARTESIAN_POINT('Ctrl Pts',(-3.98241543583629,-20.9867930412292,2.7696983316345));
#5715=CARTESIAN_POINT('Ctrl Pts',(-4.22348978417542,-20.9867930412292,2.20163459689256));
#5716=CARTESIAN_POINT('Ctrl Pts',(-4.32710871445509,-20.9867930412292,1.87954249950372));
#5717=CARTESIAN_POINT('Ctrl Pts',(-4.464082163093,-20.9867930412292,1.22074923179013));
#5718=CARTESIAN_POINT('Ctrl Pts',(-4.49743668152057,-20.9867930412292,0.884048061479811));
#5719=CARTESIAN_POINT('Ctrl Pts',(-4.50022595139201,-20.9867930412292,0.561431962388396));
#5720=CARTESIAN_POINT('Ctrl Pts',(-4.5002887150417,-20.9867930412292,0.547294965878981));
#5721=CARTESIAN_POINT('Ctrl Pts',(-4.50029104833555,-20.9867930412292,0.533101611325288));
#5722=CARTESIAN_POINT('',(-4.22312887091386,-20.9867930412292,-4.58591222763062));
#5723=CARTESIAN_POINT('Origin',(-4.73716122763498,-17.5999999046326,-0.551467282431466));
#5724=CARTESIAN_POINT('',(-5.39093494415283,-17.5999999046326,-4.58591222763062));
#5725=CARTESIAN_POINT('',(-4.84131506511143,-17.5999999046326,-4.58591222763062));
#5726=CARTESIAN_POINT('Origin',(0.500042156888304,-17.5999999046326,0.533101558685303));
#5727=CARTESIAN_POINT('',(-5.39093494415283,-17.5999999046326,1.09797738847278));
#5728=CARTESIAN_POINT('Origin',(-16.8536448478699,-5.68419843912125,9.37749922275543));
#5729=CARTESIAN_POINT('',(-16.8536448478699,-7.35000014305115,11.4140892028809));
#5730=CARTESIAN_POINT('',(-16.8536448478699,-11.1559725365492,11.4140892028809));
#5731=CARTESIAN_POINT('',(-16.8536448478699,-7.35000014305115,9.4140887260437));
#5732=CARTESIAN_POINT('',(-16.8536448478699,-7.35000014305115,9.89579409360886));
#5733=CARTESIAN_POINT('',(-16.8536448478699,-17.3500001430511,9.4140887260437));
#5734=CARTESIAN_POINT('',(-16.8536448478699,-9.0170992910862,9.4140887260437));
#5735=CARTESIAN_POINT('',(-16.8536448478699,-17.3500001430511,11.4140892028809));
#5736=CARTESIAN_POINT('',(-16.8536448478699,-17.3500001430511,9.89579409360886));
#5737=CARTESIAN_POINT('',(-16.8536448478699,-19.8500001430511,11.4140892028809));
#5738=CARTESIAN_POINT('',(-16.8536448478699,-11.1559725365492,11.4140892028809));
#5739=CARTESIAN_POINT('',(-16.8536448478699,-19.8500001430511,9.37749922275543));
#5740=CARTESIAN_POINT('Origin',(0.499997138977051,-26.8499994277954,5.30308345268513));
#5741=CARTESIAN_POINT('',(-12.611780166626,-26.8499994277954,8.91408920288086));
#5742=CARTESIAN_POINT('',(-17.5470399856567,-26.8499994277954,8.91408920288086));
#5743=CARTESIAN_POINT('',(-12.9805279680803,-26.8499994277954,5.9656830377174));
#5744=CARTESIAN_POINT('',(-12.9672794383677,-26.8499994277954,6.07161385600197));
#5745=CARTESIAN_POINT('',(-7.00000286102295,-26.8499994277954,-0.0148414054334471));
#5746=CARTESIAN_POINT('',(-6.95058833792922,-26.8499994277954,-0.0642559180103358));
#5747=CARTESIAN_POINT('',(-7.00000286102295,-26.8499994277954,3.92811850617969));
#5748=CARTESIAN_POINT('',(-7.00000286102295,-26.8499994277954,-2.51586896523662));
#5749=CARTESIAN_POINT('Origin',(-6.00000381469726,-26.8499994277954,3.92811850617969));
#5750=CARTESIAN_POINT('Origin',(0.518175363540649,-16.9867920875549,0.120940208435059));
#5751=CARTESIAN_POINT('',(0.436373353004456,-16.9867920875549,1.41408920288086));
#5752=CARTESIAN_POINT('Origin',(0.500042156888304,-16.9867920875549,0.533101558685303));
#5753=CARTESIAN_POINT('',(0.490908026695251,-16.9867920875549,-4.58591222763062));
#5754=CARTESIAN_POINT('Origin',(-14.3132753805681,22.6710883053866,12.4140894412994));
#5755=CARTESIAN_POINT('',(-14.510650793771,23.1695416270589,12.4140894412994));
#5756=CARTESIAN_POINT('Origin',(-14.5061162638061,21.6660621822829,12.4140894412994));
#5757=CARTESIAN_POINT('',(-12.0288556198132,23.1770267806619,12.4140894412994));
#5758=CARTESIAN_POINT('Origin',(-9.74293073018392,23.183921178182,4.11197682221731));
#5759=CARTESIAN_POINT('',(-14.510650793771,23.1695416176161,0.573300686240425));
#5760=CARTESIAN_POINT('Ctrl Pts',(-14.5106507937675,23.1695416176161,0.573300686244076));
#5761=CARTESIAN_POINT('Ctrl Pts',(-10.8080813328336,23.1807086527165,-3.12597864272388));
#5762=CARTESIAN_POINT('Ctrl Pts',(-7.10906982421858,23.1918649569505,-6.82162799898458));
#5763=CARTESIAN_POINT('',(-14.510650793771,23.1695416206867,4.42368984188159));
#5764=CARTESIAN_POINT('Origin',(-19.5435202121735,0.149999260902405,9.89589750766754));
#5765=CARTESIAN_POINT('',(-19.7333963929554,-19.8500001400117,8.3776992841156));
#5766=CARTESIAN_POINT('',(-19.3536448478699,-19.8500012894672,11.4140892028809));
#5767=CARTESIAN_POINT('',(-19.9131656143867,-19.8500012894672,6.9403135546244));
#5768=CARTESIAN_POINT('',(-19.3536448478699,20.1499986833909,11.4140892028809));
#5769=CARTESIAN_POINT('',(-19.3536448478699,-8.2388736865374,11.4140892028809));
#5770=CARTESIAN_POINT('',(-19.7333423000865,20.1779890476228,8.37768052769944));
#5771=CARTESIAN_POINT('',(-19.7470461044028,20.1499986833909,8.26855990925546));
#5772=CARTESIAN_POINT('',(-19.7333963929554,-19.8500130124615,8.37769928411562));
#5773=CARTESIAN_POINT('Origin',(-5.39093494415283,-17.8955976168315,2.74742205937703));
#5774=CARTESIAN_POINT('',(-5.39093494415283,-18.5944970448812,-4.58591222763062));
#5775=CARTESIAN_POINT('',(-5.39093494415283,-15.0999999046326,11.4140892028809));
#5776=CARTESIAN_POINT('',(-5.39093494415283,-15.0999999046326,3.47361255259741));
#5777=CARTESIAN_POINT('',(-5.39093494415283,-17.2616721254043,11.4140892028809));
#5778=CARTESIAN_POINT('Origin',(-7.00000286102295,0.149999139485536,-10.3348213831584));
#5779=CARTESIAN_POINT('',(-7.00000274210527,-34.9419308857256,-9.95630373727791));
#5780=CARTESIAN_POINT('',(-7.00000286102295,-26.8500006676891,3.9281163787263));
#5781=CARTESIAN_POINT('Origin',(-7.00000286102295,-21.8499994217165,-0.0148414054334471));
#5782=CARTESIAN_POINT('',(-7.00000286102295,27.1499967575073,-0.0148482417744322));
#5783=CARTESIAN_POINT('Origin',(-7.00000286102295,22.1500015319578,-0.0148482417744322));
#5784=CARTESIAN_POINT('',(-7.00000286102295,27.1499967575073,3.92812088394112));
#5785=CARTESIAN_POINT('',(-7.00000286102295,27.1499967575073,-2.51586896523662));
#5786=CARTESIAN_POINT('',(-7.00000246638505,35.2419295695035,-9.95630406839735));
#5787=CARTESIAN_POINT('',(-7.00000286102295,26.2841136658627,5.41383382946832));
#5788=CARTESIAN_POINT('',(-7.00000169181283,31.4892822146563,-14.2332558059568));
#5789=CARTESIAN_POINT('Origin',(-7.0000015182824,32.649997752891,-11.4668971659305));
#5790=CARTESIAN_POINT('',(-7.00000230635733,-31.1892849245682,-14.2332559921675));
#5791=CARTESIAN_POINT('Origin',(-7.0000113220306,0.149999141579787,-88.9249466681866));
#5792=CARTESIAN_POINT('Origin',(-7.00000246054221,-32.3500005840487,-11.4668982435152));
#5793=CARTESIAN_POINT('',(-7.00000286102295,-33.3749999471954,-11.4668989181508));
#5794=CARTESIAN_POINT('Origin',(-7.00000286102295,-32.349999825612,-11.4668978620994));
#5795=CARTESIAN_POINT('',(-7.00000286102295,31.6249978951518,-11.466898918153));
#5796=CARTESIAN_POINT('Origin',(-7.00000286102295,32.6499977863432,-11.4668978620996));
#5797=CARTESIAN_POINT('Origin',(-3.50000381469727,32.6499987310833,-11.4668979247411));
#5798=CARTESIAN_POINT('',(-3.50000381469727,28.899999047153,-11.4668989181518));
#5799=CARTESIAN_POINT('Origin',(-3.50000381469727,32.6499991368488,-11.4668983221369));
#5800=CARTESIAN_POINT('',(-3.50000381469727,29.8999985856672,-11.4668989181515));
#5801=CARTESIAN_POINT('Origin',(-3.50000381469727,32.6499985784239,-11.4668976546971));
#5802=CARTESIAN_POINT('Origin',(-3.50000381469727,-32.3500000437101,-11.4668979247411));
#5803=CARTESIAN_POINT('',(-3.50000381469727,-36.1000002494518,-11.4668989181517));
#5804=CARTESIAN_POINT('Origin',(-3.50000381469727,-32.3500000933946,-11.4668983221369));
#5805=CARTESIAN_POINT('',(-3.50000381469727,-35.0999994989722,-11.4668989181506));
#5806=CARTESIAN_POINT('Origin',(-3.50000381469727,-32.3499999139773,-11.4668976546973));
#5807=CARTESIAN_POINT('Origin',(-7.00000286102295,32.6499977863432,-11.4668978620996));
#5808=CARTESIAN_POINT('',(-7.00000286102295,31.6249978951512,-11.4668978620996));
#5809=CARTESIAN_POINT('Origin',(-14.5061162638061,21.6660621759108,4.42368984308058));
#5810=CARTESIAN_POINT('Ctrl Pts',(-15.9295635459473,22.1500754358518,1.84365023614374));
#5811=CARTESIAN_POINT('Ctrl Pts',(-15.9210259355144,22.1751839180311,1.83511315237537));
#5812=CARTESIAN_POINT('Ctrl Pts',(-15.9118474401457,22.1999951938808,1.82620302220268));
#5813=CARTESIAN_POINT('Ctrl Pts',(-15.8317436667454,22.4002525667191,1.75031648486218));
#5814=CARTESIAN_POINT('Ctrl Pts',(-15.7286680876163,22.5565799169154,1.66403972822796));
#5815=CARTESIAN_POINT('Ctrl Pts',(-15.4672404332106,22.843602363473,1.44575625204341));
#5816=CARTESIAN_POINT('Ctrl Pts',(-15.279580308044,22.9725405844475,1.28902534757684));
#5817=CARTESIAN_POINT('Ctrl Pts',(-14.8910651490764,23.1344651259688,0.942598854010579));
#5818=CARTESIAN_POINT('Ctrl Pts',(-14.6906659602282,23.168998687712,0.753155889823074));
#5819=CARTESIAN_POINT('Ctrl Pts',(-14.510650793771,23.1695416176161,0.573300686240424));
#5820=CARTESIAN_POINT('',(-16.0096025466919,21.6660621759108,4.42368984308058));
#5821=CARTESIAN_POINT('Origin',(-7.00000286102295,-32.349999825612,-11.4668978620994));
#5822=CARTESIAN_POINT('',(-7.00000286102295,-33.3749999471959,-11.4668978620994));
#5823=CARTESIAN_POINT('Origin',(-4.50000286102295,-32.3500000933946,-11.4668983221369));
#5824=CARTESIAN_POINT('',(-4.50000286102295,-36.1000002494519,-11.4668983221369));
#5825=CARTESIAN_POINT('Origin',(-3.50000381469727,-32.3499999139773,-11.4668976546973));
#5826=CARTESIAN_POINT('',(-3.50000381469726,-35.0999994989725,-11.4668976546973));
#5827=CARTESIAN_POINT('Origin',(-13.4176742785751,22.1500015319578,6.40282180991152));
#5828=CARTESIAN_POINT('',(-12.9805321070932,27.149996757506,5.96568497035441));
#5829=CARTESIAN_POINT('Origin',(-12.9805315777971,22.1500015319578,5.96567920217014));
#5830=CARTESIAN_POINT('',(-13.4176742785751,27.1499967575073,6.40282180991152));
#5831=CARTESIAN_POINT('Origin',(-6.00000381469729,26.2841136658627,5.41383382946832));
#5832=CARTESIAN_POINT('',(-6.00000381469727,27.1499967575073,5.91409266936832));
#5833=CARTESIAN_POINT('Origin',(-6.00000381469729,27.1499967575073,3.92812088394112));
#5834=CARTESIAN_POINT('',(-6.00000381469724,36.1059050410008,-9.45277267785521));
#5835=CARTESIAN_POINT('',(-6.00000381469727,27.1480897996751,5.91736469530946));
#5836=CARTESIAN_POINT('Origin',(-6.00000381469729,35.24192925874,-9.95630414690112));
#5837=CARTESIAN_POINT('Origin',(0.500042156888304,-16.9867920875549,0.533101558685303));
#5838=CARTESIAN_POINT('Origin',(-6.00000381469726,-26.8500006676891,3.9281163787263));
#5839=CARTESIAN_POINT('Origin',(-6.00000381469726,-34.9419308747447,-9.95630355823021));
#5840=CARTESIAN_POINT('Origin',(-4.50000286102295,32.6499991368488,-11.4668983221369));
#5841=CARTESIAN_POINT('',(-4.50000286102295,28.8999990471529,-11.4668983221369));
#5842=CARTESIAN_POINT('Origin',(-3.50000381469727,32.6499985784239,-11.4668976546971));
#5843=CARTESIAN_POINT('',(-3.50000381469727,29.8999985856669,-11.4668976546971));
#5844=CARTESIAN_POINT('Origin',(-6.95058833792922,-21.8499994217165,-0.0642559180103358));
#5845=CARTESIAN_POINT('Origin',(-12.9805281596266,-21.8499994217165,5.96568262034136));
#5846=CARTESIAN_POINT('Origin',(-15.2832341194153,22.1500015258789,8.91409397125244));
#5847=CARTESIAN_POINT('',(-12.6117796353282,27.1499967575073,8.91409397087273));
#5848=CARTESIAN_POINT('',(-15.2832341194153,27.1499967575073,8.91409397125244));
#5849=CARTESIAN_POINT('Ctrl Pts',(-12.6117796349731,27.1499967575073,8.91409397125244));
#5850=CARTESIAN_POINT('Ctrl Pts',(-13.3103125816439,27.1499967575073,9.56853866742706));
#5851=CARTESIAN_POINT('Ctrl Pts',(-14.0671807490287,27.0150342925671,10.2782572793346));
#5852=CARTESIAN_POINT('Ctrl Pts',(-15.5192288304621,26.4243749065892,11.6083865934635));
#5853=CARTESIAN_POINT('Ctrl Pts',(-16.2147270857578,25.9685619864654,12.2283982132374));
#5854=CARTESIAN_POINT('Ctrl Pts',(-17.2061011031159,25.0099188455029,13.0467640592965));
#5855=CARTESIAN_POINT('Ctrl Pts',(-17.6087399974976,24.5188842795111,13.3580929653848));
#5856=CARTESIAN_POINT('Ctrl Pts',(-18.2863692176608,23.3989588760363,13.7927041745841));
#5857=CARTESIAN_POINT('Ctrl Pts',(-18.5609028733201,22.7690565228973,13.9140892028809));
#5858=CARTESIAN_POINT('Ctrl Pts',(-18.7469076241791,22.1500015258789,13.9140892028809));
#5859=CARTESIAN_POINT('Origin',(18.5470342636108,-21.8499984553329,8.91408920288086));
#5860=CARTESIAN_POINT('',(-18.0486110479719,-23.4867930412292,13.6385905969764));
#5861=CARTESIAN_POINT('',(18.5470342636108,-23.4867930412292,13.6385905742645));
#5862=CARTESIAN_POINT('Ctrl Pts',(-18.0486106872559,-23.4867930412292,13.6385905742645));
#5863=CARTESIAN_POINT('Ctrl Pts',(-17.9721280907583,-23.6211291347044,13.59199741756));
#5864=CARTESIAN_POINT('Ctrl Pts',(-17.8138674798072,-23.8800379731101,13.4896670735598));
#5865=CARTESIAN_POINT('Ctrl Pts',(-17.6406038122969,-24.1282607600936,13.3669350470186));
#5866=CARTESIAN_POINT('Ctrl Pts',(-17.5261182969502,-24.2818717296406,13.2830254456592));
#5867=CARTESIAN_POINT('Ctrl Pts',(-17.4342407288841,-24.4027126127597,13.2150045430231));
#5868=CARTESIAN_POINT('Ctrl Pts',(-17.3376522013121,-24.5219749644702,13.1414150936909));
#5869=CARTESIAN_POINT('Ctrl Pts',(-17.232760808044,-24.6453691393267,13.0599796597855));
#5870=CARTESIAN_POINT('Ctrl Pts',(-17.1725135522678,-24.7144818517018,13.0127521547024));
#5871=CARTESIAN_POINT('Ctrl Pts',(-17.0770406835033,-24.820161105249,12.9369922424253));
#5872=CARTESIAN_POINT('Ctrl Pts',(-16.9657844970354,-24.9384163191944,12.8475368482783));
#5873=CARTESIAN_POINT('Ctrl Pts',(-16.8284730112964,-25.0763863666003,12.7353260873414));
#5874=CARTESIAN_POINT('Ctrl Pts',(-16.719643203729,-25.1794140570159,12.6449976061375));
#5875=CARTESIAN_POINT('Ctrl Pts',(-16.5846820172089,-25.3026080103701,12.5320479887912));
#5876=CARTESIAN_POINT('Ctrl Pts',(-16.4591994588884,-25.4112340843868,12.4258038667176));
#5877=CARTESIAN_POINT('Ctrl Pts',(-16.3224530290587,-25.5217266968481,12.3085248860547));
#5878=CARTESIAN_POINT('Ctrl Pts',(-16.1783693404149,-25.6340380604201,12.1841992712847));
#5879=CARTESIAN_POINT('Ctrl Pts',(-16.0577836421289,-25.7221747942403,12.0790848187303));
#5880=CARTESIAN_POINT('Ctrl Pts',(-15.9013013412776,-25.8298683760195,11.9416094297646));
#5881=CARTESIAN_POINT('Ctrl Pts',(-15.7617125264976,-25.9218367630462,11.8182871321151));
#5882=CARTESIAN_POINT('Ctrl Pts',(-15.6128430100362,-26.0124890394631,11.685654738082));
#5883=CARTESIAN_POINT('Ctrl Pts',(-15.4491853247916,-26.1064980280026,11.5390291867636));
#5884=CARTESIAN_POINT('Ctrl Pts',(-15.3178720211421,-26.1774216268402,11.4207793085134));
#5885=CARTESIAN_POINT('Ctrl Pts',(-15.1325678853863,-26.2704132033137,11.2530023203449));
#5886=CARTESIAN_POINT('Ctrl Pts',(-14.962641807012,-26.3491838043662,11.09836683298));
#5887=CARTESIAN_POINT('Ctrl Pts',(-14.6964752332533,-26.4610603076994,10.8549152630691));
#5888=CARTESIAN_POINT('Ctrl Pts',(-14.4639372828792,-26.5449616169958,10.6408301736094));
#5889=CARTESIAN_POINT('Ctrl Pts',(-14.1799950599411,-26.6325862625349,10.3782293408746));
#5890=CARTESIAN_POINT('Ctrl Pts',(-13.9841339997418,-26.6845549657636,10.1964539043937));
#5891=CARTESIAN_POINT('Ctrl Pts',(-13.8043774968934,-26.7244373816835,10.0291691087296));
#5892=CARTESIAN_POINT('Ctrl Pts',(-13.6601047816623,-26.7536093487525,9.89475120191459));
#5893=CARTESIAN_POINT('Ctrl Pts',(-13.4533755225084,-26.7898320228113,9.70186920864314));
#5894=CARTESIAN_POINT('Ctrl Pts',(-13.2619550600598,-26.8139545223668,9.52289367231211));
#5895=CARTESIAN_POINT('Ctrl Pts',(-13.1161436027364,-26.8277339368814,9.38645703783731));
#5896=CARTESIAN_POINT('Ctrl Pts',(-12.9328843972607,-26.8432624801735,9.21491909673192));
#5897=CARTESIAN_POINT('Ctrl Pts',(-12.7584003478773,-26.85001570193,9.05146247472278));
#5898=CARTESIAN_POINT('Ctrl Pts',(-12.611780166626,-26.8499994277954,8.91408920288086));
#5899=CARTESIAN_POINT('Origin',(-6.00000381469727,32.649998260089,-11.4668966434915));
#5900=CARTESIAN_POINT('',(-6.00000457964458,31.1023759841919,-15.1553750038147));
#5901=CARTESIAN_POINT('Origin',(-6.00000381469728,32.649998260089,-11.4668966434915));
#5902=CARTESIAN_POINT('',(-6.00000381469717,36.1059046901352,-9.45277207582741));
#5903=CARTESIAN_POINT('',(-4.50000286102295,31.1023759841919,-15.1553750038147));
#5904=CARTESIAN_POINT('Origin',(-6.00000381469727,-32.3500005888452,-11.4668970104432));
#5905=CARTESIAN_POINT('',(-6.00000381469727,-30.8023815333868,-15.1553738247345));
#5906=CARTESIAN_POINT('',(-6.00000381469725,-30.8023815333868,-15.1553738247345));
#5907=CARTESIAN_POINT('Origin',(-6.00000381469726,-32.3500005888452,-11.4668970104432));
#5908=CARTESIAN_POINT('Origin',(-12.8011599920992,20.1499986833909,7.39986021860172));
#5909=CARTESIAN_POINT('Origin',(-12.2991132524212,20.1499986833909,11.4140892028809));
#5910=CARTESIAN_POINT('',(-12.8011599920992,27.1499967575073,7.39986021860172));
#5911=CARTESIAN_POINT('Ctrl Pts',(-12.9805321070932,27.149996757506,5.96568497035441));
#5912=CARTESIAN_POINT('Ctrl Pts',(-13.1689615944406,27.1499966351783,6.03296605358305));
#5913=CARTESIAN_POINT('Ctrl Pts',(-13.3573893985299,27.1418169837201,6.10025944970793));
#5914=CARTESIAN_POINT('Ctrl Pts',(-13.5451712553993,27.1254838638397,6.16733068098883));
#5915=CARTESIAN_POINT('Ctrl Pts',(-13.7329001265167,27.1091553526188,6.2343829870142));
#5916=CARTESIAN_POINT('Ctrl Pts',(-13.9199831697837,27.0846779908867,6.30121322289795));
#5917=CARTESIAN_POINT('Ctrl Pts',(-14.1057803485498,27.0521297684761,6.36758756983708));
#5918=CARTESIAN_POINT('Ctrl Pts',(-14.291505398205,27.0195941817489,6.43393614930946));
#5919=CARTESIAN_POINT('Ctrl Pts',(-14.4759453380067,26.9789940325589,6.49982916327484));
#5920=CARTESIAN_POINT('Ctrl Pts',(-14.6584682198818,26.9304587597853,6.56503398356199));
#5921=CARTESIAN_POINT('Ctrl Pts',(-14.8408571724373,26.8819591006071,6.63019095868512));
#5922=CARTESIAN_POINT('Ctrl Pts',(-15.0213316388643,26.8255360092408,6.69466071962662));
#5923=CARTESIAN_POINT('Ctrl Pts',(-15.1992720228507,26.7613694830775,6.75821252086568));
#5924=CARTESIAN_POINT('Ctrl Pts',(-15.3158045538345,26.7193470510093,6.79983237174526));
#5925=CARTESIAN_POINT('Ctrl Pts',(-15.4312504752151,26.6740045793377,6.841058548392));
#5926=CARTESIAN_POINT('Ctrl Pts',(-15.5454390553774,26.6254042793292,6.88182665208152));
#5927=CARTESIAN_POINT('Ctrl Pts',(-15.7173242291264,26.5522474802926,6.94319384463378));
#5928=CARTESIAN_POINT('Ctrl Pts',(-15.8863594672217,26.4717065972941,7.00352298835528));
#5929=CARTESIAN_POINT('Ctrl Pts',(-16.0519652018574,26.3840368299021,7.06262731681397));
#5930=CARTESIAN_POINT('Ctrl Pts',(-16.2173839933594,26.2964660280507,7.12166492567262));
#5931=CARTESIAN_POINT('Ctrl Pts',(-16.3793807746214,26.2017825330505,7.17948045229806));
#5932=CARTESIAN_POINT('Ctrl Pts',(-16.5373986196966,26.10028830689,7.23589034858512));
#5933=CARTESIAN_POINT('Ctrl Pts',(-16.6952918627027,25.9988741121372,7.29225576388469));
#5934=CARTESIAN_POINT('Ctrl Pts',(-16.8492122037901,25.8906600438161,7.34721773493744));
#5935=CARTESIAN_POINT('Ctrl Pts',(-16.998628318545,25.7759932350663,7.40059618475725));
#5936=CARTESIAN_POINT('Ctrl Pts',(-17.1478656154444,25.6614636569819,7.45391075244533));
#5937=CARTESIAN_POINT('Ctrl Pts',(-17.2926092337426,25.5404969154363,7.50564555849622));
#5938=CARTESIAN_POINT('Ctrl Pts',(-17.4323574741511,25.4134827234224,7.55562463851009));
#5939=CARTESIAN_POINT('Ctrl Pts',(-17.5348919978133,25.3202912840282,7.59229473286919));
#5940=CARTESIAN_POINT('Ctrl Pts',(-17.6347379266402,25.2238452475325,7.62801973959894));
#5941=CARTESIAN_POINT('Ctrl Pts',(-17.7317076650407,25.1243128750157,7.66273147807649));
#5942=CARTESIAN_POINT('Ctrl Pts',(-17.8612287363445,24.9913689305395,7.70909544304729));
#5943=CARTESIAN_POINT('Ctrl Pts',(-17.9856170176406,24.8529173423414,7.75365149266013));
#5944=CARTESIAN_POINT('Ctrl Pts',(-18.1044476788283,24.709400540223,7.79622587137503));
#5945=CARTESIAN_POINT('Ctrl Pts',(-18.223151931523,24.5660364069738,7.83875496074287));
#5946=CARTESIAN_POINT('Ctrl Pts',(-18.3363101740106,24.4176180389543,7.87930656705693));
#5947=CARTESIAN_POINT('Ctrl Pts',(-18.4435356826812,24.2646229481897,7.91771208517107));
#5948=CARTESIAN_POINT('Ctrl Pts',(-18.5506880244039,24.1117322559396,7.95609139669897));
#5949=CARTESIAN_POINT('Ctrl Pts',(-18.6519155346308,23.9542713086786,7.99232752390918));
#5950=CARTESIAN_POINT('Ctrl Pts',(-18.7468719995945,23.7927498666255,8.0262571740641));
#5951=CARTESIAN_POINT('Ctrl Pts',(-18.841747824095,23.6313655944208,8.06015800993338));
#5952=CARTESIAN_POINT('Ctrl Pts',(-18.9303630799069,23.4659279618076,8.09175626329756));
#5953=CARTESIAN_POINT('Ctrl Pts',(-19.0124148083299,23.2969751274406,8.12089435663889));
#5954=CARTESIAN_POINT('Ctrl Pts',(-19.0816928681598,23.154324572813,8.14549628291911));
#5955=CARTESIAN_POINT('Ctrl Pts',(-19.1462926012389,23.0091686910008,8.1683444967019));
#5956=CARTESIAN_POINT('Ctrl Pts',(-19.2060564870949,22.8618459418714,8.18934725759956));
#5957=CARTESIAN_POINT('Ctrl Pts',(-19.2758144906846,22.6898868947743,8.21386224100648));
#5958=CARTESIAN_POINT('Ctrl Pts',(-19.3389827529407,22.5149753204002,8.23586278386847));
#5959=CARTESIAN_POINT('Ctrl Pts',(-19.3953231436286,22.337677621538,8.25542042068449));
#5960=CARTESIAN_POINT('Ctrl Pts',(-19.4516377968564,22.1604609159455,8.27496912316597));
#5961=CARTESIAN_POINT('Ctrl Pts',(-19.5011307043753,21.9808605576085,8.29207713715682));
#5962=CARTESIAN_POINT('Ctrl Pts',(-19.5436124606191,21.7994604035006,8.30682195220667));
#5963=CARTESIAN_POINT('Ctrl Pts',(-19.586080672969,21.618118082794,8.32156206636301));
#5964=CARTESIAN_POINT('Ctrl Pts',(-19.6215421198646,21.4349774149131,8.33394047768582));
#5965=CARTESIAN_POINT('Ctrl Pts',(-19.649857419511,21.2506354709908,8.34404083529649));
#5966=CARTESIAN_POINT('Ctrl Pts',(-19.6781685640671,21.0663205780767,8.3541397107439));
#5967=CARTESIAN_POINT('Ctrl Pts',(-19.6993356018364,20.8808050693333,8.36196119392027));
#5968=CARTESIAN_POINT('Ctrl Pts',(-19.7132701061114,20.6946949562567,8.36759526224381));
#5969=CARTESIAN_POINT('Ctrl Pts',(-19.7261398211922,20.5228062344427,8.37279880968536));
#5970=CARTESIAN_POINT('Ctrl Pts',(-19.7328406190997,20.3504105936591,8.37613653194182));
#5971=CARTESIAN_POINT('Ctrl Pts',(-19.7333418820665,20.1779890010362,8.37768419940873));
#5972=CARTESIAN_POINT('Origin',(-12.9672794383677,-19.8500012894672,6.07161385600197));
#5973=CARTESIAN_POINT('Ctrl Pts',(-19.7333955764788,-19.8500004306159,8.37770581243678));
#5974=CARTESIAN_POINT('Ctrl Pts',(-19.7333967833656,-20.0537372787437,8.37769345104239));
#5975=CARTESIAN_POINT('Ctrl Pts',(-19.7197977447662,-20.3763864478187,8.37285196840787));
#5976=CARTESIAN_POINT('Ctrl Pts',(-19.6755625166698,-20.7811910037511,8.35704688427553));
#5977=CARTESIAN_POINT('Ctrl Pts',(-19.6330636571231,-21.0605133801468,8.3418684434247));
#5978=CARTESIAN_POINT('Ctrl Pts',(-19.5801465407332,-21.3434703095198,8.32295310847366));
#5979=CARTESIAN_POINT('Ctrl Pts',(-19.5249106568946,-21.5823906374334,8.30329999864877));
#5980=CARTESIAN_POINT('Ctrl Pts',(-19.439182906412,-21.9026740377094,8.27246883899421));
#5981=CARTESIAN_POINT('Ctrl Pts',(-19.322620340779,-22.2710746966669,8.23372566193046));
#5982=CARTESIAN_POINT('Ctrl Pts',(-19.1894271175133,-22.6090870115218,8.18334664644636));
#5983=CARTESIAN_POINT('Ctrl Pts',(-19.0442652134053,-22.9354155225428,8.13159674251042));
#5984=CARTESIAN_POINT('Ctrl Pts',(-18.9461972248326,-23.1352258941511,8.09652461458318));
#5985=CARTESIAN_POINT('Ctrl Pts',(-18.7815846542267,-23.4372290878301,8.03773529902349));
#5986=CARTESIAN_POINT('Ctrl Pts',(-18.6559595825374,-23.6475677534487,7.9928610324687));
#5987=CARTESIAN_POINT('Ctrl Pts',(-18.4727044279851,-23.9264551472909,7.92740470576594));
#5988=CARTESIAN_POINT('Ctrl Pts',(-18.3206197866876,-24.1383663891517,7.87308326383545));
#5989=CARTESIAN_POINT('Ctrl Pts',(-18.1159939760475,-24.3989578813858,7.79999220819933));
#5990=CARTESIAN_POINT('Ctrl Pts',(-17.9407020907613,-24.6034093193746,7.73738270246033));
#5991=CARTESIAN_POINT('Ctrl Pts',(-17.7810860038963,-24.7739955084524,7.68036761013323));
#5992=CARTESIAN_POINT('Ctrl Pts',(-17.6347237059683,-24.9234940153695,7.62809180660268));
#5993=CARTESIAN_POINT('Ctrl Pts',(-17.4906158716141,-25.0620220856961,7.57661508181077));
#5994=CARTESIAN_POINT('Ctrl Pts',(-17.3317562915903,-25.2039455008555,7.51987737371306));
#5995=CARTESIAN_POINT('Ctrl Pts',(-17.1662924691444,-25.3448911421717,7.46076979883879));
#5996=CARTESIAN_POINT('Ctrl Pts',(-17.0102728922582,-25.4687366340066,7.40504750832501));
#5997=CARTESIAN_POINT('Ctrl Pts',(-16.832558524952,-25.6002959724982,7.34156945142564));
#5998=CARTESIAN_POINT('Ctrl Pts',(-16.6481682988285,-25.7298605677835,7.27570672753029));
#5999=CARTESIAN_POINT('Ctrl Pts',(-16.481244424944,-25.8372519415294,7.21608528102381));
#6000=CARTESIAN_POINT('Ctrl Pts',(-16.2852849086676,-25.9554965341841,7.14609263232743));
#6001=CARTESIAN_POINT('Ctrl Pts',(-16.0991283445569,-26.0613204378258,7.07959602416056));
#6002=CARTESIAN_POINT('Ctrl Pts',(-15.9063467494823,-26.1598444621263,7.01074306689393));
#6003=CARTESIAN_POINT('Ctrl Pts',(-15.693534516687,-26.2616092678084,6.93472215258101));
#6004=CARTESIAN_POINT('Ctrl Pts',(-15.5126274788326,-26.3413011183678,6.87011198164127));
#6005=CARTESIAN_POINT('Ctrl Pts',(-15.2903706238214,-26.4286392516067,6.79072005568182));
#6006=CARTESIAN_POINT('Ctrl Pts',(-15.0630253863499,-26.5108822552251,6.70952206784632));
#6007=CARTESIAN_POINT('Ctrl Pts',(-14.8750485207299,-26.5702115872914,6.64237905043836));
#6008=CARTESIAN_POINT('Ctrl Pts',(-14.6402732521141,-26.6363306812065,6.55851701899571));
#6009=CARTESIAN_POINT('Ctrl Pts',(-14.4341821914767,-26.6881696260895,6.48490637268291));
#6010=CARTESIAN_POINT('Ctrl Pts',(-14.2085947040531,-26.7342220301829,6.40432739663619));
#6011=CARTESIAN_POINT('Ctrl Pts',(-13.9649934667373,-26.7768145053256,6.31732024372082));
#6012=CARTESIAN_POINT('Ctrl Pts',(-13.7701702948357,-26.8036550143897,6.24773221586277));
#6013=CARTESIAN_POINT('Ctrl Pts',(-13.4124650039193,-26.8393394087066,6.11995908044784));
#6014=CARTESIAN_POINT('Ctrl Pts',(-13.1769525754683,-26.8500093948117,6.03584462536904));
#6015=CARTESIAN_POINT('Ctrl Pts',(-12.9805278778076,-26.8499994277954,5.9656834602356));
#6016=CARTESIAN_POINT('',(-18.3268226669701,-23.4867930412292,11.4140892028809));
#6017=CARTESIAN_POINT('',(-18.9021573242376,-23.4867930412292,6.81386999152808));
#6018=CARTESIAN_POINT('Origin',(-12.2991131877091,-19.8500012894672,11.4140892028809));
#6019=CARTESIAN_POINT('Origin',(-12.0418257426993,-19.8005731962547,-1.36087933263525));
#6020=CARTESIAN_POINT('Origin',(-12.5025194728895,-19.8630176561955,11.4140892028809));
#6021=CARTESIAN_POINT('Origin',(-5.2499119281004,33.8637011253651,-13.1743231754755));
#6022=CARTESIAN_POINT('',(-6.08715530233813,-8.50122814325163,-9.39027264231268));
#6023=CARTESIAN_POINT('',(-6.08715534210205,2.91945298478585,-8.96909911693576));
#6024=CARTESIAN_POINT('Ctrl Pts',(-6.08715534210205,-8.50122809410095,-9.39027309417725));
#6025=CARTESIAN_POINT('Ctrl Pts',(-6.08715534210205,-4.71086496002785,-8.97762417313181));
#6026=CARTESIAN_POINT('Ctrl Pts',(-6.08715534210205,-0.890990692224964,
-8.83723284738464));
#6027=CARTESIAN_POINT('Ctrl Pts',(-6.08715534210205,2.91945298478585,-8.96909911693576));
#6028=CARTESIAN_POINT('',(-6.087155308935,8.80122784899518,-9.39027271727761));
#6029=CARTESIAN_POINT('Ctrl Pts',(-6.08715534210205,2.91945298478585,-8.96909911693576));
#6030=CARTESIAN_POINT('Ctrl Pts',(-6.08715534210205,4.88433201383324,-9.03709678063117));
#6031=CARTESIAN_POINT('Ctrl Pts',(-6.08715534210205,6.84670343606069,-9.17748810637833));
#6032=CARTESIAN_POINT('Ctrl Pts',(-6.08715534210205,8.80122780799866,-9.39027309417725));
#6033=CARTESIAN_POINT('',(-6.00000363838823,6.49967555253311,-9.17733857186924));
#6034=CARTESIAN_POINT('Ctrl Pts',(-6.08715527576794,8.8012278899917,-9.39027234037798));
#6035=CARTESIAN_POINT('Ctrl Pts',(-6.05817856086149,8.0349673146345,-9.30947378545195));
#6036=CARTESIAN_POINT('Ctrl Pts',(-6.02909120053233,7.26771273734907,-9.23849137485932));
#6037=CARTESIAN_POINT('Ctrl Pts',(-6.00000381469774,6.4996755525331,-9.17733857186944));
#6038=CARTESIAN_POINT('Origin',(-6.0000135676509,0.149999139494544,-88.9249467947397));
#6039=CARTESIAN_POINT('',(-6.00000361273642,-6.19967466309194,-9.1773383640194));
#6040=CARTESIAN_POINT('Origin',(-6.00001348986579,0.149999139494544,-88.9249467947398));
#6041=CARTESIAN_POINT('',(-6.0516015387626,-7.56182625812017,-9.29618139397252));
#6042=CARTESIAN_POINT('Ctrl Pts',(-6.00000381469795,-6.19967466309192,-9.17733836401963));
#6043=CARTESIAN_POINT('Ctrl Pts',(-6.01721069600192,-6.6540136548007,-9.21351381523532));
#6044=CARTESIAN_POINT('Ctrl Pts',(-6.03441756839113,-7.10807877965912,-9.25312905536939));
#6045=CARTESIAN_POINT('Ctrl Pts',(-6.0516015387626,-7.56182625812018,-9.29618139397251));
#6046=CARTESIAN_POINT('Ctrl Pts',(-6.0516015387626,-7.56182625812018,-9.29618139397251));
#6047=CARTESIAN_POINT('Ctrl Pts',(-6.06346620919236,-7.87511647009026,-9.32590674007353));
#6048=CARTESIAN_POINT('Ctrl Pts',(-6.07531996506487,-8.18825524334928,-9.35727067688743));
#6049=CARTESIAN_POINT('Ctrl Pts',(-6.0871552625742,-8.50122819240231,-9.3902721904481));
#6050=CARTESIAN_POINT('Origin',(-6.00000418684381,32.6499978667258,-11.4668972561107));
#6051=CARTESIAN_POINT('Origin',(-6.00000430418551,31.4892827206484,-14.2332592041424));
#6052=CARTESIAN_POINT('Origin',(-6.00000212827262,-32.3500006151779,-11.4668982679804));
#6053=CARTESIAN_POINT('Origin',(-6.00000215982002,-31.1892852840658,-14.2332563219786));
#6054=CARTESIAN_POINT('Origin',(-6.00001498247476,0.149999139494547,-88.9249467947396));
#6055=CARTESIAN_POINT('Origin',(0.109066963195801,-16.5756360689799,4.24742221832275));
#6056=CARTESIAN_POINT('',(0.109066963195801,-17.0056748390198,1.41408920288086));
#6057=CARTESIAN_POINT('',(0.109066963195801,-16.2556743621826,9.4140887260437));
#6058=CARTESIAN_POINT('Origin',(0.1090669631958,20.7026353147346,1.91408872604465));
#6059=CARTESIAN_POINT('',(0.109066963195801,-16.1000001430511,9.4140887260437));
#6060=CARTESIAN_POINT('',(0.109066963195801,-16.3767366607984,9.4140887260437));
#6061=CARTESIAN_POINT('',(0.109066963195801,-16.1000001430511,5.51825568079948));
#6062=CARTESIAN_POINT('',(0.109066963195801,-16.7859347661336,1.41408920288086));
#6063=CARTESIAN_POINT('Origin',(0.109066963195801,20.7026353147346,1.91408872604465));
#6064=CARTESIAN_POINT('',(0.8909273147583,-16.2556743621826,9.4140887260437));
#6065=CARTESIAN_POINT('',(0.8909273147583,-17.0056748390198,1.41408920288086));
#6066=CARTESIAN_POINT('Ctrl Pts',(-16.5128051594422,22.0797715243566,2.44029128570874));
#6067=CARTESIAN_POINT('Ctrl Pts',(-18.2270501043076,22.2408078309558,4.1056919944387));
#6068=CARTESIAN_POINT('Ctrl Pts',(-18.3292790118486,19.8525052674946,4.25960125181482));
#6069=CARTESIAN_POINT('Ctrl Pts',(-16.4258973731541,24.1565294596961,2.32893538600141));
#6070=CARTESIAN_POINT('Ctrl Pts',(-19.6175848440524,24.4563568348164,5.42968163116296));
#6071=CARTESIAN_POINT('Ctrl Pts',(-19.8079209592848,20.0096671179559,5.71623942437329));
#6072=CARTESIAN_POINT('Ctrl Pts',(-15.3345240534557,25.6330764060724,3.30954234799474));
#6073=CARTESIAN_POINT('Ctrl Pts',(-19.5595091048747,26.0299718381722,7.41414427205586));
#6074=CARTESIAN_POINT('Ctrl Pts',(-19.811465867225,20.1436819826225,7.7934741418255));
#6075=CARTESIAN_POINT('Ctrl Pts',(-14.2431507337573,27.1096233524488,4.29014930998808));
#6076=CARTESIAN_POINT('Ctrl Pts',(-19.5014333656969,27.603586841528,9.39860691294876));
#6077=CARTESIAN_POINT('Ctrl Pts',(-19.8150107751653,20.277696847289,9.87070885927772));
#6078=CARTESIAN_POINT('Ctrl Pts',(-12.7925293872372,27.113028002209,5.78298645418461));
#6079=CARTESIAN_POINT('Ctrl Pts',(-18.0290813968852,27.6049501149,10.8703326087062));
#6080=CARTESIAN_POINT('Ctrl Pts',(-18.3413629018309,20.3093354328794,11.3404835246709));
#6081=CARTESIAN_POINT('Ctrl Pts',(-18.3075755417987,20.1539993286133,4.22166172855918));
#6082=CARTESIAN_POINT('Ctrl Pts',(-18.4156416064193,20.1571915213753,4.32972733456444));
#6083=CARTESIAN_POINT('Ctrl Pts',(-18.5187332705181,20.1591689370974,4.44273398850393));
#6084=CARTESIAN_POINT('Ctrl Pts',(-18.6164330101917,20.1604795159886,4.56021823705451));
#6085=CARTESIAN_POINT('Ctrl Pts',(-18.7141376601263,20.1617901607478,4.67770839020964));
#6086=CARTESIAN_POINT('Ctrl Pts',(-18.8064496810482,20.1624339016457,4.79967638935268));
#6087=CARTESIAN_POINT('Ctrl Pts',(-18.8929917191214,20.1629587615118,4.9256255791762));
#6088=CARTESIAN_POINT('Ctrl Pts',(-18.9345586133636,20.1632108562745,4.9861200714467));
#6089=CARTESIAN_POINT('Ctrl Pts',(-18.9747950033403,20.1634355256048,5.04753253886683));
#6090=CARTESIAN_POINT('Ctrl Pts',(-19.0136625398436,20.1636934934544,5.10980544218082));
#6091=CARTESIAN_POINT('Ctrl Pts',(-19.0910841257939,20.1642073485074,5.23384898520006));
#6092=CARTESIAN_POINT('Ctrl Pts',(-19.1630714017863,20.1648533255232,5.36130828140982));
#6093=CARTESIAN_POINT('Ctrl Pts',(-19.2293399662021,20.1655606094934,5.49168858502851));
#6094=CARTESIAN_POINT('Ctrl Pts',(-19.2956020455168,20.1662678242482,5.62205612951372));
#6095=CARTESIAN_POINT('Ctrl Pts',(-19.3561463790816,20.1670363339589,5.75534381872638));
#6096=CARTESIAN_POINT('Ctrl Pts',(-19.4107348374226,20.1677953444053,5.89103292467945));
#6097=CARTESIAN_POINT('Ctrl Pts',(-19.4430813582913,20.1682450978511,5.97143582724836));
#6098=CARTESIAN_POINT('Ctrl Pts',(-19.4733375518372,20.1686915159312,6.05268147362152));
#6099=CARTESIAN_POINT('Ctrl Pts',(-19.5014618356357,20.1691198694834,6.13465858920753));
#6100=CARTESIAN_POINT('Ctrl Pts',(-19.5488992285536,20.1698423759092,6.27292986644921));
#6101=CARTESIAN_POINT('Ctrl Pts',(-19.5902686585464,20.1705134891779,6.4132828828762));
#6102=CARTESIAN_POINT('Ctrl Pts',(-19.6254098915255,20.1711481272863,6.55517039180404));
#6103=CARTESIAN_POINT('Ctrl Pts',(-19.6605575408424,20.1717828812716,6.69708380756829));
#6104=CARTESIAN_POINT('Ctrl Pts',(-19.6894746412538,20.1723811467756,6.84053195562986));
#6105=CARTESIAN_POINT('Ctrl Pts',(-19.7120515725141,20.1729578499683,6.98495510983453));
#6106=CARTESIAN_POINT('Ctrl Pts',(-19.7254567617483,20.1733002709706,7.07070722953529));
#6107=CARTESIAN_POINT('Ctrl Pts',(-19.7366277198543,20.1736350902612,7.15680287517573));
#6108=CARTESIAN_POINT('Ctrl Pts',(-19.7455500961355,20.1739654322825,7.2431235605992));
#6109=CARTESIAN_POINT('Ctrl Pts',(-19.7613132651201,20.1745490477835,7.39562638140708));
#6110=CARTESIAN_POINT('Ctrl Pts',(-19.7700554258137,20.1751186886899,7.54883164850535));
#6111=CARTESIAN_POINT('Ctrl Pts',(-19.7717443024718,20.1756711112612,7.7021122250616));
#6112=CARTESIAN_POINT('Ctrl Pts',(-19.773433165611,20.1762235294106,7.85539157465986));
#6113=CARTESIAN_POINT('Ctrl Pts',(-19.7680688562059,20.1767587295005,8.00874598193174));
#6114=CARTESIAN_POINT('Ctrl Pts',(-19.7556712093575,20.1772734678684,8.16154787866471));
#6115=CARTESIAN_POINT('Ctrl Pts',(-19.7498137946537,20.1775166620909,8.23374093978709));
#6116=CARTESIAN_POINT('Ctrl Pts',(-19.7423871503432,20.1777552888443,8.30581068635841));
#6117=CARTESIAN_POINT('Ctrl Pts',(-19.733397410989,20.1779890060425,8.37769114414313));
#6118=CARTESIAN_POINT('Ctrl Pts',(-19.7190573847366,-19.818956433971,8.49580115260182));
#6119=CARTESIAN_POINT('Ctrl Pts',(-19.7194224445142,-20.0828472105892,8.46865490948762));
#6120=CARTESIAN_POINT('Ctrl Pts',(-19.7154685280793,-20.3478596838249,8.44234498887518));
#6121=CARTESIAN_POINT('Ctrl Pts',(-19.6942678448983,-20.6114959006089,8.41515416328488));
#6122=CARTESIAN_POINT('Ctrl Pts',(-19.6280392868449,-21.1336852275139,8.3658153159378));
#6123=CARTESIAN_POINT('Ctrl Pts',(-19.5114371235173,-21.6488834781129,8.32075759216605));
#6124=CARTESIAN_POINT('Ctrl Pts',(-19.4402971889596,-21.9037835897354,8.30327779912727));
#6125=CARTESIAN_POINT('Ctrl Pts',(-19.2700233071241,-22.4160406024485,8.26514047194657));
#6126=CARTESIAN_POINT('Ctrl Pts',(-19.053082422329,-22.9026346096267,8.23670574057092));
#6127=CARTESIAN_POINT('Ctrl Pts',(-18.9347457875733,-23.1349464060133,8.23163126433019));
#6128=CARTESIAN_POINT('Ctrl Pts',(-18.666168674787,-23.6043969948862,8.20950432452291));
#6129=CARTESIAN_POINT('Ctrl Pts',(-18.3571052643419,-24.0365903564388,8.20288807090224));
#6130=CARTESIAN_POINT('Ctrl Pts',(-18.1917953321572,-24.2447219468034,8.20037003365774));
#6131=CARTESIAN_POINT('Ctrl Pts',(-17.8462113543432,-24.6378792111378,8.19710954313974));
#6132=CARTESIAN_POINT('Ctrl Pts',(-17.4707905718932,-24.9866453201663,8.20896695846119));
#6133=CARTESIAN_POINT('Ctrl Pts',(-17.2762094261759,-25.1495259740078,8.22081774701542));
#6134=CARTESIAN_POINT('Ctrl Pts',(-16.9737297069401,-25.3778458589522,8.24477649846968));
#6135=CARTESIAN_POINT('Ctrl Pts',(-16.657075172855,-25.5811568389802,8.27840285099489));
#6136=CARTESIAN_POINT('Ctrl Pts',(-16.5500120134887,-25.6461376459608,8.29064915355204));
#6137=CARTESIAN_POINT('Ctrl Pts',(-16.3329141208774,-25.7705543547973,8.31706733530021));
#6138=CARTESIAN_POINT('Ctrl Pts',(-16.1100393577194,-25.8839540066828,8.34696648637306));
#6139=CARTESIAN_POINT('Ctrl Pts',(-15.9971988536584,-25.9379178588958,8.36269416026905));
#6140=CARTESIAN_POINT('Ctrl Pts',(-15.6547020680598,-26.0916246002053,8.41198382012107));
#6141=CARTESIAN_POINT('Ctrl Pts',(-15.3011594982117,-26.2208670049677,8.46727443345823));
#6142=CARTESIAN_POINT('Ctrl Pts',(-15.0613705453543,-26.2962172170789,8.5065492230175));
#6143=CARTESIAN_POINT('Ctrl Pts',(-14.696473137981,-26.3936117543354,8.56874264170189));
#6144=CARTESIAN_POINT('Ctrl Pts',(-14.3248619383884,-26.4696238410719,8.63480234573439));
#6145=CARTESIAN_POINT('Ctrl Pts',(-14.2003102119204,-26.492697598216,8.65719819106013));
#6146=CARTESIAN_POINT('Ctrl Pts',(-13.9499765460747,-26.5345984374537,8.7026330583983));
#6147=CARTESIAN_POINT('Ctrl Pts',(-13.6974498285759,-26.5686444100365,8.74916835080664));
#6148=CARTESIAN_POINT('Ctrl Pts',(-13.5707048436692,-26.5838629320784,8.77266436204756));
#6149=CARTESIAN_POINT('Ctrl Pts',(-13.443544022021,-26.597455458421,8.79634926300677));
#6150=CARTESIAN_POINT('Ctrl Pts',(-13.316025991314,-26.6095983230073,8.82019164597136));
#6151=CARTESIAN_POINT('Ctrl Pts',(-19.7399982515871,-19.8038517124138,8.33480641339798));
#6152=CARTESIAN_POINT('Ctrl Pts',(-19.7418570651924,-20.0679765422699,8.30736603206367));
#6153=CARTESIAN_POINT('Ctrl Pts',(-19.7387341498783,-20.3335578981093,8.28096401112211));
#6154=CARTESIAN_POINT('Ctrl Pts',(-19.7169566783206,-20.5980430109143,8.25349945457807));
#6155=CARTESIAN_POINT('Ctrl Pts',(-19.650641512015,-21.1234588985092,8.20362075943077));
#6156=CARTESIAN_POINT('Ctrl Pts',(-19.5340503200262,-21.642020793276,8.15764142064102));
#6157=CARTESIAN_POINT('Ctrl Pts',(-19.4628692034587,-21.8988913996266,8.13988215488181));
#6158=CARTESIAN_POINT('Ctrl Pts',(-19.2926356443371,-22.4141233177552,8.10162076045122));
#6159=CARTESIAN_POINT('Ctrl Pts',(-19.0751610382689,-22.9044125460986,8.07279401040062));
#6160=CARTESIAN_POINT('Ctrl Pts',(-18.9576384301574,-23.1365400017994,8.07070634878152));
#6161=CARTESIAN_POINT('Ctrl Pts',(-18.6863561604379,-23.6141136701513,8.04331265299894));
#6162=CARTESIAN_POINT('Ctrl Pts',(-18.3772632436972,-24.0476804566025,8.03973096906161));
#6163=CARTESIAN_POINT('Ctrl Pts',(-18.2107781524219,-24.2583121909665,8.0372652536583));
#6164=CARTESIAN_POINT('Ctrl Pts',(-17.8625339765404,-24.6559241090553,8.0333269658553));
#6165=CARTESIAN_POINT('Ctrl Pts',(-17.4846486011823,-25.0080371313637,8.0454682190727));
#6166=CARTESIAN_POINT('Ctrl Pts',(-17.2888931655211,-25.1723022582705,8.05774764358327));
#6167=CARTESIAN_POINT('Ctrl Pts',(-16.9843571818369,-25.4027573183354,8.08197245405901));
#6168=CARTESIAN_POINT('Ctrl Pts',(-16.6656590061533,-25.607776085305,8.11589936328041));
#6169=CARTESIAN_POINT('Ctrl Pts',(-16.5579325899396,-25.6732656695568,8.1282617740284));
#6170=CARTESIAN_POINT('Ctrl Pts',(-16.3395147223601,-25.7985956774357,8.15493931069567));
#6171=CARTESIAN_POINT('Ctrl Pts',(-16.1153138572886,-25.9127063710858,8.18510496637179));
#6172=CARTESIAN_POINT('Ctrl Pts',(-16.0018029900587,-25.9669773780447,8.20095610427317));
#6173=CARTESIAN_POINT('Ctrl Pts',(-15.6572932374388,-26.1214481353162,8.25057399849855));
#6174=CARTESIAN_POINT('Ctrl Pts',(-15.3018213119038,-26.2509238807102,8.30614639781006));
#6175=CARTESIAN_POINT('Ctrl Pts',(-15.0608673086118,-26.3261407958457,8.34566725749233));
#6176=CARTESIAN_POINT('Ctrl Pts',(-14.6943375173045,-26.4229151208433,8.40831408344774));
#6177=CARTESIAN_POINT('Ctrl Pts',(-14.3212295204334,-26.4977560733099,8.47486504808424));
#6178=CARTESIAN_POINT('Ctrl Pts',(-14.1961920909318,-26.5203826380829,8.49742500082713));
#6179=CARTESIAN_POINT('Ctrl Pts',(-13.9449145803474,-26.5612884700078,8.54318228648581));
#6180=CARTESIAN_POINT('Ctrl Pts',(-13.6915049117311,-26.5941746962419,8.59002100343295));
#6181=CARTESIAN_POINT('Ctrl Pts',(-13.5643351003988,-26.6087811888447,8.61366207310923));
#6182=CARTESIAN_POINT('Ctrl Pts',(-13.4367679865855,-26.6217412716605,8.63748452995139));
#6183=CARTESIAN_POINT('Ctrl Pts',(-13.308863224291,-26.6332426636817,8.66145669572725));
#6184=CARTESIAN_POINT('Ctrl Pts',(-19.7581671778924,-19.7875920120559,8.17321654731084));
#6185=CARTESIAN_POINT('Ctrl Pts',(-19.761132189296,-20.0515892603895,8.14538356403106));
#6186=CARTESIAN_POINT('Ctrl Pts',(-19.7568102402416,-20.3170976820499,8.11895285970421));
#6187=CARTESIAN_POINT('Ctrl Pts',(-19.7347448040836,-20.5819509723752,8.09155545266723));
#6188=CARTESIAN_POINT('Ctrl Pts',(-19.6682840796598,-21.1110233910508,8.04024786627097));
#6189=CARTESIAN_POINT('Ctrl Pts',(-19.5511707320607,-21.6346889506658,7.99418096897586));
#6190=CARTESIAN_POINT('Ctrl Pts',(-19.4802951208213,-21.8928943217316,7.97524613698686));
#6191=CARTESIAN_POINT('Ctrl Pts',(-19.3105833090591,-22.4094308961049,7.93713884208138));
#6192=CARTESIAN_POINT('Ctrl Pts',(-19.0932338279972,-22.9026242095189,7.90932575774554));
#6193=CARTESIAN_POINT('Ctrl Pts',(-18.9762949934054,-23.1358258043769,7.90965352637225));
#6194=CARTESIAN_POINT('Ctrl Pts',(-18.7023030309235,-23.6225735275688,7.87509477033523));
#6195=CARTESIAN_POINT('Ctrl Pts',(-18.394566866236,-24.0555531229762,7.87678216808802));
#6196=CARTESIAN_POINT('Ctrl Pts',(-18.2271286551778,-24.2690217509061,7.87410726379113));
#6197=CARTESIAN_POINT('Ctrl Pts',(-17.8757478569217,-24.6721312530301,7.8692643357103));
#6198=CARTESIAN_POINT('Ctrl Pts',(-17.4956337072689,-25.0275816631529,7.88242968238764));
#6199=CARTESIAN_POINT('Ctrl Pts',(-17.2987875159847,-25.1933348098295,7.89510883057229));
#6200=CARTESIAN_POINT('Ctrl Pts',(-16.9921996964801,-25.4261223653653,7.91958261922725));
#6201=CARTESIAN_POINT('Ctrl Pts',(-16.6714587263797,-25.6330279369159,7.95373756281891));
#6202=CARTESIAN_POINT('Ctrl Pts',(-16.5630882557517,-25.6990699584938,7.96619959700595));
#6203=CARTESIAN_POINT('Ctrl Pts',(-16.3433859401605,-25.8253989657697,7.99311297996863));
#6204=CARTESIAN_POINT('Ctrl Pts',(-16.1178927740031,-25.9402984884106,8.02352365035165));
#6205=CARTESIAN_POINT('Ctrl Pts',(-16.0037253565456,-25.9949151090762,8.03948287294793));
#6206=CARTESIAN_POINT('Ctrl Pts',(-15.6572434780459,-26.1502614587514,8.08936636789087));
#6207=CARTESIAN_POINT('Ctrl Pts',(-15.2999135987175,-26.2800518374587,8.14515598433321));
#6208=CARTESIAN_POINT('Ctrl Pts',(-15.0578768647615,-26.3551646008907,8.18491633928261));
#6209=CARTESIAN_POINT('Ctrl Pts',(-14.6898324332594,-26.4513474045366,8.24801977837195));
#6210=CARTESIAN_POINT('Ctrl Pts',(-14.3153338103959,-26.5250153894818,8.31506964149631));
#6211=CARTESIAN_POINT('Ctrl Pts',(-14.18984420659,-26.54719068098,8.33779571990738));
#6212=CARTESIAN_POINT('Ctrl Pts',(-13.9376873782457,-26.5870861759013,8.38387795660093));
#6213=CARTESIAN_POINT('Ctrl Pts',(-13.6834562727383,-26.6187857172564,8.43101970536387));
#6214=CARTESIAN_POINT('Ctrl Pts',(-13.5558921743599,-26.632764445571,8.45480492837144));
#6215=CARTESIAN_POINT('Ctrl Pts',(-13.4279494852055,-26.6450755505914,8.47876347739205));
#6216=CARTESIAN_POINT('Ctrl Pts',(-13.2996889980727,-26.6559196160152,8.50286350997246));
#6217=CARTESIAN_POINT('Ctrl Pts',(-19.7696102895787,-19.7712562266428,8.01111375244342));
#6218=CARTESIAN_POINT('Ctrl Pts',(-19.7722703273169,-20.0352103430396,7.98312238996046));
#6219=CARTESIAN_POINT('Ctrl Pts',(-19.7664955180509,-20.300330761109,7.95738761912816));
#6220=CARTESIAN_POINT('Ctrl Pts',(-19.7447635945762,-20.5665784011176,7.92762331929653));
#6221=CARTESIAN_POINT('Ctrl Pts',(-19.6783381167474,-21.0971091229152,7.87485134508291));
#6222=CARTESIAN_POINT('Ctrl Pts',(-19.5611324339077,-21.623455814267,7.8285540266272));
#6223=CARTESIAN_POINT('Ctrl Pts',(-19.4899208197857,-21.8842138211524,7.80800480114847));
#6224=CARTESIAN_POINT('Ctrl Pts',(-19.321776174198,-22.4018439269018,7.77032955397881));
#6225=CARTESIAN_POINT('Ctrl Pts',(-19.1044090262393,-22.8993949802791,7.74286862032734));
#6226=CARTESIAN_POINT('Ctrl Pts',(-18.9835179556889,-23.1435725005463,7.73307758545384));
#6227=CARTESIAN_POINT('Ctrl Pts',(-18.7173355053975,-23.6204882328222,7.71480540130014));
#6228=CARTESIAN_POINT('Ctrl Pts',(-18.4072310400228,-24.0629697679379,7.71055103594565));
#6229=CARTESIAN_POINT('Ctrl Pts',(-18.2407827547851,-24.2772150234589,7.70864564812016));
#6230=CARTESIAN_POINT('Ctrl Pts',(-17.885021410632,-24.6873758987562,7.70594030256056));
#6231=CARTESIAN_POINT('Ctrl Pts',(-17.5041974476303,-25.0439507220404,7.72035554928137));
#6232=CARTESIAN_POINT('Ctrl Pts',(-17.3052444675013,-25.2125028630819,7.7323514006776));
#6233=CARTESIAN_POINT('Ctrl Pts',(-16.9975822064525,-25.4473091316148,7.75786405716502));
#6234=CARTESIAN_POINT('Ctrl Pts',(-16.6742257934369,-25.6567469287863,7.79191214818579));
#6235=CARTESIAN_POINT('Ctrl Pts',(-16.5652347675299,-25.7233899494046,7.80440575990499));
#6236=CARTESIAN_POINT('Ctrl Pts',(-16.3443887067412,-25.8507553325368,7.83155056471907));
#6237=CARTESIAN_POINT('Ctrl Pts',(-16.1176287999206,-25.9665539089205,7.86219887104521));
#6238=CARTESIAN_POINT('Ctrl Pts',(-16.0027847196698,-26.0215798195919,7.87821175693869));
#6239=CARTESIAN_POINT('Ctrl Pts',(-15.6544311493804,-26.1779041429761,7.92831501090062));
#6240=CARTESIAN_POINT('Ctrl Pts',(-15.2953288244816,-26.308106121391,7.98426016117347));
#6241=CARTESIAN_POINT('Ctrl Pts',(-15.0523038911881,-26.3831544167869,8.02424520602892));
#6242=CARTESIAN_POINT('Ctrl Pts',(-14.6828890714266,-26.4787860728696,8.08782256073447));
#6243=CARTESIAN_POINT('Ctrl Pts',(-14.307122144756,-26.5512920848741,8.15538679659378));
#6244=CARTESIAN_POINT('Ctrl Pts',(-14.1812181342448,-26.5730161445013,8.17828272277831));
#6245=CARTESIAN_POINT('Ctrl Pts',(-13.9282540412296,-26.6118929084997,8.22469488404996));
#6246=CARTESIAN_POINT('Ctrl Pts',(-13.6732694504135,-26.6423829569243,8.27214041517));
#6247=CARTESIAN_POINT('Ctrl Pts',(-13.5453447869161,-26.655719476295,8.29606931185491));
#6248=CARTESIAN_POINT('Ctrl Pts',(-13.417060462462,-26.6673659896617,8.32016284087513));
#6249=CARTESIAN_POINT('Ctrl Pts',(-13.2884785145628,-26.6775378697368,8.34438914789373));
#6250=CARTESIAN_POINT('Ctrl Pts',(-19.7777693571329,-19.7373893527881,7.68570509198588));
#6251=CARTESIAN_POINT('Ctrl Pts',(-19.7798742422091,-20.0013531576203,7.65460005935107));
#6252=CARTESIAN_POINT('Ctrl Pts',(-19.7728051794919,-20.2664275206742,7.62498229132547));
#6253=CARTESIAN_POINT('Ctrl Pts',(-19.7518294853151,-20.5328092623685,7.5983728469146));
#6254=CARTESIAN_POINT('Ctrl Pts',(-19.6853815844739,-21.0667598050685,7.54307238404776));
#6255=CARTESIAN_POINT('Ctrl Pts',(-19.568839522487,-21.5972848579313,7.49497103695913));
#6256=CARTESIAN_POINT('Ctrl Pts',(-19.4977969377377,-21.8610779462884,7.47298466411553));
#6257=CARTESIAN_POINT('Ctrl Pts',(-19.3310049530714,-22.382305676788,7.43444442999471));
#6258=CARTESIAN_POINT('Ctrl Pts',(-19.1145967257273,-22.8879418453645,7.40641246438284));
#6259=CARTESIAN_POINT('Ctrl Pts',(-18.9938058963292,-23.1361490167342,7.39498379414515));
#6260=CARTESIAN_POINT('Ctrl Pts',(-18.729381043961,-23.6181578138447,7.3792756683461));
#6261=CARTESIAN_POINT('Ctrl Pts',(-18.4186214031781,-24.0718145274246,7.37410909438566));
#6262=CARTESIAN_POINT('Ctrl Pts',(-18.2509062697214,-24.2913940954634,7.37287749457139));
#6263=CARTESIAN_POINT('Ctrl Pts',(-17.902046114148,-24.7030575681004,7.38035854831461));
#6264=CARTESIAN_POINT('Ctrl Pts',(-17.5152073738298,-25.0722879963987,7.39868471978305));
#6265=CARTESIAN_POINT('Ctrl Pts',(-17.3159751078741,-25.2437410513886,7.41152284865642));
#6266=CARTESIAN_POINT('Ctrl Pts',(-16.9989976865409,-25.4878871074907,7.43425994678935));
#6267=CARTESIAN_POINT('Ctrl Pts',(-16.673121178282,-25.7007914764327,7.46835129889261));
#6268=CARTESIAN_POINT('Ctrl Pts',(-16.5634306530177,-25.7684215314723,7.48126385434794));
#6269=CARTESIAN_POINT('Ctrl Pts',(-16.3399793900369,-25.8983720819356,7.50871270874662));
#6270=CARTESIAN_POINT('Ctrl Pts',(-16.1107983787186,-26.0161169202881,7.53967065585984));
#6271=CARTESIAN_POINT('Ctrl Pts',(-15.9949022098408,-26.0719142633729,7.55596614368221));
#6272=CARTESIAN_POINT('Ctrl Pts',(-15.6426911845295,-26.2306135427148,7.60614112049832));
#6273=CARTESIAN_POINT('Ctrl Pts',(-15.280417088945,-26.361785350971,7.66220465619898));
#6274=CARTESIAN_POINT('Ctrl Pts',(-15.0358732142676,-26.4366730423019,7.70293572914059));
#6275=CARTESIAN_POINT('Ctrl Pts',(-14.6640743080451,-26.5313246793997,7.76755722665162));
#6276=CARTESIAN_POINT('Ctrl Pts',(-14.2860254096432,-26.6015844782959,7.83619581594763));
#6277=CARTESIAN_POINT('Ctrl Pts',(-14.1593684859973,-26.6224235144519,7.85944024334416));
#6278=CARTESIAN_POINT('Ctrl Pts',(-13.9049342681192,-26.6592749676591,7.9065210202833));
#6279=CARTESIAN_POINT('Ctrl Pts',(-13.6485828839723,-26.6873179570956,7.95457191834117));
#6280=CARTESIAN_POINT('Ctrl Pts',(-13.520009000283,-26.6993470213276,7.9787861041104));
#6281=CARTESIAN_POINT('Ctrl Pts',(-13.3911151412298,-26.7096374641452,8.00314709802892));
#6282=CARTESIAN_POINT('Ctrl Pts',(-13.2619654091257,-26.7184393491019,8.02762305345352));
#6283=CARTESIAN_POINT('Ctrl Pts',(-19.7595327017565,-19.7002723389512,7.36304978199043));
#6284=CARTESIAN_POINT('Ctrl Pts',(-19.7606816242785,-19.9637850284842,7.33062612270637));
#6285=CARTESIAN_POINT('Ctrl Pts',(-19.7529924793885,-20.2280213362405,7.30094860535863));
#6286=CARTESIAN_POINT('Ctrl Pts',(-19.731704234988,-20.4947743260019,7.26882866536125));
#6287=CARTESIAN_POINT('Ctrl Pts',(-19.6650632044645,-21.0294831718258,7.21027530551419));
#6288=CARTESIAN_POINT('Ctrl Pts',(-19.5493748226368,-21.5627410308456,7.15947592431491));
#6289=CARTESIAN_POINT('Ctrl Pts',(-19.4791576830368,-21.8279914829751,7.13647668780798));
#6290=CARTESIAN_POINT('Ctrl Pts',(-19.3139812535512,-22.353454370853,7.09580825930881));
#6291=CARTESIAN_POINT('Ctrl Pts',(-19.0998892941162,-22.8641643046131,7.06691121258317));
#6292=CARTESIAN_POINT('Ctrl Pts',(-18.9808132589056,-23.1146526239963,7.05577576936878));
#6293=CARTESIAN_POINT('Ctrl Pts',(-18.7181152857827,-23.6040105671153,7.03893951977233));
#6294=CARTESIAN_POINT('Ctrl Pts',(-18.4096745355695,-24.0640066619557,7.03520974067561));
#6295=CARTESIAN_POINT('Ctrl Pts',(-18.2445644408912,-24.2849678682017,7.03661409414014));
#6296=CARTESIAN_POINT('Ctrl Pts',(-17.8942816106978,-24.7080005533509,7.04500098870719));
#6297=CARTESIAN_POINT('Ctrl Pts',(-17.5063227351812,-25.0888640754245,7.06850301774434));
#6298=CARTESIAN_POINT('Ctrl Pts',(-17.3058293890245,-25.2659814342538,7.08492822868177));
#6299=CARTESIAN_POINT('Ctrl Pts',(-16.9884525520127,-25.5159952083822,7.10984970718182));
#6300=CARTESIAN_POINT('Ctrl Pts',(-16.66037969372,-25.7340588265317,7.14558622558445));
#6301=CARTESIAN_POINT('Ctrl Pts',(-16.5482735278287,-25.8043564223285,7.15796731258545));
#6302=CARTESIAN_POINT('Ctrl Pts',(-16.322307317898,-25.9377409337065,7.18508456835693));
#6303=CARTESIAN_POINT('Ctrl Pts',(-16.0918431998625,-26.0575649763389,7.21715989477229));
#6304=CARTESIAN_POINT('Ctrl Pts',(-15.9741393642108,-26.1148928913395,7.23310671447817));
#6305=CARTESIAN_POINT('Ctrl Pts',(-15.6189466052233,-26.2765343566893,7.28316991997543));
#6306=CARTESIAN_POINT('Ctrl Pts',(-15.2555409044311,-26.4084287473279,7.34064798326215));
#6307=CARTESIAN_POINT('Ctrl Pts',(-15.0090610659116,-26.4839494847424,7.38168328207561));
#6308=CARTESIAN_POINT('Ctrl Pts',(-14.6354593952306,-26.5781485339562,7.44751083717753));
#6309=CARTESIAN_POINT('Ctrl Pts',(-14.2555686372729,-26.6465500072001,7.51725530171255));
#6310=CARTESIAN_POINT('Ctrl Pts',(-14.1282995168681,-26.6666082924005,7.54084603872748));
#6311=CARTESIAN_POINT('Ctrl Pts',(-13.8726886941462,-26.7015727316081,7.58858849785628));
#6312=CARTESIAN_POINT('Ctrl Pts',(-13.61528765896,-26.7271754835186,7.63724064772068));
#6313=CARTESIAN_POINT('Ctrl Pts',(-13.4862292640936,-26.7378692674136,7.6617410668611));
#6314=CARTESIAN_POINT('Ctrl Pts',(-13.3568928652205,-26.7467617725783,7.68637009609177));
#6315=CARTESIAN_POINT('Ctrl Pts',(-13.2273436283663,-26.7541547981211,7.71109545986144));
#6316=CARTESIAN_POINT('Ctrl Pts',(-19.7438709423318,-19.6806639580764,7.20214282625884));
#6317=CARTESIAN_POINT('Ctrl Pts',(-19.7444485817848,-19.9438566590764,7.16809500456326));
#6318=CARTESIAN_POINT('Ctrl Pts',(-19.7362677241841,-20.2078049751558,7.13657712570105));
#6319=CARTESIAN_POINT('Ctrl Pts',(-19.7147493958423,-20.4743317948691,7.10449782662772));
#6320=CARTESIAN_POINT('Ctrl Pts',(-19.6480840567122,-21.0092324109708,7.04424725707386));
#6321=CARTESIAN_POINT('Ctrl Pts',(-19.5328602670568,-21.5433686142779,6.99196118330058));
#6322=CARTESIAN_POINT('Ctrl Pts',(-19.4629933279509,-21.8092569560531,6.96827370074914));
#6323=CARTESIAN_POINT('Ctrl Pts',(-19.2989063285142,-22.3362742378838,6.92654612061312));
#6324=CARTESIAN_POINT('Ctrl Pts',(-19.0860717748746,-22.8494039477841,6.89678197006414));
#6325=CARTESIAN_POINT('Ctrl Pts',(-18.9676853012273,-23.101166830751,6.88525303787652));
#6326=CARTESIAN_POINT('Ctrl Pts',(-18.7065008398712,-23.5934661674758,6.86841689688025));
#6327=CARTESIAN_POINT('Ctrl Pts',(-18.3998547953416,-24.0565941532226,6.86528471001653));
#6328=CARTESIAN_POINT('Ctrl Pts',(-18.2352228761633,-24.2800546934014,6.86669641423365));
#6329=CARTESIAN_POINT('Ctrl Pts',(-17.8855251024246,-24.7071072089324,6.87687443364092));
#6330=CARTESIAN_POINT('Ctrl Pts',(-17.4981752918957,-25.0912770920984,6.90092461029896));
#6331=CARTESIAN_POINT('Ctrl Pts',(-17.2954845890677,-25.2720626169763,6.91686909018496));
#6332=CARTESIAN_POINT('Ctrl Pts',(-16.9811632571905,-25.5242058840557,6.94649628897156));
#6333=CARTESIAN_POINT('Ctrl Pts',(-16.6502598744287,-25.747792191138,6.98384930427032));
#6334=CARTESIAN_POINT('Ctrl Pts',(-16.537703367115,-25.8193241832441,6.99648235468131));
#6335=CARTESIAN_POINT('Ctrl Pts',(-16.3110462250493,-25.9546278249155,7.02412152420376));
#6336=CARTESIAN_POINT('Ctrl Pts',(-16.0787984561455,-26.0762802835948,7.05558570303166));
#6337=CARTESIAN_POINT('Ctrl Pts',(-15.9587948697509,-26.1350841131388,7.07009593685382));
#6338=CARTESIAN_POINT('Ctrl Pts',(-15.6069018598784,-26.2958154905713,7.12223249364646));
#6339=CARTESIAN_POINT('Ctrl Pts',(-15.2390650403175,-26.4305955416342,7.18010575605544));
#6340=CARTESIAN_POINT('Ctrl Pts',(-14.9931797566814,-26.5056693596369,7.22109040902001));
#6341=CARTESIAN_POINT('Ctrl Pts',(-14.6187380783191,-26.5998651146924,7.28754157628691));
#6342=CARTESIAN_POINT('Ctrl Pts',(-14.2379882525087,-26.6674998724252,7.35781526547244));
#6343=CARTESIAN_POINT('Ctrl Pts',(-14.1104647726743,-26.6872065159143,7.38158438134974));
#6344=CARTESIAN_POINT('Ctrl Pts',(-13.8543386517624,-26.7212911834916,7.42965173949018));
#6345=CARTESIAN_POINT('Ctrl Pts',(-13.5964928657964,-26.7456942277769,7.4786001789745));
#6346=CARTESIAN_POINT('Ctrl Pts',(-13.4672386868332,-26.7557185632953,7.50324476568229));
#6347=CARTESIAN_POINT('Ctrl Pts',(-13.3377273499723,-26.7639046945844,7.52800890925193));
#6348=CARTESIAN_POINT('Ctrl Pts',(-13.2080247580823,-26.7705868604798,7.55286004514222));
#6349=CARTESIAN_POINT('Ctrl Pts',(-19.6995518072102,-19.639566820586,6.88299722426716));
#6350=CARTESIAN_POINT('Ctrl Pts',(-19.6985643189183,-19.9020787524533,6.84578333287157));
#6351=CARTESIAN_POINT('Ctrl Pts',(-19.6888974230958,-20.1650412621137,6.8106178281244));
#6352=CARTESIAN_POINT('Ctrl Pts',(-19.6674138501447,-20.430807299103,6.77813614480113));
#6353=CARTESIAN_POINT('Ctrl Pts',(-19.6003464948273,-20.9652433601341,6.71398094937039));
#6354=CARTESIAN_POINT('Ctrl Pts',(-19.4861756904422,-21.5004753531805,6.65850139988553));
#6355=CARTESIAN_POINT('Ctrl Pts',(-19.4172202938765,-21.7672353798419,6.63338067256927));
#6356=CARTESIAN_POINT('Ctrl Pts',(-19.2554685260838,-22.296763480542,6.58908507927571));
#6357=CARTESIAN_POINT('Ctrl Pts',(-19.045955736522,-22.8137122493256,6.55761647424922));
#6358=CARTESIAN_POINT('Ctrl Pts',(-18.9291651838454,-23.0679689513524,6.54524654530602));
#6359=CARTESIAN_POINT('Ctrl Pts',(-18.6719728533608,-23.5651962865771,6.52776435824666));
#6360=CARTESIAN_POINT('Ctrl Pts',(-18.3686299149622,-24.0349292542251,6.52496436298222));
#6361=CARTESIAN_POINT('Ctrl Pts',(-18.2054893742982,-24.2619605475895,6.52682211693875));
#6362=CARTESIAN_POINT('Ctrl Pts',(-17.8584719396937,-24.6968831357417,6.53872923606843));
#6363=CARTESIAN_POINT('Ctrl Pts',(-17.4721925003702,-25.0902212372106,6.56596214758157));
#6364=CARTESIAN_POINT('Ctrl Pts',(-17.270388233244,-25.2749322506638,6.58333877823591));
#6365=CARTESIAN_POINT('Ctrl Pts',(-16.9544125096486,-25.5344436121076,6.61468296821335));
#6366=CARTESIAN_POINT('Ctrl Pts',(-16.6225218688459,-25.7650462518579,6.65474595667318));
#6367=CARTESIAN_POINT('Ctrl Pts',(-16.5100640020555,-25.8386776031582,6.66878553528019));
#6368=CARTESIAN_POINT('Ctrl Pts',(-16.2821027350115,-25.9790684314699,6.69850150994763));
#6369=CARTESIAN_POINT('Ctrl Pts',(-16.0488594707311,-26.1050615803883,6.73150887106527));
#6370=CARTESIAN_POINT('Ctrl Pts',(-15.9305556965938,-26.1645860874792,6.74831684114897));
#6371=CARTESIAN_POINT('Ctrl Pts',(-15.5716100772599,-26.3325552375444,6.79998459052659));
#6372=CARTESIAN_POINT('Ctrl Pts',(-15.2041459189578,-26.4676829911531,6.85815962344079));
#6373=CARTESIAN_POINT('Ctrl Pts',(-14.9563431670356,-26.5445309451565,6.9000059416649));
#6374=CARTESIAN_POINT('Ctrl Pts',(-14.5802848801854,-26.63932061645,6.96761233969327));
#6375=CARTESIAN_POINT('Ctrl Pts',(-14.1981859721148,-26.7058328585775,7.03898183177076));
#6376=CARTESIAN_POINT('Ctrl Pts',(-14.0701082354199,-26.7249986657003,7.06301998587987));
#6377=CARTESIAN_POINT('Ctrl Pts',(-13.8131255654477,-26.7575289060261,7.11169212670103));
#6378=CARTESIAN_POINT('Ctrl Pts',(-13.5546605750366,-26.7795941922799,7.16126334906755));
#6379=CARTESIAN_POINT('Ctrl Pts',(-13.4251280754987,-26.7882828374239,7.1862123083581));
#6380=CARTESIAN_POINT('Ctrl Pts',(-13.2953760839333,-26.7950477654856,7.21125995382691));
#6381=CARTESIAN_POINT('Ctrl Pts',(-13.1654718327944,-26.8003021072371,7.23637295902909));
#6382=CARTESIAN_POINT('Ctrl Pts',(-19.6301684041925,-19.5940590063063,6.57139266274266));
#6383=CARTESIAN_POINT('Ctrl Pts',(-19.6273355922121,-19.8557346000917,6.53186102164935));
#6384=CARTESIAN_POINT('Ctrl Pts',(-19.6160293376827,-20.1176075352779,6.4944706803677));
#6385=CARTESIAN_POINT('Ctrl Pts',(-19.5935234156877,-20.381710810966,6.4581679043592));
#6386=CARTESIAN_POINT('Ctrl Pts',(-19.5256598427442,-20.9145204968458,6.38960650001874));
#6387=CARTESIAN_POINT('Ctrl Pts',(-19.4126151641481,-21.4494628950869,6.33050091184399));
#6388=CARTESIAN_POINT('Ctrl Pts',(-19.3447590278911,-21.7163508697172,6.30371706638135));
#6389=CARTESIAN_POINT('Ctrl Pts',(-19.1859671263894,-22.2469648400171,6.25625375191918));
#6390=CARTESIAN_POINT('Ctrl Pts',(-18.9806678589992,-22.7665241658228,6.22220309519765));
#6391=CARTESIAN_POINT('Ctrl Pts',(-18.86613292615,-23.0225545423937,6.20865353571169));
#6392=CARTESIAN_POINT('Ctrl Pts',(-18.6139139252868,-23.5238149358666,6.1895989216371));
#6393=CARTESIAN_POINT('Ctrl Pts',(-18.315325356011,-23.9993376113701,6.18599554033056));
#6394=CARTESIAN_POINT('Ctrl Pts',(-18.1544581817385,-24.2296050457707,6.1879932563319));
#6395=CARTESIAN_POINT('Ctrl Pts',(-17.8113113568029,-24.6716800509347,6.20016159897513));
#6396=CARTESIAN_POINT('Ctrl Pts',(-17.427956977341,-25.0729300369891,6.22893118011659));
#6397=CARTESIAN_POINT('Ctrl Pts',(-17.2270366667095,-25.2624049954871,6.24768221248837));
#6398=CARTESIAN_POINT('Ctrl Pts',(-16.912260903524,-25.5283092044548,6.28088514866388));
#6399=CARTESIAN_POINT('Ctrl Pts',(-16.5807828056202,-25.7648075271298,6.32238187214969));
#6400=CARTESIAN_POINT('Ctrl Pts',(-16.4684906841865,-25.8403524497033,6.3371478039572));
#6401=CARTESIAN_POINT('Ctrl Pts',(-16.2403474490312,-25.9849581761308,6.36838943326452));
#6402=CARTESIAN_POINT('Ctrl Pts',(-16.0064822517541,-26.1156634358988,6.403037674941));
#6403=CARTESIAN_POINT('Ctrl Pts',(-15.8878654943832,-26.1776066197005,6.42100808515718));
#6404=CARTESIAN_POINT('Ctrl Pts',(-15.5276387501805,-26.352683077959,6.47625288810825));
#6405=CARTESIAN_POINT('Ctrl Pts',(-15.1583818029833,-26.4935378819188,6.53608096145282));
#6406=CARTESIAN_POINT('Ctrl Pts',(-14.9090667152834,-26.5721672058348,6.57850078775423));
#6407=CARTESIAN_POINT('Ctrl Pts',(-14.5324660035977,-26.6688651990386,6.64776382587806));
#6408=CARTESIAN_POINT('Ctrl Pts',(-14.1488527713532,-26.7356677682941,6.7197111128263));
#6409=CARTESIAN_POINT('Ctrl Pts',(-14.0206136749765,-26.7546526075555,6.74402925269549));
#6410=CARTESIAN_POINT('Ctrl Pts',(-13.7634468820882,-26.7862731248163,6.79340791464793));
#6411=CARTESIAN_POINT('Ctrl Pts',(-13.5048451869496,-26.8063704977221,6.84371558055896));
#6412=CARTESIAN_POINT('Ctrl Pts',(-13.3752487062997,-26.8138011702542,6.86901230115039));
#6413=CARTESIAN_POINT('Ctrl Pts',(-13.2454676049789,-26.8191547563321,6.89437398774389));
#6414=CARTESIAN_POINT('Ctrl Pts',(-13.1155651553931,-26.8230053473787,6.91977107093725));
#6415=CARTESIAN_POINT('Ctrl Pts',(-19.589297816423,-19.5700389343182,6.41740908635653));
#6416=CARTESIAN_POINT('Ctrl Pts',(-19.5854377195842,-19.831192499411,6.37651217956074));
#6417=CARTESIAN_POINT('Ctrl Pts',(-19.5734202498235,-20.0924964948536,6.33824042873806));
#6418=CARTESIAN_POINT('Ctrl Pts',(-19.5500605460929,-20.3557654470102,6.3001382317842));
#6419=CARTESIAN_POINT('Ctrl Pts',(-19.4816550917507,-20.8874947088965,6.2295190062584));
#6420=CARTESIAN_POINT('Ctrl Pts',(-19.3691925167059,-21.4219554319185,6.16842066603625));
#6421=CARTESIAN_POINT('Ctrl Pts',(-19.3019192101108,-21.6887655366954,6.14073539886435));
#6422=CARTESIAN_POINT('Ctrl Pts',(-19.1447864800346,-22.2195692900858,6.09154433446677));
#6423=CARTESIAN_POINT('Ctrl Pts',(-18.9418297081387,-22.7401181926421,6.0560057355127));
#6424=CARTESIAN_POINT('Ctrl Pts',(-18.8286102557796,-22.9968210990548,6.04180397378226));
#6425=CARTESIAN_POINT('Ctrl Pts',(-18.5791291451125,-23.4998596994097,6.02168286106766));
#6426=CARTESIAN_POINT('Ctrl Pts',(-18.2830583930206,-23.9782253231163,6.01723538243441));
#6427=CARTESIAN_POINT('Ctrl Pts',(-18.1235480294135,-24.2098860513541,6.01908527000412));
#6428=CARTESIAN_POINT('Ctrl Pts',(-17.7829237001755,-24.6552693378736,6.03148437148496));
#6429=CARTESIAN_POINT('Ctrl Pts',(-17.4012924123964,-25.060405681301,6.06068782790305));
#6430=CARTESIAN_POINT('Ctrl Pts',(-17.200951104828,-25.2517410257918,6.07937398737559));
#6431=CARTESIAN_POINT('Ctrl Pts',(-16.8872922541432,-25.5207119151249,6.11356894021651));
#6432=CARTESIAN_POINT('Ctrl Pts',(-16.5561472438743,-25.7606830247655,6.15609651487103));
#6433=CARTESIAN_POINT('Ctrl Pts',(-16.4439288743454,-25.837348920974,6.17114923447438));
#6434=CARTESIAN_POINT('Ctrl Pts',(-16.2160503581928,-25.9838301871982,6.2028857623492));
#6435=CARTESIAN_POINT('Ctrl Pts',(-15.9818988846763,-26.1163910459762,6.23772494432995));
#6436=CARTESIAN_POINT('Ctrl Pts',(-15.8633145113526,-26.1791741126956,6.25589645143785));
#6437=CARTESIAN_POINT('Ctrl Pts',(-15.5039268203076,-26.3567405018111,6.31275032092406));
#6438=CARTESIAN_POINT('Ctrl Pts',(-15.1344080347246,-26.5015101380659,6.3755237917992));
#6439=CARTESIAN_POINT('Ctrl Pts',(-14.8842994858975,-26.5825976861248,6.41861705697843));
#6440=CARTESIAN_POINT('Ctrl Pts',(-14.5062423663939,-26.6808395934481,6.48791400553492));
#6441=CARTESIAN_POINT('Ctrl Pts',(-14.1204151112065,-26.7483581673176,6.55922326546152));
#6442=CARTESIAN_POINT('Ctrl Pts',(-13.9937490152894,-26.7670118119035,6.58432098854828));
#6443=CARTESIAN_POINT('Ctrl Pts',(-13.7367733446528,-26.7984969319095,6.63421638521614));
#6444=CARTESIAN_POINT('Ctrl Pts',(-13.4780885026082,-26.8178081566108,6.68483929471852));
#6445=CARTESIAN_POINT('Ctrl Pts',(-13.3484811290851,-26.8245620548452,6.71034204638129));
#6446=CARTESIAN_POINT('Ctrl Pts',(-13.2187384729973,-26.8292494366671,6.73587463861479));
#6447=CARTESIAN_POINT('Ctrl Pts',(-13.0888890416691,-26.832431304048,6.76142277016276));
#6448=CARTESIAN_POINT('Ctrl Pts',(-19.5189875622929,-19.5322168756489,6.19003657063495));
#6449=CARTESIAN_POINT('Ctrl Pts',(-19.5133150537415,-19.7925563000477,6.14701449999515));
#6450=CARTESIAN_POINT('Ctrl Pts',(-19.499312285443,-20.0526500376187,6.1057440018131));
#6451=CARTESIAN_POINT('Ctrl Pts',(-19.4754300491259,-20.3147964193215,6.06711066239979));
#6452=CARTESIAN_POINT('Ctrl Pts',(-19.4059238429109,-20.8445298322585,5.99304228612222));
#6453=CARTESIAN_POINT('Ctrl Pts',(-19.294409141803,-21.3778484276838,5.9290649578945));
#6454=CARTESIAN_POINT('Ctrl Pts',(-19.2280551664531,-21.6442799560496,5.89988632507022));
#6455=CARTESIAN_POINT('Ctrl Pts',(-19.0735840571729,-22.1748943806861,5.84785504522629));
#6456=CARTESIAN_POINT('Ctrl Pts',(-18.8744820866662,-22.696474836472,5.80973245723909));
#6457=CARTESIAN_POINT('Ctrl Pts',(-18.7634678403977,-22.9539437724445,5.79441378735132));
#6458=CARTESIAN_POINT('Ctrl Pts',(-18.5184045121097,-23.4593762838489,5.77212314893895));
#6459=CARTESIAN_POINT('Ctrl Pts',(-18.2266876072292,-23.9414539996857,5.76615744541633));
#6460=CARTESIAN_POINT('Ctrl Pts',(-18.0695113909557,-24.1750634905572,5.76770136990802));
#6461=CARTESIAN_POINT('Ctrl Pts',(-17.7329453499961,-24.6250581903565,5.77957732137671));
#6462=CARTESIAN_POINT('Ctrl Pts',(-17.3546095052067,-25.0356851383419,5.80908180199168));
#6463=CARTESIAN_POINT('Ctrl Pts',(-17.1556513026367,-25.2299629345343,5.82816421167084));
#6464=CARTESIAN_POINT('Ctrl Pts',(-16.8437560963055,-25.5032608685106,5.86299590791923));
#6465=CARTESIAN_POINT('Ctrl Pts',(-16.5138059508421,-25.747705161012,5.90650756307814));
#6466=CARTESIAN_POINT('Ctrl Pts',(-16.4019393904961,-25.8258841157885,5.92193870276195));
#6467=CARTESIAN_POINT('Ctrl Pts',(-16.1747179890543,-25.9753992206242,5.95456196323464));
#6468=CARTESIAN_POINT('Ctrl Pts',(-15.9409286291375,-26.1109638668434,5.99036324100521));
#6469=CARTESIAN_POINT('Ctrl Pts',(-15.8225303716625,-26.1751725921513,6.00901383684447));
#6470=CARTESIAN_POINT('Ctrl Pts',(-15.4633779747776,-26.3568922394236,6.06715229704854));
#6471=CARTESIAN_POINT('Ctrl Pts',(-15.0931275346184,-26.5059277434417,6.13137952371505));
#6472=CARTESIAN_POINT('Ctrl Pts',(-14.843289576379,-26.590387160751,6.17678409205032));
#6473=CARTESIAN_POINT('Ctrl Pts',(-14.4628682438887,-26.6932975102426,6.24690827766075));
#6474=CARTESIAN_POINT('Ctrl Pts',(-14.0788020829897,-26.7621354746382,6.3198925110043));
#6475=CARTESIAN_POINT('Ctrl Pts',(-13.9512546988446,-26.7813604475639,6.34488589172294));
#6476=CARTESIAN_POINT('Ctrl Pts',(-13.693843667744,-26.8130292351721,6.39512831702439));
#6477=CARTESIAN_POINT('Ctrl Pts',(-13.4352825060069,-26.8314499102391,6.44648494618342));
#6478=CARTESIAN_POINT('Ctrl Pts',(-13.3059107246904,-26.8375960944563,6.47228729813236));
#6479=CARTESIAN_POINT('Ctrl Pts',(-13.17629523269,-26.8411963844278,6.49805435851563));
#6480=CARTESIAN_POINT('Ctrl Pts',(-13.0465808719682,-26.8433422716481,6.52381459203318));
#6481=CARTESIAN_POINT('Ctrl Pts',(-19.4357134661095,-19.4916058625639,5.96881619813984));
#6482=CARTESIAN_POINT('Ctrl Pts',(-19.4281122539263,-19.7511249398791,5.92407239552933));
#6483=CARTESIAN_POINT('Ctrl Pts',(-19.4123626067284,-20.0102290320764,5.88121894929808));
#6484=CARTESIAN_POINT('Ctrl Pts',(-19.3870404036955,-20.270821340953,5.8405808952882));
#6485=CARTESIAN_POINT('Ctrl Pts',(-19.3161808412371,-20.7981570769931,5.7633757930415));
#6486=CARTESIAN_POINT('Ctrl Pts',(-19.2056086048856,-21.3296967033108,5.69626354412985));
#6487=CARTESIAN_POINT('Ctrl Pts',(-19.1403010607151,-21.5954277101025,5.66550175165199));
#6488=CARTESIAN_POINT('Ctrl Pts',(-18.9888261178665,-22.1251823619622,5.61025707972431));
#6489=CARTESIAN_POINT('Ctrl Pts',(-18.7940733513454,-22.6471354923134,5.56899940332175));
#6490=CARTESIAN_POINT('Ctrl Pts',(-18.6855554617077,-22.9050306861304,5.55227563762322));
#6491=CARTESIAN_POINT('Ctrl Pts',(-18.445363482017,-23.4123724102691,5.52705783611088));
#6492=CARTESIAN_POINT('Ctrl Pts',(-18.1589255110786,-23.8973366165586,5.51918262207675));
#6493=CARTESIAN_POINT('Ctrl Pts',(-18.0042605591152,-24.1327459992112,5.51992992410576));
#6494=CARTESIAN_POINT('Ctrl Pts',(-17.6724394619664,-24.5868496437023,5.53065019589638));
#6495=CARTESIAN_POINT('Ctrl Pts',(-17.2981862509061,-25.0024057514188,5.55979489783939));
#6496=CARTESIAN_POINT('Ctrl Pts',(-17.1010332260928,-25.1993189790285,5.57893481452855));
#6497=CARTESIAN_POINT('Ctrl Pts',(-16.7915201300219,-25.4767203719782,5.61408239458083));
#6498=CARTESIAN_POINT('Ctrl Pts',(-16.4634597400797,-25.725291450323,5.65819259728815));
#6499=CARTESIAN_POINT('Ctrl Pts',(-16.3521678013189,-25.8048469072883,5.67385006762066));
#6500=CARTESIAN_POINT('Ctrl Pts',(-16.1259845895206,-25.9571564421955,5.70700689336236));
#6501=CARTESIAN_POINT('Ctrl Pts',(-15.8930743162976,-26.0955504580963,5.74356099406538));
#6502=CARTESIAN_POINT('Ctrl Pts',(-15.7750819510305,-26.1611790615613,5.76263260173973));
#6503=CARTESIAN_POINT('Ctrl Pts',(-15.4168762302355,-26.3471266442966,5.82198737609299));
#6504=CARTESIAN_POINT('Ctrl Pts',(-15.0472140683348,-26.4999666584392,5.88743170280689));
#6505=CARTESIAN_POINT('Ctrl Pts',(-14.7969652959615,-26.5870081664003,5.93363713798113));
#6506=CARTESIAN_POINT('Ctrl Pts',(-14.4173063412673,-26.6943955590061,6.00566309419939));
#6507=CARTESIAN_POINT('Ctrl Pts',(-14.0331338548204,-26.7668841740744,6.08014466308139));
#6508=CARTESIAN_POINT('Ctrl Pts',(-13.9049049495369,-26.7871846835168,6.10526824794992));
#6509=CARTESIAN_POINT('Ctrl Pts',(-13.6475018263922,-26.8200761383923,6.15608861907026));
#6510=CARTESIAN_POINT('Ctrl Pts',(-13.3894006613106,-26.8389304318349,6.20802627164406));
#6511=CARTESIAN_POINT('Ctrl Pts',(-13.2603063070864,-26.8447067397428,6.23405659299544));
#6512=CARTESIAN_POINT('Ctrl Pts',(-13.1308556669399,-26.8474236196437,6.26005740193326));
#6513=CARTESIAN_POINT('Ctrl Pts',(-13.0013388481314,-26.8488758115057,6.28605492050607));
#6514=CARTESIAN_POINT('Ctrl Pts',(-19.4065465163456,-19.4777641987736,5.89581173318412));
#6515=CARTESIAN_POINT('Ctrl Pts',(-19.3982988612575,-19.7370204090917,5.85056123924111));
#6516=CARTESIAN_POINT('Ctrl Pts',(-19.3820157460832,-19.995841637915,5.80737344938143));
#6517=CARTESIAN_POINT('Ctrl Pts',(-19.3560632689861,-20.2558293758229,5.76581524119002));
#6518=CARTESIAN_POINT('Ctrl Pts',(-19.2847487966746,-20.7823376648675,5.68766113889538));
#6519=CARTESIAN_POINT('Ctrl Pts',(-19.1744712580732,-21.3132065173764,5.619429846687));
#6520=CARTESIAN_POINT('Ctrl Pts',(-19.1095368061879,-21.5786735228158,5.58815033404556));
#6521=CARTESIAN_POINT('Ctrl Pts',(-18.9590949838956,-22.1080691421255,5.53179266713141));
#6522=CARTESIAN_POINT('Ctrl Pts',(-18.7658521251251,-22.63007615944,5.48942500070617));
#6523=CARTESIAN_POINT('Ctrl Pts',(-18.6581885694825,-22.888082042108,5.47219431773629));
#6524=CARTESIAN_POINT('Ctrl Pts',(-18.4196830585244,-23.3959947563232,5.445927649276));
#6525=CARTESIAN_POINT('Ctrl Pts',(-18.1351001070984,-23.881834084318,5.4373671263041));
#6526=CARTESIAN_POINT('Ctrl Pts',(-17.9812840654541,-24.1178281019902,5.43778636170815));
#6527=CARTESIAN_POINT('Ctrl Pts',(-17.6511256125054,-24.5732412543839,5.44805648353934));
#6528=CARTESIAN_POINT('Ctrl Pts',(-17.2783113661248,-24.9903808635757,5.4770192646651));
#6529=CARTESIAN_POINT('Ctrl Pts',(-17.081802039473,-25.1881296634538,5.49612456525592));
#6530=CARTESIAN_POINT('Ctrl Pts',(-16.7731523797322,-25.4668647323551,5.53134158137495));
#6531=CARTESIAN_POINT('Ctrl Pts',(-16.4457986378821,-25.7167872678892,5.57562409423462));
#6532=CARTESIAN_POINT('Ctrl Pts',(-16.3347244097464,-25.7967912587944,5.59134673944189));
#6533=CARTESIAN_POINT('Ctrl Pts',(-16.1089334441288,-25.9500010404453,5.62464344486349));
#6534=CARTESIAN_POINT('Ctrl Pts',(-15.876363359903,-26.0893038559246,5.66140155801321));
#6535=CARTESIAN_POINT('Ctrl Pts',(-15.7585300735816,-26.1553928632935,5.68059613724016));
#6536=CARTESIAN_POINT('Ctrl Pts',(-15.4007410567901,-26.3427381218896,5.7403590874342));
#6537=CARTESIAN_POINT('Ctrl Pts',(-15.0313812064382,-26.4968831242927,5.80623785387962));
#6538=CARTESIAN_POINT('Ctrl Pts',(-14.7812082259542,-26.5846176056808,5.85263245365257));
#6539=CARTESIAN_POINT('Ctrl Pts',(-14.4017213798072,-26.6934444416992,5.92516536537));
#6540=CARTESIAN_POINT('Ctrl Pts',(-14.0173927457857,-26.7673362271495,6.00012270498814));
#6541=CARTESIAN_POINT('Ctrl Pts',(-13.889070543336,-26.7879632499652,6.0253794586574));
#6542=CARTESIAN_POINT('Ctrl Pts',(-13.6317538075619,-26.8215641060696,6.07646467609579));
#6543=CARTESIAN_POINT('Ctrl Pts',(-13.373879059753,-26.8408321572018,6.12851081485257));
#6544=CARTESIAN_POINT('Ctrl Pts',(-13.2447962115526,-26.8463313226364,6.15462021317121));
#6545=CARTESIAN_POINT('Ctrl Pts',(-13.115402425362,-26.8488002478024,6.18070175301832));
#6546=CARTESIAN_POINT('Ctrl Pts',(-12.9859584054587,-26.8500852307173,6.20678421864041));
#6547=CARTESIAN_POINT('Ctrl Pts',(-19.3454302672944,-19.4494658128621,5.75128167608734));
#6548=CARTESIAN_POINT('Ctrl Pts',(-19.3357893526094,-19.7081763318768,5.70491057263791));
#6549=CARTESIAN_POINT('Ctrl Pts',(-19.3180602358926,-19.9663026844777,5.66030448326972));
#6550=CARTESIAN_POINT('Ctrl Pts',(-19.2912362210077,-20.2252455546167,5.61807516787053));
#6551=CARTESIAN_POINT('Ctrl Pts',(-19.2188217259957,-20.7499589205578,5.53783151673081));
#6552=CARTESIAN_POINT('Ctrl Pts',(-19.109242727631,-21.2794118514882,5.46753441011683));
#6553=CARTESIAN_POINT('Ctrl Pts',(-19.0450432490865,-21.5442627528351,5.43511982534447));
#6554=CARTESIAN_POINT('Ctrl Pts',(-18.896749002934,-22.0728012825489,5.37644165573616));
#6555=CARTESIAN_POINT('Ctrl Pts',(-18.7066429268025,-22.5947723953415,5.33171815746636));
#6556=CARTESIAN_POINT('Ctrl Pts',(-18.6007007158301,-22.852984622232,5.3133488568811));
#6557=CARTESIAN_POINT('Ctrl Pts',(-18.3657763582335,-23.3618111935526,5.28494063163925));
#6558=CARTESIAN_POINT('Ctrl Pts',(-18.0849640450097,-23.849321582001,5.27480366093475));
#6559=CARTESIAN_POINT('Ctrl Pts',(-17.9329404274534,-24.0864168245579,5.27450377474266));
#6560=CARTESIAN_POINT('Ctrl Pts',(-17.6062493001682,-24.5443144658264,5.28372266573164));
#6561=CARTESIAN_POINT('Ctrl Pts',(-17.2364616150262,-24.964505686462,5.31219828796404));
#6562=CARTESIAN_POINT('Ctrl Pts',(-17.0413290004788,-25.1638720091445,5.3311729327075));
#6563=CARTESIAN_POINT('Ctrl Pts',(-16.734534021395,-25.4451644445879,5.36642038956964));
#6564=CARTESIAN_POINT('Ctrl Pts',(-16.4087374136973,-25.6977257498957,5.41098025878578));
#6565=CARTESIAN_POINT('Ctrl Pts',(-16.2981492174508,-25.7786122414159,5.42681678645577));
#6566=CARTESIAN_POINT('Ctrl Pts',(-16.0732478569109,-25.9335853060228,5.46036087198138));
#6567=CARTESIAN_POINT('Ctrl Pts',(-15.841456028552,-26.0746471801907,5.49746065513338));
#6568=CARTESIAN_POINT('Ctrl Pts',(-15.7239861521492,-26.1416185556982,5.51685547491626));
#6569=CARTESIAN_POINT('Ctrl Pts',(-15.3671865809748,-26.3316581519114,5.57732129483142));
#6570=CARTESIAN_POINT('Ctrl Pts',(-14.9985496633106,-26.4884766091873,5.64404199771995));
#6571=CARTESIAN_POINT('Ctrl Pts',(-14.7487616563841,-26.577618585944,5.69083818620924));
#6572=CARTESIAN_POINT('Ctrl Pts',(-14.36962176085,-26.6890376756579,5.76411965933134));
#6573=CARTESIAN_POINT('Ctrl Pts',(-13.9853530707413,-26.7657112108784,5.84004081681456));
#6574=CARTESIAN_POINT('Ctrl Pts',(-13.8569521540908,-26.787112959676,5.86558880789918));
#6575=CARTESIAN_POINT('Ctrl Pts',(-13.5998634081889,-26.8225338164747,5.91714196356776));
#6576=CARTESIAN_POINT('Ctrl Pts',(-13.3422286875541,-26.8426150143316,5.9694163023674));
#6577=CARTESIAN_POINT('Ctrl Pts',(-13.213193013178,-26.8478564311338,5.99567328507707));
#6578=CARTESIAN_POINT('Ctrl Pts',(-13.0839443143025,-26.8501228618965,6.02194362055222));
#6579=CARTESIAN_POINT('Ctrl Pts',(-12.9546698079194,-26.8512965055218,6.04822030308364));
#6580=CARTESIAN_POINT('Ctrl Pts',(-19.2789164266937,-19.4199478307179,5.60996725521604));
#6581=CARTESIAN_POINT('Ctrl Pts',(-19.2678786440292,-19.6781365892111,5.56271889140513));
#6582=CARTESIAN_POINT('Ctrl Pts',(-19.2488545747037,-19.9356910863055,5.51729903729137));
#6583=CARTESIAN_POINT('Ctrl Pts',(-19.2207060860588,-20.1934420588127,5.47390177809419));
#6584=CARTESIAN_POINT('Ctrl Pts',(-19.1469918624113,-20.7162012237783,5.39154959627071));
#6585=CARTESIAN_POINT('Ctrl Pts',(-19.0382056040104,-21.2440347308356,5.31927507323249));
#6586=CARTESIAN_POINT('Ctrl Pts',(-18.9747806459211,-21.5081267917119,5.28562439594762));
#6587=CARTESIAN_POINT('Ctrl Pts',(-18.8288042366499,-22.0355440471826,5.22443226046456));
#6588=CARTESIAN_POINT('Ctrl Pts',(-18.6420486405029,-22.5571919212418,5.17708753769416));
#6589=CARTESIAN_POINT('Ctrl Pts',(-18.5379136245934,-22.8155165715369,5.15738591857797));
#6590=CARTESIAN_POINT('Ctrl Pts',(-18.3068820731591,-23.3249041841532,5.12663063183871));
#6591=CARTESIAN_POINT('Ctrl Pts',(-18.0300084284256,-23.8138995406457,5.11454573136231));
#6592=CARTESIAN_POINT('Ctrl Pts',(-17.8799353803748,-24.0519455492747,5.11341353591291));
#6593=CARTESIAN_POINT('Ctrl Pts',(-17.5569754054248,-24.512073208255,5.12128621117657));
#6594=CARTESIAN_POINT('Ctrl Pts',(-17.1905076024663,-24.9350726972658,5.14901566577815));
#6595=CARTESIAN_POINT('Ctrl Pts',(-16.9969127632173,-25.135948793308,5.16775582651405));
#6596=CARTESIAN_POINT('Ctrl Pts',(-16.6922197077417,-25.4195946674201,5.20284238619412));
#6597=CARTESIAN_POINT('Ctrl Pts',(-16.3682486554363,-25.6746382197455,5.24751644068147));
#6598=CARTESIAN_POINT('Ctrl Pts',(-16.2582396875234,-25.7563634200408,5.26342077612933));
#6599=CARTESIAN_POINT('Ctrl Pts',(-16.0344312277292,-25.9130127934391,5.29714328774227));
#6600=CARTESIAN_POINT('Ctrl Pts',(-15.8036152116171,-26.0557413623367,5.33448976566011));
#6601=CARTESIAN_POINT('Ctrl Pts',(-15.6866002457302,-26.1235412254298,5.35401876435947));
#6602=CARTESIAN_POINT('Ctrl Pts',(-15.3310914959097,-26.316090756592,5.41497625792659));
#6603=CARTESIAN_POINT('Ctrl Pts',(-14.9634943017861,-26.4755071816057,5.4824046367523));
#6604=CARTESIAN_POINT('Ctrl Pts',(-14.7143777843869,-26.5662274882895,5.52965902675768));
#6605=CARTESIAN_POINT('Ctrl Pts',(-14.3358316529747,-26.679925528091,5.60342482948042));
#6606=CARTESIAN_POINT('Ctrl Pts',(-13.9522040500513,-26.7591205309142,5.68011880268244));
#6607=CARTESIAN_POINT('Ctrl Pts',(-13.8239938668599,-26.7813840741463,5.70594017975141));
#6608=CARTESIAN_POINT('Ctrl Pts',(-13.5671735350332,-26.8187673780496,5.75787515156668));
#6609=CARTESIAN_POINT('Ctrl Pts',(-13.3096206240982,-26.8402308981829,5.81037659199112));
#6610=CARTESIAN_POINT('Ctrl Pts',(-13.1806633103011,-26.8459087566159,5.83679557491801));
#6611=CARTESIAN_POINT('Ctrl Pts',(-13.0515850155052,-26.8485977038079,5.8632787572729));
#6612=CARTESIAN_POINT('Ctrl Pts',(-12.9224936339374,-26.8501003782207,5.88977404408651));
#6613=CARTESIAN_POINT('Ctrl Pts',(-19.2443415974594,-19.4048801918861,5.54015353559788));
#6614=CARTESIAN_POINT('Ctrl Pts',(-19.2326164302508,-19.6628067286285,5.49255164537535));
#6615=CARTESIAN_POINT('Ctrl Pts',(-19.2130136830814,-19.9200785104958,5.44692983372788));
#6616=CARTESIAN_POINT('Ctrl Pts',(-19.1840124911981,-20.1772183497433,5.40267288334653));
#6617=CARTESIAN_POINT('Ctrl Pts',(-19.1096736890636,-20.6990136744609,5.31940892298044));
#6618=CARTESIAN_POINT('Ctrl Pts',(-19.0012489404529,-21.2259511428872,5.2460538778066));
#6619=CARTESIAN_POINT('Ctrl Pts',(-18.9382483848385,-21.4896461061481,5.21180527683015));
#6620=CARTESIAN_POINT('Ctrl Pts',(-18.7934732296461,-22.0164411318935,5.14931052561322));
#6621=CARTESIAN_POINT('Ctrl Pts',(-18.6084424800314,-22.5378566324598,5.10058956353132));
#6622=CARTESIAN_POINT('Ctrl Pts',(-18.505245935919,-22.7961976658297,5.08018682470328));
#6623=CARTESIAN_POINT('Ctrl Pts',(-18.276216855435,-23.3058015754685,5.04817899367438));
#6624=CARTESIAN_POINT('Ctrl Pts',(-18.0013624192999,-23.795490452511,5.03503278199586));
#6625=CARTESIAN_POINT('Ctrl Pts',(-17.8522980519559,-24.0339682633493,5.03346201592344));
#6626=CARTESIAN_POINT('Ctrl Pts',(-17.5312650683265,-24.4951508062908,5.04058861642696));
#6627=CARTESIAN_POINT('Ctrl Pts',(-17.1665275683587,-24.9194895273168,5.06787905353235));
#6628=CARTESIAN_POINT('Ctrl Pts',(-16.9737382769946,-25.1210938673976,5.08648130583026));
#6629=CARTESIAN_POINT('Ctrl Pts',(-16.6701559339949,-25.405868217309,5.12144432922981));
#6630=CARTESIAN_POINT('Ctrl Pts',(-16.3471602506351,-25.662107497914,5.16612757062133));
#6631=CARTESIAN_POINT('Ctrl Pts',(-16.2374622903144,-25.7442378687309,5.18205130375382));
#6632=CARTESIAN_POINT('Ctrl Pts',(-16.0142501785343,-25.9017014852626,5.215846672942));
#6633=CARTESIAN_POINT('Ctrl Pts',(-15.7839718222586,-26.0452461803819,5.25330234405622));
#6634=CARTESIAN_POINT('Ctrl Pts',(-15.6672068951516,-26.1134519294566,5.27288708797738));
#6635=CARTESIAN_POINT('Ctrl Pts',(-15.3124129787296,-26.3072127004945,5.3340363128318));
#6636=CARTESIAN_POINT('Ctrl Pts',(-14.945430463835,-26.4678625735339,5.40176537470918));
#6637=CARTESIAN_POINT('Ctrl Pts',(-14.6966756294661,-26.5594543985979,5.44927166112224));
#6638=CARTESIAN_POINT('Ctrl Pts',(-14.3185238039441,-26.6742808080101,5.52326699156703));
#6639=CARTESIAN_POINT('Ctrl Pts',(-13.9353852490625,-26.7545970991586,5.60026633023803));
#6640=CARTESIAN_POINT('Ctrl Pts',(-13.8073240642136,-26.7772689643011,5.62619447065385));
#6641=CARTESIAN_POINT('Ctrl Pts',(-13.5506597054393,-26.8155836761163,5.67829014399801));
#6642=CARTESIAN_POINT('Ctrl Pts',(-13.2931381484072,-26.8379532865548,5.7309221524662));
#6643=CARTESIAN_POINT('Ctrl Pts',(-13.1642263402639,-26.8440546952556,5.75742621253072));
#6644=CARTESIAN_POINT('Ctrl Pts',(-13.0352304563928,-26.8471238753135,5.78401487571554));
#6645=CARTESIAN_POINT('Ctrl Pts',(-12.906225659995,-26.8489023174718,5.81061987499995));
#6646=CARTESIAN_POINT('Ctrl Pts',(-19.1725490901921,-19.3741104891757,5.40213737012475));
#6647=CARTESIAN_POINT('Ctrl Pts',(-19.1593471847845,-19.6314633514735,5.35373896994566));
#6648=CARTESIAN_POINT('Ctrl Pts',(-19.1382813823809,-19.8880181426973,5.30721389286056));
#6649=CARTESIAN_POINT('Ctrl Pts',(-19.1078492730623,-20.144184201267,5.26205803910937));
#6650=CARTESIAN_POINT('Ctrl Pts',(-19.0322461484362,-20.664042878199,5.17718103835283));
#6651=CARTESIAN_POINT('Ctrl Pts',(-18.9245578676259,-21.189066468505,5.10159252308138));
#6652=CARTESIAN_POINT('Ctrl Pts',(-18.8624597653067,-21.4519068057632,5.06612093329905));
#6653=CARTESIAN_POINT('Ctrl Pts',(-18.7201787501003,-21.977324499366,5.00090847345955));
#6654=CARTESIAN_POINT('Ctrl Pts',(-18.5387137744413,-22.4981442436203,4.94929300570112));
#6655=CARTESIAN_POINT('Ctrl Pts',(-18.437455646092,-22.756434285139,4.92744030996763));
#6656=CARTESIAN_POINT('Ctrl Pts',(-18.2125199233795,-23.2663801263903,4.89272965049365));
#6657=CARTESIAN_POINT('Ctrl Pts',(-17.9418233633427,-23.7573060987435,4.87733865173736));
#6658=CARTESIAN_POINT('Ctrl Pts',(-17.7948244353207,-23.9965916186677,4.87481244989338));
#6659=CARTESIAN_POINT('Ctrl Pts',(-17.4777538971375,-24.4597559578953,4.88032014862248));
#6660=CARTESIAN_POINT('Ctrl Pts',(-17.1166113742114,-24.8866440556326,4.90660945094659));
#6661=CARTESIAN_POINT('Ctrl Pts',(-16.9255006701147,-25.0896333214864,4.92488009886576));
#6662=CARTESIAN_POINT('Ctrl Pts',(-16.6242531119643,-25.3765881659734,4.95951888879237));
#6663=CARTESIAN_POINT('Ctrl Pts',(-16.3033329206288,-25.6351276486622,5.00414217279859));
#6664=CARTESIAN_POINT('Ctrl Pts',(-16.1942996740489,-25.7180327005076,5.02007940139706));
#6665=CARTESIAN_POINT('Ctrl Pts',(-15.9723673108489,-25.8770626943659,5.05396775414703));
#6666=CARTESIAN_POINT('Ctrl Pts',(-15.7432509041016,-26.0222006694855,5.09159730535392));
#6667=CARTESIAN_POINT('Ctrl Pts',(-15.6270299808332,-26.0912057269971,5.11127730654679));
#6668=CARTESIAN_POINT('Ctrl Pts',(-15.273819289873,-26.2873281974488,5.17276597353784));
#6669=CARTESIAN_POINT('Ctrl Pts',(-14.9082697275547,-26.4503067998069,5.24102077439196));
#6670=CARTESIAN_POINT('Ctrl Pts',(-14.6602227105949,-26.5436802606535,5.28893657318923));
#6671=CARTESIAN_POINT('Ctrl Pts',(-14.2831299797246,-26.6608064026343,5.36343582851802));
#6672=CARTESIAN_POINT('Ctrl Pts',(-13.9012131144546,-26.743175187322,5.4409448175269));
#6673=CARTESIAN_POINT('Ctrl Pts',(-13.7735147634454,-26.766581960823,5.46703824256953));
#6674=CARTESIAN_POINT('Ctrl Pts',(-13.5172709779208,-26.8065884473227,5.51942577751705));
#6675=CARTESIAN_POINT('Ctrl Pts',(-13.2598766675407,-26.8309144565881,5.5723438447851));
#6676=CARTESIAN_POINT('Ctrl Pts',(-13.1310568722185,-26.8381748424674,5.59900384196083));
#6677=CARTESIAN_POINT('Ctrl Pts',(-13.0022066911052,-26.8423013164749,5.62577817186465));
#6678=CARTESIAN_POINT('Ctrl Pts',(-12.8733558056014,-26.8448839087671,5.65258107082015));
#6679=CARTESIAN_POINT('Ctrl Pts',(-19.0956223247723,-19.3421423533591,5.26752228257102));
#6680=CARTESIAN_POINT('Ctrl Pts',(-19.0808667554027,-19.5989228219168,5.21840510488766));
#6681=CARTESIAN_POINT('Ctrl Pts',(-19.0582242543863,-19.8547926035775,5.1709603041475));
#6682=CARTESIAN_POINT('Ctrl Pts',(-19.026339115327,-20.1100916131465,5.1254068269085));
#6683=CARTESIAN_POINT('Ctrl Pts',(-18.9493332286695,-20.6279171609037,5.03911640682883));
#6684=CARTESIAN_POINT('Ctrl Pts',(-18.8425110948839,-21.1508545311553,4.96129747073745));
#6685=CARTESIAN_POINT('Ctrl Pts',(-18.7813879790893,-21.4127170165963,4.92452769247159));
#6686=CARTESIAN_POINT('Ctrl Pts',(-18.6418045165105,-21.9364952284033,4.85635493353029));
#6687=CARTESIAN_POINT('Ctrl Pts',(-18.4641398861114,-22.456453201135,4.80151515303841));
#6688=CARTESIAN_POINT('Ctrl Pts',(-18.3649296706182,-22.7145621497135,4.7780767667947));
#6689=CARTESIAN_POINT('Ctrl Pts',(-18.1442566875785,-23.2246173421414,4.7403397005536));
#6690=CARTESIAN_POINT('Ctrl Pts',(-17.8779417675244,-23.7165102841816,4.72243081133188));
#6691=CARTESIAN_POINT('Ctrl Pts',(-17.7330886078661,-23.9564869451716,4.71880379622931));
#6692=CARTESIAN_POINT('Ctrl Pts',(-17.4201957639987,-24.4213829065411,4.72243995285807));
#6693=CARTESIAN_POINT('Ctrl Pts',(-17.0628842629997,-24.8505593616091,4.74750216298676));
#6694=CARTESIAN_POINT('Ctrl Pts',(-16.8735793918225,-25.0547954408201,4.76532555251021));
#6695=CARTESIAN_POINT('Ctrl Pts',(-16.574880376217,-25.3437574385225,4.79949453970366));
#6696=CARTESIAN_POINT('Ctrl Pts',(-16.2562766238364,-25.6044114158601,4.84392793129241));
#6697=CARTESIAN_POINT('Ctrl Pts',(-16.1479890336806,-25.6880263366605,4.85983228141125));
#6698=CARTESIAN_POINT('Ctrl Pts',(-15.9274966710076,-25.848504760157,4.89370426839477));
#6699=CARTESIAN_POINT('Ctrl Pts',(-15.6997156488997,-25.9951336875483,4.93141555550709));
#6700=CARTESIAN_POINT('Ctrl Pts',(-15.5841372634967,-26.0648908031988,4.95116281086798));
#6701=CARTESIAN_POINT('Ctrl Pts',(-15.2328179770855,-26.263238500535,5.01291339247968));
#6702=CARTESIAN_POINT('Ctrl Pts',(-14.8689996768484,-26.4283970641368,5.08153871436953));
#6703=CARTESIAN_POINT('Ctrl Pts',(-14.6218100908386,-26.5234290778924,5.12970944283496));
#6704=CARTESIAN_POINT('Ctrl Pts',(-14.2463295085928,-26.6427995337787,5.20474205707248));
#6705=CARTESIAN_POINT('Ctrl Pts',(-13.8658602578589,-26.7271880203756,5.28260445118585));
#6706=CARTESIAN_POINT('Ctrl Pts',(-13.738570140762,-26.7513085992245,5.30879301797097));
#6707=CARTESIAN_POINT('Ctrl Pts',(-13.482910466533,-26.7927941751681,5.36141168144506));
#6708=CARTESIAN_POINT('Ctrl Pts',(-13.2258295674353,-26.8191889912871,5.41460543454186));
#6709=CARTESIAN_POINT('Ctrl Pts',(-13.097141470618,-26.8279442892387,5.44138773820431));
#6710=CARTESIAN_POINT('Ctrl Pts',(-12.9684322939282,-26.833525948286,5.46829513297896));
#6711=CARTESIAN_POINT('Ctrl Pts',(-12.8397215520007,-26.8373085283279,5.4952460836995));
#6712=CARTESIAN_POINT('Ctrl Pts',(-19.0559110381574,-19.3258741847301,5.20110398788245));
#6713=CARTESIAN_POINT('Ctrl Pts',(-19.0403821755161,-19.5823870605136,5.15169031460307));
#6714=CARTESIAN_POINT('Ctrl Pts',(-19.017000857473,-19.8379743483503,5.10392078468025));
#6715=CARTESIAN_POINT('Ctrl Pts',(-18.9842838502995,-20.0927976978286,5.0581075486551));
#6716=CARTESIAN_POINT('Ctrl Pts',(-18.9065544567418,-20.6095759360054,4.9711598471863));
#6717=CARTESIAN_POINT('Ctrl Pts',(-18.8001861120651,-21.1314397040293,4.89221666579736));
#6718=CARTESIAN_POINT('Ctrl Pts',(-18.7395718018803,-21.392785655646,4.85479996562433));
#6719=CARTESIAN_POINT('Ctrl Pts',(-18.6013915429744,-21.9156821044025,4.78508703021464));
#6720=CARTESIAN_POINT('Ctrl Pts',(-18.425689390388,-22.4351381107088,4.72853358713626));
#6721=CARTESIAN_POINT('Ctrl Pts',(-18.3275265025662,-22.6931332534734,4.70426111679348));
#6722=CARTESIAN_POINT('Ctrl Pts',(-18.1090248274012,-23.2031739408256,4.66494774787185));
#6723=CARTESIAN_POINT('Ctrl Pts',(-17.8449536024247,-23.6954906520497,4.64570330568389));
#6724=CARTESIAN_POINT('Ctrl Pts',(-17.7011898660929,-23.935782060441,4.64149249883604));
#6725=CARTESIAN_POINT('Ctrl Pts',(-17.3904397072284,-24.4014834566256,4.64413037680647));
#6726=CARTESIAN_POINT('Ctrl Pts',(-17.0350920272796,-24.8317359359174,4.66852851563333));
#6727=CARTESIAN_POINT('Ctrl Pts',(-16.8467207435845,-25.0365625882872,4.6860969890344));
#6728=CARTESIAN_POINT('Ctrl Pts',(-16.5493464114262,-25.3264804118518,4.7199976467402));
#6729=CARTESIAN_POINT('Ctrl Pts',(-16.2319595046798,-25.5881444781632,4.76431077540857));
#6730=CARTESIAN_POINT('Ctrl Pts',(-16.1240638343668,-25.6720996394854,4.78018798871784));
#6731=CARTESIAN_POINT('Ctrl Pts',(-15.9043273704123,-25.8332742745716,4.81402191389457));
#6732=CARTESIAN_POINT('Ctrl Pts',(-15.6772574654922,-25.9806171918401,4.85175015682729));
#6733=CARTESIAN_POINT('Ctrl Pts',(-15.5620281478202,-26.0507329838887,4.87152611724459));
#6734=CARTESIAN_POINT('Ctrl Pts',(-15.2117334845544,-26.2501561271654,4.93339466489988));
#6735=CARTESIAN_POINT('Ctrl Pts',(-14.8488280937808,-26.4163986466005,5.0021631537349));
#6736=CARTESIAN_POINT('Ctrl Pts',(-14.6021510935669,-26.5121758436445,5.0504282059768));
#6737=CARTESIAN_POINT('Ctrl Pts',(-14.2276176750723,-26.6326261187561,5.12572394545052));
#6738=CARTESIAN_POINT('Ctrl Pts',(-13.8478577813739,-26.7181079834555,5.20373402415036));
#6739=CARTESIAN_POINT('Ctrl Pts',(-13.7207609704477,-26.7426153283064,5.22995935906157));
#6740=CARTESIAN_POINT('Ctrl Pts',(-13.465425826067,-26.7848226899937,5.28267870924556));
#6741=CARTESIAN_POINT('Ctrl Pts',(-13.2085657793347,-26.8122304467761,5.33599320089796));
#6742=CARTESIAN_POINT('Ctrl Pts',(-13.0799616523898,-26.8217415933842,5.36282676826655));
#6743=CARTESIAN_POINT('Ctrl Pts',(-12.951329377498,-26.8280980060752,5.3897866125997));
#6744=CARTESIAN_POINT('Ctrl Pts',(-12.8226908488858,-26.832551484615,5.4167969929781));
#6745=CARTESIAN_POINT('Ctrl Pts',(-18.9740461143909,-19.2927790780218,5.07009430418239));
#6746=CARTESIAN_POINT('Ctrl Pts',(-18.9569703947251,-19.5487729671686,5.02021264758138));
#6747=CARTESIAN_POINT('Ctrl Pts',(-18.9321379361071,-19.8038172306028,4.97193343325475));
#6748=CARTESIAN_POINT('Ctrl Pts',(-18.8977318531911,-20.0577048603429,4.92565759087444));
#6749=CARTESIAN_POINT('Ctrl Pts',(-18.8183561370285,-20.5723874559653,4.83735506880446));
#6750=CARTESIAN_POINT('Ctrl Pts',(-18.7131208238674,-21.0920242378165,4.75636158131154));
#6751=CARTESIAN_POINT('Ctrl Pts',(-18.6535211394947,-21.3522741606683,4.71747442245693));
#6752=CARTESIAN_POINT('Ctrl Pts',(-18.5182291381431,-21.87330334909,4.64460934567781));
#6753=CARTESIAN_POINT('Ctrl Pts',(-18.3465309260122,-22.3916412796932,4.58447735729535));
#6754=CARTESIAN_POINT('Ctrl Pts',(-18.2505352821108,-22.6493358895965,4.55841526311315));
#6755=CARTESIAN_POINT('Ctrl Pts',(-18.0364633956756,-23.1592209629188,4.5158070156006));
#6756=CARTESIAN_POINT('Ctrl Pts',(-17.7769596169866,-23.6522849051613,4.4937441231255));
#6757=CARTESIAN_POINT('Ctrl Pts',(-17.635420569701,-23.8931381645041,4.48830735442059));
#6758=CARTESIAN_POINT('Ctrl Pts',(-17.3290300438908,-24.360317870211,4.48883356391458));
#6759=CARTESIAN_POINT('Ctrl Pts',(-16.9777068699349,-24.7925890505653,4.51180972457487));
#6760=CARTESIAN_POINT('Ctrl Pts',(-16.7912581301469,-24.9985401367194,4.52880937961323));
#6761=CARTESIAN_POINT('Ctrl Pts',(-16.4966344963595,-25.2902574853545,4.56212357607578));
#6762=CARTESIAN_POINT('Ctrl Pts',(-16.1817819759247,-25.553851998906,4.60612945880973));
#6763=CARTESIAN_POINT('Ctrl Pts',(-16.0747026414052,-25.638464646011,4.62192474775607));
#6764=CARTESIAN_POINT('Ctrl Pts',(-15.856555387605,-25.8009744265634,4.65564488183512));
#6765=CARTESIAN_POINT('Ctrl Pts',(-15.6310068928866,-25.9496703506484,4.69338506802006));
#6766=CARTESIAN_POINT('Ctrl Pts',(-15.5165296010431,-26.0204645498266,4.71320449948896));
#6767=CARTESIAN_POINT('Ctrl Pts',(-15.1683940863609,-26.2219750386892,4.77522145796924));
#6768=CARTESIAN_POINT('Ctrl Pts',(-14.807392711239,-26.3903851159282,4.84418466539801));
#6769=CARTESIAN_POINT('Ctrl Pts',(-14.5620738144017,-26.4874373822437,4.89272306143757));
#6770=CARTESIAN_POINT('Ctrl Pts',(-14.1895337936887,-26.609974688523,4.96843480795978));
#6771=CARTESIAN_POINT('Ctrl Pts',(-13.8111207667357,-26.6978477868697,5.04665557020915));
#6772=CARTESIAN_POINT('Ctrl Pts',(-13.6843990478881,-26.7232125674398,5.0729357504994));
#6773=CARTESIAN_POINT('Ctrl Pts',(-13.4297517963092,-26.7669850392631,5.12581208197482));
#6774=CARTESIAN_POINT('Ctrl Pts',(-13.1734292107399,-26.7964541860406,5.17931866429946));
#6775=CARTESIAN_POINT('Ctrl Pts',(-13.0450390484599,-26.8074283941515,5.20623510384126));
#6776=CARTESIAN_POINT('Ctrl Pts',(-12.9165899610435,-26.8153339877873,5.23327750100457));
#6777=CARTESIAN_POINT('Ctrl Pts',(-12.788115609662,-26.8211832306215,5.26038231672854));
#6778=CARTESIAN_POINT('Ctrl Pts',(-18.8873761212682,-19.2585855301436,4.9427325308159));
#6779=CARTESIAN_POINT('Ctrl Pts',(-18.868708965159,-19.5140749584099,4.89260078423345));
#6780=CARTESIAN_POINT('Ctrl Pts',(-18.8424483719266,-19.7685859596552,4.8440335404796));
#6781=CARTESIAN_POINT('Ctrl Pts',(-18.8061627412032,-20.0217282302936,4.79749305035372));
#6782=CARTESIAN_POINT('Ctrl Pts',(-18.7250890472126,-20.5343851887288,4.70826040126007));
#6783=CARTESIAN_POINT('Ctrl Pts',(-18.6212178528899,-21.0515837863733,4.62513771086761));
#6784=CARTESIAN_POINT('Ctrl Pts',(-18.5627867017943,-21.3105979967216,4.58461529545853));
#6785=CARTESIAN_POINT('Ctrl Pts',(-18.4306468291967,-21.8294960526216,4.50825642725925));
#6786=CARTESIAN_POINT('Ctrl Pts',(-18.2631076166691,-22.3465083018155,4.44425390638124));
#6787=CARTESIAN_POINT('Ctrl Pts',(-18.1693705018897,-22.6037672233553,4.41623553094542));
#6788=CARTESIAN_POINT('Ctrl Pts',(-17.9599148968665,-23.1132785919676,4.36998017308965));
#6789=CARTESIAN_POINT('Ctrl Pts',(-17.7050853675004,-23.6068539136735,4.34486747757244));
#6790=CARTESIAN_POINT('Ctrl Pts',(-17.5658567076522,-23.8481529905699,4.33808124788887));
#6791=CARTESIAN_POINT('Ctrl Pts',(-17.263960063707,-24.3165525248916,4.33628370328053));
#6792=CARTESIAN_POINT('Ctrl Pts',(-16.9168523980563,-24.7505847482393,4.35765926971081));
#6793=CARTESIAN_POINT('Ctrl Pts',(-16.7324301146471,-24.9575302454293,4.37401204235712));
#6794=CARTESIAN_POINT('Ctrl Pts',(-16.4407275084805,-25.2508374500502,4.40661937996879));
#6795=CARTESIAN_POINT('Ctrl Pts',(-16.1285967757009,-25.5161759235883,4.45018847197625));
#6796=CARTESIAN_POINT('Ctrl Pts',(-16.022403844141,-25.6013875350733,4.46586548362741));
#6797=CARTESIAN_POINT('Ctrl Pts',(-15.8060060813067,-25.7651008580744,4.49942576505426));
#6798=CARTESIAN_POINT('Ctrl Pts',(-15.5821470109452,-25.9150208244698,4.53711783625321));
#6799=CARTESIAN_POINT('Ctrl Pts',(-15.4684961477784,-25.9864392776751,4.55692552224327));
#6800=CARTESIAN_POINT('Ctrl Pts',(-15.1227240801361,-26.1899013987861,4.61891715979373));
#6801=CARTESIAN_POINT('Ctrl Pts',(-14.7639381035276,-26.3603251079262,4.68802849475271));
#6802=CARTESIAN_POINT('Ctrl Pts',(-14.5203955088997,-26.4584482136623,4.73689247256733));
#6803=CARTESIAN_POINT('Ctrl Pts',(-14.1498817618271,-26.5830416197688,4.81273559190785));
#6804=CARTESIAN_POINT('Ctrl Pts',(-13.7727957598527,-26.673564588178,4.8909903677362));
#6805=CARTESIAN_POINT('Ctrl Pts',(-13.6464625373181,-26.6998998113783,4.91728252506168));
#6806=CARTESIAN_POINT('Ctrl Pts',(-13.3925870606865,-26.7454931768736,4.97021865621855));
#6807=CARTESIAN_POINT('Ctrl Pts',(-13.1369466002237,-26.7771643386181,5.02381540197939));
#6808=CARTESIAN_POINT('Ctrl Pts',(-13.0088495165837,-26.7895323852716,5.05077159889184));
#6809=CARTESIAN_POINT('Ctrl Pts',(-12.8806441151947,-26.7989606960572,5.07785241764894));
#6810=CARTESIAN_POINT('Ctrl Pts',(-12.752381042836,-26.8062600405276,5.10500509094423));
#6811=CARTESIAN_POINT('Ctrl Pts',(-18.8428615782654,-19.2412192441769,4.87996394818499));
#6812=CARTESIAN_POINT('Ctrl Pts',(-18.8233782672235,-19.4964559852662,4.82975585322217));
#6813=CARTESIAN_POINT('Ctrl Pts',(-18.7964022126485,-19.7506936255554,4.78108595102381));
#6814=CARTESIAN_POINT('Ctrl Pts',(-18.7590299704118,-20.0035486625784,4.73445828383747));
#6815=CARTESIAN_POINT('Ctrl Pts',(-18.6772753267976,-20.5152633614511,4.64506973377542));
#6816=CARTESIAN_POINT('Ctrl Pts',(-18.5740014617266,-21.0311220682886,4.56066328185944));
#6817=CARTESIAN_POINT('Ctrl Pts',(-18.5162761691344,-21.2895088044891,4.51937253415313));
#6818=CARTESIAN_POINT('Ctrl Pts',(-18.3858222327968,-21.8072492178993,4.44110021142367));
#6819=CARTESIAN_POINT('Ctrl Pts',(-18.2203903116772,-22.3235585388514,4.37510819871912));
#6820=CARTESIAN_POINT('Ctrl Pts',(-18.1277997564527,-22.580570679983,4.34608136386036));
#6821=CARTESIAN_POINT('Ctrl Pts',(-17.9206921612334,-23.0898429357619,4.29790567930584));
#6822=CARTESIAN_POINT('Ctrl Pts',(-17.6682154857386,-23.5836094822382,4.27122216064714));
#6823=CARTESIAN_POINT('Ctrl Pts',(-17.5301628229171,-23.8251065144987,4.26372908010601));
#6824=CARTESIAN_POINT('Ctrl Pts',(-17.2305450466647,-24.2940541765247,4.26072032955457));
#6825=CARTESIAN_POINT('Ctrl Pts',(-16.8855900158614,-24.7289033044815,4.28125470606024));
#6826=CARTESIAN_POINT('Ctrl Pts',(-16.7022070238166,-24.93631012958,4.2972752688831));
#6827=CARTESIAN_POINT('Ctrl Pts',(-16.4119983967669,-25.2303632390359,4.32949224685316));
#6828=CARTESIAN_POINT('Ctrl Pts',(-16.1012714520069,-25.4965253429816,4.3728108164295));
#6829=CARTESIAN_POINT('Ctrl Pts',(-15.9955408592592,-25.5820186200826,4.38842492600576));
#6830=CARTESIAN_POINT('Ctrl Pts',(-15.7800603142968,-25.74629624174,4.42190315908757));
#6831=CARTESIAN_POINT('Ctrl Pts',(-15.5570801662288,-25.8968013710563,4.45955164896871));
#6832=CARTESIAN_POINT('Ctrl Pts',(-15.4438515167137,-25.9685251904072,4.47933074592044));
#6833=CARTESIAN_POINT('Ctrl Pts',(-15.0993061586681,-26.1729283304476,4.54126260786225));
#6834=CARTESIAN_POINT('Ctrl Pts',(-14.7417492567781,-26.3442792713615,4.6104773821201));
#6835=CARTESIAN_POINT('Ctrl Pts',(-14.4991370769835,-26.4429465153196,4.65948691508213));
#6836=CARTESIAN_POINT('Ctrl Pts',(-14.1296051439771,-26.5685840442604,4.73530791375557));
#6837=CARTESIAN_POINT('Ctrl Pts',(-13.7532044791354,-26.6604660443696,4.81353305621634));
#6838=CARTESIAN_POINT('Ctrl Pts',(-13.627076723287,-26.687303284313,4.83981923259434));
#6839=CARTESIAN_POINT('Ctrl Pts',(-13.3736085627598,-26.733878401365,4.89275837320677));
#6840=CARTESIAN_POINT('Ctrl Pts',(-13.1183342844517,-26.7667025205936,4.9463733930627));
#6841=CARTESIAN_POINT('Ctrl Pts',(-12.9904007424173,-26.7797545461121,4.97333801859371));
#6842=CARTESIAN_POINT('Ctrl Pts',(-12.8623333547921,-26.7899281346555,5.00042750702316));
#6843=CARTESIAN_POINT('Ctrl Pts',(-12.7341900210138,-26.7979504322692,5.02759327480327));
#6844=CARTESIAN_POINT('Ctrl Pts',(-18.7058492021117,-19.1883547689008,4.69438671827442));
#6845=CARTESIAN_POINT('Ctrl Pts',(-18.6838092124012,-19.4428514604895,4.64410074101476));
#6846=CARTESIAN_POINT('Ctrl Pts',(-18.6545971209678,-19.6962759069728,4.59520201381548));
#6847=CARTESIAN_POINT('Ctrl Pts',(-18.6144235625162,-19.9483523733516,4.54864881997502));
#6848=CARTESIAN_POINT('Ctrl Pts',(-18.5304983040687,-20.4571684019666,4.45868004924627));
#6849=CARTESIAN_POINT('Ctrl Pts',(-18.4292086710233,-20.9691228433444,4.37083068914539));
#6850=CARTESIAN_POINT('Ctrl Pts',(-18.3734568634324,-21.225575183224,4.32731916186903));
#6851=CARTESIAN_POINT('Ctrl Pts',(-18.2482520978142,-21.739687758475,4.24301615237476));
#6852=CARTESIAN_POINT('Ctrl Pts',(-18.0894741749678,-22.2535756581743,4.1704551816008));
#6853=CARTESIAN_POINT('Ctrl Pts',(-18.000261946152,-22.509829987048,4.13844782312838));
#6854=CARTESIAN_POINT('Ctrl Pts',(-17.800285880425,-23.0182214986133,4.0842864150342));
#6855=CARTESIAN_POINT('Ctrl Pts',(-17.5549898631119,-23.5124100399289,4.05264622843741));
#6856=CARTESIAN_POINT('Ctrl Pts',(-17.4204743614356,-23.754412650169,4.04299007061404));
#6857=CARTESIAN_POINT('Ctrl Pts',(-17.1277762027314,-24.2248215508104,4.03623168988637));
#6858=CARTESIAN_POINT('Ctrl Pts',(-16.7893794753551,-24.6619255512626,4.05411251554013));
#6859=CARTESIAN_POINT('Ctrl Pts',(-16.6091880106146,-24.8706069668483,4.06911777531258));
#6860=CARTESIAN_POINT('Ctrl Pts',(-16.3235356976975,-25.1667642950583,4.10003820124856));
#6861=CARTESIAN_POINT('Ctrl Pts',(-16.01718021408,-25.4352292394801,4.14258672088596));
#6862=CARTESIAN_POINT('Ctrl Pts',(-15.9128997828516,-25.5215032640969,4.15801774622673));
#6863=CARTESIAN_POINT('Ctrl Pts',(-15.7002532062971,-25.6873856626081,4.19118165178768));
#6864=CARTESIAN_POINT('Ctrl Pts',(-15.4799714306262,-25.8395934147465,4.22859067144767));
#6865=CARTESIAN_POINT('Ctrl Pts',(-15.3680455191663,-25.9122051746031,4.24824546988185));
#6866=CARTESIAN_POINT('Ctrl Pts',(-15.0274605131162,-26.1192124223285,4.31006304996304));
#6867=CARTESIAN_POINT('Ctrl Pts',(-14.6739530709527,-26.293092418024,4.37967192698051));
#6868=CARTESIAN_POINT('Ctrl Pts',(-14.4338939179779,-26.3936526032258,4.42876649647707));
#6869=CARTESIAN_POINT('Ctrl Pts',(-14.0672819561978,-26.5225190364828,4.50431487481375));
#6870=CARTESIAN_POINT('Ctrl Pts',(-13.6930634328862,-26.6185276754296,4.58232103749091));
#6871=CARTESIAN_POINT('Ctrl Pts',(-13.5675959529907,-26.6468865421152,4.60854983657237));
#6872=CARTESIAN_POINT('Ctrl Pts',(-13.3154264534348,-26.6965363311652,4.66141744727959));
#6873=CARTESIAN_POINT('Ctrl Pts',(-13.0613216305338,-26.7329370975792,4.71501081281618));
#6874=CARTESIAN_POINT('Ctrl Pts',(-12.933918927909,-26.7480352355853,4.74196637720286));
#6875=CARTESIAN_POINT('Ctrl Pts',(-12.8063084377139,-26.7604149717317,4.76905020392064));
#6876=CARTESIAN_POINT('Ctrl Pts',(-12.6785648578565,-26.7705975020326,4.79622376573137));
#6877=CARTESIAN_POINT('Ctrl Pts',(-18.5589113000441,-19.1333107339145,4.51689860906185));
#6878=CARTESIAN_POINT('Ctrl Pts',(-18.5339141807023,-19.3872013124623,4.4671349436673));
#6879=CARTESIAN_POINT('Ctrl Pts',(-18.5021126444467,-19.6400073073126,4.41866192958183));
#6880=CARTESIAN_POINT('Ctrl Pts',(-18.4599167737467,-19.8916492444105,4.37289294185324));
#6881=CARTESIAN_POINT('Ctrl Pts',(-18.3731692689189,-20.3979893158691,4.28332927090794));
#6882=CARTESIAN_POINT('Ctrl Pts',(-18.2755973787954,-20.9054025956051,4.19200231120991));
#6883=CARTESIAN_POINT('Ctrl Pts',(-18.221865132871,-21.159586837592,4.14548068955372));
#6884=CARTESIAN_POINT('Ctrl Pts',(-18.1020067390112,-21.6698170946554,4.05496675823067));
#6885=CARTESIAN_POINT('Ctrl Pts',(-17.9504854895796,-22.180593200333,3.97472057533732));
#6886=CARTESIAN_POINT('Ctrl Pts',(-17.8647985894238,-22.4358527925817,3.93913922143995));
#6887=CARTESIAN_POINT('Ctrl Pts',(-17.672178333551,-22.9429688080459,3.87844062469065));
#6888=CARTESIAN_POINT('Ctrl Pts',(-17.4341983131994,-23.4370820148614,3.84131625523246));
#6889=CARTESIAN_POINT('Ctrl Pts',(-17.3033306744879,-23.6793543657508,3.82930190241773));
#6890=CARTESIAN_POINT('Ctrl Pts',(-17.0177408197412,-24.1506940976227,3.81845179380729));
#6891=CARTESIAN_POINT('Ctrl Pts',(-16.6861825017217,-24.5894720110427,3.83337969311251));
#6892=CARTESIAN_POINT('Ctrl Pts',(-16.5092980656396,-24.7991237071848,3.84719739106739));
#6893=CARTESIAN_POINT('Ctrl Pts',(-16.2285304026008,-25.0969267214091,3.87670176581687));
#6894=CARTESIAN_POINT('Ctrl Pts',(-15.9269574716537,-25.3672192494063,3.91837689359975));
#6895=CARTESIAN_POINT('Ctrl Pts',(-15.8242461532291,-25.4541223649986,3.93354382236722));
#6896=CARTESIAN_POINT('Ctrl Pts',(-15.6146319736515,-25.6213702230539,3.96614816122159));
#6897=CARTESIAN_POINT('Ctrl Pts',(-15.3973479462753,-25.7750145504838,4.00319960705163));
#6898=CARTESIAN_POINT('Ctrl Pts',(-15.2869485143186,-25.8483287105943,4.02278640552682));
#6899=CARTESIAN_POINT('Ctrl Pts',(-14.9511019533344,-26.0573216403367,4.08465840596675));
#6900=CARTESIAN_POINT('Ctrl Pts',(-14.6019980130441,-26.2335374823704,4.154151533235));
#6901=CARTESIAN_POINT('Ctrl Pts',(-14.3640144526587,-26.3364767482313,4.20249125611126));
#6902=CARTESIAN_POINT('Ctrl Pts',(-14.0003352613821,-26.4688584539592,4.27723808493755));
#6903=CARTESIAN_POINT('Ctrl Pts',(-13.6286504715222,-26.5691620737243,4.35464945809166));
#6904=CARTESIAN_POINT('Ctrl Pts',(-13.5039782763491,-26.5990814203917,4.38070556201385));
#6905=CARTESIAN_POINT('Ctrl Pts',(-13.2533381381783,-26.6520898511519,4.43326723931319));
#6906=CARTESIAN_POINT('Ctrl Pts',(-13.0006093101029,-26.6923184950289,4.4866181723535));
#6907=CARTESIAN_POINT('Ctrl Pts',(-12.8738495843654,-26.7094490251764,4.51346420233112));
#6908=CARTESIAN_POINT('Ctrl Pts',(-12.7468170055116,-26.7239557755086,4.54044952536331));
#6909=CARTESIAN_POINT('Ctrl Pts',(-12.6195911077409,-26.736261145522,4.56753949807439));
#6910=CARTESIAN_POINT('Ctrl Pts',(-18.4568433208244,-19.0957854455746,4.40213058475247));
#6911=CARTESIAN_POINT('Ctrl Pts',(-18.4294736659798,-19.3494346545172,4.3531375359585));
#6912=CARTESIAN_POINT('Ctrl Pts',(-18.3952400354455,-19.6021334720355,4.30559342232049));
#6913=CARTESIAN_POINT('Ctrl Pts',(-18.3492143616042,-19.8549451768826,4.26167754189706));
#6914=CARTESIAN_POINT('Ctrl Pts',(-18.2626663755116,-20.3598093461324,4.174275200583));
#6915=CARTESIAN_POINT('Ctrl Pts',(-18.1677914580293,-20.8632868753849,4.08002489460679));
#6916=CARTESIAN_POINT('Ctrl Pts',(-18.1170863142259,-21.1149729090942,4.02891019268356));
#6917=CARTESIAN_POINT('Ctrl Pts',(-18.0024095771398,-21.6214492274528,3.93183220885696));
#6918=CARTESIAN_POINT('Ctrl Pts',(-17.8540244221881,-22.1313162522119,3.84933809598144));
#6919=CARTESIAN_POINT('Ctrl Pts',(-17.7715077598783,-22.3853187901071,3.80975448192816));
#6920=CARTESIAN_POINT('Ctrl Pts',(-17.5837276194159,-22.891398294269,3.74458710018596));
#6921=CARTESIAN_POINT('Ctrl Pts',(-17.3506573139632,-23.3853277156496,3.70382021912412));
#6922=CARTESIAN_POINT('Ctrl Pts',(-17.2222213886876,-23.6276265104814,3.68998825834305));
#6923=CARTESIAN_POINT('Ctrl Pts',(-16.9414601372118,-24.0994048965427,3.67637661827029));
#6924=CARTESIAN_POINT('Ctrl Pts',(-16.6145238669085,-24.5390145656943,3.68928357711613));
#6925=CARTESIAN_POINT('Ctrl Pts',(-16.4399560828219,-24.7491891729744,3.70236246745915));
#6926=CARTESIAN_POINT('Ctrl Pts',(-16.1626080251062,-25.0478347162732,3.73095621490387));
#6927=CARTESIAN_POINT('Ctrl Pts',(-15.8641459814442,-25.3192322078289,3.77158342278323));
#6928=CARTESIAN_POINT('Ctrl Pts',(-15.7624638082225,-25.4065338103808,3.78644747339039));
#6929=CARTESIAN_POINT('Ctrl Pts',(-15.5550906389852,-25.5744952594617,3.81885077800981));
#6930=CARTESIAN_POINT('Ctrl Pts',(-15.3401741104285,-25.7287898501929,3.85602550507568));
#6931=CARTESIAN_POINT('Ctrl Pts',(-15.2309520033657,-25.8024327935776,3.87567260565139));
#6932=CARTESIAN_POINT('Ctrl Pts',(-14.8982978527561,-26.0127245192945,3.93726907917352));
#6933=CARTESIAN_POINT('Ctrl Pts',(-14.5516206404727,-26.1909356220976,4.00576926193652));
#6934=CARTESIAN_POINT('Ctrl Pts',(-14.3151213101008,-26.2953337454985,4.05356507346442));
#6935=CARTESIAN_POINT('Ctrl Pts',(-13.9535146430826,-26.4301478112567,4.12762836151213));
#6936=CARTESIAN_POINT('Ctrl Pts',(-13.5836637445604,-26.5334005095712,4.20449411621669));
#6937=CARTESIAN_POINT('Ctrl Pts',(-13.4595797837894,-26.5643705396319,4.23038522987778));
#6938=CARTESIAN_POINT('Ctrl Pts',(-13.2100628769104,-26.6196418004363,4.28264605477947));
#6939=CARTESIAN_POINT('Ctrl Pts',(-12.9583401989726,-26.6624352095692,4.33574614411245));
#6940=CARTESIAN_POINT('Ctrl Pts',(-12.8320505082122,-26.680922337259,4.36247690539586));
#6941=CARTESIAN_POINT('Ctrl Pts',(-12.7054491925057,-26.6968267995862,4.38935699145772));
#6942=CARTESIAN_POINT('Ctrl Pts',(-12.5786165766067,-26.7105255537462,4.41635321307086));
#6943=CARTESIAN_POINT('Ctrl Pts',(-18.2473869036328,-19.0186941386849,4.17824497506855));
#6944=CARTESIAN_POINT('Ctrl Pts',(-18.2155272707165,-19.2718515127491,4.1310850362216));
#6945=CARTESIAN_POINT('Ctrl Pts',(-18.1769849999458,-19.5242488541388,4.08558877389335));
#6946=CARTESIAN_POINT('Ctrl Pts',(-18.1295796085688,-19.7767626723663,4.04326929902583));
#6947=CARTESIAN_POINT('Ctrl Pts',(-18.0413236833001,-20.278655941266,3.95756420634616));
#6948=CARTESIAN_POINT('Ctrl Pts',(-17.9488382175727,-20.7769087635554,3.86146939496972));
#6949=CARTESIAN_POINT('Ctrl Pts',(-17.8996722857009,-21.02702313451,3.80964140763946));
#6950=CARTESIAN_POINT('Ctrl Pts',(-17.7954230681264,-21.5250569416368,3.69950851408509));
#6951=CARTESIAN_POINT('Ctrl Pts',(-17.6581691100025,-22.0290393802578,3.60043399994731));
#6952=CARTESIAN_POINT('Ctrl Pts',(-17.5792953691838,-22.2822804679227,3.55906710461943));
#6953=CARTESIAN_POINT('Ctrl Pts',(-17.4016971771679,-22.7859752924254,3.48317616480739));
#6954=CARTESIAN_POINT('Ctrl Pts',(-17.1782819785861,-23.2791886223521,3.43502155693564));
#6955=CARTESIAN_POINT('Ctrl Pts',(-17.0547883586733,-23.5214765019608,3.41782399499843));
#6956=CARTESIAN_POINT('Ctrl Pts',(-16.7835670853909,-23.9935976482804,3.39834682693407));
#6957=CARTESIAN_POINT('Ctrl Pts',(-16.4659464034406,-24.4344075349594,3.40718424623359));
#6958=CARTESIAN_POINT('Ctrl Pts',(-16.2960942054566,-24.6453229637367,3.418689903081));
#6959=CARTESIAN_POINT('Ctrl Pts',(-16.025369086857,-24.9454421994626,3.44474223431867));
#6960=CARTESIAN_POINT('Ctrl Pts',(-15.7340307527257,-25.2184018329834,3.48460809454645));
#6961=CARTESIAN_POINT('Ctrl Pts',(-15.6347545027737,-25.3062164534378,3.49933858307623));
#6962=CARTESIAN_POINT('Ctrl Pts',(-15.4320694981846,-25.4752950414709,3.53129884008862));
#6963=CARTESIAN_POINT('Ctrl Pts',(-15.221485326042,-25.6310478892405,3.56759965530412));
#6964=CARTESIAN_POINT('Ctrl Pts',(-15.1143243941453,-25.7055289029258,3.58670011683065));
#6965=CARTESIAN_POINT('Ctrl Pts',(-14.7875644069813,-25.9186723711146,3.64648322455144));
#6966=CARTESIAN_POINT('Ctrl Pts',(-14.4460370442161,-26.1006172570525,3.71296642448936));
#6967=CARTESIAN_POINT('Ctrl Pts',(-14.2126796042932,-26.2078606601562,3.75950907295946));
#6968=CARTESIAN_POINT('Ctrl Pts',(-13.8554402101149,-26.3475289360882,3.83191057812888));
#6969=CARTESIAN_POINT('Ctrl Pts',(-13.4895064469464,-26.4567400017579,3.90742827090665));
#6970=CARTESIAN_POINT('Ctrl Pts',(-13.3666795902536,-26.4898350000142,3.93290457799364));
#6971=CARTESIAN_POINT('Ctrl Pts',(-13.1195745179828,-26.5496556050444,3.98439681245592));
#6972=CARTESIAN_POINT('Ctrl Pts',(-12.8700309382177,-26.5975380390099,4.03683727918324));
#6973=CARTESIAN_POINT('Ctrl Pts',(-12.7447655016305,-26.6186925650059,4.06326204530577));
#6974=CARTESIAN_POINT('Ctrl Pts',(-12.6191130329444,-26.637337544443,4.08985926772058));
#6975=CARTESIAN_POINT('Ctrl Pts',(-12.49315476631,-26.6537774123666,4.11659746919072));
#6976=CARTESIAN_POINT('Ctrl Pts',(-18.0315946273805,-18.9369997435896,3.96258489299967));
#6977=CARTESIAN_POINT('Ctrl Pts',(-17.9965881271616,-19.1893506487884,3.91714813028196));
#6978=CARTESIAN_POINT('Ctrl Pts',(-17.9558405955161,-19.4408771847678,3.87323768869515));
#6979=CARTESIAN_POINT('Ctrl Pts',(-17.9098435188329,-19.6917782734121,3.83124020416208));
#6980=CARTESIAN_POINT('Ctrl Pts',(-17.819586172332,-20.1904543100681,3.7453456734482));
#6981=CARTESIAN_POINT('Ctrl Pts',(-17.7274333400946,-20.6850669009588,3.64879342441884));
#6982=CARTESIAN_POINT('Ctrl Pts',(-17.6796773092612,-20.9325558189793,3.5970624183754));
#6983=CARTESIAN_POINT('Ctrl Pts',(-17.5779650154494,-21.4268020666113,3.48506227427776));
#6984=CARTESIAN_POINT('Ctrl Pts',(-17.4522573456197,-21.9240487902707,3.369523798751));
#6985=CARTESIAN_POINT('Ctrl Pts',(-17.37833977525,-22.1757278201559,3.32081904475947));
#6986=CARTESIAN_POINT('Ctrl Pts',(-17.2101719260402,-22.6768288939622,3.23500960917284));
#6987=CARTESIAN_POINT('Ctrl Pts',(-16.9968479804808,-23.1688948453753,3.17791649212139));
#6988=CARTESIAN_POINT('Ctrl Pts',(-16.8778347281306,-23.4107620407367,3.15788285160507));
#6989=CARTESIAN_POINT('Ctrl Pts',(-16.6161274165771,-23.8825653732653,3.13259182374978));
#6990=CARTESIAN_POINT('Ctrl Pts',(-16.3080121929171,-24.3236744442472,3.13767856237443));
#6991=CARTESIAN_POINT('Ctrl Pts',(-16.1425941429218,-24.5348754580149,3.14703923835671));
#6992=CARTESIAN_POINT('Ctrl Pts',(-15.8794336985264,-24.8354672033702,3.17208144421687));
#6993=CARTESIAN_POINT('Ctrl Pts',(-15.5951702657324,-25.1092809572265,3.21026244505533));
#6994=CARTESIAN_POINT('Ctrl Pts',(-15.4981416911759,-25.1974650517686,3.22423920972426));
#6995=CARTESIAN_POINT('Ctrl Pts',(-15.299765461671,-25.3675106753928,3.25446415352559));
#6996=CARTESIAN_POINT('Ctrl Pts',(-15.0932299058783,-25.5246449771883,3.2888547892004));
#6997=CARTESIAN_POINT('Ctrl Pts',(-14.988045190967,-25.5999147895088,3.30700391881498));
#6998=CARTESIAN_POINT('Ctrl Pts',(-14.667075746969,-25.8157046173943,3.36400554199933));
#6999=CARTESIAN_POINT('Ctrl Pts',(-14.3308742533309,-26.001194334108,3.42788597270343));
#7000=CARTESIAN_POINT('Ctrl Pts',(-14.1008767002409,-26.1111818233751,3.47284616496397));
#7001=CARTESIAN_POINT('Ctrl Pts',(-13.7484105740605,-26.2556682642329,3.54310808090055));
#7002=CARTESIAN_POINT('Ctrl Pts',(-13.3868401395538,-26.370831844266,3.61682112137539));
#7003=CARTESIAN_POINT('Ctrl Pts',(-13.2654209428498,-26.406041478381,3.64173152580337));
#7004=CARTESIAN_POINT('Ctrl Pts',(-13.0210268020244,-26.4703552185345,3.69215733003442));
#7005=CARTESIAN_POINT('Ctrl Pts',(-12.7739618237967,-26.5231837409158,3.74365397276831));
#7006=CARTESIAN_POINT('Ctrl Pts',(-12.6498717783408,-26.5469066538847,3.76963536715041));
#7007=CARTESIAN_POINT('Ctrl Pts',(-12.525325111902,-26.5681763215843,3.79581693919994));
#7008=CARTESIAN_POINT('Ctrl Pts',(-12.4004024883071,-26.5872515192632,3.82216742111071));
#7009=CARTESIAN_POINT('Ctrl Pts',(-17.9231352771034,-18.8948884462693,3.85606257863915));
#7010=CARTESIAN_POINT('Ctrl Pts',(-17.8870066504963,-19.1467059808461,3.81130679629168));
#7011=CARTESIAN_POINT('Ctrl Pts',(-17.8456807154519,-19.3976142904355,3.76790455076203));
#7012=CARTESIAN_POINT('Ctrl Pts',(-17.7998955284172,-19.6477026595838,3.72595242562708));
#7013=CARTESIAN_POINT('Ctrl Pts',(-17.7093755409871,-20.1447289978696,3.63978374655672));
#7014=CARTESIAN_POINT('Ctrl Pts',(-17.6169583863747,-20.6375371353758,3.54281128293929));
#7015=CARTESIAN_POINT('Ctrl Pts',(-17.5696334281246,-20.8836656799672,3.49031249960699));
#7016=CARTESIAN_POINT('Ctrl Pts',(-17.4690207100971,-21.3757817771346,3.3781143226714));
#7017=CARTESIAN_POINT('Ctrl Pts',(-17.3462394890053,-21.8714824419609,3.2597822358737));
#7018=CARTESIAN_POINT('Ctrl Pts',(-17.2763688606844,-22.1217017971708,3.20365612253483));
#7019=CARTESIAN_POINT('Ctrl Pts',(-17.1123857895802,-22.6215441079117,3.11415419641041));
#7020=CARTESIAN_POINT('Ctrl Pts',(-16.9040041850765,-23.112945566303,3.05248603042233));
#7021=CARTESIAN_POINT('Ctrl Pts',(-16.7874607069885,-23.3547014103894,3.03101563489275));
#7022=CARTESIAN_POINT('Ctrl Pts',(-16.5301232915518,-23.8258318275524,3.00271403380038));
#7023=CARTESIAN_POINT('Ctrl Pts',(-16.2267273274365,-24.266932403092,3.00566865480183));
#7024=CARTESIAN_POINT('Ctrl Pts',(-16.0641651463331,-24.4783277981591,3.01534737467317));
#7025=CARTESIAN_POINT('Ctrl Pts',(-15.8045237650929,-24.7788900082701,3.03924197344424));
#7026=CARTESIAN_POINT('Ctrl Pts',(-15.5234064520663,-25.053077636591,3.07566230694987));
#7027=CARTESIAN_POINT('Ctrl Pts',(-15.4274228326735,-25.1414362543905,3.08907722669666));
#7028=CARTESIAN_POINT('Ctrl Pts',(-15.2311242664922,-25.3119138390985,3.11822207444581));
#7029=CARTESIAN_POINT('Ctrl Pts',(-15.0266175535048,-25.4696625049193,3.15159337306778));
#7030=CARTESIAN_POINT('Ctrl Pts',(-14.9224250988346,-25.5452921864791,3.16923234844692));
#7031=CARTESIAN_POINT('Ctrl Pts',(-14.6043707139634,-25.7623155857545,3.22472897486603));
#7032=CARTESIAN_POINT('Ctrl Pts',(-14.2708979428528,-25.9495065056113,3.28721664087953));
#7033=CARTESIAN_POINT('Ctrl Pts',(-14.0426291207602,-26.0608430233749,3.33131622415787));
#7034=CARTESIAN_POINT('Ctrl Pts',(-13.6926407944007,-26.2077100888855,3.4004104817104));
#7035=CARTESIAN_POINT('Ctrl Pts',(-13.3333485824201,-26.3258164306176,3.47312262266844));
#7036=CARTESIAN_POINT('Ctrl Pts',(-13.212665389908,-26.3620704002482,3.49771728844405));
#7037=CARTESIAN_POINT('Ctrl Pts',(-12.9696916012172,-26.4285955490094,3.54754496784863));
#7038=CARTESIAN_POINT('Ctrl Pts',(-12.723933021042,-26.4838449084669,3.59850676788691));
#7039=CARTESIAN_POINT('Ctrl Pts',(-12.6004650361286,-26.5088219149599,3.62423567214735));
#7040=CARTESIAN_POINT('Ctrl Pts',(-12.4765068042043,-26.5313725988603,3.65017927570858));
#7041=CARTESIAN_POINT('Ctrl Pts',(-12.3521386264837,-26.5517362041026,3.67630627772307));
#7042=CARTESIAN_POINT('Ctrl Pts',(-17.7057683515667,-18.8082981971113,3.64458136359354));
#7043=CARTESIAN_POINT('Ctrl Pts',(-17.667871710536,-19.0589217057521,3.60087834250197));
#7044=CARTESIAN_POINT('Ctrl Pts',(-17.6256998978876,-19.3084852383618,3.55815868558522));
#7045=CARTESIAN_POINT('Ctrl Pts',(-17.5803970820075,-19.5569031918406,3.51606857599695));
#7046=CARTESIAN_POINT('Ctrl Pts',(-17.4894645073746,-20.0506475950058,3.42904863401646));
#7047=CARTESIAN_POINT('Ctrl Pts',(-17.3966350470574,-20.5399519371138,3.33115859527899));
#7048=CARTESIAN_POINT('Ctrl Pts',(-17.3495730602781,-20.7839430211894,3.27830084746617));
#7049=CARTESIAN_POINT('Ctrl Pts',(-17.2502390057986,-21.2720279204915,3.16469831329816));
#7050=CARTESIAN_POINT('Ctrl Pts',(-17.1327862520679,-21.7639819726371,3.04157689590451));
#7051=CARTESIAN_POINT('Ctrl Pts',(-17.0690170637173,-22.0126706550475,2.97599899943098));
#7052=CARTESIAN_POINT('Ctrl Pts',(-16.914436680882,-22.5099604298603,2.87529019200038));
#7053=CARTESIAN_POINT('Ctrl Pts',(-16.7142796048939,-22.9997110531242,2.80822472934524));
#7054=CARTESIAN_POINT('Ctrl Pts',(-16.6024864661029,-23.2406236599304,2.78199498969052));
#7055=CARTESIAN_POINT('Ctrl Pts',(-16.3549573300062,-23.7116196501162,2.74925814156177));
#7056=CARTESIAN_POINT('Ctrl Pts',(-16.0612145714188,-24.1522225215943,2.74942456984966));
#7057=CARTESIAN_POINT('Ctrl Pts',(-15.9028861773194,-24.3628913181868,2.75695454890899));
#7058=CARTESIAN_POINT('Ctrl Pts',(-15.6497890188278,-24.6631361036489,2.77767828983791));
#7059=CARTESIAN_POINT('Ctrl Pts',(-15.3750350719469,-24.9378131013662,2.81075203118518));
#7060=CARTESIAN_POINT('Ctrl Pts',(-15.2811506537378,-25.0264312164096,2.82304213996149));
#7061=CARTESIAN_POINT('Ctrl Pts',(-15.0890011427718,-25.1976298210063,2.84994377683914));
#7062=CARTESIAN_POINT('Ctrl Pts',(-14.88853139869,-25.3565096794098,2.88110597968363));
#7063=CARTESIAN_POINT('Ctrl Pts',(-14.7863268310601,-25.4328094214288,2.89765660402495));
#7064=CARTESIAN_POINT('Ctrl Pts',(-14.4741366442848,-25.6521595989088,2.94995418820561));
#7065=CARTESIAN_POINT('Ctrl Pts',(-14.1462169446865,-25.8426430071985,3.00948589337706));
#7066=CARTESIAN_POINT('Ctrl Pts',(-13.9214998590389,-25.956612465188,3.05176122736067));
#7067=CARTESIAN_POINT('Ctrl Pts',(-13.5766192818919,-26.1081628278593,3.1183531609102));
#7068=CARTESIAN_POINT('Ctrl Pts',(-13.2220491844246,-26.2320540787505,3.18889241526587));
#7069=CARTESIAN_POINT('Ctrl Pts',(-13.102894182324,-26.2703583004052,3.21279827601015));
#7070=CARTESIAN_POINT('Ctrl Pts',(-12.862875225747,-26.3412161397941,3.26131541211649));
#7071=CARTESIAN_POINT('Ctrl Pts',(-12.6198488855268,-26.401192415974,3.31109512948846));
#7072=CARTESIAN_POINT('Ctrl Pts',(-12.4976865176056,-26.4286143505335,3.3362636437565));
#7073=CARTESIAN_POINT('Ctrl Pts',(-12.3749690832158,-26.4536618064561,3.36167672343185));
#7074=CARTESIAN_POINT('Ctrl Pts',(-12.2517759276513,-26.4765405700556,3.38730282135827));
#7075=CARTESIAN_POINT('Ctrl Pts',(-17.4883281439678,-18.717440140929,3.43493537210565));
#7076=CARTESIAN_POINT('Ctrl Pts',(-17.449427443984,-18.9667127881092,3.39171344677328));
#7077=CARTESIAN_POINT('Ctrl Pts',(-17.406941651506,-19.2148064978572,3.34908008010064));
#7078=CARTESIAN_POINT('Ctrl Pts',(-17.3619373516292,-19.4616122854772,3.30650930549816));
#7079=CARTESIAN_POINT('Ctrl Pts',(-17.2710322145096,-19.9522231732119,3.21813884422963));
#7080=CARTESIAN_POINT('Ctrl Pts',(-17.1777432469897,-20.4383756072177,3.11897823474149));
#7081=CARTESIAN_POINT('Ctrl Pts',(-17.1304486337486,-20.6807098224461,3.06566187027082));
#7082=CARTESIAN_POINT('Ctrl Pts',(-17.0313367037276,-21.165450278613,2.95120904066491));
#7083=CARTESIAN_POINT('Ctrl Pts',(-16.9166470464148,-21.6540827280928,2.82645010285447));
#7084=CARTESIAN_POINT('Ctrl Pts',(-16.8555146976894,-21.9011383583878,2.75907968070485));
#7085=CARTESIAN_POINT('Ctrl Pts',(-16.7115619918055,-22.3972970678637,2.64438739923321));
#7086=CARTESIAN_POINT('Ctrl Pts',(-16.5191665822196,-22.8854115161575,2.57279256717199));
#7087=CARTESIAN_POINT('Ctrl Pts',(-16.4121838313393,-23.1261467806986,2.54395020805975));
#7088=CARTESIAN_POINT('Ctrl Pts',(-16.1730154561101,-23.5951221552572,2.50729405484895));
#7089=CARTESIAN_POINT('Ctrl Pts',(-15.8869330571429,-24.0330977328826,2.50276081351456));
#7090=CARTESIAN_POINT('Ctrl Pts',(-15.7327508645274,-24.2430173411056,2.50774695769069));
#7091=CARTESIAN_POINT('Ctrl Pts',(-15.4858230370316,-24.5425431335929,2.52471367129158));
#7092=CARTESIAN_POINT('Ctrl Pts',(-15.2172507695066,-24.8173806356109,2.55403784498986));
#7093=CARTESIAN_POINT('Ctrl Pts',(-15.1254217187584,-24.9061546419478,2.5650807476372));
#7094=CARTESIAN_POINT('Ctrl Pts',(-14.9373641135366,-25.0778726825576,2.58950939394859));
#7095=CARTESIAN_POINT('Ctrl Pts',(-14.7409318101029,-25.2376960710504,2.61826045966499));
#7096=CARTESIAN_POINT('Ctrl Pts',(-14.6407282501727,-25.3145754209179,2.6336260667252));
#7097=CARTESIAN_POINT('Ctrl Pts',(-14.3344787931495,-25.5359925753264,2.68244417051368));
#7098=CARTESIAN_POINT('Ctrl Pts',(-14.0122889067799,-25.7295451837228,2.73875250216848));
#7099=CARTESIAN_POINT('Ctrl Pts',(-13.79127699338,-25.8460190100837,2.77902020772773));
#7100=CARTESIAN_POINT('Ctrl Pts',(-13.4517612308386,-26.0020636689969,2.84282123770533));
#7101=CARTESIAN_POINT('Ctrl Pts',(-13.1021968937597,-26.1314969220014,2.91088684728962));
#7102=CARTESIAN_POINT('Ctrl Pts',(-12.9846668396213,-26.1717613736878,2.93400272205516));
#7103=CARTESIAN_POINT('Ctrl Pts',(-12.7478012239024,-26.2467484174019,2.98100661120687));
#7104=CARTESIAN_POINT('Ctrl Pts',(-12.5077183813109,-26.3112080020137,3.02940274364661));
#7105=CARTESIAN_POINT('Ctrl Pts',(-12.3869711232028,-26.3409445013437,3.05391090996633));
#7106=CARTESIAN_POINT('Ctrl Pts',(-12.2656086791111,-26.3683562891274,3.07869441299577));
#7107=CARTESIAN_POINT('Ctrl Pts',(-12.1437091547817,-26.3936239101927,3.10372128465676));
#7108=CARTESIAN_POINT('Ctrl Pts',(-17.3797869317701,-18.6710620270448,3.33024174305452));
#7109=CARTESIAN_POINT('Ctrl Pts',(-17.3405043570622,-18.9196507401732,3.28713440090959));
#7110=CARTESIAN_POINT('Ctrl Pts',(-17.2979201559443,-19.1670169439773,3.24443024863697));
#7111=CARTESIAN_POINT('Ctrl Pts',(-17.2530487806152,-19.4130534003149,3.2015539826675));
#7112=CARTESIAN_POINT('Ctrl Pts',(-17.1621937893025,-19.9021708997392,3.11240831841866));
#7113=CARTESIAN_POINT('Ctrl Pts',(-17.0687029833074,-20.3868748210471,3.01252397644032));
#7114=CARTESIAN_POINT('Ctrl Pts',(-17.0212740465263,-20.6284801372061,2.95893615763629));
#7115=CARTESIAN_POINT('Ctrl Pts',(-16.9221235372612,-21.1117525316231,2.84408665293968));
#7116=CARTESIAN_POINT('Ctrl Pts',(-16.8083684765685,-21.5987656775973,2.71891914076831));
#7117=CARTESIAN_POINT('Ctrl Pts',(-16.7464544094991,-21.8439056364232,2.65395712383809));
#7118=CARTESIAN_POINT('Ctrl Pts',(-16.6101081464648,-22.3416894179071,2.52964808446647));
#7119=CARTESIAN_POINT('Ctrl Pts',(-16.4208315297159,-22.8285340053413,2.45669296065022));
#7120=CARTESIAN_POINT('Ctrl Pts',(-16.3155258213177,-23.0685718230791,2.42742995023724));
#7121=CARTESIAN_POINT('Ctrl Pts',(-16.0797877551012,-23.535740218702,2.38827598404055));
#7122=CARTESIAN_POINT('Ctrl Pts',(-15.7976262072352,-23.9726056216305,2.381404992221));
#7123=CARTESIAN_POINT('Ctrl Pts',(-15.6454363838965,-24.1820470717892,2.38513437626305));
#7124=CARTESIAN_POINT('Ctrl Pts',(-15.4015537334594,-24.4811587204218,2.40018087361668));
#7125=CARTESIAN_POINT('Ctrl Pts',(-15.136047141568,-24.7560188051881,2.42757499596349));
#7126=CARTESIAN_POINT('Ctrl Pts',(-15.0452403695626,-24.8448509505368,2.43797788734668));
#7127=CARTESIAN_POINT('Ctrl Pts',(-14.8592223619076,-25.0167894604466,2.46113661536606));
#7128=CARTESIAN_POINT('Ctrl Pts',(-14.6648120907646,-25.1770457072786,2.4886491698161));
#7129=CARTESIAN_POINT('Ctrl Pts',(-14.5656130987295,-25.2541956748342,2.50340585684932));
#7130=CARTESIAN_POINT('Ctrl Pts',(-14.2623527751107,-25.4765899682503,2.55043425722585));
#7131=CARTESIAN_POINT('Ctrl Pts',(-13.9430647027894,-25.671624144674,2.60507798962527));
#7132=CARTESIAN_POINT('Ctrl Pts',(-13.7239365017654,-25.7893164155914,2.6443039913356));
#7133=CARTESIAN_POINT('Ctrl Pts',(-13.3871551491578,-25.947553054586,2.70664874055471));
#7134=CARTESIAN_POINT('Ctrl Pts',(-13.0401526058002,-26.0796862658277,2.77341277203073));
#7135=CARTESIAN_POINT('Ctrl Pts',(-12.9234553617279,-26.1209049452422,2.79611174028927));
#7136=CARTESIAN_POINT('Ctrl Pts',(-12.6882086611475,-26.1979000245191,2.84231481357693));
#7137=CARTESIAN_POINT('Ctrl Pts',(-12.4496434542854,-26.264537163444,2.8899746041151));
#7138=CARTESIAN_POINT('Ctrl Pts',(-12.3296277276899,-26.2953974969972,2.91413032888366));
#7139=CARTESIAN_POINT('Ctrl Pts',(-12.2089679104638,-26.3239578397735,2.9385768214682));
#7140=CARTESIAN_POINT('Ctrl Pts',(-12.0877414412303,-26.3503875570804,2.96328189926968));
#7141=CARTESIAN_POINT('Ctrl Pts',(-17.2714777127866,-18.62387959801,3.2255072342899));
#7142=CARTESIAN_POINT('Ctrl Pts',(-17.2319005524241,-18.8717955560913,3.18241312641762));
#7143=CARTESIAN_POINT('Ctrl Pts',(-17.1892622318454,-19.1184587783001,3.13954988717121));
#7144=CARTESIAN_POINT('Ctrl Pts',(-17.1445122589554,-19.3637708649659,3.09631573054694));
#7145=CARTESIAN_POINT('Ctrl Pts',(-17.0537329622264,-19.8515007684555,3.00631709916279));
#7146=CARTESIAN_POINT('Ctrl Pts',(-16.9600718583071,-20.3349135502088,2.90565344513326));
#7147=CARTESIAN_POINT('Ctrl Pts',(-16.9125050923225,-20.5758886757914,2.85177346182414));
#7148=CARTESIAN_POINT('Ctrl Pts',(-16.8132799649239,-21.05791625258,2.73652077649934));
#7149=CARTESIAN_POINT('Ctrl Pts',(-16.7002000458651,-21.5435320570758,2.61111311405337));
#7150=CARTESIAN_POINT('Ctrl Pts',(-16.6387670605714,-21.7877753092956,2.54618175753318));
#7151=CARTESIAN_POINT('Ctrl Pts',(-16.5056414292597,-22.2849952262523,2.41977401428579));
#7152=CARTESIAN_POINT('Ctrl Pts',(-16.3208938411461,-22.7710324481362,2.3424922229012));
#7153=CARTESIAN_POINT('Ctrl Pts',(-16.2167223951319,-23.0099369347698,2.31298111162582));
#7154=CARTESIAN_POINT('Ctrl Pts',(-15.9845305167412,-23.4755240529253,2.27143607457434));
#7155=CARTESIAN_POINT('Ctrl Pts',(-15.7061829839794,-23.9111501897834,2.26202482057956));
#7156=CARTESIAN_POINT('Ctrl Pts',(-15.5559582705016,-24.1201175602229,2.264448688012));
#7157=CARTESIAN_POINT('Ctrl Pts',(-15.3150820441492,-24.4187803731235,2.27750760758284));
#7158=CARTESIAN_POINT('Ctrl Pts',(-15.052621099718,-24.693622195674,2.30292343784967));
#7159=CARTESIAN_POINT('Ctrl Pts',(-14.9628314234996,-24.782498249135,2.31267047134199));
#7160=CARTESIAN_POINT('Ctrl Pts',(-14.7788466877252,-24.9546274929476,2.33452961780234));
#7161=CARTESIAN_POINT('Ctrl Pts',(-14.5864595735602,-25.1152852039469,2.3607755299913));
#7162=CARTESIAN_POINT('Ctrl Pts',(-14.4882675552391,-25.1926897988747,2.3749093011909));
#7163=CARTESIAN_POINT('Ctrl Pts',(-14.1880089314766,-25.41601268766,2.42010566731916));
#7164=CARTESIAN_POINT('Ctrl Pts',(-13.8716499759405,-25.6124777892016,2.47303980734436));
#7165=CARTESIAN_POINT('Ctrl Pts',(-13.6544291442864,-25.7313537745909,2.51119164279143));
#7166=CARTESIAN_POINT('Ctrl Pts',(-13.320422933076,-25.891723130784,2.57202765444737));
#7167=CARTESIAN_POINT('Ctrl Pts',(-12.9760303366454,-26.0264811983674,2.63743362065738));
#7168=CARTESIAN_POINT('Ctrl Pts',(-12.8601827469646,-26.0686270555501,2.65969648941173));
#7169=CARTESIAN_POINT('Ctrl Pts',(-12.6265903913932,-26.1475719685311,2.70505985567556));
#7170=CARTESIAN_POINT('Ctrl Pts',(-12.3895821131068,-26.2163221865948,2.75194371074555));
#7171=CARTESIAN_POINT('Ctrl Pts',(-12.2703186245516,-26.2482730102246,2.77572710064285));
#7172=CARTESIAN_POINT('Ctrl Pts',(-12.1503832913972,-26.2779484668328,2.79981663166049));
#7173=CARTESIAN_POINT('Ctrl Pts',(-12.0298528449361,-26.3055079107797,2.82417991356179));
#7174=CARTESIAN_POINT('Ctrl Pts',(-17.1634277124816,-18.576008388385,3.12063231774222));
#7175=CARTESIAN_POINT('Ctrl Pts',(-17.1236194598657,-18.8232732273308,3.07747032717842));
#7176=CARTESIAN_POINT('Ctrl Pts',(-17.0809545535218,-19.0692671673875,3.03438185227884));
#7177=CARTESIAN_POINT('Ctrl Pts',(-17.0363159906296,-19.3139042129025,2.99075393618198));
#7178=CARTESIAN_POINT('Ctrl Pts',(-16.9456225261488,-19.8003576225311,2.89985751002352));
#7179=CARTESIAN_POINT('Ctrl Pts',(-16.8518153885361,-20.2826265654582,2.79839882157863));
#7180=CARTESIAN_POINT('Ctrl Pts',(-16.8041179949862,-20.5230590422206,2.74422333793643));
#7181=CARTESIAN_POINT('Ctrl Pts',(-16.7047830465408,-21.0040266266305,2.62860257322927));
#7182=CARTESIAN_POINT('Ctrl Pts',(-16.5922092604267,-21.4884532377927,2.5031298156531));
#7183=CARTESIAN_POINT('Ctrl Pts',(-16.5313512650933,-21.7321387858717,2.4381877514338));
#7184=CARTESIAN_POINT('Ctrl Pts',(-16.3995620363609,-22.2276185147671,2.31201806692958));
#7185=CARTESIAN_POINT('Ctrl Pts',(-16.2189516437481,-22.7126390948735,2.23074439593918));
#7186=CARTESIAN_POINT('Ctrl Pts',(-16.1161164375867,-22.9505264018365,2.20048992908061));
#7187=CARTESIAN_POINT('Ctrl Pts',(-15.8873446267158,-23.4144856097785,2.15649011075222));
#7188=CARTESIAN_POINT('Ctrl Pts',(-15.6127351110513,-23.8488489019749,2.14445747529643));
#7189=CARTESIAN_POINT('Ctrl Pts',(-15.4644416562267,-24.0573271455167,2.14554513422323));
#7190=CARTESIAN_POINT('Ctrl Pts',(-15.2265304834002,-24.3555137246183,2.15657653609673));
#7191=CARTESIAN_POINT('Ctrl Pts',(-14.9670887133228,-24.6303028884702,2.17998020694619));
#7192=CARTESIAN_POINT('Ctrl Pts',(-14.8783089945962,-24.7192106269567,2.18906056647484));
#7193=CARTESIAN_POINT('Ctrl Pts',(-14.6963466811725,-24.8915048476393,2.20959899024174));
#7194=CARTESIAN_POINT('Ctrl Pts',(-14.5059786255196,-25.0525359441155,2.23455731400946));
#7195=CARTESIAN_POINT('Ctrl Pts',(-14.4087931953147,-25.1301806225417,2.24805754831631));
#7196=CARTESIAN_POINT('Ctrl Pts',(-14.1115398720855,-25.3543870833408,2.29138908008346));
#7197=CARTESIAN_POINT('Ctrl Pts',(-13.7981268925205,-25.5522332972848,2.34257700730866));
#7198=CARTESIAN_POINT('Ctrl Pts',(-13.5828296602949,-25.6722573272766,2.37962763301208));
#7199=CARTESIAN_POINT('Ctrl Pts',(-13.2516283197834,-25.8346975160249,2.43891052833017));
#7200=CARTESIAN_POINT('Ctrl Pts',(-12.9098834069236,-25.9720031132835,2.50290971423409));
#7201=CARTESIAN_POINT('Ctrl Pts',(-12.7948989295177,-26.0150485165958,2.52471983618901));
#7202=CARTESIAN_POINT('Ctrl Pts',(-12.5629897273358,-26.0958844186428,2.56920956650353));
#7203=CARTESIAN_POINT('Ctrl Pts',(-12.3275712641434,-26.1666835271913,2.61528255312073));
#7204=CARTESIAN_POINT('Ctrl Pts',(-12.2090775491908,-26.1996918509586,2.63867595827428));
#7205=CARTESIAN_POINT('Ctrl Pts',(-12.0898853915693,-26.2304493802105,2.66239073337308));
#7206=CARTESIAN_POINT('Ctrl Pts',(-11.9700707797744,-26.2591064122682,2.68639429621518));
#7207=CARTESIAN_POINT('Origin',(-14.7720524167774,-19.8500001400117,7.75719991115607));
#7208=CARTESIAN_POINT('Origin',(0.609066486358643,-16.9962334632874,1.41408920288086));
#7209=CARTESIAN_POINT('Origin',(-17.3722887039185,-12.3500001430511,9.4140887260437));
#7210=CARTESIAN_POINT('',(-17.3722887039185,-17.3500001430511,9.4140887260437));
#7211=CARTESIAN_POINT('',(-17.3722887039185,-7.35000014305115,9.4140887260437));
#7212=CARTESIAN_POINT('Origin',(-17.3722887039185,-7.35000014305115,10.4140889644623));
#7213=CARTESIAN_POINT('',(-8.39951565811754,-7.35000014305115,11.4140892028809));
#7214=CARTESIAN_POINT('Origin',(-17.3722887039185,-17.3500001430511,10.4140889644623));
#7215=CARTESIAN_POINT('',(-8.39951565811754,-17.3500001430511,11.4140892028809));
#7216=CARTESIAN_POINT('Origin',(-4.94546890258789,-19.2933964729309,-4.58591222763062));
#7217=CARTESIAN_POINT('Origin',(-1.39093399047852,-20.6683969497681,8.28791975975037));
#7218=CARTESIAN_POINT('',(-1.3909331621536,-20.3500011535151,11.4140892028809));
#7219=CARTESIAN_POINT('',(-1.39093399047852,-18.6480717918726,11.4140892028809));
#7220=CARTESIAN_POINT('',(-1.3909328108983,-20.3500005629574,5.16150211143532));
#7221=CARTESIAN_POINT('',(-1.39093225037145,-20.3500005958682,5.50877315834097));
#7222=CARTESIAN_POINT('Ctrl Pts',(-1.39093399047852,-20.9867930408126,5.16122497875824));
#7223=CARTESIAN_POINT('Ctrl Pts',(-1.39093399047852,-20.7745390478132,5.1613060821802));
#7224=CARTESIAN_POINT('Ctrl Pts',(-1.39093399047852,-20.562274884527,5.16139829826965));
#7225=CARTESIAN_POINT('Ctrl Pts',(-1.39093399047852,-20.3500005627226,5.16150162963862));
#7226=CARTESIAN_POINT('Origin',(0.609066486358643,-16.1778372526169,9.4140887260437));
#7227=CARTESIAN_POINT('',(0.609066486358643,-16.1000001430511,9.4140887260437));
#7228=CARTESIAN_POINT('Origin',(-16.0096025466919,21.5632057189941,3.17368984222412));
#7229=CARTESIAN_POINT('Origin',(-14.7720524167774,-19.8500130124615,7.7571999111561));
#7230=CARTESIAN_POINT('Origin',(0.499997138977051,-16.0433959960938,-4.58591222763062));
#7231=CARTESIAN_POINT('',(0.468834468296596,-15.0999999046326,-4.58591222763062));
#7232=CARTESIAN_POINT('Origin',(0.56232248033796,-15.0999999046326,4.19980304581778));
#7233=CARTESIAN_POINT('',(0.567789934010669,-15.0999999046326,11.4140892028809));
#7234=CARTESIAN_POINT('',(0.585694483348301,-15.0999999046326,12.9140889644623));
#7235=CARTESIAN_POINT('',(0.432204343943432,-15.0999999046326,11.4140892028809));
#7236=CARTESIAN_POINT('Origin',(0.609066486358643,-14.5999997854233,12.9140889644623));
#7237=CARTESIAN_POINT('',(-4.60906982421875,-14.099999666214,12.9140889644623));
#7238=CARTESIAN_POINT('Origin',(5.60906410217285,-15.6000000238419,13.4140890836716));
#7239=CARTESIAN_POINT('',(-4.60906982421875,-16.1000001430511,14.9140894412994));
#7240=CARTESIAN_POINT('Origin',(0.609066486358643,-16.1000001430511,6.78908914327621));
#7241=CARTESIAN_POINT('Origin',(0.499997138977051,27.3748159408569,0.533101606719072));
#7242=CARTESIAN_POINT('Origin',(0.499997138977051,30.2860730565624,0.533101631862631));
#7243=CARTESIAN_POINT('Origin',(0.499996748126921,28.6963346356251,3.26083124661055));
#7244=CARTESIAN_POINT('',(0.499996943552062,27.1499967575073,5.91409266936802));
#7245=CARTESIAN_POINT('Origin',(0.499997138977051,27.1499967575073,5.30308345268513));
#7246=CARTESIAN_POINT('Origin',(0.499994803139745,-25.9526736748252,0.534444021991895));
#7247=CARTESIAN_POINT('Ctrl Pts',(0.499997138977058,-18.3529766985769,5.53391784471706));
#7248=CARTESIAN_POINT('Ctrl Pts',(0.374890031677893,-18.3598096248874,5.5339136939008));
#7249=CARTESIAN_POINT('Ctrl Pts',(0.250725530089618,-18.3783716973268,5.52917831374777));
#7250=CARTESIAN_POINT('Ctrl Pts',(-0.0817221409355857,-18.4605776680265,
5.50439795549698));
#7251=CARTESIAN_POINT('Ctrl Pts',(-0.281119675163001,-18.5462218208549,
5.4758758322402));
#7252=CARTESIAN_POINT('Ctrl Pts',(-0.688521049497662,-18.8046785298167,
5.39583477320979));
#7253=CARTESIAN_POINT('Ctrl Pts',(-0.883187014683818,-18.9919120978485,
5.34110275539383));
#7254=CARTESIAN_POINT('Ctrl Pts',(-1.17936454989344,-19.4195791380918,5.24531914774067));
#7255=CARTESIAN_POINT('Ctrl Pts',(-1.28368627832822,-19.6546864539153,5.20464271116408));
#7256=CARTESIAN_POINT('Ctrl Pts',(-1.37420905720436,-20.0514398660284,5.16858761795106));
#7257=CARTESIAN_POINT('Ctrl Pts',(-1.39093223269287,-20.2005315591891,5.16157510643612));
#7258=CARTESIAN_POINT('Ctrl Pts',(-1.39093222110838,-20.3500005630746,5.16150235233364));
#7259=CARTESIAN_POINT('Ctrl Pts',(0.49999713897705,-21.1425299026043,5.53249930918212));
#7260=CARTESIAN_POINT('Ctrl Pts',(0.461393633093485,-21.137217161182,5.53250104091213));
#7261=CARTESIAN_POINT('Ctrl Pts',(0.42318220528778,-21.1290847513397,5.53205436479465));
#7262=CARTESIAN_POINT('Ctrl Pts',(0.299809010930082,-21.0932053005689,5.52924394271945));
#7263=CARTESIAN_POINT('Ctrl Pts',(0.218821858227799,-21.0540444540097,5.52514864615212));
#7264=CARTESIAN_POINT('Ctrl Pts',(0.058707610027556,-20.9403964012891,5.51382236457892));
#7265=CARTESIAN_POINT('Ctrl Pts',(-0.0152738627827144,-20.8615262193155,
5.50629315861217));
#7266=CARTESIAN_POINT('Ctrl Pts',(-0.124317252785236,-20.6850094206056,
5.4938113420826));
#7267=CARTESIAN_POINT('Ctrl Pts',(-0.160580563962177,-20.5903355248926,
5.48889748339764));
#7268=CARTESIAN_POINT('Ctrl Pts',(-0.19657646668244,-20.3897716397649,5.48405014158385));
#7269=CARTESIAN_POINT('Ctrl Pts',(-0.19499003131194,-20.2857147834336,5.48433014176213));
#7270=CARTESIAN_POINT('Ctrl Pts',(-0.151853256596797,-20.0813473462363,
5.49028649726226));
#7271=CARTESIAN_POINT('Ctrl Pts',(-0.10976351252054,-19.9833717271507,5.49600062927225));
#7272=CARTESIAN_POINT('Ctrl Pts',(0.0100247702871207,-19.8093207296246,
5.50933807083404));
#7273=CARTESIAN_POINT('Ctrl Pts',(0.0866911158140985,-19.7349224367461,
5.51675901327975));
#7274=CARTESIAN_POINT('Ctrl Pts',(0.248613140395073,-19.6305480760774,5.52733612839652));
#7275=CARTESIAN_POINT('Ctrl Pts',(0.328807131906704,-19.5956692282233,5.53092102652214));
#7276=CARTESIAN_POINT('Ctrl Pts',(0.441777729931496,-19.5671284312358,5.5328984821653));
#7277=CARTESIAN_POINT('Ctrl Pts',(0.470783122131839,-19.5614908179797,5.53315804540201));
#7278=CARTESIAN_POINT('Ctrl Pts',(0.499997188813413,-19.5574702839293,5.53316005170302));
#7279=CARTESIAN_POINT('Origin',(0.6090676996701,-20.3500000986704,5.47769635606384));
#7280=CARTESIAN_POINT('Origin',(0.609067409898089,-20.3499998863361,11.4140892028809));
#7281=CARTESIAN_POINT('Origin',(0.609067811687045,-20.3500004409414,5.50877332687378));
#7282=CARTESIAN_POINT('Origin',(0.609067314067374,-20.3500009985883,11.4140892028809));
#7283=CARTESIAN_POINT('Origin',(0.573257387683378,-16.6277466339772,11.4140892028809));
#7284=CARTESIAN_POINT('',(0.536626667283767,-23.4867930412292,11.4140892028809));
#7285=CARTESIAN_POINT('Origin',(0.499995946884155,-23.4867930412292,12.5263398885727));
#7286=UNCERTAINTY_MEASURE_WITH_UNIT(LENGTH_MEASURE(0.01),#7290,
'DISTANCE_ACCURACY_VALUE',
'Maximum model space distance between geometric entities at asserted c
onnectivities');
#7287=UNCERTAINTY_MEASURE_WITH_UNIT(LENGTH_MEASURE(0.01),#7290,
'DISTANCE_ACCURACY_VALUE',
'Maximum model space distance between geometric entities at asserted c
onnectivities');
#7288=(
GEOMETRIC_REPRESENTATION_CONTEXT(3)
GLOBAL_UNCERTAINTY_ASSIGNED_CONTEXT((#7286))
GLOBAL_UNIT_ASSIGNED_CONTEXT((#7290,#7292,#7293))
REPRESENTATION_CONTEXT('','3D')
);
#7289=(
GEOMETRIC_REPRESENTATION_CONTEXT(3)
GLOBAL_UNCERTAINTY_ASSIGNED_CONTEXT((#7287))
GLOBAL_UNIT_ASSIGNED_CONTEXT((#7290,#7292,#7293))
REPRESENTATION_CONTEXT('','3D')
);
#7290=(
LENGTH_UNIT()
NAMED_UNIT(*)
SI_UNIT(.MILLI.,.METRE.)
);
#7291=(
LENGTH_UNIT()
NAMED_UNIT(*)
SI_UNIT($,.METRE.)
);
#7292=(
NAMED_UNIT(*)
PLANE_ANGLE_UNIT()
SI_UNIT($,.RADIAN.)
);
#7293=(
NAMED_UNIT(*)
SI_UNIT($,.STERADIAN.)
SOLID_ANGLE_UNIT()
);
#7294=SHAPE_DEFINITION_REPRESENTATION(#7295,#7296);
#7295=PRODUCT_DEFINITION_SHAPE('',$,#7298);
#7296=SHAPE_REPRESENTATION('',(#2686),#7288);
#7297=PRODUCT_DEFINITION_CONTEXT('part definition',#7302,'design');
#7298=PRODUCT_DEFINITION('2026-09-08-23-29-53-502','roller_blade',#7299,
#7297);
#7299=PRODUCT_DEFINITION_FORMATION('',$,#7304);
#7300=PRODUCT_RELATED_PRODUCT_CATEGORY('roller_blade','roller_blade',(#7304));
#7301=APPLICATION_PROTOCOL_DEFINITION('international standard',
'automotive_design',2009,#7302);
#7302=APPLICATION_CONTEXT(
'Core Data for Automotive Mechanical Design Process');
#7303=PRODUCT_CONTEXT('part definition',#7302,'mechanical');
#7304=PRODUCT('2026-09-08-23-29-53-502','roller_blade',$,(#7303));
#7305=PRESENTATION_STYLE_ASSIGNMENT((#7306));
#7306=SURFACE_STYLE_USAGE(.BOTH.,#7307);
#7307=SURFACE_SIDE_STYLE('',(#7308));
#7308=SURFACE_STYLE_FILL_AREA(#7309);
#7309=FILL_AREA_STYLE('Steel - Satin',(#7310));
#7310=FILL_AREA_STYLE_COLOUR('Steel - Satin',#7311);
#7311=COLOUR_RGB('Steel - Satin',0.627450980392157,0.627450980392157,0.627450980392157);
ENDSEC;
END-ISO-10303-21;
