ISO-10303-21;
HEADER;
/* Generated by software containing ST-Developer
 * from STEP Tools, Inc. (www.steptools.com) 
 */

FILE_DESCRIPTION(
/* description */ (''),
/* implementation_level */ '2;1');

FILE_NAME(
/* name */ 'foot_left.step',
/* time_stamp */ '2026-09-14T15:36:47-06:00',
/* author */ (''),
/* organization */ (''),
/* preprocessor_version */ 'ST-DEVELOPER v20.2',
/* originating_system */ 'Autodesk Translation Framework v15.15.0.0',
/* authorisation */ '');

FILE_SCHEMA (('AUTOMOTIVE_DESIGN { 1 0 10303 214 3 1 1 }'));
ENDSEC;

DATA;
#10=MECHANICAL_DESIGN_GEOMETRIC_PRESENTATION_REPRESENTATION('',(#13),#6082);
#11=SHAPE_REPRESENTATION_RELATIONSHIP('SRR','None',#6088,#12);
#12=ADVANCED_BREP_SHAPE_REPRESENTATION('',(#14),#6081);
#13=STYLED_ITEM('',(#6097),#14);
#14=MANIFOLD_SOLID_BREP('foot_left',#3659);
#15=FACE_BOUND('',#423,.T.);
#16=FACE_BOUND('',#424,.T.);
#17=FACE_BOUND('',#433,.T.);
#18=FACE_BOUND('',#511,.T.);
#19=FACE_BOUND('',#517,.T.);
#20=ELLIPSE('',#3767,6.03850665222669,6.);
#21=ELLIPSE('',#3768,6.03850665222669,6.);
#22=ELLIPSE('',#3772,6.03850665222669,6.);
#23=ELLIPSE('',#3773,6.03850665222669,6.);
#24=ELLIPSE('',#3774,6.03850665222669,6.);
#25=ELLIPSE('',#3786,4.51718926894506,4.5);
#26=ELLIPSE('',#3793,0.803055838490536,0.799999968575893);
#27=ELLIPSE('',#3813,4.51718926894506,4.5);
#28=ELLIPSE('',#3826,6.04674335081588,6.);
#29=ELLIPSE('',#3827,6.04674335081588,6.);
#30=ELLIPSE('',#3828,6.04674335081588,6.);
#31=ELLIPSE('',#3832,6.04674335081588,6.);
#32=ELLIPSE('',#3834,6.04674335081588,6.);
#33=SPHERICAL_SURFACE('',#3738,4.5);
#34=SPHERICAL_SURFACE('',#3740,4.5);
#35=SPHERICAL_SURFACE('',#3748,4.5);
#36=SPHERICAL_SURFACE('',#3758,4.5);
#37=PLANE('',#3663);
#38=PLANE('',#3664);
#39=PLANE('',#3668);
#40=PLANE('',#3669);
#41=PLANE('',#3729);
#42=PLANE('',#3744);
#43=PLANE('',#3752);
#44=PLANE('',#3757);
#45=PLANE('',#3765);
#46=PLANE('',#3775);
#47=PLANE('',#3776);
#48=PLANE('',#3777);
#49=PLANE('',#3778);
#50=PLANE('',#3779);
#51=PLANE('',#3780);
#52=PLANE('',#3781);
#53=PLANE('',#3782);
#54=PLANE('',#3783);
#55=PLANE('',#3784);
#56=PLANE('',#3787);
#57=PLANE('',#3788);
#58=PLANE('',#3789);
#59=PLANE('',#3790);
#60=PLANE('',#3791);
#61=PLANE('',#3792);
#62=PLANE('',#3794);
#63=PLANE('',#3795);
#64=PLANE('',#3796);
#65=PLANE('',#3797);
#66=PLANE('',#3798);
#67=PLANE('',#3799);
#68=PLANE('',#3800);
#69=PLANE('',#3801);
#70=PLANE('',#3802);
#71=PLANE('',#3803);
#72=PLANE('',#3804);
#73=PLANE('',#3805);
#74=PLANE('',#3806);
#75=PLANE('',#3807);
#76=PLANE('',#3808);
#77=PLANE('',#3811);
#78=PLANE('',#3814);
#79=PLANE('',#3815);
#80=PLANE('',#3816);
#81=PLANE('',#3817);
#82=PLANE('',#3818);
#83=PLANE('',#3819);
#84=PLANE('',#3820);
#85=PLANE('',#3821);
#86=PLANE('',#3829);
#87=PLANE('',#3831);
#88=PLANE('',#3835);
#89=PLANE('',#3836);
#90=PLANE('',#3837);
#91=PLANE('',#3838);
#92=PLANE('',#3840);
#93=PLANE('',#3852);
#94=PLANE('',#3853);
#95=PLANE('',#3854);
#96=PLANE('',#3855);
#97=PLANE('',#3856);
#98=PLANE('',#3859);
#99=PLANE('',#3860);
#100=PLANE('',#3861);
#101=PLANE('',#3862);
#102=PLANE('',#3863);
#103=PLANE('',#3864);
#104=PLANE('',#3865);
#105=PLANE('',#3866);
#106=PLANE('',#3867);
#107=PLANE('',#3868);
#108=PLANE('',#3869);
#109=PLANE('',#3870);
#110=PLANE('',#3871);
#111=PLANE('',#3874);
#112=PLANE('',#3875);
#113=PLANE('',#3876);
#114=PLANE('',#3877);
#115=PLANE('',#3878);
#116=PLANE('',#3879);
#117=PLANE('',#3880);
#118=PLANE('',#3881);
#119=PLANE('',#3882);
#120=PLANE('',#3883);
#121=PLANE('',#3884);
#122=PLANE('',#3885);
#123=PLANE('',#3886);
#124=PLANE('',#3887);
#125=PLANE('',#3888);
#126=PLANE('',#3889);
#127=PLANE('',#3890);
#128=PLANE('',#3891);
#129=PLANE('',#3892);
#130=PLANE('',#3893);
#131=PLANE('',#3894);
#132=PLANE('',#3895);
#133=PLANE('',#3896);
#134=PLANE('',#3897);
#135=PLANE('',#3898);
#136=PLANE('',#3899);
#137=PLANE('',#3900);
#138=PLANE('',#3901);
#139=PLANE('',#3902);
#140=PLANE('',#3903);
#141=PLANE('',#3904);
#142=PLANE('',#3905);
#143=PLANE('',#3906);
#144=PLANE('',#3907);
#145=PLANE('',#3908);
#146=PLANE('',#3909);
#147=PLANE('',#3910);
#148=PLANE('',#3911);
#149=PLANE('',#3912);
#150=PLANE('',#3913);
#151=PLANE('',#3914);
#152=PLANE('',#3915);
#153=PLANE('',#3916);
#154=PLANE('',#3917);
#155=PLANE('',#3918);
#156=PLANE('',#3919);
#157=PLANE('',#3920);
#158=PLANE('',#3921);
#159=PLANE('',#3922);
#160=PLANE('',#3923);
#161=PLANE('',#3924);
#162=PLANE('',#3925);
#163=PLANE('',#3926);
#164=PLANE('',#3927);
#165=PLANE('',#3928);
#166=PLANE('',#3929);
#167=PLANE('',#3932);
#168=PLANE('',#3934);
#169=PLANE('',#3937);
#170=PLANE('',#3938);
#171=PLANE('',#3939);
#172=PLANE('',#3940);
#173=FACE_OUTER_BOUND('',#344,.T.);
#174=FACE_OUTER_BOUND('',#345,.T.);
#175=FACE_OUTER_BOUND('',#346,.T.);
#176=FACE_OUTER_BOUND('',#347,.T.);
#177=FACE_OUTER_BOUND('',#348,.T.);
#178=FACE_OUTER_BOUND('',#349,.T.);
#179=FACE_OUTER_BOUND('',#350,.T.);
#180=FACE_OUTER_BOUND('',#351,.T.);
#181=FACE_OUTER_BOUND('',#352,.T.);
#182=FACE_OUTER_BOUND('',#353,.T.);
#183=FACE_OUTER_BOUND('',#354,.T.);
#184=FACE_OUTER_BOUND('',#355,.T.);
#185=FACE_OUTER_BOUND('',#356,.T.);
#186=FACE_OUTER_BOUND('',#357,.T.);
#187=FACE_OUTER_BOUND('',#358,.T.);
#188=FACE_OUTER_BOUND('',#359,.T.);
#189=FACE_OUTER_BOUND('',#360,.T.);
#190=FACE_OUTER_BOUND('',#361,.T.);
#191=FACE_OUTER_BOUND('',#362,.T.);
#192=FACE_OUTER_BOUND('',#363,.T.);
#193=FACE_OUTER_BOUND('',#364,.T.);
#194=FACE_OUTER_BOUND('',#365,.T.);
#195=FACE_OUTER_BOUND('',#366,.T.);
#196=FACE_OUTER_BOUND('',#367,.T.);
#197=FACE_OUTER_BOUND('',#368,.T.);
#198=FACE_OUTER_BOUND('',#369,.T.);
#199=FACE_OUTER_BOUND('',#370,.T.);
#200=FACE_OUTER_BOUND('',#371,.T.);
#201=FACE_OUTER_BOUND('',#372,.T.);
#202=FACE_OUTER_BOUND('',#373,.T.);
#203=FACE_OUTER_BOUND('',#374,.T.);
#204=FACE_OUTER_BOUND('',#375,.T.);
#205=FACE_OUTER_BOUND('',#376,.T.);
#206=FACE_OUTER_BOUND('',#377,.T.);
#207=FACE_OUTER_BOUND('',#378,.T.);
#208=FACE_OUTER_BOUND('',#379,.T.);
#209=FACE_OUTER_BOUND('',#380,.T.);
#210=FACE_OUTER_BOUND('',#381,.T.);
#211=FACE_OUTER_BOUND('',#382,.T.);
#212=FACE_OUTER_BOUND('',#383,.T.);
#213=FACE_OUTER_BOUND('',#384,.T.);
#214=FACE_OUTER_BOUND('',#385,.T.);
#215=FACE_OUTER_BOUND('',#386,.T.);
#216=FACE_OUTER_BOUND('',#387,.T.);
#217=FACE_OUTER_BOUND('',#388,.T.);
#218=FACE_OUTER_BOUND('',#389,.T.);
#219=FACE_OUTER_BOUND('',#390,.T.);
#220=FACE_OUTER_BOUND('',#391,.T.);
#221=FACE_OUTER_BOUND('',#392,.T.);
#222=FACE_OUTER_BOUND('',#393,.T.);
#223=FACE_OUTER_BOUND('',#394,.T.);
#224=FACE_OUTER_BOUND('',#395,.T.);
#225=FACE_OUTER_BOUND('',#396,.T.);
#226=FACE_OUTER_BOUND('',#397,.T.);
#227=FACE_OUTER_BOUND('',#398,.T.);
#228=FACE_OUTER_BOUND('',#399,.T.);
#229=FACE_OUTER_BOUND('',#400,.T.);
#230=FACE_OUTER_BOUND('',#401,.T.);
#231=FACE_OUTER_BOUND('',#402,.T.);
#232=FACE_OUTER_BOUND('',#403,.T.);
#233=FACE_OUTER_BOUND('',#404,.T.);
#234=FACE_OUTER_BOUND('',#405,.T.);
#235=FACE_OUTER_BOUND('',#406,.T.);
#236=FACE_OUTER_BOUND('',#407,.T.);
#237=FACE_OUTER_BOUND('',#408,.T.);
#238=FACE_OUTER_BOUND('',#409,.T.);
#239=FACE_OUTER_BOUND('',#410,.T.);
#240=FACE_OUTER_BOUND('',#411,.T.);
#241=FACE_OUTER_BOUND('',#412,.T.);
#242=FACE_OUTER_BOUND('',#413,.T.);
#243=FACE_OUTER_BOUND('',#414,.T.);
#244=FACE_OUTER_BOUND('',#415,.T.);
#245=FACE_OUTER_BOUND('',#416,.T.);
#246=FACE_OUTER_BOUND('',#417,.T.);
#247=FACE_OUTER_BOUND('',#418,.T.);
#248=FACE_OUTER_BOUND('',#419,.T.);
#249=FACE_OUTER_BOUND('',#420,.T.);
#250=FACE_OUTER_BOUND('',#421,.T.);
#251=FACE_OUTER_BOUND('',#422,.T.);
#252=FACE_OUTER_BOUND('',#425,.T.);
#253=FACE_OUTER_BOUND('',#426,.T.);
#254=FACE_OUTER_BOUND('',#427,.T.);
#255=FACE_OUTER_BOUND('',#428,.T.);
#256=FACE_OUTER_BOUND('',#429,.T.);
#257=FACE_OUTER_BOUND('',#430,.T.);
#258=FACE_OUTER_BOUND('',#431,.T.);
#259=FACE_OUTER_BOUND('',#432,.T.);
#260=FACE_OUTER_BOUND('',#434,.T.);
#261=FACE_OUTER_BOUND('',#435,.T.);
#262=FACE_OUTER_BOUND('',#436,.T.);
#263=FACE_OUTER_BOUND('',#437,.T.);
#264=FACE_OUTER_BOUND('',#438,.T.);
#265=FACE_OUTER_BOUND('',#439,.T.);
#266=FACE_OUTER_BOUND('',#440,.T.);
#267=FACE_OUTER_BOUND('',#441,.T.);
#268=FACE_OUTER_BOUND('',#442,.T.);
#269=FACE_OUTER_BOUND('',#443,.T.);
#270=FACE_OUTER_BOUND('',#444,.T.);
#271=FACE_OUTER_BOUND('',#445,.T.);
#272=FACE_OUTER_BOUND('',#446,.T.);
#273=FACE_OUTER_BOUND('',#447,.T.);
#274=FACE_OUTER_BOUND('',#448,.T.);
#275=FACE_OUTER_BOUND('',#449,.T.);
#276=FACE_OUTER_BOUND('',#450,.T.);
#277=FACE_OUTER_BOUND('',#451,.T.);
#278=FACE_OUTER_BOUND('',#452,.T.);
#279=FACE_OUTER_BOUND('',#453,.T.);
#280=FACE_OUTER_BOUND('',#454,.T.);
#281=FACE_OUTER_BOUND('',#455,.T.);
#282=FACE_OUTER_BOUND('',#456,.T.);
#283=FACE_OUTER_BOUND('',#457,.T.);
#284=FACE_OUTER_BOUND('',#458,.T.);
#285=FACE_OUTER_BOUND('',#459,.T.);
#286=FACE_OUTER_BOUND('',#460,.T.);
#287=FACE_OUTER_BOUND('',#461,.T.);
#288=FACE_OUTER_BOUND('',#462,.T.);
#289=FACE_OUTER_BOUND('',#463,.T.);
#290=FACE_OUTER_BOUND('',#464,.T.);
#291=FACE_OUTER_BOUND('',#465,.T.);
#292=FACE_OUTER_BOUND('',#466,.T.);
#293=FACE_OUTER_BOUND('',#467,.T.);
#294=FACE_OUTER_BOUND('',#468,.T.);
#295=FACE_OUTER_BOUND('',#469,.T.);
#296=FACE_OUTER_BOUND('',#470,.T.);
#297=FACE_OUTER_BOUND('',#471,.T.);
#298=FACE_OUTER_BOUND('',#472,.T.);
#299=FACE_OUTER_BOUND('',#473,.T.);
#300=FACE_OUTER_BOUND('',#474,.T.);
#301=FACE_OUTER_BOUND('',#475,.T.);
#302=FACE_OUTER_BOUND('',#476,.T.);
#303=FACE_OUTER_BOUND('',#477,.T.);
#304=FACE_OUTER_BOUND('',#478,.T.);
#305=FACE_OUTER_BOUND('',#479,.T.);
#306=FACE_OUTER_BOUND('',#480,.T.);
#307=FACE_OUTER_BOUND('',#481,.T.);
#308=FACE_OUTER_BOUND('',#482,.T.);
#309=FACE_OUTER_BOUND('',#483,.T.);
#310=FACE_OUTER_BOUND('',#484,.T.);
#311=FACE_OUTER_BOUND('',#485,.T.);
#312=FACE_OUTER_BOUND('',#486,.T.);
#313=FACE_OUTER_BOUND('',#487,.T.);
#314=FACE_OUTER_BOUND('',#488,.T.);
#315=FACE_OUTER_BOUND('',#489,.T.);
#316=FACE_OUTER_BOUND('',#490,.T.);
#317=FACE_OUTER_BOUND('',#491,.T.);
#318=FACE_OUTER_BOUND('',#492,.T.);
#319=FACE_OUTER_BOUND('',#493,.T.);
#320=FACE_OUTER_BOUND('',#494,.T.);
#321=FACE_OUTER_BOUND('',#495,.T.);
#322=FACE_OUTER_BOUND('',#496,.T.);
#323=FACE_OUTER_BOUND('',#497,.T.);
#324=FACE_OUTER_BOUND('',#498,.T.);
#325=FACE_OUTER_BOUND('',#499,.T.);
#326=FACE_OUTER_BOUND('',#500,.T.);
#327=FACE_OUTER_BOUND('',#501,.T.);
#328=FACE_OUTER_BOUND('',#502,.T.);
#329=FACE_OUTER_BOUND('',#503,.T.);
#330=FACE_OUTER_BOUND('',#504,.T.);
#331=FACE_OUTER_BOUND('',#505,.T.);
#332=FACE_OUTER_BOUND('',#506,.T.);
#333=FACE_OUTER_BOUND('',#507,.T.);
#334=FACE_OUTER_BOUND('',#508,.T.);
#335=FACE_OUTER_BOUND('',#509,.T.);
#336=FACE_OUTER_BOUND('',#510,.T.);
#337=FACE_OUTER_BOUND('',#512,.T.);
#338=FACE_OUTER_BOUND('',#513,.T.);
#339=FACE_OUTER_BOUND('',#514,.T.);
#340=FACE_OUTER_BOUND('',#515,.T.);
#341=FACE_OUTER_BOUND('',#516,.T.);
#342=FACE_OUTER_BOUND('',#518,.T.);
#343=FACE_OUTER_BOUND('',#519,.T.);
#344=EDGE_LOOP('',(#2371,#2372,#2373,#2374));
#345=EDGE_LOOP('',(#2375,#2376,#2377,#2378,#2379,#2380));
#346=EDGE_LOOP('',(#2381,#2382,#2383,#2384,#2385,#2386,#2387,#2388,#2389,
#2390,#2391,#2392,#2393));
#347=EDGE_LOOP('',(#2394,#2395,#2396,#2397,#2398));
#348=EDGE_LOOP('',(#2399,#2400,#2401,#2402,#2403,#2404));
#349=EDGE_LOOP('',(#2405,#2406,#2407,#2408,#2409,#2410,#2411,#2412,#2413,
#2414,#2415,#2416,#2417,#2418,#2419,#2420,#2421,#2422,#2423,#2424,#2425,
#2426,#2427,#2428,#2429,#2430,#2431,#2432,#2433,#2434,#2435,#2436,#2437,
#2438,#2439));
#350=EDGE_LOOP('',(#2440,#2441,#2442,#2443,#2444,#2445,#2446,#2447,#2448,
#2449,#2450,#2451,#2452,#2453,#2454,#2455,#2456,#2457,#2458,#2459,#2460,
#2461,#2462,#2463,#2464,#2465,#2466,#2467,#2468,#2469,#2470,#2471,#2472,
#2473,#2474,#2475,#2476,#2477,#2478,#2479,#2480,#2481,#2482,#2483,#2484,
#2485));
#351=EDGE_LOOP('',(#2486,#2487,#2488,#2489,#2490,#2491,#2492,#2493,#2494,
#2495,#2496,#2497,#2498,#2499,#2500,#2501,#2502,#2503,#2504,#2505,#2506,
#2507,#2508,#2509,#2510,#2511,#2512,#2513,#2514,#2515,#2516,#2517,#2518,
#2519,#2520,#2521,#2522,#2523,#2524,#2525,#2526,#2527,#2528,#2529,#2530,
#2531));
#352=EDGE_LOOP('',(#2532,#2533,#2534,#2535,#2536));
#353=EDGE_LOOP('',(#2537,#2538,#2539,#2540,#2541,#2542,#2543,#2544,#2545,
#2546,#2547,#2548,#2549,#2550,#2551,#2552,#2553,#2554,#2555,#2556,#2557,
#2558,#2559,#2560,#2561,#2562,#2563,#2564,#2565,#2566,#2567,#2568,#2569,
#2570,#2571));
#354=EDGE_LOOP('',(#2572,#2573,#2574,#2575,#2576));
#355=EDGE_LOOP('',(#2577,#2578,#2579,#2580));
#356=EDGE_LOOP('',(#2581,#2582,#2583,#2584));
#357=EDGE_LOOP('',(#2585,#2586,#2587,#2588));
#358=EDGE_LOOP('',(#2589,#2590,#2591,#2592));
#359=EDGE_LOOP('',(#2593,#2594,#2595,#2596,#2597,#2598));
#360=EDGE_LOOP('',(#2599,#2600,#2601,#2602,#2603));
#361=EDGE_LOOP('',(#2604,#2605,#2606,#2607,#2608));
#362=EDGE_LOOP('',(#2609,#2610,#2611,#2612,#2613));
#363=EDGE_LOOP('',(#2614,#2615,#2616,#2617));
#364=EDGE_LOOP('',(#2618,#2619,#2620,#2621,#2622,#2623,#2624));
#365=EDGE_LOOP('',(#2625,#2626,#2627,#2628));
#366=EDGE_LOOP('',(#2629,#2630,#2631,#2632));
#367=EDGE_LOOP('',(#2633,#2634,#2635,#2636));
#368=EDGE_LOOP('',(#2637,#2638,#2639,#2640));
#369=EDGE_LOOP('',(#2641,#2642,#2643,#2644,#2645,#2646));
#370=EDGE_LOOP('',(#2647,#2648,#2649,#2650,#2651,#2652));
#371=EDGE_LOOP('',(#2653,#2654,#2655,#2656,#2657,#2658));
#372=EDGE_LOOP('',(#2659,#2660,#2661,#2662,#2663,#2664));
#373=EDGE_LOOP('',(#2665,#2666,#2667,#2668,#2669,#2670));
#374=EDGE_LOOP('',(#2671,#2672,#2673,#2674,#2675,#2676));
#375=EDGE_LOOP('',(#2677,#2678,#2679,#2680,#2681,#2682));
#376=EDGE_LOOP('',(#2683,#2684,#2685,#2686,#2687,#2688));
#377=EDGE_LOOP('',(#2689,#2690,#2691,#2692,#2693,#2694));
#378=EDGE_LOOP('',(#2695,#2696,#2697,#2698));
#379=EDGE_LOOP('',(#2699,#2700,#2701,#2702,#2703,#2704));
#380=EDGE_LOOP('',(#2705,#2706,#2707,#2708));
#381=EDGE_LOOP('',(#2709,#2710,#2711,#2712,#2713));
#382=EDGE_LOOP('',(#2714,#2715,#2716,#2717));
#383=EDGE_LOOP('',(#2718,#2719,#2720,#2721,#2722,#2723));
#384=EDGE_LOOP('',(#2724,#2725,#2726,#2727));
#385=EDGE_LOOP('',(#2728,#2729,#2730,#2731));
#386=EDGE_LOOP('',(#2732,#2733,#2734,#2735,#2736,#2737));
#387=EDGE_LOOP('',(#2738,#2739,#2740,#2741));
#388=EDGE_LOOP('',(#2742,#2743,#2744,#2745));
#389=EDGE_LOOP('',(#2746,#2747,#2748,#2749));
#390=EDGE_LOOP('',(#2750,#2751,#2752,#2753));
#391=EDGE_LOOP('',(#2754,#2755,#2756,#2757));
#392=EDGE_LOOP('',(#2758,#2759,#2760,#2761));
#393=EDGE_LOOP('',(#2762,#2763,#2764,#2765));
#394=EDGE_LOOP('',(#2766,#2767,#2768,#2769,#2770,#2771));
#395=EDGE_LOOP('',(#2772,#2773,#2774,#2775));
#396=EDGE_LOOP('',(#2776,#2777,#2778,#2779,#2780,#2781));
#397=EDGE_LOOP('',(#2782,#2783,#2784,#2785,#2786,#2787));
#398=EDGE_LOOP('',(#2788,#2789,#2790,#2791,#2792,#2793));
#399=EDGE_LOOP('',(#2794,#2795,#2796,#2797,#2798,#2799));
#400=EDGE_LOOP('',(#2800,#2801,#2802,#2803,#2804,#2805));
#401=EDGE_LOOP('',(#2806,#2807,#2808,#2809,#2810,#2811,#2812,#2813,#2814,
#2815));
#402=EDGE_LOOP('',(#2816,#2817,#2818,#2819));
#403=EDGE_LOOP('',(#2820,#2821,#2822,#2823,#2824));
#404=EDGE_LOOP('',(#2825,#2826,#2827,#2828));
#405=EDGE_LOOP('',(#2829,#2830,#2831,#2832));
#406=EDGE_LOOP('',(#2833,#2834,#2835,#2836));
#407=EDGE_LOOP('',(#2837,#2838,#2839,#2840,#2841,#2842));
#408=EDGE_LOOP('',(#2843,#2844,#2845,#2846));
#409=EDGE_LOOP('',(#2847,#2848,#2849,#2850));
#410=EDGE_LOOP('',(#2851,#2852,#2853,#2854,#2855,#2856,#2857));
#411=EDGE_LOOP('',(#2858,#2859,#2860,#2861));
#412=EDGE_LOOP('',(#2862,#2863,#2864,#2865,#2866));
#413=EDGE_LOOP('',(#2867,#2868,#2869,#2870,#2871,#2872,#2873,#2874));
#414=EDGE_LOOP('',(#2875,#2876,#2877,#2878,#2879,#2880));
#415=EDGE_LOOP('',(#2881,#2882,#2883,#2884));
#416=EDGE_LOOP('',(#2885,#2886,#2887,#2888));
#417=EDGE_LOOP('',(#2889,#2890,#2891,#2892,#2893,#2894,#2895,#2896,#2897,
#2898));
#418=EDGE_LOOP('',(#2899,#2900,#2901,#2902));
#419=EDGE_LOOP('',(#2903,#2904,#2905,#2906,#2907,#2908));
#420=EDGE_LOOP('',(#2909,#2910,#2911,#2912));
#421=EDGE_LOOP('',(#2913,#2914,#2915,#2916));
#422=EDGE_LOOP('',(#2917,#2918,#2919,#2920,#2921,#2922,#2923,#2924,#2925,
#2926,#2927,#2928,#2929,#2930,#2931,#2932));
#423=EDGE_LOOP('',(#2933,#2934,#2935,#2936,#2937,#2938,#2939,#2940,#2941,
#2942,#2943,#2944,#2945,#2946,#2947,#2948));
#424=EDGE_LOOP('',(#2949));
#425=EDGE_LOOP('',(#2950,#2951,#2952,#2953));
#426=EDGE_LOOP('',(#2954,#2955,#2956,#2957));
#427=EDGE_LOOP('',(#2958,#2959,#2960,#2961));
#428=EDGE_LOOP('',(#2962,#2963,#2964,#2965));
#429=EDGE_LOOP('',(#2966,#2967,#2968,#2969));
#430=EDGE_LOOP('',(#2970,#2971,#2972,#2973));
#431=EDGE_LOOP('',(#2974,#2975,#2976,#2977));
#432=EDGE_LOOP('',(#2978,#2979,#2980,#2981,#2982,#2983,#2984,#2985));
#433=EDGE_LOOP('',(#2986,#2987,#2988,#2989));
#434=EDGE_LOOP('',(#2990,#2991,#2992,#2993));
#435=EDGE_LOOP('',(#2994,#2995,#2996,#2997,#2998,#2999,#3000,#3001));
#436=EDGE_LOOP('',(#3002,#3003,#3004,#3005,#3006,#3007,#3008,#3009,#3010));
#437=EDGE_LOOP('',(#3011,#3012,#3013,#3014));
#438=EDGE_LOOP('',(#3015,#3016,#3017,#3018));
#439=EDGE_LOOP('',(#3019,#3020,#3021,#3022));
#440=EDGE_LOOP('',(#3023,#3024,#3025,#3026));
#441=EDGE_LOOP('',(#3027,#3028,#3029,#3030,#3031,#3032,#3033,#3034,#3035));
#442=EDGE_LOOP('',(#3036,#3037,#3038,#3039));
#443=EDGE_LOOP('',(#3040,#3041,#3042,#3043,#3044,#3045));
#444=EDGE_LOOP('',(#3046,#3047,#3048,#3049,#3050,#3051));
#445=EDGE_LOOP('',(#3052,#3053,#3054,#3055));
#446=EDGE_LOOP('',(#3056,#3057,#3058,#3059));
#447=EDGE_LOOP('',(#3060,#3061,#3062,#3063));
#448=EDGE_LOOP('',(#3064,#3065,#3066,#3067));
#449=EDGE_LOOP('',(#3068,#3069,#3070,#3071));
#450=EDGE_LOOP('',(#3072,#3073,#3074,#3075,#3076));
#451=EDGE_LOOP('',(#3077,#3078,#3079,#3080));
#452=EDGE_LOOP('',(#3081,#3082,#3083,#3084,#3085,#3086,#3087));
#453=EDGE_LOOP('',(#3088,#3089,#3090,#3091));
#454=EDGE_LOOP('',(#3092,#3093,#3094,#3095,#3096,#3097));
#455=EDGE_LOOP('',(#3098,#3099,#3100,#3101));
#456=EDGE_LOOP('',(#3102,#3103,#3104,#3105,#3106,#3107));
#457=EDGE_LOOP('',(#3108,#3109,#3110,#3111));
#458=EDGE_LOOP('',(#3112,#3113,#3114,#3115));
#459=EDGE_LOOP('',(#3116,#3117,#3118,#3119));
#460=EDGE_LOOP('',(#3120,#3121,#3122,#3123,#3124,#3125));
#461=EDGE_LOOP('',(#3126,#3127,#3128,#3129));
#462=EDGE_LOOP('',(#3130,#3131,#3132,#3133));
#463=EDGE_LOOP('',(#3134,#3135,#3136,#3137,#3138,#3139,#3140));
#464=EDGE_LOOP('',(#3141,#3142,#3143,#3144));
#465=EDGE_LOOP('',(#3145,#3146,#3147,#3148,#3149,#3150,#3151,#3152));
#466=EDGE_LOOP('',(#3153,#3154,#3155,#3156,#3157,#3158,#3159,#3160,#3161,
#3162,#3163,#3164,#3165));
#467=EDGE_LOOP('',(#3166,#3167,#3168,#3169,#3170,#3171));
#468=EDGE_LOOP('',(#3172,#3173,#3174,#3175,#3176,#3177));
#469=EDGE_LOOP('',(#3178,#3179,#3180,#3181,#3182,#3183,#3184,#3185,#3186,
#3187));
#470=EDGE_LOOP('',(#3188,#3189,#3190,#3191));
#471=EDGE_LOOP('',(#3192,#3193,#3194,#3195,#3196,#3197,#3198,#3199,#3200,
#3201,#3202,#3203));
#472=EDGE_LOOP('',(#3204,#3205,#3206,#3207));
#473=EDGE_LOOP('',(#3208,#3209,#3210,#3211));
#474=EDGE_LOOP('',(#3212,#3213,#3214,#3215));
#475=EDGE_LOOP('',(#3216,#3217,#3218,#3219));
#476=EDGE_LOOP('',(#3220,#3221,#3222,#3223));
#477=EDGE_LOOP('',(#3224,#3225,#3226,#3227,#3228,#3229,#3230));
#478=EDGE_LOOP('',(#3231,#3232,#3233,#3234));
#479=EDGE_LOOP('',(#3235,#3236,#3237,#3238));
#480=EDGE_LOOP('',(#3239,#3240,#3241,#3242));
#481=EDGE_LOOP('',(#3243,#3244,#3245,#3246,#3247,#3248,#3249));
#482=EDGE_LOOP('',(#3250,#3251,#3252,#3253));
#483=EDGE_LOOP('',(#3254,#3255,#3256,#3257,#3258,#3259,#3260,#3261));
#484=EDGE_LOOP('',(#3262,#3263,#3264,#3265,#3266,#3267,#3268,#3269));
#485=EDGE_LOOP('',(#3270,#3271,#3272,#3273));
#486=EDGE_LOOP('',(#3274,#3275,#3276,#3277,#3278,#3279,#3280));
#487=EDGE_LOOP('',(#3281,#3282,#3283,#3284));
#488=EDGE_LOOP('',(#3285,#3286,#3287,#3288));
#489=EDGE_LOOP('',(#3289,#3290,#3291,#3292));
#490=EDGE_LOOP('',(#3293,#3294,#3295,#3296,#3297,#3298,#3299,#3300,#3301,
#3302,#3303,#3304));
#491=EDGE_LOOP('',(#3305,#3306,#3307,#3308));
#492=EDGE_LOOP('',(#3309,#3310,#3311,#3312));
#493=EDGE_LOOP('',(#3313,#3314,#3315,#3316,#3317,#3318,#3319,#3320,#3321));
#494=EDGE_LOOP('',(#3322,#3323,#3324,#3325));
#495=EDGE_LOOP('',(#3326,#3327,#3328,#3329));
#496=EDGE_LOOP('',(#3330,#3331,#3332,#3333,#3334,#3335,#3336,#3337,#3338));
#497=EDGE_LOOP('',(#3339,#3340,#3341,#3342,#3343,#3344,#3345,#3346));
#498=EDGE_LOOP('',(#3347,#3348,#3349,#3350));
#499=EDGE_LOOP('',(#3351,#3352,#3353,#3354));
#500=EDGE_LOOP('',(#3355,#3356,#3357,#3358,#3359,#3360,#3361));
#501=EDGE_LOOP('',(#3362,#3363,#3364,#3365));
#502=EDGE_LOOP('',(#3366,#3367,#3368,#3369));
#503=EDGE_LOOP('',(#3370,#3371,#3372,#3373,#3374,#3375,#3376,#3377,#3378,
#3379,#3380,#3381));
#504=EDGE_LOOP('',(#3382,#3383,#3384,#3385));
#505=EDGE_LOOP('',(#3386,#3387,#3388,#3389,#3390,#3391,#3392));
#506=EDGE_LOOP('',(#3393,#3394,#3395,#3396));
#507=EDGE_LOOP('',(#3397,#3398,#3399,#3400,#3401,#3402,#3403,#3404));
#508=EDGE_LOOP('',(#3405,#3406,#3407,#3408));
#509=EDGE_LOOP('',(#3409,#3410,#3411,#3412));
#510=EDGE_LOOP('',(#3413));
#511=EDGE_LOOP('',(#3414));
#512=EDGE_LOOP('',(#3415,#3416,#3417,#3418));
#513=EDGE_LOOP('',(#3419,#3420,#3421,#3422));
#514=EDGE_LOOP('',(#3423,#3424));
#515=EDGE_LOOP('',(#3425,#3426));
#516=EDGE_LOOP('',(#3427,#3428,#3429,#3430,#3431,#3432,#3433,#3434));
#517=EDGE_LOOP('',(#3435,#3436,#3437,#3438,#3439,#3440,#3441,#3442));
#518=EDGE_LOOP('',(#3443,#3444,#3445,#3446,#3447,#3448));
#519=EDGE_LOOP('',(#3449,#3450,#3451,#3452,#3453,#3454,#3455,#3456));
#520=B_SPLINE_CURVE_WITH_KNOTS('',3,(#4937,#4938,#4939,#4940,#4941,#4942,
#4943,#4944,#4945,#4946,#4947),.UNSPECIFIED.,.F.,.F.,(4,2,3,2,4),(-0.150684544168913,
-0.0753422720844565,0.,0.0753557573352638,0.150711514670528),
 .UNSPECIFIED.);
#521=B_SPLINE_CURVE_WITH_KNOTS('',3,(#4984,#4985,#4986,#4987,#4988,#4989,
#4990,#4991,#4992,#4993,#4994),.UNSPECIFIED.,.F.,.F.,(4,2,3,2,4),(1.07969759040922,
1.13022602716545,1.20558184405633,1.28092410396722,1.35626636387812),
 .UNSPECIFIED.);
#522=B_SPLINE_CURVE_WITH_KNOTS('',3,(#4998,#4999,#5000,#5001),
 .UNSPECIFIED.,.F.,.F.,(4,4),(0.,0.0249345170102239),.UNSPECIFIED.);
#523=B_SPLINE_CURVE_WITH_KNOTS('',3,(#5325,#5326,#5327,#5328,#5329,#5330,
#5331,#5332,#5333,#5334),.UNSPECIFIED.,.F.,.F.,(4,2,2,2,4),(-0.244479464420593,
-0.226012666905817,-0.150674720107663,-0.0753373600538314,0.),
 .UNSPECIFIED.);
#524=B_SPLINE_CURVE_WITH_KNOTS('',3,(#5345,#5346,#5347,#5348),
 .UNSPECIFIED.,.F.,.F.,(4,4),(0.,0.0332258454189431),.UNSPECIFIED.);
#525=B_SPLINE_CURVE_WITH_KNOTS('',3,(#5368,#5369,#5370,#5371,#5372,#5373,
#5374,#5375,#5376,#5377),.UNSPECIFIED.,.F.,.F.,(4,2,2,2,4),(0.,0.0753373603834717,
0.150674720766943,0.226012677240523,0.27675789938423),.UNSPECIFIED.);
#526=B_SPLINE_CURVE_WITH_KNOTS('',3,(#5393,#5394,#5395,#5396,#5397,#5398,
#5399,#5400,#5401,#5402),.UNSPECIFIED.,.F.,.F.,(4,2,2,2,4),(2.56058031564514,
2.7473474207755,2.93411452590586,3.21004083646566,3.48596714702546),
 .UNSPECIFIED.);
#527=B_SPLINE_CURVE_WITH_KNOTS('',3,(#5420,#5421,#5422,#5423,#5424,#5425,
#5426,#5427,#5428,#5429),.UNSPECIFIED.,.F.,.F.,(4,2,2,2,4),(0.,0.26941390006286,
0.538827800125719,0.732089695214674,0.92535159030363),.UNSPECIFIED.);
#528=B_SPLINE_CURVE_WITH_KNOTS('',3,(#5600,#5601,#5602,#5603,#5604,#5605,
#5606,#5607,#5608,#5609),.UNSPECIFIED.,.F.,.F.,(4,2,2,2,4),(2.56601250776961,
2.75213434928926,2.93825619080892,3.21336373277364,3.48847127473836),
 .UNSPECIFIED.);
#529=B_SPLINE_CURVE_WITH_KNOTS('',3,(#5638,#5639,#5640,#5641,#5642,#5643,
#5644,#5645,#5646,#5647),.UNSPECIFIED.,.F.,.F.,(4,2,2,2,4),(0.,0.267955482071029,
0.535910964142058,0.729162088263533,0.922413212385009),.UNSPECIFIED.);
#530=LINE('',#4935,#953);
#531=LINE('',#4948,#954);
#532=LINE('',#4951,#955);
#533=LINE('',#4953,#956);
#534=LINE('',#4955,#957);
#535=LINE('',#4957,#958);
#536=LINE('',#4958,#959);
#537=LINE('',#4963,#960);
#538=LINE('',#4965,#961);
#539=LINE('',#4967,#962);
#540=LINE('',#4969,#963);
#541=LINE('',#4971,#964);
#542=LINE('',#4973,#965);
#543=LINE('',#4975,#966);
#544=LINE('',#4977,#967);
#545=LINE('',#4979,#968);
#546=LINE('',#4980,#969);
#547=LINE('',#4996,#970);
#548=LINE('',#5004,#971);
#549=LINE('',#5006,#972);
#550=LINE('',#5008,#973);
#551=LINE('',#5009,#974);
#552=LINE('',#5012,#975);
#553=LINE('',#5014,#976);
#554=LINE('',#5016,#977);
#555=LINE('',#5018,#978);
#556=LINE('',#5022,#979);
#557=LINE('',#5024,#980);
#558=LINE('',#5026,#981);
#559=LINE('',#5030,#982);
#560=LINE('',#5032,#983);
#561=LINE('',#5034,#984);
#562=LINE('',#5038,#985);
#563=LINE('',#5040,#986);
#564=LINE('',#5042,#987);
#565=LINE('',#5046,#988);
#566=LINE('',#5048,#989);
#567=LINE('',#5050,#990);
#568=LINE('',#5054,#991);
#569=LINE('',#5056,#992);
#570=LINE('',#5058,#993);
#571=LINE('',#5062,#994);
#572=LINE('',#5064,#995);
#573=LINE('',#5066,#996);
#574=LINE('',#5068,#997);
#575=LINE('',#5072,#998);
#576=LINE('',#5076,#999);
#577=LINE('',#5077,#1000);
#578=LINE('',#5082,#1001);
#579=LINE('',#5087,#1002);
#580=LINE('',#5092,#1003);
#581=LINE('',#5096,#1004);
#582=LINE('',#5100,#1005);
#583=LINE('',#5104,#1006);
#584=LINE('',#5108,#1007);
#585=LINE('',#5112,#1008);
#586=LINE('',#5116,#1009);
#587=LINE('',#5120,#1010);
#588=LINE('',#5124,#1011);
#589=LINE('',#5128,#1012);
#590=LINE('',#5133,#1013);
#591=LINE('',#5138,#1014);
#592=LINE('',#5143,#1015);
#593=LINE('',#5148,#1016);
#594=LINE('',#5155,#1017);
#595=LINE('',#5159,#1018);
#596=LINE('',#5163,#1019);
#597=LINE('',#5167,#1020);
#598=LINE('',#5171,#1021);
#599=LINE('',#5175,#1022);
#600=LINE('',#5179,#1023);
#601=LINE('',#5183,#1024);
#602=LINE('',#5187,#1025);
#603=LINE('',#5191,#1026);
#604=LINE('',#5195,#1027);
#605=LINE('',#5199,#1028);
#606=LINE('',#5203,#1029);
#607=LINE('',#5207,#1030);
#608=LINE('',#5210,#1031);
#609=LINE('',#5214,#1032);
#610=LINE('',#5218,#1033);
#611=LINE('',#5222,#1034);
#612=LINE('',#5226,#1035);
#613=LINE('',#5230,#1036);
#614=LINE('',#5234,#1037);
#615=LINE('',#5238,#1038);
#616=LINE('',#5241,#1039);
#617=LINE('',#5246,#1040);
#618=LINE('',#5250,#1041);
#619=LINE('',#5252,#1042);
#620=LINE('',#5256,#1043);
#621=LINE('',#5260,#1044);
#622=LINE('',#5261,#1045);
#623=LINE('',#5263,#1046);
#624=LINE('',#5266,#1047);
#625=LINE('',#5268,#1048);
#626=LINE('',#5271,#1049);
#627=LINE('',#5273,#1050);
#628=LINE('',#5276,#1051);
#629=LINE('',#5278,#1052);
#630=LINE('',#5281,#1053);
#631=LINE('',#5283,#1054);
#632=LINE('',#5286,#1055);
#633=LINE('',#5288,#1056);
#634=LINE('',#5292,#1057);
#635=LINE('',#5294,#1058);
#636=LINE('',#5295,#1059);
#637=LINE('',#5302,#1060);
#638=LINE('',#5305,#1061);
#639=LINE('',#5308,#1062);
#640=LINE('',#5309,#1063);
#641=LINE('',#5315,#1064);
#642=LINE('',#5317,#1065);
#643=LINE('',#5337,#1066);
#644=LINE('',#5339,#1067);
#645=LINE('',#5341,#1068);
#646=LINE('',#5342,#1069);
#647=LINE('',#5350,#1070);
#648=LINE('',#5354,#1071);
#649=LINE('',#5357,#1072);
#650=LINE('',#5360,#1073);
#651=LINE('',#5361,#1074);
#652=LINE('',#5383,#1075);
#653=LINE('',#5386,#1076);
#654=LINE('',#5387,#1077);
#655=LINE('',#5405,#1078);
#656=LINE('',#5413,#1079);
#657=LINE('',#5417,#1080);
#658=LINE('',#5431,#1081);
#659=LINE('',#5432,#1082);
#660=LINE('',#5434,#1083);
#661=LINE('',#5435,#1084);
#662=LINE('',#5437,#1085);
#663=LINE('',#5438,#1086);
#664=LINE('',#5440,#1087);
#665=LINE('',#5441,#1088);
#666=LINE('',#5443,#1089);
#667=LINE('',#5444,#1090);
#668=LINE('',#5446,#1091);
#669=LINE('',#5447,#1092);
#670=LINE('',#5449,#1093);
#671=LINE('',#5450,#1094);
#672=LINE('',#5453,#1095);
#673=LINE('',#5455,#1096);
#674=LINE('',#5456,#1097);
#675=LINE('',#5457,#1098);
#676=LINE('',#5460,#1099);
#677=LINE('',#5461,#1100);
#678=LINE('',#5463,#1101);
#679=LINE('',#5465,#1102);
#680=LINE('',#5466,#1103);
#681=LINE('',#5470,#1104);
#682=LINE('',#5473,#1105);
#683=LINE('',#5475,#1106);
#684=LINE('',#5477,#1107);
#685=LINE('',#5478,#1108);
#686=LINE('',#5481,#1109);
#687=LINE('',#5482,#1110);
#688=LINE('',#5484,#1111);
#689=LINE('',#5486,#1112);
#690=LINE('',#5487,#1113);
#691=LINE('',#5489,#1114);
#692=LINE('',#5492,#1115);
#693=LINE('',#5494,#1116);
#694=LINE('',#5495,#1117);
#695=LINE('',#5499,#1118);
#696=LINE('',#5502,#1119);
#697=LINE('',#5503,#1120);
#698=LINE('',#5508,#1121);
#699=LINE('',#5509,#1122);
#700=LINE('',#5512,#1123);
#701=LINE('',#5513,#1124);
#702=LINE('',#5516,#1125);
#703=LINE('',#5518,#1126);
#704=LINE('',#5519,#1127);
#705=LINE('',#5522,#1128);
#706=LINE('',#5523,#1129);
#707=LINE('',#5525,#1130);
#708=LINE('',#5526,#1131);
#709=LINE('',#5528,#1132);
#710=LINE('',#5529,#1133);
#711=LINE('',#5531,#1134);
#712=LINE('',#5533,#1135);
#713=LINE('',#5535,#1136);
#714=LINE('',#5538,#1137);
#715=LINE('',#5540,#1138);
#716=LINE('',#5542,#1139);
#717=LINE('',#5544,#1140);
#718=LINE('',#5545,#1141);
#719=LINE('',#5548,#1142);
#720=LINE('',#5551,#1143);
#721=LINE('',#5554,#1144);
#722=LINE('',#5556,#1145);
#723=LINE('',#5557,#1146);
#724=LINE('',#5560,#1147);
#725=LINE('',#5564,#1148);
#726=LINE('',#5565,#1149);
#727=LINE('',#5568,#1150);
#728=LINE('',#5570,#1151);
#729=LINE('',#5571,#1152);
#730=LINE('',#5574,#1153);
#731=LINE('',#5576,#1154);
#732=LINE('',#5578,#1155);
#733=LINE('',#5579,#1156);
#734=LINE('',#5582,#1157);
#735=LINE('',#5583,#1158);
#736=LINE('',#5585,#1159);
#737=LINE('',#5588,#1160);
#738=LINE('',#5590,#1161);
#739=LINE('',#5592,#1162);
#740=LINE('',#5593,#1163);
#741=LINE('',#5596,#1164);
#742=LINE('',#5610,#1165);
#743=LINE('',#5612,#1166);
#744=LINE('',#5616,#1167);
#745=LINE('',#5619,#1168);
#746=LINE('',#5624,#1169);
#747=LINE('',#5628,#1170);
#748=LINE('',#5632,#1171);
#749=LINE('',#5633,#1172);
#750=LINE('',#5636,#1173);
#751=LINE('',#5648,#1174);
#752=LINE('',#5653,#1175);
#753=LINE('',#5655,#1176);
#754=LINE('',#5657,#1177);
#755=LINE('',#5659,#1178);
#756=LINE('',#5661,#1179);
#757=LINE('',#5663,#1180);
#758=LINE('',#5664,#1181);
#759=LINE('',#5668,#1182);
#760=LINE('',#5671,#1183);
#761=LINE('',#5672,#1184);
#762=LINE('',#5673,#1185);
#763=LINE('',#5676,#1186);
#764=LINE('',#5677,#1187);
#765=LINE('',#5680,#1188);
#766=LINE('',#5681,#1189);
#767=LINE('',#5684,#1190);
#768=LINE('',#5686,#1191);
#769=LINE('',#5688,#1192);
#770=LINE('',#5690,#1193);
#771=LINE('',#5692,#1194);
#772=LINE('',#5694,#1195);
#773=LINE('',#5696,#1196);
#774=LINE('',#5697,#1197);
#775=LINE('',#5699,#1198);
#776=LINE('',#5701,#1199);
#777=LINE('',#5703,#1200);
#778=LINE('',#5704,#1201);
#779=LINE('',#5707,#1202);
#780=LINE('',#5709,#1203);
#781=LINE('',#5710,#1204);
#782=LINE('',#5712,#1205);
#783=LINE('',#5714,#1206);
#784=LINE('',#5715,#1207);
#785=LINE('',#5716,#1208);
#786=LINE('',#5718,#1209);
#787=LINE('',#5720,#1210);
#788=LINE('',#5721,#1211);
#789=LINE('',#5723,#1212);
#790=LINE('',#5724,#1213);
#791=LINE('',#5728,#1214);
#792=LINE('',#5730,#1215);
#793=LINE('',#5739,#1216);
#794=LINE('',#5741,#1217);
#795=LINE('',#5746,#1218);
#796=LINE('',#5750,#1219);
#797=LINE('',#5751,#1220);
#798=LINE('',#5754,#1221);
#799=LINE('',#5756,#1222);
#800=LINE('',#5758,#1223);
#801=LINE('',#5760,#1224);
#802=LINE('',#5762,#1225);
#803=LINE('',#5763,#1226);
#804=LINE('',#5766,#1227);
#805=LINE('',#5767,#1228);
#806=LINE('',#5769,#1229);
#807=LINE('',#5770,#1230);
#808=LINE('',#5771,#1231);
#809=LINE('',#5773,#1232);
#810=LINE('',#5779,#1233);
#811=LINE('',#5780,#1234);
#812=LINE('',#5782,#1235);
#813=LINE('',#5784,#1236);
#814=LINE('',#5785,#1237);
#815=LINE('',#5787,#1238);
#816=LINE('',#5788,#1239);
#817=LINE('',#5791,#1240);
#818=LINE('',#5792,#1241);
#819=LINE('',#5794,#1242);
#820=LINE('',#5795,#1243);
#821=LINE('',#5800,#1244);
#822=LINE('',#5802,#1245);
#823=LINE('',#5806,#1246);
#824=LINE('',#5808,#1247);
#825=LINE('',#5809,#1248);
#826=LINE('',#5811,#1249);
#827=LINE('',#5818,#1250);
#828=LINE('',#5820,#1251);
#829=LINE('',#5821,#1252);
#830=LINE('',#5824,#1253);
#831=LINE('',#5826,#1254);
#832=LINE('',#5827,#1255);
#833=LINE('',#5829,#1256);
#834=LINE('',#5831,#1257);
#835=LINE('',#5832,#1258);
#836=LINE('',#5834,#1259);
#837=LINE('',#5838,#1260);
#838=LINE('',#5839,#1261);
#839=LINE('',#5842,#1262);
#840=LINE('',#5844,#1263);
#841=LINE('',#5845,#1264);
#842=LINE('',#5847,#1265);
#843=LINE('',#5848,#1266);
#844=LINE('',#5852,#1267);
#845=LINE('',#5853,#1268);
#846=LINE('',#5856,#1269);
#847=LINE('',#5858,#1270);
#848=LINE('',#5859,#1271);
#849=LINE('',#5861,#1272);
#850=LINE('',#5862,#1273);
#851=LINE('',#5866,#1274);
#852=LINE('',#5868,#1275);
#853=LINE('',#5870,#1276);
#854=LINE('',#5872,#1277);
#855=LINE('',#5874,#1278);
#856=LINE('',#5876,#1279);
#857=LINE('',#5878,#1280);
#858=LINE('',#5880,#1281);
#859=LINE('',#5882,#1282);
#860=LINE('',#5884,#1283);
#861=LINE('',#5885,#1284);
#862=LINE('',#5887,#1285);
#863=LINE('',#5888,#1286);
#864=LINE('',#5890,#1287);
#865=LINE('',#5893,#1288);
#866=LINE('',#5895,#1289);
#867=LINE('',#5896,#1290);
#868=LINE('',#5899,#1291);
#869=LINE('',#5901,#1292);
#870=LINE('',#5903,#1293);
#871=LINE('',#5905,#1294);
#872=LINE('',#5907,#1295);
#873=LINE('',#5909,#1296);
#874=LINE('',#5911,#1297);
#875=LINE('',#5912,#1298);
#876=LINE('',#5913,#1299);
#877=LINE('',#5917,#1300);
#878=LINE('',#5918,#1301);
#879=LINE('',#5920,#1302);
#880=LINE('',#5924,#1303);
#881=LINE('',#5926,#1304);
#882=LINE('',#5928,#1305);
#883=LINE('',#5929,#1306);
#884=LINE('',#5932,#1307);
#885=LINE('',#5933,#1308);
#886=LINE('',#5935,#1309);
#887=LINE('',#5937,#1310);
#888=LINE('',#5938,#1311);
#889=LINE('',#5941,#1312);
#890=LINE('',#5942,#1313);
#891=LINE('',#5944,#1314);
#892=LINE('',#5947,#1315);
#893=LINE('',#5949,#1316);
#894=LINE('',#5950,#1317);
#895=LINE('',#5952,#1318);
#896=LINE('',#5953,#1319);
#897=LINE('',#5957,#1320);
#898=LINE('',#5958,#1321);
#899=LINE('',#5959,#1322);
#900=LINE('',#5960,#1323);
#901=LINE('',#5963,#1324);
#902=LINE('',#5964,#1325);
#903=LINE('',#5966,#1326);
#904=LINE('',#5968,#1327);
#905=LINE('',#5972,#1328);
#906=LINE('',#5976,#1329);
#907=LINE('',#5978,#1330);
#908=LINE('',#5980,#1331);
#909=LINE('',#5981,#1332);
#910=LINE('',#5982,#1333);
#911=LINE('',#5984,#1334);
#912=LINE('',#5986,#1335);
#913=LINE('',#5987,#1336);
#914=LINE('',#5990,#1337);
#915=LINE('',#5991,#1338);
#916=LINE('',#5994,#1339);
#917=LINE('',#5995,#1340);
#918=LINE('',#5998,#1341);
#919=LINE('',#6000,#1342);
#920=LINE('',#6001,#1343);
#921=LINE('',#6002,#1344);
#922=LINE('',#6004,#1345);
#923=LINE('',#6006,#1346);
#924=LINE('',#6009,#1347);
#925=LINE('',#6011,#1348);
#926=LINE('',#6012,#1349);
#927=LINE('',#6018,#1350);
#928=LINE('',#6020,#1351);
#929=LINE('',#6022,#1352);
#930=LINE('',#6023,#1353);
#931=LINE('',#6026,#1354);
#932=LINE('',#6028,#1355);
#933=LINE('',#6030,#1356);
#934=LINE('',#6032,#1357);
#935=LINE('',#6034,#1358);
#936=LINE('',#6035,#1359);
#937=LINE('',#6038,#1360);
#938=LINE('',#6039,#1361);
#939=LINE('',#6042,#1362);
#940=LINE('',#6043,#1363);
#941=LINE('',#6045,#1364);
#942=LINE('',#6047,#1365);
#943=LINE('',#6048,#1366);
#944=LINE('',#6051,#1367);
#945=LINE('',#6053,#1368);
#946=LINE('',#6054,#1369);
#947=LINE('',#6056,#1370);
#948=LINE('',#6057,#1371);
#949=LINE('',#6060,#1372);
#950=LINE('',#6064,#1373);
#951=LINE('',#6075,#1374);
#952=LINE('',#6078,#1375);
#953=VECTOR('',#3948,10.);
#954=VECTOR('',#3949,10.);
#955=VECTOR('',#3952,10.);
#956=VECTOR('',#3953,10.);
#957=VECTOR('',#3954,10.);
#958=VECTOR('',#3955,10.);
#959=VECTOR('',#3956,10.);
#960=VECTOR('',#3961,10.);
#961=VECTOR('',#3962,10.);
#962=VECTOR('',#3963,10.);
#963=VECTOR('',#3964,10.);
#964=VECTOR('',#3965,10.);
#965=VECTOR('',#3966,10.);
#966=VECTOR('',#3967,10.);
#967=VECTOR('',#3968,10.);
#968=VECTOR('',#3969,10.);
#969=VECTOR('',#3970,10.);
#970=VECTOR('',#3973,10.);
#971=VECTOR('',#3978,10.);
#972=VECTOR('',#3979,10.);
#973=VECTOR('',#3980,10.);
#974=VECTOR('',#3981,10.);
#975=VECTOR('',#3984,10.);
#976=VECTOR('',#3985,10.);
#977=VECTOR('',#3986,10.);
#978=VECTOR('',#3987,10.);
#979=VECTOR('',#3990,10.);
#980=VECTOR('',#3991,10.);
#981=VECTOR('',#3992,10.);
#982=VECTOR('',#3995,10.);
#983=VECTOR('',#3996,10.);
#984=VECTOR('',#3997,10.);
#985=VECTOR('',#4000,10.);
#986=VECTOR('',#4001,10.);
#987=VECTOR('',#4002,10.);
#988=VECTOR('',#4005,10.);
#989=VECTOR('',#4006,10.);
#990=VECTOR('',#4007,10.);
#991=VECTOR('',#4010,10.);
#992=VECTOR('',#4011,10.);
#993=VECTOR('',#4012,10.);
#994=VECTOR('',#4015,10.);
#995=VECTOR('',#4016,10.);
#996=VECTOR('',#4017,10.);
#997=VECTOR('',#4018,10.);
#998=VECTOR('',#4021,10.);
#999=VECTOR('',#4024,10.);
#1000=VECTOR('',#4025,10.);
#1001=VECTOR('',#4030,10.);
#1002=VECTOR('',#4035,10.);
#1003=VECTOR('',#4040,10.);
#1004=VECTOR('',#4043,10.);
#1005=VECTOR('',#4046,10.);
#1006=VECTOR('',#4049,10.);
#1007=VECTOR('',#4052,10.);
#1008=VECTOR('',#4055,10.);
#1009=VECTOR('',#4058,10.);
#1010=VECTOR('',#4061,10.);
#1011=VECTOR('',#4064,10.);
#1012=VECTOR('',#4067,10.);
#1013=VECTOR('',#4072,10.);
#1014=VECTOR('',#4077,10.);
#1015=VECTOR('',#4082,10.);
#1016=VECTOR('',#4087,10.);
#1017=VECTOR('',#4094,10.);
#1018=VECTOR('',#4097,10.);
#1019=VECTOR('',#4100,10.);
#1020=VECTOR('',#4103,10.);
#1021=VECTOR('',#4106,10.);
#1022=VECTOR('',#4109,10.);
#1023=VECTOR('',#4112,10.);
#1024=VECTOR('',#4115,10.);
#1025=VECTOR('',#4118,10.);
#1026=VECTOR('',#4121,10.);
#1027=VECTOR('',#4124,10.);
#1028=VECTOR('',#4127,10.);
#1029=VECTOR('',#4130,10.);
#1030=VECTOR('',#4133,10.);
#1031=VECTOR('',#4136,10.);
#1032=VECTOR('',#4139,10.);
#1033=VECTOR('',#4142,10.);
#1034=VECTOR('',#4145,10.);
#1035=VECTOR('',#4148,10.);
#1036=VECTOR('',#4151,10.);
#1037=VECTOR('',#4154,10.);
#1038=VECTOR('',#4157,10.);
#1039=VECTOR('',#4160,10.);
#1040=VECTOR('',#4165,10.);
#1041=VECTOR('',#4170,10.);
#1042=VECTOR('',#4171,10.);
#1043=VECTOR('',#4174,10.);
#1044=VECTOR('',#4177,10.);
#1045=VECTOR('',#4178,10.);
#1046=VECTOR('',#4179,10.);
#1047=VECTOR('',#4182,10.);
#1048=VECTOR('',#4183,10.);
#1049=VECTOR('',#4186,10.);
#1050=VECTOR('',#4187,10.);
#1051=VECTOR('',#4190,10.);
#1052=VECTOR('',#4191,10.);
#1053=VECTOR('',#4194,10.);
#1054=VECTOR('',#4195,10.);
#1055=VECTOR('',#4198,10.);
#1056=VECTOR('',#4199,10.);
#1057=VECTOR('',#4202,10.);
#1058=VECTOR('',#4203,10.);
#1059=VECTOR('',#4204,10.);
#1060=VECTOR('',#4215,10.);
#1061=VECTOR('',#4218,10.);
#1062=VECTOR('',#4221,10.);
#1063=VECTOR('',#4222,10.);
#1064=VECTOR('',#4227,10.);
#1065=VECTOR('',#4230,10.);
#1066=VECTOR('',#4241,10.);
#1067=VECTOR('',#4242,10.);
#1068=VECTOR('',#4243,10.);
#1069=VECTOR('',#4244,10.);
#1070=VECTOR('',#4247,2.);
#1071=VECTOR('',#4252,10.);
#1072=VECTOR('',#4255,10.);
#1073=VECTOR('',#4258,10.);
#1074=VECTOR('',#4259,10.);
#1075=VECTOR('',#4274,10.);
#1076=VECTOR('',#4277,10.);
#1077=VECTOR('',#4278,10.);
#1078=VECTOR('',#4285,10.);
#1079=VECTOR('',#4294,10.);
#1080=VECTOR('',#4297,10.);
#1081=VECTOR('',#4302,10.);
#1082=VECTOR('',#4303,10.);
#1083=VECTOR('',#4306,10.);
#1084=VECTOR('',#4307,10.);
#1085=VECTOR('',#4310,10.);
#1086=VECTOR('',#4311,10.);
#1087=VECTOR('',#4314,10.);
#1088=VECTOR('',#4315,10.);
#1089=VECTOR('',#4318,10.);
#1090=VECTOR('',#4319,10.);
#1091=VECTOR('',#4322,10.);
#1092=VECTOR('',#4323,10.);
#1093=VECTOR('',#4326,10.);
#1094=VECTOR('',#4327,10.);
#1095=VECTOR('',#4330,10.);
#1096=VECTOR('',#4331,10.);
#1097=VECTOR('',#4332,10.);
#1098=VECTOR('',#4333,10.);
#1099=VECTOR('',#4336,10.);
#1100=VECTOR('',#4337,10.);
#1101=VECTOR('',#4340,10.);
#1102=VECTOR('',#4341,10.);
#1103=VECTOR('',#4342,10.);
#1104=VECTOR('',#4347,10.);
#1105=VECTOR('',#4350,10.);
#1106=VECTOR('',#4351,10.);
#1107=VECTOR('',#4352,10.);
#1108=VECTOR('',#4353,10.);
#1109=VECTOR('',#4356,10.);
#1110=VECTOR('',#4357,10.);
#1111=VECTOR('',#4360,10.);
#1112=VECTOR('',#4361,10.);
#1113=VECTOR('',#4362,10.);
#1114=VECTOR('',#4365,10.);
#1115=VECTOR('',#4368,10.);
#1116=VECTOR('',#4369,10.);
#1117=VECTOR('',#4370,10.);
#1118=VECTOR('',#4375,10.);
#1119=VECTOR('',#4378,10.);
#1120=VECTOR('',#4379,10.);
#1121=VECTOR('',#4388,10.);
#1122=VECTOR('',#4389,10.);
#1123=VECTOR('',#4394,10.);
#1124=VECTOR('',#4395,10.);
#1125=VECTOR('',#4398,10.);
#1126=VECTOR('',#4399,10.);
#1127=VECTOR('',#4400,10.);
#1128=VECTOR('',#4403,10.);
#1129=VECTOR('',#4404,10.);
#1130=VECTOR('',#4407,10.);
#1131=VECTOR('',#4408,10.);
#1132=VECTOR('',#4411,10.);
#1133=VECTOR('',#4412,10.);
#1134=VECTOR('',#4415,10.);
#1135=VECTOR('',#4418,10.);
#1136=VECTOR('',#4421,10.);
#1137=VECTOR('',#4424,10.);
#1138=VECTOR('',#4425,10.);
#1139=VECTOR('',#4426,10.);
#1140=VECTOR('',#4427,10.);
#1141=VECTOR('',#4428,10.);
#1142=VECTOR('',#4431,10.);
#1143=VECTOR('',#4434,2.);
#1144=VECTOR('',#4437,10.);
#1145=VECTOR('',#4438,10.);
#1146=VECTOR('',#4439,10.);
#1147=VECTOR('',#4442,10.);
#1148=VECTOR('',#4447,10.);
#1149=VECTOR('',#4448,10.);
#1150=VECTOR('',#4451,10.);
#1151=VECTOR('',#4452,10.);
#1152=VECTOR('',#4453,10.);
#1153=VECTOR('',#4456,10.);
#1154=VECTOR('',#4457,10.);
#1155=VECTOR('',#4458,10.);
#1156=VECTOR('',#4459,10.);
#1157=VECTOR('',#4462,10.);
#1158=VECTOR('',#4463,10.);
#1159=VECTOR('',#4466,10.);
#1160=VECTOR('',#4469,10.);
#1161=VECTOR('',#4470,10.);
#1162=VECTOR('',#4471,10.);
#1163=VECTOR('',#4472,10.);
#1164=VECTOR('',#4477,10.);
#1165=VECTOR('',#4480,10.);
#1166=VECTOR('',#4481,10.);
#1167=VECTOR('',#4484,10.);
#1168=VECTOR('',#4487,10.);
#1169=VECTOR('',#4492,10.);
#1170=VECTOR('',#4495,10.);
#1171=VECTOR('',#4500,10.);
#1172=VECTOR('',#4501,10.);
#1173=VECTOR('',#4504,10.);
#1174=VECTOR('',#4505,10.);
#1175=VECTOR('',#4510,10.);
#1176=VECTOR('',#4511,10.);
#1177=VECTOR('',#4512,10.);
#1178=VECTOR('',#4513,10.);
#1179=VECTOR('',#4514,10.);
#1180=VECTOR('',#4515,10.);
#1181=VECTOR('',#4516,10.);
#1182=VECTOR('',#4521,10.);
#1183=VECTOR('',#4524,10.);
#1184=VECTOR('',#4525,10.);
#1185=VECTOR('',#4526,10.);
#1186=VECTOR('',#4529,10.);
#1187=VECTOR('',#4530,10.);
#1188=VECTOR('',#4533,10.);
#1189=VECTOR('',#4534,10.);
#1190=VECTOR('',#4537,10.);
#1191=VECTOR('',#4538,10.);
#1192=VECTOR('',#4539,10.);
#1193=VECTOR('',#4540,10.);
#1194=VECTOR('',#4541,10.);
#1195=VECTOR('',#4542,10.);
#1196=VECTOR('',#4543,10.);
#1197=VECTOR('',#4544,10.);
#1198=VECTOR('',#4545,10.);
#1199=VECTOR('',#4546,10.);
#1200=VECTOR('',#4547,10.);
#1201=VECTOR('',#4548,10.);
#1202=VECTOR('',#4549,10.);
#1203=VECTOR('',#4550,10.);
#1204=VECTOR('',#4551,10.);
#1205=VECTOR('',#4552,10.);
#1206=VECTOR('',#4553,10.);
#1207=VECTOR('',#4554,10.);
#1208=VECTOR('',#4555,10.);
#1209=VECTOR('',#4556,10.);
#1210=VECTOR('',#4557,10.);
#1211=VECTOR('',#4558,10.);
#1212=VECTOR('',#4559,10.);
#1213=VECTOR('',#4560,10.);
#1214=VECTOR('',#4565,10.);
#1215=VECTOR('',#4568,10.);
#1216=VECTOR('',#4583,10.);
#1217=VECTOR('',#4584,10.);
#1218=VECTOR('',#4589,10.);
#1219=VECTOR('',#4594,10.);
#1220=VECTOR('',#4595,10.);
#1221=VECTOR('',#4598,10.);
#1222=VECTOR('',#4599,10.);
#1223=VECTOR('',#4600,10.);
#1224=VECTOR('',#4601,10.);
#1225=VECTOR('',#4602,10.);
#1226=VECTOR('',#4603,10.);
#1227=VECTOR('',#4606,10.);
#1228=VECTOR('',#4607,10.);
#1229=VECTOR('',#4608,10.);
#1230=VECTOR('',#4609,10.);
#1231=VECTOR('',#4610,10.);
#1232=VECTOR('',#4613,10.);
#1233=VECTOR('',#4622,10.);
#1234=VECTOR('',#4623,10.);
#1235=VECTOR('',#4626,10.);
#1236=VECTOR('',#4627,10.);
#1237=VECTOR('',#4628,10.);
#1238=VECTOR('',#4629,10.);
#1239=VECTOR('',#4630,10.);
#1240=VECTOR('',#4633,10.);
#1241=VECTOR('',#4634,10.);
#1242=VECTOR('',#4637,10.);
#1243=VECTOR('',#4638,10.);
#1244=VECTOR('',#4647,10.);
#1245=VECTOR('',#4650,10.);
#1246=VECTOR('',#4655,10.);
#1247=VECTOR('',#4656,10.);
#1248=VECTOR('',#4657,10.);
#1249=VECTOR('',#4660,10.);
#1250=VECTOR('',#4669,10.);
#1251=VECTOR('',#4670,10.);
#1252=VECTOR('',#4671,10.);
#1253=VECTOR('',#4674,10.);
#1254=VECTOR('',#4675,10.);
#1255=VECTOR('',#4676,10.);
#1256=VECTOR('',#4679,10.);
#1257=VECTOR('',#4680,10.);
#1258=VECTOR('',#4681,10.);
#1259=VECTOR('',#4684,10.);
#1260=VECTOR('',#4689,10.);
#1261=VECTOR('',#4690,10.);
#1262=VECTOR('',#4693,10.);
#1263=VECTOR('',#4694,10.);
#1264=VECTOR('',#4695,10.);
#1265=VECTOR('',#4698,10.);
#1266=VECTOR('',#4699,10.);
#1267=VECTOR('',#4704,10.);
#1268=VECTOR('',#4705,10.);
#1269=VECTOR('',#4708,10.);
#1270=VECTOR('',#4709,10.);
#1271=VECTOR('',#4710,10.);
#1272=VECTOR('',#4713,10.);
#1273=VECTOR('',#4714,10.);
#1274=VECTOR('',#4719,10.);
#1275=VECTOR('',#4720,10.);
#1276=VECTOR('',#4721,10.);
#1277=VECTOR('',#4722,10.);
#1278=VECTOR('',#4723,10.);
#1279=VECTOR('',#4724,10.);
#1280=VECTOR('',#4725,10.);
#1281=VECTOR('',#4726,10.);
#1282=VECTOR('',#4727,10.);
#1283=VECTOR('',#4728,10.);
#1284=VECTOR('',#4729,10.);
#1285=VECTOR('',#4732,10.);
#1286=VECTOR('',#4733,10.);
#1287=VECTOR('',#4736,10.);
#1288=VECTOR('',#4739,10.);
#1289=VECTOR('',#4740,10.);
#1290=VECTOR('',#4741,10.);
#1291=VECTOR('',#4746,10.);
#1292=VECTOR('',#4747,10.);
#1293=VECTOR('',#4748,10.);
#1294=VECTOR('',#4749,10.);
#1295=VECTOR('',#4750,10.);
#1296=VECTOR('',#4751,10.);
#1297=VECTOR('',#4752,10.);
#1298=VECTOR('',#4753,10.);
#1299=VECTOR('',#4754,10.);
#1300=VECTOR('',#4761,10.);
#1301=VECTOR('',#4762,10.);
#1302=VECTOR('',#4765,10.);
#1303=VECTOR('',#4768,10.);
#1304=VECTOR('',#4769,10.);
#1305=VECTOR('',#4770,10.);
#1306=VECTOR('',#4771,10.);
#1307=VECTOR('',#4774,10.);
#1308=VECTOR('',#4775,10.);
#1309=VECTOR('',#4776,10.);
#1310=VECTOR('',#4777,10.);
#1311=VECTOR('',#4778,10.);
#1312=VECTOR('',#4781,10.);
#1313=VECTOR('',#4782,10.);
#1314=VECTOR('',#4785,10.);
#1315=VECTOR('',#4788,10.);
#1316=VECTOR('',#4789,10.);
#1317=VECTOR('',#4790,10.);
#1318=VECTOR('',#4793,10.);
#1319=VECTOR('',#4794,10.);
#1320=VECTOR('',#4799,10.);
#1321=VECTOR('',#4800,10.);
#1322=VECTOR('',#4801,10.);
#1323=VECTOR('',#4802,10.);
#1324=VECTOR('',#4805,10.);
#1325=VECTOR('',#4806,10.);
#1326=VECTOR('',#4809,10.);
#1327=VECTOR('',#4812,10.);
#1328=VECTOR('',#4819,10.);
#1329=VECTOR('',#4822,10.);
#1330=VECTOR('',#4823,10.);
#1331=VECTOR('',#4824,10.);
#1332=VECTOR('',#4825,10.);
#1333=VECTOR('',#4826,10.);
#1334=VECTOR('',#4827,10.);
#1335=VECTOR('',#4828,10.);
#1336=VECTOR('',#4829,10.);
#1337=VECTOR('',#4832,10.);
#1338=VECTOR('',#4833,10.);
#1339=VECTOR('',#4836,10.);
#1340=VECTOR('',#4837,10.);
#1341=VECTOR('',#4840,10.);
#1342=VECTOR('',#4841,10.);
#1343=VECTOR('',#4842,10.);
#1344=VECTOR('',#4843,10.);
#1345=VECTOR('',#4846,10.);
#1346=VECTOR('',#4849,10.);
#1347=VECTOR('',#4852,10.);
#1348=VECTOR('',#4853,10.);
#1349=VECTOR('',#4854,10.);
#1350=VECTOR('',#4861,10.);
#1351=VECTOR('',#4862,10.);
#1352=VECTOR('',#4863,10.);
#1353=VECTOR('',#4864,10.);
#1354=VECTOR('',#4867,10.);
#1355=VECTOR('',#4868,10.);
#1356=VECTOR('',#4869,10.);
#1357=VECTOR('',#4870,10.);
#1358=VECTOR('',#4871,10.);
#1359=VECTOR('',#4872,10.);
#1360=VECTOR('',#4875,10.);
#1361=VECTOR('',#4876,10.);
#1362=VECTOR('',#4879,10.);
#1363=VECTOR('',#4880,10.);
#1364=VECTOR('',#4883,10.);
#1365=VECTOR('',#4884,10.);
#1366=VECTOR('',#4885,10.);
#1367=VECTOR('',#4888,10.);
#1368=VECTOR('',#4889,10.);
#1369=VECTOR('',#4890,10.);
#1370=VECTOR('',#4893,10.);
#1371=VECTOR('',#4894,10.);
#1372=VECTOR('',#4899,10.);
#1373=VECTOR('',#4904,1.5);
#1374=VECTOR('',#4923,10.);
#1375=VECTOR('',#4928,1000.);
#1376=CIRCLE('',#3662,2.);
#1377=CIRCLE('',#3665,4.03112887414927);
#1378=CIRCLE('',#3667,2.);
#1379=CIRCLE('',#3670,16.5);
#1380=CIRCLE('',#3671,16.5);
#1381=CIRCLE('',#3672,16.5);
#1382=CIRCLE('',#3673,16.5);
#1383=CIRCLE('',#3674,16.5);
#1384=CIRCLE('',#3675,16.5);
#1385=CIRCLE('',#3676,16.5);
#1386=CIRCLE('',#3677,16.3997573759246);
#1387=CIRCLE('',#3679,4.5);
#1388=CIRCLE('',#3680,4.5);
#1389=CIRCLE('',#3681,4.5);
#1390=CIRCLE('',#3682,4.5);
#1391=CIRCLE('',#3683,4.5);
#1392=CIRCLE('',#3684,4.5);
#1393=CIRCLE('',#3685,4.5);
#1394=CIRCLE('',#3686,4.5);
#1395=CIRCLE('',#3687,4.5);
#1396=CIRCLE('',#3688,4.5);
#1397=CIRCLE('',#3689,4.5);
#1398=CIRCLE('',#3690,4.5);
#1399=CIRCLE('',#3691,4.5);
#1400=CIRCLE('',#3692,4.5);
#1401=CIRCLE('',#3693,4.5);
#1402=CIRCLE('',#3694,4.5);
#1403=CIRCLE('',#3695,4.5);
#1404=CIRCLE('',#3696,4.5);
#1405=CIRCLE('',#3697,4.5);
#1406=CIRCLE('',#3698,4.5);
#1407=CIRCLE('',#3699,4.5);
#1408=CIRCLE('',#3700,4.5);
#1409=CIRCLE('',#3701,4.5);
#1410=CIRCLE('',#3703,4.5);
#1411=CIRCLE('',#3704,4.5);
#1412=CIRCLE('',#3705,4.5);
#1413=CIRCLE('',#3706,4.5);
#1414=CIRCLE('',#3707,4.5);
#1415=CIRCLE('',#3708,4.5);
#1416=CIRCLE('',#3709,4.5);
#1417=CIRCLE('',#3710,4.5);
#1418=CIRCLE('',#3711,4.5);
#1419=CIRCLE('',#3712,4.5);
#1420=CIRCLE('',#3713,4.5);
#1421=CIRCLE('',#3714,4.5);
#1422=CIRCLE('',#3715,4.5);
#1423=CIRCLE('',#3716,4.5);
#1424=CIRCLE('',#3717,4.5);
#1425=CIRCLE('',#3718,4.5);
#1426=CIRCLE('',#3719,4.5);
#1427=CIRCLE('',#3720,4.5);
#1428=CIRCLE('',#3721,4.5);
#1429=CIRCLE('',#3722,4.5);
#1430=CIRCLE('',#3723,4.5);
#1431=CIRCLE('',#3724,4.5);
#1432=CIRCLE('',#3725,4.5);
#1433=CIRCLE('',#3727,4.5);
#1434=CIRCLE('',#3728,4.5);
#1435=CIRCLE('',#3730,16.3997573759246);
#1436=CIRCLE('',#3731,16.5);
#1437=CIRCLE('',#3732,16.5);
#1438=CIRCLE('',#3733,16.5);
#1439=CIRCLE('',#3734,16.5);
#1440=CIRCLE('',#3735,16.5);
#1441=CIRCLE('',#3736,16.5);
#1442=CIRCLE('',#3737,16.5);
#1443=CIRCLE('',#3739,4.5);
#1444=CIRCLE('',#3741,4.5);
#1445=CIRCLE('',#3743,4.5);
#1446=CIRCLE('',#3746,4.5);
#1447=CIRCLE('',#3747,4.5);
#1448=CIRCLE('',#3749,4.49305018890286);
#1449=CIRCLE('',#3750,4.5);
#1450=CIRCLE('',#3751,4.5);
#1451=CIRCLE('',#3754,2.);
#1452=CIRCLE('',#3756,4.5);
#1453=CIRCLE('',#3759,4.5);
#1454=CIRCLE('',#3760,4.49305018890286);
#1455=CIRCLE('',#3761,4.03112887414928);
#1456=CIRCLE('',#3762,4.5);
#1457=CIRCLE('',#3764,4.5);
#1458=CIRCLE('',#3770,4.5);
#1459=CIRCLE('',#3810,2.);
#1460=CIRCLE('',#3823,5.);
#1461=CIRCLE('',#3824,5.);
#1462=CIRCLE('',#3839,1.5);
#1463=CIRCLE('',#3848,16.5);
#1464=CIRCLE('',#3849,16.5);
#1465=CIRCLE('',#3850,16.5);
#1466=CIRCLE('',#3851,16.5);
#1467=CIRCLE('',#3858,16.3997573759246);
#1468=CIRCLE('',#3872,0.799999968575893);
#1469=CIRCLE('',#3873,0.799999968575893);
#1470=CIRCLE('',#3931,1.5);
#1471=CIRCLE('',#3933,0.799999968575893);
#1472=CIRCLE('',#3936,16.3997573759246);
#1473=VERTEX_POINT('',#4931);
#1474=VERTEX_POINT('',#4932);
#1475=VERTEX_POINT('',#4934);
#1476=VERTEX_POINT('',#4936);
#1477=VERTEX_POINT('',#4950);
#1478=VERTEX_POINT('',#4952);
#1479=VERTEX_POINT('',#4954);
#1480=VERTEX_POINT('',#4956);
#1481=VERTEX_POINT('',#4960);
#1482=VERTEX_POINT('',#4962);
#1483=VERTEX_POINT('',#4964);
#1484=VERTEX_POINT('',#4966);
#1485=VERTEX_POINT('',#4968);
#1486=VERTEX_POINT('',#4970);
#1487=VERTEX_POINT('',#4972);
#1488=VERTEX_POINT('',#4974);
#1489=VERTEX_POINT('',#4976);
#1490=VERTEX_POINT('',#4978);
#1491=VERTEX_POINT('',#4982);
#1492=VERTEX_POINT('',#4983);
#1493=VERTEX_POINT('',#4995);
#1494=VERTEX_POINT('',#5003);
#1495=VERTEX_POINT('',#5005);
#1496=VERTEX_POINT('',#5007);
#1497=VERTEX_POINT('',#5011);
#1498=VERTEX_POINT('',#5013);
#1499=VERTEX_POINT('',#5015);
#1500=VERTEX_POINT('',#5017);
#1501=VERTEX_POINT('',#5019);
#1502=VERTEX_POINT('',#5021);
#1503=VERTEX_POINT('',#5023);
#1504=VERTEX_POINT('',#5025);
#1505=VERTEX_POINT('',#5027);
#1506=VERTEX_POINT('',#5029);
#1507=VERTEX_POINT('',#5031);
#1508=VERTEX_POINT('',#5033);
#1509=VERTEX_POINT('',#5035);
#1510=VERTEX_POINT('',#5037);
#1511=VERTEX_POINT('',#5039);
#1512=VERTEX_POINT('',#5041);
#1513=VERTEX_POINT('',#5043);
#1514=VERTEX_POINT('',#5045);
#1515=VERTEX_POINT('',#5047);
#1516=VERTEX_POINT('',#5049);
#1517=VERTEX_POINT('',#5051);
#1518=VERTEX_POINT('',#5053);
#1519=VERTEX_POINT('',#5055);
#1520=VERTEX_POINT('',#5057);
#1521=VERTEX_POINT('',#5059);
#1522=VERTEX_POINT('',#5061);
#1523=VERTEX_POINT('',#5063);
#1524=VERTEX_POINT('',#5065);
#1525=VERTEX_POINT('',#5067);
#1526=VERTEX_POINT('',#5069);
#1527=VERTEX_POINT('',#5071);
#1528=VERTEX_POINT('',#5073);
#1529=VERTEX_POINT('',#5075);
#1530=VERTEX_POINT('',#5079);
#1531=VERTEX_POINT('',#5081);
#1532=VERTEX_POINT('',#5084);
#1533=VERTEX_POINT('',#5086);
#1534=VERTEX_POINT('',#5089);
#1535=VERTEX_POINT('',#5091);
#1536=VERTEX_POINT('',#5093);
#1537=VERTEX_POINT('',#5095);
#1538=VERTEX_POINT('',#5097);
#1539=VERTEX_POINT('',#5099);
#1540=VERTEX_POINT('',#5101);
#1541=VERTEX_POINT('',#5103);
#1542=VERTEX_POINT('',#5105);
#1543=VERTEX_POINT('',#5107);
#1544=VERTEX_POINT('',#5109);
#1545=VERTEX_POINT('',#5111);
#1546=VERTEX_POINT('',#5113);
#1547=VERTEX_POINT('',#5115);
#1548=VERTEX_POINT('',#5117);
#1549=VERTEX_POINT('',#5119);
#1550=VERTEX_POINT('',#5121);
#1551=VERTEX_POINT('',#5123);
#1552=VERTEX_POINT('',#5125);
#1553=VERTEX_POINT('',#5127);
#1554=VERTEX_POINT('',#5130);
#1555=VERTEX_POINT('',#5132);
#1556=VERTEX_POINT('',#5135);
#1557=VERTEX_POINT('',#5137);
#1558=VERTEX_POINT('',#5140);
#1559=VERTEX_POINT('',#5142);
#1560=VERTEX_POINT('',#5145);
#1561=VERTEX_POINT('',#5147);
#1562=VERTEX_POINT('',#5151);
#1563=VERTEX_POINT('',#5152);
#1564=VERTEX_POINT('',#5154);
#1565=VERTEX_POINT('',#5156);
#1566=VERTEX_POINT('',#5158);
#1567=VERTEX_POINT('',#5160);
#1568=VERTEX_POINT('',#5162);
#1569=VERTEX_POINT('',#5164);
#1570=VERTEX_POINT('',#5166);
#1571=VERTEX_POINT('',#5168);
#1572=VERTEX_POINT('',#5170);
#1573=VERTEX_POINT('',#5172);
#1574=VERTEX_POINT('',#5174);
#1575=VERTEX_POINT('',#5176);
#1576=VERTEX_POINT('',#5178);
#1577=VERTEX_POINT('',#5180);
#1578=VERTEX_POINT('',#5182);
#1579=VERTEX_POINT('',#5184);
#1580=VERTEX_POINT('',#5186);
#1581=VERTEX_POINT('',#5188);
#1582=VERTEX_POINT('',#5190);
#1583=VERTEX_POINT('',#5192);
#1584=VERTEX_POINT('',#5194);
#1585=VERTEX_POINT('',#5196);
#1586=VERTEX_POINT('',#5198);
#1587=VERTEX_POINT('',#5200);
#1588=VERTEX_POINT('',#5202);
#1589=VERTEX_POINT('',#5204);
#1590=VERTEX_POINT('',#5206);
#1591=VERTEX_POINT('',#5209);
#1592=VERTEX_POINT('',#5211);
#1593=VERTEX_POINT('',#5213);
#1594=VERTEX_POINT('',#5215);
#1595=VERTEX_POINT('',#5217);
#1596=VERTEX_POINT('',#5219);
#1597=VERTEX_POINT('',#5221);
#1598=VERTEX_POINT('',#5223);
#1599=VERTEX_POINT('',#5225);
#1600=VERTEX_POINT('',#5227);
#1601=VERTEX_POINT('',#5229);
#1602=VERTEX_POINT('',#5231);
#1603=VERTEX_POINT('',#5233);
#1604=VERTEX_POINT('',#5235);
#1605=VERTEX_POINT('',#5237);
#1606=VERTEX_POINT('',#5239);
#1607=VERTEX_POINT('',#5243);
#1608=VERTEX_POINT('',#5245);
#1609=VERTEX_POINT('',#5249);
#1610=VERTEX_POINT('',#5251);
#1611=VERTEX_POINT('',#5253);
#1612=VERTEX_POINT('',#5255);
#1613=VERTEX_POINT('',#5257);
#1614=VERTEX_POINT('',#5259);
#1615=VERTEX_POINT('',#5262);
#1616=VERTEX_POINT('',#5264);
#1617=VERTEX_POINT('',#5267);
#1618=VERTEX_POINT('',#5269);
#1619=VERTEX_POINT('',#5272);
#1620=VERTEX_POINT('',#5274);
#1621=VERTEX_POINT('',#5277);
#1622=VERTEX_POINT('',#5279);
#1623=VERTEX_POINT('',#5282);
#1624=VERTEX_POINT('',#5284);
#1625=VERTEX_POINT('',#5287);
#1626=VERTEX_POINT('',#5289);
#1627=VERTEX_POINT('',#5291);
#1628=VERTEX_POINT('',#5293);
#1629=VERTEX_POINT('',#5301);
#1630=VERTEX_POINT('',#5303);
#1631=VERTEX_POINT('',#5307);
#1632=VERTEX_POINT('',#5311);
#1633=VERTEX_POINT('',#5312);
#1634=VERTEX_POINT('',#5314);
#1635=VERTEX_POINT('',#5319);
#1636=VERTEX_POINT('',#5320);
#1637=VERTEX_POINT('',#5323);
#1638=VERTEX_POINT('',#5336);
#1639=VERTEX_POINT('',#5338);
#1640=VERTEX_POINT('',#5340);
#1641=VERTEX_POINT('',#5344);
#1642=VERTEX_POINT('',#5349);
#1643=VERTEX_POINT('',#5353);
#1644=VERTEX_POINT('',#5355);
#1645=VERTEX_POINT('',#5359);
#1646=VERTEX_POINT('',#5363);
#1647=VERTEX_POINT('',#5365);
#1648=VERTEX_POINT('',#5367);
#1649=VERTEX_POINT('',#5381);
#1650=VERTEX_POINT('',#5385);
#1651=VERTEX_POINT('',#5389);
#1652=VERTEX_POINT('',#5390);
#1653=VERTEX_POINT('',#5392);
#1654=VERTEX_POINT('',#5403);
#1655=VERTEX_POINT('',#5409);
#1656=VERTEX_POINT('',#5410);
#1657=VERTEX_POINT('',#5412);
#1658=VERTEX_POINT('',#5414);
#1659=VERTEX_POINT('',#5416);
#1660=VERTEX_POINT('',#5418);
#1661=VERTEX_POINT('',#5452);
#1662=VERTEX_POINT('',#5454);
#1663=VERTEX_POINT('',#5459);
#1664=VERTEX_POINT('',#5464);
#1665=VERTEX_POINT('',#5468);
#1666=VERTEX_POINT('',#5472);
#1667=VERTEX_POINT('',#5474);
#1668=VERTEX_POINT('',#5476);
#1669=VERTEX_POINT('',#5480);
#1670=VERTEX_POINT('',#5485);
#1671=VERTEX_POINT('',#5491);
#1672=VERTEX_POINT('',#5493);
#1673=VERTEX_POINT('',#5497);
#1674=VERTEX_POINT('',#5501);
#1675=VERTEX_POINT('',#5515);
#1676=VERTEX_POINT('',#5517);
#1677=VERTEX_POINT('',#5521);
#1678=VERTEX_POINT('',#5537);
#1679=VERTEX_POINT('',#5539);
#1680=VERTEX_POINT('',#5541);
#1681=VERTEX_POINT('',#5543);
#1682=VERTEX_POINT('',#5547);
#1683=VERTEX_POINT('',#5549);
#1684=VERTEX_POINT('',#5553);
#1685=VERTEX_POINT('',#5555);
#1686=VERTEX_POINT('',#5559);
#1687=VERTEX_POINT('',#5563);
#1688=VERTEX_POINT('',#5567);
#1689=VERTEX_POINT('',#5569);
#1690=VERTEX_POINT('',#5573);
#1691=VERTEX_POINT('',#5575);
#1692=VERTEX_POINT('',#5577);
#1693=VERTEX_POINT('',#5581);
#1694=VERTEX_POINT('',#5587);
#1695=VERTEX_POINT('',#5589);
#1696=VERTEX_POINT('',#5591);
#1697=VERTEX_POINT('',#5598);
#1698=VERTEX_POINT('',#5599);
#1699=VERTEX_POINT('',#5611);
#1700=VERTEX_POINT('',#5613);
#1701=VERTEX_POINT('',#5615);
#1702=VERTEX_POINT('',#5617);
#1703=VERTEX_POINT('',#5621);
#1704=VERTEX_POINT('',#5623);
#1705=VERTEX_POINT('',#5625);
#1706=VERTEX_POINT('',#5627);
#1707=VERTEX_POINT('',#5631);
#1708=VERTEX_POINT('',#5635);
#1709=VERTEX_POINT('',#5637);
#1710=VERTEX_POINT('',#5650);
#1711=VERTEX_POINT('',#5652);
#1712=VERTEX_POINT('',#5654);
#1713=VERTEX_POINT('',#5656);
#1714=VERTEX_POINT('',#5658);
#1715=VERTEX_POINT('',#5660);
#1716=VERTEX_POINT('',#5662);
#1717=VERTEX_POINT('',#5666);
#1718=VERTEX_POINT('',#5670);
#1719=VERTEX_POINT('',#5675);
#1720=VERTEX_POINT('',#5679);
#1721=VERTEX_POINT('',#5683);
#1722=VERTEX_POINT('',#5685);
#1723=VERTEX_POINT('',#5687);
#1724=VERTEX_POINT('',#5689);
#1725=VERTEX_POINT('',#5691);
#1726=VERTEX_POINT('',#5693);
#1727=VERTEX_POINT('',#5695);
#1728=VERTEX_POINT('',#5698);
#1729=VERTEX_POINT('',#5700);
#1730=VERTEX_POINT('',#5702);
#1731=VERTEX_POINT('',#5705);
#1732=VERTEX_POINT('',#5706);
#1733=VERTEX_POINT('',#5708);
#1734=VERTEX_POINT('',#5711);
#1735=VERTEX_POINT('',#5713);
#1736=VERTEX_POINT('',#5717);
#1737=VERTEX_POINT('',#5719);
#1738=VERTEX_POINT('',#5722);
#1739=VERTEX_POINT('',#5725);
#1740=VERTEX_POINT('',#5737);
#1741=VERTEX_POINT('',#5740);
#1742=VERTEX_POINT('',#5743);
#1743=VERTEX_POINT('',#5745);
#1744=VERTEX_POINT('',#5749);
#1745=VERTEX_POINT('',#5753);
#1746=VERTEX_POINT('',#5755);
#1747=VERTEX_POINT('',#5757);
#1748=VERTEX_POINT('',#5759);
#1749=VERTEX_POINT('',#5761);
#1750=VERTEX_POINT('',#5765);
#1751=VERTEX_POINT('',#5768);
#1752=VERTEX_POINT('',#5778);
#1753=VERTEX_POINT('',#5783);
#1754=VERTEX_POINT('',#5786);
#1755=VERTEX_POINT('',#5790);
#1756=VERTEX_POINT('',#5805);
#1757=VERTEX_POINT('',#5807);
#1758=VERTEX_POINT('',#5813);
#1759=VERTEX_POINT('',#5817);
#1760=VERTEX_POINT('',#5819);
#1761=VERTEX_POINT('',#5823);
#1762=VERTEX_POINT('',#5825);
#1763=VERTEX_POINT('',#5830);
#1764=VERTEX_POINT('',#5837);
#1765=VERTEX_POINT('',#5841);
#1766=VERTEX_POINT('',#5843);
#1767=VERTEX_POINT('',#5851);
#1768=VERTEX_POINT('',#5855);
#1769=VERTEX_POINT('',#5857);
#1770=VERTEX_POINT('',#5865);
#1771=VERTEX_POINT('',#5867);
#1772=VERTEX_POINT('',#5869);
#1773=VERTEX_POINT('',#5871);
#1774=VERTEX_POINT('',#5873);
#1775=VERTEX_POINT('',#5875);
#1776=VERTEX_POINT('',#5877);
#1777=VERTEX_POINT('',#5879);
#1778=VERTEX_POINT('',#5881);
#1779=VERTEX_POINT('',#5883);
#1780=VERTEX_POINT('',#5892);
#1781=VERTEX_POINT('',#5894);
#1782=VERTEX_POINT('',#5900);
#1783=VERTEX_POINT('',#5902);
#1784=VERTEX_POINT('',#5904);
#1785=VERTEX_POINT('',#5906);
#1786=VERTEX_POINT('',#5908);
#1787=VERTEX_POINT('',#5910);
#1788=VERTEX_POINT('',#5922);
#1789=VERTEX_POINT('',#5923);
#1790=VERTEX_POINT('',#5925);
#1791=VERTEX_POINT('',#5927);
#1792=VERTEX_POINT('',#5931);
#1793=VERTEX_POINT('',#5934);
#1794=VERTEX_POINT('',#5936);
#1795=VERTEX_POINT('',#5940);
#1796=VERTEX_POINT('',#5946);
#1797=VERTEX_POINT('',#5948);
#1798=VERTEX_POINT('',#5956);
#1799=VERTEX_POINT('',#5962);
#1800=VERTEX_POINT('',#5974);
#1801=VERTEX_POINT('',#5975);
#1802=VERTEX_POINT('',#5977);
#1803=VERTEX_POINT('',#5979);
#1804=VERTEX_POINT('',#5983);
#1805=VERTEX_POINT('',#5985);
#1806=VERTEX_POINT('',#5989);
#1807=VERTEX_POINT('',#5993);
#1808=VERTEX_POINT('',#5997);
#1809=VERTEX_POINT('',#5999);
#1810=VERTEX_POINT('',#6008);
#1811=VERTEX_POINT('',#6010);
#1812=VERTEX_POINT('',#6016);
#1813=VERTEX_POINT('',#6017);
#1814=VERTEX_POINT('',#6019);
#1815=VERTEX_POINT('',#6021);
#1816=VERTEX_POINT('',#6025);
#1817=VERTEX_POINT('',#6027);
#1818=VERTEX_POINT('',#6029);
#1819=VERTEX_POINT('',#6031);
#1820=VERTEX_POINT('',#6033);
#1821=VERTEX_POINT('',#6037);
#1822=VERTEX_POINT('',#6041);
#1823=VERTEX_POINT('',#6046);
#1824=VERTEX_POINT('',#6050);
#1825=VERTEX_POINT('',#6052);
#1826=VERTEX_POINT('',#6063);
#1827=VERTEX_POINT('',#6067);
#1828=EDGE_CURVE('',#1473,#1474,#1376,.T.);
#1829=EDGE_CURVE('',#1473,#1475,#530,.T.);
#1830=EDGE_CURVE('',#1475,#1476,#520,.T.);
#1831=EDGE_CURVE('',#1476,#1474,#531,.T.);
#1832=EDGE_CURVE('',#1477,#1474,#532,.T.);
#1833=EDGE_CURVE('',#1478,#1477,#533,.T.);
#1834=EDGE_CURVE('',#1479,#1478,#534,.T.);
#1835=EDGE_CURVE('',#1480,#1479,#535,.T.);
#1836=EDGE_CURVE('',#1473,#1480,#536,.T.);
#1837=EDGE_CURVE('',#1481,#1476,#1377,.T.);
#1838=EDGE_CURVE('',#1482,#1481,#537,.T.);
#1839=EDGE_CURVE('',#1483,#1482,#538,.T.);
#1840=EDGE_CURVE('',#1483,#1484,#539,.T.);
#1841=EDGE_CURVE('',#1484,#1485,#540,.F.);
#1842=EDGE_CURVE('',#1485,#1486,#541,.F.);
#1843=EDGE_CURVE('',#1487,#1486,#542,.T.);
#1844=EDGE_CURVE('',#1487,#1488,#543,.F.);
#1845=EDGE_CURVE('',#1488,#1489,#544,.F.);
#1846=EDGE_CURVE('',#1489,#1490,#545,.F.);
#1847=EDGE_CURVE('',#1477,#1490,#546,.T.);
#1848=EDGE_CURVE('',#1491,#1492,#521,.T.);
#1849=EDGE_CURVE('',#1492,#1493,#547,.T.);
#1850=EDGE_CURVE('',#1483,#1493,#1378,.T.);
#1851=EDGE_CURVE('',#1482,#1491,#522,.T.);
#1852=EDGE_CURVE('',#1494,#1493,#548,.T.);
#1853=EDGE_CURVE('',#1495,#1494,#549,.F.);
#1854=EDGE_CURVE('',#1496,#1495,#550,.T.);
#1855=EDGE_CURVE('',#1484,#1496,#551,.T.);
#1856=EDGE_CURVE('',#1497,#1492,#552,.T.);
#1857=EDGE_CURVE('',#1497,#1498,#553,.F.);
#1858=EDGE_CURVE('',#1498,#1499,#554,.F.);
#1859=EDGE_CURVE('',#1500,#1499,#555,.F.);
#1860=EDGE_CURVE('',#1501,#1500,#1379,.T.);
#1861=EDGE_CURVE('',#1502,#1501,#556,.T.);
#1862=EDGE_CURVE('',#1503,#1502,#557,.T.);
#1863=EDGE_CURVE('',#1503,#1504,#558,.F.);
#1864=EDGE_CURVE('',#1505,#1504,#1380,.T.);
#1865=EDGE_CURVE('',#1506,#1505,#559,.T.);
#1866=EDGE_CURVE('',#1507,#1506,#560,.T.);
#1867=EDGE_CURVE('',#1507,#1508,#561,.F.);
#1868=EDGE_CURVE('',#1509,#1508,#1381,.T.);
#1869=EDGE_CURVE('',#1510,#1509,#562,.T.);
#1870=EDGE_CURVE('',#1511,#1510,#563,.T.);
#1871=EDGE_CURVE('',#1511,#1512,#564,.F.);
#1872=EDGE_CURVE('',#1513,#1512,#1382,.T.);
#1873=EDGE_CURVE('',#1514,#1513,#565,.T.);
#1874=EDGE_CURVE('',#1515,#1514,#566,.T.);
#1875=EDGE_CURVE('',#1515,#1516,#567,.F.);
#1876=EDGE_CURVE('',#1517,#1516,#1383,.T.);
#1877=EDGE_CURVE('',#1518,#1517,#568,.T.);
#1878=EDGE_CURVE('',#1519,#1518,#569,.T.);
#1879=EDGE_CURVE('',#1519,#1520,#570,.F.);
#1880=EDGE_CURVE('',#1521,#1520,#1384,.T.);
#1881=EDGE_CURVE('',#1522,#1521,#571,.T.);
#1882=EDGE_CURVE('',#1523,#1522,#572,.T.);
#1883=EDGE_CURVE('',#1523,#1524,#573,.F.);
#1884=EDGE_CURVE('',#1524,#1525,#574,.F.);
#1885=EDGE_CURVE('',#1526,#1525,#1385,.T.);
#1886=EDGE_CURVE('',#1527,#1526,#575,.T.);
#1887=EDGE_CURVE('',#1528,#1527,#1386,.T.);
#1888=EDGE_CURVE('',#1529,#1528,#576,.T.);
#1889=EDGE_CURVE('',#1493,#1529,#577,.T.);
#1890=EDGE_CURVE('',#1506,#1530,#1387,.T.);
#1891=EDGE_CURVE('',#1530,#1531,#578,.T.);
#1892=EDGE_CURVE('',#1531,#1503,#1388,.T.);
#1893=EDGE_CURVE('',#1502,#1532,#1389,.T.);
#1894=EDGE_CURVE('',#1532,#1533,#579,.T.);
#1895=EDGE_CURVE('',#1533,#1497,#1390,.T.);
#1896=EDGE_CURVE('',#1534,#1492,#1391,.T.);
#1897=EDGE_CURVE('',#1534,#1535,#580,.T.);
#1898=EDGE_CURVE('',#1536,#1535,#1392,.T.);
#1899=EDGE_CURVE('',#1536,#1537,#581,.T.);
#1900=EDGE_CURVE('',#1537,#1538,#1393,.T.);
#1901=EDGE_CURVE('',#1538,#1539,#582,.T.);
#1902=EDGE_CURVE('',#1539,#1540,#1394,.T.);
#1903=EDGE_CURVE('',#1540,#1541,#583,.T.);
#1904=EDGE_CURVE('',#1541,#1542,#1395,.T.);
#1905=EDGE_CURVE('',#1542,#1543,#584,.T.);
#1906=EDGE_CURVE('',#1543,#1544,#1396,.T.);
#1907=EDGE_CURVE('',#1544,#1545,#585,.T.);
#1908=EDGE_CURVE('',#1545,#1546,#1397,.T.);
#1909=EDGE_CURVE('',#1546,#1547,#586,.T.);
#1910=EDGE_CURVE('',#1547,#1548,#1398,.T.);
#1911=EDGE_CURVE('',#1548,#1549,#587,.T.);
#1912=EDGE_CURVE('',#1549,#1550,#1399,.T.);
#1913=EDGE_CURVE('',#1550,#1551,#588,.T.);
#1914=EDGE_CURVE('',#1551,#1552,#1400,.T.);
#1915=EDGE_CURVE('',#1552,#1553,#589,.T.);
#1916=EDGE_CURVE('',#1553,#1523,#1401,.T.);
#1917=EDGE_CURVE('',#1522,#1554,#1402,.T.);
#1918=EDGE_CURVE('',#1554,#1555,#590,.T.);
#1919=EDGE_CURVE('',#1555,#1519,#1403,.T.);
#1920=EDGE_CURVE('',#1518,#1556,#1404,.T.);
#1921=EDGE_CURVE('',#1556,#1557,#591,.T.);
#1922=EDGE_CURVE('',#1557,#1515,#1405,.T.);
#1923=EDGE_CURVE('',#1514,#1558,#1406,.T.);
#1924=EDGE_CURVE('',#1558,#1559,#592,.T.);
#1925=EDGE_CURVE('',#1559,#1511,#1407,.T.);
#1926=EDGE_CURVE('',#1510,#1560,#1408,.T.);
#1927=EDGE_CURVE('',#1560,#1561,#593,.T.);
#1928=EDGE_CURVE('',#1561,#1507,#1409,.T.);
#1929=EDGE_CURVE('',#1562,#1563,#1410,.T.);
#1930=EDGE_CURVE('',#1563,#1564,#594,.T.);
#1931=EDGE_CURVE('',#1564,#1565,#1411,.T.);
#1932=EDGE_CURVE('',#1565,#1566,#595,.F.);
#1933=EDGE_CURVE('',#1566,#1567,#1412,.T.);
#1934=EDGE_CURVE('',#1567,#1568,#596,.T.);
#1935=EDGE_CURVE('',#1568,#1569,#1413,.T.);
#1936=EDGE_CURVE('',#1569,#1570,#597,.F.);
#1937=EDGE_CURVE('',#1570,#1571,#1414,.T.);
#1938=EDGE_CURVE('',#1571,#1572,#598,.T.);
#1939=EDGE_CURVE('',#1572,#1573,#1415,.T.);
#1940=EDGE_CURVE('',#1573,#1574,#599,.T.);
#1941=EDGE_CURVE('',#1574,#1575,#1416,.T.);
#1942=EDGE_CURVE('',#1575,#1576,#600,.T.);
#1943=EDGE_CURVE('',#1576,#1577,#1417,.T.);
#1944=EDGE_CURVE('',#1577,#1578,#601,.T.);
#1945=EDGE_CURVE('',#1578,#1579,#1418,.T.);
#1946=EDGE_CURVE('',#1579,#1580,#602,.T.);
#1947=EDGE_CURVE('',#1580,#1581,#1419,.T.);
#1948=EDGE_CURVE('',#1581,#1582,#603,.T.);
#1949=EDGE_CURVE('',#1582,#1583,#1420,.T.);
#1950=EDGE_CURVE('',#1583,#1584,#604,.T.);
#1951=EDGE_CURVE('',#1584,#1585,#1421,.T.);
#1952=EDGE_CURVE('',#1585,#1586,#605,.T.);
#1953=EDGE_CURVE('',#1586,#1587,#1422,.T.);
#1954=EDGE_CURVE('',#1587,#1588,#606,.T.);
#1955=EDGE_CURVE('',#1589,#1588,#1423,.T.);
#1956=EDGE_CURVE('',#1589,#1590,#607,.T.);
#1957=EDGE_CURVE('',#1475,#1590,#1424,.T.);
#1958=EDGE_CURVE('',#1475,#1591,#608,.F.);
#1959=EDGE_CURVE('',#1591,#1592,#1425,.T.);
#1960=EDGE_CURVE('',#1592,#1593,#609,.T.);
#1961=EDGE_CURVE('',#1593,#1594,#1426,.T.);
#1962=EDGE_CURVE('',#1594,#1595,#610,.F.);
#1963=EDGE_CURVE('',#1595,#1596,#1427,.T.);
#1964=EDGE_CURVE('',#1596,#1597,#611,.T.);
#1965=EDGE_CURVE('',#1597,#1598,#1428,.T.);
#1966=EDGE_CURVE('',#1598,#1599,#612,.F.);
#1967=EDGE_CURVE('',#1599,#1600,#1429,.T.);
#1968=EDGE_CURVE('',#1600,#1601,#613,.T.);
#1969=EDGE_CURVE('',#1601,#1602,#1430,.T.);
#1970=EDGE_CURVE('',#1602,#1603,#614,.F.);
#1971=EDGE_CURVE('',#1603,#1604,#1431,.T.);
#1972=EDGE_CURVE('',#1604,#1605,#615,.T.);
#1973=EDGE_CURVE('',#1605,#1606,#1432,.T.);
#1974=EDGE_CURVE('',#1606,#1562,#616,.F.);
#1975=EDGE_CURVE('',#1607,#1481,#1433,.T.);
#1976=EDGE_CURVE('',#1607,#1608,#617,.T.);
#1977=EDGE_CURVE('',#1491,#1608,#1434,.T.);
#1978=EDGE_CURVE('',#1609,#1473,#618,.F.);
#1979=EDGE_CURVE('',#1610,#1609,#619,.F.);
#1980=EDGE_CURVE('',#1611,#1610,#1435,.F.);
#1981=EDGE_CURVE('',#1612,#1611,#620,.F.);
#1982=EDGE_CURVE('',#1612,#1613,#1436,.T.);
#1983=EDGE_CURVE('',#1613,#1614,#621,.T.);
#1984=EDGE_CURVE('',#1570,#1614,#622,.F.);
#1985=EDGE_CURVE('',#1569,#1615,#623,.T.);
#1986=EDGE_CURVE('',#1615,#1616,#1437,.T.);
#1987=EDGE_CURVE('',#1566,#1616,#624,.F.);
#1988=EDGE_CURVE('',#1565,#1617,#625,.T.);
#1989=EDGE_CURVE('',#1617,#1618,#1438,.T.);
#1990=EDGE_CURVE('',#1562,#1618,#626,.F.);
#1991=EDGE_CURVE('',#1606,#1619,#627,.T.);
#1992=EDGE_CURVE('',#1619,#1620,#1439,.T.);
#1993=EDGE_CURVE('',#1603,#1620,#628,.F.);
#1994=EDGE_CURVE('',#1602,#1621,#629,.T.);
#1995=EDGE_CURVE('',#1621,#1622,#1440,.T.);
#1996=EDGE_CURVE('',#1599,#1622,#630,.F.);
#1997=EDGE_CURVE('',#1598,#1623,#631,.T.);
#1998=EDGE_CURVE('',#1623,#1624,#1441,.T.);
#1999=EDGE_CURVE('',#1595,#1624,#632,.F.);
#2000=EDGE_CURVE('',#1594,#1625,#633,.T.);
#2001=EDGE_CURVE('',#1625,#1626,#1442,.T.);
#2002=EDGE_CURVE('',#1627,#1626,#634,.T.);
#2003=EDGE_CURVE('',#1627,#1628,#635,.T.);
#2004=EDGE_CURVE('',#1591,#1628,#636,.F.);
#2005=EDGE_CURVE('',#1607,#1590,#1443,.T.);
#2006=EDGE_CURVE('',#1608,#1534,#1444,.T.);
#2007=EDGE_CURVE('',#1608,#1629,#637,.T.);
#2008=EDGE_CURVE('',#1629,#1630,#1445,.F.);
#2009=EDGE_CURVE('',#1630,#1534,#638,.T.);
#2010=EDGE_CURVE('',#1631,#1607,#639,.T.);
#2011=EDGE_CURVE('',#1629,#1631,#640,.T.);
#2012=EDGE_CURVE('',#1632,#1633,#1446,.F.);
#2013=EDGE_CURVE('',#1633,#1634,#641,.T.);
#2014=EDGE_CURVE('',#1634,#1535,#1447,.T.);
#2015=EDGE_CURVE('',#1535,#1632,#642,.T.);
#2016=EDGE_CURVE('',#1635,#1636,#1448,.T.);
#2017=EDGE_CURVE('',#1536,#1636,#1449,.T.);
#2018=EDGE_CURVE('',#1634,#1637,#1450,.T.);
#2019=EDGE_CURVE('',#1637,#1635,#523,.T.);
#2020=EDGE_CURVE('',#1635,#1638,#643,.T.);
#2021=EDGE_CURVE('',#1639,#1638,#644,.T.);
#2022=EDGE_CURVE('',#1640,#1639,#645,.T.);
#2023=EDGE_CURVE('',#1636,#1640,#646,.T.);
#2024=EDGE_CURVE('',#1641,#1637,#524,.T.);
#2025=EDGE_CURVE('',#1641,#1642,#647,.T.);
#2026=EDGE_CURVE('',#1638,#1642,#1451,.T.);
#2027=EDGE_CURVE('',#1634,#1643,#648,.T.);
#2028=EDGE_CURVE('',#1644,#1643,#1452,.T.);
#2029=EDGE_CURVE('',#1644,#1641,#649,.T.);
#2030=EDGE_CURVE('',#1645,#1633,#650,.T.);
#2031=EDGE_CURVE('',#1643,#1645,#651,.T.);
#2032=EDGE_CURVE('',#1588,#1646,#1453,.T.);
#2033=EDGE_CURVE('',#1646,#1647,#1454,.T.);
#2034=EDGE_CURVE('',#1647,#1648,#525,.T.);
#2035=EDGE_CURVE('',#1648,#1644,#1455,.T.);
#2036=EDGE_CURVE('',#1643,#1589,#1456,.T.);
#2037=EDGE_CURVE('',#1645,#1649,#1457,.F.);
#2038=EDGE_CURVE('',#1649,#1589,#652,.T.);
#2039=EDGE_CURVE('',#1650,#1649,#653,.F.);
#2040=EDGE_CURVE('',#1590,#1650,#654,.T.);
#2041=EDGE_CURVE('',#1651,#1652,#20,.T.);
#2042=EDGE_CURVE('',#1653,#1652,#526,.T.);
#2043=EDGE_CURVE('',#1653,#1654,#21,.T.);
#2044=EDGE_CURVE('',#1654,#1651,#655,.T.);
#2045=EDGE_CURVE('',#1631,#1650,#1458,.T.);
#2046=EDGE_CURVE('',#1655,#1656,#22,.T.);
#2047=EDGE_CURVE('',#1656,#1657,#656,.T.);
#2048=EDGE_CURVE('',#1657,#1658,#23,.T.);
#2049=EDGE_CURVE('',#1658,#1659,#657,.T.);
#2050=EDGE_CURVE('',#1659,#1660,#24,.T.);
#2051=EDGE_CURVE('',#1655,#1660,#527,.T.);
#2052=EDGE_CURVE('',#1604,#1559,#658,.F.);
#2053=EDGE_CURVE('',#1620,#1512,#659,.T.);
#2054=EDGE_CURVE('',#1513,#1619,#660,.T.);
#2055=EDGE_CURVE('',#1558,#1605,#661,.F.);
#2056=EDGE_CURVE('',#1563,#1557,#662,.F.);
#2057=EDGE_CURVE('',#1618,#1516,#663,.T.);
#2058=EDGE_CURVE('',#1517,#1617,#664,.T.);
#2059=EDGE_CURVE('',#1556,#1564,#665,.F.);
#2060=EDGE_CURVE('',#1567,#1555,#666,.F.);
#2061=EDGE_CURVE('',#1616,#1520,#667,.T.);
#2062=EDGE_CURVE('',#1521,#1615,#668,.T.);
#2063=EDGE_CURVE('',#1554,#1568,#669,.F.);
#2064=EDGE_CURVE('',#1571,#1553,#670,.F.);
#2065=EDGE_CURVE('',#1614,#1524,#671,.T.);
#2066=EDGE_CURVE('',#1551,#1661,#672,.T.);
#2067=EDGE_CURVE('',#1661,#1662,#673,.T.);
#2068=EDGE_CURVE('',#1573,#1662,#674,.T.);
#2069=EDGE_CURVE('',#1552,#1572,#675,.F.);
#2070=EDGE_CURVE('',#1550,#1663,#676,.T.);
#2071=EDGE_CURVE('',#1663,#1661,#677,.T.);
#2072=EDGE_CURVE('',#1575,#1549,#678,.F.);
#2073=EDGE_CURVE('',#1574,#1664,#679,.T.);
#2074=EDGE_CURVE('',#1664,#1663,#680,.T.);
#2075=EDGE_CURVE('',#1640,#1665,#25,.T.);
#2076=EDGE_CURVE('',#1665,#1536,#681,.T.);
#2077=EDGE_CURVE('',#1547,#1666,#682,.T.);
#2078=EDGE_CURVE('',#1666,#1667,#683,.T.);
#2079=EDGE_CURVE('',#1668,#1667,#684,.T.);
#2080=EDGE_CURVE('',#1548,#1668,#685,.F.);
#2081=EDGE_CURVE('',#1546,#1669,#686,.T.);
#2082=EDGE_CURVE('',#1669,#1666,#687,.T.);
#2083=EDGE_CURVE('',#1579,#1545,#688,.F.);
#2084=EDGE_CURVE('',#1578,#1670,#689,.T.);
#2085=EDGE_CURVE('',#1670,#1669,#690,.T.);
#2086=EDGE_CURVE('',#1544,#1580,#691,.F.);
#2087=EDGE_CURVE('',#1540,#1671,#692,.F.);
#2088=EDGE_CURVE('',#1671,#1672,#693,.F.);
#2089=EDGE_CURVE('',#1672,#1541,#694,.F.);
#2090=EDGE_CURVE('',#1673,#1668,#26,.T.);
#2091=EDGE_CURVE('',#1673,#1576,#695,.F.);
#2092=EDGE_CURVE('',#1665,#1674,#696,.F.);
#2093=EDGE_CURVE('',#1674,#1537,#697,.F.);
#2094=EDGE_CURVE('',#1532,#1593,#698,.F.);
#2095=EDGE_CURVE('',#1592,#1533,#699,.F.);
#2096=EDGE_CURVE('',#1530,#1597,#700,.F.);
#2097=EDGE_CURVE('',#1596,#1531,#701,.F.);
#2098=EDGE_CURVE('',#1543,#1675,#702,.F.);
#2099=EDGE_CURVE('',#1676,#1675,#703,.T.);
#2100=EDGE_CURVE('',#1581,#1676,#704,.T.);
#2101=EDGE_CURVE('',#1542,#1677,#705,.T.);
#2102=EDGE_CURVE('',#1677,#1675,#706,.T.);
#2103=EDGE_CURVE('',#1509,#1621,#707,.T.);
#2104=EDGE_CURVE('',#1560,#1601,#708,.F.);
#2105=EDGE_CURVE('',#1600,#1561,#709,.F.);
#2106=EDGE_CURVE('',#1622,#1508,#710,.T.);
#2107=EDGE_CURVE('',#1505,#1623,#711,.T.);
#2108=EDGE_CURVE('',#1624,#1504,#712,.T.);
#2109=EDGE_CURVE('',#1501,#1625,#713,.T.);
#2110=EDGE_CURVE('',#1628,#1678,#714,.T.);
#2111=EDGE_CURVE('',#1679,#1678,#715,.T.);
#2112=EDGE_CURVE('',#1679,#1680,#716,.T.);
#2113=EDGE_CURVE('',#1680,#1681,#717,.T.);
#2114=EDGE_CURVE('',#1681,#1498,#718,.T.);
#2115=EDGE_CURVE('',#1647,#1682,#719,.T.);
#2116=EDGE_CURVE('',#1683,#1682,#1459,.T.);
#2117=EDGE_CURVE('',#1683,#1648,#720,.T.);
#2118=EDGE_CURVE('',#1684,#1646,#721,.T.);
#2119=EDGE_CURVE('',#1685,#1684,#722,.T.);
#2120=EDGE_CURVE('',#1685,#1682,#723,.T.);
#2121=EDGE_CURVE('',#1588,#1686,#724,.T.);
#2122=EDGE_CURVE('',#1686,#1684,#27,.T.);
#2123=EDGE_CURVE('',#1587,#1687,#725,.F.);
#2124=EDGE_CURVE('',#1687,#1686,#726,.F.);
#2125=EDGE_CURVE('',#1583,#1688,#727,.F.);
#2126=EDGE_CURVE('',#1688,#1689,#728,.F.);
#2127=EDGE_CURVE('',#1689,#1584,#729,.F.);
#2128=EDGE_CURVE('',#1586,#1690,#730,.T.);
#2129=EDGE_CURVE('',#1690,#1691,#731,.T.);
#2130=EDGE_CURVE('',#1692,#1691,#732,.T.);
#2131=EDGE_CURVE('',#1687,#1692,#733,.T.);
#2132=EDGE_CURVE('',#1585,#1693,#734,.T.);
#2133=EDGE_CURVE('',#1693,#1690,#735,.T.);
#2134=EDGE_CURVE('',#1632,#1630,#736,.F.);
#2135=EDGE_CURVE('',#1639,#1694,#737,.T.);
#2136=EDGE_CURVE('',#1695,#1694,#738,.T.);
#2137=EDGE_CURVE('',#1696,#1695,#739,.T.);
#2138=EDGE_CURVE('',#1696,#1674,#740,.T.);
#2139=EDGE_CURVE('',#1642,#1683,#741,.T.);
#2140=EDGE_CURVE('',#1697,#1698,#528,.T.);
#2141=EDGE_CURVE('',#1698,#1655,#742,.T.);
#2142=EDGE_CURVE('',#1660,#1699,#743,.T.);
#2143=EDGE_CURVE('',#1699,#1700,#1460,.T.);
#2144=EDGE_CURVE('',#1700,#1701,#744,.T.);
#2145=EDGE_CURVE('',#1701,#1702,#1461,.T.);
#2146=EDGE_CURVE('',#1702,#1697,#745,.T.);
#2147=EDGE_CURVE('',#1697,#1703,#28,.T.);
#2148=EDGE_CURVE('',#1703,#1704,#746,.T.);
#2149=EDGE_CURVE('',#1704,#1705,#29,.T.);
#2150=EDGE_CURVE('',#1705,#1706,#747,.T.);
#2151=EDGE_CURVE('',#1706,#1698,#30,.T.);
#2152=EDGE_CURVE('',#1702,#1707,#748,.T.);
#2153=EDGE_CURVE('',#1703,#1707,#749,.F.);
#2154=EDGE_CURVE('',#1652,#1708,#750,.T.);
#2155=EDGE_CURVE('',#1708,#1709,#529,.T.);
#2156=EDGE_CURVE('',#1709,#1653,#751,.T.);
#2157=EDGE_CURVE('',#1710,#1709,#31,.T.);
#2158=EDGE_CURVE('',#1711,#1710,#752,.T.);
#2159=EDGE_CURVE('',#1711,#1712,#753,.T.);
#2160=EDGE_CURVE('',#1712,#1713,#754,.T.);
#2161=EDGE_CURVE('',#1713,#1714,#755,.T.);
#2162=EDGE_CURVE('',#1714,#1715,#756,.T.);
#2163=EDGE_CURVE('',#1715,#1716,#757,.T.);
#2164=EDGE_CURVE('',#1716,#1654,#758,.T.);
#2165=EDGE_CURVE('',#1708,#1717,#32,.T.);
#2166=EDGE_CURVE('',#1717,#1710,#759,.T.);
#2167=EDGE_CURVE('',#1718,#1716,#760,.F.);
#2168=EDGE_CURVE('',#1718,#1657,#761,.T.);
#2169=EDGE_CURVE('',#1651,#1656,#762,.T.);
#2170=EDGE_CURVE('',#1719,#1659,#763,.F.);
#2171=EDGE_CURVE('',#1719,#1699,#764,.T.);
#2172=EDGE_CURVE('',#1658,#1720,#765,.T.);
#2173=EDGE_CURVE('',#1720,#1719,#766,.T.);
#2174=EDGE_CURVE('',#1721,#1718,#767,.T.);
#2175=EDGE_CURVE('',#1722,#1721,#768,.T.);
#2176=EDGE_CURVE('',#1723,#1722,#769,.T.);
#2177=EDGE_CURVE('',#1723,#1724,#770,.T.);
#2178=EDGE_CURVE('',#1724,#1725,#771,.T.);
#2179=EDGE_CURVE('',#1725,#1726,#772,.T.);
#2180=EDGE_CURVE('',#1727,#1726,#773,.T.);
#2181=EDGE_CURVE('',#1705,#1727,#774,.T.);
#2182=EDGE_CURVE('',#1728,#1704,#775,.T.);
#2183=EDGE_CURVE('',#1728,#1729,#776,.T.);
#2184=EDGE_CURVE('',#1729,#1730,#777,.T.);
#2185=EDGE_CURVE('',#1730,#1720,#778,.T.);
#2186=EDGE_CURVE('',#1731,#1732,#779,.T.);
#2187=EDGE_CURVE('',#1732,#1733,#780,.F.);
#2188=EDGE_CURVE('',#1733,#1529,#781,.T.);
#2189=EDGE_CURVE('',#1528,#1734,#782,.T.);
#2190=EDGE_CURVE('',#1734,#1735,#783,.T.);
#2191=EDGE_CURVE('',#1735,#1527,#784,.T.);
#2192=EDGE_CURVE('',#1526,#1612,#785,.T.);
#2193=EDGE_CURVE('',#1611,#1736,#786,.T.);
#2194=EDGE_CURVE('',#1736,#1737,#787,.F.);
#2195=EDGE_CURVE('',#1737,#1610,#788,.T.);
#2196=EDGE_CURVE('',#1609,#1738,#789,.T.);
#2197=EDGE_CURVE('',#1738,#1731,#790,.T.);
#2198=EDGE_CURVE('',#1739,#1739,#1462,.T.);
#2199=EDGE_CURVE('',#1707,#1728,#791,.T.);
#2200=EDGE_CURVE('',#1613,#1525,#792,.T.);
#2201=EDGE_CURVE('',#1740,#1731,#1463,.T.);
#2202=EDGE_CURVE('',#1626,#1740,#793,.T.);
#2203=EDGE_CURVE('',#1741,#1500,#794,.T.);
#2204=EDGE_CURVE('',#1732,#1741,#1464,.F.);
#2205=EDGE_CURVE('',#1742,#1679,#1465,.T.);
#2206=EDGE_CURVE('',#1743,#1742,#795,.T.);
#2207=EDGE_CURVE('',#1680,#1743,#1466,.T.);
#2208=EDGE_CURVE('',#1743,#1744,#796,.T.);
#2209=EDGE_CURVE('',#1744,#1681,#797,.T.);
#2210=EDGE_CURVE('',#1742,#1745,#798,.T.);
#2211=EDGE_CURVE('',#1745,#1746,#799,.T.);
#2212=EDGE_CURVE('',#1747,#1746,#800,.T.);
#2213=EDGE_CURVE('',#1748,#1747,#801,.F.);
#2214=EDGE_CURVE('',#1749,#1748,#802,.F.);
#2215=EDGE_CURVE('',#1749,#1744,#803,.T.);
#2216=EDGE_CURVE('',#1750,#1741,#804,.T.);
#2217=EDGE_CURVE('',#1750,#1749,#805,.F.);
#2218=EDGE_CURVE('',#1748,#1751,#806,.T.);
#2219=EDGE_CURVE('',#1751,#1495,#807,.F.);
#2220=EDGE_CURVE('',#1733,#1494,#808,.F.);
#2221=EDGE_CURVE('',#1499,#1750,#809,.T.);
#2222=EDGE_CURVE('',#1735,#1734,#1467,.F.);
#2223=EDGE_CURVE('',#1496,#1752,#810,.T.);
#2224=EDGE_CURVE('',#1752,#1485,#811,.T.);
#2225=EDGE_CURVE('',#1480,#1738,#812,.T.);
#2226=EDGE_CURVE('',#1479,#1753,#813,.T.);
#2227=EDGE_CURVE('',#1753,#1747,#814,.F.);
#2228=EDGE_CURVE('',#1746,#1754,#815,.T.);
#2229=EDGE_CURVE('',#1740,#1754,#816,.F.);
#2230=EDGE_CURVE('',#1490,#1755,#817,.T.);
#2231=EDGE_CURVE('',#1478,#1755,#818,.T.);
#2232=EDGE_CURVE('',#1754,#1627,#819,.T.);
#2233=EDGE_CURVE('',#1678,#1745,#820,.T.);
#2234=EDGE_CURVE('',#1753,#1751,#821,.F.);
#2235=EDGE_CURVE('',#1662,#1664,#822,.T.);
#2236=EDGE_CURVE('',#1756,#1673,#823,.T.);
#2237=EDGE_CURVE('',#1756,#1757,#824,.T.);
#2238=EDGE_CURVE('',#1577,#1757,#825,.T.);
#2239=EDGE_CURVE('',#1757,#1670,#826,.T.);
#2240=EDGE_CURVE('',#1667,#1758,#1468,.T.);
#2241=EDGE_CURVE('',#1758,#1756,#1469,.T.);
#2242=EDGE_CURVE('',#1538,#1759,#827,.T.);
#2243=EDGE_CURVE('',#1760,#1759,#828,.T.);
#2244=EDGE_CURVE('',#1539,#1760,#829,.T.);
#2245=EDGE_CURVE('',#1761,#1760,#830,.T.);
#2246=EDGE_CURVE('',#1762,#1761,#831,.T.);
#2247=EDGE_CURVE('',#1671,#1762,#832,.T.);
#2248=EDGE_CURVE('',#1762,#1696,#833,.T.);
#2249=EDGE_CURVE('',#1763,#1761,#834,.T.);
#2250=EDGE_CURVE('',#1696,#1763,#835,.T.);
#2251=EDGE_CURVE('',#1759,#1763,#836,.T.);
#2252=EDGE_CURVE('',#1764,#1762,#837,.T.);
#2253=EDGE_CURVE('',#1672,#1764,#838,.T.);
#2254=EDGE_CURVE('',#1692,#1765,#839,.T.);
#2255=EDGE_CURVE('',#1691,#1766,#840,.T.);
#2256=EDGE_CURVE('',#1765,#1766,#841,.T.);
#2257=EDGE_CURVE('',#1765,#1689,#842,.T.);
#2258=EDGE_CURVE('',#1766,#1693,#843,.T.);
#2259=EDGE_CURVE('',#1767,#1688,#844,.T.);
#2260=EDGE_CURVE('',#1765,#1767,#845,.T.);
#2261=EDGE_CURVE('',#1768,#1692,#846,.T.);
#2262=EDGE_CURVE('',#1768,#1769,#847,.T.);
#2263=EDGE_CURVE('',#1769,#1685,#848,.T.);
#2264=EDGE_CURVE('',#1695,#1768,#849,.T.);
#2265=EDGE_CURVE('',#1694,#1769,#850,.T.);
#2266=EDGE_CURVE('',#1677,#1770,#851,.T.);
#2267=EDGE_CURVE('',#1770,#1771,#852,.T.);
#2268=EDGE_CURVE('',#1771,#1772,#853,.T.);
#2269=EDGE_CURVE('',#1773,#1772,#854,.T.);
#2270=EDGE_CURVE('',#1774,#1773,#855,.T.);
#2271=EDGE_CURVE('',#1775,#1774,#856,.T.);
#2272=EDGE_CURVE('',#1776,#1775,#857,.T.);
#2273=EDGE_CURVE('',#1776,#1777,#858,.T.);
#2274=EDGE_CURVE('',#1777,#1778,#859,.T.);
#2275=EDGE_CURVE('',#1778,#1779,#860,.T.);
#2276=EDGE_CURVE('',#1779,#1676,#861,.T.);
#2277=EDGE_CURVE('',#1582,#1779,#862,.T.);
#2278=EDGE_CURVE('',#1767,#1778,#863,.T.);
#2279=EDGE_CURVE('',#1764,#1770,#864,.T.);
#2280=EDGE_CURVE('',#1780,#1767,#865,.T.);
#2281=EDGE_CURVE('',#1781,#1780,#866,.T.);
#2282=EDGE_CURVE('',#1781,#1764,#867,.T.);
#2283=EDGE_CURVE('',#1780,#1777,#868,.T.);
#2284=EDGE_CURVE('',#1776,#1782,#869,.T.);
#2285=EDGE_CURVE('',#1783,#1782,#870,.T.);
#2286=EDGE_CURVE('',#1783,#1784,#871,.T.);
#2287=EDGE_CURVE('',#1784,#1785,#872,.T.);
#2288=EDGE_CURVE('',#1786,#1785,#873,.T.);
#2289=EDGE_CURVE('',#1787,#1786,#874,.T.);
#2290=EDGE_CURVE('',#1772,#1787,#875,.T.);
#2291=EDGE_CURVE('',#1781,#1771,#876,.T.);
#2292=EDGE_CURVE('',#1723,#1775,#877,.T.);
#2293=EDGE_CURVE('',#1722,#1776,#878,.T.);
#2294=EDGE_CURVE('',#1724,#1774,#879,.T.);
#2295=EDGE_CURVE('',#1788,#1789,#880,.T.);
#2296=EDGE_CURVE('',#1789,#1790,#881,.T.);
#2297=EDGE_CURVE('',#1790,#1791,#882,.T.);
#2298=EDGE_CURVE('',#1791,#1788,#883,.T.);
#2299=EDGE_CURVE('',#1788,#1792,#884,.T.);
#2300=EDGE_CURVE('',#1784,#1792,#885,.T.);
#2301=EDGE_CURVE('',#1793,#1783,#886,.T.);
#2302=EDGE_CURVE('',#1793,#1794,#887,.T.);
#2303=EDGE_CURVE('',#1794,#1789,#888,.T.);
#2304=EDGE_CURVE('',#1795,#1791,#889,.T.);
#2305=EDGE_CURVE('',#1792,#1795,#890,.T.);
#2306=EDGE_CURVE('',#1785,#1795,#891,.T.);
#2307=EDGE_CURVE('',#1796,#1793,#892,.T.);
#2308=EDGE_CURVE('',#1796,#1797,#893,.T.);
#2309=EDGE_CURVE('',#1797,#1794,#894,.T.);
#2310=EDGE_CURVE('',#1790,#1797,#895,.T.);
#2311=EDGE_CURVE('',#1786,#1796,#896,.T.);
#2312=EDGE_CURVE('',#1798,#1787,#897,.T.);
#2313=EDGE_CURVE('',#1713,#1798,#898,.T.);
#2314=EDGE_CURVE('',#1726,#1712,#899,.T.);
#2315=EDGE_CURVE('',#1725,#1773,#900,.T.);
#2316=EDGE_CURVE('',#1782,#1799,#901,.T.);
#2317=EDGE_CURVE('',#1799,#1798,#902,.T.);
#2318=EDGE_CURVE('',#1714,#1799,#903,.T.);
#2319=EDGE_CURVE('',#1715,#1721,#904,.T.);
#2320=EDGE_CURVE('',#1727,#1711,#905,.F.);
#2321=EDGE_CURVE('',#1800,#1801,#906,.T.);
#2322=EDGE_CURVE('',#1802,#1800,#907,.T.);
#2323=EDGE_CURVE('',#1803,#1802,#908,.T.);
#2324=EDGE_CURVE('',#1486,#1803,#909,.T.);
#2325=EDGE_CURVE('',#1755,#1752,#910,.T.);
#2326=EDGE_CURVE('',#1804,#1489,#911,.T.);
#2327=EDGE_CURVE('',#1805,#1804,#912,.T.);
#2328=EDGE_CURVE('',#1801,#1805,#913,.T.);
#2329=EDGE_CURVE('',#1487,#1806,#914,.T.);
#2330=EDGE_CURVE('',#1806,#1803,#915,.T.);
#2331=EDGE_CURVE('',#1807,#1488,#916,.T.);
#2332=EDGE_CURVE('',#1807,#1804,#917,.T.);
#2333=EDGE_CURVE('',#1701,#1808,#918,.T.);
#2334=EDGE_CURVE('',#1808,#1809,#919,.T.);
#2335=EDGE_CURVE('',#1809,#1802,#920,.T.);
#2336=EDGE_CURVE('',#1729,#1800,#921,.T.);
#2337=EDGE_CURVE('',#1806,#1807,#922,.T.);
#2338=EDGE_CURVE('',#1801,#1730,#923,.T.);
#2339=EDGE_CURVE('',#1805,#1810,#924,.T.);
#2340=EDGE_CURVE('',#1810,#1811,#925,.T.);
#2341=EDGE_CURVE('',#1700,#1811,#926,.T.);
#2342=EDGE_CURVE('',#1812,#1813,#927,.T.);
#2343=EDGE_CURVE('',#1813,#1814,#928,.T.);
#2344=EDGE_CURVE('',#1814,#1815,#929,.T.);
#2345=EDGE_CURVE('',#1815,#1812,#930,.T.);
#2346=EDGE_CURVE('',#1816,#1814,#931,.T.);
#2347=EDGE_CURVE('',#1817,#1816,#932,.T.);
#2348=EDGE_CURVE('',#1818,#1817,#933,.T.);
#2349=EDGE_CURVE('',#1819,#1818,#934,.T.);
#2350=EDGE_CURVE('',#1819,#1820,#935,.T.);
#2351=EDGE_CURVE('',#1820,#1815,#936,.T.);
#2352=EDGE_CURVE('',#1813,#1821,#937,.T.);
#2353=EDGE_CURVE('',#1821,#1816,#938,.T.);
#2354=EDGE_CURVE('',#1817,#1822,#939,.T.);
#2355=EDGE_CURVE('',#1822,#1821,#940,.T.);
#2356=EDGE_CURVE('',#1818,#1809,#941,.T.);
#2357=EDGE_CURVE('',#1823,#1822,#942,.T.);
#2358=EDGE_CURVE('',#1810,#1823,#943,.T.);
#2359=EDGE_CURVE('',#1824,#1819,#944,.T.);
#2360=EDGE_CURVE('',#1824,#1825,#945,.T.);
#2361=EDGE_CURVE('',#1820,#1825,#946,.T.);
#2362=EDGE_CURVE('',#1825,#1812,#947,.T.);
#2363=EDGE_CURVE('',#1823,#1824,#948,.T.);
#2364=EDGE_CURVE('',#1811,#1808,#949,.T.);
#2365=EDGE_CURVE('',#1739,#1826,#950,.T.);
#2366=EDGE_CURVE('',#1826,#1826,#1470,.T.);
#2367=EDGE_CURVE('',#1827,#1827,#1471,.F.);
#2368=EDGE_CURVE('',#1737,#1736,#1472,.T.);
#2369=EDGE_CURVE('',#1717,#1706,#951,.T.);
#2370=EDGE_CURVE('',#1758,#1827,#952,.T.);
#2371=ORIENTED_EDGE('',*,*,#1828,.F.);
#2372=ORIENTED_EDGE('',*,*,#1829,.T.);
#2373=ORIENTED_EDGE('',*,*,#1830,.T.);
#2374=ORIENTED_EDGE('',*,*,#1831,.T.);
#2375=ORIENTED_EDGE('',*,*,#1828,.T.);
#2376=ORIENTED_EDGE('',*,*,#1832,.F.);
#2377=ORIENTED_EDGE('',*,*,#1833,.F.);
#2378=ORIENTED_EDGE('',*,*,#1834,.F.);
#2379=ORIENTED_EDGE('',*,*,#1835,.F.);
#2380=ORIENTED_EDGE('',*,*,#1836,.F.);
#2381=ORIENTED_EDGE('',*,*,#1831,.F.);
#2382=ORIENTED_EDGE('',*,*,#1837,.F.);
#2383=ORIENTED_EDGE('',*,*,#1838,.F.);
#2384=ORIENTED_EDGE('',*,*,#1839,.F.);
#2385=ORIENTED_EDGE('',*,*,#1840,.T.);
#2386=ORIENTED_EDGE('',*,*,#1841,.T.);
#2387=ORIENTED_EDGE('',*,*,#1842,.T.);
#2388=ORIENTED_EDGE('',*,*,#1843,.F.);
#2389=ORIENTED_EDGE('',*,*,#1844,.T.);
#2390=ORIENTED_EDGE('',*,*,#1845,.T.);
#2391=ORIENTED_EDGE('',*,*,#1846,.T.);
#2392=ORIENTED_EDGE('',*,*,#1847,.F.);
#2393=ORIENTED_EDGE('',*,*,#1832,.T.);
#2394=ORIENTED_EDGE('',*,*,#1848,.T.);
#2395=ORIENTED_EDGE('',*,*,#1849,.T.);
#2396=ORIENTED_EDGE('',*,*,#1850,.F.);
#2397=ORIENTED_EDGE('',*,*,#1839,.T.);
#2398=ORIENTED_EDGE('',*,*,#1851,.T.);
#2399=ORIENTED_EDGE('',*,*,#1850,.T.);
#2400=ORIENTED_EDGE('',*,*,#1852,.F.);
#2401=ORIENTED_EDGE('',*,*,#1853,.F.);
#2402=ORIENTED_EDGE('',*,*,#1854,.F.);
#2403=ORIENTED_EDGE('',*,*,#1855,.F.);
#2404=ORIENTED_EDGE('',*,*,#1840,.F.);
#2405=ORIENTED_EDGE('',*,*,#1849,.F.);
#2406=ORIENTED_EDGE('',*,*,#1856,.F.);
#2407=ORIENTED_EDGE('',*,*,#1857,.T.);
#2408=ORIENTED_EDGE('',*,*,#1858,.T.);
#2409=ORIENTED_EDGE('',*,*,#1859,.F.);
#2410=ORIENTED_EDGE('',*,*,#1860,.F.);
#2411=ORIENTED_EDGE('',*,*,#1861,.F.);
#2412=ORIENTED_EDGE('',*,*,#1862,.F.);
#2413=ORIENTED_EDGE('',*,*,#1863,.T.);
#2414=ORIENTED_EDGE('',*,*,#1864,.F.);
#2415=ORIENTED_EDGE('',*,*,#1865,.F.);
#2416=ORIENTED_EDGE('',*,*,#1866,.F.);
#2417=ORIENTED_EDGE('',*,*,#1867,.T.);
#2418=ORIENTED_EDGE('',*,*,#1868,.F.);
#2419=ORIENTED_EDGE('',*,*,#1869,.F.);
#2420=ORIENTED_EDGE('',*,*,#1870,.F.);
#2421=ORIENTED_EDGE('',*,*,#1871,.T.);
#2422=ORIENTED_EDGE('',*,*,#1872,.F.);
#2423=ORIENTED_EDGE('',*,*,#1873,.F.);
#2424=ORIENTED_EDGE('',*,*,#1874,.F.);
#2425=ORIENTED_EDGE('',*,*,#1875,.T.);
#2426=ORIENTED_EDGE('',*,*,#1876,.F.);
#2427=ORIENTED_EDGE('',*,*,#1877,.F.);
#2428=ORIENTED_EDGE('',*,*,#1878,.F.);
#2429=ORIENTED_EDGE('',*,*,#1879,.T.);
#2430=ORIENTED_EDGE('',*,*,#1880,.F.);
#2431=ORIENTED_EDGE('',*,*,#1881,.F.);
#2432=ORIENTED_EDGE('',*,*,#1882,.F.);
#2433=ORIENTED_EDGE('',*,*,#1883,.T.);
#2434=ORIENTED_EDGE('',*,*,#1884,.T.);
#2435=ORIENTED_EDGE('',*,*,#1885,.F.);
#2436=ORIENTED_EDGE('',*,*,#1886,.F.);
#2437=ORIENTED_EDGE('',*,*,#1887,.F.);
#2438=ORIENTED_EDGE('',*,*,#1888,.F.);
#2439=ORIENTED_EDGE('',*,*,#1889,.F.);
#2440=ORIENTED_EDGE('',*,*,#1890,.T.);
#2441=ORIENTED_EDGE('',*,*,#1891,.T.);
#2442=ORIENTED_EDGE('',*,*,#1892,.T.);
#2443=ORIENTED_EDGE('',*,*,#1862,.T.);
#2444=ORIENTED_EDGE('',*,*,#1893,.T.);
#2445=ORIENTED_EDGE('',*,*,#1894,.T.);
#2446=ORIENTED_EDGE('',*,*,#1895,.T.);
#2447=ORIENTED_EDGE('',*,*,#1856,.T.);
#2448=ORIENTED_EDGE('',*,*,#1896,.F.);
#2449=ORIENTED_EDGE('',*,*,#1897,.T.);
#2450=ORIENTED_EDGE('',*,*,#1898,.F.);
#2451=ORIENTED_EDGE('',*,*,#1899,.T.);
#2452=ORIENTED_EDGE('',*,*,#1900,.T.);
#2453=ORIENTED_EDGE('',*,*,#1901,.T.);
#2454=ORIENTED_EDGE('',*,*,#1902,.T.);
#2455=ORIENTED_EDGE('',*,*,#1903,.T.);
#2456=ORIENTED_EDGE('',*,*,#1904,.T.);
#2457=ORIENTED_EDGE('',*,*,#1905,.T.);
#2458=ORIENTED_EDGE('',*,*,#1906,.T.);
#2459=ORIENTED_EDGE('',*,*,#1907,.T.);
#2460=ORIENTED_EDGE('',*,*,#1908,.T.);
#2461=ORIENTED_EDGE('',*,*,#1909,.T.);
#2462=ORIENTED_EDGE('',*,*,#1910,.T.);
#2463=ORIENTED_EDGE('',*,*,#1911,.T.);
#2464=ORIENTED_EDGE('',*,*,#1912,.T.);
#2465=ORIENTED_EDGE('',*,*,#1913,.T.);
#2466=ORIENTED_EDGE('',*,*,#1914,.T.);
#2467=ORIENTED_EDGE('',*,*,#1915,.T.);
#2468=ORIENTED_EDGE('',*,*,#1916,.T.);
#2469=ORIENTED_EDGE('',*,*,#1882,.T.);
#2470=ORIENTED_EDGE('',*,*,#1917,.T.);
#2471=ORIENTED_EDGE('',*,*,#1918,.T.);
#2472=ORIENTED_EDGE('',*,*,#1919,.T.);
#2473=ORIENTED_EDGE('',*,*,#1878,.T.);
#2474=ORIENTED_EDGE('',*,*,#1920,.T.);
#2475=ORIENTED_EDGE('',*,*,#1921,.T.);
#2476=ORIENTED_EDGE('',*,*,#1922,.T.);
#2477=ORIENTED_EDGE('',*,*,#1874,.T.);
#2478=ORIENTED_EDGE('',*,*,#1923,.T.);
#2479=ORIENTED_EDGE('',*,*,#1924,.T.);
#2480=ORIENTED_EDGE('',*,*,#1925,.T.);
#2481=ORIENTED_EDGE('',*,*,#1870,.T.);
#2482=ORIENTED_EDGE('',*,*,#1926,.T.);
#2483=ORIENTED_EDGE('',*,*,#1927,.T.);
#2484=ORIENTED_EDGE('',*,*,#1928,.T.);
#2485=ORIENTED_EDGE('',*,*,#1866,.T.);
#2486=ORIENTED_EDGE('',*,*,#1929,.T.);
#2487=ORIENTED_EDGE('',*,*,#1930,.T.);
#2488=ORIENTED_EDGE('',*,*,#1931,.T.);
#2489=ORIENTED_EDGE('',*,*,#1932,.T.);
#2490=ORIENTED_EDGE('',*,*,#1933,.T.);
#2491=ORIENTED_EDGE('',*,*,#1934,.T.);
#2492=ORIENTED_EDGE('',*,*,#1935,.T.);
#2493=ORIENTED_EDGE('',*,*,#1936,.T.);
#2494=ORIENTED_EDGE('',*,*,#1937,.T.);
#2495=ORIENTED_EDGE('',*,*,#1938,.T.);
#2496=ORIENTED_EDGE('',*,*,#1939,.T.);
#2497=ORIENTED_EDGE('',*,*,#1940,.T.);
#2498=ORIENTED_EDGE('',*,*,#1941,.T.);
#2499=ORIENTED_EDGE('',*,*,#1942,.T.);
#2500=ORIENTED_EDGE('',*,*,#1943,.T.);
#2501=ORIENTED_EDGE('',*,*,#1944,.T.);
#2502=ORIENTED_EDGE('',*,*,#1945,.T.);
#2503=ORIENTED_EDGE('',*,*,#1946,.T.);
#2504=ORIENTED_EDGE('',*,*,#1947,.T.);
#2505=ORIENTED_EDGE('',*,*,#1948,.T.);
#2506=ORIENTED_EDGE('',*,*,#1949,.T.);
#2507=ORIENTED_EDGE('',*,*,#1950,.T.);
#2508=ORIENTED_EDGE('',*,*,#1951,.T.);
#2509=ORIENTED_EDGE('',*,*,#1952,.T.);
#2510=ORIENTED_EDGE('',*,*,#1953,.T.);
#2511=ORIENTED_EDGE('',*,*,#1954,.T.);
#2512=ORIENTED_EDGE('',*,*,#1955,.F.);
#2513=ORIENTED_EDGE('',*,*,#1956,.T.);
#2514=ORIENTED_EDGE('',*,*,#1957,.F.);
#2515=ORIENTED_EDGE('',*,*,#1958,.T.);
#2516=ORIENTED_EDGE('',*,*,#1959,.T.);
#2517=ORIENTED_EDGE('',*,*,#1960,.T.);
#2518=ORIENTED_EDGE('',*,*,#1961,.T.);
#2519=ORIENTED_EDGE('',*,*,#1962,.T.);
#2520=ORIENTED_EDGE('',*,*,#1963,.T.);
#2521=ORIENTED_EDGE('',*,*,#1964,.T.);
#2522=ORIENTED_EDGE('',*,*,#1965,.T.);
#2523=ORIENTED_EDGE('',*,*,#1966,.T.);
#2524=ORIENTED_EDGE('',*,*,#1967,.T.);
#2525=ORIENTED_EDGE('',*,*,#1968,.T.);
#2526=ORIENTED_EDGE('',*,*,#1969,.T.);
#2527=ORIENTED_EDGE('',*,*,#1970,.T.);
#2528=ORIENTED_EDGE('',*,*,#1971,.T.);
#2529=ORIENTED_EDGE('',*,*,#1972,.T.);
#2530=ORIENTED_EDGE('',*,*,#1973,.T.);
#2531=ORIENTED_EDGE('',*,*,#1974,.T.);
#2532=ORIENTED_EDGE('',*,*,#1838,.T.);
#2533=ORIENTED_EDGE('',*,*,#1975,.F.);
#2534=ORIENTED_EDGE('',*,*,#1976,.T.);
#2535=ORIENTED_EDGE('',*,*,#1977,.F.);
#2536=ORIENTED_EDGE('',*,*,#1851,.F.);
#2537=ORIENTED_EDGE('',*,*,#1829,.F.);
#2538=ORIENTED_EDGE('',*,*,#1978,.F.);
#2539=ORIENTED_EDGE('',*,*,#1979,.F.);
#2540=ORIENTED_EDGE('',*,*,#1980,.F.);
#2541=ORIENTED_EDGE('',*,*,#1981,.F.);
#2542=ORIENTED_EDGE('',*,*,#1982,.T.);
#2543=ORIENTED_EDGE('',*,*,#1983,.T.);
#2544=ORIENTED_EDGE('',*,*,#1984,.F.);
#2545=ORIENTED_EDGE('',*,*,#1936,.F.);
#2546=ORIENTED_EDGE('',*,*,#1985,.T.);
#2547=ORIENTED_EDGE('',*,*,#1986,.T.);
#2548=ORIENTED_EDGE('',*,*,#1987,.F.);
#2549=ORIENTED_EDGE('',*,*,#1932,.F.);
#2550=ORIENTED_EDGE('',*,*,#1988,.T.);
#2551=ORIENTED_EDGE('',*,*,#1989,.T.);
#2552=ORIENTED_EDGE('',*,*,#1990,.F.);
#2553=ORIENTED_EDGE('',*,*,#1974,.F.);
#2554=ORIENTED_EDGE('',*,*,#1991,.T.);
#2555=ORIENTED_EDGE('',*,*,#1992,.T.);
#2556=ORIENTED_EDGE('',*,*,#1993,.F.);
#2557=ORIENTED_EDGE('',*,*,#1970,.F.);
#2558=ORIENTED_EDGE('',*,*,#1994,.T.);
#2559=ORIENTED_EDGE('',*,*,#1995,.T.);
#2560=ORIENTED_EDGE('',*,*,#1996,.F.);
#2561=ORIENTED_EDGE('',*,*,#1966,.F.);
#2562=ORIENTED_EDGE('',*,*,#1997,.T.);
#2563=ORIENTED_EDGE('',*,*,#1998,.T.);
#2564=ORIENTED_EDGE('',*,*,#1999,.F.);
#2565=ORIENTED_EDGE('',*,*,#1962,.F.);
#2566=ORIENTED_EDGE('',*,*,#2000,.T.);
#2567=ORIENTED_EDGE('',*,*,#2001,.T.);
#2568=ORIENTED_EDGE('',*,*,#2002,.F.);
#2569=ORIENTED_EDGE('',*,*,#2003,.T.);
#2570=ORIENTED_EDGE('',*,*,#2004,.F.);
#2571=ORIENTED_EDGE('',*,*,#1958,.F.);
#2572=ORIENTED_EDGE('',*,*,#1957,.T.);
#2573=ORIENTED_EDGE('',*,*,#2005,.F.);
#2574=ORIENTED_EDGE('',*,*,#1975,.T.);
#2575=ORIENTED_EDGE('',*,*,#1837,.T.);
#2576=ORIENTED_EDGE('',*,*,#1830,.F.);
#2577=ORIENTED_EDGE('',*,*,#1977,.T.);
#2578=ORIENTED_EDGE('',*,*,#2006,.T.);
#2579=ORIENTED_EDGE('',*,*,#1896,.T.);
#2580=ORIENTED_EDGE('',*,*,#1848,.F.);
#2581=ORIENTED_EDGE('',*,*,#2006,.F.);
#2582=ORIENTED_EDGE('',*,*,#2007,.T.);
#2583=ORIENTED_EDGE('',*,*,#2008,.T.);
#2584=ORIENTED_EDGE('',*,*,#2009,.T.);
#2585=ORIENTED_EDGE('',*,*,#2007,.F.);
#2586=ORIENTED_EDGE('',*,*,#1976,.F.);
#2587=ORIENTED_EDGE('',*,*,#2010,.F.);
#2588=ORIENTED_EDGE('',*,*,#2011,.F.);
#2589=ORIENTED_EDGE('',*,*,#2012,.T.);
#2590=ORIENTED_EDGE('',*,*,#2013,.T.);
#2591=ORIENTED_EDGE('',*,*,#2014,.T.);
#2592=ORIENTED_EDGE('',*,*,#2015,.T.);
#2593=ORIENTED_EDGE('',*,*,#2016,.T.);
#2594=ORIENTED_EDGE('',*,*,#2017,.F.);
#2595=ORIENTED_EDGE('',*,*,#1898,.T.);
#2596=ORIENTED_EDGE('',*,*,#2014,.F.);
#2597=ORIENTED_EDGE('',*,*,#2018,.T.);
#2598=ORIENTED_EDGE('',*,*,#2019,.T.);
#2599=ORIENTED_EDGE('',*,*,#2016,.F.);
#2600=ORIENTED_EDGE('',*,*,#2020,.T.);
#2601=ORIENTED_EDGE('',*,*,#2021,.F.);
#2602=ORIENTED_EDGE('',*,*,#2022,.F.);
#2603=ORIENTED_EDGE('',*,*,#2023,.F.);
#2604=ORIENTED_EDGE('',*,*,#2019,.F.);
#2605=ORIENTED_EDGE('',*,*,#2024,.F.);
#2606=ORIENTED_EDGE('',*,*,#2025,.T.);
#2607=ORIENTED_EDGE('',*,*,#2026,.F.);
#2608=ORIENTED_EDGE('',*,*,#2020,.F.);
#2609=ORIENTED_EDGE('',*,*,#2018,.F.);
#2610=ORIENTED_EDGE('',*,*,#2027,.T.);
#2611=ORIENTED_EDGE('',*,*,#2028,.F.);
#2612=ORIENTED_EDGE('',*,*,#2029,.T.);
#2613=ORIENTED_EDGE('',*,*,#2024,.T.);
#2614=ORIENTED_EDGE('',*,*,#2013,.F.);
#2615=ORIENTED_EDGE('',*,*,#2030,.F.);
#2616=ORIENTED_EDGE('',*,*,#2031,.F.);
#2617=ORIENTED_EDGE('',*,*,#2027,.F.);
#2618=ORIENTED_EDGE('',*,*,#2032,.T.);
#2619=ORIENTED_EDGE('',*,*,#2033,.T.);
#2620=ORIENTED_EDGE('',*,*,#2034,.T.);
#2621=ORIENTED_EDGE('',*,*,#2035,.T.);
#2622=ORIENTED_EDGE('',*,*,#2028,.T.);
#2623=ORIENTED_EDGE('',*,*,#2036,.T.);
#2624=ORIENTED_EDGE('',*,*,#1955,.T.);
#2625=ORIENTED_EDGE('',*,*,#2037,.T.);
#2626=ORIENTED_EDGE('',*,*,#2038,.T.);
#2627=ORIENTED_EDGE('',*,*,#2036,.F.);
#2628=ORIENTED_EDGE('',*,*,#2031,.T.);
#2629=ORIENTED_EDGE('',*,*,#2038,.F.);
#2630=ORIENTED_EDGE('',*,*,#2039,.F.);
#2631=ORIENTED_EDGE('',*,*,#2040,.F.);
#2632=ORIENTED_EDGE('',*,*,#1956,.F.);
#2633=ORIENTED_EDGE('',*,*,#2041,.T.);
#2634=ORIENTED_EDGE('',*,*,#2042,.F.);
#2635=ORIENTED_EDGE('',*,*,#2043,.T.);
#2636=ORIENTED_EDGE('',*,*,#2044,.T.);
#2637=ORIENTED_EDGE('',*,*,#2045,.F.);
#2638=ORIENTED_EDGE('',*,*,#2010,.T.);
#2639=ORIENTED_EDGE('',*,*,#2005,.T.);
#2640=ORIENTED_EDGE('',*,*,#2040,.T.);
#2641=ORIENTED_EDGE('',*,*,#2046,.T.);
#2642=ORIENTED_EDGE('',*,*,#2047,.T.);
#2643=ORIENTED_EDGE('',*,*,#2048,.T.);
#2644=ORIENTED_EDGE('',*,*,#2049,.T.);
#2645=ORIENTED_EDGE('',*,*,#2050,.T.);
#2646=ORIENTED_EDGE('',*,*,#2051,.F.);
#2647=ORIENTED_EDGE('',*,*,#1925,.F.);
#2648=ORIENTED_EDGE('',*,*,#2052,.F.);
#2649=ORIENTED_EDGE('',*,*,#1971,.F.);
#2650=ORIENTED_EDGE('',*,*,#1993,.T.);
#2651=ORIENTED_EDGE('',*,*,#2053,.T.);
#2652=ORIENTED_EDGE('',*,*,#1871,.F.);
#2653=ORIENTED_EDGE('',*,*,#1923,.F.);
#2654=ORIENTED_EDGE('',*,*,#1873,.T.);
#2655=ORIENTED_EDGE('',*,*,#2054,.T.);
#2656=ORIENTED_EDGE('',*,*,#1991,.F.);
#2657=ORIENTED_EDGE('',*,*,#1973,.F.);
#2658=ORIENTED_EDGE('',*,*,#2055,.F.);
#2659=ORIENTED_EDGE('',*,*,#1922,.F.);
#2660=ORIENTED_EDGE('',*,*,#2056,.F.);
#2661=ORIENTED_EDGE('',*,*,#1929,.F.);
#2662=ORIENTED_EDGE('',*,*,#1990,.T.);
#2663=ORIENTED_EDGE('',*,*,#2057,.T.);
#2664=ORIENTED_EDGE('',*,*,#1875,.F.);
#2665=ORIENTED_EDGE('',*,*,#1920,.F.);
#2666=ORIENTED_EDGE('',*,*,#1877,.T.);
#2667=ORIENTED_EDGE('',*,*,#2058,.T.);
#2668=ORIENTED_EDGE('',*,*,#1988,.F.);
#2669=ORIENTED_EDGE('',*,*,#1931,.F.);
#2670=ORIENTED_EDGE('',*,*,#2059,.F.);
#2671=ORIENTED_EDGE('',*,*,#1919,.F.);
#2672=ORIENTED_EDGE('',*,*,#2060,.F.);
#2673=ORIENTED_EDGE('',*,*,#1933,.F.);
#2674=ORIENTED_EDGE('',*,*,#1987,.T.);
#2675=ORIENTED_EDGE('',*,*,#2061,.T.);
#2676=ORIENTED_EDGE('',*,*,#1879,.F.);
#2677=ORIENTED_EDGE('',*,*,#1917,.F.);
#2678=ORIENTED_EDGE('',*,*,#1881,.T.);
#2679=ORIENTED_EDGE('',*,*,#2062,.T.);
#2680=ORIENTED_EDGE('',*,*,#1985,.F.);
#2681=ORIENTED_EDGE('',*,*,#1935,.F.);
#2682=ORIENTED_EDGE('',*,*,#2063,.F.);
#2683=ORIENTED_EDGE('',*,*,#1916,.F.);
#2684=ORIENTED_EDGE('',*,*,#2064,.F.);
#2685=ORIENTED_EDGE('',*,*,#1937,.F.);
#2686=ORIENTED_EDGE('',*,*,#1984,.T.);
#2687=ORIENTED_EDGE('',*,*,#2065,.T.);
#2688=ORIENTED_EDGE('',*,*,#1883,.F.);
#2689=ORIENTED_EDGE('',*,*,#1914,.F.);
#2690=ORIENTED_EDGE('',*,*,#2066,.T.);
#2691=ORIENTED_EDGE('',*,*,#2067,.T.);
#2692=ORIENTED_EDGE('',*,*,#2068,.F.);
#2693=ORIENTED_EDGE('',*,*,#1939,.F.);
#2694=ORIENTED_EDGE('',*,*,#2069,.F.);
#2695=ORIENTED_EDGE('',*,*,#1913,.F.);
#2696=ORIENTED_EDGE('',*,*,#2070,.T.);
#2697=ORIENTED_EDGE('',*,*,#2071,.T.);
#2698=ORIENTED_EDGE('',*,*,#2066,.F.);
#2699=ORIENTED_EDGE('',*,*,#1912,.F.);
#2700=ORIENTED_EDGE('',*,*,#2072,.F.);
#2701=ORIENTED_EDGE('',*,*,#1941,.F.);
#2702=ORIENTED_EDGE('',*,*,#2073,.T.);
#2703=ORIENTED_EDGE('',*,*,#2074,.T.);
#2704=ORIENTED_EDGE('',*,*,#2070,.F.);
#2705=ORIENTED_EDGE('',*,*,#2017,.T.);
#2706=ORIENTED_EDGE('',*,*,#2023,.T.);
#2707=ORIENTED_EDGE('',*,*,#2075,.T.);
#2708=ORIENTED_EDGE('',*,*,#2076,.T.);
#2709=ORIENTED_EDGE('',*,*,#1910,.F.);
#2710=ORIENTED_EDGE('',*,*,#2077,.T.);
#2711=ORIENTED_EDGE('',*,*,#2078,.T.);
#2712=ORIENTED_EDGE('',*,*,#2079,.F.);
#2713=ORIENTED_EDGE('',*,*,#2080,.F.);
#2714=ORIENTED_EDGE('',*,*,#1909,.F.);
#2715=ORIENTED_EDGE('',*,*,#2081,.T.);
#2716=ORIENTED_EDGE('',*,*,#2082,.T.);
#2717=ORIENTED_EDGE('',*,*,#2077,.F.);
#2718=ORIENTED_EDGE('',*,*,#1908,.F.);
#2719=ORIENTED_EDGE('',*,*,#2083,.F.);
#2720=ORIENTED_EDGE('',*,*,#1945,.F.);
#2721=ORIENTED_EDGE('',*,*,#2084,.T.);
#2722=ORIENTED_EDGE('',*,*,#2085,.T.);
#2723=ORIENTED_EDGE('',*,*,#2081,.F.);
#2724=ORIENTED_EDGE('',*,*,#1907,.F.);
#2725=ORIENTED_EDGE('',*,*,#2086,.T.);
#2726=ORIENTED_EDGE('',*,*,#1946,.F.);
#2727=ORIENTED_EDGE('',*,*,#2083,.T.);
#2728=ORIENTED_EDGE('',*,*,#1903,.F.);
#2729=ORIENTED_EDGE('',*,*,#2087,.T.);
#2730=ORIENTED_EDGE('',*,*,#2088,.T.);
#2731=ORIENTED_EDGE('',*,*,#2089,.T.);
#2732=ORIENTED_EDGE('',*,*,#1911,.F.);
#2733=ORIENTED_EDGE('',*,*,#2080,.T.);
#2734=ORIENTED_EDGE('',*,*,#2090,.F.);
#2735=ORIENTED_EDGE('',*,*,#2091,.T.);
#2736=ORIENTED_EDGE('',*,*,#1942,.F.);
#2737=ORIENTED_EDGE('',*,*,#2072,.T.);
#2738=ORIENTED_EDGE('',*,*,#1899,.F.);
#2739=ORIENTED_EDGE('',*,*,#2076,.F.);
#2740=ORIENTED_EDGE('',*,*,#2092,.T.);
#2741=ORIENTED_EDGE('',*,*,#2093,.T.);
#2742=ORIENTED_EDGE('',*,*,#1915,.F.);
#2743=ORIENTED_EDGE('',*,*,#2069,.T.);
#2744=ORIENTED_EDGE('',*,*,#1938,.F.);
#2745=ORIENTED_EDGE('',*,*,#2064,.T.);
#2746=ORIENTED_EDGE('',*,*,#1918,.F.);
#2747=ORIENTED_EDGE('',*,*,#2063,.T.);
#2748=ORIENTED_EDGE('',*,*,#1934,.F.);
#2749=ORIENTED_EDGE('',*,*,#2060,.T.);
#2750=ORIENTED_EDGE('',*,*,#1921,.F.);
#2751=ORIENTED_EDGE('',*,*,#2059,.T.);
#2752=ORIENTED_EDGE('',*,*,#1930,.F.);
#2753=ORIENTED_EDGE('',*,*,#2056,.T.);
#2754=ORIENTED_EDGE('',*,*,#1894,.F.);
#2755=ORIENTED_EDGE('',*,*,#2094,.T.);
#2756=ORIENTED_EDGE('',*,*,#1960,.F.);
#2757=ORIENTED_EDGE('',*,*,#2095,.T.);
#2758=ORIENTED_EDGE('',*,*,#1924,.F.);
#2759=ORIENTED_EDGE('',*,*,#2055,.T.);
#2760=ORIENTED_EDGE('',*,*,#1972,.F.);
#2761=ORIENTED_EDGE('',*,*,#2052,.T.);
#2762=ORIENTED_EDGE('',*,*,#1891,.F.);
#2763=ORIENTED_EDGE('',*,*,#2096,.T.);
#2764=ORIENTED_EDGE('',*,*,#1964,.F.);
#2765=ORIENTED_EDGE('',*,*,#2097,.T.);
#2766=ORIENTED_EDGE('',*,*,#1906,.F.);
#2767=ORIENTED_EDGE('',*,*,#2098,.T.);
#2768=ORIENTED_EDGE('',*,*,#2099,.F.);
#2769=ORIENTED_EDGE('',*,*,#2100,.F.);
#2770=ORIENTED_EDGE('',*,*,#1947,.F.);
#2771=ORIENTED_EDGE('',*,*,#2086,.F.);
#2772=ORIENTED_EDGE('',*,*,#1905,.F.);
#2773=ORIENTED_EDGE('',*,*,#2101,.T.);
#2774=ORIENTED_EDGE('',*,*,#2102,.T.);
#2775=ORIENTED_EDGE('',*,*,#2098,.F.);
#2776=ORIENTED_EDGE('',*,*,#1926,.F.);
#2777=ORIENTED_EDGE('',*,*,#1869,.T.);
#2778=ORIENTED_EDGE('',*,*,#2103,.T.);
#2779=ORIENTED_EDGE('',*,*,#1994,.F.);
#2780=ORIENTED_EDGE('',*,*,#1969,.F.);
#2781=ORIENTED_EDGE('',*,*,#2104,.F.);
#2782=ORIENTED_EDGE('',*,*,#1928,.F.);
#2783=ORIENTED_EDGE('',*,*,#2105,.F.);
#2784=ORIENTED_EDGE('',*,*,#1967,.F.);
#2785=ORIENTED_EDGE('',*,*,#1996,.T.);
#2786=ORIENTED_EDGE('',*,*,#2106,.T.);
#2787=ORIENTED_EDGE('',*,*,#1867,.F.);
#2788=ORIENTED_EDGE('',*,*,#1890,.F.);
#2789=ORIENTED_EDGE('',*,*,#1865,.T.);
#2790=ORIENTED_EDGE('',*,*,#2107,.T.);
#2791=ORIENTED_EDGE('',*,*,#1997,.F.);
#2792=ORIENTED_EDGE('',*,*,#1965,.F.);
#2793=ORIENTED_EDGE('',*,*,#2096,.F.);
#2794=ORIENTED_EDGE('',*,*,#1892,.F.);
#2795=ORIENTED_EDGE('',*,*,#2097,.F.);
#2796=ORIENTED_EDGE('',*,*,#1963,.F.);
#2797=ORIENTED_EDGE('',*,*,#1999,.T.);
#2798=ORIENTED_EDGE('',*,*,#2108,.T.);
#2799=ORIENTED_EDGE('',*,*,#1863,.F.);
#2800=ORIENTED_EDGE('',*,*,#1893,.F.);
#2801=ORIENTED_EDGE('',*,*,#1861,.T.);
#2802=ORIENTED_EDGE('',*,*,#2109,.T.);
#2803=ORIENTED_EDGE('',*,*,#2000,.F.);
#2804=ORIENTED_EDGE('',*,*,#1961,.F.);
#2805=ORIENTED_EDGE('',*,*,#2094,.F.);
#2806=ORIENTED_EDGE('',*,*,#1895,.F.);
#2807=ORIENTED_EDGE('',*,*,#2095,.F.);
#2808=ORIENTED_EDGE('',*,*,#1959,.F.);
#2809=ORIENTED_EDGE('',*,*,#2004,.T.);
#2810=ORIENTED_EDGE('',*,*,#2110,.T.);
#2811=ORIENTED_EDGE('',*,*,#2111,.F.);
#2812=ORIENTED_EDGE('',*,*,#2112,.T.);
#2813=ORIENTED_EDGE('',*,*,#2113,.T.);
#2814=ORIENTED_EDGE('',*,*,#2114,.T.);
#2815=ORIENTED_EDGE('',*,*,#1857,.F.);
#2816=ORIENTED_EDGE('',*,*,#2034,.F.);
#2817=ORIENTED_EDGE('',*,*,#2115,.T.);
#2818=ORIENTED_EDGE('',*,*,#2116,.F.);
#2819=ORIENTED_EDGE('',*,*,#2117,.T.);
#2820=ORIENTED_EDGE('',*,*,#2033,.F.);
#2821=ORIENTED_EDGE('',*,*,#2118,.F.);
#2822=ORIENTED_EDGE('',*,*,#2119,.F.);
#2823=ORIENTED_EDGE('',*,*,#2120,.T.);
#2824=ORIENTED_EDGE('',*,*,#2115,.F.);
#2825=ORIENTED_EDGE('',*,*,#2032,.F.);
#2826=ORIENTED_EDGE('',*,*,#2121,.T.);
#2827=ORIENTED_EDGE('',*,*,#2122,.T.);
#2828=ORIENTED_EDGE('',*,*,#2118,.T.);
#2829=ORIENTED_EDGE('',*,*,#1954,.F.);
#2830=ORIENTED_EDGE('',*,*,#2123,.T.);
#2831=ORIENTED_EDGE('',*,*,#2124,.T.);
#2832=ORIENTED_EDGE('',*,*,#2121,.F.);
#2833=ORIENTED_EDGE('',*,*,#1950,.F.);
#2834=ORIENTED_EDGE('',*,*,#2125,.T.);
#2835=ORIENTED_EDGE('',*,*,#2126,.T.);
#2836=ORIENTED_EDGE('',*,*,#2127,.T.);
#2837=ORIENTED_EDGE('',*,*,#1953,.F.);
#2838=ORIENTED_EDGE('',*,*,#2128,.T.);
#2839=ORIENTED_EDGE('',*,*,#2129,.T.);
#2840=ORIENTED_EDGE('',*,*,#2130,.F.);
#2841=ORIENTED_EDGE('',*,*,#2131,.F.);
#2842=ORIENTED_EDGE('',*,*,#2123,.F.);
#2843=ORIENTED_EDGE('',*,*,#1952,.F.);
#2844=ORIENTED_EDGE('',*,*,#2132,.T.);
#2845=ORIENTED_EDGE('',*,*,#2133,.T.);
#2846=ORIENTED_EDGE('',*,*,#2128,.F.);
#2847=ORIENTED_EDGE('',*,*,#2009,.F.);
#2848=ORIENTED_EDGE('',*,*,#2134,.F.);
#2849=ORIENTED_EDGE('',*,*,#2015,.F.);
#2850=ORIENTED_EDGE('',*,*,#1897,.F.);
#2851=ORIENTED_EDGE('',*,*,#2075,.F.);
#2852=ORIENTED_EDGE('',*,*,#2022,.T.);
#2853=ORIENTED_EDGE('',*,*,#2135,.T.);
#2854=ORIENTED_EDGE('',*,*,#2136,.F.);
#2855=ORIENTED_EDGE('',*,*,#2137,.F.);
#2856=ORIENTED_EDGE('',*,*,#2138,.T.);
#2857=ORIENTED_EDGE('',*,*,#2092,.F.);
#2858=ORIENTED_EDGE('',*,*,#1927,.F.);
#2859=ORIENTED_EDGE('',*,*,#2104,.T.);
#2860=ORIENTED_EDGE('',*,*,#1968,.F.);
#2861=ORIENTED_EDGE('',*,*,#2105,.T.);
#2862=ORIENTED_EDGE('',*,*,#2035,.F.);
#2863=ORIENTED_EDGE('',*,*,#2117,.F.);
#2864=ORIENTED_EDGE('',*,*,#2139,.F.);
#2865=ORIENTED_EDGE('',*,*,#2025,.F.);
#2866=ORIENTED_EDGE('',*,*,#2029,.F.);
#2867=ORIENTED_EDGE('',*,*,#2140,.T.);
#2868=ORIENTED_EDGE('',*,*,#2141,.T.);
#2869=ORIENTED_EDGE('',*,*,#2051,.T.);
#2870=ORIENTED_EDGE('',*,*,#2142,.T.);
#2871=ORIENTED_EDGE('',*,*,#2143,.T.);
#2872=ORIENTED_EDGE('',*,*,#2144,.T.);
#2873=ORIENTED_EDGE('',*,*,#2145,.T.);
#2874=ORIENTED_EDGE('',*,*,#2146,.T.);
#2875=ORIENTED_EDGE('',*,*,#2140,.F.);
#2876=ORIENTED_EDGE('',*,*,#2147,.T.);
#2877=ORIENTED_EDGE('',*,*,#2148,.T.);
#2878=ORIENTED_EDGE('',*,*,#2149,.T.);
#2879=ORIENTED_EDGE('',*,*,#2150,.T.);
#2880=ORIENTED_EDGE('',*,*,#2151,.T.);
#2881=ORIENTED_EDGE('',*,*,#2146,.F.);
#2882=ORIENTED_EDGE('',*,*,#2152,.T.);
#2883=ORIENTED_EDGE('',*,*,#2153,.F.);
#2884=ORIENTED_EDGE('',*,*,#2147,.F.);
#2885=ORIENTED_EDGE('',*,*,#2042,.T.);
#2886=ORIENTED_EDGE('',*,*,#2154,.T.);
#2887=ORIENTED_EDGE('',*,*,#2155,.T.);
#2888=ORIENTED_EDGE('',*,*,#2156,.T.);
#2889=ORIENTED_EDGE('',*,*,#2156,.F.);
#2890=ORIENTED_EDGE('',*,*,#2157,.F.);
#2891=ORIENTED_EDGE('',*,*,#2158,.F.);
#2892=ORIENTED_EDGE('',*,*,#2159,.T.);
#2893=ORIENTED_EDGE('',*,*,#2160,.T.);
#2894=ORIENTED_EDGE('',*,*,#2161,.T.);
#2895=ORIENTED_EDGE('',*,*,#2162,.T.);
#2896=ORIENTED_EDGE('',*,*,#2163,.T.);
#2897=ORIENTED_EDGE('',*,*,#2164,.T.);
#2898=ORIENTED_EDGE('',*,*,#2043,.F.);
#2899=ORIENTED_EDGE('',*,*,#2155,.F.);
#2900=ORIENTED_EDGE('',*,*,#2165,.T.);
#2901=ORIENTED_EDGE('',*,*,#2166,.T.);
#2902=ORIENTED_EDGE('',*,*,#2157,.T.);
#2903=ORIENTED_EDGE('',*,*,#2044,.F.);
#2904=ORIENTED_EDGE('',*,*,#2164,.F.);
#2905=ORIENTED_EDGE('',*,*,#2167,.F.);
#2906=ORIENTED_EDGE('',*,*,#2168,.T.);
#2907=ORIENTED_EDGE('',*,*,#2047,.F.);
#2908=ORIENTED_EDGE('',*,*,#2169,.F.);
#2909=ORIENTED_EDGE('',*,*,#2142,.F.);
#2910=ORIENTED_EDGE('',*,*,#2050,.F.);
#2911=ORIENTED_EDGE('',*,*,#2170,.F.);
#2912=ORIENTED_EDGE('',*,*,#2171,.T.);
#2913=ORIENTED_EDGE('',*,*,#2049,.F.);
#2914=ORIENTED_EDGE('',*,*,#2172,.T.);
#2915=ORIENTED_EDGE('',*,*,#2173,.T.);
#2916=ORIENTED_EDGE('',*,*,#2170,.T.);
#2917=ORIENTED_EDGE('',*,*,#2048,.F.);
#2918=ORIENTED_EDGE('',*,*,#2168,.F.);
#2919=ORIENTED_EDGE('',*,*,#2174,.F.);
#2920=ORIENTED_EDGE('',*,*,#2175,.F.);
#2921=ORIENTED_EDGE('',*,*,#2176,.F.);
#2922=ORIENTED_EDGE('',*,*,#2177,.T.);
#2923=ORIENTED_EDGE('',*,*,#2178,.T.);
#2924=ORIENTED_EDGE('',*,*,#2179,.T.);
#2925=ORIENTED_EDGE('',*,*,#2180,.F.);
#2926=ORIENTED_EDGE('',*,*,#2181,.F.);
#2927=ORIENTED_EDGE('',*,*,#2149,.F.);
#2928=ORIENTED_EDGE('',*,*,#2182,.F.);
#2929=ORIENTED_EDGE('',*,*,#2183,.T.);
#2930=ORIENTED_EDGE('',*,*,#2184,.T.);
#2931=ORIENTED_EDGE('',*,*,#2185,.T.);
#2932=ORIENTED_EDGE('',*,*,#2172,.F.);
#2933=ORIENTED_EDGE('',*,*,#2186,.T.);
#2934=ORIENTED_EDGE('',*,*,#2187,.T.);
#2935=ORIENTED_EDGE('',*,*,#2188,.T.);
#2936=ORIENTED_EDGE('',*,*,#1888,.T.);
#2937=ORIENTED_EDGE('',*,*,#2189,.T.);
#2938=ORIENTED_EDGE('',*,*,#2190,.T.);
#2939=ORIENTED_EDGE('',*,*,#2191,.T.);
#2940=ORIENTED_EDGE('',*,*,#1886,.T.);
#2941=ORIENTED_EDGE('',*,*,#2192,.T.);
#2942=ORIENTED_EDGE('',*,*,#1981,.T.);
#2943=ORIENTED_EDGE('',*,*,#2193,.T.);
#2944=ORIENTED_EDGE('',*,*,#2194,.T.);
#2945=ORIENTED_EDGE('',*,*,#2195,.T.);
#2946=ORIENTED_EDGE('',*,*,#1979,.T.);
#2947=ORIENTED_EDGE('',*,*,#2196,.T.);
#2948=ORIENTED_EDGE('',*,*,#2197,.T.);
#2949=ORIENTED_EDGE('',*,*,#2198,.T.);
#2950=ORIENTED_EDGE('',*,*,#2148,.F.);
#2951=ORIENTED_EDGE('',*,*,#2153,.T.);
#2952=ORIENTED_EDGE('',*,*,#2199,.T.);
#2953=ORIENTED_EDGE('',*,*,#2182,.T.);
#2954=ORIENTED_EDGE('',*,*,#2200,.F.);
#2955=ORIENTED_EDGE('',*,*,#1982,.F.);
#2956=ORIENTED_EDGE('',*,*,#2192,.F.);
#2957=ORIENTED_EDGE('',*,*,#1885,.T.);
#2958=ORIENTED_EDGE('',*,*,#2061,.F.);
#2959=ORIENTED_EDGE('',*,*,#1986,.F.);
#2960=ORIENTED_EDGE('',*,*,#2062,.F.);
#2961=ORIENTED_EDGE('',*,*,#1880,.T.);
#2962=ORIENTED_EDGE('',*,*,#2057,.F.);
#2963=ORIENTED_EDGE('',*,*,#1989,.F.);
#2964=ORIENTED_EDGE('',*,*,#2058,.F.);
#2965=ORIENTED_EDGE('',*,*,#1876,.T.);
#2966=ORIENTED_EDGE('',*,*,#2053,.F.);
#2967=ORIENTED_EDGE('',*,*,#1992,.F.);
#2968=ORIENTED_EDGE('',*,*,#2054,.F.);
#2969=ORIENTED_EDGE('',*,*,#1872,.T.);
#2970=ORIENTED_EDGE('',*,*,#2106,.F.);
#2971=ORIENTED_EDGE('',*,*,#1995,.F.);
#2972=ORIENTED_EDGE('',*,*,#2103,.F.);
#2973=ORIENTED_EDGE('',*,*,#1868,.T.);
#2974=ORIENTED_EDGE('',*,*,#2108,.F.);
#2975=ORIENTED_EDGE('',*,*,#1998,.F.);
#2976=ORIENTED_EDGE('',*,*,#2107,.F.);
#2977=ORIENTED_EDGE('',*,*,#1864,.T.);
#2978=ORIENTED_EDGE('',*,*,#2201,.F.);
#2979=ORIENTED_EDGE('',*,*,#2202,.F.);
#2980=ORIENTED_EDGE('',*,*,#2001,.F.);
#2981=ORIENTED_EDGE('',*,*,#2109,.F.);
#2982=ORIENTED_EDGE('',*,*,#1860,.T.);
#2983=ORIENTED_EDGE('',*,*,#2203,.F.);
#2984=ORIENTED_EDGE('',*,*,#2204,.F.);
#2985=ORIENTED_EDGE('',*,*,#2186,.F.);
#2986=ORIENTED_EDGE('',*,*,#2205,.F.);
#2987=ORIENTED_EDGE('',*,*,#2206,.F.);
#2988=ORIENTED_EDGE('',*,*,#2207,.F.);
#2989=ORIENTED_EDGE('',*,*,#2112,.F.);
#2990=ORIENTED_EDGE('',*,*,#2207,.T.);
#2991=ORIENTED_EDGE('',*,*,#2208,.T.);
#2992=ORIENTED_EDGE('',*,*,#2209,.T.);
#2993=ORIENTED_EDGE('',*,*,#2113,.F.);
#2994=ORIENTED_EDGE('',*,*,#2206,.T.);
#2995=ORIENTED_EDGE('',*,*,#2210,.T.);
#2996=ORIENTED_EDGE('',*,*,#2211,.T.);
#2997=ORIENTED_EDGE('',*,*,#2212,.F.);
#2998=ORIENTED_EDGE('',*,*,#2213,.F.);
#2999=ORIENTED_EDGE('',*,*,#2214,.F.);
#3000=ORIENTED_EDGE('',*,*,#2215,.T.);
#3001=ORIENTED_EDGE('',*,*,#2208,.F.);
#3002=ORIENTED_EDGE('',*,*,#2204,.T.);
#3003=ORIENTED_EDGE('',*,*,#2216,.F.);
#3004=ORIENTED_EDGE('',*,*,#2217,.T.);
#3005=ORIENTED_EDGE('',*,*,#2214,.T.);
#3006=ORIENTED_EDGE('',*,*,#2218,.T.);
#3007=ORIENTED_EDGE('',*,*,#2219,.T.);
#3008=ORIENTED_EDGE('',*,*,#1853,.T.);
#3009=ORIENTED_EDGE('',*,*,#2220,.F.);
#3010=ORIENTED_EDGE('',*,*,#2187,.F.);
#3011=ORIENTED_EDGE('',*,*,#2203,.T.);
#3012=ORIENTED_EDGE('',*,*,#1859,.T.);
#3013=ORIENTED_EDGE('',*,*,#2221,.T.);
#3014=ORIENTED_EDGE('',*,*,#2216,.T.);
#3015=ORIENTED_EDGE('',*,*,#2200,.T.);
#3016=ORIENTED_EDGE('',*,*,#1884,.F.);
#3017=ORIENTED_EDGE('',*,*,#2065,.F.);
#3018=ORIENTED_EDGE('',*,*,#1983,.F.);
#3019=ORIENTED_EDGE('',*,*,#1887,.T.);
#3020=ORIENTED_EDGE('',*,*,#2191,.F.);
#3021=ORIENTED_EDGE('',*,*,#2222,.T.);
#3022=ORIENTED_EDGE('',*,*,#2189,.F.);
#3023=ORIENTED_EDGE('',*,*,#1855,.T.);
#3024=ORIENTED_EDGE('',*,*,#2223,.T.);
#3025=ORIENTED_EDGE('',*,*,#2224,.T.);
#3026=ORIENTED_EDGE('',*,*,#1841,.F.);
#3027=ORIENTED_EDGE('',*,*,#2201,.T.);
#3028=ORIENTED_EDGE('',*,*,#2197,.F.);
#3029=ORIENTED_EDGE('',*,*,#2225,.F.);
#3030=ORIENTED_EDGE('',*,*,#1835,.T.);
#3031=ORIENTED_EDGE('',*,*,#2226,.T.);
#3032=ORIENTED_EDGE('',*,*,#2227,.T.);
#3033=ORIENTED_EDGE('',*,*,#2212,.T.);
#3034=ORIENTED_EDGE('',*,*,#2228,.T.);
#3035=ORIENTED_EDGE('',*,*,#2229,.F.);
#3036=ORIENTED_EDGE('',*,*,#1833,.T.);
#3037=ORIENTED_EDGE('',*,*,#1847,.T.);
#3038=ORIENTED_EDGE('',*,*,#2230,.T.);
#3039=ORIENTED_EDGE('',*,*,#2231,.F.);
#3040=ORIENTED_EDGE('',*,*,#2003,.F.);
#3041=ORIENTED_EDGE('',*,*,#2232,.F.);
#3042=ORIENTED_EDGE('',*,*,#2228,.F.);
#3043=ORIENTED_EDGE('',*,*,#2211,.F.);
#3044=ORIENTED_EDGE('',*,*,#2233,.F.);
#3045=ORIENTED_EDGE('',*,*,#2110,.F.);
#3046=ORIENTED_EDGE('',*,*,#2209,.F.);
#3047=ORIENTED_EDGE('',*,*,#2215,.F.);
#3048=ORIENTED_EDGE('',*,*,#2217,.F.);
#3049=ORIENTED_EDGE('',*,*,#2221,.F.);
#3050=ORIENTED_EDGE('',*,*,#1858,.F.);
#3051=ORIENTED_EDGE('',*,*,#2114,.F.);
#3052=ORIENTED_EDGE('',*,*,#2205,.T.);
#3053=ORIENTED_EDGE('',*,*,#2111,.T.);
#3054=ORIENTED_EDGE('',*,*,#2233,.T.);
#3055=ORIENTED_EDGE('',*,*,#2210,.F.);
#3056=ORIENTED_EDGE('',*,*,#2202,.T.);
#3057=ORIENTED_EDGE('',*,*,#2229,.T.);
#3058=ORIENTED_EDGE('',*,*,#2232,.T.);
#3059=ORIENTED_EDGE('',*,*,#2002,.T.);
#3060=ORIENTED_EDGE('',*,*,#2213,.T.);
#3061=ORIENTED_EDGE('',*,*,#2227,.F.);
#3062=ORIENTED_EDGE('',*,*,#2234,.T.);
#3063=ORIENTED_EDGE('',*,*,#2218,.F.);
#3064=ORIENTED_EDGE('',*,*,#1940,.F.);
#3065=ORIENTED_EDGE('',*,*,#2068,.T.);
#3066=ORIENTED_EDGE('',*,*,#2235,.T.);
#3067=ORIENTED_EDGE('',*,*,#2073,.F.);
#3068=ORIENTED_EDGE('',*,*,#2067,.F.);
#3069=ORIENTED_EDGE('',*,*,#2071,.F.);
#3070=ORIENTED_EDGE('',*,*,#2074,.F.);
#3071=ORIENTED_EDGE('',*,*,#2235,.F.);
#3072=ORIENTED_EDGE('',*,*,#1943,.F.);
#3073=ORIENTED_EDGE('',*,*,#2091,.F.);
#3074=ORIENTED_EDGE('',*,*,#2236,.F.);
#3075=ORIENTED_EDGE('',*,*,#2237,.T.);
#3076=ORIENTED_EDGE('',*,*,#2238,.F.);
#3077=ORIENTED_EDGE('',*,*,#1944,.F.);
#3078=ORIENTED_EDGE('',*,*,#2238,.T.);
#3079=ORIENTED_EDGE('',*,*,#2239,.T.);
#3080=ORIENTED_EDGE('',*,*,#2084,.F.);
#3081=ORIENTED_EDGE('',*,*,#2240,.F.);
#3082=ORIENTED_EDGE('',*,*,#2078,.F.);
#3083=ORIENTED_EDGE('',*,*,#2082,.F.);
#3084=ORIENTED_EDGE('',*,*,#2085,.F.);
#3085=ORIENTED_EDGE('',*,*,#2239,.F.);
#3086=ORIENTED_EDGE('',*,*,#2237,.F.);
#3087=ORIENTED_EDGE('',*,*,#2241,.F.);
#3088=ORIENTED_EDGE('',*,*,#1901,.F.);
#3089=ORIENTED_EDGE('',*,*,#2242,.T.);
#3090=ORIENTED_EDGE('',*,*,#2243,.F.);
#3091=ORIENTED_EDGE('',*,*,#2244,.F.);
#3092=ORIENTED_EDGE('',*,*,#1902,.F.);
#3093=ORIENTED_EDGE('',*,*,#2244,.T.);
#3094=ORIENTED_EDGE('',*,*,#2245,.F.);
#3095=ORIENTED_EDGE('',*,*,#2246,.F.);
#3096=ORIENTED_EDGE('',*,*,#2247,.F.);
#3097=ORIENTED_EDGE('',*,*,#2087,.F.);
#3098=ORIENTED_EDGE('',*,*,#2248,.F.);
#3099=ORIENTED_EDGE('',*,*,#2246,.T.);
#3100=ORIENTED_EDGE('',*,*,#2249,.F.);
#3101=ORIENTED_EDGE('',*,*,#2250,.F.);
#3102=ORIENTED_EDGE('',*,*,#1900,.F.);
#3103=ORIENTED_EDGE('',*,*,#2093,.F.);
#3104=ORIENTED_EDGE('',*,*,#2138,.F.);
#3105=ORIENTED_EDGE('',*,*,#2250,.T.);
#3106=ORIENTED_EDGE('',*,*,#2251,.F.);
#3107=ORIENTED_EDGE('',*,*,#2242,.F.);
#3108=ORIENTED_EDGE('',*,*,#2251,.T.);
#3109=ORIENTED_EDGE('',*,*,#2249,.T.);
#3110=ORIENTED_EDGE('',*,*,#2245,.T.);
#3111=ORIENTED_EDGE('',*,*,#2243,.T.);
#3112=ORIENTED_EDGE('',*,*,#2247,.T.);
#3113=ORIENTED_EDGE('',*,*,#2252,.F.);
#3114=ORIENTED_EDGE('',*,*,#2253,.F.);
#3115=ORIENTED_EDGE('',*,*,#2088,.F.);
#3116=ORIENTED_EDGE('',*,*,#2254,.F.);
#3117=ORIENTED_EDGE('',*,*,#2130,.T.);
#3118=ORIENTED_EDGE('',*,*,#2255,.T.);
#3119=ORIENTED_EDGE('',*,*,#2256,.F.);
#3120=ORIENTED_EDGE('',*,*,#1951,.F.);
#3121=ORIENTED_EDGE('',*,*,#2127,.F.);
#3122=ORIENTED_EDGE('',*,*,#2257,.F.);
#3123=ORIENTED_EDGE('',*,*,#2256,.T.);
#3124=ORIENTED_EDGE('',*,*,#2258,.T.);
#3125=ORIENTED_EDGE('',*,*,#2132,.F.);
#3126=ORIENTED_EDGE('',*,*,#2129,.F.);
#3127=ORIENTED_EDGE('',*,*,#2133,.F.);
#3128=ORIENTED_EDGE('',*,*,#2258,.F.);
#3129=ORIENTED_EDGE('',*,*,#2255,.F.);
#3130=ORIENTED_EDGE('',*,*,#2257,.T.);
#3131=ORIENTED_EDGE('',*,*,#2126,.F.);
#3132=ORIENTED_EDGE('',*,*,#2259,.F.);
#3133=ORIENTED_EDGE('',*,*,#2260,.F.);
#3134=ORIENTED_EDGE('',*,*,#2122,.F.);
#3135=ORIENTED_EDGE('',*,*,#2124,.F.);
#3136=ORIENTED_EDGE('',*,*,#2131,.T.);
#3137=ORIENTED_EDGE('',*,*,#2261,.F.);
#3138=ORIENTED_EDGE('',*,*,#2262,.T.);
#3139=ORIENTED_EDGE('',*,*,#2263,.T.);
#3140=ORIENTED_EDGE('',*,*,#2119,.T.);
#3141=ORIENTED_EDGE('',*,*,#2264,.F.);
#3142=ORIENTED_EDGE('',*,*,#2136,.T.);
#3143=ORIENTED_EDGE('',*,*,#2265,.T.);
#3144=ORIENTED_EDGE('',*,*,#2262,.F.);
#3145=ORIENTED_EDGE('',*,*,#2116,.T.);
#3146=ORIENTED_EDGE('',*,*,#2120,.F.);
#3147=ORIENTED_EDGE('',*,*,#2263,.F.);
#3148=ORIENTED_EDGE('',*,*,#2265,.F.);
#3149=ORIENTED_EDGE('',*,*,#2135,.F.);
#3150=ORIENTED_EDGE('',*,*,#2021,.T.);
#3151=ORIENTED_EDGE('',*,*,#2026,.T.);
#3152=ORIENTED_EDGE('',*,*,#2139,.T.);
#3153=ORIENTED_EDGE('',*,*,#2099,.T.);
#3154=ORIENTED_EDGE('',*,*,#2102,.F.);
#3155=ORIENTED_EDGE('',*,*,#2266,.T.);
#3156=ORIENTED_EDGE('',*,*,#2267,.T.);
#3157=ORIENTED_EDGE('',*,*,#2268,.T.);
#3158=ORIENTED_EDGE('',*,*,#2269,.F.);
#3159=ORIENTED_EDGE('',*,*,#2270,.F.);
#3160=ORIENTED_EDGE('',*,*,#2271,.F.);
#3161=ORIENTED_EDGE('',*,*,#2272,.F.);
#3162=ORIENTED_EDGE('',*,*,#2273,.T.);
#3163=ORIENTED_EDGE('',*,*,#2274,.T.);
#3164=ORIENTED_EDGE('',*,*,#2275,.T.);
#3165=ORIENTED_EDGE('',*,*,#2276,.T.);
#3166=ORIENTED_EDGE('',*,*,#1949,.F.);
#3167=ORIENTED_EDGE('',*,*,#2277,.T.);
#3168=ORIENTED_EDGE('',*,*,#2275,.F.);
#3169=ORIENTED_EDGE('',*,*,#2278,.F.);
#3170=ORIENTED_EDGE('',*,*,#2259,.T.);
#3171=ORIENTED_EDGE('',*,*,#2125,.F.);
#3172=ORIENTED_EDGE('',*,*,#1904,.F.);
#3173=ORIENTED_EDGE('',*,*,#2089,.F.);
#3174=ORIENTED_EDGE('',*,*,#2253,.T.);
#3175=ORIENTED_EDGE('',*,*,#2279,.T.);
#3176=ORIENTED_EDGE('',*,*,#2266,.F.);
#3177=ORIENTED_EDGE('',*,*,#2101,.F.);
#3178=ORIENTED_EDGE('',*,*,#2264,.T.);
#3179=ORIENTED_EDGE('',*,*,#2261,.T.);
#3180=ORIENTED_EDGE('',*,*,#2254,.T.);
#3181=ORIENTED_EDGE('',*,*,#2260,.T.);
#3182=ORIENTED_EDGE('',*,*,#2280,.F.);
#3183=ORIENTED_EDGE('',*,*,#2281,.F.);
#3184=ORIENTED_EDGE('',*,*,#2282,.T.);
#3185=ORIENTED_EDGE('',*,*,#2252,.T.);
#3186=ORIENTED_EDGE('',*,*,#2248,.T.);
#3187=ORIENTED_EDGE('',*,*,#2137,.T.);
#3188=ORIENTED_EDGE('',*,*,#1948,.F.);
#3189=ORIENTED_EDGE('',*,*,#2100,.T.);
#3190=ORIENTED_EDGE('',*,*,#2276,.F.);
#3191=ORIENTED_EDGE('',*,*,#2277,.F.);
#3192=ORIENTED_EDGE('',*,*,#2281,.T.);
#3193=ORIENTED_EDGE('',*,*,#2283,.T.);
#3194=ORIENTED_EDGE('',*,*,#2273,.F.);
#3195=ORIENTED_EDGE('',*,*,#2284,.T.);
#3196=ORIENTED_EDGE('',*,*,#2285,.F.);
#3197=ORIENTED_EDGE('',*,*,#2286,.T.);
#3198=ORIENTED_EDGE('',*,*,#2287,.T.);
#3199=ORIENTED_EDGE('',*,*,#2288,.F.);
#3200=ORIENTED_EDGE('',*,*,#2289,.F.);
#3201=ORIENTED_EDGE('',*,*,#2290,.F.);
#3202=ORIENTED_EDGE('',*,*,#2268,.F.);
#3203=ORIENTED_EDGE('',*,*,#2291,.F.);
#3204=ORIENTED_EDGE('',*,*,#2282,.F.);
#3205=ORIENTED_EDGE('',*,*,#2291,.T.);
#3206=ORIENTED_EDGE('',*,*,#2267,.F.);
#3207=ORIENTED_EDGE('',*,*,#2279,.F.);
#3208=ORIENTED_EDGE('',*,*,#2280,.T.);
#3209=ORIENTED_EDGE('',*,*,#2278,.T.);
#3210=ORIENTED_EDGE('',*,*,#2274,.F.);
#3211=ORIENTED_EDGE('',*,*,#2283,.F.);
#3212=ORIENTED_EDGE('',*,*,#2272,.T.);
#3213=ORIENTED_EDGE('',*,*,#2292,.F.);
#3214=ORIENTED_EDGE('',*,*,#2176,.T.);
#3215=ORIENTED_EDGE('',*,*,#2293,.T.);
#3216=ORIENTED_EDGE('',*,*,#2271,.T.);
#3217=ORIENTED_EDGE('',*,*,#2294,.F.);
#3218=ORIENTED_EDGE('',*,*,#2177,.F.);
#3219=ORIENTED_EDGE('',*,*,#2292,.T.);
#3220=ORIENTED_EDGE('',*,*,#2295,.T.);
#3221=ORIENTED_EDGE('',*,*,#2296,.T.);
#3222=ORIENTED_EDGE('',*,*,#2297,.T.);
#3223=ORIENTED_EDGE('',*,*,#2298,.T.);
#3224=ORIENTED_EDGE('',*,*,#2295,.F.);
#3225=ORIENTED_EDGE('',*,*,#2299,.T.);
#3226=ORIENTED_EDGE('',*,*,#2300,.F.);
#3227=ORIENTED_EDGE('',*,*,#2286,.F.);
#3228=ORIENTED_EDGE('',*,*,#2301,.F.);
#3229=ORIENTED_EDGE('',*,*,#2302,.T.);
#3230=ORIENTED_EDGE('',*,*,#2303,.T.);
#3231=ORIENTED_EDGE('',*,*,#2298,.F.);
#3232=ORIENTED_EDGE('',*,*,#2304,.F.);
#3233=ORIENTED_EDGE('',*,*,#2305,.F.);
#3234=ORIENTED_EDGE('',*,*,#2299,.F.);
#3235=ORIENTED_EDGE('',*,*,#2287,.F.);
#3236=ORIENTED_EDGE('',*,*,#2300,.T.);
#3237=ORIENTED_EDGE('',*,*,#2305,.T.);
#3238=ORIENTED_EDGE('',*,*,#2306,.F.);
#3239=ORIENTED_EDGE('',*,*,#2307,.F.);
#3240=ORIENTED_EDGE('',*,*,#2308,.T.);
#3241=ORIENTED_EDGE('',*,*,#2309,.T.);
#3242=ORIENTED_EDGE('',*,*,#2302,.F.);
#3243=ORIENTED_EDGE('',*,*,#2297,.F.);
#3244=ORIENTED_EDGE('',*,*,#2310,.T.);
#3245=ORIENTED_EDGE('',*,*,#2308,.F.);
#3246=ORIENTED_EDGE('',*,*,#2311,.F.);
#3247=ORIENTED_EDGE('',*,*,#2288,.T.);
#3248=ORIENTED_EDGE('',*,*,#2306,.T.);
#3249=ORIENTED_EDGE('',*,*,#2304,.T.);
#3250=ORIENTED_EDGE('',*,*,#2296,.F.);
#3251=ORIENTED_EDGE('',*,*,#2303,.F.);
#3252=ORIENTED_EDGE('',*,*,#2309,.F.);
#3253=ORIENTED_EDGE('',*,*,#2310,.F.);
#3254=ORIENTED_EDGE('',*,*,#2290,.T.);
#3255=ORIENTED_EDGE('',*,*,#2312,.F.);
#3256=ORIENTED_EDGE('',*,*,#2313,.F.);
#3257=ORIENTED_EDGE('',*,*,#2160,.F.);
#3258=ORIENTED_EDGE('',*,*,#2314,.F.);
#3259=ORIENTED_EDGE('',*,*,#2179,.F.);
#3260=ORIENTED_EDGE('',*,*,#2315,.T.);
#3261=ORIENTED_EDGE('',*,*,#2269,.T.);
#3262=ORIENTED_EDGE('',*,*,#2301,.T.);
#3263=ORIENTED_EDGE('',*,*,#2285,.T.);
#3264=ORIENTED_EDGE('',*,*,#2316,.T.);
#3265=ORIENTED_EDGE('',*,*,#2317,.T.);
#3266=ORIENTED_EDGE('',*,*,#2312,.T.);
#3267=ORIENTED_EDGE('',*,*,#2289,.T.);
#3268=ORIENTED_EDGE('',*,*,#2311,.T.);
#3269=ORIENTED_EDGE('',*,*,#2307,.T.);
#3270=ORIENTED_EDGE('',*,*,#2161,.F.);
#3271=ORIENTED_EDGE('',*,*,#2313,.T.);
#3272=ORIENTED_EDGE('',*,*,#2317,.F.);
#3273=ORIENTED_EDGE('',*,*,#2318,.F.);
#3274=ORIENTED_EDGE('',*,*,#2162,.F.);
#3275=ORIENTED_EDGE('',*,*,#2318,.T.);
#3276=ORIENTED_EDGE('',*,*,#2316,.F.);
#3277=ORIENTED_EDGE('',*,*,#2284,.F.);
#3278=ORIENTED_EDGE('',*,*,#2293,.F.);
#3279=ORIENTED_EDGE('',*,*,#2175,.T.);
#3280=ORIENTED_EDGE('',*,*,#2319,.F.);
#3281=ORIENTED_EDGE('',*,*,#2270,.T.);
#3282=ORIENTED_EDGE('',*,*,#2315,.F.);
#3283=ORIENTED_EDGE('',*,*,#2178,.F.);
#3284=ORIENTED_EDGE('',*,*,#2294,.T.);
#3285=ORIENTED_EDGE('',*,*,#2319,.T.);
#3286=ORIENTED_EDGE('',*,*,#2174,.T.);
#3287=ORIENTED_EDGE('',*,*,#2167,.T.);
#3288=ORIENTED_EDGE('',*,*,#2163,.F.);
#3289=ORIENTED_EDGE('',*,*,#2314,.T.);
#3290=ORIENTED_EDGE('',*,*,#2159,.F.);
#3291=ORIENTED_EDGE('',*,*,#2320,.F.);
#3292=ORIENTED_EDGE('',*,*,#2180,.T.);
#3293=ORIENTED_EDGE('',*,*,#2321,.F.);
#3294=ORIENTED_EDGE('',*,*,#2322,.F.);
#3295=ORIENTED_EDGE('',*,*,#2323,.F.);
#3296=ORIENTED_EDGE('',*,*,#2324,.F.);
#3297=ORIENTED_EDGE('',*,*,#1842,.F.);
#3298=ORIENTED_EDGE('',*,*,#2224,.F.);
#3299=ORIENTED_EDGE('',*,*,#2325,.F.);
#3300=ORIENTED_EDGE('',*,*,#2230,.F.);
#3301=ORIENTED_EDGE('',*,*,#1846,.F.);
#3302=ORIENTED_EDGE('',*,*,#2326,.F.);
#3303=ORIENTED_EDGE('',*,*,#2327,.F.);
#3304=ORIENTED_EDGE('',*,*,#2328,.F.);
#3305=ORIENTED_EDGE('',*,*,#2329,.F.);
#3306=ORIENTED_EDGE('',*,*,#1843,.T.);
#3307=ORIENTED_EDGE('',*,*,#2324,.T.);
#3308=ORIENTED_EDGE('',*,*,#2330,.F.);
#3309=ORIENTED_EDGE('',*,*,#2331,.F.);
#3310=ORIENTED_EDGE('',*,*,#2332,.T.);
#3311=ORIENTED_EDGE('',*,*,#2326,.T.);
#3312=ORIENTED_EDGE('',*,*,#1845,.F.);
#3313=ORIENTED_EDGE('',*,*,#2145,.F.);
#3314=ORIENTED_EDGE('',*,*,#2333,.T.);
#3315=ORIENTED_EDGE('',*,*,#2334,.T.);
#3316=ORIENTED_EDGE('',*,*,#2335,.T.);
#3317=ORIENTED_EDGE('',*,*,#2322,.T.);
#3318=ORIENTED_EDGE('',*,*,#2336,.F.);
#3319=ORIENTED_EDGE('',*,*,#2183,.F.);
#3320=ORIENTED_EDGE('',*,*,#2199,.F.);
#3321=ORIENTED_EDGE('',*,*,#2152,.F.);
#3322=ORIENTED_EDGE('',*,*,#2329,.T.);
#3323=ORIENTED_EDGE('',*,*,#2337,.T.);
#3324=ORIENTED_EDGE('',*,*,#2331,.T.);
#3325=ORIENTED_EDGE('',*,*,#1844,.F.);
#3326=ORIENTED_EDGE('',*,*,#2321,.T.);
#3327=ORIENTED_EDGE('',*,*,#2338,.T.);
#3328=ORIENTED_EDGE('',*,*,#2184,.F.);
#3329=ORIENTED_EDGE('',*,*,#2336,.T.);
#3330=ORIENTED_EDGE('',*,*,#2143,.F.);
#3331=ORIENTED_EDGE('',*,*,#2171,.F.);
#3332=ORIENTED_EDGE('',*,*,#2173,.F.);
#3333=ORIENTED_EDGE('',*,*,#2185,.F.);
#3334=ORIENTED_EDGE('',*,*,#2338,.F.);
#3335=ORIENTED_EDGE('',*,*,#2328,.T.);
#3336=ORIENTED_EDGE('',*,*,#2339,.T.);
#3337=ORIENTED_EDGE('',*,*,#2340,.T.);
#3338=ORIENTED_EDGE('',*,*,#2341,.F.);
#3339=ORIENTED_EDGE('',*,*,#2234,.F.);
#3340=ORIENTED_EDGE('',*,*,#2226,.F.);
#3341=ORIENTED_EDGE('',*,*,#1834,.T.);
#3342=ORIENTED_EDGE('',*,*,#2231,.T.);
#3343=ORIENTED_EDGE('',*,*,#2325,.T.);
#3344=ORIENTED_EDGE('',*,*,#2223,.F.);
#3345=ORIENTED_EDGE('',*,*,#1854,.T.);
#3346=ORIENTED_EDGE('',*,*,#2219,.F.);
#3347=ORIENTED_EDGE('',*,*,#1836,.T.);
#3348=ORIENTED_EDGE('',*,*,#2225,.T.);
#3349=ORIENTED_EDGE('',*,*,#2196,.F.);
#3350=ORIENTED_EDGE('',*,*,#1978,.T.);
#3351=ORIENTED_EDGE('',*,*,#2342,.T.);
#3352=ORIENTED_EDGE('',*,*,#2343,.T.);
#3353=ORIENTED_EDGE('',*,*,#2344,.T.);
#3354=ORIENTED_EDGE('',*,*,#2345,.T.);
#3355=ORIENTED_EDGE('',*,*,#2344,.F.);
#3356=ORIENTED_EDGE('',*,*,#2346,.F.);
#3357=ORIENTED_EDGE('',*,*,#2347,.F.);
#3358=ORIENTED_EDGE('',*,*,#2348,.F.);
#3359=ORIENTED_EDGE('',*,*,#2349,.F.);
#3360=ORIENTED_EDGE('',*,*,#2350,.T.);
#3361=ORIENTED_EDGE('',*,*,#2351,.T.);
#3362=ORIENTED_EDGE('',*,*,#2343,.F.);
#3363=ORIENTED_EDGE('',*,*,#2352,.T.);
#3364=ORIENTED_EDGE('',*,*,#2353,.T.);
#3365=ORIENTED_EDGE('',*,*,#2346,.T.);
#3366=ORIENTED_EDGE('',*,*,#2354,.F.);
#3367=ORIENTED_EDGE('',*,*,#2347,.T.);
#3368=ORIENTED_EDGE('',*,*,#2353,.F.);
#3369=ORIENTED_EDGE('',*,*,#2355,.F.);
#3370=ORIENTED_EDGE('',*,*,#2337,.F.);
#3371=ORIENTED_EDGE('',*,*,#2330,.T.);
#3372=ORIENTED_EDGE('',*,*,#2323,.T.);
#3373=ORIENTED_EDGE('',*,*,#2335,.F.);
#3374=ORIENTED_EDGE('',*,*,#2356,.F.);
#3375=ORIENTED_EDGE('',*,*,#2348,.T.);
#3376=ORIENTED_EDGE('',*,*,#2354,.T.);
#3377=ORIENTED_EDGE('',*,*,#2357,.F.);
#3378=ORIENTED_EDGE('',*,*,#2358,.F.);
#3379=ORIENTED_EDGE('',*,*,#2339,.F.);
#3380=ORIENTED_EDGE('',*,*,#2327,.T.);
#3381=ORIENTED_EDGE('',*,*,#2332,.F.);
#3382=ORIENTED_EDGE('',*,*,#2359,.F.);
#3383=ORIENTED_EDGE('',*,*,#2360,.T.);
#3384=ORIENTED_EDGE('',*,*,#2361,.F.);
#3385=ORIENTED_EDGE('',*,*,#2350,.F.);
#3386=ORIENTED_EDGE('',*,*,#2342,.F.);
#3387=ORIENTED_EDGE('',*,*,#2362,.F.);
#3388=ORIENTED_EDGE('',*,*,#2360,.F.);
#3389=ORIENTED_EDGE('',*,*,#2363,.F.);
#3390=ORIENTED_EDGE('',*,*,#2357,.T.);
#3391=ORIENTED_EDGE('',*,*,#2355,.T.);
#3392=ORIENTED_EDGE('',*,*,#2352,.F.);
#3393=ORIENTED_EDGE('',*,*,#2345,.F.);
#3394=ORIENTED_EDGE('',*,*,#2351,.F.);
#3395=ORIENTED_EDGE('',*,*,#2361,.T.);
#3396=ORIENTED_EDGE('',*,*,#2362,.T.);
#3397=ORIENTED_EDGE('',*,*,#2358,.T.);
#3398=ORIENTED_EDGE('',*,*,#2363,.T.);
#3399=ORIENTED_EDGE('',*,*,#2359,.T.);
#3400=ORIENTED_EDGE('',*,*,#2349,.T.);
#3401=ORIENTED_EDGE('',*,*,#2356,.T.);
#3402=ORIENTED_EDGE('',*,*,#2334,.F.);
#3403=ORIENTED_EDGE('',*,*,#2364,.F.);
#3404=ORIENTED_EDGE('',*,*,#2340,.F.);
#3405=ORIENTED_EDGE('',*,*,#2144,.F.);
#3406=ORIENTED_EDGE('',*,*,#2341,.T.);
#3407=ORIENTED_EDGE('',*,*,#2364,.T.);
#3408=ORIENTED_EDGE('',*,*,#2333,.F.);
#3409=ORIENTED_EDGE('',*,*,#2198,.F.);
#3410=ORIENTED_EDGE('',*,*,#2365,.T.);
#3411=ORIENTED_EDGE('',*,*,#2366,.T.);
#3412=ORIENTED_EDGE('',*,*,#2365,.F.);
#3413=ORIENTED_EDGE('',*,*,#2366,.F.);
#3414=ORIENTED_EDGE('',*,*,#2367,.F.);
#3415=ORIENTED_EDGE('',*,*,#1852,.T.);
#3416=ORIENTED_EDGE('',*,*,#1889,.T.);
#3417=ORIENTED_EDGE('',*,*,#2188,.F.);
#3418=ORIENTED_EDGE('',*,*,#2220,.T.);
#3419=ORIENTED_EDGE('',*,*,#1980,.T.);
#3420=ORIENTED_EDGE('',*,*,#2195,.F.);
#3421=ORIENTED_EDGE('',*,*,#2368,.T.);
#3422=ORIENTED_EDGE('',*,*,#2193,.F.);
#3423=ORIENTED_EDGE('',*,*,#2368,.F.);
#3424=ORIENTED_EDGE('',*,*,#2194,.F.);
#3425=ORIENTED_EDGE('',*,*,#2222,.F.);
#3426=ORIENTED_EDGE('',*,*,#2190,.F.);
#3427=ORIENTED_EDGE('',*,*,#2041,.F.);
#3428=ORIENTED_EDGE('',*,*,#2169,.T.);
#3429=ORIENTED_EDGE('',*,*,#2046,.F.);
#3430=ORIENTED_EDGE('',*,*,#2141,.F.);
#3431=ORIENTED_EDGE('',*,*,#2151,.F.);
#3432=ORIENTED_EDGE('',*,*,#2369,.F.);
#3433=ORIENTED_EDGE('',*,*,#2165,.F.);
#3434=ORIENTED_EDGE('',*,*,#2154,.F.);
#3435=ORIENTED_EDGE('',*,*,#2037,.F.);
#3436=ORIENTED_EDGE('',*,*,#2030,.T.);
#3437=ORIENTED_EDGE('',*,*,#2012,.F.);
#3438=ORIENTED_EDGE('',*,*,#2134,.T.);
#3439=ORIENTED_EDGE('',*,*,#2008,.F.);
#3440=ORIENTED_EDGE('',*,*,#2011,.T.);
#3441=ORIENTED_EDGE('',*,*,#2045,.T.);
#3442=ORIENTED_EDGE('',*,*,#2039,.T.);
#3443=ORIENTED_EDGE('',*,*,#2166,.F.);
#3444=ORIENTED_EDGE('',*,*,#2369,.T.);
#3445=ORIENTED_EDGE('',*,*,#2150,.F.);
#3446=ORIENTED_EDGE('',*,*,#2181,.T.);
#3447=ORIENTED_EDGE('',*,*,#2320,.T.);
#3448=ORIENTED_EDGE('',*,*,#2158,.T.);
#3449=ORIENTED_EDGE('',*,*,#2236,.T.);
#3450=ORIENTED_EDGE('',*,*,#2090,.T.);
#3451=ORIENTED_EDGE('',*,*,#2079,.T.);
#3452=ORIENTED_EDGE('',*,*,#2240,.T.);
#3453=ORIENTED_EDGE('',*,*,#2370,.T.);
#3454=ORIENTED_EDGE('',*,*,#2367,.T.);
#3455=ORIENTED_EDGE('',*,*,#2370,.F.);
#3456=ORIENTED_EDGE('',*,*,#2241,.T.);
#3457=CYLINDRICAL_SURFACE('',#3661,2.);
#3458=CYLINDRICAL_SURFACE('',#3666,2.);
#3459=CYLINDRICAL_SURFACE('',#3678,4.5);
#3460=CYLINDRICAL_SURFACE('',#3702,4.5);
#3461=CYLINDRICAL_SURFACE('',#3726,4.5);
#3462=CYLINDRICAL_SURFACE('',#3742,4.5);
#3463=CYLINDRICAL_SURFACE('',#3745,4.5);
#3464=CYLINDRICAL_SURFACE('',#3753,2.);
#3465=CYLINDRICAL_SURFACE('',#3755,4.5);
#3466=CYLINDRICAL_SURFACE('',#3763,4.5);
#3467=CYLINDRICAL_SURFACE('',#3766,6.);
#3468=CYLINDRICAL_SURFACE('',#3769,4.5);
#3469=CYLINDRICAL_SURFACE('',#3771,6.);
#3470=CYLINDRICAL_SURFACE('',#3785,4.5);
#3471=CYLINDRICAL_SURFACE('',#3809,2.);
#3472=CYLINDRICAL_SURFACE('',#3812,4.5);
#3473=CYLINDRICAL_SURFACE('',#3822,5.);
#3474=CYLINDRICAL_SURFACE('',#3825,6.);
#3475=CYLINDRICAL_SURFACE('',#3830,5.);
#3476=CYLINDRICAL_SURFACE('',#3833,6.);
#3477=CYLINDRICAL_SURFACE('',#3841,16.5);
#3478=CYLINDRICAL_SURFACE('',#3842,16.5);
#3479=CYLINDRICAL_SURFACE('',#3843,16.5);
#3480=CYLINDRICAL_SURFACE('',#3844,16.5);
#3481=CYLINDRICAL_SURFACE('',#3845,16.5);
#3482=CYLINDRICAL_SURFACE('',#3846,16.5);
#3483=CYLINDRICAL_SURFACE('',#3847,16.5);
#3484=CYLINDRICAL_SURFACE('',#3857,16.3997573759246);
#3485=CYLINDRICAL_SURFACE('',#3930,1.5);
#3486=CYLINDRICAL_SURFACE('',#3935,16.3997573759246);
#3487=CYLINDRICAL_SURFACE('',#3941,0.799999968575893);
#3488=ADVANCED_FACE('',(#173),#3457,.F.);
#3489=ADVANCED_FACE('',(#174),#37,.F.);
#3490=ADVANCED_FACE('',(#175),#38,.F.);
#3491=ADVANCED_FACE('',(#176),#3458,.F.);
#3492=ADVANCED_FACE('',(#177),#39,.F.);
#3493=ADVANCED_FACE('',(#178),#40,.F.);
#3494=ADVANCED_FACE('',(#179),#3459,.T.);
#3495=ADVANCED_FACE('',(#180),#3460,.T.);
#3496=ADVANCED_FACE('',(#181),#3461,.T.);
#3497=ADVANCED_FACE('',(#182),#41,.T.);
#3498=ADVANCED_FACE('',(#183),#33,.T.);
#3499=ADVANCED_FACE('',(#184),#34,.T.);
#3500=ADVANCED_FACE('',(#185),#3462,.T.);
#3501=ADVANCED_FACE('',(#186),#42,.T.);
#3502=ADVANCED_FACE('',(#187),#3463,.T.);
#3503=ADVANCED_FACE('',(#188),#35,.T.);
#3504=ADVANCED_FACE('',(#189),#43,.T.);
#3505=ADVANCED_FACE('',(#190),#3464,.F.);
#3506=ADVANCED_FACE('',(#191),#3465,.T.);
#3507=ADVANCED_FACE('',(#192),#44,.T.);
#3508=ADVANCED_FACE('',(#193),#36,.T.);
#3509=ADVANCED_FACE('',(#194),#3466,.T.);
#3510=ADVANCED_FACE('',(#195),#45,.T.);
#3511=ADVANCED_FACE('',(#196),#3467,.T.);
#3512=ADVANCED_FACE('',(#197),#3468,.T.);
#3513=ADVANCED_FACE('',(#198),#3469,.T.);
#3514=ADVANCED_FACE('',(#199),#46,.F.);
#3515=ADVANCED_FACE('',(#200),#47,.F.);
#3516=ADVANCED_FACE('',(#201),#48,.F.);
#3517=ADVANCED_FACE('',(#202),#49,.F.);
#3518=ADVANCED_FACE('',(#203),#50,.F.);
#3519=ADVANCED_FACE('',(#204),#51,.F.);
#3520=ADVANCED_FACE('',(#205),#52,.F.);
#3521=ADVANCED_FACE('',(#206),#53,.F.);
#3522=ADVANCED_FACE('',(#207),#54,.F.);
#3523=ADVANCED_FACE('',(#208),#55,.F.);
#3524=ADVANCED_FACE('',(#209),#3470,.T.);
#3525=ADVANCED_FACE('',(#210),#56,.F.);
#3526=ADVANCED_FACE('',(#211),#57,.F.);
#3527=ADVANCED_FACE('',(#212),#58,.F.);
#3528=ADVANCED_FACE('',(#213),#59,.T.);
#3529=ADVANCED_FACE('',(#214),#60,.T.);
#3530=ADVANCED_FACE('',(#215),#61,.T.);
#3531=ADVANCED_FACE('',(#216),#62,.T.);
#3532=ADVANCED_FACE('',(#217),#63,.T.);
#3533=ADVANCED_FACE('',(#218),#64,.T.);
#3534=ADVANCED_FACE('',(#219),#65,.T.);
#3535=ADVANCED_FACE('',(#220),#66,.T.);
#3536=ADVANCED_FACE('',(#221),#67,.T.);
#3537=ADVANCED_FACE('',(#222),#68,.T.);
#3538=ADVANCED_FACE('',(#223),#69,.T.);
#3539=ADVANCED_FACE('',(#224),#70,.T.);
#3540=ADVANCED_FACE('',(#225),#71,.F.);
#3541=ADVANCED_FACE('',(#226),#72,.F.);
#3542=ADVANCED_FACE('',(#227),#73,.F.);
#3543=ADVANCED_FACE('',(#228),#74,.F.);
#3544=ADVANCED_FACE('',(#229),#75,.F.);
#3545=ADVANCED_FACE('',(#230),#76,.F.);
#3546=ADVANCED_FACE('',(#231),#3471,.F.);
#3547=ADVANCED_FACE('',(#232),#77,.F.);
#3548=ADVANCED_FACE('',(#233),#3472,.T.);
#3549=ADVANCED_FACE('',(#234),#78,.T.);
#3550=ADVANCED_FACE('',(#235),#79,.T.);
#3551=ADVANCED_FACE('',(#236),#80,.F.);
#3552=ADVANCED_FACE('',(#237),#81,.F.);
#3553=ADVANCED_FACE('',(#238),#82,.T.);
#3554=ADVANCED_FACE('',(#239),#83,.F.);
#3555=ADVANCED_FACE('',(#240),#84,.T.);
#3556=ADVANCED_FACE('',(#241),#85,.T.);
#3557=ADVANCED_FACE('',(#242),#3473,.T.);
#3558=ADVANCED_FACE('',(#243),#3474,.T.);
#3559=ADVANCED_FACE('',(#244),#86,.T.);
#3560=ADVANCED_FACE('',(#245),#3475,.T.);
#3561=ADVANCED_FACE('',(#246),#87,.T.);
#3562=ADVANCED_FACE('',(#247),#3476,.T.);
#3563=ADVANCED_FACE('',(#248),#88,.T.);
#3564=ADVANCED_FACE('',(#249),#89,.T.);
#3565=ADVANCED_FACE('',(#250),#90,.F.);
#3566=ADVANCED_FACE('',(#251,#15,#16),#91,.T.);
#3567=ADVANCED_FACE('',(#252),#92,.F.);
#3568=ADVANCED_FACE('',(#253),#3477,.F.);
#3569=ADVANCED_FACE('',(#254),#3478,.F.);
#3570=ADVANCED_FACE('',(#255),#3479,.F.);
#3571=ADVANCED_FACE('',(#256),#3480,.F.);
#3572=ADVANCED_FACE('',(#257),#3481,.F.);
#3573=ADVANCED_FACE('',(#258),#3482,.F.);
#3574=ADVANCED_FACE('',(#259,#17),#3483,.F.);
#3575=ADVANCED_FACE('',(#260),#93,.F.);
#3576=ADVANCED_FACE('',(#261),#94,.F.);
#3577=ADVANCED_FACE('',(#262),#95,.T.);
#3578=ADVANCED_FACE('',(#263),#96,.T.);
#3579=ADVANCED_FACE('',(#264),#97,.F.);
#3580=ADVANCED_FACE('',(#265),#3484,.F.);
#3581=ADVANCED_FACE('',(#266),#98,.F.);
#3582=ADVANCED_FACE('',(#267),#99,.F.);
#3583=ADVANCED_FACE('',(#268),#100,.F.);
#3584=ADVANCED_FACE('',(#269),#101,.F.);
#3585=ADVANCED_FACE('',(#270),#102,.F.);
#3586=ADVANCED_FACE('',(#271),#103,.F.);
#3587=ADVANCED_FACE('',(#272),#104,.T.);
#3588=ADVANCED_FACE('',(#273),#105,.T.);
#3589=ADVANCED_FACE('',(#274),#106,.F.);
#3590=ADVANCED_FACE('',(#275),#107,.F.);
#3591=ADVANCED_FACE('',(#276),#108,.F.);
#3592=ADVANCED_FACE('',(#277),#109,.F.);
#3593=ADVANCED_FACE('',(#278),#110,.F.);
#3594=ADVANCED_FACE('',(#279),#111,.T.);
#3595=ADVANCED_FACE('',(#280),#112,.T.);
#3596=ADVANCED_FACE('',(#281),#113,.T.);
#3597=ADVANCED_FACE('',(#282),#114,.T.);
#3598=ADVANCED_FACE('',(#283),#115,.T.);
#3599=ADVANCED_FACE('',(#284),#116,.F.);
#3600=ADVANCED_FACE('',(#285),#117,.F.);
#3601=ADVANCED_FACE('',(#286),#118,.F.);
#3602=ADVANCED_FACE('',(#287),#119,.F.);
#3603=ADVANCED_FACE('',(#288),#120,.F.);
#3604=ADVANCED_FACE('',(#289),#121,.F.);
#3605=ADVANCED_FACE('',(#290),#122,.F.);
#3606=ADVANCED_FACE('',(#291),#123,.F.);
#3607=ADVANCED_FACE('',(#292),#124,.T.);
#3608=ADVANCED_FACE('',(#293),#125,.T.);
#3609=ADVANCED_FACE('',(#294),#126,.T.);
#3610=ADVANCED_FACE('',(#295),#127,.T.);
#3611=ADVANCED_FACE('',(#296),#128,.T.);
#3612=ADVANCED_FACE('',(#297),#129,.T.);
#3613=ADVANCED_FACE('',(#298),#130,.T.);
#3614=ADVANCED_FACE('',(#299),#131,.T.);
#3615=ADVANCED_FACE('',(#300),#132,.T.);
#3616=ADVANCED_FACE('',(#301),#133,.T.);
#3617=ADVANCED_FACE('',(#302),#134,.T.);
#3618=ADVANCED_FACE('',(#303),#135,.F.);
#3619=ADVANCED_FACE('',(#304),#136,.F.);
#3620=ADVANCED_FACE('',(#305),#137,.F.);
#3621=ADVANCED_FACE('',(#306),#138,.F.);
#3622=ADVANCED_FACE('',(#307),#139,.F.);
#3623=ADVANCED_FACE('',(#308),#140,.F.);
#3624=ADVANCED_FACE('',(#309),#141,.T.);
#3625=ADVANCED_FACE('',(#310),#142,.T.);
#3626=ADVANCED_FACE('',(#311),#143,.T.);
#3627=ADVANCED_FACE('',(#312),#144,.T.);
#3628=ADVANCED_FACE('',(#313),#145,.T.);
#3629=ADVANCED_FACE('',(#314),#146,.F.);
#3630=ADVANCED_FACE('',(#315),#147,.F.);
#3631=ADVANCED_FACE('',(#316),#148,.F.);
#3632=ADVANCED_FACE('',(#317),#149,.F.);
#3633=ADVANCED_FACE('',(#318),#150,.F.);
#3634=ADVANCED_FACE('',(#319),#151,.F.);
#3635=ADVANCED_FACE('',(#320),#152,.F.);
#3636=ADVANCED_FACE('',(#321),#153,.F.);
#3637=ADVANCED_FACE('',(#322),#154,.F.);
#3638=ADVANCED_FACE('',(#323),#155,.F.);
#3639=ADVANCED_FACE('',(#324),#156,.F.);
#3640=ADVANCED_FACE('',(#325),#157,.T.);
#3641=ADVANCED_FACE('',(#326),#158,.T.);
#3642=ADVANCED_FACE('',(#327),#159,.T.);
#3643=ADVANCED_FACE('',(#328),#160,.T.);
#3644=ADVANCED_FACE('',(#329),#161,.F.);
#3645=ADVANCED_FACE('',(#330),#162,.T.);
#3646=ADVANCED_FACE('',(#331),#163,.T.);
#3647=ADVANCED_FACE('',(#332),#164,.T.);
#3648=ADVANCED_FACE('',(#333),#165,.F.);
#3649=ADVANCED_FACE('',(#334),#166,.F.);
#3650=ADVANCED_FACE('',(#335),#3485,.F.);
#3651=ADVANCED_FACE('',(#336,#18),#167,.T.);
#3652=ADVANCED_FACE('',(#337),#168,.F.);
#3653=ADVANCED_FACE('',(#338),#3486,.F.);
#3654=ADVANCED_FACE('',(#339),#169,.T.);
#3655=ADVANCED_FACE('',(#340),#170,.F.);
#3656=ADVANCED_FACE('',(#341,#19),#171,.F.);
#3657=ADVANCED_FACE('',(#342),#172,.F.);
#3658=ADVANCED_FACE('',(#343),#3487,.F.);
#3659=CLOSED_SHELL('',(#3488,#3489,#3490,#3491,#3492,#3493,#3494,#3495,
#3496,#3497,#3498,#3499,#3500,#3501,#3502,#3503,#3504,#3505,#3506,#3507,
#3508,#3509,#3510,#3511,#3512,#3513,#3514,#3515,#3516,#3517,#3518,#3519,
#3520,#3521,#3522,#3523,#3524,#3525,#3526,#3527,#3528,#3529,#3530,#3531,
#3532,#3533,#3534,#3535,#3536,#3537,#3538,#3539,#3540,#3541,#3542,#3543,
#3544,#3545,#3546,#3547,#3548,#3549,#3550,#3551,#3552,#3553,#3554,#3555,
#3556,#3557,#3558,#3559,#3560,#3561,#3562,#3563,#3564,#3565,#3566,#3567,
#3568,#3569,#3570,#3571,#3572,#3573,#3574,#3575,#3576,#3577,#3578,#3579,
#3580,#3581,#3582,#3583,#3584,#3585,#3586,#3587,#3588,#3589,#3590,#3591,
#3592,#3593,#3594,#3595,#3596,#3597,#3598,#3599,#3600,#3601,#3602,#3603,
#3604,#3605,#3606,#3607,#3608,#3609,#3610,#3611,#3612,#3613,#3614,#3615,
#3616,#3617,#3618,#3619,#3620,#3621,#3622,#3623,#3624,#3625,#3626,#3627,
#3628,#3629,#3630,#3631,#3632,#3633,#3634,#3635,#3636,#3637,#3638,#3639,
#3640,#3641,#3642,#3643,#3644,#3645,#3646,#3647,#3648,#3649,#3650,#3651,
#3652,#3653,#3654,#3655,#3656,#3657,#3658));
#3660=AXIS2_PLACEMENT_3D('',#4929,#3942,#3943);
#3661=AXIS2_PLACEMENT_3D('',#4930,#3944,#3945);
#3662=AXIS2_PLACEMENT_3D('',#4933,#3946,#3947);
#3663=AXIS2_PLACEMENT_3D('',#4949,#3950,#3951);
#3664=AXIS2_PLACEMENT_3D('',#4959,#3957,#3958);
#3665=AXIS2_PLACEMENT_3D('',#4961,#3959,#3960);
#3666=AXIS2_PLACEMENT_3D('',#4981,#3971,#3972);
#3667=AXIS2_PLACEMENT_3D('',#4997,#3974,#3975);
#3668=AXIS2_PLACEMENT_3D('',#5002,#3976,#3977);
#3669=AXIS2_PLACEMENT_3D('',#5010,#3982,#3983);
#3670=AXIS2_PLACEMENT_3D('',#5020,#3988,#3989);
#3671=AXIS2_PLACEMENT_3D('',#5028,#3993,#3994);
#3672=AXIS2_PLACEMENT_3D('',#5036,#3998,#3999);
#3673=AXIS2_PLACEMENT_3D('',#5044,#4003,#4004);
#3674=AXIS2_PLACEMENT_3D('',#5052,#4008,#4009);
#3675=AXIS2_PLACEMENT_3D('',#5060,#4013,#4014);
#3676=AXIS2_PLACEMENT_3D('',#5070,#4019,#4020);
#3677=AXIS2_PLACEMENT_3D('',#5074,#4022,#4023);
#3678=AXIS2_PLACEMENT_3D('',#5078,#4026,#4027);
#3679=AXIS2_PLACEMENT_3D('',#5080,#4028,#4029);
#3680=AXIS2_PLACEMENT_3D('',#5083,#4031,#4032);
#3681=AXIS2_PLACEMENT_3D('',#5085,#4033,#4034);
#3682=AXIS2_PLACEMENT_3D('',#5088,#4036,#4037);
#3683=AXIS2_PLACEMENT_3D('',#5090,#4038,#4039);
#3684=AXIS2_PLACEMENT_3D('',#5094,#4041,#4042);
#3685=AXIS2_PLACEMENT_3D('',#5098,#4044,#4045);
#3686=AXIS2_PLACEMENT_3D('',#5102,#4047,#4048);
#3687=AXIS2_PLACEMENT_3D('',#5106,#4050,#4051);
#3688=AXIS2_PLACEMENT_3D('',#5110,#4053,#4054);
#3689=AXIS2_PLACEMENT_3D('',#5114,#4056,#4057);
#3690=AXIS2_PLACEMENT_3D('',#5118,#4059,#4060);
#3691=AXIS2_PLACEMENT_3D('',#5122,#4062,#4063);
#3692=AXIS2_PLACEMENT_3D('',#5126,#4065,#4066);
#3693=AXIS2_PLACEMENT_3D('',#5129,#4068,#4069);
#3694=AXIS2_PLACEMENT_3D('',#5131,#4070,#4071);
#3695=AXIS2_PLACEMENT_3D('',#5134,#4073,#4074);
#3696=AXIS2_PLACEMENT_3D('',#5136,#4075,#4076);
#3697=AXIS2_PLACEMENT_3D('',#5139,#4078,#4079);
#3698=AXIS2_PLACEMENT_3D('',#5141,#4080,#4081);
#3699=AXIS2_PLACEMENT_3D('',#5144,#4083,#4084);
#3700=AXIS2_PLACEMENT_3D('',#5146,#4085,#4086);
#3701=AXIS2_PLACEMENT_3D('',#5149,#4088,#4089);
#3702=AXIS2_PLACEMENT_3D('',#5150,#4090,#4091);
#3703=AXIS2_PLACEMENT_3D('',#5153,#4092,#4093);
#3704=AXIS2_PLACEMENT_3D('',#5157,#4095,#4096);
#3705=AXIS2_PLACEMENT_3D('',#5161,#4098,#4099);
#3706=AXIS2_PLACEMENT_3D('',#5165,#4101,#4102);
#3707=AXIS2_PLACEMENT_3D('',#5169,#4104,#4105);
#3708=AXIS2_PLACEMENT_3D('',#5173,#4107,#4108);
#3709=AXIS2_PLACEMENT_3D('',#5177,#4110,#4111);
#3710=AXIS2_PLACEMENT_3D('',#5181,#4113,#4114);
#3711=AXIS2_PLACEMENT_3D('',#5185,#4116,#4117);
#3712=AXIS2_PLACEMENT_3D('',#5189,#4119,#4120);
#3713=AXIS2_PLACEMENT_3D('',#5193,#4122,#4123);
#3714=AXIS2_PLACEMENT_3D('',#5197,#4125,#4126);
#3715=AXIS2_PLACEMENT_3D('',#5201,#4128,#4129);
#3716=AXIS2_PLACEMENT_3D('',#5205,#4131,#4132);
#3717=AXIS2_PLACEMENT_3D('',#5208,#4134,#4135);
#3718=AXIS2_PLACEMENT_3D('',#5212,#4137,#4138);
#3719=AXIS2_PLACEMENT_3D('',#5216,#4140,#4141);
#3720=AXIS2_PLACEMENT_3D('',#5220,#4143,#4144);
#3721=AXIS2_PLACEMENT_3D('',#5224,#4146,#4147);
#3722=AXIS2_PLACEMENT_3D('',#5228,#4149,#4150);
#3723=AXIS2_PLACEMENT_3D('',#5232,#4152,#4153);
#3724=AXIS2_PLACEMENT_3D('',#5236,#4155,#4156);
#3725=AXIS2_PLACEMENT_3D('',#5240,#4158,#4159);
#3726=AXIS2_PLACEMENT_3D('',#5242,#4161,#4162);
#3727=AXIS2_PLACEMENT_3D('',#5244,#4163,#4164);
#3728=AXIS2_PLACEMENT_3D('',#5247,#4166,#4167);
#3729=AXIS2_PLACEMENT_3D('',#5248,#4168,#4169);
#3730=AXIS2_PLACEMENT_3D('',#5254,#4172,#4173);
#3731=AXIS2_PLACEMENT_3D('',#5258,#4175,#4176);
#3732=AXIS2_PLACEMENT_3D('',#5265,#4180,#4181);
#3733=AXIS2_PLACEMENT_3D('',#5270,#4184,#4185);
#3734=AXIS2_PLACEMENT_3D('',#5275,#4188,#4189);
#3735=AXIS2_PLACEMENT_3D('',#5280,#4192,#4193);
#3736=AXIS2_PLACEMENT_3D('',#5285,#4196,#4197);
#3737=AXIS2_PLACEMENT_3D('',#5290,#4200,#4201);
#3738=AXIS2_PLACEMENT_3D('',#5296,#4205,#4206);
#3739=AXIS2_PLACEMENT_3D('',#5297,#4207,#4208);
#3740=AXIS2_PLACEMENT_3D('',#5298,#4209,#4210);
#3741=AXIS2_PLACEMENT_3D('',#5299,#4211,#4212);
#3742=AXIS2_PLACEMENT_3D('',#5300,#4213,#4214);
#3743=AXIS2_PLACEMENT_3D('',#5304,#4216,#4217);
#3744=AXIS2_PLACEMENT_3D('',#5306,#4219,#4220);
#3745=AXIS2_PLACEMENT_3D('',#5310,#4223,#4224);
#3746=AXIS2_PLACEMENT_3D('',#5313,#4225,#4226);
#3747=AXIS2_PLACEMENT_3D('',#5316,#4228,#4229);
#3748=AXIS2_PLACEMENT_3D('',#5318,#4231,#4232);
#3749=AXIS2_PLACEMENT_3D('',#5321,#4233,#4234);
#3750=AXIS2_PLACEMENT_3D('',#5322,#4235,#4236);
#3751=AXIS2_PLACEMENT_3D('',#5324,#4237,#4238);
#3752=AXIS2_PLACEMENT_3D('',#5335,#4239,#4240);
#3753=AXIS2_PLACEMENT_3D('',#5343,#4245,#4246);
#3754=AXIS2_PLACEMENT_3D('',#5351,#4248,#4249);
#3755=AXIS2_PLACEMENT_3D('',#5352,#4250,#4251);
#3756=AXIS2_PLACEMENT_3D('',#5356,#4253,#4254);
#3757=AXIS2_PLACEMENT_3D('',#5358,#4256,#4257);
#3758=AXIS2_PLACEMENT_3D('',#5362,#4260,#4261);
#3759=AXIS2_PLACEMENT_3D('',#5364,#4262,#4263);
#3760=AXIS2_PLACEMENT_3D('',#5366,#4264,#4265);
#3761=AXIS2_PLACEMENT_3D('',#5378,#4266,#4267);
#3762=AXIS2_PLACEMENT_3D('',#5379,#4268,#4269);
#3763=AXIS2_PLACEMENT_3D('',#5380,#4270,#4271);
#3764=AXIS2_PLACEMENT_3D('',#5382,#4272,#4273);
#3765=AXIS2_PLACEMENT_3D('',#5384,#4275,#4276);
#3766=AXIS2_PLACEMENT_3D('',#5388,#4279,#4280);
#3767=AXIS2_PLACEMENT_3D('',#5391,#4281,#4282);
#3768=AXIS2_PLACEMENT_3D('',#5404,#4283,#4284);
#3769=AXIS2_PLACEMENT_3D('',#5406,#4286,#4287);
#3770=AXIS2_PLACEMENT_3D('',#5407,#4288,#4289);
#3771=AXIS2_PLACEMENT_3D('',#5408,#4290,#4291);
#3772=AXIS2_PLACEMENT_3D('',#5411,#4292,#4293);
#3773=AXIS2_PLACEMENT_3D('',#5415,#4295,#4296);
#3774=AXIS2_PLACEMENT_3D('',#5419,#4298,#4299);
#3775=AXIS2_PLACEMENT_3D('',#5430,#4300,#4301);
#3776=AXIS2_PLACEMENT_3D('',#5433,#4304,#4305);
#3777=AXIS2_PLACEMENT_3D('',#5436,#4308,#4309);
#3778=AXIS2_PLACEMENT_3D('',#5439,#4312,#4313);
#3779=AXIS2_PLACEMENT_3D('',#5442,#4316,#4317);
#3780=AXIS2_PLACEMENT_3D('',#5445,#4320,#4321);
#3781=AXIS2_PLACEMENT_3D('',#5448,#4324,#4325);
#3782=AXIS2_PLACEMENT_3D('',#5451,#4328,#4329);
#3783=AXIS2_PLACEMENT_3D('',#5458,#4334,#4335);
#3784=AXIS2_PLACEMENT_3D('',#5462,#4338,#4339);
#3785=AXIS2_PLACEMENT_3D('',#5467,#4343,#4344);
#3786=AXIS2_PLACEMENT_3D('',#5469,#4345,#4346);
#3787=AXIS2_PLACEMENT_3D('',#5471,#4348,#4349);
#3788=AXIS2_PLACEMENT_3D('',#5479,#4354,#4355);
#3789=AXIS2_PLACEMENT_3D('',#5483,#4358,#4359);
#3790=AXIS2_PLACEMENT_3D('',#5488,#4363,#4364);
#3791=AXIS2_PLACEMENT_3D('',#5490,#4366,#4367);
#3792=AXIS2_PLACEMENT_3D('',#5496,#4371,#4372);
#3793=AXIS2_PLACEMENT_3D('',#5498,#4373,#4374);
#3794=AXIS2_PLACEMENT_3D('',#5500,#4376,#4377);
#3795=AXIS2_PLACEMENT_3D('',#5504,#4380,#4381);
#3796=AXIS2_PLACEMENT_3D('',#5505,#4382,#4383);
#3797=AXIS2_PLACEMENT_3D('',#5506,#4384,#4385);
#3798=AXIS2_PLACEMENT_3D('',#5507,#4386,#4387);
#3799=AXIS2_PLACEMENT_3D('',#5510,#4390,#4391);
#3800=AXIS2_PLACEMENT_3D('',#5511,#4392,#4393);
#3801=AXIS2_PLACEMENT_3D('',#5514,#4396,#4397);
#3802=AXIS2_PLACEMENT_3D('',#5520,#4401,#4402);
#3803=AXIS2_PLACEMENT_3D('',#5524,#4405,#4406);
#3804=AXIS2_PLACEMENT_3D('',#5527,#4409,#4410);
#3805=AXIS2_PLACEMENT_3D('',#5530,#4413,#4414);
#3806=AXIS2_PLACEMENT_3D('',#5532,#4416,#4417);
#3807=AXIS2_PLACEMENT_3D('',#5534,#4419,#4420);
#3808=AXIS2_PLACEMENT_3D('',#5536,#4422,#4423);
#3809=AXIS2_PLACEMENT_3D('',#5546,#4429,#4430);
#3810=AXIS2_PLACEMENT_3D('',#5550,#4432,#4433);
#3811=AXIS2_PLACEMENT_3D('',#5552,#4435,#4436);
#3812=AXIS2_PLACEMENT_3D('',#5558,#4440,#4441);
#3813=AXIS2_PLACEMENT_3D('',#5561,#4443,#4444);
#3814=AXIS2_PLACEMENT_3D('',#5562,#4445,#4446);
#3815=AXIS2_PLACEMENT_3D('',#5566,#4449,#4450);
#3816=AXIS2_PLACEMENT_3D('',#5572,#4454,#4455);
#3817=AXIS2_PLACEMENT_3D('',#5580,#4460,#4461);
#3818=AXIS2_PLACEMENT_3D('',#5584,#4464,#4465);
#3819=AXIS2_PLACEMENT_3D('',#5586,#4467,#4468);
#3820=AXIS2_PLACEMENT_3D('',#5594,#4473,#4474);
#3821=AXIS2_PLACEMENT_3D('',#5595,#4475,#4476);
#3822=AXIS2_PLACEMENT_3D('',#5597,#4478,#4479);
#3823=AXIS2_PLACEMENT_3D('',#5614,#4482,#4483);
#3824=AXIS2_PLACEMENT_3D('',#5618,#4485,#4486);
#3825=AXIS2_PLACEMENT_3D('',#5620,#4488,#4489);
#3826=AXIS2_PLACEMENT_3D('',#5622,#4490,#4491);
#3827=AXIS2_PLACEMENT_3D('',#5626,#4493,#4494);
#3828=AXIS2_PLACEMENT_3D('',#5629,#4496,#4497);
#3829=AXIS2_PLACEMENT_3D('',#5630,#4498,#4499);
#3830=AXIS2_PLACEMENT_3D('',#5634,#4502,#4503);
#3831=AXIS2_PLACEMENT_3D('',#5649,#4506,#4507);
#3832=AXIS2_PLACEMENT_3D('',#5651,#4508,#4509);
#3833=AXIS2_PLACEMENT_3D('',#5665,#4517,#4518);
#3834=AXIS2_PLACEMENT_3D('',#5667,#4519,#4520);
#3835=AXIS2_PLACEMENT_3D('',#5669,#4522,#4523);
#3836=AXIS2_PLACEMENT_3D('',#5674,#4527,#4528);
#3837=AXIS2_PLACEMENT_3D('',#5678,#4531,#4532);
#3838=AXIS2_PLACEMENT_3D('',#5682,#4535,#4536);
#3839=AXIS2_PLACEMENT_3D('',#5726,#4561,#4562);
#3840=AXIS2_PLACEMENT_3D('',#5727,#4563,#4564);
#3841=AXIS2_PLACEMENT_3D('',#5729,#4566,#4567);
#3842=AXIS2_PLACEMENT_3D('',#5731,#4569,#4570);
#3843=AXIS2_PLACEMENT_3D('',#5732,#4571,#4572);
#3844=AXIS2_PLACEMENT_3D('',#5733,#4573,#4574);
#3845=AXIS2_PLACEMENT_3D('',#5734,#4575,#4576);
#3846=AXIS2_PLACEMENT_3D('',#5735,#4577,#4578);
#3847=AXIS2_PLACEMENT_3D('',#5736,#4579,#4580);
#3848=AXIS2_PLACEMENT_3D('',#5738,#4581,#4582);
#3849=AXIS2_PLACEMENT_3D('',#5742,#4585,#4586);
#3850=AXIS2_PLACEMENT_3D('',#5744,#4587,#4588);
#3851=AXIS2_PLACEMENT_3D('',#5747,#4590,#4591);
#3852=AXIS2_PLACEMENT_3D('',#5748,#4592,#4593);
#3853=AXIS2_PLACEMENT_3D('',#5752,#4596,#4597);
#3854=AXIS2_PLACEMENT_3D('',#5764,#4604,#4605);
#3855=AXIS2_PLACEMENT_3D('',#5772,#4611,#4612);
#3856=AXIS2_PLACEMENT_3D('',#5774,#4614,#4615);
#3857=AXIS2_PLACEMENT_3D('',#5775,#4616,#4617);
#3858=AXIS2_PLACEMENT_3D('',#5776,#4618,#4619);
#3859=AXIS2_PLACEMENT_3D('',#5777,#4620,#4621);
#3860=AXIS2_PLACEMENT_3D('',#5781,#4624,#4625);
#3861=AXIS2_PLACEMENT_3D('',#5789,#4631,#4632);
#3862=AXIS2_PLACEMENT_3D('',#5793,#4635,#4636);
#3863=AXIS2_PLACEMENT_3D('',#5796,#4639,#4640);
#3864=AXIS2_PLACEMENT_3D('',#5797,#4641,#4642);
#3865=AXIS2_PLACEMENT_3D('',#5798,#4643,#4644);
#3866=AXIS2_PLACEMENT_3D('',#5799,#4645,#4646);
#3867=AXIS2_PLACEMENT_3D('',#5801,#4648,#4649);
#3868=AXIS2_PLACEMENT_3D('',#5803,#4651,#4652);
#3869=AXIS2_PLACEMENT_3D('',#5804,#4653,#4654);
#3870=AXIS2_PLACEMENT_3D('',#5810,#4658,#4659);
#3871=AXIS2_PLACEMENT_3D('',#5812,#4661,#4662);
#3872=AXIS2_PLACEMENT_3D('',#5814,#4663,#4664);
#3873=AXIS2_PLACEMENT_3D('',#5815,#4665,#4666);
#3874=AXIS2_PLACEMENT_3D('',#5816,#4667,#4668);
#3875=AXIS2_PLACEMENT_3D('',#5822,#4672,#4673);
#3876=AXIS2_PLACEMENT_3D('',#5828,#4677,#4678);
#3877=AXIS2_PLACEMENT_3D('',#5833,#4682,#4683);
#3878=AXIS2_PLACEMENT_3D('',#5835,#4685,#4686);
#3879=AXIS2_PLACEMENT_3D('',#5836,#4687,#4688);
#3880=AXIS2_PLACEMENT_3D('',#5840,#4691,#4692);
#3881=AXIS2_PLACEMENT_3D('',#5846,#4696,#4697);
#3882=AXIS2_PLACEMENT_3D('',#5849,#4700,#4701);
#3883=AXIS2_PLACEMENT_3D('',#5850,#4702,#4703);
#3884=AXIS2_PLACEMENT_3D('',#5854,#4706,#4707);
#3885=AXIS2_PLACEMENT_3D('',#5860,#4711,#4712);
#3886=AXIS2_PLACEMENT_3D('',#5863,#4715,#4716);
#3887=AXIS2_PLACEMENT_3D('',#5864,#4717,#4718);
#3888=AXIS2_PLACEMENT_3D('',#5886,#4730,#4731);
#3889=AXIS2_PLACEMENT_3D('',#5889,#4734,#4735);
#3890=AXIS2_PLACEMENT_3D('',#5891,#4737,#4738);
#3891=AXIS2_PLACEMENT_3D('',#5897,#4742,#4743);
#3892=AXIS2_PLACEMENT_3D('',#5898,#4744,#4745);
#3893=AXIS2_PLACEMENT_3D('',#5914,#4755,#4756);
#3894=AXIS2_PLACEMENT_3D('',#5915,#4757,#4758);
#3895=AXIS2_PLACEMENT_3D('',#5916,#4759,#4760);
#3896=AXIS2_PLACEMENT_3D('',#5919,#4763,#4764);
#3897=AXIS2_PLACEMENT_3D('',#5921,#4766,#4767);
#3898=AXIS2_PLACEMENT_3D('',#5930,#4772,#4773);
#3899=AXIS2_PLACEMENT_3D('',#5939,#4779,#4780);
#3900=AXIS2_PLACEMENT_3D('',#5943,#4783,#4784);
#3901=AXIS2_PLACEMENT_3D('',#5945,#4786,#4787);
#3902=AXIS2_PLACEMENT_3D('',#5951,#4791,#4792);
#3903=AXIS2_PLACEMENT_3D('',#5954,#4795,#4796);
#3904=AXIS2_PLACEMENT_3D('',#5955,#4797,#4798);
#3905=AXIS2_PLACEMENT_3D('',#5961,#4803,#4804);
#3906=AXIS2_PLACEMENT_3D('',#5965,#4807,#4808);
#3907=AXIS2_PLACEMENT_3D('',#5967,#4810,#4811);
#3908=AXIS2_PLACEMENT_3D('',#5969,#4813,#4814);
#3909=AXIS2_PLACEMENT_3D('',#5970,#4815,#4816);
#3910=AXIS2_PLACEMENT_3D('',#5971,#4817,#4818);
#3911=AXIS2_PLACEMENT_3D('',#5973,#4820,#4821);
#3912=AXIS2_PLACEMENT_3D('',#5988,#4830,#4831);
#3913=AXIS2_PLACEMENT_3D('',#5992,#4834,#4835);
#3914=AXIS2_PLACEMENT_3D('',#5996,#4838,#4839);
#3915=AXIS2_PLACEMENT_3D('',#6003,#4844,#4845);
#3916=AXIS2_PLACEMENT_3D('',#6005,#4847,#4848);
#3917=AXIS2_PLACEMENT_3D('',#6007,#4850,#4851);
#3918=AXIS2_PLACEMENT_3D('',#6013,#4855,#4856);
#3919=AXIS2_PLACEMENT_3D('',#6014,#4857,#4858);
#3920=AXIS2_PLACEMENT_3D('',#6015,#4859,#4860);
#3921=AXIS2_PLACEMENT_3D('',#6024,#4865,#4866);
#3922=AXIS2_PLACEMENT_3D('',#6036,#4873,#4874);
#3923=AXIS2_PLACEMENT_3D('',#6040,#4877,#4878);
#3924=AXIS2_PLACEMENT_3D('',#6044,#4881,#4882);
#3925=AXIS2_PLACEMENT_3D('',#6049,#4886,#4887);
#3926=AXIS2_PLACEMENT_3D('',#6055,#4891,#4892);
#3927=AXIS2_PLACEMENT_3D('',#6058,#4895,#4896);
#3928=AXIS2_PLACEMENT_3D('',#6059,#4897,#4898);
#3929=AXIS2_PLACEMENT_3D('',#6061,#4900,#4901);
#3930=AXIS2_PLACEMENT_3D('',#6062,#4902,#4903);
#3931=AXIS2_PLACEMENT_3D('',#6065,#4905,#4906);
#3932=AXIS2_PLACEMENT_3D('',#6066,#4907,#4908);
#3933=AXIS2_PLACEMENT_3D('',#6068,#4909,#4910);
#3934=AXIS2_PLACEMENT_3D('',#6069,#4911,#4912);
#3935=AXIS2_PLACEMENT_3D('',#6070,#4913,#4914);
#3936=AXIS2_PLACEMENT_3D('',#6071,#4915,#4916);
#3937=AXIS2_PLACEMENT_3D('',#6072,#4917,#4918);
#3938=AXIS2_PLACEMENT_3D('',#6073,#4919,#4920);
#3939=AXIS2_PLACEMENT_3D('',#6074,#4921,#4922);
#3940=AXIS2_PLACEMENT_3D('',#6076,#4924,#4925);
#3941=AXIS2_PLACEMENT_3D('',#6077,#4926,#4927);
#3942=DIRECTION('axis',(0.,0.,1.));
#3943=DIRECTION('refdir',(1.,0.,0.));
#3944=DIRECTION('center_axis',(5.55111512312578E-17,0.,1.));
#3945=DIRECTION('ref_axis',(-0.707106781186548,0.707106781186547,0.));
#3946=DIRECTION('center_axis',(0.,0.,-1.));
#3947=DIRECTION('ref_axis',(-0.707106781186548,0.707106781186547,0.));
#3948=DIRECTION('',(-5.55111512312578E-17,0.,-1.));
#3949=DIRECTION('',(5.55111512312578E-17,0.,1.));
#3950=DIRECTION('center_axis',(0.,0.,1.));
#3951=DIRECTION('ref_axis',(1.,0.,0.));
#3952=DIRECTION('',(-1.,0.,0.));
#3953=DIRECTION('',(0.,1.,0.));
#3954=DIRECTION('',(1.,0.,0.));
#3955=DIRECTION('',(0.,-1.,0.));
#3956=DIRECTION('',(1.,0.,0.));
#3957=DIRECTION('center_axis',(0.,1.,0.));
#3958=DIRECTION('ref_axis',(-1.,0.,0.));
#3959=DIRECTION('center_axis',(0.,1.,0.));
#3960=DIRECTION('ref_axis',(0.,0.,1.));
#3961=DIRECTION('',(-0.996194698091746,0.,-0.0871557427476584));
#3962=DIRECTION('',(-5.55111512312578E-17,0.,-1.));
#3963=DIRECTION('',(-1.,0.,0.));
#3964=DIRECTION('',(0.,0.,-1.));
#3965=DIRECTION('',(1.,0.,0.));
#3966=DIRECTION('',(0.,0.,1.));
#3967=DIRECTION('',(1.,0.,0.));
#3968=DIRECTION('',(0.,0.,-1.));
#3969=DIRECTION('',(1.,0.,0.));
#3970=DIRECTION('',(0.,0.,1.));
#3971=DIRECTION('center_axis',(-5.55111512312578E-17,0.,-1.));
#3972=DIRECTION('ref_axis',(0.707106781186547,0.707106781186548,0.));
#3973=DIRECTION('',(5.55111512312578E-17,0.,1.));
#3974=DIRECTION('center_axis',(0.,0.,-1.));
#3975=DIRECTION('ref_axis',(0.707106781186547,0.707106781186548,0.));
#3976=DIRECTION('center_axis',(0.,0.,1.));
#3977=DIRECTION('ref_axis',(1.,0.,0.));
#3978=DIRECTION('',(1.,0.,0.));
#3979=DIRECTION('',(0.,-1.,0.));
#3980=DIRECTION('',(1.,0.,0.));
#3981=DIRECTION('',(0.,-1.,0.));
#3982=DIRECTION('center_axis',(1.,0.,-5.55111512312578E-17));
#3983=DIRECTION('ref_axis',(-5.55111512312578E-17,0.,-1.));
#3984=DIRECTION('',(0.,1.,0.));
#3985=DIRECTION('',(-5.55111512312578E-17,0.,-1.));
#3986=DIRECTION('',(0.,-1.,0.));
#3987=DIRECTION('',(5.55111512312578E-17,0.,1.));
#3988=DIRECTION('center_axis',(1.,0.,-5.55111512312578E-17));
#3989=DIRECTION('ref_axis',(0.,1.,0.));
#3990=DIRECTION('',(5.55111512312578E-17,0.,1.));
#3991=DIRECTION('',(0.,1.,0.));
#3992=DIRECTION('',(-5.55111512312578E-17,0.,-1.));
#3993=DIRECTION('center_axis',(1.,0.,-5.55111512312578E-17));
#3994=DIRECTION('ref_axis',(0.,1.,0.));
#3995=DIRECTION('',(5.55111512312578E-17,0.,1.));
#3996=DIRECTION('',(0.,1.,0.));
#3997=DIRECTION('',(-5.55111512312578E-17,0.,-1.));
#3998=DIRECTION('center_axis',(1.,0.,-5.55111512312578E-17));
#3999=DIRECTION('ref_axis',(0.,1.,0.));
#4000=DIRECTION('',(5.55111512312578E-17,0.,1.));
#4001=DIRECTION('',(0.,1.,0.));
#4002=DIRECTION('',(-5.55111512312578E-17,0.,-1.));
#4003=DIRECTION('center_axis',(1.,0.,-5.55111512312578E-17));
#4004=DIRECTION('ref_axis',(0.,1.,0.));
#4005=DIRECTION('',(5.55111512312578E-17,0.,1.));
#4006=DIRECTION('',(0.,1.,0.));
#4007=DIRECTION('',(-5.55111512312578E-17,0.,-1.));
#4008=DIRECTION('center_axis',(1.,0.,-5.55111512312578E-17));
#4009=DIRECTION('ref_axis',(0.,1.,0.));
#4010=DIRECTION('',(5.55111512312578E-17,0.,1.));
#4011=DIRECTION('',(0.,1.,0.));
#4012=DIRECTION('',(-5.55111512312578E-17,0.,-1.));
#4013=DIRECTION('center_axis',(1.,0.,-5.55111512312578E-17));
#4014=DIRECTION('ref_axis',(0.,1.,0.));
#4015=DIRECTION('',(5.55111512312578E-17,0.,1.));
#4016=DIRECTION('',(0.,1.,0.));
#4017=DIRECTION('',(-5.55111512312578E-17,0.,-1.));
#4018=DIRECTION('',(0.,-1.,0.));
#4019=DIRECTION('center_axis',(1.,0.,-5.55111512312578E-17));
#4020=DIRECTION('ref_axis',(0.,1.,0.));
#4021=DIRECTION('',(0.,-1.,0.));
#4022=DIRECTION('center_axis',(-1.,0.,5.55111512312578E-17));
#4023=DIRECTION('ref_axis',(-3.59074061125886E-19,1.,1.9932614510381E-35));
#4024=DIRECTION('',(0.,-1.,0.));
#4025=DIRECTION('',(5.55111512312578E-17,0.,1.));
#4026=DIRECTION('center_axis',(0.,1.,0.));
#4027=DIRECTION('ref_axis',(0.737277336810104,0.,-0.675590207615682));
#4028=DIRECTION('center_axis',(0.,1.,0.));
#4029=DIRECTION('ref_axis',(0.737277336810104,0.,-0.675590207615682));
#4030=DIRECTION('',(0.,1.,0.));
#4031=DIRECTION('center_axis',(0.,-1.,0.));
#4032=DIRECTION('ref_axis',(0.737277336810104,0.,-0.675590207615682));
#4033=DIRECTION('center_axis',(0.,1.,0.));
#4034=DIRECTION('ref_axis',(0.737277336810104,0.,-0.675590207615682));
#4035=DIRECTION('',(0.,1.,0.));
#4036=DIRECTION('center_axis',(0.,-1.,0.));
#4037=DIRECTION('ref_axis',(0.737277336810104,0.,-0.675590207615682));
#4038=DIRECTION('center_axis',(0.,1.,0.));
#4039=DIRECTION('ref_axis',(0.737277336810104,0.,-0.675590207615682));
#4040=DIRECTION('',(0.,-1.,0.));
#4041=DIRECTION('center_axis',(0.,-1.,0.));
#4042=DIRECTION('ref_axis',(0.737277336810104,0.,-0.675590207615682));
#4043=DIRECTION('',(0.,1.,0.));
#4044=DIRECTION('center_axis',(0.,-1.,0.));
#4045=DIRECTION('ref_axis',(0.737277336810104,0.,-0.675590207615682));
#4046=DIRECTION('',(0.,1.,0.));
#4047=DIRECTION('center_axis',(0.,1.,0.));
#4048=DIRECTION('ref_axis',(0.737277336810104,0.,-0.675590207615682));
#4049=DIRECTION('',(0.,1.,0.));
#4050=DIRECTION('center_axis',(0.,-1.,0.));
#4051=DIRECTION('ref_axis',(0.737277336810104,0.,-0.675590207615682));
#4052=DIRECTION('',(0.,1.,0.));
#4053=DIRECTION('center_axis',(0.,1.,0.));
#4054=DIRECTION('ref_axis',(0.737277336810104,0.,-0.675590207615682));
#4055=DIRECTION('',(0.,1.,0.));
#4056=DIRECTION('center_axis',(0.,-1.,0.));
#4057=DIRECTION('ref_axis',(0.737277336810104,0.,-0.675590207615682));
#4058=DIRECTION('',(0.,1.,0.));
#4059=DIRECTION('center_axis',(0.,1.,0.));
#4060=DIRECTION('ref_axis',(0.737277336810104,0.,-0.675590207615682));
#4061=DIRECTION('',(0.,1.,0.));
#4062=DIRECTION('center_axis',(0.,-1.,0.));
#4063=DIRECTION('ref_axis',(0.737277336810104,0.,-0.675590207615682));
#4064=DIRECTION('',(0.,1.,0.));
#4065=DIRECTION('center_axis',(0.,1.,0.));
#4066=DIRECTION('ref_axis',(0.737277336810104,0.,-0.675590207615682));
#4067=DIRECTION('',(0.,1.,0.));
#4068=DIRECTION('center_axis',(0.,-1.,0.));
#4069=DIRECTION('ref_axis',(0.737277336810104,0.,-0.675590207615682));
#4070=DIRECTION('center_axis',(0.,1.,0.));
#4071=DIRECTION('ref_axis',(0.737277336810104,0.,-0.675590207615682));
#4072=DIRECTION('',(0.,1.,0.));
#4073=DIRECTION('center_axis',(0.,-1.,0.));
#4074=DIRECTION('ref_axis',(0.737277336810104,0.,-0.675590207615682));
#4075=DIRECTION('center_axis',(0.,1.,0.));
#4076=DIRECTION('ref_axis',(0.737277336810104,0.,-0.675590207615682));
#4077=DIRECTION('',(0.,1.,0.));
#4078=DIRECTION('center_axis',(0.,-1.,0.));
#4079=DIRECTION('ref_axis',(0.737277336810104,0.,-0.675590207615682));
#4080=DIRECTION('center_axis',(0.,1.,0.));
#4081=DIRECTION('ref_axis',(0.737277336810104,0.,-0.675590207615682));
#4082=DIRECTION('',(0.,1.,0.));
#4083=DIRECTION('center_axis',(0.,-1.,0.));
#4084=DIRECTION('ref_axis',(0.737277336810104,0.,-0.675590207615682));
#4085=DIRECTION('center_axis',(0.,1.,0.));
#4086=DIRECTION('ref_axis',(0.737277336810104,0.,-0.675590207615682));
#4087=DIRECTION('',(0.,1.,0.));
#4088=DIRECTION('center_axis',(0.,-1.,0.));
#4089=DIRECTION('ref_axis',(0.737277336810104,0.,-0.675590207615682));
#4090=DIRECTION('center_axis',(0.,1.,0.));
#4091=DIRECTION('ref_axis',(-0.67559020761566,0.,-0.737277336810124));
#4092=DIRECTION('center_axis',(0.,-1.,0.));
#4093=DIRECTION('ref_axis',(-0.67559020761566,0.,-0.737277336810124));
#4094=DIRECTION('',(0.,-1.,0.));
#4095=DIRECTION('center_axis',(0.,1.,0.));
#4096=DIRECTION('ref_axis',(-0.67559020761566,0.,-0.737277336810124));
#4097=DIRECTION('',(0.,1.,0.));
#4098=DIRECTION('center_axis',(0.,-1.,0.));
#4099=DIRECTION('ref_axis',(-0.67559020761566,0.,-0.737277336810124));
#4100=DIRECTION('',(0.,-1.,0.));
#4101=DIRECTION('center_axis',(0.,1.,0.));
#4102=DIRECTION('ref_axis',(-0.67559020761566,0.,-0.737277336810124));
#4103=DIRECTION('',(0.,1.,0.));
#4104=DIRECTION('center_axis',(0.,-1.,0.));
#4105=DIRECTION('ref_axis',(-0.67559020761566,0.,-0.737277336810124));
#4106=DIRECTION('',(0.,-1.,0.));
#4107=DIRECTION('center_axis',(0.,1.,0.));
#4108=DIRECTION('ref_axis',(-0.67559020761566,0.,-0.737277336810124));
#4109=DIRECTION('',(0.,-1.,0.));
#4110=DIRECTION('center_axis',(0.,-1.,0.));
#4111=DIRECTION('ref_axis',(-0.67559020761566,0.,-0.737277336810124));
#4112=DIRECTION('',(0.,-1.,0.));
#4113=DIRECTION('center_axis',(0.,1.,0.));
#4114=DIRECTION('ref_axis',(-0.67559020761566,0.,-0.737277336810124));
#4115=DIRECTION('',(0.,-1.,0.));
#4116=DIRECTION('center_axis',(0.,-1.,0.));
#4117=DIRECTION('ref_axis',(-0.67559020761566,0.,-0.737277336810124));
#4118=DIRECTION('',(0.,-1.,0.));
#4119=DIRECTION('center_axis',(0.,1.,0.));
#4120=DIRECTION('ref_axis',(-0.67559020761566,0.,-0.737277336810124));
#4121=DIRECTION('',(0.,-1.,0.));
#4122=DIRECTION('center_axis',(0.,-1.,0.));
#4123=DIRECTION('ref_axis',(-0.67559020761566,0.,-0.737277336810124));
#4124=DIRECTION('',(0.,-1.,0.));
#4125=DIRECTION('center_axis',(0.,1.,0.));
#4126=DIRECTION('ref_axis',(-0.67559020761566,0.,-0.737277336810124));
#4127=DIRECTION('',(0.,-1.,0.));
#4128=DIRECTION('center_axis',(0.,-1.,0.));
#4129=DIRECTION('ref_axis',(-0.67559020761566,0.,-0.737277336810124));
#4130=DIRECTION('',(0.,-1.,0.));
#4131=DIRECTION('center_axis',(0.,-1.,0.));
#4132=DIRECTION('ref_axis',(-0.67559020761566,0.,-0.737277336810124));
#4133=DIRECTION('',(0.,1.,0.));
#4134=DIRECTION('center_axis',(0.,1.,0.));
#4135=DIRECTION('ref_axis',(-0.67559020761566,0.,-0.737277336810124));
#4136=DIRECTION('',(0.,1.,0.));
#4137=DIRECTION('center_axis',(0.,-1.,0.));
#4138=DIRECTION('ref_axis',(-0.67559020761566,0.,-0.737277336810124));
#4139=DIRECTION('',(0.,-1.,0.));
#4140=DIRECTION('center_axis',(0.,1.,0.));
#4141=DIRECTION('ref_axis',(-0.67559020761566,0.,-0.737277336810124));
#4142=DIRECTION('',(0.,1.,0.));
#4143=DIRECTION('center_axis',(0.,-1.,0.));
#4144=DIRECTION('ref_axis',(-0.67559020761566,0.,-0.737277336810124));
#4145=DIRECTION('',(0.,-1.,0.));
#4146=DIRECTION('center_axis',(0.,1.,0.));
#4147=DIRECTION('ref_axis',(-0.67559020761566,0.,-0.737277336810124));
#4148=DIRECTION('',(0.,1.,0.));
#4149=DIRECTION('center_axis',(0.,-1.,0.));
#4150=DIRECTION('ref_axis',(-0.67559020761566,0.,-0.737277336810124));
#4151=DIRECTION('',(0.,-1.,0.));
#4152=DIRECTION('center_axis',(0.,1.,0.));
#4153=DIRECTION('ref_axis',(-0.67559020761566,0.,-0.737277336810124));
#4154=DIRECTION('',(0.,1.,0.));
#4155=DIRECTION('center_axis',(0.,-1.,0.));
#4156=DIRECTION('ref_axis',(-0.67559020761566,0.,-0.737277336810124));
#4157=DIRECTION('',(0.,-1.,0.));
#4158=DIRECTION('center_axis',(0.,1.,0.));
#4159=DIRECTION('ref_axis',(-0.67559020761566,0.,-0.737277336810124));
#4160=DIRECTION('',(0.,1.,0.));
#4161=DIRECTION('center_axis',(0.996194698091746,0.,0.0871557427476584));
#4162=DIRECTION('ref_axis',(0.0616284167162195,0.707106781186548,-0.704416026402759));
#4163=DIRECTION('center_axis',(-0.996194698091746,0.,-0.0871557427476584));
#4164=DIRECTION('ref_axis',(0.0616284167162196,0.707106781186548,-0.704416026402758));
#4165=DIRECTION('',(0.996194698091746,0.,0.0871557427476584));
#4166=DIRECTION('center_axis',(0.996194698091746,0.,0.0871557427476584));
#4167=DIRECTION('ref_axis',(0.0616284167162186,0.707106781186548,-0.704416026402759));
#4168=DIRECTION('center_axis',(1.,0.,-5.55111512312578E-17));
#4169=DIRECTION('ref_axis',(-5.55111512312578E-17,0.,-1.));
#4170=DIRECTION('',(5.55111512312578E-17,0.,1.));
#4171=DIRECTION('',(0.,-1.,0.));
#4172=DIRECTION('center_axis',(-1.,0.,5.55111512312578E-17));
#4173=DIRECTION('ref_axis',(-3.59074061125886E-19,1.,1.9932614510381E-35));
#4174=DIRECTION('',(0.,-1.,0.));
#4175=DIRECTION('center_axis',(1.,0.,-5.55111512312578E-17));
#4176=DIRECTION('ref_axis',(0.,1.,0.));
#4177=DIRECTION('',(0.,-1.,0.));
#4178=DIRECTION('',(-5.55111512312578E-17,0.,-1.));
#4179=DIRECTION('',(5.55111512312578E-17,0.,1.));
#4180=DIRECTION('center_axis',(1.,0.,-5.55111512312578E-17));
#4181=DIRECTION('ref_axis',(0.,1.,0.));
#4182=DIRECTION('',(-5.55111512312578E-17,0.,-1.));
#4183=DIRECTION('',(5.55111512312578E-17,0.,1.));
#4184=DIRECTION('center_axis',(1.,0.,-5.55111512312578E-17));
#4185=DIRECTION('ref_axis',(0.,1.,0.));
#4186=DIRECTION('',(-5.55111512312578E-17,0.,-1.));
#4187=DIRECTION('',(5.55111512312578E-17,0.,1.));
#4188=DIRECTION('center_axis',(1.,0.,-5.55111512312578E-17));
#4189=DIRECTION('ref_axis',(0.,1.,0.));
#4190=DIRECTION('',(-5.55111512312578E-17,0.,-1.));
#4191=DIRECTION('',(5.55111512312578E-17,0.,1.));
#4192=DIRECTION('center_axis',(1.,0.,-5.55111512312578E-17));
#4193=DIRECTION('ref_axis',(0.,1.,0.));
#4194=DIRECTION('',(-5.55111512312578E-17,0.,-1.));
#4195=DIRECTION('',(5.55111512312578E-17,0.,1.));
#4196=DIRECTION('center_axis',(1.,0.,-5.55111512312578E-17));
#4197=DIRECTION('ref_axis',(0.,1.,0.));
#4198=DIRECTION('',(-5.55111512312578E-17,0.,-1.));
#4199=DIRECTION('',(5.55111512312578E-17,0.,1.));
#4200=DIRECTION('center_axis',(1.,0.,-5.55111512312578E-17));
#4201=DIRECTION('ref_axis',(0.,1.,0.));
#4202=DIRECTION('',(5.55111512312578E-17,0.,1.));
#4203=DIRECTION('',(0.,-1.,0.));
#4204=DIRECTION('',(-5.55111512312578E-17,0.,-1.));
#4205=DIRECTION('center_axis',(0.,0.,1.));
#4206=DIRECTION('ref_axis',(1.,0.,0.));
#4207=DIRECTION('center_axis',(0.,0.,1.));
#4208=DIRECTION('ref_axis',(0.,1.,0.));
#4209=DIRECTION('center_axis',(0.,0.,1.));
#4210=DIRECTION('ref_axis',(1.,0.,0.));
#4211=DIRECTION('center_axis',(-5.84717459635916E-14,2.46716227694566E-16,
-1.));
#4212=DIRECTION('ref_axis',(0.,1.,0.));
#4213=DIRECTION('center_axis',(5.8564264548977E-14,0.,1.));
#4214=DIRECTION('ref_axis',(0.707106781186547,0.707106781186548,-4.11713133610412E-14));
#4215=DIRECTION('',(5.8564264548977E-14,0.,1.));
#4216=DIRECTION('center_axis',(5.55111512312578E-17,0.,1.));
#4217=DIRECTION('ref_axis',(0.707106781186547,0.707106781186548,-4.11713133610412E-14));
#4218=DIRECTION('',(-5.8564264548977E-14,0.,-1.));
#4219=DIRECTION('center_axis',(0.,1.,0.));
#4220=DIRECTION('ref_axis',(0.,0.,1.));
#4221=DIRECTION('',(0.,0.,-1.));
#4222=DIRECTION('',(-1.,0.,5.55111512312578E-17));
#4223=DIRECTION('center_axis',(-5.8564264548977E-14,0.,-1.));
#4224=DIRECTION('ref_axis',(0.707106781186547,-0.707106781186549,-4.11713133610412E-14));
#4225=DIRECTION('center_axis',(5.55111512312578E-17,0.,1.));
#4226=DIRECTION('ref_axis',(0.707106781186547,-0.707106781186549,-4.11713133610412E-14));
#4227=DIRECTION('',(-5.8564264548977E-14,0.,-1.));
#4228=DIRECTION('center_axis',(5.84717459635916E-14,0.,1.));
#4229=DIRECTION('ref_axis',(0.,-1.,0.));
#4230=DIRECTION('',(5.8564264548977E-14,0.,1.));
#4231=DIRECTION('center_axis',(0.,0.,1.));
#4232=DIRECTION('ref_axis',(1.,0.,0.));
#4233=DIRECTION('center_axis',(0.,1.,0.));
#4234=DIRECTION('ref_axis',(0.,0.,1.));
#4235=DIRECTION('center_axis',(-0.996194698091746,0.,-0.0871557427476584));
#4236=DIRECTION('ref_axis',(0.0616284167162191,-0.707106781186548,-0.704416026402758));
#4237=DIRECTION('center_axis',(0.996194698091746,0.,0.0871557427476584));
#4238=DIRECTION('ref_axis',(0.0616284167162186,-0.707106781186548,-0.704416026402758));
#4239=DIRECTION('center_axis',(0.,-1.,0.));
#4240=DIRECTION('ref_axis',(1.,0.,0.));
#4241=DIRECTION('',(0.,0.,1.));
#4242=DIRECTION('',(1.,0.,0.));
#4243=DIRECTION('',(0.,0.,1.));
#4244=DIRECTION('',(-0.996194698091746,0.,-0.0871557427476584));
#4245=DIRECTION('center_axis',(0.,0.,-1.));
#4246=DIRECTION('ref_axis',(0.992156741649221,-0.125000000000002,0.));
#4247=DIRECTION('',(0.,0.,1.));
#4248=DIRECTION('center_axis',(0.,0.,-1.));
#4249=DIRECTION('ref_axis',(0.992156741649221,-0.125000000000002,0.));
#4250=DIRECTION('center_axis',(-0.996194698091746,0.,-0.0871557427476584));
#4251=DIRECTION('ref_axis',(0.0616284167162195,-0.707106781186548,-0.704416026402758));
#4252=DIRECTION('',(-0.996194698091746,0.,-0.0871557427476584));
#4253=DIRECTION('center_axis',(-0.996194698091746,0.,-0.0871557427476584));
#4254=DIRECTION('ref_axis',(0.0616284167162196,-0.707106781186549,-0.704416026402758));
#4255=DIRECTION('',(0.996194698091746,0.,0.0871557427476584));
#4256=DIRECTION('center_axis',(0.,-1.,0.));
#4257=DIRECTION('ref_axis',(0.,0.,-1.));
#4258=DIRECTION('',(1.,0.,-5.55111512312578E-17));
#4259=DIRECTION('',(0.,0.,1.));
#4260=DIRECTION('center_axis',(0.0949317134024064,-0.923746053581648,0.371054171628369));
#4261=DIRECTION('ref_axis',(-0.228959612834861,-0.383005520185195,-0.894921374869423));
#4262=DIRECTION('center_axis',(-0.996194698091746,0.,-0.0871557427476584));
#4263=DIRECTION('ref_axis',(0.0616284167162196,-0.707106781186549,-0.704416026402758));
#4264=DIRECTION('center_axis',(0.,1.,0.));
#4265=DIRECTION('ref_axis',(0.,0.,1.));
#4266=DIRECTION('center_axis',(0.,-1.,0.));
#4267=DIRECTION('ref_axis',(0.,0.,-1.));
#4268=DIRECTION('center_axis',(0.,0.,-1.));
#4269=DIRECTION('ref_axis',(4.93432455388958E-16,-1.,0.));
#4270=DIRECTION('center_axis',(0.,0.,1.));
#4271=DIRECTION('ref_axis',(-0.707106781186547,-0.707106781186548,0.));
#4272=DIRECTION('center_axis',(5.55111512312578E-17,0.,1.));
#4273=DIRECTION('ref_axis',(-0.707106781186547,-0.707106781186548,0.));
#4274=DIRECTION('',(0.,0.,-1.));
#4275=DIRECTION('center_axis',(-1.,0.,0.));
#4276=DIRECTION('ref_axis',(0.,0.,-1.));
#4277=DIRECTION('',(0.,1.,0.));
#4278=DIRECTION('',(0.,0.,1.));
#4279=DIRECTION('center_axis',(-0.112752100379439,0.,-0.993623149820909));
#4280=DIRECTION('ref_axis',(-0.702597663747357,-0.707106784643537,0.0797277743815447));
#4281=DIRECTION('center_axis',(5.55111512312578E-17,0.,1.));
#4282=DIRECTION('ref_axis',(-1.,-1.65471494809762E-15,4.87525066971071E-17));
#4283=DIRECTION('center_axis',(0.,0.,-1.));
#4284=DIRECTION('ref_axis',(-1.,-1.65471494809762E-15,0.));
#4285=DIRECTION('',(-0.112752100379439,0.,-0.993623149820909));
#4286=DIRECTION('center_axis',(0.,0.,-1.));
#4287=DIRECTION('ref_axis',(-0.707106781186548,0.707106781186547,0.));
#4288=DIRECTION('center_axis',(5.55111512312578E-17,0.,1.));
#4289=DIRECTION('ref_axis',(-0.707106781186548,0.707106781186547,0.));
#4290=DIRECTION('center_axis',(0.112752100379439,0.,0.993623149820909));
#4291=DIRECTION('ref_axis',(-0.702597670617247,0.707106777729558,0.0797277751611104));
#4292=DIRECTION('center_axis',(5.55111512312578E-17,0.,1.));
#4293=DIRECTION('ref_axis',(-1.,4.0448587620164E-15,4.87525066971071E-17));
#4294=DIRECTION('',(0.112752100379439,0.,0.993623149820909));
#4295=DIRECTION('center_axis',(-5.55111512312578E-17,0.,-1.));
#4296=DIRECTION('ref_axis',(-1.,4.0448587620164E-15,4.87525066971071E-17));
#4297=DIRECTION('',(0.112752100379439,0.,0.993623149820909));
#4298=DIRECTION('center_axis',(0.,0.,-1.));
#4299=DIRECTION('ref_axis',(-1.,4.0448587620164E-15,0.));
#4300=DIRECTION('center_axis',(0.,-1.,0.));
#4301=DIRECTION('ref_axis',(1.,0.,0.));
#4302=DIRECTION('',(-0.996194698091746,0.,-0.0871557427476584));
#4303=DIRECTION('',(1.,0.,0.));
#4304=DIRECTION('center_axis',(0.,1.,0.));
#4305=DIRECTION('ref_axis',(-1.,0.,0.));
#4306=DIRECTION('',(-1.,0.,0.));
#4307=DIRECTION('',(0.996194698091746,0.,0.0871557427476584));
#4308=DIRECTION('center_axis',(0.,-1.,0.));
#4309=DIRECTION('ref_axis',(1.,0.,0.));
#4310=DIRECTION('',(-0.996194698091746,0.,-0.0871557427476584));
#4311=DIRECTION('',(1.,0.,0.));
#4312=DIRECTION('center_axis',(0.,1.,0.));
#4313=DIRECTION('ref_axis',(-1.,0.,0.));
#4314=DIRECTION('',(-1.,0.,0.));
#4315=DIRECTION('',(0.996194698091746,0.,0.0871557427476584));
#4316=DIRECTION('center_axis',(0.,-1.,0.));
#4317=DIRECTION('ref_axis',(1.,0.,0.));
#4318=DIRECTION('',(-0.996194698091746,0.,-0.0871557427476584));
#4319=DIRECTION('',(1.,0.,0.));
#4320=DIRECTION('center_axis',(0.,1.,0.));
#4321=DIRECTION('ref_axis',(-1.,0.,0.));
#4322=DIRECTION('',(-1.,0.,0.));
#4323=DIRECTION('',(0.996194698091746,0.,0.0871557427476584));
#4324=DIRECTION('center_axis',(0.,-1.,0.));
#4325=DIRECTION('ref_axis',(1.,0.,0.));
#4326=DIRECTION('',(-0.996194698091746,0.,-0.0871557427476584));
#4327=DIRECTION('',(1.,0.,0.));
#4328=DIRECTION('center_axis',(0.,1.,0.));
#4329=DIRECTION('ref_axis',(-1.,0.,0.));
#4330=DIRECTION('',(0.,0.,1.));
#4331=DIRECTION('',(-1.,0.,0.));
#4332=DIRECTION('',(0.,0.,1.));
#4333=DIRECTION('',(0.996194698091746,0.,0.0871557427476584));
#4334=DIRECTION('center_axis',(1.,1.26882631385732E-15,0.));
#4335=DIRECTION('ref_axis',(-1.26882631385732E-15,1.,0.));
#4336=DIRECTION('',(0.,0.,1.));
#4337=DIRECTION('',(-1.26882631385732E-15,1.,0.));
#4338=DIRECTION('center_axis',(0.,-1.,0.));
#4339=DIRECTION('ref_axis',(1.,0.,0.));
#4340=DIRECTION('',(-0.996194698091746,0.,-0.0871557427476584));
#4341=DIRECTION('',(0.,0.,1.));
#4342=DIRECTION('',(1.,0.,0.));
#4343=DIRECTION('center_axis',(-0.996194698091746,0.,-0.0871557427476584));
#4344=DIRECTION('ref_axis',(0.0616284167162195,-0.707106781186548,-0.704416026402758));
#4345=DIRECTION('center_axis',(1.,0.,0.));
#4346=DIRECTION('ref_axis',(0.,7.80343238530734E-15,-1.));
#4347=DIRECTION('',(0.996194698091746,0.,0.0871557427476584));
#4348=DIRECTION('center_axis',(0.,1.,0.));
#4349=DIRECTION('ref_axis',(-1.,0.,0.));
#4350=DIRECTION('',(0.,0.,1.));
#4351=DIRECTION('',(-1.,0.,0.));
#4352=DIRECTION('',(5.97199050772927E-17,-1.1426383168306E-19,1.));
#4353=DIRECTION('',(0.996194698091746,0.,0.0871557427476584));
#4354=DIRECTION('center_axis',(1.,1.26882631385732E-15,0.));
#4355=DIRECTION('ref_axis',(-1.26882631385732E-15,1.,0.));
#4356=DIRECTION('',(0.,0.,1.));
#4357=DIRECTION('',(-1.26882631385732E-15,1.,0.));
#4358=DIRECTION('center_axis',(0.,-1.,0.));
#4359=DIRECTION('ref_axis',(1.,0.,0.));
#4360=DIRECTION('',(-0.996194698091746,0.,-0.0871557427476584));
#4361=DIRECTION('',(0.,0.,1.));
#4362=DIRECTION('',(1.,0.,0.));
#4363=DIRECTION('center_axis',(0.0871557427476584,0.,-0.996194698091746));
#4364=DIRECTION('ref_axis',(0.996194698091746,0.,0.0871557427476584));
#4365=DIRECTION('',(0.996194698091746,0.,0.0871557427476584));
#4366=DIRECTION('center_axis',(0.0871557427476584,0.,-0.996194698091746));
#4367=DIRECTION('ref_axis',(0.996194698091746,0.,0.0871557427476584));
#4368=DIRECTION('',(0.996194698091746,0.,0.0871557427476584));
#4369=DIRECTION('',(0.,-1.,0.));
#4370=DIRECTION('',(-0.996194698091746,0.,-0.0871557427476584));
#4371=DIRECTION('center_axis',(0.0871557427476584,0.,-0.996194698091746));
#4372=DIRECTION('ref_axis',(0.996194698091746,0.,0.0871557427476584));
#4373=DIRECTION('center_axis',(0.0871557427476584,0.,-0.996194698091746));
#4374=DIRECTION('ref_axis',(-0.996194698091746,9.95874911953055E-21,-0.0871557427476584));
#4375=DIRECTION('',(0.996194698091746,0.,0.0871557427476584));
#4376=DIRECTION('center_axis',(0.0871557427476584,0.,-0.996194698091746));
#4377=DIRECTION('ref_axis',(0.996194698091746,0.,0.0871557427476584));
#4378=DIRECTION('',(0.,-1.,0.));
#4379=DIRECTION('',(-0.996194698091746,0.,-0.0871557427476584));
#4380=DIRECTION('center_axis',(0.0871557427476584,0.,-0.996194698091746));
#4381=DIRECTION('ref_axis',(0.996194698091746,0.,0.0871557427476584));
#4382=DIRECTION('center_axis',(0.0871557427476584,0.,-0.996194698091746));
#4383=DIRECTION('ref_axis',(0.996194698091746,0.,0.0871557427476584));
#4384=DIRECTION('center_axis',(0.0871557427476584,0.,-0.996194698091746));
#4385=DIRECTION('ref_axis',(0.996194698091746,0.,0.0871557427476584));
#4386=DIRECTION('center_axis',(0.0871557427476584,0.,-0.996194698091746));
#4387=DIRECTION('ref_axis',(0.996194698091746,0.,0.0871557427476584));
#4388=DIRECTION('',(0.996194698091746,0.,0.0871557427476584));
#4389=DIRECTION('',(-0.996194698091746,0.,-0.0871557427476584));
#4390=DIRECTION('center_axis',(0.0871557427476584,0.,-0.996194698091746));
#4391=DIRECTION('ref_axis',(0.996194698091746,0.,0.0871557427476584));
#4392=DIRECTION('center_axis',(0.0871557427476584,0.,-0.996194698091746));
#4393=DIRECTION('ref_axis',(0.996194698091746,0.,0.0871557427476584));
#4394=DIRECTION('',(0.996194698091746,0.,0.0871557427476584));
#4395=DIRECTION('',(-0.996194698091746,0.,-0.0871557427476584));
#4396=DIRECTION('center_axis',(0.,-1.,0.));
#4397=DIRECTION('ref_axis',(1.,0.,-3.84878198545125E-47));
#4398=DIRECTION('',(0.,0.,-1.));
#4399=DIRECTION('',(1.,0.,0.));
#4400=DIRECTION('',(0.,0.,1.));
#4401=DIRECTION('center_axis',(-1.,0.,0.));
#4402=DIRECTION('ref_axis',(0.,-1.,0.));
#4403=DIRECTION('',(0.,0.,1.));
#4404=DIRECTION('',(0.,1.,0.));
#4405=DIRECTION('center_axis',(0.,1.,0.));
#4406=DIRECTION('ref_axis',(-1.,0.,0.));
#4407=DIRECTION('',(-1.,0.,0.));
#4408=DIRECTION('',(0.996194698091746,0.,0.0871557427476584));
#4409=DIRECTION('center_axis',(0.,-1.,0.));
#4410=DIRECTION('ref_axis',(1.,0.,0.));
#4411=DIRECTION('',(-0.996194698091746,0.,-0.0871557427476584));
#4412=DIRECTION('',(1.,0.,0.));
#4413=DIRECTION('center_axis',(0.,1.,0.));
#4414=DIRECTION('ref_axis',(-1.,0.,0.));
#4415=DIRECTION('',(-1.,0.,0.));
#4416=DIRECTION('center_axis',(0.,-1.,0.));
#4417=DIRECTION('ref_axis',(1.,0.,0.));
#4418=DIRECTION('',(1.,0.,0.));
#4419=DIRECTION('center_axis',(0.,1.,0.));
#4420=DIRECTION('ref_axis',(-1.,0.,0.));
#4421=DIRECTION('',(-1.,0.,0.));
#4422=DIRECTION('center_axis',(0.,-1.,0.));
#4423=DIRECTION('ref_axis',(-1.,0.,0.));
#4424=DIRECTION('',(1.,0.,-4.84510706258283E-34));
#4425=DIRECTION('',(0.,0.,-1.));
#4426=DIRECTION('',(1.,0.,0.));
#4427=DIRECTION('',(0.,0.,-1.));
#4428=DIRECTION('',(1.,0.,-4.84510706258283E-34));
#4429=DIRECTION('center_axis',(0.,0.,1.));
#4430=DIRECTION('ref_axis',(-0.992156741649221,-0.125000000000002,0.));
#4431=DIRECTION('',(0.,0.,1.));
#4432=DIRECTION('center_axis',(0.,0.,-1.));
#4433=DIRECTION('ref_axis',(-0.992156741649221,-0.125000000000002,0.));
#4434=DIRECTION('',(0.,0.,-1.));
#4435=DIRECTION('center_axis',(0.,1.,0.));
#4436=DIRECTION('ref_axis',(-1.,0.,0.));
#4437=DIRECTION('',(-0.996194698091746,0.,-0.0871557427476584));
#4438=DIRECTION('',(0.,0.,-1.));
#4439=DIRECTION('',(-1.,0.,0.));
#4440=DIRECTION('center_axis',(-0.996194698091746,0.,-0.0871557427476584));
#4441=DIRECTION('ref_axis',(0.0616284167162195,-0.707106781186548,-0.704416026402758));
#4442=DIRECTION('',(0.996194698091746,0.,0.0871557427476584));
#4443=DIRECTION('center_axis',(-1.,0.,0.));
#4444=DIRECTION('ref_axis',(0.,7.80343238530734E-15,-1.));
#4445=DIRECTION('center_axis',(0.0871557427476584,0.,-0.996194698091746));
#4446=DIRECTION('ref_axis',(0.996194698091746,0.,0.0871557427476584));
#4447=DIRECTION('',(-0.996194698091746,0.,-0.0871557427476584));
#4448=DIRECTION('',(0.,1.,0.));
#4449=DIRECTION('center_axis',(0.0871557427476584,0.,-0.996194698091746));
#4450=DIRECTION('ref_axis',(0.996194698091746,0.,0.0871557427476584));
#4451=DIRECTION('',(-0.996194698091746,0.,-0.0871557427476584));
#4452=DIRECTION('',(0.,1.,0.));
#4453=DIRECTION('',(0.996194698091746,0.,0.0871557427476584));
#4454=DIRECTION('center_axis',(0.,-1.,0.));
#4455=DIRECTION('ref_axis',(1.,0.,0.));
#4456=DIRECTION('',(0.,0.,1.));
#4457=DIRECTION('',(1.,0.,0.));
#4458=DIRECTION('',(0.,0.,1.));
#4459=DIRECTION('',(0.,0.,1.));
#4460=DIRECTION('center_axis',(-1.,0.,0.));
#4461=DIRECTION('ref_axis',(0.,-1.,0.));
#4462=DIRECTION('',(0.,0.,1.));
#4463=DIRECTION('',(0.,-1.,0.));
#4464=DIRECTION('center_axis',(1.,0.,-5.8564264548977E-14));
#4465=DIRECTION('ref_axis',(5.8564264548977E-14,0.,1.));
#4466=DIRECTION('',(0.,-1.,0.));
#4467=DIRECTION('center_axis',(1.,0.,0.));
#4468=DIRECTION('ref_axis',(0.,-1.,0.));
#4469=DIRECTION('',(0.,1.,0.));
#4470=DIRECTION('',(0.,0.,1.));
#4471=DIRECTION('',(0.,-1.,0.));
#4472=DIRECTION('',(0.,0.,-1.));
#4473=DIRECTION('center_axis',(0.0871557427476584,0.,-0.996194698091746));
#4474=DIRECTION('ref_axis',(0.996194698091746,0.,0.0871557427476584));
#4475=DIRECTION('center_axis',(0.,1.,0.));
#4476=DIRECTION('ref_axis',(-1.,0.,0.));
#4477=DIRECTION('',(-1.,0.,0.));
#4478=DIRECTION('center_axis',(1.,0.,0.));
#4479=DIRECTION('ref_axis',(0.,0.707106781186547,0.707106781186547));
#4480=DIRECTION('',(-1.,0.,-1.38481872606049E-17));
#4481=DIRECTION('',(1.,0.,0.));
#4482=DIRECTION('center_axis',(-1.,0.,0.));
#4483=DIRECTION('ref_axis',(0.,0.707106781186547,0.707106781186547));
#4484=DIRECTION('',(1.,0.,0.));
#4485=DIRECTION('center_axis',(1.,0.,0.));
#4486=DIRECTION('ref_axis',(0.,0.707106781186547,0.707106781186547));
#4487=DIRECTION('',(1.,0.,0.));
#4488=DIRECTION('center_axis',(-0.124100409389559,0.,0.992269665156274));
#4489=DIRECTION('ref_axis',(0.701640605621977,0.707106784588575,0.087752240605191));
#4490=DIRECTION('center_axis',(0.,0.,-1.));
#4491=DIRECTION('ref_axis',(1.,-1.83606771482265E-16,0.));
#4492=DIRECTION('',(0.124100409389559,0.,-0.992269665156274));
#4493=DIRECTION('center_axis',(-5.55111512312578E-17,0.,-1.));
#4494=DIRECTION('ref_axis',(1.,-1.83606771482265E-16,-4.86860974450794E-17));
#4495=DIRECTION('',(0.124100409389559,0.,-0.992269665156274));
#4496=DIRECTION('center_axis',(5.55111512312578E-17,0.,1.));
#4497=DIRECTION('ref_axis',(1.,-1.83606771482265E-16,-4.86860974450794E-17));
#4498=DIRECTION('center_axis',(0.,0.,1.));
#4499=DIRECTION('ref_axis',(-1.,0.,0.));
#4500=DIRECTION('',(0.,-1.,0.));
#4501=DIRECTION('',(1.,0.,0.));
#4502=DIRECTION('center_axis',(-1.,0.,0.));
#4503=DIRECTION('ref_axis',(0.,-0.707106781186547,0.707106781186547));
#4504=DIRECTION('',(1.,0.,-5.53927490496445E-17));
#4505=DIRECTION('',(-1.,0.,0.));
#4506=DIRECTION('center_axis',(0.,0.,1.));
#4507=DIRECTION('ref_axis',(-1.,0.,0.));
#4508=DIRECTION('center_axis',(0.,0.,-1.));
#4509=DIRECTION('ref_axis',(1.,4.86557944428002E-15,0.));
#4510=DIRECTION('',(0.,-1.,0.));
#4511=DIRECTION('',(-1.,0.,0.));
#4512=DIRECTION('',(0.,-1.,0.));
#4513=DIRECTION('',(-1.,0.,0.));
#4514=DIRECTION('',(0.,1.,0.));
#4515=DIRECTION('',(-1.,0.,0.));
#4516=DIRECTION('',(9.84059573274078E-9,-1.,0.));
#4517=DIRECTION('center_axis',(0.124100409389559,0.,-0.992269665156274));
#4518=DIRECTION('ref_axis',(0.701640612373435,-0.70710677778452,0.087752241449577));
#4519=DIRECTION('center_axis',(5.55111512312578E-17,0.,1.));
#4520=DIRECTION('ref_axis',(1.,4.86557944428002E-15,-4.86860974450794E-17));
#4521=DIRECTION('',(-0.124100409389559,0.,0.992269665156274));
#4522=DIRECTION('center_axis',(-0.993623149820909,-9.77784372808009E-9,
0.112752100379439));
#4523=DIRECTION('ref_axis',(0.112752100379439,0.,0.993623149820909));
#4524=DIRECTION('',(-0.112752100379439,0.,-0.993623149820909));
#4525=DIRECTION('',(-9.84059573274078E-9,1.,5.46262797925844E-25));
#4526=DIRECTION('',(-9.84059573274078E-9,1.,5.46262797925844E-25));
#4527=DIRECTION('center_axis',(0.,0.,1.));
#4528=DIRECTION('ref_axis',(-1.,0.,0.));
#4529=DIRECTION('',(1.,0.,0.));
#4530=DIRECTION('',(0.,1.,0.));
#4531=DIRECTION('center_axis',(0.,1.,0.));
#4532=DIRECTION('ref_axis',(-1.,0.,0.));
#4533=DIRECTION('',(1.,0.,-5.55111512312578E-17));
#4534=DIRECTION('',(0.,0.,1.));
#4535=DIRECTION('center_axis',(5.55111512312578E-17,0.,1.));
#4536=DIRECTION('ref_axis',(1.,0.,-5.55111512312578E-17));
#4537=DIRECTION('',(-1.,0.,5.55111512312578E-17));
#4538=DIRECTION('',(0.,-1.,0.));
#4539=DIRECTION('',(-1.,0.,5.55111512312578E-17));
#4540=DIRECTION('',(0.,1.,0.));
#4541=DIRECTION('',(1.,0.,-5.55111512312578E-17));
#4542=DIRECTION('',(0.,-1.,0.));
#4543=DIRECTION('',(-1.,0.,5.55111512312578E-17));
#4544=DIRECTION('',(9.69735063290212E-9,-1.,-5.38311097525564E-25));
#4545=DIRECTION('',(1.,0.,-5.55111512312578E-17));
#4546=DIRECTION('',(0.,-1.,0.));
#4547=DIRECTION('',(-1.,0.,5.55111512312578E-17));
#4548=DIRECTION('',(0.,1.,0.));
#4549=DIRECTION('',(1.,0.,0.));
#4550=DIRECTION('',(0.,-1.,0.));
#4551=DIRECTION('',(1.,0.,-5.55111512312578E-17));
#4552=DIRECTION('',(1.,3.59074061125886E-19,-5.57675155224911E-17));
#4553=DIRECTION('',(0.,-1.,0.));
#4554=DIRECTION('',(-1.,-3.59074061125886E-19,5.57675155224911E-17));
#4555=DIRECTION('',(-1.,0.,0.));
#4556=DIRECTION('',(-1.,-3.59074061125886E-19,5.57675155224911E-17));
#4557=DIRECTION('',(0.,-1.,0.));
#4558=DIRECTION('',(1.,3.59074061125886E-19,-5.57675155224911E-17));
#4559=DIRECTION('',(1.,0.,-5.55111512312578E-17));
#4560=DIRECTION('',(0.,-1.,0.));
#4561=DIRECTION('center_axis',(-5.55111512312578E-17,0.,-1.));
#4562=DIRECTION('ref_axis',(-1.,0.,0.));
#4563=DIRECTION('center_axis',(0.,1.,0.));
#4564=DIRECTION('ref_axis',(-1.,0.,0.));
#4565=DIRECTION('',(0.,0.,-1.));
#4566=DIRECTION('center_axis',(1.,0.,0.));
#4567=DIRECTION('ref_axis',(0.,1.,0.));
#4568=DIRECTION('',(1.,0.,0.));
#4569=DIRECTION('center_axis',(1.,0.,0.));
#4570=DIRECTION('ref_axis',(0.,1.,0.));
#4571=DIRECTION('center_axis',(1.,0.,0.));
#4572=DIRECTION('ref_axis',(0.,1.,0.));
#4573=DIRECTION('center_axis',(1.,0.,0.));
#4574=DIRECTION('ref_axis',(0.,1.,0.));
#4575=DIRECTION('center_axis',(1.,0.,0.));
#4576=DIRECTION('ref_axis',(0.,1.,0.));
#4577=DIRECTION('center_axis',(1.,0.,0.));
#4578=DIRECTION('ref_axis',(0.,1.,0.));
#4579=DIRECTION('center_axis',(1.,0.,0.));
#4580=DIRECTION('ref_axis',(0.,1.,0.));
#4581=DIRECTION('center_axis',(1.,0.,-5.55111512312578E-17));
#4582=DIRECTION('ref_axis',(0.,1.,0.));
#4583=DIRECTION('',(1.,0.,0.));
#4584=DIRECTION('',(1.,0.,0.));
#4585=DIRECTION('center_axis',(1.,0.,-5.55111512312578E-17));
#4586=DIRECTION('ref_axis',(0.,1.,0.));
#4587=DIRECTION('center_axis',(-1.,0.,0.));
#4588=DIRECTION('ref_axis',(0.,1.,0.));
#4589=DIRECTION('',(-1.,0.,0.));
#4590=DIRECTION('center_axis',(1.,0.,0.));
#4591=DIRECTION('ref_axis',(0.,1.,0.));
#4592=DIRECTION('center_axis',(1.,0.,0.));
#4593=DIRECTION('ref_axis',(0.,-1.,0.));
#4594=DIRECTION('',(0.,0.,-1.));
#4595=DIRECTION('',(0.,-1.,0.));
#4596=DIRECTION('center_axis',(0.,1.,0.));
#4597=DIRECTION('ref_axis',(1.,0.,0.));
#4598=DIRECTION('',(0.,0.,-1.));
#4599=DIRECTION('',(-1.,0.,0.));
#4600=DIRECTION('',(5.55111512312578E-17,0.,1.));
#4601=DIRECTION('',(0.996194698091746,0.,0.0871557427476584));
#4602=DIRECTION('',(5.55111512312578E-17,0.,1.));
#4603=DIRECTION('',(-1.,0.,0.));
#4604=DIRECTION('center_axis',(1.,0.,-5.55111512312578E-17));
#4605=DIRECTION('ref_axis',(-5.55111512312578E-17,0.,-1.));
#4606=DIRECTION('',(5.55111512312578E-17,0.,1.));
#4607=DIRECTION('',(0.,-1.,0.));
#4608=DIRECTION('',(0.,1.,0.));
#4609=DIRECTION('',(-5.55111512312578E-17,0.,-1.));
#4610=DIRECTION('',(5.55111512312578E-17,0.,1.));
#4611=DIRECTION('center_axis',(0.,1.,0.));
#4612=DIRECTION('ref_axis',(5.55111512312578E-17,0.,1.));
#4613=DIRECTION('',(-1.,0.,0.));
#4614=DIRECTION('center_axis',(0.,0.,1.));
#4615=DIRECTION('ref_axis',(1.,0.,0.));
#4616=DIRECTION('center_axis',(-1.,-3.59074061125886E-19,5.57675155224911E-17));
#4617=DIRECTION('ref_axis',(-3.59074061125886E-19,1.,1.9932614510381E-35));
#4618=DIRECTION('center_axis',(-1.,0.,5.55111512312578E-17));
#4619=DIRECTION('ref_axis',(-3.59074061125886E-19,1.,1.9932614510381E-35));
#4620=DIRECTION('center_axis',(1.,0.,0.));
#4621=DIRECTION('ref_axis',(0.,1.,0.));
#4622=DIRECTION('',(0.,0.,1.));
#4623=DIRECTION('',(0.,1.,0.));
#4624=DIRECTION('center_axis',(1.,0.,-5.55111512312578E-17));
#4625=DIRECTION('ref_axis',(-5.55111512312578E-17,0.,-1.));
#4626=DIRECTION('',(5.55111512312578E-17,0.,1.));
#4627=DIRECTION('',(-5.55111512312578E-17,0.,-1.));
#4628=DIRECTION('',(0.,1.,0.));
#4629=DIRECTION('',(0.,-1.,0.));
#4630=DIRECTION('',(5.55111512312578E-17,0.,1.));
#4631=DIRECTION('center_axis',(-1.,0.,0.));
#4632=DIRECTION('ref_axis',(0.,-1.,0.));
#4633=DIRECTION('',(0.,-1.,0.));
#4634=DIRECTION('',(0.,0.,1.));
#4635=DIRECTION('center_axis',(0.,0.,1.));
#4636=DIRECTION('ref_axis',(1.,0.,0.));
#4637=DIRECTION('',(-1.,0.,0.));
#4638=DIRECTION('',(0.,1.,0.));
#4639=DIRECTION('center_axis',(0.,0.,1.));
#4640=DIRECTION('ref_axis',(1.,0.,0.));
#4641=DIRECTION('center_axis',(-1.,0.,0.));
#4642=DIRECTION('ref_axis',(0.,1.,0.));
#4643=DIRECTION('center_axis',(0.,1.,0.));
#4644=DIRECTION('ref_axis',(5.55111512312578E-17,0.,1.));
#4645=DIRECTION('center_axis',(0.0871557427476584,0.,-0.996194698091746));
#4646=DIRECTION('ref_axis',(0.996194698091746,0.,0.0871557427476584));
#4647=DIRECTION('',(-0.996194698091746,0.,-0.0871557427476584));
#4648=DIRECTION('center_axis',(-1.,0.,0.));
#4649=DIRECTION('ref_axis',(0.,-1.,0.));
#4650=DIRECTION('',(0.,-1.,0.));
#4651=DIRECTION('center_axis',(0.,0.,1.));
#4652=DIRECTION('ref_axis',(1.,0.,0.));
#4653=DIRECTION('center_axis',(0.,1.,0.));
#4654=DIRECTION('ref_axis',(-1.,0.,0.));
#4655=DIRECTION('',(-5.97199050772927E-17,1.1426383168306E-19,-1.));
#4656=DIRECTION('',(-1.,0.,0.));
#4657=DIRECTION('',(0.,0.,1.));
#4658=DIRECTION('center_axis',(-1.,0.,0.));
#4659=DIRECTION('ref_axis',(0.,-1.,0.));
#4660=DIRECTION('',(0.,-1.,0.));
#4661=DIRECTION('center_axis',(0.,0.,1.));
#4662=DIRECTION('ref_axis',(1.,0.,0.));
#4663=DIRECTION('center_axis',(0.,0.,-1.));
#4664=DIRECTION('ref_axis',(-1.,0.,5.97199050772927E-17));
#4665=DIRECTION('center_axis',(0.,0.,-1.));
#4666=DIRECTION('ref_axis',(-1.,0.,5.97199050772927E-17));
#4667=DIRECTION('center_axis',(-1.,0.,0.));
#4668=DIRECTION('ref_axis',(0.,-1.,0.));
#4669=DIRECTION('',(0.,0.,1.));
#4670=DIRECTION('',(0.,-1.,0.));
#4671=DIRECTION('',(0.,0.,1.));
#4672=DIRECTION('center_axis',(0.,-1.,0.));
#4673=DIRECTION('ref_axis',(1.,0.,0.));
#4674=DIRECTION('',(1.,0.,0.));
#4675=DIRECTION('',(0.,0.,1.));
#4676=DIRECTION('',(0.,0.,1.));
#4677=DIRECTION('center_axis',(1.,6.34413156928661E-16,0.));
#4678=DIRECTION('ref_axis',(-6.34413156928661E-16,1.,0.));
#4679=DIRECTION('',(0.,-1.,0.));
#4680=DIRECTION('',(-6.34413156928661E-16,1.,0.));
#4681=DIRECTION('',(0.,0.,1.));
#4682=DIRECTION('center_axis',(0.,1.,0.));
#4683=DIRECTION('ref_axis',(-1.,0.,0.));
#4684=DIRECTION('',(-1.,0.,0.));
#4685=DIRECTION('center_axis',(0.,0.,-1.));
#4686=DIRECTION('ref_axis',(-1.,0.,0.));
#4687=DIRECTION('center_axis',(1.,0.,0.));
#4688=DIRECTION('ref_axis',(0.,-1.,0.));
#4689=DIRECTION('',(0.,-1.,0.));
#4690=DIRECTION('',(0.,0.,1.));
#4691=DIRECTION('center_axis',(1.,-6.34413156928661E-16,0.));
#4692=DIRECTION('ref_axis',(6.34413156928661E-16,1.,0.));
#4693=DIRECTION('',(0.,1.,0.));
#4694=DIRECTION('',(6.34413156928661E-16,1.,0.));
#4695=DIRECTION('',(0.,0.,1.));
#4696=DIRECTION('center_axis',(0.,1.,0.));
#4697=DIRECTION('ref_axis',(-1.,0.,0.));
#4698=DIRECTION('',(0.,0.,-1.));
#4699=DIRECTION('',(-1.,0.,0.));
#4700=DIRECTION('center_axis',(0.,0.,1.));
#4701=DIRECTION('ref_axis',(1.,0.,0.));
#4702=DIRECTION('center_axis',(-1.,0.,0.));
#4703=DIRECTION('ref_axis',(0.,1.,0.));
#4704=DIRECTION('',(0.,0.,-1.));
#4705=DIRECTION('',(0.,1.,0.));
#4706=DIRECTION('center_axis',(-1.,0.,0.));
#4707=DIRECTION('ref_axis',(0.,1.,0.));
#4708=DIRECTION('',(0.,1.,0.));
#4709=DIRECTION('',(0.,0.,1.));
#4710=DIRECTION('',(0.,-1.,0.));
#4711=DIRECTION('center_axis',(0.,1.,0.));
#4712=DIRECTION('ref_axis',(-1.,0.,0.));
#4713=DIRECTION('',(-1.,0.,0.));
#4714=DIRECTION('',(-1.,0.,0.));
#4715=DIRECTION('center_axis',(0.,0.,1.));
#4716=DIRECTION('ref_axis',(1.,0.,0.));
#4717=DIRECTION('center_axis',(0.,0.,-1.));
#4718=DIRECTION('ref_axis',(1.,0.,0.));
#4719=DIRECTION('',(-1.,0.,0.));
#4720=DIRECTION('',(0.,1.,0.));
#4721=DIRECTION('',(-1.,0.,0.));
#4722=DIRECTION('',(0.,-1.,0.));
#4723=DIRECTION('',(1.,0.,0.));
#4724=DIRECTION('',(0.,1.,0.));
#4725=DIRECTION('',(1.,0.,0.));
#4726=DIRECTION('',(-1.,0.,0.));
#4727=DIRECTION('',(0.,-1.,0.));
#4728=DIRECTION('',(-1.,0.,0.));
#4729=DIRECTION('',(0.,1.,0.));
#4730=DIRECTION('center_axis',(0.,1.,0.));
#4731=DIRECTION('ref_axis',(-1.,0.,0.));
#4732=DIRECTION('',(0.,0.,1.));
#4733=DIRECTION('',(0.,0.,1.));
#4734=DIRECTION('center_axis',(0.,1.,0.));
#4735=DIRECTION('ref_axis',(-1.,0.,0.));
#4736=DIRECTION('',(0.,0.,1.));
#4737=DIRECTION('center_axis',(0.,0.,-1.));
#4738=DIRECTION('ref_axis',(1.,0.,0.));
#4739=DIRECTION('',(0.,-1.,0.));
#4740=DIRECTION('',(-1.,0.,0.));
#4741=DIRECTION('',(0.,-1.,0.));
#4742=DIRECTION('center_axis',(1.,0.,0.));
#4743=DIRECTION('ref_axis',(0.,1.,0.));
#4744=DIRECTION('center_axis',(0.,1.,0.));
#4745=DIRECTION('ref_axis',(1.,0.,0.));
#4746=DIRECTION('',(0.,0.,1.));
#4747=DIRECTION('',(0.,0.,-1.));
#4748=DIRECTION('',(-1.,0.,0.));
#4749=DIRECTION('',(0.,0.,1.));
#4750=DIRECTION('',(1.,0.,0.));
#4751=DIRECTION('',(0.,0.,1.));
#4752=DIRECTION('',(-1.,0.,0.));
#4753=DIRECTION('',(0.,0.,-1.));
#4754=DIRECTION('',(0.,0.,1.));
#4755=DIRECTION('center_axis',(1.,0.,0.));
#4756=DIRECTION('ref_axis',(0.,1.,0.));
#4757=DIRECTION('center_axis',(-1.,0.,0.));
#4758=DIRECTION('ref_axis',(0.,-1.,0.));
#4759=DIRECTION('center_axis',(0.,-1.,0.));
#4760=DIRECTION('ref_axis',(-1.,0.,0.));
#4761=DIRECTION('',(0.,0.,-1.));
#4762=DIRECTION('',(0.,0.,-1.));
#4763=DIRECTION('center_axis',(1.,0.,0.));
#4764=DIRECTION('ref_axis',(0.,-1.,0.));
#4765=DIRECTION('',(0.,0.,-1.));
#4766=DIRECTION('center_axis',(0.,0.707106781186547,0.707106781186548));
#4767=DIRECTION('ref_axis',(1.,0.,0.));
#4768=DIRECTION('',(0.,-0.707106781186548,0.707106781186547));
#4769=DIRECTION('',(1.,0.,0.));
#4770=DIRECTION('',(0.,0.707106781186548,-0.707106781186547));
#4771=DIRECTION('',(-1.,0.,0.));
#4772=DIRECTION('center_axis',(1.,0.,0.));
#4773=DIRECTION('ref_axis',(0.,1.,0.));
#4774=DIRECTION('',(0.,0.,-1.));
#4775=DIRECTION('',(0.,1.,0.));
#4776=DIRECTION('',(0.,1.,0.));
#4777=DIRECTION('',(0.,0.,1.));
#4778=DIRECTION('',(0.,1.,0.));
#4779=DIRECTION('center_axis',(0.,-1.,0.));
#4780=DIRECTION('ref_axis',(0.,0.,-1.));
#4781=DIRECTION('',(0.,0.,1.));
#4782=DIRECTION('',(1.,0.,0.));
#4783=DIRECTION('center_axis',(0.,0.,1.));
#4784=DIRECTION('ref_axis',(1.,0.,0.));
#4785=DIRECTION('',(0.,1.,0.));
#4786=DIRECTION('center_axis',(0.,1.,0.));
#4787=DIRECTION('ref_axis',(-1.,0.,0.));
#4788=DIRECTION('',(-1.,0.,0.));
#4789=DIRECTION('',(0.,0.,1.));
#4790=DIRECTION('',(-1.,0.,0.));
#4791=DIRECTION('center_axis',(-1.,0.,0.));
#4792=DIRECTION('ref_axis',(0.,-1.,0.));
#4793=DIRECTION('',(0.,-1.,0.));
#4794=DIRECTION('',(0.,-1.,0.));
#4795=DIRECTION('center_axis',(0.,0.,-1.));
#4796=DIRECTION('ref_axis',(1.,0.,0.));
#4797=DIRECTION('center_axis',(-1.,0.,0.));
#4798=DIRECTION('ref_axis',(0.,1.,0.));
#4799=DIRECTION('',(0.,1.,0.));
#4800=DIRECTION('',(0.,0.,-1.));
#4801=DIRECTION('',(0.,0.,1.));
#4802=DIRECTION('',(0.,0.,-1.));
#4803=DIRECTION('center_axis',(0.,0.,1.));
#4804=DIRECTION('ref_axis',(-1.,0.,0.));
#4805=DIRECTION('',(0.,-1.,0.));
#4806=DIRECTION('',(1.,0.,0.));
#4807=DIRECTION('center_axis',(0.,1.,0.));
#4808=DIRECTION('ref_axis',(1.,0.,0.));
#4809=DIRECTION('',(0.,0.,-1.));
#4810=DIRECTION('center_axis',(1.,0.,0.));
#4811=DIRECTION('ref_axis',(0.,-1.,0.));
#4812=DIRECTION('',(0.,0.,-1.));
#4813=DIRECTION('center_axis',(0.,-1.,0.));
#4814=DIRECTION('ref_axis',(-1.,0.,0.));
#4815=DIRECTION('center_axis',(0.,-1.,0.));
#4816=DIRECTION('ref_axis',(1.,0.,0.));
#4817=DIRECTION('center_axis',(0.,-1.,0.));
#4818=DIRECTION('ref_axis',(1.,0.,0.));
#4819=DIRECTION('',(0.124100409389559,0.,-0.992269665156274));
#4820=DIRECTION('center_axis',(0.,0.,1.));
#4821=DIRECTION('ref_axis',(1.,0.,0.));
#4822=DIRECTION('',(-1.,0.,0.));
#4823=DIRECTION('',(0.,-1.,0.));
#4824=DIRECTION('',(-1.,0.,0.));
#4825=DIRECTION('',(0.,-1.,0.));
#4826=DIRECTION('',(1.,0.,0.));
#4827=DIRECTION('',(0.,1.,0.));
#4828=DIRECTION('',(-1.,0.,0.));
#4829=DIRECTION('',(0.,1.,0.));
#4830=DIRECTION('center_axis',(-1.,0.,0.));
#4831=DIRECTION('ref_axis',(0.,-1.,0.));
#4832=DIRECTION('',(0.,-1.,0.));
#4833=DIRECTION('',(0.,0.,1.));
#4834=DIRECTION('center_axis',(1.,0.,0.));
#4835=DIRECTION('ref_axis',(0.,1.,0.));
#4836=DIRECTION('',(0.,1.,0.));
#4837=DIRECTION('',(0.,0.,1.));
#4838=DIRECTION('center_axis',(1.,0.,0.));
#4839=DIRECTION('ref_axis',(0.,-1.,0.));
#4840=DIRECTION('',(0.,0.,-1.));
#4841=DIRECTION('',(0.,-1.,0.));
#4842=DIRECTION('',(0.,0.,1.));
#4843=DIRECTION('',(0.,0.,-1.));
#4844=DIRECTION('center_axis',(0.,0.,1.));
#4845=DIRECTION('ref_axis',(1.,0.,0.));
#4846=DIRECTION('',(-1.,0.,0.));
#4847=DIRECTION('center_axis',(0.,-1.,0.));
#4848=DIRECTION('ref_axis',(-1.,0.,0.));
#4849=DIRECTION('',(0.,0.,1.));
#4850=DIRECTION('center_axis',(-1.,0.,0.));
#4851=DIRECTION('ref_axis',(0.,1.,0.));
#4852=DIRECTION('',(0.,0.,-1.));
#4853=DIRECTION('',(0.,1.,0.));
#4854=DIRECTION('',(0.,0.,-1.));
#4855=DIRECTION('center_axis',(0.,-1.,0.));
#4856=DIRECTION('ref_axis',(1.,0.,0.));
#4857=DIRECTION('center_axis',(0.,1.,0.));
#4858=DIRECTION('ref_axis',(5.55111512312578E-17,0.,1.));
#4859=DIRECTION('center_axis',(0.,-0.707106781186547,0.707106781186548));
#4860=DIRECTION('ref_axis',(1.,0.,0.));
#4861=DIRECTION('',(0.,-0.707106781186548,-0.707106781186547));
#4862=DIRECTION('',(1.,0.,0.));
#4863=DIRECTION('',(0.,0.707106781186548,0.707106781186547));
#4864=DIRECTION('',(-1.,0.,0.));
#4865=DIRECTION('center_axis',(1.,0.,0.));
#4866=DIRECTION('ref_axis',(0.,1.,0.));
#4867=DIRECTION('',(0.,0.,1.));
#4868=DIRECTION('',(0.,-1.,0.));
#4869=DIRECTION('',(0.,0.,1.));
#4870=DIRECTION('',(0.,-1.,0.));
#4871=DIRECTION('',(0.,0.,1.));
#4872=DIRECTION('',(0.,-1.,0.));
#4873=DIRECTION('center_axis',(0.,-1.,0.));
#4874=DIRECTION('ref_axis',(0.,0.,-1.));
#4875=DIRECTION('',(0.,0.,-1.));
#4876=DIRECTION('',(1.,0.,0.));
#4877=DIRECTION('center_axis',(0.,0.,-1.));
#4878=DIRECTION('ref_axis',(1.,0.,0.));
#4879=DIRECTION('',(-1.,0.,0.));
#4880=DIRECTION('',(0.,-1.,0.));
#4881=DIRECTION('center_axis',(0.,1.,0.));
#4882=DIRECTION('ref_axis',(1.,0.,0.));
#4883=DIRECTION('',(1.,0.,0.));
#4884=DIRECTION('',(0.,0.,1.));
#4885=DIRECTION('',(1.,0.,0.));
#4886=DIRECTION('center_axis',(0.,1.,0.));
#4887=DIRECTION('ref_axis',(-1.,0.,0.));
#4888=DIRECTION('',(1.,0.,0.));
#4889=DIRECTION('',(0.,0.,1.));
#4890=DIRECTION('',(-1.,0.,0.));
#4891=DIRECTION('center_axis',(-1.,0.,0.));
#4892=DIRECTION('ref_axis',(0.,-1.,0.));
#4893=DIRECTION('',(0.,-1.,0.));
#4894=DIRECTION('',(0.,1.,0.));
#4895=DIRECTION('center_axis',(0.,0.,1.));
#4896=DIRECTION('ref_axis',(1.,0.,0.));
#4897=DIRECTION('center_axis',(0.,0.,-1.));
#4898=DIRECTION('ref_axis',(-1.,0.,0.));
#4899=DIRECTION('',(1.,0.,0.));
#4900=DIRECTION('center_axis',(0.,1.,0.));
#4901=DIRECTION('ref_axis',(1.,0.,0.));
#4902=DIRECTION('center_axis',(0.,0.,-1.));
#4903=DIRECTION('ref_axis',(-1.,0.,0.));
#4904=DIRECTION('',(0.,0.,-1.));
#4905=DIRECTION('center_axis',(0.,0.,-1.));
#4906=DIRECTION('ref_axis',(-1.,0.,0.));
#4907=DIRECTION('center_axis',(0.,0.,1.));
#4908=DIRECTION('ref_axis',(-1.,0.,0.));
#4909=DIRECTION('center_axis',(0.,0.,-1.));
#4910=DIRECTION('ref_axis',(-1.,0.,5.97199050772927E-17));
#4911=DIRECTION('center_axis',(0.,1.,0.));
#4912=DIRECTION('ref_axis',(5.55111512312578E-17,0.,1.));
#4913=DIRECTION('center_axis',(-1.,-3.59074061125886E-19,5.57675155224911E-17));
#4914=DIRECTION('ref_axis',(-3.59074061125886E-19,1.,1.9932614510381E-35));
#4915=DIRECTION('center_axis',(-1.,0.,5.55111512312578E-17));
#4916=DIRECTION('ref_axis',(-3.59074061125886E-19,1.,1.9932614510381E-35));
#4917=DIRECTION('center_axis',(1.,0.,-5.55111512312578E-17));
#4918=DIRECTION('ref_axis',(-5.55111512312578E-17,0.,-1.));
#4919=DIRECTION('center_axis',(1.,0.,-5.55111512312578E-17));
#4920=DIRECTION('ref_axis',(-5.55111512312578E-17,0.,-1.));
#4921=DIRECTION('center_axis',(5.55111512312578E-17,0.,1.));
#4922=DIRECTION('ref_axis',(1.,0.,-5.55111512312578E-17));
#4923=DIRECTION('',(-9.69735063290212E-9,1.,5.38311097525563E-25));
#4924=DIRECTION('center_axis',(-0.992269665156274,-9.62238686541277E-9,
-0.124100409389559));
#4925=DIRECTION('ref_axis',(-0.124100409389559,0.,0.992269665156274));
#4926=DIRECTION('center_axis',(5.97199050772927E-17,-1.1426383168306E-19,
1.));
#4927=DIRECTION('ref_axis',(-1.,0.,5.97199050772927E-17));
#4928=DIRECTION('',(5.97199050772927E-17,-1.1426383168306E-19,1.));
#4929=CARTESIAN_POINT('',(0.,0.,0.));
#4930=CARTESIAN_POINT('Origin',(-13.9999990671873,0.504007726907715,-8.12313756535464));
#4931=CARTESIAN_POINT('',(-15.9999990671873,0.504005700349794,-5.65707217906938));
#4932=CARTESIAN_POINT('',(-13.9999990671873,2.50400772690772,-5.65707217906938));
#4933=CARTESIAN_POINT('Origin',(-13.9999990671873,0.504007726907715,-5.65707217906938));
#4934=CARTESIAN_POINT('',(-15.9999990671873,0.504007726907711,-12.7683159830762));
#4935=CARTESIAN_POINT('',(-15.9999990671873,0.504007726907715,-8.12313756535464));
#4936=CARTESIAN_POINT('',(-13.9999990671873,2.50400772690772,-12.8181590183998));
#4937=CARTESIAN_POINT('Ctrl Pts',(-15.9999990671873,0.504007726907714,-12.7683159830762));
#4938=CARTESIAN_POINT('Ctrl Pts',(-15.9999990671873,0.755148633855902,-12.7683159830762));
#4939=CARTESIAN_POINT('Ctrl Pts',(-15.9498047945851,1.02302226012272,-12.7695753595957));
#4940=CARTESIAN_POINT('Ctrl Pts',(-15.7456892237581,1.51578062882913,-12.7746891695162));
#4941=CARTESIAN_POINT('Ctrl Pts',(-15.5917683591129,1.74066555972828,-12.7785427493674));
#4942=CARTESIAN_POINT('Ctrl Pts',(-15.4142126295604,1.91822128928081,-12.7829790709175));
#4943=CARTESIAN_POINT('Ctrl Pts',(-15.2366251199264,2.09580879891482,-12.7874161865093));
#4944=CARTESIAN_POINT('Ctrl Pts',(-15.0117193949782,2.24972786575353,-12.7930276487076));
#4945=CARTESIAN_POINT('Ctrl Pts',(-14.5189607290726,2.45382714900304,-12.8052897932894));
#4946=CARTESIAN_POINT('Ctrl Pts',(-14.2511079186748,2.50400772690772,-12.8119397053025));
#4947=CARTESIAN_POINT('Ctrl Pts',(-13.9999990671873,2.50400772690772,-12.8181590183998));
#4948=CARTESIAN_POINT('',(-13.9999990671873,2.50400772690772,-8.12313756535464));
#4949=CARTESIAN_POINT('Origin',(0.,0.504007726907716,-5.65707217906938));
#4950=CARTESIAN_POINT('',(-8.9000001102686,2.50400772690772,-5.65707217906938));
#4951=CARTESIAN_POINT('',(7.94999953359365,2.50400772690772,-5.65707217906938));
#4952=CARTESIAN_POINT('',(-8.9000001102686,-0.995992273092286,-5.65707217906938));
#4953=CARTESIAN_POINT('',(-8.9000001102686,1.25400772690772,-5.65707217906938));
#4954=CARTESIAN_POINT('',(-10.8000001102686,-0.995992273092285,-5.65707217906938));
#4955=CARTESIAN_POINT('',(-15.8999990671873,-0.995992273092285,-5.65707217906938));
#4956=CARTESIAN_POINT('',(-10.8000001102686,0.504005700349794,-5.65707217906938));
#4957=CARTESIAN_POINT('',(-10.8000001102686,-0.469687545672073,-5.65707217906938));
#4958=CARTESIAN_POINT('',(-6.69999979436398,0.504005700349794,-5.65707217906938));
#4959=CARTESIAN_POINT('Origin',(15.8999990671873,2.50400772690772,-13.6570721790694));
#4960=CARTESIAN_POINT('',(-13.5488530673462,2.50400772690772,-12.8040551831657));
#4961=CARTESIAN_POINT('Origin',(-13.9001890984842,2.50400772690772,-8.78826597141363));
#4962=CARTESIAN_POINT('',(13.9999990671873,2.50400772690772,-10.393842928242));
#4963=CARTESIAN_POINT('',(-8.76503069945467,2.50400772690772,-12.3855249576534));
#4964=CARTESIAN_POINT('',(13.9999990671873,2.50400772690772,-5.65707217906938));
#4965=CARTESIAN_POINT('',(13.9999990671873,2.50400772690772,-8.12313756535464));
#4966=CARTESIAN_POINT('',(8.90000011026859,2.50400772690772,-5.65707217906938));
#4967=CARTESIAN_POINT('',(7.94999953359365,2.50400772690772,-5.65707217906938));
#4968=CARTESIAN_POINT('',(8.90000011026859,2.50400772690772,-2.50007217906938));
#4969=CARTESIAN_POINT('',(8.90000011026859,2.50400772690772,-10.9070721790694));
#4970=CARTESIAN_POINT('',(8.60000011026859,2.50400772690772,-2.50007217906938));
#4971=CARTESIAN_POINT('',(7.94999953359365,2.50400772690772,-2.50007217906938));
#4972=CARTESIAN_POINT('',(8.60000011026859,2.50400772690772,-8.15707217906938));
#4973=CARTESIAN_POINT('',(8.60000011026859,2.50400772690772,-10.9070721790694));
#4974=CARTESIAN_POINT('',(-8.6000001102686,2.50400772690772,-8.15707217906938));
#4975=CARTESIAN_POINT('',(7.94999953359365,2.50400772690772,-8.15707217906938));
#4976=CARTESIAN_POINT('',(-8.6000001102686,2.50400772690772,-2.50007217906938));
#4977=CARTESIAN_POINT('',(-8.6000001102686,2.50400772690772,-10.9070721790694));
#4978=CARTESIAN_POINT('',(-8.9000001102686,2.50400772690772,-2.50007217906938));
#4979=CARTESIAN_POINT('',(7.94999953359365,2.50400772690772,-2.50007217906938));
#4980=CARTESIAN_POINT('',(-8.9000001102686,2.50400772690772,-10.9070721790694));
#4981=CARTESIAN_POINT('Origin',(13.9999990671873,0.504007726907715,-8.12313756535464));
#4982=CARTESIAN_POINT('',(14.2523347198334,2.48802554900602,-10.3796865348684));
#4983=CARTESIAN_POINT('',(15.9999990671873,0.504007726907711,-10.3361517090132));
#4984=CARTESIAN_POINT('Ctrl Pts',(14.2523347198334,2.48802554900602,-10.3796865348684));
#4985=CARTESIAN_POINT('Ctrl Pts',(14.4253646023316,2.46601888765391,-10.375399628051));
#4986=CARTESIAN_POINT('Ctrl Pts',(14.6001338473742,2.4202053724164,-10.3710624738222));
#4987=CARTESIAN_POINT('Ctrl Pts',(15.0117188665834,2.24972822538205,-10.3608328894612));
#4988=CARTESIAN_POINT('Ctrl Pts',(15.2366249112787,2.09580900756249,-10.3552283295247));
#4989=CARTESIAN_POINT('Ctrl Pts',(15.4142126295604,1.91822128928081,-10.3507966806183));
#4990=CARTESIAN_POINT('Ctrl Pts',(15.5917683987074,1.7406655201338,-10.3463658289931));
#4991=CARTESIAN_POINT('Ctrl Pts',(15.7456892613567,1.51578056299986,-10.3425170111513));
#4992=CARTESIAN_POINT('Ctrl Pts',(15.9498048118297,1.02302219355409,-10.3374095254702));
#4993=CARTESIAN_POINT('Ctrl Pts',(15.9999990671873,0.75514859327737,-10.3361517090132));
#4994=CARTESIAN_POINT('Ctrl Pts',(15.9999990671873,0.504007726907716,-10.3361517090132));
#4995=CARTESIAN_POINT('',(15.9999990671873,0.504005700349794,-5.65707217906938));
#4996=CARTESIAN_POINT('',(15.9999990671873,0.504007726907715,-8.12313756535464));
#4997=CARTESIAN_POINT('Origin',(13.9999990671873,0.504007726907715,-5.65707217906938));
#4998=CARTESIAN_POINT('Ctrl Pts',(13.9999990671873,2.50400772690772,-10.393842928242));
#4999=CARTESIAN_POINT('Ctrl Pts',(14.0827978460042,2.50400772690772,-10.3865989737418));
#5000=CARTESIAN_POINT('Ctrl Pts',(14.1673813282459,2.4988302752902,-10.3817913000586));
#5001=CARTESIAN_POINT('Ctrl Pts',(14.2523347198334,2.48802554900602,-10.3796865348684));
#5002=CARTESIAN_POINT('Origin',(0.,0.504007726907716,-5.65707217906938));
#5003=CARTESIAN_POINT('',(10.8000001102686,0.504005700349794,-5.65707217906938));
#5004=CARTESIAN_POINT('',(-6.69999979436398,0.504005700349794,-5.65707217906938));
#5005=CARTESIAN_POINT('',(10.8000001102686,-0.995992273092285,-5.65707217906938));
#5006=CARTESIAN_POINT('',(10.8000001102686,-0.469687545672073,-5.65707217906938));
#5007=CARTESIAN_POINT('',(8.90000011026859,-0.995992273092285,-5.65707217906938));
#5008=CARTESIAN_POINT('',(-15.8999990671873,-0.995992273092285,-5.65707217906938));
#5009=CARTESIAN_POINT('',(8.90000011026859,-0.245992273092284,-5.65707217906938));
#5010=CARTESIAN_POINT('Origin',(15.9999990671873,-1.44338281825186,-2.58920295163989));
#5011=CARTESIAN_POINT('',(15.9999990671873,-4.24599227309228,-10.3361517090132));
#5012=CARTESIAN_POINT('',(15.9999990671873,-20.2091998199467,-10.3361517090132));
#5013=CARTESIAN_POINT('',(15.9999990671873,-4.24599227309228,-5.65707217906938));
#5014=CARTESIAN_POINT('',(15.9999990671873,-4.24599227309228,-1.29460147581995));
#5015=CARTESIAN_POINT('',(15.9999990671873,-3.495991230011,-5.65707217906938));
#5016=CARTESIAN_POINT('',(15.9999990671873,-2.40718754567207,-5.65707217906938));
#5017=CARTESIAN_POINT('',(15.9999990671873,-3.495991230011,-3.75560173417645));
#5018=CARTESIAN_POINT('',(15.9999990671873,-3.495991230011,-3.54654365219176));
#5019=CARTESIAN_POINT('',(15.9999990671873,-5.74599078693429,-5.1221515379899));
#5020=CARTESIAN_POINT('Origin',(15.9999990671873,-13.1590255067212,9.61884287362406));
#5021=CARTESIAN_POINT('',(15.9999990671873,-5.74599078693429,-10.3361517090132));
#5022=CARTESIAN_POINT('',(15.9999990671873,-5.74599078693429,-8.12313756535464));
#5023=CARTESIAN_POINT('',(15.9999990671873,-7.49599078693429,-10.3361517090132));
#5024=CARTESIAN_POINT('',(15.9999990671873,-20.2091998199467,-10.3361517090132));
#5025=CARTESIAN_POINT('',(15.9999990671873,-7.49599078693429,-5.87890011567887));
#5026=CARTESIAN_POINT('',(15.9999990671873,-7.49599078693429,-8.12313756535464));
#5027=CARTESIAN_POINT('',(15.9999990671873,-9.24599078693429,-6.41044779320653));
#5028=CARTESIAN_POINT('Origin',(15.9999990671873,-13.1590255067212,9.61884287362406));
#5029=CARTESIAN_POINT('',(15.9999990671873,-9.24599078693429,-10.3361517090132));
#5030=CARTESIAN_POINT('',(15.9999990671873,-9.24599078693429,-8.12313756535464));
#5031=CARTESIAN_POINT('',(15.9999990671873,-10.9959907869343,-10.3361517090132));
#5032=CARTESIAN_POINT('',(15.9999990671873,-20.2091998199467,-10.3361517090132));
#5033=CARTESIAN_POINT('',(15.9999990671873,-10.9959907869343,-6.73876333269465));
#5034=CARTESIAN_POINT('',(15.9999990671873,-10.9959907869343,-8.12313756535464));
#5035=CARTESIAN_POINT('',(15.9999990671873,-12.7459907869343,-6.87598668961334));
#5036=CARTESIAN_POINT('Origin',(15.9999990671873,-13.1590255067212,9.61884287362406));
#5037=CARTESIAN_POINT('',(15.9999990671873,-12.7459907869343,-10.3361517090132));
#5038=CARTESIAN_POINT('',(15.9999990671873,-12.7459907869343,-8.12313756535464));
#5039=CARTESIAN_POINT('',(15.9999990671873,-14.4959907869343,-10.3361517090132));
#5040=CARTESIAN_POINT('',(15.9999990671873,-20.2091998199467,-10.3361517090132));
#5041=CARTESIAN_POINT('',(15.9999990671873,-14.4959907869343,-6.82690198148982));
#5042=CARTESIAN_POINT('',(15.9999990671873,-14.4959907869343,-8.12313756535464));
#5043=CARTESIAN_POINT('',(15.9999990671873,-16.2459907869343,-6.58981670571065));
#5044=CARTESIAN_POINT('Origin',(15.9999990671873,-13.1590255067212,9.61884287362406));
#5045=CARTESIAN_POINT('',(15.9999990671873,-16.2459907869343,-10.3361517090132));
#5046=CARTESIAN_POINT('',(15.9999990671873,-16.2459907869343,-8.12313756535464));
#5047=CARTESIAN_POINT('',(15.9999990671873,-17.9959907869343,-10.3361517090132));
#5048=CARTESIAN_POINT('',(15.9999990671873,-20.2091998199467,-10.3361517090132));
#5049=CARTESIAN_POINT('',(15.9999990671873,-17.9959907869343,-6.15625671015078));
#5050=CARTESIAN_POINT('',(15.9999990671873,-17.9959907869343,-8.12313756535464));
#5051=CARTESIAN_POINT('',(15.9999990671873,-19.7459907869343,-5.50933905274327));
#5052=CARTESIAN_POINT('Origin',(15.9999990671873,-13.1590255067212,9.61884287362406));
#5053=CARTESIAN_POINT('',(15.9999990671873,-19.7459907869343,-10.3361517090132));
#5054=CARTESIAN_POINT('',(15.9999990671873,-19.7459907869343,-8.12313756535464));
#5055=CARTESIAN_POINT('',(15.9999990671873,-21.4959907869343,-10.3361517090132));
#5056=CARTESIAN_POINT('',(15.9999990671873,-20.2091998199467,-10.3361517090132));
#5057=CARTESIAN_POINT('',(15.9999990671873,-21.4959907869343,-4.62001276566526));
#5058=CARTESIAN_POINT('',(15.9999990671873,-21.4959907869343,-8.12313756535464));
#5059=CARTESIAN_POINT('',(15.9999990671873,-23.2459907869343,-3.4388418918991));
#5060=CARTESIAN_POINT('Origin',(15.9999990671873,-13.1590255067212,9.61884287362406));
#5061=CARTESIAN_POINT('',(15.9999990671873,-23.2459907869343,-10.3361517090132));
#5062=CARTESIAN_POINT('',(15.9999990671873,-23.2459907869343,-8.12313756535464));
#5063=CARTESIAN_POINT('',(15.9999990671873,-24.9959907869343,-10.3361517090132));
#5064=CARTESIAN_POINT('',(15.9999990671873,-20.2091998199467,-10.3361517090132));
#5065=CARTESIAN_POINT('',(15.9999990671873,-24.9959907869343,-2.50007217906938));
#5066=CARTESIAN_POINT('',(15.9999990671873,-24.9959907869343,-8.12313756535464));
#5067=CARTESIAN_POINT('',(15.9999990671873,-24.3564313645795,-2.50007217906938));
#5068=CARTESIAN_POINT('',(15.9999990671873,-12.7821868025931,-2.50007217906938));
#5069=CARTESIAN_POINT('',(15.9999990671873,-26.5652875425212,0.));
#5070=CARTESIAN_POINT('Origin',(15.9999990671873,-13.1590255067212,9.61884287362406));
#5071=CARTESIAN_POINT('',(15.9999990671873,-26.4417173935988,-3.556943637419E-15));
#5072=CARTESIAN_POINT('',(15.9999990671873,-7.48129193671049,-1.94289029309402E-15));
#5073=CARTESIAN_POINT('',(15.9999990671873,0.123666380156398,-2.44672061279385E-15));
#5074=CARTESIAN_POINT('Origin',(15.9999990671873,-13.1590255067212,9.61884287362406));
#5075=CARTESIAN_POINT('',(15.9999990671873,0.504005700349794,-1.60510489392026E-15));
#5076=CARTESIAN_POINT('',(15.9999990671873,-7.48129193671049,-1.94289029309402E-15));
#5077=CARTESIAN_POINT('',(15.9999990671873,0.504005700349794,-2.66960146836937));
#5078=CARTESIAN_POINT('Origin',(13.9003110318718,-20.2091998199467,-6.35603736965651));
#5079=CARTESIAN_POINT('',(14.2925118742362,-9.24599078693429,-10.8389135110694));
#5080=CARTESIAN_POINT('Origin',(13.9003110318718,-9.24599078693429,-6.35603736965651));
#5081=CARTESIAN_POINT('',(14.2925118742362,-7.49599078693428,-10.8389135110694));
#5082=CARTESIAN_POINT('',(14.2925118742362,-20.2091998199467,-10.8389135110694));
#5083=CARTESIAN_POINT('Origin',(13.9003110318718,-7.49599078693429,-6.35603736965651));
#5084=CARTESIAN_POINT('',(14.2925118742362,-5.74599078693429,-10.8389135110694));
#5085=CARTESIAN_POINT('Origin',(13.9003110318718,-5.74599078693429,-6.35603736965651));
#5086=CARTESIAN_POINT('',(14.2925118742362,-4.24599227309228,-10.8389135110694));
#5087=CARTESIAN_POINT('',(14.2925118742362,-20.2091998199467,-10.8389135110694));
#5088=CARTESIAN_POINT('Origin',(13.9003110318718,-4.24599227309228,-6.35603736965651));
#5089=CARTESIAN_POINT('',(18.4003110318718,0.504007726907711,-6.35603736965677));
#5090=CARTESIAN_POINT('Origin',(13.9003110318718,0.504007726907711,-6.35603736965651));
#5091=CARTESIAN_POINT('',(18.4003110318718,-40.4959928134922,-6.35603736965677));
#5092=CARTESIAN_POINT('',(18.4003110318718,-20.2091998199467,-6.35603736965677));
#5093=CARTESIAN_POINT('',(14.2925118742362,-40.4959928134922,-10.8389135110694));
#5094=CARTESIAN_POINT('Origin',(13.9003110318718,-40.4959928134922,-6.35603736965651));
#5095=CARTESIAN_POINT('',(14.2925118742362,-38.9959928134922,-10.8389135110694));
#5096=CARTESIAN_POINT('',(14.2925118742362,-20.2091998199467,-10.8389135110694));
#5097=CARTESIAN_POINT('',(15.8999990671873,-38.9959928134922,-10.387321006591));
#5098=CARTESIAN_POINT('Origin',(13.9003110318718,-38.9959928134922,-6.35603736965651));
#5099=CARTESIAN_POINT('',(15.8999990671873,-37.2459928134922,-10.387321006591));
#5100=CARTESIAN_POINT('',(15.8999990671873,-20.2091998199467,-10.387321006591));
#5101=CARTESIAN_POINT('',(14.2925118742362,-37.2459928134922,-10.8389135110694));
#5102=CARTESIAN_POINT('Origin',(13.9003110318718,-37.2459928134922,-6.35603736965651));
#5103=CARTESIAN_POINT('',(14.2925118742362,-35.4959928134922,-10.8389135110694));
#5104=CARTESIAN_POINT('',(14.2925118742362,-20.2091998199467,-10.8389135110694));
#5105=CARTESIAN_POINT('',(15.8999990671873,-35.4959928134922,-10.387321006591));
#5106=CARTESIAN_POINT('Origin',(13.9003110318718,-35.4959928134922,-6.35603736965651));
#5107=CARTESIAN_POINT('',(15.8999990671873,-33.7459907869343,-10.387321006591));
#5108=CARTESIAN_POINT('',(15.8999990671873,-20.2091998199467,-10.387321006591));
#5109=CARTESIAN_POINT('',(14.2925118742362,-33.7459907869343,-10.8389135110694));
#5110=CARTESIAN_POINT('Origin',(13.9003110318718,-33.7459907869343,-6.35603736965651));
#5111=CARTESIAN_POINT('',(14.2925118742362,-31.9959907869343,-10.8389135110694));
#5112=CARTESIAN_POINT('',(14.2925118742362,-20.2091998199467,-10.8389135110694));
#5113=CARTESIAN_POINT('',(15.8999990671873,-31.9959907869343,-10.387321006591));
#5114=CARTESIAN_POINT('Origin',(13.9003110318718,-31.9959907869343,-6.35603736965651));
#5115=CARTESIAN_POINT('',(15.8999990671873,-30.2459907869343,-10.387321006591));
#5116=CARTESIAN_POINT('',(15.8999990671873,-20.2091998199467,-10.387321006591));
#5117=CARTESIAN_POINT('',(14.2925118742362,-30.2459907869343,-10.8389135110694));
#5118=CARTESIAN_POINT('Origin',(13.9003110318718,-30.2459907869343,-6.35603736965651));
#5119=CARTESIAN_POINT('',(14.2925118742362,-28.4959907869343,-10.8389135110694));
#5120=CARTESIAN_POINT('',(14.2925118742362,-20.2091998199467,-10.8389135110694));
#5121=CARTESIAN_POINT('',(15.8999990671873,-28.4959907869343,-10.387321006591));
#5122=CARTESIAN_POINT('Origin',(13.9003110318718,-28.4959907869343,-6.35603736965651));
#5123=CARTESIAN_POINT('',(15.8999990671873,-26.7459907869343,-10.387321006591));
#5124=CARTESIAN_POINT('',(15.8999990671873,-20.2091998199467,-10.387321006591));
#5125=CARTESIAN_POINT('',(14.2925118742362,-26.7459907869343,-10.8389135110694));
#5126=CARTESIAN_POINT('Origin',(13.9003110318718,-26.7459907869343,-6.35603736965651));
#5127=CARTESIAN_POINT('',(14.2925118742362,-24.9959907869343,-10.8389135110694));
#5128=CARTESIAN_POINT('',(14.2925118742362,-20.2091998199467,-10.8389135110694));
#5129=CARTESIAN_POINT('Origin',(13.9003110318718,-24.9959907869343,-6.35603736965651));
#5130=CARTESIAN_POINT('',(14.2925118742362,-23.2459907869343,-10.8389135110694));
#5131=CARTESIAN_POINT('Origin',(13.9003110318718,-23.2459907869343,-6.35603736965651));
#5132=CARTESIAN_POINT('',(14.2925118742362,-21.4959907869343,-10.8389135110694));
#5133=CARTESIAN_POINT('',(14.2925118742362,-20.2091998199467,-10.8389135110694));
#5134=CARTESIAN_POINT('Origin',(13.9003110318718,-21.4959907869343,-6.35603736965651));
#5135=CARTESIAN_POINT('',(14.2925118742362,-19.7459907869343,-10.8389135110694));
#5136=CARTESIAN_POINT('Origin',(13.9003110318718,-19.7459907869343,-6.35603736965651));
#5137=CARTESIAN_POINT('',(14.2925118742362,-17.9959907869343,-10.8389135110694));
#5138=CARTESIAN_POINT('',(14.2925118742362,-20.2091998199467,-10.8389135110694));
#5139=CARTESIAN_POINT('Origin',(13.9003110318718,-17.9959907869343,-6.35603736965651));
#5140=CARTESIAN_POINT('',(14.2925118742362,-16.2459907869343,-10.8389135110694));
#5141=CARTESIAN_POINT('Origin',(13.9003110318718,-16.2459907869343,-6.35603736965651));
#5142=CARTESIAN_POINT('',(14.2925118742362,-14.4959907869343,-10.8389135110694));
#5143=CARTESIAN_POINT('',(14.2925118742362,-20.2091998199467,-10.8389135110694));
#5144=CARTESIAN_POINT('Origin',(13.9003110318718,-14.4959907869343,-6.35603736965651));
#5145=CARTESIAN_POINT('',(14.2925118742362,-12.7459907869343,-10.8389135110694));
#5146=CARTESIAN_POINT('Origin',(13.9003110318718,-12.7459907869343,-6.35603736965651));
#5147=CARTESIAN_POINT('',(14.2925118742362,-10.9959907869343,-10.8389135110694));
#5148=CARTESIAN_POINT('',(14.2925118742362,-20.2091998199467,-10.8389135110694));
#5149=CARTESIAN_POINT('Origin',(13.9003110318718,-10.9959907869343,-6.35603736965651));
#5150=CARTESIAN_POINT('Origin',(-13.9001890984842,-20.2091998199467,-8.78826597141363));
#5151=CARTESIAN_POINT('',(-15.9999990671873,-17.9959907869343,-12.7683159830762));
#5152=CARTESIAN_POINT('',(-13.5079882561197,-17.9959907869343,-13.2711421128265));
#5153=CARTESIAN_POINT('Origin',(-13.9001890984842,-17.9959907869343,-8.78826597141363));
#5154=CARTESIAN_POINT('',(-13.5079882561197,-19.7459907869343,-13.2711421128265));
#5155=CARTESIAN_POINT('',(-13.5079882561197,-20.2091998199467,-13.2711421128265));
#5156=CARTESIAN_POINT('',(-15.9999990671873,-19.7459907869343,-12.7683159830762));
#5157=CARTESIAN_POINT('Origin',(-13.9001890984842,-19.7459907869343,-8.78826597141363));
#5158=CARTESIAN_POINT('',(-15.9999990671873,-21.4959907869343,-12.7683159830762));
#5159=CARTESIAN_POINT('',(-15.9999990671873,-20.2091998199467,-12.7683159830762));
#5160=CARTESIAN_POINT('',(-13.5079882561197,-21.4959907869343,-13.2711421128265));
#5161=CARTESIAN_POINT('Origin',(-13.9001890984842,-21.4959907869343,-8.78826597141363));
#5162=CARTESIAN_POINT('',(-13.5079882561197,-23.2459907869343,-13.2711421128265));
#5163=CARTESIAN_POINT('',(-13.5079882561197,-20.2091998199467,-13.2711421128265));
#5164=CARTESIAN_POINT('',(-15.9999990671873,-23.2459907869343,-12.7683159830762));
#5165=CARTESIAN_POINT('Origin',(-13.9001890984842,-23.2459907869343,-8.78826597141363));
#5166=CARTESIAN_POINT('',(-15.9999990671873,-24.9959907869343,-12.7683159830762));
#5167=CARTESIAN_POINT('',(-15.9999990671873,-20.2091998199467,-12.7683159830762));
#5168=CARTESIAN_POINT('',(-13.5079882561197,-24.9959907869343,-13.2711421128265));
#5169=CARTESIAN_POINT('Origin',(-13.9001890984842,-24.9959907869343,-8.78826597141363));
#5170=CARTESIAN_POINT('',(-13.5079882561197,-26.7459907869343,-13.2711421128265));
#5171=CARTESIAN_POINT('',(-13.5079882561197,-20.2091998199467,-13.2711421128265));
#5172=CARTESIAN_POINT('',(-15.8999990671873,-26.7459907869343,-12.8194891219072));
#5173=CARTESIAN_POINT('Origin',(-13.9001890984842,-26.7459907869343,-8.78826597141363));
#5174=CARTESIAN_POINT('',(-15.8999990671873,-28.4959907869343,-12.8194891219072));
#5175=CARTESIAN_POINT('',(-15.8999990671873,-20.2091998199467,-12.8194891219072));
#5176=CARTESIAN_POINT('',(-13.5079882561197,-28.4959907869343,-13.2711421128265));
#5177=CARTESIAN_POINT('Origin',(-13.9001890984842,-28.4959907869343,-8.78826597141363));
#5178=CARTESIAN_POINT('',(-13.5079882561197,-30.2459907869343,-13.2711421128265));
#5179=CARTESIAN_POINT('',(-13.5079882561197,-20.2091998199467,-13.2711421128265));
#5180=CARTESIAN_POINT('',(-15.8999990671873,-30.2459907869343,-12.8194891219072));
#5181=CARTESIAN_POINT('Origin',(-13.9001890984842,-30.2459907869343,-8.78826597141363));
#5182=CARTESIAN_POINT('',(-15.8999990671873,-31.9959907869343,-12.8194891219072));
#5183=CARTESIAN_POINT('',(-15.8999990671873,-20.2091998199467,-12.8194891219072));
#5184=CARTESIAN_POINT('',(-13.5079882561197,-31.9959907869343,-13.2711421128265));
#5185=CARTESIAN_POINT('Origin',(-13.9001890984842,-31.9959907869343,-8.78826597141363));
#5186=CARTESIAN_POINT('',(-13.5079882561197,-33.7459907869343,-13.2711421128265));
#5187=CARTESIAN_POINT('',(-13.5079882561197,-20.2091998199467,-13.2711421128265));
#5188=CARTESIAN_POINT('',(-15.8999990671873,-33.7459907869343,-12.8194891219072));
#5189=CARTESIAN_POINT('Origin',(-13.9001890984842,-33.7459907869343,-8.78826597141363));
#5190=CARTESIAN_POINT('',(-15.8999990671873,-35.4959928134922,-12.8194891219072));
#5191=CARTESIAN_POINT('',(-15.8999990671873,-20.2091998199467,-12.8194891219072));
#5192=CARTESIAN_POINT('',(-13.5079882561197,-35.4959928134922,-13.2711421128265));
#5193=CARTESIAN_POINT('Origin',(-13.9001890984842,-35.4959928134922,-8.78826597141363));
#5194=CARTESIAN_POINT('',(-13.5079882561197,-37.2459928134922,-13.2711421128265));
#5195=CARTESIAN_POINT('',(-13.5079882561197,-20.2091998199467,-13.2711421128265));
#5196=CARTESIAN_POINT('',(-15.8999990671873,-37.2459928134922,-12.8194891219072));
#5197=CARTESIAN_POINT('Origin',(-13.9001890984842,-37.2459928134922,-8.78826597141363));
#5198=CARTESIAN_POINT('',(-15.8999990671873,-38.9959928134922,-12.8194891219072));
#5199=CARTESIAN_POINT('',(-15.8999990671873,-20.2091998199467,-12.8194891219072));
#5200=CARTESIAN_POINT('',(-13.5079882561197,-38.9959928134922,-13.2711421128265));
#5201=CARTESIAN_POINT('Origin',(-13.9001890984842,-38.9959928134922,-8.78826597141363));
#5202=CARTESIAN_POINT('',(-13.5079882561197,-40.4959928134922,-13.2711421128265));
#5203=CARTESIAN_POINT('',(-13.5079882561197,-20.2091998199467,-13.2711421128265));
#5204=CARTESIAN_POINT('',(-18.4001890984842,-40.4959928134922,-8.78826597141363));
#5205=CARTESIAN_POINT('Origin',(-13.9001890984842,-40.4959928134922,-8.78826597141363));
#5206=CARTESIAN_POINT('',(-18.4001890984842,0.504007726907711,-8.78826597141363));
#5207=CARTESIAN_POINT('',(-18.4001890984842,-20.2091998199467,-8.78826597141363));
#5208=CARTESIAN_POINT('Origin',(-13.9001890984842,0.504007726907711,-8.78826597141363));
#5209=CARTESIAN_POINT('',(-15.9999990671873,-4.24599227309228,-12.7683159830762));
#5210=CARTESIAN_POINT('',(-15.9999990671873,-20.2091998199467,-12.7683159830762));
#5211=CARTESIAN_POINT('',(-13.5079882561197,-4.24599227309228,-13.2711421128265));
#5212=CARTESIAN_POINT('Origin',(-13.9001890984842,-4.24599227309228,-8.78826597141363));
#5213=CARTESIAN_POINT('',(-13.5079882561197,-5.74599078693429,-13.2711421128265));
#5214=CARTESIAN_POINT('',(-13.5079882561197,-20.2091998199467,-13.2711421128265));
#5215=CARTESIAN_POINT('',(-15.9999990671873,-5.74599078693429,-12.7683159830762));
#5216=CARTESIAN_POINT('Origin',(-13.9001890984842,-5.74599078693429,-8.78826597141363));
#5217=CARTESIAN_POINT('',(-15.9999990671873,-7.49599078693429,-12.7683159830762));
#5218=CARTESIAN_POINT('',(-15.9999990671873,-20.2091998199467,-12.7683159830762));
#5219=CARTESIAN_POINT('',(-13.5079882561197,-7.49599078693428,-13.2711421128265));
#5220=CARTESIAN_POINT('Origin',(-13.9001890984842,-7.49599078693429,-8.78826597141363));
#5221=CARTESIAN_POINT('',(-13.5079882561197,-9.24599078693429,-13.2711421128265));
#5222=CARTESIAN_POINT('',(-13.5079882561197,-20.2091998199467,-13.2711421128265));
#5223=CARTESIAN_POINT('',(-15.9999990671873,-9.24599078693429,-12.7683159830762));
#5224=CARTESIAN_POINT('Origin',(-13.9001890984842,-9.24599078693429,-8.78826597141363));
#5225=CARTESIAN_POINT('',(-15.9999990671873,-10.9959907869343,-12.7683159830762));
#5226=CARTESIAN_POINT('',(-15.9999990671873,-20.2091998199467,-12.7683159830762));
#5227=CARTESIAN_POINT('',(-13.5079882561197,-10.9959907869343,-13.2711421128265));
#5228=CARTESIAN_POINT('Origin',(-13.9001890984842,-10.9959907869343,-8.78826597141363));
#5229=CARTESIAN_POINT('',(-13.5079882561197,-12.7459907869343,-13.2711421128265));
#5230=CARTESIAN_POINT('',(-13.5079882561197,-20.2091998199467,-13.2711421128265));
#5231=CARTESIAN_POINT('',(-15.9999990671873,-12.7459907869343,-12.7683159830762));
#5232=CARTESIAN_POINT('Origin',(-13.9001890984842,-12.7459907869343,-8.78826597141363));
#5233=CARTESIAN_POINT('',(-15.9999990671873,-14.4959907869343,-12.7683159830762));
#5234=CARTESIAN_POINT('',(-15.9999990671873,-20.2091998199467,-12.7683159830762));
#5235=CARTESIAN_POINT('',(-13.5079882561197,-14.4959907869343,-13.2711421128265));
#5236=CARTESIAN_POINT('Origin',(-13.9001890984842,-14.4959907869343,-8.78826597141363));
#5237=CARTESIAN_POINT('',(-13.5079882561197,-16.2459907869343,-13.2711421128265));
#5238=CARTESIAN_POINT('',(-13.5079882561197,-20.2091998199467,-13.2711421128265));
#5239=CARTESIAN_POINT('',(-15.9999990671873,-16.2459907869343,-12.7683159830762));
#5240=CARTESIAN_POINT('Origin',(-13.9001890984842,-16.2459907869343,-8.78826597141363));
#5241=CARTESIAN_POINT('',(-15.9999990671873,-20.2091998199467,-12.7683159830762));
#5242=CARTESIAN_POINT('Origin',(-9.11636673059268,0.504007726907713,-8.36973574590138));
#5243=CARTESIAN_POINT('',(-13.9001890984842,5.00400772690771,-8.78826597141363));
#5244=CARTESIAN_POINT('Origin',(-13.9001890984842,0.504007726907713,-8.78826597141363));
#5245=CARTESIAN_POINT('',(13.9003110318718,5.00400772690771,-6.35603736965651));
#5246=CARTESIAN_POINT('',(-9.11636673059268,5.00400772690771,-8.36973574590138));
#5247=CARTESIAN_POINT('Origin',(13.9003110318718,0.504007726907713,-6.35603736965651));
#5248=CARTESIAN_POINT('Origin',(-15.9999990671873,-1.44338281825186,-2.58920295163989));
#5249=CARTESIAN_POINT('',(-15.9999990671873,0.504005700349794,2.13717967891826E-17));
#5250=CARTESIAN_POINT('',(-15.9999990671873,0.504005700349794,-2.66960146836936));
#5251=CARTESIAN_POINT('',(-15.9999990671873,0.123666380156399,-2.78837575950454E-17));
#5252=CARTESIAN_POINT('',(-15.9999990671873,-7.48129193671049,0.));
#5253=CARTESIAN_POINT('',(-15.9999990671873,-26.4417173935988,-1.69321829453278E-15));
#5254=CARTESIAN_POINT('Origin',(-15.9999990671873,-13.1590255067212,9.61884287362406));
#5255=CARTESIAN_POINT('',(-15.9999990671873,-26.5652875425212,0.));
#5256=CARTESIAN_POINT('',(-15.9999990671873,-7.48129193671049,0.));
#5257=CARTESIAN_POINT('',(-15.9999990671873,-24.3564313645795,-2.50007217906938));
#5258=CARTESIAN_POINT('Origin',(-15.9999990671873,-13.1590255067212,9.61884287362406));
#5259=CARTESIAN_POINT('',(-15.9999990671873,-24.9959907869343,-2.50007217906938));
#5260=CARTESIAN_POINT('',(-15.9999990671873,-12.7821868025931,-2.50007217906938));
#5261=CARTESIAN_POINT('',(-15.9999990671873,-24.9959907869343,-8.12313756535464));
#5262=CARTESIAN_POINT('',(-15.9999990671873,-23.2459907869343,-3.4388418918991));
#5263=CARTESIAN_POINT('',(-15.9999990671873,-23.2459907869343,-8.12313756535464));
#5264=CARTESIAN_POINT('',(-15.9999990671873,-21.4959907869343,-4.62001276566526));
#5265=CARTESIAN_POINT('Origin',(-15.9999990671873,-13.1590255067212,9.61884287362406));
#5266=CARTESIAN_POINT('',(-15.9999990671873,-21.4959907869343,-8.12313756535464));
#5267=CARTESIAN_POINT('',(-15.9999990671873,-19.7459907869343,-5.50933905274327));
#5268=CARTESIAN_POINT('',(-15.9999990671873,-19.7459907869343,-8.12313756535464));
#5269=CARTESIAN_POINT('',(-15.9999990671873,-17.9959907869343,-6.15625671015078));
#5270=CARTESIAN_POINT('Origin',(-15.9999990671873,-13.1590255067212,9.61884287362406));
#5271=CARTESIAN_POINT('',(-15.9999990671873,-17.9959907869343,-8.12313756535464));
#5272=CARTESIAN_POINT('',(-15.9999990671873,-16.2459907869343,-6.58981670571065));
#5273=CARTESIAN_POINT('',(-15.9999990671873,-16.2459907869343,-8.12313756535464));
#5274=CARTESIAN_POINT('',(-15.9999990671873,-14.4959907869343,-6.82690198148982));
#5275=CARTESIAN_POINT('Origin',(-15.9999990671873,-13.1590255067212,9.61884287362406));
#5276=CARTESIAN_POINT('',(-15.9999990671873,-14.4959907869343,-8.12313756535464));
#5277=CARTESIAN_POINT('',(-15.9999990671873,-12.7459907869343,-6.87598668961335));
#5278=CARTESIAN_POINT('',(-15.9999990671873,-12.7459907869343,-8.12313756535464));
#5279=CARTESIAN_POINT('',(-15.9999990671873,-10.9959907869343,-6.73876333269465));
#5280=CARTESIAN_POINT('Origin',(-15.9999990671873,-13.1590255067212,9.61884287362406));
#5281=CARTESIAN_POINT('',(-15.9999990671873,-10.9959907869343,-8.12313756535464));
#5282=CARTESIAN_POINT('',(-15.9999990671873,-9.24599078693429,-6.41044779320653));
#5283=CARTESIAN_POINT('',(-15.9999990671873,-9.24599078693429,-8.12313756535464));
#5284=CARTESIAN_POINT('',(-15.9999990671873,-7.49599078693429,-5.87890011567887));
#5285=CARTESIAN_POINT('Origin',(-15.9999990671873,-13.1590255067212,9.61884287362406));
#5286=CARTESIAN_POINT('',(-15.9999990671873,-7.49599078693429,-8.12313756535464));
#5287=CARTESIAN_POINT('',(-15.9999990671873,-5.74599078693429,-5.1221515379899));
#5288=CARTESIAN_POINT('',(-15.9999990671873,-5.74599078693429,-8.12313756535464));
#5289=CARTESIAN_POINT('',(-15.9999990671873,-3.495991230011,-3.75560173417645));
#5290=CARTESIAN_POINT('Origin',(-15.9999990671873,-13.1590255067212,9.61884287362406));
#5291=CARTESIAN_POINT('',(-15.9999990671873,-3.495991230011,-5.65707217906938));
#5292=CARTESIAN_POINT('',(-15.9999990671873,-3.495991230011,-3.54654365219176));
#5293=CARTESIAN_POINT('',(-15.9999990671873,-4.24599227309228,-5.65707217906938));
#5294=CARTESIAN_POINT('',(-15.9999990671873,-2.40718754567207,-5.65707217906938));
#5295=CARTESIAN_POINT('',(-15.9999990671873,-4.24599227309228,-1.29460147581994));
#5296=CARTESIAN_POINT('Origin',(-13.9001890984842,0.504007726907712,-8.78826597141363));
#5297=CARTESIAN_POINT('Origin',(-13.9001890984842,0.504007726907713,-8.78826597141363));
#5298=CARTESIAN_POINT('Origin',(13.9003110318718,0.504007726907712,-6.35603736965651));
#5299=CARTESIAN_POINT('Origin',(13.9003110318718,0.504007726907712,-6.35603736965651));
#5300=CARTESIAN_POINT('Origin',(13.9003110318716,0.504007726907713,-9.28926804476762));
#5301=CARTESIAN_POINT('',(13.900311031872,5.00400772690771,-2.5));
#5302=CARTESIAN_POINT('',(13.9003110318716,5.00400772690771,-9.28926804476762));
#5303=CARTESIAN_POINT('',(18.400311031872,0.504007726907711,-2.5));
#5304=CARTESIAN_POINT('Origin',(13.900311031872,0.504007726907713,-2.5000000000008));
#5305=CARTESIAN_POINT('',(18.4003110318716,0.504007726907713,-9.28926804476789));
#5306=CARTESIAN_POINT('Origin',(0.123560966693904,5.00400772690771,-8.07853608953469));
#5307=CARTESIAN_POINT('',(-13.9001890984842,5.00400772690771,-2.5));
#5308=CARTESIAN_POINT('',(-13.9001890984842,5.00400772690771,-5.28926804476735));
#5309=CARTESIAN_POINT('',(0.175769249437875,5.00400772690771,-2.5));
#5310=CARTESIAN_POINT('Origin',(13.9003110318716,-40.4959928134922,-9.28926804476762));
#5311=CARTESIAN_POINT('',(18.400311031872,-40.4959928134922,-2.5));
#5312=CARTESIAN_POINT('',(13.900311031872,-44.9959928134922,-2.5));
#5313=CARTESIAN_POINT('Origin',(13.900311031872,-40.4959928134922,-2.5000000000008));
#5314=CARTESIAN_POINT('',(13.9003110318718,-44.9959928134922,-6.35603736965651));
#5315=CARTESIAN_POINT('',(13.9003110318716,-44.9959928134922,-9.28926804476762));
#5316=CARTESIAN_POINT('Origin',(13.9003110318718,-40.4959928134922,-6.35603736965651));
#5317=CARTESIAN_POINT('',(18.4003110318716,-40.4959928134922,-9.28926804476789));
#5318=CARTESIAN_POINT('Origin',(13.9003110318718,-40.4959928134922,-6.35603736965651));
#5319=CARTESIAN_POINT('',(15.8999990671873,-40.7459928134922,-10.37956166577));
#5320=CARTESIAN_POINT('',(14.2919061582881,-40.7459928134922,-10.8319901461017));
#5321=CARTESIAN_POINT('Origin',(13.9003110318718,-40.7459928134922,-6.35603736965651));
#5322=CARTESIAN_POINT('Origin',(13.9003110318718,-40.4959928134922,-6.35603736965651));
#5323=CARTESIAN_POINT('',(14.2528740132236,-42.4673639006321,-10.3858506880336));
#5324=CARTESIAN_POINT('Origin',(13.9003110318718,-40.4959928134922,-6.35603736965651));
#5325=CARTESIAN_POINT('Ctrl Pts',(14.2528740132199,-42.4673639006103,-10.3858506880446));
#5326=CARTESIAN_POINT('Ctrl Pts',(14.3171243359994,-42.4563743585786,-10.3856055600816));
#5327=CARTESIAN_POINT('Ctrl Pts',(14.3810347599816,-42.4422001935284,-10.3853617060273));
#5328=CARTESIAN_POINT('Ctrl Pts',(14.7012844444793,-42.354474010203,-10.3841396695159));
#5329=CARTESIAN_POINT('Ctrl Pts',(14.9436565663189,-42.2298727398838,-10.3832144219162));
#5330=CARTESIAN_POINT('Ctrl Pts',(15.3404070822188,-41.9219071200891,-10.3816994626978));
#5331=CARTESIAN_POINT('Ctrl Pts',(15.5212312589535,-41.7180159634435,-10.3810087708052));
#5332=CARTESIAN_POINT('Ctrl Pts',(15.7853319731627,-41.2546362472847,-10.3799998362934));
#5333=CARTESIAN_POINT('Ctrl Pts',(15.868608504079,-40.9951476839887,-10.3796816143052));
#5334=CARTESIAN_POINT('Ctrl Pts',(15.8999990671873,-40.7459928134922,-10.37956166577));
#5335=CARTESIAN_POINT('Origin',(8.6000001102686,-40.7459928134922,-13.6570721790694));
#5336=CARTESIAN_POINT('',(15.8999990671873,-40.7459928134922,-2.50007217906938));
#5337=CARTESIAN_POINT('',(15.8999990671873,-40.7459928134922,-13.6570721790694));
#5338=CARTESIAN_POINT('',(8.6000001102686,-40.7459928134922,-2.50007217906938));
#5339=CARTESIAN_POINT('',(8.6000001102686,-40.7459928134922,-2.50007217906938));
#5340=CARTESIAN_POINT('',(8.60000011026859,-40.7459928134922,-11.329967399158));
#5341=CARTESIAN_POINT('',(8.60000011026859,-40.7459928134922,-10.9070721790694));
#5342=CARTESIAN_POINT('',(-8.72477160417635,-40.7459928134922,-12.8456885223465));
#5343=CARTESIAN_POINT('Origin',(13.9156855838889,-40.4959928134922,-13.6570721790694));
#5344=CARTESIAN_POINT('',(13.9156855838889,-42.4959928134922,-10.401219402213));
#5345=CARTESIAN_POINT('Ctrl Pts',(13.9156855838889,-42.4959928134922,-10.4012194022131));
#5346=CARTESIAN_POINT('Ctrl Pts',(14.0260169540421,-42.4959928134922,-10.3915666580934));
#5347=CARTESIAN_POINT('Ctrl Pts',(14.1395394714675,-42.4867489349005,-10.3862830822239));
#5348=CARTESIAN_POINT('Ctrl Pts',(14.2528740132199,-42.4673639006103,-10.3858506880446));
#5349=CARTESIAN_POINT('',(13.9156855838889,-42.4959928134922,-2.50007217906938));
#5350=CARTESIAN_POINT('',(13.9156855838889,-42.4959928134922,-13.6570721790694));
#5351=CARTESIAN_POINT('Origin',(13.9156855838889,-40.4959928134922,-2.50007217906938));
#5352=CARTESIAN_POINT('Origin',(-9.11636673059268,-40.4959928134922,-8.36973574590138));
#5353=CARTESIAN_POINT('',(-13.9001890984842,-44.9959928134922,-8.78826597141363));
#5354=CARTESIAN_POINT('',(-9.11636673059268,-44.9959928134922,-8.36973574590138));
#5355=CARTESIAN_POINT('',(-13.5488530673462,-42.4959928134922,-12.8040551831657));
#5356=CARTESIAN_POINT('Origin',(-13.9001890984842,-40.4959928134922,-8.78826597141363));
#5357=CARTESIAN_POINT('',(-8.76503069945467,-42.4959928134922,-12.3855249576534));
#5358=CARTESIAN_POINT('Origin',(0.123560966693904,-44.9959928134922,-8.07853608953469));
#5359=CARTESIAN_POINT('',(-13.9001890984842,-44.9959928134922,-2.5));
#5360=CARTESIAN_POINT('',(0.175769249437875,-44.9959928134922,-2.5));
#5361=CARTESIAN_POINT('',(-13.9001890984842,-44.9959928134922,-5.28926804476735));
#5362=CARTESIAN_POINT('Origin',(-13.9001890984842,-40.4959928134922,-8.78826597141363));
#5363=CARTESIAN_POINT('',(-13.5085939720679,-40.7459928134922,-13.2642187478588));
#5364=CARTESIAN_POINT('Origin',(-13.9001890984842,-40.4959928134922,-8.78826597141363));
#5365=CARTESIAN_POINT('',(-15.8999990671873,-40.7459928134922,-12.8117296644368));
#5366=CARTESIAN_POINT('Origin',(-13.9001890984842,-40.7459928134922,-8.78826597141363));
#5367=CARTESIAN_POINT('',(-13.9156855838889,-42.4959928134922,-12.8193650596202));
#5368=CARTESIAN_POINT('Ctrl Pts',(-15.8999990671873,-40.7459928134922,-12.8117296644368));
#5369=CARTESIAN_POINT('Ctrl Pts',(-15.8686085039988,-40.9951476846254,-12.8118505660881));
#5370=CARTESIAN_POINT('Ctrl Pts',(-15.7853319731023,-41.2546362449666,-12.812171316743));
#5371=CARTESIAN_POINT('Ctrl Pts',(-15.5212312678314,-41.7180159502908,-12.813188266358));
#5372=CARTESIAN_POINT('Ctrl Pts',(-15.3404071001655,-41.9219070991432,-12.813884444331));
#5373=CARTESIAN_POINT('Ctrl Pts',(-14.943656593493,-42.2298727258061,-12.8154114327019));
#5374=CARTESIAN_POINT('Ctrl Pts',(-14.7012844642248,-42.354474002782,-12.816344025188));
#5375=CARTESIAN_POINT('Ctrl Pts',(-14.2708361515323,-42.4723869641296,-12.8179996007089));
#5376=CARTESIAN_POINT('Ctrl Pts',(-14.0908636620275,-42.4959928134922,-12.8186916342165));
#5377=CARTESIAN_POINT('Ctrl Pts',(-13.9156855838889,-42.4959928134922,-12.8193650596202));
#5378=CARTESIAN_POINT('Origin',(-13.9001890984842,-42.4959928134922,-8.78826597141363));
#5379=CARTESIAN_POINT('Origin',(-13.9001890984842,-40.4959928134922,-8.78826597141363));
#5380=CARTESIAN_POINT('Origin',(-13.9001890984842,-40.4959928134922,-5.28926804476735));
#5381=CARTESIAN_POINT('',(-18.4001890984842,-40.4959928134922,-2.5));
#5382=CARTESIAN_POINT('Origin',(-13.9001890984842,-40.4959928134922,-2.5));
#5383=CARTESIAN_POINT('',(-18.4001890984842,-40.4959928134922,-5.28926804476735));
#5384=CARTESIAN_POINT('Origin',(-18.4001890984842,-20.2091998199467,-2.5));
#5385=CARTESIAN_POINT('',(-18.4001890984842,0.504007726907711,-2.5));
#5386=CARTESIAN_POINT('',(-18.4001890984842,-23.2530952779134,-2.5));
#5387=CARTESIAN_POINT('',(-18.4001890984842,0.504007726907713,-5.28926804476735));
#5388=CARTESIAN_POINT('Origin',(-12.9646201336347,-40.9959928134922,5.57276014167636));
#5389=CARTESIAN_POINT('',(-19.9191890394406,-40.9959928721593,-2.5));
#5390=CARTESIAN_POINT('',(-13.8806823872139,-46.9959928134922,-2.5));
#5391=CARTESIAN_POINT('Origin',(-13.8806823872139,-40.9959928134922,-2.5));
#5392=CARTESIAN_POINT('',(-19.2673516512776,-41.9959928134922,2.5));
#5393=CARTESIAN_POINT('Ctrl Pts',(-19.2673516512776,-41.9959928134922,2.5));
#5394=CARTESIAN_POINT('Ctrl Pts',(-19.1629449140519,-42.6097325570023,2.5));
#5395=CARTESIAN_POINT('Ctrl Pts',(-18.9640676399498,-43.2384881276534,2.38037507517648));
#5396=CARTESIAN_POINT('Ctrl Pts',(-18.4164803002283,-44.3605828078274,1.94641084373632));
#5397=CARTESIAN_POINT('Ctrl Pts',(-18.068571867379,-44.8549668619584,1.63376456385474));
#5398=CARTESIAN_POINT('Ctrl Pts',(-17.1897640014664,-45.8185889387549,0.810445890328859));
#5399=CARTESIAN_POINT('Ctrl Pts',(-16.5585558651268,-46.2725862580002,0.190448975937528));
#5400=CARTESIAN_POINT('Ctrl Pts',(-15.2274927579564,-46.8614113136156,-1.13784270290535));
#5401=CARTESIAN_POINT('Ctrl Pts',(-14.5274401668922,-46.9959928134922,-1.84604856995297));
#5402=CARTESIAN_POINT('Ctrl Pts',(-13.8806823872139,-46.9959928134922,-2.5));
#5403=CARTESIAN_POINT('',(-19.3518104492791,-40.9959928721593,2.5));
#5404=CARTESIAN_POINT('Origin',(-13.3133037970524,-40.9959928134922,2.5));
#5405=CARTESIAN_POINT('',(-18.9263590325602,-40.9959928721593,6.24927274395299));
#5406=CARTESIAN_POINT('Origin',(-13.9001890984842,0.504007726907713,-5.28926804476735));
#5407=CARTESIAN_POINT('Origin',(-13.9001890984842,0.504007726907713,-2.5));
#5408=CARTESIAN_POINT('Origin',(-12.9646205439519,1.00400772690771,5.57276016800652));
#5409=CARTESIAN_POINT('',(-13.880682800519,7.00400772690772,-2.5));
#5410=CARTESIAN_POINT('',(-19.9191894527456,1.00400766824065,-2.5));
#5411=CARTESIAN_POINT('Origin',(-13.880682800519,1.00400772690771,-2.5));
#5412=CARTESIAN_POINT('',(-19.6355001576649,1.00400766824065,3.88578059532996E-15));
#5413=CARTESIAN_POINT('',(-18.9263594428774,1.00400766824065,6.24927277028315));
#5414=CARTESIAN_POINT('',(-19.6052317632885,1.60400772690772,2.92916675903663E-16));
#5415=CARTESIAN_POINT('Origin',(-13.5969935054382,1.00400772690771,0.));
#5416=CARTESIAN_POINT('',(-19.3215424682078,1.60400772690772,2.5));
#5417=CARTESIAN_POINT('',(-18.8964758516926,1.60400772690772,6.24588170831608));
#5418=CARTESIAN_POINT('',(-19.2673520645826,2.00400772690772,2.5));
#5419=CARTESIAN_POINT('Origin',(-13.3133042103575,1.00400772690771,2.5));
#5420=CARTESIAN_POINT('Ctrl Pts',(-13.880682800519,7.00400772690772,-2.5));
#5421=CARTESIAN_POINT('Ctrl Pts',(-14.5121758084369,7.00400772690772,-1.86148312618969));
#5422=CARTESIAN_POINT('Ctrl Pts',(-15.1962290639528,6.87563861330667,-1.16948219757354));
#5423=CARTESIAN_POINT('Ctrl Pts',(-16.5004599500884,6.31341386658028,0.132884665896202));
#5424=CARTESIAN_POINT('Ctrl Pts',(-17.1208091421397,5.87959277895768,0.743093696271635));
#5425=CARTESIAN_POINT('Ctrl Pts',(-18.0109672994843,4.93974033042538,1.58144867352984));
#5426=CARTESIAN_POINT('Ctrl Pts',(-18.3762160027078,4.43663199297984,1.9120024294893));
#5427=CARTESIAN_POINT('Ctrl Pts',(-18.9508043620833,3.28685751645132,2.3721374090766));
#5428=CARTESIAN_POINT('Ctrl Pts',(-19.159314603263,2.63909015129599,2.5));
#5429=CARTESIAN_POINT('Ctrl Pts',(-19.2673520645826,2.00400772690772,2.5));
#5430=CARTESIAN_POINT('Origin',(-15.8999990671873,-14.4959907869343,-13.6570721790694));
#5431=CARTESIAN_POINT('',(-16.9172630912534,-14.4959907869343,-13.5694150117449));
#5432=CARTESIAN_POINT('',(-15.8999990671873,-14.4959907869343,-6.82690198148982));
#5433=CARTESIAN_POINT('Origin',(15.8999990671873,-16.2459907869343,-13.6570721790694));
#5434=CARTESIAN_POINT('',(-15.8999990671873,-16.2459907869343,-6.58981670571065));
#5435=CARTESIAN_POINT('',(-1.13804238053332,-16.2459907869343,-12.1889120802834));
#5436=CARTESIAN_POINT('Origin',(-15.8999990671873,-17.9959907869343,-13.6570721790694));
#5437=CARTESIAN_POINT('',(-16.9172630912534,-17.9959907869343,-13.5694150117449));
#5438=CARTESIAN_POINT('',(-15.8999990671873,-17.9959907869343,-6.15625671015078));
#5439=CARTESIAN_POINT('Origin',(15.8999990671873,-19.7459907869343,-13.6570721790694));
#5440=CARTESIAN_POINT('',(-15.8999990671873,-19.7459907869343,-5.50933905274327));
#5441=CARTESIAN_POINT('',(-1.13804238053332,-19.7459907869343,-12.1889120802834));
#5442=CARTESIAN_POINT('Origin',(-15.8999990671873,-21.4959907869343,-13.6570721790694));
#5443=CARTESIAN_POINT('',(-16.9172630912534,-21.4959907869343,-13.5694150117449));
#5444=CARTESIAN_POINT('',(-15.8999990671873,-21.4959907869343,-4.62001276566526));
#5445=CARTESIAN_POINT('Origin',(15.8999990671873,-23.2459907869343,-13.6570721790694));
#5446=CARTESIAN_POINT('',(-15.8999990671873,-23.2459907869343,-3.4388418918991));
#5447=CARTESIAN_POINT('',(-1.13804238053332,-23.2459907869343,-12.1889120802834));
#5448=CARTESIAN_POINT('Origin',(-15.8999990671873,-24.9959907869343,-13.6570721790694));
#5449=CARTESIAN_POINT('',(-16.9172630912534,-24.9959907869343,-13.5694150117449));
#5450=CARTESIAN_POINT('',(-15.8999990671873,-24.9959907869343,-2.50007217906938));
#5451=CARTESIAN_POINT('Origin',(15.8999990671873,-26.7459907869343,-13.6570721790694));
#5452=CARTESIAN_POINT('',(15.8999990671873,-26.7459907869343,-2.50007217906938));
#5453=CARTESIAN_POINT('',(15.8999990671873,-26.7459907869343,-13.6570721790694));
#5454=CARTESIAN_POINT('',(-15.8999990671873,-26.7459907869343,-2.50007217906938));
#5455=CARTESIAN_POINT('',(15.8999990671873,-26.7459907869343,-2.50007217906938));
#5456=CARTESIAN_POINT('',(-15.8999990671873,-26.7459907869343,-13.6570721790694));
#5457=CARTESIAN_POINT('',(-1.13804238053332,-26.7459907869343,-12.1889120802834));
#5458=CARTESIAN_POINT('Origin',(15.8999990671873,-28.4959907869343,-13.6570721790694));
#5459=CARTESIAN_POINT('',(15.8999990671873,-28.4959907869343,-2.50007217906938));
#5460=CARTESIAN_POINT('',(15.8999990671873,-28.4959907869343,-13.6570721790694));
#5461=CARTESIAN_POINT('',(15.8999990671873,-28.4959907869343,-2.50007217906938));
#5462=CARTESIAN_POINT('Origin',(-15.8999990671873,-28.4959907869343,-13.6570721790694));
#5463=CARTESIAN_POINT('',(-16.9172630912534,-28.4959907869343,-13.5694150117449));
#5464=CARTESIAN_POINT('',(-15.8999990671873,-28.4959907869343,-2.50007217906938));
#5465=CARTESIAN_POINT('',(-15.8999990671873,-28.4959907869343,-13.6570721790694));
#5466=CARTESIAN_POINT('',(-15.8999990671873,-28.4959907869343,-2.50007217906938));
#5467=CARTESIAN_POINT('Origin',(-9.11636673059268,-40.4959928134922,-8.36973574590138));
#5468=CARTESIAN_POINT('',(8.60000011026859,-40.4959928134922,-11.3369437574045));
#5469=CARTESIAN_POINT('Origin',(8.60000011026859,-40.4959928134922,-6.81975448845943));
#5470=CARTESIAN_POINT('',(-8.72416588822822,-40.4959928134922,-12.8526118873142));
#5471=CARTESIAN_POINT('Origin',(15.8999990671873,-30.2459907869343,-13.6570721790694));
#5472=CARTESIAN_POINT('',(15.8999990671873,-30.2459907869343,-2.50007217906938));
#5473=CARTESIAN_POINT('',(15.8999990671873,-30.2459907869343,-13.6570721790694));
#5474=CARTESIAN_POINT('',(0.686228868691128,-30.2459907869343,-2.50007217906938));
#5475=CARTESIAN_POINT('',(15.8999990671873,-30.2459907869343,-2.50007217906938));
#5476=CARTESIAN_POINT('',(0.686228868691128,-30.2459907869343,-12.02930902678));
#5477=CARTESIAN_POINT('',(0.686228868691128,-30.2459907869343,1.50000024586916));
#5478=CARTESIAN_POINT('',(-1.13804238053332,-30.2459907869343,-12.1889120802834));
#5479=CARTESIAN_POINT('Origin',(15.8999990671873,-31.9959907869343,-13.6570721790694));
#5480=CARTESIAN_POINT('',(15.8999990671873,-31.9959907869343,-2.50007217906938));
#5481=CARTESIAN_POINT('',(15.8999990671873,-31.9959907869343,-13.6570721790694));
#5482=CARTESIAN_POINT('',(15.8999990671873,-31.9959907869343,-2.50007217906938));
#5483=CARTESIAN_POINT('Origin',(-15.8999990671873,-31.9959907869343,-13.6570721790694));
#5484=CARTESIAN_POINT('',(-16.9172630912534,-31.9959907869343,-13.5694150117449));
#5485=CARTESIAN_POINT('',(-15.8999990671873,-31.9959907869343,-2.50007217906938));
#5486=CARTESIAN_POINT('',(-15.8999990671873,-31.9959907869343,-13.6570721790694));
#5487=CARTESIAN_POINT('',(-15.8999990671873,-31.9959907869343,-2.50007217906938));
#5488=CARTESIAN_POINT('Origin',(-17.9191890984842,-20.2091998199467,-13.6570721790694));
#5489=CARTESIAN_POINT('',(-3.61905155421962,-33.7459907869343,-12.4059722570848));
#5490=CARTESIAN_POINT('Origin',(-17.9191890984842,-20.2091998199467,-13.6570721790694));
#5491=CARTESIAN_POINT('',(8.60000011026859,-37.2459928134922,-11.3369437574045));
#5492=CARTESIAN_POINT('',(-4.76031601220164,-37.2459928134922,-12.5058199592433));
#5493=CARTESIAN_POINT('',(8.60000011026859,-35.4959928134922,-11.3369437574045));
#5494=CARTESIAN_POINT('',(8.60000011026859,-27.6025963167194,-11.3369437574045));
#5495=CARTESIAN_POINT('',(-4.3726891864337,-35.4959928134922,-12.47190700631));
#5496=CARTESIAN_POINT('Origin',(-17.9191890984842,-20.2091998199467,-13.6570721790694));
#5497=CARTESIAN_POINT('',(-0.686227259013809,-30.2459907869343,-12.1493833791409));
#5498=CARTESIAN_POINT('Origin',(8.04838659350678E-7,-30.6571975404084,-12.0893462029604));
#5499=CARTESIAN_POINT('',(-1.13804238053332,-30.2459907869343,-12.1889120802834));
#5500=CARTESIAN_POINT('Origin',(-17.9191890984842,-20.2091998199467,-13.6570721790694));
#5501=CARTESIAN_POINT('',(8.60000011026859,-38.9959928134922,-11.3369437574045));
#5502=CARTESIAN_POINT('',(8.60000011026859,-27.6025963167194,-11.3369437574045));
#5503=CARTESIAN_POINT('',(-1.13804238053332,-38.9959928134922,-12.1889120802834));
#5504=CARTESIAN_POINT('Origin',(-17.9191890984842,-20.2091998199467,-13.6570721790694));
#5505=CARTESIAN_POINT('Origin',(-17.9191890984842,-20.2091998199467,-13.6570721790694));
#5506=CARTESIAN_POINT('Origin',(-17.9191890984842,-20.2091998199467,-13.6570721790694));
#5507=CARTESIAN_POINT('Origin',(-17.9191890984842,-20.2091998199467,-13.6570721790694));
#5508=CARTESIAN_POINT('',(-1.13804238053332,-5.74599078693429,-12.1889120802834));
#5509=CARTESIAN_POINT('',(-4.01857400668545,-4.24599227309228,-12.4409259424996));
#5510=CARTESIAN_POINT('Origin',(-17.9191890984842,-20.2091998199467,-13.6570721790694));
#5511=CARTESIAN_POINT('Origin',(-17.9191890984842,-20.2091998199467,-13.6570721790694));
#5512=CARTESIAN_POINT('',(-1.13804238053332,-9.24599078693429,-12.1889120802834));
#5513=CARTESIAN_POINT('',(-16.9172630912534,-7.49599078693428,-13.5694150117449));
#5514=CARTESIAN_POINT('Origin',(10.9000001102686,-33.7459907869343,-13.6570721790694));
#5515=CARTESIAN_POINT('',(15.8999990671873,-33.7459907869343,-2.50007217906938));
#5516=CARTESIAN_POINT('',(15.8999990671873,-33.7459907869343,-13.6570721790694));
#5517=CARTESIAN_POINT('',(-15.8999990671873,-33.7459907869343,-2.50007217906938));
#5518=CARTESIAN_POINT('',(-7.94999953359365,-33.7459907869343,-2.50007217906938));
#5519=CARTESIAN_POINT('',(-15.8999990671873,-33.7459907869343,-13.6570721790694));
#5520=CARTESIAN_POINT('Origin',(15.8999990671873,-33.9959907869343,-13.6570721790694));
#5521=CARTESIAN_POINT('',(15.8999990671873,-35.4959928134922,-2.50007217906938));
#5522=CARTESIAN_POINT('',(15.8999990671873,-35.4959928134922,-13.6570721790694));
#5523=CARTESIAN_POINT('',(15.8999990671873,-33.9959918002132,-2.50007217906938));
#5524=CARTESIAN_POINT('Origin',(15.8999990671873,-12.7459907869343,-13.6570721790694));
#5525=CARTESIAN_POINT('',(-15.8999990671873,-12.7459907869343,-6.87598668961334));
#5526=CARTESIAN_POINT('',(-1.13804238053332,-12.7459907869343,-12.1889120802834));
#5527=CARTESIAN_POINT('Origin',(-15.8999990671873,-10.9959907869343,-13.6570721790694));
#5528=CARTESIAN_POINT('',(-16.9172630912534,-10.9959907869343,-13.5694150117449));
#5529=CARTESIAN_POINT('',(-15.8999990671873,-10.9959907869343,-6.73876333269465));
#5530=CARTESIAN_POINT('Origin',(15.8999990671873,-9.24599078693429,-13.6570721790694));
#5531=CARTESIAN_POINT('',(-15.8999990671873,-9.24599078693429,-6.41044779320653));
#5532=CARTESIAN_POINT('Origin',(-15.8999990671873,-7.49599078693429,-13.6570721790694));
#5533=CARTESIAN_POINT('',(-15.8999990671873,-7.49599078693429,-5.87890011567887));
#5534=CARTESIAN_POINT('Origin',(15.8999990671873,-5.74599078693429,-13.6570721790694));
#5535=CARTESIAN_POINT('',(-15.8999990671873,-5.74599078693429,-5.1221515379899));
#5536=CARTESIAN_POINT('Origin',(8.90000011026857,-4.24599227309228,-9.5413035299796E-16));
#5537=CARTESIAN_POINT('',(-8.9000001102686,-4.24599227309228,-5.65707217906938));
#5538=CARTESIAN_POINT('',(-15.8999990671873,-4.24599227309228,-5.65707217906938));
#5539=CARTESIAN_POINT('',(-8.90000011026859,-4.24599227309228,-4.26668335249452));
#5540=CARTESIAN_POINT('',(-8.90000011026859,-4.24599227309228,-9.5413035299796E-16));
#5541=CARTESIAN_POINT('',(8.90000011026857,-4.24599227309228,-4.26668335249452));
#5542=CARTESIAN_POINT('',(-15.8999990671873,-4.24599227309228,-4.26668335249452));
#5543=CARTESIAN_POINT('',(8.90000011026856,-4.24599227309228,-5.65707217906938));
#5544=CARTESIAN_POINT('',(8.90000011026857,-4.24599227309228,-9.5413035299796E-16));
#5545=CARTESIAN_POINT('',(-15.8999990671873,-4.24599227309228,-5.65707217906938));
#5546=CARTESIAN_POINT('Origin',(-13.9156855838889,-40.4959928134922,-13.6570721790694));
#5547=CARTESIAN_POINT('',(-15.8999990671873,-40.7459928134922,-2.50007217906938));
#5548=CARTESIAN_POINT('',(-15.8999990671873,-40.7459928134922,-13.6570721790694));
#5549=CARTESIAN_POINT('',(-13.9156855838889,-42.4959928134922,-2.50007217906938));
#5550=CARTESIAN_POINT('Origin',(-13.9156855838889,-40.4959928134922,-2.50007217906938));
#5551=CARTESIAN_POINT('',(-13.9156855838889,-42.4959928134922,-13.6570721790694));
#5552=CARTESIAN_POINT('Origin',(-8.6000001102686,-40.7459928134922,-13.6570721790694));
#5553=CARTESIAN_POINT('',(-8.6000001102686,-40.7459928134922,-12.8347724310984));
#5554=CARTESIAN_POINT('',(-8.72477160417634,-40.7459928134922,-12.8456885223465));
#5555=CARTESIAN_POINT('',(-8.6000001102686,-40.7459928134922,-2.50007217906938));
#5556=CARTESIAN_POINT('',(-8.6000001102686,-40.7459928134922,-10.9070721790694));
#5557=CARTESIAN_POINT('',(-8.6000001102686,-40.7459928134922,-2.50007217906938));
#5558=CARTESIAN_POINT('Origin',(-9.11636673059268,-40.4959928134922,-8.36973574590138));
#5559=CARTESIAN_POINT('',(-8.6000001102686,-40.4959928134922,-12.8417487893449));
#5560=CARTESIAN_POINT('',(-8.72416588822822,-40.4959928134922,-12.8526118873142));
#5561=CARTESIAN_POINT('Origin',(-8.6000001102686,-40.4959928134922,-8.32455952039983));
#5562=CARTESIAN_POINT('Origin',(-17.9191890984842,-20.2091998199467,-13.6570721790694));
#5563=CARTESIAN_POINT('',(-8.6000001102686,-38.9959928134922,-12.8417487893449));
#5564=CARTESIAN_POINT('',(-16.9172630912534,-38.9959928134922,-13.5694150117449));
#5565=CARTESIAN_POINT('',(-8.6000001102686,-31.1025963167194,-12.8417487893449));
#5566=CARTESIAN_POINT('Origin',(-17.9191890984842,-20.2091998199467,-13.6570721790694));
#5567=CARTESIAN_POINT('',(-8.6000001102686,-35.4959928134922,-12.8417487893449));
#5568=CARTESIAN_POINT('',(-4.3726891864337,-35.4959928134922,-12.47190700631));
#5569=CARTESIAN_POINT('',(-8.6000001102686,-37.2459928134922,-12.8417487893449));
#5570=CARTESIAN_POINT('',(-8.6000001102686,-31.1025963167194,-12.8417487893449));
#5571=CARTESIAN_POINT('',(-13.2949894595851,-37.2459928134922,-13.252507132785));
#5572=CARTESIAN_POINT('Origin',(-15.8999990671873,-38.9959928134922,-13.6570721790694));
#5573=CARTESIAN_POINT('',(-15.8999990671873,-38.9959928134922,-2.50007217906938));
#5574=CARTESIAN_POINT('',(-15.8999990671873,-38.9959928134922,-13.6570721790694));
#5575=CARTESIAN_POINT('',(-8.6000001102686,-38.9959928134922,-2.50007217906938));
#5576=CARTESIAN_POINT('',(-15.8999990671873,-38.9959928134922,-2.50007217906938));
#5577=CARTESIAN_POINT('',(-8.6000001102686,-38.9959928134922,-8.15707217906938));
#5578=CARTESIAN_POINT('',(-8.6000001102686,-38.9959928134922,-13.6570721790694));
#5579=CARTESIAN_POINT('',(-8.6000001102686,-38.9959928134922,-10.9070721790694));
#5580=CARTESIAN_POINT('Origin',(-15.8999990671873,-37.2459928134922,-13.6570721790694));
#5581=CARTESIAN_POINT('',(-15.8999990671873,-37.2459928134922,-2.50007217906938));
#5582=CARTESIAN_POINT('',(-15.8999990671873,-37.2459928134922,-13.6570721790694));
#5583=CARTESIAN_POINT('',(-15.8999990671873,-37.2459928134922,-2.50007217906938));
#5584=CARTESIAN_POINT('Origin',(18.4003110318715,-20.2091998199467,-10.5));
#5585=CARTESIAN_POINT('',(18.400311031872,-23.2530952779134,-2.5));
#5586=CARTESIAN_POINT('Origin',(8.60000011026859,-34.9959928134922,-8.15707217906938));
#5587=CARTESIAN_POINT('',(8.60000011026859,-39.4959928134922,-2.50007217906938));
#5588=CARTESIAN_POINT('',(8.60000011026859,-35.4959928134922,-2.50007217906938));
#5589=CARTESIAN_POINT('',(8.60000011026859,-39.4959928134922,-8.15707217906938));
#5590=CARTESIAN_POINT('',(8.60000011026859,-39.4959928134922,-8.15707217906938));
#5591=CARTESIAN_POINT('',(8.6000001102686,-38.9959928134922,-8.15707217906938));
#5592=CARTESIAN_POINT('',(8.60000011026859,-34.9959928134922,-8.15707217906938));
#5593=CARTESIAN_POINT('',(8.60000011026859,-38.9959928134922,-10.9070721790694));
#5594=CARTESIAN_POINT('Origin',(-17.9191890984842,-20.2091998199467,-13.6570721790694));
#5595=CARTESIAN_POINT('Origin',(15.8999990671873,-42.4959928134922,-13.6570721790694));
#5596=CARTESIAN_POINT('',(15.8999990671873,-42.4959928134922,-2.50007217906938));
#5597=CARTESIAN_POINT('Origin',(9.83226759181011,2.00400772690772,-2.5));
#5598=CARTESIAN_POINT('',(19.4564005760856,2.00400772690772,2.5));
#5599=CARTESIAN_POINT('',(14.1195673319515,7.00400772690772,-2.5));
#5600=CARTESIAN_POINT('Ctrl Pts',(19.4564005760856,2.00400772690771,2.5));
#5601=CARTESIAN_POINT('Ctrl Pts',(19.3522166325315,2.61560357587049,2.5));
#5602=CARTESIAN_POINT('Ctrl Pts',(19.155289541208,3.24293996395248,2.38116422939849));
#5603=CARTESIAN_POINT('Ctrl Pts',(18.613592581051,4.36366285481474,1.94890377554174));
#5604=CARTESIAN_POINT('Ctrl Pts',(18.2695876055535,4.85806479762165,1.63715584388354));
#5605=CARTESIAN_POINT('Ctrl Pts',(17.3997639502693,5.82287560389295,0.81481658770775));
#5606=CARTESIAN_POINT('Ctrl Pts',(16.7744883018977,6.27816029610922,0.194612857354515));
#5607=CARTESIAN_POINT('Ctrl Pts',(15.4552342239381,6.86884211910005,-1.1351895831102));
#5608=CARTESIAN_POINT('Ctrl Pts',(14.7610556586759,7.00400772690772,-1.8446925653919));
#5609=CARTESIAN_POINT('Ctrl Pts',(14.1195673319515,7.00400772690772,-2.5));
#5610=CARTESIAN_POINT('',(-19.9191894576659,7.00400772690772,-2.5));
#5611=CARTESIAN_POINT('',(-6.,2.00400772690772,2.5));
#5612=CARTESIAN_POINT('',(9.83226759181011,2.00400772690772,2.5));
#5613=CARTESIAN_POINT('',(-6.,3.90400772690772,2.12493243193887));
#5614=CARTESIAN_POINT('Origin',(-6.,2.00400772690772,-2.5));
#5615=CARTESIAN_POINT('',(6.,3.90400772690772,2.12493243193887));
#5616=CARTESIAN_POINT('',(9.83226759181011,3.90400772690772,2.12493243193887));
#5617=CARTESIAN_POINT('',(6.,2.00400772690772,2.5));
#5618=CARTESIAN_POINT('Origin',(6.,2.00400772690772,-2.5));
#5619=CARTESIAN_POINT('',(9.83226759181011,2.00400772690772,2.5));
#5620=CARTESIAN_POINT('Origin',(13.1363862430883,1.00400772690771,5.36122120493422));
#5621=CARTESIAN_POINT('',(19.5106648969964,1.60400772690772,2.5));
#5622=CARTESIAN_POINT('Origin',(13.4942312275266,1.00400772690771,2.5));
#5623=CARTESIAN_POINT('',(19.8233329492088,1.60400772690772,-2.51336272515398E-15));
#5624=CARTESIAN_POINT('',(19.0601613494032,1.60400772690772,6.10209129462862));
#5625=CARTESIAN_POINT('',(19.8536426305549,1.00400778464204,2.2204460579478E-15));
#5626=CARTESIAN_POINT('Origin',(13.8068992797391,1.00400772690771,-2.22044604925031E-15));
#5627=CARTESIAN_POINT('',(20.1663106827674,1.00400778464204,-2.5));
#5628=CARTESIAN_POINT('',(19.090004234026,1.00400778464204,6.10582366127158));
#5629=CARTESIAN_POINT('Origin',(14.1195673319515,1.00400772690771,-2.5));
#5630=CARTESIAN_POINT('Origin',(19.5409745734938,-34.9959928134922,2.5));
#5631=CARTESIAN_POINT('',(6.,1.60400772690772,2.5));
#5632=CARTESIAN_POINT('',(6.,-15.5459925432922,2.5));
#5633=CARTESIAN_POINT('',(9.83226759181011,1.60400772690771,2.5));
#5634=CARTESIAN_POINT('Origin',(9.83226777009387,-41.9959928134922,-2.5));
#5635=CARTESIAN_POINT('',(14.1195677392402,-46.9959928134922,-2.5));
#5636=CARTESIAN_POINT('',(-19.9191890984842,-46.9959928134922,-2.5));
#5637=CARTESIAN_POINT('',(19.4564009833743,-41.9959928134922,2.5));
#5638=CARTESIAN_POINT('Ctrl Pts',(14.1195677392402,-46.9959928134922,-2.5));
#5639=CARTESIAN_POINT('Ctrl Pts',(14.744379086115,-46.9959928134922,-1.86172880506613));
#5640=CARTESIAN_POINT('Ctrl Pts',(15.4210889965543,-46.8676926605189,-1.17010133002808));
#5641=CARTESIAN_POINT('Ctrl Pts',(16.711072764878,-46.306347177486,0.131146705416208));
#5642=CARTESIAN_POINT('Ctrl Pts',(17.3245190899568,-45.8733074819706,0.74059871109938));
#5643=CARTESIAN_POINT('Ctrl Pts',(18.2067615340166,-44.9345786000484,1.57958490916228));
#5644=CARTESIAN_POINT('Ctrl Pts',(18.5696799870353,-44.4305284519666,1.91106795360994));
#5645=CARTESIAN_POINT('Ctrl Pts',(19.1408102473011,-43.2792856869332,2.37212929496717));
#5646=CARTESIAN_POINT('Ctrl Pts',(19.3482263379762,-42.6310154650793,2.5));
#5647=CARTESIAN_POINT('Ctrl Pts',(19.4564009833743,-41.9959928134922,2.5));
#5648=CARTESIAN_POINT('',(9.83226777009387,-41.9959928134922,2.5));
#5649=CARTESIAN_POINT('Origin',(19.5409745734938,-34.9959928134922,2.5));
#5650=CARTESIAN_POINT('',(19.5409745734938,-40.9959927557579,2.5));
#5651=CARTESIAN_POINT('Origin',(13.4942316348153,-40.9959928134922,2.5));
#5652=CARTESIAN_POINT('',(19.5409745734938,-35.0959928134922,2.5));
#5653=CARTESIAN_POINT('',(19.5409745734938,-34.9959928134922,2.5));
#5654=CARTESIAN_POINT('',(6.,-35.0959928134922,2.5));
#5655=CARTESIAN_POINT('',(9.83226777009387,-35.0959928134922,2.5));
#5656=CARTESIAN_POINT('',(6.,-37.3959928134922,2.5));
#5657=CARTESIAN_POINT('',(6.,-36.1959928134922,2.5));
#5658=CARTESIAN_POINT('',(-6.,-37.3959928134922,2.5));
#5659=CARTESIAN_POINT('',(6.77048728674692,-37.3959928134922,2.5));
#5660=CARTESIAN_POINT('',(-6.,-35.0959928134922,2.5));
#5661=CARTESIAN_POINT('',(-6.,-34.9959928134922,2.5));
#5662=CARTESIAN_POINT('',(-19.3518105073387,-35.0959928134922,2.5));
#5663=CARTESIAN_POINT('',(9.83226777009387,-35.0959928134922,2.5));
#5664=CARTESIAN_POINT('',(-19.3518106081026,-24.8563712554011,2.5));
#5665=CARTESIAN_POINT('Origin',(13.1363866468502,-40.9959928134922,5.36122123313414));
#5666=CARTESIAN_POINT('',(20.1663110900561,-40.9959927557579,-2.5));
#5667=CARTESIAN_POINT('Origin',(14.1195677392402,-40.9959928134922,-2.5));
#5668=CARTESIAN_POINT('',(19.0900046377878,-40.9959927557579,6.10582368947149));
#5669=CARTESIAN_POINT('Origin',(-18.4684162289878,-14.7167493058886,10.2848767490797));
#5670=CARTESIAN_POINT('',(-19.6354998024194,-35.0959928134922,3.88578057560988E-15));
#5671=CARTESIAN_POINT('',(-18.9263590898816,-35.0959928134922,6.24927275045758));
#5672=CARTESIAN_POINT('',(-19.6354999929788,-15.731371027564,3.88578058618805E-15));
#5673=CARTESIAN_POINT('',(-19.9191892410658,-20.5068701271527,-2.5));
#5674=CARTESIAN_POINT('Origin',(19.5409745734938,-34.9959928134922,2.5));
#5675=CARTESIAN_POINT('',(-6.,1.60400772690772,2.5));
#5676=CARTESIAN_POINT('',(9.83226759181011,1.60400772690771,2.5));
#5677=CARTESIAN_POINT('',(-6.,-16.7459925432922,2.5));
#5678=CARTESIAN_POINT('Origin',(0.123560610126381,1.60400772690772,3.33066907387547E-15));
#5679=CARTESIAN_POINT('',(-6.,1.60400772690772,-5.84532374968434E-16));
#5680=CARTESIAN_POINT('',(1.53178116068787,1.60400772690772,-1.03205108067597E-15));
#5681=CARTESIAN_POINT('',(-6.,1.60400772690772,1.25));
#5682=CARTESIAN_POINT('Origin',(2.94000171124935,-13.5192010551691,-1.11022302462516E-15));
#5683=CARTESIAN_POINT('',(-6.,-35.0959928134922,-5.55111512312578E-16));
#5684=CARTESIAN_POINT('',(1.53178133897163,-35.0959928134922,-1.03205109057271E-15));
#5685=CARTESIAN_POINT('',(-6.,-34.9959928134922,-5.55111512312578E-16));
#5686=CARTESIAN_POINT('',(-6.,-24.2575969343307,-5.55111512312578E-16));
#5687=CARTESIAN_POINT('',(-5.99712810546763,-34.9959928134922,-5.55111512312578E-16));
#5688=CARTESIAN_POINT('',(0.0821460899519186,-34.9959928134922,3.33066907387547E-15));
#5689=CARTESIAN_POINT('',(-5.99712810546763,-33.9959928134922,-5.55111512312578E-16));
#5690=CARTESIAN_POINT('',(-5.99712810546763,-23.7575969343307,-5.55111512312578E-16));
#5691=CARTESIAN_POINT('',(6.,-33.9959928134922,-1.11022302462516E-15));
#5692=CARTESIAN_POINT('',(4.47000085562468,-33.9959928134922,-1.11022302462516E-15));
#5693=CARTESIAN_POINT('',(6.,-35.0959928134922,-1.38777878078145E-15));
#5694=CARTESIAN_POINT('',(6.,-25.4575969343307,-1.38777878078145E-15));
#5695=CARTESIAN_POINT('',(19.8536429806293,-35.0959928134922,2.22044603851477E-15));
#5696=CARTESIAN_POINT('',(1.53178133897163,-35.0959928134922,-1.03205109057271E-15));
#5697=CARTESIAN_POINT('',(19.8536427872349,-15.1529829232942,2.22044604925031E-15));
#5698=CARTESIAN_POINT('',(6.,1.60400772690772,-1.38777878078145E-15));
#5699=CARTESIAN_POINT('',(1.53178116068787,1.60400772690772,-1.03205108067597E-15));
#5700=CARTESIAN_POINT('',(6.,0.504007726907716,-1.11022302462516E-15));
#5701=CARTESIAN_POINT('',(6.,-4.8075966641307,-1.38777878078145E-15));
#5702=CARTESIAN_POINT('',(-6.,0.504007726907716,-5.84532374968434E-16));
#5703=CARTESIAN_POINT('',(4.47000085562468,0.504007726907716,-1.11022302462516E-15));
#5704=CARTESIAN_POINT('',(-6.,-6.0075966641307,-5.84532374968434E-16));
#5705=CARTESIAN_POINT('',(-10.8000001102686,0.247236529078791,0.));
#5706=CARTESIAN_POINT('',(10.8000001102686,0.247236529078791,0.));
#5707=CARTESIAN_POINT('',(-15.8999990671873,0.247236529078791,0.));
#5708=CARTESIAN_POINT('',(10.8000001102686,0.504005700349794,-1.18322017351402E-15));
#5709=CARTESIAN_POINT('',(10.8000001102686,-7.48129193671049,-1.66533453693773E-15));
#5710=CARTESIAN_POINT('',(8.17000064998865,0.504005700349794,-1.11022302462516E-15));
#5711=CARTESIAN_POINT('',(17.1000027865171,0.123666380156399,-1.92228133772753E-15));
#5712=CARTESIAN_POINT('',(-16.9999990612268,0.1236663801564,2.64758777041296E-34));
#5713=CARTESIAN_POINT('',(17.1000027865171,-26.4417173935988,-3.58761587466527E-15));
#5714=CARTESIAN_POINT('',(17.1000027865171,-13.3392007819013,-1.94289029309402E-15));
#5715=CARTESIAN_POINT('',(-16.9999990612268,-26.4417173935988,-2.64758777041296E-34));
#5716=CARTESIAN_POINT('',(-15.8999990671873,-26.5652875425212,0.));
#5717=CARTESIAN_POINT('',(-17.0999990612268,-26.4417173935988,-1.66254616116161E-15));
#5718=CARTESIAN_POINT('',(-16.9999990612268,-26.4417173935988,-2.64758777041296E-34));
#5719=CARTESIAN_POINT('',(-17.0999990612268,0.123666380156399,2.78837577612461E-18));
#5720=CARTESIAN_POINT('',(-17.0999990612268,-13.3392007819013,0.));
#5721=CARTESIAN_POINT('',(-16.9999990612268,0.1236663801564,2.64758777041296E-34));
#5722=CARTESIAN_POINT('',(-10.8000001102686,0.504005700349794,-1.22957167460766E-16));
#5723=CARTESIAN_POINT('',(-5.2299989387393,0.504005700349794,-5.55111512312578E-16));
#5724=CARTESIAN_POINT('',(-10.8000001102686,-7.48129193671049,-2.77555756156289E-16));
#5725=CARTESIAN_POINT('',(1.50000080483866,-30.6571975404084,-1.11022302462516E-15));
#5726=CARTESIAN_POINT('Origin',(8.04838659815288E-7,-30.6571975404084,-1.11022302462516E-15));
#5727=CARTESIAN_POINT('Origin',(0.123560610126381,1.60400772690772,3.33066907387547E-15));
#5728=CARTESIAN_POINT('',(6.,1.60400772690772,1.25));
#5729=CARTESIAN_POINT('Origin',(-15.8999990671873,-13.1590255067212,9.61884287362406));
#5730=CARTESIAN_POINT('',(-15.8999990671873,-24.3564313645795,-2.50007217906938));
#5731=CARTESIAN_POINT('Origin',(-15.8999990671873,-13.1590255067212,9.61884287362406));
#5732=CARTESIAN_POINT('Origin',(-15.8999990671873,-13.1590255067212,9.61884287362406));
#5733=CARTESIAN_POINT('Origin',(-15.8999990671873,-13.1590255067212,9.61884287362406));
#5734=CARTESIAN_POINT('Origin',(-15.8999990671873,-13.1590255067212,9.61884287362406));
#5735=CARTESIAN_POINT('Origin',(-15.8999990671873,-13.1590255067212,9.61884287362406));
#5736=CARTESIAN_POINT('Origin',(-15.8999990671873,-13.1590255067212,9.61884287362406));
#5737=CARTESIAN_POINT('',(-10.8000001102686,-3.495991230011,-3.75560173417645));
#5738=CARTESIAN_POINT('Origin',(-10.8000001102686,-13.1590255067212,9.61884287362406));
#5739=CARTESIAN_POINT('',(-15.8999990671873,-3.495991230011,-3.75560173417645));
#5740=CARTESIAN_POINT('',(10.8000001102686,-3.495991230011,-3.75560173417645));
#5741=CARTESIAN_POINT('',(-15.8999990671873,-3.495991230011,-3.75560173417645));
#5742=CARTESIAN_POINT('Origin',(10.8000001102686,-13.1590255067212,9.61884287362406));
#5743=CARTESIAN_POINT('',(-8.90000011026859,-2.49599227309228,-2.97281000669811));
#5744=CARTESIAN_POINT('Origin',(-8.90000011026859,-13.1590255067212,9.61884287362406));
#5745=CARTESIAN_POINT('',(8.90000011026857,-2.49599227309228,-2.97281000669811));
#5746=CARTESIAN_POINT('',(-15.8999990671873,-2.49599227309228,-2.97281000669811));
#5747=CARTESIAN_POINT('Origin',(8.90000011026857,-13.1590255067212,9.61884287362406));
#5748=CARTESIAN_POINT('Origin',(8.90000011026857,-2.49599227309228,-9.5413035299796E-16));
#5749=CARTESIAN_POINT('',(8.90000011026856,-2.49599227309228,-5.65707217906938));
#5750=CARTESIAN_POINT('',(8.90000011026857,-2.49599227309228,-9.5413035299796E-16));
#5751=CARTESIAN_POINT('',(8.90000011026857,-2.93349227309228,-5.65707217906938));
#5752=CARTESIAN_POINT('Origin',(-8.90000011026859,-2.49599227309228,-9.5413035299796E-16));
#5753=CARTESIAN_POINT('',(-8.9000001102686,-2.49599227309228,-5.65707217906938));
#5754=CARTESIAN_POINT('',(-8.90000011026859,-2.49599227309228,-9.5413035299796E-16));
#5755=CARTESIAN_POINT('',(-10.8000001102686,-2.49599227309228,-5.65707217906938));
#5756=CARTESIAN_POINT('',(15.8999990671873,-2.49599227309228,-5.65707217906938));
#5757=CARTESIAN_POINT('',(-10.8000001102686,-2.49599227309228,-13.0342238491019));
#5758=CARTESIAN_POINT('',(-10.8000001102686,-2.49599227309228,-1.29460147581995));
#5759=CARTESIAN_POINT('',(10.8000001102686,-2.49599227309228,-11.1444686976475));
#5760=CARTESIAN_POINT('',(-12.8509686170207,-2.49599227309228,-13.2136603426914));
#5761=CARTESIAN_POINT('',(10.8000001102686,-2.49599227309228,-5.65707217906938));
#5762=CARTESIAN_POINT('',(10.8000001102686,-2.49599227309228,-1.29460147581995));
#5763=CARTESIAN_POINT('',(15.8999990671873,-2.49599227309228,-5.65707217906938));
#5764=CARTESIAN_POINT('Origin',(10.8000001102686,-1.44338281825186,-2.58920295163989));
#5765=CARTESIAN_POINT('',(10.8000001102686,-3.495991230011,-5.65707217906938));
#5766=CARTESIAN_POINT('',(10.8000001102686,-3.495991230011,-3.54654365219176));
#5767=CARTESIAN_POINT('',(10.8000001102686,-2.40718754567207,-5.65707217906938));
#5768=CARTESIAN_POINT('',(10.8000001102686,-0.995992273092283,-11.1444686976475));
#5769=CARTESIAN_POINT('',(10.8000001102686,-10.8262913190993,-11.1444686976475));
#5770=CARTESIAN_POINT('',(10.8000001102686,-0.995992273092285,-8.12313756535464));
#5771=CARTESIAN_POINT('',(10.8000001102686,0.504005700349794,-2.66960146836937));
#5772=CARTESIAN_POINT('Origin',(-13.399999588728,-3.495991230011,-4.50388435274362));
#5773=CARTESIAN_POINT('',(-0.500000000000007,-3.495991230011,-5.65707217906938));
#5774=CARTESIAN_POINT('Origin',(-4.44089209850063E-15,-24.1209907869343,
-2.50007217906938));
#5775=CARTESIAN_POINT('Origin',(-16.9999990612268,-13.1590255067212,9.61884287362406));
#5776=CARTESIAN_POINT('Origin',(17.1000027865171,-13.1590255067212,9.61884287362406));
#5777=CARTESIAN_POINT('Origin',(8.90000011026859,-0.995992273092285,-8.15707217906938));
#5778=CARTESIAN_POINT('',(8.90000011026859,-0.995992273092285,-2.50007217906938));
#5779=CARTESIAN_POINT('',(8.90000011026859,-0.995992273092285,-8.15707217906938));
#5780=CARTESIAN_POINT('',(8.90000011026859,2.00400772690772,-2.50007217906938));
#5781=CARTESIAN_POINT('Origin',(-10.8000001102686,-1.44338281825186,-2.58920295163989));
#5782=CARTESIAN_POINT('',(-10.8000001102686,0.504005700349794,-2.66960146836936));
#5783=CARTESIAN_POINT('',(-10.8000001102686,-0.995992273092283,-13.0342238491019));
#5784=CARTESIAN_POINT('',(-10.8000001102686,-0.995992273092285,-8.12313756535464));
#5785=CARTESIAN_POINT('',(-10.8000001102686,-10.8262913190993,-13.0342238491019));
#5786=CARTESIAN_POINT('',(-10.8000001102686,-3.495991230011,-5.65707217906938));
#5787=CARTESIAN_POINT('',(-10.8000001102686,-2.40718754567207,-5.65707217906938));
#5788=CARTESIAN_POINT('',(-10.8000001102686,-3.495991230011,-3.54654365219176));
#5789=CARTESIAN_POINT('Origin',(-8.9000001102686,2.00400772690772,-8.15707217906938));
#5790=CARTESIAN_POINT('',(-8.9000001102686,-0.995992273092286,-2.50007217906938));
#5791=CARTESIAN_POINT('',(-8.9000001102686,2.00400772690772,-2.50007217906938));
#5792=CARTESIAN_POINT('',(-8.9000001102686,-0.995992273092286,-8.15707217906938));
#5793=CARTESIAN_POINT('Origin',(-12.399999588728,-3.37099227309228,-5.65707217906938));
#5794=CARTESIAN_POINT('',(-12.899999588728,-3.495991230011,-5.65707217906938));
#5795=CARTESIAN_POINT('',(-8.90000011026859,-3.80849227309228,-5.65707217906938));
#5796=CARTESIAN_POINT('Origin',(12.3999995887279,-3.37099227309228,-5.65707217906938));
#5797=CARTESIAN_POINT('Origin',(-8.90000011026859,-4.24599227309228,-9.5413035299796E-16));
#5798=CARTESIAN_POINT('Origin',(-13.399999588728,-3.495991230011,-4.50388435274362));
#5799=CARTESIAN_POINT('Origin',(-17.9191890984842,-20.2091998199467,-13.6570721790694));
#5800=CARTESIAN_POINT('',(-14.4362539175671,-0.995992273092283,-13.3523548349435));
#5801=CARTESIAN_POINT('Origin',(-15.8999990671873,-26.7459907869343,-13.6570721790694));
#5802=CARTESIAN_POINT('',(-15.8999990671873,-26.7459907869343,-2.50007217906938));
#5803=CARTESIAN_POINT('Origin',(-4.44089209850063E-15,-27.6209907869343,
-2.50007217906938));
#5804=CARTESIAN_POINT('Origin',(15.8999990671873,-30.2459907869343,-13.6570721790694));
#5805=CARTESIAN_POINT('',(-0.686227259013808,-30.2459907869343,-2.50007217906938));
#5806=CARTESIAN_POINT('',(-0.686227259013808,-30.2459907869343,1.50000024586916));
#5807=CARTESIAN_POINT('',(-15.8999990671873,-30.2459907869343,-2.50007217906938));
#5808=CARTESIAN_POINT('',(15.8999990671873,-30.2459907869343,-2.50007217906938));
#5809=CARTESIAN_POINT('',(-15.8999990671873,-30.2459907869343,-13.6570721790694));
#5810=CARTESIAN_POINT('Origin',(-15.8999990671873,-30.2459907869343,-13.6570721790694));
#5811=CARTESIAN_POINT('',(-15.8999990671873,-30.2459907869343,-2.50007217906938));
#5812=CARTESIAN_POINT('Origin',(-4.44089209850063E-15,-31.1209907869343,
-2.50007217906938));
#5813=CARTESIAN_POINT('',(0.800000773414553,-30.6571975404084,-2.50007217906938));
#5814=CARTESIAN_POINT('Origin',(8.04838659923349E-7,-30.6571975404084,-2.50007217906938));
#5815=CARTESIAN_POINT('Origin',(8.04838659923349E-7,-30.6571975404084,-2.50007217906938));
#5816=CARTESIAN_POINT('Origin',(15.8999990671873,-37.2459928134922,-13.6570721790694));
#5817=CARTESIAN_POINT('',(15.8999990671873,-38.9959928134922,-2.50007217906938));
#5818=CARTESIAN_POINT('',(15.8999990671873,-38.9959928134922,-13.6570721790694));
#5819=CARTESIAN_POINT('',(15.8999990671873,-37.2459928134922,-2.50007217906938));
#5820=CARTESIAN_POINT('',(15.8999990671873,-37.2459928134922,-2.50007217906938));
#5821=CARTESIAN_POINT('',(15.8999990671873,-37.2459928134922,-13.6570721790694));
#5822=CARTESIAN_POINT('Origin',(8.6000001102686,-37.2459928134922,-13.6570721790694));
#5823=CARTESIAN_POINT('',(8.6000001102686,-37.2459928134922,-2.50007217906938));
#5824=CARTESIAN_POINT('',(8.6000001102686,-37.2459928134922,-2.50007217906938));
#5825=CARTESIAN_POINT('',(8.60000011026859,-37.2459928134922,-8.15707217906938));
#5826=CARTESIAN_POINT('',(8.6000001102686,-37.2459928134922,-13.6570721790694));
#5827=CARTESIAN_POINT('',(8.60000011026859,-37.2459928134922,-10.9070721790694));
#5828=CARTESIAN_POINT('Origin',(8.6000001102686,-38.9959928134922,-13.6570721790694));
#5829=CARTESIAN_POINT('',(8.60000011026859,-34.9959928134922,-8.15707217906938));
#5830=CARTESIAN_POINT('',(8.6000001102686,-38.9959928134922,-2.50007217906938));
#5831=CARTESIAN_POINT('',(8.6000001102686,-38.9959928134922,-2.50007217906938));
#5832=CARTESIAN_POINT('',(8.6000001102686,-38.9959928134922,-13.6570721790694));
#5833=CARTESIAN_POINT('Origin',(15.8999990671873,-38.9959928134922,-13.6570721790694));
#5834=CARTESIAN_POINT('',(15.8999990671873,-38.9959928134922,-2.50007217906938));
#5835=CARTESIAN_POINT('Origin',(12.249999588728,-38.1209928134922,-2.50007217906938));
#5836=CARTESIAN_POINT('Origin',(8.60000011026859,-34.9959928134922,-8.15707217906938));
#5837=CARTESIAN_POINT('',(8.60000011026859,-35.4959928134922,-8.15707217906938));
#5838=CARTESIAN_POINT('',(8.60000011026859,-34.9959928134922,-8.15707217906938));
#5839=CARTESIAN_POINT('',(8.60000011026859,-35.4959928134922,-8.15707217906938));
#5840=CARTESIAN_POINT('Origin',(-8.6000001102686,-38.9959928134922,-13.6570721790694));
#5841=CARTESIAN_POINT('',(-8.6000001102686,-37.2459928134922,-8.15707217906938));
#5842=CARTESIAN_POINT('',(-8.6000001102686,-41.9959928134922,-8.15707217906938));
#5843=CARTESIAN_POINT('',(-8.6000001102686,-37.2459928134922,-2.50007217906938));
#5844=CARTESIAN_POINT('',(-8.6000001102686,-38.9959928134922,-2.50007217906938));
#5845=CARTESIAN_POINT('',(-8.6000001102686,-37.2459928134922,-13.6570721790694));
#5846=CARTESIAN_POINT('Origin',(-8.6000001102686,-37.2459928134922,-13.6570721790694));
#5847=CARTESIAN_POINT('',(-8.6000001102686,-37.2459928134922,-10.9070721790694));
#5848=CARTESIAN_POINT('',(-8.6000001102686,-37.2459928134922,-2.50007217906938));
#5849=CARTESIAN_POINT('Origin',(-12.249999588728,-38.1209928134922,-2.50007217906938));
#5850=CARTESIAN_POINT('Origin',(-8.6000001102686,-41.9959928134922,-8.15707217906938));
#5851=CARTESIAN_POINT('',(-8.6000001102686,-35.4959928134922,-8.15707217906938));
#5852=CARTESIAN_POINT('',(-8.6000001102686,-35.4959928134922,-8.15707217906938));
#5853=CARTESIAN_POINT('',(-8.6000001102686,-41.9959928134922,-8.15707217906938));
#5854=CARTESIAN_POINT('Origin',(-8.6000001102686,-41.9959928134922,-8.15707217906938));
#5855=CARTESIAN_POINT('',(-8.6000001102686,-39.4959928134922,-8.15707217906938));
#5856=CARTESIAN_POINT('',(-8.6000001102686,-41.9959928134922,-8.15707217906938));
#5857=CARTESIAN_POINT('',(-8.6000001102686,-39.4959928134922,-2.50007217906938));
#5858=CARTESIAN_POINT('',(-8.6000001102686,-39.4959928134922,-8.15707217906938));
#5859=CARTESIAN_POINT('',(-8.6000001102686,-41.9959928134922,-2.50007217906938));
#5860=CARTESIAN_POINT('Origin',(8.60000011026859,-39.4959928134922,-8.15707217906938));
#5861=CARTESIAN_POINT('',(4.3000000551343,-39.4959928134922,-8.15707217906938));
#5862=CARTESIAN_POINT('',(-8.6000001102686,-39.4959928134922,-2.50007217906938));
#5863=CARTESIAN_POINT('Origin',(-1.11022302462516E-15,-40.7459928134922,
-2.50007217906938));
#5864=CARTESIAN_POINT('Origin',(-1.11022302462516E-15,-33.9959928134922,
-2.50007217906938));
#5865=CARTESIAN_POINT('',(8.60000011026859,-35.4959928134922,-2.50007217906938));
#5866=CARTESIAN_POINT('',(8.60000011026859,-35.4959928134922,-2.50007217906938));
#5867=CARTESIAN_POINT('',(8.60000011026859,-34.9959928134922,-2.50007217906938));
#5868=CARTESIAN_POINT('',(8.60000011026859,-32.4959928134922,-2.50007217906938));
#5869=CARTESIAN_POINT('',(6.,-34.9959928134922,-2.50007217906938));
#5870=CARTESIAN_POINT('',(6.,-34.9959928134922,-2.50007217906938));
#5871=CARTESIAN_POINT('',(6.,-33.9959928134922,-2.50007217906938));
#5872=CARTESIAN_POINT('',(6.,-35.6959928134922,-2.50007217906938));
#5873=CARTESIAN_POINT('',(-5.99712810546764,-33.9959928134922,-2.50007217906938));
#5874=CARTESIAN_POINT('',(3.,-33.9959928134922,-2.50007217906938));
#5875=CARTESIAN_POINT('',(-5.99712810546764,-34.9959928134922,-2.50007217906938));
#5876=CARTESIAN_POINT('',(-5.99712810546763,-33.9959928134922,-2.50007217906938));
#5877=CARTESIAN_POINT('',(-6.,-34.9959928134922,-2.50007217906938));
#5878=CARTESIAN_POINT('',(-2.99856405273382,-34.9959928134922,-2.50007217906938));
#5879=CARTESIAN_POINT('',(-8.6000001102686,-34.9959928134922,-2.50007217906938));
#5880=CARTESIAN_POINT('',(-5.99712810546764,-34.9959928134922,-2.50007217906938));
#5881=CARTESIAN_POINT('',(-8.6000001102686,-35.4959928134922,-2.50007217906938));
#5882=CARTESIAN_POINT('',(-8.6000001102686,-32.4959928134922,-2.50007217906938));
#5883=CARTESIAN_POINT('',(-15.8999990671873,-35.4959928134922,-2.50007217906938));
#5884=CARTESIAN_POINT('',(-8.6000001102686,-35.4959928134922,-2.50007217906938));
#5885=CARTESIAN_POINT('',(-15.8999990671873,-34.7459928134922,-2.50007217906938));
#5886=CARTESIAN_POINT('Origin',(8.90000011026859,-35.4959928134922,-8.15707217906938));
#5887=CARTESIAN_POINT('',(-15.8999990671873,-35.4959928134922,-13.6570721790694));
#5888=CARTESIAN_POINT('',(-8.6000001102686,-35.4959928134922,-8.15707217906938));
#5889=CARTESIAN_POINT('Origin',(8.90000011026859,-35.4959928134922,-8.15707217906938));
#5890=CARTESIAN_POINT('',(8.60000011026859,-35.4959928134922,-8.15707217906938));
#5891=CARTESIAN_POINT('Origin',(0.,-33.9959928134922,-8.15707217906938));
#5892=CARTESIAN_POINT('',(-8.6000001102686,-34.9959928134922,-8.15707217906938));
#5893=CARTESIAN_POINT('',(-8.6000001102686,-32.4959928134922,-8.15707217906938));
#5894=CARTESIAN_POINT('',(8.60000011026859,-34.9959928134922,-8.15707217906938));
#5895=CARTESIAN_POINT('',(-2.99856405273382,-34.9959928134922,-8.15707217906938));
#5896=CARTESIAN_POINT('',(8.60000011026859,-32.4959928134922,-8.15707217906938));
#5897=CARTESIAN_POINT('Origin',(-15.8999990671873,-35.4959928134922,-13.6570721790694));
#5898=CARTESIAN_POINT('Origin',(-5.99712810546763,-34.9959928134922,2.5));
#5899=CARTESIAN_POINT('',(-8.6000001102686,-34.9959928134922,-8.15707217906938));
#5900=CARTESIAN_POINT('',(-6.,-34.9959928134922,-5.5));
#5901=CARTESIAN_POINT('',(-6.,-34.9959928134922,2.5));
#5902=CARTESIAN_POINT('',(-5.,-34.9959928134922,-5.5));
#5903=CARTESIAN_POINT('',(-2.99856405273382,-34.9959928134922,-5.5));
#5904=CARTESIAN_POINT('',(-5.,-34.9959928134922,1.5));
#5905=CARTESIAN_POINT('',(-5.,-34.9959928134922,-5.5));
#5906=CARTESIAN_POINT('',(5.,-34.9959928134922,1.5));
#5907=CARTESIAN_POINT('',(-5.49856405273382,-34.9959928134922,1.5));
#5908=CARTESIAN_POINT('',(5.,-34.9959928134922,-5.5));
#5909=CARTESIAN_POINT('',(5.,-34.9959928134922,-5.5));
#5910=CARTESIAN_POINT('',(6.,-34.9959928134922,-5.5));
#5911=CARTESIAN_POINT('',(-2.99856405273382,-34.9959928134922,-5.5));
#5912=CARTESIAN_POINT('',(6.,-34.9959928134922,-2.82853608953469));
#5913=CARTESIAN_POINT('',(8.60000011026859,-34.9959928134922,-8.15707217906938));
#5914=CARTESIAN_POINT('Origin',(8.60000011026859,-35.4959928134922,-8.15707217906938));
#5915=CARTESIAN_POINT('Origin',(-8.6000001102686,-34.9959928134922,-8.15707217906938));
#5916=CARTESIAN_POINT('Origin',(-5.99712810546763,-34.9959928134922,2.5));
#5917=CARTESIAN_POINT('',(-5.99712810546763,-34.9959928134922,2.5));
#5918=CARTESIAN_POINT('',(-6.,-34.9959928134922,2.5));
#5919=CARTESIAN_POINT('Origin',(-5.99712810546763,-33.9959928134922,2.5));
#5920=CARTESIAN_POINT('',(-5.99712810546763,-33.9959928134922,2.5));
#5921=CARTESIAN_POINT('Origin',(-1.11022302462516E-15,-34.4959928134922,
3.));
#5922=CARTESIAN_POINT('',(-5.,-33.9959928134922,2.5));
#5923=CARTESIAN_POINT('',(-5.,-34.9959928134922,3.5));
#5924=CARTESIAN_POINT('',(-5.,-32.9959928134922,1.50000000000001));
#5925=CARTESIAN_POINT('',(5.,-34.9959928134922,3.5));
#5926=CARTESIAN_POINT('',(-1.11022302462516E-15,-34.9959928134922,3.5));
#5927=CARTESIAN_POINT('',(5.,-33.9959928134922,2.5));
#5928=CARTESIAN_POINT('',(5.,-32.4959928134922,1.00000000000001));
#5929=CARTESIAN_POINT('',(-1.11022302462516E-15,-33.9959928134922,2.5));
#5930=CARTESIAN_POINT('Origin',(-5.,-36.9959928134922,-5.5));
#5931=CARTESIAN_POINT('',(-5.,-33.9959928134922,1.5));
#5932=CARTESIAN_POINT('',(-5.,-33.9959928134922,1.5));
#5933=CARTESIAN_POINT('',(-5.,-34.9959928134922,1.5));
#5934=CARTESIAN_POINT('',(-5.,-36.9959928134922,-5.5));
#5935=CARTESIAN_POINT('',(-5.,-36.3459928134922,-5.5));
#5936=CARTESIAN_POINT('',(-5.,-36.9959928134922,3.5));
#5937=CARTESIAN_POINT('',(-5.,-36.9959928134922,-5.5));
#5938=CARTESIAN_POINT('',(-5.,-34.9959928134922,3.5));
#5939=CARTESIAN_POINT('Origin',(-1.11022302462516E-15,-33.9959928134922,
2.5));
#5940=CARTESIAN_POINT('',(5.,-33.9959928134922,1.5));
#5941=CARTESIAN_POINT('',(5.,-33.9959928134922,3.5));
#5942=CARTESIAN_POINT('',(5.,-33.9959928134922,1.5));
#5943=CARTESIAN_POINT('Origin',(-5.,-34.9959928134922,1.5));
#5944=CARTESIAN_POINT('',(5.,-34.9959928134922,1.5));
#5945=CARTESIAN_POINT('Origin',(5.,-36.9959928134922,-5.5));
#5946=CARTESIAN_POINT('',(5.,-36.9959928134922,-5.5));
#5947=CARTESIAN_POINT('',(2.5,-36.9959928134922,-5.5));
#5948=CARTESIAN_POINT('',(5.,-36.9959928134922,3.5));
#5949=CARTESIAN_POINT('',(5.,-36.9959928134922,-5.5));
#5950=CARTESIAN_POINT('',(5.,-36.9959928134922,3.5));
#5951=CARTESIAN_POINT('Origin',(5.,-34.9959928134922,-5.5));
#5952=CARTESIAN_POINT('',(5.,-34.9959928134922,3.5));
#5953=CARTESIAN_POINT('',(5.,-35.3459928134922,-5.5));
#5954=CARTESIAN_POINT('Origin',(-1.11022302462516E-15,-35.9959928134922,
3.5));
#5955=CARTESIAN_POINT('Origin',(6.,-37.3959928134922,2.5));
#5956=CARTESIAN_POINT('',(6.,-37.3959928134922,-5.5));
#5957=CARTESIAN_POINT('',(6.,-36.3919850217644,-5.5));
#5958=CARTESIAN_POINT('',(6.,-37.3959928134922,2.5));
#5959=CARTESIAN_POINT('',(6.,-35.0959928134922,1.25));
#5960=CARTESIAN_POINT('',(6.,-33.9959928134922,2.5));
#5961=CARTESIAN_POINT('Origin',(0.,-35.6959928134922,-5.5));
#5962=CARTESIAN_POINT('',(-6.,-37.3959928134922,-5.5));
#5963=CARTESIAN_POINT('',(-6.,-37.3959928134922,-5.5));
#5964=CARTESIAN_POINT('',(6.,-37.3959928134922,-5.5));
#5965=CARTESIAN_POINT('Origin',(-6.,-37.3959928134922,2.5));
#5966=CARTESIAN_POINT('',(-6.,-37.3959928134922,2.5));
#5967=CARTESIAN_POINT('Origin',(-6.,-34.9959928134922,2.5));
#5968=CARTESIAN_POINT('',(-6.,-35.0959928134922,1.25));
#5969=CARTESIAN_POINT('Origin',(6.,-33.9959928134922,2.5));
#5970=CARTESIAN_POINT('Origin',(0.123560966693903,-35.0959928134922,1.66533453693773E-15));
#5971=CARTESIAN_POINT('Origin',(0.123560966693903,-35.0959928134922,1.66533453693773E-15));
#5972=CARTESIAN_POINT('',(19.0900045814546,-35.0959928134922,6.10582368242605));
#5973=CARTESIAN_POINT('Origin',(-1.11022302462516E-15,0.504007726907715,
-2.50007217906938));
#5974=CARTESIAN_POINT('',(6.,0.504007726907716,-2.50007217906938));
#5975=CARTESIAN_POINT('',(-6.,0.504007726907716,-2.50007217906938));
#5976=CARTESIAN_POINT('',(3.,0.504007726907716,-2.50007217906938));
#5977=CARTESIAN_POINT('',(6.,1.50400772690772,-2.50007217906938));
#5978=CARTESIAN_POINT('',(6.,2.20400772690772,-2.50007217906938));
#5979=CARTESIAN_POINT('',(8.60000011026859,1.50400772690772,-2.50007217906938));
#5980=CARTESIAN_POINT('',(6.,1.50400772690772,-2.50007217906938));
#5981=CARTESIAN_POINT('',(8.60000011026859,-0.995992273092285,-2.50007217906938));
#5982=CARTESIAN_POINT('',(8.90000011026859,-0.995992273092285,-2.50007217906938));
#5983=CARTESIAN_POINT('',(-8.6000001102686,1.50400772690772,-2.50007217906938));
#5984=CARTESIAN_POINT('',(-8.6000001102686,-0.995992273092286,-2.50007217906938));
#5985=CARTESIAN_POINT('',(-6.,1.50400772690772,-2.50007217906938));
#5986=CARTESIAN_POINT('',(-5.99712810546764,1.50400772690772,-2.50007217906938));
#5987=CARTESIAN_POINT('',(-6.,1.00400772690772,-2.50007217906938));
#5988=CARTESIAN_POINT('Origin',(8.60000011026859,2.00400772690772,-8.15707217906938));
#5989=CARTESIAN_POINT('',(8.60000011026859,1.50400772690772,-8.15707217906938));
#5990=CARTESIAN_POINT('',(8.60000011026859,1.25400772690772,-8.15707217906938));
#5991=CARTESIAN_POINT('',(8.60000011026859,1.50400772690772,-8.15707217906938));
#5992=CARTESIAN_POINT('Origin',(-8.6000001102686,1.50400772690772,-8.15707217906938));
#5993=CARTESIAN_POINT('',(-8.6000001102686,1.50400772690772,-8.15707217906938));
#5994=CARTESIAN_POINT('',(-8.6000001102686,1.00400772690772,-8.15707217906938));
#5995=CARTESIAN_POINT('',(-8.6000001102686,1.50400772690772,-8.15707217906938));
#5996=CARTESIAN_POINT('Origin',(6.,3.90400772690772,2.5));
#5997=CARTESIAN_POINT('',(6.,3.90400772690772,-5.5));
#5998=CARTESIAN_POINT('',(6.,3.90400772690772,2.5));
#5999=CARTESIAN_POINT('',(6.,1.50400772690772,-5.5));
#6000=CARTESIAN_POINT('',(6.,2.89999993517995,-5.5));
#6001=CARTESIAN_POINT('',(6.,1.50400772690772,-2.82853608953469));
#6002=CARTESIAN_POINT('',(6.,0.504007726907716,2.5));
#6003=CARTESIAN_POINT('Origin',(0.,0.504007726907716,-8.15707217906938));
#6004=CARTESIAN_POINT('',(-2.99856405273382,1.50400772690772,-8.15707217906938));
#6005=CARTESIAN_POINT('Origin',(6.,0.504007726907716,2.5));
#6006=CARTESIAN_POINT('',(-6.,0.504007726907716,2.5));
#6007=CARTESIAN_POINT('Origin',(-6.,1.50400772690772,2.5));
#6008=CARTESIAN_POINT('',(-6.,1.50400772690772,-5.5));
#6009=CARTESIAN_POINT('',(-6.,1.50400772690772,-2.82853608953469));
#6010=CARTESIAN_POINT('',(-6.,3.90400772690772,-5.5));
#6011=CARTESIAN_POINT('',(-6.,3.90400772690772,-5.5));
#6012=CARTESIAN_POINT('',(-6.,3.90400772690772,2.5));
#6013=CARTESIAN_POINT('Origin',(-10.9000001102686,-0.995992273092285,-13.6570721790694));
#6014=CARTESIAN_POINT('Origin',(-13.399999588728,0.504005700349794,-2.74999998509884));
#6015=CARTESIAN_POINT('Origin',(-1.11022302462516E-15,1.00400772690772,
3.));
#6016=CARTESIAN_POINT('',(-5.,1.50400772690772,3.5));
#6017=CARTESIAN_POINT('',(-5.,0.504007726907717,2.5));
#6018=CARTESIAN_POINT('',(-5.,-0.495992273092283,1.5));
#6019=CARTESIAN_POINT('',(5.,0.504007726907717,2.5));
#6020=CARTESIAN_POINT('',(-1.11022302462516E-15,0.504007726907717,2.5));
#6021=CARTESIAN_POINT('',(5.,1.50400772690772,3.5));
#6022=CARTESIAN_POINT('',(5.,-0.995992273092283,1.));
#6023=CARTESIAN_POINT('',(-1.11022302462516E-15,1.50400772690772,3.5));
#6024=CARTESIAN_POINT('Origin',(5.,1.50400772690772,-5.5));
#6025=CARTESIAN_POINT('',(5.,0.504007726907717,1.5));
#6026=CARTESIAN_POINT('',(5.,0.504007726907717,3.5));
#6027=CARTESIAN_POINT('',(5.,1.50400772690772,1.5));
#6028=CARTESIAN_POINT('',(5.,1.50400772690772,1.5));
#6029=CARTESIAN_POINT('',(5.,1.50400772690772,-5.5));
#6030=CARTESIAN_POINT('',(5.,1.50400772690772,-5.5));
#6031=CARTESIAN_POINT('',(5.,3.50400772690772,-5.5));
#6032=CARTESIAN_POINT('',(5.,1.85400772690772,-5.5));
#6033=CARTESIAN_POINT('',(5.,3.50400772690772,3.5));
#6034=CARTESIAN_POINT('',(5.,3.50400772690772,-5.5));
#6035=CARTESIAN_POINT('',(5.,1.50400772690772,3.5));
#6036=CARTESIAN_POINT('Origin',(-1.11022302462516E-15,0.504007726907717,
2.5));
#6037=CARTESIAN_POINT('',(-5.,0.504007726907717,1.5));
#6038=CARTESIAN_POINT('',(-5.,0.504007726907717,1.5));
#6039=CARTESIAN_POINT('',(5.,0.504007726907717,1.5));
#6040=CARTESIAN_POINT('Origin',(-5.,1.50400772690772,1.5));
#6041=CARTESIAN_POINT('',(-5.,1.50400772690772,1.5));
#6042=CARTESIAN_POINT('',(-5.49856405273382,1.50400772690772,1.5));
#6043=CARTESIAN_POINT('',(-5.,1.50400772690772,1.5));
#6044=CARTESIAN_POINT('Origin',(-5.99712810546763,1.50400772690772,2.5));
#6045=CARTESIAN_POINT('',(-2.99856405273382,1.50400772690772,-5.5));
#6046=CARTESIAN_POINT('',(-5.,1.50400772690772,-5.5));
#6047=CARTESIAN_POINT('',(-5.,1.50400772690772,-5.5));
#6048=CARTESIAN_POINT('',(-2.99856405273382,1.50400772690772,-5.5));
#6049=CARTESIAN_POINT('Origin',(5.,3.50400772690772,-5.5));
#6050=CARTESIAN_POINT('',(-5.,3.50400772690772,-5.5));
#6051=CARTESIAN_POINT('',(2.5,3.50400772690772,-5.5));
#6052=CARTESIAN_POINT('',(-5.,3.50400772690772,3.5));
#6053=CARTESIAN_POINT('',(-5.,3.50400772690772,-5.5));
#6054=CARTESIAN_POINT('',(5.,3.50400772690772,3.5));
#6055=CARTESIAN_POINT('Origin',(-5.,3.50400772690772,-5.5));
#6056=CARTESIAN_POINT('',(-5.,3.50400772690772,3.5));
#6057=CARTESIAN_POINT('',(-5.,2.85400772690772,-5.5));
#6058=CARTESIAN_POINT('Origin',(-1.11022302462516E-15,2.50400772690772,
3.5));
#6059=CARTESIAN_POINT('Origin',(0.,2.20400772690772,-5.5));
#6060=CARTESIAN_POINT('',(6.,3.90400772690772,-5.5));
#6061=CARTESIAN_POINT('Origin',(-6.,3.90400772690772,2.5));
#6062=CARTESIAN_POINT('Origin',(8.04838659815288E-7,-30.6571975404084,-1.11022302462516E-15));
#6063=CARTESIAN_POINT('',(1.50000080483866,-30.6571975404084,-0.500000000000001));
#6064=CARTESIAN_POINT('',(1.50000080483866,-30.6571975404084,-1.11022302462516E-15));
#6065=CARTESIAN_POINT('Origin',(8.04838659815288E-7,-30.6571975404084,-0.500000000000001));
#6066=CARTESIAN_POINT('Origin',(8.04838659884677E-7,-30.6571975404084,-0.500000000000001));
#6067=CARTESIAN_POINT('',(0.800000773414553,-30.6571975404084,-0.500000000000001));
#6068=CARTESIAN_POINT('Origin',(8.04838660023455E-7,-30.6571975404084,-0.500000000000001));
#6069=CARTESIAN_POINT('Origin',(-13.399999588728,0.504005700349794,-2.74999998509884));
#6070=CARTESIAN_POINT('Origin',(-16.9999990612268,-13.1590255067212,9.61884287362406));
#6071=CARTESIAN_POINT('Origin',(-17.0999990612268,-13.1590255067212,9.61884287362406));
#6072=CARTESIAN_POINT('Origin',(-17.0999990612268,-13.1592005086334,-4.18747192167717));
#6073=CARTESIAN_POINT('Origin',(17.1000027865171,-13.1592005086334,-4.18747192167718));
#6074=CARTESIAN_POINT('Origin',(0.227977532181847,-26.2969907358802,-2.5));
#6075=CARTESIAN_POINT('',(20.1663108857571,-19.9284820170516,-2.5));
#6076=CARTESIAN_POINT('Origin',(18.6302272258216,-13.559973506468,9.78206389578755));
#6077=CARTESIAN_POINT('Origin',(8.04838660162233E-7,-30.6571975404084,1.50000024586916));
#6078=CARTESIAN_POINT('',(0.800000773414553,-30.6571975404084,1.50000024586916));
#6079=UNCERTAINTY_MEASURE_WITH_UNIT(LENGTH_MEASURE(0.01),#6083,
'DISTANCE_ACCURACY_VALUE',
'Maximum model space distance between geometric entities at asserted c
onnectivities');
#6080=UNCERTAINTY_MEASURE_WITH_UNIT(LENGTH_MEASURE(0.01),#6083,
'DISTANCE_ACCURACY_VALUE',
'Maximum model space distance between geometric entities at asserted c
onnectivities');
#6081=(
GEOMETRIC_REPRESENTATION_CONTEXT(3)
GLOBAL_UNCERTAINTY_ASSIGNED_CONTEXT((#6079))
GLOBAL_UNIT_ASSIGNED_CONTEXT((#6083,#6084,#6085))
REPRESENTATION_CONTEXT('','3D')
);
#6082=(
GEOMETRIC_REPRESENTATION_CONTEXT(3)
GLOBAL_UNCERTAINTY_ASSIGNED_CONTEXT((#6080))
GLOBAL_UNIT_ASSIGNED_CONTEXT((#6083,#6084,#6085))
REPRESENTATION_CONTEXT('','3D')
);
#6083=(
LENGTH_UNIT()
NAMED_UNIT(*)
SI_UNIT(.MILLI.,.METRE.)
);
#6084=(
NAMED_UNIT(*)
PLANE_ANGLE_UNIT()
SI_UNIT($,.RADIAN.)
);
#6085=(
NAMED_UNIT(*)
SI_UNIT($,.STERADIAN.)
SOLID_ANGLE_UNIT()
);
#6086=SHAPE_DEFINITION_REPRESENTATION(#6087,#6088);
#6087=PRODUCT_DEFINITION_SHAPE('',$,#6090);
#6088=SHAPE_REPRESENTATION('',(#3660),#6081);
#6089=PRODUCT_DEFINITION_CONTEXT('part definition',#6094,'design');
#6090=PRODUCT_DEFINITION('2026-08-29-07-36-20-048','foot_left',#6091,#6089);
#6091=PRODUCT_DEFINITION_FORMATION('',$,#6096);
#6092=PRODUCT_RELATED_PRODUCT_CATEGORY('foot_left','foot_left',(#6096));
#6093=APPLICATION_PROTOCOL_DEFINITION('international standard',
'automotive_design',2009,#6094);
#6094=APPLICATION_CONTEXT(
'Core Data for Automotive Mechanical Design Process');
#6095=PRODUCT_CONTEXT('part definition',#6094,'mechanical');
#6096=PRODUCT('2026-08-29-07-36-20-048','foot_left',$,(#6095));
#6097=PRESENTATION_STYLE_ASSIGNMENT((#6098));
#6098=SURFACE_STYLE_USAGE(.BOTH.,#6099);
#6099=SURFACE_SIDE_STYLE('',(#6100));
#6100=SURFACE_STYLE_FILL_AREA(#6101);
#6101=FILL_AREA_STYLE('Steel - Satin',(#6102));
#6102=FILL_AREA_STYLE_COLOUR('Steel - Satin',#6103);
#6103=COLOUR_RGB('Steel - Satin',0.627450980392157,0.627450980392157,0.627450980392157);
ENDSEC;
END-ISO-10303-21;
