ISO-10303-21;
HEADER;
/* Generated by software containing ST-Developer
 * from STEP Tools, Inc. (www.steptools.com) 
 */

FILE_DESCRIPTION(
/* description */ (''),
/* implementation_level */ '2;1');

FILE_NAME(
/* name */ 'upper_leg_rigidity_plate.step',
/* time_stamp */ '2026-09-17T17:51:04-06:00',
/* author */ (''),
/* organization */ (''),
/* preprocessor_version */ 'ST-DEVELOPER v20.2',
/* originating_system */ 'Autodesk Translation Framework v15.15.0.0',
/* authorisation */ '');

FILE_SCHEMA (('AUTOMOTIVE_DESIGN { 1 0 10303 214 3 1 1 }'));
ENDSEC;

DATA;
#10=MECHANICAL_DESIGN_GEOMETRIC_PRESENTATION_REPRESENTATION('',(#13),#2999);
#11=SHAPE_REPRESENTATION_RELATIONSHIP('SRR','None',#3006,#12);
#12=ADVANCED_BREP_SHAPE_REPRESENTATION('',(#14),#2998);
#13=STYLED_ITEM('',(#3015),#14);
#14=MANIFOLD_SOLID_BREP('MeshBody1',#774);
#15=B_SPLINE_SURFACE_WITH_KNOTS('',3,3,((#1563,#1564,#1565,#1566),(#1567,
#1568,#1569,#1570),(#1571,#1572,#1573,#1574),(#1575,#1576,#1577,#1578),
(#1579,#1580,#1581,#1582),(#1583,#1584,#1585,#1586),(#1587,#1588,#1589,
#1590),(#1591,#1592,#1593,#1594),(#1595,#1596,#1597,#1598),(#1599,#1600,
#1601,#1602),(#1603,#1604,#1605,#1606),(#1607,#1608,#1609,#1610)),
 .UNSPECIFIED.,.F.,.F.,.F.,(4,1,1,1,1,1,1,1,1,4),(4,4),(0.,0.0148048609562396,
0.02220740157184,0.0296096166828384,0.946017267435117,0.962987908267734,
0.970390281278497,0.977792665195881,0.985195146955341,1.),(0.,1.),
 .UNSPECIFIED.);
#16=B_SPLINE_SURFACE_WITH_KNOTS('',5,5,((#1611,#1612,#1613,#1614,#1615,
#1616,#1617,#1618,#1619,#1620,#1621,#1622,#1623,#1624,#1625,#1626,#1627,
#1628,#1629,#1630,#1631,#1632,#1633,#1634,#1635,#1636,#1637,#1638,#1639,
#1640,#1641,#1642,#1643),(#1644,#1645,#1646,#1647,#1648,#1649,#1650,#1651,
#1652,#1653,#1654,#1655,#1656,#1657,#1658,#1659,#1660,#1661,#1662,#1663,
#1664,#1665,#1666,#1667,#1668,#1669,#1670,#1671,#1672,#1673,#1674,#1675,
#1676),(#1677,#1678,#1679,#1680,#1681,#1682,#1683,#1684,#1685,#1686,#1687,
#1688,#1689,#1690,#1691,#1692,#1693,#1694,#1695,#1696,#1697,#1698,#1699,
#1700,#1701,#1702,#1703,#1704,#1705,#1706,#1707,#1708,#1709),(#1710,#1711,
#1712,#1713,#1714,#1715,#1716,#1717,#1718,#1719,#1720,#1721,#1722,#1723,
#1724,#1725,#1726,#1727,#1728,#1729,#1730,#1731,#1732,#1733,#1734,#1735,
#1736,#1737,#1738,#1739,#1740,#1741,#1742),(#1743,#1744,#1745,#1746,#1747,
#1748,#1749,#1750,#1751,#1752,#1753,#1754,#1755,#1756,#1757,#1758,#1759,
#1760,#1761,#1762,#1763,#1764,#1765,#1766,#1767,#1768,#1769,#1770,#1771,
#1772,#1773,#1774,#1775),(#1776,#1777,#1778,#1779,#1780,#1781,#1782,#1783,
#1784,#1785,#1786,#1787,#1788,#1789,#1790,#1791,#1792,#1793,#1794,#1795,
#1796,#1797,#1798,#1799,#1800,#1801,#1802,#1803,#1804,#1805,#1806,#1807,
#1808),(#1809,#1810,#1811,#1812,#1813,#1814,#1815,#1816,#1817,#1818,#1819,
#1820,#1821,#1822,#1823,#1824,#1825,#1826,#1827,#1828,#1829,#1830,#1831,
#1832,#1833,#1834,#1835,#1836,#1837,#1838,#1839,#1840,#1841),(#1842,#1843,
#1844,#1845,#1846,#1847,#1848,#1849,#1850,#1851,#1852,#1853,#1854,#1855,
#1856,#1857,#1858,#1859,#1860,#1861,#1862,#1863,#1864,#1865,#1866,#1867,
#1868,#1869,#1870,#1871,#1872,#1873,#1874),(#1875,#1876,#1877,#1878,#1879,
#1880,#1881,#1882,#1883,#1884,#1885,#1886,#1887,#1888,#1889,#1890,#1891,
#1892,#1893,#1894,#1895,#1896,#1897,#1898,#1899,#1900,#1901,#1902,#1903,
#1904,#1905,#1906,#1907),(#1908,#1909,#1910,#1911,#1912,#1913,#1914,#1915,
#1916,#1917,#1918,#1919,#1920,#1921,#1922,#1923,#1924,#1925,#1926,#1927,
#1928,#1929,#1930,#1931,#1932,#1933,#1934,#1935,#1936,#1937,#1938,#1939,
#1940),(#1941,#1942,#1943,#1944,#1945,#1946,#1947,#1948,#1949,#1950,#1951,
#1952,#1953,#1954,#1955,#1956,#1957,#1958,#1959,#1960,#1961,#1962,#1963,
#1964,#1965,#1966,#1967,#1968,#1969,#1970,#1971,#1972,#1973),(#1974,#1975,
#1976,#1977,#1978,#1979,#1980,#1981,#1982,#1983,#1984,#1985,#1986,#1987,
#1988,#1989,#1990,#1991,#1992,#1993,#1994,#1995,#1996,#1997,#1998,#1999,
#2000,#2001,#2002,#2003,#2004,#2005,#2006),(#2007,#2008,#2009,#2010,#2011,
#2012,#2013,#2014,#2015,#2016,#2017,#2018,#2019,#2020,#2021,#2022,#2023,
#2024,#2025,#2026,#2027,#2028,#2029,#2030,#2031,#2032,#2033,#2034,#2035,
#2036,#2037,#2038,#2039),(#2040,#2041,#2042,#2043,#2044,#2045,#2046,#2047,
#2048,#2049,#2050,#2051,#2052,#2053,#2054,#2055,#2056,#2057,#2058,#2059,
#2060,#2061,#2062,#2063,#2064,#2065,#2066,#2067,#2068,#2069,#2070,#2071,
#2072),(#2073,#2074,#2075,#2076,#2077,#2078,#2079,#2080,#2081,#2082,#2083,
#2084,#2085,#2086,#2087,#2088,#2089,#2090,#2091,#2092,#2093,#2094,#2095,
#2096,#2097,#2098,#2099,#2100,#2101,#2102,#2103,#2104,#2105),(#2106,#2107,
#2108,#2109,#2110,#2111,#2112,#2113,#2114,#2115,#2116,#2117,#2118,#2119,
#2120,#2121,#2122,#2123,#2124,#2125,#2126,#2127,#2128,#2129,#2130,#2131,
#2132,#2133,#2134,#2135,#2136,#2137,#2138),(#2139,#2140,#2141,#2142,#2143,
#2144,#2145,#2146,#2147,#2148,#2149,#2150,#2151,#2152,#2153,#2154,#2155,
#2156,#2157,#2158,#2159,#2160,#2161,#2162,#2163,#2164,#2165,#2166,#2167,
#2168,#2169,#2170,#2171),(#2172,#2173,#2174,#2175,#2176,#2177,#2178,#2179,
#2180,#2181,#2182,#2183,#2184,#2185,#2186,#2187,#2188,#2189,#2190,#2191,
#2192,#2193,#2194,#2195,#2196,#2197,#2198,#2199,#2200,#2201,#2202,#2203,
#2204),(#2205,#2206,#2207,#2208,#2209,#2210,#2211,#2212,#2213,#2214,#2215,
#2216,#2217,#2218,#2219,#2220,#2221,#2222,#2223,#2224,#2225,#2226,#2227,
#2228,#2229,#2230,#2231,#2232,#2233,#2234,#2235,#2236,#2237),(#2238,#2239,
#2240,#2241,#2242,#2243,#2244,#2245,#2246,#2247,#2248,#2249,#2250,#2251,
#2252,#2253,#2254,#2255,#2256,#2257,#2258,#2259,#2260,#2261,#2262,#2263,
#2264,#2265,#2266,#2267,#2268,#2269,#2270),(#2271,#2272,#2273,#2274,#2275,
#2276,#2277,#2278,#2279,#2280,#2281,#2282,#2283,#2284,#2285,#2286,#2287,
#2288,#2289,#2290,#2291,#2292,#2293,#2294,#2295,#2296,#2297,#2298,#2299,
#2300,#2301,#2302,#2303),(#2304,#2305,#2306,#2307,#2308,#2309,#2310,#2311,
#2312,#2313,#2314,#2315,#2316,#2317,#2318,#2319,#2320,#2321,#2322,#2323,
#2324,#2325,#2326,#2327,#2328,#2329,#2330,#2331,#2332,#2333,#2334,#2335,
#2336),(#2337,#2338,#2339,#2340,#2341,#2342,#2343,#2344,#2345,#2346,#2347,
#2348,#2349,#2350,#2351,#2352,#2353,#2354,#2355,#2356,#2357,#2358,#2359,
#2360,#2361,#2362,#2363,#2364,#2365,#2366,#2367,#2368,#2369),(#2370,#2371,
#2372,#2373,#2374,#2375,#2376,#2377,#2378,#2379,#2380,#2381,#2382,#2383,
#2384,#2385,#2386,#2387,#2388,#2389,#2390,#2391,#2392,#2393,#2394,#2395,
#2396,#2397,#2398,#2399,#2400,#2401,#2402),(#2403,#2404,#2405,#2406,#2407,
#2408,#2409,#2410,#2411,#2412,#2413,#2414,#2415,#2416,#2417,#2418,#2419,
#2420,#2421,#2422,#2423,#2424,#2425,#2426,#2427,#2428,#2429,#2430,#2431,
#2432,#2433,#2434,#2435),(#2436,#2437,#2438,#2439,#2440,#2441,#2442,#2443,
#2444,#2445,#2446,#2447,#2448,#2449,#2450,#2451,#2452,#2453,#2454,#2455,
#2456,#2457,#2458,#2459,#2460,#2461,#2462,#2463,#2464,#2465,#2466,#2467,
#2468),(#2469,#2470,#2471,#2472,#2473,#2474,#2475,#2476,#2477,#2478,#2479,
#2480,#2481,#2482,#2483,#2484,#2485,#2486,#2487,#2488,#2489,#2490,#2491,
#2492,#2493,#2494,#2495,#2496,#2497,#2498,#2499,#2500,#2501),(#2502,#2503,
#2504,#2505,#2506,#2507,#2508,#2509,#2510,#2511,#2512,#2513,#2514,#2515,
#2516,#2517,#2518,#2519,#2520,#2521,#2522,#2523,#2524,#2525,#2526,#2527,
#2528,#2529,#2530,#2531,#2532,#2533,#2534),(#2535,#2536,#2537,#2538,#2539,
#2540,#2541,#2542,#2543,#2544,#2545,#2546,#2547,#2548,#2549,#2550,#2551,
#2552,#2553,#2554,#2555,#2556,#2557,#2558,#2559,#2560,#2561,#2562,#2563,
#2564,#2565,#2566,#2567),(#2568,#2569,#2570,#2571,#2572,#2573,#2574,#2575,
#2576,#2577,#2578,#2579,#2580,#2581,#2582,#2583,#2584,#2585,#2586,#2587,
#2588,#2589,#2590,#2591,#2592,#2593,#2594,#2595,#2596,#2597,#2598,#2599,
#2600),(#2601,#2602,#2603,#2604,#2605,#2606,#2607,#2608,#2609,#2610,#2611,
#2612,#2613,#2614,#2615,#2616,#2617,#2618,#2619,#2620,#2621,#2622,#2623,
#2624,#2625,#2626,#2627,#2628,#2629,#2630,#2631,#2632,#2633),(#2634,#2635,
#2636,#2637,#2638,#2639,#2640,#2641,#2642,#2643,#2644,#2645,#2646,#2647,
#2648,#2649,#2650,#2651,#2652,#2653,#2654,#2655,#2656,#2657,#2658,#2659,
#2660,#2661,#2662,#2663,#2664,#2665,#2666),(#2667,#2668,#2669,#2670,#2671,
#2672,#2673,#2674,#2675,#2676,#2677,#2678,#2679,#2680,#2681,#2682,#2683,
#2684,#2685,#2686,#2687,#2688,#2689,#2690,#2691,#2692,#2693,#2694,#2695,
#2696,#2697,#2698,#2699)),.UNSPECIFIED.,.F.,.F.,.F.,(6,3,3,3,3,3,3,3,3,
3,6),(6,3,3,3,3,3,3,3,3,3,6),(-0.00380861083945923,-0.00333240567446056,
-0.0028562005094619,-0.00190379017946456,-0.000951379849467225,1.03048053011002E-6,
0.000953440810527445,0.00190585114052478,0.00285826147052212,0.00333446663552078,
0.00381067180051945),(-0.00050421375197746,-0.000440999250859022,-0.000377999357879162,
-0.000314999464899302,-0.000251999571919441,-0.000125999785959721,0.,0.000125999785959721,
0.000251999571919441,0.000377999357879162,0.000503999143838883),
 .UNSPECIFIED.);
#17=B_SPLINE_SURFACE_WITH_KNOTS('',3,3,((#2700,#2701,#2702,#2703),(#2704,
#2705,#2706,#2707),(#2708,#2709,#2710,#2711),(#2712,#2713,#2714,#2715),
(#2716,#2717,#2718,#2719),(#2720,#2721,#2722,#2723),(#2724,#2725,#2726,
#2727),(#2728,#2729,#2730,#2731),(#2732,#2733,#2734,#2735),(#2736,#2737,
#2738,#2739),(#2740,#2741,#2742,#2743),(#2744,#2745,#2746,#2747),(#2748,
#2749,#2750,#2751),(#2752,#2753,#2754,#2755),(#2756,#2757,#2758,#2759),
(#2760,#2761,#2762,#2763),(#2764,#2765,#2766,#2767),(#2768,#2769,#2770,
#2771),(#2772,#2773,#2774,#2775),(#2776,#2777,#2778,#2779),(#2780,#2781,
#2782,#2783),(#2784,#2785,#2786,#2787),(#2788,#2789,#2790,#2791),(#2792,
#2793,#2794,#2795),(#2796,#2797,#2798,#2799),(#2800,#2801,#2802,#2803),
(#2804,#2805,#2806,#2807),(#2808,#2809,#2810,#2811),(#2812,#2813,#2814,
#2815),(#2816,#2817,#2818,#2819),(#2820,#2821,#2822,#2823),(#2824,#2825,
#2826,#2827),(#2828,#2829,#2830,#2831),(#2832,#2833,#2834,#2835),(#2836,
#2837,#2838,#2839),(#2840,#2841,#2842,#2843),(#2844,#2845,#2846,#2847),
(#2848,#2849,#2850,#2851),(#2852,#2853,#2854,#2855),(#2856,#2857,#2858,
#2859),(#2860,#2861,#2862,#2863),(#2864,#2865,#2866,#2867),(#2868,#2869,
#2870,#2871),(#2872,#2873,#2874,#2875),(#2876,#2877,#2878,#2879),(#2880,
#2881,#2882,#2883),(#2884,#2885,#2886,#2887),(#2888,#2889,#2890,#2891),
(#2892,#2893,#2894,#2895),(#2896,#2897,#2898,#2899),(#2900,#2901,#2902,
#2903),(#2904,#2905,#2906,#2907),(#2908,#2909,#2910,#2911),(#2912,#2913,
#2914,#2915),(#2916,#2917,#2918,#2919),(#2920,#2921,#2922,#2923),(#2924,
#2925,#2926,#2927)),.UNSPECIFIED.,.F.,.F.,.F.,(4,1,1,1,1,1,1,1,1,1,1,1,
1,1,1,1,1,1,1,1,1,1,1,1,1,1,1,1,1,1,1,1,1,1,1,1,1,1,1,1,1,1,1,1,1,1,1,1,
1,1,1,1,1,1,4),(4,4),(0.,0.0135760525445537,0.0629761046330107,0.11237618075765,
0.161776092531257,0.211176029196647,0.260576129647316,0.309976083639134,
0.35937606506452,0.408776046489906,0.458176196077795,0.507576103520707,
0.556976040186097,0.606376135997705,0.655776123264445,0.705176090242121,
0.711964092090579,0.718752138871201,0.725540241980763,0.732328202971642,
0.73911621664458,0.745904259163378,0.752692308910293,0.759480388180262,
0.766268381935489,0.773056377522562,0.779844505718523,0.786632472293459,
0.793420488090883,0.800208576861053,0.80699657809383,0.813784582211222,
0.820572639847506,0.827360712753908,0.834148706409739,0.840936735848439,
0.847724775569342,0.854512826846328,0.861300864728781,0.868088867507373,
0.874876897229958,0.877286313675537,0.912295763241767,0.919042248149191,
0.92578874138005,0.932535195327447,0.939281679500106,0.946028122630122,
0.952774623197645,0.95952114246788,0.966267595178672,0.973014056954899,
0.979760549985744,0.986507029651603,1.),(0.,1.),.UNSPECIFIED.);
#18=B_SPLINE_SURFACE_WITH_KNOTS('',3,3,((#2928,#2929,#2930,#2931),(#2932,
#2933,#2934,#2935),(#2936,#2937,#2938,#2939),(#2940,#2941,#2942,#2943),
(#2944,#2945,#2946,#2947),(#2948,#2949,#2950,#2951),(#2952,#2953,#2954,
#2955),(#2956,#2957,#2958,#2959),(#2960,#2961,#2962,#2963),(#2964,#2965,
#2966,#2967),(#2968,#2969,#2970,#2971),(#2972,#2973,#2974,#2975),(#2976,
#2977,#2978,#2979),(#2980,#2981,#2982,#2983),(#2984,#2985,#2986,#2987),
(#2988,#2989,#2990,#2991),(#2992,#2993,#2994,#2995)),.UNSPECIFIED.,.F.,
 .F.,.F.,(4,1,1,1,1,1,1,1,1,1,1,1,1,1,4),(4,4),(0.,0.354050325902456,0.531075501853242,
0.70810067798983,0.732425592208481,0.756750511243932,0.781075463659997,
0.80540041039828,0.829725377431921,0.854050255938697,0.878375267639078,
0.902700206887112,0.927025102917352,0.9513500896472,1.),(0.,1.),
 .UNSPECIFIED.);
#19=SPHERICAL_SURFACE('',#859,20.3453536372804);
#20=FACE_BOUND('',#130,.T.);
#21=FACE_BOUND('',#131,.T.);
#22=FACE_BOUND('',#132,.T.);
#23=FACE_BOUND('',#133,.T.);
#24=FACE_BOUND('',#134,.T.);
#25=FACE_BOUND('',#135,.T.);
#26=FACE_BOUND('',#136,.T.);
#27=FACE_BOUND('',#137,.T.);
#28=FACE_BOUND('',#138,.T.);
#29=FACE_BOUND('',#143,.T.);
#30=FACE_BOUND('',#144,.T.);
#31=FACE_BOUND('',#145,.T.);
#32=FACE_BOUND('',#146,.T.);
#33=FACE_BOUND('',#147,.T.);
#34=FACE_BOUND('',#148,.T.);
#35=FACE_BOUND('',#149,.T.);
#36=FACE_BOUND('',#150,.T.);
#37=FACE_BOUND('',#151,.T.);
#38=(
BOUNDED_CURVE()
B_SPLINE_CURVE(2,(#1278,#1279,#1280,#1281,#1282,#1283,#1284,#1285),
 .UNSPECIFIED.,.F.,.F.)
B_SPLINE_CURVE_WITH_KNOTS((3,1,1,1,1,1,3),(0.000128545740287725,0.000699398439370294,
0.00185739072240783,0.00524881806056141,0.0137941654930749,0.0245419591106447,
0.0256501784242211),.UNSPECIFIED.)
CURVE()
GEOMETRIC_REPRESENTATION_ITEM()
RATIONAL_B_SPLINE_CURVE((1.24595225717188,1.79004065258467,3.38321225461371,
7.28406338740796,15.2787716520053,19.076564757463,14.3585078296946,13.8495290185085))
REPRESENTATION_ITEM('')
);
#39=(
BOUNDED_CURVE()
B_SPLINE_CURVE(2,(#1287,#1288,#1289,#1290,#1291,#1292,#1293),
 .UNSPECIFIED.,.F.,.F.)
B_SPLINE_CURVE_WITH_KNOTS((3,1,1,1,1,3),(-0.0173490734355058,-0.0140086752457385,
-0.00535301770769356,-0.00189158925626027,-0.000709825721853844,-0.000125570900559051),
 .UNSPECIFIED.)
CURVE()
GEOMETRIC_REPRESENTATION_ITEM()
RATIONAL_B_SPLINE_CURVE((18.0467707123929,18.046777950784,15.7773144395287,
7.54490913225811,3.48004680114324,1.81579373208368,1.24587323304171))
REPRESENTATION_ITEM('')
);
#40=(
BOUNDED_CURVE()
B_SPLINE_CURVE(2,(#1296,#1297,#1298,#1299),.UNSPECIFIED.,.F.,.F.)
B_SPLINE_CURVE_WITH_KNOTS((3,1,3),(-0.0257605967436505,-0.0247099506764898,
-0.0173490734355058),.UNSPECIFIED.)
CURVE()
GEOMETRIC_REPRESENTATION_ITEM()
RATIONAL_B_SPLINE_CURVE((14.0395365527897,14.5400601209326,18.0467547619268,
18.0467707123929))
REPRESENTATION_ITEM('')
);
#41=CONICAL_SURFACE('',#852,7.8811866521808,1.54473927638938);
#42=PLANE('',#851);
#43=PLANE('',#853);
#44=PLANE('',#854);
#45=PLANE('',#855);
#46=PLANE('',#856);
#47=PLANE('',#858);
#48=PLANE('',#861);
#49=PLANE('',#862);
#50=PLANE('',#863);
#51=PLANE('',#864);
#52=PLANE('',#865);
#53=B_SPLINE_CURVE_WITH_KNOTS('',3,(#1103,#1104,#1105,#1106,#1107,#1108,
#1109),.UNSPECIFIED.,.F.,.F.,(4,3,4),(-0.00875252274256854,-0.00792862803753326,
-0.00776402147684296),.UNSPECIFIED.);
#54=B_SPLINE_CURVE_WITH_KNOTS('',3,(#1157,#1158,#1159,#1160,#1161,#1162,
#1163),.UNSPECIFIED.,.F.,.F.,(4,3,4),(-0.000486241607068943,0.,0.000486241675311377),
 .UNSPECIFIED.);
#55=B_SPLINE_CURVE_WITH_KNOTS('',3,(#1169,#1170,#1171,#1172,#1173,#1174,
#1175),.UNSPECIFIED.,.F.,.F.,(4,3,4),(-0.059129780207727,-0.0586234034600159,
-0.0581170267274162),.UNSPECIFIED.);
#56=B_SPLINE_CURVE_WITH_KNOTS('',3,(#1211,#1212,#1213,#1214,#1215,#1216,
#1217),.UNSPECIFIED.,.F.,.F.,(4,3,4),(-0.00385433446502381,-0.00327813073692423,
-0.00290791734837285),.UNSPECIFIED.);
#57=B_SPLINE_CURVE_WITH_KNOTS('',3,(#1315,#1316,#1317,#1318,#1319,#1320,
#1321,#1322,#1323,#1324,#1325,#1326),.UNSPECIFIED.,.F.,.F.,(4,1,1,1,1,1,
1,1,1,4),(-0.0117851485321801,-0.0116106710468125,-0.0115234310061422,-0.0114361948015919,
-0.000636194521450102,-0.000436192998551428,-0.000348954933128983,-0.000261716739170397,
-0.000174477392128406,0.),.UNSPECIFIED.);
#58=B_SPLINE_CURVE_WITH_KNOTS('',3,(#1327,#1328,#1329,#1330,#1331,#1332,
#1333,#1334,#1335,#1336,#1337,#1338,#1339,#1340,#1341,#1342,#1343),
 .UNSPECIFIED.,.F.,.F.,(4,1,1,1,1,1,1,1,1,1,1,1,1,1,4),(-0.00527545789146215,
-0.00340768030570529,-0.00247379144424825,-0.001539902581811,-0.00141157752113708,
-0.00128325243505233,-0.00115492717286956,-0.00102660194063969,-0.000898276601342511,
-0.000769951729065083,-0.000641626154130399,-0.000513300961415019,-0.000384975996693296,
-0.000256650553489604,0.),.UNSPECIFIED.);
#59=B_SPLINE_CURVE_WITH_KNOTS('',3,(#1344,#1345,#1346,#1347,#1348,#1349,
#1350,#1351,#1352,#1353,#1354,#1355,#1356,#1357,#1358,#1359,#1360,#1361,
#1362,#1363,#1364,#1365,#1366,#1367,#1368,#1369,#1370,#1371,#1372,#1373,
#1374),.UNSPECIFIED.,.F.,.F.,(4,3,3,3,3,3,3,3,3,3,4),(3.64990702134027E-5,
0.000482805916198658,0.000972532809334799,0.00193906524194205,0.00287114719350566,
0.00380951602097841,0.00485702983127023,0.00618130856058213,0.00808721407592966,
0.00960752319460125,0.0125942540518364),.UNSPECIFIED.);
#60=B_SPLINE_CURVE_WITH_KNOTS('',3,(#1375,#1376,#1377,#1378,#1379,#1380,
#1381,#1382,#1383,#1384,#1385,#1386,#1387,#1388,#1389,#1390,#1391,#1392,
#1393,#1394,#1395,#1396,#1397,#1398,#1399,#1400,#1401,#1402,#1403,#1404,
#1405,#1406,#1407,#1408,#1409,#1410,#1411,#1412,#1413,#1414,#1415,#1416,
#1417,#1418,#1419,#1420,#1421,#1422,#1423,#1424,#1425,#1426,#1427,#1428,
#1429,#1430,#1431),.UNSPECIFIED.,.F.,.F.,(4,1,1,1,1,1,1,1,1,1,1,1,1,1,1,
1,1,1,1,1,1,1,1,1,1,1,1,1,1,1,1,1,1,1,1,1,1,1,1,1,1,1,1,1,1,1,1,1,1,1,1,
1,1,1,4),(-0.0189046291947018,-0.0186479789554192,-0.017714089288488,-0.0167801991671616,
-0.0158463121528306,-0.0149124246679297,-0.0139785340867287,-0.0130446462742781,
-0.012110757943206,-0.0111768696121339,-0.0102429781020121,-0.00930909116955125,
-0.00837520368465031,-0.00744131319114911,-0.0065074247496484,-0.00557353669170492,
-0.00544521203378688,-0.00531688652644293,-0.00518855995422126,-0.00506023606870059,
-0.00493191118724513,-0.00480358576046938,-0.00467526019704878,-0.00454693407550576,
-0.00441860957058725,-0.00429028503103836,-0.00416195798456761,-0.00403363399348241,
-0.00390530907186435,-0.00377698277072356,-0.00364865812444472,-0.00352033342363332,
-0.00339200771106712,-0.00326368170982498,-0.00313535720678551,-0.00300703202728415,
-0.00287870665340159,-0.00275038106105554,-0.00262205572192818,-0.00249373104642629,
-0.00236540586155822,-0.00231985673707892,-0.00165801607471873,-0.00153047627917622,
-0.00140293632628228,-0.00127539711602761,-0.00114785733437556,-0.00102031832861947,
-0.000892778237028603,-0.000765237791869897,-0.000637698604992789,-0.000510159246736973,
-0.000382619297624222,-0.000255079601171562,0.),.UNSPECIFIED.);
#61=B_SPLINE_CURVE_WITH_KNOTS('',3,(#1442,#1443,#1444,#1445,#1446,#1447,
#1448,#1449,#1450,#1451,#1452,#1453),.UNSPECIFIED.,.F.,.F.,(4,1,1,1,1,1,
1,1,1,4),(-0.0117851485321801,-0.0116106710468125,-0.0115234310061422,-0.0114361948015919,
-0.000636194521450102,-0.000436192998551428,-0.000348954933128983,-0.000261716739170397,
-0.000174477392128406,0.),.UNSPECIFIED.);
#62=B_SPLINE_CURVE_WITH_KNOTS('',3,(#1454,#1455,#1456,#1457,#1458,#1459,
#1460,#1461,#1462,#1463,#1464,#1465,#1466,#1467,#1468,#1469,#1470,#1471,
#1472,#1473,#1474,#1475,#1476,#1477,#1478,#1479,#1480,#1481,#1482,#1483,
#1484),.UNSPECIFIED.,.F.,.F.,(4,3,3,3,3,3,3,3,3,3,4),(-0.0124791847644506,
-0.00954242207780453,-0.00805622063116991,-0.00617309170437799,-0.00485536096256066,
-0.00380922223627942,-0.00285819176840245,-0.00190778628775102,-0.000953618729534148,
-0.000475691989859091,-3.16140949312277E-5),.UNSPECIFIED.);
#63=B_SPLINE_CURVE_WITH_KNOTS('',3,(#1485,#1486,#1487,#1488,#1489,#1490,
#1491,#1492,#1493,#1494,#1495,#1496,#1497,#1498,#1499,#1500,#1501),
 .UNSPECIFIED.,.F.,.F.,(4,1,1,1,1,1,1,1,1,1,1,1,1,1,4),(0.,0.00186777758575686,
0.00280166644721391,0.00373555530965115,0.00386388037032507,0.00399220545640982,
0.00412053071859259,0.00424885595082246,0.00437718129011964,0.00450550616239707,
0.00463383173733176,0.00476215693004713,0.00489048189476886,0.00501880733797255,
0.00527545789146215),.UNSPECIFIED.);
#64=B_SPLINE_CURVE_WITH_KNOTS('',3,(#1503,#1504,#1505,#1506,#1507,#1508,
#1509,#1510,#1511,#1512,#1513,#1514,#1515,#1516,#1517,#1518,#1519,#1520,
#1521,#1522,#1523,#1524,#1525,#1526,#1527,#1528,#1529,#1530,#1531,#1532,
#1533,#1534,#1535,#1536,#1537,#1538,#1539,#1540,#1541,#1542,#1543,#1544,
#1545,#1546,#1547,#1548,#1549,#1550,#1551,#1552,#1553,#1554,#1555,#1556,
#1557,#1558,#1559),.UNSPECIFIED.,.F.,.F.,(4,1,1,1,1,1,1,1,1,1,1,1,1,1,1,
1,1,1,1,1,1,1,1,1,1,1,1,1,1,1,1,1,1,1,1,1,1,1,1,1,1,1,1,1,1,1,1,1,1,1,1,
1,1,1,4),(0.,0.000256650239282575,0.00119053990621381,0.00212443002754015,
0.00305831704187119,0.00399220452677213,0.00492609510797304,0.0058599829204237,
0.00679387125149578,0.00772775958256786,0.00866165109268969,0.00959553802515054,
0.0105294255100515,0.0114633160035527,0.0123972044450534,0.0133310925029969,
0.0134594171609149,0.0135877426682589,0.0137160692404805,0.0138443931260012,
0.0139727180074567,0.0141010434342324,0.014229368997653,0.014357695119196,
0.0144860196241145,0.0146143441636634,0.0147426712101342,0.0148709952012194,
0.0149993201228374,0.0151276464239782,0.0152559710702571,0.0153842957710685,
0.0155126214836347,0.0156409474848768,0.0157692719879163,0.0158975971674176,
0.0160259225413002,0.0161542481336462,0.0162825734727736,0.0164108981482755,
0.0165392233331436,0.0165847724576229,0.0172466131199831,0.0173741529155256,
0.0175016928684195,0.0176292320786742,0.0177567718603262,0.0178843108660823,
0.0180118509576732,0.0181393914028319,0.018266930589709,0.0183944699479648,
0.0185220098970776,0.0186495495935302,0.0189046291947018),.UNSPECIFIED.);
#65=FACE_OUTER_BOUND('',#103,.T.);
#66=FACE_OUTER_BOUND('',#104,.T.);
#67=FACE_OUTER_BOUND('',#105,.T.);
#68=FACE_OUTER_BOUND('',#106,.T.);
#69=FACE_OUTER_BOUND('',#107,.T.);
#70=FACE_OUTER_BOUND('',#108,.T.);
#71=FACE_OUTER_BOUND('',#109,.T.);
#72=FACE_OUTER_BOUND('',#110,.T.);
#73=FACE_OUTER_BOUND('',#111,.T.);
#74=FACE_OUTER_BOUND('',#112,.T.);
#75=FACE_OUTER_BOUND('',#113,.T.);
#76=FACE_OUTER_BOUND('',#114,.T.);
#77=FACE_OUTER_BOUND('',#115,.T.);
#78=FACE_OUTER_BOUND('',#116,.T.);
#79=FACE_OUTER_BOUND('',#117,.T.);
#80=FACE_OUTER_BOUND('',#118,.T.);
#81=FACE_OUTER_BOUND('',#119,.T.);
#82=FACE_OUTER_BOUND('',#120,.T.);
#83=FACE_OUTER_BOUND('',#121,.T.);
#84=FACE_OUTER_BOUND('',#122,.T.);
#85=FACE_OUTER_BOUND('',#123,.T.);
#86=FACE_OUTER_BOUND('',#124,.T.);
#87=FACE_OUTER_BOUND('',#125,.T.);
#88=FACE_OUTER_BOUND('',#126,.T.);
#89=FACE_OUTER_BOUND('',#127,.T.);
#90=FACE_OUTER_BOUND('',#128,.T.);
#91=FACE_OUTER_BOUND('',#129,.T.);
#92=FACE_OUTER_BOUND('',#139,.T.);
#93=FACE_OUTER_BOUND('',#140,.T.);
#94=FACE_OUTER_BOUND('',#141,.T.);
#95=FACE_OUTER_BOUND('',#142,.T.);
#96=FACE_OUTER_BOUND('',#152,.T.);
#97=FACE_OUTER_BOUND('',#153,.T.);
#98=FACE_OUTER_BOUND('',#154,.T.);
#99=FACE_OUTER_BOUND('',#155,.T.);
#100=FACE_OUTER_BOUND('',#156,.T.);
#101=FACE_OUTER_BOUND('',#157,.T.);
#102=FACE_OUTER_BOUND('',#158,.T.);
#103=EDGE_LOOP('',(#493,#494,#495,#496));
#104=EDGE_LOOP('',(#497,#498,#499,#500));
#105=EDGE_LOOP('',(#501,#502,#503,#504));
#106=EDGE_LOOP('',(#505,#506,#507,#508));
#107=EDGE_LOOP('',(#509,#510,#511,#512));
#108=EDGE_LOOP('',(#513,#514,#515,#516));
#109=EDGE_LOOP('',(#517,#518,#519,#520));
#110=EDGE_LOOP('',(#521,#522,#523,#524));
#111=EDGE_LOOP('',(#525,#526,#527,#528));
#112=EDGE_LOOP('',(#529,#530,#531,#532));
#113=EDGE_LOOP('',(#533,#534,#535,#536));
#114=EDGE_LOOP('',(#537,#538,#539,#540));
#115=EDGE_LOOP('',(#541,#542,#543,#544));
#116=EDGE_LOOP('',(#545,#546,#547,#548));
#117=EDGE_LOOP('',(#549,#550,#551,#552,#553));
#118=EDGE_LOOP('',(#554,#555,#556,#557));
#119=EDGE_LOOP('',(#558,#559,#560,#561));
#120=EDGE_LOOP('',(#562,#563,#564,#565));
#121=EDGE_LOOP('',(#566,#567,#568,#569));
#122=EDGE_LOOP('',(#570,#571,#572,#573));
#123=EDGE_LOOP('',(#574,#575,#576,#577));
#124=EDGE_LOOP('',(#578,#579,#580,#581));
#125=EDGE_LOOP('',(#582,#583,#584,#585,#586,#587,#588));
#126=EDGE_LOOP('',(#589,#590,#591,#592));
#127=EDGE_LOOP('',(#593,#594,#595,#596));
#128=EDGE_LOOP('',(#597,#598,#599,#600));
#129=EDGE_LOOP('',(#601,#602,#603,#604,#605,#606,#607,#608));
#130=EDGE_LOOP('',(#609));
#131=EDGE_LOOP('',(#610,#611,#612,#613,#614,#615,#616,#617));
#132=EDGE_LOOP('',(#618));
#133=EDGE_LOOP('',(#619,#620,#621,#622,#623,#624,#625,#626,#627));
#134=EDGE_LOOP('',(#628));
#135=EDGE_LOOP('',(#629));
#136=EDGE_LOOP('',(#630,#631,#632,#633,#634));
#137=EDGE_LOOP('',(#635));
#138=EDGE_LOOP('',(#636));
#139=EDGE_LOOP('',(#637,#638,#639,#640));
#140=EDGE_LOOP('',(#641,#642,#643,#644));
#141=EDGE_LOOP('',(#645,#646,#647,#648));
#142=EDGE_LOOP('',(#649,#650,#651,#652,#653,#654,#655,#656));
#143=EDGE_LOOP('',(#657));
#144=EDGE_LOOP('',(#658,#659,#660,#661,#662,#663,#664,#665));
#145=EDGE_LOOP('',(#666));
#146=EDGE_LOOP('',(#667,#668,#669,#670,#671,#672,#673,#674,#675,#676));
#147=EDGE_LOOP('',(#677));
#148=EDGE_LOOP('',(#678));
#149=EDGE_LOOP('',(#679,#680,#681,#682,#683));
#150=EDGE_LOOP('',(#684));
#151=EDGE_LOOP('',(#685));
#152=EDGE_LOOP('',(#686,#687,#688,#689));
#153=EDGE_LOOP('',(#690,#691,#692,#693));
#154=EDGE_LOOP('',(#694,#695,#696,#697));
#155=EDGE_LOOP('',(#698,#699,#700,#701));
#156=EDGE_LOOP('',(#702,#703,#704,#705,#706));
#157=EDGE_LOOP('',(#707,#708,#709,#710));
#158=EDGE_LOOP('',(#711,#712,#713,#714));
#159=CIRCLE('',#789,11.6890551883843);
#160=CIRCLE('',#790,11.6890551883843);
#161=CIRCLE('',#792,1.50000223677475);
#162=CIRCLE('',#793,1.50000223677475);
#163=CIRCLE('',#795,1.50000020032269);
#164=CIRCLE('',#796,1.50000020032269);
#165=CIRCLE('',#798,1.49999979470455);
#166=CIRCLE('',#799,1.49999979470455);
#167=CIRCLE('',#801,1.10000007551055);
#168=CIRCLE('',#802,1.10000007551055);
#169=CIRCLE('',#804,1.10000000018053);
#170=CIRCLE('',#805,1.10000000018053);
#171=CIRCLE('',#807,1.10000007551055);
#172=CIRCLE('',#808,1.10000007551055);
#173=CIRCLE('',#810,1.00000047873139);
#174=CIRCLE('',#811,1.00000047873139);
#175=CIRCLE('',#813,1.10000008584761);
#176=CIRCLE('',#814,1.10000008584761);
#177=CIRCLE('',#816,10.999999692344);
#178=CIRCLE('',#817,10.999999692344);
#179=CIRCLE('',#819,7.41463635252429);
#180=CIRCLE('',#820,7.41463635252429);
#181=CIRCLE('',#822,0.999996595849253);
#182=CIRCLE('',#823,0.999996595849253);
#183=CIRCLE('',#825,1.00000735009449);
#184=CIRCLE('',#826,1.00000735009449);
#185=CIRCLE('',#828,0.999997682034919);
#186=CIRCLE('',#829,0.999997682034919);
#187=CIRCLE('',#831,1.50000423365158);
#188=CIRCLE('',#832,1.50000423365158);
#189=CIRCLE('',#834,1.50000117961259);
#190=CIRCLE('',#835,1.50000117961259);
#191=CIRCLE('',#837,1.50000168302848);
#192=CIRCLE('',#838,1.50000168302848);
#193=CIRCLE('',#840,12.0000003261276);
#194=CIRCLE('',#841,12.0000003261276);
#195=CIRCLE('',#843,9.50000017007401);
#196=CIRCLE('',#844,9.50000017007401);
#197=CIRCLE('',#846,9.49999984062403);
#198=CIRCLE('',#847,9.49999984062403);
#199=CIRCLE('',#849,10.9999997970238);
#200=CIRCLE('',#850,10.9999997970238);
#201=CIRCLE('',#857,20.33920882214);
#202=CIRCLE('',#860,20.3392088204068);
#203=LINE('',#1080,#255);
#204=LINE('',#1084,#256);
#205=LINE('',#1089,#257);
#206=LINE('',#1093,#258);
#207=LINE('',#1100,#259);
#208=LINE('',#1114,#260);
#209=LINE('',#1120,#261);
#210=LINE('',#1126,#262);
#211=LINE('',#1132,#263);
#212=LINE('',#1139,#264);
#213=LINE('',#1142,#265);
#214=LINE('',#1147,#266);
#215=LINE('',#1154,#267);
#216=LINE('',#1178,#268);
#217=LINE('',#1182,#269);
#218=LINE('',#1186,#270);
#219=LINE('',#1193,#271);
#220=LINE('',#1196,#272);
#221=LINE('',#1200,#273);
#222=LINE('',#1204,#274);
#223=LINE('',#1221,#275);
#224=LINE('',#1222,#276);
#225=LINE('',#1228,#277);
#226=LINE('',#1231,#278);
#227=LINE('',#1235,#279);
#228=LINE('',#1239,#280);
#229=LINE('',#1244,#281);
#230=LINE('',#1248,#282);
#231=LINE('',#1254,#283);
#232=LINE('',#1260,#284);
#233=LINE('',#1267,#285);
#234=LINE('',#1270,#286);
#235=LINE('',#1273,#287);
#236=LINE('',#1275,#288);
#237=LINE('',#1276,#289);
#238=LINE('',#1295,#290);
#239=LINE('',#1301,#291);
#240=LINE('',#1302,#292);
#241=LINE('',#1304,#293);
#242=LINE('',#1305,#294);
#243=LINE('',#1307,#295);
#244=LINE('',#1308,#296);
#245=LINE('',#1310,#297);
#246=LINE('',#1312,#298);
#247=LINE('',#1313,#299);
#248=LINE('',#1314,#300);
#249=LINE('',#1432,#301);
#250=LINE('',#1434,#302);
#251=LINE('',#1438,#303);
#252=LINE('',#1440,#304);
#253=LINE('',#1441,#305);
#254=LINE('',#1502,#306);
#255=VECTOR('',#870,1000.);
#256=VECTOR('',#873,1000.);
#257=VECTOR('',#878,1000.);
#258=VECTOR('',#881,1000.);
#259=VECTOR('',#888,1000.);
#260=VECTOR('',#895,1000.);
#261=VECTOR('',#902,1000.);
#262=VECTOR('',#909,1000.);
#263=VECTOR('',#916,1000.);
#264=VECTOR('',#923,1000.);
#265=VECTOR('',#926,1000.);
#266=VECTOR('',#931,1000.);
#267=VECTOR('',#938,1000.);
#268=VECTOR('',#947,1000.);
#269=VECTOR('',#950,1000.);
#270=VECTOR('',#953,1000.);
#271=VECTOR('',#960,1000.);
#272=VECTOR('',#963,1000.);
#273=VECTOR('',#966,1000.);
#274=VECTOR('',#969,1000.);
#275=VECTOR('',#978,1000.);
#276=VECTOR('',#979,1000.);
#277=VECTOR('',#984,1000.);
#278=VECTOR('',#987,1000.);
#279=VECTOR('',#990,1000.);
#280=VECTOR('',#993,1000.);
#281=VECTOR('',#998,1000.);
#282=VECTOR('',#1001,1000.);
#283=VECTOR('',#1008,1000.);
#284=VECTOR('',#1015,1000.);
#285=VECTOR('',#1022,1000.);
#286=VECTOR('',#1025,1000.);
#287=VECTOR('',#1028,1000.);
#288=VECTOR('',#1029,1000.);
#289=VECTOR('',#1030,1000.);
#290=VECTOR('',#1033,1000.);
#291=VECTOR('',#1036,1000.);
#292=VECTOR('',#1037,1000.);
#293=VECTOR('',#1040,1000.);
#294=VECTOR('',#1041,1000.);
#295=VECTOR('',#1044,1000.);
#296=VECTOR('',#1045,1000.);
#297=VECTOR('',#1048,1000.);
#298=VECTOR('',#1051,1000.);
#299=VECTOR('',#1052,1000.);
#300=VECTOR('',#1053,1000.);
#301=VECTOR('',#1054,1000.);
#302=VECTOR('',#1057,1000.);
#303=VECTOR('',#1064,1000.);
#304=VECTOR('',#1067,1000.);
#305=VECTOR('',#1068,1000.);
#306=VECTOR('',#1069,1000.);
#307=VERTEX_POINT('',#1078);
#308=VERTEX_POINT('',#1079);
#309=VERTEX_POINT('',#1081);
#310=VERTEX_POINT('',#1083);
#311=VERTEX_POINT('',#1087);
#312=VERTEX_POINT('',#1088);
#313=VERTEX_POINT('',#1090);
#314=VERTEX_POINT('',#1092);
#315=VERTEX_POINT('',#1096);
#316=VERTEX_POINT('',#1097);
#317=VERTEX_POINT('',#1099);
#318=VERTEX_POINT('',#1101);
#319=VERTEX_POINT('',#1111);
#320=VERTEX_POINT('',#1113);
#321=VERTEX_POINT('',#1117);
#322=VERTEX_POINT('',#1119);
#323=VERTEX_POINT('',#1123);
#324=VERTEX_POINT('',#1125);
#325=VERTEX_POINT('',#1129);
#326=VERTEX_POINT('',#1131);
#327=VERTEX_POINT('',#1135);
#328=VERTEX_POINT('',#1136);
#329=VERTEX_POINT('',#1138);
#330=VERTEX_POINT('',#1140);
#331=VERTEX_POINT('',#1144);
#332=VERTEX_POINT('',#1146);
#333=VERTEX_POINT('',#1150);
#334=VERTEX_POINT('',#1151);
#335=VERTEX_POINT('',#1153);
#336=VERTEX_POINT('',#1155);
#337=VERTEX_POINT('',#1165);
#338=VERTEX_POINT('',#1166);
#339=VERTEX_POINT('',#1168);
#340=VERTEX_POINT('',#1176);
#341=VERTEX_POINT('',#1180);
#342=VERTEX_POINT('',#1181);
#343=VERTEX_POINT('',#1183);
#344=VERTEX_POINT('',#1185);
#345=VERTEX_POINT('',#1189);
#346=VERTEX_POINT('',#1190);
#347=VERTEX_POINT('',#1192);
#348=VERTEX_POINT('',#1194);
#349=VERTEX_POINT('',#1198);
#350=VERTEX_POINT('',#1199);
#351=VERTEX_POINT('',#1201);
#352=VERTEX_POINT('',#1203);
#353=VERTEX_POINT('',#1207);
#354=VERTEX_POINT('',#1208);
#355=VERTEX_POINT('',#1210);
#356=VERTEX_POINT('',#1218);
#357=VERTEX_POINT('',#1220);
#358=VERTEX_POINT('',#1224);
#359=VERTEX_POINT('',#1225);
#360=VERTEX_POINT('',#1227);
#361=VERTEX_POINT('',#1229);
#362=VERTEX_POINT('',#1233);
#363=VERTEX_POINT('',#1234);
#364=VERTEX_POINT('',#1236);
#365=VERTEX_POINT('',#1238);
#366=VERTEX_POINT('',#1242);
#367=VERTEX_POINT('',#1243);
#368=VERTEX_POINT('',#1245);
#369=VERTEX_POINT('',#1247);
#370=VERTEX_POINT('',#1251);
#371=VERTEX_POINT('',#1253);
#372=VERTEX_POINT('',#1257);
#373=VERTEX_POINT('',#1259);
#374=VERTEX_POINT('',#1263);
#375=VERTEX_POINT('',#1264);
#376=VERTEX_POINT('',#1266);
#377=VERTEX_POINT('',#1268);
#378=VERTEX_POINT('',#1272);
#379=VERTEX_POINT('',#1274);
#380=VERTEX_POINT('',#1286);
#381=VERTEX_POINT('',#1294);
#382=EDGE_CURVE('',#307,#308,#203,.T.);
#383=EDGE_CURVE('',#309,#307,#159,.T.);
#384=EDGE_CURVE('',#310,#309,#204,.T.);
#385=EDGE_CURVE('',#308,#310,#160,.T.);
#386=EDGE_CURVE('',#311,#312,#205,.T.);
#387=EDGE_CURVE('',#313,#311,#161,.T.);
#388=EDGE_CURVE('',#313,#314,#206,.T.);
#389=EDGE_CURVE('',#312,#314,#162,.T.);
#390=EDGE_CURVE('',#315,#316,#163,.T.);
#391=EDGE_CURVE('',#317,#315,#207,.T.);
#392=EDGE_CURVE('',#318,#317,#164,.T.);
#393=EDGE_CURVE('',#316,#318,#53,.T.);
#394=EDGE_CURVE('',#319,#309,#165,.T.);
#395=EDGE_CURVE('',#320,#319,#208,.T.);
#396=EDGE_CURVE('',#310,#320,#166,.T.);
#397=EDGE_CURVE('',#321,#321,#167,.T.);
#398=EDGE_CURVE('',#321,#322,#209,.T.);
#399=EDGE_CURVE('',#322,#322,#168,.T.);
#400=EDGE_CURVE('',#323,#323,#169,.T.);
#401=EDGE_CURVE('',#323,#324,#210,.T.);
#402=EDGE_CURVE('',#324,#324,#170,.T.);
#403=EDGE_CURVE('',#325,#325,#171,.T.);
#404=EDGE_CURVE('',#325,#326,#211,.T.);
#405=EDGE_CURVE('',#326,#326,#172,.T.);
#406=EDGE_CURVE('',#327,#328,#173,.T.);
#407=EDGE_CURVE('',#329,#327,#212,.T.);
#408=EDGE_CURVE('',#330,#329,#174,.T.);
#409=EDGE_CURVE('',#328,#330,#213,.T.);
#410=EDGE_CURVE('',#331,#331,#175,.T.);
#411=EDGE_CURVE('',#331,#332,#214,.T.);
#412=EDGE_CURVE('',#332,#332,#176,.T.);
#413=EDGE_CURVE('',#333,#334,#177,.T.);
#414=EDGE_CURVE('',#335,#333,#215,.T.);
#415=EDGE_CURVE('',#336,#335,#178,.T.);
#416=EDGE_CURVE('',#334,#336,#54,.T.);
#417=EDGE_CURVE('',#337,#338,#179,.T.);
#418=EDGE_CURVE('',#339,#337,#55,.T.);
#419=EDGE_CURVE('',#340,#339,#180,.T.);
#420=EDGE_CURVE('',#338,#340,#216,.T.);
#421=EDGE_CURVE('',#341,#342,#217,.T.);
#422=EDGE_CURVE('',#343,#341,#181,.T.);
#423=EDGE_CURVE('',#344,#343,#218,.T.);
#424=EDGE_CURVE('',#342,#344,#182,.T.);
#425=EDGE_CURVE('',#345,#346,#183,.T.);
#426=EDGE_CURVE('',#347,#345,#219,.T.);
#427=EDGE_CURVE('',#348,#347,#184,.T.);
#428=EDGE_CURVE('',#346,#348,#220,.T.);
#429=EDGE_CURVE('',#349,#350,#221,.T.);
#430=EDGE_CURVE('',#351,#349,#185,.T.);
#431=EDGE_CURVE('',#352,#351,#222,.T.);
#432=EDGE_CURVE('',#350,#352,#186,.T.);
#433=EDGE_CURVE('',#353,#354,#187,.T.);
#434=EDGE_CURVE('',#355,#353,#56,.T.);
#435=EDGE_CURVE('',#356,#355,#188,.T.);
#436=EDGE_CURVE('',#357,#356,#223,.T.);
#437=EDGE_CURVE('',#354,#357,#224,.T.);
#438=EDGE_CURVE('',#358,#359,#189,.T.);
#439=EDGE_CURVE('',#360,#358,#225,.T.);
#440=EDGE_CURVE('',#361,#360,#190,.T.);
#441=EDGE_CURVE('',#359,#361,#226,.T.);
#442=EDGE_CURVE('',#362,#363,#227,.T.);
#443=EDGE_CURVE('',#364,#362,#191,.T.);
#444=EDGE_CURVE('',#365,#364,#228,.T.);
#445=EDGE_CURVE('',#363,#365,#192,.T.);
#446=EDGE_CURVE('',#366,#367,#229,.T.);
#447=EDGE_CURVE('',#368,#366,#193,.T.);
#448=EDGE_CURVE('',#369,#368,#230,.T.);
#449=EDGE_CURVE('',#367,#369,#194,.T.);
#450=EDGE_CURVE('',#370,#370,#195,.T.);
#451=EDGE_CURVE('',#370,#371,#231,.T.);
#452=EDGE_CURVE('',#371,#371,#196,.T.);
#453=EDGE_CURVE('',#372,#372,#197,.T.);
#454=EDGE_CURVE('',#372,#373,#232,.T.);
#455=EDGE_CURVE('',#373,#373,#198,.T.);
#456=EDGE_CURVE('',#374,#375,#199,.T.);
#457=EDGE_CURVE('',#376,#374,#233,.T.);
#458=EDGE_CURVE('',#377,#376,#200,.T.);
#459=EDGE_CURVE('',#375,#377,#234,.T.);
#460=EDGE_CURVE('',#378,#364,#235,.T.);
#461=EDGE_CURVE('',#378,#379,#236,.T.);
#462=EDGE_CURVE('',#365,#379,#237,.T.);
#463=EDGE_CURVE('',#316,#353,#38,.T.);
#464=EDGE_CURVE('',#380,#318,#39,.T.);
#465=EDGE_CURVE('',#380,#381,#238,.T.);
#466=EDGE_CURVE('',#355,#380,#40,.T.);
#467=EDGE_CURVE('',#346,#327,#239,.T.);
#468=EDGE_CURVE('',#329,#348,#240,.T.);
#469=EDGE_CURVE('',#338,#374,#241,.T.);
#470=EDGE_CURVE('',#376,#340,#242,.T.);
#471=EDGE_CURVE('',#317,#319,#243,.T.);
#472=EDGE_CURVE('',#320,#315,#244,.T.);
#473=EDGE_CURVE('',#333,#369,#245,.T.);
#474=EDGE_CURVE('',#337,#334,#201,.T.);
#475=EDGE_CURVE('',#367,#375,#246,.T.);
#476=EDGE_CURVE('',#350,#344,#247,.T.);
#477=EDGE_CURVE('',#345,#352,#248,.T.);
#478=EDGE_CURVE('',#328,#342,#57,.T.);
#479=EDGE_CURVE('',#308,#314,#58,.T.);
#480=EDGE_CURVE('',#354,#312,#59,.T.);
#481=EDGE_CURVE('',#358,#379,#60,.T.);
#482=EDGE_CURVE('',#363,#359,#249,.T.);
#483=EDGE_CURVE('',#349,#343,#250,.T.);
#484=EDGE_CURVE('',#339,#336,#202,.T.);
#485=EDGE_CURVE('',#335,#368,#251,.T.);
#486=EDGE_CURVE('',#377,#366,#252,.T.);
#487=EDGE_CURVE('',#351,#347,#253,.T.);
#488=EDGE_CURVE('',#330,#341,#61,.T.);
#489=EDGE_CURVE('',#311,#356,#62,.T.);
#490=EDGE_CURVE('',#307,#313,#63,.T.);
#491=EDGE_CURVE('',#361,#362,#254,.T.);
#492=EDGE_CURVE('',#360,#378,#64,.T.);
#493=ORIENTED_EDGE('',*,*,#382,.F.);
#494=ORIENTED_EDGE('',*,*,#383,.F.);
#495=ORIENTED_EDGE('',*,*,#384,.F.);
#496=ORIENTED_EDGE('',*,*,#385,.F.);
#497=ORIENTED_EDGE('',*,*,#386,.F.);
#498=ORIENTED_EDGE('',*,*,#387,.F.);
#499=ORIENTED_EDGE('',*,*,#388,.T.);
#500=ORIENTED_EDGE('',*,*,#389,.F.);
#501=ORIENTED_EDGE('',*,*,#390,.F.);
#502=ORIENTED_EDGE('',*,*,#391,.F.);
#503=ORIENTED_EDGE('',*,*,#392,.F.);
#504=ORIENTED_EDGE('',*,*,#393,.F.);
#505=ORIENTED_EDGE('',*,*,#384,.T.);
#506=ORIENTED_EDGE('',*,*,#394,.F.);
#507=ORIENTED_EDGE('',*,*,#395,.F.);
#508=ORIENTED_EDGE('',*,*,#396,.F.);
#509=ORIENTED_EDGE('',*,*,#397,.F.);
#510=ORIENTED_EDGE('',*,*,#398,.T.);
#511=ORIENTED_EDGE('',*,*,#399,.F.);
#512=ORIENTED_EDGE('',*,*,#398,.F.);
#513=ORIENTED_EDGE('',*,*,#400,.F.);
#514=ORIENTED_EDGE('',*,*,#401,.T.);
#515=ORIENTED_EDGE('',*,*,#402,.F.);
#516=ORIENTED_EDGE('',*,*,#401,.F.);
#517=ORIENTED_EDGE('',*,*,#403,.F.);
#518=ORIENTED_EDGE('',*,*,#404,.T.);
#519=ORIENTED_EDGE('',*,*,#405,.F.);
#520=ORIENTED_EDGE('',*,*,#404,.F.);
#521=ORIENTED_EDGE('',*,*,#406,.F.);
#522=ORIENTED_EDGE('',*,*,#407,.F.);
#523=ORIENTED_EDGE('',*,*,#408,.F.);
#524=ORIENTED_EDGE('',*,*,#409,.F.);
#525=ORIENTED_EDGE('',*,*,#410,.F.);
#526=ORIENTED_EDGE('',*,*,#411,.T.);
#527=ORIENTED_EDGE('',*,*,#412,.F.);
#528=ORIENTED_EDGE('',*,*,#411,.F.);
#529=ORIENTED_EDGE('',*,*,#413,.F.);
#530=ORIENTED_EDGE('',*,*,#414,.F.);
#531=ORIENTED_EDGE('',*,*,#415,.F.);
#532=ORIENTED_EDGE('',*,*,#416,.F.);
#533=ORIENTED_EDGE('',*,*,#417,.F.);
#534=ORIENTED_EDGE('',*,*,#418,.F.);
#535=ORIENTED_EDGE('',*,*,#419,.F.);
#536=ORIENTED_EDGE('',*,*,#420,.F.);
#537=ORIENTED_EDGE('',*,*,#421,.F.);
#538=ORIENTED_EDGE('',*,*,#422,.F.);
#539=ORIENTED_EDGE('',*,*,#423,.F.);
#540=ORIENTED_EDGE('',*,*,#424,.F.);
#541=ORIENTED_EDGE('',*,*,#425,.F.);
#542=ORIENTED_EDGE('',*,*,#426,.F.);
#543=ORIENTED_EDGE('',*,*,#427,.F.);
#544=ORIENTED_EDGE('',*,*,#428,.F.);
#545=ORIENTED_EDGE('',*,*,#429,.F.);
#546=ORIENTED_EDGE('',*,*,#430,.F.);
#547=ORIENTED_EDGE('',*,*,#431,.F.);
#548=ORIENTED_EDGE('',*,*,#432,.F.);
#549=ORIENTED_EDGE('',*,*,#433,.F.);
#550=ORIENTED_EDGE('',*,*,#434,.F.);
#551=ORIENTED_EDGE('',*,*,#435,.F.);
#552=ORIENTED_EDGE('',*,*,#436,.F.);
#553=ORIENTED_EDGE('',*,*,#437,.F.);
#554=ORIENTED_EDGE('',*,*,#438,.F.);
#555=ORIENTED_EDGE('',*,*,#439,.F.);
#556=ORIENTED_EDGE('',*,*,#440,.F.);
#557=ORIENTED_EDGE('',*,*,#441,.F.);
#558=ORIENTED_EDGE('',*,*,#442,.F.);
#559=ORIENTED_EDGE('',*,*,#443,.F.);
#560=ORIENTED_EDGE('',*,*,#444,.F.);
#561=ORIENTED_EDGE('',*,*,#445,.F.);
#562=ORIENTED_EDGE('',*,*,#446,.F.);
#563=ORIENTED_EDGE('',*,*,#447,.F.);
#564=ORIENTED_EDGE('',*,*,#448,.F.);
#565=ORIENTED_EDGE('',*,*,#449,.F.);
#566=ORIENTED_EDGE('',*,*,#450,.F.);
#567=ORIENTED_EDGE('',*,*,#451,.T.);
#568=ORIENTED_EDGE('',*,*,#452,.F.);
#569=ORIENTED_EDGE('',*,*,#451,.F.);
#570=ORIENTED_EDGE('',*,*,#453,.F.);
#571=ORIENTED_EDGE('',*,*,#454,.T.);
#572=ORIENTED_EDGE('',*,*,#455,.F.);
#573=ORIENTED_EDGE('',*,*,#454,.F.);
#574=ORIENTED_EDGE('',*,*,#456,.F.);
#575=ORIENTED_EDGE('',*,*,#457,.F.);
#576=ORIENTED_EDGE('',*,*,#458,.F.);
#577=ORIENTED_EDGE('',*,*,#459,.F.);
#578=ORIENTED_EDGE('',*,*,#444,.T.);
#579=ORIENTED_EDGE('',*,*,#460,.F.);
#580=ORIENTED_EDGE('',*,*,#461,.T.);
#581=ORIENTED_EDGE('',*,*,#462,.F.);
#582=ORIENTED_EDGE('',*,*,#463,.F.);
#583=ORIENTED_EDGE('',*,*,#393,.T.);
#584=ORIENTED_EDGE('',*,*,#464,.F.);
#585=ORIENTED_EDGE('',*,*,#465,.T.);
#586=ORIENTED_EDGE('',*,*,#465,.F.);
#587=ORIENTED_EDGE('',*,*,#466,.F.);
#588=ORIENTED_EDGE('',*,*,#434,.T.);
#589=ORIENTED_EDGE('',*,*,#467,.F.);
#590=ORIENTED_EDGE('',*,*,#428,.T.);
#591=ORIENTED_EDGE('',*,*,#468,.F.);
#592=ORIENTED_EDGE('',*,*,#407,.T.);
#593=ORIENTED_EDGE('',*,*,#469,.F.);
#594=ORIENTED_EDGE('',*,*,#420,.T.);
#595=ORIENTED_EDGE('',*,*,#470,.F.);
#596=ORIENTED_EDGE('',*,*,#457,.T.);
#597=ORIENTED_EDGE('',*,*,#395,.T.);
#598=ORIENTED_EDGE('',*,*,#471,.F.);
#599=ORIENTED_EDGE('',*,*,#391,.T.);
#600=ORIENTED_EDGE('',*,*,#472,.F.);
#601=ORIENTED_EDGE('',*,*,#449,.T.);
#602=ORIENTED_EDGE('',*,*,#473,.F.);
#603=ORIENTED_EDGE('',*,*,#413,.T.);
#604=ORIENTED_EDGE('',*,*,#474,.F.);
#605=ORIENTED_EDGE('',*,*,#417,.T.);
#606=ORIENTED_EDGE('',*,*,#469,.T.);
#607=ORIENTED_EDGE('',*,*,#456,.T.);
#608=ORIENTED_EDGE('',*,*,#475,.F.);
#609=ORIENTED_EDGE('',*,*,#455,.T.);
#610=ORIENTED_EDGE('',*,*,#424,.T.);
#611=ORIENTED_EDGE('',*,*,#476,.F.);
#612=ORIENTED_EDGE('',*,*,#432,.T.);
#613=ORIENTED_EDGE('',*,*,#477,.F.);
#614=ORIENTED_EDGE('',*,*,#425,.T.);
#615=ORIENTED_EDGE('',*,*,#467,.T.);
#616=ORIENTED_EDGE('',*,*,#406,.T.);
#617=ORIENTED_EDGE('',*,*,#478,.T.);
#618=ORIENTED_EDGE('',*,*,#399,.T.);
#619=ORIENTED_EDGE('',*,*,#389,.T.);
#620=ORIENTED_EDGE('',*,*,#479,.F.);
#621=ORIENTED_EDGE('',*,*,#385,.T.);
#622=ORIENTED_EDGE('',*,*,#396,.T.);
#623=ORIENTED_EDGE('',*,*,#472,.T.);
#624=ORIENTED_EDGE('',*,*,#390,.T.);
#625=ORIENTED_EDGE('',*,*,#463,.T.);
#626=ORIENTED_EDGE('',*,*,#433,.T.);
#627=ORIENTED_EDGE('',*,*,#480,.T.);
#628=ORIENTED_EDGE('',*,*,#402,.T.);
#629=ORIENTED_EDGE('',*,*,#412,.T.);
#630=ORIENTED_EDGE('',*,*,#462,.T.);
#631=ORIENTED_EDGE('',*,*,#481,.F.);
#632=ORIENTED_EDGE('',*,*,#438,.T.);
#633=ORIENTED_EDGE('',*,*,#482,.F.);
#634=ORIENTED_EDGE('',*,*,#445,.T.);
#635=ORIENTED_EDGE('',*,*,#405,.T.);
#636=ORIENTED_EDGE('',*,*,#452,.T.);
#637=ORIENTED_EDGE('',*,*,#423,.T.);
#638=ORIENTED_EDGE('',*,*,#483,.F.);
#639=ORIENTED_EDGE('',*,*,#429,.T.);
#640=ORIENTED_EDGE('',*,*,#476,.T.);
#641=ORIENTED_EDGE('',*,*,#474,.T.);
#642=ORIENTED_EDGE('',*,*,#416,.T.);
#643=ORIENTED_EDGE('',*,*,#484,.F.);
#644=ORIENTED_EDGE('',*,*,#418,.T.);
#645=ORIENTED_EDGE('',*,*,#448,.T.);
#646=ORIENTED_EDGE('',*,*,#485,.F.);
#647=ORIENTED_EDGE('',*,*,#414,.T.);
#648=ORIENTED_EDGE('',*,*,#473,.T.);
#649=ORIENTED_EDGE('',*,*,#486,.F.);
#650=ORIENTED_EDGE('',*,*,#458,.T.);
#651=ORIENTED_EDGE('',*,*,#470,.T.);
#652=ORIENTED_EDGE('',*,*,#419,.T.);
#653=ORIENTED_EDGE('',*,*,#484,.T.);
#654=ORIENTED_EDGE('',*,*,#415,.T.);
#655=ORIENTED_EDGE('',*,*,#485,.T.);
#656=ORIENTED_EDGE('',*,*,#447,.T.);
#657=ORIENTED_EDGE('',*,*,#453,.T.);
#658=ORIENTED_EDGE('',*,*,#408,.T.);
#659=ORIENTED_EDGE('',*,*,#468,.T.);
#660=ORIENTED_EDGE('',*,*,#427,.T.);
#661=ORIENTED_EDGE('',*,*,#487,.F.);
#662=ORIENTED_EDGE('',*,*,#430,.T.);
#663=ORIENTED_EDGE('',*,*,#483,.T.);
#664=ORIENTED_EDGE('',*,*,#422,.T.);
#665=ORIENTED_EDGE('',*,*,#488,.F.);
#666=ORIENTED_EDGE('',*,*,#397,.T.);
#667=ORIENTED_EDGE('',*,*,#489,.T.);
#668=ORIENTED_EDGE('',*,*,#435,.T.);
#669=ORIENTED_EDGE('',*,*,#466,.T.);
#670=ORIENTED_EDGE('',*,*,#464,.T.);
#671=ORIENTED_EDGE('',*,*,#392,.T.);
#672=ORIENTED_EDGE('',*,*,#471,.T.);
#673=ORIENTED_EDGE('',*,*,#394,.T.);
#674=ORIENTED_EDGE('',*,*,#383,.T.);
#675=ORIENTED_EDGE('',*,*,#490,.T.);
#676=ORIENTED_EDGE('',*,*,#387,.T.);
#677=ORIENTED_EDGE('',*,*,#400,.T.);
#678=ORIENTED_EDGE('',*,*,#410,.T.);
#679=ORIENTED_EDGE('',*,*,#491,.F.);
#680=ORIENTED_EDGE('',*,*,#440,.T.);
#681=ORIENTED_EDGE('',*,*,#492,.T.);
#682=ORIENTED_EDGE('',*,*,#460,.T.);
#683=ORIENTED_EDGE('',*,*,#443,.T.);
#684=ORIENTED_EDGE('',*,*,#403,.T.);
#685=ORIENTED_EDGE('',*,*,#450,.T.);
#686=ORIENTED_EDGE('',*,*,#475,.T.);
#687=ORIENTED_EDGE('',*,*,#459,.T.);
#688=ORIENTED_EDGE('',*,*,#486,.T.);
#689=ORIENTED_EDGE('',*,*,#446,.T.);
#690=ORIENTED_EDGE('',*,*,#482,.T.);
#691=ORIENTED_EDGE('',*,*,#441,.T.);
#692=ORIENTED_EDGE('',*,*,#491,.T.);
#693=ORIENTED_EDGE('',*,*,#442,.T.);
#694=ORIENTED_EDGE('',*,*,#477,.T.);
#695=ORIENTED_EDGE('',*,*,#431,.T.);
#696=ORIENTED_EDGE('',*,*,#487,.T.);
#697=ORIENTED_EDGE('',*,*,#426,.T.);
#698=ORIENTED_EDGE('',*,*,#478,.F.);
#699=ORIENTED_EDGE('',*,*,#409,.T.);
#700=ORIENTED_EDGE('',*,*,#488,.T.);
#701=ORIENTED_EDGE('',*,*,#421,.T.);
#702=ORIENTED_EDGE('',*,*,#480,.F.);
#703=ORIENTED_EDGE('',*,*,#437,.T.);
#704=ORIENTED_EDGE('',*,*,#436,.T.);
#705=ORIENTED_EDGE('',*,*,#489,.F.);
#706=ORIENTED_EDGE('',*,*,#386,.T.);
#707=ORIENTED_EDGE('',*,*,#492,.F.);
#708=ORIENTED_EDGE('',*,*,#439,.T.);
#709=ORIENTED_EDGE('',*,*,#481,.T.);
#710=ORIENTED_EDGE('',*,*,#461,.F.);
#711=ORIENTED_EDGE('',*,*,#490,.F.);
#712=ORIENTED_EDGE('',*,*,#382,.T.);
#713=ORIENTED_EDGE('',*,*,#479,.T.);
#714=ORIENTED_EDGE('',*,*,#388,.F.);
#715=CYLINDRICAL_SURFACE('',#788,11.6890551883843);
#716=CYLINDRICAL_SURFACE('',#791,1.50000223677475);
#717=CYLINDRICAL_SURFACE('',#794,1.50000020032269);
#718=CYLINDRICAL_SURFACE('',#797,1.49999979470455);
#719=CYLINDRICAL_SURFACE('',#800,1.10000007551055);
#720=CYLINDRICAL_SURFACE('',#803,1.10000000018053);
#721=CYLINDRICAL_SURFACE('',#806,1.10000007551055);
#722=CYLINDRICAL_SURFACE('',#809,1.00000047873139);
#723=CYLINDRICAL_SURFACE('',#812,1.10000008584761);
#724=CYLINDRICAL_SURFACE('',#815,10.999999692344);
#725=CYLINDRICAL_SURFACE('',#818,7.41463635252429);
#726=CYLINDRICAL_SURFACE('',#821,0.999996595849253);
#727=CYLINDRICAL_SURFACE('',#824,1.00000735009449);
#728=CYLINDRICAL_SURFACE('',#827,0.999997682034919);
#729=CYLINDRICAL_SURFACE('',#830,1.50000423365158);
#730=CYLINDRICAL_SURFACE('',#833,1.50000117961259);
#731=CYLINDRICAL_SURFACE('',#836,1.50000168302848);
#732=CYLINDRICAL_SURFACE('',#839,12.0000003261276);
#733=CYLINDRICAL_SURFACE('',#842,9.50000017007401);
#734=CYLINDRICAL_SURFACE('',#845,9.49999984062403);
#735=CYLINDRICAL_SURFACE('',#848,10.9999997970238);
#736=ADVANCED_FACE('',(#65),#715,.T.);
#737=ADVANCED_FACE('',(#66),#716,.F.);
#738=ADVANCED_FACE('',(#67),#717,.F.);
#739=ADVANCED_FACE('',(#68),#718,.F.);
#740=ADVANCED_FACE('',(#69),#719,.F.);
#741=ADVANCED_FACE('',(#70),#720,.F.);
#742=ADVANCED_FACE('',(#71),#721,.F.);
#743=ADVANCED_FACE('',(#72),#722,.F.);
#744=ADVANCED_FACE('',(#73),#723,.F.);
#745=ADVANCED_FACE('',(#74),#724,.T.);
#746=ADVANCED_FACE('',(#75),#725,.F.);
#747=ADVANCED_FACE('',(#76),#726,.F.);
#748=ADVANCED_FACE('',(#77),#727,.F.);
#749=ADVANCED_FACE('',(#78),#728,.F.);
#750=ADVANCED_FACE('',(#79),#729,.F.);
#751=ADVANCED_FACE('',(#80),#730,.F.);
#752=ADVANCED_FACE('',(#81),#731,.F.);
#753=ADVANCED_FACE('',(#82),#732,.T.);
#754=ADVANCED_FACE('',(#83),#733,.F.);
#755=ADVANCED_FACE('',(#84),#734,.F.);
#756=ADVANCED_FACE('',(#85),#735,.T.);
#757=ADVANCED_FACE('',(#86),#42,.F.);
#758=ADVANCED_FACE('',(#87),#41,.F.);
#759=ADVANCED_FACE('',(#88),#43,.F.);
#760=ADVANCED_FACE('',(#89),#44,.F.);
#761=ADVANCED_FACE('',(#90),#45,.T.);
#762=ADVANCED_FACE('',(#91,#20,#21,#22,#23,#24,#25,#26,#27,#28),#46,.F.);
#763=ADVANCED_FACE('',(#92),#47,.T.);
#764=ADVANCED_FACE('',(#93),#19,.F.);
#765=ADVANCED_FACE('',(#94),#48,.T.);
#766=ADVANCED_FACE('',(#95,#29,#30,#31,#32,#33,#34,#35,#36,#37),#49,.T.);
#767=ADVANCED_FACE('',(#96),#50,.T.);
#768=ADVANCED_FACE('',(#97),#51,.F.);
#769=ADVANCED_FACE('',(#98),#52,.T.);
#770=ADVANCED_FACE('',(#99),#15,.F.);
#771=ADVANCED_FACE('',(#100),#16,.T.);
#772=ADVANCED_FACE('',(#101),#17,.F.);
#773=ADVANCED_FACE('',(#102),#18,.F.);
#774=CLOSED_SHELL('',(#736,#737,#738,#739,#740,#741,#742,#743,#744,#745,
#746,#747,#748,#749,#750,#751,#752,#753,#754,#755,#756,#757,#758,#759,#760,
#761,#762,#763,#764,#765,#766,#767,#768,#769,#770,#771,#772,#773));
#775=DERIVED_UNIT_ELEMENT(#777,1.);
#776=DERIVED_UNIT_ELEMENT(#3001,-3.);
#777=(
MASS_UNIT()
NAMED_UNIT(*)
SI_UNIT(.KILO.,.GRAM.)
);
#778=DERIVED_UNIT((#775,#776));
#779=MEASURE_REPRESENTATION_ITEM('density measure',
POSITIVE_RATIO_MEASURE(7850.),#778);
#780=PROPERTY_DEFINITION_REPRESENTATION(#785,#782);
#781=PROPERTY_DEFINITION_REPRESENTATION(#786,#783);
#782=REPRESENTATION('material name',(#784),#2998);
#783=REPRESENTATION('density',(#779),#2998);
#784=DESCRIPTIVE_REPRESENTATION_ITEM('Steel','Steel');
#785=PROPERTY_DEFINITION('material property','material name',#3008);
#786=PROPERTY_DEFINITION('material property','density of part',#3008);
#787=AXIS2_PLACEMENT_3D('',#1076,#866,#867);
#788=AXIS2_PLACEMENT_3D('',#1077,#868,#869);
#789=AXIS2_PLACEMENT_3D('',#1082,#871,#872);
#790=AXIS2_PLACEMENT_3D('',#1085,#874,#875);
#791=AXIS2_PLACEMENT_3D('',#1086,#876,#877);
#792=AXIS2_PLACEMENT_3D('',#1091,#879,#880);
#793=AXIS2_PLACEMENT_3D('',#1094,#882,#883);
#794=AXIS2_PLACEMENT_3D('',#1095,#884,#885);
#795=AXIS2_PLACEMENT_3D('',#1098,#886,#887);
#796=AXIS2_PLACEMENT_3D('',#1102,#889,#890);
#797=AXIS2_PLACEMENT_3D('',#1110,#891,#892);
#798=AXIS2_PLACEMENT_3D('',#1112,#893,#894);
#799=AXIS2_PLACEMENT_3D('',#1115,#896,#897);
#800=AXIS2_PLACEMENT_3D('',#1116,#898,#899);
#801=AXIS2_PLACEMENT_3D('',#1118,#900,#901);
#802=AXIS2_PLACEMENT_3D('',#1121,#903,#904);
#803=AXIS2_PLACEMENT_3D('',#1122,#905,#906);
#804=AXIS2_PLACEMENT_3D('',#1124,#907,#908);
#805=AXIS2_PLACEMENT_3D('',#1127,#910,#911);
#806=AXIS2_PLACEMENT_3D('',#1128,#912,#913);
#807=AXIS2_PLACEMENT_3D('',#1130,#914,#915);
#808=AXIS2_PLACEMENT_3D('',#1133,#917,#918);
#809=AXIS2_PLACEMENT_3D('',#1134,#919,#920);
#810=AXIS2_PLACEMENT_3D('',#1137,#921,#922);
#811=AXIS2_PLACEMENT_3D('',#1141,#924,#925);
#812=AXIS2_PLACEMENT_3D('',#1143,#927,#928);
#813=AXIS2_PLACEMENT_3D('',#1145,#929,#930);
#814=AXIS2_PLACEMENT_3D('',#1148,#932,#933);
#815=AXIS2_PLACEMENT_3D('',#1149,#934,#935);
#816=AXIS2_PLACEMENT_3D('',#1152,#936,#937);
#817=AXIS2_PLACEMENT_3D('',#1156,#939,#940);
#818=AXIS2_PLACEMENT_3D('',#1164,#941,#942);
#819=AXIS2_PLACEMENT_3D('',#1167,#943,#944);
#820=AXIS2_PLACEMENT_3D('',#1177,#945,#946);
#821=AXIS2_PLACEMENT_3D('',#1179,#948,#949);
#822=AXIS2_PLACEMENT_3D('',#1184,#951,#952);
#823=AXIS2_PLACEMENT_3D('',#1187,#954,#955);
#824=AXIS2_PLACEMENT_3D('',#1188,#956,#957);
#825=AXIS2_PLACEMENT_3D('',#1191,#958,#959);
#826=AXIS2_PLACEMENT_3D('',#1195,#961,#962);
#827=AXIS2_PLACEMENT_3D('',#1197,#964,#965);
#828=AXIS2_PLACEMENT_3D('',#1202,#967,#968);
#829=AXIS2_PLACEMENT_3D('',#1205,#970,#971);
#830=AXIS2_PLACEMENT_3D('',#1206,#972,#973);
#831=AXIS2_PLACEMENT_3D('',#1209,#974,#975);
#832=AXIS2_PLACEMENT_3D('',#1219,#976,#977);
#833=AXIS2_PLACEMENT_3D('',#1223,#980,#981);
#834=AXIS2_PLACEMENT_3D('',#1226,#982,#983);
#835=AXIS2_PLACEMENT_3D('',#1230,#985,#986);
#836=AXIS2_PLACEMENT_3D('',#1232,#988,#989);
#837=AXIS2_PLACEMENT_3D('',#1237,#991,#992);
#838=AXIS2_PLACEMENT_3D('',#1240,#994,#995);
#839=AXIS2_PLACEMENT_3D('',#1241,#996,#997);
#840=AXIS2_PLACEMENT_3D('',#1246,#999,#1000);
#841=AXIS2_PLACEMENT_3D('',#1249,#1002,#1003);
#842=AXIS2_PLACEMENT_3D('',#1250,#1004,#1005);
#843=AXIS2_PLACEMENT_3D('',#1252,#1006,#1007);
#844=AXIS2_PLACEMENT_3D('',#1255,#1009,#1010);
#845=AXIS2_PLACEMENT_3D('',#1256,#1011,#1012);
#846=AXIS2_PLACEMENT_3D('',#1258,#1013,#1014);
#847=AXIS2_PLACEMENT_3D('',#1261,#1016,#1017);
#848=AXIS2_PLACEMENT_3D('',#1262,#1018,#1019);
#849=AXIS2_PLACEMENT_3D('',#1265,#1020,#1021);
#850=AXIS2_PLACEMENT_3D('',#1269,#1023,#1024);
#851=AXIS2_PLACEMENT_3D('',#1271,#1026,#1027);
#852=AXIS2_PLACEMENT_3D('',#1277,#1031,#1032);
#853=AXIS2_PLACEMENT_3D('',#1300,#1034,#1035);
#854=AXIS2_PLACEMENT_3D('',#1303,#1038,#1039);
#855=AXIS2_PLACEMENT_3D('',#1306,#1042,#1043);
#856=AXIS2_PLACEMENT_3D('',#1309,#1046,#1047);
#857=AXIS2_PLACEMENT_3D('',#1311,#1049,#1050);
#858=AXIS2_PLACEMENT_3D('',#1433,#1055,#1056);
#859=AXIS2_PLACEMENT_3D('',#1435,#1058,#1059);
#860=AXIS2_PLACEMENT_3D('',#1436,#1060,#1061);
#861=AXIS2_PLACEMENT_3D('',#1437,#1062,#1063);
#862=AXIS2_PLACEMENT_3D('',#1439,#1065,#1066);
#863=AXIS2_PLACEMENT_3D('',#1560,#1070,#1071);
#864=AXIS2_PLACEMENT_3D('',#1561,#1072,#1073);
#865=AXIS2_PLACEMENT_3D('',#1562,#1074,#1075);
#866=DIRECTION('axis',(0.,0.,1.));
#867=DIRECTION('refdir',(1.,0.,0.));
#868=DIRECTION('center_axis',(-1.,1.07375334245818E-10,5.85015970933433E-9));
#869=DIRECTION('ref_axis',(1.07375334245818E-10,1.,0.));
#870=DIRECTION('',(-1.,1.07375334245818E-10,5.85015970933433E-9));
#871=DIRECTION('center_axis',(1.,0.,0.));
#872=DIRECTION('ref_axis',(0.,1.,6.28162854181191E-19));
#873=DIRECTION('',(1.,-6.76598987746506E-19,1.93600423286257E-18));
#874=DIRECTION('center_axis',(-1.,0.,0.));
#875=DIRECTION('ref_axis',(0.,1.,6.28162854181191E-19));
#876=DIRECTION('center_axis',(1.,7.54000319281138E-18,2.76976784467555E-18));
#877=DIRECTION('ref_axis',(7.54000319281138E-18,-1.,0.));
#878=DIRECTION('',(-1.,-7.54000319281138E-18,-2.76976784467555E-18));
#879=DIRECTION('center_axis',(-1.,0.,0.));
#880=DIRECTION('ref_axis',(7.54000319281138E-18,-1.,0.));
#881=DIRECTION('',(-1.,-7.54000319281138E-18,-2.76976784467555E-18));
#882=DIRECTION('center_axis',(1.,0.,0.));
#883=DIRECTION('ref_axis',(7.54000319281138E-18,-1.,0.));
#884=DIRECTION('center_axis',(1.,1.62484733526873E-18,-7.15768288675455E-19));
#885=DIRECTION('ref_axis',(1.62484733526873E-18,-1.,0.));
#886=DIRECTION('center_axis',(1.,0.,0.));
#887=DIRECTION('ref_axis',(1.62484733526873E-18,-1.,0.));
#888=DIRECTION('',(-1.,-1.62484733526873E-18,7.15768288675455E-19));
#889=DIRECTION('center_axis',(-1.,0.,0.));
#890=DIRECTION('ref_axis',(1.62484733526873E-18,-1.,0.));
#891=DIRECTION('center_axis',(1.,-6.76598987746506E-19,1.93600423286257E-18));
#892=DIRECTION('ref_axis',(-6.76598987746506E-19,-1.,0.));
#893=DIRECTION('center_axis',(-1.,0.,0.));
#894=DIRECTION('ref_axis',(-6.76598987746506E-19,-1.,0.));
#895=DIRECTION('',(1.,-6.76598987746506E-19,1.93600423286257E-18));
#896=DIRECTION('center_axis',(1.,0.,0.));
#897=DIRECTION('ref_axis',(-6.76598987746506E-19,-1.,0.));
#898=DIRECTION('center_axis',(-1.,-3.90197837931443E-19,-1.43482593292737E-18));
#899=DIRECTION('ref_axis',(-3.90197837931443E-19,1.,0.));
#900=DIRECTION('center_axis',(-1.,0.,0.));
#901=DIRECTION('ref_axis',(-3.90197837931443E-19,1.,0.));
#902=DIRECTION('',(-1.,-3.90197837931443E-19,-1.43482593292737E-18));
#903=DIRECTION('center_axis',(1.,0.,0.));
#904=DIRECTION('ref_axis',(-3.90197837931443E-19,1.,0.));
#905=DIRECTION('center_axis',(-1.,1.76945892008028E-22,1.34178120399925E-19));
#906=DIRECTION('ref_axis',(1.76945892008028E-22,1.,0.));
#907=DIRECTION('center_axis',(-1.,0.,0.));
#908=DIRECTION('ref_axis',(1.76945892008028E-22,1.,0.));
#909=DIRECTION('',(-1.,1.76945892008028E-22,1.34178120399925E-19));
#910=DIRECTION('center_axis',(1.,0.,0.));
#911=DIRECTION('ref_axis',(1.76945892008028E-22,1.,0.));
#912=DIRECTION('center_axis',(-1.,3.90197837932259E-19,-1.43482764428806E-18));
#913=DIRECTION('ref_axis',(3.90197837932259E-19,1.,0.));
#914=DIRECTION('center_axis',(-1.,0.,0.));
#915=DIRECTION('ref_axis',(3.90197837932259E-19,1.,0.));
#916=DIRECTION('',(-1.,3.90197837932259E-19,-1.43482764428806E-18));
#917=DIRECTION('center_axis',(1.,0.,0.));
#918=DIRECTION('ref_axis',(3.90197837932259E-19,1.,0.));
#919=DIRECTION('center_axis',(1.,-1.31390245291916E-17,-4.34720029169202E-18));
#920=DIRECTION('ref_axis',(-1.31390245291916E-17,-1.,0.));
#921=DIRECTION('center_axis',(1.,0.,0.));
#922=DIRECTION('ref_axis',(-1.31390245291916E-17,-1.,0.));
#923=DIRECTION('',(-1.,1.31390245291916E-17,4.34720029169202E-18));
#924=DIRECTION('center_axis',(-1.,0.,0.));
#925=DIRECTION('ref_axis',(-1.31390245291916E-17,-1.,0.));
#926=DIRECTION('',(1.,-1.31390245291916E-17,-4.34720029169202E-18));
#927=DIRECTION('center_axis',(-1.,1.35311697036884E-20,1.45794172589931E-18));
#928=DIRECTION('ref_axis',(1.35311697036884E-20,1.,0.));
#929=DIRECTION('center_axis',(-1.,0.,0.));
#930=DIRECTION('ref_axis',(1.35311697036884E-20,1.,0.));
#931=DIRECTION('',(-1.,1.35311697036884E-20,1.45794172589931E-18));
#932=DIRECTION('center_axis',(1.,0.,0.));
#933=DIRECTION('ref_axis',(1.35311697036884E-20,1.,0.));
#934=DIRECTION('center_axis',(1.,-2.20276141485035E-19,1.13377711016103E-18));
#935=DIRECTION('ref_axis',(3.90540373825541E-19,0.988311930825781,-0.152445161902294));
#936=DIRECTION('center_axis',(-1.,0.,0.));
#937=DIRECTION('ref_axis',(-2.20276141485035E-19,-1.,0.));
#938=DIRECTION('',(-1.,2.20276141485035E-19,-1.13377711016103E-18));
#939=DIRECTION('center_axis',(1.,0.,0.));
#940=DIRECTION('ref_axis',(-2.20276141485035E-19,-1.,0.));
#941=DIRECTION('center_axis',(1.,1.09015768723998E-9,-1.55056558123303E-9));
#942=DIRECTION('ref_axis',(1.09015768723998E-9,-1.,0.));
#943=DIRECTION('center_axis',(1.,0.,0.));
#944=DIRECTION('ref_axis',(0.,-1.,1.69036098795092E-18));
#945=DIRECTION('center_axis',(-1.,0.,0.));
#946=DIRECTION('ref_axis',(0.,-1.,1.69036098795092E-18));
#947=DIRECTION('',(1.,0.,0.));
#948=DIRECTION('center_axis',(-1.,-8.42738297846223E-18,-1.98889620575819E-17));
#949=DIRECTION('ref_axis',(-8.42738297846223E-18,1.,0.));
#950=DIRECTION('',(-1.,-8.42738297846223E-18,-1.98889620575819E-17));
#951=DIRECTION('center_axis',(-1.,0.,0.));
#952=DIRECTION('ref_axis',(-8.42738297846223E-18,1.,0.));
#953=DIRECTION('',(1.,8.42738297846223E-18,1.98889620575819E-17));
#954=DIRECTION('center_axis',(1.,0.,0.));
#955=DIRECTION('ref_axis',(-8.42738297846223E-18,1.,0.));
#956=DIRECTION('center_axis',(-1.,2.98755833510526E-17,2.23660980373723E-17));
#957=DIRECTION('ref_axis',(2.98755833510526E-17,1.,0.));
#958=DIRECTION('center_axis',(1.,0.,0.));
#959=DIRECTION('ref_axis',(2.98755833510526E-17,1.,0.));
#960=DIRECTION('',(-1.,2.98755833510526E-17,2.23660980373723E-17));
#961=DIRECTION('center_axis',(-1.,0.,0.));
#962=DIRECTION('ref_axis',(2.98755833510526E-17,1.,0.));
#963=DIRECTION('',(1.,-2.98755833510526E-17,-2.23660980373723E-17));
#964=DIRECTION('center_axis',(-1.,6.8678728205765E-18,-8.26413137256502E-18));
#965=DIRECTION('ref_axis',(6.8678728205765E-18,1.,0.));
#966=DIRECTION('',(-1.,6.8678728205765E-18,-8.26413137256502E-18));
#967=DIRECTION('center_axis',(-1.,0.,0.));
#968=DIRECTION('ref_axis',(6.8678728205765E-18,1.,0.));
#969=DIRECTION('',(1.,-6.8678728205765E-18,8.26413137256502E-18));
#970=DIRECTION('center_axis',(1.,0.,0.));
#971=DIRECTION('ref_axis',(6.8678728205765E-18,1.,0.));
#972=DIRECTION('center_axis',(-1.,1.27711499907332E-18,-3.9472661142859E-19));
#973=DIRECTION('ref_axis',(1.27711499907332E-18,1.,0.));
#974=DIRECTION('center_axis',(1.,0.,0.));
#975=DIRECTION('ref_axis',(1.27711499907332E-18,1.,0.));
#976=DIRECTION('center_axis',(-1.,0.,0.));
#977=DIRECTION('ref_axis',(1.27711499907332E-18,1.,0.));
#978=DIRECTION('',(1.,-1.27711499907332E-18,3.9472661142859E-19));
#979=DIRECTION('',(1.,-1.27711499907332E-18,3.9472661142859E-19));
#980=DIRECTION('center_axis',(-1.,-3.27881844216772E-19,4.24436576160385E-18));
#981=DIRECTION('ref_axis',(-3.27881844216772E-19,1.,0.));
#982=DIRECTION('center_axis',(1.,0.,0.));
#983=DIRECTION('ref_axis',(-3.27881844216772E-19,1.,0.));
#984=DIRECTION('',(-1.,-3.27881844216772E-19,4.24436576160385E-18));
#985=DIRECTION('center_axis',(-1.,0.,0.));
#986=DIRECTION('ref_axis',(-3.27881844216772E-19,1.,0.));
#987=DIRECTION('',(1.,3.27881844216772E-19,-4.24436576160385E-18));
#988=DIRECTION('center_axis',(1.,0.,0.));
#989=DIRECTION('ref_axis',(0.,-1.,0.));
#990=DIRECTION('',(-1.,0.,0.));
#991=DIRECTION('center_axis',(-1.,0.,0.));
#992=DIRECTION('ref_axis',(0.,-1.,0.));
#993=DIRECTION('',(1.,0.,0.));
#994=DIRECTION('center_axis',(1.,0.,0.));
#995=DIRECTION('ref_axis',(0.,-1.,0.));
#996=DIRECTION('center_axis',(1.,-5.66658621577501E-18,3.86321289717109E-18));
#997=DIRECTION('ref_axis',(-5.66658621577501E-18,-1.,0.));
#998=DIRECTION('',(-1.,0.,0.));
#999=DIRECTION('center_axis',(1.,0.,0.));
#1000=DIRECTION('ref_axis',(-5.66658621577501E-18,-1.,0.));
#1001=DIRECTION('',(1.,-5.66658621577501E-18,3.86321289717109E-18));
#1002=DIRECTION('center_axis',(-1.,0.,0.));
#1003=DIRECTION('ref_axis',(-5.66658621577501E-18,-1.,0.));
#1004=DIRECTION('center_axis',(-1.,5.37258103563683E-19,1.14295742598722E-18));
#1005=DIRECTION('ref_axis',(5.37258103563683E-19,1.,0.));
#1006=DIRECTION('center_axis',(-1.,0.,0.));
#1007=DIRECTION('ref_axis',(5.37258103563683E-19,1.,0.));
#1008=DIRECTION('',(-1.,5.37258103563683E-19,1.14295742598722E-18));
#1009=DIRECTION('center_axis',(1.,0.,0.));
#1010=DIRECTION('ref_axis',(5.37258103563683E-19,1.,0.));
#1011=DIRECTION('center_axis',(-1.,2.17594067440403E-15,-2.8418806218853E-18));
#1012=DIRECTION('ref_axis',(2.17594067440403E-15,1.,0.));
#1013=DIRECTION('center_axis',(-1.,0.,0.));
#1014=DIRECTION('ref_axis',(2.17594067440403E-15,1.,0.));
#1015=DIRECTION('',(-1.,2.17594067440403E-15,-2.8418806218853E-18));
#1016=DIRECTION('center_axis',(1.,0.,0.));
#1017=DIRECTION('ref_axis',(2.17594067440403E-15,1.,0.));
#1018=DIRECTION('center_axis',(-1.,0.,0.));
#1019=DIRECTION('ref_axis',(0.,0.227217706109922,-0.973843988547522));
#1020=DIRECTION('center_axis',(-1.,0.,0.));
#1021=DIRECTION('ref_axis',(0.,-0.999597187694391,-0.0283806686577957));
#1022=DIRECTION('',(-1.,0.,0.));
#1023=DIRECTION('center_axis',(1.,0.,0.));
#1024=DIRECTION('ref_axis',(0.,-0.999597187694391,-0.0283806686577957));
#1025=DIRECTION('',(1.,0.,0.));
#1026=DIRECTION('center_axis',(0.,-0.928639299572052,-0.370983896268192));
#1027=DIRECTION('ref_axis',(0.,0.370983896268192,-0.928639299572052));
#1028=DIRECTION('',(0.,-0.370983896268192,0.928639299572052));
#1029=DIRECTION('',(-1.,0.,0.));
#1030=DIRECTION('',(0.,0.370983896268192,-0.928639299572052));
#1031=DIRECTION('center_axis',(-0.000173981197307389,0.0246315727260279,
-0.999696581646444));
#1032=DIRECTION('ref_axis',(-0.999999984856083,0.,0.000174033999782309));
#1033=DIRECTION('',(-0.999655986207375,-0.000641753504453467,0.0262201714754214));
#1034=DIRECTION('center_axis',(0.,0.00728285888543027,0.999973479631563));
#1035=DIRECTION('ref_axis',(1.,0.,0.));
#1036=DIRECTION('',(0.,-0.999973479631562,0.00728285888543026));
#1037=DIRECTION('',(0.,0.999973479631562,-0.00728285888543026));
#1038=DIRECTION('center_axis',(0.,-0.999998131894516,0.00193292717868151));
#1039=DIRECTION('ref_axis',(0.,-0.00193292717868151,-0.999998131894516));
#1040=DIRECTION('',(0.,-0.00193292717868151,-0.999998131894516));
#1041=DIRECTION('',(0.,0.00193292717868151,0.999998131894516));
#1042=DIRECTION('center_axis',(0.,-0.999997194882228,0.00236859191808129));
#1043=DIRECTION('ref_axis',(0.,-0.00236859191808129,-0.999997194882228));
#1044=DIRECTION('',(0.,-0.00236859191808129,-0.999997194882228));
#1045=DIRECTION('',(0.,0.00236859191808129,0.999997194882228));
#1046=DIRECTION('center_axis',(1.,0.,0.));
#1047=DIRECTION('ref_axis',(0.,0.,-1.));
#1048=DIRECTION('',(0.,-0.999908561882769,0.0135228648419262));
#1049=DIRECTION('center_axis',(-1.,0.,0.));
#1050=DIRECTION('ref_axis',(0.,0.,1.));
#1051=DIRECTION('',(0.,0.0283806686577957,-0.999597187694391));
#1052=DIRECTION('',(0.,-1.,-9.28915487845117E-11));
#1053=DIRECTION('',(0.,0.000462787159716266,-0.999999892914017));
#1054=DIRECTION('',(0.,0.999989823891887,0.00451133158525351));
#1055=DIRECTION('center_axis',(0.,-9.28915487845117E-11,1.));
#1056=DIRECTION('ref_axis',(1.,0.,0.));
#1057=DIRECTION('',(0.,-1.,-9.28915487845117E-11));
#1058=DIRECTION('center_axis',(6.13899824486047E-17,0.,1.));
#1059=DIRECTION('ref_axis',(1.,0.,0.));
#1060=DIRECTION('center_axis',(-1.,0.,0.));
#1061=DIRECTION('ref_axis',(0.,0.,1.));
#1062=DIRECTION('center_axis',(0.,0.0135228648419262,0.999908561882769));
#1063=DIRECTION('ref_axis',(1.,0.,0.));
#1064=DIRECTION('',(0.,-0.999908561882769,0.0135228648419262));
#1065=DIRECTION('center_axis',(1.,0.,0.));
#1066=DIRECTION('ref_axis',(0.,0.,-1.));
#1067=DIRECTION('',(0.,-0.0283806686577957,0.999597187694391));
#1068=DIRECTION('',(0.,-0.000462787159716266,0.999999892914017));
#1069=DIRECTION('',(0.,-0.999989823891887,-0.00451133158525351));
#1070=DIRECTION('center_axis',(0.,-0.999597187694391,-0.0283806686577957));
#1071=DIRECTION('ref_axis',(0.,0.0283806686577957,-0.999597187694391));
#1072=DIRECTION('center_axis',(0.,-0.00451133158525351,0.999989823891887));
#1073=DIRECTION('ref_axis',(1.,0.,0.));
#1074=DIRECTION('center_axis',(0.,-0.999999892914017,-0.000462787159716266));
#1075=DIRECTION('ref_axis',(0.,0.000462787159716266,-0.999999892914017));
#1076=CARTESIAN_POINT('',(0.,0.,0.));
#1077=CARTESIAN_POINT('Origin',(0.434999987501001,1.56908978556406,-43.5323108989623));
#1078=CARTESIAN_POINT('',(0.43499998750427,-1.19200963660196,-32.1740389685955));
#1079=CARTESIAN_POINT('',(-0.564998313764988,-1.19200963582619,-32.1740389654949));
#1080=CARTESIAN_POINT('',(0.435000053652237,-1.19200963593357,-32.1740389713451));
#1081=CARTESIAN_POINT('',(0.434999987483025,7.97876824253157,-33.7573411603326));
#1082=CARTESIAN_POINT('Origin',(0.434999987483025,1.56908978556406,-43.5323108989623));
#1083=CARTESIAN_POINT('',(-0.564998313784599,7.97876824253158,-33.7573411603327));
#1084=CARTESIAN_POINT('',(-0.564998313784599,7.97876824253157,-33.7573411603326));
#1085=CARTESIAN_POINT('Origin',(-0.564998313784599,1.56908978567144,-43.5323108931122));
#1086=CARTESIAN_POINT('Origin',(-0.564998313784599,-5.41599807174661,-32.3848623907817));
#1087=CARTESIAN_POINT('',(0.434999974307619,-6.91600030852031,-32.3848641663787));
#1088=CARTESIAN_POINT('',(-0.559104709514271,-6.9139868453978,-32.3849801211975));
#1089=CARTESIAN_POINT('',(-0.564998313784599,-6.91600030852031,-32.3848641663787));
#1090=CARTESIAN_POINT('',(0.434999987483025,-6.07964296490178,-33.7300693937373));
#1091=CARTESIAN_POINT('Origin',(0.434999987483025,-5.41599807174661,-32.3848623907817));
#1092=CARTESIAN_POINT('',(-0.564998313784599,-6.07964296490179,-33.7300693937373));
#1093=CARTESIAN_POINT('',(-0.564998313784599,-6.07964300698383,-33.7300694790262));
#1094=CARTESIAN_POINT('Origin',(-0.564998313784599,-5.41599807174661,-32.3848623907817));
#1095=CARTESIAN_POINT('Origin',(-0.564998313784599,8.58400000961164,-25.339315146561));
#1096=CARTESIAN_POINT('',(-0.564998313784599,10.0782930691575,-25.2085823169845));
#1097=CARTESIAN_POINT('',(-0.564998313784599,8.74095687904034,-23.847549366652));
#1098=CARTESIAN_POINT('Origin',(-0.564998313784599,8.58400000961164,-25.339315146561));
#1099=CARTESIAN_POINT('',(0.434999987483025,10.0782930692075,-25.208582316986));
#1100=CARTESIAN_POINT('',(-0.564998313784599,10.0782923244672,-25.2085822940265));
#1101=CARTESIAN_POINT('',(0.434999987483016,8.74252391245192,-23.8477150750953));
#1102=CARTESIAN_POINT('Origin',(0.434999987483025,8.58400000961164,-25.339315146561));
#1103=CARTESIAN_POINT('Ctrl Pts',(-0.564998313784602,8.74095687904033,-23.847549366652));
#1104=CARTESIAN_POINT('Ctrl Pts',(-0.286407621655995,8.73886739238279,-23.8473295202868));
#1105=CARTESIAN_POINT('Ctrl Pts',(-0.00935184928465341,8.73889218277647,
-23.8473320574454));
#1106=CARTESIAN_POINT('Ctrl Pts',(0.268127570289402,8.74100712886548,-23.8475546545678));
#1107=CARTESIAN_POINT('Ctrl Pts',(0.323565398253678,8.74142967558125,-23.8475991274191));
#1108=CARTESIAN_POINT('Ctrl Pts',(0.379192288619969,8.74193560194396,-23.8476525507769));
#1109=CARTESIAN_POINT('Ctrl Pts',(0.434999987483017,8.74252391245193,-23.8477150750953));
#1110=CARTESIAN_POINT('Origin',(-0.564998313784599,8.58400021199848,-32.3848639666245));
#1111=CARTESIAN_POINT('',(0.434999987483025,10.0644029891613,-32.6265393718323));
#1112=CARTESIAN_POINT('Origin',(0.434999987483025,8.58400021199848,-32.3848639666245));
#1113=CARTESIAN_POINT('',(-0.564998313784599,10.0644029891613,-32.6265393718323));
#1114=CARTESIAN_POINT('',(-0.564998313784599,10.0644029891613,-32.6265393718323));
#1115=CARTESIAN_POINT('Origin',(-0.564998313784599,8.58400021199848,-32.3848639666245));
#1116=CARTESIAN_POINT('Origin',(-0.564998313784599,-6.41599993454769,-20.8393148505621));
#1117=CARTESIAN_POINT('',(0.434999987483025,-7.51600001005797,-20.8393140882254));
#1118=CARTESIAN_POINT('Origin',(0.434999987483025,-6.41599993454769,-20.8393148505621));
#1119=CARTESIAN_POINT('',(-0.564998313784599,-7.51600001005797,-20.8393140882254));
#1120=CARTESIAN_POINT('',(-0.564998313784599,-7.51600001005824,-20.8393148505621));
#1121=CARTESIAN_POINT('Origin',(-0.564998313784599,-6.41599993454769,-20.8393148505621));
#1122=CARTESIAN_POINT('Origin',(-0.564998313784599,1.08400008508561,-15.5622273769298));
#1123=CARTESIAN_POINT('',(0.434999987483025,-0.0159999150947263,-15.5622280389069));
#1124=CARTESIAN_POINT('Origin',(0.434999987483025,1.08400008508561,-15.5622273769298));
#1125=CARTESIAN_POINT('',(-0.564998313784599,-0.0159999150947263,-15.5622280389069));
#1126=CARTESIAN_POINT('',(-0.564998313784599,-0.0159999150949251,-15.5622273769298));
#1127=CARTESIAN_POINT('Origin',(-0.564998313784599,1.08400008508561,-15.5622273769298));
#1128=CARTESIAN_POINT('Origin',(-0.564998313784599,9.58400008514688,-20.8393148505621));
#1129=CARTESIAN_POINT('',(0.434999987483025,8.4840000096366,-20.8393140882252));
#1130=CARTESIAN_POINT('Origin',(0.434999987483025,9.58400008514688,-20.8393148505621));
#1131=CARTESIAN_POINT('',(-0.564998313784599,8.4840000096366,-20.8393140882252));
#1132=CARTESIAN_POINT('',(-0.564998313784599,8.48400000963633,-20.8393148505621));
#1133=CARTESIAN_POINT('Origin',(-0.564998313784599,9.58400008514688,-20.8393148505621));
#1134=CARTESIAN_POINT('Origin',(-0.564998313784599,-6.91599894264202,-5.5622274091882));
#1135=CARTESIAN_POINT('',(-0.564998313784599,-7.00315532160519,-4.56603134272663));
#1136=CARTESIAN_POINT('',(-0.564998313784599,-7.85569246286656,-5.22020760461664));
#1137=CARTESIAN_POINT('Origin',(-0.564998313784599,-6.91599894264202,-5.5622274091882));
#1138=CARTESIAN_POINT('',(0.434999987483025,-7.00315532160331,-4.56603134267667));
#1139=CARTESIAN_POINT('',(-0.564998313784599,-7.00315535724783,-4.56603228931656));
#1140=CARTESIAN_POINT('',(0.434999987483025,-7.85569246286656,-5.22020760461664));
#1141=CARTESIAN_POINT('Origin',(0.434999987483025,-6.91599894264202,-5.5622274091882));
#1142=CARTESIAN_POINT('',(-0.564998313784599,-7.85569222737585,-5.22020769032809));
#1143=CARTESIAN_POINT('Origin',(-0.564998313784599,1.0840000850856,0.437772617572065));
#1144=CARTESIAN_POINT('',(0.434999987483025,-0.016000000760602,0.437770858407021));
#1145=CARTESIAN_POINT('Origin',(0.434999987483025,1.0840000850856,0.437772617572065));
#1146=CARTESIAN_POINT('',(-0.564998313784599,-0.016000000760602,0.437770858407021));
#1147=CARTESIAN_POINT('',(-0.564998313784599,-0.0160000007620084,0.437772617572065));
#1148=CARTESIAN_POINT('Origin',(-0.564998313784599,1.0840000850856,0.437772617572065));
#1149=CARTESIAN_POINT('Origin',(0.434999987483025,23.5840004371006,-7.56222765018149));
#1150=CARTESIAN_POINT('',(-0.564998313784599,24.6570167086572,3.38531626955043));
#1151=CARTESIAN_POINT('',(-0.564998313736931,21.3071831774652,-18.3240163675739));
#1152=CARTESIAN_POINT('Origin',(-0.564998313784599,23.5840004371006,-7.56222765018149));
#1153=CARTESIAN_POINT('',(0.434999987483025,24.6570174645891,3.38531625937713));
#1154=CARTESIAN_POINT('',(0.434999987483025,24.6570175225495,3.38531214494612));
#1155=CARTESIAN_POINT('',(0.434999987435356,21.3071831637062,-18.324016364663));
#1156=CARTESIAN_POINT('Origin',(0.434999987483025,23.5840004371006,-7.56222765018149));
#1157=CARTESIAN_POINT('Ctrl Pts',(-0.564998313735019,21.3071831774563,-18.324016367572));
#1158=CARTESIAN_POINT('Ctrl Pts',(-0.397562665389621,21.3398581970595,-18.3309292563627));
#1159=CARTESIAN_POINT('Ctrl Pts',(-0.227079734092848,21.3546894418849,-18.3339575817282));
#1160=CARTESIAN_POINT('Ctrl Pts',(-0.0649991984032017,21.3546894418849,
-18.3339575817282));
#1161=CARTESIAN_POINT('Ctrl Pts',(0.0970813600339226,21.3546894418849,-18.3339575817282));
#1162=CARTESIAN_POINT('Ctrl Pts',(0.267564316436079,21.3398581928394,-18.3309292555135));
#1163=CARTESIAN_POINT('Ctrl Pts',(0.434999987433441,21.3071831636973,-18.3240163646611));
#1164=CARTESIAN_POINT('Origin',(-0.56499831378817,19.1018190490457,-24.7215547574004));
#1165=CARTESIAN_POINT('',(-0.564998313766498,17.7049806534052,-17.4396817334704));
#1166=CARTESIAN_POINT('',(-0.564998313784599,11.6462061401656,-23.8880867040997));
#1167=CARTESIAN_POINT('Origin',(-0.564998313784599,19.1018190490457,-24.7215547574004));
#1168=CARTESIAN_POINT('',(0.434999987464924,17.7049806534255,-17.4396817352262));
#1169=CARTESIAN_POINT('Ctrl Pts',(0.434999987464831,17.7049806534242,-17.4396817352265));
#1170=CARTESIAN_POINT('Ctrl Pts',(0.270401363170194,17.7169322874169,-17.4373891240646));
#1171=CARTESIAN_POINT('Ctrl Pts',(0.103792972452663,17.7231772179024,-17.4362147567912));
#1172=CARTESIAN_POINT('Ctrl Pts',(-0.0649991705327579,17.7231772177184,
-17.4362147565295));
#1173=CARTESIAN_POINT('Ctrl Pts',(-0.233791308481011,17.7231772175344,-17.4362147562678));
#1174=CARTESIAN_POINT('Ctrl Pts',(-0.400399694282147,17.7169322870588,-17.4373891229547));
#1175=CARTESIAN_POINT('Ctrl Pts',(-0.564998313766405,17.7049806534039,-17.4396817334707));
#1176=CARTESIAN_POINT('',(0.434999987483025,11.6462061422929,-23.8880866992606));
#1177=CARTESIAN_POINT('Origin',(0.434999987483025,19.1018190501359,-24.721554758951));
#1178=CARTESIAN_POINT('',(-0.564998313784599,11.6459030006717,-23.8887752592562));
#1179=CARTESIAN_POINT('Origin',(-0.564998313784599,-6.91600240046654,-16.562229822273));
#1180=CARTESIAN_POINT('',(0.434999987483025,-7.82230758922007,-16.9848456011414));
#1181=CARTESIAN_POINT('',(-0.564998313784599,-7.82230758922007,-16.9848456011414));
#1182=CARTESIAN_POINT('',(-0.564998313784599,-7.82230758922007,-16.9848456011414));
#1183=CARTESIAN_POINT('',(0.434999987483025,-7.0031554255374,-17.5584216909722));
#1184=CARTESIAN_POINT('Origin',(0.434999987483025,-6.91600240046654,-16.562229822273));
#1185=CARTESIAN_POINT('',(-0.564998313784599,-7.0031554255374,-17.5584216909722));
#1186=CARTESIAN_POINT('',(-0.564998313784599,-7.00315543506912,-17.5584213401398));
#1187=CARTESIAN_POINT('Origin',(-0.564998313784599,-6.91600240046654,-16.562229822273));
#1188=CARTESIAN_POINT('Origin',(-0.564998313784599,-3.9160066661786,-5.56223141259836));
#1189=CARTESIAN_POINT('',(-0.564998313784599,-2.92236896216104,-5.4495424007218));
#1190=CARTESIAN_POINT('',(-0.564998313784599,-3.69931916355568,-4.58598286512183));
#1191=CARTESIAN_POINT('Origin',(-0.564998313784599,-3.9160066661786,-5.56223141259836));
#1192=CARTESIAN_POINT('',(0.434999987483025,-2.92236896216104,-5.4495424007218));
#1193=CARTESIAN_POINT('',(-0.564998313784599,-2.92236896216104,-5.4495424007218));
#1194=CARTESIAN_POINT('',(0.434999987483025,-3.69931916355568,-4.58598286512183));
#1195=CARTESIAN_POINT('Origin',(0.434999987483025,-3.9160066661786,-5.56223141259836));
#1196=CARTESIAN_POINT('',(-0.564998313784599,-3.69931916355568,-4.58598286512183));
#1197=CARTESIAN_POINT('Origin',(-0.564998313784599,-3.91599796722661,-16.5622288989244));
#1198=CARTESIAN_POINT('',(0.434999987483025,-3.82884438002868,-17.5584218087615));
#1199=CARTESIAN_POINT('',(-0.564998313784599,-3.82884438002868,-17.5584218087615));
#1200=CARTESIAN_POINT('',(-0.564998313784599,-3.82884437049739,-17.5584214579472));
#1201=CARTESIAN_POINT('',(0.434999987483025,-2.91980498214189,-16.6493831874077));
#1202=CARTESIAN_POINT('Origin',(0.434999987483025,-3.91599796722661,-16.5622288989244));
#1203=CARTESIAN_POINT('',(-0.564998313784599,-2.91980498214189,-16.6493831874077));
#1204=CARTESIAN_POINT('',(-0.564998313784599,-2.91980546990809,-16.6493832009495));
#1205=CARTESIAN_POINT('Origin',(-0.564998313784599,-3.91599796722661,-16.5622288989244));
#1206=CARTESIAN_POINT('Origin',(0.434999987483025,-5.4159967930947,-25.3393179637993));
#1207=CARTESIAN_POINT('',(-0.564998313784599,-5.68049504569847,-23.8628175827149));
#1208=CARTESIAN_POINT('',(-0.564998313086065,-6.8260687931861,-24.8277548161277));
#1209=CARTESIAN_POINT('Origin',(-0.564998313784599,-5.4159967930947,-25.3393179637993));
#1210=CARTESIAN_POINT('',(0.434999987632647,-5.68040071655178,-23.8628006878309));
#1211=CARTESIAN_POINT('Ctrl Pts',(0.434999987634969,-5.68040071653339,-23.8628006878276));
#1212=CARTESIAN_POINT('Ctrl Pts',(0.234828652901837,-5.65539399352097,-23.8583226666189));
#1213=CARTESIAN_POINT('Ctrl Pts',(0.0350300079586897,-5.63149883377943,
-23.8548388317124));
#1214=CARTESIAN_POINT('Ctrl Pts',(-0.172949180393876,-5.64171184735616,
-23.8563933483004));
#1215=CARTESIAN_POINT('Ctrl Pts',(-0.306576708841352,-5.64827375277117,
-23.8573921319347));
#1216=CARTESIAN_POINT('Ctrl Pts',(-0.436078043659325,-5.66454357976553,
-23.8599600589921));
#1217=CARTESIAN_POINT('Ctrl Pts',(-0.564998313784578,-5.68049504569849,
-23.8628175827149));
#1218=CARTESIAN_POINT('',(0.43499491010933,-6.82701481290406,-24.8263366645902));
#1219=CARTESIAN_POINT('Origin',(0.434999987483025,-5.4159967930947,-25.3393179637993));
#1220=CARTESIAN_POINT('',(0.137305541240789,-6.82553939522104,-24.8262854562878));
#1221=CARTESIAN_POINT('',(0.434999987483025,-6.82553939522104,-24.8262854562878));
#1222=CARTESIAN_POINT('',(0.434999987483025,-6.82553939522104,-24.8262854562878));
#1223=CARTESIAN_POINT('Origin',(-0.564998313784599,12.6295475170621,-0.562227182066861));
#1224=CARTESIAN_POINT('',(-0.564998313784599,14.012620992076,-1.14284004926162));
#1225=CARTESIAN_POINT('',(-0.564998313784599,12.7577568327223,0.932286375117123));
#1226=CARTESIAN_POINT('Origin',(-0.564998313784599,12.6295475170621,-0.562227182066861));
#1227=CARTESIAN_POINT('',(0.434999987483025,14.012620992076,-1.14284004926162));
#1228=CARTESIAN_POINT('',(-0.564998313784599,14.012620992076,-1.14284004926162));
#1229=CARTESIAN_POINT('',(0.434999987483025,12.7577568327223,0.932286375117123));
#1230=CARTESIAN_POINT('Origin',(0.434999987483025,12.6295475170621,-0.562227182066861));
#1231=CARTESIAN_POINT('',(-0.564998313784599,12.7577568877066,0.93228474365274));
#1232=CARTESIAN_POINT('Origin',(0.434999987483025,6.32929024425983,-0.562227858962636));
#1233=CARTESIAN_POINT('',(0.434999987483025,6.04016760440984,0.909646166969758));
#1234=CARTESIAN_POINT('',(-0.564998313784599,6.04016760440984,0.909646166969758));
#1235=CARTESIAN_POINT('',(0.434999987483025,6.04016760440986,0.909646166969758));
#1236=CARTESIAN_POINT('',(0.434999987483025,4.89419303378487,-0.9986937200678));
#1237=CARTESIAN_POINT('Origin',(0.434999987483025,6.32929024425983,-0.562227858962636));
#1238=CARTESIAN_POINT('',(-0.564998313784599,4.89419303378487,-0.9986937200678));
#1239=CARTESIAN_POINT('',(0.434999987483025,4.89419346581072,-0.998693534100168));
#1240=CARTESIAN_POINT('Origin',(-0.564998313784599,6.32929024425983,-0.562227858962636));
#1241=CARTESIAN_POINT('Origin',(-0.564998313784599,1.58400020849951,-8.27437053296377));
#1242=CARTESIAN_POINT('',(0.434999987483025,-10.4159999441341,-8.27437184263747));
#1243=CARTESIAN_POINT('',(-0.564998313784599,-10.4159999441341,-8.27437184263747));
#1244=CARTESIAN_POINT('',(-0.0649991631507874,-10.4159998573871,-8.27437184263746));
#1245=CARTESIAN_POINT('',(0.434999987483025,1.19576204605101,3.71934801376841));
#1246=CARTESIAN_POINT('Origin',(0.434999987483025,1.58400020849951,-8.27437053296377));
#1247=CARTESIAN_POINT('',(-0.564998313784599,1.19576204605238,3.7193480138184));
#1248=CARTESIAN_POINT('',(-0.564998313784599,1.19576203961133,3.71934777918947));
#1249=CARTESIAN_POINT('Origin',(-0.564998313784599,1.58400020849951,-8.27437053296377));
#1250=CARTESIAN_POINT('Origin',(-0.564998313784599,23.5840002953775,-7.56222711217426));
#1251=CARTESIAN_POINT('',(0.434999987483025,14.0840001253035,-7.56222672760467));
#1252=CARTESIAN_POINT('Origin',(0.434999987483025,23.5840002953775,-7.56222711217426));
#1253=CARTESIAN_POINT('',(-0.564998313784599,14.0840001253035,-7.56222672760467));
#1254=CARTESIAN_POINT('',(-0.564998313784599,14.0840001253035,-7.56222711217425));
#1255=CARTESIAN_POINT('Origin',(-0.564998313784599,23.5840002953775,-7.56222711217426));
#1256=CARTESIAN_POINT('Origin',(-0.564998313784599,1.5840000752996,-43.3393149822949));
#1257=CARTESIAN_POINT('',(0.434999987483016,-7.91599976532444,-43.3393149822948));
#1258=CARTESIAN_POINT('Origin',(0.434999987483016,1.5840000752996,-43.3393149822949));
#1259=CARTESIAN_POINT('',(-0.564998313784608,-7.91599976532443,-43.3393149822948));
#1260=CARTESIAN_POINT('',(-0.56499831378462,-7.91599976532444,-43.3393149822949));
#1261=CARTESIAN_POINT('Origin',(-0.564998313784608,1.5840000752996,-43.3393149822949));
#1262=CARTESIAN_POINT('Origin',(-0.564998313784599,1.58400021708036,-43.3393148764241));
#1263=CARTESIAN_POINT('',(-0.564998313784599,11.5823713880924,-38.7531869386973));
#1264=CARTESIAN_POINT('',(-0.564998313784599,-9.41156864466348,-43.6515022258993));
#1265=CARTESIAN_POINT('Origin',(-0.564998313784599,1.58400021708036,-43.3393148764241));
#1266=CARTESIAN_POINT('',(0.434999987483025,11.5823713880924,-38.7531869386973));
#1267=CARTESIAN_POINT('',(-0.564998313784599,11.5823713880924,-38.7531869386973));
#1268=CARTESIAN_POINT('',(0.434999987483025,-9.41156864466348,-43.6515022258993));
#1269=CARTESIAN_POINT('Origin',(0.434999987483025,1.58400021708036,-43.3393148764241));
#1270=CARTESIAN_POINT('',(-0.564998313784599,-9.41156864466348,-43.6515022258993));
#1271=CARTESIAN_POINT('Origin',(-0.0649991631507874,7.73530733312324,-8.1177792698143));
#1272=CARTESIAN_POINT('',(0.434999987483025,10.578989673945,-15.2360267294751));
#1273=CARTESIAN_POINT('',(0.434999987483025,9.26547078898998,-11.948053128547));
#1274=CARTESIAN_POINT('',(-0.564998313784599,10.578989673945,-15.2360267294751));
#1275=CARTESIAN_POINT('',(-0.0649991631507874,10.578989673945,-15.2360267294751));
#1276=CARTESIAN_POINT('',(-0.564998313784599,9.26547078898998,-11.948053128547));
#1277=CARTESIAN_POINT('Origin',(-0.0594434541393696,-5.07708191405601,-24.0330710088732));
#1278=CARTESIAN_POINT('Ctrl Pts',(-0.564998313784599,8.74095687904027,-23.847549366652));
#1279=CARTESIAN_POINT('Ctrl Pts',(-0.564998313784599,4.37993105375088,-23.8414196335648));
#1280=CARTESIAN_POINT('Ctrl Pts',(-0.564998313784599,-0.331304297904263,
-23.835018085245));
#1281=CARTESIAN_POINT('Ctrl Pts',(-0.564998313784599,-3.18779705404451,
-23.8317009709308));
#1282=CARTESIAN_POINT('Ctrl Pts',(-0.564998313784599,-4.5695840796991,-23.8323010585044));
#1283=CARTESIAN_POINT('Ctrl Pts',(-0.564998313784599,-5.17705104545405,
-23.8412018827521));
#1284=CARTESIAN_POINT('Ctrl Pts',(-0.564998313784599,-5.62072928431218,
-23.8601533387432));
#1285=CARTESIAN_POINT('Ctrl Pts',(-0.564998313784599,-5.68049504569847,
-23.8628175827149));
#1286=CARTESIAN_POINT('',(0.434999987483025,-5.08182401366896,-23.8406942807177));
#1287=CARTESIAN_POINT('Ctrl Pts',(0.434999987483025,-5.08182401366896,-23.8406942807177));
#1288=CARTESIAN_POINT('Ctrl Pts',(0.434999987483025,-4.98933343501396,-23.8384153905093));
#1289=CARTESIAN_POINT('Ctrl Pts',(0.434999987483025,-4.5960076179688,-23.8324323942293));
#1290=CARTESIAN_POINT('Ctrl Pts',(0.434999987483025,-3.26273661922615,-23.8317562117067));
#1291=CARTESIAN_POINT('Ctrl Pts',(0.434999987483025,-0.470515854862692,
-23.8349824806581));
#1292=CARTESIAN_POINT('Ctrl Pts',(0.434999987483025,4.24251665422884,-23.8413865514624));
#1293=CARTESIAN_POINT('Ctrl Pts',(0.434999987483025,8.74252391245185,-23.8477150750953));
#1294=CARTESIAN_POINT('',(-0.0594077171890817,-5.08214141073503,-23.8277263647805));
#1295=CARTESIAN_POINT('',(7.8217430786894,-5.07708191405601,-24.0344426033093));
#1296=CARTESIAN_POINT('Ctrl Pts',(0.434999987483025,-5.68040071655201,-23.8628006878259));
#1297=CARTESIAN_POINT('Ctrl Pts',(0.434999987483025,-5.62371041951486,-23.8602631818026));
#1298=CARTESIAN_POINT('Ctrl Pts',(0.434999987483025,-5.28563584433923,-23.845716033117));
#1299=CARTESIAN_POINT('Ctrl Pts',(0.434999987483025,-5.08182401366896,-23.8406942807177));
#1300=CARTESIAN_POINT('Origin',(-0.0649991631507874,-4.66250170415024,-4.57896795655981));
#1301=CARTESIAN_POINT('',(-0.564998313784599,0.433804924303581,-4.61608462291939));
#1302=CARTESIAN_POINT('',(0.434999987483025,0.433804924303581,-4.61608462291939));
#1303=CARTESIAN_POINT('Origin',(-0.0649991631507874,11.6033506394069,-27.8995901998131));
#1304=CARTESIAN_POINT('',(-0.564998313784599,11.6129835593832,-22.9160077414246));
#1305=CARTESIAN_POINT('',(0.434999987483025,11.6129835593832,-22.9160077414246));
#1306=CARTESIAN_POINT('Origin',(-0.0649991631507874,10.0702878988674,-30.141985931744));
#1307=CARTESIAN_POINT('',(0.434999987483025,10.0847487527699,-24.0367496402015));
#1308=CARTESIAN_POINT('',(-0.564998313784599,10.0847487527699,-24.0367496402015));
#1309=CARTESIAN_POINT('Origin',(-0.564998313784599,5.43348540176255,-17.9204621210154));
#1310=CARTESIAN_POINT('',(-0.564998313784599,8.80597491233616,3.62127057794161));
#1311=CARTESIAN_POINT('Origin',(-0.564998313784599,14.6770344299409,-37.5522389348424));
#1312=CARTESIAN_POINT('',(-0.564998313784599,-10.0453863270632,-21.3277726310455));
#1313=CARTESIAN_POINT('',(-0.564998313784599,0.00874268868858635,-17.5603238115634));
#1314=CARTESIAN_POINT('',(-0.564998313784599,-2.91819804743244,-14.4621396484658));
#1315=CARTESIAN_POINT('Ctrl Pts',(-0.564998313784599,-7.85569275722995,
-5.22020749747734));
#1316=CARTESIAN_POINT('Ctrl Pts',(-0.564998313784617,-7.87570762704828,
-5.27487509134483));
#1317=CARTESIAN_POINT('Ctrl Pts',(-0.564998313784582,-7.89803643958748,
-5.35949162650984));
#1318=CARTESIAN_POINT('Ctrl Pts',(-0.564998313784599,-7.91379388430892,
-5.47496130984127));
#1319=CARTESIAN_POINT('Ctrl Pts',(-0.564998313784759,-8.00686548377205,
-9.13428283123176));
#1320=CARTESIAN_POINT('Ctrl Pts',(-0.564998313784457,-7.88234638450698,
-12.8292972925733));
#1321=CARTESIAN_POINT('Ctrl Pts',(-0.564998313784599,-7.91749175455134,
-16.5246217287348));
#1322=CARTESIAN_POINT('Ctrl Pts',(-0.56499831378459,-7.91370513103521,-16.6494951077354));
#1323=CARTESIAN_POINT('Ctrl Pts',(-0.564998313784608,-7.90199329137526,
-16.73609580487));
#1324=CARTESIAN_POINT('Ctrl Pts',(-0.56499831378459,-7.8768936877556,-16.8498015297877));
#1325=CARTESIAN_POINT('Ctrl Pts',(-0.564998313784599,-7.84688008683271,
-16.9321213677796));
#1326=CARTESIAN_POINT('Ctrl Pts',(-0.564998313784599,-7.82230763689771,
-16.9848456233738));
#1327=CARTESIAN_POINT('Ctrl Pts',(-0.564998313784599,-1.19078147218719,
-32.1790912374852));
#1328=CARTESIAN_POINT('Ctrl Pts',(-0.564998313784582,-1.79579886587413,
-32.3283075524639));
#1329=CARTESIAN_POINT('Ctrl Pts',(-0.56499831378459,-2.68204988926453,-32.6305657429141));
#1330=CARTESIAN_POINT('Ctrl Pts',(-0.564998313784599,-3.80942740638135,
-33.1641905644464));
#1331=CARTESIAN_POINT('Ctrl Pts',(-0.564998313784599,-4.37837136245098,
-33.5098356908595));
#1332=CARTESIAN_POINT('Ctrl Pts',(-0.56499831378459,-4.71818424951495,-33.7152821392687));
#1333=CARTESIAN_POINT('Ctrl Pts',(-0.564998313784599,-4.83474794741588,
-33.7695149742345));
#1334=CARTESIAN_POINT('Ctrl Pts',(-0.564998313784599,-4.955144174903,-33.8142737124698));
#1335=CARTESIAN_POINT('Ctrl Pts',(-0.564998313784582,-5.07902632139572,
-33.8483940735715));
#1336=CARTESIAN_POINT('Ctrl Pts',(-0.564998313784599,-5.2053442371503,-33.8718511587013));
#1337=CARTESIAN_POINT('Ctrl Pts',(-0.564998313784599,-5.33321229704608,
-33.8844109455012));
#1338=CARTESIAN_POINT('Ctrl Pts',(-0.564998313784608,-5.46168392542324,
-33.8860011645126));
#1339=CARTESIAN_POINT('Ctrl Pts',(-0.56499831378459,-5.58982183414975,-33.8766023056956));
#1340=CARTESIAN_POINT('Ctrl Pts',(-0.564998313784608,-5.71668730714462,
-33.856286730645));
#1341=CARTESIAN_POINT('Ctrl Pts',(-0.564998313784608,-5.88290789075612,
-33.8148421475632));
#1342=CARTESIAN_POINT('Ctrl Pts',(-0.564998313784582,-6.00290113353778,
-33.7679391297461));
#1343=CARTESIAN_POINT('Ctrl Pts',(-0.564998313784599,-6.07964291230931,
-33.7300692871211));
#1344=CARTESIAN_POINT('Ctrl Pts',(-0.564998313784599,-6.8263397481688,-24.8311185310594));
#1345=CARTESIAN_POINT('Ctrl Pts',(-0.564998313784599,-6.86851744194183,
-24.9732351697209));
#1346=CARTESIAN_POINT('Ctrl Pts',(-0.564998313784599,-6.86851779051783,
-25.1255615974439));
#1347=CARTESIAN_POINT('Ctrl Pts',(-0.564998313784599,-6.86964157278582,
-25.2720868482499));
#1348=CARTESIAN_POINT('Ctrl Pts',(-0.564998313784599,-6.87087468494535,
-25.4328671645024));
#1349=CARTESIAN_POINT('Ctrl Pts',(-0.564998313784599,-6.8706920407963,-25.5903241503365));
#1350=CARTESIAN_POINT('Ctrl Pts',(-0.564998313784599,-6.87083018453381,
-25.748333491583));
#1351=CARTESIAN_POINT('Ctrl Pts',(-0.564998313784599,-6.87110282711183,
-26.0601831267777));
#1352=CARTESIAN_POINT('Ctrl Pts',(-0.564998313784599,-6.87076663950409,
-26.3759368598559));
#1353=CARTESIAN_POINT('Ctrl Pts',(-0.564998313784599,-6.87076923141138,
-26.7007458914595));
#1354=CARTESIAN_POINT('Ctrl Pts',(-0.564998313784599,-6.87077173093433,
-27.013977631905));
#1355=CARTESIAN_POINT('Ctrl Pts',(-0.564998313784599,-6.87076983763611,
-27.3342319066669));
#1356=CARTESIAN_POINT('Ctrl Pts',(-0.564998313784599,-6.87076977275255,
-27.6531603594238));
#1357=CARTESIAN_POINT('Ctrl Pts',(-0.564998313784599,-6.87076970743135,
-27.9742399788275));
#1358=CARTESIAN_POINT('Ctrl Pts',(-0.564998313784599,-6.87076975945883,
-28.2927745808989));
#1359=CARTESIAN_POINT('Ctrl Pts',(-0.564998313784599,-6.87076975621903,
-28.6055748111955));
#1360=CARTESIAN_POINT('Ctrl Pts',(-0.564998313784599,-6.87076975260239,
-28.9547579378139));
#1361=CARTESIAN_POINT('Ctrl Pts',(-0.564998313784599,-6.87076972262643,
-29.2711993746407));
#1362=CARTESIAN_POINT('Ctrl Pts',(-0.564998313784599,-6.87076977330714,
-29.557989263611));
#1363=CARTESIAN_POINT('Ctrl Pts',(-0.564998313784599,-6.87076983737826,
-29.9205522637486));
#1364=CARTESIAN_POINT('Ctrl Pts',(-0.564998313784599,-6.87076994092176,
-30.2358212111293));
#1365=CARTESIAN_POINT('Ctrl Pts',(-0.564998313784599,-6.87076972739862,
-30.5104037134163));
#1366=CARTESIAN_POINT('Ctrl Pts',(-0.564998313784599,-6.87076942009553,
-30.9055835905398));
#1367=CARTESIAN_POINT('Ctrl Pts',(-0.564998313784599,-6.87077793517099,
-31.2164895043004));
#1368=CARTESIAN_POINT('Ctrl Pts',(-0.564998313784599,-6.87077180974318,
-31.4628183649759));
#1369=CARTESIAN_POINT('Ctrl Pts',(-0.564998313784599,-6.87076692359132,
-31.659310798657));
#1370=CARTESIAN_POINT('Ctrl Pts',(-0.564998313784599,-6.87076700542515,
-31.8147128916868));
#1371=CARTESIAN_POINT('Ctrl Pts',(-0.564998313784599,-6.87073321599907,
-31.9390219023625));
#1372=CARTESIAN_POINT('Ctrl Pts',(-0.564998313784599,-6.87066683481365,
-32.1832337889175));
#1373=CARTESIAN_POINT('Ctrl Pts',(-0.564998313784599,-6.86978091642026,
-32.3074490042563));
#1374=CARTESIAN_POINT('Ctrl Pts',(-0.564998313784599,-6.87083621958999,
-32.3874673841107));
#1375=CARTESIAN_POINT('Ctrl Pts',(-0.564998313784599,14.0126209054779,-1.1428400129078));
#1376=CARTESIAN_POINT('Ctrl Pts',(-0.564998313784599,13.9815155764518,-1.22303388686801));
#1377=CARTESIAN_POINT('Ctrl Pts',(-0.56499831378459,13.7777785544686,-1.563941557352));
#1378=CARTESIAN_POINT('Ctrl Pts',(-0.564998313784608,13.4084580235718,-2.16853407973724));
#1379=CARTESIAN_POINT('Ctrl Pts',(-0.564998313784599,13.008826062887,-3.01444053462846));
#1380=CARTESIAN_POINT('Ctrl Pts',(-0.564998313784608,12.6734888541787,-3.88685112180033));
#1381=CARTESIAN_POINT('Ctrl Pts',(-0.564998313784599,12.4115605951413,-4.78443366753951));
#1382=CARTESIAN_POINT('Ctrl Pts',(-0.56499831378459,12.2229244325495,-5.70008596040439));
#1383=CARTESIAN_POINT('Ctrl Pts',(-0.56499831378459,12.1093124571444,-6.62808476619975));
#1384=CARTESIAN_POINT('Ctrl Pts',(-0.564998313784599,12.0713437350617,-7.56222664255771));
#1385=CARTESIAN_POINT('Ctrl Pts',(-0.564998313784608,12.1093122410946,-8.49637026208999));
#1386=CARTESIAN_POINT('Ctrl Pts',(-0.56499831378459,12.2229256990453,-9.4243675410799));
#1387=CARTESIAN_POINT('Ctrl Pts',(-0.564998313784599,12.4115533669659,-10.3400258782806));
#1388=CARTESIAN_POINT('Ctrl Pts',(-0.564998313784608,12.6735183848613,-11.2375849034088));
#1389=CARTESIAN_POINT('Ctrl Pts',(-0.56499831378459,13.0087174876305,-12.1100838057076));
#1390=CARTESIAN_POINT('Ctrl Pts',(-0.56499831378459,13.4088584824698,-12.9556656478204));
#1391=CARTESIAN_POINT('Ctrl Pts',(-0.564998313784635,13.7545206626202,-13.5245983098783));
#1392=CARTESIAN_POINT('Ctrl Pts',(-0.56499831378459,13.95996727402,-13.8644108073912));
#1393=CARTESIAN_POINT('Ctrl Pts',(-0.564998313784608,14.0142002026874,-13.9809749839299));
#1394=CARTESIAN_POINT('Ctrl Pts',(-0.564998313784599,14.0589581137592,-14.1013716217451));
#1395=CARTESIAN_POINT('Ctrl Pts',(-0.564998313784608,14.0930793596182,-14.22525336058));
#1396=CARTESIAN_POINT('Ctrl Pts',(-0.56499831378459,14.1165357474997,-14.3515709501431));
#1397=CARTESIAN_POINT('Ctrl Pts',(-0.564998313784599,14.1290975142207,-14.4794388724491));
#1398=CARTESIAN_POINT('Ctrl Pts',(-0.564998313784582,14.1306856956413,-14.6079110591967));
#1399=CARTESIAN_POINT('Ctrl Pts',(-0.564998313784617,14.1212874200307,-14.7360490837726));
#1400=CARTESIAN_POINT('Ctrl Pts',(-0.56499831378459,14.1009719605412,-14.8629145276171));
#1401=CARTESIAN_POINT('Ctrl Pts',(-0.56499831378459,14.0698871699518,-14.9875796060513));
#1402=CARTESIAN_POINT('Ctrl Pts',(-0.564998313784599,14.0282611793827,-15.1091315901583));
#1403=CARTESIAN_POINT('Ctrl Pts',(-0.564998313784608,13.9763968481647,-15.226680440116));
#1404=CARTESIAN_POINT('Ctrl Pts',(-0.564998313784582,13.9146762229921,-15.3393663592943));
#1405=CARTESIAN_POINT('Ctrl Pts',(-0.564998313784617,13.8435512805632,-15.4463658046727));
#1406=CARTESIAN_POINT('Ctrl Pts',(-0.564998313784599,13.7635386526415,-15.5468924043042));
#1407=CARTESIAN_POINT('Ctrl Pts',(-0.564998313784582,13.6752281505151,-15.6402133389808));
#1408=CARTESIAN_POINT('Ctrl Pts',(-0.564998313784599,13.579264376608,-15.7256453925231));
#1409=CARTESIAN_POINT('Ctrl Pts',(-0.564998313784617,13.4763490036063,-15.8025615191531));
#1410=CARTESIAN_POINT('Ctrl Pts',(-0.564998313784582,13.3672368269053,-15.8704004322177));
#1411=CARTESIAN_POINT('Ctrl Pts',(-0.564998313784608,13.2527250127093,-15.9286644687806));
#1412=CARTESIAN_POINT('Ctrl Pts',(-0.564998313784599,13.1336527725138,-15.976925745047));
#1413=CARTESIAN_POINT('Ctrl Pts',(-0.564998313784599,13.0108911765118,-16.0148479947706));
#1414=CARTESIAN_POINT('Ctrl Pts',(-0.564998313784599,12.8853369254031,-16.0420804771542));
#1415=CARTESIAN_POINT('Ctrl Pts',(-0.564998313784599,12.7579175034609,-16.0586976764157));
#1416=CARTESIAN_POINT('Ctrl Pts',(-0.564998313784608,12.657138051679,-16.062511955287));
#1417=CARTESIAN_POINT('Ctrl Pts',(-0.564998313784582,12.3785776387917,-16.0613281235118));
#1418=CARTESIAN_POINT('Ctrl Pts',(-0.56499831378459,12.100323516111,-16.067563580088));
#1419=CARTESIAN_POINT('Ctrl Pts',(-0.564998313784599,11.7945801081392,-16.0590001040365));
#1420=CARTESIAN_POINT('Ctrl Pts',(-0.564998313784617,11.6679256015906,-16.0422562275244));
#1421=CARTESIAN_POINT('Ctrl Pts',(-0.56499831378459,11.5431077117218,-16.0154412246696));
#1422=CARTESIAN_POINT('Ctrl Pts',(-0.56499831378459,11.4210304682172,-15.9779533211505));
#1423=CARTESIAN_POINT('Ctrl Pts',(-0.564998313784599,11.3025756367925,-15.9302755441));
#1424=CARTESIAN_POINT('Ctrl Pts',(-0.56499831378459,11.1885998759939,-15.8726949459611));
#1425=CARTESIAN_POINT('Ctrl Pts',(-0.564998313784608,11.079929124627,-15.8056407576974));
#1426=CARTESIAN_POINT('Ctrl Pts',(-0.564998313784582,10.9773449255102,-15.7296003919808));
#1427=CARTESIAN_POINT('Ctrl Pts',(-0.564998313784608,10.8815933484366,-15.6451182242977));
#1428=CARTESIAN_POINT('Ctrl Pts',(-0.56499831378459,10.7933634950734,-15.5528083329385));
#1429=CARTESIAN_POINT('Ctrl Pts',(-0.564998313784599,10.686604261567,-15.4201796777369));
#1430=CARTESIAN_POINT('Ctrl Pts',(-0.564998313784608,10.6196457975422,-15.3110439351123));
#1431=CARTESIAN_POINT('Ctrl Pts',(-0.564998313784599,10.5815074686597,-15.2350208908318));
#1432=CARTESIAN_POINT('',(-0.564998313784599,6.96933865345983,0.913838008328067));
#1433=CARTESIAN_POINT('Origin',(-0.0649991631507874,-5.41600002435192,-17.5603238120673));
#1434=CARTESIAN_POINT('',(0.434999987483025,0.00874268868858635,-17.5603238115634));
#1435=CARTESIAN_POINT('Origin',(-0.0649991984032017,14.6770344299409,-37.5522389348424));
#1436=CARTESIAN_POINT('Origin',(0.434999987483025,14.6770344299409,-37.5522389348424));
#1437=CARTESIAN_POINT('Origin',(-0.0649991631507874,11.8865683996422,3.57960831906133));
#1438=CARTESIAN_POINT('',(0.434999987483025,8.80597491233616,3.6212705779416));
#1439=CARTESIAN_POINT('Origin',(0.434999987483025,5.43348540176255,-17.9204621210154));
#1440=CARTESIAN_POINT('',(0.434999987483025,-10.0453863270632,-21.3277726310455));
#1441=CARTESIAN_POINT('',(0.434999987483025,-2.91819804743244,-14.4621396484658));
#1442=CARTESIAN_POINT('Ctrl Pts',(0.434999987483025,-7.85569275722995,-5.22020749747734));
#1443=CARTESIAN_POINT('Ctrl Pts',(0.434999987483007,-7.87570762704828,-5.27487509134483));
#1444=CARTESIAN_POINT('Ctrl Pts',(0.434999987483042,-7.89803643958748,-5.35949162650984));
#1445=CARTESIAN_POINT('Ctrl Pts',(0.434999987483025,-7.91379388430892,-5.47496130984127));
#1446=CARTESIAN_POINT('Ctrl Pts',(0.43499998748282,-8.00686548377205,-9.13428283123176));
#1447=CARTESIAN_POINT('Ctrl Pts',(0.434999987483131,-7.88234638450698,-12.8292972925733));
#1448=CARTESIAN_POINT('Ctrl Pts',(0.434999987483016,-7.91749175455134,-16.5246217287348));
#1449=CARTESIAN_POINT('Ctrl Pts',(0.434999987483033,-7.91370513103521,-16.6494951077354));
#1450=CARTESIAN_POINT('Ctrl Pts',(0.434999987483025,-7.90199329137526,-16.73609580487));
#1451=CARTESIAN_POINT('Ctrl Pts',(0.434999987483025,-7.8768936877556,-16.8498015297877));
#1452=CARTESIAN_POINT('Ctrl Pts',(0.434999987483033,-7.84688008683271,-16.9321213677796));
#1453=CARTESIAN_POINT('Ctrl Pts',(0.434999987483025,-7.82230763689771,-16.9848456233738));
#1454=CARTESIAN_POINT('Ctrl Pts',(0.434999987483025,-6.91460998890148,-32.3849625764495));
#1455=CARTESIAN_POINT('Ctrl Pts',(0.434999987483025,-6.9102558628483,-32.3105115635409));
#1456=CARTESIAN_POINT('Ctrl Pts',(0.434999987483025,-6.87943644376291,-32.1852526315721));
#1457=CARTESIAN_POINT('Ctrl Pts',(0.434999987483025,-6.87382967571071,-31.9387396788627));
#1458=CARTESIAN_POINT('Ctrl Pts',(0.434999987483025,-6.87099227014573,-31.8139873764051));
#1459=CARTESIAN_POINT('Ctrl Pts',(0.434999987483025,-6.87103405708332,-31.6582668836619));
#1460=CARTESIAN_POINT('Ctrl Pts',(0.434999987483025,-6.87059637320119,-31.462834437487));
#1461=CARTESIAN_POINT('Ctrl Pts',(0.434999987483025,-6.87004179482884,-31.2152068406636));
#1462=CARTESIAN_POINT('Ctrl Pts',(0.434999987483025,-6.87077990263366,-30.903770828624));
#1463=CARTESIAN_POINT('Ctrl Pts',(0.434999987483025,-6.87077118864033,-30.5104035842594));
#1464=CARTESIAN_POINT('Ctrl Pts',(0.434999987483025,-6.87076509097131,-30.2351424997163));
#1465=CARTESIAN_POINT('Ctrl Pts',(0.434999987483025,-6.87076965238529,-29.9197522786525));
#1466=CARTESIAN_POINT('Ctrl Pts',(0.434999987483025,-6.87076977864791,-29.5579892633789));
#1467=CARTESIAN_POINT('Ctrl Pts',(0.434999987483025,-6.87076987888708,-29.2707877221202));
#1468=CARTESIAN_POINT('Ctrl Pts',(0.434999987483025,-6.87076980170296,-28.9542887444347));
#1469=CARTESIAN_POINT('Ctrl Pts',(0.434999987483025,-6.87076979475624,-28.6055748114969));
#1470=CARTESIAN_POINT('Ctrl Pts',(0.434999987483025,-6.87076978844107,-28.2885637244721));
#1471=CARTESIAN_POINT('Ctrl Pts',(0.434999987483025,-6.87076983388926,-27.9710053309796));
#1472=CARTESIAN_POINT('Ctrl Pts',(0.434999987483025,-6.87076977561776,-27.6531603594366));
#1473=CARTESIAN_POINT('Ctrl Pts',(0.434999987483025,-6.87076971738455,-27.3355242655833));
#1474=CARTESIAN_POINT('Ctrl Pts',(0.434999987483025,-6.87076917149328,-27.0177405581765));
#1475=CARTESIAN_POINT('Ctrl Pts',(0.434999987483025,-6.87076993273085,-26.7007458857853));
#1476=CARTESIAN_POINT('Ctrl Pts',(0.434999987483025,-6.8707706969817,-26.3824964241808));
#1477=CARTESIAN_POINT('Ctrl Pts',(0.434999987483025,-6.87068437065282,-26.0651856918102));
#1478=CARTESIAN_POINT('Ctrl Pts',(0.434999987483025,-6.87075442394954,-25.7483340801868));
#1479=CARTESIAN_POINT('Ctrl Pts',(0.434999987483025,-6.87078951248657,-25.5896283514079));
#1480=CARTESIAN_POINT('Ctrl Pts',(0.434999987483025,-6.87075693894912,-25.4310081053743));
#1481=CARTESIAN_POINT('Ctrl Pts',(0.434999987483025,-6.87105315845681,-25.2720760372486));
#1482=CARTESIAN_POINT('Ctrl Pts',(0.434999987483025,-6.87132839841409,-25.1244002275675));
#1483=CARTESIAN_POINT('Ctrl Pts',(0.434999987483025,-6.88214382751217,-24.9753709685042));
#1484=CARTESIAN_POINT('Ctrl Pts',(0.434999987483025,-6.87086322454509,-24.82783843505));
#1485=CARTESIAN_POINT('Ctrl Pts',(0.434999987483025,-1.19078147218719,-32.1790912374852));
#1486=CARTESIAN_POINT('Ctrl Pts',(0.434999987483025,-1.79579886587412,-32.328307552464));
#1487=CARTESIAN_POINT('Ctrl Pts',(0.434999987483025,-2.68204988926452,-32.6305657429141));
#1488=CARTESIAN_POINT('Ctrl Pts',(0.434999987483007,-3.80942740638135,-33.1641905644464));
#1489=CARTESIAN_POINT('Ctrl Pts',(0.434999987483025,-4.37837136245098,-33.5098356908595));
#1490=CARTESIAN_POINT('Ctrl Pts',(0.434999987483025,-4.71818424951494,-33.7152821392687));
#1491=CARTESIAN_POINT('Ctrl Pts',(0.434999987483042,-4.83474794741588,-33.7695149742345));
#1492=CARTESIAN_POINT('Ctrl Pts',(0.434999987483016,-4.955144174903,-33.8142737124698));
#1493=CARTESIAN_POINT('Ctrl Pts',(0.434999987483042,-5.07902632139572,-33.8483940735715));
#1494=CARTESIAN_POINT('Ctrl Pts',(0.434999987483016,-5.2053442371503,-33.8718511587013));
#1495=CARTESIAN_POINT('Ctrl Pts',(0.434999987483025,-5.33321229704608,-33.8844109455012));
#1496=CARTESIAN_POINT('Ctrl Pts',(0.434999987483033,-5.46168392542324,-33.8860011645125));
#1497=CARTESIAN_POINT('Ctrl Pts',(0.434999987483016,-5.58982183414975,-33.8766023056956));
#1498=CARTESIAN_POINT('Ctrl Pts',(0.434999987483025,-5.71668730714462,-33.856286730645));
#1499=CARTESIAN_POINT('Ctrl Pts',(0.434999987483033,-5.88290789075613,-33.8148421475632));
#1500=CARTESIAN_POINT('Ctrl Pts',(0.434999987483007,-6.00290113353778,-33.7679391297461));
#1501=CARTESIAN_POINT('Ctrl Pts',(0.434999987483025,-6.07964291230931,-33.7300692871211));
#1502=CARTESIAN_POINT('',(0.434999987483025,6.96933865345983,0.913838008328067));
#1503=CARTESIAN_POINT('Ctrl Pts',(0.434999987483025,14.0126209054779,-1.1428400129078));
#1504=CARTESIAN_POINT('Ctrl Pts',(0.434999987483033,13.9815155764518,-1.22303388686801));
#1505=CARTESIAN_POINT('Ctrl Pts',(0.434999987483025,13.7777785544686,-1.563941557352));
#1506=CARTESIAN_POINT('Ctrl Pts',(0.434999987483042,13.4084580235718,-2.16853407973724));
#1507=CARTESIAN_POINT('Ctrl Pts',(0.434999987483016,13.008826062887,-3.01444053462847));
#1508=CARTESIAN_POINT('Ctrl Pts',(0.434999987483033,12.6734888541787,-3.88685112180033));
#1509=CARTESIAN_POINT('Ctrl Pts',(0.434999987483033,12.4115605951413,-4.78443366753949));
#1510=CARTESIAN_POINT('Ctrl Pts',(0.434999987483025,12.2229244325495,-5.70008596040441));
#1511=CARTESIAN_POINT('Ctrl Pts',(0.434999987483025,12.1093124571444,-6.62808476619974));
#1512=CARTESIAN_POINT('Ctrl Pts',(0.434999987483042,12.0713437350617,-7.5622266425577));
#1513=CARTESIAN_POINT('Ctrl Pts',(0.434999987483007,12.1093122410946,-8.49637026208999));
#1514=CARTESIAN_POINT('Ctrl Pts',(0.434999987483033,12.2229256990453,-9.42436754107991));
#1515=CARTESIAN_POINT('Ctrl Pts',(0.434999987483007,12.4115533669659,-10.3400258782806));
#1516=CARTESIAN_POINT('Ctrl Pts',(0.434999987483033,12.6735183848613,-11.2375849034088));
#1517=CARTESIAN_POINT('Ctrl Pts',(0.434999987483016,13.0087174876305,-12.1100838057076));
#1518=CARTESIAN_POINT('Ctrl Pts',(0.434999987483025,13.4088584824698,-12.9556656478204));
#1519=CARTESIAN_POINT('Ctrl Pts',(0.434999987483042,13.7545206626203,-13.5245983098782));
#1520=CARTESIAN_POINT('Ctrl Pts',(0.434999987483016,13.95996727402,-13.8644108073912));
#1521=CARTESIAN_POINT('Ctrl Pts',(0.434999987483025,14.0142002026874,-13.9809749839299));
#1522=CARTESIAN_POINT('Ctrl Pts',(0.434999987483025,14.0589581137592,-14.1013716217451));
#1523=CARTESIAN_POINT('Ctrl Pts',(0.434999987483025,14.0930793596182,-14.22525336058));
#1524=CARTESIAN_POINT('Ctrl Pts',(0.434999987483025,14.1165357474997,-14.3515709501431));
#1525=CARTESIAN_POINT('Ctrl Pts',(0.434999987483033,14.1290975142207,-14.4794388724491));
#1526=CARTESIAN_POINT('Ctrl Pts',(0.434999987483033,14.1306856956413,-14.6079110591967));
#1527=CARTESIAN_POINT('Ctrl Pts',(0.434999987483016,14.1212874200307,-14.7360490837726));
#1528=CARTESIAN_POINT('Ctrl Pts',(0.434999987483025,14.1009719605412,-14.8629145276171));
#1529=CARTESIAN_POINT('Ctrl Pts',(0.434999987483025,14.0698871699518,-14.9875796060514));
#1530=CARTESIAN_POINT('Ctrl Pts',(0.434999987483025,14.0282611793827,-15.1091315901583));
#1531=CARTESIAN_POINT('Ctrl Pts',(0.434999987483033,13.9763968481647,-15.226680440116));
#1532=CARTESIAN_POINT('Ctrl Pts',(0.434999987483016,13.9146762229921,-15.3393663592943));
#1533=CARTESIAN_POINT('Ctrl Pts',(0.434999987483016,13.8435512805632,-15.4463658046727));
#1534=CARTESIAN_POINT('Ctrl Pts',(0.434999987483025,13.7635386526415,-15.5468924043042));
#1535=CARTESIAN_POINT('Ctrl Pts',(0.434999987483016,13.6752281505151,-15.6402133389808));
#1536=CARTESIAN_POINT('Ctrl Pts',(0.434999987483042,13.579264376608,-15.7256453925231));
#1537=CARTESIAN_POINT('Ctrl Pts',(0.434999987483007,13.4763490036063,-15.8025615191531));
#1538=CARTESIAN_POINT('Ctrl Pts',(0.434999987483033,13.3672368269053,-15.8704004322178));
#1539=CARTESIAN_POINT('Ctrl Pts',(0.434999987483025,13.2527250127093,-15.9286644687806));
#1540=CARTESIAN_POINT('Ctrl Pts',(0.434999987483033,13.1336527725138,-15.976925745047));
#1541=CARTESIAN_POINT('Ctrl Pts',(0.434999987483033,13.0108911765118,-16.0148479947706));
#1542=CARTESIAN_POINT('Ctrl Pts',(0.434999987483016,12.8853369254031,-16.0420804771542));
#1543=CARTESIAN_POINT('Ctrl Pts',(0.434999987483033,12.7579175034609,-16.0586976764157));
#1544=CARTESIAN_POINT('Ctrl Pts',(0.434999987483007,12.657138051679,-16.062511955287));
#1545=CARTESIAN_POINT('Ctrl Pts',(0.434999987483096,12.3785776387917,-16.0613281235118));
#1546=CARTESIAN_POINT('Ctrl Pts',(0.434999987482998,12.100323516111,-16.067563580088));
#1547=CARTESIAN_POINT('Ctrl Pts',(0.434999987483033,11.7945801081392,-16.0590001040365));
#1548=CARTESIAN_POINT('Ctrl Pts',(0.434999987483007,11.6679256015906,-16.0422562275244));
#1549=CARTESIAN_POINT('Ctrl Pts',(0.434999987483033,11.5431077117218,-16.0154412246696));
#1550=CARTESIAN_POINT('Ctrl Pts',(0.434999987483016,11.4210304682172,-15.9779533211505));
#1551=CARTESIAN_POINT('Ctrl Pts',(0.434999987483025,11.3025756367925,-15.9302755441));
#1552=CARTESIAN_POINT('Ctrl Pts',(0.434999987483016,11.1885998759939,-15.8726949459611));
#1553=CARTESIAN_POINT('Ctrl Pts',(0.434999987483033,11.079929124627,-15.8056407576974));
#1554=CARTESIAN_POINT('Ctrl Pts',(0.434999987483025,10.9773449255102,-15.7296003919808));
#1555=CARTESIAN_POINT('Ctrl Pts',(0.434999987483033,10.8815933484366,-15.6451182242977));
#1556=CARTESIAN_POINT('Ctrl Pts',(0.434999987483033,10.7933634950734,-15.5528083329385));
#1557=CARTESIAN_POINT('Ctrl Pts',(0.434999987483025,10.686604261567,-15.4201796777369));
#1558=CARTESIAN_POINT('Ctrl Pts',(0.434999987483016,10.6196457975422,-15.3110439351123));
#1559=CARTESIAN_POINT('Ctrl Pts',(0.434999987483025,10.5815074686597,-15.2350208908318));
#1560=CARTESIAN_POINT('Origin',(-0.0649991631507874,-9.96119117757062,-24.2932149067407));
#1561=CARTESIAN_POINT('Origin',(-0.0649991631507874,8.59012755571709,0.921149998903461));
#1562=CARTESIAN_POINT('Origin',(-0.0649991631507874,-2.91980030319188,-10.9999528651434));
#1563=CARTESIAN_POINT('Ctrl Pts',(-0.564998313784599,-7.85569275722995,
-5.22020749747734));
#1564=CARTESIAN_POINT('Ctrl Pts',(-0.231665546695391,-7.85569275722995,
-5.22020749747734));
#1565=CARTESIAN_POINT('Ctrl Pts',(0.101667220393817,-7.85569275722995,-5.22020749747734));
#1566=CARTESIAN_POINT('Ctrl Pts',(0.434999987483025,-7.85569275722995,-5.22020749747734));
#1567=CARTESIAN_POINT('Ctrl Pts',(-0.564998313784617,-7.87570762704828,
-5.27487509134483));
#1568=CARTESIAN_POINT('Ctrl Pts',(-0.23166554669541,-7.87570762704828,-5.27487509134483));
#1569=CARTESIAN_POINT('Ctrl Pts',(0.1016672203938,-7.87570762704828,-5.27487509134483));
#1570=CARTESIAN_POINT('Ctrl Pts',(0.434999987483007,-7.87570762704828,-5.27487509134483));
#1571=CARTESIAN_POINT('Ctrl Pts',(-0.564998313784581,-7.89803643958746,
-5.35949162650985));
#1572=CARTESIAN_POINT('Ctrl Pts',(-0.231665546695372,-7.89803643958746,
-5.35949162650985));
#1573=CARTESIAN_POINT('Ctrl Pts',(0.101667220393833,-7.89803643958746,-5.35949162650985));
#1574=CARTESIAN_POINT('Ctrl Pts',(0.434999987483042,-7.89803643958746,-5.35949162650985));
#1575=CARTESIAN_POINT('Ctrl Pts',(-0.564998313784599,-7.91379388430891,
-5.47496130984127));
#1576=CARTESIAN_POINT('Ctrl Pts',(-0.231665546695391,-7.91379388430891,
-5.47496130984127));
#1577=CARTESIAN_POINT('Ctrl Pts',(0.101667220393817,-7.91379388430891,-5.47496130984127));
#1578=CARTESIAN_POINT('Ctrl Pts',(0.434999987483025,-7.91379388430891,-5.47496130984127));
#1579=CARTESIAN_POINT('Ctrl Pts',(-0.564998313784759,-8.00686548377206,
-9.13428283123178));
#1580=CARTESIAN_POINT('Ctrl Pts',(-0.23166554669554,-8.00686548377206,-9.13428283123178));
#1581=CARTESIAN_POINT('Ctrl Pts',(0.1016672203936,-8.00686548377206,-9.13428283123178));
#1582=CARTESIAN_POINT('Ctrl Pts',(0.434999987482819,-8.00686548377206,-9.13428283123178));
#1583=CARTESIAN_POINT('Ctrl Pts',(-0.564998313784458,-7.88234638450693,
-12.8292972925734));
#1584=CARTESIAN_POINT('Ctrl Pts',(-0.231665546695289,-7.88234638450693,
-12.8292972925734));
#1585=CARTESIAN_POINT('Ctrl Pts',(0.101667220393966,-7.88234638450693,-12.8292972925734));
#1586=CARTESIAN_POINT('Ctrl Pts',(0.434999987483136,-7.88234638450693,-12.8292972925734));
#1587=CARTESIAN_POINT('Ctrl Pts',(-0.564998313784599,-7.91749175455135,
-16.5246217287348));
#1588=CARTESIAN_POINT('Ctrl Pts',(-0.231665546695393,-7.91749175455135,
-16.5246217287348));
#1589=CARTESIAN_POINT('Ctrl Pts',(0.10166722039381,-7.91749175455135,-16.5246217287348));
#1590=CARTESIAN_POINT('Ctrl Pts',(0.434999987483015,-7.91749175455135,-16.5246217287348));
#1591=CARTESIAN_POINT('Ctrl Pts',(-0.564998313784591,-7.91370513103521,
-16.6494951077354));
#1592=CARTESIAN_POINT('Ctrl Pts',(-0.231665546695383,-7.91370513103521,
-16.6494951077354));
#1593=CARTESIAN_POINT('Ctrl Pts',(0.101667220393826,-7.91370513103521,-16.6494951077354));
#1594=CARTESIAN_POINT('Ctrl Pts',(0.434999987483033,-7.91370513103521,-16.6494951077354));
#1595=CARTESIAN_POINT('Ctrl Pts',(-0.564998313784608,-7.90199329137526,
-16.73609580487));
#1596=CARTESIAN_POINT('Ctrl Pts',(-0.231665546695397,-7.90199329137526,
-16.73609580487));
#1597=CARTESIAN_POINT('Ctrl Pts',(0.101667220393813,-7.90199329137526,-16.73609580487));
#1598=CARTESIAN_POINT('Ctrl Pts',(0.434999987483025,-7.90199329137526,-16.73609580487));
#1599=CARTESIAN_POINT('Ctrl Pts',(-0.564998313784591,-7.8768936877556,-16.8498015297877));
#1600=CARTESIAN_POINT('Ctrl Pts',(-0.231665546695387,-7.8768936877556,-16.8498015297877));
#1601=CARTESIAN_POINT('Ctrl Pts',(0.10166722039382,-7.8768936877556,-16.8498015297877));
#1602=CARTESIAN_POINT('Ctrl Pts',(0.434999987483024,-7.8768936877556,-16.8498015297877));
#1603=CARTESIAN_POINT('Ctrl Pts',(-0.564998313784599,-7.84688008683271,
-16.9321213677796));
#1604=CARTESIAN_POINT('Ctrl Pts',(-0.231665546695388,-7.84688008683271,
-16.9321213677796));
#1605=CARTESIAN_POINT('Ctrl Pts',(0.101667220393822,-7.84688008683271,-16.9321213677796));
#1606=CARTESIAN_POINT('Ctrl Pts',(0.434999987483033,-7.84688008683271,-16.9321213677796));
#1607=CARTESIAN_POINT('Ctrl Pts',(-0.564998313784599,-7.82230763689771,
-16.9848456233738));
#1608=CARTESIAN_POINT('Ctrl Pts',(-0.231665546695391,-7.82230763689771,
-16.9848456233738));
#1609=CARTESIAN_POINT('Ctrl Pts',(0.101667220393817,-7.82230763689771,-16.9848456233738));
#1610=CARTESIAN_POINT('Ctrl Pts',(0.434999987483025,-7.82230763689771,-16.9848456233738));
#1611=CARTESIAN_POINT('Ctrl Pts',(-0.569168824869966,-6.87011107689827,
-32.4152823046836));
#1612=CARTESIAN_POINT('Ctrl Pts',(-0.55658224582424,-6.87375188474184,-32.4152416280071));
#1613=CARTESIAN_POINT('Ctrl Pts',(-0.543994333428,-6.87746456068481,-32.4152009900906));
#1614=CARTESIAN_POINT('Ctrl Pts',(-0.531403332522205,-6.88120098363301,
-32.4151613937237));
#1615=CARTESIAN_POINT('Ctrl Pts',(-0.506252948926189,-6.88855721443924,
-32.4150873862585));
#1616=CARTESIAN_POINT('Ctrl Pts',(-0.481071425022481,-6.89538821534982,
-32.4150293996374));
#1617=CARTESIAN_POINT('Ctrl Pts',(-0.46849210958225,-6.89858853206338,-32.4150059128975));
#1618=CARTESIAN_POINT('Ctrl Pts',(-0.443309854933673,-6.90441176895142,
-32.4149726789563));
#1619=CARTESIAN_POINT('Ctrl Pts',(-0.418079819937658,-6.9088973186007,-32.4149694377125));
#1620=CARTESIAN_POINT('Ctrl Pts',(-0.405452674992217,-6.91075908148135,
-32.4149759616187));
#1621=CARTESIAN_POINT('Ctrl Pts',(-0.380177542193323,-6.91370011507859,
-32.4150048867562));
#1622=CARTESIAN_POINT('Ctrl Pts',(-0.354874743237348,-6.91521554170255,
-32.4150605034722));
#1623=CARTESIAN_POINT('Ctrl Pts',(-0.342219853155061,-6.91565020643045,
-32.4150937547342));
#1624=CARTESIAN_POINT('Ctrl Pts',(-0.304260204898803,-6.91621954029667,
-32.4152029537516));
#1625=CARTESIAN_POINT('Ctrl Pts',(-0.266352575445401,-6.91532275661845,
-32.415319069661));
#1626=CARTESIAN_POINT('Ctrl Pts',(-0.241141002128975,-6.91478279929884,
-32.4153794223486));
#1627=CARTESIAN_POINT('Ctrl Pts',(-0.190823689566288,-6.91460103951855,
-32.4154392212555));
#1628=CARTESIAN_POINT('Ctrl Pts',(-0.140574503682185,-6.91534347872918,
-32.4154103573988));
#1629=CARTESIAN_POINT('Ctrl Pts',(-0.115431395649788,-6.91575456025276,
-32.415380669939));
#1630=CARTESIAN_POINT('Ctrl Pts',(-0.0650663096796311,-6.91603132917233,
-32.4153351468374));
#1631=CARTESIAN_POINT('Ctrl Pts',(-0.0146190121388656,-6.9156355875357,
-32.415352082554));
#1632=CARTESIAN_POINT('Ctrl Pts',(0.0106077169071028,-6.91534990114599,
-32.4153861015296));
#1633=CARTESIAN_POINT('Ctrl Pts',(0.0610289538649855,-6.91505298895979,
-32.4154872095662));
#1634=CARTESIAN_POINT('Ctrl Pts',(0.111419058787501,-6.91520607716534,-32.4156252746744));
#1635=CARTESIAN_POINT('Ctrl Pts',(0.136613167945487,-6.91539149234822,-32.4156951806796));
#1636=CARTESIAN_POINT('Ctrl Pts',(0.187021035938404,-6.91559650030435,-32.4158532044799));
#1637=CARTESIAN_POINT('Ctrl Pts',(0.237445082951684,-6.915277893086,-32.4160716986095));
#1638=CARTESIAN_POINT('Ctrl Pts',(0.262656273825828,-6.91492281259118,-32.4162032815997));
#1639=CARTESIAN_POINT('Ctrl Pts',(0.313060832747993,-6.91420320681094,-32.416469733266));
#1640=CARTESIAN_POINT('Ctrl Pts',(0.363442742625741,-6.91399739086839,-32.4166510623375));
#1641=CARTESIAN_POINT('Ctrl Pts',(0.388630611807033,-6.91418003479979,-32.4166949468184));
#1642=CARTESIAN_POINT('Ctrl Pts',(0.413823370799298,-6.91444774639907,-32.4167079171146));
#1643=CARTESIAN_POINT('Ctrl Pts',(0.439021459164701,-6.91449711442512,-32.4167398184637));
#1644=CARTESIAN_POINT('Ctrl Pts',(-0.569254498265828,-6.86795659887851,
-32.319897905942));
#1645=CARTESIAN_POINT('Ctrl Pts',(-0.556685459447204,-6.87177362888469,
-32.3198543026855));
#1646=CARTESIAN_POINT('Ctrl Pts',(-0.54411670385015,-6.87569587517785,-32.3198097384291));
#1647=CARTESIAN_POINT('Ctrl Pts',(-0.531546153866156,-6.87967184806379,
-32.319765248191));
#1648=CARTESIAN_POINT('Ctrl Pts',(-0.506437827971897,-6.88754511005553,
-32.319679885788));
#1649=CARTESIAN_POINT('Ctrl Pts',(-0.481297342453075,-6.89491832962183,
-32.3196082337229));
#1650=CARTESIAN_POINT('Ctrl Pts',(-0.468737404407316,-6.89838270640722,
-32.3195775596395));
#1651=CARTESIAN_POINT('Ctrl Pts',(-0.443589652801188,-6.9046918160852,-32.3195296826257));
#1652=CARTESIAN_POINT('Ctrl Pts',(-0.418382381336153,-6.90953944171716,
-32.319511684038));
#1653=CARTESIAN_POINT('Ctrl Pts',(-0.405762871117075,-6.9115413426834,-32.3195109094751));
#1654=CARTESIAN_POINT('Ctrl Pts',(-0.380494377399971,-6.91467100575011,
-32.3195253430567));
#1655=CARTESIAN_POINT('Ctrl Pts',(-0.35518095600195,-6.91620513422768,-32.3195657633558));
#1656=CARTESIAN_POINT('Ctrl Pts',(-0.342516418785541,-6.91660970274072,
-32.3195910182094));
#1657=CARTESIAN_POINT('Ctrl Pts',(-0.304516573182161,-6.91700546552067,
-32.3196737492979));
#1658=CARTESIAN_POINT('Ctrl Pts',(-0.266542399809948,-6.91580407001197,
-32.3197517951048));
#1659=CARTESIAN_POINT('Ctrl Pts',(-0.241282050657725,-6.91511980166541,
-32.3197776884239));
#1660=CARTESIAN_POINT('Ctrl Pts',(-0.190869605572281,-6.91487635857682,
-32.3197448897927));
#1661=CARTESIAN_POINT('Ctrl Pts',(-0.140533728043337,-6.9158271994676,-32.3195733032502));
#1662=CARTESIAN_POINT('Ctrl Pts',(-0.115350305973445,-6.91636865292964,
-32.3194588215781));
#1663=CARTESIAN_POINT('Ctrl Pts',(-0.0649199909576215,-6.91688357372788,
-32.3192172353091));
#1664=CARTESIAN_POINT('Ctrl Pts',(-0.014459812916261,-6.9167853201887,-32.3189847594556));
#1665=CARTESIAN_POINT('Ctrl Pts',(0.0107548061551999,-6.91668650192025,
-32.3188807337068));
#1666=CARTESIAN_POINT('Ctrl Pts',(0.0611207207378683,-6.9168700662213,-32.3186759103961));
#1667=CARTESIAN_POINT('Ctrl Pts',(0.11142801641669,-6.91761547971143,-32.3184344261165));
#1668=CARTESIAN_POINT('Ctrl Pts',(0.136582271931989,-6.91810390426792,-32.3182926823076));
#1669=CARTESIAN_POINT('Ctrl Pts',(0.186928879728381,-6.91886230632714,-32.3179767867406));
#1670=CARTESIAN_POINT('Ctrl Pts',(0.237327120838664,-6.91921131938109,-32.3176053555288));
#1671=CARTESIAN_POINT('Ctrl Pts',(0.262534269097845,-6.91925851465203,-32.3174109214507));
#1672=CARTESIAN_POINT('Ctrl Pts',(0.312940271419517,-6.91985865730032,-32.3169383996321));
#1673=CARTESIAN_POINT('Ctrl Pts',(0.363336032137616,-6.92159249066229,-32.3163525826194));
#1674=CARTESIAN_POINT('Ctrl Pts',(0.388532073106136,-6.92284308659971,-32.3160351098328));
#1675=CARTESIAN_POINT('Ctrl Pts',(0.41373344204815,-6.92354838730421,-32.3158432085465));
#1676=CARTESIAN_POINT('Ctrl Pts',(0.438939569252064,-6.92336100813734,-32.3158330328323));
#1677=CARTESIAN_POINT('Ctrl Pts',(-0.56925409062516,-6.8684246449764,-32.2247666330731));
#1678=CARTESIAN_POINT('Ctrl Pts',(-0.556690809331553,-6.87190532192563,
-32.2247352120197));
#1679=CARTESIAN_POINT('Ctrl Pts',(-0.544129130888642,-6.87544154893225,
-32.2247030083887));
#1680=CARTESIAN_POINT('Ctrl Pts',(-0.531567279621443,-6.87899023276037,
-32.2246708134989));
#1681=CARTESIAN_POINT('Ctrl Pts',(-0.506480512278022,-6.88597436078824,
-32.2246089613356));
#1682=CARTESIAN_POINT('Ctrl Pts',(-0.481371292083272,-6.89249613421191,
-32.2245566359476));
#1683=CARTESIAN_POINT('Ctrl Pts',(-0.46882970424841,-6.89557190066063,-32.2245340477871));
#1684=CARTESIAN_POINT('Ctrl Pts',(-0.443724444675739,-6.90123536932769,
-32.2244980690209));
#1685=CARTESIAN_POINT('Ctrl Pts',(-0.418569091647205,-6.90576718291341,
-32.2244819697922));
#1686=CARTESIAN_POINT('Ctrl Pts',(-0.405977379331715,-6.90771065552067,
-32.2244792788973));
#1687=CARTESIAN_POINT('Ctrl Pts',(-0.380765537142373,-6.91092890202262,
-32.2244838975588));
#1688=CARTESIAN_POINT('Ctrl Pts',(-0.355502671587127,-6.91289720680472,
-32.2245038421598));
#1689=CARTESIAN_POINT('Ctrl Pts',(-0.342859881708542,-6.91358971617855,
-32.2245165018165));
#1690=CARTESIAN_POINT('Ctrl Pts',(-0.30490649070412,-6.91495479449468,-32.2245567469334));
#1691=CARTESIAN_POINT('Ctrl Pts',(-0.266906234742015,-6.91472270398722,
-32.2245860578198));
#1692=CARTESIAN_POINT('Ctrl Pts',(-0.241579283800242,-6.91437157793258,
-32.2245842434189));
#1693=CARTESIAN_POINT('Ctrl Pts',(-0.190965359258746,-6.91401913852937,
-32.2245140566314));
#1694=CARTESIAN_POINT('Ctrl Pts',(-0.140408891073918,-6.91410937075492,
-32.2243181699352));
#1695=CARTESIAN_POINT('Ctrl Pts',(-0.115139638410291,-6.91421974203074,
-32.2241898475721));
#1696=CARTESIAN_POINT('Ctrl Pts',(-0.0646239343094024,-6.91423023371121,
-32.2238935253747));
#1697=CARTESIAN_POINT('Ctrl Pts',(-0.0142023434110961,-6.91396057498466,
-32.2235441776364));
#1698=CARTESIAN_POINT('Ctrl Pts',(0.0109732062098633,-6.91377759338031,
-32.2233633503873));
#1699=CARTESIAN_POINT('Ctrl Pts',(0.0612570361101294,-6.91342739591784,
-32.2229900914273));
#1700=CARTESIAN_POINT('Ctrl Pts',(0.111481219042719,-6.91271567391534,-32.2225765395307));
#1701=CARTESIAN_POINT('Ctrl Pts',(0.136596323165357,-6.91218654737551,-32.2223550228981));
#1702=CARTESIAN_POINT('Ctrl Pts',(0.186872173456347,-6.91039695267066,-32.2218783438082));
#1703=CARTESIAN_POINT('Ctrl Pts',(0.237235072770385,-6.90770829531032,-32.2212635761674));
#1704=CARTESIAN_POINT('Ctrl Pts',(0.262438165496777,-6.90622950671816,-32.2209102242465));
#1705=CARTESIAN_POINT('Ctrl Pts',(0.312863426691381,-6.9043486940122,-32.2199788457981));
#1706=CARTESIAN_POINT('Ctrl Pts',(0.363308241000064,-6.90484163525867,-32.2188047395887));
#1707=CARTESIAN_POINT('Ctrl Pts',(0.38853040026007,-6.90587135922427,-32.2181860708667));
#1708=CARTESIAN_POINT('Ctrl Pts',(0.413750633726631,-6.90592315554133,-32.2178919120353));
#1709=CARTESIAN_POINT('Ctrl Pts',(0.438968535468582,-6.90490545635769,-32.2179352754614));
#1710=CARTESIAN_POINT('Ctrl Pts',(-0.56919344275391,-6.86991625784377,-32.1295161487833));
#1711=CARTESIAN_POINT('Ctrl Pts',(-0.556600881771052,-6.87254779989388,
-32.1294993005109));
#1712=CARTESIAN_POINT('Ctrl Pts',(-0.544007514396583,-6.87516628779699,
-32.1294828110477));
#1713=CARTESIAN_POINT('Ctrl Pts',(-0.531412491106877,-6.87775026892083,
-32.1294669555953));
#1714=CARTESIAN_POINT('Ctrl Pts',(-0.506259956456336,-6.88278965988078,
-32.1294370471495));
#1715=CARTESIAN_POINT('Ctrl Pts',(-0.481093448316665,-6.88749548962895,
-32.1294112223224));
#1716=CARTESIAN_POINT('Ctrl Pts',(-0.468527240508632,-6.88973785499029,
-32.1293994968204));
#1717=CARTESIAN_POINT('Ctrl Pts',(-0.443384599577943,-6.8939673117843,-32.1293784942119));
#1718=CARTESIAN_POINT('Ctrl Pts',(-0.418219828305952,-6.89763271920952,
-32.1293620248531));
#1719=CARTESIAN_POINT('Ctrl Pts',(-0.405631483433071,-6.8993108694119,-32.1293548350791));
#1720=CARTESIAN_POINT('Ctrl Pts',(-0.380442743380112,-6.90234672102332,
-32.1293420459749));
#1721=CARTESIAN_POINT('Ctrl Pts',(-0.355231167272612,-6.90475098079023,
-32.1293308621944));
#1722=CARTESIAN_POINT('Ctrl Pts',(-0.342619978598275,-6.90579738807034,
-32.1293252818293));
#1723=CARTESIAN_POINT('Ctrl Pts',(-0.304772243437013,-6.90849929022963,
-32.1293069851505));
#1724=CARTESIAN_POINT('Ctrl Pts',(-0.266889376994977,-6.9100072047674,-32.1292793296084));
#1725=CARTESIAN_POINT('Ctrl Pts',(-0.241625239349359,-6.91058956816864,
-32.1292524758513));
#1726=CARTESIAN_POINT('Ctrl Pts',(-0.191094799524594,-6.91118232661377,
-32.1291749803763));
#1727=CARTESIAN_POINT('Ctrl Pts',(-0.140578701369058,-6.91085368337282,
-32.1290545119984));
#1728=CARTESIAN_POINT('Ctrl Pts',(-0.115329026859454,-6.91051889860372,
-32.1289845047667));
#1729=CARTESIAN_POINT('Ctrl Pts',(-0.0648525228178087,-6.90950194924027,
-32.1288354722293));
#1730=CARTESIAN_POINT('Ctrl Pts',(-0.0144259306122851,-6.9076920208814,
-32.1286962313032));
#1731=CARTESIAN_POINT('Ctrl Pts',(0.0107737751833437,-6.90656527004998,
-32.1286359277995));
#1732=CARTESIAN_POINT('Ctrl Pts',(0.061150105956731,-6.90376461291662,-32.1285512268037));
#1733=CARTESIAN_POINT('Ctrl Pts',(0.111497824983289,-6.8997332394683,-32.1285644359803));
#1734=CARTESIAN_POINT('Ctrl Pts',(0.136668838384697,-6.8973767749476,-32.1286018994834));
#1735=CARTESIAN_POINT('Ctrl Pts',(0.187016072300903,-6.89197478662301,-32.1287469166911));
#1736=CARTESIAN_POINT('Ctrl Pts',(0.237382054311865,-6.88579355283957,-32.1289938773054));
#1737=CARTESIAN_POINT('Ctrl Pts',(0.262572000366239,-6.8826401142734,-32.1291349569554));
#1738=CARTESIAN_POINT('Ctrl Pts',(0.312963965724871,-6.87692463499958,-32.1293920881542));
#1739=CARTESIAN_POINT('Ctrl Pts',(0.36337416845722,-6.87282535878409,-32.1295567719348));
#1740=CARTESIAN_POINT('Ctrl Pts',(0.388582317560484,-6.87131900194164,-32.1296026297332));
#1741=CARTESIAN_POINT('Ctrl Pts',(0.413792127210613,-6.8699147293894,-32.1296512980337));
#1742=CARTESIAN_POINT('Ctrl Pts',(0.439002764151626,-6.8686516092772,-32.1297037764427));
#1743=CARTESIAN_POINT('Ctrl Pts',(-0.569221098796282,-6.87003170729229,
-31.9390136030276));
#1744=CARTESIAN_POINT('Ctrl Pts',(-0.556605740182041,-6.87179890332251,
-31.939006498034));
#1745=CARTESIAN_POINT('Ctrl Pts',(-0.543989028727534,-6.87353524177604,
-31.9389995049772));
#1746=CARTESIAN_POINT('Ctrl Pts',(-0.531370749660969,-6.87523423220102,
-31.9389926184502));
#1747=CARTESIAN_POINT('Ctrl Pts',(-0.506173589069796,-6.87853969963533,
-31.9389789767344));
#1748=CARTESIAN_POINT('Ctrl Pts',(-0.48096915511386,-6.88165008878291,-31.9389652187296));
#1749=CARTESIAN_POINT('Ctrl Pts',(-0.468386453060567,-6.88314859450682,
-31.9389582407676));
#1750=CARTESIAN_POINT('Ctrl Pts',(-0.443217115571279,-6.88602776118846,
-31.9389438458604));
#1751=CARTESIAN_POINT('Ctrl Pts',(-0.418039768355651,-6.88865400931791,
-31.9389281923758));
#1752=CARTESIAN_POINT('Ctrl Pts',(-0.405449057829372,-6.88989960216151,
-31.9389199552187));
#1753=CARTESIAN_POINT('Ctrl Pts',(-0.380263524633753,-6.89224821920759,
-31.9389025006148));
#1754=CARTESIAN_POINT('Ctrl Pts',(-0.355069807243567,-6.8942996263155,-31.9388829057924));
#1755=CARTESIAN_POINT('Ctrl Pts',(-0.34247091320065,-6.89524801547088,-31.9388725276717));
#1756=CARTESIAN_POINT('Ctrl Pts',(-0.304668258971992,-6.89785447484159,
-31.93883961394));
#1757=CARTESIAN_POINT('Ctrl Pts',(-0.26684872302762,-6.89973506492319,-31.9388015089752));
#1758=CARTESIAN_POINT('Ctrl Pts',(-0.241629045588629,-6.90065675759472,
-31.9387739355237));
#1759=CARTESIAN_POINT('Ctrl Pts',(-0.191181087300381,-6.90186345490603,
-31.9387155219408));
#1760=CARTESIAN_POINT('Ctrl Pts',(-0.140726193975373,-6.90190519629379,
-31.9386541243744));
#1761=CARTESIAN_POINT('Ctrl Pts',(-0.115499586132088,-6.90166208443573,
-31.9386235371487));
#1762=CARTESIAN_POINT('Ctrl Pts',(-0.0650522803554399,-6.90071207741832,
-31.9385654620837));
#1763=CARTESIAN_POINT('Ctrl Pts',(-0.0146192472170359,-6.89895314897856,
-31.9385183957158));
#1764=CARTESIAN_POINT('Ctrl Pts',(0.0105930327684689,-6.89790196269229,
-31.9384987656513));
#1765=CARTESIAN_POINT('Ctrl Pts',(0.0610098832292927,-6.89552481418542,
-31.9384687846881));
#1766=CARTESIAN_POINT('Ctrl Pts',(0.111413399244178,-6.8928696824916,-31.9384463028715));
#1767=CARTESIAN_POINT('Ctrl Pts',(0.136612359128829,-6.89153665855483,-31.9384345380192));
#1768=CARTESIAN_POINT('Ctrl Pts',(0.187006378093484,-6.88908432232771,-31.9383946523098));
#1769=CARTESIAN_POINT('Ctrl Pts',(0.23739654714662,-6.88735600492019,-31.9382994548516));
#1770=CARTESIAN_POINT('Ctrl Pts',(0.262591651244026,-6.88675059117746,-31.938232116498));
#1771=CARTESIAN_POINT('Ctrl Pts',(0.31298391885155,-6.88602383642896,-31.9380610899392));
#1772=CARTESIAN_POINT('Ctrl Pts',(0.363382469495717,-6.88546705272126,-31.937898770837));
#1773=CARTESIAN_POINT('Ctrl Pts',(0.388583878739013,-6.88503615288564,-31.9378396350111));
#1774=CARTESIAN_POINT('Ctrl Pts',(0.413787491698594,-6.88417500060402,-31.9378318643916));
#1775=CARTESIAN_POINT('Ctrl Pts',(0.438992938956506,-6.88293671454328,-31.9378721994201));
#1776=CARTESIAN_POINT('Ctrl Pts',(-0.569192159758254,-6.87046672426069,
-31.7485560662768));
#1777=CARTESIAN_POINT('Ctrl Pts',(-0.556567303188054,-6.87176660083978,
-31.7485517106234));
#1778=CARTESIAN_POINT('Ctrl Pts',(-0.543941931490766,-6.87303498156197,
-31.7485468856952));
#1779=CARTESIAN_POINT('Ctrl Pts',(-0.531315958493979,-6.87426812828832,
-31.7485415915674));
#1780=CARTESIAN_POINT('Ctrl Pts',(-0.50610539580374,-6.87665343172309,-31.7485301984684));
#1781=CARTESIAN_POINT('Ctrl Pts',(-0.480891325123229,-6.87887431919466,
-31.7485174571002));
#1782=CARTESIAN_POINT('Ctrl Pts',(-0.468304715220382,-6.8799391615976,-31.7485108343785));
#1783=CARTESIAN_POINT('Ctrl Pts',(-0.443129227060535,-6.88197668244329,
-31.7484972231142));
#1784=CARTESIAN_POINT('Ctrl Pts',(-0.417948960175805,-6.88382201359585,
-31.7484830842215));
#1785=CARTESIAN_POINT('Ctrl Pts',(-0.405357569599678,-6.88469466968485,
-31.7484759353058));
#1786=CARTESIAN_POINT('Ctrl Pts',(-0.380172270613786,-6.88633694039608,
-31.7484615301113));
#1787=CARTESIAN_POINT('Ctrl Pts',(-0.354982116362574,-6.88776945288823,
-31.7484469495558));
#1788=CARTESIAN_POINT('Ctrl Pts',(-0.342385869824842,-6.88843234182459,
-31.7484396256423));
#1789=CARTESIAN_POINT('Ctrl Pts',(-0.304593885881843,-6.89025991752654,
-31.7484175427559));
#1790=CARTESIAN_POINT('Ctrl Pts',(-0.266793049371694,-6.89160510854144,
-31.7483951540698));
#1791=CARTESIAN_POINT('Ctrl Pts',(-0.24158936644513,-6.89228850422414,-31.7483801026305));
#1792=CARTESIAN_POINT('Ctrl Pts',(-0.191177384042041,-6.89324085581143,
-31.7483501229676));
#1793=CARTESIAN_POINT('Ctrl Pts',(-0.140758594097745,-6.8933944864158,-31.7483224212298));
#1794=CARTESIAN_POINT('Ctrl Pts',(-0.115548109885273,-6.89327913992468,
-31.7483096441432));
#1795=CARTESIAN_POINT('Ctrl Pts',(-0.0651262273755293,-6.89268793804593,
-31.7482876452287));
#1796=CARTESIAN_POINT('Ctrl Pts',(-0.0147048480987788,-6.89143195681952,
-31.7482760637582));
#1797=CARTESIAN_POINT('Ctrl Pts',(0.0105051342319307,-6.89065124659095,
-31.7482737581093));
#1798=CARTESIAN_POINT('Ctrl Pts',(0.0609230129819327,-6.88881407832445,
-31.7482778690894));
#1799=CARTESIAN_POINT('Ctrl Pts',(0.111337049079996,-6.88639612975876,-31.7483099383579));
#1800=CARTESIAN_POINT('Ctrl Pts',(0.13654317379765,-6.8850371247058,-31.7483353793516));
#1801=CARTESIAN_POINT('Ctrl Pts',(0.18695434314937,-6.88193678776729,-31.7484163165648));
#1802=CARTESIAN_POINT('Ctrl Pts',(0.237364363964279,-6.87789257370024,-31.748582412805));
#1803=CARTESIAN_POINT('Ctrl Pts',(0.262569346652199,-6.87559428432249,-31.7486925464182));
#1804=CARTESIAN_POINT('Ctrl Pts',(0.312979667224402,-6.87037768220112,-31.7489781569286));
#1805=CARTESIAN_POINT('Ctrl Pts',(0.363390700892152,-6.86500080244302,-31.7492996813342));
#1806=CARTESIAN_POINT('Ctrl Pts',(0.388596408467423,-6.86252039168108,-31.7494478131271));
#1807=CARTESIAN_POINT('Ctrl Pts',(0.4138020484233,-6.86088748980342,-31.7495239275105));
#1808=CARTESIAN_POINT('Ctrl Pts',(0.43900768149653,-6.86006842090094,-31.7495327318408));
#1809=CARTESIAN_POINT('Ctrl Pts',(-0.569209548107352,-6.87038331272662,
-31.6533006848083));
#1810=CARTESIAN_POINT('Ctrl Pts',(-0.55658192915919,-6.87150333168479,-31.6532977120716));
#1811=CARTESIAN_POINT('Ctrl Pts',(-0.543953647364805,-6.87259443289001,
-31.6532945285127));
#1812=CARTESIAN_POINT('Ctrl Pts',(-0.531324643518616,-6.87365401951219,
-31.6532911377232));
#1813=CARTESIAN_POINT('Ctrl Pts',(-0.506107971570735,-6.8757018990858,-31.6532839652364));
#1814=CARTESIAN_POINT('Ctrl Pts',(-0.480888089175933,-6.87760623017914,
-31.6532760191537));
#1815=CARTESIAN_POINT('Ctrl Pts',(-0.468298754922811,-6.87851892786434,
-31.6532718675693));
#1816=CARTESIAN_POINT('Ctrl Pts',(-0.44311837574325,-6.88026501167006,-31.6532632121258));
#1817=CARTESIAN_POINT('Ctrl Pts',(-0.417934544573413,-6.881846529248,-31.6532538990701));
#1818=CARTESIAN_POINT('Ctrl Pts',(-0.405341758311808,-6.88259465998556,
-31.6532490898839));
#1819=CARTESIAN_POINT('Ctrl Pts',(-0.380154455739339,-6.88400333943735,
-31.6532391950169));
#1820=CARTESIAN_POINT('Ctrl Pts',(-0.354963768054493,-6.88523358625817,
-31.6532288195801));
#1821=CARTESIAN_POINT('Ctrl Pts',(-0.342367596621767,-6.88580328317087,
-31.6532235298192));
#1822=CARTESIAN_POINT('Ctrl Pts',(-0.304576695439911,-6.88737467633823,
-31.6532074197677));
#1823=CARTESIAN_POINT('Ctrl Pts',(-0.266779021904782,-6.88853170066764,
-31.6531908248957));
#1824=CARTESIAN_POINT('Ctrl Pts',(-0.24157790592727,-6.8891177371287,-31.653179755359));
#1825=CARTESIAN_POINT('Ctrl Pts',(-0.191171398122245,-6.88992752103116,
-31.6531581894785));
#1826=CARTESIAN_POINT('Ctrl Pts',(-0.140758463108934,-6.89004475428385,
-31.6531391996589));
#1827=CARTESIAN_POINT('Ctrl Pts',(-0.115550920910303,-6.88993826980692,
-31.6531307003352));
#1828=CARTESIAN_POINT('Ctrl Pts',(-0.0651347197944041,-6.88941845382894,
-31.6531165385211));
#1829=CARTESIAN_POINT('Ctrl Pts',(-0.0147176954415773,-6.8883441519231,
-31.6531092086183));
#1830=CARTESIAN_POINT('Ctrl Pts',(0.0104906647570679,-6.88768322167201,
-31.653107539077));
#1831=CARTESIAN_POINT('Ctrl Pts',(0.0609066957923687,-6.88615007370035,
-31.653108448948));
#1832=CARTESIAN_POINT('Ctrl Pts',(0.111321154594011,-6.8842847328794,-31.6531165042317));
#1833=CARTESIAN_POINT('Ctrl Pts',(0.136527939793298,-6.88329126193726,-31.6531220168336));
#1834=CARTESIAN_POINT('Ctrl Pts',(0.186940783902285,-6.88123947960048,-31.6531341569078));
#1835=CARTESIAN_POINT('Ctrl Pts',(0.237352599532459,-6.87916323142879,-31.6531451048791));
#1836=CARTESIAN_POINT('Ctrl Pts',(0.262558357402094,-6.87814548194349,-31.6531494109778));
#1837=CARTESIAN_POINT('Ctrl Pts',(0.312969828124006,-6.87618953789417,-31.6531550448833));
#1838=CARTESIAN_POINT('Ctrl Pts',(0.363381559886582,-6.87438187071076,-31.6531613869327));
#1839=CARTESIAN_POINT('Ctrl Pts',(0.388587581143192,-6.8735129959904,-31.6531663435017));
#1840=CARTESIAN_POINT('Ctrl Pts',(0.413793804318807,-6.87266286681743,-31.6531759454654));
#1841=CARTESIAN_POINT('Ctrl Pts',(0.439000230138866,-6.87184537202991,-31.6531901403783));
#1842=CARTESIAN_POINT('Ctrl Pts',(-0.569206778673346,-6.87056796462064,
-31.3675792853952));
#1843=CARTESIAN_POINT('Ctrl Pts',(-0.556572651963121,-6.87126011056331,
-31.3675794781224));
#1844=CARTESIAN_POINT('Ctrl Pts',(-0.543938237246442,-6.87192644950228,
-31.3675794515819));
#1845=CARTESIAN_POINT('Ctrl Pts',(-0.53130353452457,-6.87256632843145,-31.3675792086352));
#1846=CARTESIAN_POINT('Ctrl Pts',(-0.5060764309719,-6.87379042845187,-31.3675783240512));
#1847=CARTESIAN_POINT('Ctrl Pts',(-0.48084810357115,-6.87490721791129,-31.3675767330549));
#1848=CARTESIAN_POINT('Ctrl Pts',(-0.468255072969734,-6.87543779615552,
-31.3675757855166));
#1849=CARTESIAN_POINT('Ctrl Pts',(-0.443068359877872,-6.87644529149891,
-31.3675736384772));
#1850=CARTESIAN_POINT('Ctrl Pts',(-0.417880321841357,-6.87734569787066,
-31.367571087811));
#1851=CARTESIAN_POINT('Ctrl Pts',(-0.40528596604922,-6.87776919115998,-31.3675697368533));
#1852=CARTESIAN_POINT('Ctrl Pts',(-0.380096579261631,-6.87856293365568,
-31.367566930474));
#1853=CARTESIAN_POINT('Ctrl Pts',(-0.354905847148004,-6.8792505885645,-31.3675639999615));
#1854=CARTESIAN_POINT('Ctrl Pts',(-0.342310146027893,-6.87956799600699,
-31.3675625248951));
#1855=CARTESIAN_POINT('Ctrl Pts',(-0.304522046215387,-6.88044131870284,
-31.3675581283653));
#1856=CARTESIAN_POINT('Ctrl Pts',(-0.266730978182403,-6.8810795065173,-31.367553975921));
#1857=CARTESIAN_POINT('Ctrl Pts',(-0.241535634167116,-6.8814018387345,-31.3675514566151));
#1858=CARTESIAN_POINT('Ctrl Pts',(-0.191142361675283,-6.8818449080257,-31.3675471351695));
#1859=CARTESIAN_POINT('Ctrl Pts',(-0.14074401583378,-6.88190179120295,-31.3675444451681));
#1860=CARTESIAN_POINT('Ctrl Pts',(-0.115543598441619,-6.88183786953833,
-31.3675435618487));
#1861=CARTESIAN_POINT('Ctrl Pts',(-0.065140376513444,-6.8815378487995,-31.3675426719605));
#1862=CARTESIAN_POINT('Ctrl Pts',(-0.0147327782850937,-6.88092291186157,
-31.3675435535831));
#1863=CARTESIAN_POINT('Ctrl Pts',(0.0104720171303985,-6.8805439477744,-31.3675444521438));
#1864=CARTESIAN_POINT('Ctrl Pts',(0.060883310838582,-6.8796598311759,-31.3675472327973));
#1865=CARTESIAN_POINT('Ctrl Pts',(0.11129738193346,-6.87854090097915,-31.3675539973546));
#1866=CARTESIAN_POINT('Ctrl Pts',(0.13650495456603,-6.87792763619265,-31.3675588306123));
#1867=CARTESIAN_POINT('Ctrl Pts',(0.186920849053838,-6.87658877142857,-31.3675738599192));
#1868=CARTESIAN_POINT('Ctrl Pts',(0.237337698582545,-6.87500998710341,-31.3676051855477));
#1869=CARTESIAN_POINT('Ctrl Pts',(0.262546225052969,-6.87415766676056,-31.3676262332897));
#1870=CARTESIAN_POINT('Ctrl Pts',(0.312963253394942,-6.87232448493931,-31.3676814707882));
#1871=CARTESIAN_POINT('Ctrl Pts',(0.363379752872008,-6.87047348386833,-31.367744520699));
#1872=CARTESIAN_POINT('Ctrl Pts',(0.388587752920238,-6.86959909848244,-31.3677737803518));
#1873=CARTESIAN_POINT('Ctrl Pts',(0.413795372088153,-6.86890720457233,-31.3677893697621));
#1874=CARTESIAN_POINT('Ctrl Pts',(0.439002623541835,-6.86839483020205,-31.3677923553908));
#1875=CARTESIAN_POINT('Ctrl Pts',(-0.569214557670135,-6.87056613515661,
-31.081848777776));
#1876=CARTESIAN_POINT('Ctrl Pts',(-0.556578501441916,-6.87107443002147,
-31.0818500138484));
#1877=CARTESIAN_POINT('Ctrl Pts',(-0.543942123514283,-6.87156304950648,
-31.0818511882753));
#1878=CARTESIAN_POINT('Ctrl Pts',(-0.531305409951051,-6.87203156710243,
-31.0818523057463));
#1879=CARTESIAN_POINT('Ctrl Pts',(-0.50607422833818,-6.87292592145095,-31.0818544002345));
#1880=CARTESIAN_POINT('Ctrl Pts',(-0.480841794409876,-6.87373675994302,
-31.0818561634228));
#1881=CARTESIAN_POINT('Ctrl Pts',(-0.46824673121133,-6.87412031411792,-31.0818569464333));
#1882=CARTESIAN_POINT('Ctrl Pts',(-0.443056040875325,-6.87484461859381,
-31.0818582895955));
#1883=CARTESIAN_POINT('Ctrl Pts',(-0.417864255269347,-6.87548326008499,
-31.0818591647629));
#1884=CARTESIAN_POINT('Ctrl Pts',(-0.405268097291733,-6.87578114663009,
-31.0818594793778));
#1885=CARTESIAN_POINT('Ctrl Pts',(-0.380075255311318,-6.87633440593593,
-31.0818598655715));
#1886=CARTESIAN_POINT('Ctrl Pts',(-0.35488136522174,-6.87680384089564,-31.081859784706));
#1887=CARTESIAN_POINT('Ctrl Pts',(-0.342284159109392,-6.87701790326892,
-31.0818596322859));
#1888=CARTESIAN_POINT('Ctrl Pts',(-0.304491759029917,-6.87759938356506,
-31.0818588617283));
#1889=CARTESIAN_POINT('Ctrl Pts',(-0.266697045672135,-6.87800305914324,
-31.0818572211295));
#1890=CARTESIAN_POINT('Ctrl Pts',(-0.241499568005903,-6.87819700829881,
-31.0818558041551));
#1891=CARTESIAN_POINT('Ctrl Pts',(-0.191102767257831,-6.87844410837944,
-31.0818524556478));
#1892=CARTESIAN_POINT('Ctrl Pts',(-0.140702647228705,-6.87842918557843,
-31.0818484434851));
#1893=CARTESIAN_POINT('Ctrl Pts',(-0.115501850149471,-6.87836116715343,
-31.0818463592288));
#1894=CARTESIAN_POINT('Ctrl Pts',(-0.0650989748591968,-6.87811387778047,
-31.0818423025772));
#1895=CARTESIAN_POINT('Ctrl Pts',(-0.0146938184424794,-6.87766624316518,
-31.0818388766986));
#1896=CARTESIAN_POINT('Ctrl Pts',(0.0105092581985655,-6.87739807756363,
-31.0818374046579));
#1897=CARTESIAN_POINT('Ctrl Pts',(0.0609163143392877,-6.87678472093129,
-31.0818351406215));
#1898=CARTESIAN_POINT('Ctrl Pts',(0.111325008202723,-6.87606739018269,-31.0818321502637));
#1899=CARTESIAN_POINT('Ctrl Pts',(0.136529722750671,-6.87569472553499,-31.0818300011916));
#1900=CARTESIAN_POINT('Ctrl Pts',(0.186939799923538,-6.87496729156718,-31.0818214072193));
#1901=CARTESIAN_POINT('Ctrl Pts',(0.23735091412477,-6.87440723863964,-31.0817944601225));
#1902=CARTESIAN_POINT('Ctrl Pts',(0.262556668463034,-6.87419925881761,-31.0817742112609));
#1903=CARTESIAN_POINT('Ctrl Pts',(0.312968397139679,-6.87401637538304,-31.0817130800064));
#1904=CARTESIAN_POINT('Ctrl Pts',(0.363380481052689,-6.87405254307057,-31.0816363185205));
#1905=CARTESIAN_POINT('Ctrl Pts',(0.388586584800725,-6.87407256186891,-31.0815995994461));
#1906=CARTESIAN_POINT('Ctrl Pts',(0.413792831890536,-6.87388011268584,-31.081585256319));
#1907=CARTESIAN_POINT('Ctrl Pts',(0.438999168329293,-6.87349434722652,-31.0815920523789));
#1908=CARTESIAN_POINT('Ctrl Pts',(-0.569211116180783,-6.87063161401232,
-30.8913690460842));
#1909=CARTESIAN_POINT('Ctrl Pts',(-0.556573641178675,-6.87104988105688,
-30.8913704482194));
#1910=CARTESIAN_POINT('Ctrl Pts',(-0.543935961442816,-6.87145028049134,
-30.8913717133569));
#1911=CARTESIAN_POINT('Ctrl Pts',(-0.531298073504054,-6.8718326153438,-30.8913728424439));
#1912=CARTESIAN_POINT('Ctrl Pts',(-0.506064782150517,-6.87255979043661,
-30.8913748312104));
#1913=CARTESIAN_POINT('Ctrl Pts',(-0.480830647365345,-6.87321485221266,
-30.8913763077674));
#1914=CARTESIAN_POINT('Ctrl Pts',(-0.468234822045375,-6.87352389758276,
-30.8913769216429));
#1915=CARTESIAN_POINT('Ctrl Pts',(-0.443042748346043,-6.87410640010268,
-30.8913779147569));
#1916=CARTESIAN_POINT('Ctrl Pts',(-0.41784983035754,-6.87461849666973,-30.8913784642646));
#1917=CARTESIAN_POINT('Ctrl Pts',(-0.405253160754491,-6.87485713671962,
-30.8913786345446));
#1918=CARTESIAN_POINT('Ctrl Pts',(-0.380059402654549,-6.87530010450915,
-30.8913787802017));
#1919=CARTESIAN_POINT('Ctrl Pts',(-0.354864813909543,-6.87567561970149,
-30.8913785647771));
#1920=CARTESIAN_POINT('Ctrl Pts',(-0.34226731366207,-6.87584680749911,-30.8913783739828));
#1921=CARTESIAN_POINT('Ctrl Pts',(-0.30447420254176,-6.87631166609447,-30.89137757442));
#1922=CARTESIAN_POINT('Ctrl Pts',(-0.266679287116212,-6.87663372725304,
-30.891376159061));
#1923=CARTESIAN_POINT('Ctrl Pts',(-0.241481898758895,-6.87678791990829,
-30.8913750003265));
#1924=CARTESIAN_POINT('Ctrl Pts',(-0.191085631695946,-6.87698225287699,
-30.8913723675866));
#1925=CARTESIAN_POINT('Ctrl Pts',(-0.14068654182771,-6.87696422185482,-30.8913693213919));
#1926=CARTESIAN_POINT('Ctrl Pts',(-0.11548633065992,-6.8769060505015,-30.8913677492928));
#1927=CARTESIAN_POINT('Ctrl Pts',(-0.0650846678992512,-6.87670017744289,
-30.8913646095255));
#1928=CARTESIAN_POINT('Ctrl Pts',(-0.0146807240107183,-6.87633421312911,
-30.8913616721804));
#1929=CARTESIAN_POINT('Ctrl Pts',(0.0105217682802206,-6.87611594967436,
-30.8913603024691));
#1930=CARTESIAN_POINT('Ctrl Pts',(0.0609276859136898,-6.87561903649171,
-30.8913578530358));
#1931=CARTESIAN_POINT('Ctrl Pts',(0.111335248778612,-6.87502254051088,-30.891356157988));
#1932=CARTESIAN_POINT('Ctrl Pts',(0.136539386305294,-6.8747046938796,-30.8913555425722));
#1933=CARTESIAN_POINT('Ctrl Pts',(0.186948260185211,-6.87404082624027,-30.8913548572398));
#1934=CARTESIAN_POINT('Ctrl Pts',(0.237358109083523,-6.87334309476168,-30.8913553869833));
#1935=CARTESIAN_POINT('Ctrl Pts',(0.262563221736896,-6.87299135358835,-30.891355989229));
#1936=CARTESIAN_POINT('Ctrl Pts',(0.312973713561933,-6.872293802521,-30.891357891538));
#1937=CARTESIAN_POINT('Ctrl Pts',(0.363384543185141,-6.87162819118999,-30.8913614506547));
#1938=CARTESIAN_POINT('Ctrl Pts',(0.388589993692818,-6.8713084334848,-30.8913637052149));
#1939=CARTESIAN_POINT('Ctrl Pts',(0.413795438040445,-6.87100541814436,-30.8913666003953));
#1940=CARTESIAN_POINT('Ctrl Pts',(0.439000851794811,-6.8707225784303,-30.8913702564378));
#1941=CARTESIAN_POINT('Ctrl Pts',(-0.569211712678888,-6.87067260535781,
-30.5104032365094));
#1942=CARTESIAN_POINT('Ctrl Pts',(-0.556572478449837,-6.87096331456276,
-30.5104046000943));
#1943=CARTESIAN_POINT('Ctrl Pts',(-0.543933102479466,-6.8712403305758,-30.5104058410507));
#1944=CARTESIAN_POINT('Ctrl Pts',(-0.531293583693886,-6.87150364987852,
-30.5104069598598));
#1945=CARTESIAN_POINT('Ctrl Pts',(-0.506057170099794,-6.87200218289189,
-30.5104089537454));
#1946=CARTESIAN_POINT('Ctrl Pts',(-0.480820185396151,-6.8724469278746,-30.5104104817434));
#1947=CARTESIAN_POINT('Ctrl Pts',(-0.468223006614936,-6.87265565517424,
-30.5104111316236));
#1948=CARTESIAN_POINT('Ctrl Pts',(-0.443028365861506,-6.87304697808716,
-30.5104122148136));
#1949=CARTESIAN_POINT('Ctrl Pts',(-0.417833162863248,-6.87338700917691,
-30.5104128854537));
#1950=CARTESIAN_POINT('Ctrl Pts',(-0.405235421837569,-6.87354444479557,
-30.5104131227896));
#1951=CARTESIAN_POINT('Ctrl Pts',(-0.380039663553839,-6.8738347214987,-30.5104134129457));
#1952=CARTESIAN_POINT('Ctrl Pts',(-0.354843359360029,-6.87407702570453,
-30.5104133575709));
#1953=CARTESIAN_POINT('Ctrl Pts',(-0.342245072427705,-6.87418648920263,
-30.5104132493852));
#1954=CARTESIAN_POINT('Ctrl Pts',(-0.304449812752701,-6.87448079407485,
-30.5104127014881));
#1955=CARTESIAN_POINT('Ctrl Pts',(-0.266653375076489,-6.87467592271303,
-30.5104115382362));
#1956=CARTESIAN_POINT('Ctrl Pts',(-0.241455242974649,-6.87476467063429,
-30.5104105378922));
#1957=CARTESIAN_POINT('Ctrl Pts',(-0.191058004291857,-6.87486547003393,
-30.5104081854712));
#1958=CARTESIAN_POINT('Ctrl Pts',(-0.140658907237565,-6.87482553516025,
-30.5104053225677));
#1959=CARTESIAN_POINT('Ctrl Pts',(-0.115458916756079,-6.87477355002534,
-30.5104038117602));
#1960=CARTESIAN_POINT('Ctrl Pts',(-0.0650581030012187,-6.87461223387194,
-30.5104007268683));
#1961=CARTESIAN_POINT('Ctrl Pts',(-0.0146557352850074,-6.8743501498095,
-30.5103977015428));
#1962=CARTESIAN_POINT('Ctrl Pts',(0.010545809170095,-6.87419739616849,-30.5103962503505));
#1963=CARTESIAN_POINT('Ctrl Pts',(0.060949558786163,-6.87385570886747,-30.5103935609866));
#1964=CARTESIAN_POINT('Ctrl Pts',(0.111354503174717,-6.87345649744571,-30.5103914721428));
#1965=CARTESIAN_POINT('Ctrl Pts',(0.136557242419899,-6.87324621442711,-30.5103906218867));
#1966=CARTESIAN_POINT('Ctrl Pts',(0.186963188854943,-6.87281190834165,-30.5103893923286));
#1967=CARTESIAN_POINT('Ctrl Pts',(0.237369938898464,-6.87236489024116,-30.5103893131655));
#1968=CARTESIAN_POINT('Ctrl Pts',(0.262573481819972,-6.87214190233298,-30.5103896120452));
#1969=CARTESIAN_POINT('Ctrl Pts',(0.312980837015608,-6.87170397145756,-30.5103910301766));
#1970=CARTESIAN_POINT('Ctrl Pts',(0.363388609646309,-6.87129515091713,-30.5103943903915));
#1971=CARTESIAN_POINT('Ctrl Pts',(0.38859256994475,-6.87110125727269,-30.5103966330563));
#1972=CARTESIAN_POINT('Ctrl Pts',(0.41379657787501,-6.87092110684957,-30.5103994888008));
#1973=CARTESIAN_POINT('Ctrl Pts',(0.439000614566227,-6.87075691902952,-30.5104030411653));
#1974=CARTESIAN_POINT('Ctrl Pts',(-0.569211992673804,-6.87069672310695,
-30.1294376998232));
#1975=CARTESIAN_POINT('Ctrl Pts',(-0.556571813527,-6.87092056987766,-30.1294385389169));
#1976=CARTESIAN_POINT('Ctrl Pts',(-0.543931527056936,-6.87113317672901,
-30.1294392761067));
#1977=CARTESIAN_POINT('Ctrl Pts',(-0.531291132785379,-6.87133458773874,
-30.1294399119997));
#1978=CARTESIAN_POINT('Ctrl Pts',(-0.506053042228629,-6.87171461789038,
-30.1294409843405));
#1979=CARTESIAN_POINT('Ctrl Pts',(-0.480814523751762,-6.87205119427414,
-30.1294416771449));
#1980=CARTESIAN_POINT('Ctrl Pts',(-0.468216615405135,-6.87220854037421,
-30.1294419319602));
#1981=CARTESIAN_POINT('Ctrl Pts',(-0.443020587710174,-6.87250234742987,
-30.1294422686278));
#1982=CARTESIAN_POINT('Ctrl Pts',(-0.417824141711396,-6.87275532129596,
-30.1294422787438));
#1983=CARTESIAN_POINT('Ctrl Pts',(-0.405225815063703,-6.87287183474222,
-30.1294422070217));
#1984=CARTESIAN_POINT('Ctrl Pts',(-0.380028956782601,-6.87308543033469,
-30.1294419204801));
#1985=CARTESIAN_POINT('Ctrl Pts',(-0.354831693927036,-6.87326125906578,
-30.129441369298));
#1986=CARTESIAN_POINT('Ctrl Pts',(-0.342232962704605,-6.87334000573634,
-30.1294410329392));
#1987=CARTESIAN_POINT('Ctrl Pts',(-0.30443647427469,-6.87354961319869,-30.1294398582205));
#1988=CARTESIAN_POINT('Ctrl Pts',(-0.266639116733467,-6.87368203707382,
-30.1294382369766));
#1989=CARTESIAN_POINT('Ctrl Pts',(-0.241440505607002,-6.87373842995689,
-30.1294370025447));
#1990=CARTESIAN_POINT('Ctrl Pts',(-0.191042569345052,-6.87379261881491,
-30.1294343173668));
#1991=CARTESIAN_POINT('Ctrl Pts',(-0.140643274057606,-6.87374042294179,
-30.1294313799556));
#1992=CARTESIAN_POINT('Ctrl Pts',(-0.115443303918124,-6.87369043195285,
-30.1294298933552));
#1993=CARTESIAN_POINT('Ctrl Pts',(-0.0650427562659583,-6.87354830395145,
-30.1294269740605));
#1994=CARTESIAN_POINT('Ctrl Pts',(-0.0146410735095781,-6.8733334499441,
-30.1294243439933));
#1995=CARTESIAN_POINT('Ctrl Pts',(0.010560031735567,-6.87321073267962,-30.1294231466459));
#1996=CARTESIAN_POINT('Ctrl Pts',(0.060962727927647,-6.87294064157892,-30.1294210794631));
#1997=CARTESIAN_POINT('Ctrl Pts',(0.111366309042946,-6.87263312953631,-30.1294198628279));
#1998=CARTESIAN_POINT('Ctrl Pts',(0.136568299216755,-6.8724729951104,-30.1294195155827));
#1999=CARTESIAN_POINT('Ctrl Pts',(0.186972634331388,-6.87214590824474,-30.1294194498438));
#2000=CARTESIAN_POINT('Ctrl Pts',(0.237377590127714,-6.87181721570804,-30.1294208337848));
#2001=CARTESIAN_POINT('Ctrl Pts',(0.262580201003333,-6.87165546527469,-30.1294219368226));
#2002=CARTESIAN_POINT('Ctrl Pts',(0.312985644264412,-6.87134341995998,-30.1294250355406));
#2003=CARTESIAN_POINT('Ctrl Pts',(0.363391446571733,-6.87106699414932,-30.1294299737057));
#2004=CARTESIAN_POINT('Ctrl Pts',(0.388594416625461,-6.87094084302005,-30.1294329171745));
#2005=CARTESIAN_POINT('Ctrl Pts',(0.413797435291476,-6.87082984689404,-30.1294363405803));
#2006=CARTESIAN_POINT('Ctrl Pts',(0.439000489594248,-6.87073568123994,-30.1294403091716));
#2007=CARTESIAN_POINT('Ctrl Pts',(-0.569212133469863,-6.87070395014856,
-29.9389548548858));
#2008=CARTESIAN_POINT('Ctrl Pts',(-0.55657158178092,-6.87090130693572,-29.9389553944281));
#2009=CARTESIAN_POINT('Ctrl Pts',(-0.543930936854418,-6.87108843851068,
-29.9389558469445));
#2010=CARTESIAN_POINT('Ctrl Pts',(-0.53129019845632,-6.87126541146259,-29.9389562132083));
#2011=CARTESIAN_POINT('Ctrl Pts',(-0.506051449521649,-6.87159870315937,
-29.9389567760928));
#2012=CARTESIAN_POINT('Ctrl Pts',(-0.480812330036047,-6.87189259853942,
-29.9389570146267));
#2013=CARTESIAN_POINT('Ctrl Pts',(-0.468214136000364,-6.87202963986057,
-29.9389570558167));
#2014=CARTESIAN_POINT('Ctrl Pts',(-0.443017565556918,-6.8722848184184,-29.9389569904167));
#2015=CARTESIAN_POINT('Ctrl Pts',(-0.417820634090367,-6.87250311412638,
-29.9389566475022));
#2016=CARTESIAN_POINT('Ctrl Pts',(-0.405222079032219,-6.87260327270441,
-29.9389564111808));
#2017=CARTESIAN_POINT('Ctrl Pts',(-0.380024792523219,-6.87278612490637,
-29.9389558188099));
#2018=CARTESIAN_POINT('Ctrl Pts',(-0.354827158231066,-6.87293512359629,
-29.9389550074848));
#2019=CARTESIAN_POINT('Ctrl Pts',(-0.342228255391346,-6.87300142894074,
-29.9389545522172));
#2020=CARTESIAN_POINT('Ctrl Pts',(-0.304431293922729,-6.87317660965419,
-29.9389530534225));
#2021=CARTESIAN_POINT('Ctrl Pts',(-0.266633586872089,-6.8732831988832,-29.9389512033311));
#2022=CARTESIAN_POINT('Ctrl Pts',(-0.241434795935218,-6.87332609876701,
-29.9389498562332));
#2023=CARTESIAN_POINT('Ctrl Pts',(-0.191036601629353,-6.8733604956397,-29.9389470202203));
#2024=CARTESIAN_POINT('Ctrl Pts',(-0.140637240650774,-6.87330226266266,
-29.9389440700358));
#2025=CARTESIAN_POINT('Ctrl Pts',(-0.115437283043969,-6.87325253344831,
-29.9389426087941));
#2026=CARTESIAN_POINT('Ctrl Pts',(-0.0650368451206962,-6.87311711678783,
-29.9389397981075));
#2027=CARTESIAN_POINT('Ctrl Pts',(-0.0146354284738415,-6.87292056157688,
-29.9389373775429));
#2028=CARTESIAN_POINT('Ctrl Pts',(0.010565507858411,-6.87280969372991,-29.9389363064316));
#2029=CARTESIAN_POINT('Ctrl Pts',(0.0609678013661341,-6.87256828990613,
-29.9389345250193));
#2030=CARTESIAN_POINT('Ctrl Pts',(0.111370863978939,-6.87229869939292,-29.9389336291858));
#2031=CARTESIAN_POINT('Ctrl Pts',(0.136572569421904,-6.87215964408197,-29.9389334436598));
#2032=CARTESIAN_POINT('Ctrl Pts',(0.186976291156764,-6.87187865373977,-29.9389336788931));
#2033=CARTESIAN_POINT('Ctrl Pts',(0.237380559480016,-6.87160311509323,-29.9389352901501));
#2034=CARTESIAN_POINT('Ctrl Pts',(0.262582811558554,-6.8714695034529,-29.9389364807147));
#2035=CARTESIAN_POINT('Ctrl Pts',(0.312987513576255,-6.8712162175394,-29.9389397131786));
#2036=CARTESIAN_POINT('Ctrl Pts',(0.36339254105024,-6.87100113371,-29.9389448175523));
#2037=CARTESIAN_POINT('Ctrl Pts',(0.388595118555966,-6.87090572938556,-29.9389478800288));
#2038=CARTESIAN_POINT('Ctrl Pts',(0.413797744401867,-6.87082468811169,-29.9389514976271));
#2039=CARTESIAN_POINT('Ctrl Pts',(0.43900040745867,-6.87075954603299,-29.9389557229395));
#2040=CARTESIAN_POINT('Ctrl Pts',(-0.569212337841405,-6.87071894545191,
-29.5579893319169));
#2041=CARTESIAN_POINT('Ctrl Pts',(-0.556571188017259,-6.87087424309464,
-29.5579891808178));
#2042=CARTESIAN_POINT('Ctrl Pts',(-0.54392996742874,-6.87102082329075,-29.5579889712124));
#2043=CARTESIAN_POINT('Ctrl Pts',(-0.531288676093862,-6.87115877490436,
-29.5579887039727));
#2044=CARTESIAN_POINT('Ctrl Pts',(-0.506048869003735,-6.87141727402342,
-29.5579880599176));
#2045=CARTESIAN_POINT('Ctrl Pts',(-0.480808783376947,-6.87164268547762,
-29.5579872077558));
#2046=CARTESIAN_POINT('Ctrl Pts',(-0.468210130140578,-6.87174713604223,
-29.5579867336472));
#2047=CARTESIAN_POINT('Ctrl Pts',(-0.443012687380442,-6.87194033306121,
-29.5579856955303));
#2048=CARTESIAN_POINT('Ctrl Pts',(-0.417814975320514,-6.87210302595831,
-29.557984493812));
#2049=CARTESIAN_POINT('Ctrl Pts',(-0.405216052786201,-6.87217697278512,
-29.5579838561128));
#2050=CARTESIAN_POINT('Ctrl Pts',(-0.380018076565998,-6.87231055199567,
-29.5579825157285));
#2051=CARTESIAN_POINT('Ctrl Pts',(-0.354819842074114,-6.87241651241823,
-29.5579810632822));
#2052=CARTESIAN_POINT('Ctrl Pts',(-0.342220661268513,-6.87246284053484,
-29.5579803135232));
#2053=CARTESIAN_POINT('Ctrl Pts',(-0.304422931436523,-6.87258265693596,
-29.557978007473));
#2054=CARTESIAN_POINT('Ctrl Pts',(-0.266624649692924,-6.87264739189179,
-29.5579755729137));
#2055=CARTESIAN_POINT('Ctrl Pts',(-0.241425559095303,-6.87266822255113,
-29.5579739299654));
#2056=CARTESIAN_POINT('Ctrl Pts',(-0.191026925969426,-6.87266973682668,
-29.5579706795103));
#2057=CARTESIAN_POINT('Ctrl Pts',(-0.140627432187816,-6.87260017197804,
-29.5579676482612));
#2058=CARTESIAN_POINT('Ctrl Pts',(-0.115427480938983,-6.87254992454122,
-29.5579662245508));
#2059=CARTESIAN_POINT('Ctrl Pts',(-0.0650271927054735,-6.87242321979638,
-29.5579636343068));
#2060=CARTESIAN_POINT('Ctrl Pts',(-0.0146261810323534,-6.87225367688615,
-29.5579617028196));
#2061=CARTESIAN_POINT('Ctrl Pts',(0.0105744936566943,-6.87216059125853,
-29.5579609378716));
#2062=CARTESIAN_POINT('Ctrl Pts',(0.0609761556796951,-6.87196265509768,
-29.5579598806636));
#2063=CARTESIAN_POINT('Ctrl Pts',(0.111378391520178,-6.87175097828349,-29.5579599088414));
#2064=CARTESIAN_POINT('Ctrl Pts',(0.136579640032224,-6.87164415091321,-29.5579602292884));
#2065=CARTESIAN_POINT('Ctrl Pts',(0.186982371801339,-6.87143344996222,-29.5579615517579));
#2066=CARTESIAN_POINT('Ctrl Pts',(0.237385520071989,-6.87123840307316,-29.557964373692));
#2067=CARTESIAN_POINT('Ctrl Pts',(0.262587185101095,-6.87114722630102,-29.5579661936298));
#2068=CARTESIAN_POINT('Ctrl Pts',(0.312990670384163,-6.87098238552262,-29.5579707188991));
#2069=CARTESIAN_POINT('Ctrl Pts',(0.363394416137277,-6.87086146766488,-29.5579771534051));
#2070=CARTESIAN_POINT('Ctrl Pts',(0.388596341703398,-6.8708142008243,-29.5579808826154));
#2071=CARTESIAN_POINT('Ctrl Pts',(0.413798307996425,-6.87078221051072,-29.557985159149));
#2072=CARTESIAN_POINT('Ctrl Pts',(0.439000307121029,-6.87076675976846,-29.5579900211409));
#2073=CARTESIAN_POINT('Ctrl Pts',(-0.569212462893534,-6.87072668939064,
-29.1770238159426));
#2074=CARTESIAN_POINT('Ctrl Pts',(-0.556570916910486,-6.87085509803664,
-29.1770227680479));
#2075=CARTESIAN_POINT('Ctrl Pts',(-0.54392931569665,-6.87097576426554,-29.1770216986202));
#2076=CARTESIAN_POINT('Ctrl Pts',(-0.531287659369371,-6.87108879241267,
-29.1770206088094));
#2077=CARTESIAN_POINT('Ctrl Pts',(-0.506047154590323,-6.87129948579662,
-29.1770183957464));
#2078=CARTESIAN_POINT('Ctrl Pts',(-0.480806432800653,-6.87148095092765,
-29.1770161185753));
#2079=CARTESIAN_POINT('Ctrl Pts',(-0.468207477231886,-6.87156441526783,
-29.1770149684383));
#2080=CARTESIAN_POINT('Ctrl Pts',(-0.443009459951762,-6.87171752255012,
-29.17701264767));
#2081=CARTESIAN_POINT('Ctrl Pts',(-0.417811233156433,-6.87184388224843,
-29.1770103004548));
#2082=CARTESIAN_POINT('Ctrl Pts',(-0.4052120680723,-6.87190059901892,-29.177009123871));
#2083=CARTESIAN_POINT('Ctrl Pts',(-0.380013636116781,-6.87200159142076,
-29.1770067727104));
#2084=CARTESIAN_POINT('Ctrl Pts',(-0.354815003954769,-6.87207870019651,
-29.1770044416806));
#2085=CARTESIAN_POINT('Ctrl Pts',(-0.342215638665335,-6.87211153360163,
-29.1770032852345));
#2086=CARTESIAN_POINT('Ctrl Pts',(-0.30441739785604,-6.87219364372934,-29.1769998554015));
#2087=CARTESIAN_POINT('Ctrl Pts',(-0.266618730604424,-6.87222893968401,
-29.176996580794));
#2088=CARTESIAN_POINT('Ctrl Pts',(-0.241419437027464,-6.87223375953463,
-29.1769944993742));
#2089=CARTESIAN_POINT('Ctrl Pts',(-0.191020501809982,-6.87221030444184,
-29.1769906045593));
#2090=CARTESIAN_POINT('Ctrl Pts',(-0.140620904412829,-6.87212946269531,
-29.1769873718475));
#2091=CARTESIAN_POINT('Ctrl Pts',(-0.115420948658063,-6.87207689646123,
-29.1769859525477));
#2092=CARTESIAN_POINT('Ctrl Pts',(-0.0650207409143011,-6.87195195471362,
-29.1769835695222));
#2093=CARTESIAN_POINT('Ctrl Pts',(-0.0146199778456957,-6.87179645075769,
-29.1769822169617));
#2094=CARTESIAN_POINT('Ctrl Pts',(0.0105805332343323,-6.87171332227624,
-29.1769818281324));
#2095=CARTESIAN_POINT('Ctrl Pts',(0.0609817952160441,-6.87154088872276,
-29.1769816832531));
#2096=CARTESIAN_POINT('Ctrl Pts',(0.111383497365649,-6.87136528272038,-29.1769829163159));
#2097=CARTESIAN_POINT('Ctrl Pts',(0.136584448616137,-6.87127898113938,-29.1769839054317));
#2098=CARTESIAN_POINT('Ctrl Pts',(0.186986531252913,-6.87111398799291,-29.1769866833594));
#2099=CARTESIAN_POINT('Ctrl Pts',(0.23738893349349,-6.87097332832493,-29.1769911670397));
#2100=CARTESIAN_POINT('Ctrl Pts',(0.262590204383368,-6.87091135212402,-29.1769938619326));
#2101=CARTESIAN_POINT('Ctrl Pts',(0.312992865003956,-6.8708086673914,-29.1770002094571));
#2102=CARTESIAN_POINT('Ctrl Pts',(0.363395725123627,-6.87075677196067,-29.1770085747044));
#2103=CARTESIAN_POINT('Ctrl Pts',(0.388597195465534,-6.87074559346213,-29.17701328729));
#2104=CARTESIAN_POINT('Ctrl Pts',(0.413798698053451,-6.87075088353565,-29.1770185557263));
#2105=CARTESIAN_POINT('Ctrl Pts',(0.43900022692724,-6.87077376707638,-29.1770244075789));
#2106=CARTESIAN_POINT('Ctrl Pts',(-0.569212523418923,-6.87073147961179,
-28.9865411220149));
#2107=CARTESIAN_POINT('Ctrl Pts',(-0.556570809506658,-6.87084886805646,
-28.9865395648308));
#2108=CARTESIAN_POINT('Ctrl Pts',(-0.543929046719418,-6.87095883460879,
-28.986538004808));
#2109=CARTESIAN_POINT('Ctrl Pts',(-0.53128723518876,-6.87106148630322,-28.9865364431465));
#2110=CARTESIAN_POINT('Ctrl Pts',(-0.506046433396525,-6.87125215057498,
-28.9865333263036));
#2111=CARTESIAN_POINT('Ctrl Pts',(-0.480805440452263,-6.87141503268979,
-28.9865302230971));
#2112=CARTESIAN_POINT('Ctrl Pts',(-0.468206356022813,-6.87148959963548,
-28.9865286803296));
#2113=CARTESIAN_POINT('Ctrl Pts',(-0.443008093979538,-6.87162568808078,
-28.9865256138087));
#2114=CARTESIAN_POINT('Ctrl Pts',(-0.417809648120642,-6.87173658424444,
-28.9865225991906));
#2115=CARTESIAN_POINT('Ctrl Pts',(-0.405210379876726,-6.87178595925733,
-28.9865211083337));
#2116=CARTESIAN_POINT('Ctrl Pts',(-0.380011754172225,-6.87187303930069,
-28.9865181668485));
#2117=CARTESIAN_POINT('Ctrl Pts',(-0.354812953040611,-6.87193776356026,
-28.9865153207001));
#2118=CARTESIAN_POINT('Ctrl Pts',(-0.342213509369955,-6.87196478285612,
-28.9865139251819));
#2119=CARTESIAN_POINT('Ctrl Pts',(-0.304415051436351,-6.87203057459179,
-28.9865098326399));
#2120=CARTESIAN_POINT('Ctrl Pts',(-0.266616220213889,-6.8720528967833,-28.9865060560244));
#2121=CARTESIAN_POINT('Ctrl Pts',(-0.241416840142392,-6.87205052987099,
-28.9865037088479));
#2122=CARTESIAN_POINT('Ctrl Pts',(-0.191017775814375,-6.87201558315905,
-28.9864994152482));
#2123=CARTESIAN_POINT('Ctrl Pts',(-0.140618133171868,-6.87192890067615,
-28.9864960380074));
#2124=CARTESIAN_POINT('Ctrl Pts',(-0.115418174789097,-6.87187479893255,
-28.9864946072141));
#2125=CARTESIAN_POINT('Ctrl Pts',(-0.0650179996604905,-6.87174948974383,
-28.9864923167268));
#2126=CARTESIAN_POINT('Ctrl Pts',(-0.0146173404433192,-6.87159887412041,
-28.9864912748513));
#2127=CARTESIAN_POINT('Ctrl Pts',(0.0105831020283631,-6.87151946591193,
-28.9864910926754));
#2128=CARTESIAN_POINT('Ctrl Pts',(0.0609841958141466,-6.87135694032993,
-28.9864914568474));
#2129=CARTESIAN_POINT('Ctrl Pts',(0.111385672754674,-6.87119599215646,-28.986493375815));
#2130=CARTESIAN_POINT('Ctrl Pts',(0.136586498384794,-6.87111816030924,-28.9864947484401));
#2131=CARTESIAN_POINT('Ctrl Pts',(0.186988306299547,-6.87097229085575,-28.9864983667112));
#2132=CARTESIAN_POINT('Ctrl Pts',(0.23739039213706,-6.87085488230497,-28.9865038209768));
#2133=CARTESIAN_POINT('Ctrl Pts',(0.262591495702296,-6.87080550840663,-28.9865070296061));
#2134=CARTESIAN_POINT('Ctrl Pts',(0.312993806381563,-6.87072978556693,-28.9865144530822));
#2135=CARTESIAN_POINT('Ctrl Pts',(0.363396290824367,-6.87070813829567,-28.9865239740123));
#2136=CARTESIAN_POINT('Ctrl Pts',(0.388597568195035,-6.87071282593436,-28.9865292801434));
#2137=CARTESIAN_POINT('Ctrl Pts',(0.413798872792217,-6.87073491193227,-28.986535152626));
#2138=CARTESIAN_POINT('Ctrl Pts',(0.439000199461841,-6.87077546436555,-28.9865416139599));
#2139=CARTESIAN_POINT('Ctrl Pts',(-0.569212616882142,-6.87073648077644,
-28.6055757129749));
#2140=CARTESIAN_POINT('Ctrl Pts',(-0.556570611319156,-6.87083562157224,
-28.605572970456));
#2141=CARTESIAN_POINT('Ctrl Pts',(-0.543928568402539,-6.87092791794555,
-28.6055702697472));
#2142=CARTESIAN_POINT('Ctrl Pts',(-0.531286488299667,-6.87101348986836,
-28.6055676124247));
#2143=CARTESIAN_POINT('Ctrl Pts',(-0.506045173217133,-6.87117121497541,
-28.6055623974621));
#2144=CARTESIAN_POINT('Ctrl Pts',(-0.480803712407392,-6.87130344806452,
-28.6055573735026));
#2145=CARTESIAN_POINT('Ctrl Pts',(-0.468204405665018,-6.87136327924308,
-28.6055549158561));
#2146=CARTESIAN_POINT('Ctrl Pts',(-0.443005721221041,-6.87147101571824,
-28.6055501066137));
#2147=CARTESIAN_POINT('Ctrl Pts',(-0.417806896979176,-6.87155581327032,
-28.6055455222069));
#2148=CARTESIAN_POINT('Ctrl Pts',(-0.405207450438887,-6.87159270554739,
-28.6055432893964));
#2149=CARTESIAN_POINT('Ctrl Pts',(-0.380008489697961,-6.87165596667727,
-28.6055389493043));
#2150=CARTESIAN_POINT('Ctrl Pts',(-0.354809396101112,-6.87169918399854,
-28.6055348736602));
#2151=CARTESIAN_POINT('Ctrl Pts',(-0.342209816705683,-6.87171603270502,
-28.6055329053026));
#2152=CARTESIAN_POINT('Ctrl Pts',(-0.304410982664711,-6.8717530713483,-28.6055272186375));
#2153=CARTESIAN_POINT('Ctrl Pts',(-0.266611867039446,-6.87175193342213,
-28.6055222165396));
#2154=CARTESIAN_POINT('Ctrl Pts',(-0.24141233679206,-6.87173629378591,-28.6055192121671));
#2155=CARTESIAN_POINT('Ctrl Pts',(-0.191013047880801,-6.87167952910237,
-28.6055139138871));
#2156=CARTESIAN_POINT('Ctrl Pts',(-0.140613325498649,-6.87158044217848,
-28.6055101293439));
#2157=CARTESIAN_POINT('Ctrl Pts',(-0.115413361782064,-6.87152248085443,
-28.6055086387225));
#2158=CARTESIAN_POINT('Ctrl Pts',(-0.0650132414306892,-6.8713940995074,
-28.6055065039448));
#2159=CARTESIAN_POINT('Ctrl Pts',(-0.01461276022094,-6.87124960202972,-28.6055061416596));
#2160=CARTESIAN_POINT('Ctrl Pts',(0.0105875643542586,-6.87117552454727,
-28.6055064235356));
#2161=CARTESIAN_POINT('Ctrl Pts',(0.0609883685964352,-6.87102813778567,
-28.6055079497441));
#2162=CARTESIAN_POINT('Ctrl Pts',(0.111389456808517,-6.8708911298365,-28.6055114672926));
#2163=CARTESIAN_POINT('Ctrl Pts',(0.136590065355584,-6.87082743051623,-28.6055137405133));
#2164=CARTESIAN_POINT('Ctrl Pts',(0.186991397958547,-6.87071406097338,-28.6055193458547));
#2165=CARTESIAN_POINT('Ctrl Pts',(0.237392934694851,-6.8706374626767,-28.6055271234301));
#2166=CARTESIAN_POINT('Ctrl Pts',(0.262593747398574,-6.87061052624706,-28.6055315689155));
#2167=CARTESIAN_POINT('Ctrl Pts',(0.312995447810227,-6.8705837279884,-28.6055415975164));
#2168=CARTESIAN_POINT('Ctrl Pts',(0.36339727299568,-6.87061886954084,-28.6055539475842));
#2169=CARTESIAN_POINT('Ctrl Pts',(0.388598210448476,-6.87065388179489,-28.6055607145035));
#2170=CARTESIAN_POINT('Ctrl Pts',(0.413799167403832,-6.87070790367027,-28.6055680848487));
#2171=CARTESIAN_POINT('Ctrl Pts',(0.439000139998855,-6.87078193328375,-28.6055760709161));
#2172=CARTESIAN_POINT('Ctrl Pts',(-0.56921269633385,-6.87074147135614,-28.2246105203644));
#2173=CARTESIAN_POINT('Ctrl Pts',(-0.556570460782808,-6.87082880991322,
-28.2246060687633));
#2174=CARTESIAN_POINT('Ctrl Pts',(-0.543928196978518,-6.87090947866469,
-28.2246017159341));
#2175=CARTESIAN_POINT('Ctrl Pts',(-0.531285905079972,-6.87098360564425,
-28.2245974641532));
#2176=CARTESIAN_POINT('Ctrl Pts',(-0.506044185310968,-6.87111889903923,
-28.2245891825114));
#2177=CARTESIAN_POINT('Ctrl Pts',(-0.480802356054069,-6.87122963755568,
-28.2245813275562));
#2178=CARTESIAN_POINT('Ctrl Pts',(-0.468202874413937,-6.87127899831037,
-28.2245775161497));
#2179=CARTESIAN_POINT('Ctrl Pts',(-0.443003858074951,-6.87136634793879,
-28.2245701186378));
#2180=CARTESIAN_POINT('Ctrl Pts',(-0.417804737334935,-6.8714319098129,-28.2245631845513));
#2181=CARTESIAN_POINT('Ctrl Pts',(-0.405205151294634,-6.87145948315711,
-28.2245598365761));
#2182=CARTESIAN_POINT('Ctrl Pts',(-0.380005928792189,-6.8715047172504,-28.224553385137));
#2183=CARTESIAN_POINT('Ctrl Pts',(-0.354806607365417,-6.87153116002777,
-28.2245474351189));
#2184=CARTESIAN_POINT('Ctrl Pts',(-0.342206922400932,-6.87153994211545,
-28.2245445885654));
#2185=CARTESIAN_POINT('Ctrl Pts',(-0.304407796255166,-6.87155376764631,
-28.2245364433074));
#2186=CARTESIAN_POINT('Ctrl Pts',(-0.266608460977054,-6.87153245807029,
-28.2245295071212));
#2187=CARTESIAN_POINT('Ctrl Pts',(-0.241408815290685,-6.87150479473267,
-28.2245254433739));
#2188=CARTESIAN_POINT('Ctrl Pts',(-0.191009354884653,-6.87142699013275,
-28.2245184780769));
#2189=CARTESIAN_POINT('Ctrl Pts',(-0.140609574189465,-6.87131318225222,
-28.2245139087552));
#2190=CARTESIAN_POINT('Ctrl Pts',(-0.115409608216259,-6.8712495165511,-28.2245122410027));
#2191=CARTESIAN_POINT('Ctrl Pts',(-0.0650095341829715,-6.87111318714181,
-28.2245101696015));
#2192=CARTESIAN_POINT('Ctrl Pts',(-0.0146091947694327,-6.87096794582734,
-28.2245106758249));
#2193=CARTESIAN_POINT('Ctrl Pts',(0.0105910365842199,-6.87089536818413,
-28.2245115857035));
#2194=CARTESIAN_POINT('Ctrl Pts',(0.0609916129519039,-6.87075485950374,
-28.2245147381479));
#2195=CARTESIAN_POINT('Ctrl Pts',(0.111392396990926,-6.87063273662864,-28.2245205838083));
#2196=CARTESIAN_POINT('Ctrl Pts',(0.136592836018421,-6.87057854368941,-28.2245241869114));
#2197=CARTESIAN_POINT('Ctrl Pts',(0.186993798060078,-6.870488432786,-28.2245327623376));
#2198=CARTESIAN_POINT('Ctrl Pts',(0.237394907950801,-6.87044375512151,-28.2245440846524));
#2199=CARTESIAN_POINT('Ctrl Pts',(0.262595494832327,-6.8704349921879,-28.224550434664));
#2200=CARTESIAN_POINT('Ctrl Pts',(0.312996722385472,-6.87044896607027,-28.224564512146));
#2201=CARTESIAN_POINT('Ctrl Pts',(0.363398038414067,-6.87053385357558,-28.2245813391147));
#2202=CARTESIAN_POINT('Ctrl Pts',(0.388598713808985,-6.87059598979181,-28.2245904386712));
#2203=CARTESIAN_POINT('Ctrl Pts',(0.413799401887278,-6.87067965752799,-28.2246002215453));
#2204=CARTESIAN_POINT('Ctrl Pts',(0.439000099714146,-6.87078582334627,-28.2246106870437));
#2205=CARTESIAN_POINT('Ctrl Pts',(-0.569212729384478,-6.87074193436137,
-28.0341279628039));
#2206=CARTESIAN_POINT('Ctrl Pts',(-0.556570387681798,-6.8708247009017,-28.0341224724836));
#2207=CARTESIAN_POINT('Ctrl Pts',(-0.54392802212325,-6.87090086478922,-28.0341171148063));
#2208=CARTESIAN_POINT('Ctrl Pts',(-0.531285632870588,-6.87097056249228,
-28.0341118926459));
#2209=CARTESIAN_POINT('Ctrl Pts',(-0.506043727404091,-6.87109714227833,
-28.0341017428418));
#2210=CARTESIAN_POINT('Ctrl Pts',(-0.480801729537372,-6.87119939539857,
-28.0340921587074));
#2211=CARTESIAN_POINT('Ctrl Pts',(-0.468202167932228,-6.87124456949651,
-28.0340875189588));
#2212=CARTESIAN_POINT('Ctrl Pts',(-0.443002999937336,-6.8713236416044,-28.0340785345538));
#2213=CARTESIAN_POINT('Ctrl Pts',(-0.417803743882494,-6.87138114468075,
-28.0340701536706));
#2214=CARTESIAN_POINT('Ctrl Pts',(-0.405204094217488,-6.87140474977307,
-28.0340661174456));
#2215=CARTESIAN_POINT('Ctrl Pts',(-0.380004752428764,-6.87144219196339,
-28.0340583600034));
#2216=CARTESIAN_POINT('Ctrl Pts',(-0.354805327406318,-6.8714611717449,-28.034051245083));
#2217=CARTESIAN_POINT('Ctrl Pts',(-0.342205594508034,-6.87146631466899,
-28.034047851382));
#2218=CARTESIAN_POINT('Ctrl Pts',(-0.304406335956662,-6.87146952780504,
-28.0340381704746));
#2219=CARTESIAN_POINT('Ctrl Pts',(-0.266606901820916,-6.87143859805621,
-28.0340300151122));
#2220=CARTESIAN_POINT('Ctrl Pts',(-0.241407204570709,-6.87140503053828,
-28.0340252784269));
#2221=CARTESIAN_POINT('Ctrl Pts',(-0.191007668423584,-6.87131655635913,
-28.0340172434887));
#2222=CARTESIAN_POINT('Ctrl Pts',(-0.140607864016236,-6.87119460140473,
-28.0340121470169));
#2223=CARTESIAN_POINT('Ctrl Pts',(-0.115407898507138,-6.87112755366064,
-28.0340103488122));
#2224=CARTESIAN_POINT('Ctrl Pts',(-0.0650078485839067,-6.87098596394312,
-28.0340082761664));
#2225=CARTESIAN_POINT('Ctrl Pts',(-0.0146075766242859,-6.87083870811835,
-28.0340092842311));
#2226=CARTESIAN_POINT('Ctrl Pts',(0.0105926109213428,-6.87076599423146,
-28.0340105667444));
#2227=CARTESIAN_POINT('Ctrl Pts',(0.0609930810730663,-6.87062707206984,
-28.0340146982368));
#2228=CARTESIAN_POINT('Ctrl Pts',(0.111393724857756,-6.87051048193537,-28.0340219683747));
#2229=CARTESIAN_POINT('Ctrl Pts',(0.136594086037753,-6.87046009938457,-28.0340263895419));
#2230=CARTESIAN_POINT('Ctrl Pts',(0.18699487855006,-6.87037980576916,-28.0340368002845));
#2231=CARTESIAN_POINT('Ctrl Pts',(0.237395794337667,-6.87034958436319,-28.0340503288201));
#2232=CARTESIAN_POINT('Ctrl Pts',(0.262596278806191,-6.87034926475543,-28.0340578678292));
#2233=CARTESIAN_POINT('Ctrl Pts',(0.312997292206214,-6.87038275320667,-28.0340744797992));
#2234=CARTESIAN_POINT('Ctrl Pts',(0.363398378222515,-6.87049256562249,-28.0340941229205));
#2235=CARTESIAN_POINT('Ctrl Pts',(0.388598935301063,-6.87056858074931,-28.0341046930355));
#2236=CARTESIAN_POINT('Ctrl Pts',(0.413799502832983,-6.87066729171029,-28.0341160019404));
#2237=CARTESIAN_POINT('Ctrl Pts',(0.43900007826692,-6.87078966770887,-28.0341280409198));
#2238=CARTESIAN_POINT('Ctrl Pts',(-0.569212797393144,-6.8707451253629,-27.6531630371569));
#2239=CARTESIAN_POINT('Ctrl Pts',(-0.556570253706141,-6.87082134880007,
-27.653154976296));
#2240=CARTESIAN_POINT('Ctrl Pts',(-0.543927694558271,-6.87089083388938,
-27.6531471277416));
#2241=CARTESIAN_POINT('Ctrl Pts',(-0.531285120097786,-6.8709537275632,-27.6531394959716));
#2242=CARTESIAN_POINT('Ctrl Pts',(-0.506042861528835,-6.87106653483509,
-27.6531247000749));
#2243=CARTESIAN_POINT('Ctrl Pts',(-0.480800543653341,-6.87115476191566,
-27.6531108033858));
#2244=CARTESIAN_POINT('Ctrl Pts',(-0.468200830507319,-6.87119290206725,
-27.6531040951738));
#2245=CARTESIAN_POINT('Ctrl Pts',(-0.443001375639769,-6.8712578905343,-27.6530911436505));
#2246=CARTESIAN_POINT('Ctrl Pts',(-0.417801864687242,-6.87130135259786,
-27.653079137444));
#2247=CARTESIAN_POINT('Ctrl Pts',(-0.405202095456598,-6.87131796668665,
-27.6530733745506));
#2248=CARTESIAN_POINT('Ctrl Pts',(-0.38000253004097,-6.87134151660169,-27.653062336445));
#2249=CARTESIAN_POINT('Ctrl Pts',(-0.35480291184161,-6.87134685250388,-27.6530522870022));
#2250=CARTESIAN_POINT('Ctrl Pts',(-0.342203089827384,-6.87134525264767,
-27.6530475127724));
#2251=CARTESIAN_POINT('Ctrl Pts',(-0.304403585897468,-6.87132853028757,
-27.6530339506204));
#2252=CARTESIAN_POINT('Ctrl Pts',(-0.266603970884951,-6.87127872034042,
-27.6530226942547));
#2253=CARTESIAN_POINT('Ctrl Pts',(-0.241404180467555,-6.87123319234619,
-27.6530162363059));
#2254=CARTESIAN_POINT('Ctrl Pts',(-0.191004510093764,-6.87112239254482,
-27.6530054452146));
#2255=CARTESIAN_POINT('Ctrl Pts',(-0.14060466991336,-6.87098198949774,-27.6529989455861));
#2256=CARTESIAN_POINT('Ctrl Pts',(-0.115404709690727,-6.87090685920508,
-27.6529967791133));
#2257=CARTESIAN_POINT('Ctrl Pts',(-0.0650047136522325,-6.87075173586078,
-27.65299462256));
#2258=CARTESIAN_POINT('Ctrl Pts',(-0.0146045759716174,-6.87059690132585,
-27.6529968161637));
#2259=CARTESIAN_POINT('Ctrl Pts',(0.0105955258932422,-6.87052205979089,
-27.652998999856));
#2260=CARTESIAN_POINT('Ctrl Pts',(0.060995790796845,-6.8703825498157,-27.6530055287006));
#2261=CARTESIAN_POINT('Ctrl Pts',(0.11139616796493,-6.87027337624247,-27.653016335143));
#2262=CARTESIAN_POINT('Ctrl Pts',(0.136596382095773,-6.87022886987367,-27.6530227964473));
#2263=CARTESIAN_POINT('Ctrl Pts',(0.186996856234929,-6.87016499326944,-27.6530378021896));
#2264=CARTESIAN_POINT('Ctrl Pts',(0.237397411373159,-6.87016109418951,-27.6530568902552));
#2265=CARTESIAN_POINT('Ctrl Pts',(0.262597706508512,-6.87017656163672,-27.6530674339177));
#2266=CARTESIAN_POINT('Ctrl Pts',(0.312998326362059,-6.87024706405682,-27.6530904695399));
#2267=CARTESIAN_POINT('Ctrl Pts',(0.363398994639113,-6.87040524820828,-27.6531172890148));
#2268=CARTESIAN_POINT('Ctrl Pts',(0.388599338212146,-6.87050838110604,-27.6531316166186));
#2269=CARTESIAN_POINT('Ctrl Pts',(0.413799688584717,-6.87063752310962,-27.6531468309874));
#2270=CARTESIAN_POINT('Ctrl Pts',(0.439000043898918,-6.87079365041213,-27.6531629034684));
#2271=CARTESIAN_POINT('Ctrl Pts',(-0.569212864662267,-6.87074410134829,
-27.2721987126625));
#2272=CARTESIAN_POINT('Ctrl Pts',(-0.556570115843416,-6.87082091491907,
-27.2721862721334));
#2273=CARTESIAN_POINT('Ctrl Pts',(-0.543927360859175,-6.87089050509619,
-27.2721741634599));
#2274=CARTESIAN_POINT('Ctrl Pts',(-0.531284599871906,-6.8709530342397,-27.2721623955975));
#2275=CARTESIAN_POINT('Ctrl Pts',(-0.50604198736659,-6.87106418278278,-27.2721395967311));
#2276=CARTESIAN_POINT('Ctrl Pts',(-0.480799352098664,-6.87114893079724,
-27.2721182192694));
#2277=CARTESIAN_POINT('Ctrl Pts',(-0.46819948954151,-6.87118489006689,-27.272107910297));
#2278=CARTESIAN_POINT('Ctrl Pts',(-0.442999753637316,-6.87124466633229,
-27.2720880290074));
#2279=CARTESIAN_POINT('Ctrl Pts',(-0.41779999665124,-6.87128132728298,-27.2720696453974));
#2280=CARTESIAN_POINT('Ctrl Pts',(-0.405200113012123,-6.87129417132128,
-27.2720608341037));
#2281=CARTESIAN_POINT('Ctrl Pts',(-0.380000335666777,-6.87130951008466,
-27.2720439834179));
#2282=CARTESIAN_POINT('Ctrl Pts',(-0.354800538576843,-6.8713054298959,-27.2720286957678));
#2283=CARTESIAN_POINT('Ctrl Pts',(-0.342200635193342,-6.87129885522357,
-27.2720214475092));
#2284=CARTESIAN_POINT('Ctrl Pts',(-0.304400910775753,-6.87126651384497,
-27.272000901959));
#2285=CARTESIAN_POINT('Ctrl Pts',(-0.266601144185312,-6.8711993221286,-27.2719839859969));
#2286=CARTESIAN_POINT('Ctrl Pts',(-0.241401281607416,-6.87114170809503,
-27.2719743502028));
#2287=CARTESIAN_POINT('Ctrl Pts',(-0.191001520781837,-6.87100633238527,
-27.2719583981815));
#2288=CARTESIAN_POINT('Ctrl Pts',(-0.140601689568838,-6.87084178266308,
-27.2719491172528));
#2289=CARTESIAN_POINT('Ctrl Pts',(-0.115401756604259,-6.87075499524869,
-27.2719461525617));
#2290=CARTESIAN_POINT('Ctrl Pts',(-0.0650018562161669,-6.87057803124348,
-27.2719435701071));
#2291=CARTESIAN_POINT('Ctrl Pts',(-0.0146018874637743,-6.8704056064978,
-27.2719476316493));
#2292=CARTESIAN_POINT('Ctrl Pts',(0.0105981138650613,-6.87032335826132,
-27.2719513109723));
#2293=CARTESIAN_POINT('Ctrl Pts',(0.060998150128535,-6.87017247346584,-27.2719619215103));
#2294=CARTESIAN_POINT('Ctrl Pts',(0.111398252469552,-6.87006011667577,-27.2719789075038));
#2295=CARTESIAN_POINT('Ctrl Pts',(0.136598319876402,-6.87001639549258,-27.2719889622995));
#2296=CARTESIAN_POINT('Ctrl Pts',(0.186998486327434,-6.86995949326169,-27.2720121124125));
#2297=CARTESIAN_POINT('Ctrl Pts',(0.237398713416423,-6.86997466325273,-27.2720411443188));
#2298=CARTESIAN_POINT('Ctrl Pts',(0.262598841466257,-6.87000300422396,-27.2720570809559));
#2299=CARTESIAN_POINT('Ctrl Pts',(0.312999124742044,-6.87010662816157,-27.2720916791968));
#2300=CARTESIAN_POINT('Ctrl Pts',(0.363399457644693,-6.87031370754836,-27.2721314703056));
#2301=CARTESIAN_POINT('Ctrl Pts',(0.388599635317064,-6.87044551128818,-27.2721525998046));
#2302=CARTESIAN_POINT('Ctrl Pts',(0.413799822858003,-6.87060748795664,-27.2721748935285));
#2303=CARTESIAN_POINT('Ctrl Pts',(0.439000018787228,-6.87080069480535,-27.2721982795785));
#2304=CARTESIAN_POINT('Ctrl Pts',(-0.569212914272033,-6.87075114471463,
-27.0817169715));
#2305=CARTESIAN_POINT('Ctrl Pts',(-0.556570054560339,-6.87083084063521,
-27.081701622955));
#2306=CARTESIAN_POINT('Ctrl Pts',(-0.543927193678808,-6.87090282815897,
-27.0816866734933));
#2307=CARTESIAN_POINT('Ctrl Pts',(-0.531284331824065,-6.8709672702744,-27.0816721358499));
#2308=CARTESIAN_POINT('Ctrl Pts',(-0.506041527980248,-6.87108133885804,
-27.0816439545098));
#2309=CARTESIAN_POINT('Ctrl Pts',(-0.48079872141833,-6.87116737095775,-27.0816175010276));
#2310=CARTESIAN_POINT('Ctrl Pts',(-0.468198778346043,-6.87120360341092,
-27.0816047375758));
#2311=CARTESIAN_POINT('Ctrl Pts',(-0.442998891349395,-6.87126327114686,
-27.081580111721));
#2312=CARTESIAN_POINT('Ctrl Pts',(-0.417799003001704,-6.87129863340797,
-27.0815573241059));
#2313=CARTESIAN_POINT('Ctrl Pts',(-0.405199058578303,-6.87131056102946,
-27.0815463988843));
#2314=CARTESIAN_POINT('Ctrl Pts',(-0.37999916933984,-6.87132357810578,-27.0815255020044));
#2315=CARTESIAN_POINT('Ctrl Pts',(-0.354799279361186,-6.87131627446272,
-27.0815065406506));
#2316=CARTESIAN_POINT('Ctrl Pts',(-0.342199334198208,-6.87130788159416,
-27.0814975509659));
#2317=CARTESIAN_POINT('Ctrl Pts',(-0.304399498099297,-6.87126951271888,
-27.0814720730361));
#2318=CARTESIAN_POINT('Ctrl Pts',(-0.26659965962506,-6.87119471334702,-27.0814511141023));
#2319=CARTESIAN_POINT('Ctrl Pts',(-0.241399765765138,-6.87113144661702,
-27.0814391904099));
#2320=CARTESIAN_POINT('Ctrl Pts',(-0.190999973047479,-6.87098385796614,
-27.0814194916224));
#2321=CARTESIAN_POINT('Ctrl Pts',(-0.140600165629738,-6.87080593458005,
-27.0814081334502));
#2322=CARTESIAN_POINT('Ctrl Pts',(-0.115400257066121,-6.8707123321737,-27.0814045503334));
#2323=CARTESIAN_POINT('Ctrl Pts',(-0.0650004273986848,-6.87052186574947,
-27.0814015677539));
#2324=CARTESIAN_POINT('Ctrl Pts',(-0.0146005666626881,-6.87033702996528,
-27.0814068749024));
#2325=CARTESIAN_POINT('Ctrl Pts',(0.0105993729692866,-6.87024905801664,
-27.0814115815677));
#2326=CARTESIAN_POINT('Ctrl Pts',(0.0609992739278375,-6.87008814061771,
-27.0814250318921));
#2327=CARTESIAN_POINT('Ctrl Pts',(0.111399224390532,-6.86996949291814,-27.0814463629772));
#2328=CARTESIAN_POINT('Ctrl Pts',(0.136599213506887,-6.86992378966461,-27.081458950361));
#2329=CARTESIAN_POINT('Ctrl Pts',(0.186999222597812,-6.86986571122364,-27.0814878456032));
#2330=CARTESIAN_POINT('Ctrl Pts',(0.237399297024607,-6.8698861516271,-27.0815238845544));
#2331=CARTESIAN_POINT('Ctrl Pts',(0.262599351504944,-6.86991896195102,-27.0815436159049));
#2332=CARTESIAN_POINT('Ctrl Pts',(0.312999494847803,-6.87003556059848,-27.081586324496));
#2333=CARTESIAN_POINT('Ctrl Pts',(0.363399700147289,-6.87026459527645,-27.0816351250033));
#2334=CARTESIAN_POINT('Ctrl Pts',(0.388599816600452,-6.87040982259392,-27.0816609479004));
#2335=CARTESIAN_POINT('Ctrl Pts',(0.413799944331741,-6.87058814892494,-27.081688089946));
#2336=CARTESIAN_POINT('Ctrl Pts',(0.439000081941021,-6.870800687564,-27.0817164462329));
#2337=CARTESIAN_POINT('Ctrl Pts',(-0.56921297322627,-6.87073421126443,-26.7007533928668));
#2338=CARTESIAN_POINT('Ctrl Pts',(-0.556569870685601,-6.87082513555436,
-26.7007304864109));
#2339=CARTESIAN_POINT('Ctrl Pts',(-0.543926779549615,-6.87090730853626,
-26.7007081830043));
#2340=CARTESIAN_POINT('Ctrl Pts',(-0.531283700062257,-6.87098090617154,
-26.7006865054665));
#2341=CARTESIAN_POINT('Ctrl Pts',(-0.506040486861901,-6.87111119376887,
-26.7006445146778));
#2342=CARTESIAN_POINT('Ctrl Pts',(-0.480797320701871,-6.87120933377333,
-26.7006051707984));
#2343=CARTESIAN_POINT('Ctrl Pts',(-0.468197210412375,-6.8712505864782,-26.7005862091772));
#2344=CARTESIAN_POINT('Ctrl Pts',(-0.442997013053965,-6.87131826277048,
-26.7005496681674));
#2345=CARTESIAN_POINT('Ctrl Pts',(-0.417796861246336,-6.87135766001578,
-26.7005159389047));
#2346=CARTESIAN_POINT('Ctrl Pts',(-0.405196796508074,-6.87137063392662,
-26.7004997890411));
#2347=CARTESIAN_POINT('Ctrl Pts',(-0.379996688733204,-6.87138387373647,
-26.7004689380383));
#2348=CARTESIAN_POINT('Ctrl Pts',(-0.354796622902391,-6.87137324777349,
-26.7004410173946));
#2349=CARTESIAN_POINT('Ctrl Pts',(-0.34219660010729,-6.87136235601516,-26.7004277978686));
#2350=CARTESIAN_POINT('Ctrl Pts',(-0.304396560831535,-6.87131415910927,
-26.7003903820935));
#2351=CARTESIAN_POINT('Ctrl Pts',(-0.266596604792175,-6.87122313982917,
-26.7003597449472));
#2352=CARTESIAN_POINT('Ctrl Pts',(-0.241396667455298,-6.87114675716032,
-26.7003423774946));
#2353=CARTESIAN_POINT('Ctrl Pts',(-0.190996850953384,-6.87096957077975,
-26.7003138062135));
#2354=CARTESIAN_POINT('Ctrl Pts',(-0.140597132192264,-6.87075769681103,
-26.7002975783312));
#2355=CARTESIAN_POINT('Ctrl Pts',(-0.115397292600381,-6.87064662907294,
-26.7002925543024));
#2356=CARTESIAN_POINT('Ctrl Pts',(-0.064997642950857,-6.87042142363595,
-26.7002886533673));
#2357=CARTESIAN_POINT('Ctrl Pts',(-0.0145980323392969,-6.87020450833761,
-26.7002969021829));
#2358=CARTESIAN_POINT('Ctrl Pts',(0.0106017682151371,-6.87010173078329,
-26.7003040279227));
#2359=CARTESIAN_POINT('Ctrl Pts',(0.0610013697744893,-6.86991478010795,
-26.7003241702591));
#2360=CARTESIAN_POINT('Ctrl Pts',(0.111400990431747,-6.86977941091946,-26.7003557956596));
#2361=CARTESIAN_POINT('Ctrl Pts',(0.136600810101521,-6.86972821327665,-26.700374404525));
#2362=CARTESIAN_POINT('Ctrl Pts',(0.187000476284549,-6.86966592695753,-26.700417027528));
#2363=CARTESIAN_POINT('Ctrl Pts',(0.237400211173071,-6.86969768601459,-26.7004700236072));
#2364=CARTESIAN_POINT('Ctrl Pts',(0.262600099480652,-6.86974052361017,-26.7004990050522));
#2365=CARTESIAN_POINT('Ctrl Pts',(0.312999925552662,-6.86988686071895,-26.7005616894472));
#2366=CARTESIAN_POINT('Ctrl Pts',(0.363399861093265,-6.87016636235465,-26.7006332404147));
#2367=CARTESIAN_POINT('Ctrl Pts',(0.388599858961278,-6.87034236924256,-26.700671089287));
#2368=CARTESIAN_POINT('Ctrl Pts',(0.413799886801982,-6.87055703652441,-26.7007108345596));
#2369=CARTESIAN_POINT('Ctrl Pts',(0.438999943302623,-6.87081167088152,-26.7007522805333));
#2370=CARTESIAN_POINT('Ctrl Pts',(-0.56921312983925,-6.87072547700991,-26.3197935803476));
#2371=CARTESIAN_POINT('Ctrl Pts',(-0.556569584437607,-6.87086430970832,
-26.3197531148575));
#2372=CARTESIAN_POINT('Ctrl Pts',(-0.543926070130425,-6.8709926054676,-26.3197134277878));
#2373=CARTESIAN_POINT('Ctrl Pts',(-0.531282588084423,-6.87111046265576,
-26.3196745848604));
#2374=CARTESIAN_POINT('Ctrl Pts',(-0.506038613508615,-6.87132525155938,
-26.3195988335239));
#2375=CARTESIAN_POINT('Ctrl Pts',(-0.480794772237374,-6.87149993179647,
-26.3195268957277));
#2376=CARTESIAN_POINT('Ctrl Pts',(-0.468194346870314,-6.87157734641175,
-26.319491991388));
#2377=CARTESIAN_POINT('Ctrl Pts',(-0.442993563672749,-6.87171317437145,
-26.319424287705));
#2378=CARTESIAN_POINT('Ctrl Pts',(-0.41779291526602,-6.8718122772145,-26.3193609822974));
#2379=CARTESIAN_POINT('Ctrl Pts',(-0.405192624686981,-6.87185296662538,
-26.3193304761533));
#2380=CARTESIAN_POINT('Ctrl Pts',(-0.379992110208356,-6.87191734116493,
-26.3192718465556));
#2381=CARTESIAN_POINT('Ctrl Pts',(-0.354791727118045,-6.87194923068355,
-26.3192181511639));
#2382=CARTESIAN_POINT('Ctrl Pts',(-0.342191567927177,-6.87195743551724,
-26.3191925792026));
#2383=CARTESIAN_POINT('Ctrl Pts',(-0.30439118530678,-6.87196003728291,-26.3191198091054));
#2384=CARTESIAN_POINT('Ctrl Pts',(-0.26659107934079,-6.87190036747255,-26.319059199373));
#2385=CARTESIAN_POINT('Ctrl Pts',(-0.241391124375188,-6.8718362619235,-26.3190244846765));
#2386=CARTESIAN_POINT('Ctrl Pts',(-0.190991424504228,-6.87166663710438,
-26.3189668952963));
#2387=CARTESIAN_POINT('Ctrl Pts',(-0.140592091013927,-6.8714301090304,-26.3189335300098));
#2388=CARTESIAN_POINT('Ctrl Pts',(-0.115392502452778,-6.87129909724456,
-26.3189230400379));
#2389=CARTESIAN_POINT('Ctrl Pts',(-0.0649934492762938,-6.87102028043144,
-26.3189145311011));
#2390=CARTESIAN_POINT('Ctrl Pts',(-0.0145945731852937,-6.87072669814333,
-26.3189307065518));
#2391=CARTESIAN_POINT('Ctrl Pts',(0.0106048382649071,-6.87058091606429,
-26.3189449019491));
#2392=CARTESIAN_POINT('Ctrl Pts',(0.0610036462994312,-6.87030147620526,
-26.3189851667922));
#2393=CARTESIAN_POINT('Ctrl Pts',(0.111402498938844,-6.87006724915411,-26.319048136552));
#2394=CARTESIAN_POINT('Ctrl Pts',(0.136601954975912,-6.86996667527661,-26.3190850375185));
#2395=CARTESIAN_POINT('Ctrl Pts',(0.187000962392316,-6.86980945742198,-26.3191689739852));
#2396=CARTESIAN_POINT('Ctrl Pts',(0.237400218918573,-6.86976137516018,-26.3192715783136));
#2397=CARTESIAN_POINT('Ctrl Pts',(0.262599924147988,-6.86976992635721,-26.3193271470276));
#2398=CARTESIAN_POINT('Ctrl Pts',(0.312999510317375,-6.86986267211434,-26.3194459176701));
#2399=CARTESIAN_POINT('Ctrl Pts',(0.36339947621328,-6.87012490167688,-26.3195781033813));
#2400=CARTESIAN_POINT('Ctrl Pts',(0.388599560998504,-6.8703029318084,-26.3196470853308));
#2401=CARTESIAN_POINT('Ctrl Pts',(0.413799752570201,-6.87053168563533,-26.3197184851949));
#2402=CARTESIAN_POINT('Ctrl Pts',(0.439000043632554,-6.87081329231283,-26.3197917593279));
#2403=CARTESIAN_POINT('Ctrl Pts',(-0.569211234305378,-6.86973456711842,
-26.1292816303811));
#2404=CARTESIAN_POINT('Ctrl Pts',(-0.556567357663322,-6.86990251400976,
-26.1292292994869));
#2405=CARTESIAN_POINT('Ctrl Pts',(-0.543923559284929,-6.87007856197082,
-26.1291784361586));
#2406=CARTESIAN_POINT('Ctrl Pts',(-0.531279843254042,-6.87026349809598,
-26.1291291610602));
#2407=CARTESIAN_POINT('Ctrl Pts',(-0.506035486386436,-6.87064148828406,
-26.1290338233312));
#2408=CARTESIAN_POINT('Ctrl Pts',(-0.480791393497908,-6.87101471694972,
-26.1289441560572));
#2409=CARTESIAN_POINT('Ctrl Pts',(-0.468190865436302,-6.87119429989591,
-26.1289007093778));
#2410=CARTESIAN_POINT('Ctrl Pts',(-0.442989903299154,-6.8715289782991,-26.1288162276601));
#2411=CARTESIAN_POINT('Ctrl Pts',(-0.417789111925995,-6.87180398555492,
-26.1287365160553));
#2412=CARTESIAN_POINT('Ctrl Pts',(-0.405188754362253,-6.87192376523025,
-26.1286978349716));
#2413=CARTESIAN_POINT('Ctrl Pts',(-0.379988115112502,-6.87212715475204,
-26.1286229408676));
#2414=CARTESIAN_POINT('Ctrl Pts',(-0.354787632791371,-6.87226116642659,
-26.1285533337515));
#2415=CARTESIAN_POINT('Ctrl Pts',(-0.342187432165932,-6.87231156949816,
-26.1285199397622));
#2416=CARTESIAN_POINT('Ctrl Pts',(-0.30438695916108,-6.87241796845387,-26.1284243173788));
#2417=CARTESIAN_POINT('Ctrl Pts',(-0.266586885866742,-6.87240378045807,
-26.1283432375776));
#2418=CARTESIAN_POINT('Ctrl Pts',(-0.241387027307525,-6.87235355342529,
-26.1282964342966));
#2419=CARTESIAN_POINT('Ctrl Pts',(-0.190987682519266,-6.87219125561336,
-26.128218372652));
#2420=CARTESIAN_POINT('Ctrl Pts',(-0.140589012487977,-6.87193163709859,
-26.1281724521901));
#2421=CARTESIAN_POINT('Ctrl Pts',(-0.115389828946411,-6.87178427256558,
-26.1281577958372));
#2422=CARTESIAN_POINT('Ctrl Pts',(-0.0649917083202567,-6.87146439430919,
-26.1281452285895));
#2423=CARTESIAN_POINT('Ctrl Pts',(-0.0145939299702569,-6.87111591100859,
-26.1281659553871));
#2424=CARTESIAN_POINT('Ctrl Pts',(0.0106049102355588,-6.87093989422203,
-26.1281845863815));
#2425=CARTESIAN_POINT('Ctrl Pts',(0.0610025955533278,-6.87059546504205,
-26.1282380392246));
#2426=CARTESIAN_POINT('Ctrl Pts',(0.111400418571526,-6.87029282302647,-26.1283222101915));
#2427=CARTESIAN_POINT('Ctrl Pts',(0.136599397932464,-6.87015852767483,-26.1283715677385));
#2428=CARTESIAN_POINT('Ctrl Pts',(0.186997482522173,-6.86994000579535,-26.1284833693893));
#2429=CARTESIAN_POINT('Ctrl Pts',(0.237395538724616,-6.86985823087074,-26.1286171395697));
#2430=CARTESIAN_POINT('Ctrl Pts',(0.262594501032787,-6.86986039036337,-26.1286885131444));
#2431=CARTESIAN_POINT('Ctrl Pts',(0.312992005144563,-6.86997194374314,-26.1288374222739));
#2432=CARTESIAN_POINT('Ctrl Pts',(0.363389615842511,-6.87029750515343,-26.1289995139512));
#2433=CARTESIAN_POINT('Ctrl Pts',(0.388588650929815,-6.87051455147293,-26.1290839243506));
#2434=CARTESIAN_POINT('Ctrl Pts',(0.413788718076331,-6.87077001401833,-26.1291743363289));
#2435=CARTESIAN_POINT('Ctrl Pts',(0.438989717191811,-6.87106766910803,-26.1292697080564));
#2436=CARTESIAN_POINT('Ctrl Pts',(-0.569215168090373,-6.87150178034251,
-25.843629783483));
#2437=CARTESIAN_POINT('Ctrl Pts',(-0.556570607599474,-6.8717986441401,-25.8435431061872));
#2438=CARTESIAN_POINT('Ctrl Pts',(-0.543926095689624,-6.87207006235549,
-25.8434565883948));
#2439=CARTESIAN_POINT('Ctrl Pts',(-0.531281635373695,-6.87231528881625,
-25.8433704308685));
#2440=CARTESIAN_POINT('Ctrl Pts',(-0.506035759563881,-6.87275729014886,
-25.8431997052166));
#2441=CARTESIAN_POINT('Ctrl Pts',(-0.480790150669517,-6.87311731051928,
-25.8430328017023));
#2442=CARTESIAN_POINT('Ctrl Pts',(-0.468188883689349,-6.87327983564721,
-25.8429507503012));
#2443=CARTESIAN_POINT('Ctrl Pts',(-0.44298651293734,-6.87357781174238,-25.8427897837827));
#2444=CARTESIAN_POINT('Ctrl Pts',(-0.417784483239245,-6.87383024407542,
-25.8426361341696));
#2445=CARTESIAN_POINT('Ctrl Pts',(-0.405183557450037,-6.87394729895125,
-25.8425614018276));
#2446=CARTESIAN_POINT('Ctrl Pts',(-0.379981885042975,-6.87416486017589,
-25.8424165629223));
#2447=CARTESIAN_POINT('Ctrl Pts',(-0.354780565602644,-6.87434957566111,
-25.8422817568832));
#2448=CARTESIAN_POINT('Ctrl Pts',(-0.342179992786171,-6.87443379492742,
-25.8422170574248));
#2449=CARTESIAN_POINT('Ctrl Pts',(-0.304378526100688,-6.8746601438549,-25.8420315910029));
#2450=CARTESIAN_POINT('Ctrl Pts',(-0.266577785050206,-6.87480185311476,
-25.8418735175976));
#2451=CARTESIAN_POINT('Ctrl Pts',(-0.241377586531835,-6.87485328467233,
-25.841781628847));
#2452=CARTESIAN_POINT('Ctrl Pts',(-0.190977719367966,-6.87486143046425,
-25.8416272993906));
#2453=CARTESIAN_POINT('Ctrl Pts',(-0.140578782757226,-6.87468255469527,
-25.8415353428971));
#2454=CARTESIAN_POINT('Ctrl Pts',(-0.115379514603529,-6.87454674545712,
-25.841505827842));
#2455=CARTESIAN_POINT('Ctrl Pts',(-0.0649813069585115,-6.87419087956758,
-25.8414806158651));
#2456=CARTESIAN_POINT('Ctrl Pts',(-0.0145836128161125,-6.87369428176448,
-25.8415223742411));
#2457=CARTESIAN_POINT('Ctrl Pts',(0.0106151425644896,-6.87341772001116,
-25.8415598433487));
#2458=CARTESIAN_POINT('Ctrl Pts',(0.0610125365005221,-6.8728273971225,-25.8416664326986));
#2459=CARTESIAN_POINT('Ctrl Pts',(0.111409900717296,-6.87220520848499,-25.8418318345235));
#2460=CARTESIAN_POINT('Ctrl Pts',(0.136608624697505,-6.87189681724631,-25.8419281135871));
#2461=CARTESIAN_POINT('Ctrl Pts',(0.187006322060066,-6.8713080488348,-25.8421450165147));
#2462=CARTESIAN_POINT('Ctrl Pts',(0.237404954338851,-6.87081846652744,-25.8424048884982));
#2463=CARTESIAN_POINT('Ctrl Pts',(0.262604608446573,-6.87060936310822,-25.8425441135727));
#2464=CARTESIAN_POINT('Ctrl Pts',(0.313004838194519,-6.87028360989839,-25.842838177598));
#2465=CARTESIAN_POINT('Ctrl Pts',(0.363406416931253,-6.87020132751821,-25.8431539704214));
#2466=CARTESIAN_POINT('Ctrl Pts',(0.388607436524451,-6.87023529062693,-25.8433149894532));
#2467=CARTESIAN_POINT('Ctrl Pts',(0.413808264866251,-6.87036439850399,-25.8434755989844));
#2468=CARTESIAN_POINT('Ctrl Pts',(0.439008952113999,-6.87059341450591,-25.8436342502156));
#2469=CARTESIAN_POINT('Ctrl Pts',(-0.569213264198121,-6.8701425913623,-25.5578842883809));
#2470=CARTESIAN_POINT('Ctrl Pts',(-0.556566543836503,-6.87067601301055,
-25.557732029294));
#2471=CARTESIAN_POINT('Ctrl Pts',(-0.543919876690016,-6.87121303118356,
-25.5575767566514));
#2472=CARTESIAN_POINT('Ctrl Pts',(-0.531273285737504,-6.87175290800601,
-25.5574189129823));
#2473=CARTESIAN_POINT('Ctrl Pts',(-0.506023238260012,-6.87283233969228,
-25.5570997229375));
#2474=CARTESIAN_POINT('Ctrl Pts',(-0.480773686225682,-6.87390309627167,
-25.5567749986162));
#2475=CARTESIAN_POINT('Ctrl Pts',(-0.468170523865066,-6.87443251231646,
-25.5566121610995));
#2476=CARTESIAN_POINT('Ctrl Pts',(-0.442964540922279,-6.87547404803212,
-25.5562864087439));
#2477=CARTESIAN_POINT('Ctrl Pts',(-0.417759331150496,-6.87646757531076,
-25.5559635550008));
#2478=CARTESIAN_POINT('Ctrl Pts',(-0.405156941933607,-6.87694896359082,
-25.5558036155887));
#2479=CARTESIAN_POINT('Ctrl Pts',(-0.379952636886784,-6.87787477074308,
-25.5554883366649));
#2480=CARTESIAN_POINT('Ctrl Pts',(-0.354749348150483,-6.87871632070861,
-25.5551854987371));
#2481=CARTESIAN_POINT('Ctrl Pts',(-0.342147975253351,-6.87911343974803,
-25.5550380004043));
#2482=CARTESIAN_POINT('Ctrl Pts',(-0.304344711883564,-6.88022750204357,
-25.5546096868908));
#2483=CARTESIAN_POINT('Ctrl Pts',(-0.266544085709386,-6.88109428127343,
-25.5542307041213));
#2484=CARTESIAN_POINT('Ctrl Pts',(-0.241344905016385,-6.88154861988323,
-25.5540060236572));
#2485=CARTESIAN_POINT('Ctrl Pts',(-0.190948951986307,-6.88219466666138,
-25.553622881825));
#2486=CARTESIAN_POINT('Ctrl Pts',(-0.140557272218294,-6.88230768627511,
-25.5533857990719));
#2487=CARTESIAN_POINT('Ctrl Pts',(-0.115362366718124,-6.88222904081407,
-25.5533071989956));
#2488=CARTESIAN_POINT('Ctrl Pts',(-0.0649739533406368,-6.881810286501,-25.5532333579467));
#2489=CARTESIAN_POINT('Ctrl Pts',(-0.0145871830145605,-6.88091537460902,
-25.5533256640132));
#2490=CARTESIAN_POINT('Ctrl Pts',(0.0106060779916461,-6.88036050795517,
-25.5534132237858));
#2491=CARTESIAN_POINT('Ctrl Pts',(0.0609930277954351,-6.87907386825798,
-25.5536671293996));
#2492=CARTESIAN_POINT('Ctrl Pts',(0.111382005052105,-6.87753468547369,-25.5540636466601));
#2493=CARTESIAN_POINT('Ctrl Pts',(0.136577295205287,-6.87672715134838,-25.554293842396));
#2494=CARTESIAN_POINT('Ctrl Pts',(0.186969950334683,-6.87509975678526,-25.5548071236633));
#2495=CARTESIAN_POINT('Ctrl Pts',(0.237367250417266,-6.87358290320674,-25.5554005836729));
#2496=CARTESIAN_POINT('Ctrl Pts',(0.262567186964819,-6.87288578626022,-25.5557109804044));
#2497=CARTESIAN_POINT('Ctrl Pts',(0.31296969828543,-6.87168494642492,-25.5563446847526));
#2498=CARTESIAN_POINT('Ctrl Pts',(0.363377455986296,-6.87098174541446,-25.5569790821102));
#2499=CARTESIAN_POINT('Ctrl Pts',(0.388582637978958,-6.87078237751355,-25.5572901510794));
#2500=CARTESIAN_POINT('Ctrl Pts',(0.413789044419701,-6.87075491797969,-25.5575897781888));
#2501=CARTESIAN_POINT('Ctrl Pts',(0.438996339584055,-6.87090643366357,-25.5578743028557));
#2502=CARTESIAN_POINT('Ctrl Pts',(-0.569222237809388,-6.87438160554181,
-25.4627936326089));
#2503=CARTESIAN_POINT('Ctrl Pts',(-0.556574675607795,-6.87502643756775,
-25.4626173716268));
#2504=CARTESIAN_POINT('Ctrl Pts',(-0.543927000501645,-6.87560982598398,
-25.4624340206476));
#2505=CARTESIAN_POINT('Ctrl Pts',(-0.531279237839017,-6.8761287969289,-25.4622440196962));
#2506=CARTESIAN_POINT('Ctrl Pts',(-0.506026599159783,-6.87705740376434,
-25.4618537020157));
#2507=CARTESIAN_POINT('Ctrl Pts',(-0.480774150313579,-6.87782711539246,
-25.4614472633769));
#2508=CARTESIAN_POINT('Ctrl Pts',(-0.46816951472139,-6.87818559555086,-25.4612418028359));
#2509=CARTESIAN_POINT('Ctrl Pts',(-0.442960640094139,-6.87888067810507,
-25.4608289297519));
#2510=CARTESIAN_POINT('Ctrl Pts',(-0.417752807234093,-6.87956165291624,
-25.4604177855702));
#2511=CARTESIAN_POINT('Ctrl Pts',(-0.4051492140806,-6.87990636709347,-25.4602140666299));
#2512=CARTESIAN_POINT('Ctrl Pts',(-0.379942771336399,-6.8806066026887,-25.4598128330404));
#2513=CARTESIAN_POINT('Ctrl Pts',(-0.354737951464825,-6.88131816798955,
-25.4594284207038));
#2514=CARTESIAN_POINT('Ctrl Pts',(-0.342135981208944,-6.88167424690128,
-25.4592415244845));
#2515=CARTESIAN_POINT('Ctrl Pts',(-0.304331450316324,-6.88272612230836,
-25.4586996969453));
#2516=CARTESIAN_POINT('Ctrl Pts',(-0.26653110876822,-6.88367796809493,-25.458222539194));
#2517=CARTESIAN_POINT('Ctrl Pts',(-0.24133279738928,-6.88422114800581,-25.457940328382));
#2518=CARTESIAN_POINT('Ctrl Pts',(-0.190939517427084,-6.88504423046135,
-25.4574596464916));
#2519=CARTESIAN_POINT('Ctrl Pts',(-0.140551303436096,-6.88527387299297,
-25.4571626886185));
#2520=CARTESIAN_POINT('Ctrl Pts',(-0.115358055113175,-6.88522256603884,
-25.4570642163001));
#2521=CARTESIAN_POINT('Ctrl Pts',(-0.0649724519011929,-6.88478930587562,
-25.4569711331301));
#2522=CARTESIAN_POINT('Ctrl Pts',(-0.0145883298309002,-6.88374311011076,
-25.4570840562768));
#2523=CARTESIAN_POINT('Ctrl Pts',(0.0106034564128166,-6.8830789366236,-25.4571916073913));
#2524=CARTESIAN_POINT('Ctrl Pts',(0.0609863274221745,-6.88151385582608,
-25.4575039083505));
#2525=CARTESIAN_POINT('Ctrl Pts',(0.111370494695393,-6.87958308082318,-25.4579957255588));
#2526=CARTESIAN_POINT('Ctrl Pts',(0.136563531076428,-6.87855338424006,-25.4582827648374));
#2527=CARTESIAN_POINT('Ctrl Pts',(0.186954241774551,-6.87642949917146,-25.4589287243631));
#2528=CARTESIAN_POINT('Ctrl Pts',(0.237356997767595,-6.87432811721631,-25.459688650224));
#2529=CARTESIAN_POINT('Ctrl Pts',(0.262562093326046,-6.87332110236929,-25.460089657992));
#2530=CARTESIAN_POINT('Ctrl Pts',(0.312979582048563,-6.87147978226773,-25.4609148139229));
#2531=CARTESIAN_POINT('Ctrl Pts',(0.363405998224913,-6.8702245820159,-25.4617345852881));
#2532=CARTESIAN_POINT('Ctrl Pts',(0.388620102704307,-6.86980174051024,-25.4621305322023));
#2533=CARTESIAN_POINT('Ctrl Pts',(0.413832186401262,-6.86966910828259,-25.4624949497086));
#2534=CARTESIAN_POINT('Ctrl Pts',(0.439042054148375,-6.86982707473765,-25.4628245873908));
#2535=CARTESIAN_POINT('Ctrl Pts',(-0.56920591909364,-6.86587476459243,-25.2720467380702));
#2536=CARTESIAN_POINT('Ctrl Pts',(-0.556555595977972,-6.86669277969284,
-25.27181312926));
#2537=CARTESIAN_POINT('Ctrl Pts',(-0.543905278333252,-6.86758333780264,
-25.2715706995784));
#2538=CARTESIAN_POINT('Ctrl Pts',(-0.531255035088343,-6.86854616876821,
-25.2713202175658));
#2539=CARTESIAN_POINT('Ctrl Pts',(-0.505997781143748,-6.87059468183632,
-25.27080598697));
#2540=CARTESIAN_POINT('Ctrl Pts',(-0.480741351921115,-6.87283596861123,
-25.2702683090215));
#2541=CARTESIAN_POINT('Ctrl Pts',(-0.468134878290938,-6.87398818635129,
-25.2699952608649));
#2542=CARTESIAN_POINT('Ctrl Pts',(-0.44292258592078,-6.87632058411375,-25.2694426187014));
#2543=CARTESIAN_POINT('Ctrl Pts',(-0.417711823063618,-6.8786395933913,-25.2688832015215));
#2544=CARTESIAN_POINT('Ctrl Pts',(-0.405106878972727,-6.87977828253946,
-25.2686033746508));
#2545=CARTESIAN_POINT('Ctrl Pts',(-0.379897967222993,-6.8819841136939,-25.2680470009252));
#2546=CARTESIAN_POINT('Ctrl Pts',(-0.354691196870283,-6.88400530899054,
-25.2675043110641));
#2547=CARTESIAN_POINT('Ctrl Pts',(-0.34208839427726,-6.8849592423187,-25.2672381680592));
#2548=CARTESIAN_POINT('Ctrl Pts',(-0.304281864770157,-6.88763214310253,
-25.2664607185911));
#2549=CARTESIAN_POINT('Ctrl Pts',(-0.266481368521685,-6.88970567167383,
-25.2657610278699));
#2550=CARTESIAN_POINT('Ctrl Pts',(-0.241284047095203,-6.89079332082451,
-25.2653423906393));
#2551=CARTESIAN_POINT('Ctrl Pts',(-0.190896400966594,-6.89239534427734,
-25.2646219273786));
#2552=CARTESIAN_POINT('Ctrl Pts',(-0.14052330998533,-6.89288665695978,-25.2641636050111));
#2553=CARTESIAN_POINT('Ctrl Pts',(-0.1153405647079,-6.89286489854236,-25.2640071202636));
#2554=CARTESIAN_POINT('Ctrl Pts',(-0.0649814533727788,-6.89231336747187,
-25.2638481343828));
#2555=CARTESIAN_POINT('Ctrl Pts',(-0.0146278386179777,-6.89082513826434,
-25.264001381355));
#2556=CARTESIAN_POINT('Ctrl Pts',(0.0105493560655123,-6.88986677139977,
-25.2641571323846));
#2557=CARTESIAN_POINT('Ctrl Pts',(0.0609095629077494,-6.8875817344554,-25.2646211044));
#2558=CARTESIAN_POINT('Ctrl Pts',(0.111283835165947,-6.88475673412979,-25.2653560264028));
#2559=CARTESIAN_POINT('Ctrl Pts',(0.13647520038937,-6.88325775920933,-25.2657828669948));
#2560=CARTESIAN_POINT('Ctrl Pts',(0.186864040056269,-6.88021911605228,-25.2667281929309));
#2561=CARTESIAN_POINT('Ctrl Pts',(0.237263128836078,-6.8773631500528,-25.2678002872652));
#2562=CARTESIAN_POINT('Ctrl Pts',(0.262464675311822,-6.87604675475922,-25.2683538753444));
#2563=CARTESIAN_POINT('Ctrl Pts',(0.312872901260732,-6.87376876002934,-25.2694666862065));
#2564=CARTESIAN_POINT('Ctrl Pts',(0.363295046360061,-6.87237750326227,-25.2705429867552));
#2565=CARTESIAN_POINT('Ctrl Pts',(0.388510512960929,-6.87194814532488,-25.2710600427276));
#2566=CARTESIAN_POINT('Ctrl Pts',(0.41373089423371,-6.87180829818494,-25.2715465554496));
#2567=CARTESIAN_POINT('Ctrl Pts',(0.43895449623065,-6.8719688034176,-25.2719947782382));
#2568=CARTESIAN_POINT('Ctrl Pts',(-0.569218167676135,-6.87138476733494,
-25.0817558204706));
#2569=CARTESIAN_POINT('Ctrl Pts',(-0.5565656868216,-6.87224076719243,-25.0815176257345));
#2570=CARTESIAN_POINT('Ctrl Pts',(-0.543912818881518,-6.8731317002846,-25.0812638302353));
#2571=CARTESIAN_POINT('Ctrl Pts',(-0.531259683434762,-6.87406011569262,
-25.0809949690148));
#2572=CARTESIAN_POINT('Ctrl Pts',(-0.505996178924963,-6.87595493156117,
-25.0804304820495));
#2573=CARTESIAN_POINT('Ctrl Pts',(-0.480733144183683,-6.87785110306181,
-25.0798185275919));
#2574=CARTESIAN_POINT('Ctrl Pts',(-0.468123431230358,-6.87877779387356,
-25.0795031650585));
#2575=CARTESIAN_POINT('Ctrl Pts',(-0.442905161592,-6.88055264635233,-25.0788580293592));
#2576=CARTESIAN_POINT('Ctrl Pts',(-0.417690130104775,-6.88213225626323,
-25.0781961801749));
#2577=CARTESIAN_POINT('Ctrl Pts',(-0.405083654970761,-6.88286323997619,
-25.0778640985869));
#2578=CARTESIAN_POINT('Ctrl Pts',(-0.37987319480389,-6.88420393713603,-25.0772041859554));
#2579=CARTESIAN_POINT('Ctrl Pts',(-0.354668136023406,-6.88530724108607,
-25.0765645389333));
#2580=CARTESIAN_POINT('Ctrl Pts',(-0.342067064234683,-6.88580086465843,
-25.0762527334214));
#2581=CARTESIAN_POINT('Ctrl Pts',(-0.304268233739169,-6.8871194401892,-25.075349178278));
#2582=CARTESIAN_POINT('Ctrl Pts',(-0.266481554488651,-6.88798134898257,
-25.0745591398658));
#2583=CARTESIAN_POINT('Ctrl Pts',(-0.241295035707667,-6.88838129471825,
-25.0740991108568));
#2584=CARTESIAN_POINT('Ctrl Pts',(-0.190925155169559,-6.8888680472029,-25.0733235583063));
#2585=CARTESIAN_POINT('Ctrl Pts',(-0.140556293561245,-6.88875748315301,
-25.0728355919209));
#2586=CARTESIAN_POINT('Ctrl Pts',(-0.115370602333051,-6.88856049758139,
-25.0726633282783));
#2587=CARTESIAN_POINT('Ctrl Pts',(-0.0650003292942003,-6.88788336853171,
-25.0724521989395));
#2588=CARTESIAN_POINT('Ctrl Pts',(-0.0146464047469053,-6.88661522993022,
-25.0725100338049));
#2589=CARTESIAN_POINT('Ctrl Pts',(0.0105229994531353,-6.88582839074767,
-25.0726061317029));
#2590=CARTESIAN_POINT('Ctrl Pts',(0.0608414986472106,-6.88391298225532,
-25.0729487846265));
#2591=CARTESIAN_POINT('Ctrl Pts',(0.111141493612497,-6.88132834381228,-25.073626132762));
#2592=CARTESIAN_POINT('Ctrl Pts',(0.136291914901472,-6.87987161446467,-25.0740567678295));
#2593=CARTESIAN_POINT('Ctrl Pts',(0.186617899383599,-6.87671295589288,-25.0751089018667));
#2594=CARTESIAN_POINT('Ctrl Pts',(0.237013773099637,-6.8735251434013,-25.0764620673739));
#2595=CARTESIAN_POINT('Ctrl Pts',(0.262234557379237,-6.87203464160069,-25.0771950470706));
#2596=CARTESIAN_POINT('Ctrl Pts',(0.312713574316437,-6.86962234517299,-25.078688250004));
#2597=CARTESIAN_POINT('Ctrl Pts',(0.36323718396682,-6.86880713861777,-25.0800896303252));
#2598=CARTESIAN_POINT('Ctrl Pts',(0.388502571600196,-6.86891814937171,-25.0807301462977));
#2599=CARTESIAN_POINT('Ctrl Pts',(0.413764449604113,-6.86956229349855,-25.0812884525822));
#2600=CARTESIAN_POINT('Ctrl Pts',(0.439019104101472,-6.87068817062846,-25.0817607604138));
#2601=CARTESIAN_POINT('Ctrl Pts',(-0.569169975150041,-6.88058316969556,
-24.9857790306494));
#2602=CARTESIAN_POINT('Ctrl Pts',(-0.556516717373858,-6.88138769881009,
-24.9855695794447));
#2603=CARTESIAN_POINT('Ctrl Pts',(-0.543862914010083,-6.88202844354485,
-24.9853454818841));
#2604=CARTESIAN_POINT('Ctrl Pts',(-0.531208661167311,-6.8825059600497,-24.9851063680638));
#2605=CARTESIAN_POINT('Ctrl Pts',(-0.505942630980618,-6.88316752012608,
-24.9846001314286));
#2606=CARTESIAN_POINT('Ctrl Pts',(-0.480677075857017,-6.8833438914091,-24.9840428669601));
#2607=CARTESIAN_POINT('Ctrl Pts',(-0.46806625279368,-6.88333514229127,-24.9837535988154));
#2608=CARTESIAN_POINT('Ctrl Pts',(-0.442846583948882,-6.88318312312763,
-24.9831580912348));
#2609=CARTESIAN_POINT('Ctrl Pts',(-0.417633495378267,-6.88285312654691,
-24.9825420760904));
#2610=CARTESIAN_POINT('Ctrl Pts',(-0.405029246914559,-6.88266675653624,
-24.9822322780446));
#2611=CARTESIAN_POINT('Ctrl Pts',(-0.379826947535067,-6.88228355108334,
-24.9816173527417));
#2612=CARTESIAN_POINT('Ctrl Pts',(-0.354640087675433,-6.88191482027465,
-24.9810275573543));
#2613=CARTESIAN_POINT('Ctrl Pts',(-0.342051275320037,-6.88174311872376,
-24.9807428826867));
#2614=CARTESIAN_POINT('Ctrl Pts',(-0.304300774228006,-6.88127402553223,
-24.9799303983162));
#2615=CARTESIAN_POINT('Ctrl Pts',(-0.26660093943546,-6.88096149471943,-24.97926041888));
#2616=CARTESIAN_POINT('Ctrl Pts',(-0.241491532089881,-6.88083065211429,
-24.9788948893598));
#2617=CARTESIAN_POINT('Ctrl Pts',(-0.191323580216212,-6.8808134180656,-24.9782906179728));
#2618=CARTESIAN_POINT('Ctrl Pts',(-0.141149238836951,-6.88124417445863,
-24.977884470656));
#2619=CARTESIAN_POINT('Ctrl Pts',(-0.116058355614665,-6.88162689577436,
-24.9777060155736));
#2620=CARTESIAN_POINT('Ctrl Pts',(-0.0654930732121173,-6.88181426444662,
-24.9775090450809));
#2621=CARTESIAN_POINT('Ctrl Pts',(-0.0142693298140717,-6.88111342584541,
-24.97749679552));
#2622=CARTESIAN_POINT('Ctrl Pts',(0.0114907693821831,-6.8806161623075,-24.9775030833149));
#2623=CARTESIAN_POINT('Ctrl Pts',(0.062248766489601,-6.88157647174881,-24.9771117779423));
#2624=CARTESIAN_POINT('Ctrl Pts',(0.111455610341729,-6.8859499644685,-24.9761693802425));
#2625=CARTESIAN_POINT('Ctrl Pts',(0.135685789937581,-6.88912390781885,-24.9755750258667));
#2626=CARTESIAN_POINT('Ctrl Pts',(0.18482243277516,-6.89020176480572,-24.9756541117827));
#2627=CARTESIAN_POINT('Ctrl Pts',(0.235273204156137,-6.88296208512279,-24.9778900074515));
#2628=CARTESIAN_POINT('Ctrl Pts',(0.260795077690981,-6.87834860613978,-24.97935648419));
#2629=CARTESIAN_POINT('Ctrl Pts',(0.311784704357798,-6.87243143648301,-24.9819118959902));
#2630=CARTESIAN_POINT('Ctrl Pts',(0.362689793590025,-6.87167502740497,-24.9838035254153));
#2631=CARTESIAN_POINT('Ctrl Pts',(0.388084205202137,-6.87258946958509,-24.9845374049407));
#2632=CARTESIAN_POINT('Ctrl Pts',(0.413437577867022,-6.8742637713802,-24.9851166462605));
#2633=CARTESIAN_POINT('Ctrl Pts',(0.43875427633969,-6.87645544211757,-24.9855680766482));
#2634=CARTESIAN_POINT('Ctrl Pts',(-0.569162386531747,-6.84793900551951,
-24.890188023555));
#2635=CARTESIAN_POINT('Ctrl Pts',(-0.556515851150472,-6.84837111679734,
-24.8900966077992));
#2636=CARTESIAN_POINT('Ctrl Pts',(-0.54386991613586,-6.84871923915197,-24.8900130767204));
#2637=CARTESIAN_POINT('Ctrl Pts',(-0.531224570975226,-6.84898714765029,
-24.889936816019));
#2638=CARTESIAN_POINT('Ctrl Pts',(-0.505977753337028,-6.8493773367363,-24.8897941780202));
#2639=CARTESIAN_POINT('Ctrl Pts',(-0.480732413002496,-6.84952152141028,
-24.8896596986491));
#2640=CARTESIAN_POINT('Ctrl Pts',(-0.468131473406457,-6.84954277350111,
-24.8895918674775));
#2641=CARTESIAN_POINT('Ctrl Pts',(-0.442930006163085,-6.84951116704831,
-24.8894492677395));
#2642=CARTESIAN_POINT('Ctrl Pts',(-0.417729724094773,-6.84938112534241,
-24.8892875147112));
#2643=CARTESIAN_POINT('Ctrl Pts',(-0.405129963615174,-6.84930397894781,
-24.8892004798545));
#2644=CARTESIAN_POINT('Ctrl Pts',(-0.379931690159578,-6.84914679735681,
-24.8890142180945));
#2645=CARTESIAN_POINT('Ctrl Pts',(-0.354737240150662,-6.84900703996613,
-24.8888092277131));
#2646=CARTESIAN_POINT('Ctrl Pts',(-0.342141296516969,-6.84894747794108,
-24.8887034273897));
#2647=CARTESIAN_POINT('Ctrl Pts',(-0.304358535558604,-6.84880311457959,
-24.8883841247333));
#2648=CARTESIAN_POINT('Ctrl Pts',(-0.266592833432968,-6.84874875724871,
-24.8880833342093));
#2649=CARTESIAN_POINT('Ctrl Pts',(-0.241425119461374,-6.84873819053773,
-24.8879138173817));
#2650=CARTESIAN_POINT('Ctrl Pts',(-0.191103102656216,-6.84870675969628,
-24.8876657493503));
#2651=CARTESIAN_POINT('Ctrl Pts',(-0.140754474698568,-6.84860342468659,
-24.8875973001958));
#2652=CARTESIAN_POINT('Ctrl Pts',(-0.115559053620045,-6.84850053202916,
-24.8876103200191));
#2653=CARTESIAN_POINT('Ctrl Pts',(-0.0650844204271195,-6.84828213304913,
-24.8877045486677));
#2654=CARTESIAN_POINT('Ctrl Pts',(-0.0145598712600403,-6.8482566299429,
-24.8877701799969));
#2655=CARTESIAN_POINT('Ctrl Pts',(0.0106988829146548,-6.84823632207968,
-24.8877807369993));
#2656=CARTESIAN_POINT('Ctrl Pts',(0.061166549075713,-6.84788116730707,-24.8876113568435));
#2657=CARTESIAN_POINT('Ctrl Pts',(0.111297548188531,-6.84835105653552,-24.8870498734533));
#2658=CARTESIAN_POINT('Ctrl Pts',(0.136224012856268,-6.8490344690652,-24.8866896410816));
#2659=CARTESIAN_POINT('Ctrl Pts',(0.186377098950388,-6.84651116494162,-24.8872037469539));
#2660=CARTESIAN_POINT('Ctrl Pts',(0.236906764384548,-6.84424290772731,-24.8886768376868));
#2661=CARTESIAN_POINT('Ctrl Pts',(0.26220725046981,-6.84517702315889,-24.8892778191593));
#2662=CARTESIAN_POINT('Ctrl Pts',(0.312741248227404,-6.85106804476421,-24.8899890668419));
#2663=CARTESIAN_POINT('Ctrl Pts',(0.363196396935024,-6.86168687457807,-24.8901130586154));
#2664=CARTESIAN_POINT('Ctrl Pts',(0.388405520005772,-6.86749554653976,-24.8900907859171));
#2665=CARTESIAN_POINT('Ctrl Pts',(0.413611816794113,-6.87305419483899,-24.8900729666728));
#2666=CARTESIAN_POINT('Ctrl Pts',(0.438818401475807,-6.87815065687747,-24.8900811258946));
#2667=CARTESIAN_POINT('Ctrl Pts',(-0.569231940399195,-6.81507381445402,
-24.7964618490066));
#2668=CARTESIAN_POINT('Ctrl Pts',(-0.556589566110137,-6.81522325818787,
-24.7964697178438));
#2669=CARTESIAN_POINT('Ctrl Pts',(-0.543947909389182,-6.81532903931977,
-24.7964924814656));
#2670=CARTESIAN_POINT('Ctrl Pts',(-0.531306874558881,-6.81539586108688,
-24.7965292405408));
#2671=CARTESIAN_POINT('Ctrl Pts',(-0.50606849799931,-6.81546203668725,-24.7966247950668));
#2672=CARTESIAN_POINT('Ctrl Pts',(-0.48083059467392,-6.81541905318889,-24.7967501490829));
#2673=CARTESIAN_POINT('Ctrl Pts',(-0.468232950696326,-6.815376582238,-24.7968165727991));
#2674=CARTESIAN_POINT('Ctrl Pts',(-0.443036788959486,-6.81526467099224,
-24.7969490186287));
#2675=CARTESIAN_POINT('Ctrl Pts',(-0.417838156470483,-6.81512806591281,
-24.7970689059803));
#2676=CARTESIAN_POINT('Ctrl Pts',(-0.40523803813886,-6.81506086958919,-24.7971227340989));
#2677=CARTESIAN_POINT('Ctrl Pts',(-0.380036055710926,-6.81494200439898,
-24.7972144764671));
#2678=CARTESIAN_POINT('Ctrl Pts',(-0.354830832032516,-6.81486754661972,
-24.797273344279));
#2679=CARTESIAN_POINT('Ctrl Pts',(-0.342227467500598,-6.81484486388938,
-24.7972942576571));
#2680=CARTESIAN_POINT('Ctrl Pts',(-0.304415685015078,-6.81482024375712,
-24.7973352461829));
#2681=CARTESIAN_POINT('Ctrl Pts',(-0.26660044090792,-6.8149014636643,-24.7973292097794));
#2682=CARTESIAN_POINT('Ctrl Pts',(-0.241390609801542,-6.81498063421937,
-24.797321014546));
#2683=CARTESIAN_POINT('Ctrl Pts',(-0.190969763941151,-6.81508013749035,
-24.7973436737472));
#2684=CARTESIAN_POINT('Ctrl Pts',(-0.140546516316311,-6.81504576017951,
-24.7974586600416));
#2685=CARTESIAN_POINT('Ctrl Pts',(-0.115329922887746,-6.8149687030986,-24.797546711868));
#2686=CARTESIAN_POINT('Ctrl Pts',(-0.0649376088113218,-6.81495574847667,
-24.7977331503852));
#2687=CARTESIAN_POINT('Ctrl Pts',(-0.0146336952499393,-6.81520635614186,
-24.7978463115496));
#2688=CARTESIAN_POINT('Ctrl Pts',(0.0105003441757567,-6.815327666547,-24.7978764944047));
#2689=CARTESIAN_POINT('Ctrl Pts',(0.0609046185683404,-6.81504553772831,
-24.7978418652276));
#2690=CARTESIAN_POINT('Ctrl Pts',(0.111431456028486,-6.81487730026946,-24.7976358709394));
#2691=CARTESIAN_POINT('Ctrl Pts',(0.13669103016321,-6.81498226742157,-24.7975167904484));
#2692=CARTESIAN_POINT('Ctrl Pts',(0.187277811591766,-6.8144249343664,-24.7978394732554));
#2693=CARTESIAN_POINT('Ctrl Pts',(0.237830709259539,-6.81760073002384,-24.79832315699));
#2694=CARTESIAN_POINT('Ctrl Pts',(0.26305420929198,-6.82140441195597,-24.7983743653407));
#2695=CARTESIAN_POINT('Ctrl Pts',(0.313413128113096,-6.83254941171879,-24.7980693148825));
#2696=CARTESIAN_POINT('Ctrl Pts',(0.363674315366023,-6.84756623182413,-24.7973310679128));
#2697=CARTESIAN_POINT('Ctrl Pts',(0.388797407508781,-6.85531035398424,-24.7969306627881));
#2698=CARTESIAN_POINT('Ctrl Pts',(0.413928136293276,-6.86258337638892,-24.7965831104158));
#2699=CARTESIAN_POINT('Ctrl Pts',(0.43907023899731,-6.86918148512135,-24.7963082551931));
#2700=CARTESIAN_POINT('Ctrl Pts',(0.434999987483025,14.0126209054779,-1.1428400129078));
#2701=CARTESIAN_POINT('Ctrl Pts',(0.101667220393817,14.0126209054779,-1.1428400129078));
#2702=CARTESIAN_POINT('Ctrl Pts',(-0.231665546695391,14.0126209054779,-1.1428400129078));
#2703=CARTESIAN_POINT('Ctrl Pts',(-0.564998313784599,14.0126209054779,-1.1428400129078));
#2704=CARTESIAN_POINT('Ctrl Pts',(0.434999987483033,13.9815155764518,-1.22303388686801));
#2705=CARTESIAN_POINT('Ctrl Pts',(0.101667220393822,13.9815155764518,-1.22303388686801));
#2706=CARTESIAN_POINT('Ctrl Pts',(-0.231665546695388,13.9815155764518,-1.22303388686802));
#2707=CARTESIAN_POINT('Ctrl Pts',(-0.564998313784599,13.9815155764518,-1.22303388686802));
#2708=CARTESIAN_POINT('Ctrl Pts',(0.434999987483025,13.7777785544686,-1.563941557352));
#2709=CARTESIAN_POINT('Ctrl Pts',(0.10166722039382,13.7777785544686,-1.56394155735201));
#2710=CARTESIAN_POINT('Ctrl Pts',(-0.231665546695385,13.7777785544686,-1.563941557352));
#2711=CARTESIAN_POINT('Ctrl Pts',(-0.56499831378459,13.7777785544686,-1.56394155735201));
#2712=CARTESIAN_POINT('Ctrl Pts',(0.434999987483043,13.4084580235718,-2.16853407973724));
#2713=CARTESIAN_POINT('Ctrl Pts',(0.101667220393826,13.4084580235718,-2.16853407973724));
#2714=CARTESIAN_POINT('Ctrl Pts',(-0.231665546695391,13.4084580235718,-2.16853407973724));
#2715=CARTESIAN_POINT('Ctrl Pts',(-0.564998313784608,13.4084580235718,-2.16853407973724));
#2716=CARTESIAN_POINT('Ctrl Pts',(0.434999987483016,13.008826062887,-3.01444053462847));
#2717=CARTESIAN_POINT('Ctrl Pts',(0.101667220393811,13.008826062887,-3.01444053462846));
#2718=CARTESIAN_POINT('Ctrl Pts',(-0.231665546695394,13.008826062887,-3.01444053462846));
#2719=CARTESIAN_POINT('Ctrl Pts',(-0.564998313784599,13.008826062887,-3.01444053462846));
#2720=CARTESIAN_POINT('Ctrl Pts',(0.434999987483034,12.6734888541787,-3.88685112180033));
#2721=CARTESIAN_POINT('Ctrl Pts',(0.10166722039382,12.6734888541787,-3.88685112180033));
#2722=CARTESIAN_POINT('Ctrl Pts',(-0.231665546695395,12.6734888541787,-3.88685112180033));
#2723=CARTESIAN_POINT('Ctrl Pts',(-0.564998313784609,12.6734888541787,-3.88685112180033));
#2724=CARTESIAN_POINT('Ctrl Pts',(0.434999987483033,12.4115605951413,-4.78443366753949));
#2725=CARTESIAN_POINT('Ctrl Pts',(0.101667220393822,12.4115605951413,-4.7844336675395));
#2726=CARTESIAN_POINT('Ctrl Pts',(-0.231665546695388,12.4115605951413,-4.7844336675395));
#2727=CARTESIAN_POINT('Ctrl Pts',(-0.564998313784599,12.4115605951413,-4.78443366753951));
#2728=CARTESIAN_POINT('Ctrl Pts',(0.434999987483025,12.2229244325496,-5.70008596040441));
#2729=CARTESIAN_POINT('Ctrl Pts',(0.10166722039382,12.2229244325496,-5.70008596040441));
#2730=CARTESIAN_POINT('Ctrl Pts',(-0.231665546695385,12.2229244325495,-5.7000859604044));
#2731=CARTESIAN_POINT('Ctrl Pts',(-0.56499831378459,12.2229244325495,-5.7000859604044));
#2732=CARTESIAN_POINT('Ctrl Pts',(0.434999987483024,12.1093124571444,-6.62808476619974));
#2733=CARTESIAN_POINT('Ctrl Pts',(0.101667220393819,12.1093124571445,-6.62808476619974));
#2734=CARTESIAN_POINT('Ctrl Pts',(-0.231665546695385,12.1093124571444,-6.62808476619974));
#2735=CARTESIAN_POINT('Ctrl Pts',(-0.564998313784591,12.1093124571444,-6.62808476619975));
#2736=CARTESIAN_POINT('Ctrl Pts',(0.434999987483043,12.0713437350617,-7.5622266425577));
#2737=CARTESIAN_POINT('Ctrl Pts',(0.101667220393829,12.0713437350617,-7.5622266425577));
#2738=CARTESIAN_POINT('Ctrl Pts',(-0.231665546695385,12.0713437350617,-7.56222664255771));
#2739=CARTESIAN_POINT('Ctrl Pts',(-0.564998313784599,12.0713437350617,-7.56222664255772));
#2740=CARTESIAN_POINT('Ctrl Pts',(0.434999987483007,12.1093122410946,-8.49637026209));
#2741=CARTESIAN_POINT('Ctrl Pts',(0.101667220393802,12.1093122410946,-8.49637026209));
#2742=CARTESIAN_POINT('Ctrl Pts',(-0.231665546695403,12.1093122410946,-8.49637026208999));
#2743=CARTESIAN_POINT('Ctrl Pts',(-0.564998313784608,12.1093122410946,-8.49637026208999));
#2744=CARTESIAN_POINT('Ctrl Pts',(0.434999987483033,12.2229256990453,-9.42436754107991));
#2745=CARTESIAN_POINT('Ctrl Pts',(0.101667220393825,12.2229256990453,-9.42436754107991));
#2746=CARTESIAN_POINT('Ctrl Pts',(-0.231665546695382,12.2229256990453,-9.42436754107992));
#2747=CARTESIAN_POINT('Ctrl Pts',(-0.564998313784591,12.2229256990453,-9.42436754107991));
#2748=CARTESIAN_POINT('Ctrl Pts',(0.434999987483007,12.4115533669659,-10.3400258782806));
#2749=CARTESIAN_POINT('Ctrl Pts',(0.101667220393805,12.4115533669659,-10.3400258782806));
#2750=CARTESIAN_POINT('Ctrl Pts',(-0.231665546695397,12.4115533669659,-10.3400258782806));
#2751=CARTESIAN_POINT('Ctrl Pts',(-0.564998313784599,12.4115533669659,-10.3400258782806));
#2752=CARTESIAN_POINT('Ctrl Pts',(0.434999987483033,12.6735183848613,-11.2375849034088));
#2753=CARTESIAN_POINT('Ctrl Pts',(0.10166722039382,12.6735183848613,-11.2375849034088));
#2754=CARTESIAN_POINT('Ctrl Pts',(-0.231665546695395,12.6735183848613,-11.2375849034088));
#2755=CARTESIAN_POINT('Ctrl Pts',(-0.564998313784609,12.6735183848613,-11.2375849034088));
#2756=CARTESIAN_POINT('Ctrl Pts',(0.434999987483016,13.0087174876305,-12.1100838057077));
#2757=CARTESIAN_POINT('Ctrl Pts',(0.101667220393814,13.0087174876305,-12.1100838057077));
#2758=CARTESIAN_POINT('Ctrl Pts',(-0.231665546695389,13.0087174876305,-12.1100838057077));
#2759=CARTESIAN_POINT('Ctrl Pts',(-0.564998313784591,13.0087174876305,-12.1100838057077));
#2760=CARTESIAN_POINT('Ctrl Pts',(0.434999987483025,13.4088584824698,-12.9556656478204));
#2761=CARTESIAN_POINT('Ctrl Pts',(0.101667220393821,13.4088584824698,-12.9556656478204));
#2762=CARTESIAN_POINT('Ctrl Pts',(-0.231665546695387,13.4088584824698,-12.9556656478204));
#2763=CARTESIAN_POINT('Ctrl Pts',(-0.564998313784591,13.4088584824698,-12.9556656478204));
#2764=CARTESIAN_POINT('Ctrl Pts',(0.434999987483044,13.7545206626203,-13.5245983098783));
#2765=CARTESIAN_POINT('Ctrl Pts',(0.101667220393818,13.7545206626203,-13.5245983098783));
#2766=CARTESIAN_POINT('Ctrl Pts',(-0.23166554669541,13.7545206626203,-13.5245983098783));
#2767=CARTESIAN_POINT('Ctrl Pts',(-0.564998313784636,13.7545206626203,-13.5245983098783));
#2768=CARTESIAN_POINT('Ctrl Pts',(0.434999987483017,13.95996727402,-13.8644108073912));
#2769=CARTESIAN_POINT('Ctrl Pts',(0.101667220393815,13.95996727402,-13.8644108073912));
#2770=CARTESIAN_POINT('Ctrl Pts',(-0.23166554669539,13.9599672740201,-13.8644108073913));
#2771=CARTESIAN_POINT('Ctrl Pts',(-0.564998313784592,13.9599672740201,-13.8644108073913));
#2772=CARTESIAN_POINT('Ctrl Pts',(0.434999987483026,14.0142002026874,-13.9809749839299));
#2773=CARTESIAN_POINT('Ctrl Pts',(0.101667220393815,14.0142002026874,-13.98097498393));
#2774=CARTESIAN_POINT('Ctrl Pts',(-0.231665546695398,14.0142002026874,-13.98097498393));
#2775=CARTESIAN_POINT('Ctrl Pts',(-0.564998313784609,14.0142002026874,-13.98097498393));
#2776=CARTESIAN_POINT('Ctrl Pts',(0.434999987483027,14.0589581137592,-14.1013716217452));
#2777=CARTESIAN_POINT('Ctrl Pts',(0.101667220393819,14.0589581137592,-14.1013716217452));
#2778=CARTESIAN_POINT('Ctrl Pts',(-0.231665546695393,14.0589581137592,-14.1013716217452));
#2779=CARTESIAN_POINT('Ctrl Pts',(-0.564998313784601,14.0589581137592,-14.1013716217452));
#2780=CARTESIAN_POINT('Ctrl Pts',(0.434999987483026,14.0930793596183,-14.22525336058));
#2781=CARTESIAN_POINT('Ctrl Pts',(0.101667220393815,14.0930793596183,-14.22525336058));
#2782=CARTESIAN_POINT('Ctrl Pts',(-0.231665546695399,14.0930793596183,-14.2252533605801));
#2783=CARTESIAN_POINT('Ctrl Pts',(-0.56499831378461,14.0930793596183,-14.2252533605801));
#2784=CARTESIAN_POINT('Ctrl Pts',(0.434999987483027,14.1165357474998,-14.3515709501432));
#2785=CARTESIAN_POINT('Ctrl Pts',(0.101667220393822,14.1165357474998,-14.3515709501432));
#2786=CARTESIAN_POINT('Ctrl Pts',(-0.231665546695387,14.1165357474998,-14.3515709501432));
#2787=CARTESIAN_POINT('Ctrl Pts',(-0.564998313784592,14.1165357474998,-14.3515709501432));
#2788=CARTESIAN_POINT('Ctrl Pts',(0.434999987483035,14.1290975142208,-14.4794388724492));
#2789=CARTESIAN_POINT('Ctrl Pts',(0.101667220393824,14.1290975142208,-14.4794388724492));
#2790=CARTESIAN_POINT('Ctrl Pts',(-0.231665546695391,14.1290975142208,-14.4794388724492));
#2791=CARTESIAN_POINT('Ctrl Pts',(-0.564998313784602,14.1290975142208,-14.4794388724492));
#2792=CARTESIAN_POINT('Ctrl Pts',(0.434999987483036,14.1306856956414,-14.6079110591967));
#2793=CARTESIAN_POINT('Ctrl Pts',(0.101667220393831,14.1306856956414,-14.6079110591967));
#2794=CARTESIAN_POINT('Ctrl Pts',(-0.231665546695379,14.1306856956414,-14.6079110591967));
#2795=CARTESIAN_POINT('Ctrl Pts',(-0.564998313784584,14.1306856956414,-14.6079110591967));
#2796=CARTESIAN_POINT('Ctrl Pts',(0.434999987483018,14.1212874200307,-14.7360490837726));
#2797=CARTESIAN_POINT('Ctrl Pts',(0.101667220393807,14.1212874200307,-14.7360490837726));
#2798=CARTESIAN_POINT('Ctrl Pts',(-0.231665546695409,14.1212874200307,-14.7360490837726));
#2799=CARTESIAN_POINT('Ctrl Pts',(-0.56499831378462,14.1212874200307,-14.7360490837726));
#2800=CARTESIAN_POINT('Ctrl Pts',(0.434999987483026,14.1009719605413,-14.8629145276172));
#2801=CARTESIAN_POINT('Ctrl Pts',(0.101667220393822,14.1009719605413,-14.8629145276171));
#2802=CARTESIAN_POINT('Ctrl Pts',(-0.231665546695388,14.1009719605413,-14.8629145276172));
#2803=CARTESIAN_POINT('Ctrl Pts',(-0.564998313784593,14.1009719605413,-14.8629145276172));
#2804=CARTESIAN_POINT('Ctrl Pts',(0.434999987483027,14.0698871699519,-14.9875796060514));
#2805=CARTESIAN_POINT('Ctrl Pts',(0.101667220393822,14.0698871699519,-14.9875796060514));
#2806=CARTESIAN_POINT('Ctrl Pts',(-0.231665546695388,14.0698871699519,-14.9875796060514));
#2807=CARTESIAN_POINT('Ctrl Pts',(-0.564998313784593,14.0698871699519,-14.9875796060514));
#2808=CARTESIAN_POINT('Ctrl Pts',(0.434999987483026,14.0282611793828,-15.1091315901583));
#2809=CARTESIAN_POINT('Ctrl Pts',(0.101667220393818,14.0282611793828,-15.1091315901583));
#2810=CARTESIAN_POINT('Ctrl Pts',(-0.231665546695394,14.0282611793827,-15.1091315901584));
#2811=CARTESIAN_POINT('Ctrl Pts',(-0.564998313784602,14.0282611793827,-15.1091315901584));
#2812=CARTESIAN_POINT('Ctrl Pts',(0.434999987483036,13.9763968481647,-15.226680440116));
#2813=CARTESIAN_POINT('Ctrl Pts',(0.101667220393822,13.9763968481647,-15.226680440116));
#2814=CARTESIAN_POINT('Ctrl Pts',(-0.231665546695398,13.9763968481648,-15.226680440116));
#2815=CARTESIAN_POINT('Ctrl Pts',(-0.564998313784612,13.9763968481648,-15.226680440116));
#2816=CARTESIAN_POINT('Ctrl Pts',(0.434999987483017,13.9146762229922,-15.3393663592944));
#2817=CARTESIAN_POINT('Ctrl Pts',(0.101667220393818,13.9146762229922,-15.3393663592944));
#2818=CARTESIAN_POINT('Ctrl Pts',(-0.231665546695385,13.9146762229921,-15.3393663592944));
#2819=CARTESIAN_POINT('Ctrl Pts',(-0.564998313784584,13.9146762229921,-15.3393663592944));
#2820=CARTESIAN_POINT('Ctrl Pts',(0.434999987483018,13.8435512805632,-15.4463658046727));
#2821=CARTESIAN_POINT('Ctrl Pts',(0.101667220393807,13.8435512805632,-15.4463658046727));
#2822=CARTESIAN_POINT('Ctrl Pts',(-0.23166554669541,13.8435512805632,-15.4463658046728));
#2823=CARTESIAN_POINT('Ctrl Pts',(-0.56499831378462,13.8435512805632,-15.4463658046728));
#2824=CARTESIAN_POINT('Ctrl Pts',(0.434999987483026,13.7635386526416,-15.5468924043042));
#2825=CARTESIAN_POINT('Ctrl Pts',(0.101667220393818,13.7635386526416,-15.5468924043042));
#2826=CARTESIAN_POINT('Ctrl Pts',(-0.231665546695394,13.7635386526416,-15.5468924043043));
#2827=CARTESIAN_POINT('Ctrl Pts',(-0.564998313784602,13.7635386526416,-15.5468924043043));
#2828=CARTESIAN_POINT('Ctrl Pts',(0.434999987483017,13.6752281505152,-15.6402133389809));
#2829=CARTESIAN_POINT('Ctrl Pts',(0.101667220393818,13.6752281505152,-15.6402133389809));
#2830=CARTESIAN_POINT('Ctrl Pts',(-0.231665546695384,13.6752281505152,-15.6402133389809));
#2831=CARTESIAN_POINT('Ctrl Pts',(-0.564998313784584,13.6752281505152,-15.6402133389809));
#2832=CARTESIAN_POINT('Ctrl Pts',(0.434999987483043,13.579264376608,-15.7256453925232));
#2833=CARTESIAN_POINT('Ctrl Pts',(0.10166722039383,13.579264376608,-15.7256453925232));
#2834=CARTESIAN_POINT('Ctrl Pts',(-0.231665546695388,13.579264376608,-15.7256453925232));
#2835=CARTESIAN_POINT('Ctrl Pts',(-0.564998313784602,13.579264376608,-15.7256453925232));
#2836=CARTESIAN_POINT('Ctrl Pts',(0.434999987483008,13.4763490036064,-15.8025615191532));
#2837=CARTESIAN_POINT('Ctrl Pts',(0.1016672203938,13.4763490036064,-15.8025615191532));
#2838=CARTESIAN_POINT('Ctrl Pts',(-0.231665546695411,13.4763490036064,-15.8025615191532));
#2839=CARTESIAN_POINT('Ctrl Pts',(-0.564998313784619,13.4763490036064,-15.8025615191532));
#2840=CARTESIAN_POINT('Ctrl Pts',(0.434999987483035,13.3672368269054,-15.8704004322178));
#2841=CARTESIAN_POINT('Ctrl Pts',(0.10166722039383,13.3672368269054,-15.8704004322178));
#2842=CARTESIAN_POINT('Ctrl Pts',(-0.231665546695379,13.3672368269054,-15.8704004322178));
#2843=CARTESIAN_POINT('Ctrl Pts',(-0.564998313784584,13.3672368269054,-15.8704004322178));
#2844=CARTESIAN_POINT('Ctrl Pts',(0.434999987483026,13.2527250127094,-15.9286644687807));
#2845=CARTESIAN_POINT('Ctrl Pts',(0.101667220393815,13.2527250127094,-15.9286644687807));
#2846=CARTESIAN_POINT('Ctrl Pts',(-0.2316655466954,13.2527250127093,-15.9286644687807));
#2847=CARTESIAN_POINT('Ctrl Pts',(-0.564998313784611,13.2527250127093,-15.9286644687807));
#2848=CARTESIAN_POINT('Ctrl Pts',(0.434999987483035,13.1336527725139,-15.976925745047));
#2849=CARTESIAN_POINT('Ctrl Pts',(0.101667220393824,13.1336527725139,-15.976925745047));
#2850=CARTESIAN_POINT('Ctrl Pts',(-0.231665546695391,13.1336527725139,-15.976925745047));
#2851=CARTESIAN_POINT('Ctrl Pts',(-0.564998313784601,13.1336527725139,-15.976925745047));
#2852=CARTESIAN_POINT('Ctrl Pts',(0.434999987483035,13.0108911765119,-16.0148479947707));
#2853=CARTESIAN_POINT('Ctrl Pts',(0.101667220393824,13.0108911765119,-16.0148479947707));
#2854=CARTESIAN_POINT('Ctrl Pts',(-0.23166554669539,13.0108911765118,-16.0148479947707));
#2855=CARTESIAN_POINT('Ctrl Pts',(-0.564998313784601,13.0108911765118,-16.0148479947707));
#2856=CARTESIAN_POINT('Ctrl Pts',(0.434999987483017,12.8853369254032,-16.0420804771543));
#2857=CARTESIAN_POINT('Ctrl Pts',(0.101667220393811,12.8853369254032,-16.0420804771543));
#2858=CARTESIAN_POINT('Ctrl Pts',(-0.231665546695396,12.8853369254032,-16.0420804771542));
#2859=CARTESIAN_POINT('Ctrl Pts',(-0.564998313784601,12.8853369254032,-16.0420804771542));
#2860=CARTESIAN_POINT('Ctrl Pts',(0.434999987483035,12.7579175034609,-16.0586976764158));
#2861=CARTESIAN_POINT('Ctrl Pts',(0.101667220393824,12.7579175034609,-16.0586976764158));
#2862=CARTESIAN_POINT('Ctrl Pts',(-0.23166554669539,12.7579175034609,-16.0586976764157));
#2863=CARTESIAN_POINT('Ctrl Pts',(-0.564998313784601,12.7579175034609,-16.0586976764157));
#2864=CARTESIAN_POINT('Ctrl Pts',(0.434999987483008,12.657138051679,-16.062511955287));
#2865=CARTESIAN_POINT('Ctrl Pts',(0.101667220393802,12.657138051679,-16.062511955287));
#2866=CARTESIAN_POINT('Ctrl Pts',(-0.231665546695404,12.657138051679,-16.062511955287));
#2867=CARTESIAN_POINT('Ctrl Pts',(-0.56499831378461,12.657138051679,-16.062511955287));
#2868=CARTESIAN_POINT('Ctrl Pts',(0.434999987483097,12.3785776387918,-16.0613281235119));
#2869=CARTESIAN_POINT('Ctrl Pts',(0.101667220393874,12.3785776387918,-16.0613281235119));
#2870=CARTESIAN_POINT('Ctrl Pts',(-0.231665546695359,12.3785776387918,-16.0613281235119));
#2871=CARTESIAN_POINT('Ctrl Pts',(-0.564998313784583,12.3785776387918,-16.0613281235119));
#2872=CARTESIAN_POINT('Ctrl Pts',(0.434999987482998,12.1003235161111,-16.0675635800881));
#2873=CARTESIAN_POINT('Ctrl Pts',(0.1016672203938,12.1003235161111,-16.0675635800881));
#2874=CARTESIAN_POINT('Ctrl Pts',(-0.231665546695394,12.1003235161111,-16.0675635800881));
#2875=CARTESIAN_POINT('Ctrl Pts',(-0.564998313784592,12.1003235161111,-16.0675635800881));
#2876=CARTESIAN_POINT('Ctrl Pts',(0.434999987483035,11.7945801081393,-16.0590001040365));
#2877=CARTESIAN_POINT('Ctrl Pts',(0.101667220393824,11.7945801081393,-16.0590001040365));
#2878=CARTESIAN_POINT('Ctrl Pts',(-0.23166554669539,11.7945801081393,-16.0590001040366));
#2879=CARTESIAN_POINT('Ctrl Pts',(-0.564998313784601,11.7945801081393,-16.0590001040366));
#2880=CARTESIAN_POINT('Ctrl Pts',(0.434999987483007,11.6679256015906,-16.0422562275244));
#2881=CARTESIAN_POINT('Ctrl Pts',(0.101667220393799,11.6679256015906,-16.0422562275244));
#2882=CARTESIAN_POINT('Ctrl Pts',(-0.23166554669541,11.6679256015906,-16.0422562275245));
#2883=CARTESIAN_POINT('Ctrl Pts',(-0.564998313784619,11.6679256015906,-16.0422562275245));
#2884=CARTESIAN_POINT('Ctrl Pts',(0.434999987483035,11.5431077117219,-16.0154412246696));
#2885=CARTESIAN_POINT('Ctrl Pts',(0.101667220393827,11.5431077117219,-16.0154412246696));
#2886=CARTESIAN_POINT('Ctrl Pts',(-0.231665546695385,11.5431077117219,-16.0154412246697));
#2887=CARTESIAN_POINT('Ctrl Pts',(-0.564998313784593,11.5431077117219,-16.0154412246697));
#2888=CARTESIAN_POINT('Ctrl Pts',(0.434999987483017,11.4210304682172,-15.9779533211505));
#2889=CARTESIAN_POINT('Ctrl Pts',(0.101667220393814,11.4210304682172,-15.9779533211505));
#2890=CARTESIAN_POINT('Ctrl Pts',(-0.23166554669539,11.4210304682173,-15.9779533211506));
#2891=CARTESIAN_POINT('Ctrl Pts',(-0.564998313784592,11.4210304682173,-15.9779533211506));
#2892=CARTESIAN_POINT('Ctrl Pts',(0.434999987483026,11.3025756367925,-15.9302755441001));
#2893=CARTESIAN_POINT('Ctrl Pts',(0.101667220393818,11.3025756367925,-15.9302755441001));
#2894=CARTESIAN_POINT('Ctrl Pts',(-0.231665546695393,11.3025756367925,-15.9302755441001));
#2895=CARTESIAN_POINT('Ctrl Pts',(-0.564998313784601,11.3025756367925,-15.9302755441001));
#2896=CARTESIAN_POINT('Ctrl Pts',(0.434999987483017,11.1885998759939,-15.8726949459612));
#2897=CARTESIAN_POINT('Ctrl Pts',(0.101667220393815,11.1885998759939,-15.8726949459612));
#2898=CARTESIAN_POINT('Ctrl Pts',(-0.231665546695389,11.188599875994,-15.8726949459612));
#2899=CARTESIAN_POINT('Ctrl Pts',(-0.564998313784592,11.188599875994,-15.8726949459612));
#2900=CARTESIAN_POINT('Ctrl Pts',(0.434999987483035,11.079929124627,-15.8056407576974));
#2901=CARTESIAN_POINT('Ctrl Pts',(0.101667220393821,11.079929124627,-15.8056407576974));
#2902=CARTESIAN_POINT('Ctrl Pts',(-0.231665546695396,11.079929124627,-15.8056407576975));
#2903=CARTESIAN_POINT('Ctrl Pts',(-0.564998313784609,11.079929124627,-15.8056407576975));
#2904=CARTESIAN_POINT('Ctrl Pts',(0.434999987483025,10.9773449255102,-15.7296003919809));
#2905=CARTESIAN_POINT('Ctrl Pts',(0.101667220393823,10.9773449255102,-15.7296003919809));
#2906=CARTESIAN_POINT('Ctrl Pts',(-0.23166554669538,10.9773449255102,-15.7296003919809));
#2907=CARTESIAN_POINT('Ctrl Pts',(-0.564998313784582,10.9773449255102,-15.7296003919809));
#2908=CARTESIAN_POINT('Ctrl Pts',(0.434999987483035,10.8815933484366,-15.6451182242978));
#2909=CARTESIAN_POINT('Ctrl Pts',(0.101667220393821,10.8815933484366,-15.6451182242978));
#2910=CARTESIAN_POINT('Ctrl Pts',(-0.231665546695396,10.8815933484367,-15.6451182242978));
#2911=CARTESIAN_POINT('Ctrl Pts',(-0.56499831378461,10.8815933484366,-15.6451182242978));
#2912=CARTESIAN_POINT('Ctrl Pts',(0.434999987483034,10.7933634950735,-15.5528083329385));
#2913=CARTESIAN_POINT('Ctrl Pts',(0.101667220393826,10.7933634950735,-15.5528083329385));
#2914=CARTESIAN_POINT('Ctrl Pts',(-0.231665546695383,10.7933634950735,-15.5528083329386));
#2915=CARTESIAN_POINT('Ctrl Pts',(-0.564998313784591,10.7933634950735,-15.5528083329386));
#2916=CARTESIAN_POINT('Ctrl Pts',(0.434999987483025,10.686604261567,-15.4201796777369));
#2917=CARTESIAN_POINT('Ctrl Pts',(0.101667220393818,10.686604261567,-15.4201796777369));
#2918=CARTESIAN_POINT('Ctrl Pts',(-0.231665546695393,10.686604261567,-15.4201796777369));
#2919=CARTESIAN_POINT('Ctrl Pts',(-0.564998313784601,10.686604261567,-15.4201796777369));
#2920=CARTESIAN_POINT('Ctrl Pts',(0.434999987483016,10.6196457975422,-15.3110439351123));
#2921=CARTESIAN_POINT('Ctrl Pts',(0.101667220393807,10.6196457975422,-15.3110439351123));
#2922=CARTESIAN_POINT('Ctrl Pts',(-0.2316655466954,10.6196457975422,-15.3110439351123));
#2923=CARTESIAN_POINT('Ctrl Pts',(-0.564998313784608,10.6196457975422,-15.3110439351123));
#2924=CARTESIAN_POINT('Ctrl Pts',(0.434999987483024,10.5815074686597,-15.2350208908318));
#2925=CARTESIAN_POINT('Ctrl Pts',(0.101667220393817,10.5815074686597,-15.2350208908318));
#2926=CARTESIAN_POINT('Ctrl Pts',(-0.231665546695391,10.5815074686597,-15.2350208908318));
#2927=CARTESIAN_POINT('Ctrl Pts',(-0.564998313784599,10.5815074686597,-15.2350208908318));
#2928=CARTESIAN_POINT('Ctrl Pts',(0.434999987483025,-1.19078147218719,-32.1790912374852));
#2929=CARTESIAN_POINT('Ctrl Pts',(0.101667220393817,-1.19078147218719,-32.1790912374852));
#2930=CARTESIAN_POINT('Ctrl Pts',(-0.231665546695391,-1.19078147218719,
-32.1790912374852));
#2931=CARTESIAN_POINT('Ctrl Pts',(-0.564998313784599,-1.19078147218719,
-32.1790912374852));
#2932=CARTESIAN_POINT('Ctrl Pts',(0.434999987483025,-1.79579886587412,-32.328307552464));
#2933=CARTESIAN_POINT('Ctrl Pts',(0.101667220393822,-1.79579886587413,-32.328307552464));
#2934=CARTESIAN_POINT('Ctrl Pts',(-0.231665546695379,-1.79579886587412,
-32.3283075524639));
#2935=CARTESIAN_POINT('Ctrl Pts',(-0.564998313784582,-1.79579886587413,
-32.3283075524639));
#2936=CARTESIAN_POINT('Ctrl Pts',(0.434999987483025,-2.68204988926453,-32.6305657429141));
#2937=CARTESIAN_POINT('Ctrl Pts',(0.101667220393821,-2.68204988926453,-32.6305657429141));
#2938=CARTESIAN_POINT('Ctrl Pts',(-0.231665546695385,-2.68204988926453,
-32.630565742914));
#2939=CARTESIAN_POINT('Ctrl Pts',(-0.56499831378459,-2.68204988926453,-32.630565742914));
#2940=CARTESIAN_POINT('Ctrl Pts',(0.434999987483007,-3.80942740638135,-33.1641905644464));
#2941=CARTESIAN_POINT('Ctrl Pts',(0.101667220393804,-3.80942740638135,-33.1641905644464));
#2942=CARTESIAN_POINT('Ctrl Pts',(-0.231665546695397,-3.80942740638136,
-33.1641905644464));
#2943=CARTESIAN_POINT('Ctrl Pts',(-0.564998313784599,-3.80942740638136,
-33.1641905644464));
#2944=CARTESIAN_POINT('Ctrl Pts',(0.434999987483025,-4.37837136245099,-33.5098356908595));
#2945=CARTESIAN_POINT('Ctrl Pts',(0.101667220393817,-4.37837136245099,-33.5098356908595));
#2946=CARTESIAN_POINT('Ctrl Pts',(-0.231665546695391,-4.37837136245099,
-33.5098356908594));
#2947=CARTESIAN_POINT('Ctrl Pts',(-0.564998313784598,-4.37837136245099,
-33.5098356908594));
#2948=CARTESIAN_POINT('Ctrl Pts',(0.434999987483024,-4.71818424951495,-33.7152821392687));
#2949=CARTESIAN_POINT('Ctrl Pts',(0.101667220393819,-4.71818424951495,-33.7152821392687));
#2950=CARTESIAN_POINT('Ctrl Pts',(-0.231665546695385,-4.71818424951495,
-33.7152821392687));
#2951=CARTESIAN_POINT('Ctrl Pts',(-0.564998313784591,-4.71818424951495,
-33.7152821392687));
#2952=CARTESIAN_POINT('Ctrl Pts',(0.434999987483042,-4.83474794741588,-33.7695149742345));
#2953=CARTESIAN_POINT('Ctrl Pts',(0.101667220393829,-4.83474794741588,-33.7695149742345));
#2954=CARTESIAN_POINT('Ctrl Pts',(-0.231665546695386,-4.83474794741588,
-33.7695149742345));
#2955=CARTESIAN_POINT('Ctrl Pts',(-0.564998313784599,-4.83474794741588,
-33.7695149742345));
#2956=CARTESIAN_POINT('Ctrl Pts',(0.434999987483015,-4.955144174903,-33.8142737124698));
#2957=CARTESIAN_POINT('Ctrl Pts',(0.101667220393811,-4.955144174903,-33.8142737124698));
#2958=CARTESIAN_POINT('Ctrl Pts',(-0.231665546695395,-4.955144174903,-33.8142737124698));
#2959=CARTESIAN_POINT('Ctrl Pts',(-0.5649983137846,-4.955144174903,-33.8142737124698));
#2960=CARTESIAN_POINT('Ctrl Pts',(0.434999987483042,-5.07902632139572,-33.8483940735714));
#2961=CARTESIAN_POINT('Ctrl Pts',(0.101667220393834,-5.07902632139572,-33.8483940735714));
#2962=CARTESIAN_POINT('Ctrl Pts',(-0.231665546695373,-5.07902632139572,
-33.8483940735714));
#2963=CARTESIAN_POINT('Ctrl Pts',(-0.564998313784582,-5.07902632139572,
-33.8483940735714));
#2964=CARTESIAN_POINT('Ctrl Pts',(0.434999987483015,-5.2053442371503,-33.8718511587013));
#2965=CARTESIAN_POINT('Ctrl Pts',(0.101667220393811,-5.2053442371503,-33.8718511587013));
#2966=CARTESIAN_POINT('Ctrl Pts',(-0.231665546695396,-5.20534423715031,
-33.8718511587013));
#2967=CARTESIAN_POINT('Ctrl Pts',(-0.5649983137846,-5.20534423715031,-33.8718511587013));
#2968=CARTESIAN_POINT('Ctrl Pts',(0.434999987483024,-5.33321229704607,-33.8844109455012));
#2969=CARTESIAN_POINT('Ctrl Pts',(0.101667220393816,-5.33321229704607,-33.8844109455012));
#2970=CARTESIAN_POINT('Ctrl Pts',(-0.231665546695392,-5.33321229704608,
-33.8844109455012));
#2971=CARTESIAN_POINT('Ctrl Pts',(-0.5649983137846,-5.33321229704608,-33.8844109455012));
#2972=CARTESIAN_POINT('Ctrl Pts',(0.434999987483033,-5.46168392542324,-33.8860011645126));
#2973=CARTESIAN_POINT('Ctrl Pts',(0.101667220393819,-5.46168392542324,-33.8860011645126));
#2974=CARTESIAN_POINT('Ctrl Pts',(-0.231665546695395,-5.46168392542325,
-33.8860011645126));
#2975=CARTESIAN_POINT('Ctrl Pts',(-0.564998313784609,-5.46168392542325,
-33.8860011645126));
#2976=CARTESIAN_POINT('Ctrl Pts',(0.434999987483016,-5.58982183414976,-33.8766023056956));
#2977=CARTESIAN_POINT('Ctrl Pts',(0.101667220393814,-5.58982183414976,-33.8766023056956));
#2978=CARTESIAN_POINT('Ctrl Pts',(-0.231665546695389,-5.58982183414975,
-33.8766023056956));
#2979=CARTESIAN_POINT('Ctrl Pts',(-0.564998313784591,-5.58982183414975,
-33.8766023056956));
#2980=CARTESIAN_POINT('Ctrl Pts',(0.434999987483025,-5.71668730714462,-33.8562867306451));
#2981=CARTESIAN_POINT('Ctrl Pts',(0.101667220393814,-5.71668730714462,-33.8562867306451));
#2982=CARTESIAN_POINT('Ctrl Pts',(-0.231665546695397,-5.71668730714462,
-33.8562867306451));
#2983=CARTESIAN_POINT('Ctrl Pts',(-0.564998313784609,-5.71668730714462,
-33.8562867306451));
#2984=CARTESIAN_POINT('Ctrl Pts',(0.434999987483033,-5.88290789075612,-33.8148421475632));
#2985=CARTESIAN_POINT('Ctrl Pts',(0.10166722039382,-5.88290789075612,-33.8148421475632));
#2986=CARTESIAN_POINT('Ctrl Pts',(-0.231665546695395,-5.88290789075612,
-33.8148421475632));
#2987=CARTESIAN_POINT('Ctrl Pts',(-0.564998313784608,-5.88290789075612,
-33.8148421475632));
#2988=CARTESIAN_POINT('Ctrl Pts',(0.434999987483007,-6.00290113353778,-33.7679391297461));
#2989=CARTESIAN_POINT('Ctrl Pts',(0.101667220393811,-6.00290113353778,-33.7679391297461));
#2990=CARTESIAN_POINT('Ctrl Pts',(-0.231665546695385,-6.00290113353778,
-33.7679391297461));
#2991=CARTESIAN_POINT('Ctrl Pts',(-0.564998313784582,-6.00290113353778,
-33.7679391297461));
#2992=CARTESIAN_POINT('Ctrl Pts',(0.434999987483025,-6.07964291230931,-33.7300692871211));
#2993=CARTESIAN_POINT('Ctrl Pts',(0.101667220393817,-6.07964291230931,-33.7300692871211));
#2994=CARTESIAN_POINT('Ctrl Pts',(-0.231665546695391,-6.07964291230931,
-33.7300692871211));
#2995=CARTESIAN_POINT('Ctrl Pts',(-0.564998313784599,-6.07964291230931,
-33.7300692871211));
#2996=UNCERTAINTY_MEASURE_WITH_UNIT(LENGTH_MEASURE(0.01),#3000,
'DISTANCE_ACCURACY_VALUE',
'Maximum model space distance between geometric entities at asserted c
onnectivities');
#2997=UNCERTAINTY_MEASURE_WITH_UNIT(LENGTH_MEASURE(0.01),#3000,
'DISTANCE_ACCURACY_VALUE',
'Maximum model space distance between geometric entities at asserted c
onnectivities');
#2998=(
GEOMETRIC_REPRESENTATION_CONTEXT(3)
GLOBAL_UNCERTAINTY_ASSIGNED_CONTEXT((#2996))
GLOBAL_UNIT_ASSIGNED_CONTEXT((#3000,#3002,#3003))
REPRESENTATION_CONTEXT('','3D')
);
#2999=(
GEOMETRIC_REPRESENTATION_CONTEXT(3)
GLOBAL_UNCERTAINTY_ASSIGNED_CONTEXT((#2997))
GLOBAL_UNIT_ASSIGNED_CONTEXT((#3000,#3002,#3003))
REPRESENTATION_CONTEXT('','3D')
);
#3000=(
LENGTH_UNIT()
NAMED_UNIT(*)
SI_UNIT(.MILLI.,.METRE.)
);
#3001=(
LENGTH_UNIT()
NAMED_UNIT(*)
SI_UNIT($,.METRE.)
);
#3002=(
NAMED_UNIT(*)
PLANE_ANGLE_UNIT()
SI_UNIT($,.RADIAN.)
);
#3003=(
NAMED_UNIT(*)
SI_UNIT($,.STERADIAN.)
SOLID_ANGLE_UNIT()
);
#3004=SHAPE_DEFINITION_REPRESENTATION(#3005,#3006);
#3005=PRODUCT_DEFINITION_SHAPE('',$,#3008);
#3006=SHAPE_REPRESENTATION('',(#787),#2998);
#3007=PRODUCT_DEFINITION_CONTEXT('part definition',#3012,'design');
#3008=PRODUCT_DEFINITION('2026-09-17-17-51-04-062',
'upper_leg_rigidity_plate',#3009,#3007);
#3009=PRODUCT_DEFINITION_FORMATION('',$,#3014);
#3010=PRODUCT_RELATED_PRODUCT_CATEGORY('upper_leg_rigidity_plate',
'upper_leg_rigidity_plate',(#3014));
#3011=APPLICATION_PROTOCOL_DEFINITION('international standard',
'automotive_design',2009,#3012);
#3012=APPLICATION_CONTEXT(
'Core Data for Automotive Mechanical Design Process');
#3013=PRODUCT_CONTEXT('part definition',#3012,'mechanical');
#3014=PRODUCT('2026-09-17-17-51-04-062','upper_leg_rigidity_plate',$,(#3013));
#3015=PRESENTATION_STYLE_ASSIGNMENT((#3016));
#3016=SURFACE_STYLE_USAGE(.BOTH.,#3017);
#3017=SURFACE_SIDE_STYLE('',(#3018));
#3018=SURFACE_STYLE_FILL_AREA(#3019);
#3019=FILL_AREA_STYLE('Steel - Satin',(#3020));
#3020=FILL_AREA_STYLE_COLOUR('Steel - Satin',#3021);
#3021=COLOUR_RGB('Steel - Satin',0.627450980392157,0.627450980392157,0.627450980392157);
ENDSEC;
END-ISO-10303-21;
