ISO-10303-21;
HEADER;
/* Generated by software containing ST-Developer
 * from STEP Tools, Inc. (www.steptools.com) 
 */

FILE_DESCRIPTION(
/* description */ (''),
/* implementation_level */ '2;1');

FILE_NAME(
/* name */ 'bottom_head_shell.step',
/* time_stamp */ '2026-09-13T20:33:37-06:00',
/* author */ (''),
/* organization */ (''),
/* preprocessor_version */ 'ST-DEVELOPER v20.2',
/* originating_system */ 'Autodesk Translation Framework v15.15.0.0',
/* authorisation */ '');

FILE_SCHEMA (('AUTOMOTIVE_DESIGN { 1 0 10303 214 3 1 1 }'));
ENDSEC;

DATA;
#10=MECHANICAL_DESIGN_GEOMETRIC_PRESENTATION_REPRESENTATION('',(#13),#12063);
#11=SHAPE_REPRESENTATION_RELATIONSHIP('SRR','None',#12069,#12);
#12=ADVANCED_BREP_SHAPE_REPRESENTATION('',(#14),#12062);
#13=STYLED_ITEM('',(#12081),#14);
#14=MANIFOLD_SOLID_BREP('Body78',#6073);
#15=(
BOUNDED_SURFACE()
B_SPLINE_SURFACE(1,2,((#11152,#11153,#11154),(#11155,#11156,#11157)),
 .UNSPECIFIED.,.F.,.F.,.F.)
B_SPLINE_SURFACE_WITH_KNOTS((2,2),(3,3),(0.0946205879059084,0.209351254291743),
(-0.439602264485714,0.428064899734372),.UNSPECIFIED.)
GEOMETRIC_REPRESENTATION_ITEM()
RATIONAL_B_SPLINE_SURFACE(((1.,0.907360965906851,1.),(1.,0.907360965906851,
1.)))
REPRESENTATION_ITEM('')
SURFACE()
);
#16=(
BOUNDED_SURFACE()
B_SPLINE_SURFACE(1,2,((#11201,#11202,#11203),(#11204,#11205,#11206)),
 .UNSPECIFIED.,.F.,.F.,.F.)
B_SPLINE_SURFACE_WITH_KNOTS((2,2),(3,3),(0.0946205879059093,0.209351254291747),
(-0.428064899734372,0.439602264485713),.UNSPECIFIED.)
GEOMETRIC_REPRESENTATION_ITEM()
RATIONAL_B_SPLINE_SURFACE(((1.,0.907360965906851,1.),(1.,0.907360965906851,
1.)))
REPRESENTATION_ITEM('')
SURFACE()
);
#17=(
BOUNDED_SURFACE()
B_SPLINE_SURFACE(1,2,((#11213,#11214,#11215),(#11216,#11217,#11218)),
 .UNSPECIFIED.,.F.,.F.,.F.)
B_SPLINE_SURFACE_WITH_KNOTS((2,2),(3,3),(1.22635386686598E-15,0.0312256645039608),
(-0.455370419727481,-0.451694789741802),.UNSPECIFIED.)
GEOMETRIC_REPRESENTATION_ITEM()
RATIONAL_B_SPLINE_SURFACE(((1.,0.999998311218501,1.),(1.,0.999998311218501,
1.)))
REPRESENTATION_ITEM('')
SURFACE()
);
#18=B_SPLINE_SURFACE_WITH_KNOTS('',3,3,((#8325,#8326,#8327,#8328,#8329,
#8330,#8331,#8332),(#8333,#8334,#8335,#8336,#8337,#8338,#8339,#8340),(#8341,
#8342,#8343,#8344,#8345,#8346,#8347,#8348),(#8349,#8350,#8351,#8352,#8353,
#8354,#8355,#8356),(#8357,#8358,#8359,#8360,#8361,#8362,#8363,#8364)),
 .UNSPECIFIED.,.F.,.F.,.F.,(4,1,4),(4,2,1,1,4),(0.,0.571428571428571,1.),
(-0.00056006701783235,0.,0.0511818654577322,0.0767727981865984,0.127954663644331),
 .UNSPECIFIED.);
#19=B_SPLINE_SURFACE_WITH_KNOTS('',3,3,((#8385,#8386,#8387,#8388),(#8389,
#8390,#8391,#8392),(#8393,#8394,#8395,#8396),(#8397,#8398,#8399,#8400),
(#8401,#8402,#8403,#8404)),.UNSPECIFIED.,.F.,.F.,.F.,(4,1,4),(4,4),(0.,
0.571428571428571,1.),(0.,0.0544132895016936),.UNSPECIFIED.);
#20=B_SPLINE_SURFACE_WITH_KNOTS('',3,3,((#8443,#8444,#8445,#8446),(#8447,
#8448,#8449,#8450),(#8451,#8452,#8453,#8454),(#8455,#8456,#8457,#8458),
(#8459,#8460,#8461,#8462)),.UNSPECIFIED.,.F.,.F.,.F.,(4,1,4),(4,4),(0.,
0.571428571428571,1.),(-1.5707963267949,-1.00424232387916),
 .UNSPECIFIED.);
#21=B_SPLINE_SURFACE_WITH_KNOTS('',3,3,((#8510,#8511,#8512,#8513),(#8514,
#8515,#8516,#8517),(#8518,#8519,#8520,#8521),(#8522,#8523,#8524,#8525),
(#8526,#8527,#8528,#8529)),.UNSPECIFIED.,.F.,.F.,.F.,(4,1,4),(4,4),(0.,
0.571428571428571,1.),(0.,0.0544132895006571),.UNSPECIFIED.);
#22=B_SPLINE_SURFACE_WITH_KNOTS('',3,3,((#8541,#8542,#8543,#8544,#8545,
#8546,#8547,#8548),(#8549,#8550,#8551,#8552,#8553,#8554,#8555,#8556),(#8557,
#8558,#8559,#8560,#8561,#8562,#8563,#8564),(#8565,#8566,#8567,#8568,#8569,
#8570,#8571,#8572),(#8573,#8574,#8575,#8576,#8577,#8578,#8579,#8580)),
 .UNSPECIFIED.,.F.,.F.,.F.,(4,1,4),(4,2,1,1,4),(0.,0.571428571428571,1.),
(-0.12851473066216,-0.127954663644289,-0.0767727981865732,-0.0511818654577154,
0.),.UNSPECIFIED.);
#23=B_SPLINE_SURFACE_WITH_KNOTS('',3,3,((#8598,#8599,#8600,#8601),(#8602,
#8603,#8604,#8605),(#8606,#8607,#8608,#8609),(#8610,#8611,#8612,#8613),
(#8614,#8615,#8616,#8617)),.UNSPECIFIED.,.F.,.F.,.F.,(4,1,4),(4,4),(0.,
0.571428571428571,1.),(-1.29553860340861,-1.00424232387916),
 .UNSPECIFIED.);
#24=B_SPLINE_SURFACE_WITH_KNOTS('',3,3,((#8631,#8632,#8633,#8634),(#8635,
#8636,#8637,#8638),(#8639,#8640,#8641,#8642),(#8643,#8644,#8645,#8646),
(#8647,#8648,#8649,#8650)),.UNSPECIFIED.,.F.,.F.,.F.,(4,1,4),(4,4),(0.,
0.428571428571429,1.),(-1.45004282839008,-1.40585187546311),
 .UNSPECIFIED.);
#25=B_SPLINE_SURFACE_WITH_KNOTS('',3,3,((#8804,#8805,#8806,#8807),(#8808,
#8809,#8810,#8811),(#8812,#8813,#8814,#8815),(#8816,#8817,#8818,#8819),
(#8820,#8821,#8822,#8823),(#8824,#8825,#8826,#8827),(#8828,#8829,#8830,
#8831)),.UNSPECIFIED.,.F.,.F.,.F.,(4,1,1,1,4),(4,4),(-1.02940277376757,
-0.819624512172638,-0.400067988982772,0.0194885342070945,0.439045057396961),
(-0.771513713982691,0.133075242926317),.UNSPECIFIED.);
#26=B_SPLINE_SURFACE_WITH_KNOTS('',3,3,((#9091,#9092,#9093,#9094,#9095,
#9096,#9097),(#9098,#9099,#9100,#9101,#9102,#9103,#9104),(#9105,#9106,#9107,
#9108,#9109,#9110,#9111),(#9112,#9113,#9114,#9115,#9116,#9117,#9118),(#9119,
#9120,#9121,#9122,#9123,#9124,#9125)),.UNSPECIFIED.,.F.,.F.,.F.,(4,1,4),
(4,1,1,1,4),(0.,0.571428571428571,1.),(1.01661940996793,2.06628516715694,
3.11595092434595,3.9032002422377,4.69044956012946),.UNSPECIFIED.);
#27=B_SPLINE_SURFACE_WITH_KNOTS('',3,3,((#9195,#9196,#9197,#9198,#9199,
#9200),(#9201,#9202,#9203,#9204,#9205,#9206),(#9207,#9208,#9209,#9210,#9211,
#9212),(#9213,#9214,#9215,#9216,#9217,#9218),(#9219,#9220,#9221,#9222,#9223,
#9224)),.UNSPECIFIED.,.F.,.F.,.F.,(4,1,4),(4,1,1,4),(0.,0.571428571428571,
1.),(-1.5707963267949,-0.943240774555304,-0.524870406395575,-0.106500038235847),
 .UNSPECIFIED.);
#28=B_SPLINE_SURFACE_WITH_KNOTS('',3,3,((#9267,#9268,#9269,#9270),(#9271,
#9272,#9273,#9274),(#9275,#9276,#9277,#9278),(#9279,#9280,#9281,#9282),
(#9283,#9284,#9285,#9286)),.UNSPECIFIED.,.F.,.F.,.F.,(4,1,4),(4,4),(0.,
0.571428571428571,1.),(1.16041537788218,1.5707963267949),.UNSPECIFIED.);
#29=B_SPLINE_SURFACE_WITH_KNOTS('',3,3,((#9839,#9840,#9841,#9842,#9843),
(#9844,#9845,#9846,#9847,#9848),(#9849,#9850,#9851,#9852,#9853),(#9854,
#9855,#9856,#9857,#9858),(#9859,#9860,#9861,#9862,#9863)),.UNSPECIFIED.,
 .F.,.F.,.F.,(4,1,4),(4,1,4),(0.,0.571428571428571,1.),(0.106500038235847,
0.51527181002013,0.821850638858343),.UNSPECIFIED.);
#30=B_SPLINE_SURFACE_WITH_KNOTS('',3,3,((#9904,#9905,#9906,#9907),(#9908,
#9909,#9910,#9911),(#9912,#9913,#9914,#9915),(#9916,#9917,#9918,#9919)),
 .UNSPECIFIED.,.F.,.F.,.F.,(4,4),(4,4),(0.0260306304086183,0.791197363280298),
(0.929964931769505,1.05923087241106),.UNSPECIFIED.);
#31=B_SPLINE_SURFACE_WITH_KNOTS('',3,3,((#9941,#9942,#9943,#9944,#9945,
#9946,#9947),(#9948,#9949,#9950,#9951,#9952,#9953,#9954),(#9955,#9956,#9957,
#9958,#9959,#9960,#9961),(#9962,#9963,#9964,#9965,#9966,#9967,#9968),(#9969,
#9970,#9971,#9972,#9973,#9974,#9975)),.UNSPECIFIED.,.F.,.F.,.F.,(4,1,4),
(4,1,1,1,4),(0.,0.571428571428571,1.),(0.,0.67006431833348,2.01019295500044,
3.3503215916674,4.69045022833436),.UNSPECIFIED.);
#32=B_SPLINE_SURFACE_WITH_KNOTS('',3,3,((#9983,#9984,#9985,#9986,#9987,
#9988,#9989,#9990,#9991,#9992),(#9993,#9994,#9995,#9996,#9997,#9998,#9999,
#10000,#10001,#10002),(#10003,#10004,#10005,#10006,#10007,#10008,#10009,
#10010,#10011,#10012),(#10013,#10014,#10015,#10016,#10017,#10018,#10019,
#10020,#10021,#10022),(#10023,#10024,#10025,#10026,#10027,#10028,#10029,
#10030,#10031,#10032)),.UNSPECIFIED.,.F.,.F.,.F.,(4,1,4),(4,1,1,1,1,1,1,
4),(0.,0.571428571428571,1.),(0.,0.670075923119802,1.3401518462396,2.01022776935941,
2.68030369247921,3.35037961559901,4.02045553871881,4.69053146183861),
 .UNSPECIFIED.);
#33=B_SPLINE_SURFACE_WITH_KNOTS('',3,3,((#10077,#10078,#10079,#10080),(#10081,
#10082,#10083,#10084),(#10085,#10086,#10087,#10088),(#10089,#10090,#10091,
#10092),(#10093,#10094,#10095,#10096)),.UNSPECIFIED.,.F.,.F.,.F.,(4,1,4),
(4,4),(0.,0.571428571428571,1.),(0.847107218411944,1.47646169810846),
 .UNSPECIFIED.);
#34=B_SPLINE_SURFACE_WITH_KNOTS('',3,3,((#10163,#10164,#10165,#10166),(#10167,
#10168,#10169,#10170),(#10171,#10172,#10173,#10174),(#10175,#10176,#10177,
#10178),(#10179,#10180,#10181,#10182)),.UNSPECIFIED.,.F.,.F.,.F.,(4,1,4),
(4,4),(0.,0.571428571428571,1.),(0.370168163278784,0.909312393543276),
 .UNSPECIFIED.);
#35=B_SPLINE_SURFACE_WITH_KNOTS('',3,3,((#10253,#10254,#10255,#10256,#10257),
(#10258,#10259,#10260,#10261,#10262),(#10263,#10264,#10265,#10266,#10267),
(#10268,#10269,#10270,#10271,#10272),(#10273,#10274,#10275,#10276,#10277),
(#10278,#10279,#10280,#10281,#10282)),.UNSPECIFIED.,.F.,.F.,.F.,(4,1,1,
4),(4,1,4),(0.,0.285714285714286,0.571428571428571,1.),(0.0872664625996949,
0.562747438089465,1.19672207207582),.UNSPECIFIED.);
#36=B_SPLINE_SURFACE_WITH_KNOTS('',3,3,((#10305,#10306,#10307,#10308),(#10309,
#10310,#10311,#10312),(#10313,#10314,#10315,#10316),(#10317,#10318,#10319,
#10320),(#10321,#10322,#10323,#10324)),.UNSPECIFIED.,.F.,.F.,.F.,(4,1,4),
(4,4),(0.,0.571428571428571,1.),(1.29553860340861,1.31699950495959),
 .UNSPECIFIED.);
#37=B_SPLINE_SURFACE_WITH_KNOTS('',3,3,((#10373,#10374,#10375,#10376,#10377,
#10378),(#10379,#10380,#10381,#10382,#10383,#10384),(#10385,#10386,#10387,
#10388,#10389,#10390),(#10391,#10392,#10393,#10394,#10395,#10396),(#10397,
#10398,#10399,#10400,#10401,#10402)),.UNSPECIFIED.,.F.,.F.,.F.,(4,1,4),
(4,1,1,4),(0.,0.571428571428571,1.),(0.106500038235847,0.663365111333247,
1.03460849339818,1.40585187546311),.UNSPECIFIED.);
#38=B_SPLINE_SURFACE_WITH_KNOTS('',3,3,((#10413,#10414,#10415,#10416,#10417),
(#10418,#10419,#10420,#10421,#10422),(#10423,#10424,#10425,#10426,#10427),
(#10428,#10429,#10430,#10431,#10432),(#10433,#10434,#10435,#10436,#10437),
(#10438,#10439,#10440,#10441,#10442)),.UNSPECIFIED.,.F.,.F.,.F.,(4,1,1,
4),(4,1,4),(0.,0.285714285714286,0.571428571428571,1.),(0.0872664625997155,
0.721241096586075,1.19672207207585),.UNSPECIFIED.);
#39=B_SPLINE_SURFACE_WITH_KNOTS('',3,3,((#10553,#10554,#10555,#10556,#10557,
#10558),(#10559,#10560,#10561,#10562,#10563,#10564),(#10565,#10566,#10567,
#10568,#10569,#10570),(#10571,#10572,#10573,#10574,#10575,#10576),(#10577,
#10578,#10579,#10580,#10581,#10582)),.UNSPECIFIED.,.F.,.F.,.F.,(4,1,4),
(4,1,1,4),(0.,0.571428571428571,1.),(0.106500038235847,0.524870406395575,
0.943240774555304,1.5707963267949),.UNSPECIFIED.);
#40=B_SPLINE_SURFACE_WITH_KNOTS('',3,3,((#10591,#10592,#10593,#10594),(#10595,
#10596,#10597,#10598),(#10599,#10600,#10601,#10602),(#10603,#10604,#10605,
#10606),(#10607,#10608,#10609,#10610)),.UNSPECIFIED.,.F.,.F.,.F.,(4,1,4),
(4,4),(0.,0.571428571428571,1.),(-1.5707963267949,-1.09527450534514),
 .UNSPECIFIED.);
#41=B_SPLINE_SURFACE_WITH_KNOTS('',3,3,((#10614,#10615,#10616,#10617),(#10618,
#10619,#10620,#10621),(#10622,#10623,#10624,#10625),(#10626,#10627,#10628,
#10629),(#10630,#10631,#10632,#10633),(#10634,#10635,#10636,#10637)),
 .UNSPECIFIED.,.F.,.F.,.F.,(4,1,1,4),(4,4),(0.,0.285714285714286,0.571428571428571,
1.),(0.,0.193332096083053),.UNSPECIFIED.);
#42=B_SPLINE_SURFACE_WITH_KNOTS('',3,3,((#10644,#10645,#10646,#10647,#10648,
#10649,#10650),(#10651,#10652,#10653,#10654,#10655,#10656,#10657),(#10658,
#10659,#10660,#10661,#10662,#10663,#10664),(#10665,#10666,#10667,#10668,
#10669,#10670,#10671),(#10672,#10673,#10674,#10675,#10676,#10677,#10678),
(#10679,#10680,#10681,#10682,#10683,#10684,#10685)),.UNSPECIFIED.,.F.,.F.,
 .F.,(4,1,1,4),(4,1,1,1,4),(0.,0.285714285714286,0.571428571428571,1.),
(2.40838592750399E-12,0.170182694653918,0.255274041979673,0.425456736631183,
0.595639431282692),.UNSPECIFIED.);
#43=B_SPLINE_SURFACE_WITH_KNOTS('',3,3,((#10710,#10711,#10712,#10713),(#10714,
#10715,#10716,#10717),(#10718,#10719,#10720,#10721),(#10722,#10723,#10724,
#10725),(#10726,#10727,#10728,#10729)),.UNSPECIFIED.,.F.,.F.,.F.,(4,1,4),
(4,4),(0.,0.571428571428571,1.),(-1.5707963267949,-1.09527450534514),
 .UNSPECIFIED.);
#44=B_SPLINE_SURFACE_WITH_KNOTS('',3,3,((#10735,#10736,#10737,#10738),(#10739,
#10740,#10741,#10742),(#10743,#10744,#10745,#10746),(#10747,#10748,#10749,
#10750),(#10751,#10752,#10753,#10754),(#10755,#10756,#10757,#10758)),
 .UNSPECIFIED.,.F.,.F.,.F.,(4,1,1,4),(4,4),(0.,0.285714285714286,0.571428571428571,
1.),(4.72506486771681E-16,0.193332096083052),.UNSPECIFIED.);
#45=B_SPLINE_SURFACE_WITH_KNOTS('',3,3,((#10770,#10771,#10772,#10773,#10774,
#10775,#10776),(#10777,#10778,#10779,#10780,#10781,#10782,#10783),(#10784,
#10785,#10786,#10787,#10788,#10789,#10790),(#10791,#10792,#10793,#10794,
#10795,#10796,#10797),(#10798,#10799,#10800,#10801,#10802,#10803,#10804),
(#10805,#10806,#10807,#10808,#10809,#10810,#10811)),.UNSPECIFIED.,.F.,.F.,
 .F.,(4,1,1,4),(4,1,1,1,4),(0.,0.285714285714286,0.571428571428571,1.),
(-0.267170615046473,-0.139533593584842,-0.0118965721232102,0.158286123158965,
0.32846881844114),.UNSPECIFIED.);
#46=B_SPLINE_SURFACE_WITH_KNOTS('',3,3,((#10842,#10843,#10844,#10845),(#10846,
#10847,#10848,#10849),(#10850,#10851,#10852,#10853),(#10854,#10855,#10856,
#10857),(#10858,#10859,#10860,#10861)),.UNSPECIFIED.,.F.,.F.,.F.,(4,1,4),
(4,4),(0.,0.571428571428571,1.),(0.0610148590685773,0.633365069005499),
 .UNSPECIFIED.);
#47=B_SPLINE_SURFACE_WITH_KNOTS('',3,3,((#10924,#10925,#10926,#10927),(#10928,
#10929,#10930,#10931),(#10932,#10933,#10934,#10935),(#10936,#10937,#10938,
#10939),(#10940,#10941,#10942,#10943)),.UNSPECIFIED.,.F.,.F.,.F.,(4,1,4),
(4,4),(0.,0.571428571428571,1.),(0.524109466194352,1.15285410306279),
 .UNSPECIFIED.);
#48=B_SPLINE_SURFACE_WITH_KNOTS('',3,3,((#10972,#10973,#10974,#10975),(#10976,
#10977,#10978,#10979),(#10980,#10981,#10982,#10983),(#10984,#10985,#10986,
#10987),(#10988,#10989,#10990,#10991)),.UNSPECIFIED.,.F.,.F.,.F.,(4,1,4),
(4,4),(0.,0.571428571428571,1.),(0.279541185586353,0.433872695504298),
 .UNSPECIFIED.);
#49=B_SPLINE_SURFACE_WITH_KNOTS('',3,3,((#10992,#10993,#10994,#10995),(#10996,
#10997,#10998,#10999),(#11000,#11001,#11002,#11003),(#11004,#11005,#11006,
#11007),(#11008,#11009,#11010,#11011)),.UNSPECIFIED.,.F.,.F.,.F.,(4,1,4),
(4,4),(0.,0.571428571428571,1.),(-0.633365069005512,-0.061014859068246),
 .UNSPECIFIED.);
#50=B_SPLINE_SURFACE_WITH_KNOTS('',3,3,((#11026,#11027,#11028,#11029),(#11030,
#11031,#11032,#11033),(#11034,#11035,#11036,#11037),(#11038,#11039,#11040,
#11041),(#11042,#11043,#11044,#11045)),.UNSPECIFIED.,.F.,.F.,.F.,(4,1,4),
(4,4),(0.,0.571428571428571,1.),(0.279541185586366,0.433872695504298),
 .UNSPECIFIED.);
#51=B_SPLINE_SURFACE_WITH_KNOTS('',3,3,((#11451,#11452,#11453,#11454,#11455,
#11456),(#11457,#11458,#11459,#11460,#11461,#11462),(#11463,#11464,#11465,
#11466,#11467,#11468),(#11469,#11470,#11471,#11472,#11473,#11474),(#11475,
#11476,#11477,#11478,#11479,#11480)),.UNSPECIFIED.,.F.,.F.,.F.,(4,1,4),
(4,1,1,4),(0.,0.571428571428571,1.),(1.89063088496131,2.69060565937945,
3.49058043379759,4.69054259542479),.UNSPECIFIED.);
#52=B_SPLINE_SURFACE_WITH_KNOTS('',3,1,((#11487,#11488),(#11489,#11490),
(#11491,#11492),(#11493,#11494)),.UNSPECIFIED.,.F.,.F.,.F.,(4,4),(2,2),
(0.0643567551668373,0.252080783503562),(0.,0.56997426069),.UNSPECIFIED.);
#53=B_SPLINE_SURFACE_WITH_KNOTS('',3,3,((#11499,#11500,#11501,#11502,#11503),
(#11504,#11505,#11506,#11507,#11508),(#11509,#11510,#11511,#11512,#11513),
(#11514,#11515,#11516,#11517,#11518),(#11519,#11520,#11521,#11522,#11523)),
 .UNSPECIFIED.,.F.,.F.,.F.,(4,1,4),(4,1,4),(0.,0.571428571428571,1.),(0.176996579437305,
1.18341610033567,1.93823074100944),.UNSPECIFIED.);
#54=B_SPLINE_SURFACE_WITH_KNOTS('',3,3,((#11593,#11594,#11595,#11596),(#11597,
#11598,#11599,#11600),(#11601,#11602,#11603,#11604),(#11605,#11606,#11607,
#11608),(#11609,#11610,#11611,#11612)),.UNSPECIFIED.,.F.,.F.,.F.,(4,1,4),
(4,4),(0.,0.571428571428571,1.),(0.,0.0681628659987109),.UNSPECIFIED.);
#55=B_SPLINE_SURFACE_WITH_KNOTS('',3,3,((#11702,#11703,#11704,#11705),(#11706,
#11707,#11708,#11709),(#11710,#11711,#11712,#11713),(#11714,#11715,#11716,
#11717),(#11718,#11719,#11720,#11721),(#11722,#11723,#11724,#11725),(#11726,
#11727,#11728,#11729)),.UNSPECIFIED.,.F.,.F.,.F.,(4,1,1,1,4),(4,4),(-1.02940277376757,
-0.819624512172638,-0.400067988982772,0.0194885342070945,0.439045057396961),
(-0.77151371398189,0.020076396750867),.UNSPECIFIED.);
#56=B_SPLINE_SURFACE_WITH_KNOTS('',3,3,((#11749,#11750,#11751,#11752),(#11753,
#11754,#11755,#11756),(#11757,#11758,#11759,#11760),(#11761,#11762,#11763,
#11764),(#11765,#11766,#11767,#11768),(#11769,#11770,#11771,#11772),(#11773,
#11774,#11775,#11776)),.UNSPECIFIED.,.F.,.F.,.F.,(4,1,1,1,4),(4,4),(-0.439045057396943,
-0.0194885342070896,0.190289727387837,0.609846250577691,1.02940277376754),
(-0.771513713981889,0.020076396750867),.UNSPECIFIED.);
#57=B_SPLINE_SURFACE_WITH_KNOTS('',3,3,((#11800,#11801,#11802,#11803),(#11804,
#11805,#11806,#11807),(#11808,#11809,#11810,#11811),(#11812,#11813,#11814,
#11815),(#11816,#11817,#11818,#11819)),.UNSPECIFIED.,.F.,.F.,.F.,(4,1,4),
(4,4),(0.,0.571428571428571,1.),(5.45570847371318E-16,0.959086166801279),
 .UNSPECIFIED.);
#58=B_SPLINE_SURFACE_WITH_KNOTS('',3,3,((#11835,#11836,#11837,#11838),(#11839,
#11840,#11841,#11842),(#11843,#11844,#11845,#11846),(#11847,#11848,#11849,
#11850),(#11851,#11852,#11853,#11854),(#11855,#11856,#11857,#11858),(#11859,
#11860,#11861,#11862)),.UNSPECIFIED.,.F.,.F.,.F.,(4,1,1,1,4),(4,4),(-0.439045057396943,
-0.0194885342070896,0.190289727387837,0.609846250577691,1.02940277376754),
(3.30671678155604E-17,0.132005459545147),.UNSPECIFIED.);
#59=B_SPLINE_SURFACE_WITH_KNOTS('',3,3,((#11882,#11883,#11884,#11885),(#11886,
#11887,#11888,#11889),(#11890,#11891,#11892,#11893),(#11894,#11895,#11896,
#11897),(#11898,#11899,#11900,#11901),(#11902,#11903,#11904,#11905),(#11906,
#11907,#11908,#11909)),.UNSPECIFIED.,.F.,.F.,.F.,(4,1,1,1,4),(4,4),(-1.02940277376757,
-0.819624512172638,-0.400067988982772,0.0194885342070945,0.439045057396961),
(-8.97489773283473E-17,0.132005459545147),.UNSPECIFIED.);
#60=B_SPLINE_SURFACE_WITH_KNOTS('',3,3,((#11927,#11928,#11929,#11930),(#11931,
#11932,#11933,#11934),(#11935,#11936,#11937,#11938),(#11939,#11940,#11941,
#11942),(#11943,#11944,#11945,#11946),(#11947,#11948,#11949,#11950),(#11951,
#11952,#11953,#11954)),.UNSPECIFIED.,.F.,.F.,.F.,(4,1,1,1,4),(4,4),(-0.439045057396943,
-0.0194885342070896,0.190289727387837,0.609846250577691,1.02940277376754),
(-0.771513713981889,0.133075242926317),.UNSPECIFIED.);
#61=CYLINDRICAL_SURFACE('',#6089,3.3);
#62=CYLINDRICAL_SURFACE('',#6096,3.3);
#63=CYLINDRICAL_SURFACE('',#6108,2.);
#64=CYLINDRICAL_SURFACE('',#6114,2.);
#65=CYLINDRICAL_SURFACE('',#6176,3.25);
#66=CYLINDRICAL_SURFACE('',#6177,3.25);
#67=CYLINDRICAL_SURFACE('',#6178,3.25);
#68=CYLINDRICAL_SURFACE('',#6181,3.25);
#69=CYLINDRICAL_SURFACE('',#6182,3.25);
#70=CYLINDRICAL_SURFACE('',#6186,10.);
#71=CYLINDRICAL_SURFACE('',#6192,12.250000997913);
#72=CYLINDRICAL_SURFACE('',#6194,10.750000997913);
#73=CYLINDRICAL_SURFACE('',#6233,1.1);
#74=CYLINDRICAL_SURFACE('',#6236,1.1);
#75=CYLINDRICAL_SURFACE('',#6241,2.8);
#76=CYLINDRICAL_SURFACE('',#6245,5.);
#77=CYLINDRICAL_SURFACE('',#6252,6.5);
#78=CYLINDRICAL_SURFACE('',#6256,3.);
#79=CYLINDRICAL_SURFACE('',#6272,3.);
#80=CYLINDRICAL_SURFACE('',#6276,3.);
#81=CYLINDRICAL_SURFACE('',#6282,3.);
#82=CYLINDRICAL_SURFACE('',#6295,7.5);
#83=CYLINDRICAL_SURFACE('',#6302,9.5);
#84=CYLINDRICAL_SURFACE('',#6310,1.4);
#85=CYLINDRICAL_SURFACE('',#6314,1.);
#86=CYLINDRICAL_SURFACE('',#6315,10.);
#87=CYLINDRICAL_SURFACE('',#6316,10.);
#88=CYLINDRICAL_SURFACE('',#6318,5.);
#89=CYLINDRICAL_SURFACE('',#6322,5.);
#90=CYLINDRICAL_SURFACE('',#6333,3.);
#91=CYLINDRICAL_SURFACE('',#6336,3.);
#92=CYLINDRICAL_SURFACE('',#6349,27.3131628323537);
#93=CYLINDRICAL_SURFACE('',#6352,0.999999999999999);
#94=CYLINDRICAL_SURFACE('',#6354,1.);
#95=CYLINDRICAL_SURFACE('',#6356,2.5);
#96=CYLINDRICAL_SURFACE('',#6364,1.);
#97=CYLINDRICAL_SURFACE('',#6369,10.);
#98=CYLINDRICAL_SURFACE('',#6370,1.);
#99=CYLINDRICAL_SURFACE('',#6376,19.);
#100=CYLINDRICAL_SURFACE('',#6391,2.5);
#101=CYLINDRICAL_SURFACE('',#6395,3.);
#102=CYLINDRICAL_SURFACE('',#6402,3.);
#103=CYLINDRICAL_SURFACE('',#6403,3.);
#104=CYLINDRICAL_SURFACE('',#6405,3.);
#105=CYLINDRICAL_SURFACE('',#6417,9.5);
#106=CYLINDRICAL_SURFACE('',#6439,10.);
#107=CYLINDRICAL_SURFACE('',#6449,3.25);
#108=CYLINDRICAL_SURFACE('',#6450,1.);
#109=CYLINDRICAL_SURFACE('',#6452,12.250000997913);
#110=CYLINDRICAL_SURFACE('',#6457,0.8);
#111=CYLINDRICAL_SURFACE('',#6459,0.8);
#112=CYLINDRICAL_SURFACE('',#6461,19.);
#113=CYLINDRICAL_SURFACE('',#6462,10.);
#114=CYLINDRICAL_SURFACE('',#6464,10.);
#115=CYLINDRICAL_SURFACE('',#6472,2.5);
#116=CYLINDRICAL_SURFACE('',#6474,2.5);
#117=CYLINDRICAL_SURFACE('',#6479,2.8);
#118=CYLINDRICAL_SURFACE('',#6483,2.8);
#119=CYLINDRICAL_SURFACE('',#6488,12.250000997913);
#120=CYLINDRICAL_SURFACE('',#6497,1.4);
#121=CYLINDRICAL_SURFACE('',#6499,1.);
#122=CYLINDRICAL_SURFACE('',#6501,1.);
#123=CYLINDRICAL_SURFACE('',#6505,1.4);
#124=CYLINDRICAL_SURFACE('',#6507,1.40000000000001);
#125=CYLINDRICAL_SURFACE('',#6519,3.25);
#126=CYLINDRICAL_SURFACE('',#6520,3.);
#127=CYLINDRICAL_SURFACE('',#6529,1.4);
#128=CYLINDRICAL_SURFACE('',#6531,3.);
#129=CYLINDRICAL_SURFACE('',#6532,1.4);
#130=CYLINDRICAL_SURFACE('',#6535,3.25);
#131=CYLINDRICAL_SURFACE('',#6550,3.25);
#132=CYLINDRICAL_SURFACE('',#6551,3.25);
#133=CYLINDRICAL_SURFACE('',#6552,1.4);
#134=CYLINDRICAL_SURFACE('',#6557,8.75);
#135=CYLINDRICAL_SURFACE('',#6558,8.75);
#136=CYLINDRICAL_SURFACE('',#6562,10.5);
#137=CYLINDRICAL_SURFACE('',#6565,10.5);
#138=CYLINDRICAL_SURFACE('',#6573,10.750000997913);
#139=CYLINDRICAL_SURFACE('',#6575,2.5);
#140=CYLINDRICAL_SURFACE('',#6580,8.);
#141=CYLINDRICAL_SURFACE('',#6582,8.);
#142=CYLINDRICAL_SURFACE('',#6586,8.);
#143=CYLINDRICAL_SURFACE('',#6588,8.);
#144=CYLINDRICAL_SURFACE('',#6589,3.);
#145=ELLIPSE('',#6086,3.00284011455636,3.);
#146=ELLIPSE('',#6087,231.205147569238,10.0440258585351);
#147=ELLIPSE('',#6110,25.4759990567787,6.);
#148=ELLIPSE('',#6111,12.7379995283893,3.);
#149=ELLIPSE('',#6112,24.9404596577727,3.);
#150=ELLIPSE('',#6117,25.4759990567787,6.);
#151=ELLIPSE('',#6119,24.9404596577727,3.);
#152=ELLIPSE('',#6121,12.7379995283893,3.);
#153=ELLIPSE('',#6122,25.4759990567787,6.);
#154=ELLIPSE('',#6125,18.4907413709336,13.);
#155=ELLIPSE('',#6147,14.2236472084104,10.);
#156=ELLIPSE('',#6148,14.2236472084104,10.);
#157=ELLIPSE('',#6168,14.2236472084105,10.);
#158=ELLIPSE('',#6185,14.2236472084105,10.);
#159=ELLIPSE('',#6187,16.5199127251556,10.);
#160=ELLIPSE('',#6188,14.9598692938902,10.);
#161=ELLIPSE('',#6190,15.6460119292515,11.);
#162=ELLIPSE('',#6193,17.3241175503326,12.250000997913);
#163=ELLIPSE('',#6196,15.2027972067729,10.750000997913);
#164=ELLIPSE('',#6198,93.5414110527582,10.);
#165=ELLIPSE('',#6199,16.5199127251556,10.);
#166=ELLIPSE('',#6201,18.4907413709336,13.);
#167=ELLIPSE('',#6203,2.53693091155642,2.5);
#168=ELLIPSE('',#6204,2.53693091155642,2.5);
#169=ELLIPSE('',#6205,107.491047663745,10.0094663194983);
#170=ELLIPSE('',#6249,34.5865883062472,3.);
#171=ELLIPSE('',#6250,68.9933363264254,3.);
#172=ELLIPSE('',#6255,3.00284011455636,3.);
#173=ELLIPSE('',#6257,19.9561970620244,3.);
#174=ELLIPSE('',#6259,18.4907413709336,13.);
#175=ELLIPSE('',#6261,3.011349517844,3.);
#176=ELLIPSE('',#6265,3.011349517844,3.);
#177=ELLIPSE('',#6267,34.5865883062472,3.);
#178=ELLIPSE('',#6269,68.9933363264254,3.);
#179=ELLIPSE('',#6270,68.9933363264254,3.);
#180=ELLIPSE('',#6271,34.5865883062472,3.);
#181=ELLIPSE('',#6273,3.04514427810526,3.);
#182=ELLIPSE('',#6274,3.011349517844,3.);
#183=ELLIPSE('',#6275,3.91759793887889,3.);
#184=ELLIPSE('',#6277,3.00070490447018,3.);
#185=ELLIPSE('',#6280,3.00284011455636,3.);
#186=ELLIPSE('',#6283,4.43989765740296,3.);
#187=ELLIPSE('',#6284,3.00284011455636,3.);
#188=ELLIPSE('',#6285,4.06953624519371,3.);
#189=ELLIPSE('',#6286,68.9933363264254,3.);
#190=ELLIPSE('',#6300,9.55077902481358,9.5);
#191=ELLIPSE('',#6301,10.0534516050669,10.);
#192=ELLIPSE('',#6303,9.68304738734234,9.5);
#193=ELLIPSE('',#6304,9.57236588199662,9.5);
#194=ELLIPSE('',#6305,9.55077902481358,9.5);
#195=ELLIPSE('',#6306,9.68304738734234,9.5);
#196=ELLIPSE('',#6307,9.57236588199662,9.5);
#197=ELLIPSE('',#6319,21.2299992139822,5.);
#198=ELLIPSE('',#6323,21.2299992139822,5.);
#199=ELLIPSE('',#6325,20.2298927243148,20.);
#200=ELLIPSE('',#6329,2.53693091155642,2.5);
#201=ELLIPSE('',#6330,2.53693091155642,2.5);
#202=ELLIPSE('',#6335,3.03448390864723,3.);
#203=ELLIPSE('',#6337,3.00070490447018,3.);
#204=ELLIPSE('',#6338,69.5271697151613,3.);
#205=ELLIPSE('',#6339,3.011349517844,3.);
#206=ELLIPSE('',#6341,3.04514427810527,3.);
#207=ELLIPSE('',#6342,6.02269903568801,6.);
#208=ELLIPSE('',#6344,3.011349517844,3.);
#209=ELLIPSE('',#6345,16.5199127251556,10.);
#210=ELLIPSE('',#6346,6.02269903568801,6.);
#211=ELLIPSE('',#6348,3.011349517844,3.);
#212=ELLIPSE('',#6350,27.4591560716381,27.3131628323537);
#213=ELLIPSE('',#6351,27.4591560716381,27.3131628323537);
#214=ELLIPSE('',#6359,10.0534516050669,10.);
#215=ELLIPSE('',#6360,16.5881951483604,16.5);
#216=ELLIPSE('',#6361,14.9598692938902,9.99999999999999);
#217=ELLIPSE('',#6363,15.6460119292515,11.);
#218=ELLIPSE('',#6367,19.2418439770539,19.);
#219=ELLIPSE('',#6373,20.2298927243148,20.);
#220=ELLIPSE('',#6374,19.2418439770539,19.);
#221=ELLIPSE('',#6377,19.1092518210107,19.);
#222=ELLIPSE('',#6378,19.0766406445183,19.);
#223=ELLIPSE('',#6379,16.6256881108362,16.5);
#224=ELLIPSE('',#6384,16.6256881108362,16.5);
#225=ELLIPSE('',#6386,9.57236588199662,9.5);
#226=ELLIPSE('',#6388,16.5881951483604,16.5);
#227=ELLIPSE('',#6389,9.55077902481358,9.5);
#228=ELLIPSE('',#6390,10.0534516050669,10.);
#229=ELLIPSE('',#6393,19.1092518210107,19.);
#230=ELLIPSE('',#6394,19.0766406445183,19.);
#231=ELLIPSE('',#6396,3.00284011455636,3.);
#232=ELLIPSE('',#6397,3.00284011455636,3.);
#233=ELLIPSE('',#6399,14.2236472084104,10.);
#234=ELLIPSE('',#6401,10.0534516050669,10.);
#235=ELLIPSE('',#6404,3.011349517844,3.);
#236=ELLIPSE('',#6406,3.00284011455636,3.);
#237=ELLIPSE('',#6409,9.57236588199662,9.5);
#238=ELLIPSE('',#6411,9.55077902481358,9.5);
#239=ELLIPSE('',#6415,9.68304738734234,9.5);
#240=ELLIPSE('',#6416,10.4200231820506,10.0152404034123);
#241=ELLIPSE('',#6418,9.68304738734234,9.5);
#242=ELLIPSE('',#6419,9.57236588199662,9.5);
#243=ELLIPSE('',#6421,10.0544019271759,10.0085807710273);
#244=ELLIPSE('',#6422,107.491047663745,10.0094663194983);
#245=ELLIPSE('',#6423,231.205147569238,10.0440258585351);
#246=ELLIPSE('',#6434,107.491047663745,10.0094663194983);
#247=ELLIPSE('',#6435,10.0544019271759,10.0085807710273);
#248=ELLIPSE('',#6440,14.2236472084105,10.);
#249=ELLIPSE('',#6442,4.59619407771254,3.25);
#250=ELLIPSE('',#6443,3.53553390593272,2.5);
#251=ELLIPSE('',#6445,17.3241175503325,12.250000997913);
#252=ELLIPSE('',#6446,1.41421356237309,1.);
#253=ELLIPSE('',#6463,10.076174612628,10.);
#254=ELLIPSE('',#6465,10.076174612628,10.);
#255=B_SPLINE_CURVE_WITH_KNOTS('',3,(#8218,#8219,#8220,#8221),
 .UNSPECIFIED.,.F.,.F.,(4,4),(-0.201606293648358,-0.0505357748582356),
 .UNSPECIFIED.);
#256=B_SPLINE_CURVE_WITH_KNOTS('',3,(#8369,#8370,#8371,#8372,#8373,#8374,
#8375,#8376),.UNSPECIFIED.,.F.,.F.,(4,1,1,2,4),(-0.127954663644331,-0.0767727981865984,
-0.0511818654577322,0.,0.00056006701783235),.UNSPECIFIED.);
#257=B_SPLINE_CURVE_WITH_KNOTS('',3,(#8377,#8378,#8379,#8380,#8381,#8382,
#8383,#8384),.UNSPECIFIED.,.F.,.F.,(4,2,1,1,4),(-0.00056006701783235,0.,
0.0511818654577322,0.0767727981865984,0.127954663644331),.UNSPECIFIED.);
#258=B_SPLINE_CURVE_WITH_KNOTS('',3,(#8408,#8409,#8410,#8411),
 .UNSPECIFIED.,.F.,.F.,(4,4),(-0.0544132895016936,0.),.UNSPECIFIED.);
#259=B_SPLINE_CURVE_WITH_KNOTS('',3,(#8412,#8413,#8414,#8415),
 .UNSPECIFIED.,.F.,.F.,(4,4),(0.,0.0544132895016936),.UNSPECIFIED.);
#260=B_SPLINE_CURVE_WITH_KNOTS('',3,(#8419,#8420,#8421,#8422,#8423,#8424,
#8425,#8426,#8427,#8428,#8429,#8430),.UNSPECIFIED.,.F.,.F.,(4,2,2,2,2,4),
(0.0789816232224354,0.115100648030174,0.230201296060347,0.321541141040602,
0.406005995977779,0.443990211382277),.UNSPECIFIED.);
#261=B_SPLINE_CURVE_WITH_KNOTS('',3,(#8466,#8467,#8468,#8469,#8470,#8471,
#8472,#8473,#8474,#8475,#8476,#8477,#8478),.UNSPECIFIED.,.F.,.F.,(4,3,3,
3,4),(-0.185596458335131,-0.155588362627644,-0.124397384009525,-0.0932064053914059,
-0.0694801929841701),.UNSPECIFIED.);
#262=B_SPLINE_CURVE_WITH_KNOTS('',3,(#8480,#8481,#8482,#8483),
 .UNSPECIFIED.,.F.,.F.,(4,4),(-0.147596292061351,-0.0495994700085608),
 .UNSPECIFIED.);
#263=B_SPLINE_CURVE_WITH_KNOTS('',3,(#8485,#8486,#8487,#8488),
 .UNSPECIFIED.,.F.,.F.,(4,4),(-0.68093855655924,0.),.UNSPECIFIED.);
#264=B_SPLINE_CURVE_WITH_KNOTS('',3,(#8497,#8498,#8499,#8500,#8501,#8502,
#8503,#8504,#8505,#8506,#8507,#8508),.UNSPECIFIED.,.F.,.F.,(4,2,2,2,2,4),
(0.536951490447634,0.574935705852131,0.659400560789308,0.750740405769562,
0.865841053799736,0.901960078607476),.UNSPECIFIED.);
#265=B_SPLINE_CURVE_WITH_KNOTS('',3,(#8533,#8534,#8535,#8536),
 .UNSPECIFIED.,.F.,.F.,(4,4),(-0.0544132895006571,0.),.UNSPECIFIED.);
#266=B_SPLINE_CURVE_WITH_KNOTS('',3,(#8537,#8538,#8539,#8540),
 .UNSPECIFIED.,.F.,.F.,(4,4),(0.,0.0544132895006571),.UNSPECIFIED.);
#267=B_SPLINE_CURVE_WITH_KNOTS('',3,(#8582,#8583,#8584,#8585,#8586,#8587,
#8588,#8589),.UNSPECIFIED.,.F.,.F.,(4,1,1,2,4),(0.,0.0511818654577154,0.0767727981865732,
0.127954663644289,0.12851473066216),.UNSPECIFIED.);
#268=B_SPLINE_CURVE_WITH_KNOTS('',3,(#8590,#8591,#8592,#8593,#8594,#8595,
#8596,#8597),.UNSPECIFIED.,.F.,.F.,(4,2,1,1,4),(-0.12851473066216,-0.127954663644289,
-0.0767727981865732,-0.0511818654577154,0.),.UNSPECIFIED.);
#269=B_SPLINE_CURVE_WITH_KNOTS('',3,(#8653,#8654,#8655,#8656,#8657,#8658,
#8659,#8660,#8661,#8662),.UNSPECIFIED.,.F.,.F.,(4,2,2,2,4),(-0.444725254468386,
-0.351822491464559,-0.230063398099581,-0.113164603518006,0.),
 .UNSPECIFIED.);
#270=B_SPLINE_CURVE_WITH_KNOTS('',3,(#8665,#8666,#8667,#8668),
 .UNSPECIFIED.,.F.,.F.,(4,4),(-1.45004282839008,-1.40585187546311),
 .UNSPECIFIED.);
#271=B_SPLINE_CURVE_WITH_KNOTS('',3,(#8686,#8687,#8688,#8689,#8690,#8691,
#8692,#8693,#8694,#8695),.UNSPECIFIED.,.F.,.F.,(4,2,2,2,4),(-0.461605837589443,
-0.361118542328123,-0.259346338340558,-0.132659202628758,0.),
 .UNSPECIFIED.);
#272=B_SPLINE_CURVE_WITH_KNOTS('',3,(#8696,#8697,#8698,#8699),
 .UNSPECIFIED.,.F.,.F.,(4,4),(-0.774347812196963,0.),.UNSPECIFIED.);
#273=B_SPLINE_CURVE_WITH_KNOTS('',3,(#8735,#8736,#8737,#8738),
 .UNSPECIFIED.,.F.,.F.,(4,4),(4.13578968458101,4.29303740230504),
 .UNSPECIFIED.);
#274=B_SPLINE_CURVE_WITH_KNOTS('',3,(#8776,#8777,#8778,#8779,#8780,#8781,
#8782,#8783,#8784,#8785),.UNSPECIFIED.,.F.,.F.,(4,2,2,2,4),(-0.59465942996858,
-0.48783089710787,-0.375162302751657,-0.206574959898091,0.),
 .UNSPECIFIED.);
#275=B_SPLINE_CURVE_WITH_KNOTS('',3,(#8787,#8788,#8789,#8790),
 .UNSPECIFIED.,.F.,.F.,(4,4),(-0.202422280762368,0.),.UNSPECIFIED.);
#276=B_SPLINE_CURVE_WITH_KNOTS('',3,(#8833,#8834,#8835,#8836,#8837,#8838,
#8839),.UNSPECIFIED.,.F.,.F.,(4,1,1,1,4),(1.01661940996793,2.06628516715694,
3.11595092434595,3.9032002422377,4.69044956012946),.UNSPECIFIED.);
#277=B_SPLINE_CURVE_WITH_KNOTS('',3,(#8843,#8844,#8845,#8846,#8847,#8848,
#8849,#8850,#8851,#8852,#8853,#8854,#8855),.UNSPECIFIED.,.F.,.F.,(4,3,3,
3,4),(0.,1.50494402293708,3.00988804587417,4.51483206881125,5.26730408027979),
 .UNSPECIFIED.);
#278=B_SPLINE_CURVE_WITH_KNOTS('',3,(#8859,#8860,#8861,#8862),
 .UNSPECIFIED.,.F.,.F.,(4,4),(5.45570847371318E-16,0.873258540416062),
 .UNSPECIFIED.);
#279=B_SPLINE_CURVE_WITH_KNOTS('',3,(#8863,#8864,#8865,#8866,#8867,#8868,
#8869,#8870,#8871),.UNSPECIFIED.,.F.,.F.,(4,3,2,4),(-0.783558945669372,
-0.783518282468626,-0.465767945238612,-0.00922370993256283),
 .UNSPECIFIED.);
#280=B_SPLINE_CURVE_WITH_KNOTS('',3,(#8905,#8906,#8907,#8908),
 .UNSPECIFIED.,.F.,.F.,(4,4),(-0.252611063941694,-0.0502862519931751),
 .UNSPECIFIED.);
#281=B_SPLINE_CURVE_WITH_KNOTS('',3,(#8910,#8911,#8912,#8913,#8914,#8915,
#8916,#8917,#8918,#8919),.UNSPECIFIED.,.F.,.F.,(4,2,2,2,4),(-0.507854490742606,
-0.341714140925813,-0.207028510654308,-0.0974226766342459,0.),
 .UNSPECIFIED.);
#282=B_SPLINE_CURVE_WITH_KNOTS('',3,(#8945,#8946,#8947,#8948,#8949,#8950,
#8951),.UNSPECIFIED.,.F.,.F.,(4,1,1,1,4),(-4.69044956012946,-3.9032002422377,
-3.11595092434595,-2.06628516715694,-1.1177372954995),.UNSPECIFIED.);
#283=B_SPLINE_CURVE_WITH_KNOTS('',3,(#8955,#8956,#8957,#8958,#8959,#8960,
#8961),.UNSPECIFIED.,.F.,.F.,(4,1,1,1,4),(-4.69045022833436,-3.3503215916674,
-2.01019295500044,-0.67006431833348,0.),.UNSPECIFIED.);
#284=B_SPLINE_CURVE_WITH_KNOTS('',3,(#8977,#8978,#8979,#8980,#8981,#8982,
#8983,#8984,#8985,#8986),.UNSPECIFIED.,.F.,.F.,(4,1,1,1,1,1,1,4),(-4.69053146183861,
-4.02045553871881,-3.35037961559901,-2.68030369247921,-2.01022776935941,
-1.3401518462396,-0.670075923119802,0.),.UNSPECIFIED.);
#285=B_SPLINE_CURVE_WITH_KNOTS('',3,(#9077,#9078,#9079,#9080),
 .UNSPECIFIED.,.F.,.F.,(4,4),(-0.959086166801279,-0.0150811072900616),
 .UNSPECIFIED.);
#286=B_SPLINE_CURVE_WITH_KNOTS('',3,(#9085,#9086,#9087,#9088,#9089,#9090),
 .UNSPECIFIED.,.F.,.F.,(4,1,1,4),(-4.67546149049093,-3.49058043379759,-2.69060565937945,
-2.1382206323414),.UNSPECIFIED.);
#287=B_SPLINE_CURVE_WITH_KNOTS('',3,(#9138,#9139,#9140,#9141,#9142,#9143,
#9144,#9145),.UNSPECIFIED.,.F.,.F.,(4,2,2,4),(-0.409176720122447,-0.312261877763275,
-0.223287699296112,-0.194676987593554),.UNSPECIFIED.);
#288=B_SPLINE_CURVE_WITH_KNOTS('',3,(#9149,#9150,#9151,#9152,#9153,#9154,
#9155,#9156,#9157,#9158),.UNSPECIFIED.,.F.,.F.,(4,2,2,2,4),(-0.329089996097588,
-0.255609916556377,-0.182710521282894,-0.0948284809637673,0.),
 .UNSPECIFIED.);
#289=B_SPLINE_CURVE_WITH_KNOTS('',3,(#9159,#9160,#9161,#9162,#9163,#9164,
#9165,#9166,#9167,#9168,#9169),.UNSPECIFIED.,.F.,.F.,(4,3,2,2,4),(1.80979094428446,
1.80984818406315,1.82100866177108,2.05719175271255,2.22767112653067),
 .UNSPECIFIED.);
#290=B_SPLINE_CURVE_WITH_KNOTS('',3,(#9185,#9186,#9187,#9188),
 .UNSPECIFIED.,.F.,.F.,(4,4),(-0.0681628659987109,0.),.UNSPECIFIED.);
#291=B_SPLINE_CURVE_WITH_KNOTS('',3,(#9231,#9232,#9233,#9234,#9235,#9236,
#9237,#9238),.UNSPECIFIED.,.F.,.F.,(4,2,2,4),(-0.0802340896815766,-0.0667665979488915,
-0.0490506710908674,0.),.UNSPECIFIED.);
#292=B_SPLINE_CURVE_WITH_KNOTS('',3,(#9259,#9260,#9261,#9262,#9263,#9264,
#9265,#9266),.UNSPECIFIED.,.F.,.F.,(4,2,2,4),(-0.349109504557022,-0.132898029094107,
-0.0462413450066185,0.),.UNSPECIFIED.);
#293=B_SPLINE_CURVE_WITH_KNOTS('',3,(#9475,#9476,#9477,#9478,#9479,#9480,
#9481,#9482,#9483,#9484,#9485,#9486,#9487,#9488),.UNSPECIFIED.,.F.,.F.,
(4,2,2,2,2,2,4),(0.609353606016723,0.684226948091734,0.791308080552524,
0.898389213013314,1.0054703454741,1.1125514779349,1.18742482000991),
 .UNSPECIFIED.);
#294=B_SPLINE_CURVE_WITH_KNOTS('',3,(#9612,#9613,#9614,#9615,#9616,#9617,
#9618,#9619),.UNSPECIFIED.,.F.,.F.,(4,2,2,4),(1.66050009485979,1.68007168362744,
1.86433822362291,2.03781061597287),.UNSPECIFIED.);
#295=B_SPLINE_CURVE_WITH_KNOTS('',3,(#9693,#9694,#9695,#9696,#9697,#9698,
#9699,#9700,#9701,#9702,#9703,#9704,#9705),.UNSPECIFIED.,.F.,.F.,(4,3,3,
3,4),(0.,1.50558799525355,3.01117599050711,3.76396998813388,5.26955798338744),
 .UNSPECIFIED.);
#296=B_SPLINE_CURVE_WITH_KNOTS('',3,(#9714,#9715,#9716,#9717,#9718,#9719,
#9720,#9721,#9722,#9723,#9724,#9725,#9726),.UNSPECIFIED.,.F.,.F.,(4,3,3,
3,4),(0.,1.53304472211348,3.06608944422695,4.59913416634043,5.36565652739717),
 .UNSPECIFIED.);
#297=B_SPLINE_CURVE_WITH_KNOTS('',3,(#9730,#9731,#9732,#9733,#9734,#9735,
#9736,#9737,#9738,#9739,#9740,#9741,#9742),.UNSPECIFIED.,.F.,.F.,(4,3,3,
3,4),(0.,1.53368917951688,3.06737835903375,3.83422294879219,5.36791212830907),
 .UNSPECIFIED.);
#298=B_SPLINE_CURVE_WITH_KNOTS('',3,(#9746,#9747,#9748,#9749,#9750,#9751,
#9752,#9753,#9754,#9755),.UNSPECIFIED.,.F.,.F.,(4,2,2,2,4),(-0.00106688066210502,
0.,0.28270107669193,0.476775623277306,0.598156179109122),.UNSPECIFIED.);
#299=B_SPLINE_CURVE_WITH_KNOTS('',3,(#9769,#9770,#9771,#9772,#9773,#9774,
#9775,#9776,#9777,#9778,#9779,#9780,#9781,#9782,#9783,#9784,#9785,#9786,
#9787,#9788,#9789,#9790,#9791,#9792,#9793,#9794,#9795,#9796,#9797,#9798,
#9799,#9800,#9801,#9802,#9803,#9804,#9805,#9806,#9807,#9808,#9809,#9810,
#9811,#9812,#9813,#9814,#9815,#9816,#9817,#9818,#9819,#9820,#9821,#9822,
#9823,#9824,#9825,#9826),.UNSPECIFIED.,.F.,.F.,(4,2,2,2,2,2,2,2,2,2,2,2,
2,2,2,2,2,2,2,2,2,2,2,2,2,2,2,2,4),(-0.750708114709067,-0.731863920606891,
-0.712696093085358,-0.702740679363586,-0.696206464424389,-0.690031353282195,
-0.681816953170087,-0.664267247763283,-0.628019888403635,-0.590705798330838,
-0.549030549625,-0.500436597798299,-0.435325273218719,-0.386491661191029,
-0.351615010648987,-0.33829340279972,-0.33357993170725,-0.330415666477209,
-0.327359541569593,-0.323032692621306,-0.312972892492613,-0.291162897880007,
-0.264121042620136,-0.226070288971138,-0.154609426607026,-0.105162744411328,
-0.0656449821929146,-0.0312092147931075,-0.000129026576108884),
 .UNSPECIFIED.);
#300=B_SPLINE_CURVE_WITH_KNOTS('',3,(#9864,#9865,#9866,#9867,#9868,#9869,
#9870,#9871,#9872,#9873,#9874,#9875,#9876,#9877,#9878,#9879,#9880,#9881,
#9882,#9883,#9884,#9885,#9886,#9887,#9888,#9889,#9890,#9891,#9892,#9893,
#9894,#9895,#9896,#9897,#9898,#9899,#9900,#9901,#9902,#9903),
 .UNSPECIFIED.,.F.,.F.,(4,3,3,3,3,3,3,3,3,3,3,3,3,4),(-0.00152630248091015,
0.,0.0397336419144631,0.0808686243206053,0.116651273656761,0.160916259779793,
0.207661565780312,0.236990362807819,0.27188312704764,0.324996147805211,
0.364626528590326,0.421068545137589,0.47876621675784,0.502180098694154),
 .UNSPECIFIED.);
#301=B_SPLINE_CURVE_WITH_KNOTS('',3,(#9927,#9928,#9929,#9930,#9931,#9932,
#9933,#9934,#9935,#9936,#9937,#9938,#9939,#9940),.UNSPECIFIED.,.F.,.F.,
(4,2,2,2,2,2,4),(-0.820838619095559,-0.700912041003394,-0.573358880173524,
-0.44825730850617,-0.321819795909607,-0.181327919886,0.),.UNSPECIFIED.);
#302=B_SPLINE_CURVE_WITH_KNOTS('',3,(#9976,#9977,#9978,#9979,#9980,#9981,
#9982),.UNSPECIFIED.,.F.,.F.,(4,1,1,1,4),(0.,0.67006431833348,2.01019295500044,
3.3503215916674,4.69045022833436),.UNSPECIFIED.);
#303=B_SPLINE_CURVE_WITH_KNOTS('',3,(#10035,#10036,#10037,#10038,#10039,
#10040,#10041,#10042,#10043,#10044),.UNSPECIFIED.,.F.,.F.,(4,1,1,1,1,1,
1,4),(0.,0.670075923119802,1.3401518462396,2.01022776935941,2.68030369247921,
3.35037961559901,4.02045553871881,4.69053146183861),.UNSPECIFIED.);
#304=B_SPLINE_CURVE_WITH_KNOTS('',3,(#10048,#10049,#10050,#10051,#10052,
#10053,#10054,#10055,#10056,#10057,#10058,#10059,#10060,#10061,#10062,#10063),
 .UNSPECIFIED.,.F.,.F.,(4,2,2,2,2,2,2,4),(-1.03243007830357,-0.921585783256471,
-0.812088042784644,-0.705138433306243,-0.589206369603339,-0.475837526590126,
-0.356373659296387,-0.28282519428593),.UNSPECIFIED.);
#305=B_SPLINE_CURVE_WITH_KNOTS('',3,(#10068,#10069,#10070,#10071),
 .UNSPECIFIED.,.F.,.F.,(4,4),(1.02208826787405,1.44343604748912),
 .UNSPECIFIED.);
#306=B_SPLINE_CURVE_WITH_KNOTS('',3,(#10100,#10101,#10102,#10103,#10104,
#10105),.UNSPECIFIED.,.F.,.F.,(4,1,1,4),(2.40838592750399E-12,0.170182694653918,
0.255274041979673,0.328477077493325),.UNSPECIFIED.);
#307=B_SPLINE_CURVE_WITH_KNOTS('',3,(#10106,#10107,#10108,#10109),
 .UNSPECIFIED.,.F.,.F.,(4,4),(-0.193332096083053,0.),.UNSPECIFIED.);
#308=B_SPLINE_CURVE_WITH_KNOTS('',3,(#10185,#10186,#10187,#10188,#10189,
#10190,#10191,#10192,#10193,#10194,#10195,#10196,#10197,#10198,#10199,#10200,
#10201,#10202,#10203,#10204,#10205,#10206,#10207,#10208,#10209,#10210,#10211,
#10212,#10213,#10214,#10215,#10216,#10217,#10218,#10219,#10220,#10221,#10222,
#10223,#10224,#10225,#10226,#10227,#10228,#10229,#10230),.UNSPECIFIED.,
 .F.,.F.,(4,3,3,3,3,3,3,3,3,3,3,3,3,3,3,4),(0.,0.0297027888645019,0.0599127989403556,
0.0904679156069055,0.115999842674496,0.146519238595206,0.17709685187127,
0.207168043594267,0.233131537310738,0.23754977963833,0.267426800758555,
0.297711439068284,0.323594218984476,0.353992101326561,0.384163607016287,
0.413340159895819),.UNSPECIFIED.);
#309=B_SPLINE_CURVE_WITH_KNOTS('',3,(#10231,#10232,#10233,#10234),
 .UNSPECIFIED.,.F.,.F.,(4,4),(0.421391080929985,0.909312393543276),
 .UNSPECIFIED.);
#310=B_SPLINE_CURVE_WITH_KNOTS('',3,(#10235,#10236,#10237,#10238),
 .UNSPECIFIED.,.F.,.F.,(4,4),(-0.909312393543276,-0.370168163278784),
 .UNSPECIFIED.);
#311=B_SPLINE_CURVE_WITH_KNOTS('',3,(#10286,#10287,#10288,#10289,#10290,
#10291,#10292,#10293,#10294,#10295),.UNSPECIFIED.,.F.,.F.,(4,2,2,2,4),(0.0288345602302121,
0.13495893291426,0.304640471569683,0.551809207677414,0.552741992024864),
 .UNSPECIFIED.);
#312=B_SPLINE_CURVE_WITH_KNOTS('',3,(#10297,#10298,#10299,#10300,#10301,
#10302,#10303),.UNSPECIFIED.,.F.,.F.,(4,3,4),(0.,0.0257682052127862,0.0305929090682007),
 .UNSPECIFIED.);
#313=B_SPLINE_CURVE_WITH_KNOTS('',3,(#10325,#10326,#10327,#10328,#10329,
#10330,#10331,#10332,#10333,#10334,#10335,#10336,#10337,#10338,#10339,#10340,
#10341,#10342,#10343,#10344,#10345,#10346,#10347,#10348,#10349,#10350,#10351,
#10352,#10353,#10354,#10355,#10356,#10357,#10358,#10359,#10360,#10361,#10362,
#10363,#10364,#10365,#10366,#10367,#10368,#10369,#10370),.UNSPECIFIED.,
 .F.,.F.,(4,3,3,3,3,3,3,3,3,3,3,3,3,3,3,4),(0.,0.0302865731020401,0.0606905470380461,
0.0909676135338569,0.12114629240816,0.151391130628401,0.168369609200038,
0.198959649566403,0.229671379364651,0.241889715428937,0.272351255046321,
0.302667040130218,0.318665187263843,0.349023680338248,0.378856179600266,
0.395657342722882),.UNSPECIFIED.);
#314=B_SPLINE_CURVE_WITH_KNOTS('',3,(#10405,#10406,#10407,#10408,#10409,
#10410,#10411,#10412),.UNSPECIFIED.,.F.,.F.,(4,2,2,4),(0.,0.140695114449654,
0.406909634791428,0.407791340078773),.UNSPECIFIED.);
#315=B_SPLINE_CURVE_WITH_KNOTS('',3,(#10445,#10446,#10447,#10448,#10449,
#10450,#10451),.UNSPECIFIED.,.F.,.F.,(4,3,4),(0.570159531925847,0.602361535617743,
0.608384055265766),.UNSPECIFIED.);
#316=B_SPLINE_CURVE_WITH_KNOTS('',3,(#10459,#10460,#10461,#10462,#10463,
#10464,#10465,#10466,#10467,#10468),.UNSPECIFIED.,.F.,.F.,(4,2,2,2,4),(0.,
0.0950376999022213,0.190075399804443,0.305392930282884,0.393611011325701),
 .UNSPECIFIED.);
#317=B_SPLINE_CURVE_WITH_KNOTS('',3,(#10472,#10473,#10474,#10475,#10476,
#10477,#10478,#10479),.UNSPECIFIED.,.F.,.F.,(4,2,2,4),(-0.0895489641947645,
-0.0391420700708338,-0.0157016559463711,0.),.UNSPECIFIED.);
#318=B_SPLINE_CURVE_WITH_KNOTS('',3,(#10482,#10483,#10484,#10485,#10486,
#10487,#10488,#10489,#10490,#10491),.UNSPECIFIED.,.F.,.F.,(4,2,2,2,4),(0.429014731614391,
0.512005687016116,0.62206388221401,0.722430924860922,0.822797967507835),
 .UNSPECIFIED.);
#319=B_SPLINE_CURVE_WITH_KNOTS('',3,(#10494,#10495,#10496,#10497,#10498,
#10499,#10500,#10501,#10502,#10503,#10504,#10505),.UNSPECIFIED.,.F.,.F.,
(4,2,2,2,2,4),(0.,0.0191676250679261,0.0383352501358522,0.0766705002717045,
0.152897045991827,0.22912359171195),.UNSPECIFIED.);
#320=B_SPLINE_CURVE_WITH_KNOTS('',3,(#10506,#10507,#10508,#10509,#10510,
#10511,#10512,#10513,#10514,#10515,#10516,#10517,#10518,#10519,#10520,#10521,
#10522,#10523,#10524,#10525,#10526,#10527,#10528,#10529,#10530,#10531,#10532,
#10533,#10534,#10535),.UNSPECIFIED.,.F.,.F.,(4,2,2,2,2,2,2,2,2,2,2,2,2,
2,4),(0.22912359171195,0.298893761230673,0.368663930749396,0.405531559314841,
0.423965373597564,0.442399187880287,0.460833002163009,0.479266816445732,
0.516134445011178,0.585904614529901,0.655674784048624,0.788791830690219,
0.846500051664013,0.863927206460759,0.881354361257505),.UNSPECIFIED.);
#321=B_SPLINE_CURVE_WITH_KNOTS('',3,(#10640,#10641,#10642,#10643),
 .UNSPECIFIED.,.F.,.F.,(4,4),(0.,0.193332096083053),.UNSPECIFIED.);
#322=B_SPLINE_CURVE_WITH_KNOTS('',3,(#10687,#10688,#10689,#10690,#10691,
#10692,#10693,#10694,#10695,#10696),.UNSPECIFIED.,.F.,.F.,(4,2,2,2,4),(0.,
0.0688251632390237,0.129544086975448,0.195940736163063,0.196376153189992),
 .UNSPECIFIED.);
#323=B_SPLINE_CURVE_WITH_KNOTS('',3,(#10697,#10698,#10699,#10700,#10701,
#10702,#10703),.UNSPECIFIED.,.F.,.F.,(4,1,1,1,4),(-0.595639430213242,-0.425456736631183,
-0.255274041979673,-0.170182694653918,-2.40838592750399E-12),
 .UNSPECIFIED.);
#324=B_SPLINE_CURVE_WITH_KNOTS('',3,(#10762,#10763,#10764,#10765),
 .UNSPECIFIED.,.F.,.F.,(4,4),(-0.193332096083052,-4.72506486771681E-16),
 .UNSPECIFIED.);
#325=B_SPLINE_CURVE_WITH_KNOTS('',3,(#10766,#10767,#10768,#10769),
 .UNSPECIFIED.,.F.,.F.,(4,4),(4.72506486771681E-16,0.193332096083052),
 .UNSPECIFIED.);
#326=B_SPLINE_CURVE_WITH_KNOTS('',3,(#10814,#10815,#10816,#10817,#10818,
#10819,#10820,#10821,#10822,#10823),.UNSPECIFIED.,.F.,.F.,(4,2,2,2,4),(-0.000692868793001337,
0.,0.105655434573172,0.202276008137783,0.311795852029158),.UNSPECIFIED.);
#327=B_SPLINE_CURVE_WITH_KNOTS('',3,(#10824,#10825,#10826,#10827,#10828),
 .UNSPECIFIED.,.F.,.F.,(4,1,4),(6.90668977940435E-5,0.158286123158965,0.32846881844114),
 .UNSPECIFIED.);
#328=B_SPLINE_CURVE_WITH_KNOTS('',3,(#10829,#10830,#10831,#10832,#10833,
#10834,#10835),.UNSPECIFIED.,.F.,.F.,(4,1,1,1,4),(-0.32846881844114,-0.158286123158965,
0.0118965721232102,0.139533593584842,0.267170613978364),.UNSPECIFIED.);
#329=B_SPLINE_CURVE_WITH_KNOTS('',3,(#10864,#10865,#10866,#10867,#10868,
#10869,#10870,#10871,#10872,#10873,#10874,#10875,#10876,#10877,#10878,#10879,
#10880,#10881,#10882,#10883,#10884,#10885,#10886,#10887,#10888,#10889,#10890,
#10891,#10892,#10893,#10894,#10895,#10896,#10897,#10898,#10899,#10900,#10901,
#10902,#10903,#10904,#10905,#10906,#10907,#10908,#10909,#10910,#10911,#10912,
#10913,#10914,#10915),.UNSPECIFIED.,.F.,.F.,(4,3,3,3,3,3,3,3,3,3,3,3,3,
3,3,3,3,4),(-0.3677814340602,-0.341763228381013,-0.315276573488223,-0.288525392771722,
-0.270135677025929,-0.243414228955265,-0.216672657852697,-0.190458094355455,
-0.172469231318932,-0.156956619514796,-0.130702126194901,-0.104085253174397,
-0.0862379447947231,-0.0596551659886876,-0.0330564956945061,-0.00694252964932553,
0.,0.00117695505684739),.UNSPECIFIED.);
#330=B_SPLINE_CURVE_WITH_KNOTS('',3,(#10920,#10921,#10922,#10923),
 .UNSPECIFIED.,.F.,.F.,(4,4),(0.55652527398561,0.977873053600687),
 .UNSPECIFIED.);
#331=B_SPLINE_CURVE_WITH_KNOTS('',3,(#11014,#11015,#11016,#11017,#11018,
#11019,#11020,#11021,#11022,#11023,#11024,#11025),.UNSPECIFIED.,.F.,.F.,
(4,2,2,2,2,4),(-0.00136779889374457,0.,0.0861406795224543,0.172287360138805,
0.269947038562943,0.367589166631533),.UNSPECIFIED.);
#332=B_SPLINE_CURVE_WITH_KNOTS('',3,(#11053,#11054,#11055,#11056,#11057,
#11058,#11059,#11060),.UNSPECIFIED.,.F.,.F.,(4,2,2,4),(2.06321777609169,
2.23669016844165,2.42095670843713,2.44052829720478),.UNSPECIFIED.);
#333=B_SPLINE_CURVE_WITH_KNOTS('',3,(#11231,#11232,#11233,#11234,#11235,
#11236,#11237,#11238,#11239,#11240,#11241,#11242),.UNSPECIFIED.,.F.,.F.,
(4,2,2,2,2,4),(2.73204203685629,2.82854020440613,3.20882589804185,3.41417548058739,
3.61952506313293,3.89648952703503),.UNSPECIFIED.);
#334=B_SPLINE_CURVE_WITH_KNOTS('',3,(#11391,#11392,#11393,#11394,#11395),
 .UNSPECIFIED.,.F.,.F.,(4,1,4),(-1.93823074068073,-1.18341610033567,-0.219471588015185),
 .UNSPECIFIED.);
#335=B_SPLINE_CURVE_WITH_KNOTS('',3,(#11406,#11407,#11408,#11409),
 .UNSPECIFIED.,.F.,.F.,(4,4),(0.0643567551668373,0.252080783503562),
 .UNSPECIFIED.);
#336=B_SPLINE_CURVE_WITH_KNOTS('',3,(#11412,#11413,#11414,#11415,#11416,
#11417,#11418),.UNSPECIFIED.,.F.,.F.,(4,3,4),(-0.0328878296832105,-0.00853450135726503,
0.),.UNSPECIFIED.);
#337=B_SPLINE_CURVE_WITH_KNOTS('',3,(#11421,#11422,#11423,#11424,#11425,
#11426,#11427),.UNSPECIFIED.,.F.,.F.,(4,3,4),(-0.0328854854609807,-0.00853943194351518,
0.),.UNSPECIFIED.);
#338=B_SPLINE_CURVE_WITH_KNOTS('',3,(#11428,#11429,#11430,#11431,#11432,
#11433,#11434,#11435,#11436,#11437,#11438,#11439,#11440,#11441,#11442,#11443,
#11444,#11445),.UNSPECIFIED.,.F.,.F.,(4,2,2,2,2,2,2,2,4),(2.1247504477409,
2.20574555440273,2.28984723980953,2.37165647936771,2.45346571892589,2.53527495848407,
2.61708419804225,2.70118588344905,2.78218099011088),.UNSPECIFIED.);
#339=B_SPLINE_CURVE_WITH_KNOTS('',3,(#11481,#11482,#11483,#11484,#11485,
#11486),.UNSPECIFIED.,.F.,.F.,(4,1,1,4),(1.89063088496131,2.69060565937945,
3.49058043379759,4.69054259542479),.UNSPECIFIED.);
#340=B_SPLINE_CURVE_WITH_KNOTS('',3,(#11495,#11496,#11497,#11498),
 .UNSPECIFIED.,.F.,.F.,(4,4),(-0.252080783503562,-0.0643567551668373),
 .UNSPECIFIED.);
#341=B_SPLINE_CURVE_WITH_KNOTS('',3,(#11525,#11526,#11527,#11528,#11529,
#11530,#11531,#11532,#11533,#11534,#11535,#11536,#11537,#11538,#11539,#11540,
#11541,#11542,#11543,#11544,#11545,#11546,#11547,#11548,#11549,#11550,#11551,
#11552,#11553,#11554,#11555,#11556,#11557,#11558,#11559,#11560,#11561,#11562,
#11563,#11564,#11565,#11566,#11567,#11568,#11569,#11570,#11571,#11572,#11573,
#11574,#11575,#11576),.UNSPECIFIED.,.F.,.F.,(4,3,3,3,3,3,3,3,3,3,3,3,3,
3,3,3,3,4),(-0.449075986545354,-0.419367038583866,-0.389115007025871,-0.358462091950536,
-0.344090684340127,-0.313554254519881,-0.28282624609932,-0.252384373407851,
-0.23885702942622,-0.208077604246247,-0.193267250633207,-0.162944619568172,
-0.132242868617945,-0.11989898873171,-0.0892175355088763,-0.0583746834919367,
-0.0279657636545719,0.),.UNSPECIFIED.);
#342=B_SPLINE_CURVE_WITH_KNOTS('',3,(#11577,#11578,#11579,#11580,#11581),
 .UNSPECIFIED.,.F.,.F.,(4,1,4),(0.176996579437305,1.18341610033567,1.71868423505243),
 .UNSPECIFIED.);
#343=B_SPLINE_CURVE_WITH_KNOTS('',3,(#11614,#11615,#11616,#11617,#11618,
#11619,#11620,#11621,#11622,#11623,#11624,#11625,#11626,#11627,#11628,#11629,
#11630,#11631,#11632,#11633,#11634,#11635,#11636,#11637,#11638,#11639,#11640,
#11641,#11642,#11643,#11644,#11645,#11646,#11647,#11648,#11649,#11650,#11651,
#11652,#11653,#11654,#11655,#11656,#11657,#11658,#11659,#11660,#11661,#11662),
 .UNSPECIFIED.,.F.,.F.,(4,3,3,3,3,3,3,3,3,3,3,3,3,3,3,3,4),(-0.447570683957402,
-0.417346530525101,-0.386757247192166,-0.356200901876394,-0.34058950818957,
-0.309987578069129,-0.279731303151566,-0.255429277201679,-0.233744538379246,
-0.203490979878688,-0.172866156033083,-0.142261091048623,-0.116686710930056,
-0.0860120295709287,-0.0554995776224258,-0.0257818746713758,0.),
 .UNSPECIFIED.);
#344=B_SPLINE_CURVE_WITH_KNOTS('',3,(#11663,#11664,#11665,#11666),
 .UNSPECIFIED.,.F.,.F.,(4,4),(0.,0.038572311612444),.UNSPECIFIED.);
#345=B_SPLINE_CURVE_WITH_KNOTS('',3,(#11673,#11674,#11675,#11676),
 .UNSPECIFIED.,.F.,.F.,(4,4),(-0.421575504758298,-0.0501918805633531),
 .UNSPECIFIED.);
#346=B_SPLINE_CURVE_WITH_KNOTS('',3,(#11677,#11678,#11679,#11680),
 .UNSPECIFIED.,.F.,.F.,(4,4),(-0.824227648357288,-0.421575504758299),
 .UNSPECIFIED.);
#347=B_SPLINE_CURVE_WITH_KNOTS('',3,(#11683,#11684,#11685,#11686),
 .UNSPECIFIED.,.F.,.F.,(4,4),(-0.774065527483245,-0.402667840986425),
 .UNSPECIFIED.);
#348=B_SPLINE_CURVE_WITH_KNOTS('',3,(#11688,#11689,#11690,#11691),
 .UNSPECIFIED.,.F.,.F.,(4,4),(-0.402667840986425,0.),.UNSPECIFIED.);
#349=B_SPLINE_CURVE_WITH_KNOTS('',3,(#11732,#11733,#11734,#11735,#11736,
#11737,#11738,#11739,#11740,#11741,#11742,#11743,#11744),.UNSPECIFIED.,
 .F.,.F.,(4,3,3,3,4),(-5.5491643288981,-4.75642656762694,-3.17095104508463,
-1.58547552254231,0.),.UNSPECIFIED.);
#350=B_SPLINE_CURVE_WITH_KNOTS('',3,(#11777,#11778,#11779,#11780,#11781,
#11782,#11783,#11784,#11785,#11786,#11787,#11788,#11789),.UNSPECIFIED.,
 .F.,.F.,(4,3,3,3,4),(-5.54523329987583,-3.96088092848273,-3.16870474278619,
-1.58435237139309,0.),.UNSPECIFIED.);
#351=B_SPLINE_CURVE_WITH_KNOTS('',3,(#11820,#11821,#11822,#11823,#11824,
#11825,#11826,#11827,#11828,#11829),.UNSPECIFIED.,.F.,.F.,(4,2,2,2,4),(-0.457411667002276,
-0.355423586250444,-0.252459870764695,-0.128316919998947,0.),
 .UNSPECIFIED.);
#352=B_SPLINE_CURVE_WITH_KNOTS('',3,(#11864,#11865,#11866,#11867,#11868,
#11869,#11870,#11871,#11872,#11873,#11874,#11875,#11876),.UNSPECIFIED.,
 .F.,.F.,(4,3,3,3,4),(0.,1.54343632162585,3.08687264325169,3.85859080406462,
5.40202712569046),.UNSPECIFIED.);
#353=B_SPLINE_CURVE_WITH_KNOTS('',3,(#11911,#11912,#11913,#11914,#11915,
#11916,#11917,#11918,#11919,#11920,#11921,#11922,#11923),.UNSPECIFIED.,
 .F.,.F.,(4,3,3,3,4),(0.,1.54279169864383,3.08558339728766,4.62837509593149,
5.39977094525341),.UNSPECIFIED.);
#354=FACE_BOUND('',#704,.T.);
#355=FACE_BOUND('',#706,.T.);
#356=FACE_BOUND('',#707,.T.);
#357=FACE_BOUND('',#732,.T.);
#358=FACE_BOUND('',#743,.T.);
#359=FACE_BOUND('',#765,.T.);
#360=FACE_BOUND('',#766,.T.);
#361=FACE_BOUND('',#767,.T.);
#362=FACE_BOUND('',#768,.T.);
#363=FACE_BOUND('',#769,.T.);
#364=FACE_BOUND('',#796,.T.);
#365=FACE_BOUND('',#798,.T.);
#366=FACE_BOUND('',#800,.T.);
#367=FACE_BOUND('',#803,.T.);
#368=FACE_BOUND('',#837,.T.);
#369=FACE_BOUND('',#864,.T.);
#370=FACE_BOUND('',#908,.T.);
#371=FACE_BOUND('',#909,.T.);
#372=FACE_BOUND('',#952,.T.);
#373=FACE_BOUND('',#955,.T.);
#374=FACE_BOUND('',#966,.T.);
#375=FACE_BOUND('',#970,.T.);
#376=FACE_BOUND('',#972,.T.);
#377=FACE_BOUND('',#984,.T.);
#378=FACE_BOUND('',#986,.T.);
#379=FACE_BOUND('',#988,.T.);
#380=FACE_OUTER_BOUND('',#703,.T.);
#381=FACE_OUTER_BOUND('',#705,.T.);
#382=FACE_OUTER_BOUND('',#708,.T.);
#383=FACE_OUTER_BOUND('',#709,.T.);
#384=FACE_OUTER_BOUND('',#710,.T.);
#385=FACE_OUTER_BOUND('',#711,.T.);
#386=FACE_OUTER_BOUND('',#712,.T.);
#387=FACE_OUTER_BOUND('',#713,.T.);
#388=FACE_OUTER_BOUND('',#714,.T.);
#389=FACE_OUTER_BOUND('',#715,.T.);
#390=FACE_OUTER_BOUND('',#716,.T.);
#391=FACE_OUTER_BOUND('',#717,.T.);
#392=FACE_OUTER_BOUND('',#718,.T.);
#393=FACE_OUTER_BOUND('',#719,.T.);
#394=FACE_OUTER_BOUND('',#720,.T.);
#395=FACE_OUTER_BOUND('',#721,.T.);
#396=FACE_OUTER_BOUND('',#722,.T.);
#397=FACE_OUTER_BOUND('',#723,.T.);
#398=FACE_OUTER_BOUND('',#724,.T.);
#399=FACE_OUTER_BOUND('',#725,.T.);
#400=FACE_OUTER_BOUND('',#726,.T.);
#401=FACE_OUTER_BOUND('',#727,.T.);
#402=FACE_OUTER_BOUND('',#728,.T.);
#403=FACE_OUTER_BOUND('',#729,.T.);
#404=FACE_OUTER_BOUND('',#730,.T.);
#405=FACE_OUTER_BOUND('',#731,.T.);
#406=FACE_OUTER_BOUND('',#733,.T.);
#407=FACE_OUTER_BOUND('',#734,.T.);
#408=FACE_OUTER_BOUND('',#735,.T.);
#409=FACE_OUTER_BOUND('',#736,.T.);
#410=FACE_OUTER_BOUND('',#737,.T.);
#411=FACE_OUTER_BOUND('',#738,.T.);
#412=FACE_OUTER_BOUND('',#739,.T.);
#413=FACE_OUTER_BOUND('',#740,.T.);
#414=FACE_OUTER_BOUND('',#741,.T.);
#415=FACE_OUTER_BOUND('',#742,.T.);
#416=FACE_OUTER_BOUND('',#744,.T.);
#417=FACE_OUTER_BOUND('',#745,.T.);
#418=FACE_OUTER_BOUND('',#746,.T.);
#419=FACE_OUTER_BOUND('',#747,.T.);
#420=FACE_OUTER_BOUND('',#748,.T.);
#421=FACE_OUTER_BOUND('',#749,.T.);
#422=FACE_OUTER_BOUND('',#750,.T.);
#423=FACE_OUTER_BOUND('',#751,.T.);
#424=FACE_OUTER_BOUND('',#752,.T.);
#425=FACE_OUTER_BOUND('',#753,.T.);
#426=FACE_OUTER_BOUND('',#754,.T.);
#427=FACE_OUTER_BOUND('',#755,.T.);
#428=FACE_OUTER_BOUND('',#756,.T.);
#429=FACE_OUTER_BOUND('',#757,.T.);
#430=FACE_OUTER_BOUND('',#758,.T.);
#431=FACE_OUTER_BOUND('',#759,.T.);
#432=FACE_OUTER_BOUND('',#760,.T.);
#433=FACE_OUTER_BOUND('',#761,.T.);
#434=FACE_OUTER_BOUND('',#762,.T.);
#435=FACE_OUTER_BOUND('',#763,.T.);
#436=FACE_OUTER_BOUND('',#764,.T.);
#437=FACE_OUTER_BOUND('',#770,.T.);
#438=FACE_OUTER_BOUND('',#771,.T.);
#439=FACE_OUTER_BOUND('',#772,.T.);
#440=FACE_OUTER_BOUND('',#773,.T.);
#441=FACE_OUTER_BOUND('',#774,.T.);
#442=FACE_OUTER_BOUND('',#775,.T.);
#443=FACE_OUTER_BOUND('',#776,.T.);
#444=FACE_OUTER_BOUND('',#777,.T.);
#445=FACE_OUTER_BOUND('',#778,.T.);
#446=FACE_OUTER_BOUND('',#779,.T.);
#447=FACE_OUTER_BOUND('',#780,.T.);
#448=FACE_OUTER_BOUND('',#781,.T.);
#449=FACE_OUTER_BOUND('',#782,.T.);
#450=FACE_OUTER_BOUND('',#783,.T.);
#451=FACE_OUTER_BOUND('',#784,.T.);
#452=FACE_OUTER_BOUND('',#785,.T.);
#453=FACE_OUTER_BOUND('',#786,.T.);
#454=FACE_OUTER_BOUND('',#787,.T.);
#455=FACE_OUTER_BOUND('',#788,.T.);
#456=FACE_OUTER_BOUND('',#789,.T.);
#457=FACE_OUTER_BOUND('',#790,.T.);
#458=FACE_OUTER_BOUND('',#791,.T.);
#459=FACE_OUTER_BOUND('',#792,.T.);
#460=FACE_OUTER_BOUND('',#793,.T.);
#461=FACE_OUTER_BOUND('',#794,.T.);
#462=FACE_OUTER_BOUND('',#795,.T.);
#463=FACE_OUTER_BOUND('',#797,.T.);
#464=FACE_OUTER_BOUND('',#799,.T.);
#465=FACE_OUTER_BOUND('',#801,.T.);
#466=FACE_OUTER_BOUND('',#802,.T.);
#467=FACE_OUTER_BOUND('',#804,.T.);
#468=FACE_OUTER_BOUND('',#805,.T.);
#469=FACE_OUTER_BOUND('',#806,.T.);
#470=FACE_OUTER_BOUND('',#807,.T.);
#471=FACE_OUTER_BOUND('',#808,.T.);
#472=FACE_OUTER_BOUND('',#809,.T.);
#473=FACE_OUTER_BOUND('',#810,.T.);
#474=FACE_OUTER_BOUND('',#811,.T.);
#475=FACE_OUTER_BOUND('',#812,.T.);
#476=FACE_OUTER_BOUND('',#813,.T.);
#477=FACE_OUTER_BOUND('',#814,.T.);
#478=FACE_OUTER_BOUND('',#815,.T.);
#479=FACE_OUTER_BOUND('',#816,.T.);
#480=FACE_OUTER_BOUND('',#817,.T.);
#481=FACE_OUTER_BOUND('',#818,.T.);
#482=FACE_OUTER_BOUND('',#819,.T.);
#483=FACE_OUTER_BOUND('',#820,.T.);
#484=FACE_OUTER_BOUND('',#821,.T.);
#485=FACE_OUTER_BOUND('',#822,.T.);
#486=FACE_OUTER_BOUND('',#823,.T.);
#487=FACE_OUTER_BOUND('',#824,.T.);
#488=FACE_OUTER_BOUND('',#825,.T.);
#489=FACE_OUTER_BOUND('',#826,.T.);
#490=FACE_OUTER_BOUND('',#827,.T.);
#491=FACE_OUTER_BOUND('',#828,.T.);
#492=FACE_OUTER_BOUND('',#829,.T.);
#493=FACE_OUTER_BOUND('',#830,.T.);
#494=FACE_OUTER_BOUND('',#831,.T.);
#495=FACE_OUTER_BOUND('',#832,.T.);
#496=FACE_OUTER_BOUND('',#833,.T.);
#497=FACE_OUTER_BOUND('',#834,.T.);
#498=FACE_OUTER_BOUND('',#835,.T.);
#499=FACE_OUTER_BOUND('',#836,.T.);
#500=FACE_OUTER_BOUND('',#838,.T.);
#501=FACE_OUTER_BOUND('',#839,.T.);
#502=FACE_OUTER_BOUND('',#840,.T.);
#503=FACE_OUTER_BOUND('',#841,.T.);
#504=FACE_OUTER_BOUND('',#842,.T.);
#505=FACE_OUTER_BOUND('',#843,.T.);
#506=FACE_OUTER_BOUND('',#844,.T.);
#507=FACE_OUTER_BOUND('',#845,.T.);
#508=FACE_OUTER_BOUND('',#846,.T.);
#509=FACE_OUTER_BOUND('',#847,.T.);
#510=FACE_OUTER_BOUND('',#848,.T.);
#511=FACE_OUTER_BOUND('',#849,.T.);
#512=FACE_OUTER_BOUND('',#850,.T.);
#513=FACE_OUTER_BOUND('',#851,.T.);
#514=FACE_OUTER_BOUND('',#852,.T.);
#515=FACE_OUTER_BOUND('',#853,.T.);
#516=FACE_OUTER_BOUND('',#854,.T.);
#517=FACE_OUTER_BOUND('',#855,.T.);
#518=FACE_OUTER_BOUND('',#856,.T.);
#519=FACE_OUTER_BOUND('',#857,.T.);
#520=FACE_OUTER_BOUND('',#858,.T.);
#521=FACE_OUTER_BOUND('',#859,.T.);
#522=FACE_OUTER_BOUND('',#860,.T.);
#523=FACE_OUTER_BOUND('',#861,.T.);
#524=FACE_OUTER_BOUND('',#862,.T.);
#525=FACE_OUTER_BOUND('',#863,.T.);
#526=FACE_OUTER_BOUND('',#865,.T.);
#527=FACE_OUTER_BOUND('',#866,.T.);
#528=FACE_OUTER_BOUND('',#867,.T.);
#529=FACE_OUTER_BOUND('',#868,.T.);
#530=FACE_OUTER_BOUND('',#869,.T.);
#531=FACE_OUTER_BOUND('',#870,.T.);
#532=FACE_OUTER_BOUND('',#871,.T.);
#533=FACE_OUTER_BOUND('',#872,.T.);
#534=FACE_OUTER_BOUND('',#873,.T.);
#535=FACE_OUTER_BOUND('',#874,.T.);
#536=FACE_OUTER_BOUND('',#875,.T.);
#537=FACE_OUTER_BOUND('',#876,.T.);
#538=FACE_OUTER_BOUND('',#877,.T.);
#539=FACE_OUTER_BOUND('',#878,.T.);
#540=FACE_OUTER_BOUND('',#879,.T.);
#541=FACE_OUTER_BOUND('',#880,.T.);
#542=FACE_OUTER_BOUND('',#881,.T.);
#543=FACE_OUTER_BOUND('',#882,.T.);
#544=FACE_OUTER_BOUND('',#883,.T.);
#545=FACE_OUTER_BOUND('',#884,.T.);
#546=FACE_OUTER_BOUND('',#885,.T.);
#547=FACE_OUTER_BOUND('',#886,.T.);
#548=FACE_OUTER_BOUND('',#887,.T.);
#549=FACE_OUTER_BOUND('',#888,.T.);
#550=FACE_OUTER_BOUND('',#889,.T.);
#551=FACE_OUTER_BOUND('',#890,.T.);
#552=FACE_OUTER_BOUND('',#891,.T.);
#553=FACE_OUTER_BOUND('',#892,.T.);
#554=FACE_OUTER_BOUND('',#893,.T.);
#555=FACE_OUTER_BOUND('',#894,.T.);
#556=FACE_OUTER_BOUND('',#895,.T.);
#557=FACE_OUTER_BOUND('',#896,.T.);
#558=FACE_OUTER_BOUND('',#897,.T.);
#559=FACE_OUTER_BOUND('',#898,.T.);
#560=FACE_OUTER_BOUND('',#899,.T.);
#561=FACE_OUTER_BOUND('',#900,.T.);
#562=FACE_OUTER_BOUND('',#901,.T.);
#563=FACE_OUTER_BOUND('',#902,.T.);
#564=FACE_OUTER_BOUND('',#903,.T.);
#565=FACE_OUTER_BOUND('',#904,.T.);
#566=FACE_OUTER_BOUND('',#905,.T.);
#567=FACE_OUTER_BOUND('',#906,.T.);
#568=FACE_OUTER_BOUND('',#907,.T.);
#569=FACE_OUTER_BOUND('',#910,.T.);
#570=FACE_OUTER_BOUND('',#911,.T.);
#571=FACE_OUTER_BOUND('',#912,.T.);
#572=FACE_OUTER_BOUND('',#913,.T.);
#573=FACE_OUTER_BOUND('',#914,.T.);
#574=FACE_OUTER_BOUND('',#915,.T.);
#575=FACE_OUTER_BOUND('',#916,.T.);
#576=FACE_OUTER_BOUND('',#917,.T.);
#577=FACE_OUTER_BOUND('',#918,.T.);
#578=FACE_OUTER_BOUND('',#919,.T.);
#579=FACE_OUTER_BOUND('',#920,.T.);
#580=FACE_OUTER_BOUND('',#921,.T.);
#581=FACE_OUTER_BOUND('',#922,.T.);
#582=FACE_OUTER_BOUND('',#923,.T.);
#583=FACE_OUTER_BOUND('',#924,.T.);
#584=FACE_OUTER_BOUND('',#925,.T.);
#585=FACE_OUTER_BOUND('',#926,.T.);
#586=FACE_OUTER_BOUND('',#927,.T.);
#587=FACE_OUTER_BOUND('',#928,.T.);
#588=FACE_OUTER_BOUND('',#929,.T.);
#589=FACE_OUTER_BOUND('',#930,.T.);
#590=FACE_OUTER_BOUND('',#931,.T.);
#591=FACE_OUTER_BOUND('',#932,.T.);
#592=FACE_OUTER_BOUND('',#933,.T.);
#593=FACE_OUTER_BOUND('',#934,.T.);
#594=FACE_OUTER_BOUND('',#935,.T.);
#595=FACE_OUTER_BOUND('',#936,.T.);
#596=FACE_OUTER_BOUND('',#937,.T.);
#597=FACE_OUTER_BOUND('',#938,.T.);
#598=FACE_OUTER_BOUND('',#939,.T.);
#599=FACE_OUTER_BOUND('',#940,.T.);
#600=FACE_OUTER_BOUND('',#941,.T.);
#601=FACE_OUTER_BOUND('',#942,.T.);
#602=FACE_OUTER_BOUND('',#943,.T.);
#603=FACE_OUTER_BOUND('',#944,.T.);
#604=FACE_OUTER_BOUND('',#945,.T.);
#605=FACE_OUTER_BOUND('',#946,.T.);
#606=FACE_OUTER_BOUND('',#947,.T.);
#607=FACE_OUTER_BOUND('',#948,.T.);
#608=FACE_OUTER_BOUND('',#949,.T.);
#609=FACE_OUTER_BOUND('',#950,.T.);
#610=FACE_OUTER_BOUND('',#951,.T.);
#611=FACE_OUTER_BOUND('',#953,.T.);
#612=FACE_OUTER_BOUND('',#954,.T.);
#613=FACE_OUTER_BOUND('',#956,.T.);
#614=FACE_OUTER_BOUND('',#957,.T.);
#615=FACE_OUTER_BOUND('',#958,.T.);
#616=FACE_OUTER_BOUND('',#959,.T.);
#617=FACE_OUTER_BOUND('',#960,.T.);
#618=FACE_OUTER_BOUND('',#961,.T.);
#619=FACE_OUTER_BOUND('',#962,.T.);
#620=FACE_OUTER_BOUND('',#963,.T.);
#621=FACE_OUTER_BOUND('',#964,.T.);
#622=FACE_OUTER_BOUND('',#965,.T.);
#623=FACE_OUTER_BOUND('',#967,.T.);
#624=FACE_OUTER_BOUND('',#968,.T.);
#625=FACE_OUTER_BOUND('',#969,.T.);
#626=FACE_OUTER_BOUND('',#971,.T.);
#627=FACE_OUTER_BOUND('',#973,.T.);
#628=FACE_OUTER_BOUND('',#974,.T.);
#629=FACE_OUTER_BOUND('',#975,.T.);
#630=FACE_OUTER_BOUND('',#976,.T.);
#631=FACE_OUTER_BOUND('',#977,.T.);
#632=FACE_OUTER_BOUND('',#978,.T.);
#633=FACE_OUTER_BOUND('',#979,.T.);
#634=FACE_OUTER_BOUND('',#980,.T.);
#635=FACE_OUTER_BOUND('',#981,.T.);
#636=FACE_OUTER_BOUND('',#982,.T.);
#637=FACE_OUTER_BOUND('',#983,.T.);
#638=FACE_OUTER_BOUND('',#985,.T.);
#639=FACE_OUTER_BOUND('',#987,.T.);
#640=FACE_OUTER_BOUND('',#989,.T.);
#641=FACE_OUTER_BOUND('',#990,.T.);
#642=FACE_OUTER_BOUND('',#991,.T.);
#643=FACE_OUTER_BOUND('',#992,.T.);
#644=FACE_OUTER_BOUND('',#993,.T.);
#645=FACE_OUTER_BOUND('',#994,.T.);
#646=FACE_OUTER_BOUND('',#995,.T.);
#647=FACE_OUTER_BOUND('',#996,.T.);
#648=FACE_OUTER_BOUND('',#997,.T.);
#649=FACE_OUTER_BOUND('',#998,.T.);
#650=FACE_OUTER_BOUND('',#999,.T.);
#651=FACE_OUTER_BOUND('',#1000,.T.);
#652=FACE_OUTER_BOUND('',#1001,.T.);
#653=FACE_OUTER_BOUND('',#1002,.T.);
#654=FACE_OUTER_BOUND('',#1003,.T.);
#655=FACE_OUTER_BOUND('',#1004,.T.);
#656=FACE_OUTER_BOUND('',#1005,.T.);
#657=FACE_OUTER_BOUND('',#1006,.T.);
#658=FACE_OUTER_BOUND('',#1007,.T.);
#659=FACE_OUTER_BOUND('',#1008,.T.);
#660=FACE_OUTER_BOUND('',#1009,.T.);
#661=FACE_OUTER_BOUND('',#1010,.T.);
#662=FACE_OUTER_BOUND('',#1011,.T.);
#663=FACE_OUTER_BOUND('',#1012,.T.);
#664=FACE_OUTER_BOUND('',#1013,.T.);
#665=FACE_OUTER_BOUND('',#1014,.T.);
#666=FACE_OUTER_BOUND('',#1015,.T.);
#667=FACE_OUTER_BOUND('',#1016,.T.);
#668=FACE_OUTER_BOUND('',#1017,.T.);
#669=FACE_OUTER_BOUND('',#1018,.T.);
#670=FACE_OUTER_BOUND('',#1019,.T.);
#671=FACE_OUTER_BOUND('',#1020,.T.);
#672=FACE_OUTER_BOUND('',#1021,.T.);
#673=FACE_OUTER_BOUND('',#1022,.T.);
#674=FACE_OUTER_BOUND('',#1023,.T.);
#675=FACE_OUTER_BOUND('',#1024,.T.);
#676=FACE_OUTER_BOUND('',#1025,.T.);
#677=FACE_OUTER_BOUND('',#1026,.T.);
#678=FACE_OUTER_BOUND('',#1027,.T.);
#679=FACE_OUTER_BOUND('',#1028,.T.);
#680=FACE_OUTER_BOUND('',#1029,.T.);
#681=FACE_OUTER_BOUND('',#1030,.T.);
#682=FACE_OUTER_BOUND('',#1031,.T.);
#683=FACE_OUTER_BOUND('',#1032,.T.);
#684=FACE_OUTER_BOUND('',#1033,.T.);
#685=FACE_OUTER_BOUND('',#1034,.T.);
#686=FACE_OUTER_BOUND('',#1035,.T.);
#687=FACE_OUTER_BOUND('',#1036,.T.);
#688=FACE_OUTER_BOUND('',#1037,.T.);
#689=FACE_OUTER_BOUND('',#1038,.T.);
#690=FACE_OUTER_BOUND('',#1039,.T.);
#691=FACE_OUTER_BOUND('',#1040,.T.);
#692=FACE_OUTER_BOUND('',#1041,.T.);
#693=FACE_OUTER_BOUND('',#1042,.T.);
#694=FACE_OUTER_BOUND('',#1043,.T.);
#695=FACE_OUTER_BOUND('',#1044,.T.);
#696=FACE_OUTER_BOUND('',#1045,.T.);
#697=FACE_OUTER_BOUND('',#1046,.T.);
#698=FACE_OUTER_BOUND('',#1047,.T.);
#699=FACE_OUTER_BOUND('',#1048,.T.);
#700=FACE_OUTER_BOUND('',#1049,.T.);
#701=FACE_OUTER_BOUND('',#1050,.T.);
#702=FACE_OUTER_BOUND('',#1051,.T.);
#703=EDGE_LOOP('',(#3769,#3770,#3771,#3772));
#704=EDGE_LOOP('',(#3773));
#705=EDGE_LOOP('',(#3774,#3775,#3776,#3777,#3778,#3779,#3780,#3781,#3782,
#3783,#3784,#3785));
#706=EDGE_LOOP('',(#3786));
#707=EDGE_LOOP('',(#3787));
#708=EDGE_LOOP('',(#3788,#3789,#3790,#3791,#3792,#3793,#3794,#3795,#3796));
#709=EDGE_LOOP('',(#3797,#3798,#3799,#3800));
#710=EDGE_LOOP('',(#3801,#3802,#3803,#3804,#3805,#3806,#3807,#3808,#3809,
#3810,#3811,#3812));
#711=EDGE_LOOP('',(#3813,#3814,#3815,#3816,#3817,#3818,#3819,#3820,#3821,
#3822,#3823,#3824));
#712=EDGE_LOOP('',(#3825,#3826,#3827,#3828));
#713=EDGE_LOOP('',(#3829,#3830,#3831,#3832));
#714=EDGE_LOOP('',(#3833,#3834,#3835,#3836));
#715=EDGE_LOOP('',(#3837,#3838,#3839,#3840));
#716=EDGE_LOOP('',(#3841,#3842,#3843));
#717=EDGE_LOOP('',(#3844,#3845,#3846,#3847));
#718=EDGE_LOOP('',(#3848,#3849,#3850,#3851));
#719=EDGE_LOOP('',(#3852,#3853,#3854,#3855,#3856,#3857,#3858));
#720=EDGE_LOOP('',(#3859,#3860,#3861,#3862,#3863,#3864,#3865));
#721=EDGE_LOOP('',(#3866,#3867,#3868,#3869));
#722=EDGE_LOOP('',(#3870,#3871,#3872,#3873));
#723=EDGE_LOOP('',(#3874,#3875,#3876));
#724=EDGE_LOOP('',(#3877,#3878,#3879,#3880));
#725=EDGE_LOOP('',(#3881,#3882,#3883,#3884,#3885,#3886,#3887));
#726=EDGE_LOOP('',(#3888,#3889,#3890));
#727=EDGE_LOOP('',(#3891,#3892,#3893,#3894,#3895));
#728=EDGE_LOOP('',(#3896,#3897,#3898,#3899,#3900));
#729=EDGE_LOOP('',(#3901,#3902,#3903,#3904,#3905,#3906,#3907,#3908,#3909,
#3910));
#730=EDGE_LOOP('',(#3911,#3912,#3913,#3914,#3915,#3916,#3917));
#731=EDGE_LOOP('',(#3918,#3919,#3920,#3921,#3922,#3923,#3924,#3925,#3926,
#3927,#3928,#3929,#3930,#3931,#3932,#3933,#3934,#3935,#3936));
#732=EDGE_LOOP('',(#3937));
#733=EDGE_LOOP('',(#3938,#3939,#3940,#3941,#3942,#3943,#3944,#3945,#3946,
#3947,#3948,#3949));
#734=EDGE_LOOP('',(#3950,#3951,#3952,#3953,#3954,#3955,#3956,#3957));
#735=EDGE_LOOP('',(#3958,#3959,#3960,#3961));
#736=EDGE_LOOP('',(#3962,#3963,#3964,#3965,#3966,#3967,#3968,#3969,#3970,
#3971));
#737=EDGE_LOOP('',(#3972,#3973,#3974,#3975,#3976,#3977,#3978,#3979,#3980,
#3981,#3982,#3983));
#738=EDGE_LOOP('',(#3984,#3985,#3986,#3987,#3988,#3989));
#739=EDGE_LOOP('',(#3990,#3991,#3992,#3993));
#740=EDGE_LOOP('',(#3994,#3995,#3996,#3997));
#741=EDGE_LOOP('',(#3998,#3999,#4000,#4001,#4002,#4003,#4004,#4005));
#742=EDGE_LOOP('',(#4006,#4007,#4008,#4009,#4010,#4011,#4012,#4013,#4014,
#4015,#4016,#4017,#4018));
#743=EDGE_LOOP('',(#4019,#4020,#4021,#4022,#4023,#4024,#4025,#4026));
#744=EDGE_LOOP('',(#4027,#4028,#4029,#4030));
#745=EDGE_LOOP('',(#4031,#4032,#4033,#4034,#4035,#4036,#4037,#4038,#4039,
#4040,#4041,#4042,#4043,#4044));
#746=EDGE_LOOP('',(#4045,#4046,#4047,#4048,#4049,#4050,#4051,#4052,#4053,
#4054));
#747=EDGE_LOOP('',(#4055,#4056,#4057,#4058,#4059,#4060,#4061,#4062,#4063,
#4064,#4065,#4066,#4067,#4068,#4069));
#748=EDGE_LOOP('',(#4070,#4071,#4072,#4073,#4074,#4075));
#749=EDGE_LOOP('',(#4076,#4077,#4078,#4079));
#750=EDGE_LOOP('',(#4080,#4081,#4082,#4083));
#751=EDGE_LOOP('',(#4084,#4085,#4086,#4087));
#752=EDGE_LOOP('',(#4088,#4089,#4090,#4091));
#753=EDGE_LOOP('',(#4092,#4093,#4094,#4095,#4096,#4097,#4098,#4099));
#754=EDGE_LOOP('',(#4100,#4101,#4102,#4103));
#755=EDGE_LOOP('',(#4104,#4105,#4106,#4107));
#756=EDGE_LOOP('',(#4108,#4109,#4110,#4111));
#757=EDGE_LOOP('',(#4112,#4113,#4114,#4115,#4116,#4117,#4118));
#758=EDGE_LOOP('',(#4119,#4120,#4121,#4122));
#759=EDGE_LOOP('',(#4123,#4124,#4125,#4126,#4127));
#760=EDGE_LOOP('',(#4128,#4129,#4130,#4131,#4132,#4133));
#761=EDGE_LOOP('',(#4134,#4135,#4136,#4137,#4138,#4139,#4140));
#762=EDGE_LOOP('',(#4141,#4142,#4143,#4144,#4145,#4146));
#763=EDGE_LOOP('',(#4147,#4148,#4149,#4150,#4151));
#764=EDGE_LOOP('',(#4152,#4153,#4154,#4155,#4156,#4157,#4158,#4159,#4160,
#4161,#4162,#4163,#4164,#4165,#4166,#4167,#4168,#4169,#4170,#4171,#4172,
#4173,#4174,#4175,#4176,#4177,#4178,#4179,#4180,#4181,#4182,#4183,#4184,
#4185,#4186,#4187,#4188));
#765=EDGE_LOOP('',(#4189,#4190,#4191,#4192,#4193,#4194,#4195,#4196,#4197,
#4198,#4199,#4200));
#766=EDGE_LOOP('',(#4201,#4202,#4203,#4204));
#767=EDGE_LOOP('',(#4205));
#768=EDGE_LOOP('',(#4206));
#769=EDGE_LOOP('',(#4207));
#770=EDGE_LOOP('',(#4208,#4209,#4210,#4211,#4212,#4213));
#771=EDGE_LOOP('',(#4214,#4215,#4216,#4217,#4218,#4219));
#772=EDGE_LOOP('',(#4220,#4221,#4222,#4223,#4224,#4225));
#773=EDGE_LOOP('',(#4226,#4227,#4228,#4229));
#774=EDGE_LOOP('',(#4230,#4231,#4232,#4233));
#775=EDGE_LOOP('',(#4234,#4235,#4236,#4237));
#776=EDGE_LOOP('',(#4238,#4239,#4240,#4241));
#777=EDGE_LOOP('',(#4242,#4243,#4244,#4245));
#778=EDGE_LOOP('',(#4246,#4247,#4248,#4249));
#779=EDGE_LOOP('',(#4250,#4251,#4252,#4253,#4254,#4255));
#780=EDGE_LOOP('',(#4256,#4257,#4258,#4259));
#781=EDGE_LOOP('',(#4260,#4261,#4262,#4263,#4264,#4265));
#782=EDGE_LOOP('',(#4266,#4267,#4268,#4269,#4270,#4271));
#783=EDGE_LOOP('',(#4272,#4273,#4274,#4275,#4276,#4277));
#784=EDGE_LOOP('',(#4278,#4279,#4280,#4281));
#785=EDGE_LOOP('',(#4282,#4283,#4284,#4285));
#786=EDGE_LOOP('',(#4286,#4287,#4288,#4289));
#787=EDGE_LOOP('',(#4290,#4291,#4292,#4293));
#788=EDGE_LOOP('',(#4294,#4295,#4296,#4297));
#789=EDGE_LOOP('',(#4298,#4299,#4300,#4301));
#790=EDGE_LOOP('',(#4302,#4303,#4304,#4305,#4306,#4307));
#791=EDGE_LOOP('',(#4308,#4309,#4310,#4311));
#792=EDGE_LOOP('',(#4312,#4313,#4314,#4315));
#793=EDGE_LOOP('',(#4316,#4317,#4318,#4319));
#794=EDGE_LOOP('',(#4320,#4321,#4322,#4323));
#795=EDGE_LOOP('',(#4324,#4325,#4326,#4327));
#796=EDGE_LOOP('',(#4328));
#797=EDGE_LOOP('',(#4329,#4330,#4331,#4332,#4333,#4334,#4335,#4336));
#798=EDGE_LOOP('',(#4337));
#799=EDGE_LOOP('',(#4338,#4339,#4340,#4341));
#800=EDGE_LOOP('',(#4342));
#801=EDGE_LOOP('',(#4343,#4344,#4345,#4346,#4347,#4348));
#802=EDGE_LOOP('',(#4349));
#803=EDGE_LOOP('',(#4350));
#804=EDGE_LOOP('',(#4351,#4352,#4353,#4354,#4355,#4356));
#805=EDGE_LOOP('',(#4357,#4358,#4359,#4360,#4361,#4362,#4363,#4364));
#806=EDGE_LOOP('',(#4365,#4366,#4367,#4368));
#807=EDGE_LOOP('',(#4369,#4370,#4371,#4372,#4373));
#808=EDGE_LOOP('',(#4374,#4375,#4376,#4377,#4378));
#809=EDGE_LOOP('',(#4379,#4380,#4381,#4382,#4383,#4384,#4385,#4386));
#810=EDGE_LOOP('',(#4387,#4388,#4389,#4390));
#811=EDGE_LOOP('',(#4391,#4392,#4393,#4394,#4395,#4396,#4397,#4398,#4399));
#812=EDGE_LOOP('',(#4400,#4401,#4402,#4403,#4404,#4405));
#813=EDGE_LOOP('',(#4406,#4407,#4408,#4409,#4410));
#814=EDGE_LOOP('',(#4411,#4412,#4413,#4414,#4415,#4416,#4417,#4418,#4419,
#4420,#4421,#4422,#4423,#4424,#4425));
#815=EDGE_LOOP('',(#4426,#4427,#4428,#4429,#4430,#4431,#4432));
#816=EDGE_LOOP('',(#4433,#4434,#4435,#4436));
#817=EDGE_LOOP('',(#4437,#4438,#4439,#4440,#4441,#4442));
#818=EDGE_LOOP('',(#4443,#4444,#4445,#4446,#4447));
#819=EDGE_LOOP('',(#4448,#4449,#4450));
#820=EDGE_LOOP('',(#4451,#4452,#4453,#4454,#4455,#4456,#4457,#4458,#4459,
#4460));
#821=EDGE_LOOP('',(#4461,#4462,#4463,#4464));
#822=EDGE_LOOP('',(#4465,#4466,#4467,#4468,#4469,#4470));
#823=EDGE_LOOP('',(#4471,#4472,#4473,#4474,#4475,#4476));
#824=EDGE_LOOP('',(#4477,#4478,#4479,#4480));
#825=EDGE_LOOP('',(#4481,#4482,#4483,#4484));
#826=EDGE_LOOP('',(#4485,#4486,#4487,#4488));
#827=EDGE_LOOP('',(#4489,#4490,#4491,#4492,#4493,#4494));
#828=EDGE_LOOP('',(#4495,#4496,#4497,#4498));
#829=EDGE_LOOP('',(#4499,#4500,#4501,#4502));
#830=EDGE_LOOP('',(#4503,#4504,#4505,#4506,#4507,#4508,#4509,#4510,#4511));
#831=EDGE_LOOP('',(#4512,#4513,#4514,#4515,#4516));
#832=EDGE_LOOP('',(#4517,#4518,#4519,#4520,#4521,#4522,#4523,#4524,#4525,
#4526,#4527,#4528));
#833=EDGE_LOOP('',(#4529,#4530,#4531,#4532,#4533,#4534,#4535,#4536,#4537,
#4538,#4539,#4540,#4541,#4542,#4543));
#834=EDGE_LOOP('',(#4544,#4545,#4546,#4547,#4548,#4549));
#835=EDGE_LOOP('',(#4550,#4551,#4552,#4553));
#836=EDGE_LOOP('',(#4554));
#837=EDGE_LOOP('',(#4555));
#838=EDGE_LOOP('',(#4556,#4557,#4558,#4559));
#839=EDGE_LOOP('',(#4560,#4561,#4562,#4563));
#840=EDGE_LOOP('',(#4564,#4565,#4566,#4567));
#841=EDGE_LOOP('',(#4568,#4569,#4570,#4571,#4572));
#842=EDGE_LOOP('',(#4573,#4574,#4575,#4576));
#843=EDGE_LOOP('',(#4577));
#844=EDGE_LOOP('',(#4578,#4579,#4580,#4581,#4582));
#845=EDGE_LOOP('',(#4583,#4584,#4585,#4586));
#846=EDGE_LOOP('',(#4587,#4588,#4589,#4590));
#847=EDGE_LOOP('',(#4591,#4592,#4593,#4594,#4595));
#848=EDGE_LOOP('',(#4596,#4597,#4598,#4599,#4600,#4601));
#849=EDGE_LOOP('',(#4602,#4603,#4604,#4605,#4606));
#850=EDGE_LOOP('',(#4607,#4608,#4609,#4610));
#851=EDGE_LOOP('',(#4611,#4612,#4613,#4614,#4615,#4616,#4617,#4618,#4619,
#4620,#4621,#4622,#4623,#4624,#4625,#4626));
#852=EDGE_LOOP('',(#4627,#4628,#4629,#4630));
#853=EDGE_LOOP('',(#4631,#4632,#4633,#4634));
#854=EDGE_LOOP('',(#4635,#4636,#4637,#4638));
#855=EDGE_LOOP('',(#4639,#4640,#4641,#4642,#4643,#4644));
#856=EDGE_LOOP('',(#4645,#4646,#4647,#4648));
#857=EDGE_LOOP('',(#4649,#4650,#4651,#4652,#4653,#4654));
#858=EDGE_LOOP('',(#4655,#4656,#4657));
#859=EDGE_LOOP('',(#4658,#4659,#4660));
#860=EDGE_LOOP('',(#4661,#4662,#4663,#4664));
#861=EDGE_LOOP('',(#4665,#4666,#4667,#4668,#4669,#4670));
#862=EDGE_LOOP('',(#4671,#4672,#4673));
#863=EDGE_LOOP('',(#4674,#4675,#4676,#4677,#4678,#4679,#4680,#4681,#4682,
#4683,#4684,#4685));
#864=EDGE_LOOP('',(#4686,#4687));
#865=EDGE_LOOP('',(#4688,#4689,#4690,#4691,#4692));
#866=EDGE_LOOP('',(#4693,#4694,#4695,#4696));
#867=EDGE_LOOP('',(#4697,#4698,#4699,#4700));
#868=EDGE_LOOP('',(#4701,#4702,#4703,#4704,#4705,#4706,#4707,#4708));
#869=EDGE_LOOP('',(#4709,#4710,#4711,#4712,#4713));
#870=EDGE_LOOP('',(#4714,#4715,#4716,#4717));
#871=EDGE_LOOP('',(#4718,#4719,#4720,#4721));
#872=EDGE_LOOP('',(#4722,#4723,#4724,#4725));
#873=EDGE_LOOP('',(#4726,#4727,#4728,#4729));
#874=EDGE_LOOP('',(#4730,#4731,#4732,#4733));
#875=EDGE_LOOP('',(#4734,#4735,#4736,#4737));
#876=EDGE_LOOP('',(#4738,#4739,#4740,#4741));
#877=EDGE_LOOP('',(#4742,#4743,#4744,#4745));
#878=EDGE_LOOP('',(#4746,#4747,#4748,#4749));
#879=EDGE_LOOP('',(#4750,#4751,#4752,#4753,#4754));
#880=EDGE_LOOP('',(#4755,#4756,#4757,#4758));
#881=EDGE_LOOP('',(#4759,#4760,#4761,#4762,#4763));
#882=EDGE_LOOP('',(#4764,#4765,#4766,#4767));
#883=EDGE_LOOP('',(#4768,#4769,#4770,#4771,#4772,#4773));
#884=EDGE_LOOP('',(#4774,#4775,#4776,#4777,#4778));
#885=EDGE_LOOP('',(#4779,#4780,#4781,#4782,#4783,#4784,#4785,#4786,#4787));
#886=EDGE_LOOP('',(#4788,#4789,#4790,#4791,#4792,#4793,#4794,#4795,#4796));
#887=EDGE_LOOP('',(#4797,#4798,#4799,#4800,#4801,#4802,#4803,#4804));
#888=EDGE_LOOP('',(#4805,#4806,#4807,#4808));
#889=EDGE_LOOP('',(#4809,#4810,#4811,#4812,#4813));
#890=EDGE_LOOP('',(#4814,#4815,#4816,#4817));
#891=EDGE_LOOP('',(#4818,#4819,#4820,#4821,#4822));
#892=EDGE_LOOP('',(#4823,#4824,#4825,#4826,#4827));
#893=EDGE_LOOP('',(#4828,#4829,#4830,#4831,#4832,#4833,#4834,#4835,#4836,
#4837));
#894=EDGE_LOOP('',(#4838,#4839,#4840,#4841));
#895=EDGE_LOOP('',(#4842,#4843,#4844,#4845,#4846));
#896=EDGE_LOOP('',(#4847,#4848,#4849,#4850));
#897=EDGE_LOOP('',(#4851,#4852,#4853,#4854));
#898=EDGE_LOOP('',(#4855,#4856,#4857,#4858,#4859,#4860,#4861,#4862,#4863));
#899=EDGE_LOOP('',(#4864,#4865,#4866,#4867,#4868,#4869,#4870,#4871,#4872,
#4873,#4874));
#900=EDGE_LOOP('',(#4875,#4876,#4877,#4878,#4879,#4880));
#901=EDGE_LOOP('',(#4881,#4882,#4883));
#902=EDGE_LOOP('',(#4884,#4885,#4886,#4887));
#903=EDGE_LOOP('',(#4888,#4889,#4890,#4891,#4892,#4893,#4894));
#904=EDGE_LOOP('',(#4895,#4896,#4897,#4898,#4899,#4900,#4901,#4902,#4903,
#4904,#4905,#4906));
#905=EDGE_LOOP('',(#4907,#4908,#4909,#4910,#4911,#4912,#4913));
#906=EDGE_LOOP('',(#4914,#4915,#4916,#4917,#4918));
#907=EDGE_LOOP('',(#4919,#4920,#4921,#4922,#4923,#4924));
#908=EDGE_LOOP('',(#4925));
#909=EDGE_LOOP('',(#4926));
#910=EDGE_LOOP('',(#4927,#4928,#4929,#4930));
#911=EDGE_LOOP('',(#4931,#4932,#4933,#4934));
#912=EDGE_LOOP('',(#4935,#4936,#4937,#4938,#4939,#4940,#4941,#4942,#4943,
#4944));
#913=EDGE_LOOP('',(#4945,#4946,#4947,#4948));
#914=EDGE_LOOP('',(#4949,#4950,#4951,#4952));
#915=EDGE_LOOP('',(#4953,#4954,#4955,#4956,#4957));
#916=EDGE_LOOP('',(#4958,#4959,#4960,#4961,#4962,#4963,#4964,#4965));
#917=EDGE_LOOP('',(#4966,#4967,#4968,#4969,#4970,#4971,#4972));
#918=EDGE_LOOP('',(#4973,#4974,#4975));
#919=EDGE_LOOP('',(#4976,#4977,#4978,#4979,#4980,#4981,#4982,#4983,#4984));
#920=EDGE_LOOP('',(#4985,#4986,#4987,#4988,#4989));
#921=EDGE_LOOP('',(#4990,#4991,#4992,#4993,#4994,#4995,#4996,#4997,#4998,
#4999,#5000,#5001));
#922=EDGE_LOOP('',(#5002,#5003,#5004,#5005,#5006,#5007));
#923=EDGE_LOOP('',(#5008,#5009,#5010,#5011,#5012));
#924=EDGE_LOOP('',(#5013,#5014,#5015,#5016));
#925=EDGE_LOOP('',(#5017,#5018,#5019,#5020));
#926=EDGE_LOOP('',(#5021,#5022,#5023,#5024));
#927=EDGE_LOOP('',(#5025,#5026,#5027,#5028,#5029,#5030));
#928=EDGE_LOOP('',(#5031,#5032,#5033));
#929=EDGE_LOOP('',(#5034,#5035,#5036,#5037));
#930=EDGE_LOOP('',(#5038,#5039,#5040,#5041));
#931=EDGE_LOOP('',(#5042,#5043,#5044,#5045));
#932=EDGE_LOOP('',(#5046,#5047,#5048,#5049));
#933=EDGE_LOOP('',(#5050,#5051,#5052,#5053));
#934=EDGE_LOOP('',(#5054,#5055,#5056,#5057,#5058));
#935=EDGE_LOOP('',(#5059,#5060,#5061,#5062));
#936=EDGE_LOOP('',(#5063,#5064,#5065,#5066));
#937=EDGE_LOOP('',(#5067,#5068,#5069,#5070));
#938=EDGE_LOOP('',(#5071,#5072,#5073,#5074));
#939=EDGE_LOOP('',(#5075,#5076,#5077,#5078));
#940=EDGE_LOOP('',(#5079,#5080,#5081,#5082));
#941=EDGE_LOOP('',(#5083,#5084,#5085,#5086));
#942=EDGE_LOOP('',(#5087,#5088,#5089,#5090));
#943=EDGE_LOOP('',(#5091,#5092,#5093,#5094));
#944=EDGE_LOOP('',(#5095,#5096,#5097,#5098));
#945=EDGE_LOOP('',(#5099,#5100,#5101,#5102));
#946=EDGE_LOOP('',(#5103,#5104,#5105,#5106));
#947=EDGE_LOOP('',(#5107,#5108,#5109,#5110));
#948=EDGE_LOOP('',(#5111,#5112,#5113,#5114));
#949=EDGE_LOOP('',(#5115,#5116,#5117,#5118));
#950=EDGE_LOOP('',(#5119,#5120,#5121,#5122));
#951=EDGE_LOOP('',(#5123));
#952=EDGE_LOOP('',(#5124));
#953=EDGE_LOOP('',(#5125,#5126,#5127,#5128));
#954=EDGE_LOOP('',(#5129));
#955=EDGE_LOOP('',(#5130));
#956=EDGE_LOOP('',(#5131,#5132,#5133,#5134,#5135));
#957=EDGE_LOOP('',(#5136,#5137,#5138,#5139));
#958=EDGE_LOOP('',(#5140,#5141,#5142,#5143,#5144));
#959=EDGE_LOOP('',(#5145,#5146,#5147,#5148));
#960=EDGE_LOOP('',(#5149));
#961=EDGE_LOOP('',(#5150));
#962=EDGE_LOOP('',(#5151,#5152,#5153,#5154));
#963=EDGE_LOOP('',(#5155,#5156,#5157,#5158));
#964=EDGE_LOOP('',(#5159,#5160,#5161,#5162));
#965=EDGE_LOOP('',(#5163));
#966=EDGE_LOOP('',(#5164));
#967=EDGE_LOOP('',(#5165,#5166,#5167,#5168));
#968=EDGE_LOOP('',(#5169,#5170,#5171,#5172));
#969=EDGE_LOOP('',(#5173));
#970=EDGE_LOOP('',(#5174));
#971=EDGE_LOOP('',(#5175));
#972=EDGE_LOOP('',(#5176));
#973=EDGE_LOOP('',(#5177,#5178,#5179,#5180,#5181,#5182));
#974=EDGE_LOOP('',(#5183,#5184,#5185,#5186));
#975=EDGE_LOOP('',(#5187,#5188,#5189,#5190));
#976=EDGE_LOOP('',(#5191,#5192,#5193,#5194));
#977=EDGE_LOOP('',(#5195,#5196,#5197,#5198));
#978=EDGE_LOOP('',(#5199,#5200,#5201,#5202,#5203,#5204,#5205,#5206));
#979=EDGE_LOOP('',(#5207,#5208,#5209,#5210));
#980=EDGE_LOOP('',(#5211,#5212,#5213,#5214,#5215));
#981=EDGE_LOOP('',(#5216,#5217,#5218,#5219));
#982=EDGE_LOOP('',(#5220,#5221,#5222,#5223));
#983=EDGE_LOOP('',(#5224));
#984=EDGE_LOOP('',(#5225));
#985=EDGE_LOOP('',(#5226));
#986=EDGE_LOOP('',(#5227));
#987=EDGE_LOOP('',(#5228));
#988=EDGE_LOOP('',(#5229));
#989=EDGE_LOOP('',(#5230,#5231,#5232,#5233));
#990=EDGE_LOOP('',(#5234,#5235,#5236,#5237));
#991=EDGE_LOOP('',(#5238,#5239,#5240,#5241,#5242,#5243,#5244));
#992=EDGE_LOOP('',(#5245,#5246,#5247,#5248));
#993=EDGE_LOOP('',(#5249,#5250,#5251,#5252,#5253,#5254));
#994=EDGE_LOOP('',(#5255,#5256,#5257,#5258,#5259,#5260));
#995=EDGE_LOOP('',(#5261,#5262,#5263,#5264));
#996=EDGE_LOOP('',(#5265,#5266,#5267,#5268));
#997=EDGE_LOOP('',(#5269,#5270,#5271,#5272));
#998=EDGE_LOOP('',(#5273,#5274,#5275,#5276));
#999=EDGE_LOOP('',(#5277,#5278,#5279,#5280));
#1000=EDGE_LOOP('',(#5281,#5282,#5283,#5284));
#1001=EDGE_LOOP('',(#5285,#5286,#5287,#5288));
#1002=EDGE_LOOP('',(#5289,#5290,#5291,#5292,#5293));
#1003=EDGE_LOOP('',(#5294,#5295,#5296,#5297,#5298));
#1004=EDGE_LOOP('',(#5299,#5300,#5301,#5302));
#1005=EDGE_LOOP('',(#5303,#5304,#5305,#5306));
#1006=EDGE_LOOP('',(#5307,#5308,#5309,#5310));
#1007=EDGE_LOOP('',(#5311,#5312,#5313,#5314));
#1008=EDGE_LOOP('',(#5315,#5316,#5317,#5318));
#1009=EDGE_LOOP('',(#5319,#5320,#5321,#5322,#5323,#5324,#5325,#5326,#5327,
#5328,#5329,#5330,#5331,#5332));
#1010=EDGE_LOOP('',(#5333,#5334,#5335,#5336));
#1011=EDGE_LOOP('',(#5337,#5338,#5339,#5340,#5341,#5342,#5343,#5344,#5345,
#5346,#5347,#5348));
#1012=EDGE_LOOP('',(#5349,#5350,#5351,#5352));
#1013=EDGE_LOOP('',(#5353,#5354,#5355,#5356));
#1014=EDGE_LOOP('',(#5357,#5358,#5359,#5360));
#1015=EDGE_LOOP('',(#5361,#5362,#5363,#5364));
#1016=EDGE_LOOP('',(#5365,#5366,#5367,#5368));
#1017=EDGE_LOOP('',(#5369,#5370,#5371,#5372));
#1018=EDGE_LOOP('',(#5373,#5374,#5375,#5376));
#1019=EDGE_LOOP('',(#5377,#5378,#5379,#5380));
#1020=EDGE_LOOP('',(#5381,#5382,#5383,#5384));
#1021=EDGE_LOOP('',(#5385,#5386,#5387,#5388,#5389,#5390));
#1022=EDGE_LOOP('',(#5391,#5392,#5393,#5394,#5395,#5396));
#1023=EDGE_LOOP('',(#5397,#5398,#5399,#5400));
#1024=EDGE_LOOP('',(#5401,#5402,#5403,#5404,#5405,#5406));
#1025=EDGE_LOOP('',(#5407,#5408,#5409,#5410));
#1026=EDGE_LOOP('',(#5411,#5412,#5413,#5414,#5415,#5416));
#1027=EDGE_LOOP('',(#5417,#5418,#5419,#5420));
#1028=EDGE_LOOP('',(#5421,#5422,#5423,#5424));
#1029=EDGE_LOOP('',(#5425,#5426,#5427,#5428,#5429));
#1030=EDGE_LOOP('',(#5430,#5431,#5432,#5433));
#1031=EDGE_LOOP('',(#5434,#5435,#5436,#5437,#5438));
#1032=EDGE_LOOP('',(#5439,#5440,#5441,#5442));
#1033=EDGE_LOOP('',(#5443,#5444,#5445,#5446));
#1034=EDGE_LOOP('',(#5447,#5448,#5449,#5450,#5451));
#1035=EDGE_LOOP('',(#5452,#5453,#5454,#5455,#5456,#5457));
#1036=EDGE_LOOP('',(#5458,#5459,#5460,#5461));
#1037=EDGE_LOOP('',(#5462,#5463,#5464,#5465));
#1038=EDGE_LOOP('',(#5466,#5467,#5468,#5469));
#1039=EDGE_LOOP('',(#5470,#5471,#5472,#5473));
#1040=EDGE_LOOP('',(#5474,#5475,#5476,#5477));
#1041=EDGE_LOOP('',(#5478,#5479,#5480,#5481,#5482));
#1042=EDGE_LOOP('',(#5483,#5484,#5485,#5486,#5487,#5488));
#1043=EDGE_LOOP('',(#5489,#5490,#5491,#5492,#5493,#5494,#5495,#5496,#5497,
#5498));
#1044=EDGE_LOOP('',(#5499,#5500,#5501,#5502));
#1045=EDGE_LOOP('',(#5503,#5504,#5505,#5506));
#1046=EDGE_LOOP('',(#5507,#5508,#5509,#5510));
#1047=EDGE_LOOP('',(#5511,#5512,#5513,#5514,#5515,#5516,#5517));
#1048=EDGE_LOOP('',(#5518,#5519,#5520,#5521,#5522,#5523,#5524,#5525,#5526,
#5527,#5528,#5529,#5530,#5531,#5532,#5533,#5534,#5535,#5536,#5537,#5538,
#5539));
#1049=EDGE_LOOP('',(#5540,#5541,#5542,#5543));
#1050=EDGE_LOOP('',(#5544,#5545,#5546,#5547));
#1051=EDGE_LOOP('',(#5548,#5549,#5550,#5551,#5552,#5553,#5554,#5555,#5556));
#1052=CIRCLE('',#6076,3.3);
#1053=CIRCLE('',#6077,1.1);
#1054=CIRCLE('',#6079,3.25);
#1055=CIRCLE('',#6080,3.25);
#1056=CIRCLE('',#6081,3.25);
#1057=CIRCLE('',#6082,3.25);
#1058=CIRCLE('',#6083,1.4);
#1059=CIRCLE('',#6084,1.4);
#1060=CIRCLE('',#6090,3.3);
#1061=CIRCLE('',#6091,3.3);
#1062=CIRCLE('',#6092,3.3);
#1063=CIRCLE('',#6093,3.3);
#1064=CIRCLE('',#6094,3.3);
#1065=CIRCLE('',#6095,3.3);
#1066=CIRCLE('',#6097,3.3);
#1067=CIRCLE('',#6098,3.3);
#1068=CIRCLE('',#6099,3.3);
#1069=CIRCLE('',#6100,3.3);
#1070=CIRCLE('',#6101,3.3);
#1071=CIRCLE('',#6106,2.);
#1072=CIRCLE('',#6107,2.);
#1073=CIRCLE('',#6113,3.);
#1074=CIRCLE('',#6115,2.);
#1075=CIRCLE('',#6116,2.);
#1076=CIRCLE('',#6118,3.);
#1077=CIRCLE('',#6123,3.);
#1078=CIRCLE('',#6129,8.75);
#1079=CIRCLE('',#6131,3.25);
#1080=CIRCLE('',#6132,10.750000997913);
#1081=CIRCLE('',#6133,12.250000997913);
#1082=CIRCLE('',#6134,3.25);
#1083=CIRCLE('',#6135,1.4);
#1084=CIRCLE('',#6144,3.25);
#1085=CIRCLE('',#6145,12.250000997913);
#1086=CIRCLE('',#6149,2.8);
#1087=CIRCLE('',#6150,2.8);
#1088=CIRCLE('',#6151,8.);
#1089=CIRCLE('',#6152,8.);
#1090=CIRCLE('',#6153,8.);
#1091=CIRCLE('',#6154,8.);
#1092=CIRCLE('',#6157,8.);
#1093=CIRCLE('',#6158,8.);
#1094=CIRCLE('',#6159,2.5);
#1095=CIRCLE('',#6160,10.750000997913);
#1096=CIRCLE('',#6161,10.750000997913);
#1097=CIRCLE('',#6162,3.25);
#1098=CIRCLE('',#6164,10.5);
#1099=CIRCLE('',#6166,3.25);
#1100=CIRCLE('',#6167,3.25);
#1101=CIRCLE('',#6169,8.);
#1102=CIRCLE('',#6170,8.);
#1103=CIRCLE('',#6172,3.25);
#1104=CIRCLE('',#6173,3.25);
#1105=CIRCLE('',#6174,3.);
#1106=CIRCLE('',#6179,3.25);
#1107=CIRCLE('',#6183,3.25);
#1108=CIRCLE('',#6189,1.);
#1109=CIRCLE('',#6191,0.999999999999999);
#1110=CIRCLE('',#6195,10.750000997913);
#1111=CIRCLE('',#6200,2.99999999999999);
#1112=CIRCLE('',#6206,3.25);
#1113=CIRCLE('',#6207,1.4);
#1114=CIRCLE('',#6208,3.25);
#1115=CIRCLE('',#6209,3.25);
#1116=CIRCLE('',#6234,1.1);
#1117=CIRCLE('',#6235,1.1);
#1118=CIRCLE('',#6237,1.1);
#1119=CIRCLE('',#6242,2.8);
#1120=CIRCLE('',#6244,1.4);
#1121=CIRCLE('',#6246,5.);
#1122=CIRCLE('',#6247,5.);
#1123=CIRCLE('',#6251,6.5);
#1124=CIRCLE('',#6253,6.5);
#1125=CIRCLE('',#6268,7.5);
#1126=CIRCLE('',#6296,7.5);
#1127=CIRCLE('',#6298,9.5);
#1128=CIRCLE('',#6311,1.4);
#1129=CIRCLE('',#6313,1.);
#1130=CIRCLE('',#6320,5.);
#1131=CIRCLE('',#6321,5.);
#1132=CIRCLE('',#6328,0.8);
#1133=CIRCLE('',#6331,0.8);
#1134=CIRCLE('',#6334,3.);
#1135=CIRCLE('',#6353,0.999999999999999);
#1136=CIRCLE('',#6355,1.00000000000001);
#1137=CIRCLE('',#6357,2.50000000000001);
#1138=CIRCLE('',#6362,1.);
#1139=CIRCLE('',#6365,0.999999999999999);
#1140=CIRCLE('',#6366,0.999999999999995);
#1141=CIRCLE('',#6368,0.999999999999998);
#1142=CIRCLE('',#6371,1.);
#1143=CIRCLE('',#6372,1.00000000000001);
#1144=CIRCLE('',#6375,1.000000000001);
#1145=CIRCLE('',#6392,2.50000000000001);
#1146=CIRCLE('',#6425,0.8);
#1147=CIRCLE('',#6426,0.8);
#1148=CIRCLE('',#6427,2.8);
#1149=CIRCLE('',#6428,2.8);
#1150=CIRCLE('',#6451,1.);
#1151=CIRCLE('',#6453,12.250000997913);
#1152=CIRCLE('',#6454,12.250000997913);
#1153=CIRCLE('',#6480,2.8);
#1154=CIRCLE('',#6482,1.40000000000001);
#1155=CIRCLE('',#6484,2.8);
#1156=CIRCLE('',#6486,1.4);
#1157=CIRCLE('',#6489,12.250000997913);
#1158=CIRCLE('',#6490,12.250000997913);
#1159=CIRCLE('',#6494,1.);
#1160=CIRCLE('',#6496,1.);
#1161=CIRCLE('',#6498,1.4);
#1162=CIRCLE('',#6500,1.);
#1163=CIRCLE('',#6502,1.);
#1164=CIRCLE('',#6504,3.25);
#1165=CIRCLE('',#6506,1.4);
#1166=CIRCLE('',#6508,1.40000000000001);
#1167=CIRCLE('',#6510,1.4);
#1168=CIRCLE('',#6512,1.4);
#1169=CIRCLE('',#6514,3.25);
#1170=CIRCLE('',#6521,3.);
#1171=CIRCLE('',#6522,3.);
#1172=CIRCLE('',#6524,3.25);
#1173=CIRCLE('',#6526,3.25);
#1174=CIRCLE('',#6528,1.4);
#1175=CIRCLE('',#6530,3.00000000000001);
#1176=CIRCLE('',#6537,8.75);
#1177=CIRCLE('',#6538,10.5);
#1178=CIRCLE('',#6541,10.5);
#1179=CIRCLE('',#6542,8.75);
#1180=CIRCLE('',#6559,8.75);
#1181=CIRCLE('',#6563,10.5);
#1182=CIRCLE('',#6574,10.750000997913);
#1183=CIRCLE('',#6576,2.5);
#1184=LINE('',#8191,#1737);
#1185=LINE('',#8195,#1738);
#1186=LINE('',#8196,#1739);
#1187=LINE('',#8204,#1740);
#1188=LINE('',#8208,#1741);
#1189=LINE('',#8210,#1742);
#1190=LINE('',#8212,#1743);
#1191=LINE('',#8216,#1744);
#1192=LINE('',#8223,#1745);
#1193=LINE('',#8226,#1746);
#1194=LINE('',#8234,#1747);
#1195=LINE('',#8236,#1748);
#1196=LINE('',#8238,#1749);
#1197=LINE('',#8240,#1750);
#1198=LINE('',#8242,#1751);
#1199=LINE('',#8248,#1752);
#1200=LINE('',#8249,#1753);
#1201=LINE('',#8252,#1754);
#1202=LINE('',#8254,#1755);
#1203=LINE('',#8255,#1756);
#1204=LINE('',#8261,#1757);
#1205=LINE('',#8265,#1758);
#1206=LINE('',#8269,#1759);
#1207=LINE('',#8273,#1760);
#1208=LINE('',#8277,#1761);
#1209=LINE('',#8280,#1762);
#1210=LINE('',#8283,#1763);
#1211=LINE('',#8287,#1764);
#1212=LINE('',#8291,#1765);
#1213=LINE('',#8295,#1766);
#1214=LINE('',#8299,#1767);
#1215=LINE('',#8303,#1768);
#1216=LINE('',#8305,#1769);
#1217=LINE('',#8306,#1770);
#1218=LINE('',#8309,#1771);
#1219=LINE('',#8311,#1772);
#1220=LINE('',#8312,#1773);
#1221=LINE('',#8315,#1774);
#1222=LINE('',#8317,#1775);
#1223=LINE('',#8318,#1776);
#1224=LINE('',#8321,#1777);
#1225=LINE('',#8323,#1778);
#1226=LINE('',#8324,#1779);
#1227=LINE('',#8431,#1780);
#1228=LINE('',#8432,#1781);
#1229=LINE('',#8437,#1782);
#1230=LINE('',#8439,#1783);
#1231=LINE('',#8441,#1784);
#1232=LINE('',#8495,#1785);
#1233=LINE('',#8509,#1786);
#1234=LINE('',#8627,#1787);
#1235=LINE('',#8629,#1788);
#1236=LINE('',#8673,#1789);
#1237=LINE('',#8675,#1790);
#1238=LINE('',#8676,#1791);
#1239=LINE('',#8680,#1792);
#1240=LINE('',#8682,#1793);
#1241=LINE('',#8684,#1794);
#1242=LINE('',#8703,#1795);
#1243=LINE('',#8705,#1796);
#1244=LINE('',#8707,#1797);
#1245=LINE('',#8709,#1798);
#1246=LINE('',#8711,#1799);
#1247=LINE('',#8712,#1800);
#1248=LINE('',#8714,#1801);
#1249=LINE('',#8716,#1802);
#1250=LINE('',#8717,#1803);
#1251=LINE('',#8721,#1804);
#1252=LINE('',#8723,#1805);
#1253=LINE('',#8725,#1806);
#1254=LINE('',#8727,#1807);
#1255=LINE('',#8731,#1808);
#1256=LINE('',#8732,#1809);
#1257=LINE('',#8740,#1810);
#1258=LINE('',#8742,#1811);
#1259=LINE('',#8744,#1812);
#1260=LINE('',#8746,#1813);
#1261=LINE('',#8748,#1814);
#1262=LINE('',#8750,#1815);
#1263=LINE('',#8751,#1816);
#1264=LINE('',#8752,#1817);
#1265=LINE('',#8754,#1818);
#1266=LINE('',#8756,#1819);
#1267=LINE('',#8762,#1820);
#1268=LINE('',#8767,#1821);
#1269=LINE('',#8772,#1822);
#1270=LINE('',#8774,#1823);
#1271=LINE('',#8792,#1824);
#1272=LINE('',#8794,#1825);
#1273=LINE('',#8796,#1826);
#1274=LINE('',#8798,#1827);
#1275=LINE('',#8800,#1828);
#1276=LINE('',#8802,#1829);
#1277=LINE('',#8803,#1830);
#1278=LINE('',#8841,#1831);
#1279=LINE('',#8857,#1832);
#1280=LINE('',#8874,#1833);
#1281=LINE('',#8875,#1834);
#1282=LINE('',#8878,#1835);
#1283=LINE('',#8880,#1836);
#1284=LINE('',#8881,#1837);
#1285=LINE('',#8883,#1838);
#1286=LINE('',#8885,#1839);
#1287=LINE('',#8887,#1840);
#1288=LINE('',#8888,#1841);
#1289=LINE('',#8891,#1842);
#1290=LINE('',#8893,#1843);
#1291=LINE('',#8895,#1844);
#1292=LINE('',#8897,#1845);
#1293=LINE('',#8899,#1846);
#1294=LINE('',#8901,#1847);
#1295=LINE('',#8903,#1848);
#1296=LINE('',#8921,#1849);
#1297=LINE('',#8922,#1850);
#1298=LINE('',#8926,#1851);
#1299=LINE('',#8928,#1852);
#1300=LINE('',#8929,#1853);
#1301=LINE('',#8930,#1854);
#1302=LINE('',#8932,#1855);
#1303=LINE('',#8934,#1856);
#1304=LINE('',#8937,#1857);
#1305=LINE('',#8942,#1858);
#1306=LINE('',#8944,#1859);
#1307=LINE('',#8963,#1860);
#1308=LINE('',#8965,#1861);
#1309=LINE('',#8969,#1862);
#1310=LINE('',#8973,#1863);
#1311=LINE('',#8975,#1864);
#1312=LINE('',#8988,#1865);
#1313=LINE('',#8993,#1866);
#1314=LINE('',#8996,#1867);
#1315=LINE('',#9000,#1868);
#1316=LINE('',#9004,#1869);
#1317=LINE('',#9008,#1870);
#1318=LINE('',#9011,#1871);
#1319=LINE('',#9014,#1872);
#1320=LINE('',#9018,#1873);
#1321=LINE('',#9022,#1874);
#1322=LINE('',#9024,#1875);
#1323=LINE('',#9026,#1876);
#1324=LINE('',#9032,#1877);
#1325=LINE('',#9037,#1878);
#1326=LINE('',#9039,#1879);
#1327=LINE('',#9041,#1880);
#1328=LINE('',#9045,#1881);
#1329=LINE('',#9047,#1882);
#1330=LINE('',#9049,#1883);
#1331=LINE('',#9050,#1884);
#1332=LINE('',#9052,#1885);
#1333=LINE('',#9056,#1886);
#1334=LINE('',#9062,#1887);
#1335=LINE('',#9064,#1888);
#1336=LINE('',#9066,#1889);
#1337=LINE('',#9070,#1890);
#1338=LINE('',#9072,#1891);
#1339=LINE('',#9075,#1892);
#1340=LINE('',#9128,#1893);
#1341=LINE('',#9130,#1894);
#1342=LINE('',#9132,#1895);
#1343=LINE('',#9134,#1896);
#1344=LINE('',#9136,#1897);
#1345=LINE('',#9171,#1898);
#1346=LINE('',#9175,#1899);
#1347=LINE('',#9177,#1900);
#1348=LINE('',#9181,#1901);
#1349=LINE('',#9183,#1902);
#1350=LINE('',#9189,#1903);
#1351=LINE('',#9194,#1904);
#1352=LINE('',#9244,#1905);
#1353=LINE('',#9247,#1906);
#1354=LINE('',#9250,#1907);
#1355=LINE('',#9255,#1908);
#1356=LINE('',#9293,#1909);
#1357=LINE('',#9295,#1910);
#1358=LINE('',#9297,#1911);
#1359=LINE('',#9299,#1912);
#1360=LINE('',#9301,#1913);
#1361=LINE('',#9303,#1914);
#1362=LINE('',#9305,#1915);
#1363=LINE('',#9309,#1916);
#1364=LINE('',#9313,#1917);
#1365=LINE('',#9315,#1918);
#1366=LINE('',#9319,#1919);
#1367=LINE('',#9321,#1920);
#1368=LINE('',#9323,#1921);
#1369=LINE('',#9325,#1922);
#1370=LINE('',#9327,#1923);
#1371=LINE('',#9329,#1924);
#1372=LINE('',#9331,#1925);
#1373=LINE('',#9333,#1926);
#1374=LINE('',#9335,#1927);
#1375=LINE('',#9336,#1928);
#1376=LINE('',#9337,#1929);
#1377=LINE('',#9339,#1930);
#1378=LINE('',#9341,#1931);
#1379=LINE('',#9343,#1932);
#1380=LINE('',#9345,#1933);
#1381=LINE('',#9347,#1934);
#1382=LINE('',#9349,#1935);
#1383=LINE('',#9351,#1936);
#1384=LINE('',#9354,#1937);
#1385=LINE('',#9356,#1938);
#1386=LINE('',#9357,#1939);
#1387=LINE('',#9358,#1940);
#1388=LINE('',#9360,#1941);
#1389=LINE('',#9362,#1942);
#1390=LINE('',#9364,#1943);
#1391=LINE('',#9365,#1944);
#1392=LINE('',#9368,#1945);
#1393=LINE('',#9370,#1946);
#1394=LINE('',#9372,#1947);
#1395=LINE('',#9373,#1948);
#1396=LINE('',#9382,#1949);
#1397=LINE('',#9384,#1950);
#1398=LINE('',#9385,#1951);
#1399=LINE('',#9388,#1952);
#1400=LINE('',#9390,#1953);
#1401=LINE('',#9391,#1954);
#1402=LINE('',#9394,#1955);
#1403=LINE('',#9396,#1956);
#1404=LINE('',#9397,#1957);
#1405=LINE('',#9399,#1958);
#1406=LINE('',#9401,#1959);
#1407=LINE('',#9405,#1960);
#1408=LINE('',#9406,#1961);
#1409=LINE('',#9409,#1962);
#1410=LINE('',#9410,#1963);
#1411=LINE('',#9412,#1964);
#1412=LINE('',#9414,#1965);
#1413=LINE('',#9417,#1966);
#1414=LINE('',#9419,#1967);
#1415=LINE('',#9421,#1968);
#1416=LINE('',#9422,#1969);
#1417=LINE('',#9425,#1970);
#1418=LINE('',#9427,#1971);
#1419=LINE('',#9428,#1972);
#1420=LINE('',#9431,#1973);
#1421=LINE('',#9433,#1974);
#1422=LINE('',#9434,#1975);
#1423=LINE('',#9437,#1976);
#1424=LINE('',#9438,#1977);
#1425=LINE('',#9441,#1978);
#1426=LINE('',#9442,#1979);
#1427=LINE('',#9444,#1980);
#1428=LINE('',#9446,#1981);
#1429=LINE('',#9448,#1982);
#1430=LINE('',#9451,#1983);
#1431=LINE('',#9453,#1984);
#1432=LINE('',#9455,#1985);
#1433=LINE('',#9460,#1986);
#1434=LINE('',#9465,#1987);
#1435=LINE('',#9469,#1988);
#1436=LINE('',#9471,#1989);
#1437=LINE('',#9472,#1990);
#1438=LINE('',#9490,#1991);
#1439=LINE('',#9499,#1992);
#1440=LINE('',#9508,#1993);
#1441=LINE('',#9510,#1994);
#1442=LINE('',#9512,#1995);
#1443=LINE('',#9516,#1996);
#1444=LINE('',#9517,#1997);
#1445=LINE('',#9522,#1998);
#1446=LINE('',#9523,#1999);
#1447=LINE('',#9526,#2000);
#1448=LINE('',#9530,#2001);
#1449=LINE('',#9531,#2002);
#1450=LINE('',#9535,#2003);
#1451=LINE('',#9538,#2004);
#1452=LINE('',#9540,#2005);
#1453=LINE('',#9541,#2006);
#1454=LINE('',#9545,#2007);
#1455=LINE('',#9547,#2008);
#1456=LINE('',#9551,#2009);
#1457=LINE('',#9552,#2010);
#1458=LINE('',#9554,#2011);
#1459=LINE('',#9555,#2012);
#1460=LINE('',#9558,#2013);
#1461=LINE('',#9559,#2014);
#1462=LINE('',#9563,#2015);
#1463=LINE('',#9568,#2016);
#1464=LINE('',#9570,#2017);
#1465=LINE('',#9574,#2018);
#1466=LINE('',#9576,#2019);
#1467=LINE('',#9580,#2020);
#1468=LINE('',#9581,#2021);
#1469=LINE('',#9589,#2022);
#1470=LINE('',#9596,#2023);
#1471=LINE('',#9600,#2024);
#1472=LINE('',#9611,#2025);
#1473=LINE('',#9622,#2026);
#1474=LINE('',#9623,#2027);
#1475=LINE('',#9626,#2028);
#1476=LINE('',#9628,#2029);
#1477=LINE('',#9630,#2030);
#1478=LINE('',#9631,#2031);
#1479=LINE('',#9634,#2032);
#1480=LINE('',#9636,#2033);
#1481=LINE('',#9637,#2034);
#1482=LINE('',#9640,#2035);
#1483=LINE('',#9641,#2036);
#1484=LINE('',#9644,#2037);
#1485=LINE('',#9645,#2038);
#1486=LINE('',#9648,#2039);
#1487=LINE('',#9649,#2040);
#1488=LINE('',#9652,#2041);
#1489=LINE('',#9654,#2042);
#1490=LINE('',#9655,#2043);
#1491=LINE('',#9657,#2044);
#1492=LINE('',#9662,#2045);
#1493=LINE('',#9665,#2046);
#1494=LINE('',#9670,#2047);
#1495=LINE('',#9674,#2048);
#1496=LINE('',#9678,#2049);
#1497=LINE('',#9685,#2050);
#1498=LINE('',#9688,#2051);
#1499=LINE('',#9691,#2052);
#1500=LINE('',#9706,#2053);
#1501=LINE('',#9708,#2054);
#1502=LINE('',#9710,#2055);
#1503=LINE('',#9712,#2056);
#1504=LINE('',#9728,#2057);
#1505=LINE('',#9743,#2058);
#1506=LINE('',#9757,#2059);
#1507=LINE('',#9758,#2060);
#1508=LINE('',#9761,#2061);
#1509=LINE('',#9768,#2062);
#1510=LINE('',#9829,#2063);
#1511=LINE('',#9830,#2064);
#1512=LINE('',#9833,#2065);
#1513=LINE('',#9835,#2066);
#1514=LINE('',#9837,#2067);
#1515=LINE('',#9838,#2068);
#1516=LINE('',#9926,#2069);
#1517=LINE('',#10064,#2070);
#1518=LINE('',#10075,#2071);
#1519=LINE('',#10076,#2072);
#1520=LINE('',#10098,#2073);
#1521=LINE('',#10113,#2074);
#1522=LINE('',#10115,#2075);
#1523=LINE('',#10117,#2076);
#1524=LINE('',#10118,#2077);
#1525=LINE('',#10122,#2078);
#1526=LINE('',#10125,#2079);
#1527=LINE('',#10127,#2080);
#1528=LINE('',#10129,#2081);
#1529=LINE('',#10131,#2082);
#1530=LINE('',#10133,#2083);
#1531=LINE('',#10137,#2084);
#1532=LINE('',#10141,#2085);
#1533=LINE('',#10143,#2086);
#1534=LINE('',#10145,#2087);
#1535=LINE('',#10146,#2088);
#1536=LINE('',#10148,#2089);
#1537=LINE('',#10152,#2090);
#1538=LINE('',#10153,#2091);
#1539=LINE('',#10159,#2092);
#1540=LINE('',#10162,#2093);
#1541=LINE('',#10241,#2094);
#1542=LINE('',#10247,#2095);
#1543=LINE('',#10251,#2096);
#1544=LINE('',#10252,#2097);
#1545=LINE('',#10470,#2098);
#1546=LINE('',#10481,#2099);
#1547=LINE('',#10538,#2100);
#1548=LINE('',#10542,#2101);
#1549=LINE('',#10546,#2102);
#1550=LINE('',#10551,#2103);
#1551=LINE('',#10590,#2104);
#1552=LINE('',#10705,#2105);
#1553=LINE('',#10709,#2106);
#1554=LINE('',#10841,#2107);
#1555=LINE('',#10917,#2108);
#1556=LINE('',#10944,#2109);
#1557=LINE('',#10948,#2110);
#1558=LINE('',#10950,#2111);
#1559=LINE('',#10951,#2112);
#1560=LINE('',#10954,#2113);
#1561=LINE('',#10956,#2114);
#1562=LINE('',#10960,#2115);
#1563=LINE('',#10961,#2116);
#1564=LINE('',#10964,#2117);
#1565=LINE('',#10968,#2118);
#1566=LINE('',#11061,#2119);
#1567=LINE('',#11064,#2120);
#1568=LINE('',#11066,#2121);
#1569=LINE('',#11068,#2122);
#1570=LINE('',#11070,#2123);
#1571=LINE('',#11072,#2124);
#1572=LINE('',#11074,#2125);
#1573=LINE('',#11079,#2126);
#1574=LINE('',#11084,#2127);
#1575=LINE('',#11088,#2128);
#1576=LINE('',#11091,#2129);
#1577=LINE('',#11093,#2130);
#1578=LINE('',#11095,#2131);
#1579=LINE('',#11097,#2132);
#1580=LINE('',#11099,#2133);
#1581=LINE('',#11101,#2134);
#1582=LINE('',#11102,#2135);
#1583=LINE('',#11105,#2136);
#1584=LINE('',#11106,#2137);
#1585=LINE('',#11108,#2138);
#1586=LINE('',#11110,#2139);
#1587=LINE('',#11113,#2140);
#1588=LINE('',#11115,#2141);
#1589=LINE('',#11119,#2142);
#1590=LINE('',#11121,#2143);
#1591=LINE('',#11122,#2144);
#1592=LINE('',#11125,#2145);
#1593=LINE('',#11126,#2146);
#1594=LINE('',#11131,#2147);
#1595=LINE('',#11132,#2148);
#1596=LINE('',#11136,#2149);
#1597=LINE('',#11139,#2150);
#1598=LINE('',#11142,#2151);
#1599=LINE('',#11145,#2152);
#1600=LINE('',#11146,#2153);
#1601=LINE('',#11148,#2154);
#1602=LINE('',#11151,#2155);
#1603=LINE('',#11164,#2156);
#1604=LINE('',#11167,#2157);
#1605=LINE('',#11174,#2158);
#1606=LINE('',#11176,#2159);
#1607=LINE('',#11177,#2160);
#1608=LINE('',#11180,#2161);
#1609=LINE('',#11182,#2162);
#1610=LINE('',#11183,#2163);
#1611=LINE('',#11186,#2164);
#1612=LINE('',#11188,#2165);
#1613=LINE('',#11190,#2166);
#1614=LINE('',#11191,#2167);
#1615=LINE('',#11192,#2168);
#1616=LINE('',#11195,#2169);
#1617=LINE('',#11196,#2170);
#1618=LINE('',#11199,#2171);
#1619=LINE('',#11211,#2172);
#1620=LINE('',#11212,#2173);
#1621=LINE('',#11221,#2174);
#1622=LINE('',#11223,#2175);
#1623=LINE('',#11225,#2176);
#1624=LINE('',#11226,#2177);
#1625=LINE('',#11243,#2178);
#1626=LINE('',#11248,#2179);
#1627=LINE('',#11250,#2180);
#1628=LINE('',#11253,#2181);
#1629=LINE('',#11255,#2182);
#1630=LINE('',#11256,#2183);
#1631=LINE('',#11262,#2184);
#1632=LINE('',#11265,#2185);
#1633=LINE('',#11267,#2186);
#1634=LINE('',#11268,#2187);
#1635=LINE('',#11271,#2188);
#1636=LINE('',#11273,#2189);
#1637=LINE('',#11274,#2190);
#1638=LINE('',#11276,#2191);
#1639=LINE('',#11279,#2192);
#1640=LINE('',#11282,#2193);
#1641=LINE('',#11288,#2194);
#1642=LINE('',#11290,#2195);
#1643=LINE('',#11291,#2196);
#1644=LINE('',#11294,#2197);
#1645=LINE('',#11302,#2198);
#1646=LINE('',#11304,#2199);
#1647=LINE('',#11307,#2200);
#1648=LINE('',#11308,#2201);
#1649=LINE('',#11311,#2202);
#1650=LINE('',#11312,#2203);
#1651=LINE('',#11314,#2204);
#1652=LINE('',#11317,#2205);
#1653=LINE('',#11319,#2206);
#1654=LINE('',#11322,#2207);
#1655=LINE('',#11324,#2208);
#1656=LINE('',#11329,#2209);
#1657=LINE('',#11336,#2210);
#1658=LINE('',#11342,#2211);
#1659=LINE('',#11347,#2212);
#1660=LINE('',#11350,#2213);
#1661=LINE('',#11352,#2214);
#1662=LINE('',#11361,#2215);
#1663=LINE('',#11365,#2216);
#1664=LINE('',#11369,#2217);
#1665=LINE('',#11376,#2218);
#1666=LINE('',#11380,#2219);
#1667=LINE('',#11389,#2220);
#1668=LINE('',#11397,#2221);
#1669=LINE('',#11400,#2222);
#1670=LINE('',#11402,#2223);
#1671=LINE('',#11404,#2224);
#1672=LINE('',#11419,#2225);
#1673=LINE('',#11449,#2226);
#1674=LINE('',#11592,#2227);
#1675=LINE('',#11670,#2228);
#1676=LINE('',#11687,#2229);
#1677=LINE('',#11698,#2230);
#1678=LINE('',#11701,#2231);
#1679=LINE('',#11731,#2232);
#1680=LINE('',#11747,#2233);
#1681=LINE('',#11748,#2234);
#1682=LINE('',#11795,#2235);
#1683=LINE('',#11798,#2236);
#1684=LINE('',#11833,#2237);
#1685=LINE('',#11834,#2238);
#1686=LINE('',#11877,#2239);
#1687=LINE('',#11880,#2240);
#1688=LINE('',#11881,#2241);
#1689=LINE('',#11924,#2242);
#1690=LINE('',#11926,#2243);
#1691=LINE('',#11956,#2244);
#1692=LINE('',#11959,#2245);
#1693=LINE('',#11961,#2246);
#1694=LINE('',#11963,#2247);
#1695=LINE('',#11965,#2248);
#1696=LINE('',#11967,#2249);
#1697=LINE('',#11969,#2250);
#1698=LINE('',#11972,#2251);
#1699=LINE('',#11973,#2252);
#1700=LINE('',#11978,#2253);
#1701=LINE('',#11979,#2254);
#1702=LINE('',#11983,#2255);
#1703=LINE('',#11985,#2256);
#1704=LINE('',#11986,#2257);
#1705=LINE('',#11987,#2258);
#1706=LINE('',#11989,#2259);
#1707=LINE('',#11991,#2260);
#1708=LINE('',#11992,#2261);
#1709=LINE('',#11996,#2262);
#1710=LINE('',#11997,#2263);
#1711=LINE('',#11999,#2264);
#1712=LINE('',#12002,#2265);
#1713=LINE('',#12005,#2266);
#1714=LINE('',#12007,#2267);
#1715=LINE('',#12008,#2268);
#1716=LINE('',#12011,#2269);
#1717=LINE('',#12012,#2270);
#1718=LINE('',#12014,#2271);
#1719=LINE('',#12016,#2272);
#1720=LINE('',#12019,#2273);
#1721=LINE('',#12020,#2274);
#1722=LINE('',#12023,#2275);
#1723=LINE('',#12028,#2276);
#1724=LINE('',#12032,#2277);
#1725=LINE('',#12034,#2278);
#1726=LINE('',#12036,#2279);
#1727=LINE('',#12038,#2280);
#1728=LINE('',#12039,#2281);
#1729=LINE('',#12042,#2282);
#1730=LINE('',#12044,#2283);
#1731=LINE('',#12046,#2284);
#1732=LINE('',#12051,#2285);
#1733=LINE('',#12052,#2286);
#1734=LINE('',#12055,#2287);
#1735=LINE('',#12056,#2288);
#1736=LINE('',#12058,#2289);
#1737=VECTOR('',#6598,10.);
#1738=VECTOR('',#6601,10.);
#1739=VECTOR('',#6602,10.);
#1740=VECTOR('',#6609,10.);
#1741=VECTOR('',#6612,10.);
#1742=VECTOR('',#6613,10.);
#1743=VECTOR('',#6614,10.);
#1744=VECTOR('',#6617,10.);
#1745=VECTOR('',#6618,10.);
#1746=VECTOR('',#6621,10.);
#1747=VECTOR('',#6628,10.);
#1748=VECTOR('',#6629,10.);
#1749=VECTOR('',#6630,10.);
#1750=VECTOR('',#6631,10.);
#1751=VECTOR('',#6632,10.);
#1752=VECTOR('',#6637,10.);
#1753=VECTOR('',#6638,10.);
#1754=VECTOR('',#6641,10.);
#1755=VECTOR('',#6642,10.);
#1756=VECTOR('',#6643,10.);
#1757=VECTOR('',#6648,10.);
#1758=VECTOR('',#6651,10.);
#1759=VECTOR('',#6654,10.);
#1760=VECTOR('',#6657,10.);
#1761=VECTOR('',#6660,10.);
#1762=VECTOR('',#6663,10.);
#1763=VECTOR('',#6666,10.);
#1764=VECTOR('',#6669,10.);
#1765=VECTOR('',#6672,10.);
#1766=VECTOR('',#6675,10.);
#1767=VECTOR('',#6678,10.);
#1768=VECTOR('',#6683,10.);
#1769=VECTOR('',#6684,10.);
#1770=VECTOR('',#6685,10.);
#1771=VECTOR('',#6688,10.);
#1772=VECTOR('',#6689,10.);
#1773=VECTOR('',#6690,10.);
#1774=VECTOR('',#6693,10.);
#1775=VECTOR('',#6694,10.);
#1776=VECTOR('',#6695,10.);
#1777=VECTOR('',#6698,10.);
#1778=VECTOR('',#6699,10.);
#1779=VECTOR('',#6700,10.);
#1780=VECTOR('',#6707,10.);
#1781=VECTOR('',#6708,10.);
#1782=VECTOR('',#6713,10.);
#1783=VECTOR('',#6714,10.);
#1784=VECTOR('',#6715,10.);
#1785=VECTOR('',#6726,10.);
#1786=VECTOR('',#6727,10.);
#1787=VECTOR('',#6740,10.);
#1788=VECTOR('',#6741,10.);
#1789=VECTOR('',#6750,10.);
#1790=VECTOR('',#6751,10.);
#1791=VECTOR('',#6752,10.);
#1792=VECTOR('',#6755,10.);
#1793=VECTOR('',#6756,10.);
#1794=VECTOR('',#6757,10.);
#1795=VECTOR('',#6760,10.);
#1796=VECTOR('',#6761,10.);
#1797=VECTOR('',#6762,10.);
#1798=VECTOR('',#6763,10.);
#1799=VECTOR('',#6764,10.);
#1800=VECTOR('',#6765,10.);
#1801=VECTOR('',#6766,10.);
#1802=VECTOR('',#6767,10.);
#1803=VECTOR('',#6768,10.);
#1804=VECTOR('',#6771,10.);
#1805=VECTOR('',#6772,10.);
#1806=VECTOR('',#6773,10.);
#1807=VECTOR('',#6774,10.);
#1808=VECTOR('',#6777,10.);
#1809=VECTOR('',#6778,10.);
#1810=VECTOR('',#6781,10.);
#1811=VECTOR('',#6782,10.);
#1812=VECTOR('',#6783,10.);
#1813=VECTOR('',#6784,10.);
#1814=VECTOR('',#6785,10.);
#1815=VECTOR('',#6786,10.);
#1816=VECTOR('',#6787,10.);
#1817=VECTOR('',#6788,10.);
#1818=VECTOR('',#6789,10.);
#1819=VECTOR('',#6790,10.);
#1820=VECTOR('',#6795,10.);
#1821=VECTOR('',#6800,10.);
#1822=VECTOR('',#6805,10.);
#1823=VECTOR('',#6806,10.);
#1824=VECTOR('',#6807,10.);
#1825=VECTOR('',#6808,10.);
#1826=VECTOR('',#6809,10.);
#1827=VECTOR('',#6810,10.);
#1828=VECTOR('',#6811,10.);
#1829=VECTOR('',#6812,10.);
#1830=VECTOR('',#6813,10.);
#1831=VECTOR('',#6814,10.);
#1832=VECTOR('',#6815,10.);
#1833=VECTOR('',#6818,10.);
#1834=VECTOR('',#6819,10.);
#1835=VECTOR('',#6822,10.);
#1836=VECTOR('',#6823,10.);
#1837=VECTOR('',#6824,10.);
#1838=VECTOR('',#6825,10.);
#1839=VECTOR('',#6826,10.);
#1840=VECTOR('',#6827,10.);
#1841=VECTOR('',#6828,10.);
#1842=VECTOR('',#6831,10.);
#1843=VECTOR('',#6832,10.);
#1844=VECTOR('',#6833,10.);
#1845=VECTOR('',#6834,10.);
#1846=VECTOR('',#6835,10.);
#1847=VECTOR('',#6836,10.);
#1848=VECTOR('',#6837,10.);
#1849=VECTOR('',#6838,10.);
#1850=VECTOR('',#6839,10.);
#1851=VECTOR('',#6842,10.);
#1852=VECTOR('',#6843,10.);
#1853=VECTOR('',#6844,10.);
#1854=VECTOR('',#6845,10.);
#1855=VECTOR('',#6848,10.);
#1856=VECTOR('',#6851,10.);
#1857=VECTOR('',#6854,10.);
#1858=VECTOR('',#6859,10.);
#1859=VECTOR('',#6860,10.);
#1860=VECTOR('',#6863,10.);
#1861=VECTOR('',#6864,10.);
#1862=VECTOR('',#6867,10.);
#1863=VECTOR('',#6870,10.);
#1864=VECTOR('',#6871,10.);
#1865=VECTOR('',#6872,10.);
#1866=VECTOR('',#6877,10.);
#1867=VECTOR('',#6878,10.);
#1868=VECTOR('',#6881,10.);
#1869=VECTOR('',#6884,10.);
#1870=VECTOR('',#6887,10.);
#1871=VECTOR('',#6892,10.);
#1872=VECTOR('',#6895,10.);
#1873=VECTOR('',#6898,10.);
#1874=VECTOR('',#6901,10.);
#1875=VECTOR('',#6902,10.);
#1876=VECTOR('',#6903,10.);
#1877=VECTOR('',#6908,10.);
#1878=VECTOR('',#6913,10.);
#1879=VECTOR('',#6916,10.);
#1880=VECTOR('',#6917,10.);
#1881=VECTOR('',#6920,10.);
#1882=VECTOR('',#6921,10.);
#1883=VECTOR('',#6922,10.);
#1884=VECTOR('',#6923,10.);
#1885=VECTOR('',#6926,10.);
#1886=VECTOR('',#6929,10.);
#1887=VECTOR('',#6934,10.);
#1888=VECTOR('',#6935,10.);
#1889=VECTOR('',#6936,10.);
#1890=VECTOR('',#6939,10.);
#1891=VECTOR('',#6942,10.);
#1892=VECTOR('',#6945,10.);
#1893=VECTOR('',#6954,10.);
#1894=VECTOR('',#6957,10.);
#1895=VECTOR('',#6960,10.);
#1896=VECTOR('',#6963,10.);
#1897=VECTOR('',#6964,10.);
#1898=VECTOR('',#6969,10.);
#1899=VECTOR('',#6974,10.);
#1900=VECTOR('',#6975,10.);
#1901=VECTOR('',#6980,10.);
#1902=VECTOR('',#6981,10.);
#1903=VECTOR('',#6982,10.);
#1904=VECTOR('',#6989,10.);
#1905=VECTOR('',#7000,10.);
#1906=VECTOR('',#7003,10.);
#1907=VECTOR('',#7006,10.);
#1908=VECTOR('',#7011,10.);
#1909=VECTOR('',#7024,10.);
#1910=VECTOR('',#7025,10.);
#1911=VECTOR('',#7026,10.);
#1912=VECTOR('',#7027,10.);
#1913=VECTOR('',#7028,10.);
#1914=VECTOR('',#7029,10.);
#1915=VECTOR('',#7030,10.);
#1916=VECTOR('',#7033,10.);
#1917=VECTOR('',#7036,10.);
#1918=VECTOR('',#7037,10.);
#1919=VECTOR('',#7040,10.);
#1920=VECTOR('',#7041,10.);
#1921=VECTOR('',#7042,10.);
#1922=VECTOR('',#7043,10.);
#1923=VECTOR('',#7044,10.);
#1924=VECTOR('',#7045,10.);
#1925=VECTOR('',#7046,10.);
#1926=VECTOR('',#7047,10.);
#1927=VECTOR('',#7048,10.);
#1928=VECTOR('',#7049,10.);
#1929=VECTOR('',#7050,10.);
#1930=VECTOR('',#7051,10.);
#1931=VECTOR('',#7052,10.);
#1932=VECTOR('',#7053,10.);
#1933=VECTOR('',#7054,10.);
#1934=VECTOR('',#7055,10.);
#1935=VECTOR('',#7056,10.);
#1936=VECTOR('',#7057,10.);
#1937=VECTOR('',#7060,10.);
#1938=VECTOR('',#7061,10.);
#1939=VECTOR('',#7062,10.);
#1940=VECTOR('',#7063,10.);
#1941=VECTOR('',#7064,10.);
#1942=VECTOR('',#7065,10.);
#1943=VECTOR('',#7066,10.);
#1944=VECTOR('',#7067,10.);
#1945=VECTOR('',#7068,10.);
#1946=VECTOR('',#7069,10.);
#1947=VECTOR('',#7070,10.);
#1948=VECTOR('',#7071,10.);
#1949=VECTOR('',#7080,10.);
#1950=VECTOR('',#7081,10.);
#1951=VECTOR('',#7082,10.);
#1952=VECTOR('',#7085,10.);
#1953=VECTOR('',#7086,10.);
#1954=VECTOR('',#7087,10.);
#1955=VECTOR('',#7090,10.);
#1956=VECTOR('',#7091,10.);
#1957=VECTOR('',#7092,10.);
#1958=VECTOR('',#7095,10.);
#1959=VECTOR('',#7098,10.);
#1960=VECTOR('',#7103,10.);
#1961=VECTOR('',#7104,10.);
#1962=VECTOR('',#7107,10.);
#1963=VECTOR('',#7108,10.);
#1964=VECTOR('',#7111,10.);
#1965=VECTOR('',#7114,10.);
#1966=VECTOR('',#7119,10.);
#1967=VECTOR('',#7120,10.);
#1968=VECTOR('',#7121,10.);
#1969=VECTOR('',#7122,10.);
#1970=VECTOR('',#7125,10.);
#1971=VECTOR('',#7126,10.);
#1972=VECTOR('',#7127,10.);
#1973=VECTOR('',#7130,10.);
#1974=VECTOR('',#7131,10.);
#1975=VECTOR('',#7132,10.);
#1976=VECTOR('',#7135,10.);
#1977=VECTOR('',#7136,10.);
#1978=VECTOR('',#7139,10.);
#1979=VECTOR('',#7140,10.);
#1980=VECTOR('',#7143,10.);
#1981=VECTOR('',#7146,10.);
#1982=VECTOR('',#7149,10.);
#1983=VECTOR('',#7154,10.);
#1984=VECTOR('',#7157,10.);
#1985=VECTOR('',#7160,10.);
#1986=VECTOR('',#7165,1.1);
#1987=VECTOR('',#7172,1.1);
#1988=VECTOR('',#7177,10.);
#1989=VECTOR('',#7178,10.);
#1990=VECTOR('',#7179,10.);
#1991=VECTOR('',#7184,2.8);
#1992=VECTOR('',#7195,10.);
#1993=VECTOR('',#7204,10.);
#1994=VECTOR('',#7205,10.);
#1995=VECTOR('',#7206,10.);
#1996=VECTOR('',#7209,10.);
#1997=VECTOR('',#7210,10.);
#1998=VECTOR('',#7215,10.);
#1999=VECTOR('',#7216,10.);
#2000=VECTOR('',#7219,10.);
#2001=VECTOR('',#7222,10.);
#2002=VECTOR('',#7223,10.);
#2003=VECTOR('',#7228,10.);
#2004=VECTOR('',#7231,10.);
#2005=VECTOR('',#7232,10.);
#2006=VECTOR('',#7233,10.);
#2007=VECTOR('',#7238,10.);
#2008=VECTOR('',#7239,10.);
#2009=VECTOR('',#7244,10.);
#2010=VECTOR('',#7245,10.);
#2011=VECTOR('',#7246,10.);
#2012=VECTOR('',#7247,10.);
#2013=VECTOR('',#7250,10.);
#2014=VECTOR('',#7251,10.);
#2015=VECTOR('',#7256,10.);
#2016=VECTOR('',#7261,10.);
#2017=VECTOR('',#7262,10.);
#2018=VECTOR('',#7265,10.);
#2019=VECTOR('',#7266,10.);
#2020=VECTOR('',#7269,10.);
#2021=VECTOR('',#7270,10.);
#2022=VECTOR('',#7279,10.);
#2023=VECTOR('',#7290,10.);
#2024=VECTOR('',#7297,10.);
#2025=VECTOR('',#7308,10.);
#2026=VECTOR('',#7311,10.);
#2027=VECTOR('',#7312,10.);
#2028=VECTOR('',#7315,10.);
#2029=VECTOR('',#7316,10.);
#2030=VECTOR('',#7317,10.);
#2031=VECTOR('',#7318,10.);
#2032=VECTOR('',#7321,10.);
#2033=VECTOR('',#7322,10.);
#2034=VECTOR('',#7323,10.);
#2035=VECTOR('',#7326,10.);
#2036=VECTOR('',#7327,10.);
#2037=VECTOR('',#7330,10.);
#2038=VECTOR('',#7331,10.);
#2039=VECTOR('',#7334,10.);
#2040=VECTOR('',#7335,10.);
#2041=VECTOR('',#7338,10.);
#2042=VECTOR('',#7339,10.);
#2043=VECTOR('',#7340,10.);
#2044=VECTOR('',#7343,10.);
#2045=VECTOR('',#7350,10.);
#2046=VECTOR('',#7353,10.);
#2047=VECTOR('',#7358,10.);
#2048=VECTOR('',#7363,10.);
#2049=VECTOR('',#7366,10.);
#2050=VECTOR('',#7373,10.);
#2051=VECTOR('',#7376,10.);
#2052=VECTOR('',#7379,10.);
#2053=VECTOR('',#7380,10.);
#2054=VECTOR('',#7381,10.);
#2055=VECTOR('',#7382,10.);
#2056=VECTOR('',#7383,10.);
#2057=VECTOR('',#7384,10.);
#2058=VECTOR('',#7385,10.);
#2059=VECTOR('',#7388,10.);
#2060=VECTOR('',#7389,10.);
#2061=VECTOR('',#7392,1.4);
#2062=VECTOR('',#7401,1.);
#2063=VECTOR('',#7406,10.);
#2064=VECTOR('',#7407,10.);
#2065=VECTOR('',#7410,10.);
#2066=VECTOR('',#7411,10.);
#2067=VECTOR('',#7412,10.);
#2068=VECTOR('',#7413,10.);
#2069=VECTOR('',#7420,10.);
#2070=VECTOR('',#7425,10.);
#2071=VECTOR('',#7432,10.);
#2072=VECTOR('',#7433,10.);
#2073=VECTOR('',#7434,10.);
#2074=VECTOR('',#7437,10.);
#2075=VECTOR('',#7438,10.);
#2076=VECTOR('',#7439,10.);
#2077=VECTOR('',#7440,10.);
#2078=VECTOR('',#7443,10.);
#2079=VECTOR('',#7446,10.);
#2080=VECTOR('',#7447,10.);
#2081=VECTOR('',#7448,10.);
#2082=VECTOR('',#7449,10.);
#2083=VECTOR('',#7450,10.);
#2084=VECTOR('',#7453,10.);
#2085=VECTOR('',#7456,10.);
#2086=VECTOR('',#7457,10.);
#2087=VECTOR('',#7458,10.);
#2088=VECTOR('',#7459,10.);
#2089=VECTOR('',#7460,10.);
#2090=VECTOR('',#7465,10.);
#2091=VECTOR('',#7466,10.);
#2092=VECTOR('',#7471,10.);
#2093=VECTOR('',#7474,10.);
#2094=VECTOR('',#7477,10.);
#2095=VECTOR('',#7482,10.);
#2096=VECTOR('',#7487,10.);
#2097=VECTOR('',#7488,10.);
#2098=VECTOR('',#7511,10.);
#2099=VECTOR('',#7512,10.);
#2100=VECTOR('',#7515,0.999999999999999);
#2101=VECTOR('',#7520,10.);
#2102=VECTOR('',#7525,10.);
#2103=VECTOR('',#7532,10.);
#2104=VECTOR('',#7545,10.);
#2105=VECTOR('',#7554,10.);
#2106=VECTOR('',#7559,10.);
#2107=VECTOR('',#7574,10.);
#2108=VECTOR('',#7579,10.);
#2109=VECTOR('',#7584,10.);
#2110=VECTOR('',#7589,10.);
#2111=VECTOR('',#7590,10.);
#2112=VECTOR('',#7591,10.);
#2113=VECTOR('',#7594,10.);
#2114=VECTOR('',#7595,10.);
#2115=VECTOR('',#7598,10.);
#2116=VECTOR('',#7599,10.);
#2117=VECTOR('',#7602,10.);
#2118=VECTOR('',#7607,10.);
#2119=VECTOR('',#7624,10.);
#2120=VECTOR('',#7627,10.);
#2121=VECTOR('',#7628,10.);
#2122=VECTOR('',#7629,10.);
#2123=VECTOR('',#7630,10.);
#2124=VECTOR('',#7631,10.);
#2125=VECTOR('',#7632,10.);
#2126=VECTOR('',#7639,10.);
#2127=VECTOR('',#7646,10.);
#2128=VECTOR('',#7651,10.);
#2129=VECTOR('',#7654,10.);
#2130=VECTOR('',#7655,10.);
#2131=VECTOR('',#7656,10.);
#2132=VECTOR('',#7657,10.);
#2133=VECTOR('',#7658,10.);
#2134=VECTOR('',#7659,10.);
#2135=VECTOR('',#7660,10.);
#2136=VECTOR('',#7663,10.);
#2137=VECTOR('',#7664,10.);
#2138=VECTOR('',#7665,10.);
#2139=VECTOR('',#7668,10.);
#2140=VECTOR('',#7671,10.);
#2141=VECTOR('',#7672,10.);
#2142=VECTOR('',#7677,10.);
#2143=VECTOR('',#7678,10.);
#2144=VECTOR('',#7679,10.);
#2145=VECTOR('',#7682,10.);
#2146=VECTOR('',#7683,10.);
#2147=VECTOR('',#7688,10.);
#2148=VECTOR('',#7689,10.);
#2149=VECTOR('',#7694,10.);
#2150=VECTOR('',#7697,10.);
#2151=VECTOR('',#7700,10.);
#2152=VECTOR('',#7703,10.);
#2153=VECTOR('',#7704,10.);
#2154=VECTOR('',#7705,10.);
#2155=VECTOR('',#7708,10.);
#2156=VECTOR('',#7717,10.);
#2157=VECTOR('',#7720,10.);
#2158=VECTOR('',#7727,10.);
#2159=VECTOR('',#7728,10.);
#2160=VECTOR('',#7729,10.);
#2161=VECTOR('',#7732,10.);
#2162=VECTOR('',#7733,10.);
#2163=VECTOR('',#7734,10.);
#2164=VECTOR('',#7737,10.);
#2165=VECTOR('',#7738,10.);
#2166=VECTOR('',#7739,10.);
#2167=VECTOR('',#7740,10.);
#2168=VECTOR('',#7741,10.);
#2169=VECTOR('',#7744,10.);
#2170=VECTOR('',#7745,10.);
#2171=VECTOR('',#7748,10.);
#2172=VECTOR('',#7757,10.);
#2173=VECTOR('',#7758,10.);
#2174=VECTOR('',#7761,10.);
#2175=VECTOR('',#7762,10.);
#2176=VECTOR('',#7763,10.);
#2177=VECTOR('',#7764,10.);
#2178=VECTOR('',#7769,10.);
#2179=VECTOR('',#7774,10.);
#2180=VECTOR('',#7775,10.);
#2181=VECTOR('',#7778,10.);
#2182=VECTOR('',#7779,10.);
#2183=VECTOR('',#7780,10.);
#2184=VECTOR('',#7787,10.);
#2185=VECTOR('',#7790,10.);
#2186=VECTOR('',#7791,10.);
#2187=VECTOR('',#7792,10.);
#2188=VECTOR('',#7795,10.);
#2189=VECTOR('',#7796,10.);
#2190=VECTOR('',#7797,10.);
#2191=VECTOR('',#7800,10.);
#2192=VECTOR('',#7803,10.);
#2193=VECTOR('',#7806,10.);
#2194=VECTOR('',#7817,10.);
#2195=VECTOR('',#7820,10.);
#2196=VECTOR('',#7821,10.);
#2197=VECTOR('',#7826,10.);
#2198=VECTOR('',#7841,10.);
#2199=VECTOR('',#7844,10.);
#2200=VECTOR('',#7847,10.);
#2201=VECTOR('',#7848,10.);
#2202=VECTOR('',#7851,10.);
#2203=VECTOR('',#7852,10.);
#2204=VECTOR('',#7855,10.);
#2205=VECTOR('',#7860,10.);
#2206=VECTOR('',#7863,10.);
#2207=VECTOR('',#7868,10.);
#2208=VECTOR('',#7871,10.);
#2209=VECTOR('',#7878,2.8);
#2210=VECTOR('',#7887,2.8);
#2211=VECTOR('',#7896,10.);
#2212=VECTOR('',#7901,10.);
#2213=VECTOR('',#7906,10.);
#2214=VECTOR('',#7909,10.);
#2215=VECTOR('',#7920,1.4);
#2216=VECTOR('',#7925,1.);
#2217=VECTOR('',#7930,1.);
#2218=VECTOR('',#7939,1.4);
#2219=VECTOR('',#7944,1.40000000000001);
#2220=VECTOR('',#7957,10.);
#2221=VECTOR('',#7958,10.);
#2222=VECTOR('',#7963,10.);
#2223=VECTOR('',#7966,10.);
#2224=VECTOR('',#7969,10.);
#2225=VECTOR('',#7974,3.25);
#2226=VECTOR('',#7979,10.);
#2227=VECTOR('',#7996,1.4);
#2228=VECTOR('',#8003,1.4);
#2229=VECTOR('',#8008,10.);
#2230=VECTOR('',#8015,10.);
#2231=VECTOR('',#8018,10.);
#2232=VECTOR('',#8019,10.);
#2233=VECTOR('',#8022,10.);
#2234=VECTOR('',#8023,10.);
#2235=VECTOR('',#8028,10.);
#2236=VECTOR('',#8031,10.);
#2237=VECTOR('',#8038,10.);
#2238=VECTOR('',#8039,10.);
#2239=VECTOR('',#8040,10.);
#2240=VECTOR('',#8043,10.);
#2241=VECTOR('',#8044,10.);
#2242=VECTOR('',#8045,10.);
#2243=VECTOR('',#8048,10.);
#2244=VECTOR('',#8051,10.);
#2245=VECTOR('',#8056,3.25);
#2246=VECTOR('',#8059,3.25);
#2247=VECTOR('',#8062,1.4);
#2248=VECTOR('',#8065,10.);
#2249=VECTOR('',#8068,10.);
#2250=VECTOR('',#8071,10.);
#2251=VECTOR('',#8076,10.);
#2252=VECTOR('',#8077,10.);
#2253=VECTOR('',#8082,10.);
#2254=VECTOR('',#8083,10.);
#2255=VECTOR('',#8086,10.);
#2256=VECTOR('',#8087,10.);
#2257=VECTOR('',#8088,10.);
#2258=VECTOR('',#8089,10.);
#2259=VECTOR('',#8092,10.);
#2260=VECTOR('',#8093,10.);
#2261=VECTOR('',#8094,10.);
#2262=VECTOR('',#8101,10.);
#2263=VECTOR('',#8102,10.);
#2264=VECTOR('',#8105,10.);
#2265=VECTOR('',#8110,13.9);
#2266=VECTOR('',#8113,10.);
#2267=VECTOR('',#8114,10.);
#2268=VECTOR('',#8115,10.);
#2269=VECTOR('',#8118,10.);
#2270=VECTOR('',#8119,10.);
#2271=VECTOR('',#8122,13.9);
#2272=VECTOR('',#8125,10.);
#2273=VECTOR('',#8128,10.);
#2274=VECTOR('',#8129,10.);
#2275=VECTOR('',#8132,10.);
#2276=VECTOR('',#8141,10.);
#2277=VECTOR('',#8148,10.);
#2278=VECTOR('',#8151,10.);
#2279=VECTOR('',#8154,10.);
#2280=VECTOR('',#8157,10.);
#2281=VECTOR('',#8158,10.);
#2282=VECTOR('',#8163,10.);
#2283=VECTOR('',#8166,10.);
#2284=VECTOR('',#8169,10.);
#2285=VECTOR('',#8176,10.);
#2286=VECTOR('',#8177,10.);
#2287=VECTOR('',#8180,10.);
#2288=VECTOR('',#8181,10.);
#2289=VECTOR('',#8184,10.);
#2290=VERTEX_POINT('',#8189);
#2291=VERTEX_POINT('',#8190);
#2292=VERTEX_POINT('',#8192);
#2293=VERTEX_POINT('',#8194);
#2294=VERTEX_POINT('',#8197);
#2295=VERTEX_POINT('',#8200);
#2296=VERTEX_POINT('',#8201);
#2297=VERTEX_POINT('',#8203);
#2298=VERTEX_POINT('',#8205);
#2299=VERTEX_POINT('',#8207);
#2300=VERTEX_POINT('',#8209);
#2301=VERTEX_POINT('',#8211);
#2302=VERTEX_POINT('',#8213);
#2303=VERTEX_POINT('',#8215);
#2304=VERTEX_POINT('',#8217);
#2305=VERTEX_POINT('',#8222);
#2306=VERTEX_POINT('',#8224);
#2307=VERTEX_POINT('',#8227);
#2308=VERTEX_POINT('',#8229);
#2309=VERTEX_POINT('',#8232);
#2310=VERTEX_POINT('',#8233);
#2311=VERTEX_POINT('',#8235);
#2312=VERTEX_POINT('',#8237);
#2313=VERTEX_POINT('',#8239);
#2314=VERTEX_POINT('',#8241);
#2315=VERTEX_POINT('',#8243);
#2316=VERTEX_POINT('',#8245);
#2317=VERTEX_POINT('',#8247);
#2318=VERTEX_POINT('',#8251);
#2319=VERTEX_POINT('',#8253);
#2320=VERTEX_POINT('',#8257);
#2321=VERTEX_POINT('',#8258);
#2322=VERTEX_POINT('',#8260);
#2323=VERTEX_POINT('',#8262);
#2324=VERTEX_POINT('',#8264);
#2325=VERTEX_POINT('',#8266);
#2326=VERTEX_POINT('',#8268);
#2327=VERTEX_POINT('',#8270);
#2328=VERTEX_POINT('',#8272);
#2329=VERTEX_POINT('',#8274);
#2330=VERTEX_POINT('',#8276);
#2331=VERTEX_POINT('',#8278);
#2332=VERTEX_POINT('',#8282);
#2333=VERTEX_POINT('',#8284);
#2334=VERTEX_POINT('',#8286);
#2335=VERTEX_POINT('',#8288);
#2336=VERTEX_POINT('',#8290);
#2337=VERTEX_POINT('',#8292);
#2338=VERTEX_POINT('',#8294);
#2339=VERTEX_POINT('',#8296);
#2340=VERTEX_POINT('',#8298);
#2341=VERTEX_POINT('',#8302);
#2342=VERTEX_POINT('',#8304);
#2343=VERTEX_POINT('',#8308);
#2344=VERTEX_POINT('',#8310);
#2345=VERTEX_POINT('',#8314);
#2346=VERTEX_POINT('',#8316);
#2347=VERTEX_POINT('',#8320);
#2348=VERTEX_POINT('',#8322);
#2349=VERTEX_POINT('',#8365);
#2350=VERTEX_POINT('',#8366);
#2351=VERTEX_POINT('',#8368);
#2352=VERTEX_POINT('',#8405);
#2353=VERTEX_POINT('',#8406);
#2354=VERTEX_POINT('',#8417);
#2355=VERTEX_POINT('',#8418);
#2356=VERTEX_POINT('',#8434);
#2357=VERTEX_POINT('',#8436);
#2358=VERTEX_POINT('',#8438);
#2359=VERTEX_POINT('',#8440);
#2360=VERTEX_POINT('',#8463);
#2361=VERTEX_POINT('',#8465);
#2362=VERTEX_POINT('',#8479);
#2363=VERTEX_POINT('',#8484);
#2364=VERTEX_POINT('',#8491);
#2365=VERTEX_POINT('',#8492);
#2366=VERTEX_POINT('',#8494);
#2367=VERTEX_POINT('',#8496);
#2368=VERTEX_POINT('',#8530);
#2369=VERTEX_POINT('',#8531);
#2370=VERTEX_POINT('',#8581);
#2371=VERTEX_POINT('',#8618);
#2372=VERTEX_POINT('',#8620);
#2373=VERTEX_POINT('',#8624);
#2374=VERTEX_POINT('',#8626);
#2375=VERTEX_POINT('',#8628);
#2376=VERTEX_POINT('',#8651);
#2377=VERTEX_POINT('',#8652);
#2378=VERTEX_POINT('',#8663);
#2379=VERTEX_POINT('',#8670);
#2380=VERTEX_POINT('',#8672);
#2381=VERTEX_POINT('',#8674);
#2382=VERTEX_POINT('',#8678);
#2383=VERTEX_POINT('',#8679);
#2384=VERTEX_POINT('',#8681);
#2385=VERTEX_POINT('',#8683);
#2386=VERTEX_POINT('',#8685);
#2387=VERTEX_POINT('',#8701);
#2388=VERTEX_POINT('',#8702);
#2389=VERTEX_POINT('',#8704);
#2390=VERTEX_POINT('',#8706);
#2391=VERTEX_POINT('',#8708);
#2392=VERTEX_POINT('',#8710);
#2393=VERTEX_POINT('',#8713);
#2394=VERTEX_POINT('',#8715);
#2395=VERTEX_POINT('',#8719);
#2396=VERTEX_POINT('',#8720);
#2397=VERTEX_POINT('',#8722);
#2398=VERTEX_POINT('',#8724);
#2399=VERTEX_POINT('',#8726);
#2400=VERTEX_POINT('',#8728);
#2401=VERTEX_POINT('',#8730);
#2402=VERTEX_POINT('',#8734);
#2403=VERTEX_POINT('',#8739);
#2404=VERTEX_POINT('',#8741);
#2405=VERTEX_POINT('',#8743);
#2406=VERTEX_POINT('',#8745);
#2407=VERTEX_POINT('',#8747);
#2408=VERTEX_POINT('',#8749);
#2409=VERTEX_POINT('',#8753);
#2410=VERTEX_POINT('',#8755);
#2411=VERTEX_POINT('',#8757);
#2412=VERTEX_POINT('',#8759);
#2413=VERTEX_POINT('',#8761);
#2414=VERTEX_POINT('',#8763);
#2415=VERTEX_POINT('',#8765);
#2416=VERTEX_POINT('',#8768);
#2417=VERTEX_POINT('',#8771);
#2418=VERTEX_POINT('',#8773);
#2419=VERTEX_POINT('',#8775);
#2420=VERTEX_POINT('',#8786);
#2421=VERTEX_POINT('',#8791);
#2422=VERTEX_POINT('',#8793);
#2423=VERTEX_POINT('',#8795);
#2424=VERTEX_POINT('',#8797);
#2425=VERTEX_POINT('',#8799);
#2426=VERTEX_POINT('',#8801);
#2427=VERTEX_POINT('',#8832);
#2428=VERTEX_POINT('',#8840);
#2429=VERTEX_POINT('',#8842);
#2430=VERTEX_POINT('',#8856);
#2431=VERTEX_POINT('',#8858);
#2432=VERTEX_POINT('',#8873);
#2433=VERTEX_POINT('',#8877);
#2434=VERTEX_POINT('',#8879);
#2435=VERTEX_POINT('',#8882);
#2436=VERTEX_POINT('',#8884);
#2437=VERTEX_POINT('',#8886);
#2438=VERTEX_POINT('',#8890);
#2439=VERTEX_POINT('',#8892);
#2440=VERTEX_POINT('',#8894);
#2441=VERTEX_POINT('',#8896);
#2442=VERTEX_POINT('',#8898);
#2443=VERTEX_POINT('',#8900);
#2444=VERTEX_POINT('',#8902);
#2445=VERTEX_POINT('',#8904);
#2446=VERTEX_POINT('',#8909);
#2447=VERTEX_POINT('',#8920);
#2448=VERTEX_POINT('',#8924);
#2449=VERTEX_POINT('',#8925);
#2450=VERTEX_POINT('',#8927);
#2451=VERTEX_POINT('',#8936);
#2452=VERTEX_POINT('',#8938);
#2453=VERTEX_POINT('',#8940);
#2454=VERTEX_POINT('',#8943);
#2455=VERTEX_POINT('',#8953);
#2456=VERTEX_POINT('',#8954);
#2457=VERTEX_POINT('',#8962);
#2458=VERTEX_POINT('',#8964);
#2459=VERTEX_POINT('',#8966);
#2460=VERTEX_POINT('',#8968);
#2461=VERTEX_POINT('',#8970);
#2462=VERTEX_POINT('',#8972);
#2463=VERTEX_POINT('',#8974);
#2464=VERTEX_POINT('',#8976);
#2465=VERTEX_POINT('',#8987);
#2466=VERTEX_POINT('',#8989);
#2467=VERTEX_POINT('',#8991);
#2468=VERTEX_POINT('',#8994);
#2469=VERTEX_POINT('',#8995);
#2470=VERTEX_POINT('',#8997);
#2471=VERTEX_POINT('',#8999);
#2472=VERTEX_POINT('',#9001);
#2473=VERTEX_POINT('',#9003);
#2474=VERTEX_POINT('',#9005);
#2475=VERTEX_POINT('',#9007);
#2476=VERTEX_POINT('',#9013);
#2477=VERTEX_POINT('',#9015);
#2478=VERTEX_POINT('',#9017);
#2479=VERTEX_POINT('',#9019);
#2480=VERTEX_POINT('',#9021);
#2481=VERTEX_POINT('',#9023);
#2482=VERTEX_POINT('',#9025);
#2483=VERTEX_POINT('',#9027);
#2484=VERTEX_POINT('',#9029);
#2485=VERTEX_POINT('',#9031);
#2486=VERTEX_POINT('',#9033);
#2487=VERTEX_POINT('',#9035);
#2488=VERTEX_POINT('',#9040);
#2489=VERTEX_POINT('',#9042);
#2490=VERTEX_POINT('',#9044);
#2491=VERTEX_POINT('',#9046);
#2492=VERTEX_POINT('',#9048);
#2493=VERTEX_POINT('',#9053);
#2494=VERTEX_POINT('',#9055);
#2495=VERTEX_POINT('',#9057);
#2496=VERTEX_POINT('',#9059);
#2497=VERTEX_POINT('',#9061);
#2498=VERTEX_POINT('',#9063);
#2499=VERTEX_POINT('',#9065);
#2500=VERTEX_POINT('',#9067);
#2501=VERTEX_POINT('',#9069);
#2502=VERTEX_POINT('',#9074);
#2503=VERTEX_POINT('',#9076);
#2504=VERTEX_POINT('',#9081);
#2505=VERTEX_POINT('',#9083);
#2506=VERTEX_POINT('',#9135);
#2507=VERTEX_POINT('',#9137);
#2508=VERTEX_POINT('',#9146);
#2509=VERTEX_POINT('',#9148);
#2510=VERTEX_POINT('',#9174);
#2511=VERTEX_POINT('',#9176);
#2512=VERTEX_POINT('',#9180);
#2513=VERTEX_POINT('',#9182);
#2514=VERTEX_POINT('',#9184);
#2515=VERTEX_POINT('',#9192);
#2516=VERTEX_POINT('',#9225);
#2517=VERTEX_POINT('',#9226);
#2518=VERTEX_POINT('',#9228);
#2519=VERTEX_POINT('',#9230);
#2520=VERTEX_POINT('',#9239);
#2521=VERTEX_POINT('',#9243);
#2522=VERTEX_POINT('',#9245);
#2523=VERTEX_POINT('',#9249);
#2524=VERTEX_POINT('',#9251);
#2525=VERTEX_POINT('',#9253);
#2526=VERTEX_POINT('',#9257);
#2527=VERTEX_POINT('',#9288);
#2528=VERTEX_POINT('',#9292);
#2529=VERTEX_POINT('',#9294);
#2530=VERTEX_POINT('',#9296);
#2531=VERTEX_POINT('',#9298);
#2532=VERTEX_POINT('',#9300);
#2533=VERTEX_POINT('',#9302);
#2534=VERTEX_POINT('',#9304);
#2535=VERTEX_POINT('',#9306);
#2536=VERTEX_POINT('',#9308);
#2537=VERTEX_POINT('',#9310);
#2538=VERTEX_POINT('',#9312);
#2539=VERTEX_POINT('',#9314);
#2540=VERTEX_POINT('',#9316);
#2541=VERTEX_POINT('',#9318);
#2542=VERTEX_POINT('',#9320);
#2543=VERTEX_POINT('',#9322);
#2544=VERTEX_POINT('',#9324);
#2545=VERTEX_POINT('',#9326);
#2546=VERTEX_POINT('',#9328);
#2547=VERTEX_POINT('',#9330);
#2548=VERTEX_POINT('',#9332);
#2549=VERTEX_POINT('',#9334);
#2550=VERTEX_POINT('',#9338);
#2551=VERTEX_POINT('',#9340);
#2552=VERTEX_POINT('',#9342);
#2553=VERTEX_POINT('',#9344);
#2554=VERTEX_POINT('',#9346);
#2555=VERTEX_POINT('',#9348);
#2556=VERTEX_POINT('',#9350);
#2557=VERTEX_POINT('',#9353);
#2558=VERTEX_POINT('',#9355);
#2559=VERTEX_POINT('',#9359);
#2560=VERTEX_POINT('',#9361);
#2561=VERTEX_POINT('',#9363);
#2562=VERTEX_POINT('',#9366);
#2563=VERTEX_POINT('',#9367);
#2564=VERTEX_POINT('',#9369);
#2565=VERTEX_POINT('',#9371);
#2566=VERTEX_POINT('',#9374);
#2567=VERTEX_POINT('',#9376);
#2568=VERTEX_POINT('',#9378);
#2569=VERTEX_POINT('',#9381);
#2570=VERTEX_POINT('',#9383);
#2571=VERTEX_POINT('',#9387);
#2572=VERTEX_POINT('',#9389);
#2573=VERTEX_POINT('',#9393);
#2574=VERTEX_POINT('',#9395);
#2575=VERTEX_POINT('',#9404);
#2576=VERTEX_POINT('',#9408);
#2577=VERTEX_POINT('',#9418);
#2578=VERTEX_POINT('',#9420);
#2579=VERTEX_POINT('',#9424);
#2580=VERTEX_POINT('',#9426);
#2581=VERTEX_POINT('',#9430);
#2582=VERTEX_POINT('',#9432);
#2583=VERTEX_POINT('',#9436);
#2584=VERTEX_POINT('',#9440);
#2585=VERTEX_POINT('',#9457);
#2586=VERTEX_POINT('',#9459);
#2587=VERTEX_POINT('',#9463);
#2588=VERTEX_POINT('',#9468);
#2589=VERTEX_POINT('',#9470);
#2590=VERTEX_POINT('',#9489);
#2591=VERTEX_POINT('',#9493);
#2592=VERTEX_POINT('',#9496);
#2593=VERTEX_POINT('',#9498);
#2594=VERTEX_POINT('',#9502);
#2595=VERTEX_POINT('',#9503);
#2596=VERTEX_POINT('',#9505);
#2597=VERTEX_POINT('',#9507);
#2598=VERTEX_POINT('',#9509);
#2599=VERTEX_POINT('',#9511);
#2600=VERTEX_POINT('',#9513);
#2601=VERTEX_POINT('',#9515);
#2602=VERTEX_POINT('',#9519);
#2603=VERTEX_POINT('',#9520);
#2604=VERTEX_POINT('',#9525);
#2605=VERTEX_POINT('',#9527);
#2606=VERTEX_POINT('',#9529);
#2607=VERTEX_POINT('',#9533);
#2608=VERTEX_POINT('',#9537);
#2609=VERTEX_POINT('',#9539);
#2610=VERTEX_POINT('',#9544);
#2611=VERTEX_POINT('',#9546);
#2612=VERTEX_POINT('',#9550);
#2613=VERTEX_POINT('',#9553);
#2614=VERTEX_POINT('',#9557);
#2615=VERTEX_POINT('',#9561);
#2616=VERTEX_POINT('',#9565);
#2617=VERTEX_POINT('',#9567);
#2618=VERTEX_POINT('',#9569);
#2619=VERTEX_POINT('',#9571);
#2620=VERTEX_POINT('',#9573);
#2621=VERTEX_POINT('',#9575);
#2622=VERTEX_POINT('',#9577);
#2623=VERTEX_POINT('',#9579);
#2624=VERTEX_POINT('',#9582);
#2625=VERTEX_POINT('',#9586);
#2626=VERTEX_POINT('',#9588);
#2627=VERTEX_POINT('',#9590);
#2628=VERTEX_POINT('',#9602);
#2629=VERTEX_POINT('',#9604);
#2630=VERTEX_POINT('',#9606);
#2631=VERTEX_POINT('',#9608);
#2632=VERTEX_POINT('',#9610);
#2633=VERTEX_POINT('',#9621);
#2634=VERTEX_POINT('',#9625);
#2635=VERTEX_POINT('',#9627);
#2636=VERTEX_POINT('',#9629);
#2637=VERTEX_POINT('',#9633);
#2638=VERTEX_POINT('',#9635);
#2639=VERTEX_POINT('',#9639);
#2640=VERTEX_POINT('',#9643);
#2641=VERTEX_POINT('',#9647);
#2642=VERTEX_POINT('',#9651);
#2643=VERTEX_POINT('',#9653);
#2644=VERTEX_POINT('',#9661);
#2645=VERTEX_POINT('',#9663);
#2646=VERTEX_POINT('',#9667);
#2647=VERTEX_POINT('',#9669);
#2648=VERTEX_POINT('',#9673);
#2649=VERTEX_POINT('',#9675);
#2650=VERTEX_POINT('',#9677);
#2651=VERTEX_POINT('',#9679);
#2652=VERTEX_POINT('',#9682);
#2653=VERTEX_POINT('',#9684);
#2654=VERTEX_POINT('',#9686);
#2655=VERTEX_POINT('',#9690);
#2656=VERTEX_POINT('',#9692);
#2657=VERTEX_POINT('',#9707);
#2658=VERTEX_POINT('',#9709);
#2659=VERTEX_POINT('',#9711);
#2660=VERTEX_POINT('',#9713);
#2661=VERTEX_POINT('',#9727);
#2662=VERTEX_POINT('',#9729);
#2663=VERTEX_POINT('',#9745);
#2664=VERTEX_POINT('',#9756);
#2665=VERTEX_POINT('',#9760);
#2666=VERTEX_POINT('',#9764);
#2667=VERTEX_POINT('',#9767);
#2668=VERTEX_POINT('',#9832);
#2669=VERTEX_POINT('',#9834);
#2670=VERTEX_POINT('',#9836);
#2671=VERTEX_POINT('',#9921);
#2672=VERTEX_POINT('',#9923);
#2673=VERTEX_POINT('',#9925);
#2674=VERTEX_POINT('',#10033);
#2675=VERTEX_POINT('',#10046);
#2676=VERTEX_POINT('',#10047);
#2677=VERTEX_POINT('',#10067);
#2678=VERTEX_POINT('',#10072);
#2679=VERTEX_POINT('',#10074);
#2680=VERTEX_POINT('',#10097);
#2681=VERTEX_POINT('',#10099);
#2682=VERTEX_POINT('',#10111);
#2683=VERTEX_POINT('',#10112);
#2684=VERTEX_POINT('',#10114);
#2685=VERTEX_POINT('',#10116);
#2686=VERTEX_POINT('',#10120);
#2687=VERTEX_POINT('',#10121);
#2688=VERTEX_POINT('',#10123);
#2689=VERTEX_POINT('',#10126);
#2690=VERTEX_POINT('',#10128);
#2691=VERTEX_POINT('',#10130);
#2692=VERTEX_POINT('',#10132);
#2693=VERTEX_POINT('',#10134);
#2694=VERTEX_POINT('',#10136);
#2695=VERTEX_POINT('',#10138);
#2696=VERTEX_POINT('',#10140);
#2697=VERTEX_POINT('',#10142);
#2698=VERTEX_POINT('',#10144);
#2699=VERTEX_POINT('',#10147);
#2700=VERTEX_POINT('',#10151);
#2701=VERTEX_POINT('',#10155);
#2702=VERTEX_POINT('',#10156);
#2703=VERTEX_POINT('',#10158);
#2704=VERTEX_POINT('',#10160);
#2705=VERTEX_POINT('',#10183);
#2706=VERTEX_POINT('',#10184);
#2707=VERTEX_POINT('',#10240);
#2708=VERTEX_POINT('',#10242);
#2709=VERTEX_POINT('',#10244);
#2710=VERTEX_POINT('',#10246);
#2711=VERTEX_POINT('',#10250);
#2712=VERTEX_POINT('',#10283);
#2713=VERTEX_POINT('',#10285);
#2714=VERTEX_POINT('',#10296);
#2715=VERTEX_POINT('',#10403);
#2716=VERTEX_POINT('',#10443);
#2717=VERTEX_POINT('',#10455);
#2718=VERTEX_POINT('',#10457);
#2719=VERTEX_POINT('',#10469);
#2720=VERTEX_POINT('',#10471);
#2721=VERTEX_POINT('',#10480);
#2722=VERTEX_POINT('',#10492);
#2723=VERTEX_POINT('',#10493);
#2724=VERTEX_POINT('',#10537);
#2725=VERTEX_POINT('',#10541);
#2726=VERTEX_POINT('',#10545);
#2727=VERTEX_POINT('',#10550);
#2728=VERTEX_POINT('',#10584);
#2729=VERTEX_POINT('',#10588);
#2730=VERTEX_POINT('',#10611);
#2731=VERTEX_POINT('',#10638);
#2732=VERTEX_POINT('',#10686);
#2733=VERTEX_POINT('',#10707);
#2734=VERTEX_POINT('',#10730);
#2735=VERTEX_POINT('',#10731);
#2736=VERTEX_POINT('',#10759);
#2737=VERTEX_POINT('',#10760);
#2738=VERTEX_POINT('',#10812);
#2739=VERTEX_POINT('',#10813);
#2740=VERTEX_POINT('',#10837);
#2741=VERTEX_POINT('',#10839);
#2742=VERTEX_POINT('',#10862);
#2743=VERTEX_POINT('',#10946);
#2744=VERTEX_POINT('',#10949);
#2745=VERTEX_POINT('',#10953);
#2746=VERTEX_POINT('',#10955);
#2747=VERTEX_POINT('',#10957);
#2748=VERTEX_POINT('',#10959);
#2749=VERTEX_POINT('',#10963);
#2750=VERTEX_POINT('',#10966);
#2751=VERTEX_POINT('',#11012);
#2752=VERTEX_POINT('',#11048);
#2753=VERTEX_POINT('',#11050);
#2754=VERTEX_POINT('',#11052);
#2755=VERTEX_POINT('',#11063);
#2756=VERTEX_POINT('',#11065);
#2757=VERTEX_POINT('',#11067);
#2758=VERTEX_POINT('',#11069);
#2759=VERTEX_POINT('',#11071);
#2760=VERTEX_POINT('',#11073);
#2761=VERTEX_POINT('',#11077);
#2762=VERTEX_POINT('',#11082);
#2763=VERTEX_POINT('',#11086);
#2764=VERTEX_POINT('',#11090);
#2765=VERTEX_POINT('',#11092);
#2766=VERTEX_POINT('',#11094);
#2767=VERTEX_POINT('',#11096);
#2768=VERTEX_POINT('',#11098);
#2769=VERTEX_POINT('',#11100);
#2770=VERTEX_POINT('',#11104);
#2771=VERTEX_POINT('',#11107);
#2772=VERTEX_POINT('',#11112);
#2773=VERTEX_POINT('',#11114);
#2774=VERTEX_POINT('',#11118);
#2775=VERTEX_POINT('',#11120);
#2776=VERTEX_POINT('',#11124);
#2777=VERTEX_POINT('',#11128);
#2778=VERTEX_POINT('',#11130);
#2779=VERTEX_POINT('',#11135);
#2780=VERTEX_POINT('',#11138);
#2781=VERTEX_POINT('',#11140);
#2782=VERTEX_POINT('',#11144);
#2783=VERTEX_POINT('',#11147);
#2784=VERTEX_POINT('',#11149);
#2785=VERTEX_POINT('',#11161);
#2786=VERTEX_POINT('',#11163);
#2787=VERTEX_POINT('',#11165);
#2788=VERTEX_POINT('',#11168);
#2789=VERTEX_POINT('',#11170);
#2790=VERTEX_POINT('',#11173);
#2791=VERTEX_POINT('',#11175);
#2792=VERTEX_POINT('',#11179);
#2793=VERTEX_POINT('',#11181);
#2794=VERTEX_POINT('',#11185);
#2795=VERTEX_POINT('',#11187);
#2796=VERTEX_POINT('',#11189);
#2797=VERTEX_POINT('',#11194);
#2798=VERTEX_POINT('',#11198);
#2799=VERTEX_POINT('',#11210);
#2800=VERTEX_POINT('',#11220);
#2801=VERTEX_POINT('',#11222);
#2802=VERTEX_POINT('',#11224);
#2803=VERTEX_POINT('',#11228);
#2804=VERTEX_POINT('',#11230);
#2805=VERTEX_POINT('',#11245);
#2806=VERTEX_POINT('',#11247);
#2807=VERTEX_POINT('',#11249);
#2808=VERTEX_POINT('',#11252);
#2809=VERTEX_POINT('',#11254);
#2810=VERTEX_POINT('',#11258);
#2811=VERTEX_POINT('',#11260);
#2812=VERTEX_POINT('',#11264);
#2813=VERTEX_POINT('',#11266);
#2814=VERTEX_POINT('',#11270);
#2815=VERTEX_POINT('',#11272);
#2816=VERTEX_POINT('',#11278);
#2817=VERTEX_POINT('',#11280);
#2818=VERTEX_POINT('',#11306);
#2819=VERTEX_POINT('',#11310);
#2820=VERTEX_POINT('',#11328);
#2821=VERTEX_POINT('',#11332);
#2822=VERTEX_POINT('',#11335);
#2823=VERTEX_POINT('',#11339);
#2824=VERTEX_POINT('',#11344);
#2825=VERTEX_POINT('',#11346);
#2826=VERTEX_POINT('',#11354);
#2827=VERTEX_POINT('',#11357);
#2828=VERTEX_POINT('',#11360);
#2829=VERTEX_POINT('',#11364);
#2830=VERTEX_POINT('',#11368);
#2831=VERTEX_POINT('',#11372);
#2832=VERTEX_POINT('',#11375);
#2833=VERTEX_POINT('',#11379);
#2834=VERTEX_POINT('',#11383);
#2835=VERTEX_POINT('',#11386);
#2836=VERTEX_POINT('',#11390);
#2837=VERTEX_POINT('',#11396);
#2838=VERTEX_POINT('',#11411);
#2839=VERTEX_POINT('',#11420);
#2840=VERTEX_POINT('',#11448);
#2841=VERTEX_POINT('',#11524);
#2842=VERTEX_POINT('',#11583);
#2843=VERTEX_POINT('',#11586);
#2844=VERTEX_POINT('',#11589);
#2845=VERTEX_POINT('',#11613);
#2846=VERTEX_POINT('',#11672);
#2847=VERTEX_POINT('',#11682);
#2848=VERTEX_POINT('',#11694);
#2849=VERTEX_POINT('',#11695);
#2850=VERTEX_POINT('',#11697);
#2851=VERTEX_POINT('',#11699);
#2852=VERTEX_POINT('',#11730);
#2853=VERTEX_POINT('',#11746);
#2854=VERTEX_POINT('',#11791);
#2855=VERTEX_POINT('',#11792);
#2856=VERTEX_POINT('',#11794);
#2857=VERTEX_POINT('',#11796);
#2858=VERTEX_POINT('',#11832);
#2859=VERTEX_POINT('',#11863);
#2860=VERTEX_POINT('',#11879);
#2861=VERTEX_POINT('',#11910);
#2862=VERTEX_POINT('',#11975);
#2863=VERTEX_POINT('',#11976);
#2864=VERTEX_POINT('',#11981);
#2865=VERTEX_POINT('',#11982);
#2866=VERTEX_POINT('',#11984);
#2867=VERTEX_POINT('',#11990);
#2868=VERTEX_POINT('',#12004);
#2869=VERTEX_POINT('',#12006);
#2870=VERTEX_POINT('',#12010);
#2871=VERTEX_POINT('',#12018);
#2872=VERTEX_POINT('',#12022);
#2873=VERTEX_POINT('',#12050);
#2874=VERTEX_POINT('',#12054);
#2875=EDGE_CURVE('',#2290,#2291,#1184,.T.);
#2876=EDGE_CURVE('',#2292,#2290,#1052,.T.);
#2877=EDGE_CURVE('',#2293,#2292,#1185,.T.);
#2878=EDGE_CURVE('',#2293,#2291,#1186,.T.);
#2879=EDGE_CURVE('',#2294,#2294,#1053,.T.);
#2880=EDGE_CURVE('',#2295,#2296,#1054,.T.);
#2881=EDGE_CURVE('',#2296,#2297,#1187,.T.);
#2882=EDGE_CURVE('',#2298,#2297,#1055,.T.);
#2883=EDGE_CURVE('',#2299,#2298,#1188,.T.);
#2884=EDGE_CURVE('',#2300,#2299,#1189,.T.);
#2885=EDGE_CURVE('',#2300,#2301,#1190,.T.);
#2886=EDGE_CURVE('',#2301,#2302,#1056,.T.);
#2887=EDGE_CURVE('',#2302,#2303,#1191,.T.);
#2888=EDGE_CURVE('',#2304,#2303,#255,.T.);
#2889=EDGE_CURVE('',#2305,#2304,#1192,.T.);
#2890=EDGE_CURVE('',#2306,#2305,#1057,.T.);
#2891=EDGE_CURVE('',#2306,#2295,#1193,.T.);
#2892=EDGE_CURVE('',#2307,#2307,#1058,.T.);
#2893=EDGE_CURVE('',#2308,#2308,#1059,.T.);
#2894=EDGE_CURVE('',#2309,#2310,#1194,.T.);
#2895=EDGE_CURVE('',#2311,#2310,#1195,.T.);
#2896=EDGE_CURVE('',#2312,#2311,#1196,.T.);
#2897=EDGE_CURVE('',#2312,#2313,#1197,.T.);
#2898=EDGE_CURVE('',#2313,#2314,#1198,.T.);
#2899=EDGE_CURVE('',#2314,#2315,#145,.T.);
#2900=EDGE_CURVE('',#2315,#2316,#146,.T.);
#2901=EDGE_CURVE('',#2317,#2316,#1199,.T.);
#2902=EDGE_CURVE('',#2309,#2317,#1200,.T.);
#2903=EDGE_CURVE('',#2318,#2292,#1201,.T.);
#2904=EDGE_CURVE('',#2318,#2319,#1202,.T.);
#2905=EDGE_CURVE('',#2293,#2319,#1203,.T.);
#2906=EDGE_CURVE('',#2320,#2321,#1060,.T.);
#2907=EDGE_CURVE('',#2320,#2322,#1204,.T.);
#2908=EDGE_CURVE('',#2322,#2323,#1061,.T.);
#2909=EDGE_CURVE('',#2323,#2324,#1205,.T.);
#2910=EDGE_CURVE('',#2325,#2324,#1062,.T.);
#2911=EDGE_CURVE('',#2326,#2325,#1206,.T.);
#2912=EDGE_CURVE('',#2327,#2326,#1063,.T.);
#2913=EDGE_CURVE('',#2327,#2328,#1207,.T.);
#2914=EDGE_CURVE('',#2328,#2329,#1064,.T.);
#2915=EDGE_CURVE('',#2329,#2330,#1208,.T.);
#2916=EDGE_CURVE('',#2331,#2330,#1065,.T.);
#2917=EDGE_CURVE('',#2321,#2331,#1209,.T.);
#2918=EDGE_CURVE('',#2290,#2332,#1210,.T.);
#2919=EDGE_CURVE('',#2333,#2332,#1066,.T.);
#2920=EDGE_CURVE('',#2334,#2333,#1211,.T.);
#2921=EDGE_CURVE('',#2335,#2334,#1067,.T.);
#2922=EDGE_CURVE('',#2335,#2336,#1212,.T.);
#2923=EDGE_CURVE('',#2336,#2337,#1068,.T.);
#2924=EDGE_CURVE('',#2337,#2338,#1213,.T.);
#2925=EDGE_CURVE('',#2339,#2338,#1069,.T.);
#2926=EDGE_CURVE('',#2340,#2339,#1214,.T.);
#2927=EDGE_CURVE('',#2318,#2340,#1070,.T.);
#2928=EDGE_CURVE('',#2327,#2341,#1215,.T.);
#2929=EDGE_CURVE('',#2342,#2341,#1216,.T.);
#2930=EDGE_CURVE('',#2342,#2328,#1217,.T.);
#2931=EDGE_CURVE('',#2343,#2330,#1218,.T.);
#2932=EDGE_CURVE('',#2344,#2329,#1219,.T.);
#2933=EDGE_CURVE('',#2343,#2344,#1220,.T.);
#2934=EDGE_CURVE('',#2335,#2345,#1221,.T.);
#2935=EDGE_CURVE('',#2346,#2345,#1222,.T.);
#2936=EDGE_CURVE('',#2346,#2336,#1223,.T.);
#2937=EDGE_CURVE('',#2347,#2338,#1224,.T.);
#2938=EDGE_CURVE('',#2348,#2337,#1225,.T.);
#2939=EDGE_CURVE('',#2347,#2348,#1226,.T.);
#2940=EDGE_CURVE('',#2349,#2350,#1071,.T.);
#2941=EDGE_CURVE('',#2350,#2351,#256,.T.);
#2942=EDGE_CURVE('',#2351,#2349,#257,.T.);
#2943=EDGE_CURVE('',#2352,#2353,#1072,.T.);
#2944=EDGE_CURVE('',#2353,#2350,#258,.T.);
#2945=EDGE_CURVE('',#2349,#2352,#259,.T.);
#2946=EDGE_CURVE('',#2354,#2355,#260,.F.);
#2947=EDGE_CURVE('',#2355,#2353,#1227,.T.);
#2948=EDGE_CURVE('',#2352,#2354,#1228,.T.);
#2949=EDGE_CURVE('',#2356,#2349,#147,.T.);
#2950=EDGE_CURVE('',#2357,#2356,#1229,.T.);
#2951=EDGE_CURVE('',#2358,#2357,#1230,.T.);
#2952=EDGE_CURVE('',#2358,#2359,#1231,.T.);
#2953=EDGE_CURVE('',#2359,#2354,#148,.T.);
#2954=EDGE_CURVE('',#2351,#2360,#149,.T.);
#2955=EDGE_CURVE('',#2360,#2361,#261,.T.);
#2956=EDGE_CURVE('',#2361,#2362,#262,.T.);
#2957=EDGE_CURVE('',#2362,#2363,#263,.T.);
#2958=EDGE_CURVE('',#2356,#2363,#1073,.T.);
#2959=EDGE_CURVE('',#2364,#2365,#1074,.T.);
#2960=EDGE_CURVE('',#2365,#2366,#1232,.T.);
#2961=EDGE_CURVE('',#2366,#2367,#264,.F.);
#2962=EDGE_CURVE('',#2367,#2364,#1233,.T.);
#2963=EDGE_CURVE('',#2368,#2369,#1075,.T.);
#2964=EDGE_CURVE('',#2369,#2365,#265,.T.);
#2965=EDGE_CURVE('',#2364,#2368,#266,.T.);
#2966=EDGE_CURVE('',#2368,#2370,#267,.T.);
#2967=EDGE_CURVE('',#2370,#2369,#268,.T.);
#2968=EDGE_CURVE('',#2368,#2371,#150,.T.);
#2969=EDGE_CURVE('',#2371,#2372,#1076,.T.);
#2970=EDGE_CURVE('',#2372,#2370,#151,.T.);
#2971=EDGE_CURVE('',#2373,#2367,#152,.F.);
#2972=EDGE_CURVE('',#2374,#2373,#1234,.T.);
#2973=EDGE_CURVE('',#2375,#2374,#1235,.T.);
#2974=EDGE_CURVE('',#2371,#2375,#153,.T.);
#2975=EDGE_CURVE('',#2376,#2377,#269,.T.);
#2976=EDGE_CURVE('',#2378,#2377,#1077,.T.);
#2977=EDGE_CURVE('',#2376,#2378,#270,.T.);
#2978=EDGE_CURVE('',#2379,#2378,#154,.T.);
#2979=EDGE_CURVE('',#2380,#2379,#1236,.T.);
#2980=EDGE_CURVE('',#2381,#2380,#1237,.T.);
#2981=EDGE_CURVE('',#2376,#2381,#1238,.T.);
#2982=EDGE_CURVE('',#2382,#2383,#1239,.T.);
#2983=EDGE_CURVE('',#2384,#2383,#1240,.T.);
#2984=EDGE_CURVE('',#2385,#2384,#1241,.T.);
#2985=EDGE_CURVE('',#2386,#2385,#271,.T.);
#2986=EDGE_CURVE('',#2382,#2386,#272,.T.);
#2987=EDGE_CURVE('',#2387,#2388,#1242,.T.);
#2988=EDGE_CURVE('',#2388,#2389,#1243,.T.);
#2989=EDGE_CURVE('',#2389,#2390,#1244,.T.);
#2990=EDGE_CURVE('',#2390,#2391,#1245,.T.);
#2991=EDGE_CURVE('',#2391,#2392,#1246,.T.);
#2992=EDGE_CURVE('',#2392,#2299,#1247,.T.);
#2993=EDGE_CURVE('',#2298,#2393,#1248,.T.);
#2994=EDGE_CURVE('',#2394,#2393,#1249,.T.);
#2995=EDGE_CURVE('',#2394,#2387,#1250,.T.);
#2996=EDGE_CURVE('',#2395,#2396,#1251,.T.);
#2997=EDGE_CURVE('',#2397,#2395,#1252,.T.);
#2998=EDGE_CURVE('',#2397,#2398,#1253,.T.);
#2999=EDGE_CURVE('',#2398,#2399,#1254,.T.);
#3000=EDGE_CURVE('',#2400,#2399,#1078,.F.);
#3001=EDGE_CURVE('',#2401,#2400,#1255,.F.);
#3002=EDGE_CURVE('',#2396,#2401,#1256,.F.);
#3003=EDGE_CURVE('',#2382,#2402,#273,.T.);
#3004=EDGE_CURVE('',#2402,#2403,#1257,.T.);
#3005=EDGE_CURVE('',#2404,#2403,#1258,.T.);
#3006=EDGE_CURVE('',#2405,#2404,#1259,.T.);
#3007=EDGE_CURVE('',#2406,#2405,#1260,.T.);
#3008=EDGE_CURVE('',#2406,#2407,#1261,.T.);
#3009=EDGE_CURVE('',#2408,#2407,#1262,.T.);
#3010=EDGE_CURVE('',#2388,#2408,#1263,.T.);
#3011=EDGE_CURVE('',#2387,#2396,#1264,.T.);
#3012=EDGE_CURVE('',#2409,#2396,#1265,.T.);
#3013=EDGE_CURVE('',#2410,#2409,#1266,.T.);
#3014=EDGE_CURVE('',#2411,#2410,#1079,.T.);
#3015=EDGE_CURVE('',#2411,#2412,#1080,.T.);
#3016=EDGE_CURVE('',#2412,#2413,#1267,.T.);
#3017=EDGE_CURVE('',#2413,#2414,#1081,.T.);
#3018=EDGE_CURVE('',#2415,#2414,#1082,.T.);
#3019=EDGE_CURVE('',#2383,#2415,#1268,.T.);
#3020=EDGE_CURVE('',#2416,#2416,#1083,.T.);
#3021=EDGE_CURVE('',#2417,#2403,#1269,.F.);
#3022=EDGE_CURVE('',#2418,#2417,#1270,.T.);
#3023=EDGE_CURVE('',#2419,#2418,#274,.T.);
#3024=EDGE_CURVE('',#2420,#2419,#275,.T.);
#3025=EDGE_CURVE('',#2420,#2421,#1271,.T.);
#3026=EDGE_CURVE('',#2422,#2421,#1272,.T.);
#3027=EDGE_CURVE('',#2423,#2422,#1273,.T.);
#3028=EDGE_CURVE('',#2424,#2423,#1274,.T.);
#3029=EDGE_CURVE('',#2425,#2424,#1275,.T.);
#3030=EDGE_CURVE('',#2425,#2426,#1276,.T.);
#3031=EDGE_CURVE('',#2404,#2426,#1277,.T.);
#3032=EDGE_CURVE('',#2386,#2427,#276,.T.);
#3033=EDGE_CURVE('',#2428,#2427,#1278,.T.);
#3034=EDGE_CURVE('',#2429,#2428,#277,.T.);
#3035=EDGE_CURVE('',#2429,#2430,#1279,.T.);
#3036=EDGE_CURVE('',#2430,#2431,#278,.T.);
#3037=EDGE_CURVE('',#2431,#2402,#279,.F.);
#3038=EDGE_CURVE('',#2408,#2432,#1280,.T.);
#3039=EDGE_CURVE('',#2432,#2389,#1281,.T.);
#3040=EDGE_CURVE('',#2407,#2433,#1282,.T.);
#3041=EDGE_CURVE('',#2434,#2433,#1283,.T.);
#3042=EDGE_CURVE('',#2434,#2301,#1284,.T.);
#3043=EDGE_CURVE('',#2435,#2300,#1285,.T.);
#3044=EDGE_CURVE('',#2436,#2435,#1286,.T.);
#3045=EDGE_CURVE('',#2437,#2436,#1287,.T.);
#3046=EDGE_CURVE('',#2432,#2437,#1288,.T.);
#3047=EDGE_CURVE('',#2438,#2405,#1289,.T.);
#3048=EDGE_CURVE('',#2439,#2438,#1290,.T.);
#3049=EDGE_CURVE('',#2440,#2439,#1291,.T.);
#3050=EDGE_CURVE('',#2440,#2441,#1292,.T.);
#3051=EDGE_CURVE('',#2442,#2441,#1293,.T.);
#3052=EDGE_CURVE('',#2443,#2442,#1294,.T.);
#3053=EDGE_CURVE('',#2444,#2443,#1295,.T.);
#3054=EDGE_CURVE('',#2445,#2444,#280,.T.);
#3055=EDGE_CURVE('',#2446,#2445,#281,.T.);
#3056=EDGE_CURVE('',#2447,#2446,#1296,.T.);
#3057=EDGE_CURVE('',#2447,#2406,#1297,.T.);
#3058=EDGE_CURVE('',#2448,#2449,#1298,.T.);
#3059=EDGE_CURVE('',#2450,#2448,#1299,.T.);
#3060=EDGE_CURVE('',#2450,#2409,#1300,.F.);
#3061=EDGE_CURVE('',#2449,#2401,#1301,.F.);
#3062=EDGE_CURVE('',#2426,#2438,#1302,.T.);
#3063=EDGE_CURVE('',#2439,#2425,#1303,.T.);
#3064=EDGE_CURVE('',#2384,#2451,#1304,.T.);
#3065=EDGE_CURVE('',#2451,#2452,#1084,.T.);
#3066=EDGE_CURVE('',#2452,#2453,#1085,.T.);
#3067=EDGE_CURVE('',#2453,#2374,#1305,.T.);
#3068=EDGE_CURVE('',#2373,#2454,#1306,.T.);
#3069=EDGE_CURVE('',#2454,#2385,#282,.T.);
#3070=EDGE_CURVE('',#2455,#2456,#283,.T.);
#3071=EDGE_CURVE('',#2457,#2455,#1307,.T.);
#3072=EDGE_CURVE('',#2457,#2458,#1308,.T.);
#3073=EDGE_CURVE('',#2459,#2458,#155,.T.);
#3074=EDGE_CURVE('',#2459,#2460,#1309,.F.);
#3075=EDGE_CURVE('',#2461,#2460,#156,.T.);
#3076=EDGE_CURVE('',#2461,#2462,#1310,.T.);
#3077=EDGE_CURVE('',#2463,#2462,#1311,.T.);
#3078=EDGE_CURVE('',#2464,#2463,#284,.T.);
#3079=EDGE_CURVE('',#2465,#2464,#1312,.T.);
#3080=EDGE_CURVE('',#2465,#2466,#1086,.T.);
#3081=EDGE_CURVE('',#2466,#2467,#1087,.T.);
#3082=EDGE_CURVE('',#2456,#2467,#1313,.T.);
#3083=EDGE_CURVE('',#2468,#2469,#1314,.T.);
#3084=EDGE_CURVE('',#2470,#2469,#1088,.T.);
#3085=EDGE_CURVE('',#2470,#2471,#1315,.T.);
#3086=EDGE_CURVE('',#2472,#2471,#1089,.T.);
#3087=EDGE_CURVE('',#2472,#2473,#1316,.T.);
#3088=EDGE_CURVE('',#2474,#2473,#1090,.T.);
#3089=EDGE_CURVE('',#2474,#2475,#1317,.T.);
#3090=EDGE_CURVE('',#2468,#2475,#1091,.T.);
#3091=EDGE_CURVE('',#2451,#2415,#1318,.T.);
#3092=EDGE_CURVE('',#2448,#2476,#1319,.T.);
#3093=EDGE_CURVE('',#2477,#2476,#1092,.T.);
#3094=EDGE_CURVE('',#2477,#2478,#1320,.T.);
#3095=EDGE_CURVE('',#2479,#2478,#1093,.T.);
#3096=EDGE_CURVE('',#2479,#2480,#1321,.T.);
#3097=EDGE_CURVE('',#2480,#2481,#1322,.T.);
#3098=EDGE_CURVE('',#2481,#2482,#1323,.T.);
#3099=EDGE_CURVE('',#2483,#2482,#1094,.F.);
#3100=EDGE_CURVE('',#2483,#2484,#1095,.T.);
#3101=EDGE_CURVE('',#2484,#2485,#1324,.T.);
#3102=EDGE_CURVE('',#2485,#2486,#1096,.T.);
#3103=EDGE_CURVE('',#2486,#2487,#1097,.T.);
#3104=EDGE_CURVE('',#2487,#2450,#1325,.T.);
#3105=EDGE_CURVE('',#2476,#2468,#1326,.T.);
#3106=EDGE_CURVE('',#2449,#2488,#1327,.T.);
#3107=EDGE_CURVE('',#2488,#2489,#1098,.T.);
#3108=EDGE_CURVE('',#2489,#2490,#1328,.T.);
#3109=EDGE_CURVE('',#2490,#2491,#1329,.T.);
#3110=EDGE_CURVE('',#2492,#2491,#1330,.T.);
#3111=EDGE_CURVE('',#2469,#2492,#1331,.T.);
#3112=EDGE_CURVE('',#2395,#2394,#1332,.T.);
#3113=EDGE_CURVE('',#2393,#2493,#1099,.T.);
#3114=EDGE_CURVE('',#2493,#2494,#1333,.T.);
#3115=EDGE_CURVE('',#2494,#2495,#1100,.T.);
#3116=EDGE_CURVE('',#2495,#2496,#157,.T.);
#3117=EDGE_CURVE('',#2496,#2497,#1334,.T.);
#3118=EDGE_CURVE('',#2497,#2498,#1335,.T.);
#3119=EDGE_CURVE('',#2498,#2499,#1336,.T.);
#3120=EDGE_CURVE('',#2500,#2499,#1101,.T.);
#3121=EDGE_CURVE('',#2500,#2501,#1337,.T.);
#3122=EDGE_CURVE('',#2492,#2501,#1102,.T.);
#3123=EDGE_CURVE('',#2491,#2397,#1338,.T.);
#3124=EDGE_CURVE('',#2417,#2502,#1339,.T.);
#3125=EDGE_CURVE('',#2502,#2503,#285,.T.);
#3126=EDGE_CURVE('',#2503,#2504,#1103,.T.);
#3127=EDGE_CURVE('',#2504,#2505,#1104,.T.);
#3128=EDGE_CURVE('',#2505,#2418,#286,.T.);
#3129=EDGE_CURVE('',#2427,#2454,#1105,.T.);
#3130=EDGE_CURVE('',#2410,#2487,#1340,.T.);
#3131=EDGE_CURVE('',#2486,#2411,#1341,.T.);
#3132=EDGE_CURVE('',#2414,#2452,#1342,.T.);
#3133=EDGE_CURVE('',#2494,#2296,#1343,.T.);
#3134=EDGE_CURVE('',#2295,#2506,#1344,.T.);
#3135=EDGE_CURVE('',#2507,#2506,#287,.T.);
#3136=EDGE_CURVE('',#2508,#2507,#1106,.T.);
#3137=EDGE_CURVE('',#2509,#2508,#288,.T.);
#3138=EDGE_CURVE('',#2495,#2509,#289,.T.);
#3139=EDGE_CURVE('',#2297,#2493,#1345,.T.);
#3140=EDGE_CURVE('',#2510,#2306,#1346,.T.);
#3141=EDGE_CURVE('',#2511,#2305,#1347,.T.);
#3142=EDGE_CURVE('',#2510,#2511,#1107,.T.);
#3143=EDGE_CURVE('',#2512,#2510,#1348,.T.);
#3144=EDGE_CURVE('',#2511,#2513,#1349,.T.);
#3145=EDGE_CURVE('',#2513,#2514,#290,.T.);
#3146=EDGE_CURVE('',#2514,#2359,#1350,.T.);
#3147=EDGE_CURVE('',#2358,#2512,#158,.T.);
#3148=EDGE_CURVE('',#2515,#2509,#159,.T.);
#3149=EDGE_CURVE('',#2515,#2496,#1351,.T.);
#3150=EDGE_CURVE('',#2516,#2517,#160,.F.);
#3151=EDGE_CURVE('',#2518,#2516,#1108,.T.);
#3152=EDGE_CURVE('',#2518,#2519,#291,.T.);
#3153=EDGE_CURVE('',#2519,#2520,#161,.T.);
#3154=EDGE_CURVE('',#2517,#2520,#1109,.T.);
#3155=EDGE_CURVE('',#2413,#2521,#1352,.T.);
#3156=EDGE_CURVE('',#2521,#2522,#162,.T.);
#3157=EDGE_CURVE('',#2522,#2453,#1353,.T.);
#3158=EDGE_CURVE('',#2485,#2523,#1354,.T.);
#3159=EDGE_CURVE('',#2523,#2524,#1110,.T.);
#3160=EDGE_CURVE('',#2524,#2525,#163,.T.);
#3161=EDGE_CURVE('',#2525,#2412,#1355,.T.);
#3162=EDGE_CURVE('',#2526,#2512,#164,.T.);
#3163=EDGE_CURVE('',#2506,#2526,#292,.T.);
#3164=EDGE_CURVE('',#2526,#2357,#165,.T.);
#3165=EDGE_CURVE('',#2357,#2527,#1111,.T.);
#3166=EDGE_CURVE('',#2527,#2507,#166,.T.);
#3167=EDGE_CURVE('',#2528,#2317,#1356,.T.);
#3168=EDGE_CURVE('',#2528,#2529,#1357,.T.);
#3169=EDGE_CURVE('',#2530,#2529,#1358,.F.);
#3170=EDGE_CURVE('',#2530,#2531,#1359,.T.);
#3171=EDGE_CURVE('',#2531,#2532,#1360,.T.);
#3172=EDGE_CURVE('',#2532,#2533,#1361,.T.);
#3173=EDGE_CURVE('',#2533,#2534,#1362,.T.);
#3174=EDGE_CURVE('',#2535,#2534,#167,.T.);
#3175=EDGE_CURVE('',#2535,#2536,#1363,.T.);
#3176=EDGE_CURVE('',#2537,#2536,#168,.T.);
#3177=EDGE_CURVE('',#2537,#2538,#1364,.T.);
#3178=EDGE_CURVE('',#2538,#2539,#1365,.T.);
#3179=EDGE_CURVE('',#2539,#2540,#169,.T.);
#3180=EDGE_CURVE('',#2541,#2540,#1366,.T.);
#3181=EDGE_CURVE('',#2541,#2542,#1367,.T.);
#3182=EDGE_CURVE('',#2543,#2542,#1368,.T.);
#3183=EDGE_CURVE('',#2543,#2544,#1369,.T.);
#3184=EDGE_CURVE('',#2544,#2545,#1370,.T.);
#3185=EDGE_CURVE('',#2545,#2546,#1371,.T.);
#3186=EDGE_CURVE('',#2546,#2547,#1372,.T.);
#3187=EDGE_CURVE('',#2547,#2548,#1373,.T.);
#3188=EDGE_CURVE('',#2548,#2549,#1374,.T.);
#3189=EDGE_CURVE('',#2549,#2343,#1375,.T.);
#3190=EDGE_CURVE('',#2344,#2342,#1376,.T.);
#3191=EDGE_CURVE('',#2341,#2550,#1377,.T.);
#3192=EDGE_CURVE('',#2550,#2551,#1378,.T.);
#3193=EDGE_CURVE('',#2551,#2552,#1379,.T.);
#3194=EDGE_CURVE('',#2552,#2553,#1380,.T.);
#3195=EDGE_CURVE('',#2553,#2554,#1381,.T.);
#3196=EDGE_CURVE('',#2554,#2555,#1382,.T.);
#3197=EDGE_CURVE('',#2555,#2556,#1383,.T.);
#3198=EDGE_CURVE('',#2311,#2556,#1112,.T.);
#3199=EDGE_CURVE('',#2319,#2557,#1384,.T.);
#3200=EDGE_CURVE('',#2557,#2558,#1385,.T.);
#3201=EDGE_CURVE('',#2558,#2347,#1386,.T.);
#3202=EDGE_CURVE('',#2348,#2346,#1387,.T.);
#3203=EDGE_CURVE('',#2345,#2559,#1388,.T.);
#3204=EDGE_CURVE('',#2559,#2560,#1389,.T.);
#3205=EDGE_CURVE('',#2560,#2561,#1390,.T.);
#3206=EDGE_CURVE('',#2561,#2291,#1391,.T.);
#3207=EDGE_CURVE('',#2562,#2563,#1392,.T.);
#3208=EDGE_CURVE('',#2563,#2564,#1393,.T.);
#3209=EDGE_CURVE('',#2564,#2565,#1394,.T.);
#3210=EDGE_CURVE('',#2565,#2562,#1395,.T.);
#3211=EDGE_CURVE('',#2566,#2566,#1113,.T.);
#3212=EDGE_CURVE('',#2567,#2567,#1114,.T.);
#3213=EDGE_CURVE('',#2568,#2568,#1115,.T.);
#3214=EDGE_CURVE('',#2569,#2340,#1396,.T.);
#3215=EDGE_CURVE('',#2570,#2569,#1397,.T.);
#3216=EDGE_CURVE('',#2557,#2570,#1398,.T.);
#3217=EDGE_CURVE('',#2571,#2558,#1399,.T.);
#3218=EDGE_CURVE('',#2572,#2571,#1400,.T.);
#3219=EDGE_CURVE('',#2339,#2572,#1401,.T.);
#3220=EDGE_CURVE('',#2573,#2334,#1402,.T.);
#3221=EDGE_CURVE('',#2574,#2573,#1403,.T.);
#3222=EDGE_CURVE('',#2559,#2574,#1404,.T.);
#3223=EDGE_CURVE('',#2572,#2569,#1405,.T.);
#3224=EDGE_CURVE('',#2571,#2570,#1406,.T.);
#3225=EDGE_CURVE('',#2574,#2575,#1407,.T.);
#3226=EDGE_CURVE('',#2575,#2560,#1408,.T.);
#3227=EDGE_CURVE('',#2573,#2576,#1409,.T.);
#3228=EDGE_CURVE('',#2576,#2575,#1410,.T.);
#3229=EDGE_CURVE('',#2333,#2576,#1411,.T.);
#3230=EDGE_CURVE('',#2561,#2332,#1412,.T.);
#3231=EDGE_CURVE('',#2320,#2547,#1413,.T.);
#3232=EDGE_CURVE('',#2321,#2577,#1414,.T.);
#3233=EDGE_CURVE('',#2577,#2578,#1415,.T.);
#3234=EDGE_CURVE('',#2578,#2548,#1416,.T.);
#3235=EDGE_CURVE('',#2549,#2579,#1417,.T.);
#3236=EDGE_CURVE('',#2579,#2580,#1418,.T.);
#3237=EDGE_CURVE('',#2580,#2331,#1419,.T.);
#3238=EDGE_CURVE('',#2326,#2581,#1420,.T.);
#3239=EDGE_CURVE('',#2581,#2582,#1421,.T.);
#3240=EDGE_CURVE('',#2582,#2550,#1422,.T.);
#3241=EDGE_CURVE('',#2583,#2325,#1423,.T.);
#3242=EDGE_CURVE('',#2581,#2583,#1424,.T.);
#3243=EDGE_CURVE('',#2584,#2583,#1425,.T.);
#3244=EDGE_CURVE('',#2582,#2584,#1426,.T.);
#3245=EDGE_CURVE('',#2551,#2584,#1427,.T.);
#3246=EDGE_CURVE('',#2579,#2578,#1428,.T.);
#3247=EDGE_CURVE('',#2580,#2577,#1429,.T.);
#3248=EDGE_CURVE('',#2552,#2324,#1430,.T.);
#3249=EDGE_CURVE('',#2553,#2323,#1431,.T.);
#3250=EDGE_CURVE('',#2546,#2322,#1432,.T.);
#3251=EDGE_CURVE('',#2585,#2585,#1116,.T.);
#3252=EDGE_CURVE('',#2585,#2586,#1433,.T.);
#3253=EDGE_CURVE('',#2586,#2586,#1117,.T.);
#3254=EDGE_CURVE('',#2587,#2587,#1118,.T.);
#3255=EDGE_CURVE('',#2587,#2294,#1434,.T.);
#3256=EDGE_CURVE('',#2545,#2588,#1435,.T.);
#3257=EDGE_CURVE('',#2589,#2588,#1436,.T.);
#3258=EDGE_CURVE('',#2589,#2554,#1437,.T.);
#3259=EDGE_CURVE('',#2467,#2465,#293,.T.);
#3260=EDGE_CURVE('',#2466,#2590,#1438,.T.);
#3261=EDGE_CURVE('',#2590,#2590,#1119,.T.);
#3262=EDGE_CURVE('',#2591,#2591,#1120,.T.);
#3263=EDGE_CURVE('',#2464,#2592,#1121,.T.);
#3264=EDGE_CURVE('',#2592,#2593,#1439,.T.);
#3265=EDGE_CURVE('',#2456,#2593,#1122,.T.);
#3266=EDGE_CURVE('',#2594,#2595,#170,.T.);
#3267=EDGE_CURVE('',#2596,#2594,#171,.T.);
#3268=EDGE_CURVE('',#2597,#2596,#1440,.T.);
#3269=EDGE_CURVE('',#2598,#2597,#1441,.T.);
#3270=EDGE_CURVE('',#2598,#2599,#1442,.T.);
#3271=EDGE_CURVE('',#2599,#2600,#1123,.T.);
#3272=EDGE_CURVE('',#2600,#2601,#1443,.T.);
#3273=EDGE_CURVE('',#2595,#2601,#1444,.T.);
#3274=EDGE_CURVE('',#2602,#2603,#1124,.T.);
#3275=EDGE_CURVE('',#2603,#2600,#1445,.T.);
#3276=EDGE_CURVE('',#2602,#2599,#1446,.F.);
#3277=EDGE_CURVE('',#2604,#2597,#1447,.T.);
#3278=EDGE_CURVE('',#2605,#2604,#172,.T.);
#3279=EDGE_CURVE('',#2606,#2605,#1448,.T.);
#3280=EDGE_CURVE('',#2606,#2598,#1449,.T.);
#3281=EDGE_CURVE('',#2363,#2607,#173,.T.);
#3282=EDGE_CURVE('',#2607,#2527,#1450,.T.);
#3283=EDGE_CURVE('',#2607,#2608,#1451,.T.);
#3284=EDGE_CURVE('',#2608,#2609,#1452,.T.);
#3285=EDGE_CURVE('',#2314,#2609,#1453,.T.);
#3286=EDGE_CURVE('',#2508,#2313,#174,.T.);
#3287=EDGE_CURVE('',#2610,#2601,#1454,.T.);
#3288=EDGE_CURVE('',#2611,#2610,#1455,.T.);
#3289=EDGE_CURVE('',#2595,#2611,#175,.T.);
#3290=EDGE_CURVE('',#2361,#2612,#1456,.T.);
#3291=EDGE_CURVE('',#2612,#2603,#1457,.T.);
#3292=EDGE_CURVE('',#2613,#2602,#1458,.T.);
#3293=EDGE_CURVE('',#2613,#2608,#1459,.T.);
#3294=EDGE_CURVE('',#2610,#2614,#1460,.T.);
#3295=EDGE_CURVE('',#2614,#2612,#1461,.T.);
#3296=EDGE_CURVE('',#2615,#2360,#176,.T.);
#3297=EDGE_CURVE('',#2614,#2615,#1462,.T.);
#3298=EDGE_CURVE('',#2616,#2615,#177,.T.);
#3299=EDGE_CURVE('',#2617,#2616,#1463,.T.);
#3300=EDGE_CURVE('',#2617,#2618,#1464,.T.);
#3301=EDGE_CURVE('',#2618,#2619,#1125,.T.);
#3302=EDGE_CURVE('',#2619,#2620,#1465,.T.);
#3303=EDGE_CURVE('',#2621,#2620,#1466,.T.);
#3304=EDGE_CURVE('',#2622,#2621,#178,.T.);
#3305=EDGE_CURVE('',#2622,#2623,#1467,.T.);
#3306=EDGE_CURVE('',#2623,#2606,#1468,.T.);
#3307=EDGE_CURVE('',#2624,#2605,#179,.T.);
#3308=EDGE_CURVE('',#2611,#2624,#180,.T.);
#3309=EDGE_CURVE('',#2625,#2351,#181,.T.);
#3310=EDGE_CURVE('',#2625,#2626,#1469,.T.);
#3311=EDGE_CURVE('',#2626,#2627,#182,.T.);
#3312=EDGE_CURVE('',#2616,#2627,#183,.F.);
#3313=EDGE_CURVE('',#2594,#2624,#184,.T.);
#3314=EDGE_CURVE('',#2623,#2613,#1470,.T.);
#3315=EDGE_CURVE('',#2609,#2622,#185,.T.);
#3316=EDGE_CURVE('',#2604,#2596,#1471,.T.);
#3317=EDGE_CURVE('',#2628,#2621,#186,.F.);
#3318=EDGE_CURVE('',#2628,#2629,#187,.T.);
#3319=EDGE_CURVE('',#2630,#2629,#188,.F.);
#3320=EDGE_CURVE('',#2630,#2631,#189,.T.);
#3321=EDGE_CURVE('',#2631,#2632,#1472,.T.);
#3322=EDGE_CURVE('',#2632,#2315,#294,.T.);
#3323=EDGE_CURVE('',#2633,#2617,#1473,.T.);
#3324=EDGE_CURVE('',#2627,#2633,#1474,.T.);
#3325=EDGE_CURVE('',#2634,#2633,#1475,.T.);
#3326=EDGE_CURVE('',#2635,#2634,#1476,.T.);
#3327=EDGE_CURVE('',#2636,#2635,#1477,.T.);
#3328=EDGE_CURVE('',#2636,#2618,#1478,.T.);
#3329=EDGE_CURVE('',#2637,#2626,#1479,.T.);
#3330=EDGE_CURVE('',#2638,#2637,#1480,.T.);
#3331=EDGE_CURVE('',#2634,#2638,#1481,.T.);
#3332=EDGE_CURVE('',#2638,#2639,#1482,.F.);
#3333=EDGE_CURVE('',#2639,#2635,#1483,.T.);
#3334=EDGE_CURVE('',#2620,#2640,#1484,.T.);
#3335=EDGE_CURVE('',#2640,#2628,#1485,.T.);
#3336=EDGE_CURVE('',#2641,#2640,#1486,.T.);
#3337=EDGE_CURVE('',#2629,#2641,#1487,.T.);
#3338=EDGE_CURVE('',#2642,#2619,#1488,.T.);
#3339=EDGE_CURVE('',#2643,#2642,#1489,.T.);
#3340=EDGE_CURVE('',#2641,#2643,#1490,.T.);
#3341=EDGE_CURVE('',#2643,#2630,#1491,.T.);
#3342=EDGE_CURVE('',#2642,#2636,#1126,.T.);
#3343=EDGE_CURVE('',#2644,#2639,#1492,.T.);
#3344=EDGE_CURVE('',#2645,#2644,#1127,.T.);
#3345=EDGE_CURVE('',#2631,#2645,#1493,.T.);
#3346=EDGE_CURVE('',#2645,#2646,#190,.T.);
#3347=EDGE_CURVE('',#2647,#2646,#1494,.T.);
#3348=EDGE_CURVE('',#2647,#2632,#191,.T.);
#3349=EDGE_CURVE('',#2648,#2644,#1495,.T.);
#3350=EDGE_CURVE('',#2649,#2648,#192,.F.);
#3351=EDGE_CURVE('',#2650,#2649,#1496,.T.);
#3352=EDGE_CURVE('',#2651,#2650,#193,.T.);
#3353=EDGE_CURVE('',#2531,#2651,#194,.T.);
#3354=EDGE_CURVE('',#2652,#2530,#195,.F.);
#3355=EDGE_CURVE('',#2653,#2652,#1497,.T.);
#3356=EDGE_CURVE('',#2654,#2653,#196,.T.);
#3357=EDGE_CURVE('',#2646,#2654,#1498,.T.);
#3358=EDGE_CURVE('',#2637,#2655,#1499,.T.);
#3359=EDGE_CURVE('',#2655,#2656,#295,.T.);
#3360=EDGE_CURVE('',#2656,#2429,#1500,.T.);
#3361=EDGE_CURVE('',#2428,#2657,#1501,.T.);
#3362=EDGE_CURVE('',#2657,#2658,#1502,.T.);
#3363=EDGE_CURVE('',#2658,#2659,#1503,.F.);
#3364=EDGE_CURVE('',#2659,#2660,#296,.F.);
#3365=EDGE_CURVE('',#2661,#2660,#1504,.T.);
#3366=EDGE_CURVE('',#2661,#2662,#297,.F.);
#3367=EDGE_CURVE('',#2648,#2662,#1505,.T.);
#3368=EDGE_CURVE('',#2625,#2663,#298,.T.);
#3369=EDGE_CURVE('',#2663,#2664,#1506,.T.);
#3370=EDGE_CURVE('',#2655,#2664,#1507,.T.);
#3371=EDGE_CURVE('',#2308,#2665,#1508,.T.);
#3372=EDGE_CURVE('',#2665,#2665,#1128,.T.);
#3373=EDGE_CURVE('',#2666,#2666,#1129,.T.);
#3374=EDGE_CURVE('',#2667,#2666,#1509,.T.);
#3375=EDGE_CURVE('',#2667,#2667,#299,.T.);
#3376=EDGE_CURVE('',#2517,#2461,#1510,.T.);
#3377=EDGE_CURVE('',#2460,#2516,#1511,.T.);
#3378=EDGE_CURVE('',#2519,#2668,#1512,.T.);
#3379=EDGE_CURVE('',#2669,#2668,#1513,.T.);
#3380=EDGE_CURVE('',#2670,#2669,#1514,.T.);
#3381=EDGE_CURVE('',#2520,#2670,#1515,.T.);
#3382=EDGE_CURVE('',#2515,#2313,#300,.T.);
#3383=EDGE_CURVE('',#2671,#2457,#197,.T.);
#3384=EDGE_CURVE('',#2455,#2672,#1130,.T.);
#3385=EDGE_CURVE('',#2672,#2673,#1516,.T.);
#3386=EDGE_CURVE('',#2673,#2671,#301,.T.);
#3387=EDGE_CURVE('',#2593,#2672,#302,.T.);
#3388=EDGE_CURVE('',#2463,#2674,#1131,.T.);
#3389=EDGE_CURVE('',#2674,#2592,#303,.T.);
#3390=EDGE_CURVE('',#2675,#2676,#304,.T.);
#3391=EDGE_CURVE('',#2676,#2674,#1517,.T.);
#3392=EDGE_CURVE('',#2462,#2675,#198,.T.);
#3393=EDGE_CURVE('',#2677,#2671,#305,.T.);
#3394=EDGE_CURVE('',#2678,#2677,#199,.T.);
#3395=EDGE_CURVE('',#2679,#2678,#1518,.T.);
#3396=EDGE_CURVE('',#2458,#2679,#1519,.T.);
#3397=EDGE_CURVE('',#2680,#2673,#1520,.T.);
#3398=EDGE_CURVE('',#2681,#2680,#306,.T.);
#3399=EDGE_CURVE('',#2677,#2681,#307,.T.);
#3400=EDGE_CURVE('',#2682,#2683,#1521,.T.);
#3401=EDGE_CURVE('',#2682,#2684,#1522,.T.);
#3402=EDGE_CURVE('',#2684,#2685,#1523,.T.);
#3403=EDGE_CURVE('',#2685,#2683,#1524,.T.);
#3404=EDGE_CURVE('',#2686,#2687,#1525,.T.);
#3405=EDGE_CURVE('',#2688,#2687,#1132,.T.);
#3406=EDGE_CURVE('',#2688,#2684,#1526,.T.);
#3407=EDGE_CURVE('',#2689,#2684,#1527,.T.);
#3408=EDGE_CURVE('',#2690,#2689,#1528,.T.);
#3409=EDGE_CURVE('',#2690,#2691,#1529,.T.);
#3410=EDGE_CURVE('',#2692,#2691,#1530,.T.);
#3411=EDGE_CURVE('',#2693,#2692,#200,.T.);
#3412=EDGE_CURVE('',#2694,#2693,#1531,.T.);
#3413=EDGE_CURVE('',#2695,#2694,#201,.T.);
#3414=EDGE_CURVE('',#2696,#2695,#1532,.T.);
#3415=EDGE_CURVE('',#2696,#2697,#1533,.T.);
#3416=EDGE_CURVE('',#2698,#2697,#1534,.T.);
#3417=EDGE_CURVE('',#2682,#2698,#1535,.T.);
#3418=EDGE_CURVE('',#2682,#2699,#1536,.T.);
#3419=EDGE_CURVE('',#2686,#2699,#1133,.T.);
#3420=EDGE_CURVE('',#2700,#2688,#1537,.T.);
#3421=EDGE_CURVE('',#2700,#2685,#1538,.T.);
#3422=EDGE_CURVE('',#2701,#2702,#1134,.T.);
#3423=EDGE_CURVE('',#2702,#2703,#1539,.T.);
#3424=EDGE_CURVE('',#2703,#2704,#202,.F.);
#3425=EDGE_CURVE('',#2704,#2701,#1540,.T.);
#3426=EDGE_CURVE('',#2705,#2706,#308,.F.);
#3427=EDGE_CURVE('',#2706,#2702,#309,.T.);
#3428=EDGE_CURVE('',#2701,#2705,#310,.T.);
#3429=EDGE_CURVE('',#2701,#2707,#1541,.T.);
#3430=EDGE_CURVE('',#2708,#2707,#203,.T.);
#3431=EDGE_CURVE('',#2709,#2708,#204,.T.);
#3432=EDGE_CURVE('',#2709,#2710,#1542,.T.);
#3433=EDGE_CURVE('',#2705,#2710,#205,.T.);
#3434=EDGE_CURVE('',#2711,#2704,#1543,.T.);
#3435=EDGE_CURVE('',#2707,#2711,#1544,.T.);
#3436=EDGE_CURVE('',#2370,#2712,#206,.T.);
#3437=EDGE_CURVE('',#2712,#2713,#311,.F.);
#3438=EDGE_CURVE('',#2713,#2714,#312,.F.);
#3439=EDGE_CURVE('',#2714,#2365,#207,.T.);
#3440=EDGE_CURVE('',#2375,#2372,#313,.F.);
#3441=EDGE_CURVE('',#2714,#2366,#208,.T.);
#3442=EDGE_CURVE('',#2377,#2715,#209,.T.);
#3443=EDGE_CURVE('',#2715,#2379,#314,.F.);
#3444=EDGE_CURVE('',#2353,#2716,#210,.T.);
#3445=EDGE_CURVE('',#2663,#2716,#315,.T.);
#3446=EDGE_CURVE('',#2355,#2716,#211,.T.);
#3447=EDGE_CURVE('',#2689,#2717,#212,.T.);
#3448=EDGE_CURVE('',#2718,#2698,#213,.T.);
#3449=EDGE_CURVE('',#2668,#2718,#316,.T.);
#3450=EDGE_CURVE('',#2719,#2518,#1545,.T.);
#3451=EDGE_CURVE('',#2720,#2719,#317,.T.);
#3452=EDGE_CURVE('',#2721,#2720,#1546,.T.);
#3453=EDGE_CURVE('',#2717,#2721,#318,.T.);
#3454=EDGE_CURVE('',#2722,#2723,#319,.T.);
#3455=EDGE_CURVE('',#2723,#2722,#320,.T.);
#3456=EDGE_CURVE('',#2723,#2724,#1547,.T.);
#3457=EDGE_CURVE('',#2724,#2724,#1135,.T.);
#3458=EDGE_CURVE('',#2516,#2725,#1548,.T.);
#3459=EDGE_CURVE('',#2725,#2719,#1136,.T.);
#3460=EDGE_CURVE('',#2718,#2726,#1549,.T.);
#3461=EDGE_CURVE('',#2726,#2669,#1137,.T.);
#3462=EDGE_CURVE('',#2697,#2532,#214,.T.);
#3463=EDGE_CURVE('',#2727,#2651,#1550,.T.);
#3464=EDGE_CURVE('',#2726,#2727,#215,.T.);
#3465=EDGE_CURVE('',#2679,#2725,#216,.F.);
#3466=EDGE_CURVE('',#2728,#2679,#1138,.T.);
#3467=EDGE_CURVE('',#2728,#2720,#217,.T.);
#3468=EDGE_CURVE('',#2678,#2729,#1139,.T.);
#3469=EDGE_CURVE('',#2729,#2728,#1551,.T.);
#3470=EDGE_CURVE('',#2677,#2730,#1140,.T.);
#3471=EDGE_CURVE('',#2730,#2729,#218,.T.);
#3472=EDGE_CURVE('',#2681,#2731,#1141,.T.);
#3473=EDGE_CURVE('',#2731,#2730,#321,.T.);
#3474=EDGE_CURVE('',#2680,#2732,#322,.T.);
#3475=EDGE_CURVE('',#2732,#2731,#323,.T.);
#3476=EDGE_CURVE('',#2725,#2459,#1552,.T.);
#3477=EDGE_CURVE('',#2670,#2733,#1142,.T.);
#3478=EDGE_CURVE('',#2733,#2517,#1553,.T.);
#3479=EDGE_CURVE('',#2734,#2735,#1143,.T.);
#3480=EDGE_CURVE('',#2735,#2733,#219,.T.);
#3481=EDGE_CURVE('',#2670,#2734,#220,.T.);
#3482=EDGE_CURVE('',#2736,#2737,#1144,.T.);
#3483=EDGE_CURVE('',#2737,#2735,#324,.T.);
#3484=EDGE_CURVE('',#2734,#2736,#325,.T.);
#3485=EDGE_CURVE('',#2738,#2739,#326,.T.);
#3486=EDGE_CURVE('',#2739,#2737,#327,.T.);
#3487=EDGE_CURVE('',#2736,#2738,#328,.T.);
#3488=EDGE_CURVE('',#2740,#2731,#221,.T.);
#3489=EDGE_CURVE('',#2741,#2740,#222,.T.);
#3490=EDGE_CURVE('',#2741,#2729,#1554,.T.);
#3491=EDGE_CURVE('',#2732,#2742,#223,.T.);
#3492=EDGE_CURVE('',#2742,#2740,#329,.T.);
#3493=EDGE_CURVE('',#2721,#2741,#1555,.T.);
#3494=EDGE_CURVE('',#2675,#2735,#330,.T.);
#3495=EDGE_CURVE('',#2739,#2676,#1556,.T.);
#3496=EDGE_CURVE('',#2743,#2738,#224,.T.);
#3497=EDGE_CURVE('',#2743,#2727,#1557,.T.);
#3498=EDGE_CURVE('',#2744,#2650,#1558,.T.);
#3499=EDGE_CURVE('',#2744,#2674,#1559,.T.);
#3500=EDGE_CURVE('',#2745,#2672,#1560,.F.);
#3501=EDGE_CURVE('',#2746,#2745,#1561,.T.);
#3502=EDGE_CURVE('',#2746,#2747,#225,.T.);
#3503=EDGE_CURVE('',#2747,#2748,#1562,.T.);
#3504=EDGE_CURVE('',#2748,#2742,#1563,.T.);
#3505=EDGE_CURVE('',#2749,#2717,#1564,.T.);
#3506=EDGE_CURVE('',#2748,#2749,#226,.T.);
#3507=EDGE_CURVE('',#2750,#2747,#227,.T.);
#3508=EDGE_CURVE('',#2539,#2750,#1565,.T.);
#3509=EDGE_CURVE('',#2539,#2690,#228,.T.);
#3510=EDGE_CURVE('',#2749,#2741,#1145,.T.);
#3511=EDGE_CURVE('',#2736,#2751,#229,.T.);
#3512=EDGE_CURVE('',#2751,#2743,#331,.T.);
#3513=EDGE_CURVE('',#2751,#2669,#230,.T.);
#3514=EDGE_CURVE('',#2381,#2752,#231,.T.);
#3515=EDGE_CURVE('',#2753,#2380,#232,.T.);
#3516=EDGE_CURVE('',#2754,#2753,#332,.F.);
#3517=EDGE_CURVE('',#2754,#2752,#1566,.T.);
#3518=EDGE_CURVE('',#2752,#2755,#1567,.T.);
#3519=EDGE_CURVE('',#2756,#2755,#1568,.T.);
#3520=EDGE_CURVE('',#2757,#2756,#1569,.T.);
#3521=EDGE_CURVE('',#2758,#2757,#1570,.T.);
#3522=EDGE_CURVE('',#2759,#2758,#1571,.T.);
#3523=EDGE_CURVE('',#2760,#2759,#1572,.T.);
#3524=EDGE_CURVE('',#2760,#2377,#233,.T.);
#3525=EDGE_CURVE('',#2754,#2761,#234,.T.);
#3526=EDGE_CURVE('',#2755,#2761,#1573,.T.);
#3527=EDGE_CURVE('',#2762,#2372,#235,.T.);
#3528=EDGE_CURVE('',#2762,#2712,#1574,.T.);
#3529=EDGE_CURVE('',#2763,#2711,#236,.T.);
#3530=EDGE_CURVE('',#2763,#2708,#1575,.T.);
#3531=EDGE_CURVE('',#2764,#2710,#1576,.T.);
#3532=EDGE_CURVE('',#2765,#2764,#1577,.T.);
#3533=EDGE_CURVE('',#2766,#2765,#1578,.T.);
#3534=EDGE_CURVE('',#2766,#2767,#1579,.T.);
#3535=EDGE_CURVE('',#2768,#2767,#1580,.T.);
#3536=EDGE_CURVE('',#2769,#2768,#1581,.T.);
#3537=EDGE_CURVE('',#2769,#2706,#1582,.T.);
#3538=EDGE_CURVE('',#2762,#2770,#1583,.T.);
#3539=EDGE_CURVE('',#2764,#2770,#1584,.T.);
#3540=EDGE_CURVE('',#2709,#2771,#1585,.T.);
#3541=EDGE_CURVE('',#2771,#2657,#237,.T.);
#3542=EDGE_CURVE('',#2427,#2713,#1586,.T.);
#3543=EDGE_CURVE('',#2772,#2763,#1587,.T.);
#3544=EDGE_CURVE('',#2773,#2772,#1588,.T.);
#3545=EDGE_CURVE('',#2771,#2773,#238,.T.);
#3546=EDGE_CURVE('',#2774,#2539,#1589,.T.);
#3547=EDGE_CURVE('',#2774,#2775,#1590,.F.);
#3548=EDGE_CURVE('',#2539,#2775,#1591,.T.);
#3549=EDGE_CURVE('',#2776,#2750,#1592,.T.);
#3550=EDGE_CURVE('',#2776,#2774,#1593,.T.);
#3551=EDGE_CURVE('',#2776,#2777,#239,.F.);
#3552=EDGE_CURVE('',#2778,#2777,#1594,.F.);
#3553=EDGE_CURVE('',#2778,#2541,#1595,.F.);
#3554=EDGE_CURVE('',#2540,#2775,#240,.F.);
#3555=EDGE_CURVE('',#2779,#2746,#1596,.T.);
#3556=EDGE_CURVE('',#2658,#2779,#241,.F.);
#3557=EDGE_CURVE('',#2773,#2780,#1597,.T.);
#3558=EDGE_CURVE('',#2781,#2780,#242,.T.);
#3559=EDGE_CURVE('',#2777,#2781,#1598,.T.);
#3560=EDGE_CURVE('',#2542,#2782,#1599,.T.);
#3561=EDGE_CURVE('',#2781,#2782,#1600,.T.);
#3562=EDGE_CURVE('',#2780,#2783,#1601,.T.);
#3563=EDGE_CURVE('',#2783,#2784,#243,.T.);
#3564=EDGE_CURVE('',#2784,#2543,#1602,.T.);
#3565=EDGE_CURVE('',#2783,#2761,#244,.T.);
#3566=EDGE_CURVE('',#2784,#2753,#245,.T.);
#3567=EDGE_CURVE('',#2700,#2785,#1146,.T.);
#3568=EDGE_CURVE('',#2786,#2785,#1603,.T.);
#3569=EDGE_CURVE('',#2786,#2787,#1147,.T.);
#3570=EDGE_CURVE('',#2683,#2787,#1604,.T.);
#3571=EDGE_CURVE('',#2788,#2788,#1148,.T.);
#3572=EDGE_CURVE('',#2789,#2789,#1149,.T.);
#3573=EDGE_CURVE('',#2564,#2790,#1605,.T.);
#3574=EDGE_CURVE('',#2563,#2791,#1606,.T.);
#3575=EDGE_CURVE('',#2791,#2790,#1607,.T.);
#3576=EDGE_CURVE('',#2792,#2756,#1608,.T.);
#3577=EDGE_CURVE('',#2793,#2792,#1609,.T.);
#3578=EDGE_CURVE('',#2757,#2793,#1610,.T.);
#3579=EDGE_CURVE('',#2703,#2794,#1611,.T.);
#3580=EDGE_CURVE('',#2795,#2794,#1612,.T.);
#3581=EDGE_CURVE('',#2796,#2795,#1613,.T.);
#3582=EDGE_CURVE('',#2793,#2796,#1614,.T.);
#3583=EDGE_CURVE('',#2772,#2792,#1615,.T.);
#3584=EDGE_CURVE('',#2529,#2797,#1616,.F.);
#3585=EDGE_CURVE('',#2797,#2652,#1617,.T.);
#3586=EDGE_CURVE('',#2798,#2654,#1618,.T.);
#3587=EDGE_CURVE('',#2647,#2798,#246,.T.);
#3588=EDGE_CURVE('',#2316,#2798,#247,.T.);
#3589=EDGE_CURVE('',#2799,#2653,#1619,.T.);
#3590=EDGE_CURVE('',#2799,#2528,#1620,.T.);
#3591=EDGE_CURVE('',#2379,#2800,#1621,.T.);
#3592=EDGE_CURVE('',#2801,#2800,#1622,.T.);
#3593=EDGE_CURVE('',#2801,#2802,#1623,.T.);
#3594=EDGE_CURVE('',#2802,#2544,#1624,.T.);
#3595=EDGE_CURVE('',#2803,#2760,#248,.T.);
#3596=EDGE_CURVE('',#2804,#2803,#333,.T.);
#3597=EDGE_CURVE('',#2804,#2715,#1625,.T.);
#3598=EDGE_CURVE('',#2805,#2312,#249,.T.);
#3599=EDGE_CURVE('',#2806,#2805,#1626,.T.);
#3600=EDGE_CURVE('',#2807,#2806,#1627,.T.);
#3601=EDGE_CURVE('',#2482,#2807,#250,.T.);
#3602=EDGE_CURVE('',#2808,#2481,#1628,.F.);
#3603=EDGE_CURVE('',#2809,#2808,#1629,.T.);
#3604=EDGE_CURVE('',#2497,#2809,#1630,.F.);
#3605=EDGE_CURVE('',#2810,#2804,#251,.T.);
#3606=EDGE_CURVE('',#2811,#2810,#252,.T.);
#3607=EDGE_CURVE('',#2800,#2811,#1631,.T.);
#3608=EDGE_CURVE('',#2480,#2812,#1632,.F.);
#3609=EDGE_CURVE('',#2812,#2813,#1633,.T.);
#3610=EDGE_CURVE('',#2808,#2813,#1634,.F.);
#3611=EDGE_CURVE('',#2806,#2814,#1635,.T.);
#3612=EDGE_CURVE('',#2814,#2815,#1636,.T.);
#3613=EDGE_CURVE('',#2807,#2815,#1637,.T.);
#3614=EDGE_CURVE('',#2556,#2805,#1638,.T.);
#3615=EDGE_CURVE('',#2810,#2816,#1639,.T.);
#3616=EDGE_CURVE('',#2816,#2817,#1150,.T.);
#3617=EDGE_CURVE('',#2817,#2811,#1640,.T.);
#3618=EDGE_CURVE('',#2759,#2803,#1151,.T.);
#3619=EDGE_CURVE('',#2758,#2816,#1152,.T.);
#3620=EDGE_CURVE('',#2817,#2801,#1641,.T.);
#3621=EDGE_CURVE('',#2786,#2686,#1642,.T.);
#3622=EDGE_CURVE('',#2699,#2787,#1643,.T.);
#3623=EDGE_CURVE('',#2687,#2785,#1644,.T.);
#3624=EDGE_CURVE('',#2691,#2538,#253,.T.);
#3625=EDGE_CURVE('',#2533,#2696,#254,.T.);
#3626=EDGE_CURVE('',#2692,#2537,#1645,.T.);
#3627=EDGE_CURVE('',#2534,#2695,#1646,.T.);
#3628=EDGE_CURVE('',#2562,#2818,#1647,.T.);
#3629=EDGE_CURVE('',#2818,#2791,#1648,.T.);
#3630=EDGE_CURVE('',#2565,#2819,#1649,.T.);
#3631=EDGE_CURVE('',#2819,#2818,#1650,.T.);
#3632=EDGE_CURVE('',#2790,#2819,#1651,.T.);
#3633=EDGE_CURVE('',#2536,#2693,#1652,.T.);
#3634=EDGE_CURVE('',#2694,#2535,#1653,.T.);
#3635=EDGE_CURVE('',#2782,#2778,#1654,.T.);
#3636=EDGE_CURVE('',#2797,#2799,#1655,.T.);
#3637=EDGE_CURVE('',#2788,#2820,#1656,.T.);
#3638=EDGE_CURVE('',#2820,#2820,#1153,.T.);
#3639=EDGE_CURVE('',#2821,#2821,#1154,.T.);
#3640=EDGE_CURVE('',#2789,#2822,#1657,.T.);
#3641=EDGE_CURVE('',#2822,#2822,#1155,.T.);
#3642=EDGE_CURVE('',#2823,#2823,#1156,.T.);
#3643=EDGE_CURVE('',#2794,#2769,#1658,.T.);
#3644=EDGE_CURVE('',#2824,#2795,#1157,.T.);
#3645=EDGE_CURVE('',#2824,#2825,#1659,.T.);
#3646=EDGE_CURVE('',#2825,#2796,#1158,.T.);
#3647=EDGE_CURVE('',#2768,#2824,#1660,.T.);
#3648=EDGE_CURVE('',#2767,#2825,#1661,.T.);
#3649=EDGE_CURVE('',#2826,#2826,#1159,.T.);
#3650=EDGE_CURVE('',#2827,#2827,#1160,.T.);
#3651=EDGE_CURVE('',#2591,#2828,#1662,.T.);
#3652=EDGE_CURVE('',#2828,#2828,#1161,.T.);
#3653=EDGE_CURVE('',#2826,#2829,#1663,.T.);
#3654=EDGE_CURVE('',#2829,#2829,#1162,.T.);
#3655=EDGE_CURVE('',#2827,#2830,#1664,.T.);
#3656=EDGE_CURVE('',#2830,#2830,#1163,.T.);
#3657=EDGE_CURVE('',#2831,#2831,#1164,.T.);
#3658=EDGE_CURVE('',#2823,#2832,#1665,.T.);
#3659=EDGE_CURVE('',#2832,#2832,#1165,.T.);
#3660=EDGE_CURVE('',#2821,#2833,#1666,.T.);
#3661=EDGE_CURVE('',#2833,#2833,#1166,.T.);
#3662=EDGE_CURVE('',#2834,#2834,#1167,.T.);
#3663=EDGE_CURVE('',#2835,#2835,#1168,.T.);
#3664=EDGE_CURVE('',#2433,#2447,#1667,.T.);
#3665=EDGE_CURVE('',#2446,#2836,#334,.T.);
#3666=EDGE_CURVE('',#2836,#2837,#1668,.T.);
#3667=EDGE_CURVE('',#2837,#2434,#1169,.T.);
#3668=EDGE_CURVE('',#2424,#2440,#1669,.T.);
#3669=EDGE_CURVE('',#2441,#2423,#1670,.T.);
#3670=EDGE_CURVE('',#2422,#2442,#1671,.T.);
#3671=EDGE_CURVE('',#2421,#2443,#335,.T.);
#3672=EDGE_CURVE('',#2505,#2838,#336,.T.);
#3673=EDGE_CURVE('',#2504,#2831,#1672,.T.);
#3674=EDGE_CURVE('',#2839,#2503,#337,.T.);
#3675=EDGE_CURVE('',#2838,#2839,#338,.T.);
#3676=EDGE_CURVE('',#2430,#2839,#1170,.T.);
#3677=EDGE_CURVE('',#2840,#2430,#1673,.T.);
#3678=EDGE_CURVE('',#2840,#2838,#1171,.T.);
#3679=EDGE_CURVE('',#2419,#2840,#339,.T.);
#3680=EDGE_CURVE('',#2444,#2420,#340,.T.);
#3681=EDGE_CURVE('',#2841,#2836,#341,.T.);
#3682=EDGE_CURVE('',#2841,#2445,#342,.T.);
#3683=EDGE_CURVE('',#2842,#2842,#1172,.T.);
#3684=EDGE_CURVE('',#2843,#2843,#1173,.T.);
#3685=EDGE_CURVE('',#2844,#2844,#1174,.T.);
#3686=EDGE_CURVE('',#2416,#2834,#1674,.T.);
#3687=EDGE_CURVE('',#2513,#2845,#343,.T.);
#3688=EDGE_CURVE('',#2664,#2845,#344,.T.);
#3689=EDGE_CURVE('',#2664,#2514,#1175,.T.);
#3690=EDGE_CURVE('',#2307,#2835,#1675,.T.);
#3691=EDGE_CURVE('',#2846,#2304,#345,.T.);
#3692=EDGE_CURVE('',#2845,#2846,#346,.T.);
#3693=EDGE_CURVE('',#2303,#2847,#347,.T.);
#3694=EDGE_CURVE('',#2302,#2837,#1676,.T.);
#3695=EDGE_CURVE('',#2847,#2841,#348,.T.);
#3696=EDGE_CURVE('',#2848,#2849,#1176,.T.);
#3697=EDGE_CURVE('',#2850,#2849,#1677,.T.);
#3698=EDGE_CURVE('',#2851,#2850,#1177,.T.);
#3699=EDGE_CURVE('',#2851,#2848,#1678,.T.);
#3700=EDGE_CURVE('',#2852,#2593,#1679,.T.);
#3701=EDGE_CURVE('',#2745,#2852,#349,.T.);
#3702=EDGE_CURVE('',#2853,#2592,#1680,.F.);
#3703=EDGE_CURVE('',#2852,#2853,#1681,.T.);
#3704=EDGE_CURVE('',#2853,#2744,#350,.T.);
#3705=EDGE_CURVE('',#2854,#2855,#1178,.T.);
#3706=EDGE_CURVE('',#2854,#2856,#1682,.T.);
#3707=EDGE_CURVE('',#2856,#2857,#1179,.T.);
#3708=EDGE_CURVE('',#2857,#2855,#1683,.T.);
#3709=EDGE_CURVE('',#2502,#2431,#351,.F.);
#3710=EDGE_CURVE('',#2662,#2858,#1684,.T.);
#3711=EDGE_CURVE('',#2858,#2649,#1685,.F.);
#3712=EDGE_CURVE('',#2859,#2858,#352,.F.);
#3713=EDGE_CURVE('',#2661,#2859,#1686,.T.);
#3714=EDGE_CURVE('',#2860,#2859,#1687,.F.);
#3715=EDGE_CURVE('',#2660,#2860,#1688,.T.);
#3716=EDGE_CURVE('',#2861,#2860,#353,.F.);
#3717=EDGE_CURVE('',#2659,#2861,#1689,.T.);
#3718=EDGE_CURVE('',#2656,#2840,#1690,.T.);
#3719=EDGE_CURVE('',#2779,#2861,#1691,.F.);
#3720=EDGE_CURVE('',#2567,#2842,#1692,.T.);
#3721=EDGE_CURVE('',#2568,#2843,#1693,.T.);
#3722=EDGE_CURVE('',#2566,#2844,#1694,.T.);
#3723=EDGE_CURVE('',#2435,#2392,#1695,.T.);
#3724=EDGE_CURVE('',#2436,#2391,#1696,.T.);
#3725=EDGE_CURVE('',#2437,#2390,#1697,.T.);
#3726=EDGE_CURVE('',#2400,#2856,#1698,.F.);
#3727=EDGE_CURVE('',#2399,#2857,#1699,.T.);
#3728=EDGE_CURVE('',#2862,#2863,#1180,.T.);
#3729=EDGE_CURVE('',#2849,#2863,#1700,.F.);
#3730=EDGE_CURVE('',#2862,#2848,#1701,.F.);
#3731=EDGE_CURVE('',#2864,#2865,#1702,.T.);
#3732=EDGE_CURVE('',#2865,#2866,#1703,.F.);
#3733=EDGE_CURVE('',#2866,#2862,#1704,.T.);
#3734=EDGE_CURVE('',#2864,#2851,#1705,.T.);
#3735=EDGE_CURVE('',#2813,#2863,#1706,.F.);
#3736=EDGE_CURVE('',#2812,#2867,#1707,.T.);
#3737=EDGE_CURVE('',#2867,#2850,#1708,.F.);
#3738=EDGE_CURVE('',#2867,#2864,#1181,.F.);
#3739=EDGE_CURVE('',#2489,#2855,#1709,.F.);
#3740=EDGE_CURVE('',#2490,#2398,#1710,.T.);
#3741=EDGE_CURVE('',#2488,#2854,#1711,.T.);
#3742=EDGE_CURVE('',#2521,#2525,#1712,.T.);
#3743=EDGE_CURVE('',#2588,#2868,#1713,.T.);
#3744=EDGE_CURVE('',#2868,#2869,#1714,.T.);
#3745=EDGE_CURVE('',#2869,#2589,#1715,.T.);
#3746=EDGE_CURVE('',#2870,#2869,#1716,.T.);
#3747=EDGE_CURVE('',#2555,#2870,#1717,.T.);
#3748=EDGE_CURVE('',#2522,#2524,#1718,.T.);
#3749=EDGE_CURVE('',#2868,#2802,#1719,.T.);
#3750=EDGE_CURVE('',#2484,#2871,#1720,.T.);
#3751=EDGE_CURVE('',#2871,#2523,#1721,.T.);
#3752=EDGE_CURVE('',#2872,#2483,#1722,.T.);
#3753=EDGE_CURVE('',#2872,#2871,#1182,.T.);
#3754=EDGE_CURVE('',#2815,#2872,#1183,.T.);
#3755=EDGE_CURVE('',#2870,#2814,#1723,.T.);
#3756=EDGE_CURVE('',#2501,#2470,#1724,.T.);
#3757=EDGE_CURVE('',#2471,#2500,#1725,.T.);
#3758=EDGE_CURVE('',#2499,#2472,#1726,.T.);
#3759=EDGE_CURVE('',#2866,#2809,#1727,.F.);
#3760=EDGE_CURVE('',#2865,#2498,#1728,.F.);
#3761=EDGE_CURVE('',#2473,#2479,#1729,.T.);
#3762=EDGE_CURVE('',#2478,#2474,#1730,.T.);
#3763=EDGE_CURVE('',#2475,#2477,#1731,.T.);
#3764=EDGE_CURVE('',#2766,#2873,#1732,.T.);
#3765=EDGE_CURVE('',#2522,#2873,#1733,.T.);
#3766=EDGE_CURVE('',#2874,#2765,#1734,.T.);
#3767=EDGE_CURVE('',#2873,#2874,#1735,.T.);
#3768=EDGE_CURVE('',#2770,#2874,#1736,.T.);
#3769=ORIENTED_EDGE('',*,*,#2875,.F.);
#3770=ORIENTED_EDGE('',*,*,#2876,.F.);
#3771=ORIENTED_EDGE('',*,*,#2877,.F.);
#3772=ORIENTED_EDGE('',*,*,#2878,.T.);
#3773=ORIENTED_EDGE('',*,*,#2879,.F.);
#3774=ORIENTED_EDGE('',*,*,#2880,.T.);
#3775=ORIENTED_EDGE('',*,*,#2881,.T.);
#3776=ORIENTED_EDGE('',*,*,#2882,.F.);
#3777=ORIENTED_EDGE('',*,*,#2883,.F.);
#3778=ORIENTED_EDGE('',*,*,#2884,.F.);
#3779=ORIENTED_EDGE('',*,*,#2885,.T.);
#3780=ORIENTED_EDGE('',*,*,#2886,.T.);
#3781=ORIENTED_EDGE('',*,*,#2887,.T.);
#3782=ORIENTED_EDGE('',*,*,#2888,.F.);
#3783=ORIENTED_EDGE('',*,*,#2889,.F.);
#3784=ORIENTED_EDGE('',*,*,#2890,.F.);
#3785=ORIENTED_EDGE('',*,*,#2891,.T.);
#3786=ORIENTED_EDGE('',*,*,#2892,.F.);
#3787=ORIENTED_EDGE('',*,*,#2893,.T.);
#3788=ORIENTED_EDGE('',*,*,#2894,.T.);
#3789=ORIENTED_EDGE('',*,*,#2895,.F.);
#3790=ORIENTED_EDGE('',*,*,#2896,.F.);
#3791=ORIENTED_EDGE('',*,*,#2897,.T.);
#3792=ORIENTED_EDGE('',*,*,#2898,.T.);
#3793=ORIENTED_EDGE('',*,*,#2899,.T.);
#3794=ORIENTED_EDGE('',*,*,#2900,.T.);
#3795=ORIENTED_EDGE('',*,*,#2901,.F.);
#3796=ORIENTED_EDGE('',*,*,#2902,.F.);
#3797=ORIENTED_EDGE('',*,*,#2877,.T.);
#3798=ORIENTED_EDGE('',*,*,#2903,.F.);
#3799=ORIENTED_EDGE('',*,*,#2904,.T.);
#3800=ORIENTED_EDGE('',*,*,#2905,.F.);
#3801=ORIENTED_EDGE('',*,*,#2906,.F.);
#3802=ORIENTED_EDGE('',*,*,#2907,.T.);
#3803=ORIENTED_EDGE('',*,*,#2908,.T.);
#3804=ORIENTED_EDGE('',*,*,#2909,.T.);
#3805=ORIENTED_EDGE('',*,*,#2910,.F.);
#3806=ORIENTED_EDGE('',*,*,#2911,.F.);
#3807=ORIENTED_EDGE('',*,*,#2912,.F.);
#3808=ORIENTED_EDGE('',*,*,#2913,.T.);
#3809=ORIENTED_EDGE('',*,*,#2914,.T.);
#3810=ORIENTED_EDGE('',*,*,#2915,.T.);
#3811=ORIENTED_EDGE('',*,*,#2916,.F.);
#3812=ORIENTED_EDGE('',*,*,#2917,.F.);
#3813=ORIENTED_EDGE('',*,*,#2876,.T.);
#3814=ORIENTED_EDGE('',*,*,#2918,.T.);
#3815=ORIENTED_EDGE('',*,*,#2919,.F.);
#3816=ORIENTED_EDGE('',*,*,#2920,.F.);
#3817=ORIENTED_EDGE('',*,*,#2921,.F.);
#3818=ORIENTED_EDGE('',*,*,#2922,.T.);
#3819=ORIENTED_EDGE('',*,*,#2923,.T.);
#3820=ORIENTED_EDGE('',*,*,#2924,.T.);
#3821=ORIENTED_EDGE('',*,*,#2925,.F.);
#3822=ORIENTED_EDGE('',*,*,#2926,.F.);
#3823=ORIENTED_EDGE('',*,*,#2927,.F.);
#3824=ORIENTED_EDGE('',*,*,#2903,.T.);
#3825=ORIENTED_EDGE('',*,*,#2913,.F.);
#3826=ORIENTED_EDGE('',*,*,#2928,.T.);
#3827=ORIENTED_EDGE('',*,*,#2929,.F.);
#3828=ORIENTED_EDGE('',*,*,#2930,.T.);
#3829=ORIENTED_EDGE('',*,*,#2931,.T.);
#3830=ORIENTED_EDGE('',*,*,#2915,.F.);
#3831=ORIENTED_EDGE('',*,*,#2932,.F.);
#3832=ORIENTED_EDGE('',*,*,#2933,.F.);
#3833=ORIENTED_EDGE('',*,*,#2922,.F.);
#3834=ORIENTED_EDGE('',*,*,#2934,.T.);
#3835=ORIENTED_EDGE('',*,*,#2935,.F.);
#3836=ORIENTED_EDGE('',*,*,#2936,.T.);
#3837=ORIENTED_EDGE('',*,*,#2937,.T.);
#3838=ORIENTED_EDGE('',*,*,#2924,.F.);
#3839=ORIENTED_EDGE('',*,*,#2938,.F.);
#3840=ORIENTED_EDGE('',*,*,#2939,.F.);
#3841=ORIENTED_EDGE('',*,*,#2940,.T.);
#3842=ORIENTED_EDGE('',*,*,#2941,.T.);
#3843=ORIENTED_EDGE('',*,*,#2942,.T.);
#3844=ORIENTED_EDGE('',*,*,#2943,.T.);
#3845=ORIENTED_EDGE('',*,*,#2944,.T.);
#3846=ORIENTED_EDGE('',*,*,#2940,.F.);
#3847=ORIENTED_EDGE('',*,*,#2945,.T.);
#3848=ORIENTED_EDGE('',*,*,#2946,.T.);
#3849=ORIENTED_EDGE('',*,*,#2947,.T.);
#3850=ORIENTED_EDGE('',*,*,#2943,.F.);
#3851=ORIENTED_EDGE('',*,*,#2948,.T.);
#3852=ORIENTED_EDGE('',*,*,#2948,.F.);
#3853=ORIENTED_EDGE('',*,*,#2945,.F.);
#3854=ORIENTED_EDGE('',*,*,#2949,.F.);
#3855=ORIENTED_EDGE('',*,*,#2950,.F.);
#3856=ORIENTED_EDGE('',*,*,#2951,.F.);
#3857=ORIENTED_EDGE('',*,*,#2952,.T.);
#3858=ORIENTED_EDGE('',*,*,#2953,.T.);
#3859=ORIENTED_EDGE('',*,*,#2942,.F.);
#3860=ORIENTED_EDGE('',*,*,#2954,.T.);
#3861=ORIENTED_EDGE('',*,*,#2955,.T.);
#3862=ORIENTED_EDGE('',*,*,#2956,.T.);
#3863=ORIENTED_EDGE('',*,*,#2957,.T.);
#3864=ORIENTED_EDGE('',*,*,#2958,.F.);
#3865=ORIENTED_EDGE('',*,*,#2949,.T.);
#3866=ORIENTED_EDGE('',*,*,#2959,.T.);
#3867=ORIENTED_EDGE('',*,*,#2960,.T.);
#3868=ORIENTED_EDGE('',*,*,#2961,.T.);
#3869=ORIENTED_EDGE('',*,*,#2962,.T.);
#3870=ORIENTED_EDGE('',*,*,#2963,.T.);
#3871=ORIENTED_EDGE('',*,*,#2964,.T.);
#3872=ORIENTED_EDGE('',*,*,#2959,.F.);
#3873=ORIENTED_EDGE('',*,*,#2965,.T.);
#3874=ORIENTED_EDGE('',*,*,#2963,.F.);
#3875=ORIENTED_EDGE('',*,*,#2966,.T.);
#3876=ORIENTED_EDGE('',*,*,#2967,.T.);
#3877=ORIENTED_EDGE('',*,*,#2966,.F.);
#3878=ORIENTED_EDGE('',*,*,#2968,.T.);
#3879=ORIENTED_EDGE('',*,*,#2969,.T.);
#3880=ORIENTED_EDGE('',*,*,#2970,.T.);
#3881=ORIENTED_EDGE('',*,*,#2965,.F.);
#3882=ORIENTED_EDGE('',*,*,#2962,.F.);
#3883=ORIENTED_EDGE('',*,*,#2971,.F.);
#3884=ORIENTED_EDGE('',*,*,#2972,.F.);
#3885=ORIENTED_EDGE('',*,*,#2973,.F.);
#3886=ORIENTED_EDGE('',*,*,#2974,.F.);
#3887=ORIENTED_EDGE('',*,*,#2968,.F.);
#3888=ORIENTED_EDGE('',*,*,#2975,.T.);
#3889=ORIENTED_EDGE('',*,*,#2976,.F.);
#3890=ORIENTED_EDGE('',*,*,#2977,.F.);
#3891=ORIENTED_EDGE('',*,*,#2978,.F.);
#3892=ORIENTED_EDGE('',*,*,#2979,.F.);
#3893=ORIENTED_EDGE('',*,*,#2980,.F.);
#3894=ORIENTED_EDGE('',*,*,#2981,.F.);
#3895=ORIENTED_EDGE('',*,*,#2977,.T.);
#3896=ORIENTED_EDGE('',*,*,#2982,.T.);
#3897=ORIENTED_EDGE('',*,*,#2983,.F.);
#3898=ORIENTED_EDGE('',*,*,#2984,.F.);
#3899=ORIENTED_EDGE('',*,*,#2985,.F.);
#3900=ORIENTED_EDGE('',*,*,#2986,.F.);
#3901=ORIENTED_EDGE('',*,*,#2987,.T.);
#3902=ORIENTED_EDGE('',*,*,#2988,.T.);
#3903=ORIENTED_EDGE('',*,*,#2989,.T.);
#3904=ORIENTED_EDGE('',*,*,#2990,.T.);
#3905=ORIENTED_EDGE('',*,*,#2991,.T.);
#3906=ORIENTED_EDGE('',*,*,#2992,.T.);
#3907=ORIENTED_EDGE('',*,*,#2883,.T.);
#3908=ORIENTED_EDGE('',*,*,#2993,.T.);
#3909=ORIENTED_EDGE('',*,*,#2994,.F.);
#3910=ORIENTED_EDGE('',*,*,#2995,.T.);
#3911=ORIENTED_EDGE('',*,*,#2996,.F.);
#3912=ORIENTED_EDGE('',*,*,#2997,.F.);
#3913=ORIENTED_EDGE('',*,*,#2998,.T.);
#3914=ORIENTED_EDGE('',*,*,#2999,.T.);
#3915=ORIENTED_EDGE('',*,*,#3000,.F.);
#3916=ORIENTED_EDGE('',*,*,#3001,.F.);
#3917=ORIENTED_EDGE('',*,*,#3002,.F.);
#3918=ORIENTED_EDGE('',*,*,#2982,.F.);
#3919=ORIENTED_EDGE('',*,*,#3003,.T.);
#3920=ORIENTED_EDGE('',*,*,#3004,.T.);
#3921=ORIENTED_EDGE('',*,*,#3005,.F.);
#3922=ORIENTED_EDGE('',*,*,#3006,.F.);
#3923=ORIENTED_EDGE('',*,*,#3007,.F.);
#3924=ORIENTED_EDGE('',*,*,#3008,.T.);
#3925=ORIENTED_EDGE('',*,*,#3009,.F.);
#3926=ORIENTED_EDGE('',*,*,#3010,.F.);
#3927=ORIENTED_EDGE('',*,*,#2987,.F.);
#3928=ORIENTED_EDGE('',*,*,#3011,.T.);
#3929=ORIENTED_EDGE('',*,*,#3012,.F.);
#3930=ORIENTED_EDGE('',*,*,#3013,.F.);
#3931=ORIENTED_EDGE('',*,*,#3014,.F.);
#3932=ORIENTED_EDGE('',*,*,#3015,.T.);
#3933=ORIENTED_EDGE('',*,*,#3016,.T.);
#3934=ORIENTED_EDGE('',*,*,#3017,.T.);
#3935=ORIENTED_EDGE('',*,*,#3018,.F.);
#3936=ORIENTED_EDGE('',*,*,#3019,.F.);
#3937=ORIENTED_EDGE('',*,*,#3020,.F.);
#3938=ORIENTED_EDGE('',*,*,#3005,.T.);
#3939=ORIENTED_EDGE('',*,*,#3021,.F.);
#3940=ORIENTED_EDGE('',*,*,#3022,.F.);
#3941=ORIENTED_EDGE('',*,*,#3023,.F.);
#3942=ORIENTED_EDGE('',*,*,#3024,.F.);
#3943=ORIENTED_EDGE('',*,*,#3025,.T.);
#3944=ORIENTED_EDGE('',*,*,#3026,.F.);
#3945=ORIENTED_EDGE('',*,*,#3027,.F.);
#3946=ORIENTED_EDGE('',*,*,#3028,.F.);
#3947=ORIENTED_EDGE('',*,*,#3029,.F.);
#3948=ORIENTED_EDGE('',*,*,#3030,.T.);
#3949=ORIENTED_EDGE('',*,*,#3031,.F.);
#3950=ORIENTED_EDGE('',*,*,#3003,.F.);
#3951=ORIENTED_EDGE('',*,*,#2986,.T.);
#3952=ORIENTED_EDGE('',*,*,#3032,.T.);
#3953=ORIENTED_EDGE('',*,*,#3033,.F.);
#3954=ORIENTED_EDGE('',*,*,#3034,.F.);
#3955=ORIENTED_EDGE('',*,*,#3035,.T.);
#3956=ORIENTED_EDGE('',*,*,#3036,.T.);
#3957=ORIENTED_EDGE('',*,*,#3037,.T.);
#3958=ORIENTED_EDGE('',*,*,#3010,.T.);
#3959=ORIENTED_EDGE('',*,*,#3038,.T.);
#3960=ORIENTED_EDGE('',*,*,#3039,.T.);
#3961=ORIENTED_EDGE('',*,*,#2988,.F.);
#3962=ORIENTED_EDGE('',*,*,#3009,.T.);
#3963=ORIENTED_EDGE('',*,*,#3040,.T.);
#3964=ORIENTED_EDGE('',*,*,#3041,.F.);
#3965=ORIENTED_EDGE('',*,*,#3042,.T.);
#3966=ORIENTED_EDGE('',*,*,#2885,.F.);
#3967=ORIENTED_EDGE('',*,*,#3043,.F.);
#3968=ORIENTED_EDGE('',*,*,#3044,.F.);
#3969=ORIENTED_EDGE('',*,*,#3045,.F.);
#3970=ORIENTED_EDGE('',*,*,#3046,.F.);
#3971=ORIENTED_EDGE('',*,*,#3038,.F.);
#3972=ORIENTED_EDGE('',*,*,#3007,.T.);
#3973=ORIENTED_EDGE('',*,*,#3047,.F.);
#3974=ORIENTED_EDGE('',*,*,#3048,.F.);
#3975=ORIENTED_EDGE('',*,*,#3049,.F.);
#3976=ORIENTED_EDGE('',*,*,#3050,.T.);
#3977=ORIENTED_EDGE('',*,*,#3051,.F.);
#3978=ORIENTED_EDGE('',*,*,#3052,.F.);
#3979=ORIENTED_EDGE('',*,*,#3053,.F.);
#3980=ORIENTED_EDGE('',*,*,#3054,.F.);
#3981=ORIENTED_EDGE('',*,*,#3055,.F.);
#3982=ORIENTED_EDGE('',*,*,#3056,.F.);
#3983=ORIENTED_EDGE('',*,*,#3057,.T.);
#3984=ORIENTED_EDGE('',*,*,#3058,.F.);
#3985=ORIENTED_EDGE('',*,*,#3059,.F.);
#3986=ORIENTED_EDGE('',*,*,#3060,.T.);
#3987=ORIENTED_EDGE('',*,*,#3012,.T.);
#3988=ORIENTED_EDGE('',*,*,#3002,.T.);
#3989=ORIENTED_EDGE('',*,*,#3061,.F.);
#3990=ORIENTED_EDGE('',*,*,#3006,.T.);
#3991=ORIENTED_EDGE('',*,*,#3031,.T.);
#3992=ORIENTED_EDGE('',*,*,#3062,.T.);
#3993=ORIENTED_EDGE('',*,*,#3047,.T.);
#3994=ORIENTED_EDGE('',*,*,#3062,.F.);
#3995=ORIENTED_EDGE('',*,*,#3030,.F.);
#3996=ORIENTED_EDGE('',*,*,#3063,.F.);
#3997=ORIENTED_EDGE('',*,*,#3048,.T.);
#3998=ORIENTED_EDGE('',*,*,#2984,.T.);
#3999=ORIENTED_EDGE('',*,*,#3064,.T.);
#4000=ORIENTED_EDGE('',*,*,#3065,.T.);
#4001=ORIENTED_EDGE('',*,*,#3066,.T.);
#4002=ORIENTED_EDGE('',*,*,#3067,.T.);
#4003=ORIENTED_EDGE('',*,*,#2972,.T.);
#4004=ORIENTED_EDGE('',*,*,#3068,.T.);
#4005=ORIENTED_EDGE('',*,*,#3069,.T.);
#4006=ORIENTED_EDGE('',*,*,#3070,.F.);
#4007=ORIENTED_EDGE('',*,*,#3071,.F.);
#4008=ORIENTED_EDGE('',*,*,#3072,.T.);
#4009=ORIENTED_EDGE('',*,*,#3073,.F.);
#4010=ORIENTED_EDGE('',*,*,#3074,.T.);
#4011=ORIENTED_EDGE('',*,*,#3075,.F.);
#4012=ORIENTED_EDGE('',*,*,#3076,.T.);
#4013=ORIENTED_EDGE('',*,*,#3077,.F.);
#4014=ORIENTED_EDGE('',*,*,#3078,.F.);
#4015=ORIENTED_EDGE('',*,*,#3079,.F.);
#4016=ORIENTED_EDGE('',*,*,#3080,.T.);
#4017=ORIENTED_EDGE('',*,*,#3081,.T.);
#4018=ORIENTED_EDGE('',*,*,#3082,.F.);
#4019=ORIENTED_EDGE('',*,*,#3083,.T.);
#4020=ORIENTED_EDGE('',*,*,#3084,.F.);
#4021=ORIENTED_EDGE('',*,*,#3085,.T.);
#4022=ORIENTED_EDGE('',*,*,#3086,.F.);
#4023=ORIENTED_EDGE('',*,*,#3087,.T.);
#4024=ORIENTED_EDGE('',*,*,#3088,.F.);
#4025=ORIENTED_EDGE('',*,*,#3089,.T.);
#4026=ORIENTED_EDGE('',*,*,#3090,.F.);
#4027=ORIENTED_EDGE('',*,*,#2983,.T.);
#4028=ORIENTED_EDGE('',*,*,#3019,.T.);
#4029=ORIENTED_EDGE('',*,*,#3091,.F.);
#4030=ORIENTED_EDGE('',*,*,#3064,.F.);
#4031=ORIENTED_EDGE('',*,*,#3092,.T.);
#4032=ORIENTED_EDGE('',*,*,#3093,.F.);
#4033=ORIENTED_EDGE('',*,*,#3094,.T.);
#4034=ORIENTED_EDGE('',*,*,#3095,.F.);
#4035=ORIENTED_EDGE('',*,*,#3096,.T.);
#4036=ORIENTED_EDGE('',*,*,#3097,.T.);
#4037=ORIENTED_EDGE('',*,*,#3098,.T.);
#4038=ORIENTED_EDGE('',*,*,#3099,.F.);
#4039=ORIENTED_EDGE('',*,*,#3100,.T.);
#4040=ORIENTED_EDGE('',*,*,#3101,.T.);
#4041=ORIENTED_EDGE('',*,*,#3102,.T.);
#4042=ORIENTED_EDGE('',*,*,#3103,.T.);
#4043=ORIENTED_EDGE('',*,*,#3104,.T.);
#4044=ORIENTED_EDGE('',*,*,#3059,.T.);
#4045=ORIENTED_EDGE('',*,*,#3083,.F.);
#4046=ORIENTED_EDGE('',*,*,#3105,.F.);
#4047=ORIENTED_EDGE('',*,*,#3092,.F.);
#4048=ORIENTED_EDGE('',*,*,#3058,.T.);
#4049=ORIENTED_EDGE('',*,*,#3106,.T.);
#4050=ORIENTED_EDGE('',*,*,#3107,.T.);
#4051=ORIENTED_EDGE('',*,*,#3108,.T.);
#4052=ORIENTED_EDGE('',*,*,#3109,.T.);
#4053=ORIENTED_EDGE('',*,*,#3110,.F.);
#4054=ORIENTED_EDGE('',*,*,#3111,.F.);
#4055=ORIENTED_EDGE('',*,*,#2997,.T.);
#4056=ORIENTED_EDGE('',*,*,#3112,.T.);
#4057=ORIENTED_EDGE('',*,*,#2994,.T.);
#4058=ORIENTED_EDGE('',*,*,#3113,.T.);
#4059=ORIENTED_EDGE('',*,*,#3114,.T.);
#4060=ORIENTED_EDGE('',*,*,#3115,.T.);
#4061=ORIENTED_EDGE('',*,*,#3116,.T.);
#4062=ORIENTED_EDGE('',*,*,#3117,.T.);
#4063=ORIENTED_EDGE('',*,*,#3118,.T.);
#4064=ORIENTED_EDGE('',*,*,#3119,.T.);
#4065=ORIENTED_EDGE('',*,*,#3120,.F.);
#4066=ORIENTED_EDGE('',*,*,#3121,.T.);
#4067=ORIENTED_EDGE('',*,*,#3122,.F.);
#4068=ORIENTED_EDGE('',*,*,#3110,.T.);
#4069=ORIENTED_EDGE('',*,*,#3123,.T.);
#4070=ORIENTED_EDGE('',*,*,#3022,.T.);
#4071=ORIENTED_EDGE('',*,*,#3124,.T.);
#4072=ORIENTED_EDGE('',*,*,#3125,.T.);
#4073=ORIENTED_EDGE('',*,*,#3126,.T.);
#4074=ORIENTED_EDGE('',*,*,#3127,.T.);
#4075=ORIENTED_EDGE('',*,*,#3128,.T.);
#4076=ORIENTED_EDGE('',*,*,#2985,.T.);
#4077=ORIENTED_EDGE('',*,*,#3069,.F.);
#4078=ORIENTED_EDGE('',*,*,#3129,.F.);
#4079=ORIENTED_EDGE('',*,*,#3032,.F.);
#4080=ORIENTED_EDGE('',*,*,#3013,.T.);
#4081=ORIENTED_EDGE('',*,*,#3060,.F.);
#4082=ORIENTED_EDGE('',*,*,#3104,.F.);
#4083=ORIENTED_EDGE('',*,*,#3130,.F.);
#4084=ORIENTED_EDGE('',*,*,#3130,.T.);
#4085=ORIENTED_EDGE('',*,*,#3103,.F.);
#4086=ORIENTED_EDGE('',*,*,#3131,.T.);
#4087=ORIENTED_EDGE('',*,*,#3014,.T.);
#4088=ORIENTED_EDGE('',*,*,#3091,.T.);
#4089=ORIENTED_EDGE('',*,*,#3018,.T.);
#4090=ORIENTED_EDGE('',*,*,#3132,.T.);
#4091=ORIENTED_EDGE('',*,*,#3065,.F.);
#4092=ORIENTED_EDGE('',*,*,#3115,.F.);
#4093=ORIENTED_EDGE('',*,*,#3133,.T.);
#4094=ORIENTED_EDGE('',*,*,#2880,.F.);
#4095=ORIENTED_EDGE('',*,*,#3134,.T.);
#4096=ORIENTED_EDGE('',*,*,#3135,.F.);
#4097=ORIENTED_EDGE('',*,*,#3136,.F.);
#4098=ORIENTED_EDGE('',*,*,#3137,.F.);
#4099=ORIENTED_EDGE('',*,*,#3138,.F.);
#4100=ORIENTED_EDGE('',*,*,#3114,.F.);
#4101=ORIENTED_EDGE('',*,*,#3139,.F.);
#4102=ORIENTED_EDGE('',*,*,#2881,.F.);
#4103=ORIENTED_EDGE('',*,*,#3133,.F.);
#4104=ORIENTED_EDGE('',*,*,#3139,.T.);
#4105=ORIENTED_EDGE('',*,*,#3113,.F.);
#4106=ORIENTED_EDGE('',*,*,#2993,.F.);
#4107=ORIENTED_EDGE('',*,*,#2882,.T.);
#4108=ORIENTED_EDGE('',*,*,#3140,.T.);
#4109=ORIENTED_EDGE('',*,*,#2890,.T.);
#4110=ORIENTED_EDGE('',*,*,#3141,.F.);
#4111=ORIENTED_EDGE('',*,*,#3142,.F.);
#4112=ORIENTED_EDGE('',*,*,#3143,.T.);
#4113=ORIENTED_EDGE('',*,*,#3142,.T.);
#4114=ORIENTED_EDGE('',*,*,#3144,.T.);
#4115=ORIENTED_EDGE('',*,*,#3145,.T.);
#4116=ORIENTED_EDGE('',*,*,#3146,.T.);
#4117=ORIENTED_EDGE('',*,*,#2952,.F.);
#4118=ORIENTED_EDGE('',*,*,#3147,.T.);
#4119=ORIENTED_EDGE('',*,*,#3138,.T.);
#4120=ORIENTED_EDGE('',*,*,#3148,.F.);
#4121=ORIENTED_EDGE('',*,*,#3149,.T.);
#4122=ORIENTED_EDGE('',*,*,#3116,.F.);
#4123=ORIENTED_EDGE('',*,*,#3150,.F.);
#4124=ORIENTED_EDGE('',*,*,#3151,.F.);
#4125=ORIENTED_EDGE('',*,*,#3152,.T.);
#4126=ORIENTED_EDGE('',*,*,#3153,.T.);
#4127=ORIENTED_EDGE('',*,*,#3154,.F.);
#4128=ORIENTED_EDGE('',*,*,#3017,.F.);
#4129=ORIENTED_EDGE('',*,*,#3155,.T.);
#4130=ORIENTED_EDGE('',*,*,#3156,.T.);
#4131=ORIENTED_EDGE('',*,*,#3157,.T.);
#4132=ORIENTED_EDGE('',*,*,#3066,.F.);
#4133=ORIENTED_EDGE('',*,*,#3132,.F.);
#4134=ORIENTED_EDGE('',*,*,#3015,.F.);
#4135=ORIENTED_EDGE('',*,*,#3131,.F.);
#4136=ORIENTED_EDGE('',*,*,#3102,.F.);
#4137=ORIENTED_EDGE('',*,*,#3158,.T.);
#4138=ORIENTED_EDGE('',*,*,#3159,.T.);
#4139=ORIENTED_EDGE('',*,*,#3160,.T.);
#4140=ORIENTED_EDGE('',*,*,#3161,.T.);
#4141=ORIENTED_EDGE('',*,*,#2891,.F.);
#4142=ORIENTED_EDGE('',*,*,#3140,.F.);
#4143=ORIENTED_EDGE('',*,*,#3143,.F.);
#4144=ORIENTED_EDGE('',*,*,#3162,.F.);
#4145=ORIENTED_EDGE('',*,*,#3163,.F.);
#4146=ORIENTED_EDGE('',*,*,#3134,.F.);
#4147=ORIENTED_EDGE('',*,*,#3163,.T.);
#4148=ORIENTED_EDGE('',*,*,#3164,.T.);
#4149=ORIENTED_EDGE('',*,*,#3165,.T.);
#4150=ORIENTED_EDGE('',*,*,#3166,.T.);
#4151=ORIENTED_EDGE('',*,*,#3135,.T.);
#4152=ORIENTED_EDGE('',*,*,#2902,.T.);
#4153=ORIENTED_EDGE('',*,*,#3167,.F.);
#4154=ORIENTED_EDGE('',*,*,#3168,.T.);
#4155=ORIENTED_EDGE('',*,*,#3169,.F.);
#4156=ORIENTED_EDGE('',*,*,#3170,.T.);
#4157=ORIENTED_EDGE('',*,*,#3171,.T.);
#4158=ORIENTED_EDGE('',*,*,#3172,.T.);
#4159=ORIENTED_EDGE('',*,*,#3173,.T.);
#4160=ORIENTED_EDGE('',*,*,#3174,.F.);
#4161=ORIENTED_EDGE('',*,*,#3175,.T.);
#4162=ORIENTED_EDGE('',*,*,#3176,.F.);
#4163=ORIENTED_EDGE('',*,*,#3177,.T.);
#4164=ORIENTED_EDGE('',*,*,#3178,.T.);
#4165=ORIENTED_EDGE('',*,*,#3179,.T.);
#4166=ORIENTED_EDGE('',*,*,#3180,.F.);
#4167=ORIENTED_EDGE('',*,*,#3181,.T.);
#4168=ORIENTED_EDGE('',*,*,#3182,.F.);
#4169=ORIENTED_EDGE('',*,*,#3183,.T.);
#4170=ORIENTED_EDGE('',*,*,#3184,.T.);
#4171=ORIENTED_EDGE('',*,*,#3185,.T.);
#4172=ORIENTED_EDGE('',*,*,#3186,.T.);
#4173=ORIENTED_EDGE('',*,*,#3187,.T.);
#4174=ORIENTED_EDGE('',*,*,#3188,.T.);
#4175=ORIENTED_EDGE('',*,*,#3189,.T.);
#4176=ORIENTED_EDGE('',*,*,#2933,.T.);
#4177=ORIENTED_EDGE('',*,*,#3190,.T.);
#4178=ORIENTED_EDGE('',*,*,#2929,.T.);
#4179=ORIENTED_EDGE('',*,*,#3191,.T.);
#4180=ORIENTED_EDGE('',*,*,#3192,.T.);
#4181=ORIENTED_EDGE('',*,*,#3193,.T.);
#4182=ORIENTED_EDGE('',*,*,#3194,.T.);
#4183=ORIENTED_EDGE('',*,*,#3195,.T.);
#4184=ORIENTED_EDGE('',*,*,#3196,.T.);
#4185=ORIENTED_EDGE('',*,*,#3197,.T.);
#4186=ORIENTED_EDGE('',*,*,#3198,.F.);
#4187=ORIENTED_EDGE('',*,*,#2895,.T.);
#4188=ORIENTED_EDGE('',*,*,#2894,.F.);
#4189=ORIENTED_EDGE('',*,*,#2878,.F.);
#4190=ORIENTED_EDGE('',*,*,#2905,.T.);
#4191=ORIENTED_EDGE('',*,*,#3199,.T.);
#4192=ORIENTED_EDGE('',*,*,#3200,.T.);
#4193=ORIENTED_EDGE('',*,*,#3201,.T.);
#4194=ORIENTED_EDGE('',*,*,#2939,.T.);
#4195=ORIENTED_EDGE('',*,*,#3202,.T.);
#4196=ORIENTED_EDGE('',*,*,#2935,.T.);
#4197=ORIENTED_EDGE('',*,*,#3203,.T.);
#4198=ORIENTED_EDGE('',*,*,#3204,.T.);
#4199=ORIENTED_EDGE('',*,*,#3205,.T.);
#4200=ORIENTED_EDGE('',*,*,#3206,.T.);
#4201=ORIENTED_EDGE('',*,*,#3207,.T.);
#4202=ORIENTED_EDGE('',*,*,#3208,.T.);
#4203=ORIENTED_EDGE('',*,*,#3209,.T.);
#4204=ORIENTED_EDGE('',*,*,#3210,.T.);
#4205=ORIENTED_EDGE('',*,*,#3211,.F.);
#4206=ORIENTED_EDGE('',*,*,#3212,.F.);
#4207=ORIENTED_EDGE('',*,*,#3213,.F.);
#4208=ORIENTED_EDGE('',*,*,#2904,.F.);
#4209=ORIENTED_EDGE('',*,*,#2927,.T.);
#4210=ORIENTED_EDGE('',*,*,#3214,.F.);
#4211=ORIENTED_EDGE('',*,*,#3215,.F.);
#4212=ORIENTED_EDGE('',*,*,#3216,.F.);
#4213=ORIENTED_EDGE('',*,*,#3199,.F.);
#4214=ORIENTED_EDGE('',*,*,#2937,.F.);
#4215=ORIENTED_EDGE('',*,*,#3201,.F.);
#4216=ORIENTED_EDGE('',*,*,#3217,.F.);
#4217=ORIENTED_EDGE('',*,*,#3218,.F.);
#4218=ORIENTED_EDGE('',*,*,#3219,.F.);
#4219=ORIENTED_EDGE('',*,*,#2925,.T.);
#4220=ORIENTED_EDGE('',*,*,#2934,.F.);
#4221=ORIENTED_EDGE('',*,*,#2921,.T.);
#4222=ORIENTED_EDGE('',*,*,#3220,.F.);
#4223=ORIENTED_EDGE('',*,*,#3221,.F.);
#4224=ORIENTED_EDGE('',*,*,#3222,.F.);
#4225=ORIENTED_EDGE('',*,*,#3203,.F.);
#4226=ORIENTED_EDGE('',*,*,#3219,.T.);
#4227=ORIENTED_EDGE('',*,*,#3223,.T.);
#4228=ORIENTED_EDGE('',*,*,#3214,.T.);
#4229=ORIENTED_EDGE('',*,*,#2926,.T.);
#4230=ORIENTED_EDGE('',*,*,#3223,.F.);
#4231=ORIENTED_EDGE('',*,*,#3218,.T.);
#4232=ORIENTED_EDGE('',*,*,#3224,.T.);
#4233=ORIENTED_EDGE('',*,*,#3215,.T.);
#4234=ORIENTED_EDGE('',*,*,#3224,.F.);
#4235=ORIENTED_EDGE('',*,*,#3217,.T.);
#4236=ORIENTED_EDGE('',*,*,#3200,.F.);
#4237=ORIENTED_EDGE('',*,*,#3216,.T.);
#4238=ORIENTED_EDGE('',*,*,#3204,.F.);
#4239=ORIENTED_EDGE('',*,*,#3222,.T.);
#4240=ORIENTED_EDGE('',*,*,#3225,.T.);
#4241=ORIENTED_EDGE('',*,*,#3226,.T.);
#4242=ORIENTED_EDGE('',*,*,#3225,.F.);
#4243=ORIENTED_EDGE('',*,*,#3221,.T.);
#4244=ORIENTED_EDGE('',*,*,#3227,.T.);
#4245=ORIENTED_EDGE('',*,*,#3228,.T.);
#4246=ORIENTED_EDGE('',*,*,#3227,.F.);
#4247=ORIENTED_EDGE('',*,*,#3220,.T.);
#4248=ORIENTED_EDGE('',*,*,#2920,.T.);
#4249=ORIENTED_EDGE('',*,*,#3229,.T.);
#4250=ORIENTED_EDGE('',*,*,#3230,.F.);
#4251=ORIENTED_EDGE('',*,*,#3205,.F.);
#4252=ORIENTED_EDGE('',*,*,#3226,.F.);
#4253=ORIENTED_EDGE('',*,*,#3228,.F.);
#4254=ORIENTED_EDGE('',*,*,#3229,.F.);
#4255=ORIENTED_EDGE('',*,*,#2919,.T.);
#4256=ORIENTED_EDGE('',*,*,#2875,.T.);
#4257=ORIENTED_EDGE('',*,*,#3206,.F.);
#4258=ORIENTED_EDGE('',*,*,#3230,.T.);
#4259=ORIENTED_EDGE('',*,*,#2918,.F.);
#4260=ORIENTED_EDGE('',*,*,#3231,.F.);
#4261=ORIENTED_EDGE('',*,*,#2906,.T.);
#4262=ORIENTED_EDGE('',*,*,#3232,.T.);
#4263=ORIENTED_EDGE('',*,*,#3233,.T.);
#4264=ORIENTED_EDGE('',*,*,#3234,.T.);
#4265=ORIENTED_EDGE('',*,*,#3187,.F.);
#4266=ORIENTED_EDGE('',*,*,#2931,.F.);
#4267=ORIENTED_EDGE('',*,*,#3189,.F.);
#4268=ORIENTED_EDGE('',*,*,#3235,.T.);
#4269=ORIENTED_EDGE('',*,*,#3236,.T.);
#4270=ORIENTED_EDGE('',*,*,#3237,.T.);
#4271=ORIENTED_EDGE('',*,*,#2916,.T.);
#4272=ORIENTED_EDGE('',*,*,#2928,.F.);
#4273=ORIENTED_EDGE('',*,*,#2912,.T.);
#4274=ORIENTED_EDGE('',*,*,#3238,.T.);
#4275=ORIENTED_EDGE('',*,*,#3239,.T.);
#4276=ORIENTED_EDGE('',*,*,#3240,.T.);
#4277=ORIENTED_EDGE('',*,*,#3191,.F.);
#4278=ORIENTED_EDGE('',*,*,#3241,.F.);
#4279=ORIENTED_EDGE('',*,*,#3242,.F.);
#4280=ORIENTED_EDGE('',*,*,#3238,.F.);
#4281=ORIENTED_EDGE('',*,*,#2911,.T.);
#4282=ORIENTED_EDGE('',*,*,#3242,.T.);
#4283=ORIENTED_EDGE('',*,*,#3243,.F.);
#4284=ORIENTED_EDGE('',*,*,#3244,.F.);
#4285=ORIENTED_EDGE('',*,*,#3239,.F.);
#4286=ORIENTED_EDGE('',*,*,#3244,.T.);
#4287=ORIENTED_EDGE('',*,*,#3245,.F.);
#4288=ORIENTED_EDGE('',*,*,#3192,.F.);
#4289=ORIENTED_EDGE('',*,*,#3240,.F.);
#4290=ORIENTED_EDGE('',*,*,#3188,.F.);
#4291=ORIENTED_EDGE('',*,*,#3234,.F.);
#4292=ORIENTED_EDGE('',*,*,#3246,.F.);
#4293=ORIENTED_EDGE('',*,*,#3235,.F.);
#4294=ORIENTED_EDGE('',*,*,#3246,.T.);
#4295=ORIENTED_EDGE('',*,*,#3233,.F.);
#4296=ORIENTED_EDGE('',*,*,#3247,.F.);
#4297=ORIENTED_EDGE('',*,*,#3236,.F.);
#4298=ORIENTED_EDGE('',*,*,#3247,.T.);
#4299=ORIENTED_EDGE('',*,*,#3232,.F.);
#4300=ORIENTED_EDGE('',*,*,#2917,.T.);
#4301=ORIENTED_EDGE('',*,*,#3237,.F.);
#4302=ORIENTED_EDGE('',*,*,#3248,.F.);
#4303=ORIENTED_EDGE('',*,*,#3193,.F.);
#4304=ORIENTED_EDGE('',*,*,#3245,.T.);
#4305=ORIENTED_EDGE('',*,*,#3243,.T.);
#4306=ORIENTED_EDGE('',*,*,#3241,.T.);
#4307=ORIENTED_EDGE('',*,*,#2910,.T.);
#4308=ORIENTED_EDGE('',*,*,#3248,.T.);
#4309=ORIENTED_EDGE('',*,*,#2909,.F.);
#4310=ORIENTED_EDGE('',*,*,#3249,.F.);
#4311=ORIENTED_EDGE('',*,*,#3194,.F.);
#4312=ORIENTED_EDGE('',*,*,#2907,.F.);
#4313=ORIENTED_EDGE('',*,*,#3231,.T.);
#4314=ORIENTED_EDGE('',*,*,#3186,.F.);
#4315=ORIENTED_EDGE('',*,*,#3250,.T.);
#4316=ORIENTED_EDGE('',*,*,#3251,.F.);
#4317=ORIENTED_EDGE('',*,*,#3252,.T.);
#4318=ORIENTED_EDGE('',*,*,#3253,.F.);
#4319=ORIENTED_EDGE('',*,*,#3252,.F.);
#4320=ORIENTED_EDGE('',*,*,#3254,.F.);
#4321=ORIENTED_EDGE('',*,*,#3255,.T.);
#4322=ORIENTED_EDGE('',*,*,#2879,.T.);
#4323=ORIENTED_EDGE('',*,*,#3255,.F.);
#4324=ORIENTED_EDGE('',*,*,#2923,.F.);
#4325=ORIENTED_EDGE('',*,*,#2936,.F.);
#4326=ORIENTED_EDGE('',*,*,#3202,.F.);
#4327=ORIENTED_EDGE('',*,*,#2938,.T.);
#4328=ORIENTED_EDGE('',*,*,#3254,.T.);
#4329=ORIENTED_EDGE('',*,*,#2908,.F.);
#4330=ORIENTED_EDGE('',*,*,#3250,.F.);
#4331=ORIENTED_EDGE('',*,*,#3185,.F.);
#4332=ORIENTED_EDGE('',*,*,#3256,.T.);
#4333=ORIENTED_EDGE('',*,*,#3257,.F.);
#4334=ORIENTED_EDGE('',*,*,#3258,.T.);
#4335=ORIENTED_EDGE('',*,*,#3195,.F.);
#4336=ORIENTED_EDGE('',*,*,#3249,.T.);
#4337=ORIENTED_EDGE('',*,*,#3253,.T.);
#4338=ORIENTED_EDGE('',*,*,#2914,.F.);
#4339=ORIENTED_EDGE('',*,*,#2930,.F.);
#4340=ORIENTED_EDGE('',*,*,#3190,.F.);
#4341=ORIENTED_EDGE('',*,*,#2932,.T.);
#4342=ORIENTED_EDGE('',*,*,#3251,.T.);
#4343=ORIENTED_EDGE('',*,*,#3259,.F.);
#4344=ORIENTED_EDGE('',*,*,#3081,.F.);
#4345=ORIENTED_EDGE('',*,*,#3260,.T.);
#4346=ORIENTED_EDGE('',*,*,#3261,.T.);
#4347=ORIENTED_EDGE('',*,*,#3260,.F.);
#4348=ORIENTED_EDGE('',*,*,#3080,.F.);
#4349=ORIENTED_EDGE('',*,*,#3261,.F.);
#4350=ORIENTED_EDGE('',*,*,#3262,.F.);
#4351=ORIENTED_EDGE('',*,*,#3259,.T.);
#4352=ORIENTED_EDGE('',*,*,#3079,.T.);
#4353=ORIENTED_EDGE('',*,*,#3263,.T.);
#4354=ORIENTED_EDGE('',*,*,#3264,.T.);
#4355=ORIENTED_EDGE('',*,*,#3265,.F.);
#4356=ORIENTED_EDGE('',*,*,#3082,.T.);
#4357=ORIENTED_EDGE('',*,*,#3266,.F.);
#4358=ORIENTED_EDGE('',*,*,#3267,.F.);
#4359=ORIENTED_EDGE('',*,*,#3268,.F.);
#4360=ORIENTED_EDGE('',*,*,#3269,.F.);
#4361=ORIENTED_EDGE('',*,*,#3270,.T.);
#4362=ORIENTED_EDGE('',*,*,#3271,.T.);
#4363=ORIENTED_EDGE('',*,*,#3272,.T.);
#4364=ORIENTED_EDGE('',*,*,#3273,.F.);
#4365=ORIENTED_EDGE('',*,*,#3274,.T.);
#4366=ORIENTED_EDGE('',*,*,#3275,.T.);
#4367=ORIENTED_EDGE('',*,*,#3271,.F.);
#4368=ORIENTED_EDGE('',*,*,#3276,.F.);
#4369=ORIENTED_EDGE('',*,*,#3269,.T.);
#4370=ORIENTED_EDGE('',*,*,#3277,.F.);
#4371=ORIENTED_EDGE('',*,*,#3278,.F.);
#4372=ORIENTED_EDGE('',*,*,#3279,.F.);
#4373=ORIENTED_EDGE('',*,*,#3280,.T.);
#4374=ORIENTED_EDGE('',*,*,#3281,.T.);
#4375=ORIENTED_EDGE('',*,*,#3282,.T.);
#4376=ORIENTED_EDGE('',*,*,#3165,.F.);
#4377=ORIENTED_EDGE('',*,*,#2950,.T.);
#4378=ORIENTED_EDGE('',*,*,#2958,.T.);
#4379=ORIENTED_EDGE('',*,*,#3283,.T.);
#4380=ORIENTED_EDGE('',*,*,#3284,.T.);
#4381=ORIENTED_EDGE('',*,*,#3285,.F.);
#4382=ORIENTED_EDGE('',*,*,#2898,.F.);
#4383=ORIENTED_EDGE('',*,*,#3286,.F.);
#4384=ORIENTED_EDGE('',*,*,#3136,.T.);
#4385=ORIENTED_EDGE('',*,*,#3166,.F.);
#4386=ORIENTED_EDGE('',*,*,#3282,.F.);
#4387=ORIENTED_EDGE('',*,*,#3273,.T.);
#4388=ORIENTED_EDGE('',*,*,#3287,.F.);
#4389=ORIENTED_EDGE('',*,*,#3288,.F.);
#4390=ORIENTED_EDGE('',*,*,#3289,.F.);
#4391=ORIENTED_EDGE('',*,*,#2956,.F.);
#4392=ORIENTED_EDGE('',*,*,#3290,.T.);
#4393=ORIENTED_EDGE('',*,*,#3291,.T.);
#4394=ORIENTED_EDGE('',*,*,#3274,.F.);
#4395=ORIENTED_EDGE('',*,*,#3292,.F.);
#4396=ORIENTED_EDGE('',*,*,#3293,.T.);
#4397=ORIENTED_EDGE('',*,*,#3283,.F.);
#4398=ORIENTED_EDGE('',*,*,#3281,.F.);
#4399=ORIENTED_EDGE('',*,*,#2957,.F.);
#4400=ORIENTED_EDGE('',*,*,#3294,.F.);
#4401=ORIENTED_EDGE('',*,*,#3287,.T.);
#4402=ORIENTED_EDGE('',*,*,#3272,.F.);
#4403=ORIENTED_EDGE('',*,*,#3275,.F.);
#4404=ORIENTED_EDGE('',*,*,#3291,.F.);
#4405=ORIENTED_EDGE('',*,*,#3295,.F.);
#4406=ORIENTED_EDGE('',*,*,#3296,.F.);
#4407=ORIENTED_EDGE('',*,*,#3297,.F.);
#4408=ORIENTED_EDGE('',*,*,#3295,.T.);
#4409=ORIENTED_EDGE('',*,*,#3290,.F.);
#4410=ORIENTED_EDGE('',*,*,#2955,.F.);
#4411=ORIENTED_EDGE('',*,*,#3288,.T.);
#4412=ORIENTED_EDGE('',*,*,#3294,.T.);
#4413=ORIENTED_EDGE('',*,*,#3297,.T.);
#4414=ORIENTED_EDGE('',*,*,#3298,.F.);
#4415=ORIENTED_EDGE('',*,*,#3299,.F.);
#4416=ORIENTED_EDGE('',*,*,#3300,.T.);
#4417=ORIENTED_EDGE('',*,*,#3301,.T.);
#4418=ORIENTED_EDGE('',*,*,#3302,.T.);
#4419=ORIENTED_EDGE('',*,*,#3303,.F.);
#4420=ORIENTED_EDGE('',*,*,#3304,.F.);
#4421=ORIENTED_EDGE('',*,*,#3305,.T.);
#4422=ORIENTED_EDGE('',*,*,#3306,.T.);
#4423=ORIENTED_EDGE('',*,*,#3279,.T.);
#4424=ORIENTED_EDGE('',*,*,#3307,.F.);
#4425=ORIENTED_EDGE('',*,*,#3308,.F.);
#4426=ORIENTED_EDGE('',*,*,#3296,.T.);
#4427=ORIENTED_EDGE('',*,*,#2954,.F.);
#4428=ORIENTED_EDGE('',*,*,#3309,.F.);
#4429=ORIENTED_EDGE('',*,*,#3310,.T.);
#4430=ORIENTED_EDGE('',*,*,#3311,.T.);
#4431=ORIENTED_EDGE('',*,*,#3312,.F.);
#4432=ORIENTED_EDGE('',*,*,#3298,.T.);
#4433=ORIENTED_EDGE('',*,*,#3266,.T.);
#4434=ORIENTED_EDGE('',*,*,#3289,.T.);
#4435=ORIENTED_EDGE('',*,*,#3308,.T.);
#4436=ORIENTED_EDGE('',*,*,#3313,.F.);
#4437=ORIENTED_EDGE('',*,*,#3306,.F.);
#4438=ORIENTED_EDGE('',*,*,#3314,.T.);
#4439=ORIENTED_EDGE('',*,*,#3292,.T.);
#4440=ORIENTED_EDGE('',*,*,#3276,.T.);
#4441=ORIENTED_EDGE('',*,*,#3270,.F.);
#4442=ORIENTED_EDGE('',*,*,#3280,.F.);
#4443=ORIENTED_EDGE('',*,*,#3284,.F.);
#4444=ORIENTED_EDGE('',*,*,#3293,.F.);
#4445=ORIENTED_EDGE('',*,*,#3314,.F.);
#4446=ORIENTED_EDGE('',*,*,#3305,.F.);
#4447=ORIENTED_EDGE('',*,*,#3315,.F.);
#4448=ORIENTED_EDGE('',*,*,#3268,.T.);
#4449=ORIENTED_EDGE('',*,*,#3316,.F.);
#4450=ORIENTED_EDGE('',*,*,#3277,.T.);
#4451=ORIENTED_EDGE('',*,*,#3315,.T.);
#4452=ORIENTED_EDGE('',*,*,#3304,.T.);
#4453=ORIENTED_EDGE('',*,*,#3317,.F.);
#4454=ORIENTED_EDGE('',*,*,#3318,.T.);
#4455=ORIENTED_EDGE('',*,*,#3319,.F.);
#4456=ORIENTED_EDGE('',*,*,#3320,.T.);
#4457=ORIENTED_EDGE('',*,*,#3321,.T.);
#4458=ORIENTED_EDGE('',*,*,#3322,.T.);
#4459=ORIENTED_EDGE('',*,*,#2899,.F.);
#4460=ORIENTED_EDGE('',*,*,#3285,.T.);
#4461=ORIENTED_EDGE('',*,*,#3323,.T.);
#4462=ORIENTED_EDGE('',*,*,#3299,.T.);
#4463=ORIENTED_EDGE('',*,*,#3312,.T.);
#4464=ORIENTED_EDGE('',*,*,#3324,.T.);
#4465=ORIENTED_EDGE('',*,*,#3323,.F.);
#4466=ORIENTED_EDGE('',*,*,#3325,.F.);
#4467=ORIENTED_EDGE('',*,*,#3326,.F.);
#4468=ORIENTED_EDGE('',*,*,#3327,.F.);
#4469=ORIENTED_EDGE('',*,*,#3328,.T.);
#4470=ORIENTED_EDGE('',*,*,#3300,.F.);
#4471=ORIENTED_EDGE('',*,*,#3324,.F.);
#4472=ORIENTED_EDGE('',*,*,#3311,.F.);
#4473=ORIENTED_EDGE('',*,*,#3329,.F.);
#4474=ORIENTED_EDGE('',*,*,#3330,.F.);
#4475=ORIENTED_EDGE('',*,*,#3331,.F.);
#4476=ORIENTED_EDGE('',*,*,#3325,.T.);
#4477=ORIENTED_EDGE('',*,*,#3326,.T.);
#4478=ORIENTED_EDGE('',*,*,#3331,.T.);
#4479=ORIENTED_EDGE('',*,*,#3332,.T.);
#4480=ORIENTED_EDGE('',*,*,#3333,.T.);
#4481=ORIENTED_EDGE('',*,*,#3334,.T.);
#4482=ORIENTED_EDGE('',*,*,#3335,.T.);
#4483=ORIENTED_EDGE('',*,*,#3317,.T.);
#4484=ORIENTED_EDGE('',*,*,#3303,.T.);
#4485=ORIENTED_EDGE('',*,*,#3335,.F.);
#4486=ORIENTED_EDGE('',*,*,#3336,.F.);
#4487=ORIENTED_EDGE('',*,*,#3337,.F.);
#4488=ORIENTED_EDGE('',*,*,#3318,.F.);
#4489=ORIENTED_EDGE('',*,*,#3334,.F.);
#4490=ORIENTED_EDGE('',*,*,#3302,.F.);
#4491=ORIENTED_EDGE('',*,*,#3338,.F.);
#4492=ORIENTED_EDGE('',*,*,#3339,.F.);
#4493=ORIENTED_EDGE('',*,*,#3340,.F.);
#4494=ORIENTED_EDGE('',*,*,#3336,.T.);
#4495=ORIENTED_EDGE('',*,*,#3340,.T.);
#4496=ORIENTED_EDGE('',*,*,#3341,.T.);
#4497=ORIENTED_EDGE('',*,*,#3319,.T.);
#4498=ORIENTED_EDGE('',*,*,#3337,.T.);
#4499=ORIENTED_EDGE('',*,*,#3342,.F.);
#4500=ORIENTED_EDGE('',*,*,#3338,.T.);
#4501=ORIENTED_EDGE('',*,*,#3301,.F.);
#4502=ORIENTED_EDGE('',*,*,#3328,.F.);
#4503=ORIENTED_EDGE('',*,*,#3333,.F.);
#4504=ORIENTED_EDGE('',*,*,#3343,.F.);
#4505=ORIENTED_EDGE('',*,*,#3344,.F.);
#4506=ORIENTED_EDGE('',*,*,#3345,.F.);
#4507=ORIENTED_EDGE('',*,*,#3320,.F.);
#4508=ORIENTED_EDGE('',*,*,#3341,.F.);
#4509=ORIENTED_EDGE('',*,*,#3339,.T.);
#4510=ORIENTED_EDGE('',*,*,#3342,.T.);
#4511=ORIENTED_EDGE('',*,*,#3327,.T.);
#4512=ORIENTED_EDGE('',*,*,#3345,.T.);
#4513=ORIENTED_EDGE('',*,*,#3346,.T.);
#4514=ORIENTED_EDGE('',*,*,#3347,.F.);
#4515=ORIENTED_EDGE('',*,*,#3348,.T.);
#4516=ORIENTED_EDGE('',*,*,#3321,.F.);
#4517=ORIENTED_EDGE('',*,*,#3344,.T.);
#4518=ORIENTED_EDGE('',*,*,#3349,.F.);
#4519=ORIENTED_EDGE('',*,*,#3350,.F.);
#4520=ORIENTED_EDGE('',*,*,#3351,.F.);
#4521=ORIENTED_EDGE('',*,*,#3352,.F.);
#4522=ORIENTED_EDGE('',*,*,#3353,.F.);
#4523=ORIENTED_EDGE('',*,*,#3170,.F.);
#4524=ORIENTED_EDGE('',*,*,#3354,.F.);
#4525=ORIENTED_EDGE('',*,*,#3355,.F.);
#4526=ORIENTED_EDGE('',*,*,#3356,.F.);
#4527=ORIENTED_EDGE('',*,*,#3357,.F.);
#4528=ORIENTED_EDGE('',*,*,#3346,.F.);
#4529=ORIENTED_EDGE('',*,*,#3343,.T.);
#4530=ORIENTED_EDGE('',*,*,#3332,.F.);
#4531=ORIENTED_EDGE('',*,*,#3330,.T.);
#4532=ORIENTED_EDGE('',*,*,#3358,.T.);
#4533=ORIENTED_EDGE('',*,*,#3359,.T.);
#4534=ORIENTED_EDGE('',*,*,#3360,.T.);
#4535=ORIENTED_EDGE('',*,*,#3034,.T.);
#4536=ORIENTED_EDGE('',*,*,#3361,.T.);
#4537=ORIENTED_EDGE('',*,*,#3362,.T.);
#4538=ORIENTED_EDGE('',*,*,#3363,.T.);
#4539=ORIENTED_EDGE('',*,*,#3364,.T.);
#4540=ORIENTED_EDGE('',*,*,#3365,.F.);
#4541=ORIENTED_EDGE('',*,*,#3366,.T.);
#4542=ORIENTED_EDGE('',*,*,#3367,.F.);
#4543=ORIENTED_EDGE('',*,*,#3349,.T.);
#4544=ORIENTED_EDGE('',*,*,#3329,.T.);
#4545=ORIENTED_EDGE('',*,*,#3310,.F.);
#4546=ORIENTED_EDGE('',*,*,#3368,.T.);
#4547=ORIENTED_EDGE('',*,*,#3369,.T.);
#4548=ORIENTED_EDGE('',*,*,#3370,.F.);
#4549=ORIENTED_EDGE('',*,*,#3358,.F.);
#4550=ORIENTED_EDGE('',*,*,#2893,.F.);
#4551=ORIENTED_EDGE('',*,*,#3371,.T.);
#4552=ORIENTED_EDGE('',*,*,#3372,.T.);
#4553=ORIENTED_EDGE('',*,*,#3371,.F.);
#4554=ORIENTED_EDGE('',*,*,#3372,.F.);
#4555=ORIENTED_EDGE('',*,*,#3373,.F.);
#4556=ORIENTED_EDGE('',*,*,#3374,.T.);
#4557=ORIENTED_EDGE('',*,*,#3373,.T.);
#4558=ORIENTED_EDGE('',*,*,#3374,.F.);
#4559=ORIENTED_EDGE('',*,*,#3375,.F.);
#4560=ORIENTED_EDGE('',*,*,#3162,.T.);
#4561=ORIENTED_EDGE('',*,*,#3147,.F.);
#4562=ORIENTED_EDGE('',*,*,#2951,.T.);
#4563=ORIENTED_EDGE('',*,*,#3164,.F.);
#4564=ORIENTED_EDGE('',*,*,#3150,.T.);
#4565=ORIENTED_EDGE('',*,*,#3376,.T.);
#4566=ORIENTED_EDGE('',*,*,#3075,.T.);
#4567=ORIENTED_EDGE('',*,*,#3377,.T.);
#4568=ORIENTED_EDGE('',*,*,#3153,.F.);
#4569=ORIENTED_EDGE('',*,*,#3378,.T.);
#4570=ORIENTED_EDGE('',*,*,#3379,.F.);
#4571=ORIENTED_EDGE('',*,*,#3380,.F.);
#4572=ORIENTED_EDGE('',*,*,#3381,.F.);
#4573=ORIENTED_EDGE('',*,*,#3137,.T.);
#4574=ORIENTED_EDGE('',*,*,#3286,.T.);
#4575=ORIENTED_EDGE('',*,*,#3382,.F.);
#4576=ORIENTED_EDGE('',*,*,#3148,.T.);
#4577=ORIENTED_EDGE('',*,*,#3375,.T.);
#4578=ORIENTED_EDGE('',*,*,#3383,.T.);
#4579=ORIENTED_EDGE('',*,*,#3071,.T.);
#4580=ORIENTED_EDGE('',*,*,#3384,.T.);
#4581=ORIENTED_EDGE('',*,*,#3385,.T.);
#4582=ORIENTED_EDGE('',*,*,#3386,.T.);
#4583=ORIENTED_EDGE('',*,*,#3384,.F.);
#4584=ORIENTED_EDGE('',*,*,#3070,.T.);
#4585=ORIENTED_EDGE('',*,*,#3265,.T.);
#4586=ORIENTED_EDGE('',*,*,#3387,.T.);
#4587=ORIENTED_EDGE('',*,*,#3263,.F.);
#4588=ORIENTED_EDGE('',*,*,#3078,.T.);
#4589=ORIENTED_EDGE('',*,*,#3388,.T.);
#4590=ORIENTED_EDGE('',*,*,#3389,.T.);
#4591=ORIENTED_EDGE('',*,*,#3390,.T.);
#4592=ORIENTED_EDGE('',*,*,#3391,.T.);
#4593=ORIENTED_EDGE('',*,*,#3388,.F.);
#4594=ORIENTED_EDGE('',*,*,#3077,.T.);
#4595=ORIENTED_EDGE('',*,*,#3392,.T.);
#4596=ORIENTED_EDGE('',*,*,#3383,.F.);
#4597=ORIENTED_EDGE('',*,*,#3393,.F.);
#4598=ORIENTED_EDGE('',*,*,#3394,.F.);
#4599=ORIENTED_EDGE('',*,*,#3395,.F.);
#4600=ORIENTED_EDGE('',*,*,#3396,.F.);
#4601=ORIENTED_EDGE('',*,*,#3072,.F.);
#4602=ORIENTED_EDGE('',*,*,#3386,.F.);
#4603=ORIENTED_EDGE('',*,*,#3397,.F.);
#4604=ORIENTED_EDGE('',*,*,#3398,.F.);
#4605=ORIENTED_EDGE('',*,*,#3399,.F.);
#4606=ORIENTED_EDGE('',*,*,#3393,.T.);
#4607=ORIENTED_EDGE('',*,*,#3400,.F.);
#4608=ORIENTED_EDGE('',*,*,#3401,.T.);
#4609=ORIENTED_EDGE('',*,*,#3402,.T.);
#4610=ORIENTED_EDGE('',*,*,#3403,.T.);
#4611=ORIENTED_EDGE('',*,*,#3404,.T.);
#4612=ORIENTED_EDGE('',*,*,#3405,.F.);
#4613=ORIENTED_EDGE('',*,*,#3406,.T.);
#4614=ORIENTED_EDGE('',*,*,#3407,.F.);
#4615=ORIENTED_EDGE('',*,*,#3408,.F.);
#4616=ORIENTED_EDGE('',*,*,#3409,.T.);
#4617=ORIENTED_EDGE('',*,*,#3410,.F.);
#4618=ORIENTED_EDGE('',*,*,#3411,.F.);
#4619=ORIENTED_EDGE('',*,*,#3412,.F.);
#4620=ORIENTED_EDGE('',*,*,#3413,.F.);
#4621=ORIENTED_EDGE('',*,*,#3414,.F.);
#4622=ORIENTED_EDGE('',*,*,#3415,.T.);
#4623=ORIENTED_EDGE('',*,*,#3416,.F.);
#4624=ORIENTED_EDGE('',*,*,#3417,.F.);
#4625=ORIENTED_EDGE('',*,*,#3418,.T.);
#4626=ORIENTED_EDGE('',*,*,#3419,.F.);
#4627=ORIENTED_EDGE('',*,*,#3406,.F.);
#4628=ORIENTED_EDGE('',*,*,#3420,.F.);
#4629=ORIENTED_EDGE('',*,*,#3421,.T.);
#4630=ORIENTED_EDGE('',*,*,#3402,.F.);
#4631=ORIENTED_EDGE('',*,*,#3422,.T.);
#4632=ORIENTED_EDGE('',*,*,#3423,.T.);
#4633=ORIENTED_EDGE('',*,*,#3424,.T.);
#4634=ORIENTED_EDGE('',*,*,#3425,.T.);
#4635=ORIENTED_EDGE('',*,*,#3426,.T.);
#4636=ORIENTED_EDGE('',*,*,#3427,.T.);
#4637=ORIENTED_EDGE('',*,*,#3422,.F.);
#4638=ORIENTED_EDGE('',*,*,#3428,.T.);
#4639=ORIENTED_EDGE('',*,*,#3428,.F.);
#4640=ORIENTED_EDGE('',*,*,#3429,.T.);
#4641=ORIENTED_EDGE('',*,*,#3430,.F.);
#4642=ORIENTED_EDGE('',*,*,#3431,.F.);
#4643=ORIENTED_EDGE('',*,*,#3432,.T.);
#4644=ORIENTED_EDGE('',*,*,#3433,.F.);
#4645=ORIENTED_EDGE('',*,*,#3425,.F.);
#4646=ORIENTED_EDGE('',*,*,#3434,.F.);
#4647=ORIENTED_EDGE('',*,*,#3435,.F.);
#4648=ORIENTED_EDGE('',*,*,#3429,.F.);
#4649=ORIENTED_EDGE('',*,*,#2967,.F.);
#4650=ORIENTED_EDGE('',*,*,#3436,.T.);
#4651=ORIENTED_EDGE('',*,*,#3437,.T.);
#4652=ORIENTED_EDGE('',*,*,#3438,.T.);
#4653=ORIENTED_EDGE('',*,*,#3439,.T.);
#4654=ORIENTED_EDGE('',*,*,#2964,.F.);
#4655=ORIENTED_EDGE('',*,*,#3440,.T.);
#4656=ORIENTED_EDGE('',*,*,#2969,.F.);
#4657=ORIENTED_EDGE('',*,*,#2974,.T.);
#4658=ORIENTED_EDGE('',*,*,#2960,.F.);
#4659=ORIENTED_EDGE('',*,*,#3439,.F.);
#4660=ORIENTED_EDGE('',*,*,#3441,.T.);
#4661=ORIENTED_EDGE('',*,*,#2976,.T.);
#4662=ORIENTED_EDGE('',*,*,#3442,.T.);
#4663=ORIENTED_EDGE('',*,*,#3443,.T.);
#4664=ORIENTED_EDGE('',*,*,#2978,.T.);
#4665=ORIENTED_EDGE('',*,*,#2944,.F.);
#4666=ORIENTED_EDGE('',*,*,#3444,.T.);
#4667=ORIENTED_EDGE('',*,*,#3445,.F.);
#4668=ORIENTED_EDGE('',*,*,#3368,.F.);
#4669=ORIENTED_EDGE('',*,*,#3309,.T.);
#4670=ORIENTED_EDGE('',*,*,#2941,.F.);
#4671=ORIENTED_EDGE('',*,*,#2947,.F.);
#4672=ORIENTED_EDGE('',*,*,#3446,.T.);
#4673=ORIENTED_EDGE('',*,*,#3444,.F.);
#4674=ORIENTED_EDGE('',*,*,#3447,.F.);
#4675=ORIENTED_EDGE('',*,*,#3407,.T.);
#4676=ORIENTED_EDGE('',*,*,#3401,.F.);
#4677=ORIENTED_EDGE('',*,*,#3417,.T.);
#4678=ORIENTED_EDGE('',*,*,#3448,.F.);
#4679=ORIENTED_EDGE('',*,*,#3449,.F.);
#4680=ORIENTED_EDGE('',*,*,#3378,.F.);
#4681=ORIENTED_EDGE('',*,*,#3152,.F.);
#4682=ORIENTED_EDGE('',*,*,#3450,.F.);
#4683=ORIENTED_EDGE('',*,*,#3451,.F.);
#4684=ORIENTED_EDGE('',*,*,#3452,.F.);
#4685=ORIENTED_EDGE('',*,*,#3453,.F.);
#4686=ORIENTED_EDGE('',*,*,#3454,.F.);
#4687=ORIENTED_EDGE('',*,*,#3455,.F.);
#4688=ORIENTED_EDGE('',*,*,#3454,.T.);
#4689=ORIENTED_EDGE('',*,*,#3456,.T.);
#4690=ORIENTED_EDGE('',*,*,#3457,.T.);
#4691=ORIENTED_EDGE('',*,*,#3456,.F.);
#4692=ORIENTED_EDGE('',*,*,#3455,.T.);
#4693=ORIENTED_EDGE('',*,*,#3450,.T.);
#4694=ORIENTED_EDGE('',*,*,#3151,.T.);
#4695=ORIENTED_EDGE('',*,*,#3458,.T.);
#4696=ORIENTED_EDGE('',*,*,#3459,.T.);
#4697=ORIENTED_EDGE('',*,*,#3449,.T.);
#4698=ORIENTED_EDGE('',*,*,#3460,.T.);
#4699=ORIENTED_EDGE('',*,*,#3461,.T.);
#4700=ORIENTED_EDGE('',*,*,#3379,.T.);
#4701=ORIENTED_EDGE('',*,*,#3448,.T.);
#4702=ORIENTED_EDGE('',*,*,#3416,.T.);
#4703=ORIENTED_EDGE('',*,*,#3462,.T.);
#4704=ORIENTED_EDGE('',*,*,#3171,.F.);
#4705=ORIENTED_EDGE('',*,*,#3353,.T.);
#4706=ORIENTED_EDGE('',*,*,#3463,.F.);
#4707=ORIENTED_EDGE('',*,*,#3464,.F.);
#4708=ORIENTED_EDGE('',*,*,#3460,.F.);
#4709=ORIENTED_EDGE('',*,*,#3451,.T.);
#4710=ORIENTED_EDGE('',*,*,#3459,.F.);
#4711=ORIENTED_EDGE('',*,*,#3465,.F.);
#4712=ORIENTED_EDGE('',*,*,#3466,.F.);
#4713=ORIENTED_EDGE('',*,*,#3467,.T.);
#4714=ORIENTED_EDGE('',*,*,#3468,.T.);
#4715=ORIENTED_EDGE('',*,*,#3469,.T.);
#4716=ORIENTED_EDGE('',*,*,#3466,.T.);
#4717=ORIENTED_EDGE('',*,*,#3395,.T.);
#4718=ORIENTED_EDGE('',*,*,#3470,.T.);
#4719=ORIENTED_EDGE('',*,*,#3471,.T.);
#4720=ORIENTED_EDGE('',*,*,#3468,.F.);
#4721=ORIENTED_EDGE('',*,*,#3394,.T.);
#4722=ORIENTED_EDGE('',*,*,#3470,.F.);
#4723=ORIENTED_EDGE('',*,*,#3399,.T.);
#4724=ORIENTED_EDGE('',*,*,#3472,.T.);
#4725=ORIENTED_EDGE('',*,*,#3473,.T.);
#4726=ORIENTED_EDGE('',*,*,#3474,.T.);
#4727=ORIENTED_EDGE('',*,*,#3475,.T.);
#4728=ORIENTED_EDGE('',*,*,#3472,.F.);
#4729=ORIENTED_EDGE('',*,*,#3398,.T.);
#4730=ORIENTED_EDGE('',*,*,#3073,.T.);
#4731=ORIENTED_EDGE('',*,*,#3396,.T.);
#4732=ORIENTED_EDGE('',*,*,#3465,.T.);
#4733=ORIENTED_EDGE('',*,*,#3476,.T.);
#4734=ORIENTED_EDGE('',*,*,#3477,.T.);
#4735=ORIENTED_EDGE('',*,*,#3478,.T.);
#4736=ORIENTED_EDGE('',*,*,#3154,.T.);
#4737=ORIENTED_EDGE('',*,*,#3381,.T.);
#4738=ORIENTED_EDGE('',*,*,#3479,.T.);
#4739=ORIENTED_EDGE('',*,*,#3480,.T.);
#4740=ORIENTED_EDGE('',*,*,#3477,.F.);
#4741=ORIENTED_EDGE('',*,*,#3481,.T.);
#4742=ORIENTED_EDGE('',*,*,#3482,.T.);
#4743=ORIENTED_EDGE('',*,*,#3483,.T.);
#4744=ORIENTED_EDGE('',*,*,#3479,.F.);
#4745=ORIENTED_EDGE('',*,*,#3484,.T.);
#4746=ORIENTED_EDGE('',*,*,#3485,.T.);
#4747=ORIENTED_EDGE('',*,*,#3486,.T.);
#4748=ORIENTED_EDGE('',*,*,#3482,.F.);
#4749=ORIENTED_EDGE('',*,*,#3487,.T.);
#4750=ORIENTED_EDGE('',*,*,#3471,.F.);
#4751=ORIENTED_EDGE('',*,*,#3473,.F.);
#4752=ORIENTED_EDGE('',*,*,#3488,.F.);
#4753=ORIENTED_EDGE('',*,*,#3489,.F.);
#4754=ORIENTED_EDGE('',*,*,#3490,.T.);
#4755=ORIENTED_EDGE('',*,*,#3475,.F.);
#4756=ORIENTED_EDGE('',*,*,#3491,.T.);
#4757=ORIENTED_EDGE('',*,*,#3492,.T.);
#4758=ORIENTED_EDGE('',*,*,#3488,.T.);
#4759=ORIENTED_EDGE('',*,*,#3452,.T.);
#4760=ORIENTED_EDGE('',*,*,#3467,.F.);
#4761=ORIENTED_EDGE('',*,*,#3469,.F.);
#4762=ORIENTED_EDGE('',*,*,#3490,.F.);
#4763=ORIENTED_EDGE('',*,*,#3493,.F.);
#4764=ORIENTED_EDGE('',*,*,#3476,.F.);
#4765=ORIENTED_EDGE('',*,*,#3458,.F.);
#4766=ORIENTED_EDGE('',*,*,#3377,.F.);
#4767=ORIENTED_EDGE('',*,*,#3074,.F.);
#4768=ORIENTED_EDGE('',*,*,#3392,.F.);
#4769=ORIENTED_EDGE('',*,*,#3076,.F.);
#4770=ORIENTED_EDGE('',*,*,#3376,.F.);
#4771=ORIENTED_EDGE('',*,*,#3478,.F.);
#4772=ORIENTED_EDGE('',*,*,#3480,.F.);
#4773=ORIENTED_EDGE('',*,*,#3494,.F.);
#4774=ORIENTED_EDGE('',*,*,#3390,.F.);
#4775=ORIENTED_EDGE('',*,*,#3494,.T.);
#4776=ORIENTED_EDGE('',*,*,#3483,.F.);
#4777=ORIENTED_EDGE('',*,*,#3486,.F.);
#4778=ORIENTED_EDGE('',*,*,#3495,.T.);
#4779=ORIENTED_EDGE('',*,*,#3391,.F.);
#4780=ORIENTED_EDGE('',*,*,#3495,.F.);
#4781=ORIENTED_EDGE('',*,*,#3485,.F.);
#4782=ORIENTED_EDGE('',*,*,#3496,.F.);
#4783=ORIENTED_EDGE('',*,*,#3497,.T.);
#4784=ORIENTED_EDGE('',*,*,#3463,.T.);
#4785=ORIENTED_EDGE('',*,*,#3352,.T.);
#4786=ORIENTED_EDGE('',*,*,#3498,.F.);
#4787=ORIENTED_EDGE('',*,*,#3499,.T.);
#4788=ORIENTED_EDGE('',*,*,#3385,.F.);
#4789=ORIENTED_EDGE('',*,*,#3500,.F.);
#4790=ORIENTED_EDGE('',*,*,#3501,.F.);
#4791=ORIENTED_EDGE('',*,*,#3502,.T.);
#4792=ORIENTED_EDGE('',*,*,#3503,.T.);
#4793=ORIENTED_EDGE('',*,*,#3504,.T.);
#4794=ORIENTED_EDGE('',*,*,#3491,.F.);
#4795=ORIENTED_EDGE('',*,*,#3474,.F.);
#4796=ORIENTED_EDGE('',*,*,#3397,.T.);
#4797=ORIENTED_EDGE('',*,*,#3447,.T.);
#4798=ORIENTED_EDGE('',*,*,#3505,.F.);
#4799=ORIENTED_EDGE('',*,*,#3506,.F.);
#4800=ORIENTED_EDGE('',*,*,#3503,.F.);
#4801=ORIENTED_EDGE('',*,*,#3507,.F.);
#4802=ORIENTED_EDGE('',*,*,#3508,.F.);
#4803=ORIENTED_EDGE('',*,*,#3509,.T.);
#4804=ORIENTED_EDGE('',*,*,#3408,.T.);
#4805=ORIENTED_EDGE('',*,*,#3453,.T.);
#4806=ORIENTED_EDGE('',*,*,#3493,.T.);
#4807=ORIENTED_EDGE('',*,*,#3510,.F.);
#4808=ORIENTED_EDGE('',*,*,#3505,.T.);
#4809=ORIENTED_EDGE('',*,*,#3506,.T.);
#4810=ORIENTED_EDGE('',*,*,#3510,.T.);
#4811=ORIENTED_EDGE('',*,*,#3489,.T.);
#4812=ORIENTED_EDGE('',*,*,#3492,.F.);
#4813=ORIENTED_EDGE('',*,*,#3504,.F.);
#4814=ORIENTED_EDGE('',*,*,#3487,.F.);
#4815=ORIENTED_EDGE('',*,*,#3511,.T.);
#4816=ORIENTED_EDGE('',*,*,#3512,.T.);
#4817=ORIENTED_EDGE('',*,*,#3496,.T.);
#4818=ORIENTED_EDGE('',*,*,#3513,.T.);
#4819=ORIENTED_EDGE('',*,*,#3461,.F.);
#4820=ORIENTED_EDGE('',*,*,#3464,.T.);
#4821=ORIENTED_EDGE('',*,*,#3497,.F.);
#4822=ORIENTED_EDGE('',*,*,#3512,.F.);
#4823=ORIENTED_EDGE('',*,*,#3514,.F.);
#4824=ORIENTED_EDGE('',*,*,#2980,.T.);
#4825=ORIENTED_EDGE('',*,*,#3515,.F.);
#4826=ORIENTED_EDGE('',*,*,#3516,.F.);
#4827=ORIENTED_EDGE('',*,*,#3517,.T.);
#4828=ORIENTED_EDGE('',*,*,#2981,.T.);
#4829=ORIENTED_EDGE('',*,*,#3514,.T.);
#4830=ORIENTED_EDGE('',*,*,#3518,.T.);
#4831=ORIENTED_EDGE('',*,*,#3519,.F.);
#4832=ORIENTED_EDGE('',*,*,#3520,.F.);
#4833=ORIENTED_EDGE('',*,*,#3521,.F.);
#4834=ORIENTED_EDGE('',*,*,#3522,.F.);
#4835=ORIENTED_EDGE('',*,*,#3523,.F.);
#4836=ORIENTED_EDGE('',*,*,#3524,.T.);
#4837=ORIENTED_EDGE('',*,*,#2975,.F.);
#4838=ORIENTED_EDGE('',*,*,#3517,.F.);
#4839=ORIENTED_EDGE('',*,*,#3525,.T.);
#4840=ORIENTED_EDGE('',*,*,#3526,.F.);
#4841=ORIENTED_EDGE('',*,*,#3518,.F.);
#4842=ORIENTED_EDGE('',*,*,#3267,.T.);
#4843=ORIENTED_EDGE('',*,*,#3313,.T.);
#4844=ORIENTED_EDGE('',*,*,#3307,.T.);
#4845=ORIENTED_EDGE('',*,*,#3278,.T.);
#4846=ORIENTED_EDGE('',*,*,#3316,.T.);
#4847=ORIENTED_EDGE('',*,*,#2970,.F.);
#4848=ORIENTED_EDGE('',*,*,#3527,.F.);
#4849=ORIENTED_EDGE('',*,*,#3528,.T.);
#4850=ORIENTED_EDGE('',*,*,#3436,.F.);
#4851=ORIENTED_EDGE('',*,*,#3435,.T.);
#4852=ORIENTED_EDGE('',*,*,#3529,.F.);
#4853=ORIENTED_EDGE('',*,*,#3530,.T.);
#4854=ORIENTED_EDGE('',*,*,#3430,.T.);
#4855=ORIENTED_EDGE('',*,*,#3433,.T.);
#4856=ORIENTED_EDGE('',*,*,#3531,.F.);
#4857=ORIENTED_EDGE('',*,*,#3532,.F.);
#4858=ORIENTED_EDGE('',*,*,#3533,.F.);
#4859=ORIENTED_EDGE('',*,*,#3534,.T.);
#4860=ORIENTED_EDGE('',*,*,#3535,.F.);
#4861=ORIENTED_EDGE('',*,*,#3536,.F.);
#4862=ORIENTED_EDGE('',*,*,#3537,.T.);
#4863=ORIENTED_EDGE('',*,*,#3426,.F.);
#4864=ORIENTED_EDGE('',*,*,#3528,.F.);
#4865=ORIENTED_EDGE('',*,*,#3538,.T.);
#4866=ORIENTED_EDGE('',*,*,#3539,.F.);
#4867=ORIENTED_EDGE('',*,*,#3531,.T.);
#4868=ORIENTED_EDGE('',*,*,#3432,.F.);
#4869=ORIENTED_EDGE('',*,*,#3540,.T.);
#4870=ORIENTED_EDGE('',*,*,#3541,.T.);
#4871=ORIENTED_EDGE('',*,*,#3361,.F.);
#4872=ORIENTED_EDGE('',*,*,#3033,.T.);
#4873=ORIENTED_EDGE('',*,*,#3542,.T.);
#4874=ORIENTED_EDGE('',*,*,#3437,.F.);
#4875=ORIENTED_EDGE('',*,*,#3431,.T.);
#4876=ORIENTED_EDGE('',*,*,#3530,.F.);
#4877=ORIENTED_EDGE('',*,*,#3543,.F.);
#4878=ORIENTED_EDGE('',*,*,#3544,.F.);
#4879=ORIENTED_EDGE('',*,*,#3545,.F.);
#4880=ORIENTED_EDGE('',*,*,#3540,.F.);
#4881=ORIENTED_EDGE('',*,*,#3546,.F.);
#4882=ORIENTED_EDGE('',*,*,#3547,.T.);
#4883=ORIENTED_EDGE('',*,*,#3548,.F.);
#4884=ORIENTED_EDGE('',*,*,#3546,.T.);
#4885=ORIENTED_EDGE('',*,*,#3508,.T.);
#4886=ORIENTED_EDGE('',*,*,#3549,.F.);
#4887=ORIENTED_EDGE('',*,*,#3550,.T.);
#4888=ORIENTED_EDGE('',*,*,#3547,.F.);
#4889=ORIENTED_EDGE('',*,*,#3550,.F.);
#4890=ORIENTED_EDGE('',*,*,#3551,.T.);
#4891=ORIENTED_EDGE('',*,*,#3552,.F.);
#4892=ORIENTED_EDGE('',*,*,#3553,.T.);
#4893=ORIENTED_EDGE('',*,*,#3180,.T.);
#4894=ORIENTED_EDGE('',*,*,#3554,.T.);
#4895=ORIENTED_EDGE('',*,*,#3549,.T.);
#4896=ORIENTED_EDGE('',*,*,#3507,.T.);
#4897=ORIENTED_EDGE('',*,*,#3502,.F.);
#4898=ORIENTED_EDGE('',*,*,#3555,.F.);
#4899=ORIENTED_EDGE('',*,*,#3556,.F.);
#4900=ORIENTED_EDGE('',*,*,#3362,.F.);
#4901=ORIENTED_EDGE('',*,*,#3541,.F.);
#4902=ORIENTED_EDGE('',*,*,#3545,.T.);
#4903=ORIENTED_EDGE('',*,*,#3557,.T.);
#4904=ORIENTED_EDGE('',*,*,#3558,.F.);
#4905=ORIENTED_EDGE('',*,*,#3559,.F.);
#4906=ORIENTED_EDGE('',*,*,#3551,.F.);
#4907=ORIENTED_EDGE('',*,*,#3182,.T.);
#4908=ORIENTED_EDGE('',*,*,#3560,.T.);
#4909=ORIENTED_EDGE('',*,*,#3561,.F.);
#4910=ORIENTED_EDGE('',*,*,#3558,.T.);
#4911=ORIENTED_EDGE('',*,*,#3562,.T.);
#4912=ORIENTED_EDGE('',*,*,#3563,.T.);
#4913=ORIENTED_EDGE('',*,*,#3564,.T.);
#4914=ORIENTED_EDGE('',*,*,#3565,.T.);
#4915=ORIENTED_EDGE('',*,*,#3525,.F.);
#4916=ORIENTED_EDGE('',*,*,#3516,.T.);
#4917=ORIENTED_EDGE('',*,*,#3566,.F.);
#4918=ORIENTED_EDGE('',*,*,#3563,.F.);
#4919=ORIENTED_EDGE('',*,*,#3421,.F.);
#4920=ORIENTED_EDGE('',*,*,#3567,.T.);
#4921=ORIENTED_EDGE('',*,*,#3568,.F.);
#4922=ORIENTED_EDGE('',*,*,#3569,.T.);
#4923=ORIENTED_EDGE('',*,*,#3570,.F.);
#4924=ORIENTED_EDGE('',*,*,#3403,.F.);
#4925=ORIENTED_EDGE('',*,*,#3571,.F.);
#4926=ORIENTED_EDGE('',*,*,#3572,.F.);
#4927=ORIENTED_EDGE('',*,*,#3573,.F.);
#4928=ORIENTED_EDGE('',*,*,#3208,.F.);
#4929=ORIENTED_EDGE('',*,*,#3574,.T.);
#4930=ORIENTED_EDGE('',*,*,#3575,.T.);
#4931=ORIENTED_EDGE('',*,*,#3576,.F.);
#4932=ORIENTED_EDGE('',*,*,#3577,.F.);
#4933=ORIENTED_EDGE('',*,*,#3578,.F.);
#4934=ORIENTED_EDGE('',*,*,#3520,.T.);
#4935=ORIENTED_EDGE('',*,*,#3529,.T.);
#4936=ORIENTED_EDGE('',*,*,#3434,.T.);
#4937=ORIENTED_EDGE('',*,*,#3424,.F.);
#4938=ORIENTED_EDGE('',*,*,#3579,.T.);
#4939=ORIENTED_EDGE('',*,*,#3580,.F.);
#4940=ORIENTED_EDGE('',*,*,#3581,.F.);
#4941=ORIENTED_EDGE('',*,*,#3582,.F.);
#4942=ORIENTED_EDGE('',*,*,#3577,.T.);
#4943=ORIENTED_EDGE('',*,*,#3583,.F.);
#4944=ORIENTED_EDGE('',*,*,#3543,.T.);
#4945=ORIENTED_EDGE('',*,*,#3354,.T.);
#4946=ORIENTED_EDGE('',*,*,#3169,.T.);
#4947=ORIENTED_EDGE('',*,*,#3584,.T.);
#4948=ORIENTED_EDGE('',*,*,#3585,.T.);
#4949=ORIENTED_EDGE('',*,*,#3586,.F.);
#4950=ORIENTED_EDGE('',*,*,#3587,.F.);
#4951=ORIENTED_EDGE('',*,*,#3347,.T.);
#4952=ORIENTED_EDGE('',*,*,#3357,.T.);
#4953=ORIENTED_EDGE('',*,*,#3587,.T.);
#4954=ORIENTED_EDGE('',*,*,#3588,.F.);
#4955=ORIENTED_EDGE('',*,*,#2900,.F.);
#4956=ORIENTED_EDGE('',*,*,#3322,.F.);
#4957=ORIENTED_EDGE('',*,*,#3348,.F.);
#4958=ORIENTED_EDGE('',*,*,#3562,.F.);
#4959=ORIENTED_EDGE('',*,*,#3557,.F.);
#4960=ORIENTED_EDGE('',*,*,#3544,.T.);
#4961=ORIENTED_EDGE('',*,*,#3583,.T.);
#4962=ORIENTED_EDGE('',*,*,#3576,.T.);
#4963=ORIENTED_EDGE('',*,*,#3519,.T.);
#4964=ORIENTED_EDGE('',*,*,#3526,.T.);
#4965=ORIENTED_EDGE('',*,*,#3565,.F.);
#4966=ORIENTED_EDGE('',*,*,#3589,.F.);
#4967=ORIENTED_EDGE('',*,*,#3590,.T.);
#4968=ORIENTED_EDGE('',*,*,#3167,.T.);
#4969=ORIENTED_EDGE('',*,*,#2901,.T.);
#4970=ORIENTED_EDGE('',*,*,#3588,.T.);
#4971=ORIENTED_EDGE('',*,*,#3586,.T.);
#4972=ORIENTED_EDGE('',*,*,#3356,.T.);
#4973=ORIENTED_EDGE('',*,*,#3179,.F.);
#4974=ORIENTED_EDGE('',*,*,#3548,.T.);
#4975=ORIENTED_EDGE('',*,*,#3554,.F.);
#4976=ORIENTED_EDGE('',*,*,#3515,.T.);
#4977=ORIENTED_EDGE('',*,*,#2979,.T.);
#4978=ORIENTED_EDGE('',*,*,#3591,.T.);
#4979=ORIENTED_EDGE('',*,*,#3592,.F.);
#4980=ORIENTED_EDGE('',*,*,#3593,.T.);
#4981=ORIENTED_EDGE('',*,*,#3594,.T.);
#4982=ORIENTED_EDGE('',*,*,#3183,.F.);
#4983=ORIENTED_EDGE('',*,*,#3564,.F.);
#4984=ORIENTED_EDGE('',*,*,#3566,.T.);
#4985=ORIENTED_EDGE('',*,*,#3442,.F.);
#4986=ORIENTED_EDGE('',*,*,#3524,.F.);
#4987=ORIENTED_EDGE('',*,*,#3595,.F.);
#4988=ORIENTED_EDGE('',*,*,#3596,.F.);
#4989=ORIENTED_EDGE('',*,*,#3597,.T.);
#4990=ORIENTED_EDGE('',*,*,#2897,.F.);
#4991=ORIENTED_EDGE('',*,*,#3598,.F.);
#4992=ORIENTED_EDGE('',*,*,#3599,.F.);
#4993=ORIENTED_EDGE('',*,*,#3600,.F.);
#4994=ORIENTED_EDGE('',*,*,#3601,.F.);
#4995=ORIENTED_EDGE('',*,*,#3098,.F.);
#4996=ORIENTED_EDGE('',*,*,#3602,.F.);
#4997=ORIENTED_EDGE('',*,*,#3603,.F.);
#4998=ORIENTED_EDGE('',*,*,#3604,.F.);
#4999=ORIENTED_EDGE('',*,*,#3117,.F.);
#5000=ORIENTED_EDGE('',*,*,#3149,.F.);
#5001=ORIENTED_EDGE('',*,*,#3382,.T.);
#5002=ORIENTED_EDGE('',*,*,#3597,.F.);
#5003=ORIENTED_EDGE('',*,*,#3605,.F.);
#5004=ORIENTED_EDGE('',*,*,#3606,.F.);
#5005=ORIENTED_EDGE('',*,*,#3607,.F.);
#5006=ORIENTED_EDGE('',*,*,#3591,.F.);
#5007=ORIENTED_EDGE('',*,*,#3443,.F.);
#5008=ORIENTED_EDGE('',*,*,#3602,.T.);
#5009=ORIENTED_EDGE('',*,*,#3097,.F.);
#5010=ORIENTED_EDGE('',*,*,#3608,.T.);
#5011=ORIENTED_EDGE('',*,*,#3609,.T.);
#5012=ORIENTED_EDGE('',*,*,#3610,.F.);
#5013=ORIENTED_EDGE('',*,*,#3600,.T.);
#5014=ORIENTED_EDGE('',*,*,#3611,.T.);
#5015=ORIENTED_EDGE('',*,*,#3612,.T.);
#5016=ORIENTED_EDGE('',*,*,#3613,.F.);
#5017=ORIENTED_EDGE('',*,*,#3598,.T.);
#5018=ORIENTED_EDGE('',*,*,#2896,.T.);
#5019=ORIENTED_EDGE('',*,*,#3198,.T.);
#5020=ORIENTED_EDGE('',*,*,#3614,.T.);
#5021=ORIENTED_EDGE('',*,*,#3606,.T.);
#5022=ORIENTED_EDGE('',*,*,#3615,.T.);
#5023=ORIENTED_EDGE('',*,*,#3616,.T.);
#5024=ORIENTED_EDGE('',*,*,#3617,.T.);
#5025=ORIENTED_EDGE('',*,*,#3596,.T.);
#5026=ORIENTED_EDGE('',*,*,#3618,.F.);
#5027=ORIENTED_EDGE('',*,*,#3522,.T.);
#5028=ORIENTED_EDGE('',*,*,#3619,.T.);
#5029=ORIENTED_EDGE('',*,*,#3615,.F.);
#5030=ORIENTED_EDGE('',*,*,#3605,.T.);
#5031=ORIENTED_EDGE('',*,*,#3595,.T.);
#5032=ORIENTED_EDGE('',*,*,#3523,.T.);
#5033=ORIENTED_EDGE('',*,*,#3618,.T.);
#5034=ORIENTED_EDGE('',*,*,#3607,.T.);
#5035=ORIENTED_EDGE('',*,*,#3617,.F.);
#5036=ORIENTED_EDGE('',*,*,#3620,.T.);
#5037=ORIENTED_EDGE('',*,*,#3592,.T.);
#5038=ORIENTED_EDGE('',*,*,#3569,.F.);
#5039=ORIENTED_EDGE('',*,*,#3621,.T.);
#5040=ORIENTED_EDGE('',*,*,#3419,.T.);
#5041=ORIENTED_EDGE('',*,*,#3622,.T.);
#5042=ORIENTED_EDGE('',*,*,#3400,.T.);
#5043=ORIENTED_EDGE('',*,*,#3570,.T.);
#5044=ORIENTED_EDGE('',*,*,#3622,.F.);
#5045=ORIENTED_EDGE('',*,*,#3418,.F.);
#5046=ORIENTED_EDGE('',*,*,#3567,.F.);
#5047=ORIENTED_EDGE('',*,*,#3420,.T.);
#5048=ORIENTED_EDGE('',*,*,#3405,.T.);
#5049=ORIENTED_EDGE('',*,*,#3623,.T.);
#5050=ORIENTED_EDGE('',*,*,#3621,.F.);
#5051=ORIENTED_EDGE('',*,*,#3568,.T.);
#5052=ORIENTED_EDGE('',*,*,#3623,.F.);
#5053=ORIENTED_EDGE('',*,*,#3404,.F.);
#5054=ORIENTED_EDGE('',*,*,#3481,.F.);
#5055=ORIENTED_EDGE('',*,*,#3380,.T.);
#5056=ORIENTED_EDGE('',*,*,#3513,.F.);
#5057=ORIENTED_EDGE('',*,*,#3511,.F.);
#5058=ORIENTED_EDGE('',*,*,#3484,.F.);
#5059=ORIENTED_EDGE('',*,*,#3178,.F.);
#5060=ORIENTED_EDGE('',*,*,#3624,.F.);
#5061=ORIENTED_EDGE('',*,*,#3409,.F.);
#5062=ORIENTED_EDGE('',*,*,#3509,.F.);
#5063=ORIENTED_EDGE('',*,*,#3172,.F.);
#5064=ORIENTED_EDGE('',*,*,#3462,.F.);
#5065=ORIENTED_EDGE('',*,*,#3415,.F.);
#5066=ORIENTED_EDGE('',*,*,#3625,.F.);
#5067=ORIENTED_EDGE('',*,*,#3624,.T.);
#5068=ORIENTED_EDGE('',*,*,#3177,.F.);
#5069=ORIENTED_EDGE('',*,*,#3626,.F.);
#5070=ORIENTED_EDGE('',*,*,#3410,.T.);
#5071=ORIENTED_EDGE('',*,*,#3625,.T.);
#5072=ORIENTED_EDGE('',*,*,#3414,.T.);
#5073=ORIENTED_EDGE('',*,*,#3627,.F.);
#5074=ORIENTED_EDGE('',*,*,#3173,.F.);
#5075=ORIENTED_EDGE('',*,*,#3207,.F.);
#5076=ORIENTED_EDGE('',*,*,#3628,.T.);
#5077=ORIENTED_EDGE('',*,*,#3629,.T.);
#5078=ORIENTED_EDGE('',*,*,#3574,.F.);
#5079=ORIENTED_EDGE('',*,*,#3210,.F.);
#5080=ORIENTED_EDGE('',*,*,#3630,.T.);
#5081=ORIENTED_EDGE('',*,*,#3631,.T.);
#5082=ORIENTED_EDGE('',*,*,#3628,.F.);
#5083=ORIENTED_EDGE('',*,*,#3209,.F.);
#5084=ORIENTED_EDGE('',*,*,#3573,.T.);
#5085=ORIENTED_EDGE('',*,*,#3632,.T.);
#5086=ORIENTED_EDGE('',*,*,#3630,.F.);
#5087=ORIENTED_EDGE('',*,*,#3575,.F.);
#5088=ORIENTED_EDGE('',*,*,#3629,.F.);
#5089=ORIENTED_EDGE('',*,*,#3631,.F.);
#5090=ORIENTED_EDGE('',*,*,#3632,.F.);
#5091=ORIENTED_EDGE('',*,*,#3176,.T.);
#5092=ORIENTED_EDGE('',*,*,#3633,.T.);
#5093=ORIENTED_EDGE('',*,*,#3411,.T.);
#5094=ORIENTED_EDGE('',*,*,#3626,.T.);
#5095=ORIENTED_EDGE('',*,*,#3633,.F.);
#5096=ORIENTED_EDGE('',*,*,#3175,.F.);
#5097=ORIENTED_EDGE('',*,*,#3634,.F.);
#5098=ORIENTED_EDGE('',*,*,#3412,.T.);
#5099=ORIENTED_EDGE('',*,*,#3413,.T.);
#5100=ORIENTED_EDGE('',*,*,#3634,.T.);
#5101=ORIENTED_EDGE('',*,*,#3174,.T.);
#5102=ORIENTED_EDGE('',*,*,#3627,.T.);
#5103=ORIENTED_EDGE('',*,*,#3553,.F.);
#5104=ORIENTED_EDGE('',*,*,#3635,.F.);
#5105=ORIENTED_EDGE('',*,*,#3560,.F.);
#5106=ORIENTED_EDGE('',*,*,#3181,.F.);
#5107=ORIENTED_EDGE('',*,*,#3584,.F.);
#5108=ORIENTED_EDGE('',*,*,#3168,.F.);
#5109=ORIENTED_EDGE('',*,*,#3590,.F.);
#5110=ORIENTED_EDGE('',*,*,#3636,.F.);
#5111=ORIENTED_EDGE('',*,*,#3636,.T.);
#5112=ORIENTED_EDGE('',*,*,#3589,.T.);
#5113=ORIENTED_EDGE('',*,*,#3355,.T.);
#5114=ORIENTED_EDGE('',*,*,#3585,.F.);
#5115=ORIENTED_EDGE('',*,*,#3635,.T.);
#5116=ORIENTED_EDGE('',*,*,#3552,.T.);
#5117=ORIENTED_EDGE('',*,*,#3559,.T.);
#5118=ORIENTED_EDGE('',*,*,#3561,.T.);
#5119=ORIENTED_EDGE('',*,*,#3571,.T.);
#5120=ORIENTED_EDGE('',*,*,#3637,.T.);
#5121=ORIENTED_EDGE('',*,*,#3638,.T.);
#5122=ORIENTED_EDGE('',*,*,#3637,.F.);
#5123=ORIENTED_EDGE('',*,*,#3638,.F.);
#5124=ORIENTED_EDGE('',*,*,#3639,.F.);
#5125=ORIENTED_EDGE('',*,*,#3572,.T.);
#5126=ORIENTED_EDGE('',*,*,#3640,.T.);
#5127=ORIENTED_EDGE('',*,*,#3641,.T.);
#5128=ORIENTED_EDGE('',*,*,#3640,.F.);
#5129=ORIENTED_EDGE('',*,*,#3641,.F.);
#5130=ORIENTED_EDGE('',*,*,#3642,.F.);
#5131=ORIENTED_EDGE('',*,*,#3427,.F.);
#5132=ORIENTED_EDGE('',*,*,#3537,.F.);
#5133=ORIENTED_EDGE('',*,*,#3643,.F.);
#5134=ORIENTED_EDGE('',*,*,#3579,.F.);
#5135=ORIENTED_EDGE('',*,*,#3423,.F.);
#5136=ORIENTED_EDGE('',*,*,#3581,.T.);
#5137=ORIENTED_EDGE('',*,*,#3644,.F.);
#5138=ORIENTED_EDGE('',*,*,#3645,.T.);
#5139=ORIENTED_EDGE('',*,*,#3646,.T.);
#5140=ORIENTED_EDGE('',*,*,#3580,.T.);
#5141=ORIENTED_EDGE('',*,*,#3643,.T.);
#5142=ORIENTED_EDGE('',*,*,#3536,.T.);
#5143=ORIENTED_EDGE('',*,*,#3647,.T.);
#5144=ORIENTED_EDGE('',*,*,#3644,.T.);
#5145=ORIENTED_EDGE('',*,*,#3535,.T.);
#5146=ORIENTED_EDGE('',*,*,#3648,.T.);
#5147=ORIENTED_EDGE('',*,*,#3645,.F.);
#5148=ORIENTED_EDGE('',*,*,#3647,.F.);
#5149=ORIENTED_EDGE('',*,*,#3649,.T.);
#5150=ORIENTED_EDGE('',*,*,#3650,.T.);
#5151=ORIENTED_EDGE('',*,*,#3262,.T.);
#5152=ORIENTED_EDGE('',*,*,#3651,.T.);
#5153=ORIENTED_EDGE('',*,*,#3652,.F.);
#5154=ORIENTED_EDGE('',*,*,#3651,.F.);
#5155=ORIENTED_EDGE('',*,*,#3649,.F.);
#5156=ORIENTED_EDGE('',*,*,#3653,.T.);
#5157=ORIENTED_EDGE('',*,*,#3654,.T.);
#5158=ORIENTED_EDGE('',*,*,#3653,.F.);
#5159=ORIENTED_EDGE('',*,*,#3650,.F.);
#5160=ORIENTED_EDGE('',*,*,#3655,.T.);
#5161=ORIENTED_EDGE('',*,*,#3656,.T.);
#5162=ORIENTED_EDGE('',*,*,#3655,.F.);
#5163=ORIENTED_EDGE('',*,*,#3657,.T.);
#5164=ORIENTED_EDGE('',*,*,#3652,.T.);
#5165=ORIENTED_EDGE('',*,*,#3642,.T.);
#5166=ORIENTED_EDGE('',*,*,#3658,.T.);
#5167=ORIENTED_EDGE('',*,*,#3659,.F.);
#5168=ORIENTED_EDGE('',*,*,#3658,.F.);
#5169=ORIENTED_EDGE('',*,*,#3639,.T.);
#5170=ORIENTED_EDGE('',*,*,#3660,.T.);
#5171=ORIENTED_EDGE('',*,*,#3661,.F.);
#5172=ORIENTED_EDGE('',*,*,#3660,.F.);
#5173=ORIENTED_EDGE('',*,*,#3662,.F.);
#5174=ORIENTED_EDGE('',*,*,#3654,.F.);
#5175=ORIENTED_EDGE('',*,*,#3663,.F.);
#5176=ORIENTED_EDGE('',*,*,#3656,.F.);
#5177=ORIENTED_EDGE('',*,*,#3041,.T.);
#5178=ORIENTED_EDGE('',*,*,#3664,.T.);
#5179=ORIENTED_EDGE('',*,*,#3056,.T.);
#5180=ORIENTED_EDGE('',*,*,#3665,.T.);
#5181=ORIENTED_EDGE('',*,*,#3666,.T.);
#5182=ORIENTED_EDGE('',*,*,#3667,.T.);
#5183=ORIENTED_EDGE('',*,*,#3063,.T.);
#5184=ORIENTED_EDGE('',*,*,#3029,.T.);
#5185=ORIENTED_EDGE('',*,*,#3668,.T.);
#5186=ORIENTED_EDGE('',*,*,#3049,.T.);
#5187=ORIENTED_EDGE('',*,*,#3028,.T.);
#5188=ORIENTED_EDGE('',*,*,#3669,.F.);
#5189=ORIENTED_EDGE('',*,*,#3050,.F.);
#5190=ORIENTED_EDGE('',*,*,#3668,.F.);
#5191=ORIENTED_EDGE('',*,*,#3027,.T.);
#5192=ORIENTED_EDGE('',*,*,#3670,.T.);
#5193=ORIENTED_EDGE('',*,*,#3051,.T.);
#5194=ORIENTED_EDGE('',*,*,#3669,.T.);
#5195=ORIENTED_EDGE('',*,*,#3670,.F.);
#5196=ORIENTED_EDGE('',*,*,#3026,.T.);
#5197=ORIENTED_EDGE('',*,*,#3671,.T.);
#5198=ORIENTED_EDGE('',*,*,#3052,.T.);
#5199=ORIENTED_EDGE('',*,*,#3672,.F.);
#5200=ORIENTED_EDGE('',*,*,#3127,.F.);
#5201=ORIENTED_EDGE('',*,*,#3673,.T.);
#5202=ORIENTED_EDGE('',*,*,#3657,.F.);
#5203=ORIENTED_EDGE('',*,*,#3673,.F.);
#5204=ORIENTED_EDGE('',*,*,#3126,.F.);
#5205=ORIENTED_EDGE('',*,*,#3674,.F.);
#5206=ORIENTED_EDGE('',*,*,#3675,.F.);
#5207=ORIENTED_EDGE('',*,*,#3675,.T.);
#5208=ORIENTED_EDGE('',*,*,#3676,.F.);
#5209=ORIENTED_EDGE('',*,*,#3677,.F.);
#5210=ORIENTED_EDGE('',*,*,#3678,.T.);
#5211=ORIENTED_EDGE('',*,*,#3023,.T.);
#5212=ORIENTED_EDGE('',*,*,#3128,.F.);
#5213=ORIENTED_EDGE('',*,*,#3672,.T.);
#5214=ORIENTED_EDGE('',*,*,#3678,.F.);
#5215=ORIENTED_EDGE('',*,*,#3679,.F.);
#5216=ORIENTED_EDGE('',*,*,#3053,.T.);
#5217=ORIENTED_EDGE('',*,*,#3671,.F.);
#5218=ORIENTED_EDGE('',*,*,#3025,.F.);
#5219=ORIENTED_EDGE('',*,*,#3680,.F.);
#5220=ORIENTED_EDGE('',*,*,#3681,.T.);
#5221=ORIENTED_EDGE('',*,*,#3665,.F.);
#5222=ORIENTED_EDGE('',*,*,#3055,.T.);
#5223=ORIENTED_EDGE('',*,*,#3682,.F.);
#5224=ORIENTED_EDGE('',*,*,#3683,.T.);
#5225=ORIENTED_EDGE('',*,*,#3659,.T.);
#5226=ORIENTED_EDGE('',*,*,#3684,.T.);
#5227=ORIENTED_EDGE('',*,*,#3661,.T.);
#5228=ORIENTED_EDGE('',*,*,#3685,.F.);
#5229=ORIENTED_EDGE('',*,*,#3457,.F.);
#5230=ORIENTED_EDGE('',*,*,#3020,.T.);
#5231=ORIENTED_EDGE('',*,*,#3686,.T.);
#5232=ORIENTED_EDGE('',*,*,#3662,.T.);
#5233=ORIENTED_EDGE('',*,*,#3686,.F.);
#5234=ORIENTED_EDGE('',*,*,#3687,.T.);
#5235=ORIENTED_EDGE('',*,*,#3688,.F.);
#5236=ORIENTED_EDGE('',*,*,#3689,.T.);
#5237=ORIENTED_EDGE('',*,*,#3145,.F.);
#5238=ORIENTED_EDGE('',*,*,#3146,.F.);
#5239=ORIENTED_EDGE('',*,*,#3689,.F.);
#5240=ORIENTED_EDGE('',*,*,#3369,.F.);
#5241=ORIENTED_EDGE('',*,*,#3445,.T.);
#5242=ORIENTED_EDGE('',*,*,#3446,.F.);
#5243=ORIENTED_EDGE('',*,*,#2946,.F.);
#5244=ORIENTED_EDGE('',*,*,#2953,.F.);
#5245=ORIENTED_EDGE('',*,*,#2892,.T.);
#5246=ORIENTED_EDGE('',*,*,#3690,.T.);
#5247=ORIENTED_EDGE('',*,*,#3663,.T.);
#5248=ORIENTED_EDGE('',*,*,#3690,.F.);
#5249=ORIENTED_EDGE('',*,*,#3141,.T.);
#5250=ORIENTED_EDGE('',*,*,#2889,.T.);
#5251=ORIENTED_EDGE('',*,*,#3691,.F.);
#5252=ORIENTED_EDGE('',*,*,#3692,.F.);
#5253=ORIENTED_EDGE('',*,*,#3687,.F.);
#5254=ORIENTED_EDGE('',*,*,#3144,.F.);
#5255=ORIENTED_EDGE('',*,*,#3693,.F.);
#5256=ORIENTED_EDGE('',*,*,#2887,.F.);
#5257=ORIENTED_EDGE('',*,*,#3694,.T.);
#5258=ORIENTED_EDGE('',*,*,#3666,.F.);
#5259=ORIENTED_EDGE('',*,*,#3681,.F.);
#5260=ORIENTED_EDGE('',*,*,#3695,.F.);
#5261=ORIENTED_EDGE('',*,*,#3694,.F.);
#5262=ORIENTED_EDGE('',*,*,#2886,.F.);
#5263=ORIENTED_EDGE('',*,*,#3042,.F.);
#5264=ORIENTED_EDGE('',*,*,#3667,.F.);
#5265=ORIENTED_EDGE('',*,*,#3696,.T.);
#5266=ORIENTED_EDGE('',*,*,#3697,.F.);
#5267=ORIENTED_EDGE('',*,*,#3698,.F.);
#5268=ORIENTED_EDGE('',*,*,#3699,.T.);
#5269=ORIENTED_EDGE('',*,*,#3387,.F.);
#5270=ORIENTED_EDGE('',*,*,#3700,.F.);
#5271=ORIENTED_EDGE('',*,*,#3701,.F.);
#5272=ORIENTED_EDGE('',*,*,#3500,.T.);
#5273=ORIENTED_EDGE('',*,*,#3264,.F.);
#5274=ORIENTED_EDGE('',*,*,#3702,.F.);
#5275=ORIENTED_EDGE('',*,*,#3703,.F.);
#5276=ORIENTED_EDGE('',*,*,#3700,.T.);
#5277=ORIENTED_EDGE('',*,*,#3389,.F.);
#5278=ORIENTED_EDGE('',*,*,#3499,.F.);
#5279=ORIENTED_EDGE('',*,*,#3704,.F.);
#5280=ORIENTED_EDGE('',*,*,#3702,.T.);
#5281=ORIENTED_EDGE('',*,*,#3705,.F.);
#5282=ORIENTED_EDGE('',*,*,#3706,.T.);
#5283=ORIENTED_EDGE('',*,*,#3707,.T.);
#5284=ORIENTED_EDGE('',*,*,#3708,.T.);
#5285=ORIENTED_EDGE('',*,*,#3008,.F.);
#5286=ORIENTED_EDGE('',*,*,#3057,.F.);
#5287=ORIENTED_EDGE('',*,*,#3664,.F.);
#5288=ORIENTED_EDGE('',*,*,#3040,.F.);
#5289=ORIENTED_EDGE('',*,*,#3709,.T.);
#5290=ORIENTED_EDGE('',*,*,#3036,.F.);
#5291=ORIENTED_EDGE('',*,*,#3676,.T.);
#5292=ORIENTED_EDGE('',*,*,#3674,.T.);
#5293=ORIENTED_EDGE('',*,*,#3125,.F.);
#5294=ORIENTED_EDGE('',*,*,#3004,.F.);
#5295=ORIENTED_EDGE('',*,*,#3037,.F.);
#5296=ORIENTED_EDGE('',*,*,#3709,.F.);
#5297=ORIENTED_EDGE('',*,*,#3124,.F.);
#5298=ORIENTED_EDGE('',*,*,#3021,.T.);
#5299=ORIENTED_EDGE('',*,*,#3367,.T.);
#5300=ORIENTED_EDGE('',*,*,#3710,.T.);
#5301=ORIENTED_EDGE('',*,*,#3711,.T.);
#5302=ORIENTED_EDGE('',*,*,#3350,.T.);
#5303=ORIENTED_EDGE('',*,*,#3712,.T.);
#5304=ORIENTED_EDGE('',*,*,#3710,.F.);
#5305=ORIENTED_EDGE('',*,*,#3366,.F.);
#5306=ORIENTED_EDGE('',*,*,#3713,.T.);
#5307=ORIENTED_EDGE('',*,*,#3714,.T.);
#5308=ORIENTED_EDGE('',*,*,#3713,.F.);
#5309=ORIENTED_EDGE('',*,*,#3365,.T.);
#5310=ORIENTED_EDGE('',*,*,#3715,.T.);
#5311=ORIENTED_EDGE('',*,*,#3716,.T.);
#5312=ORIENTED_EDGE('',*,*,#3715,.F.);
#5313=ORIENTED_EDGE('',*,*,#3364,.F.);
#5314=ORIENTED_EDGE('',*,*,#3717,.T.);
#5315=ORIENTED_EDGE('',*,*,#3035,.F.);
#5316=ORIENTED_EDGE('',*,*,#3360,.F.);
#5317=ORIENTED_EDGE('',*,*,#3718,.T.);
#5318=ORIENTED_EDGE('',*,*,#3677,.T.);
#5319=ORIENTED_EDGE('',*,*,#3691,.T.);
#5320=ORIENTED_EDGE('',*,*,#2888,.T.);
#5321=ORIENTED_EDGE('',*,*,#3693,.T.);
#5322=ORIENTED_EDGE('',*,*,#3695,.T.);
#5323=ORIENTED_EDGE('',*,*,#3682,.T.);
#5324=ORIENTED_EDGE('',*,*,#3054,.T.);
#5325=ORIENTED_EDGE('',*,*,#3680,.T.);
#5326=ORIENTED_EDGE('',*,*,#3024,.T.);
#5327=ORIENTED_EDGE('',*,*,#3679,.T.);
#5328=ORIENTED_EDGE('',*,*,#3718,.F.);
#5329=ORIENTED_EDGE('',*,*,#3359,.F.);
#5330=ORIENTED_EDGE('',*,*,#3370,.T.);
#5331=ORIENTED_EDGE('',*,*,#3688,.T.);
#5332=ORIENTED_EDGE('',*,*,#3692,.T.);
#5333=ORIENTED_EDGE('',*,*,#3719,.T.);
#5334=ORIENTED_EDGE('',*,*,#3717,.F.);
#5335=ORIENTED_EDGE('',*,*,#3363,.F.);
#5336=ORIENTED_EDGE('',*,*,#3556,.T.);
#5337=ORIENTED_EDGE('',*,*,#3711,.F.);
#5338=ORIENTED_EDGE('',*,*,#3712,.F.);
#5339=ORIENTED_EDGE('',*,*,#3714,.F.);
#5340=ORIENTED_EDGE('',*,*,#3716,.F.);
#5341=ORIENTED_EDGE('',*,*,#3719,.F.);
#5342=ORIENTED_EDGE('',*,*,#3555,.T.);
#5343=ORIENTED_EDGE('',*,*,#3501,.T.);
#5344=ORIENTED_EDGE('',*,*,#3701,.T.);
#5345=ORIENTED_EDGE('',*,*,#3703,.T.);
#5346=ORIENTED_EDGE('',*,*,#3704,.T.);
#5347=ORIENTED_EDGE('',*,*,#3498,.T.);
#5348=ORIENTED_EDGE('',*,*,#3351,.T.);
#5349=ORIENTED_EDGE('',*,*,#3212,.T.);
#5350=ORIENTED_EDGE('',*,*,#3720,.T.);
#5351=ORIENTED_EDGE('',*,*,#3683,.F.);
#5352=ORIENTED_EDGE('',*,*,#3720,.F.);
#5353=ORIENTED_EDGE('',*,*,#3213,.T.);
#5354=ORIENTED_EDGE('',*,*,#3721,.T.);
#5355=ORIENTED_EDGE('',*,*,#3684,.F.);
#5356=ORIENTED_EDGE('',*,*,#3721,.F.);
#5357=ORIENTED_EDGE('',*,*,#3211,.T.);
#5358=ORIENTED_EDGE('',*,*,#3722,.T.);
#5359=ORIENTED_EDGE('',*,*,#3685,.T.);
#5360=ORIENTED_EDGE('',*,*,#3722,.F.);
#5361=ORIENTED_EDGE('',*,*,#3043,.T.);
#5362=ORIENTED_EDGE('',*,*,#2884,.T.);
#5363=ORIENTED_EDGE('',*,*,#2992,.F.);
#5364=ORIENTED_EDGE('',*,*,#3723,.F.);
#5365=ORIENTED_EDGE('',*,*,#3044,.T.);
#5366=ORIENTED_EDGE('',*,*,#3723,.T.);
#5367=ORIENTED_EDGE('',*,*,#2991,.F.);
#5368=ORIENTED_EDGE('',*,*,#3724,.F.);
#5369=ORIENTED_EDGE('',*,*,#3045,.T.);
#5370=ORIENTED_EDGE('',*,*,#3724,.T.);
#5371=ORIENTED_EDGE('',*,*,#2990,.F.);
#5372=ORIENTED_EDGE('',*,*,#3725,.F.);
#5373=ORIENTED_EDGE('',*,*,#2989,.F.);
#5374=ORIENTED_EDGE('',*,*,#3039,.F.);
#5375=ORIENTED_EDGE('',*,*,#3046,.T.);
#5376=ORIENTED_EDGE('',*,*,#3725,.T.);
#5377=ORIENTED_EDGE('',*,*,#3707,.F.);
#5378=ORIENTED_EDGE('',*,*,#3726,.F.);
#5379=ORIENTED_EDGE('',*,*,#3000,.T.);
#5380=ORIENTED_EDGE('',*,*,#3727,.T.);
#5381=ORIENTED_EDGE('',*,*,#3728,.T.);
#5382=ORIENTED_EDGE('',*,*,#3729,.F.);
#5383=ORIENTED_EDGE('',*,*,#3696,.F.);
#5384=ORIENTED_EDGE('',*,*,#3730,.F.);
#5385=ORIENTED_EDGE('',*,*,#3731,.T.);
#5386=ORIENTED_EDGE('',*,*,#3732,.T.);
#5387=ORIENTED_EDGE('',*,*,#3733,.T.);
#5388=ORIENTED_EDGE('',*,*,#3730,.T.);
#5389=ORIENTED_EDGE('',*,*,#3699,.F.);
#5390=ORIENTED_EDGE('',*,*,#3734,.F.);
#5391=ORIENTED_EDGE('',*,*,#3729,.T.);
#5392=ORIENTED_EDGE('',*,*,#3735,.F.);
#5393=ORIENTED_EDGE('',*,*,#3609,.F.);
#5394=ORIENTED_EDGE('',*,*,#3736,.T.);
#5395=ORIENTED_EDGE('',*,*,#3737,.T.);
#5396=ORIENTED_EDGE('',*,*,#3697,.T.);
#5397=ORIENTED_EDGE('',*,*,#3698,.T.);
#5398=ORIENTED_EDGE('',*,*,#3737,.F.);
#5399=ORIENTED_EDGE('',*,*,#3738,.T.);
#5400=ORIENTED_EDGE('',*,*,#3734,.T.);
#5401=ORIENTED_EDGE('',*,*,#3108,.F.);
#5402=ORIENTED_EDGE('',*,*,#3739,.T.);
#5403=ORIENTED_EDGE('',*,*,#3708,.F.);
#5404=ORIENTED_EDGE('',*,*,#3727,.F.);
#5405=ORIENTED_EDGE('',*,*,#2999,.F.);
#5406=ORIENTED_EDGE('',*,*,#3740,.F.);
#5407=ORIENTED_EDGE('',*,*,#3107,.F.);
#5408=ORIENTED_EDGE('',*,*,#3741,.T.);
#5409=ORIENTED_EDGE('',*,*,#3705,.T.);
#5410=ORIENTED_EDGE('',*,*,#3739,.F.);
#5411=ORIENTED_EDGE('',*,*,#3106,.F.);
#5412=ORIENTED_EDGE('',*,*,#3061,.T.);
#5413=ORIENTED_EDGE('',*,*,#3001,.T.);
#5414=ORIENTED_EDGE('',*,*,#3726,.T.);
#5415=ORIENTED_EDGE('',*,*,#3706,.F.);
#5416=ORIENTED_EDGE('',*,*,#3741,.F.);
#5417=ORIENTED_EDGE('',*,*,#3016,.F.);
#5418=ORIENTED_EDGE('',*,*,#3161,.F.);
#5419=ORIENTED_EDGE('',*,*,#3742,.F.);
#5420=ORIENTED_EDGE('',*,*,#3155,.F.);
#5421=ORIENTED_EDGE('',*,*,#3257,.T.);
#5422=ORIENTED_EDGE('',*,*,#3743,.T.);
#5423=ORIENTED_EDGE('',*,*,#3744,.T.);
#5424=ORIENTED_EDGE('',*,*,#3745,.T.);
#5425=ORIENTED_EDGE('',*,*,#3746,.F.);
#5426=ORIENTED_EDGE('',*,*,#3747,.F.);
#5427=ORIENTED_EDGE('',*,*,#3196,.F.);
#5428=ORIENTED_EDGE('',*,*,#3258,.F.);
#5429=ORIENTED_EDGE('',*,*,#3745,.F.);
#5430=ORIENTED_EDGE('',*,*,#3160,.F.);
#5431=ORIENTED_EDGE('',*,*,#3748,.F.);
#5432=ORIENTED_EDGE('',*,*,#3156,.F.);
#5433=ORIENTED_EDGE('',*,*,#3742,.T.);
#5434=ORIENTED_EDGE('',*,*,#3749,.F.);
#5435=ORIENTED_EDGE('',*,*,#3743,.F.);
#5436=ORIENTED_EDGE('',*,*,#3256,.F.);
#5437=ORIENTED_EDGE('',*,*,#3184,.F.);
#5438=ORIENTED_EDGE('',*,*,#3594,.F.);
#5439=ORIENTED_EDGE('',*,*,#3750,.T.);
#5440=ORIENTED_EDGE('',*,*,#3751,.T.);
#5441=ORIENTED_EDGE('',*,*,#3158,.F.);
#5442=ORIENTED_EDGE('',*,*,#3101,.F.);
#5443=ORIENTED_EDGE('',*,*,#3752,.F.);
#5444=ORIENTED_EDGE('',*,*,#3753,.T.);
#5445=ORIENTED_EDGE('',*,*,#3750,.F.);
#5446=ORIENTED_EDGE('',*,*,#3100,.F.);
#5447=ORIENTED_EDGE('',*,*,#3601,.T.);
#5448=ORIENTED_EDGE('',*,*,#3613,.T.);
#5449=ORIENTED_EDGE('',*,*,#3754,.T.);
#5450=ORIENTED_EDGE('',*,*,#3752,.T.);
#5451=ORIENTED_EDGE('',*,*,#3099,.T.);
#5452=ORIENTED_EDGE('',*,*,#3599,.T.);
#5453=ORIENTED_EDGE('',*,*,#3614,.F.);
#5454=ORIENTED_EDGE('',*,*,#3197,.F.);
#5455=ORIENTED_EDGE('',*,*,#3747,.T.);
#5456=ORIENTED_EDGE('',*,*,#3755,.T.);
#5457=ORIENTED_EDGE('',*,*,#3611,.F.);
#5458=ORIENTED_EDGE('',*,*,#3011,.F.);
#5459=ORIENTED_EDGE('',*,*,#2995,.F.);
#5460=ORIENTED_EDGE('',*,*,#3112,.F.);
#5461=ORIENTED_EDGE('',*,*,#2996,.T.);
#5462=ORIENTED_EDGE('',*,*,#3109,.F.);
#5463=ORIENTED_EDGE('',*,*,#3740,.T.);
#5464=ORIENTED_EDGE('',*,*,#2998,.F.);
#5465=ORIENTED_EDGE('',*,*,#3123,.F.);
#5466=ORIENTED_EDGE('',*,*,#3084,.T.);
#5467=ORIENTED_EDGE('',*,*,#3111,.T.);
#5468=ORIENTED_EDGE('',*,*,#3122,.T.);
#5469=ORIENTED_EDGE('',*,*,#3756,.T.);
#5470=ORIENTED_EDGE('',*,*,#3757,.F.);
#5471=ORIENTED_EDGE('',*,*,#3085,.F.);
#5472=ORIENTED_EDGE('',*,*,#3756,.F.);
#5473=ORIENTED_EDGE('',*,*,#3121,.F.);
#5474=ORIENTED_EDGE('',*,*,#3120,.T.);
#5475=ORIENTED_EDGE('',*,*,#3758,.T.);
#5476=ORIENTED_EDGE('',*,*,#3086,.T.);
#5477=ORIENTED_EDGE('',*,*,#3757,.T.);
#5478=ORIENTED_EDGE('',*,*,#3604,.T.);
#5479=ORIENTED_EDGE('',*,*,#3759,.F.);
#5480=ORIENTED_EDGE('',*,*,#3732,.F.);
#5481=ORIENTED_EDGE('',*,*,#3760,.T.);
#5482=ORIENTED_EDGE('',*,*,#3118,.F.);
#5483=ORIENTED_EDGE('',*,*,#3603,.T.);
#5484=ORIENTED_EDGE('',*,*,#3610,.T.);
#5485=ORIENTED_EDGE('',*,*,#3735,.T.);
#5486=ORIENTED_EDGE('',*,*,#3728,.F.);
#5487=ORIENTED_EDGE('',*,*,#3733,.F.);
#5488=ORIENTED_EDGE('',*,*,#3759,.T.);
#5489=ORIENTED_EDGE('',*,*,#3738,.F.);
#5490=ORIENTED_EDGE('',*,*,#3736,.F.);
#5491=ORIENTED_EDGE('',*,*,#3608,.F.);
#5492=ORIENTED_EDGE('',*,*,#3096,.F.);
#5493=ORIENTED_EDGE('',*,*,#3761,.F.);
#5494=ORIENTED_EDGE('',*,*,#3087,.F.);
#5495=ORIENTED_EDGE('',*,*,#3758,.F.);
#5496=ORIENTED_EDGE('',*,*,#3119,.F.);
#5497=ORIENTED_EDGE('',*,*,#3760,.F.);
#5498=ORIENTED_EDGE('',*,*,#3731,.F.);
#5499=ORIENTED_EDGE('',*,*,#3095,.T.);
#5500=ORIENTED_EDGE('',*,*,#3762,.T.);
#5501=ORIENTED_EDGE('',*,*,#3088,.T.);
#5502=ORIENTED_EDGE('',*,*,#3761,.T.);
#5503=ORIENTED_EDGE('',*,*,#3763,.F.);
#5504=ORIENTED_EDGE('',*,*,#3089,.F.);
#5505=ORIENTED_EDGE('',*,*,#3762,.F.);
#5506=ORIENTED_EDGE('',*,*,#3094,.F.);
#5507=ORIENTED_EDGE('',*,*,#3093,.T.);
#5508=ORIENTED_EDGE('',*,*,#3105,.T.);
#5509=ORIENTED_EDGE('',*,*,#3090,.T.);
#5510=ORIENTED_EDGE('',*,*,#3763,.T.);
#5511=ORIENTED_EDGE('',*,*,#3068,.F.);
#5512=ORIENTED_EDGE('',*,*,#2971,.T.);
#5513=ORIENTED_EDGE('',*,*,#2961,.F.);
#5514=ORIENTED_EDGE('',*,*,#3441,.F.);
#5515=ORIENTED_EDGE('',*,*,#3438,.F.);
#5516=ORIENTED_EDGE('',*,*,#3542,.F.);
#5517=ORIENTED_EDGE('',*,*,#3129,.T.);
#5518=ORIENTED_EDGE('',*,*,#3764,.T.);
#5519=ORIENTED_EDGE('',*,*,#3765,.F.);
#5520=ORIENTED_EDGE('',*,*,#3748,.T.);
#5521=ORIENTED_EDGE('',*,*,#3159,.F.);
#5522=ORIENTED_EDGE('',*,*,#3751,.F.);
#5523=ORIENTED_EDGE('',*,*,#3753,.F.);
#5524=ORIENTED_EDGE('',*,*,#3754,.F.);
#5525=ORIENTED_EDGE('',*,*,#3612,.F.);
#5526=ORIENTED_EDGE('',*,*,#3755,.F.);
#5527=ORIENTED_EDGE('',*,*,#3746,.T.);
#5528=ORIENTED_EDGE('',*,*,#3744,.F.);
#5529=ORIENTED_EDGE('',*,*,#3749,.T.);
#5530=ORIENTED_EDGE('',*,*,#3593,.F.);
#5531=ORIENTED_EDGE('',*,*,#3620,.F.);
#5532=ORIENTED_EDGE('',*,*,#3616,.F.);
#5533=ORIENTED_EDGE('',*,*,#3619,.F.);
#5534=ORIENTED_EDGE('',*,*,#3521,.T.);
#5535=ORIENTED_EDGE('',*,*,#3578,.T.);
#5536=ORIENTED_EDGE('',*,*,#3582,.T.);
#5537=ORIENTED_EDGE('',*,*,#3646,.F.);
#5538=ORIENTED_EDGE('',*,*,#3648,.F.);
#5539=ORIENTED_EDGE('',*,*,#3534,.F.);
#5540=ORIENTED_EDGE('',*,*,#3764,.F.);
#5541=ORIENTED_EDGE('',*,*,#3533,.T.);
#5542=ORIENTED_EDGE('',*,*,#3766,.F.);
#5543=ORIENTED_EDGE('',*,*,#3767,.F.);
#5544=ORIENTED_EDGE('',*,*,#3766,.T.);
#5545=ORIENTED_EDGE('',*,*,#3532,.T.);
#5546=ORIENTED_EDGE('',*,*,#3539,.T.);
#5547=ORIENTED_EDGE('',*,*,#3768,.T.);
#5548=ORIENTED_EDGE('',*,*,#3527,.T.);
#5549=ORIENTED_EDGE('',*,*,#3440,.F.);
#5550=ORIENTED_EDGE('',*,*,#2973,.T.);
#5551=ORIENTED_EDGE('',*,*,#3067,.F.);
#5552=ORIENTED_EDGE('',*,*,#3157,.F.);
#5553=ORIENTED_EDGE('',*,*,#3765,.T.);
#5554=ORIENTED_EDGE('',*,*,#3767,.T.);
#5555=ORIENTED_EDGE('',*,*,#3768,.F.);
#5556=ORIENTED_EDGE('',*,*,#3538,.F.);
#5557=PLANE('',#6075);
#5558=PLANE('',#6078);
#5559=PLANE('',#6085);
#5560=PLANE('',#6088);
#5561=PLANE('',#6102);
#5562=PLANE('',#6103);
#5563=PLANE('',#6104);
#5564=PLANE('',#6105);
#5565=PLANE('',#6109);
#5566=PLANE('',#6120);
#5567=PLANE('',#6124);
#5568=PLANE('',#6126);
#5569=PLANE('',#6127);
#5570=PLANE('',#6128);
#5571=PLANE('',#6130);
#5572=PLANE('',#6136);
#5573=PLANE('',#6137);
#5574=PLANE('',#6138);
#5575=PLANE('',#6139);
#5576=PLANE('',#6140);
#5577=PLANE('',#6141);
#5578=PLANE('',#6142);
#5579=PLANE('',#6143);
#5580=PLANE('',#6146);
#5581=PLANE('',#6155);
#5582=PLANE('',#6156);
#5583=PLANE('',#6163);
#5584=PLANE('',#6165);
#5585=PLANE('',#6171);
#5586=PLANE('',#6175);
#5587=PLANE('',#6180);
#5588=PLANE('',#6184);
#5589=PLANE('',#6197);
#5590=PLANE('',#6202);
#5591=PLANE('',#6210);
#5592=PLANE('',#6211);
#5593=PLANE('',#6212);
#5594=PLANE('',#6213);
#5595=PLANE('',#6214);
#5596=PLANE('',#6215);
#5597=PLANE('',#6216);
#5598=PLANE('',#6217);
#5599=PLANE('',#6218);
#5600=PLANE('',#6219);
#5601=PLANE('',#6220);
#5602=PLANE('',#6221);
#5603=PLANE('',#6222);
#5604=PLANE('',#6223);
#5605=PLANE('',#6224);
#5606=PLANE('',#6225);
#5607=PLANE('',#6226);
#5608=PLANE('',#6227);
#5609=PLANE('',#6228);
#5610=PLANE('',#6229);
#5611=PLANE('',#6230);
#5612=PLANE('',#6231);
#5613=PLANE('',#6232);
#5614=PLANE('',#6238);
#5615=PLANE('',#6239);
#5616=PLANE('',#6240);
#5617=PLANE('',#6243);
#5618=PLANE('',#6248);
#5619=PLANE('',#6254);
#5620=PLANE('',#6258);
#5621=PLANE('',#6260);
#5622=PLANE('',#6262);
#5623=PLANE('',#6263);
#5624=PLANE('',#6264);
#5625=PLANE('',#6266);
#5626=PLANE('',#6278);
#5627=PLANE('',#6279);
#5628=PLANE('',#6281);
#5629=PLANE('',#6287);
#5630=PLANE('',#6288);
#5631=PLANE('',#6289);
#5632=PLANE('',#6290);
#5633=PLANE('',#6291);
#5634=PLANE('',#6292);
#5635=PLANE('',#6293);
#5636=PLANE('',#6294);
#5637=PLANE('',#6297);
#5638=PLANE('',#6299);
#5639=PLANE('',#6308);
#5640=PLANE('',#6309);
#5641=PLANE('',#6312);
#5642=PLANE('',#6317);
#5643=PLANE('',#6324);
#5644=PLANE('',#6326);
#5645=PLANE('',#6327);
#5646=PLANE('',#6332);
#5647=PLANE('',#6340);
#5648=PLANE('',#6343);
#5649=PLANE('',#6347);
#5650=PLANE('',#6358);
#5651=PLANE('',#6380);
#5652=PLANE('',#6381);
#5653=PLANE('',#6382);
#5654=PLANE('',#6383);
#5655=PLANE('',#6385);
#5656=PLANE('',#6387);
#5657=PLANE('',#6398);
#5658=PLANE('',#6400);
#5659=PLANE('',#6407);
#5660=PLANE('',#6408);
#5661=PLANE('',#6410);
#5662=PLANE('',#6412);
#5663=PLANE('',#6413);
#5664=PLANE('',#6414);
#5665=PLANE('',#6420);
#5666=PLANE('',#6424);
#5667=PLANE('',#6429);
#5668=PLANE('',#6430);
#5669=PLANE('',#6431);
#5670=PLANE('',#6432);
#5671=PLANE('',#6433);
#5672=PLANE('',#6436);
#5673=PLANE('',#6437);
#5674=PLANE('',#6438);
#5675=PLANE('',#6441);
#5676=PLANE('',#6444);
#5677=PLANE('',#6447);
#5678=PLANE('',#6448);
#5679=PLANE('',#6455);
#5680=PLANE('',#6456);
#5681=PLANE('',#6458);
#5682=PLANE('',#6460);
#5683=PLANE('',#6466);
#5684=PLANE('',#6467);
#5685=PLANE('',#6468);
#5686=PLANE('',#6469);
#5687=PLANE('',#6470);
#5688=PLANE('',#6471);
#5689=PLANE('',#6473);
#5690=PLANE('',#6475);
#5691=PLANE('',#6476);
#5692=PLANE('',#6477);
#5693=PLANE('',#6478);
#5694=PLANE('',#6481);
#5695=PLANE('',#6485);
#5696=PLANE('',#6487);
#5697=PLANE('',#6491);
#5698=PLANE('',#6492);
#5699=PLANE('',#6493);
#5700=PLANE('',#6495);
#5701=PLANE('',#6503);
#5702=PLANE('',#6509);
#5703=PLANE('',#6511);
#5704=PLANE('',#6513);
#5705=PLANE('',#6515);
#5706=PLANE('',#6516);
#5707=PLANE('',#6517);
#5708=PLANE('',#6518);
#5709=PLANE('',#6523);
#5710=PLANE('',#6525);
#5711=PLANE('',#6527);
#5712=PLANE('',#6533);
#5713=PLANE('',#6534);
#5714=PLANE('',#6536);
#5715=PLANE('',#6539);
#5716=PLANE('',#6540);
#5717=PLANE('',#6543);
#5718=PLANE('',#6544);
#5719=PLANE('',#6545);
#5720=PLANE('',#6546);
#5721=PLANE('',#6547);
#5722=PLANE('',#6548);
#5723=PLANE('',#6549);
#5724=PLANE('',#6553);
#5725=PLANE('',#6554);
#5726=PLANE('',#6555);
#5727=PLANE('',#6556);
#5728=PLANE('',#6560);
#5729=PLANE('',#6561);
#5730=PLANE('',#6564);
#5731=PLANE('',#6566);
#5732=PLANE('',#6567);
#5733=PLANE('',#6568);
#5734=PLANE('',#6569);
#5735=PLANE('',#6570);
#5736=PLANE('',#6571);
#5737=PLANE('',#6572);
#5738=PLANE('',#6577);
#5739=PLANE('',#6578);
#5740=PLANE('',#6579);
#5741=PLANE('',#6581);
#5742=PLANE('',#6583);
#5743=PLANE('',#6584);
#5744=PLANE('',#6585);
#5745=PLANE('',#6587);
#5746=PLANE('',#6590);
#5747=PLANE('',#6591);
#5748=PLANE('',#6592);
#5749=PLANE('',#6593);
#5750=ADVANCED_FACE('',(#380,#354),#5557,.F.);
#5751=ADVANCED_FACE('',(#381,#355,#356),#5558,.T.);
#5752=ADVANCED_FACE('',(#382),#5559,.T.);
#5753=ADVANCED_FACE('',(#383),#5560,.T.);
#5754=ADVANCED_FACE('',(#384),#61,.T.);
#5755=ADVANCED_FACE('',(#385),#62,.T.);
#5756=ADVANCED_FACE('',(#386),#5561,.T.);
#5757=ADVANCED_FACE('',(#387),#5562,.T.);
#5758=ADVANCED_FACE('',(#388),#5563,.T.);
#5759=ADVANCED_FACE('',(#389),#5564,.T.);
#5760=ADVANCED_FACE('',(#390),#18,.F.);
#5761=ADVANCED_FACE('',(#391),#19,.F.);
#5762=ADVANCED_FACE('',(#392),#63,.T.);
#5763=ADVANCED_FACE('',(#393),#5565,.T.);
#5764=ADVANCED_FACE('',(#394),#20,.F.);
#5765=ADVANCED_FACE('',(#395),#64,.T.);
#5766=ADVANCED_FACE('',(#396),#21,.F.);
#5767=ADVANCED_FACE('',(#397),#22,.F.);
#5768=ADVANCED_FACE('',(#398),#23,.F.);
#5769=ADVANCED_FACE('',(#399),#5566,.T.);
#5770=ADVANCED_FACE('',(#400),#24,.F.);
#5771=ADVANCED_FACE('',(#401),#5567,.T.);
#5772=ADVANCED_FACE('',(#402),#5568,.T.);
#5773=ADVANCED_FACE('',(#403),#5569,.T.);
#5774=ADVANCED_FACE('',(#404),#5570,.T.);
#5775=ADVANCED_FACE('',(#405,#357),#5571,.F.);
#5776=ADVANCED_FACE('',(#406),#5572,.T.);
#5777=ADVANCED_FACE('',(#407),#25,.F.);
#5778=ADVANCED_FACE('',(#408),#5573,.T.);
#5779=ADVANCED_FACE('',(#409),#5574,.F.);
#5780=ADVANCED_FACE('',(#410),#5575,.T.);
#5781=ADVANCED_FACE('',(#411),#5576,.T.);
#5782=ADVANCED_FACE('',(#412),#5577,.T.);
#5783=ADVANCED_FACE('',(#413),#5578,.T.);
#5784=ADVANCED_FACE('',(#414),#5579,.T.);
#5785=ADVANCED_FACE('',(#415,#358),#5580,.F.);
#5786=ADVANCED_FACE('',(#416),#5581,.T.);
#5787=ADVANCED_FACE('',(#417),#5582,.T.);
#5788=ADVANCED_FACE('',(#418),#5583,.F.);
#5789=ADVANCED_FACE('',(#419),#5584,.T.);
#5790=ADVANCED_FACE('',(#420),#5585,.T.);
#5791=ADVANCED_FACE('',(#421),#26,.T.);
#5792=ADVANCED_FACE('',(#422),#5586,.T.);
#5793=ADVANCED_FACE('',(#423),#65,.T.);
#5794=ADVANCED_FACE('',(#424),#66,.T.);
#5795=ADVANCED_FACE('',(#425),#67,.T.);
#5796=ADVANCED_FACE('',(#426),#5587,.T.);
#5797=ADVANCED_FACE('',(#427),#68,.T.);
#5798=ADVANCED_FACE('',(#428),#69,.T.);
#5799=ADVANCED_FACE('',(#429),#5588,.T.);
#5800=ADVANCED_FACE('',(#430),#70,.F.);
#5801=ADVANCED_FACE('',(#431),#27,.T.);
#5802=ADVANCED_FACE('',(#432),#71,.T.);
#5803=ADVANCED_FACE('',(#433),#72,.F.);
#5804=ADVANCED_FACE('',(#434),#5589,.T.);
#5805=ADVANCED_FACE('',(#435),#28,.F.);
#5806=ADVANCED_FACE('',(#436,#359,#360,#361,#362,#363),#5590,.T.);
#5807=ADVANCED_FACE('',(#437),#5591,.F.);
#5808=ADVANCED_FACE('',(#438),#5592,.T.);
#5809=ADVANCED_FACE('',(#439),#5593,.T.);
#5810=ADVANCED_FACE('',(#440),#5594,.F.);
#5811=ADVANCED_FACE('',(#441),#5595,.F.);
#5812=ADVANCED_FACE('',(#442),#5596,.F.);
#5813=ADVANCED_FACE('',(#443),#5597,.F.);
#5814=ADVANCED_FACE('',(#444),#5598,.F.);
#5815=ADVANCED_FACE('',(#445),#5599,.F.);
#5816=ADVANCED_FACE('',(#446),#5600,.F.);
#5817=ADVANCED_FACE('',(#447),#5601,.T.);
#5818=ADVANCED_FACE('',(#448),#5602,.T.);
#5819=ADVANCED_FACE('',(#449),#5603,.F.);
#5820=ADVANCED_FACE('',(#450),#5604,.F.);
#5821=ADVANCED_FACE('',(#451),#5605,.T.);
#5822=ADVANCED_FACE('',(#452),#5606,.T.);
#5823=ADVANCED_FACE('',(#453),#5607,.T.);
#5824=ADVANCED_FACE('',(#454),#5608,.T.);
#5825=ADVANCED_FACE('',(#455),#5609,.T.);
#5826=ADVANCED_FACE('',(#456),#5610,.T.);
#5827=ADVANCED_FACE('',(#457),#5611,.T.);
#5828=ADVANCED_FACE('',(#458),#5612,.T.);
#5829=ADVANCED_FACE('',(#459),#5613,.T.);
#5830=ADVANCED_FACE('',(#460),#73,.F.);
#5831=ADVANCED_FACE('',(#461),#74,.F.);
#5832=ADVANCED_FACE('',(#462,#364),#5614,.T.);
#5833=ADVANCED_FACE('',(#463,#365),#5615,.F.);
#5834=ADVANCED_FACE('',(#464,#366),#5616,.T.);
#5835=ADVANCED_FACE('',(#465),#75,.F.);
#5836=ADVANCED_FACE('',(#466,#367),#5617,.T.);
#5837=ADVANCED_FACE('',(#467),#76,.T.);
#5838=ADVANCED_FACE('',(#468),#5618,.F.);
#5839=ADVANCED_FACE('',(#469),#77,.F.);
#5840=ADVANCED_FACE('',(#470),#5619,.T.);
#5841=ADVANCED_FACE('',(#471),#78,.T.);
#5842=ADVANCED_FACE('',(#472),#5620,.T.);
#5843=ADVANCED_FACE('',(#473),#5621,.T.);
#5844=ADVANCED_FACE('',(#474),#5622,.T.);
#5845=ADVANCED_FACE('',(#475),#5623,.T.);
#5846=ADVANCED_FACE('',(#476),#5624,.T.);
#5847=ADVANCED_FACE('',(#477),#5625,.T.);
#5848=ADVANCED_FACE('',(#478),#79,.F.);
#5849=ADVANCED_FACE('',(#479),#80,.F.);
#5850=ADVANCED_FACE('',(#480),#5626,.T.);
#5851=ADVANCED_FACE('',(#481),#5627,.T.);
#5852=ADVANCED_FACE('',(#482),#5628,.T.);
#5853=ADVANCED_FACE('',(#483),#81,.F.);
#5854=ADVANCED_FACE('',(#484),#5629,.T.);
#5855=ADVANCED_FACE('',(#485),#5630,.T.);
#5856=ADVANCED_FACE('',(#486),#5631,.T.);
#5857=ADVANCED_FACE('',(#487),#5632,.T.);
#5858=ADVANCED_FACE('',(#488),#5633,.T.);
#5859=ADVANCED_FACE('',(#489),#5634,.T.);
#5860=ADVANCED_FACE('',(#490),#5635,.T.);
#5861=ADVANCED_FACE('',(#491),#5636,.T.);
#5862=ADVANCED_FACE('',(#492),#82,.F.);
#5863=ADVANCED_FACE('',(#493),#5637,.F.);
#5864=ADVANCED_FACE('',(#494),#5638,.F.);
#5865=ADVANCED_FACE('',(#495),#83,.F.);
#5866=ADVANCED_FACE('',(#496),#5639,.T.);
#5867=ADVANCED_FACE('',(#497),#5640,.F.);
#5868=ADVANCED_FACE('',(#498),#84,.F.);
#5869=ADVANCED_FACE('',(#499,#368),#5641,.F.);
#5870=ADVANCED_FACE('',(#500),#85,.F.);
#5871=ADVANCED_FACE('',(#501),#86,.F.);
#5872=ADVANCED_FACE('',(#502),#87,.T.);
#5873=ADVANCED_FACE('',(#503),#5642,.F.);
#5874=ADVANCED_FACE('',(#504),#29,.F.);
#5875=ADVANCED_FACE('',(#505),#30,.F.);
#5876=ADVANCED_FACE('',(#506),#88,.T.);
#5877=ADVANCED_FACE('',(#507),#31,.F.);
#5878=ADVANCED_FACE('',(#508),#32,.F.);
#5879=ADVANCED_FACE('',(#509),#89,.T.);
#5880=ADVANCED_FACE('',(#510),#5643,.F.);
#5881=ADVANCED_FACE('',(#511),#33,.T.);
#5882=ADVANCED_FACE('',(#512),#5644,.T.);
#5883=ADVANCED_FACE('',(#513),#5645,.F.);
#5884=ADVANCED_FACE('',(#514),#5646,.F.);
#5885=ADVANCED_FACE('',(#515),#90,.T.);
#5886=ADVANCED_FACE('',(#516),#34,.F.);
#5887=ADVANCED_FACE('',(#517),#91,.F.);
#5888=ADVANCED_FACE('',(#518),#5647,.T.);
#5889=ADVANCED_FACE('',(#519),#35,.F.);
#5890=ADVANCED_FACE('',(#520),#36,.F.);
#5891=ADVANCED_FACE('',(#521),#5648,.T.);
#5892=ADVANCED_FACE('',(#522),#37,.F.);
#5893=ADVANCED_FACE('',(#523),#38,.F.);
#5894=ADVANCED_FACE('',(#524),#5649,.T.);
#5895=ADVANCED_FACE('',(#525,#369),#92,.T.);
#5896=ADVANCED_FACE('',(#526),#93,.F.);
#5897=ADVANCED_FACE('',(#527),#94,.F.);
#5898=ADVANCED_FACE('',(#528),#95,.T.);
#5899=ADVANCED_FACE('',(#529),#5650,.T.);
#5900=ADVANCED_FACE('',(#530),#39,.T.);
#5901=ADVANCED_FACE('',(#531),#96,.F.);
#5902=ADVANCED_FACE('',(#532),#40,.T.);
#5903=ADVANCED_FACE('',(#533),#41,.T.);
#5904=ADVANCED_FACE('',(#534),#42,.T.);
#5905=ADVANCED_FACE('',(#535),#97,.T.);
#5906=ADVANCED_FACE('',(#536),#98,.F.);
#5907=ADVANCED_FACE('',(#537),#43,.T.);
#5908=ADVANCED_FACE('',(#538),#44,.T.);
#5909=ADVANCED_FACE('',(#539),#45,.T.);
#5910=ADVANCED_FACE('',(#540),#99,.T.);
#5911=ADVANCED_FACE('',(#541),#46,.F.);
#5912=ADVANCED_FACE('',(#542),#5651,.F.);
#5913=ADVANCED_FACE('',(#543),#5652,.F.);
#5914=ADVANCED_FACE('',(#544),#5653,.T.);
#5915=ADVANCED_FACE('',(#545),#47,.T.);
#5916=ADVANCED_FACE('',(#546),#5654,.T.);
#5917=ADVANCED_FACE('',(#547),#5655,.T.);
#5918=ADVANCED_FACE('',(#548),#5656,.T.);
#5919=ADVANCED_FACE('',(#549),#100,.T.);
#5920=ADVANCED_FACE('',(#550),#48,.F.);
#5921=ADVANCED_FACE('',(#551),#49,.F.);
#5922=ADVANCED_FACE('',(#552),#50,.F.);
#5923=ADVANCED_FACE('',(#553),#101,.F.);
#5924=ADVANCED_FACE('',(#554),#5657,.T.);
#5925=ADVANCED_FACE('',(#555),#5658,.F.);
#5926=ADVANCED_FACE('',(#556),#102,.F.);
#5927=ADVANCED_FACE('',(#557),#103,.F.);
#5928=ADVANCED_FACE('',(#558),#104,.F.);
#5929=ADVANCED_FACE('',(#559),#5659,.T.);
#5930=ADVANCED_FACE('',(#560),#5660,.F.);
#5931=ADVANCED_FACE('',(#561),#5661,.F.);
#5932=ADVANCED_FACE('',(#562),#5662,.F.);
#5933=ADVANCED_FACE('',(#563),#5663,.T.);
#5934=ADVANCED_FACE('',(#564),#5664,.T.);
#5935=ADVANCED_FACE('',(#565),#105,.F.);
#5936=ADVANCED_FACE('',(#566),#5665,.F.);
#5937=ADVANCED_FACE('',(#567),#15,.T.);
#5938=ADVANCED_FACE('',(#568,#370,#371),#5666,.T.);
#5939=ADVANCED_FACE('',(#569),#5667,.F.);
#5940=ADVANCED_FACE('',(#570),#5668,.T.);
#5941=ADVANCED_FACE('',(#571),#5669,.T.);
#5942=ADVANCED_FACE('',(#572),#5670,.T.);
#5943=ADVANCED_FACE('',(#573),#5671,.T.);
#5944=ADVANCED_FACE('',(#574),#16,.T.);
#5945=ADVANCED_FACE('',(#575),#5672,.T.);
#5946=ADVANCED_FACE('',(#576),#5673,.F.);
#5947=ADVANCED_FACE('',(#577),#17,.T.);
#5948=ADVANCED_FACE('',(#578),#5674,.T.);
#5949=ADVANCED_FACE('',(#579),#106,.F.);
#5950=ADVANCED_FACE('',(#580),#5675,.T.);
#5951=ADVANCED_FACE('',(#581),#5676,.T.);
#5952=ADVANCED_FACE('',(#582),#5677,.T.);
#5953=ADVANCED_FACE('',(#583),#5678,.T.);
#5954=ADVANCED_FACE('',(#584),#107,.T.);
#5955=ADVANCED_FACE('',(#585),#108,.F.);
#5956=ADVANCED_FACE('',(#586),#109,.T.);
#5957=ADVANCED_FACE('',(#587),#5679,.T.);
#5958=ADVANCED_FACE('',(#588),#5680,.T.);
#5959=ADVANCED_FACE('',(#589),#110,.F.);
#5960=ADVANCED_FACE('',(#590),#5681,.F.);
#5961=ADVANCED_FACE('',(#591),#111,.F.);
#5962=ADVANCED_FACE('',(#592),#5682,.F.);
#5963=ADVANCED_FACE('',(#593),#112,.T.);
#5964=ADVANCED_FACE('',(#594),#113,.T.);
#5965=ADVANCED_FACE('',(#595),#114,.T.);
#5966=ADVANCED_FACE('',(#596),#5683,.T.);
#5967=ADVANCED_FACE('',(#597),#5684,.T.);
#5968=ADVANCED_FACE('',(#598),#5685,.F.);
#5969=ADVANCED_FACE('',(#599),#5686,.F.);
#5970=ADVANCED_FACE('',(#600),#5687,.F.);
#5971=ADVANCED_FACE('',(#601),#5688,.F.);
#5972=ADVANCED_FACE('',(#602),#115,.T.);
#5973=ADVANCED_FACE('',(#603),#5689,.T.);
#5974=ADVANCED_FACE('',(#604),#116,.T.);
#5975=ADVANCED_FACE('',(#605),#5690,.F.);
#5976=ADVANCED_FACE('',(#606),#5691,.F.);
#5977=ADVANCED_FACE('',(#607),#5692,.T.);
#5978=ADVANCED_FACE('',(#608),#5693,.T.);
#5979=ADVANCED_FACE('',(#609),#117,.F.);
#5980=ADVANCED_FACE('',(#610,#372),#5694,.F.);
#5981=ADVANCED_FACE('',(#611),#118,.F.);
#5982=ADVANCED_FACE('',(#612,#373),#5695,.F.);
#5983=ADVANCED_FACE('',(#613),#5696,.T.);
#5984=ADVANCED_FACE('',(#614),#119,.T.);
#5985=ADVANCED_FACE('',(#615),#5697,.T.);
#5986=ADVANCED_FACE('',(#616),#5698,.T.);
#5987=ADVANCED_FACE('',(#617),#5699,.T.);
#5988=ADVANCED_FACE('',(#618),#5700,.T.);
#5989=ADVANCED_FACE('',(#619),#120,.F.);
#5990=ADVANCED_FACE('',(#620),#121,.F.);
#5991=ADVANCED_FACE('',(#621),#122,.F.);
#5992=ADVANCED_FACE('',(#622,#374),#5701,.T.);
#5993=ADVANCED_FACE('',(#623),#123,.F.);
#5994=ADVANCED_FACE('',(#624),#124,.F.);
#5995=ADVANCED_FACE('',(#625,#375),#5702,.F.);
#5996=ADVANCED_FACE('',(#626,#376),#5703,.F.);
#5997=ADVANCED_FACE('',(#627),#5704,.T.);
#5998=ADVANCED_FACE('',(#628),#5705,.F.);
#5999=ADVANCED_FACE('',(#629),#5706,.T.);
#6000=ADVANCED_FACE('',(#630),#5707,.T.);
#6001=ADVANCED_FACE('',(#631),#5708,.T.);
#6002=ADVANCED_FACE('',(#632),#125,.T.);
#6003=ADVANCED_FACE('',(#633),#126,.F.);
#6004=ADVANCED_FACE('',(#634),#51,.T.);
#6005=ADVANCED_FACE('',(#635),#52,.T.);
#6006=ADVANCED_FACE('',(#636),#53,.T.);
#6007=ADVANCED_FACE('',(#637,#377),#5709,.T.);
#6008=ADVANCED_FACE('',(#638,#378),#5710,.T.);
#6009=ADVANCED_FACE('',(#639,#379),#5711,.F.);
#6010=ADVANCED_FACE('',(#640),#127,.F.);
#6011=ADVANCED_FACE('',(#641),#54,.T.);
#6012=ADVANCED_FACE('',(#642),#128,.F.);
#6013=ADVANCED_FACE('',(#643),#129,.F.);
#6014=ADVANCED_FACE('',(#644),#5712,.T.);
#6015=ADVANCED_FACE('',(#645),#5713,.F.);
#6016=ADVANCED_FACE('',(#646),#130,.T.);
#6017=ADVANCED_FACE('',(#647),#5714,.F.);
#6018=ADVANCED_FACE('',(#648),#55,.T.);
#6019=ADVANCED_FACE('',(#649),#5715,.T.);
#6020=ADVANCED_FACE('',(#650),#56,.T.);
#6021=ADVANCED_FACE('',(#651),#5716,.F.);
#6022=ADVANCED_FACE('',(#652),#5717,.T.);
#6023=ADVANCED_FACE('',(#653),#57,.T.);
#6024=ADVANCED_FACE('',(#654),#5718,.T.);
#6025=ADVANCED_FACE('',(#655),#5719,.T.);
#6026=ADVANCED_FACE('',(#656),#58,.T.);
#6027=ADVANCED_FACE('',(#657),#5720,.T.);
#6028=ADVANCED_FACE('',(#658),#59,.T.);
#6029=ADVANCED_FACE('',(#659),#5721,.F.);
#6030=ADVANCED_FACE('',(#660),#60,.F.);
#6031=ADVANCED_FACE('',(#661),#5722,.T.);
#6032=ADVANCED_FACE('',(#662),#5723,.T.);
#6033=ADVANCED_FACE('',(#663),#131,.T.);
#6034=ADVANCED_FACE('',(#664),#132,.T.);
#6035=ADVANCED_FACE('',(#665),#133,.F.);
#6036=ADVANCED_FACE('',(#666),#5724,.T.);
#6037=ADVANCED_FACE('',(#667),#5725,.T.);
#6038=ADVANCED_FACE('',(#668),#5726,.T.);
#6039=ADVANCED_FACE('',(#669),#5727,.T.);
#6040=ADVANCED_FACE('',(#670),#134,.F.);
#6041=ADVANCED_FACE('',(#671),#135,.F.);
#6042=ADVANCED_FACE('',(#672),#5728,.T.);
#6043=ADVANCED_FACE('',(#673),#5729,.T.);
#6044=ADVANCED_FACE('',(#674),#136,.F.);
#6045=ADVANCED_FACE('',(#675),#5730,.T.);
#6046=ADVANCED_FACE('',(#676),#137,.F.);
#6047=ADVANCED_FACE('',(#677),#5731,.T.);
#6048=ADVANCED_FACE('',(#678),#5732,.F.);
#6049=ADVANCED_FACE('',(#679),#5733,.F.);
#6050=ADVANCED_FACE('',(#680),#5734,.F.);
#6051=ADVANCED_FACE('',(#681),#5735,.F.);
#6052=ADVANCED_FACE('',(#682),#5736,.F.);
#6053=ADVANCED_FACE('',(#683),#5737,.T.);
#6054=ADVANCED_FACE('',(#684),#138,.F.);
#6055=ADVANCED_FACE('',(#685),#139,.T.);
#6056=ADVANCED_FACE('',(#686),#5738,.T.);
#6057=ADVANCED_FACE('',(#687),#5739,.T.);
#6058=ADVANCED_FACE('',(#688),#5740,.T.);
#6059=ADVANCED_FACE('',(#689),#140,.F.);
#6060=ADVANCED_FACE('',(#690),#5741,.F.);
#6061=ADVANCED_FACE('',(#691),#141,.F.);
#6062=ADVANCED_FACE('',(#692),#5742,.T.);
#6063=ADVANCED_FACE('',(#693),#5743,.F.);
#6064=ADVANCED_FACE('',(#694),#5744,.F.);
#6065=ADVANCED_FACE('',(#695),#142,.F.);
#6066=ADVANCED_FACE('',(#696),#5745,.F.);
#6067=ADVANCED_FACE('',(#697),#143,.F.);
#6068=ADVANCED_FACE('',(#698),#144,.F.);
#6069=ADVANCED_FACE('',(#699),#5746,.F.);
#6070=ADVANCED_FACE('',(#700),#5747,.T.);
#6071=ADVANCED_FACE('',(#701),#5748,.T.);
#6072=ADVANCED_FACE('',(#702),#5749,.T.);
#6073=CLOSED_SHELL('',(#5750,#5751,#5752,#5753,#5754,#5755,#5756,#5757,
#5758,#5759,#5760,#5761,#5762,#5763,#5764,#5765,#5766,#5767,#5768,#5769,
#5770,#5771,#5772,#5773,#5774,#5775,#5776,#5777,#5778,#5779,#5780,#5781,
#5782,#5783,#5784,#5785,#5786,#5787,#5788,#5789,#5790,#5791,#5792,#5793,
#5794,#5795,#5796,#5797,#5798,#5799,#5800,#5801,#5802,#5803,#5804,#5805,
#5806,#5807,#5808,#5809,#5810,#5811,#5812,#5813,#5814,#5815,#5816,#5817,
#5818,#5819,#5820,#5821,#5822,#5823,#5824,#5825,#5826,#5827,#5828,#5829,
#5830,#5831,#5832,#5833,#5834,#5835,#5836,#5837,#5838,#5839,#5840,#5841,
#5842,#5843,#5844,#5845,#5846,#5847,#5848,#5849,#5850,#5851,#5852,#5853,
#5854,#5855,#5856,#5857,#5858,#5859,#5860,#5861,#5862,#5863,#5864,#5865,
#5866,#5867,#5868,#5869,#5870,#5871,#5872,#5873,#5874,#5875,#5876,#5877,
#5878,#5879,#5880,#5881,#5882,#5883,#5884,#5885,#5886,#5887,#5888,#5889,
#5890,#5891,#5892,#5893,#5894,#5895,#5896,#5897,#5898,#5899,#5900,#5901,
#5902,#5903,#5904,#5905,#5906,#5907,#5908,#5909,#5910,#5911,#5912,#5913,
#5914,#5915,#5916,#5917,#5918,#5919,#5920,#5921,#5922,#5923,#5924,#5925,
#5926,#5927,#5928,#5929,#5930,#5931,#5932,#5933,#5934,#5935,#5936,#5937,
#5938,#5939,#5940,#5941,#5942,#5943,#5944,#5945,#5946,#5947,#5948,#5949,
#5950,#5951,#5952,#5953,#5954,#5955,#5956,#5957,#5958,#5959,#5960,#5961,
#5962,#5963,#5964,#5965,#5966,#5967,#5968,#5969,#5970,#5971,#5972,#5973,
#5974,#5975,#5976,#5977,#5978,#5979,#5980,#5981,#5982,#5983,#5984,#5985,
#5986,#5987,#5988,#5989,#5990,#5991,#5992,#5993,#5994,#5995,#5996,#5997,
#5998,#5999,#6000,#6001,#6002,#6003,#6004,#6005,#6006,#6007,#6008,#6009,
#6010,#6011,#6012,#6013,#6014,#6015,#6016,#6017,#6018,#6019,#6020,#6021,
#6022,#6023,#6024,#6025,#6026,#6027,#6028,#6029,#6030,#6031,#6032,#6033,
#6034,#6035,#6036,#6037,#6038,#6039,#6040,#6041,#6042,#6043,#6044,#6045,
#6046,#6047,#6048,#6049,#6050,#6051,#6052,#6053,#6054,#6055,#6056,#6057,
#6058,#6059,#6060,#6061,#6062,#6063,#6064,#6065,#6066,#6067,#6068,#6069,
#6070,#6071,#6072));
#6074=AXIS2_PLACEMENT_3D('',#8187,#6594,#6595);
#6075=AXIS2_PLACEMENT_3D('',#8188,#6596,#6597);
#6076=AXIS2_PLACEMENT_3D('',#8193,#6599,#6600);
#6077=AXIS2_PLACEMENT_3D('',#8198,#6603,#6604);
#6078=AXIS2_PLACEMENT_3D('',#8199,#6605,#6606);
#6079=AXIS2_PLACEMENT_3D('',#8202,#6607,#6608);
#6080=AXIS2_PLACEMENT_3D('',#8206,#6610,#6611);
#6081=AXIS2_PLACEMENT_3D('',#8214,#6615,#6616);
#6082=AXIS2_PLACEMENT_3D('',#8225,#6619,#6620);
#6083=AXIS2_PLACEMENT_3D('',#8228,#6622,#6623);
#6084=AXIS2_PLACEMENT_3D('',#8230,#6624,#6625);
#6085=AXIS2_PLACEMENT_3D('',#8231,#6626,#6627);
#6086=AXIS2_PLACEMENT_3D('',#8244,#6633,#6634);
#6087=AXIS2_PLACEMENT_3D('',#8246,#6635,#6636);
#6088=AXIS2_PLACEMENT_3D('',#8250,#6639,#6640);
#6089=AXIS2_PLACEMENT_3D('',#8256,#6644,#6645);
#6090=AXIS2_PLACEMENT_3D('',#8259,#6646,#6647);
#6091=AXIS2_PLACEMENT_3D('',#8263,#6649,#6650);
#6092=AXIS2_PLACEMENT_3D('',#8267,#6652,#6653);
#6093=AXIS2_PLACEMENT_3D('',#8271,#6655,#6656);
#6094=AXIS2_PLACEMENT_3D('',#8275,#6658,#6659);
#6095=AXIS2_PLACEMENT_3D('',#8279,#6661,#6662);
#6096=AXIS2_PLACEMENT_3D('',#8281,#6664,#6665);
#6097=AXIS2_PLACEMENT_3D('',#8285,#6667,#6668);
#6098=AXIS2_PLACEMENT_3D('',#8289,#6670,#6671);
#6099=AXIS2_PLACEMENT_3D('',#8293,#6673,#6674);
#6100=AXIS2_PLACEMENT_3D('',#8297,#6676,#6677);
#6101=AXIS2_PLACEMENT_3D('',#8300,#6679,#6680);
#6102=AXIS2_PLACEMENT_3D('',#8301,#6681,#6682);
#6103=AXIS2_PLACEMENT_3D('',#8307,#6686,#6687);
#6104=AXIS2_PLACEMENT_3D('',#8313,#6691,#6692);
#6105=AXIS2_PLACEMENT_3D('',#8319,#6696,#6697);
#6106=AXIS2_PLACEMENT_3D('',#8367,#6701,#6702);
#6107=AXIS2_PLACEMENT_3D('',#8407,#6703,#6704);
#6108=AXIS2_PLACEMENT_3D('',#8416,#6705,#6706);
#6109=AXIS2_PLACEMENT_3D('',#8433,#6709,#6710);
#6110=AXIS2_PLACEMENT_3D('',#8435,#6711,#6712);
#6111=AXIS2_PLACEMENT_3D('',#8442,#6716,#6717);
#6112=AXIS2_PLACEMENT_3D('',#8464,#6718,#6719);
#6113=AXIS2_PLACEMENT_3D('',#8489,#6720,#6721);
#6114=AXIS2_PLACEMENT_3D('',#8490,#6722,#6723);
#6115=AXIS2_PLACEMENT_3D('',#8493,#6724,#6725);
#6116=AXIS2_PLACEMENT_3D('',#8532,#6728,#6729);
#6117=AXIS2_PLACEMENT_3D('',#8619,#6730,#6731);
#6118=AXIS2_PLACEMENT_3D('',#8621,#6732,#6733);
#6119=AXIS2_PLACEMENT_3D('',#8622,#6734,#6735);
#6120=AXIS2_PLACEMENT_3D('',#8623,#6736,#6737);
#6121=AXIS2_PLACEMENT_3D('',#8625,#6738,#6739);
#6122=AXIS2_PLACEMENT_3D('',#8630,#6742,#6743);
#6123=AXIS2_PLACEMENT_3D('',#8664,#6744,#6745);
#6124=AXIS2_PLACEMENT_3D('',#8669,#6746,#6747);
#6125=AXIS2_PLACEMENT_3D('',#8671,#6748,#6749);
#6126=AXIS2_PLACEMENT_3D('',#8677,#6753,#6754);
#6127=AXIS2_PLACEMENT_3D('',#8700,#6758,#6759);
#6128=AXIS2_PLACEMENT_3D('',#8718,#6769,#6770);
#6129=AXIS2_PLACEMENT_3D('',#8729,#6775,#6776);
#6130=AXIS2_PLACEMENT_3D('',#8733,#6779,#6780);
#6131=AXIS2_PLACEMENT_3D('',#8758,#6791,#6792);
#6132=AXIS2_PLACEMENT_3D('',#8760,#6793,#6794);
#6133=AXIS2_PLACEMENT_3D('',#8764,#6796,#6797);
#6134=AXIS2_PLACEMENT_3D('',#8766,#6798,#6799);
#6135=AXIS2_PLACEMENT_3D('',#8769,#6801,#6802);
#6136=AXIS2_PLACEMENT_3D('',#8770,#6803,#6804);
#6137=AXIS2_PLACEMENT_3D('',#8872,#6816,#6817);
#6138=AXIS2_PLACEMENT_3D('',#8876,#6820,#6821);
#6139=AXIS2_PLACEMENT_3D('',#8889,#6829,#6830);
#6140=AXIS2_PLACEMENT_3D('',#8923,#6840,#6841);
#6141=AXIS2_PLACEMENT_3D('',#8931,#6846,#6847);
#6142=AXIS2_PLACEMENT_3D('',#8933,#6849,#6850);
#6143=AXIS2_PLACEMENT_3D('',#8935,#6852,#6853);
#6144=AXIS2_PLACEMENT_3D('',#8939,#6855,#6856);
#6145=AXIS2_PLACEMENT_3D('',#8941,#6857,#6858);
#6146=AXIS2_PLACEMENT_3D('',#8952,#6861,#6862);
#6147=AXIS2_PLACEMENT_3D('',#8967,#6865,#6866);
#6148=AXIS2_PLACEMENT_3D('',#8971,#6868,#6869);
#6149=AXIS2_PLACEMENT_3D('',#8990,#6873,#6874);
#6150=AXIS2_PLACEMENT_3D('',#8992,#6875,#6876);
#6151=AXIS2_PLACEMENT_3D('',#8998,#6879,#6880);
#6152=AXIS2_PLACEMENT_3D('',#9002,#6882,#6883);
#6153=AXIS2_PLACEMENT_3D('',#9006,#6885,#6886);
#6154=AXIS2_PLACEMENT_3D('',#9009,#6888,#6889);
#6155=AXIS2_PLACEMENT_3D('',#9010,#6890,#6891);
#6156=AXIS2_PLACEMENT_3D('',#9012,#6893,#6894);
#6157=AXIS2_PLACEMENT_3D('',#9016,#6896,#6897);
#6158=AXIS2_PLACEMENT_3D('',#9020,#6899,#6900);
#6159=AXIS2_PLACEMENT_3D('',#9028,#6904,#6905);
#6160=AXIS2_PLACEMENT_3D('',#9030,#6906,#6907);
#6161=AXIS2_PLACEMENT_3D('',#9034,#6909,#6910);
#6162=AXIS2_PLACEMENT_3D('',#9036,#6911,#6912);
#6163=AXIS2_PLACEMENT_3D('',#9038,#6914,#6915);
#6164=AXIS2_PLACEMENT_3D('',#9043,#6918,#6919);
#6165=AXIS2_PLACEMENT_3D('',#9051,#6924,#6925);
#6166=AXIS2_PLACEMENT_3D('',#9054,#6927,#6928);
#6167=AXIS2_PLACEMENT_3D('',#9058,#6930,#6931);
#6168=AXIS2_PLACEMENT_3D('',#9060,#6932,#6933);
#6169=AXIS2_PLACEMENT_3D('',#9068,#6937,#6938);
#6170=AXIS2_PLACEMENT_3D('',#9071,#6940,#6941);
#6171=AXIS2_PLACEMENT_3D('',#9073,#6943,#6944);
#6172=AXIS2_PLACEMENT_3D('',#9082,#6946,#6947);
#6173=AXIS2_PLACEMENT_3D('',#9084,#6948,#6949);
#6174=AXIS2_PLACEMENT_3D('',#9126,#6950,#6951);
#6175=AXIS2_PLACEMENT_3D('',#9127,#6952,#6953);
#6176=AXIS2_PLACEMENT_3D('',#9129,#6955,#6956);
#6177=AXIS2_PLACEMENT_3D('',#9131,#6958,#6959);
#6178=AXIS2_PLACEMENT_3D('',#9133,#6961,#6962);
#6179=AXIS2_PLACEMENT_3D('',#9147,#6965,#6966);
#6180=AXIS2_PLACEMENT_3D('',#9170,#6967,#6968);
#6181=AXIS2_PLACEMENT_3D('',#9172,#6970,#6971);
#6182=AXIS2_PLACEMENT_3D('',#9173,#6972,#6973);
#6183=AXIS2_PLACEMENT_3D('',#9178,#6976,#6977);
#6184=AXIS2_PLACEMENT_3D('',#9179,#6978,#6979);
#6185=AXIS2_PLACEMENT_3D('',#9190,#6983,#6984);
#6186=AXIS2_PLACEMENT_3D('',#9191,#6985,#6986);
#6187=AXIS2_PLACEMENT_3D('',#9193,#6987,#6988);
#6188=AXIS2_PLACEMENT_3D('',#9227,#6990,#6991);
#6189=AXIS2_PLACEMENT_3D('',#9229,#6992,#6993);
#6190=AXIS2_PLACEMENT_3D('',#9240,#6994,#6995);
#6191=AXIS2_PLACEMENT_3D('',#9241,#6996,#6997);
#6192=AXIS2_PLACEMENT_3D('',#9242,#6998,#6999);
#6193=AXIS2_PLACEMENT_3D('',#9246,#7001,#7002);
#6194=AXIS2_PLACEMENT_3D('',#9248,#7004,#7005);
#6195=AXIS2_PLACEMENT_3D('',#9252,#7007,#7008);
#6196=AXIS2_PLACEMENT_3D('',#9254,#7009,#7010);
#6197=AXIS2_PLACEMENT_3D('',#9256,#7012,#7013);
#6198=AXIS2_PLACEMENT_3D('',#9258,#7014,#7015);
#6199=AXIS2_PLACEMENT_3D('',#9287,#7016,#7017);
#6200=AXIS2_PLACEMENT_3D('',#9289,#7018,#7019);
#6201=AXIS2_PLACEMENT_3D('',#9290,#7020,#7021);
#6202=AXIS2_PLACEMENT_3D('',#9291,#7022,#7023);
#6203=AXIS2_PLACEMENT_3D('',#9307,#7031,#7032);
#6204=AXIS2_PLACEMENT_3D('',#9311,#7034,#7035);
#6205=AXIS2_PLACEMENT_3D('',#9317,#7038,#7039);
#6206=AXIS2_PLACEMENT_3D('',#9352,#7058,#7059);
#6207=AXIS2_PLACEMENT_3D('',#9375,#7072,#7073);
#6208=AXIS2_PLACEMENT_3D('',#9377,#7074,#7075);
#6209=AXIS2_PLACEMENT_3D('',#9379,#7076,#7077);
#6210=AXIS2_PLACEMENT_3D('',#9380,#7078,#7079);
#6211=AXIS2_PLACEMENT_3D('',#9386,#7083,#7084);
#6212=AXIS2_PLACEMENT_3D('',#9392,#7088,#7089);
#6213=AXIS2_PLACEMENT_3D('',#9398,#7093,#7094);
#6214=AXIS2_PLACEMENT_3D('',#9400,#7096,#7097);
#6215=AXIS2_PLACEMENT_3D('',#9402,#7099,#7100);
#6216=AXIS2_PLACEMENT_3D('',#9403,#7101,#7102);
#6217=AXIS2_PLACEMENT_3D('',#9407,#7105,#7106);
#6218=AXIS2_PLACEMENT_3D('',#9411,#7109,#7110);
#6219=AXIS2_PLACEMENT_3D('',#9413,#7112,#7113);
#6220=AXIS2_PLACEMENT_3D('',#9415,#7115,#7116);
#6221=AXIS2_PLACEMENT_3D('',#9416,#7117,#7118);
#6222=AXIS2_PLACEMENT_3D('',#9423,#7123,#7124);
#6223=AXIS2_PLACEMENT_3D('',#9429,#7128,#7129);
#6224=AXIS2_PLACEMENT_3D('',#9435,#7133,#7134);
#6225=AXIS2_PLACEMENT_3D('',#9439,#7137,#7138);
#6226=AXIS2_PLACEMENT_3D('',#9443,#7141,#7142);
#6227=AXIS2_PLACEMENT_3D('',#9445,#7144,#7145);
#6228=AXIS2_PLACEMENT_3D('',#9447,#7147,#7148);
#6229=AXIS2_PLACEMENT_3D('',#9449,#7150,#7151);
#6230=AXIS2_PLACEMENT_3D('',#9450,#7152,#7153);
#6231=AXIS2_PLACEMENT_3D('',#9452,#7155,#7156);
#6232=AXIS2_PLACEMENT_3D('',#9454,#7158,#7159);
#6233=AXIS2_PLACEMENT_3D('',#9456,#7161,#7162);
#6234=AXIS2_PLACEMENT_3D('',#9458,#7163,#7164);
#6235=AXIS2_PLACEMENT_3D('',#9461,#7166,#7167);
#6236=AXIS2_PLACEMENT_3D('',#9462,#7168,#7169);
#6237=AXIS2_PLACEMENT_3D('',#9464,#7170,#7171);
#6238=AXIS2_PLACEMENT_3D('',#9466,#7173,#7174);
#6239=AXIS2_PLACEMENT_3D('',#9467,#7175,#7176);
#6240=AXIS2_PLACEMENT_3D('',#9473,#7180,#7181);
#6241=AXIS2_PLACEMENT_3D('',#9474,#7182,#7183);
#6242=AXIS2_PLACEMENT_3D('',#9491,#7185,#7186);
#6243=AXIS2_PLACEMENT_3D('',#9492,#7187,#7188);
#6244=AXIS2_PLACEMENT_3D('',#9494,#7189,#7190);
#6245=AXIS2_PLACEMENT_3D('',#9495,#7191,#7192);
#6246=AXIS2_PLACEMENT_3D('',#9497,#7193,#7194);
#6247=AXIS2_PLACEMENT_3D('',#9500,#7196,#7197);
#6248=AXIS2_PLACEMENT_3D('',#9501,#7198,#7199);
#6249=AXIS2_PLACEMENT_3D('',#9504,#7200,#7201);
#6250=AXIS2_PLACEMENT_3D('',#9506,#7202,#7203);
#6251=AXIS2_PLACEMENT_3D('',#9514,#7207,#7208);
#6252=AXIS2_PLACEMENT_3D('',#9518,#7211,#7212);
#6253=AXIS2_PLACEMENT_3D('',#9521,#7213,#7214);
#6254=AXIS2_PLACEMENT_3D('',#9524,#7217,#7218);
#6255=AXIS2_PLACEMENT_3D('',#9528,#7220,#7221);
#6256=AXIS2_PLACEMENT_3D('',#9532,#7224,#7225);
#6257=AXIS2_PLACEMENT_3D('',#9534,#7226,#7227);
#6258=AXIS2_PLACEMENT_3D('',#9536,#7229,#7230);
#6259=AXIS2_PLACEMENT_3D('',#9542,#7234,#7235);
#6260=AXIS2_PLACEMENT_3D('',#9543,#7236,#7237);
#6261=AXIS2_PLACEMENT_3D('',#9548,#7240,#7241);
#6262=AXIS2_PLACEMENT_3D('',#9549,#7242,#7243);
#6263=AXIS2_PLACEMENT_3D('',#9556,#7248,#7249);
#6264=AXIS2_PLACEMENT_3D('',#9560,#7252,#7253);
#6265=AXIS2_PLACEMENT_3D('',#9562,#7254,#7255);
#6266=AXIS2_PLACEMENT_3D('',#9564,#7257,#7258);
#6267=AXIS2_PLACEMENT_3D('',#9566,#7259,#7260);
#6268=AXIS2_PLACEMENT_3D('',#9572,#7263,#7264);
#6269=AXIS2_PLACEMENT_3D('',#9578,#7267,#7268);
#6270=AXIS2_PLACEMENT_3D('',#9583,#7271,#7272);
#6271=AXIS2_PLACEMENT_3D('',#9584,#7273,#7274);
#6272=AXIS2_PLACEMENT_3D('',#9585,#7275,#7276);
#6273=AXIS2_PLACEMENT_3D('',#9587,#7277,#7278);
#6274=AXIS2_PLACEMENT_3D('',#9591,#7280,#7281);
#6275=AXIS2_PLACEMENT_3D('',#9592,#7282,#7283);
#6276=AXIS2_PLACEMENT_3D('',#9593,#7284,#7285);
#6277=AXIS2_PLACEMENT_3D('',#9594,#7286,#7287);
#6278=AXIS2_PLACEMENT_3D('',#9595,#7288,#7289);
#6279=AXIS2_PLACEMENT_3D('',#9597,#7291,#7292);
#6280=AXIS2_PLACEMENT_3D('',#9598,#7293,#7294);
#6281=AXIS2_PLACEMENT_3D('',#9599,#7295,#7296);
#6282=AXIS2_PLACEMENT_3D('',#9601,#7298,#7299);
#6283=AXIS2_PLACEMENT_3D('',#9603,#7300,#7301);
#6284=AXIS2_PLACEMENT_3D('',#9605,#7302,#7303);
#6285=AXIS2_PLACEMENT_3D('',#9607,#7304,#7305);
#6286=AXIS2_PLACEMENT_3D('',#9609,#7306,#7307);
#6287=AXIS2_PLACEMENT_3D('',#9620,#7309,#7310);
#6288=AXIS2_PLACEMENT_3D('',#9624,#7313,#7314);
#6289=AXIS2_PLACEMENT_3D('',#9632,#7319,#7320);
#6290=AXIS2_PLACEMENT_3D('',#9638,#7324,#7325);
#6291=AXIS2_PLACEMENT_3D('',#9642,#7328,#7329);
#6292=AXIS2_PLACEMENT_3D('',#9646,#7332,#7333);
#6293=AXIS2_PLACEMENT_3D('',#9650,#7336,#7337);
#6294=AXIS2_PLACEMENT_3D('',#9656,#7341,#7342);
#6295=AXIS2_PLACEMENT_3D('',#9658,#7344,#7345);
#6296=AXIS2_PLACEMENT_3D('',#9659,#7346,#7347);
#6297=AXIS2_PLACEMENT_3D('',#9660,#7348,#7349);
#6298=AXIS2_PLACEMENT_3D('',#9664,#7351,#7352);
#6299=AXIS2_PLACEMENT_3D('',#9666,#7354,#7355);
#6300=AXIS2_PLACEMENT_3D('',#9668,#7356,#7357);
#6301=AXIS2_PLACEMENT_3D('',#9671,#7359,#7360);
#6302=AXIS2_PLACEMENT_3D('',#9672,#7361,#7362);
#6303=AXIS2_PLACEMENT_3D('',#9676,#7364,#7365);
#6304=AXIS2_PLACEMENT_3D('',#9680,#7367,#7368);
#6305=AXIS2_PLACEMENT_3D('',#9681,#7369,#7370);
#6306=AXIS2_PLACEMENT_3D('',#9683,#7371,#7372);
#6307=AXIS2_PLACEMENT_3D('',#9687,#7374,#7375);
#6308=AXIS2_PLACEMENT_3D('',#9689,#7377,#7378);
#6309=AXIS2_PLACEMENT_3D('',#9744,#7386,#7387);
#6310=AXIS2_PLACEMENT_3D('',#9759,#7390,#7391);
#6311=AXIS2_PLACEMENT_3D('',#9762,#7393,#7394);
#6312=AXIS2_PLACEMENT_3D('',#9763,#7395,#7396);
#6313=AXIS2_PLACEMENT_3D('',#9765,#7397,#7398);
#6314=AXIS2_PLACEMENT_3D('',#9766,#7399,#7400);
#6315=AXIS2_PLACEMENT_3D('',#9827,#7402,#7403);
#6316=AXIS2_PLACEMENT_3D('',#9828,#7404,#7405);
#6317=AXIS2_PLACEMENT_3D('',#9831,#7408,#7409);
#6318=AXIS2_PLACEMENT_3D('',#9920,#7414,#7415);
#6319=AXIS2_PLACEMENT_3D('',#9922,#7416,#7417);
#6320=AXIS2_PLACEMENT_3D('',#9924,#7418,#7419);
#6321=AXIS2_PLACEMENT_3D('',#10034,#7421,#7422);
#6322=AXIS2_PLACEMENT_3D('',#10045,#7423,#7424);
#6323=AXIS2_PLACEMENT_3D('',#10065,#7426,#7427);
#6324=AXIS2_PLACEMENT_3D('',#10066,#7428,#7429);
#6325=AXIS2_PLACEMENT_3D('',#10073,#7430,#7431);
#6326=AXIS2_PLACEMENT_3D('',#10110,#7435,#7436);
#6327=AXIS2_PLACEMENT_3D('',#10119,#7441,#7442);
#6328=AXIS2_PLACEMENT_3D('',#10124,#7444,#7445);
#6329=AXIS2_PLACEMENT_3D('',#10135,#7451,#7452);
#6330=AXIS2_PLACEMENT_3D('',#10139,#7454,#7455);
#6331=AXIS2_PLACEMENT_3D('',#10149,#7461,#7462);
#6332=AXIS2_PLACEMENT_3D('',#10150,#7463,#7464);
#6333=AXIS2_PLACEMENT_3D('',#10154,#7467,#7468);
#6334=AXIS2_PLACEMENT_3D('',#10157,#7469,#7470);
#6335=AXIS2_PLACEMENT_3D('',#10161,#7472,#7473);
#6336=AXIS2_PLACEMENT_3D('',#10239,#7475,#7476);
#6337=AXIS2_PLACEMENT_3D('',#10243,#7478,#7479);
#6338=AXIS2_PLACEMENT_3D('',#10245,#7480,#7481);
#6339=AXIS2_PLACEMENT_3D('',#10248,#7483,#7484);
#6340=AXIS2_PLACEMENT_3D('',#10249,#7485,#7486);
#6341=AXIS2_PLACEMENT_3D('',#10284,#7489,#7490);
#6342=AXIS2_PLACEMENT_3D('',#10304,#7491,#7492);
#6343=AXIS2_PLACEMENT_3D('',#10371,#7493,#7494);
#6344=AXIS2_PLACEMENT_3D('',#10372,#7495,#7496);
#6345=AXIS2_PLACEMENT_3D('',#10404,#7497,#7498);
#6346=AXIS2_PLACEMENT_3D('',#10444,#7499,#7500);
#6347=AXIS2_PLACEMENT_3D('',#10452,#7501,#7502);
#6348=AXIS2_PLACEMENT_3D('',#10453,#7503,#7504);
#6349=AXIS2_PLACEMENT_3D('',#10454,#7505,#7506);
#6350=AXIS2_PLACEMENT_3D('',#10456,#7507,#7508);
#6351=AXIS2_PLACEMENT_3D('',#10458,#7509,#7510);
#6352=AXIS2_PLACEMENT_3D('',#10536,#7513,#7514);
#6353=AXIS2_PLACEMENT_3D('',#10539,#7516,#7517);
#6354=AXIS2_PLACEMENT_3D('',#10540,#7518,#7519);
#6355=AXIS2_PLACEMENT_3D('',#10543,#7521,#7522);
#6356=AXIS2_PLACEMENT_3D('',#10544,#7523,#7524);
#6357=AXIS2_PLACEMENT_3D('',#10547,#7526,#7527);
#6358=AXIS2_PLACEMENT_3D('',#10548,#7528,#7529);
#6359=AXIS2_PLACEMENT_3D('',#10549,#7530,#7531);
#6360=AXIS2_PLACEMENT_3D('',#10552,#7533,#7534);
#6361=AXIS2_PLACEMENT_3D('',#10583,#7535,#7536);
#6362=AXIS2_PLACEMENT_3D('',#10585,#7537,#7538);
#6363=AXIS2_PLACEMENT_3D('',#10586,#7539,#7540);
#6364=AXIS2_PLACEMENT_3D('',#10587,#7541,#7542);
#6365=AXIS2_PLACEMENT_3D('',#10589,#7543,#7544);
#6366=AXIS2_PLACEMENT_3D('',#10612,#7546,#7547);
#6367=AXIS2_PLACEMENT_3D('',#10613,#7548,#7549);
#6368=AXIS2_PLACEMENT_3D('',#10639,#7550,#7551);
#6369=AXIS2_PLACEMENT_3D('',#10704,#7552,#7553);
#6370=AXIS2_PLACEMENT_3D('',#10706,#7555,#7556);
#6371=AXIS2_PLACEMENT_3D('',#10708,#7557,#7558);
#6372=AXIS2_PLACEMENT_3D('',#10732,#7560,#7561);
#6373=AXIS2_PLACEMENT_3D('',#10733,#7562,#7563);
#6374=AXIS2_PLACEMENT_3D('',#10734,#7564,#7565);
#6375=AXIS2_PLACEMENT_3D('',#10761,#7566,#7567);
#6376=AXIS2_PLACEMENT_3D('',#10836,#7568,#7569);
#6377=AXIS2_PLACEMENT_3D('',#10838,#7570,#7571);
#6378=AXIS2_PLACEMENT_3D('',#10840,#7572,#7573);
#6379=AXIS2_PLACEMENT_3D('',#10863,#7575,#7576);
#6380=AXIS2_PLACEMENT_3D('',#10916,#7577,#7578);
#6381=AXIS2_PLACEMENT_3D('',#10918,#7580,#7581);
#6382=AXIS2_PLACEMENT_3D('',#10919,#7582,#7583);
#6383=AXIS2_PLACEMENT_3D('',#10945,#7585,#7586);
#6384=AXIS2_PLACEMENT_3D('',#10947,#7587,#7588);
#6385=AXIS2_PLACEMENT_3D('',#10952,#7592,#7593);
#6386=AXIS2_PLACEMENT_3D('',#10958,#7596,#7597);
#6387=AXIS2_PLACEMENT_3D('',#10962,#7600,#7601);
#6388=AXIS2_PLACEMENT_3D('',#10965,#7603,#7604);
#6389=AXIS2_PLACEMENT_3D('',#10967,#7605,#7606);
#6390=AXIS2_PLACEMENT_3D('',#10969,#7608,#7609);
#6391=AXIS2_PLACEMENT_3D('',#10970,#7610,#7611);
#6392=AXIS2_PLACEMENT_3D('',#10971,#7612,#7613);
#6393=AXIS2_PLACEMENT_3D('',#11013,#7614,#7615);
#6394=AXIS2_PLACEMENT_3D('',#11046,#7616,#7617);
#6395=AXIS2_PLACEMENT_3D('',#11047,#7618,#7619);
#6396=AXIS2_PLACEMENT_3D('',#11049,#7620,#7621);
#6397=AXIS2_PLACEMENT_3D('',#11051,#7622,#7623);
#6398=AXIS2_PLACEMENT_3D('',#11062,#7625,#7626);
#6399=AXIS2_PLACEMENT_3D('',#11075,#7633,#7634);
#6400=AXIS2_PLACEMENT_3D('',#11076,#7635,#7636);
#6401=AXIS2_PLACEMENT_3D('',#11078,#7637,#7638);
#6402=AXIS2_PLACEMENT_3D('',#11080,#7640,#7641);
#6403=AXIS2_PLACEMENT_3D('',#11081,#7642,#7643);
#6404=AXIS2_PLACEMENT_3D('',#11083,#7644,#7645);
#6405=AXIS2_PLACEMENT_3D('',#11085,#7647,#7648);
#6406=AXIS2_PLACEMENT_3D('',#11087,#7649,#7650);
#6407=AXIS2_PLACEMENT_3D('',#11089,#7652,#7653);
#6408=AXIS2_PLACEMENT_3D('',#11103,#7661,#7662);
#6409=AXIS2_PLACEMENT_3D('',#11109,#7666,#7667);
#6410=AXIS2_PLACEMENT_3D('',#11111,#7669,#7670);
#6411=AXIS2_PLACEMENT_3D('',#11116,#7673,#7674);
#6412=AXIS2_PLACEMENT_3D('',#11117,#7675,#7676);
#6413=AXIS2_PLACEMENT_3D('',#11123,#7680,#7681);
#6414=AXIS2_PLACEMENT_3D('',#11127,#7684,#7685);
#6415=AXIS2_PLACEMENT_3D('',#11129,#7686,#7687);
#6416=AXIS2_PLACEMENT_3D('',#11133,#7690,#7691);
#6417=AXIS2_PLACEMENT_3D('',#11134,#7692,#7693);
#6418=AXIS2_PLACEMENT_3D('',#11137,#7695,#7696);
#6419=AXIS2_PLACEMENT_3D('',#11141,#7698,#7699);
#6420=AXIS2_PLACEMENT_3D('',#11143,#7701,#7702);
#6421=AXIS2_PLACEMENT_3D('',#11150,#7706,#7707);
#6422=AXIS2_PLACEMENT_3D('',#11158,#7709,#7710);
#6423=AXIS2_PLACEMENT_3D('',#11159,#7711,#7712);
#6424=AXIS2_PLACEMENT_3D('',#11160,#7713,#7714);
#6425=AXIS2_PLACEMENT_3D('',#11162,#7715,#7716);
#6426=AXIS2_PLACEMENT_3D('',#11166,#7718,#7719);
#6427=AXIS2_PLACEMENT_3D('',#11169,#7721,#7722);
#6428=AXIS2_PLACEMENT_3D('',#11171,#7723,#7724);
#6429=AXIS2_PLACEMENT_3D('',#11172,#7725,#7726);
#6430=AXIS2_PLACEMENT_3D('',#11178,#7730,#7731);
#6431=AXIS2_PLACEMENT_3D('',#11184,#7735,#7736);
#6432=AXIS2_PLACEMENT_3D('',#11193,#7742,#7743);
#6433=AXIS2_PLACEMENT_3D('',#11197,#7746,#7747);
#6434=AXIS2_PLACEMENT_3D('',#11200,#7749,#7750);
#6435=AXIS2_PLACEMENT_3D('',#11207,#7751,#7752);
#6436=AXIS2_PLACEMENT_3D('',#11208,#7753,#7754);
#6437=AXIS2_PLACEMENT_3D('',#11209,#7755,#7756);
#6438=AXIS2_PLACEMENT_3D('',#11219,#7759,#7760);
#6439=AXIS2_PLACEMENT_3D('',#11227,#7765,#7766);
#6440=AXIS2_PLACEMENT_3D('',#11229,#7767,#7768);
#6441=AXIS2_PLACEMENT_3D('',#11244,#7770,#7771);
#6442=AXIS2_PLACEMENT_3D('',#11246,#7772,#7773);
#6443=AXIS2_PLACEMENT_3D('',#11251,#7776,#7777);
#6444=AXIS2_PLACEMENT_3D('',#11257,#7781,#7782);
#6445=AXIS2_PLACEMENT_3D('',#11259,#7783,#7784);
#6446=AXIS2_PLACEMENT_3D('',#11261,#7785,#7786);
#6447=AXIS2_PLACEMENT_3D('',#11263,#7788,#7789);
#6448=AXIS2_PLACEMENT_3D('',#11269,#7793,#7794);
#6449=AXIS2_PLACEMENT_3D('',#11275,#7798,#7799);
#6450=AXIS2_PLACEMENT_3D('',#11277,#7801,#7802);
#6451=AXIS2_PLACEMENT_3D('',#11281,#7804,#7805);
#6452=AXIS2_PLACEMENT_3D('',#11283,#7807,#7808);
#6453=AXIS2_PLACEMENT_3D('',#11284,#7809,#7810);
#6454=AXIS2_PLACEMENT_3D('',#11285,#7811,#7812);
#6455=AXIS2_PLACEMENT_3D('',#11286,#7813,#7814);
#6456=AXIS2_PLACEMENT_3D('',#11287,#7815,#7816);
#6457=AXIS2_PLACEMENT_3D('',#11289,#7818,#7819);
#6458=AXIS2_PLACEMENT_3D('',#11292,#7822,#7823);
#6459=AXIS2_PLACEMENT_3D('',#11293,#7824,#7825);
#6460=AXIS2_PLACEMENT_3D('',#11295,#7827,#7828);
#6461=AXIS2_PLACEMENT_3D('',#11296,#7829,#7830);
#6462=AXIS2_PLACEMENT_3D('',#11297,#7831,#7832);
#6463=AXIS2_PLACEMENT_3D('',#11298,#7833,#7834);
#6464=AXIS2_PLACEMENT_3D('',#11299,#7835,#7836);
#6465=AXIS2_PLACEMENT_3D('',#11300,#7837,#7838);
#6466=AXIS2_PLACEMENT_3D('',#11301,#7839,#7840);
#6467=AXIS2_PLACEMENT_3D('',#11303,#7842,#7843);
#6468=AXIS2_PLACEMENT_3D('',#11305,#7845,#7846);
#6469=AXIS2_PLACEMENT_3D('',#11309,#7849,#7850);
#6470=AXIS2_PLACEMENT_3D('',#11313,#7853,#7854);
#6471=AXIS2_PLACEMENT_3D('',#11315,#7856,#7857);
#6472=AXIS2_PLACEMENT_3D('',#11316,#7858,#7859);
#6473=AXIS2_PLACEMENT_3D('',#11318,#7861,#7862);
#6474=AXIS2_PLACEMENT_3D('',#11320,#7864,#7865);
#6475=AXIS2_PLACEMENT_3D('',#11321,#7866,#7867);
#6476=AXIS2_PLACEMENT_3D('',#11323,#7869,#7870);
#6477=AXIS2_PLACEMENT_3D('',#11325,#7872,#7873);
#6478=AXIS2_PLACEMENT_3D('',#11326,#7874,#7875);
#6479=AXIS2_PLACEMENT_3D('',#11327,#7876,#7877);
#6480=AXIS2_PLACEMENT_3D('',#11330,#7879,#7880);
#6481=AXIS2_PLACEMENT_3D('',#11331,#7881,#7882);
#6482=AXIS2_PLACEMENT_3D('',#11333,#7883,#7884);
#6483=AXIS2_PLACEMENT_3D('',#11334,#7885,#7886);
#6484=AXIS2_PLACEMENT_3D('',#11337,#7888,#7889);
#6485=AXIS2_PLACEMENT_3D('',#11338,#7890,#7891);
#6486=AXIS2_PLACEMENT_3D('',#11340,#7892,#7893);
#6487=AXIS2_PLACEMENT_3D('',#11341,#7894,#7895);
#6488=AXIS2_PLACEMENT_3D('',#11343,#7897,#7898);
#6489=AXIS2_PLACEMENT_3D('',#11345,#7899,#7900);
#6490=AXIS2_PLACEMENT_3D('',#11348,#7902,#7903);
#6491=AXIS2_PLACEMENT_3D('',#11349,#7904,#7905);
#6492=AXIS2_PLACEMENT_3D('',#11351,#7907,#7908);
#6493=AXIS2_PLACEMENT_3D('',#11353,#7910,#7911);
#6494=AXIS2_PLACEMENT_3D('',#11355,#7912,#7913);
#6495=AXIS2_PLACEMENT_3D('',#11356,#7914,#7915);
#6496=AXIS2_PLACEMENT_3D('',#11358,#7916,#7917);
#6497=AXIS2_PLACEMENT_3D('',#11359,#7918,#7919);
#6498=AXIS2_PLACEMENT_3D('',#11362,#7921,#7922);
#6499=AXIS2_PLACEMENT_3D('',#11363,#7923,#7924);
#6500=AXIS2_PLACEMENT_3D('',#11366,#7926,#7927);
#6501=AXIS2_PLACEMENT_3D('',#11367,#7928,#7929);
#6502=AXIS2_PLACEMENT_3D('',#11370,#7931,#7932);
#6503=AXIS2_PLACEMENT_3D('',#11371,#7933,#7934);
#6504=AXIS2_PLACEMENT_3D('',#11373,#7935,#7936);
#6505=AXIS2_PLACEMENT_3D('',#11374,#7937,#7938);
#6506=AXIS2_PLACEMENT_3D('',#11377,#7940,#7941);
#6507=AXIS2_PLACEMENT_3D('',#11378,#7942,#7943);
#6508=AXIS2_PLACEMENT_3D('',#11381,#7945,#7946);
#6509=AXIS2_PLACEMENT_3D('',#11382,#7947,#7948);
#6510=AXIS2_PLACEMENT_3D('',#11384,#7949,#7950);
#6511=AXIS2_PLACEMENT_3D('',#11385,#7951,#7952);
#6512=AXIS2_PLACEMENT_3D('',#11387,#7953,#7954);
#6513=AXIS2_PLACEMENT_3D('',#11388,#7955,#7956);
#6514=AXIS2_PLACEMENT_3D('',#11398,#7959,#7960);
#6515=AXIS2_PLACEMENT_3D('',#11399,#7961,#7962);
#6516=AXIS2_PLACEMENT_3D('',#11401,#7964,#7965);
#6517=AXIS2_PLACEMENT_3D('',#11403,#7967,#7968);
#6518=AXIS2_PLACEMENT_3D('',#11405,#7970,#7971);
#6519=AXIS2_PLACEMENT_3D('',#11410,#7972,#7973);
#6520=AXIS2_PLACEMENT_3D('',#11446,#7975,#7976);
#6521=AXIS2_PLACEMENT_3D('',#11447,#7977,#7978);
#6522=AXIS2_PLACEMENT_3D('',#11450,#7980,#7981);
#6523=AXIS2_PLACEMENT_3D('',#11582,#7982,#7983);
#6524=AXIS2_PLACEMENT_3D('',#11584,#7984,#7985);
#6525=AXIS2_PLACEMENT_3D('',#11585,#7986,#7987);
#6526=AXIS2_PLACEMENT_3D('',#11587,#7988,#7989);
#6527=AXIS2_PLACEMENT_3D('',#11588,#7990,#7991);
#6528=AXIS2_PLACEMENT_3D('',#11590,#7992,#7993);
#6529=AXIS2_PLACEMENT_3D('',#11591,#7994,#7995);
#6530=AXIS2_PLACEMENT_3D('',#11667,#7997,#7998);
#6531=AXIS2_PLACEMENT_3D('',#11668,#7999,#8000);
#6532=AXIS2_PLACEMENT_3D('',#11669,#8001,#8002);
#6533=AXIS2_PLACEMENT_3D('',#11671,#8004,#8005);
#6534=AXIS2_PLACEMENT_3D('',#11681,#8006,#8007);
#6535=AXIS2_PLACEMENT_3D('',#11692,#8009,#8010);
#6536=AXIS2_PLACEMENT_3D('',#11693,#8011,#8012);
#6537=AXIS2_PLACEMENT_3D('',#11696,#8013,#8014);
#6538=AXIS2_PLACEMENT_3D('',#11700,#8016,#8017);
#6539=AXIS2_PLACEMENT_3D('',#11745,#8020,#8021);
#6540=AXIS2_PLACEMENT_3D('',#11790,#8024,#8025);
#6541=AXIS2_PLACEMENT_3D('',#11793,#8026,#8027);
#6542=AXIS2_PLACEMENT_3D('',#11797,#8029,#8030);
#6543=AXIS2_PLACEMENT_3D('',#11799,#8032,#8033);
#6544=AXIS2_PLACEMENT_3D('',#11830,#8034,#8035);
#6545=AXIS2_PLACEMENT_3D('',#11831,#8036,#8037);
#6546=AXIS2_PLACEMENT_3D('',#11878,#8041,#8042);
#6547=AXIS2_PLACEMENT_3D('',#11925,#8046,#8047);
#6548=AXIS2_PLACEMENT_3D('',#11955,#8049,#8050);
#6549=AXIS2_PLACEMENT_3D('',#11957,#8052,#8053);
#6550=AXIS2_PLACEMENT_3D('',#11958,#8054,#8055);
#6551=AXIS2_PLACEMENT_3D('',#11960,#8057,#8058);
#6552=AXIS2_PLACEMENT_3D('',#11962,#8060,#8061);
#6553=AXIS2_PLACEMENT_3D('',#11964,#8063,#8064);
#6554=AXIS2_PLACEMENT_3D('',#11966,#8066,#8067);
#6555=AXIS2_PLACEMENT_3D('',#11968,#8069,#8070);
#6556=AXIS2_PLACEMENT_3D('',#11970,#8072,#8073);
#6557=AXIS2_PLACEMENT_3D('',#11971,#8074,#8075);
#6558=AXIS2_PLACEMENT_3D('',#11974,#8078,#8079);
#6559=AXIS2_PLACEMENT_3D('',#11977,#8080,#8081);
#6560=AXIS2_PLACEMENT_3D('',#11980,#8084,#8085);
#6561=AXIS2_PLACEMENT_3D('',#11988,#8090,#8091);
#6562=AXIS2_PLACEMENT_3D('',#11993,#8095,#8096);
#6563=AXIS2_PLACEMENT_3D('',#11994,#8097,#8098);
#6564=AXIS2_PLACEMENT_3D('',#11995,#8099,#8100);
#6565=AXIS2_PLACEMENT_3D('',#11998,#8103,#8104);
#6566=AXIS2_PLACEMENT_3D('',#12000,#8106,#8107);
#6567=AXIS2_PLACEMENT_3D('',#12001,#8108,#8109);
#6568=AXIS2_PLACEMENT_3D('',#12003,#8111,#8112);
#6569=AXIS2_PLACEMENT_3D('',#12009,#8116,#8117);
#6570=AXIS2_PLACEMENT_3D('',#12013,#8120,#8121);
#6571=AXIS2_PLACEMENT_3D('',#12015,#8123,#8124);
#6572=AXIS2_PLACEMENT_3D('',#12017,#8126,#8127);
#6573=AXIS2_PLACEMENT_3D('',#12021,#8130,#8131);
#6574=AXIS2_PLACEMENT_3D('',#12024,#8133,#8134);
#6575=AXIS2_PLACEMENT_3D('',#12025,#8135,#8136);
#6576=AXIS2_PLACEMENT_3D('',#12026,#8137,#8138);
#6577=AXIS2_PLACEMENT_3D('',#12027,#8139,#8140);
#6578=AXIS2_PLACEMENT_3D('',#12029,#8142,#8143);
#6579=AXIS2_PLACEMENT_3D('',#12030,#8144,#8145);
#6580=AXIS2_PLACEMENT_3D('',#12031,#8146,#8147);
#6581=AXIS2_PLACEMENT_3D('',#12033,#8149,#8150);
#6582=AXIS2_PLACEMENT_3D('',#12035,#8152,#8153);
#6583=AXIS2_PLACEMENT_3D('',#12037,#8155,#8156);
#6584=AXIS2_PLACEMENT_3D('',#12040,#8159,#8160);
#6585=AXIS2_PLACEMENT_3D('',#12041,#8161,#8162);
#6586=AXIS2_PLACEMENT_3D('',#12043,#8164,#8165);
#6587=AXIS2_PLACEMENT_3D('',#12045,#8167,#8168);
#6588=AXIS2_PLACEMENT_3D('',#12047,#8170,#8171);
#6589=AXIS2_PLACEMENT_3D('',#12048,#8172,#8173);
#6590=AXIS2_PLACEMENT_3D('',#12049,#8174,#8175);
#6591=AXIS2_PLACEMENT_3D('',#12053,#8178,#8179);
#6592=AXIS2_PLACEMENT_3D('',#12057,#8182,#8183);
#6593=AXIS2_PLACEMENT_3D('',#12059,#8185,#8186);
#6594=DIRECTION('axis',(0.,0.,1.));
#6595=DIRECTION('refdir',(1.,0.,0.));
#6596=DIRECTION('center_axis',(0.,-1.,0.));
#6597=DIRECTION('ref_axis',(0.,0.,1.));
#6598=DIRECTION('',(0.,0.,-1.));
#6599=DIRECTION('center_axis',(0.,-1.,0.));
#6600=DIRECTION('ref_axis',(-0.707106781186547,0.,0.707106781186547));
#6601=DIRECTION('',(0.,0.,1.));
#6602=DIRECTION('',(-1.,0.,0.));
#6603=DIRECTION('center_axis',(0.,1.,0.));
#6604=DIRECTION('ref_axis',(1.,0.,0.));
#6605=DIRECTION('center_axis',(0.,0.,1.));
#6606=DIRECTION('ref_axis',(-1.,0.,0.));
#6607=DIRECTION('center_axis',(0.,0.,1.));
#6608=DIRECTION('ref_axis',(1.,1.616548519429E-29,0.));
#6609=DIRECTION('',(-9.25184300908378E-17,1.,0.));
#6610=DIRECTION('center_axis',(-5.92163595887372E-17,1.43773732865809E-17,
-1.));
#6611=DIRECTION('ref_axis',(1.,1.616548519429E-29,0.));
#6612=DIRECTION('',(-1.,2.46519032881566E-32,6.52400927851083E-97));
#6613=DIRECTION('',(0.,-1.,0.));
#6614=DIRECTION('',(-1.,2.46519032881566E-32,6.52400927851083E-97));
#6615=DIRECTION('center_axis',(0.,0.,1.));
#6616=DIRECTION('ref_axis',(1.,1.616548519429E-29,0.));
#6617=DIRECTION('',(-1.,2.46519032881566E-32,6.52400927851083E-97));
#6618=DIRECTION('',(-1.,2.46519032881566E-32,6.52400927851083E-97));
#6619=DIRECTION('center_axis',(-5.92163595887372E-17,1.43773732865809E-17,
-1.));
#6620=DIRECTION('ref_axis',(1.,1.616548519429E-29,0.));
#6621=DIRECTION('',(0.,-1.,0.));
#6622=DIRECTION('center_axis',(5.92163595887372E-17,-1.43773732865809E-17,
1.));
#6623=DIRECTION('ref_axis',(1.,1.61654851942901E-29,0.));
#6624=DIRECTION('center_axis',(0.,0.,-1.));
#6625=DIRECTION('ref_axis',(1.,1.61654851942901E-29,0.));
#6626=DIRECTION('center_axis',(0.,1.,0.));
#6627=DIRECTION('ref_axis',(-1.,0.,0.));
#6628=DIRECTION('',(1.,0.,0.));
#6629=DIRECTION('',(-1.,0.,0.));
#6630=DIRECTION('',(9.25185853854297E-17,0.,1.));
#6631=DIRECTION('',(-1.,0.,0.));
#6632=DIRECTION('',(-1.,0.,0.));
#6633=DIRECTION('center_axis',(0.,1.,0.));
#6634=DIRECTION('ref_axis',(-1.,0.,3.76194497362704E-14));
#6635=DIRECTION('center_axis',(0.,1.,0.));
#6636=DIRECTION('ref_axis',(0.995633178820805,1.0093459334096E-18,0.0933518785626701));
#6637=DIRECTION('',(0.0874829492110121,0.,-0.99616601708618));
#6638=DIRECTION('',(-1.,0.,0.));
#6639=DIRECTION('center_axis',(1.,0.,0.));
#6640=DIRECTION('ref_axis',(0.,1.,0.));
#6641=DIRECTION('',(0.,1.,0.));
#6642=DIRECTION('',(0.,1.34226243740828E-47,-1.));
#6643=DIRECTION('',(0.,-1.,0.));
#6644=DIRECTION('center_axis',(0.,1.,0.));
#6645=DIRECTION('ref_axis',(0.707106781186547,0.,0.707106781186547));
#6646=DIRECTION('center_axis',(-1.34226243740828E-47,-1.,-1.34226243740828E-47));
#6647=DIRECTION('ref_axis',(0.707106781186547,0.,0.707106781186547));
#6648=DIRECTION('',(0.,1.,0.));
#6649=DIRECTION('center_axis',(-8.60422844084496E-16,-1.,1.24900090270329E-16));
#6650=DIRECTION('ref_axis',(-0.707106781186547,0.,0.707106781186547));
#6651=DIRECTION('',(0.,-1.,0.));
#6652=DIRECTION('center_axis',(-1.34226243740828E-47,-1.,-1.34226243740828E-47));
#6653=DIRECTION('ref_axis',(0.707106781186547,0.,0.707106781186547));
#6654=DIRECTION('',(0.,1.,0.));
#6655=DIRECTION('center_axis',(1.34226243740828E-47,1.,1.34226243740828E-47));
#6656=DIRECTION('ref_axis',(0.707106781186547,0.,0.707106781186547));
#6657=DIRECTION('',(0.,-1.,0.));
#6658=DIRECTION('center_axis',(0.,1.,0.));
#6659=DIRECTION('ref_axis',(0.707106781186547,0.,0.707106781186547));
#6660=DIRECTION('',(0.,1.,0.));
#6661=DIRECTION('center_axis',(1.34226243740828E-47,1.,1.34226243740828E-47));
#6662=DIRECTION('ref_axis',(0.707106781186547,0.,0.707106781186547));
#6663=DIRECTION('',(0.,-1.,0.));
#6664=DIRECTION('center_axis',(0.,-1.,0.));
#6665=DIRECTION('ref_axis',(-0.707106781186547,0.,0.707106781186547));
#6666=DIRECTION('',(0.,-1.,0.));
#6667=DIRECTION('center_axis',(1.34226243740828E-47,-1.,-1.34226243740828E-47));
#6668=DIRECTION('ref_axis',(-0.707106781186547,0.,0.707106781186547));
#6669=DIRECTION('',(0.,1.,0.));
#6670=DIRECTION('center_axis',(-1.34226243740828E-47,1.,1.34226243740828E-47));
#6671=DIRECTION('ref_axis',(-0.707106781186547,0.,0.707106781186547));
#6672=DIRECTION('',(0.,-1.,0.));
#6673=DIRECTION('center_axis',(0.,1.,0.));
#6674=DIRECTION('ref_axis',(0.707106781186547,0.,0.707106781186547));
#6675=DIRECTION('',(0.,1.,0.));
#6676=DIRECTION('center_axis',(-1.34226243740828E-47,1.,1.34226243740828E-47));
#6677=DIRECTION('ref_axis',(-0.707106781186547,0.,0.707106781186547));
#6678=DIRECTION('',(0.,-1.,0.));
#6679=DIRECTION('center_axis',(1.34226243740828E-47,-1.,-1.34226243740828E-47));
#6680=DIRECTION('ref_axis',(-0.707106781186547,0.,0.707106781186547));
#6681=DIRECTION('center_axis',(-1.,0.,0.));
#6682=DIRECTION('ref_axis',(0.,-1.,0.));
#6683=DIRECTION('',(0.,1.34226243740828E-47,-1.));
#6684=DIRECTION('',(0.,1.,0.));
#6685=DIRECTION('',(0.,0.,1.));
#6686=DIRECTION('center_axis',(1.,0.,0.));
#6687=DIRECTION('ref_axis',(0.,1.,0.));
#6688=DIRECTION('',(0.,-1.34226243740828E-47,1.));
#6689=DIRECTION('',(0.,0.,1.));
#6690=DIRECTION('',(0.,-1.,0.));
#6691=DIRECTION('center_axis',(-1.,0.,0.));
#6692=DIRECTION('ref_axis',(0.,-1.,0.));
#6693=DIRECTION('',(0.,1.34226243740828E-47,-1.));
#6694=DIRECTION('',(0.,1.,0.));
#6695=DIRECTION('',(0.,0.,1.));
#6696=DIRECTION('center_axis',(1.,0.,0.));
#6697=DIRECTION('ref_axis',(0.,1.,0.));
#6698=DIRECTION('',(0.,-1.34226243740828E-47,1.));
#6699=DIRECTION('',(0.,0.,1.));
#6700=DIRECTION('',(0.,-1.,0.));
#6701=DIRECTION('center_axis',(0.0717039676840553,-0.471559102737441,0.878914417701646));
#6702=DIRECTION('ref_axis',(0.988635988957148,0.150329243125618,4.27435864480686E-14));
#6703=DIRECTION('center_axis',(0.,0.,1.));
#6704=DIRECTION('ref_axis',(0.988635988957147,0.150329243125627,0.));
#6705=DIRECTION('center_axis',(0.,0.,1.));
#6706=DIRECTION('ref_axis',(0.651793969316369,0.758396084880989,0.));
#6707=DIRECTION('',(0.,0.,1.));
#6708=DIRECTION('',(0.,0.,-1.));
#6709=DIRECTION('center_axis',(0.988635988957147,0.150329243125627,0.));
#6710=DIRECTION('ref_axis',(-0.150329243125627,0.988635988957147,0.));
#6711=DIRECTION('center_axis',(0.988635988957147,0.150329243125627,0.));
#6712=DIRECTION('ref_axis',(-0.150329243125628,0.988635988957147,0.));
#6713=DIRECTION('',(-0.150329243125627,0.988635988957147,0.));
#6714=DIRECTION('',(0.106904523755365,-0.703054557911634,0.703054557911628));
#6715=DIRECTION('',(-0.150329243125627,0.988635988957147,0.));
#6716=DIRECTION('center_axis',(0.988635988957147,0.150329243125627,0.));
#6717=DIRECTION('ref_axis',(-0.150329243125627,0.988635988957147,4.35791751346351E-17));
#6718=DIRECTION('center_axis',(-0.999431180974325,-0.0337240937056298,1.47945534486134E-15));
#6719=DIRECTION('ref_axis',(-0.0337240937056298,0.999431180974325,0.));
#6720=DIRECTION('center_axis',(0.150329243125628,-0.988635988957147,0.));
#6721=DIRECTION('ref_axis',(0.988635988957147,0.150329243125628,0.));
#6722=DIRECTION('center_axis',(0.,0.,1.));
#6723=DIRECTION('ref_axis',(-0.651793969316367,0.758396084880991,0.));
#6724=DIRECTION('center_axis',(0.,0.,-1.));
#6725=DIRECTION('ref_axis',(-0.988635988957147,0.150329243125626,0.));
#6726=DIRECTION('',(0.,0.,-1.));
#6727=DIRECTION('',(0.,0.,1.));
#6728=DIRECTION('center_axis',(0.0717039676841423,0.471559102737459,-0.878914417701629));
#6729=DIRECTION('ref_axis',(-0.988635988957147,0.150329243125631,-4.49640324973188E-14));
#6730=DIRECTION('center_axis',(-0.988635988957147,0.150329243125627,0.));
#6731=DIRECTION('ref_axis',(0.150329243125627,0.988635988957147,0.));
#6732=DIRECTION('center_axis',(0.149997785989194,0.986456170532853,0.0663693288801293));
#6733=DIRECTION('ref_axis',(-0.988635988957147,0.150329243125628,0.));
#6734=DIRECTION('center_axis',(0.999431180974325,-0.0337240937056298,-1.47945534486134E-15));
#6735=DIRECTION('ref_axis',(0.0337240937056298,0.999431180974325,0.));
#6736=DIRECTION('center_axis',(-0.988635988957147,0.150329243125627,0.));
#6737=DIRECTION('ref_axis',(-0.150329243125627,-0.988635988957147,0.));
#6738=DIRECTION('center_axis',(-0.988635988957147,0.150329243125627,0.));
#6739=DIRECTION('ref_axis',(0.150329243125627,0.988635988957147,4.35791751346351E-17));
#6740=DIRECTION('',(0.150329243125627,0.988635988957147,0.));
#6741=DIRECTION('',(0.,0.,-1.));
#6742=DIRECTION('center_axis',(-0.988635988957147,0.150329243125627,0.));
#6743=DIRECTION('ref_axis',(0.150329243125627,0.988635988957147,0.));
#6744=DIRECTION('center_axis',(-0.264224325521375,-0.964461251581822,0.));
#6745=DIRECTION('ref_axis',(0.,0.,1.));
#6746=DIRECTION('center_axis',(0.,0.,1.));
#6747=DIRECTION('ref_axis',(1.,0.,0.));
#6748=DIRECTION('center_axis',(0.,0.,1.));
#6749=DIRECTION('ref_axis',(-0.150329243125627,-0.988635988957147,0.));
#6750=DIRECTION('',(-1.,0.,0.));
#6751=DIRECTION('',(0.0434824601872596,-0.999054190550274,0.));
#6752=DIRECTION('',(1.,0.,0.));
#6753=DIRECTION('center_axis',(1.,0.,0.));
#6754=DIRECTION('ref_axis',(0.,0.,-1.));
#6755=DIRECTION('',(0.,-1.,-1.43773732865809E-17));
#6756=DIRECTION('',(0.,0.,1.));
#6757=DIRECTION('',(0.,-1.,0.));
#6758=DIRECTION('center_axis',(0.,-1.,0.));
#6759=DIRECTION('ref_axis',(0.,0.,-1.));
#6760=DIRECTION('',(-1.,0.,0.));
#6761=DIRECTION('',(-0.707106781186547,1.74315279842104E-32,-0.707106781186548));
#6762=DIRECTION('',(-1.59862583800013E-78,-6.48479680985989E-47,-1.));
#6763=DIRECTION('',(-1.,2.46519032881566E-32,3.26536183713282E-17));
#6764=DIRECTION('',(1.59929047316564E-78,6.48749289039267E-47,1.));
#6765=DIRECTION('',(-0.707106781186548,1.74315279842106E-32,0.707106781186547));
#6766=DIRECTION('',(0.,0.,-1.));
#6767=DIRECTION('',(-1.,0.,0.));
#6768=DIRECTION('',(0.,0.,1.));
#6769=DIRECTION('center_axis',(2.16840434497101E-19,1.,0.));
#6770=DIRECTION('ref_axis',(-1.,2.16840434497101E-19,3.67341984631965E-40));
#6771=DIRECTION('',(0.,0.,1.));
#6772=DIRECTION('',(1.,-2.16840434497101E-19,0.));
#6773=DIRECTION('',(3.67341984631965E-40,-7.96545955566226E-59,1.));
#6774=DIRECTION('',(1.,-2.16840434497101E-19,-3.67341984631965E-40));
#6775=DIRECTION('center_axis',(-2.16840434497101E-19,-1.,0.));
#6776=DIRECTION('ref_axis',(-1.,0.,0.));
#6777=DIRECTION('',(1.,-2.16840434497101E-19,-3.67341984631965E-40));
#6778=DIRECTION('',(0.,0.,-1.));
#6779=DIRECTION('center_axis',(-5.92163595887372E-17,1.43773732865809E-17,
-1.));
#6780=DIRECTION('ref_axis',(1.,1.616548519429E-29,-5.92163595887372E-17));
#6781=DIRECTION('',(0.,-1.,-1.43773732865809E-17));
#6782=DIRECTION('',(1.,-2.46519032881566E-32,0.));
#6783=DIRECTION('',(-2.31296463463575E-16,1.,0.));
#6784=DIRECTION('',(-1.,2.46519032881566E-32,0.));
#6785=DIRECTION('',(0.,-1.,-1.43773732865809E-17));
#6786=DIRECTION('',(1.,-2.46519032881566E-32,0.));
#6787=DIRECTION('',(0.,1.,0.));
#6788=DIRECTION('',(0.,-1.,-1.43773732865809E-17));
#6789=DIRECTION('',(0.,1.,1.43773732865809E-17));
#6790=DIRECTION('',(-1.,0.,0.));
#6791=DIRECTION('center_axis',(-5.92163595887372E-17,1.43773732865809E-17,
-1.));
#6792=DIRECTION('ref_axis',(1.,1.616548519429E-29,0.));
#6793=DIRECTION('center_axis',(-5.92163595887372E-17,1.43773732865809E-17,
-1.));
#6794=DIRECTION('ref_axis',(-1.,0.,0.));
#6795=DIRECTION('',(1.,-8.60422844084496E-16,-5.92163595887372E-17));
#6796=DIRECTION('center_axis',(5.92163595887372E-17,-1.43773732865809E-17,
1.));
#6797=DIRECTION('ref_axis',(-1.,0.,0.));
#6798=DIRECTION('center_axis',(-5.92163595887372E-17,1.43773732865809E-17,
-1.));
#6799=DIRECTION('ref_axis',(1.,1.616548519429E-29,0.));
#6800=DIRECTION('',(1.,0.,0.));
#6801=DIRECTION('center_axis',(5.92163595887372E-17,-1.43773732865809E-17,
1.));
#6802=DIRECTION('ref_axis',(1.,1.61654851942901E-29,0.));
#6803=DIRECTION('center_axis',(2.46519032881566E-32,1.,-6.48749289039267E-47));
#6804=DIRECTION('ref_axis',(1.,-2.46519032881566E-32,-2.317590563905E-15));
#6805=DIRECTION('',(0.,-6.48749289039267E-47,-1.));
#6806=DIRECTION('',(1.,-2.46519032881566E-32,0.));
#6807=DIRECTION('',(0.,0.,1.));
#6808=DIRECTION('',(-1.,0.,0.));
#6809=DIRECTION('',(-0.707106781186548,1.74315279842106E-32,0.707106781186547));
#6810=DIRECTION('',(0.,0.,1.));
#6811=DIRECTION('',(-1.,2.46519032881566E-32,2.317590563905E-15));
#6812=DIRECTION('',(0.,0.,1.));
#6813=DIRECTION('',(-0.707106781186548,1.74315279842105E-32,-0.707106781186547));
#6814=DIRECTION('',(-0.0868272602345323,-0.00755978664122089,-0.996194698091746));
#6815=DIRECTION('',(8.23509041078784E-18,-0.0871557427476582,-0.996194698091746));
#6816=DIRECTION('center_axis',(-0.707106781186548,0.,0.707106781186547));
#6817=DIRECTION('ref_axis',(-0.707106781186547,1.74315279842104E-32,-0.707106781186548));
#6818=DIRECTION('',(-0.707106781186547,1.74315279842104E-32,-0.707106781186548));
#6819=DIRECTION('',(0.,-1.,0.));
#6820=DIRECTION('center_axis',(-2.46519032881566E-32,-1.,6.48479680985989E-47));
#6821=DIRECTION('ref_axis',(-1.,2.46519032881566E-32,9.96930767315062E-96));
#6822=DIRECTION('',(0.,-6.48479680985989E-47,-1.));
#6823=DIRECTION('',(1.,-2.46519032881566E-32,0.));
#6824=DIRECTION('',(0.,0.,1.));
#6825=DIRECTION('',(-0.707106781186548,1.74315279842106E-32,0.707106781186547));
#6826=DIRECTION('',(1.59929047316564E-78,6.48749289039267E-47,1.));
#6827=DIRECTION('',(-1.,2.46519032881566E-32,3.26536183713282E-17));
#6828=DIRECTION('',(-1.59862583800013E-78,-6.48479680985989E-47,-1.));
#6829=DIRECTION('center_axis',(-2.46519032881566E-32,-1.,6.48749289039267E-47));
#6830=DIRECTION('ref_axis',(-1.,2.46519032881566E-32,2.317590563905E-15));
#6831=DIRECTION('',(0.707106781186548,-1.74315279842105E-32,0.707106781186547));
#6832=DIRECTION('',(0.,0.,1.));
#6833=DIRECTION('',(1.,-2.46519032881566E-32,-2.317590563905E-15));
#6834=DIRECTION('',(0.,0.,1.));
#6835=DIRECTION('',(0.707106781186548,-1.74315279842106E-32,-0.707106781186547));
#6836=DIRECTION('',(1.,0.,0.));
#6837=DIRECTION('',(0.,0.,1.));
#6838=DIRECTION('',(-1.,2.46519032881566E-32,0.));
#6839=DIRECTION('',(0.,6.48749289039267E-47,1.));
#6840=DIRECTION('center_axis',(1.,0.,0.));
#6841=DIRECTION('ref_axis',(0.,-1.,0.));
#6842=DIRECTION('',(0.,0.,1.));
#6843=DIRECTION('',(0.,-1.,0.));
#6844=DIRECTION('',(0.,0.,-1.));
#6845=DIRECTION('',(0.,-1.,0.));
#6846=DIRECTION('center_axis',(-0.707106781186547,-1.6355129777956E-16,
0.707106781186548));
#6847=DIRECTION('ref_axis',(0.707106781186548,0.,0.707106781186547));
#6848=DIRECTION('',(2.31296463463575E-16,-1.,0.));
#6849=DIRECTION('center_axis',(-1.,-2.31296463463575E-16,0.));
#6850=DIRECTION('ref_axis',(2.31296463463575E-16,-1.,-4.71266544307037E-16));
#6851=DIRECTION('',(-2.31296463463575E-16,1.,5.55113629894938E-17));
#6852=DIRECTION('center_axis',(0.,0.,1.));
#6853=DIRECTION('ref_axis',(1.,0.,0.));
#6854=DIRECTION('',(1.,0.,0.));
#6855=DIRECTION('center_axis',(0.,0.,-1.));
#6856=DIRECTION('ref_axis',(1.,1.616548519429E-29,0.));
#6857=DIRECTION('center_axis',(0.,0.,-1.));
#6858=DIRECTION('ref_axis',(-1.,0.,0.));
#6859=DIRECTION('',(1.,0.,0.));
#6860=DIRECTION('',(-0.0867388241198142,0.996231085838176,0.));
#6861=DIRECTION('center_axis',(0.,0.,1.));
#6862=DIRECTION('ref_axis',(1.,0.,0.));
#6863=DIRECTION('',(-0.0867388241198142,0.996231085838176,0.));
#6864=DIRECTION('',(-0.150329243125627,-0.988635988957147,0.));
#6865=DIRECTION('center_axis',(0.,0.,1.));
#6866=DIRECTION('ref_axis',(-0.150329243125628,-0.988635988957147,0.));
#6867=DIRECTION('',(1.,0.,0.));
#6868=DIRECTION('center_axis',(0.,0.,1.));
#6869=DIRECTION('ref_axis',(0.150329243125628,-0.988635988957147,0.));
#6870=DIRECTION('',(-0.150329243125627,0.988635988957147,0.));
#6871=DIRECTION('',(-0.0867388241198142,-0.996231085838176,0.));
#6872=DIRECTION('',(-1.,-9.44870659255452E-17,0.));
#6873=DIRECTION('center_axis',(0.,0.,1.));
#6874=DIRECTION('ref_axis',(1.,0.,0.));
#6875=DIRECTION('center_axis',(0.,0.,1.));
#6876=DIRECTION('ref_axis',(1.,0.,0.));
#6877=DIRECTION('',(-1.,-9.44870659255452E-17,0.));
#6878=DIRECTION('',(-1.,0.,0.));
#6879=DIRECTION('center_axis',(0.,0.,-1.));
#6880=DIRECTION('ref_axis',(-0.707106781186547,0.707106781186548,0.));
#6881=DIRECTION('',(0.,-1.,0.));
#6882=DIRECTION('center_axis',(0.,0.,-1.));
#6883=DIRECTION('ref_axis',(-0.707106781186547,-0.707106781186548,0.));
#6884=DIRECTION('',(1.,0.,0.));
#6885=DIRECTION('center_axis',(0.,0.,-1.));
#6886=DIRECTION('ref_axis',(0.707106781186547,-0.707106781186548,0.));
#6887=DIRECTION('',(0.,1.,0.));
#6888=DIRECTION('center_axis',(0.,0.,-1.));
#6889=DIRECTION('ref_axis',(0.707106781186547,0.707106781186548,0.));
#6890=DIRECTION('center_axis',(0.,1.,0.));
#6891=DIRECTION('ref_axis',(1.,0.,0.));
#6892=DIRECTION('',(0.,0.,1.));
#6893=DIRECTION('center_axis',(0.,0.,1.));
#6894=DIRECTION('ref_axis',(1.,0.,0.));
#6895=DIRECTION('',(1.,0.,0.));
#6896=DIRECTION('center_axis',(0.,0.,1.));
#6897=DIRECTION('ref_axis',(0.707106781186547,0.707106781186548,0.));
#6898=DIRECTION('',(0.,-1.,0.));
#6899=DIRECTION('center_axis',(0.,0.,1.));
#6900=DIRECTION('ref_axis',(0.707106781186547,-0.707106781186548,0.));
#6901=DIRECTION('',(-1.,0.,0.));
#6902=DIRECTION('',(0.,-1.,0.));
#6903=DIRECTION('',(1.,0.,0.));
#6904=DIRECTION('center_axis',(0.,0.,-1.));
#6905=DIRECTION('ref_axis',(-0.752354790557938,0.658758126420101,0.));
#6906=DIRECTION('center_axis',(0.,0.,1.));
#6907=DIRECTION('ref_axis',(-1.,0.,0.));
#6908=DIRECTION('',(0.,1.,0.));
#6909=DIRECTION('center_axis',(0.,0.,1.));
#6910=DIRECTION('ref_axis',(-1.,0.,0.));
#6911=DIRECTION('center_axis',(0.,0.,-1.));
#6912=DIRECTION('ref_axis',(1.,1.616548519429E-29,0.));
#6913=DIRECTION('',(-1.,0.,0.));
#6914=DIRECTION('center_axis',(2.16840434497101E-19,1.,0.));
#6915=DIRECTION('ref_axis',(-1.,2.16840434497101E-19,3.67341984631965E-40));
#6916=DIRECTION('',(0.,0.,-1.));
#6917=DIRECTION('',(-1.,2.16840434497101E-19,3.67341984631965E-40));
#6918=DIRECTION('center_axis',(2.16840434497101E-19,1.,0.));
#6919=DIRECTION('ref_axis',(-1.,0.,3.67341984631965E-40));
#6920=DIRECTION('',(-1.,2.16840434497101E-19,3.67341984631965E-40));
#6921=DIRECTION('',(-3.67341984631965E-40,7.96545955566226E-59,-1.));
#6922=DIRECTION('',(1.,0.,0.));
#6923=DIRECTION('',(0.,0.,1.));
#6924=DIRECTION('center_axis',(0.,0.,1.));
#6925=DIRECTION('ref_axis',(1.,0.,0.));
#6926=DIRECTION('',(0.,1.,0.));
#6927=DIRECTION('center_axis',(0.,0.,-1.));
#6928=DIRECTION('ref_axis',(1.,1.616548519429E-29,0.));
#6929=DIRECTION('',(9.25184300908378E-17,-1.,0.));
#6930=DIRECTION('center_axis',(0.,0.,-1.));
#6931=DIRECTION('ref_axis',(1.,1.616548519429E-29,0.));
#6932=DIRECTION('center_axis',(0.,0.,1.));
#6933=DIRECTION('ref_axis',(0.150329243125627,-0.988635988957147,0.));
#6934=DIRECTION('',(1.,0.,0.));
#6935=DIRECTION('',(0.,1.,0.));
#6936=DIRECTION('',(-1.,0.,0.));
#6937=DIRECTION('center_axis',(0.,0.,1.));
#6938=DIRECTION('ref_axis',(-0.707106781186547,-0.707106781186548,0.));
#6939=DIRECTION('',(0.,1.,0.));
#6940=DIRECTION('center_axis',(0.,0.,1.));
#6941=DIRECTION('ref_axis',(-0.707106781186547,0.707106781186548,0.));
#6942=DIRECTION('',(0.,1.,0.));
#6943=DIRECTION('center_axis',(0.,0.,1.));
#6944=DIRECTION('ref_axis',(1.,0.,0.));
#6945=DIRECTION('',(0.,1.,0.));
#6946=DIRECTION('center_axis',(0.,0.,-1.));
#6947=DIRECTION('ref_axis',(1.,0.,0.));
#6948=DIRECTION('center_axis',(0.,0.,-1.));
#6949=DIRECTION('ref_axis',(1.,0.,0.));
#6950=DIRECTION('center_axis',(-0.0867388241198138,0.996231085838176,0.));
#6951=DIRECTION('ref_axis',(0.992440125786174,0.086408756706871,-0.0871557427476581));
#6952=DIRECTION('center_axis',(0.,-1.,0.));
#6953=DIRECTION('ref_axis',(-1.,0.,0.));
#6954=DIRECTION('',(0.,0.,-1.));
#6955=DIRECTION('center_axis',(0.,0.,-1.));
#6956=DIRECTION('ref_axis',(1.,1.616548519429E-29,0.));
#6957=DIRECTION('',(0.,0.,1.));
#6958=DIRECTION('center_axis',(0.,0.,-1.));
#6959=DIRECTION('ref_axis',(1.,1.616548519429E-29,0.));
#6960=DIRECTION('',(0.,0.,-1.));
#6961=DIRECTION('center_axis',(0.,0.,-1.));
#6962=DIRECTION('ref_axis',(0.22171136146145,-0.975112338245656,0.));
#6963=DIRECTION('',(0.,0.,1.));
#6964=DIRECTION('',(0.,0.,-1.));
#6965=DIRECTION('center_axis',(0.,0.,-1.));
#6966=DIRECTION('ref_axis',(1.,1.616548519429E-29,0.));
#6967=DIRECTION('center_axis',(1.,9.25184300908378E-17,0.));
#6968=DIRECTION('ref_axis',(9.25184300908378E-17,-1.,0.));
#6969=DIRECTION('',(0.,0.,-1.));
#6970=DIRECTION('center_axis',(0.,0.,-1.));
#6971=DIRECTION('ref_axis',(1.,1.616548519429E-29,0.));
#6972=DIRECTION('center_axis',(0.,0.,-1.));
#6973=DIRECTION('ref_axis',(1.,1.616548519429E-29,0.));
#6974=DIRECTION('',(0.,0.,1.));
#6975=DIRECTION('',(0.,0.,1.));
#6976=DIRECTION('center_axis',(0.,0.,-1.));
#6977=DIRECTION('ref_axis',(1.,1.616548519429E-29,0.));
#6978=DIRECTION('center_axis',(0.,0.,1.));
#6979=DIRECTION('ref_axis',(1.,0.,0.));
#6980=DIRECTION('',(0.,1.,0.));
#6981=DIRECTION('',(-1.,0.,0.));
#6982=DIRECTION('',(-0.0867388241198142,-0.996231085838176,0.));
#6983=DIRECTION('center_axis',(0.,0.,1.));
#6984=DIRECTION('ref_axis',(0.150329243125627,-0.988635988957147,0.));
#6985=DIRECTION('center_axis',(-0.106904523755366,0.703054557911634,-0.703054557911629));
#6986=DIRECTION('ref_axis',(-0.664638036802367,-0.576435211997092,-0.475372197762305));
#6987=DIRECTION('center_axis',(0.0194137569975013,-0.127674020367141,-0.99162616472264));
#6988=DIRECTION('ref_axis',(0.149070410806323,-0.98035731403635,0.129141586785463));
#6989=DIRECTION('',(-0.106904523755365,0.703054557911634,-0.703054557911628));
#6990=DIRECTION('center_axis',(-0.00714608675083989,0.046996036135073,0.998869514016591));
#6991=DIRECTION('ref_axis',(0.150159298023377,-0.987518349828937,0.0475362384740275));
#6992=DIRECTION('center_axis',(-1.,0.,0.));
#6993=DIRECTION('ref_axis',(0.,0.,1.));
#6994=DIRECTION('center_axis',(0.,0.,-1.));
#6995=DIRECTION('ref_axis',(0.150329243125627,-0.988635988957147,0.));
#6996=DIRECTION('center_axis',(0.150329243125631,-0.988635988957146,0.));
#6997=DIRECTION('ref_axis',(0.988635988957146,0.150329243125631,0.));
#6998=DIRECTION('center_axis',(0.,0.,1.));
#6999=DIRECTION('ref_axis',(-1.,0.,0.));
#7000=DIRECTION('',(0.,0.,-1.));
#7001=DIRECTION('center_axis',(5.2134404028895E-16,0.707106781186547,-0.707106781186548));
#7002=DIRECTION('ref_axis',(0.,-0.707106781186548,-0.707106781186547));
#7003=DIRECTION('',(0.,0.,-1.));
#7004=DIRECTION('center_axis',(0.,0.,1.));
#7005=DIRECTION('ref_axis',(-1.,0.,0.));
#7006=DIRECTION('',(0.,0.,1.));
#7007=DIRECTION('center_axis',(1.23131031645478E-16,1.24900090270329E-16,
1.));
#7008=DIRECTION('ref_axis',(-1.,0.,0.));
#7009=DIRECTION('center_axis',(-5.2134404028895E-16,-0.707106781186547,
0.707106781186548));
#7010=DIRECTION('ref_axis',(0.,-0.707106781186548,-0.707106781186547));
#7011=DIRECTION('',(0.,0.,1.));
#7012=DIRECTION('center_axis',(-1.,0.,0.));
#7013=DIRECTION('ref_axis',(0.,1.,0.));
#7014=DIRECTION('center_axis',(1.,0.,0.));
#7015=DIRECTION('ref_axis',(0.,-0.70710678118655,0.707106781186545));
#7016=DIRECTION('center_axis',(0.0194137569975013,-0.127674020367141,-0.99162616472264));
#7017=DIRECTION('ref_axis',(0.149070410806323,-0.98035731403635,0.129141586785463));
#7018=DIRECTION('center_axis',(0.150329243125625,-0.988635988957147,-2.9269505011021E-15));
#7019=DIRECTION('ref_axis',(0.988635988957147,0.150329243125625,0.));
#7020=DIRECTION('center_axis',(0.,0.,1.));
#7021=DIRECTION('ref_axis',(0.150329243125627,-0.988635988957147,0.));
#7022=DIRECTION('center_axis',(0.,0.,1.));
#7023=DIRECTION('ref_axis',(-1.,0.,0.));
#7024=DIRECTION('',(0.0867388241198142,0.996231085838176,0.));
#7025=DIRECTION('',(-1.,0.,0.));
#7026=DIRECTION('',(0.0867388241198142,0.996231085838176,0.));
#7027=DIRECTION('',(-1.,0.,0.));
#7028=DIRECTION('',(-0.0434824601872596,-0.999054190550274,0.));
#7029=DIRECTION('',(-1.,0.,0.));
#7030=DIRECTION('',(-0.0867388241198142,-0.996231085838176,0.));
#7031=DIRECTION('center_axis',(0.,0.,-1.));
#7032=DIRECTION('ref_axis',(-0.579970128997517,-0.814637741251044,0.));
#7033=DIRECTION('',(1.,0.,0.));
#7034=DIRECTION('center_axis',(0.,0.,-1.));
#7035=DIRECTION('ref_axis',(0.579970128997519,-0.814637741251043,0.));
#7036=DIRECTION('',(-0.0867388241198142,0.996231085838176,0.));
#7037=DIRECTION('',(-1.,0.,0.));
#7038=DIRECTION('center_axis',(0.,0.,1.));
#7039=DIRECTION('ref_axis',(-0.999070785220474,-0.0430994909360461,1.15425014877326E-17));
#7040=DIRECTION('',(-0.0867388241198142,0.996231085838176,0.));
#7041=DIRECTION('',(-1.,0.,0.));
#7042=DIRECTION('',(0.0867388241198142,-0.996231085838176,0.));
#7043=DIRECTION('',(-1.,0.,0.));
#7044=DIRECTION('',(0.,-1.,0.));
#7045=DIRECTION('',(-1.,8.60422844084496E-16,0.));
#7046=DIRECTION('',(0.,-1.,0.));
#7047=DIRECTION('',(1.,-1.34226243740828E-47,0.));
#7048=DIRECTION('',(0.,-1.,0.));
#7049=DIRECTION('',(-1.,1.34226243740828E-47,0.));
#7050=DIRECTION('',(-1.,0.,0.));
#7051=DIRECTION('',(-1.,1.34226243740828E-47,0.));
#7052=DIRECTION('',(0.,1.,0.));
#7053=DIRECTION('',(1.,-1.34226243740828E-47,0.));
#7054=DIRECTION('',(0.,1.,0.));
#7055=DIRECTION('',(-1.,8.60422844084496E-16,0.));
#7056=DIRECTION('',(0.,1.,0.));
#7057=DIRECTION('',(-1.,0.,0.));
#7058=DIRECTION('center_axis',(0.,0.,-1.));
#7059=DIRECTION('ref_axis',(1.,1.616548519429E-29,-9.25185853854297E-17));
#7060=DIRECTION('',(1.,1.34226243740828E-47,0.));
#7061=DIRECTION('',(0.,-1.,0.));
#7062=DIRECTION('',(-1.,-1.34226243740828E-47,0.));
#7063=DIRECTION('',(-1.,0.,0.));
#7064=DIRECTION('',(-1.,-1.34226243740828E-47,0.));
#7065=DIRECTION('',(0.,1.,0.));
#7066=DIRECTION('',(1.,1.34226243740828E-47,0.));
#7067=DIRECTION('',(0.,1.,0.));
#7068=DIRECTION('',(0.0867388241198179,0.996231085838176,0.));
#7069=DIRECTION('',(1.,0.,0.));
#7070=DIRECTION('',(0.0867388241198179,-0.996231085838176,0.));
#7071=DIRECTION('',(-1.,0.,0.));
#7072=DIRECTION('center_axis',(0.,0.,1.));
#7073=DIRECTION('ref_axis',(1.,1.61654851942901E-29,0.));
#7074=DIRECTION('center_axis',(0.,0.,1.));
#7075=DIRECTION('ref_axis',(1.,0.,0.));
#7076=DIRECTION('center_axis',(0.,0.,1.));
#7077=DIRECTION('ref_axis',(1.,0.,0.));
#7078=DIRECTION('center_axis',(1.34226243740828E-47,-1.,-1.34226243740828E-47));
#7079=DIRECTION('ref_axis',(-1.,-1.34226243740828E-47,0.));
#7080=DIRECTION('',(-1.,-1.34226243740828E-47,3.36431219583381E-16));
#7081=DIRECTION('',(-0.707106781186548,9.49122871623381E-48,0.707106781186547));
#7082=DIRECTION('',(0.,0.,1.));
#7083=DIRECTION('center_axis',(1.34226243740828E-47,-1.,-1.34226243740828E-47));
#7084=DIRECTION('ref_axis',(-1.,-1.34226243740828E-47,0.));
#7085=DIRECTION('',(0.,0.,-1.));
#7086=DIRECTION('',(0.707106781186548,-9.49122871623381E-48,-0.707106781186547));
#7087=DIRECTION('',(1.,1.34226243740828E-47,-3.36431219583381E-16));
#7088=DIRECTION('center_axis',(1.34226243740828E-47,-1.,-1.34226243740828E-47));
#7089=DIRECTION('ref_axis',(-1.,-1.34226243740828E-47,0.));
#7090=DIRECTION('',(1.,1.34226243740828E-47,0.));
#7091=DIRECTION('',(0.707106781186548,0.,0.707106781186547));
#7092=DIRECTION('',(0.,4.02678731222485E-47,1.));
#7093=DIRECTION('center_axis',(-3.36431219583381E-16,0.,-1.));
#7094=DIRECTION('ref_axis',(-1.,-1.34226243740828E-47,3.36431219583381E-16));
#7095=DIRECTION('',(0.,1.,0.));
#7096=DIRECTION('center_axis',(-0.707106781186547,0.,-0.707106781186548));
#7097=DIRECTION('ref_axis',(-0.707106781186548,9.49122871623381E-48,0.707106781186547));
#7098=DIRECTION('',(0.,1.,0.));
#7099=DIRECTION('center_axis',(-1.,0.,0.));
#7100=DIRECTION('ref_axis',(0.,0.,1.));
#7101=DIRECTION('center_axis',(1.,0.,0.));
#7102=DIRECTION('ref_axis',(0.,-4.02678731222485E-47,-1.));
#7103=DIRECTION('',(0.,1.,0.));
#7104=DIRECTION('',(0.,-4.02678731222485E-47,-1.));
#7105=DIRECTION('center_axis',(0.707106781186547,0.,-0.707106781186548));
#7106=DIRECTION('ref_axis',(-0.707106781186548,0.,-0.707106781186547));
#7107=DIRECTION('',(0.,1.,0.));
#7108=DIRECTION('',(-0.707106781186548,0.,-0.707106781186547));
#7109=DIRECTION('center_axis',(-3.36431219583381E-16,0.,-1.));
#7110=DIRECTION('ref_axis',(-1.,-1.34226243740828E-47,3.36431219583381E-16));
#7111=DIRECTION('',(-1.,-1.34226243740828E-47,0.));
#7112=DIRECTION('center_axis',(1.34226243740828E-47,-1.,-1.34226243740828E-47));
#7113=DIRECTION('ref_axis',(-1.,-1.34226243740828E-47,0.));
#7114=DIRECTION('',(0.,-1.34226243740828E-47,1.));
#7115=DIRECTION('center_axis',(-1.,0.,0.));
#7116=DIRECTION('ref_axis',(0.,-1.,0.));
#7117=DIRECTION('center_axis',(1.34226243740828E-47,1.,1.34226243740828E-47));
#7118=DIRECTION('ref_axis',(1.,-1.34226243740828E-47,0.));
#7119=DIRECTION('',(0.,1.34226243740828E-47,-1.));
#7120=DIRECTION('',(1.,-1.34226243740828E-47,0.));
#7121=DIRECTION('',(0.707106781186548,0.,-0.707106781186547));
#7122=DIRECTION('',(0.,-4.02678731222485E-47,-1.));
#7123=DIRECTION('center_axis',(1.34226243740828E-47,1.,1.34226243740828E-47));
#7124=DIRECTION('ref_axis',(1.,-1.34226243740828E-47,0.));
#7125=DIRECTION('',(0.,4.02678731222485E-47,1.));
#7126=DIRECTION('',(-0.707106781186548,0.,0.707106781186547));
#7127=DIRECTION('',(-1.,1.34226243740828E-47,0.));
#7128=DIRECTION('center_axis',(1.34226243740828E-47,1.,1.34226243740828E-47));
#7129=DIRECTION('ref_axis',(1.,-1.34226243740828E-47,0.));
#7130=DIRECTION('',(-1.,1.34226243740828E-47,-3.36431219583381E-16));
#7131=DIRECTION('',(-0.707106781186548,-9.49122871623381E-48,-0.707106781186547));
#7132=DIRECTION('',(0.,0.,-1.));
#7133=DIRECTION('center_axis',(0.,0.,1.));
#7134=DIRECTION('ref_axis',(1.,-1.34226243740828E-47,0.));
#7135=DIRECTION('',(1.,-1.34226243740828E-47,3.36431219583381E-16));
#7136=DIRECTION('',(0.,1.,0.));
#7137=DIRECTION('center_axis',(-0.707106781186547,0.,0.707106781186548));
#7138=DIRECTION('ref_axis',(0.707106781186548,9.49122871623381E-48,0.707106781186547));
#7139=DIRECTION('',(0.707106781186548,9.49122871623381E-48,0.707106781186547));
#7140=DIRECTION('',(0.,1.,0.));
#7141=DIRECTION('center_axis',(-1.,0.,0.));
#7142=DIRECTION('ref_axis',(0.,0.,1.));
#7143=DIRECTION('',(0.,0.,1.));
#7144=DIRECTION('center_axis',(1.,0.,0.));
#7145=DIRECTION('ref_axis',(0.,-4.02678731222485E-47,-1.));
#7146=DIRECTION('',(0.,1.,0.));
#7147=DIRECTION('center_axis',(0.707106781186547,0.,0.707106781186548));
#7148=DIRECTION('ref_axis',(0.707106781186548,0.,-0.707106781186547));
#7149=DIRECTION('',(0.,1.,0.));
#7150=DIRECTION('center_axis',(0.,0.,1.));
#7151=DIRECTION('ref_axis',(1.,-1.34226243740828E-47,0.));
#7152=DIRECTION('center_axis',(1.34226243740828E-47,1.,1.34226243740828E-47));
#7153=DIRECTION('ref_axis',(1.,-1.34226243740828E-47,0.));
#7154=DIRECTION('',(0.,-1.34226243740828E-47,1.));
#7155=DIRECTION('center_axis',(-1.,0.,0.));
#7156=DIRECTION('ref_axis',(0.,-1.,0.));
#7157=DIRECTION('',(0.,1.24900090270329E-16,1.));
#7158=DIRECTION('center_axis',(1.,0.,0.));
#7159=DIRECTION('ref_axis',(0.,1.,0.));
#7160=DIRECTION('',(0.,1.24900090270329E-16,1.));
#7161=DIRECTION('center_axis',(0.,1.,0.));
#7162=DIRECTION('ref_axis',(1.,0.,0.));
#7163=DIRECTION('center_axis',(0.,1.,0.));
#7164=DIRECTION('ref_axis',(1.,0.,0.));
#7165=DIRECTION('',(0.,1.,0.));
#7166=DIRECTION('center_axis',(-8.60422844084496E-16,-1.,1.24900090270329E-16));
#7167=DIRECTION('ref_axis',(1.,0.,0.));
#7168=DIRECTION('center_axis',(0.,1.,0.));
#7169=DIRECTION('ref_axis',(1.,0.,0.));
#7170=DIRECTION('center_axis',(0.,1.,0.));
#7171=DIRECTION('ref_axis',(1.,0.,0.));
#7172=DIRECTION('',(0.,1.,0.));
#7173=DIRECTION('center_axis',(0.,-1.,0.));
#7174=DIRECTION('ref_axis',(1.,0.,0.));
#7175=DIRECTION('center_axis',(-8.60422844084496E-16,-1.,1.24900090270329E-16));
#7176=DIRECTION('ref_axis',(-1.,8.60422844084496E-16,1.23131031645478E-16));
#7177=DIRECTION('',(-2.69698643922694E-32,-1.24900090270329E-16,-1.));
#7178=DIRECTION('',(1.,0.,0.));
#7179=DIRECTION('',(2.69698643922694E-32,1.24900090270329E-16,1.));
#7180=DIRECTION('center_axis',(0.,-1.,0.));
#7181=DIRECTION('ref_axis',(1.,0.,0.));
#7182=DIRECTION('center_axis',(0.,0.,1.));
#7183=DIRECTION('ref_axis',(1.,0.,0.));
#7184=DIRECTION('',(0.,0.,1.));
#7185=DIRECTION('center_axis',(0.,0.,1.));
#7186=DIRECTION('ref_axis',(1.,0.,0.));
#7187=DIRECTION('center_axis',(0.,0.,-1.));
#7188=DIRECTION('ref_axis',(1.,0.,0.));
#7189=DIRECTION('center_axis',(0.,0.,-1.));
#7190=DIRECTION('ref_axis',(1.,0.,0.));
#7191=DIRECTION('center_axis',(1.,9.44870659255452E-17,0.));
#7192=DIRECTION('ref_axis',(0.,0.67559020761566,-0.737277336810124));
#7193=DIRECTION('center_axis',(1.,-1.11446389621611E-16,0.));
#7194=DIRECTION('ref_axis',(0.,0.,-1.));
#7195=DIRECTION('',(1.,9.44870659255452E-17,0.));
#7196=DIRECTION('center_axis',(1.,-4.45785558486444E-16,0.));
#7197=DIRECTION('ref_axis',(0.,0.,-1.));
#7198=DIRECTION('center_axis',(1.,0.,0.));
#7199=DIRECTION('ref_axis',(0.,1.,0.));
#7200=DIRECTION('center_axis',(1.,0.,0.));
#7201=DIRECTION('ref_axis',(-5.91661620114946E-18,1.,-8.0249533055608E-18));
#7202=DIRECTION('center_axis',(1.,0.,0.));
#7203=DIRECTION('ref_axis',(0.,1.,4.02293570560352E-18));
#7204=DIRECTION('',(0.,1.,0.));
#7205=DIRECTION('',(0.,0.,-1.));
#7206=DIRECTION('',(0.,1.,0.));
#7207=DIRECTION('center_axis',(1.,0.,0.));
#7208=DIRECTION('ref_axis',(0.,-1.,2.96059473233375E-16));
#7209=DIRECTION('',(0.,1.,0.));
#7210=DIRECTION('',(0.,0.,1.));
#7211=DIRECTION('center_axis',(-1.,0.,0.));
#7212=DIRECTION('ref_axis',(0.,-1.,2.96059473233375E-16));
#7213=DIRECTION('center_axis',(1.,0.,0.));
#7214=DIRECTION('ref_axis',(0.,-1.,2.96059473233375E-16));
#7215=DIRECTION('',(-1.,0.,0.));
#7216=DIRECTION('',(1.,0.,0.));
#7217=DIRECTION('center_axis',(0.,1.,0.));
#7218=DIRECTION('ref_axis',(0.,0.,1.));
#7219=DIRECTION('',(1.,0.,0.));
#7220=DIRECTION('center_axis',(0.,-1.,0.));
#7221=DIRECTION('ref_axis',(-1.,0.,3.76194497362704E-14));
#7222=DIRECTION('',(0.,0.,-1.));
#7223=DIRECTION('',(1.,0.,0.));
#7224=DIRECTION('center_axis',(-0.150329243125627,0.988635988957147,0.));
#7225=DIRECTION('ref_axis',(0.699071211916667,0.106298827224773,0.707106781186548));
#7226=DIRECTION('center_axis',(1.,0.,0.));
#7227=DIRECTION('ref_axis',(0.,1.,0.));
#7228=DIRECTION('',(0.150329243125627,-0.988635988957147,0.));
#7229=DIRECTION('center_axis',(0.,0.,1.));
#7230=DIRECTION('ref_axis',(1.,0.,0.));
#7231=DIRECTION('',(0.,-1.,0.));
#7232=DIRECTION('',(-1.,0.,0.));
#7233=DIRECTION('',(0.0434824601872596,0.999054190550274,0.));
#7234=DIRECTION('center_axis',(0.,0.,1.));
#7235=DIRECTION('ref_axis',(0.150329243125627,-0.988635988957147,0.));
#7236=DIRECTION('center_axis',(0.,-1.,0.));
#7237=DIRECTION('ref_axis',(0.,0.,-1.));
#7238=DIRECTION('',(1.,0.,0.));
#7239=DIRECTION('',(0.,0.,1.));
#7240=DIRECTION('center_axis',(0.,1.,0.));
#7241=DIRECTION('ref_axis',(-1.,0.,-8.29529017008648E-16));
#7242=DIRECTION('center_axis',(1.,0.,0.));
#7243=DIRECTION('ref_axis',(0.,0.,-1.));
#7244=DIRECTION('',(0.,0.,1.));
#7245=DIRECTION('',(0.,-1.,0.));
#7246=DIRECTION('',(0.,1.,0.));
#7247=DIRECTION('',(0.,0.,-1.));
#7248=DIRECTION('center_axis',(0.,0.,1.));
#7249=DIRECTION('ref_axis',(0.,-1.,0.));
#7250=DIRECTION('',(0.,1.,0.));
#7251=DIRECTION('',(1.,0.,0.));
#7252=DIRECTION('center_axis',(0.,1.,0.));
#7253=DIRECTION('ref_axis',(0.,0.,1.));
#7254=DIRECTION('center_axis',(0.,-1.,0.));
#7255=DIRECTION('ref_axis',(-1.,0.,-8.29529017008648E-16));
#7256=DIRECTION('',(0.,0.,-1.));
#7257=DIRECTION('center_axis',(1.,0.,0.));
#7258=DIRECTION('ref_axis',(0.,1.,0.));
#7259=DIRECTION('center_axis',(-1.,0.,0.));
#7260=DIRECTION('ref_axis',(-5.91661620114946E-18,1.,-8.0249533055608E-18));
#7261=DIRECTION('',(0.,0.,-1.));
#7262=DIRECTION('',(0.,-1.,-5.84327907697451E-17));
#7263=DIRECTION('center_axis',(-1.,0.,0.));
#7264=DIRECTION('ref_axis',(0.,1.,0.));
#7265=DIRECTION('',(0.,-1.,-5.84327907697451E-17));
#7266=DIRECTION('',(0.,3.33891490179456E-16,1.));
#7267=DIRECTION('center_axis',(-1.,0.,0.));
#7268=DIRECTION('ref_axis',(0.,1.,4.02293570560352E-18));
#7269=DIRECTION('',(0.,0.,1.));
#7270=DIRECTION('',(0.,1.,0.));
#7271=DIRECTION('center_axis',(-1.,0.,0.));
#7272=DIRECTION('ref_axis',(0.,1.,4.02293570560352E-18));
#7273=DIRECTION('center_axis',(-1.,0.,0.));
#7274=DIRECTION('ref_axis',(-5.91661620114946E-18,1.,-8.0249533055608E-18));
#7275=DIRECTION('center_axis',(-0.0867388241198142,-0.996231085838176,0.));
#7276=DIRECTION('ref_axis',(-0.673043966114589,0.0585999001954434,-0.737277336810124));
#7277=DIRECTION('center_axis',(0.0854529206482627,-0.996342209460526,1.2649573336689E-16));
#7278=DIRECTION('ref_axis',(-0.996342209460526,-0.0854529206482627,-8.2032297233578E-16));
#7279=DIRECTION('',(-0.0867388241198142,-0.996231085838176,0.));
#7280=DIRECTION('center_axis',(0.,-1.,0.));
#7281=DIRECTION('ref_axis',(-1.,0.,-8.29529017008648E-16));
#7282=DIRECTION('center_axis',(-0.707106781186548,-0.707106781186548,0.));
#7283=DIRECTION('ref_axis',(-0.707106781186547,0.707106781186547,-7.0848453691937E-17));
#7284=DIRECTION('center_axis',(-0.0867388241198142,-0.996231085838176,0.));
#7285=DIRECTION('ref_axis',(-0.673043966114589,0.0585999001954434,-0.737277336810124));
#7286=DIRECTION('center_axis',(0.0651259410811231,0.997877052445991,0.));
#7287=DIRECTION('ref_axis',(-0.99787705244599,0.0651259410811231,0.));
#7288=DIRECTION('center_axis',(0.,0.,1.));
#7289=DIRECTION('ref_axis',(0.,-1.,0.));
#7290=DIRECTION('',(1.,0.,0.));
#7291=DIRECTION('center_axis',(0.,-1.,0.));
#7292=DIRECTION('ref_axis',(0.,0.,-1.));
#7293=DIRECTION('center_axis',(0.,1.,0.));
#7294=DIRECTION('ref_axis',(-1.,0.,3.76194497362704E-14));
#7295=DIRECTION('center_axis',(0.,0.,1.));
#7296=DIRECTION('ref_axis',(1.,0.,0.));
#7297=DIRECTION('',(0.0434824601872596,0.999054190550274,0.));
#7298=DIRECTION('center_axis',(-0.0434824601872596,-0.999054190550274,0.));
#7299=DIRECTION('ref_axis',(-0.672624014161491,0.0292750355220135,-0.739405104031929));
#7300=DIRECTION('center_axis',(-0.707106781186541,0.707106781186554,-2.36096936886377E-16));
#7301=DIRECTION('ref_axis',(-0.707106781186554,-0.707106781186541,-2.50055994595732E-16));
#7302=DIRECTION('center_axis',(0.,1.,-3.33891490179456E-16));
#7303=DIRECTION('ref_axis',(-1.,-6.55191576599872E-19,3.76194497362704E-14));
#7304=DIRECTION('center_axis',(0.707106781186541,0.707106781186554,-2.36096936886377E-16));
#7305=DIRECTION('ref_axis',(-0.707106781186554,0.707106781186541,2.72813155537409E-16));
#7306=DIRECTION('center_axis',(1.,0.,0.));
#7307=DIRECTION('ref_axis',(0.,1.,4.02293570560352E-18));
#7308=DIRECTION('',(-0.0434824601872596,-0.999054190550274,0.));
#7309=DIRECTION('center_axis',(0.707106781186548,0.707106781186548,0.));
#7310=DIRECTION('ref_axis',(0.,0.,-1.));
#7311=DIRECTION('',(0.707106781186548,-0.707106781186548,-4.13182225969415E-17));
#7312=DIRECTION('',(0.,0.,1.));
#7313=DIRECTION('center_axis',(0.,-5.84327907697451E-17,1.));
#7314=DIRECTION('ref_axis',(0.,-1.,-5.84327907697451E-17));
#7315=DIRECTION('',(1.,0.,0.));
#7316=DIRECTION('',(0.707106781186541,0.707106781186554,4.13182225969418E-17));
#7317=DIRECTION('',(0.,1.,5.84327907697451E-17));
#7318=DIRECTION('',(1.,0.,0.));
#7319=DIRECTION('center_axis',(0.,1.,0.));
#7320=DIRECTION('ref_axis',(0.,0.,1.));
#7321=DIRECTION('',(0.0874829492110121,0.,-0.99616601708618));
#7322=DIRECTION('',(1.,0.,0.));
#7323=DIRECTION('',(0.,0.,-1.));
#7324=DIRECTION('center_axis',(-0.707106781186554,0.707106781186541,0.));
#7325=DIRECTION('ref_axis',(0.,0.,1.));
#7326=DIRECTION('',(0.707106781186541,0.707106781186554,0.));
#7327=DIRECTION('',(0.,0.,1.));
#7328=DIRECTION('center_axis',(0.707106781186541,-0.707106781186554,2.36096936886377E-16));
#7329=DIRECTION('ref_axis',(3.33891490179462E-16,0.,-1.));
#7330=DIRECTION('',(-0.707106781186554,-0.707106781186541,-4.13182225969411E-17));
#7331=DIRECTION('',(0.,-3.33891490179456E-16,-1.));
#7332=DIRECTION('center_axis',(0.,-1.,3.33891490179456E-16));
#7333=DIRECTION('ref_axis',(0.,-3.33891490179456E-16,-1.));
#7334=DIRECTION('',(1.,0.,0.));
#7335=DIRECTION('',(0.,3.33891490179456E-16,1.));
#7336=DIRECTION('center_axis',(0.,-5.84327907697451E-17,1.));
#7337=DIRECTION('ref_axis',(0.,-1.,-5.84327907697451E-17));
#7338=DIRECTION('',(1.,0.,0.));
#7339=DIRECTION('',(0.,1.,5.84327907697451E-17));
#7340=DIRECTION('',(-0.707106781186554,0.707106781186541,4.13182225969411E-17));
#7341=DIRECTION('center_axis',(-0.707106781186541,-0.707106781186554,2.36096936886377E-16));
#7342=DIRECTION('ref_axis',(3.33891490179462E-16,0.,1.));
#7343=DIRECTION('',(0.,-3.33891490179456E-16,-1.));
#7344=DIRECTION('center_axis',(1.,0.,0.));
#7345=DIRECTION('ref_axis',(0.,1.,0.));
#7346=DIRECTION('center_axis',(1.,0.,0.));
#7347=DIRECTION('ref_axis',(0.,1.,0.));
#7348=DIRECTION('center_axis',(1.,0.,0.));
#7349=DIRECTION('ref_axis',(0.,1.,0.));
#7350=DIRECTION('',(0.,1.,0.));
#7351=DIRECTION('center_axis',(1.,0.,0.));
#7352=DIRECTION('ref_axis',(0.,1.,6.91572441586251E-32));
#7353=DIRECTION('',(0.,0.907344523806555,0.420387815140086));
#7354=DIRECTION('center_axis',(-0.994683258330902,0.0432922213713798,-0.0934398157369355));
#7355=DIRECTION('ref_axis',(0.0438476171339002,0.999030625887624,-0.00389807776487978));
#7356=DIRECTION('center_axis',(-0.994683258330902,0.0432922213713798,-0.0934398157369355));
#7357=DIRECTION('ref_axis',(0.102981627469277,0.41815272172615,-0.902520407368605));
#7358=DIRECTION('',(0.0434824601872596,0.999054190550274,0.));
#7359=DIRECTION('center_axis',(-0.994683258330902,0.0432922213713798,-0.0934398157369355));
#7360=DIRECTION('ref_axis',(0.102981627469277,0.41815272172615,-0.902520407368605));
#7361=DIRECTION('center_axis',(1.,0.,0.));
#7362=DIRECTION('ref_axis',(0.,1.,6.91572441586251E-32));
#7363=DIRECTION('',(1.,0.,0.));
#7364=DIRECTION('center_axis',(-0.981096097125207,0.0854210664803553,0.17364817766693));
#7365=DIRECTION('ref_axis',(0.19352118283456,0.433059956065869,0.880345742448125));
#7366=DIRECTION('',(1.,0.,0.));
#7367=DIRECTION('center_axis',(0.992440125786174,-0.0864087567068713,0.0871557427476582));
#7368=DIRECTION('ref_axis',(0.122729771162189,0.698734435525569,-0.704774851907502));
#7369=DIRECTION('center_axis',(0.994683258330902,-0.0432922213713798,0.0934398157369355));
#7370=DIRECTION('ref_axis',(0.102981627469277,0.41815272172615,-0.902520407368605));
#7371=DIRECTION('center_axis',(-0.981096097125207,0.0854210664803553,0.17364817766693));
#7372=DIRECTION('ref_axis',(0.19352118283456,0.433059956065869,0.880345742448125));
#7373=DIRECTION('',(-1.,0.,0.));
#7374=DIRECTION('center_axis',(-0.992440125786174,0.0864087567068713,-0.0871557427476582));
#7375=DIRECTION('ref_axis',(0.122729771162189,0.698734435525569,-0.704774851907502));
#7376=DIRECTION('',(-1.,0.,0.));
#7377=DIRECTION('center_axis',(0.,0.,1.));
#7378=DIRECTION('ref_axis',(1.,0.,0.));
#7379=DIRECTION('',(0.0867388241198142,0.996231085838176,0.));
#7380=DIRECTION('',(1.,9.44870659255452E-17,0.));
#7381=DIRECTION('',(0.0867388241198142,-0.996231085838176,0.));
#7382=DIRECTION('',(1.,0.,0.));
#7383=DIRECTION('',(0.0867388241198142,-0.996231085838176,0.));
#7384=DIRECTION('',(1.,9.44870659255452E-17,0.));
#7385=DIRECTION('',(0.0867388241198142,0.996231085838176,0.));
#7386=DIRECTION('center_axis',(-0.992440125786174,0.0864087567068713,-0.0871557427476582));
#7387=DIRECTION('ref_axis',(0.0867388241198142,0.996231085838176,8.67361737988404E-19));
#7388=DIRECTION('',(0.0867388241198142,0.996231085838176,0.));
#7389=DIRECTION('',(0.0868272602345323,-0.00755978664122089,-0.996194698091746));
#7390=DIRECTION('center_axis',(0.,0.,-1.));
#7391=DIRECTION('ref_axis',(1.,1.61654851942901E-29,0.));
#7392=DIRECTION('',(0.,0.,-1.));
#7393=DIRECTION('center_axis',(-5.92163595887372E-17,1.43773732865809E-17,
-1.));
#7394=DIRECTION('ref_axis',(1.,1.61654851942901E-29,-5.92163595887372E-17));
#7395=DIRECTION('center_axis',(-5.92163595887372E-17,1.43773732865809E-17,
-1.));
#7396=DIRECTION('ref_axis',(1.,1.616548519429E-29,-5.92163595887372E-17));
#7397=DIRECTION('center_axis',(5.92163595887372E-17,-1.43773732865809E-17,
1.));
#7398=DIRECTION('ref_axis',(1.,1.616548519429E-29,0.));
#7399=DIRECTION('center_axis',(0.,0.,-1.));
#7400=DIRECTION('ref_axis',(1.,1.616548519429E-29,0.));
#7401=DIRECTION('',(0.,0.,1.));
#7402=DIRECTION('center_axis',(-0.106904523755366,0.703054557911634,-0.703054557911629));
#7403=DIRECTION('ref_axis',(-0.664638036802367,-0.576435211997092,-0.475372197762305));
#7404=DIRECTION('center_axis',(0.106904523755365,-0.703054557911631,0.703054557911631));
#7405=DIRECTION('ref_axis',(-0.664638036802365,-0.576435211997094,-0.475372197762303));
#7406=DIRECTION('',(-0.106904523755365,0.703054557911631,-0.703054557911631));
#7407=DIRECTION('',(0.106904523755365,-0.703054557911631,0.703054557911631));
#7408=DIRECTION('center_axis',(0.,0.,1.));
#7409=DIRECTION('ref_axis',(1.,0.,0.));
#7410=DIRECTION('',(-1.,0.,0.));
#7411=DIRECTION('',(-0.0434824601872596,-0.999054190550274,0.));
#7412=DIRECTION('',(-1.,0.,0.));
#7413=DIRECTION('',(-0.150329243125627,0.988635988957147,0.));
#7414=DIRECTION('center_axis',(0.0867388241198142,-0.996231085838176,0.));
#7415=DIRECTION('ref_axis',(0.673043966114588,0.0585999001954451,-0.737277336810124));
#7416=DIRECTION('center_axis',(-0.988635988957147,0.150329243125627,0.));
#7417=DIRECTION('ref_axis',(0.150329243125627,0.988635988957147,-3.92212576211716E-17));
#7418=DIRECTION('center_axis',(0.0867388241198148,-0.996231085838176,0.));
#7419=DIRECTION('ref_axis',(0.,0.,-1.));
#7420=DIRECTION('',(0.0867388241198142,-0.996231085838176,0.));
#7421=DIRECTION('center_axis',(0.0867388241198129,0.996231085838177,0.));
#7422=DIRECTION('ref_axis',(0.,0.,-1.));
#7423=DIRECTION('center_axis',(-0.0867388241198142,-0.996231085838176,0.));
#7424=DIRECTION('ref_axis',(-0.673043966114588,0.0585999001954451,-0.737277336810124));
#7425=DIRECTION('',(0.0867388241198142,0.996231085838176,0.));
#7426=DIRECTION('center_axis',(0.988635988957147,0.150329243125627,0.));
#7427=DIRECTION('ref_axis',(-0.150329243125628,0.988635988957147,0.));
#7428=DIRECTION('center_axis',(-0.988635988957147,0.150329243125627,0.));
#7429=DIRECTION('ref_axis',(-0.150329243125627,-0.988635988957147,0.));
#7430=DIRECTION('center_axis',(0.988635988957147,-0.150329243125627,0.));
#7431=DIRECTION('ref_axis',(0.150329243125627,0.988635988957147,1.15248675980895E-15));
#7432=DIRECTION('',(0.150329243125627,0.988635988957147,0.));
#7433=DIRECTION('',(-0.106904523755365,-0.703054557911631,0.703054557911631));
#7434=DIRECTION('',(-0.106748398213371,0.257340169957448,-0.960406589109608));
#7435=DIRECTION('center_axis',(0.,-1.,0.));
#7436=DIRECTION('ref_axis',(1.,0.,0.));
#7437=DIRECTION('',(0.,0.,1.));
#7438=DIRECTION('',(1.,0.,0.));
#7439=DIRECTION('',(0.,0.,1.));
#7440=DIRECTION('',(-1.,0.,0.));
#7441=DIRECTION('center_axis',(0.,0.,1.));
#7442=DIRECTION('ref_axis',(1.,0.,0.));
#7443=DIRECTION('',(1.,0.,0.));
#7444=DIRECTION('center_axis',(0.,0.,-1.));
#7445=DIRECTION('ref_axis',(0.737135952223129,-0.675744469411405,0.));
#7446=DIRECTION('',(-0.0867388241198139,0.996231085838176,0.));
#7447=DIRECTION('',(-1.,0.,0.));
#7448=DIRECTION('',(0.0434824601872596,-0.999054190550274,0.));
#7449=DIRECTION('',(1.,0.,0.));
#7450=DIRECTION('',(-0.0867388241198142,0.996231085838176,0.));
#7451=DIRECTION('center_axis',(0.,0.,1.));
#7452=DIRECTION('ref_axis',(0.579970128997519,-0.814637741251043,0.));
#7453=DIRECTION('',(1.,0.,0.));
#7454=DIRECTION('center_axis',(0.,0.,1.));
#7455=DIRECTION('ref_axis',(-0.579970128997517,-0.814637741251044,0.));
#7456=DIRECTION('',(-0.0867388241198142,-0.996231085838176,0.));
#7457=DIRECTION('',(1.,0.,0.));
#7458=DIRECTION('',(0.0434824601872596,0.999054190550274,0.));
#7459=DIRECTION('',(-1.,0.,0.));
#7460=DIRECTION('',(-0.0867388241198132,-0.996231085838176,0.));
#7461=DIRECTION('center_axis',(0.,0.,-1.));
#7462=DIRECTION('ref_axis',(-0.737135952223129,-0.675744469411405,0.));
#7463=DIRECTION('center_axis',(0.996231085838176,0.0867388241198139,0.));
#7464=DIRECTION('ref_axis',(-0.0867388241198139,0.996231085838176,0.));
#7465=DIRECTION('',(0.,0.,-1.));
#7466=DIRECTION('',(-0.0867388241198139,0.996231085838176,0.));
#7467=DIRECTION('center_axis',(-0.150329243125627,-0.988635988957147,0.));
#7468=DIRECTION('ref_axis',(-0.699071211916667,0.106298827224773,0.707106781186548));
#7469=DIRECTION('center_axis',(-0.150329243125628,-0.988635988957147,0.));
#7470=DIRECTION('ref_axis',(0.,0.,1.));
#7471=DIRECTION('',(-0.150329243125627,-0.988635988957147,0.));
#7472=DIRECTION('center_axis',(0.,-1.,0.));
#7473=DIRECTION('ref_axis',(-1.,0.,-3.01841770426154E-15));
#7474=DIRECTION('',(0.150329243125627,0.988635988957147,0.));
#7475=DIRECTION('center_axis',(0.0867388241198142,-0.996231085838176,0.));
#7476=DIRECTION('ref_axis',(0.673043966114589,0.0585999001954434,-0.737277336810124));
#7477=DIRECTION('',(0.0867388241198142,-0.996231085838176,0.));
#7478=DIRECTION('center_axis',(-0.0651259410811261,0.99787705244599,0.));
#7479=DIRECTION('ref_axis',(-0.99787705244599,-0.0651259410811261,0.));
#7480=DIRECTION('center_axis',(-0.994683258330902,-0.0432922213713798,0.0934398157369355));
#7481=DIRECTION('ref_axis',(-0.0438604833644089,0.999029515224516,-0.00403555563827601));
#7482=DIRECTION('',(-0.0867388241198142,0.996231085838176,0.));
#7483=DIRECTION('center_axis',(0.,-1.,0.));
#7484=DIRECTION('ref_axis',(1.,0.,-2.11990748791099E-14));
#7485=DIRECTION('center_axis',(0.,0.,1.));
#7486=DIRECTION('ref_axis',(1.,0.,0.));
#7487=DIRECTION('',(-1.,0.,0.));
#7488=DIRECTION('',(0.0434824601872596,-0.999054190550274,0.));
#7489=DIRECTION('center_axis',(-0.0854529206482656,-0.996342209460525,1.77094026713652E-15));
#7490=DIRECTION('ref_axis',(0.996342209460525,-0.0854529206482655,-2.09638092930255E-14));
#7491=DIRECTION('center_axis',(0.,1.,0.));
#7492=DIRECTION('ref_axis',(1.,0.,-2.11990748791099E-14));
#7493=DIRECTION('center_axis',(0.,1.,0.));
#7494=DIRECTION('ref_axis',(-1.,0.,0.));
#7495=DIRECTION('center_axis',(0.,1.,0.));
#7496=DIRECTION('ref_axis',(1.,0.,2.0093036189765E-14));
#7497=DIRECTION('center_axis',(-0.0194137569975013,-0.127674020367141,-0.99162616472264));
#7498=DIRECTION('ref_axis',(-0.149070410806323,-0.98035731403635,0.129141586785462));
#7499=DIRECTION('center_axis',(0.,1.,0.));
#7500=DIRECTION('ref_axis',(-1.,0.,-8.29529017008648E-16));
#7501=DIRECTION('center_axis',(0.,1.,0.));
#7502=DIRECTION('ref_axis',(-1.,0.,0.));
#7503=DIRECTION('center_axis',(0.,1.,0.));
#7504=DIRECTION('ref_axis',(-1.,0.,2.0093036189765E-14));
#7505=DIRECTION('center_axis',(-1.,0.,0.));
#7506=DIRECTION('ref_axis',(0.,-1.,0.));
#7507=DIRECTION('center_axis',(0.994683258330902,0.0432922213713798,-0.0934398157369355));
#7508=DIRECTION('ref_axis',(0.102981627469277,-0.418152721726148,0.902520407368605));
#7509=DIRECTION('center_axis',(-0.994683258330902,0.0432922213713798,-0.0934398157369355));
#7510=DIRECTION('ref_axis',(-0.102981627469277,-0.418152721726148,0.902520407368605));
#7511=DIRECTION('',(-1.,0.,0.));
#7512=DIRECTION('',(-1.,0.,0.));
#7513=DIRECTION('center_axis',(-9.25185853854297E-17,0.,-1.));
#7514=DIRECTION('ref_axis',(1.,1.616548519429E-29,-9.25185853854297E-17));
#7515=DIRECTION('',(9.25185853854297E-17,0.,1.));
#7516=DIRECTION('center_axis',(5.92163595887372E-17,-1.43773732865809E-17,
1.));
#7517=DIRECTION('ref_axis',(1.,1.616548519429E-29,-9.25185853854297E-17));
#7518=DIRECTION('center_axis',(-1.,0.,0.));
#7519=DIRECTION('ref_axis',(0.,0.382683432365088,0.923879532511287));
#7520=DIRECTION('',(1.,0.,0.));
#7521=DIRECTION('center_axis',(1.,0.,0.));
#7522=DIRECTION('ref_axis',(0.,0.707106781186549,0.707106781186546));
#7523=DIRECTION('center_axis',(0.0434824601872596,0.999054190550274,0.));
#7524=DIRECTION('ref_axis',(-0.672624014161492,0.0292750355220055,-0.739405104031928));
#7525=DIRECTION('',(0.0434824601872596,0.999054190550274,0.));
#7526=DIRECTION('center_axis',(-0.0434824601872606,-0.999054190550274,-7.72403655475895E-17));
#7527=DIRECTION('ref_axis',(-0.994683258330901,0.0432922213713808,-0.0934398157369352));
#7528=DIRECTION('center_axis',(-0.994683258330902,0.0432922213713798,-0.0934398157369355));
#7529=DIRECTION('ref_axis',(0.0438476171339002,0.999030625887624,-0.00389807776487978));
#7530=DIRECTION('center_axis',(0.994683258330902,-0.0432922213713798,0.0934398157369355));
#7531=DIRECTION('ref_axis',(0.102981627469277,0.41815272172615,-0.902520407368605));
#7532=DIRECTION('',(-0.0985995644530065,-0.138494936994726,0.98544268139578));
#7533=DIRECTION('center_axis',(0.994683258330902,-0.0432922213713798,0.0934398157369355));
#7534=DIRECTION('ref_axis',(0.102981627469277,0.418152721726149,-0.902520407368605));
#7535=DIRECTION('center_axis',(0.00714608675084014,0.0469960361350732,0.998869514016591));
#7536=DIRECTION('ref_axis',(-0.150159298023377,-0.987518349828937,0.0475362384740278));
#7537=DIRECTION('center_axis',(-0.150329243125631,-0.988635988957146,0.));
#7538=DIRECTION('ref_axis',(0.,0.,1.));
#7539=DIRECTION('center_axis',(0.,0.,-1.));
#7540=DIRECTION('ref_axis',(-0.150329243125627,-0.988635988957147,0.));
#7541=DIRECTION('center_axis',(-0.150329243125627,-0.988635988957147,0.));
#7542=DIRECTION('ref_axis',(-0.699071211916664,0.106298827224781,0.707106781186549));
#7543=DIRECTION('center_axis',(0.150329243125631,0.988635988957146,-6.67595947970195E-16));
#7544=DIRECTION('ref_axis',(-0.988635988957146,0.150329243125631,0.));
#7545=DIRECTION('',(-0.150329243125627,-0.988635988957147,0.));
#7546=DIRECTION('center_axis',(0.133968444438606,0.881039662029826,0.453675621810419));
#7547=DIRECTION('ref_axis',(-0.988635988957145,0.15032924312564,-4.44089209850065E-15));
#7548=DIRECTION('center_axis',(-0.987431351312154,0.15804849396895,-9.14832829337541E-18));
#7549=DIRECTION('ref_axis',(0.15804849396895,0.987431351312154,1.1539673910142E-15));
#7550=DIRECTION('center_axis',(0.56073457440875,0.6993072409595,0.443335222832847));
#7551=DIRECTION('ref_axis',(-0.813522381064177,0.564980122729787,0.137763552610649));
#7552=DIRECTION('center_axis',(-0.106904523755365,-0.703054557911631,0.703054557911631));
#7553=DIRECTION('ref_axis',(0.664638036802366,-0.576435211997094,-0.475372197762303));
#7554=DIRECTION('',(0.106904523755365,0.703054557911631,-0.703054557911631));
#7555=DIRECTION('center_axis',(-0.150329243125627,0.988635988957147,0.));
#7556=DIRECTION('ref_axis',(0.699071211916667,0.106298827224781,0.707106781186546));
#7557=DIRECTION('center_axis',(-0.150329243125631,0.988635988957146,6.67595947970195E-16));
#7558=DIRECTION('ref_axis',(4.44089209850063E-15,0.,1.));
#7559=DIRECTION('',(0.150329243125627,-0.988635988957147,0.));
#7560=DIRECTION('center_axis',(-0.133968444438599,0.881039662029823,0.453675621810428));
#7561=DIRECTION('ref_axis',(0.,-0.457802436909066,0.889053951546317));
#7562=DIRECTION('center_axis',(-0.988635988957147,-0.150329243125627,0.));
#7563=DIRECTION('ref_axis',(-0.150329243125627,0.988635988957147,1.15248675980895E-15));
#7564=DIRECTION('center_axis',(0.987431351312154,0.15804849396895,2.21645149909464E-16));
#7565=DIRECTION('ref_axis',(-0.15804849396895,0.987431351312154,1.15396739101419E-15));
#7566=DIRECTION('center_axis',(-0.560734574408744,0.699307240959502,0.443335222832851));
#7567=DIRECTION('ref_axis',(9.51683176707733E-12,-0.535431849213237,0.8445784361728));
#7568=DIRECTION('center_axis',(1.,0.,0.));
#7569=DIRECTION('ref_axis',(0.,0.342020143325669,-0.939692620785908));
#7570=DIRECTION('center_axis',(0.994282778727601,0.075178507903382,-0.0758284107385948));
#7571=DIRECTION('ref_axis',(-0.106779005079275,0.700031768260761,-0.706083399819024));
#7572=DIRECTION('center_axis',(0.995982487380956,0.0376449831968096,-0.0812510927345334));
#7573=DIRECTION('ref_axis',(-0.0895482262830696,0.418698901787868,-0.903699255732342));
#7574=DIRECTION('',(-1.,0.,0.));
#7575=DIRECTION('center_axis',(-0.992440125786174,-0.0864087567068713,0.0871557427476582));
#7576=DIRECTION('ref_axis',(-0.122729771162189,0.698734435525572,-0.704774851907499));
#7577=DIRECTION('center_axis',(0.,0.,1.));
#7578=DIRECTION('ref_axis',(1.,0.,0.));
#7579=DIRECTION('',(-0.0434824601872596,0.999054190550274,0.));
#7580=DIRECTION('center_axis',(0.,0.707106781186548,0.707106781186548));
#7581=DIRECTION('ref_axis',(1.,0.,0.));
#7582=DIRECTION('center_axis',(-0.988635988957147,-0.150329243125627,0.));
#7583=DIRECTION('ref_axis',(0.150329243125627,-0.988635988957147,0.));
#7584=DIRECTION('',(0.106748398213371,0.257340169957448,-0.960406589109608));
#7585=DIRECTION('center_axis',(-0.992440125786174,0.0864087567068713,-0.0871557427476582));
#7586=DIRECTION('ref_axis',(0.0867388241198142,0.996231085838176,8.67361737988404E-19));
#7587=DIRECTION('center_axis',(0.992440125786174,-0.0864087567068713,0.0871557427476582));
#7588=DIRECTION('ref_axis',(0.122729771162189,0.698734435525572,-0.704774851907499));
#7589=DIRECTION('',(-0.0985995644530065,-0.138494936994726,0.98544268139578));
#7590=DIRECTION('',(-0.0867388241198142,-0.996231085838176,0.));
#7591=DIRECTION('',(0.0868272602345323,-0.00755978664122089,-0.996194698091746));
#7592=DIRECTION('center_axis',(0.992440125786174,0.0864087567068713,-0.0871557427476582));
#7593=DIRECTION('ref_axis',(0.0867388241198142,-0.996231085838176,-8.67361737988404E-19));
#7594=DIRECTION('',(0.0868272602345323,0.00755978664122088,0.996194698091746));
#7595=DIRECTION('',(-0.0867388241198142,0.996231085838176,0.));
#7596=DIRECTION('center_axis',(-0.992440125786174,-0.0864087567068713,0.0871557427476582));
#7597=DIRECTION('ref_axis',(-0.122729771162189,0.698734435525569,-0.704774851907502));
#7598=DIRECTION('',(-0.0985995644530065,0.138494936994726,-0.98544268139578));
#7599=DIRECTION('',(-0.0985995644530065,0.138494936994726,-0.98544268139578));
#7600=DIRECTION('center_axis',(0.994683258330902,0.0432922213713798,-0.0934398157369355));
#7601=DIRECTION('ref_axis',(0.0438476171339002,-0.999030625887624,0.00389807776487978));
#7602=DIRECTION('',(0.0434824601872596,-0.999054190550274,0.));
#7603=DIRECTION('center_axis',(-0.994683258330902,-0.0432922213713798,0.0934398157369355));
#7604=DIRECTION('ref_axis',(-0.102981627469277,0.418152721726149,-0.902520407368605));
#7605=DIRECTION('center_axis',(0.994683258330902,0.0432922213713798,-0.0934398157369355));
#7606=DIRECTION('ref_axis',(-0.102981627469277,0.41815272172615,-0.902520407368605));
#7607=DIRECTION('',(-0.0434824601872596,0.999054190550274,0.));
#7608=DIRECTION('center_axis',(-0.994683258330902,-0.0432922213713798,0.0934398157369355));
#7609=DIRECTION('ref_axis',(-0.102981627469277,0.41815272172615,-0.902520407368605));
#7610=DIRECTION('center_axis',(0.0434824601872596,-0.999054190550274,0.));
#7611=DIRECTION('ref_axis',(0.672624014161491,0.0292750355220103,-0.739405104031929));
#7612=DIRECTION('center_axis',(-0.0434824601872605,0.999054190550274,0.));
#7613=DIRECTION('ref_axis',(0.994683258330901,0.0432922213713806,-0.0934398157369357));
#7614=DIRECTION('center_axis',(-0.994282778727601,0.075178507903382,-0.0758284107385948));
#7615=DIRECTION('ref_axis',(0.106779005079275,0.700031768260761,-0.706083399819024));
#7616=DIRECTION('center_axis',(-0.995982487380956,0.0376449831968097,-0.0812510927345337));
#7617=DIRECTION('ref_axis',(0.0895482262830698,0.418698901787868,-0.903699255732342));
#7618=DIRECTION('center_axis',(-0.0434824601872596,0.999054190550274,0.));
#7619=DIRECTION('ref_axis',(0.672624014161491,0.0292750355220095,-0.739405104031929));
#7620=DIRECTION('center_axis',(0.,-1.,0.));
#7621=DIRECTION('ref_axis',(1.,0.,3.76194497362704E-14));
#7622=DIRECTION('center_axis',(0.,1.,0.));
#7623=DIRECTION('ref_axis',(1.,0.,3.76194497362704E-14));
#7624=DIRECTION('',(-0.0434824601872596,0.999054190550274,0.));
#7625=DIRECTION('center_axis',(0.,-1.,0.));
#7626=DIRECTION('ref_axis',(-1.,0.,0.));
#7627=DIRECTION('',(0.0935275022328025,0.,0.995616696488208));
#7628=DIRECTION('',(1.,0.,0.));
#7629=DIRECTION('',(0.,0.,1.));
#7630=DIRECTION('',(1.,0.,0.));
#7631=DIRECTION('',(0.,0.,1.));
#7632=DIRECTION('',(-1.,0.,0.));
#7633=DIRECTION('center_axis',(0.,-1.,0.));
#7634=DIRECTION('ref_axis',(0.150329243125629,0.,-0.988635988957147));
#7635=DIRECTION('center_axis',(0.994683258330902,0.0432922213713798,-0.0934398157369355));
#7636=DIRECTION('ref_axis',(0.0438476171339002,-0.999030625887624,0.00389807776487978));
#7637=DIRECTION('center_axis',(0.994683258330902,0.0432922213713798,-0.0934398157369355));
#7638=DIRECTION('ref_axis',(-0.102981627469277,0.41815272172615,-0.902520407368605));
#7639=DIRECTION('',(0.0434824601872596,-0.999054190550274,0.));
#7640=DIRECTION('center_axis',(-0.0434824601872596,-0.999054190550274,0.));
#7641=DIRECTION('ref_axis',(-0.672624014161491,0.0292750355220135,-0.739405104031929));
#7642=DIRECTION('center_axis',(0.0867388241198142,-0.996231085838176,0.));
#7643=DIRECTION('ref_axis',(0.673043966114589,0.0585999001954434,-0.737277336810124));
#7644=DIRECTION('center_axis',(0.,1.,0.));
#7645=DIRECTION('ref_axis',(1.,0.,-2.11990748791099E-14));
#7646=DIRECTION('',(-0.0867388241198142,0.996231085838176,0.));
#7647=DIRECTION('center_axis',(-0.0434824601872596,0.999054190550274,0.));
#7648=DIRECTION('ref_axis',(0.672624014161491,0.0292750355220095,-0.739405104031929));
#7649=DIRECTION('center_axis',(0.,1.,0.));
#7650=DIRECTION('ref_axis',(1.,0.,3.76194497362704E-14));
#7651=DIRECTION('',(-0.0434824601872596,0.999054190550274,0.));
#7652=DIRECTION('center_axis',(0.,-1.,0.));
#7653=DIRECTION('ref_axis',(-1.,0.,0.));
#7654=DIRECTION('',(-0.0874829492110121,0.,-0.99616601708618));
#7655=DIRECTION('',(1.,0.,0.));
#7656=DIRECTION('',(0.,0.,1.));
#7657=DIRECTION('',(-1.,0.,0.));
#7658=DIRECTION('',(0.,0.,1.));
#7659=DIRECTION('',(-1.,0.,0.));
#7660=DIRECTION('',(0.,0.,1.));
#7661=DIRECTION('center_axis',(0.992440125786174,0.0864087567068713,-0.0871557427476582));
#7662=DIRECTION('ref_axis',(0.0867388241198142,-0.996231085838176,-8.67361737988404E-19));
#7663=DIRECTION('',(0.0874829492110121,0.,0.99616601708618));
#7664=DIRECTION('',(-0.0867388241198142,0.996231085838176,0.));
#7665=DIRECTION('',(0.0985995644530065,-0.138494936994726,0.98544268139578));
#7666=DIRECTION('center_axis',(0.992440125786174,0.0864087567068713,-0.0871557427476582));
#7667=DIRECTION('ref_axis',(-0.122729771162189,0.698734435525569,-0.704774851907502));
#7668=DIRECTION('',(0.0867388241198142,-0.996231085838176,0.));
#7669=DIRECTION('center_axis',(0.994683258330902,0.0432922213713798,-0.0934398157369355));
#7670=DIRECTION('ref_axis',(0.0438476171339002,-0.999030625887624,0.00389807776487978));
#7671=DIRECTION('',(-0.0935275022328025,0.,-0.995616696488208));
#7672=DIRECTION('',(0.0434824601872596,-0.999054190550274,0.));
#7673=DIRECTION('center_axis',(-0.994683258330902,-0.0432922213713798,0.0934398157369355));
#7674=DIRECTION('ref_axis',(-0.102981627469277,0.41815272172615,-0.902520407368605));
#7675=DIRECTION('center_axis',(0.0434824601872653,-0.999054190550274,0.));
#7676=DIRECTION('ref_axis',(0.999054190550274,0.0434824601872653,0.));
#7677=DIRECTION('',(0.999054190550274,0.0434824601872653,0.));
#7678=DIRECTION('',(0.173642161954487,0.0075575363833447,-0.984779814595926));
#7679=DIRECTION('',(-0.994683258330902,-0.0432922213713782,0.0934398157369354));
#7680=DIRECTION('center_axis',(0.,0.,1.));
#7681=DIRECTION('ref_axis',(-1.,0.,0.));
#7682=DIRECTION('',(1.,0.,0.));
#7683=DIRECTION('',(0.0867388241198142,-0.996231085838176,0.));
#7684=DIRECTION('center_axis',(0.981096097125207,0.0854210664803553,0.17364817766693));
#7685=DIRECTION('ref_axis',(0.0867388241198142,-0.996231085838176,-8.37807103457971E-19));
#7686=DIRECTION('center_axis',(0.981096097125207,0.0854210664803553,0.17364817766693));
#7687=DIRECTION('ref_axis',(-0.19352118283456,0.433059956065869,0.880345742448125));
#7688=DIRECTION('',(0.0867388241198142,-0.996231085838176,0.));
#7689=DIRECTION('',(-0.174285200361885,0.,0.984695216264818));
#7690=DIRECTION('center_axis',(-0.981096097125207,-0.0854210664803553,-0.17364817766693));
#7691=DIRECTION('ref_axis',(0.180714458593915,-0.0834013465856519,-0.979993112140493));
#7692=DIRECTION('center_axis',(1.,0.,0.));
#7693=DIRECTION('ref_axis',(0.,1.,6.91572441586251E-32));
#7694=DIRECTION('',(1.,0.,0.));
#7695=DIRECTION('center_axis',(0.981096097125207,0.0854210664803553,0.17364817766693));
#7696=DIRECTION('ref_axis',(-0.19352118283456,0.433059956065869,0.880345742448125));
#7697=DIRECTION('',(1.,0.,0.));
#7698=DIRECTION('center_axis',(0.992440125786174,0.0864087567068713,-0.0871557427476582));
#7699=DIRECTION('ref_axis',(-0.122729771162189,0.698734435525569,-0.704774851907502));
#7700=DIRECTION('',(-1.,0.,0.));
#7701=DIRECTION('center_axis',(0.992440125786174,0.0864087567068713,-0.0871557427476582));
#7702=DIRECTION('ref_axis',(0.0867388241198142,-0.996231085838176,-8.67361737988404E-19));
#7703=DIRECTION('',(0.0874829492110121,0.,0.99616601708618));
#7704=DIRECTION('',(0.0867388241198142,-0.996231085838176,0.));
#7705=DIRECTION('',(0.0867388241198142,-0.996231085838176,0.));
#7706=DIRECTION('center_axis',(-0.992440125786174,-0.0864087567068713,0.0871557427476582));
#7707=DIRECTION('ref_axis',(-0.117698336300479,0.468839637582865,-0.875406474652357));
#7708=DIRECTION('',(0.0874829492110121,0.,0.99616601708618));
#7709=DIRECTION('center_axis',(0.,0.,1.));
#7710=DIRECTION('ref_axis',(-0.999070785220474,-0.0430994909360461,1.15425014877326E-17));
#7711=DIRECTION('center_axis',(0.,1.,0.));
#7712=DIRECTION('ref_axis',(-0.995633178820805,1.0093459334096E-18,0.0933518785626701));
#7713=DIRECTION('center_axis',(0.,0.,-1.));
#7714=DIRECTION('ref_axis',(1.,0.,0.));
#7715=DIRECTION('center_axis',(0.,0.,-1.));
#7716=DIRECTION('ref_axis',(0.737135952223129,-0.675744469411405,0.));
#7717=DIRECTION('',(1.,0.,0.));
#7718=DIRECTION('center_axis',(0.,0.,-1.));
#7719=DIRECTION('ref_axis',(-0.737135952223129,-0.675744469411405,0.));
#7720=DIRECTION('',(-0.0867388241198132,-0.996231085838176,0.));
#7721=DIRECTION('center_axis',(0.,0.,-1.));
#7722=DIRECTION('ref_axis',(1.,0.,0.));
#7723=DIRECTION('center_axis',(0.,0.,-1.));
#7724=DIRECTION('ref_axis',(1.,0.,0.));
#7725=DIRECTION('center_axis',(0.,1.,0.));
#7726=DIRECTION('ref_axis',(1.,0.,0.));
#7727=DIRECTION('',(0.,0.,-1.));
#7728=DIRECTION('',(0.,0.,-1.));
#7729=DIRECTION('',(1.,0.,0.));
#7730=DIRECTION('center_axis',(-1.,8.50186727753291E-16,0.));
#7731=DIRECTION('ref_axis',(-8.50186727753291E-16,-1.,-3.59203892475767E-17));
#7732=DIRECTION('',(-8.50186727753291E-16,-1.,0.));
#7733=DIRECTION('',(0.,0.,1.));
#7734=DIRECTION('',(8.50186727753291E-16,1.,-1.24900090270329E-16));
#7735=DIRECTION('center_axis',(0.,1.,0.));
#7736=DIRECTION('ref_axis',(1.,0.,0.));
#7737=DIRECTION('',(0.,0.,-1.));
#7738=DIRECTION('',(1.,0.,0.));
#7739=DIRECTION('',(0.,0.,-1.));
#7740=DIRECTION('',(-1.,0.,0.));
#7741=DIRECTION('',(-1.,0.,0.));
#7742=DIRECTION('center_axis',(-0.981096097125207,0.0854210664803553,0.17364817766693));
#7743=DIRECTION('ref_axis',(0.0867388241198142,0.996231085838176,8.37807103457971E-19));
#7744=DIRECTION('',(-0.174285200361885,0.,-0.984695216264818));
#7745=DIRECTION('',(0.0867388241198142,0.996231085838176,0.));
#7746=DIRECTION('center_axis',(0.,0.,1.));
#7747=DIRECTION('ref_axis',(-1.,0.,0.));
#7748=DIRECTION('',(0.0867388241198142,0.996231085838176,0.));
#7749=DIRECTION('center_axis',(0.,0.,1.));
#7750=DIRECTION('ref_axis',(0.999070785220474,-0.0430994909360461,1.15425014877326E-17));
#7751=DIRECTION('center_axis',(0.992440125786174,-0.0864087567068713,0.0871557427476582));
#7752=DIRECTION('ref_axis',(0.117698336300479,0.468839637582865,-0.875406474652357));
#7753=DIRECTION('center_axis',(0.,0.,1.));
#7754=DIRECTION('ref_axis',(-1.,0.,0.));
#7755=DIRECTION('center_axis',(-0.992440125786174,0.0864087567068713,-0.0871557427476582));
#7756=DIRECTION('ref_axis',(0.0867388241198142,0.996231085838176,8.67361737988404E-19));
#7757=DIRECTION('',(0.0867388241198142,0.996231085838176,0.));
#7758=DIRECTION('',(0.0874829492110121,0.,-0.99616601708618));
#7759=DIRECTION('center_axis',(0.,1.,0.));
#7760=DIRECTION('ref_axis',(1.,0.,0.));
#7761=DIRECTION('',(-1.,0.,0.));
#7762=DIRECTION('',(0.,0.,-1.));
#7763=DIRECTION('',(1.,0.,0.));
#7764=DIRECTION('',(0.,0.,1.));
#7765=DIRECTION('center_axis',(-0.106904523755366,-0.703054557911634,0.703054557911629));
#7766=DIRECTION('ref_axis',(0.664638036802366,-0.576435211997092,-0.475372197762305));
#7767=DIRECTION('center_axis',(0.,0.,1.));
#7768=DIRECTION('ref_axis',(-0.150329243125628,-0.988635988957147,0.));
#7769=DIRECTION('',(-0.106904523755365,-0.703054557911634,0.703054557911628));
#7770=DIRECTION('center_axis',(0.,0.707106781186545,0.70710678118655));
#7771=DIRECTION('ref_axis',(0.,-0.70710678118655,0.707106781186545));
#7772=DIRECTION('center_axis',(0.,0.707106781186545,0.70710678118655));
#7773=DIRECTION('ref_axis',(6.54205191118351E-17,-0.70710678118655,0.707106781186545));
#7774=DIRECTION('',(-1.,0.,0.));
#7775=DIRECTION('',(-1.52686631035892E-16,-0.70710678118655,0.707106781186545));
#7776=DIRECTION('center_axis',(0.,0.707106781186545,0.70710678118655));
#7777=DIRECTION('ref_axis',(0.,0.70710678118655,-0.707106781186545));
#7778=DIRECTION('',(0.,-0.70710678118655,0.707106781186545));
#7779=DIRECTION('',(1.,0.,0.));
#7780=DIRECTION('',(0.,0.70710678118655,-0.707106781186545));
#7781=DIRECTION('center_axis',(0.,0.707106781186545,0.70710678118655));
#7782=DIRECTION('ref_axis',(0.,-0.70710678118655,0.707106781186545));
#7783=DIRECTION('center_axis',(0.,0.707106781186545,0.70710678118655));
#7784=DIRECTION('ref_axis',(0.,-0.70710678118655,0.707106781186545));
#7785=DIRECTION('center_axis',(0.,-0.707106781186545,-0.70710678118655));
#7786=DIRECTION('ref_axis',(-4.90653893338682E-17,0.70710678118655,-0.707106781186545));
#7787=DIRECTION('',(0.,0.70710678118655,-0.707106781186545));
#7788=DIRECTION('center_axis',(1.,0.,0.));
#7789=DIRECTION('ref_axis',(0.,0.,1.));
#7790=DIRECTION('',(0.,0.,-1.));
#7791=DIRECTION('',(0.,-1.,0.));
#7792=DIRECTION('',(0.,0.,-1.));
#7793=DIRECTION('center_axis',(-1.,2.15931504404015E-16,0.));
#7794=DIRECTION('ref_axis',(-2.15931504404015E-16,-1.,0.));
#7795=DIRECTION('',(0.,0.,1.));
#7796=DIRECTION('',(2.15931504404015E-16,1.,-1.24900090270329E-16));
#7797=DIRECTION('',(0.,0.,1.));
#7798=DIRECTION('center_axis',(-9.25185853854297E-17,0.,-1.));
#7799=DIRECTION('ref_axis',(1.,1.616548519429E-29,-9.25185853854297E-17));
#7800=DIRECTION('',(-9.25185853854297E-17,0.,-1.));
#7801=DIRECTION('center_axis',(0.,0.,1.));
#7802=DIRECTION('ref_axis',(-0.752354790557932,0.658758126420108,0.));
#7803=DIRECTION('',(0.,0.,1.));
#7804=DIRECTION('center_axis',(1.23131031645478E-16,1.24900090270329E-16,
1.));
#7805=DIRECTION('ref_axis',(-0.752354790557932,0.658758126420108,0.));
#7806=DIRECTION('',(0.,0.,-1.));
#7807=DIRECTION('center_axis',(0.,0.,1.));
#7808=DIRECTION('ref_axis',(-1.,0.,0.));
#7809=DIRECTION('center_axis',(0.,0.,-1.));
#7810=DIRECTION('ref_axis',(-1.,0.,0.));
#7811=DIRECTION('center_axis',(-1.23131031645478E-16,-1.24900090270329E-16,
-1.));
#7812=DIRECTION('ref_axis',(-1.,0.,0.));
#7813=DIRECTION('center_axis',(0.,0.,1.));
#7814=DIRECTION('ref_axis',(1.,0.,0.));
#7815=DIRECTION('center_axis',(1.,0.,0.));
#7816=DIRECTION('ref_axis',(0.,1.,0.));
#7817=DIRECTION('',(0.,-1.,1.24900090270329E-16));
#7818=DIRECTION('center_axis',(0.,0.,1.));
#7819=DIRECTION('ref_axis',(-0.737135952223129,-0.675744469411405,0.));
#7820=DIRECTION('',(0.,0.,-1.));
#7821=DIRECTION('',(0.,0.,1.));
#7822=DIRECTION('center_axis',(-0.996231085838177,0.0867388241198132,0.));
#7823=DIRECTION('ref_axis',(-0.0867388241198132,-0.996231085838176,0.));
#7824=DIRECTION('center_axis',(0.,0.,1.));
#7825=DIRECTION('ref_axis',(0.737135952223129,-0.675744469411405,0.));
#7826=DIRECTION('',(0.,0.,1.));
#7827=DIRECTION('center_axis',(0.,-1.,0.));
#7828=DIRECTION('ref_axis',(1.,0.,0.));
#7829=DIRECTION('center_axis',(1.,0.,0.));
#7830=DIRECTION('ref_axis',(0.,0.342020143325669,-0.939692620785908));
#7831=DIRECTION('center_axis',(-1.,0.,0.));
#7832=DIRECTION('ref_axis',(0.,0.499999999999999,-0.866025403784439));
#7833=DIRECTION('center_axis',(0.992440125786174,0.0864087567068713,-0.0871557427476582));
#7834=DIRECTION('ref_axis',(-0.122729771162189,0.698734435525567,-0.704774851907504));
#7835=DIRECTION('center_axis',(-1.,0.,0.));
#7836=DIRECTION('ref_axis',(0.,0.499999999999999,-0.866025403784439));
#7837=DIRECTION('center_axis',(-0.992440125786174,0.0864087567068713,-0.0871557427476582));
#7838=DIRECTION('ref_axis',(0.122729771162189,0.698734435525567,-0.704774851907504));
#7839=DIRECTION('center_axis',(0.992440125786174,0.0864087567068713,-0.0871557427476582));
#7840=DIRECTION('ref_axis',(0.0867388241198142,-0.996231085838176,-8.67361737988404E-19));
#7841=DIRECTION('',(0.0985995644530065,-0.138494936994726,0.98544268139578));
#7842=DIRECTION('center_axis',(-0.992440125786174,0.0864087567068713,-0.0871557427476582));
#7843=DIRECTION('ref_axis',(0.0867388241198142,0.996231085838176,8.67361737988404E-19));
#7844=DIRECTION('',(0.0985995644530065,0.138494936994726,-0.98544268139578));
#7845=DIRECTION('center_axis',(-0.996231085838176,0.0867388241198179,0.));
#7846=DIRECTION('ref_axis',(0.0867388241198179,0.996231085838176,-6.91274180840542E-17));
#7847=DIRECTION('',(0.,0.,-1.));
#7848=DIRECTION('',(0.0867388241198179,0.996231085838176,-6.91274180840542E-17));
#7849=DIRECTION('center_axis',(0.,-1.,0.));
#7850=DIRECTION('ref_axis',(-1.,0.,1.55917299100562E-18));
#7851=DIRECTION('',(0.,0.,-1.));
#7852=DIRECTION('',(-1.,0.,1.55917299100562E-18));
#7853=DIRECTION('center_axis',(0.996231085838176,0.0867388241198179,0.));
#7854=DIRECTION('ref_axis',(0.0867388241198179,-0.996231085838176,-6.91274180840542E-17));
#7855=DIRECTION('',(0.0867388241198179,-0.996231085838176,-6.91274180840542E-17));
#7856=DIRECTION('center_axis',(0.,0.,-1.));
#7857=DIRECTION('ref_axis',(-1.,0.,0.));
#7858=DIRECTION('center_axis',(0.0985995644530065,-0.138494936994726,0.98544268139578));
#7859=DIRECTION('ref_axis',(0.729041242863293,-0.663970247774232,-0.166259965941806));
#7860=DIRECTION('',(-0.0985995644530065,0.138494936994726,-0.98544268139578));
#7861=DIRECTION('center_axis',(0.,-0.99026806874157,-0.139173100960065));
#7862=DIRECTION('ref_axis',(-1.,0.,0.));
#7863=DIRECTION('',(-0.0985995644530065,-0.138494936994726,0.98544268139578));
#7864=DIRECTION('center_axis',(0.0985995644530065,0.138494936994726,-0.98544268139578));
#7865=DIRECTION('ref_axis',(-0.7290412428633,-0.663970247774224,-0.166259965941806));
#7866=DIRECTION('center_axis',(0.,1.,0.));
#7867=DIRECTION('ref_axis',(0.,0.,1.));
#7868=DIRECTION('',(1.,0.,0.));
#7869=DIRECTION('center_axis',(0.,1.,0.));
#7870=DIRECTION('ref_axis',(0.,0.,1.));
#7871=DIRECTION('',(1.,0.,0.));
#7872=DIRECTION('center_axis',(0.,0.,1.));
#7873=DIRECTION('ref_axis',(1.,0.,0.));
#7874=DIRECTION('center_axis',(0.,0.,1.));
#7875=DIRECTION('ref_axis',(1.,0.,0.));
#7876=DIRECTION('center_axis',(0.,0.,1.));
#7877=DIRECTION('ref_axis',(1.,0.,0.));
#7878=DIRECTION('',(0.,0.,1.));
#7879=DIRECTION('center_axis',(0.,0.,1.));
#7880=DIRECTION('ref_axis',(1.,0.,0.));
#7881=DIRECTION('center_axis',(0.,0.,1.));
#7882=DIRECTION('ref_axis',(1.,0.,0.));
#7883=DIRECTION('center_axis',(0.,0.,-1.));
#7884=DIRECTION('ref_axis',(1.,0.,0.));
#7885=DIRECTION('center_axis',(0.,0.,1.));
#7886=DIRECTION('ref_axis',(1.,0.,0.));
#7887=DIRECTION('',(0.,0.,1.));
#7888=DIRECTION('center_axis',(0.,0.,1.));
#7889=DIRECTION('ref_axis',(1.,0.,0.));
#7890=DIRECTION('center_axis',(0.,0.,1.));
#7891=DIRECTION('ref_axis',(1.,0.,0.));
#7892=DIRECTION('center_axis',(0.,0.,-1.));
#7893=DIRECTION('ref_axis',(1.,0.,0.));
#7894=DIRECTION('center_axis',(-0.988635988957147,0.150329243125627,0.));
#7895=DIRECTION('ref_axis',(-0.150329243125627,-0.988635988957147,0.));
#7896=DIRECTION('',(0.150329243125627,0.988635988957147,0.));
#7897=DIRECTION('center_axis',(0.,0.,1.));
#7898=DIRECTION('ref_axis',(-1.,0.,0.));
#7899=DIRECTION('center_axis',(0.,0.,-1.));
#7900=DIRECTION('ref_axis',(-1.,0.,0.));
#7901=DIRECTION('',(0.,0.,1.));
#7902=DIRECTION('center_axis',(-1.23131031645478E-16,-1.24900090270329E-16,
-1.));
#7903=DIRECTION('ref_axis',(-1.,0.,0.));
#7904=DIRECTION('center_axis',(0.,0.,1.));
#7905=DIRECTION('ref_axis',(1.,0.,0.));
#7906=DIRECTION('',(-3.17206578464331E-16,-1.,0.));
#7907=DIRECTION('center_axis',(1.,-3.17206578464331E-16,0.));
#7908=DIRECTION('ref_axis',(3.17206578464331E-16,1.,0.));
#7909=DIRECTION('',(-3.17206578464331E-16,-1.,1.24900090270329E-16));
#7910=DIRECTION('center_axis',(0.,0.,1.));
#7911=DIRECTION('ref_axis',(1.,0.,0.));
#7912=DIRECTION('center_axis',(0.,0.,1.));
#7913=DIRECTION('ref_axis',(1.,1.616548519429E-29,0.));
#7914=DIRECTION('center_axis',(0.,0.,1.));
#7915=DIRECTION('ref_axis',(1.,0.,0.));
#7916=DIRECTION('center_axis',(0.,0.,1.));
#7917=DIRECTION('ref_axis',(1.,1.616548519429E-29,0.));
#7918=DIRECTION('center_axis',(0.,0.,-1.));
#7919=DIRECTION('ref_axis',(1.,0.,0.));
#7920=DIRECTION('',(0.,0.,1.));
#7921=DIRECTION('center_axis',(0.,0.,-1.));
#7922=DIRECTION('ref_axis',(1.,0.,0.));
#7923=DIRECTION('center_axis',(0.,0.,-1.));
#7924=DIRECTION('ref_axis',(1.,1.616548519429E-29,0.));
#7925=DIRECTION('',(0.,0.,1.));
#7926=DIRECTION('center_axis',(5.92163595887372E-17,-1.43773732865809E-17,
1.));
#7927=DIRECTION('ref_axis',(1.,1.616548519429E-29,0.));
#7928=DIRECTION('center_axis',(0.,0.,-1.));
#7929=DIRECTION('ref_axis',(1.,1.616548519429E-29,0.));
#7930=DIRECTION('',(0.,0.,1.));
#7931=DIRECTION('center_axis',(5.92163595887372E-17,-1.43773732865809E-17,
1.));
#7932=DIRECTION('ref_axis',(1.,1.616548519429E-29,0.));
#7933=DIRECTION('center_axis',(0.,0.,1.));
#7934=DIRECTION('ref_axis',(1.,0.,0.));
#7935=DIRECTION('center_axis',(0.,0.,1.));
#7936=DIRECTION('ref_axis',(1.,0.,0.));
#7937=DIRECTION('center_axis',(0.,0.,-1.));
#7938=DIRECTION('ref_axis',(1.,0.,0.));
#7939=DIRECTION('',(0.,0.,1.));
#7940=DIRECTION('center_axis',(0.,0.,-1.));
#7941=DIRECTION('ref_axis',(1.,0.,0.));
#7942=DIRECTION('center_axis',(0.,0.,-1.));
#7943=DIRECTION('ref_axis',(1.,0.,0.));
#7944=DIRECTION('',(0.,0.,1.));
#7945=DIRECTION('center_axis',(0.,0.,-1.));
#7946=DIRECTION('ref_axis',(1.,0.,0.));
#7947=DIRECTION('center_axis',(-5.92163595887372E-17,1.43773732865809E-17,
-1.));
#7948=DIRECTION('ref_axis',(1.,1.616548519429E-29,-5.92163595887372E-17));
#7949=DIRECTION('center_axis',(-5.92163595887372E-17,1.43773732865809E-17,
-1.));
#7950=DIRECTION('ref_axis',(1.,1.61654851942901E-29,-5.92163595887372E-17));
#7951=DIRECTION('center_axis',(-5.92163595887372E-17,1.43773732865809E-17,
-1.));
#7952=DIRECTION('ref_axis',(1.,1.616548519429E-29,-5.92163595887372E-17));
#7953=DIRECTION('center_axis',(-5.92163595887372E-17,1.43773732865809E-17,
-1.));
#7954=DIRECTION('ref_axis',(1.,1.61654851942901E-29,-5.92163595887372E-17));
#7955=DIRECTION('center_axis',(0.,0.,1.));
#7956=DIRECTION('ref_axis',(1.,0.,0.));
#7957=DIRECTION('',(0.,1.,0.));
#7958=DIRECTION('',(1.,-2.46519032881566E-32,0.));
#7959=DIRECTION('center_axis',(0.,0.,-1.));
#7960=DIRECTION('ref_axis',(1.,1.616548519429E-29,0.));
#7961=DIRECTION('center_axis',(-2.317590563905E-15,5.55113629894932E-17,
-1.));
#7962=DIRECTION('ref_axis',(1.,-2.46519032881566E-32,-2.317590563905E-15));
#7963=DIRECTION('',(0.,-1.,-5.55113629894932E-17));
#7964=DIRECTION('center_axis',(1.,0.,0.));
#7965=DIRECTION('ref_axis',(0.,1.,0.));
#7966=DIRECTION('',(0.,1.,0.));
#7967=DIRECTION('center_axis',(0.707106781186547,0.,0.707106781186548));
#7968=DIRECTION('ref_axis',(0.707106781186548,0.,-0.707106781186547));
#7969=DIRECTION('',(0.,-1.,0.));
#7970=DIRECTION('center_axis',(0.,0.,1.));
#7971=DIRECTION('ref_axis',(-1.,0.,0.));
#7972=DIRECTION('center_axis',(0.,0.,-1.));
#7973=DIRECTION('ref_axis',(1.,0.,0.));
#7974=DIRECTION('',(0.,0.,1.));
#7975=DIRECTION('center_axis',(1.,9.44870659255452E-17,0.));
#7976=DIRECTION('ref_axis',(0.,0.67559020761566,-0.737277336810124));
#7977=DIRECTION('center_axis',(-1.,0.,0.));
#7978=DIRECTION('ref_axis',(0.,0.996194698091746,-0.0871557427476582));
#7979=DIRECTION('',(1.,9.44870659255452E-17,0.));
#7980=DIRECTION('center_axis',(-1.,-3.34339168864832E-16,1.4847641732311E-31));
#7981=DIRECTION('ref_axis',(-3.33066907387547E-16,0.996194698091746,-0.0871557427476581));
#7982=DIRECTION('center_axis',(0.,0.,1.));
#7983=DIRECTION('ref_axis',(1.,0.,0.));
#7984=DIRECTION('center_axis',(0.,0.,1.));
#7985=DIRECTION('ref_axis',(1.,0.,0.));
#7986=DIRECTION('center_axis',(0.,0.,1.));
#7987=DIRECTION('ref_axis',(1.,0.,0.));
#7988=DIRECTION('center_axis',(0.,0.,1.));
#7989=DIRECTION('ref_axis',(1.,0.,0.));
#7990=DIRECTION('center_axis',(-5.92163595887372E-17,1.43773732865809E-17,
-1.));
#7991=DIRECTION('ref_axis',(1.,1.616548519429E-29,-5.92163595887372E-17));
#7992=DIRECTION('center_axis',(-5.92163595887372E-17,1.43773732865809E-17,
-1.));
#7993=DIRECTION('ref_axis',(1.,1.61654851942901E-29,-5.92163595887372E-17));
#7994=DIRECTION('center_axis',(0.,0.,-1.));
#7995=DIRECTION('ref_axis',(1.,1.61654851942901E-29,0.));
#7996=DIRECTION('',(0.,0.,-1.));
#7997=DIRECTION('center_axis',(-0.0867388241198137,-0.996231085838176,0.));
#7998=DIRECTION('ref_axis',(-0.992440125786174,0.0864087567068708,-0.0871557427476577));
#7999=DIRECTION('center_axis',(0.0867388241198142,0.996231085838176,0.));
#8000=DIRECTION('ref_axis',(-0.673043966114588,0.0585999001954451,-0.737277336810124));
#8001=DIRECTION('center_axis',(0.,0.,-1.));
#8002=DIRECTION('ref_axis',(1.,1.61654851942901E-29,0.));
#8003=DIRECTION('',(0.,0.,-1.));
#8004=DIRECTION('center_axis',(0.,-1.,0.));
#8005=DIRECTION('ref_axis',(0.,0.,-1.));
#8006=DIRECTION('center_axis',(-2.46519032881566E-32,-1.,6.48479680985989E-47));
#8007=DIRECTION('ref_axis',(-1.,2.46519032881566E-32,9.96930767315062E-96));
#8008=DIRECTION('',(0.,0.,-1.));
#8009=DIRECTION('center_axis',(0.,0.,-1.));
#8010=DIRECTION('ref_axis',(1.,1.616548519429E-29,0.));
#8011=DIRECTION('center_axis',(0.,-1.,0.));
#8012=DIRECTION('ref_axis',(1.,0.,0.));
#8013=DIRECTION('center_axis',(0.,-1.,0.));
#8014=DIRECTION('ref_axis',(-1.,0.,3.84857087718983E-9));
#8015=DIRECTION('',(-1.,0.,-1.34580067751844E-15));
#8016=DIRECTION('center_axis',(0.,-1.,0.));
#8017=DIRECTION('ref_axis',(1.,0.,3.24990439498012E-9));
#8018=DIRECTION('',(1.,0.,0.));
#8019=DIRECTION('',(8.23509041078784E-18,-0.0871557427476582,-0.996194698091746));
#8020=DIRECTION('center_axis',(-9.41275141132734E-17,0.996194698091746,
-0.0871557427476582));
#8021=DIRECTION('ref_axis',(1.,9.44870659255452E-17,0.));
#8022=DIRECTION('',(-3.6000534292177E-17,0.0871557427476582,0.996194698091746));
#8023=DIRECTION('',(-1.,-9.44870659255452E-17,0.));
#8024=DIRECTION('center_axis',(0.,1.,0.));
#8025=DIRECTION('ref_axis',(-1.,0.,0.));
#8026=DIRECTION('center_axis',(0.,1.,0.));
#8027=DIRECTION('ref_axis',(-1.,0.,3.67341984631965E-40));
#8028=DIRECTION('',(-1.,0.,0.));
#8029=DIRECTION('center_axis',(0.,1.,0.));
#8030=DIRECTION('ref_axis',(-1.,0.,0.));
#8031=DIRECTION('',(-1.,0.,0.));
#8032=DIRECTION('center_axis',(-1.,0.,0.));
#8033=DIRECTION('ref_axis',(0.,1.,0.));
#8034=DIRECTION('center_axis',(-1.,0.,0.));
#8035=DIRECTION('ref_axis',(0.,1.,0.));
#8036=DIRECTION('center_axis',(-0.981096097125207,0.0854210664803553,0.17364817766693));
#8037=DIRECTION('ref_axis',(0.0867388241198142,0.996231085838176,8.37807103457971E-19));
#8038=DIRECTION('',(-0.172993712590947,0.0150620387413781,-0.984807753012208));
#8039=DIRECTION('',(0.0867388241198142,0.996231085838176,0.));
#8040=DIRECTION('',(-6.14837447927666E-17,0.17364817766693,-0.984807753012208));
#8041=DIRECTION('center_axis',(-9.30515950828526E-17,0.984807753012208,
0.17364817766693));
#8042=DIRECTION('ref_axis',(1.,9.44870659255452E-17,0.));
#8043=DIRECTION('',(1.,9.44870659255452E-17,0.));
#8044=DIRECTION('',(-1.6407506811066E-17,0.17364817766693,-0.984807753012208));
#8045=DIRECTION('',(0.172993712590947,0.0150620387413781,-0.984807753012208));
#8046=DIRECTION('center_axis',(-9.41275141132734E-17,0.996194698091746,
-0.0871557427476582));
#8047=DIRECTION('ref_axis',(1.,9.44870659255452E-17,0.));
#8048=DIRECTION('',(3.0857600821866E-17,-0.0871557427476582,-0.996194698091746));
#8049=DIRECTION('center_axis',(0.981096097125207,0.0854210664803553,0.17364817766693));
#8050=DIRECTION('ref_axis',(0.0867388241198142,-0.996231085838176,-8.37807103457971E-19));
#8051=DIRECTION('',(0.0867388241198142,-0.996231085838176,0.));
#8052=DIRECTION('center_axis',(0.,0.,1.));
#8053=DIRECTION('ref_axis',(1.,0.,0.));
#8054=DIRECTION('center_axis',(0.,0.,-1.));
#8055=DIRECTION('ref_axis',(1.,0.,0.));
#8056=DIRECTION('',(0.,0.,1.));
#8057=DIRECTION('center_axis',(0.,0.,-1.));
#8058=DIRECTION('ref_axis',(1.,0.,0.));
#8059=DIRECTION('',(0.,0.,1.));
#8060=DIRECTION('center_axis',(0.,0.,-1.));
#8061=DIRECTION('ref_axis',(1.,1.61654851942901E-29,0.));
#8062=DIRECTION('',(0.,0.,-1.));
#8063=DIRECTION('center_axis',(0.707106781186547,0.,0.707106781186548));
#8064=DIRECTION('ref_axis',(-0.707106781186548,1.74315279842106E-32,0.707106781186547));
#8065=DIRECTION('',(0.,-1.,0.));
#8066=DIRECTION('center_axis',(1.,0.,-1.59929047316564E-78));
#8067=DIRECTION('ref_axis',(1.59929047316564E-78,6.48749289039267E-47,1.));
#8068=DIRECTION('',(0.,-1.,0.));
#8069=DIRECTION('center_axis',(3.26536183713282E-17,0.,1.));
#8070=DIRECTION('ref_axis',(-1.,2.46519032881566E-32,3.26536183713282E-17));
#8071=DIRECTION('',(0.,-1.,0.));
#8072=DIRECTION('center_axis',(-1.,0.,1.59862583800013E-78));
#8073=DIRECTION('ref_axis',(-1.59862583800013E-78,-6.48479680985989E-47,
-1.));
#8074=DIRECTION('center_axis',(0.,-1.,0.));
#8075=DIRECTION('ref_axis',(-2.83276944882399E-16,0.,-1.));
#8076=DIRECTION('',(0.,1.,0.));
#8077=DIRECTION('',(0.,-1.,0.));
#8078=DIRECTION('center_axis',(0.,1.,0.));
#8079=DIRECTION('ref_axis',(-3.42198097448564E-16,0.,-1.));
#8080=DIRECTION('center_axis',(0.,-1.,0.));
#8081=DIRECTION('ref_axis',(-1.,0.,3.84857087718983E-9));
#8082=DIRECTION('',(0.,1.,0.));
#8083=DIRECTION('',(0.,-1.,0.));
#8084=DIRECTION('center_axis',(1.34580067380615E-15,0.,1.));
#8085=DIRECTION('ref_axis',(-1.,0.,1.34580067380615E-15));
#8086=DIRECTION('',(-1.,0.,1.34580067380615E-15));
#8087=DIRECTION('',(0.,1.,0.));
#8088=DIRECTION('',(1.,0.,-1.34580067380615E-15));
#8089=DIRECTION('',(0.,-1.,0.));
#8090=DIRECTION('center_axis',(-1.34580067751844E-15,0.,1.));
#8091=DIRECTION('ref_axis',(-1.,0.,-1.34580067751844E-15));
#8092=DIRECTION('',(1.,0.,1.34580067751844E-15));
#8093=DIRECTION('',(-1.,0.,-1.34580067751844E-15));
#8094=DIRECTION('',(0.,1.,0.));
#8095=DIRECTION('center_axis',(0.,-1.,0.));
#8096=DIRECTION('ref_axis',(-1.34353774654787E-16,0.,-1.));
#8097=DIRECTION('center_axis',(0.,-1.,0.));
#8098=DIRECTION('ref_axis',(1.,0.,3.24990439498012E-9));
#8099=DIRECTION('center_axis',(3.67341984631965E-40,0.,1.));
#8100=DIRECTION('ref_axis',(1.,-2.16840434497101E-19,-3.67341984631965E-40));
#8101=DIRECTION('',(0.,-1.,0.));
#8102=DIRECTION('',(0.,1.,0.));
#8103=DIRECTION('center_axis',(0.,1.,0.));
#8104=DIRECTION('ref_axis',(1.83697019872103E-16,0.,-1.));
#8105=DIRECTION('',(0.,1.,0.));
#8106=DIRECTION('center_axis',(3.67341984631965E-40,0.,1.));
#8107=DIRECTION('ref_axis',(1.,-2.16840434497101E-19,-3.67341984631965E-40));
#8108=DIRECTION('center_axis',(8.60422844084496E-16,1.,-1.24900090270329E-16));
#8109=DIRECTION('ref_axis',(1.,-8.60422844084496E-16,-1.23131031645478E-16));
#8110=DIRECTION('',(-1.,8.60422844084496E-16,1.23131031645478E-16));
#8111=DIRECTION('center_axis',(-6.95477615190975E-16,-0.707106781186548,
-0.707106781186547));
#8112=DIRECTION('ref_axis',(-1.,8.60422844084496E-16,1.23131031645478E-16));
#8113=DIRECTION('',(1.52686631035892E-16,0.707106781186547,-0.707106781186548));
#8114=DIRECTION('',(-1.,0.,0.));
#8115=DIRECTION('',(-1.52686631035892E-16,-0.707106781186547,0.707106781186548));
#8116=DIRECTION('center_axis',(-1.,0.,0.));
#8117=DIRECTION('ref_axis',(0.,0.,1.));
#8118=DIRECTION('',(-2.15931504404015E-16,-1.,1.24900090270329E-16));
#8119=DIRECTION('',(0.,0.,-1.));
#8120=DIRECTION('center_axis',(5.2134404028895E-16,0.707106781186547,-0.707106781186548));
#8121=DIRECTION('ref_axis',(-1.,8.60422844084496E-16,1.23131031645478E-16));
#8122=DIRECTION('',(-1.,8.60422844084496E-16,1.23131031645478E-16));
#8123=DIRECTION('center_axis',(1.,0.,0.));
#8124=DIRECTION('ref_axis',(0.,0.,-1.));
#8125=DIRECTION('',(2.15931504404015E-16,1.,-1.24900090270329E-16));
#8126=DIRECTION('center_axis',(-1.,0.,0.));
#8127=DIRECTION('ref_axis',(0.,-1.,0.));
#8128=DIRECTION('',(0.,0.,1.));
#8129=DIRECTION('',(0.,1.,-1.24900090270329E-16));
#8130=DIRECTION('center_axis',(0.,0.,1.));
#8131=DIRECTION('ref_axis',(0.752355166556252,-0.658757696999522,0.));
#8132=DIRECTION('',(0.,0.,-1.));
#8133=DIRECTION('center_axis',(1.23131031645478E-16,1.24900090270329E-16,
1.));
#8134=DIRECTION('ref_axis',(-1.,0.,0.));
#8135=DIRECTION('center_axis',(0.,0.,1.));
#8136=DIRECTION('ref_axis',(-0.752354790557938,0.658758126420101,0.));
#8137=DIRECTION('center_axis',(-1.23131031645478E-16,-1.24900090270329E-16,
-1.));
#8138=DIRECTION('ref_axis',(-0.752354790557938,0.658758126420101,0.));
#8139=DIRECTION('center_axis',(0.,1.,0.));
#8140=DIRECTION('ref_axis',(1.,0.,0.));
#8141=DIRECTION('',(1.,0.,0.));
#8142=DIRECTION('center_axis',(-1.,0.,0.));
#8143=DIRECTION('ref_axis',(0.,1.,0.));
#8144=DIRECTION('center_axis',(-1.,0.,3.67341984631965E-40));
#8145=DIRECTION('ref_axis',(3.67341984631965E-40,-7.96545955566226E-59,
1.));
#8146=DIRECTION('center_axis',(0.,0.,-1.));
#8147=DIRECTION('ref_axis',(-0.707106781186547,0.707106781186548,0.));
#8148=DIRECTION('',(0.,0.,-1.));
#8149=DIRECTION('center_axis',(-1.,0.,0.));
#8150=DIRECTION('ref_axis',(0.,1.,0.));
#8151=DIRECTION('',(0.,0.,1.));
#8152=DIRECTION('center_axis',(0.,0.,-1.));
#8153=DIRECTION('ref_axis',(-0.707106781186547,-0.707106781186548,0.));
#8154=DIRECTION('',(0.,0.,-1.));
#8155=DIRECTION('center_axis',(-1.,0.,0.));
#8156=DIRECTION('ref_axis',(0.,0.,-1.));
#8157=DIRECTION('',(0.,0.,1.));
#8158=DIRECTION('',(0.,0.,1.));
#8159=DIRECTION('center_axis',(0.,1.,0.));
#8160=DIRECTION('ref_axis',(-1.,0.,0.));
#8161=DIRECTION('center_axis',(0.,-1.,0.));
#8162=DIRECTION('ref_axis',(-1.,0.,0.));
#8163=DIRECTION('',(0.,0.,1.));
#8164=DIRECTION('center_axis',(0.,0.,-1.));
#8165=DIRECTION('ref_axis',(0.707106781186547,-0.707106781186548,0.));
#8166=DIRECTION('',(0.,0.,-1.));
#8167=DIRECTION('center_axis',(1.,0.,0.));
#8168=DIRECTION('ref_axis',(0.,-1.,0.));
#8169=DIRECTION('',(0.,0.,1.));
#8170=DIRECTION('center_axis',(0.,0.,-1.));
#8171=DIRECTION('ref_axis',(0.707106781186547,0.707106781186548,0.));
#8172=DIRECTION('center_axis',(0.0867388241198142,-0.996231085838176,0.));
#8173=DIRECTION('ref_axis',(0.673043966114588,0.0585999001954451,-0.737277336810124));
#8174=DIRECTION('center_axis',(-1.23131031645478E-16,-1.24900090270329E-16,
-1.));
#8175=DIRECTION('ref_axis',(-1.,8.60422844084496E-16,1.23131031645478E-16));
#8176=DIRECTION('',(0.,1.,-1.24900090270329E-16));
#8177=DIRECTION('',(1.,0.,-1.42694189424901E-46));
#8178=DIRECTION('center_axis',(-1.,0.,0.));
#8179=DIRECTION('ref_axis',(0.,-1.,1.52655665885961E-16));
#8180=DIRECTION('',(0.,-1.,1.52655665885961E-16));
#8181=DIRECTION('',(0.,0.,1.));
#8182=DIRECTION('center_axis',(0.,0.,1.));
#8183=DIRECTION('ref_axis',(1.,0.,0.));
#8184=DIRECTION('',(-1.,-3.61331555742915E-15,1.67149421962255E-32));
#8185=DIRECTION('center_axis',(0.,1.,0.));
#8186=DIRECTION('ref_axis',(1.,0.,-1.42694189424901E-46));
#8187=CARTESIAN_POINT('',(0.,0.,0.));
#8188=CARTESIAN_POINT('Origin',(-27.45,-81.0000009557319,0.));
#8189=CARTESIAN_POINT('',(-34.05,-81.0000009557319,9.5));
#8190=CARTESIAN_POINT('',(-34.05,-81.0000009557319,0.));
#8191=CARTESIAN_POINT('',(-34.05,-81.0000009557319,-1.5));
#8192=CARTESIAN_POINT('',(-27.45,-81.0000009557319,9.5));
#8193=CARTESIAN_POINT('Origin',(-30.75,-81.0000009557319,9.5));
#8194=CARTESIAN_POINT('',(-27.45,-81.0000009557319,0.));
#8195=CARTESIAN_POINT('',(-27.45,-81.0000009557319,-1.5));
#8196=CARTESIAN_POINT('',(-27.45,-81.0000009557319,0.));
#8197=CARTESIAN_POINT('',(-31.85,-81.0000009557319,9.5));
#8198=CARTESIAN_POINT('Origin',(-30.75,-81.0000009557319,9.5));
#8199=CARTESIAN_POINT('Origin',(24.8500935287426,-59.7762512294155,-2.22044604925031E-15));
#8200=CARTESIAN_POINT('',(-31.35,-69.5914372562384,-2.22044604925031E-15));
#8201=CARTESIAN_POINT('',(-29.85,-69.2503821499206,-2.22044604925031E-15));
#8202=CARTESIAN_POINT('Origin',(-29.8999072625626,-72.4999989373501,-2.22044604925031E-15));
#8203=CARTESIAN_POINT('',(-29.85,-36.7496159447926,-2.22044604925031E-15));
#8204=CARTESIAN_POINT('',(-29.85,-48.262933587104,-2.22044604925031E-15));
#8205=CARTESIAN_POINT('',(-26.6885992490948,-34.,2.17581508366038E-11));
#8206=CARTESIAN_POINT('Origin',(-29.8999072625626,-33.4999991573631,-2.35950148308461E-12));
#8207=CARTESIAN_POINT('',(-25.4000378847121,-34.,2.17581508366038E-11));
#8208=CARTESIAN_POINT('',(-25.4000378847121,-34.,2.17581508366038E-11));
#8209=CARTESIAN_POINT('',(-25.4000378847121,-32.5,2.17581508366038E-11));
#8210=CARTESIAN_POINT('',(-25.4000378847121,-32.5,2.17581508366038E-11));
#8211=CARTESIAN_POINT('',(-26.8075777708568,-32.5,2.17581508366038E-11));
#8212=CARTESIAN_POINT('',(-25.4000378847121,-32.5,2.17581508366038E-11));
#8213=CARTESIAN_POINT('',(-32.9922367542683,-32.5,2.17581508366038E-11));
#8214=CARTESIAN_POINT('Origin',(-29.8999072625626,-33.4999991573631,-2.22044604925031E-15));
#8215=CARTESIAN_POINT('',(-37.5532114924553,-32.5,2.17581508366038E-11));
#8216=CARTESIAN_POINT('',(-25.4000378847121,-32.5,2.17581508366038E-11));
#8217=CARTESIAN_POINT('',(-37.7304266605872,-34.,2.17581508366038E-11));
#8218=CARTESIAN_POINT('Ctrl Pts',(-37.7304027847621,-34.0000016981667,2.17585784350639E-11));
#8219=CARTESIAN_POINT('Ctrl Pts',(-37.6816503730818,-33.4986453528708,2.17586843600451E-11));
#8220=CARTESIAN_POINT('Ctrl Pts',(-37.622373520416,-32.9985162653907,2.17587676926283E-11));
#8221=CARTESIAN_POINT('Ctrl Pts',(-37.5527026077398,-32.5000409971232,2.17588315821466E-11));
#8222=CARTESIAN_POINT('',(-33.1112152760304,-34.,2.17581508366038E-11));
#8223=CARTESIAN_POINT('',(-25.4000378847121,-34.,2.17581508366038E-11));
#8224=CARTESIAN_POINT('',(-31.35,-36.4085608384748,-2.22044604925031E-15));
#8225=CARTESIAN_POINT('Origin',(-29.8999072625626,-33.4999991573631,-2.35950148308461E-12));
#8226=CARTESIAN_POINT('',(-31.35,-64.6838442428269,-2.22044604925031E-15));
#8227=CARTESIAN_POINT('',(-31.2999072625626,-33.4999991573631,-2.35887698263326E-12));
#8228=CARTESIAN_POINT('Origin',(-29.8999072625626,-33.4999991573631,-2.35950148308461E-12));
#8229=CARTESIAN_POINT('',(-31.2999072625626,-72.4999989373501,-2.22044604925031E-15));
#8230=CARTESIAN_POINT('Origin',(-29.8999072625626,-72.4999989373501,-2.22044604925031E-15));
#8231=CARTESIAN_POINT('Origin',(-27.45,-78.9999961853,0.));
#8232=CARTESIAN_POINT('',(-34.05,-78.9999961853,0.));
#8233=CARTESIAN_POINT('',(-27.45,-78.9999961853,0.));
#8234=CARTESIAN_POINT('',(-27.45,-78.9999961853,0.));
#8235=CARTESIAN_POINT('',(6.2387847266331,-79.,-2.22044604925031E-15));
#8236=CARTESIAN_POINT('',(50.,-79.,-2.22044604925031E-15));
#8237=CARTESIAN_POINT('',(6.2387847266331,-79.,-5.45));
#8238=CARTESIAN_POINT('',(6.2387847266331,-79.,0.200404984897638));
#8239=CARTESIAN_POINT('',(-25.4986136437252,-79.,-5.45));
#8240=CARTESIAN_POINT('',(-20.8822080747156,-79.,-5.45));
#8241=CARTESIAN_POINT('',(-37.3718193665467,-79.,-5.45));
#8242=CARTESIAN_POINT('',(-20.8822080747156,-79.,-5.45));
#8243=CARTESIAN_POINT('',(-40.1836975894388,-79.,-3.50275361435671));
#8244=CARTESIAN_POINT('Origin',(-37.3718193665467,-79.,-2.45));
#8245=CARTESIAN_POINT('',(-41.3331386464469,-79.,-3.61094546173165));
#8246=CARTESIAN_POINT('Origin',(-43.6094364555483,-79.,6.26353396425552));
#8247=CARTESIAN_POINT('',(-41.6502506067167,-79.,-2.22044604925031E-15));
#8248=CARTESIAN_POINT('',(-41.6380385789087,-79.,-0.139058036014481));
#8249=CARTESIAN_POINT('',(50.,-79.,-2.22044604925031E-15));
#8250=CARTESIAN_POINT('Origin',(-27.45,-89.2,-3.));
#8251=CARTESIAN_POINT('',(-27.45,-84.0000004778659,9.5));
#8252=CARTESIAN_POINT('',(-27.45,-88.65,9.5));
#8253=CARTESIAN_POINT('',(-27.45,-84.0000004778659,0.));
#8254=CARTESIAN_POINT('',(-27.45,-84.0000004778659,0.95));
#8255=CARTESIAN_POINT('',(-27.45,-78.0607971665986,0.));
#8256=CARTESIAN_POINT('Origin',(30.75,-88.65,9.5));
#8257=CARTESIAN_POINT('',(34.05,-84.0000004778659,9.5));
#8258=CARTESIAN_POINT('',(34.0256678708318,-84.0000004778659,9.9));
#8259=CARTESIAN_POINT('Origin',(30.75,-84.0000004778659,9.5));
#8260=CARTESIAN_POINT('',(34.05,-81.0000009557319,9.5));
#8261=CARTESIAN_POINT('',(34.05,-88.65,9.5));
#8262=CARTESIAN_POINT('',(27.45,-81.0000009557319,9.5));
#8263=CARTESIAN_POINT('Origin',(30.75,-81.0000009557319,9.5));
#8264=CARTESIAN_POINT('',(27.45,-84.0000004778659,9.5));
#8265=CARTESIAN_POINT('',(27.45,-87.55,9.5));
#8266=CARTESIAN_POINT('',(27.4743321291682,-84.0000004778659,9.9));
#8267=CARTESIAN_POINT('Origin',(30.75,-84.0000004778659,9.5));
#8268=CARTESIAN_POINT('',(27.4743321291682,-86.2000004778659,9.9));
#8269=CARTESIAN_POINT('',(27.4743321291682,-88.65,9.9));
#8270=CARTESIAN_POINT('',(27.45,-86.2000004778659,9.5));
#8271=CARTESIAN_POINT('Origin',(30.75,-86.2000004778659,9.5));
#8272=CARTESIAN_POINT('',(27.45,-89.2,9.5));
#8273=CARTESIAN_POINT('',(27.45,-87.55,9.5));
#8274=CARTESIAN_POINT('',(34.05,-89.2,9.5));
#8275=CARTESIAN_POINT('Origin',(30.75,-89.2,9.5));
#8276=CARTESIAN_POINT('',(34.05,-86.2000004778659,9.5));
#8277=CARTESIAN_POINT('',(34.05,-88.65,9.5));
#8278=CARTESIAN_POINT('',(34.0256678708318,-86.2000004778659,9.9));
#8279=CARTESIAN_POINT('Origin',(30.75,-86.2000004778659,9.5));
#8280=CARTESIAN_POINT('',(34.0256678708318,-88.65,9.9));
#8281=CARTESIAN_POINT('Origin',(-30.75,-87.55,9.5));
#8282=CARTESIAN_POINT('',(-34.05,-84.0000004778659,9.5));
#8283=CARTESIAN_POINT('',(-34.05,-87.55,9.5));
#8284=CARTESIAN_POINT('',(-34.0256678708319,-84.0000004778659,9.9));
#8285=CARTESIAN_POINT('Origin',(-30.75,-84.0000004778659,9.5));
#8286=CARTESIAN_POINT('',(-34.0256678708319,-86.2000004778659,9.9));
#8287=CARTESIAN_POINT('',(-34.0256678708319,-87.55,9.9));
#8288=CARTESIAN_POINT('',(-34.05,-86.2000004778659,9.5));
#8289=CARTESIAN_POINT('Origin',(-30.75,-86.2000004778659,9.5));
#8290=CARTESIAN_POINT('',(-34.05,-89.2,9.5));
#8291=CARTESIAN_POINT('',(-34.05,-87.55,9.5));
#8292=CARTESIAN_POINT('',(-27.45,-89.2,9.5));
#8293=CARTESIAN_POINT('Origin',(-30.75,-89.2,9.5));
#8294=CARTESIAN_POINT('',(-27.45,-86.2000004778659,9.5));
#8295=CARTESIAN_POINT('',(-27.45,-88.65,9.5));
#8296=CARTESIAN_POINT('',(-27.4743321291682,-86.2000004778659,9.9));
#8297=CARTESIAN_POINT('Origin',(-30.75,-86.2000004778659,9.5));
#8298=CARTESIAN_POINT('',(-27.4743321291682,-84.0000004778659,9.9));
#8299=CARTESIAN_POINT('',(-27.4743321291682,-87.55,9.9));
#8300=CARTESIAN_POINT('Origin',(-30.75,-84.0000004778659,9.5));
#8301=CARTESIAN_POINT('Origin',(27.45,-87.,-3.));
#8302=CARTESIAN_POINT('',(27.45,-86.2000004778659,0.));
#8303=CARTESIAN_POINT('',(27.45,-86.2000004778659,0.95));
#8304=CARTESIAN_POINT('',(27.45,-89.2,0.));
#8305=CARTESIAN_POINT('',(27.45,-76.9607971665986,0.));
#8306=CARTESIAN_POINT('',(27.45,-89.2,-3.));
#8307=CARTESIAN_POINT('Origin',(34.05,-89.2,-3.));
#8308=CARTESIAN_POINT('',(34.05,-86.2000004778659,0.));
#8309=CARTESIAN_POINT('',(34.05,-86.2000004778659,0.95));
#8310=CARTESIAN_POINT('',(34.05,-89.2,0.));
#8311=CARTESIAN_POINT('',(34.05,-89.2,-3.));
#8312=CARTESIAN_POINT('',(34.05,-78.0607971665986,0.));
#8313=CARTESIAN_POINT('Origin',(-34.05,-87.,-3.));
#8314=CARTESIAN_POINT('',(-34.05,-86.2000004778659,0.));
#8315=CARTESIAN_POINT('',(-34.05,-86.2000004778659,0.95));
#8316=CARTESIAN_POINT('',(-34.05,-89.2,0.));
#8317=CARTESIAN_POINT('',(-34.05,-76.9607971665986,0.));
#8318=CARTESIAN_POINT('',(-34.05,-89.2,-3.));
#8319=CARTESIAN_POINT('Origin',(-27.45,-89.2,-3.));
#8320=CARTESIAN_POINT('',(-27.45,-86.2000004778659,0.));
#8321=CARTESIAN_POINT('',(-27.45,-86.2000004778659,0.95));
#8322=CARTESIAN_POINT('',(-27.45,-89.2,0.));
#8323=CARTESIAN_POINT('',(-27.45,-89.2,-3.));
#8324=CARTESIAN_POINT('',(-27.45,-78.0607971665986,0.));
#8325=CARTESIAN_POINT('Ctrl Pts',(-36.7303974921515,-42.1095312163073,-5.03387536837683));
#8326=CARTESIAN_POINT('Ctrl Pts',(-36.7270001442144,-42.1075221983541,-5.03576924390001));
#8327=CARTESIAN_POINT('Ctrl Pts',(-36.7236086751223,-42.1055144656691,-5.03766668166034));
#8328=CARTESIAN_POINT('Ctrl Pts',(-36.4103883563708,-41.9195841611194,-5.21458547972513));
#8329=CARTESIAN_POINT('Ctrl Pts',(-35.9988076956015,-41.6359548570656,-5.57391275597569));
#8330=CARTESIAN_POINT('Ctrl Pts',(-35.5121612583683,-41.1817787647079,-6.40054519081071));
#8331=CARTESIAN_POINT('Ctrl Pts',(-35.3732973274192,-40.9329897544,-7.04542434744735));
#8332=CARTESIAN_POINT('Ctrl Pts',(-35.3926734616508,-40.8055631590816,-7.51253325926033));
#8333=CARTESIAN_POINT('Ctrl Pts',(-36.7303974921515,-42.1095312163073,-5.03387536837683));
#8334=CARTESIAN_POINT('Ctrl Pts',(-36.7275284245223,-42.1070622363548,-5.03544153008035));
#8335=CARTESIAN_POINT('Ctrl Pts',(-36.7246252867129,-42.1045792841695,-5.03700993060824));
#8336=CARTESIAN_POINT('Ctrl Pts',(-36.4599660002588,-41.8759108637937,-5.18368426613081));
#8337=CARTESIAN_POINT('Ctrl Pts',(-36.1023627831725,-41.5288260687094,-5.47169897605133));
#8338=CARTESIAN_POINT('Ctrl Pts',(-35.6316099260084,-40.9423030043177,-6.17842646261066));
#8339=CARTESIAN_POINT('Ctrl Pts',(-35.4542881137517,-40.5878395845801,-6.78973516804222));
#8340=CARTESIAN_POINT('Ctrl Pts',(-35.4552500686914,-40.3940298838465,-7.28663043069525));
#8341=CARTESIAN_POINT('Ctrl Pts',(-36.7303974921515,-42.1095312163072,-5.03387536837682));
#8342=CARTESIAN_POINT('Ctrl Pts',(-36.7284304675789,-42.1062575128077,-5.03487418711684));
#8343=CARTESIAN_POINT('Ctrl Pts',(-36.7264318441349,-42.1029429011219,-5.03585726089666));
#8344=CARTESIAN_POINT('Ctrl Pts',(-36.5450471391014,-41.7995629154659,-5.12996453016679));
#8345=CARTESIAN_POINT('Ctrl Pts',(-36.3020867943334,-41.3392490289797,-5.32068482500829));
#8346=CARTESIAN_POINT('Ctrl Pts',(-35.9739422787055,-40.5333531955447,-5.85904805595021));
#8347=CARTESIAN_POINT('Ctrl Pts',(-35.8450005855005,-40.0136706763761,-6.39471375568573));
#8348=CARTESIAN_POINT('Ctrl Pts',(-35.868249037005,-39.7231715234307,-6.89300503985948));
#8349=CARTESIAN_POINT('Ctrl Pts',(-36.7303974921515,-42.1095312163072,-5.03387536837682));
#8350=CARTESIAN_POINT('Ctrl Pts',(-36.7293261756041,-42.1054385398912,-5.03430070543087));
#8351=CARTESIAN_POINT('Ctrl Pts',(-36.728247962802,-42.1013213119315,-5.03471720128871));
#8352=CARTESIAN_POINT('Ctrl Pts',(-36.6300849540862,-41.7224525420631,-5.07592101593945));
#8353=CARTESIAN_POINT('Ctrl Pts',(-36.531766397654,-41.1499450968366,-5.21881925582774));
#8354=CARTESIAN_POINT('Ctrl Pts',(-36.4829396360744,-40.2170818796437,-5.71901827946933));
#8355=CARTESIAN_POINT('Ctrl Pts',(-36.5352194991,-39.6853608807147,-6.22412580294733));
#8356=CARTESIAN_POINT('Ctrl Pts',(-36.636380196504,-39.4127862533684,-6.66380974253118));
#8357=CARTESIAN_POINT('Ctrl Pts',(-36.7303974921515,-42.1095312163072,-5.03387536837682));
#8358=CARTESIAN_POINT('Ctrl Pts',(-36.7297100676035,-42.1050809480287,-5.03405165588731));
#8359=CARTESIAN_POINT('Ctrl Pts',(-36.7290271135361,-42.1006338835228,-5.03423358225083));
#8360=CARTESIAN_POINT('Ctrl Pts',(-36.6665157780005,-41.6889201508548,-5.05241629419142));
#8361=CARTESIAN_POINT('Ctrl Pts',(-36.6353216696901,-41.0689095058105,-5.18473169168675));
#8362=CARTESIAN_POINT('Ctrl Pts',(-36.718430568271,-40.1070666744677,-5.69576996662424));
#8363=CARTESIAN_POINT('Ctrl Pts',(-36.8518382387345,-39.6053927813586,-6.20023715589945));
#8364=CARTESIAN_POINT('Ctrl Pts',(-36.9839795337281,-39.3640400358418,-6.60929820730429));
#8365=CARTESIAN_POINT('',(-35.3926734616508,-40.8055631590815,-7.5125332592606));
#8366=CARTESIAN_POINT('',(-36.9839795337281,-39.3640400358418,-6.60929820730429));
#8367=CARTESIAN_POINT('Origin',(-37.3699454395651,-41.1062216453328,-7.51253325926068));
#8368=CARTESIAN_POINT('',(-36.7303974921515,-42.1095312163073,-5.03387536837683));
#8369=CARTESIAN_POINT('Ctrl Pts',(-36.9839795337281,-39.3640400358418,-6.60929820730429));
#8370=CARTESIAN_POINT('Ctrl Pts',(-36.8518382387345,-39.6053927813586,-6.20023715589945));
#8371=CARTESIAN_POINT('Ctrl Pts',(-36.718430568271,-40.1070666744677,-5.69576996662424));
#8372=CARTESIAN_POINT('Ctrl Pts',(-36.6353216696901,-41.0689095058105,-5.18473169168675));
#8373=CARTESIAN_POINT('Ctrl Pts',(-36.6665157780005,-41.6889201508548,-5.05241629419142));
#8374=CARTESIAN_POINT('Ctrl Pts',(-36.7290271135361,-42.1006338835228,-5.03423358225083));
#8375=CARTESIAN_POINT('Ctrl Pts',(-36.7297100676035,-42.1050809480287,-5.03405165588731));
#8376=CARTESIAN_POINT('Ctrl Pts',(-36.7303974921515,-42.1095312163072,-5.03387536837682));
#8377=CARTESIAN_POINT('Ctrl Pts',(-36.7303974921515,-42.1095312163073,-5.03387536837683));
#8378=CARTESIAN_POINT('Ctrl Pts',(-36.7270001442144,-42.1075221983541,-5.03576924390001));
#8379=CARTESIAN_POINT('Ctrl Pts',(-36.7236086751223,-42.1055144656691,-5.03766668166034));
#8380=CARTESIAN_POINT('Ctrl Pts',(-36.4103883563708,-41.9195841611194,-5.21458547972513));
#8381=CARTESIAN_POINT('Ctrl Pts',(-35.9988076956015,-41.6359548570656,-5.57391275597569));
#8382=CARTESIAN_POINT('Ctrl Pts',(-35.5121612583683,-41.1817787647079,-6.40054519081071));
#8383=CARTESIAN_POINT('Ctrl Pts',(-35.3732973274192,-40.9329897544,-7.04542434744735));
#8384=CARTESIAN_POINT('Ctrl Pts',(-35.3926734616508,-40.8055631590816,-7.51253325926033));
#8385=CARTESIAN_POINT('Ctrl Pts',(-35.3926734616508,-40.8055631590815,-7.51253325926069));
#8386=CARTESIAN_POINT('Ctrl Pts',(-35.4056789574909,-40.7200328858335,-7.67194867478606));
#8387=CARTESIAN_POINT('Ctrl Pts',(-35.4122750359117,-40.676653963827,-7.85370015755604));
#8388=CARTESIAN_POINT('Ctrl Pts',(-35.4122750359117,-40.676653963827,-8.03507778922835));
#8389=CARTESIAN_POINT('Ctrl Pts',(-35.4552500686914,-40.3940298838465,-7.28663043069557));
#8390=CARTESIAN_POINT('Ctrl Pts',(-35.4764826581021,-40.2515374855045,-7.50942544050923));
#8391=CARTESIAN_POINT('Ctrl Pts',(-35.4907354785164,-40.165504371447,-7.76737829725718));
#8392=CARTESIAN_POINT('Ctrl Pts',(-35.4935899867299,-40.141888504043,-8.03507778922836));
#8393=CARTESIAN_POINT('Ctrl Pts',(-35.8682495641392,-39.7231720450578,-6.89300527672052));
#8394=CARTESIAN_POINT('Ctrl Pts',(-35.9318716496636,-39.4869066413759,-7.22639646013522));
#8395=CARTESIAN_POINT('Ctrl Pts',(-35.9900116664131,-39.3304831981426,-7.61818179360113));
#8396=CARTESIAN_POINT('Ctrl Pts',(-36.0362067363618,-39.2739342622054,-8.03507778922836));
#8397=CARTESIAN_POINT('Ctrl Pts',(-36.636380196504,-39.4127862533684,-6.66380974253124));
#8398=CARTESIAN_POINT('Ctrl Pts',(-36.7570646433227,-39.1511887764839,-7.07495294111412));
#8399=CARTESIAN_POINT('Ctrl Pts',(-36.8782203452286,-39.0024453059863,-7.54860102032078));
#8400=CARTESIAN_POINT('Ctrl Pts',(-36.9838627181723,-38.9773124500783,-8.03507778922836));
#8401=CARTESIAN_POINT('Ctrl Pts',(-36.9839795337281,-39.3640400358418,-6.60929820730429));
#8402=CARTESIAN_POINT('Ctrl Pts',(-37.1244637164618,-39.1074492160976,-7.04418578349724));
#8403=CARTESIAN_POINT('Ctrl Pts',(-37.2665003439604,-38.9773124500783,-7.53906577256128));
#8404=CARTESIAN_POINT('Ctrl Pts',(-37.389547013826,-38.9773124500783,-8.03507778922836));
#8405=CARTESIAN_POINT('',(-35.4122750359117,-40.676653963827,-8.03507778922836));
#8406=CARTESIAN_POINT('',(-37.389547013826,-38.9773124500783,-8.03507778922836));
#8407=CARTESIAN_POINT('Origin',(-37.389547013826,-40.9773124500783,-8.03507778922836));
#8408=CARTESIAN_POINT('Ctrl Pts',(-37.389547013826,-38.9773124500783,-8.03507778922836));
#8409=CARTESIAN_POINT('Ctrl Pts',(-37.2665003439604,-38.9773124500783,-7.53906577256128));
#8410=CARTESIAN_POINT('Ctrl Pts',(-37.1244637164618,-39.1074492160976,-7.04418578349724));
#8411=CARTESIAN_POINT('Ctrl Pts',(-36.9839795337281,-39.3640400358418,-6.60929820730429));
#8412=CARTESIAN_POINT('Ctrl Pts',(-35.3926734616508,-40.8055631590815,-7.51253325926069));
#8413=CARTESIAN_POINT('Ctrl Pts',(-35.4056789574909,-40.7200328858335,-7.67194867478606));
#8414=CARTESIAN_POINT('Ctrl Pts',(-35.4122750359117,-40.676653963827,-7.85370015755604));
#8415=CARTESIAN_POINT('Ctrl Pts',(-35.4122750359117,-40.676653963827,-8.03507778922835));
#8416=CARTESIAN_POINT('Origin',(-37.389547013826,-40.9773124500783,-10.45));
#8417=CARTESIAN_POINT('',(-35.4122750359117,-40.676653963827,-10.3487264444162));
#8418=CARTESIAN_POINT('',(-37.389547013826,-38.9773124500783,-8.25447146147598));
#8419=CARTESIAN_POINT('Ctrl Pts',(-37.389547013826,-38.9773124500783,-8.25447146147597));
#8420=CARTESIAN_POINT('Ctrl Pts',(-37.3555054740208,-38.9773124500783,-8.37630738284191));
#8421=CARTESIAN_POINT('Ctrl Pts',(-37.3136349759148,-38.9781496148016,-8.49644712447311));
#8422=CARTESIAN_POINT('Ctrl Pts',(-37.1083079284059,-38.9910030901355,-8.98537502054724));
#8423=CARTESIAN_POINT('Ctrl Pts',(-36.875302527271,-39.0244459665875,-9.32225929317928));
#8424=CARTESIAN_POINT('Ctrl Pts',(-36.4128198496294,-39.2179918036729,-9.79361852772147));
#8425=CARTESIAN_POINT('Ctrl Pts',(-36.1498534454196,-39.3826281694536,-9.98657192576305));
#8426=CARTESIAN_POINT('Ctrl Pts',(-35.7713617471508,-39.7732504069357,-10.2046835100089));
#8427=CARTESIAN_POINT('Ctrl Pts',(-35.6093456168135,-40.0201830828565,-10.2719888279172));
#8428=CARTESIAN_POINT('Ctrl Pts',(-35.4648780594862,-40.4179526360578,-10.3283131035387));
#8429=CARTESIAN_POINT('Ctrl Pts',(-35.4320331669987,-40.5467151770616,-10.3404728648516));
#8430=CARTESIAN_POINT('Ctrl Pts',(-35.4122750359117,-40.6766539638271,-10.3487264444162));
#8431=CARTESIAN_POINT('',(-37.389547013826,-38.9773124500783,-10.45));
#8432=CARTESIAN_POINT('',(-35.4122750359117,-40.676653963827,-10.45));
#8433=CARTESIAN_POINT('Origin',(-29.2505076950102,-81.1993415137487,-10.45));
#8434=CARTESIAN_POINT('',(-33.3371204865279,-54.3238487977327,-8.45));
#8435=CARTESIAN_POINT('Origin',(-33.3371204865279,-54.3238487977327,-2.45));
#8436=CARTESIAN_POINT('',(-31.9629325263684,-63.3611568075253,-8.45));
#8437=CARTESIAN_POINT('',(-30.7108372309678,-71.5955258823599,-8.45));
#8438=CARTESIAN_POINT('',(-32.2670469725443,-61.3611568075252,-10.45));
#8439=CARTESIAN_POINT('',(-30.8449443349733,-70.713574329635,-1.09758247789027));
#8440=CARTESIAN_POINT('',(-34.9189301829864,-43.9211223482064,-10.45));
#8441=CARTESIAN_POINT('',(-30.8537508442554,-70.6556585719793,-10.45));
#8442=CARTESIAN_POINT('Origin',(-34.9189301829864,-43.9211223482064,-7.45));
#8443=CARTESIAN_POINT('Ctrl Pts',(-33.3371204865279,-54.3238487977327,-8.45));
#8444=CARTESIAN_POINT('Ctrl Pts',(-34.0603809954834,-49.5673466450059,-8.45));
#8445=CARTESIAN_POINT('Ctrl Pts',(-34.7824183980347,-44.8188882167357,-8.12070367017856));
#8446=CARTESIAN_POINT('Ctrl Pts',(-35.3926734616508,-40.8055631590815,-7.51253325926086));
#8447=CARTESIAN_POINT('Ctrl Pts',(-33.3371204865279,-54.3238487977327,-7.55240209897435));
#8448=CARTESIAN_POINT('Ctrl Pts',(-34.0582609835384,-49.6075683264994,-7.65938306101171));
#8449=CARTESIAN_POINT('Ctrl Pts',(-34.7712643958147,-44.8845936391751,-7.4348903166566));
#8450=CARTESIAN_POINT('Ctrl Pts',(-35.3796655029852,-40.8911096290319,-6.93495835955647));
#8451=CARTESIAN_POINT('Ctrl Pts',(-34.0817208394162,-54.4370706597032,-5.99829214212584));
#8452=CARTESIAN_POINT('Ctrl Pts',(-34.6035839246467,-49.76019374232,-6.27638564788678));
#8453=CARTESIAN_POINT('Ctrl Pts',(-35.1700275495202,-45.0626554947295,-6.23952763380008));
#8454=CARTESIAN_POINT('Ctrl Pts',(-35.660821133443,-41.0867370031135,-5.92612993877261));
#8455=CARTESIAN_POINT('Ctrl Pts',(-35.6374802619746,-54.6736351172903,-5.45));
#8456=CARTESIAN_POINT('Ctrl Pts',(-35.8725649060434,-49.9779625069241,-5.57451726475465));
#8457=CARTESIAN_POINT('Ctrl Pts',(-36.1469593114913,-45.2799091683379,-5.48616245702016));
#8458=CARTESIAN_POINT('Ctrl Pts',(-36.3901002968433,-41.3065701551057,-5.20722683646811));
#8459=CARTESIAN_POINT('Ctrl Pts',(-36.3030284533993,-54.7748365271096,-5.45));
#8460=CARTESIAN_POINT('Ctrl Pts',(-36.4618702528441,-50.0674766023961,-5.45));
#8461=CARTESIAN_POINT('Ctrl Pts',(-36.6204434347994,-45.3680772976795,-5.28535183508928));
#8462=CARTESIAN_POINT('Ctrl Pts',(-36.7544670835744,-41.3962162673172,-4.98126662963043));
#8463=CARTESIAN_POINT('',(-36.5316336780499,-48.0000009557318,-5.33706554501029));
#8464=CARTESIAN_POINT('Origin',(-36.3030284533993,-54.7748365271096,-2.45));
#8465=CARTESIAN_POINT('',(-35.5,-48.0000009557318,-5.85106791858103));
#8466=CARTESIAN_POINT('Ctrl Pts',(-36.5315713847782,-48.0018470494665,-5.33629770081048));
#8467=CARTESIAN_POINT('Ctrl Pts',(-36.4351852911526,-48.0018547835679,-5.3633496898076));
#8468=CARTESIAN_POINT('Ctrl Pts',(-36.3403088948629,-48.0018573717963,-5.39515557188554));
#8469=CARTESIAN_POINT('Ctrl Pts',(-36.2472441111044,-48.0018581117835,-5.43146371436617));
#8470=CARTESIAN_POINT('Ctrl Pts',(-36.1505108259066,-48.0018588809401,-5.46920307999657));
#8471=CARTESIAN_POINT('Ctrl Pts',(-36.0557339135848,-48.0018575190675,-5.51180682679107));
#8472=CARTESIAN_POINT('Ctrl Pts',(-35.9632726930037,-48.0018560583586,-5.55904746984066));
#8473=CARTESIAN_POINT('Ctrl Pts',(-35.8708114724227,-48.0018545976496,-5.60628811289024));
#8474=CARTESIAN_POINT('Ctrl Pts',(-35.780665157098,-48.00185288811,-5.65816617868965));
#8475=CARTESIAN_POINT('Ctrl Pts',(-35.6932254373966,-48.0018535053173,-5.71450231902201));
#8476=CARTESIAN_POINT('Ctrl Pts',(-35.626711533514,-48.0018539748164,-5.75735626041135));
#8477=CARTESIAN_POINT('Ctrl Pts',(-35.5619421334731,-48.0018559899239,-5.80267624846888));
#8478=CARTESIAN_POINT('Ctrl Pts',(-35.4990739347097,-48.0018612841165,-5.85036298312757));
#8479=CARTESIAN_POINT('',(-35.5,-49.0000009557318,-5.80274123350011));
#8480=CARTESIAN_POINT('Ctrl Pts',(-35.5,-48.0000009557318,-5.85106791858103));
#8481=CARTESIAN_POINT('Ctrl Pts',(-35.5,-48.3328317957961,-5.83428823825026));
#8482=CARTESIAN_POINT('Ctrl Pts',(-35.5,-48.6682794683043,-5.81816634226003));
#8483=CARTESIAN_POINT('Ctrl Pts',(-35.5,-49.0000009557318,-5.80274123350011));
#8484=CARTESIAN_POINT('',(-35.5,-54.6527302504251,-5.56205343535839));
#8485=CARTESIAN_POINT('Ctrl Pts',(-35.5,-49.0000009557318,-5.80274123350011));
#8486=CARTESIAN_POINT('Ctrl Pts',(-35.5,-50.6631737798236,-5.72540339838695));
#8487=CARTESIAN_POINT('Ctrl Pts',(-35.5,-52.3849612162508,-5.65793776941559));
#8488=CARTESIAN_POINT('Ctrl Pts',(-35.5,-54.6527302504251,-5.56205343535839));
#8489=CARTESIAN_POINT('Origin',(-36.3030284533993,-54.7748365271096,-8.45));
#8490=CARTESIAN_POINT('Origin',(37.389547013826,-40.9773124500783,-10.45));
#8491=CARTESIAN_POINT('',(35.4122750359117,-40.676653963827,-8.03507778922835));
#8492=CARTESIAN_POINT('',(37.389547013826,-38.9773124500783,-8.03507778922835));
#8493=CARTESIAN_POINT('Origin',(37.389547013826,-40.9773124500783,-8.03507778922835));
#8494=CARTESIAN_POINT('',(37.389547013826,-38.9773124500783,-8.25447146147596));
#8495=CARTESIAN_POINT('',(37.389547013826,-38.9773124500783,-10.45));
#8496=CARTESIAN_POINT('',(35.4122750359117,-40.676653963827,-10.3487264444161));
#8497=CARTESIAN_POINT('Ctrl Pts',(35.4122750359117,-40.6766539638271,-10.3487264444162));
#8498=CARTESIAN_POINT('Ctrl Pts',(35.4320331669987,-40.5467151770616,-10.3404728648516));
#8499=CARTESIAN_POINT('Ctrl Pts',(35.4648780594862,-40.4179526360578,-10.3283131035387));
#8500=CARTESIAN_POINT('Ctrl Pts',(35.6093456168135,-40.0201830828565,-10.2719888279172));
#8501=CARTESIAN_POINT('Ctrl Pts',(35.7713617471508,-39.7732504069357,-10.2046835100089));
#8502=CARTESIAN_POINT('Ctrl Pts',(36.1498534454196,-39.3826281694536,-9.98657192576305));
#8503=CARTESIAN_POINT('Ctrl Pts',(36.4128198496294,-39.2179918036729,-9.79361852772147));
#8504=CARTESIAN_POINT('Ctrl Pts',(36.875302527271,-39.0244459665875,-9.32225929317928));
#8505=CARTESIAN_POINT('Ctrl Pts',(37.1083079284059,-38.9910030901355,-8.98537502054724));
#8506=CARTESIAN_POINT('Ctrl Pts',(37.3136349759148,-38.9781496148016,-8.49644712447311));
#8507=CARTESIAN_POINT('Ctrl Pts',(37.3555054740209,-38.9773124500783,-8.3763073828419));
#8508=CARTESIAN_POINT('Ctrl Pts',(37.389547013826,-38.9773124500783,-8.25447146147596));
#8509=CARTESIAN_POINT('',(35.4122750359117,-40.676653963827,-10.45));
#8510=CARTESIAN_POINT('Ctrl Pts',(35.4122750359117,-40.676653963827,-8.03507778922835));
#8511=CARTESIAN_POINT('Ctrl Pts',(35.4122750359117,-40.676653963827,-7.8537001575595));
#8512=CARTESIAN_POINT('Ctrl Pts',(35.4056789574906,-40.7200328858351,-7.67194867478301));
#8513=CARTESIAN_POINT('Ctrl Pts',(35.3926734616508,-40.8055631590815,-7.51253325926068));
#8514=CARTESIAN_POINT('Ctrl Pts',(35.4935899867299,-40.141888504043,-8.03507778922835));
#8515=CARTESIAN_POINT('Ctrl Pts',(35.4907354785165,-40.1655043714466,-7.76737829726229));
#8516=CARTESIAN_POINT('Ctrl Pts',(35.4764826581017,-40.2515374855072,-7.50942544050497));
#8517=CARTESIAN_POINT('Ctrl Pts',(35.4552500686914,-40.3940298838465,-7.28663043069557));
#8518=CARTESIAN_POINT('Ctrl Pts',(36.0362067363618,-39.2739342622054,-8.03507778922835));
#8519=CARTESIAN_POINT('Ctrl Pts',(35.9900116664139,-39.3304831981415,-7.61818179360908));
#8520=CARTESIAN_POINT('Ctrl Pts',(35.9318716496624,-39.4869066413804,-7.22639646012884));
#8521=CARTESIAN_POINT('Ctrl Pts',(35.8682495641392,-39.7231720450578,-6.89300527672051));
#8522=CARTESIAN_POINT('Ctrl Pts',(36.9838627181723,-38.9773124500783,-8.03507778922835));
#8523=CARTESIAN_POINT('Ctrl Pts',(36.8782203452307,-39.0024453059858,-7.54860102033006));
#8524=CARTESIAN_POINT('Ctrl Pts',(36.7570646433204,-39.1511887764889,-7.07495294110626));
#8525=CARTESIAN_POINT('Ctrl Pts',(36.636380196504,-39.4127862533684,-6.66380974253123));
#8526=CARTESIAN_POINT('Ctrl Pts',(37.389547013826,-38.9773124500783,-8.03507778922835));
#8527=CARTESIAN_POINT('Ctrl Pts',(37.2665003439628,-38.9773124500783,-7.53906577257074));
#8528=CARTESIAN_POINT('Ctrl Pts',(37.1244637164591,-39.1074492161025,-7.04418578348893));
#8529=CARTESIAN_POINT('Ctrl Pts',(36.9839795337281,-39.3640400358418,-6.60929820730428));
#8530=CARTESIAN_POINT('',(35.3926734616508,-40.8055631590815,-7.51253325926077));
#8531=CARTESIAN_POINT('',(36.9839795337281,-39.3640400358418,-6.60929820730428));
#8532=CARTESIAN_POINT('Origin',(37.3699454395651,-41.1062216453328,-7.51253325926068));
#8533=CARTESIAN_POINT('Ctrl Pts',(36.9839795337281,-39.3640400358418,-6.60929820730428));
#8534=CARTESIAN_POINT('Ctrl Pts',(37.1244637164591,-39.1074492161025,-7.04418578348893));
#8535=CARTESIAN_POINT('Ctrl Pts',(37.2665003439628,-38.9773124500783,-7.53906577257074));
#8536=CARTESIAN_POINT('Ctrl Pts',(37.389547013826,-38.9773124500783,-8.03507778922835));
#8537=CARTESIAN_POINT('Ctrl Pts',(35.4122750359117,-40.676653963827,-8.03507778922835));
#8538=CARTESIAN_POINT('Ctrl Pts',(35.4122750359117,-40.676653963827,-7.8537001575595));
#8539=CARTESIAN_POINT('Ctrl Pts',(35.4056789574906,-40.7200328858351,-7.67194867478301));
#8540=CARTESIAN_POINT('Ctrl Pts',(35.3926734616508,-40.8055631590815,-7.51253325926068));
#8541=CARTESIAN_POINT('Ctrl Pts',(36.7303974921515,-42.1095312163072,-5.03387536837683));
#8542=CARTESIAN_POINT('Ctrl Pts',(36.7297100676015,-42.1050809480267,-5.03405165588837));
#8543=CARTESIAN_POINT('Ctrl Pts',(36.7290271135357,-42.1006338835232,-5.03423358225104));
#8544=CARTESIAN_POINT('Ctrl Pts',(36.666515778011,-41.6889201508534,-5.05241629418549));
#8545=CARTESIAN_POINT('Ctrl Pts',(36.6353216696921,-41.0689095058098,-5.18473169168605));
#8546=CARTESIAN_POINT('Ctrl Pts',(36.7184305682747,-40.1070666744672,-5.69576996662246));
#8547=CARTESIAN_POINT('Ctrl Pts',(36.8518382387345,-39.6053927813584,-6.2002371558998));
#8548=CARTESIAN_POINT('Ctrl Pts',(36.9839795337281,-39.3640400358418,-6.60929820730427));
#8549=CARTESIAN_POINT('Ctrl Pts',(36.7303974921515,-42.1095312163072,-5.03387536837683));
#8550=CARTESIAN_POINT('Ctrl Pts',(36.7291982116022,-42.1055577371773,-5.03438372194653));
#8551=CARTESIAN_POINT('Ctrl Pts',(36.7279882458901,-42.1015504547347,-5.034878407635));
#8552=CARTESIAN_POINT('Ctrl Pts',(36.6179413461251,-41.733630005798,-5.08375592318289));
#8553=CARTESIAN_POINT('Ctrl Pts',(36.4972479736439,-41.1769569605113,-5.23018177720737));
#8554=CARTESIAN_POINT('Ctrl Pts',(36.4044426586792,-40.2537536147019,-5.72676771708257));
#8555=CARTESIAN_POINT('Ctrl Pts',(36.4296799192219,-39.7120169138332,-6.23208868529699));
#8556=CARTESIAN_POINT('Ctrl Pts',(36.5205137507627,-39.4290349925439,-6.68198025427346));
#8557=CARTESIAN_POINT('Ctrl Pts',(36.7303974921515,-42.1095312163072,-5.03387536837683));
#8558=CARTESIAN_POINT('Ctrl Pts',(36.7283046730471,-42.1063709951473,-5.03495356823842));
#8559=CARTESIAN_POINT('Ctrl Pts',(36.7261702778081,-42.1031783168292,-5.03602346193043));
#8560=CARTESIAN_POINT('Ctrl Pts',(36.5330902842441,-41.8103372850434,-5.1374833745846));
#8561=CARTESIAN_POINT('Ctrl Pts',(36.2714834514553,-41.3665564215149,-5.33940292500461));
#8562=CARTESIAN_POINT('Ctrl Pts',(35.9099741999221,-40.5903543088423,-5.89643973797915));
#8563=CARTESIAN_POINT('Ctrl Pts',(35.7593316093527,-40.0906441307361,-6.44369387095628));
#8564=CARTESIAN_POINT('Ctrl Pts',(35.7722795002991,-39.8101078512156,-6.94747793542229));
#8565=CARTESIAN_POINT('Ctrl Pts',(36.7303974921515,-42.1095312163072,-5.03387536837683));
#8566=CARTESIAN_POINT('Ctrl Pts',(36.7273963544433,-42.1071772268551,-5.0355234585365));
#8567=CARTESIAN_POINT('Ctrl Pts',(36.7243711338138,-42.1048130795442,-5.0371741183721));
#8568=CARTESIAN_POINT('Ctrl Pts',(36.4475715893045,-41.8868291881322,-5.19140956951982));
#8569=CARTESIAN_POINT('Ctrl Pts',(36.0764740112827,-41.5556082657995,-5.4972524210311));
#8570=CARTESIAN_POINT('Ctrl Pts',(35.6017477591047,-41.0021719444177,-6.23395614465751));
#8571=CARTESIAN_POINT('Ctrl Pts',(35.4340404171686,-40.6741271270349,-6.85365746289385));
#8572=CARTESIAN_POINT('Ctrl Pts',(35.4396059169312,-40.4969132026553,-7.3431061378365));
#8573=CARTESIAN_POINT('Ctrl Pts',(36.7303974921515,-42.1095312163072,-5.03387536837683));
#8574=CARTESIAN_POINT('Ctrl Pts',(36.7270001442123,-42.1075221983549,-5.0357692439013));
#8575=CARTESIAN_POINT('Ctrl Pts',(36.7236086751207,-42.1055144656688,-5.03766668166126));
#8576=CARTESIAN_POINT('Ctrl Pts',(36.4103883563884,-41.9195841611265,-5.21458547971562));
#8577=CARTESIAN_POINT('Ctrl Pts',(35.9988076956045,-41.6359548570667,-5.57391275597444));
#8578=CARTESIAN_POINT('Ctrl Pts',(35.5121612583746,-41.1817787647103,-6.40054519080756));
#8579=CARTESIAN_POINT('Ctrl Pts',(35.3732973274193,-40.9329897543999,-7.04542434744769));
#8580=CARTESIAN_POINT('Ctrl Pts',(35.3926734616508,-40.8055631590816,-7.51253325926031));
#8581=CARTESIAN_POINT('',(36.7303974921515,-42.1095312163073,-5.03387536837683));
#8582=CARTESIAN_POINT('Ctrl Pts',(35.3926734616508,-40.8055631590816,-7.51253325926031));
#8583=CARTESIAN_POINT('Ctrl Pts',(35.3732973274193,-40.9329897543999,-7.04542434744769));
#8584=CARTESIAN_POINT('Ctrl Pts',(35.5121612583746,-41.1817787647103,-6.40054519080756));
#8585=CARTESIAN_POINT('Ctrl Pts',(35.9988076956045,-41.6359548570667,-5.57391275597444));
#8586=CARTESIAN_POINT('Ctrl Pts',(36.4103883563884,-41.9195841611265,-5.21458547971562));
#8587=CARTESIAN_POINT('Ctrl Pts',(36.7236086751207,-42.1055144656688,-5.03766668166126));
#8588=CARTESIAN_POINT('Ctrl Pts',(36.7270001442123,-42.1075221983549,-5.0357692439013));
#8589=CARTESIAN_POINT('Ctrl Pts',(36.7303974921515,-42.1095312163072,-5.03387536837683));
#8590=CARTESIAN_POINT('Ctrl Pts',(36.7303974921515,-42.1095312163072,-5.03387536837683));
#8591=CARTESIAN_POINT('Ctrl Pts',(36.7297100676015,-42.1050809480267,-5.03405165588837));
#8592=CARTESIAN_POINT('Ctrl Pts',(36.7290271135357,-42.1006338835232,-5.03423358225104));
#8593=CARTESIAN_POINT('Ctrl Pts',(36.666515778011,-41.6889201508534,-5.05241629418549));
#8594=CARTESIAN_POINT('Ctrl Pts',(36.6353216696921,-41.0689095058098,-5.18473169168605));
#8595=CARTESIAN_POINT('Ctrl Pts',(36.7184305682747,-40.1070666744672,-5.69576996662246));
#8596=CARTESIAN_POINT('Ctrl Pts',(36.8518382387345,-39.6053927813584,-6.2002371558998));
#8597=CARTESIAN_POINT('Ctrl Pts',(36.9839795337281,-39.3640400358418,-6.60929820730427));
#8598=CARTESIAN_POINT('Ctrl Pts',(36.5316336780499,-48.0000009557318,-5.33706554501029));
#8599=CARTESIAN_POINT('Ctrl Pts',(36.6102284779977,-45.670802892889,-5.25789268220716));
#8600=CARTESIAN_POINT('Ctrl Pts',(36.685558223949,-43.4383664154022,-5.13761340073123));
#8601=CARTESIAN_POINT('Ctrl Pts',(36.7544670835744,-41.3962162673172,-4.98126662963043));
#8602=CARTESIAN_POINT('Ctrl Pts',(35.8233734982091,-47.8790966301785,-5.53338151393112));
#8603=CARTESIAN_POINT('Ctrl Pts',(35.9733507496289,-45.5522933924261,-5.50860073192003));
#8604=CARTESIAN_POINT('Ctrl Pts',(36.1244028456222,-43.3198022354112,-5.42126049620899));
#8605=CARTESIAN_POINT('Ctrl Pts',(36.2686447012663,-41.2766881177019,-5.282546905414));
#8606=CARTESIAN_POINT('Ctrl Pts',(34.7278847873329,-47.6565883075168,-6.36469663505677));
#8607=CARTESIAN_POINT('Ctrl Pts',(35.025347423633,-45.3310647135456,-6.34365042219003));
#8608=CARTESIAN_POINT('Ctrl Pts',(35.3162116444187,-43.0980989097404,-6.24210904220956));
#8609=CARTESIAN_POINT('Ctrl Pts',(35.5844157981024,-41.053603946538,-6.06810820976732));
#8610=CARTESIAN_POINT('Ctrl Pts',(34.372463887561,-47.5149423873196,-7.6667309543328));
#8611=CARTESIAN_POINT('Ctrl Pts',(34.7289964567329,-45.1723749559825,-7.54932043243668));
#8612=CARTESIAN_POINT('Ctrl Pts',(35.070192221332,-42.9255709195049,-7.35055356950102));
#8613=CARTESIAN_POINT('Ctrl Pts',(35.3829174926516,-40.8697230115443,-7.07935208448256));
#8614=CARTESIAN_POINT('Ctrl Pts',(34.3780374977213,-47.4782876987289,-8.22413109002058));
#8615=CARTESIAN_POINT('Ctrl Pts',(34.7359062401443,-45.1247740993384,-8.06578536441431));
#8616=CARTESIAN_POINT('Ctrl Pts',(35.0789080859223,-42.8690322226137,-7.82522680146247));
#8617=CARTESIAN_POINT('Ctrl Pts',(35.3926734616508,-40.8055631590815,-7.51253325926086));
#8618=CARTESIAN_POINT('',(34.3780374977213,-47.4782876987289,-8.22413109002058));
#8619=CARTESIAN_POINT('Origin',(33.3371204865279,-54.3238487977328,-2.45));
#8620=CARTESIAN_POINT('',(36.5316336780499,-48.0000009557318,-5.33706554501029));
#8621=CARTESIAN_POINT('Origin',(37.3439454645927,-47.9292754281058,-8.22413109002058));
#8622=CARTESIAN_POINT('Origin',(36.3030284533993,-54.7748365271096,-2.45));
#8623=CARTESIAN_POINT('Origin',(34.9561033666479,-43.676653963827,-10.45));
#8624=CARTESIAN_POINT('',(34.9189301829864,-43.9211223482064,-10.45));
#8625=CARTESIAN_POINT('Origin',(34.9189301829864,-43.9211223482064,-7.45));
#8626=CARTESIAN_POINT('',(34.2987072286132,-48.0000009557318,-10.45));
#8627=CARTESIAN_POINT('',(33.1754749680707,-55.3869059493402,-10.45));
#8628=CARTESIAN_POINT('',(34.2987072286132,-48.0000009557318,-8.2577965482219));
#8629=CARTESIAN_POINT('',(34.2987072286132,-48.0000009557318,-6.57479746524586));
#8630=CARTESIAN_POINT('Origin',(33.3371204865279,-54.3238487977328,-2.45));
#8631=CARTESIAN_POINT('Ctrl Pts',(31.5942924931597,-65.3011141199177,-8.19300916363041));
#8632=CARTESIAN_POINT('Ctrl Pts',(31.5407387870002,-65.5352731073906,-8.16181222765393));
#8633=CARTESIAN_POINT('Ctrl Pts',(31.4840868157069,-65.768311211485,-8.13069895094725));
#8634=CARTESIAN_POINT('Ctrl Pts',(31.4243918792078,-66.0000009557318,-8.09969970424464));
#8635=CARTESIAN_POINT('Ctrl Pts',(31.6473009595255,-65.3138620327396,-7.55890824555832));
#8636=CARTESIAN_POINT('Ctrl Pts',(31.5997327531291,-65.5500259084757,-7.53268066101368));
#8637=CARTESIAN_POINT('Ctrl Pts',(31.5486937301599,-65.7852371368551,-7.50678491731104));
#8638=CARTESIAN_POINT('Ctrl Pts',(31.4945569121166,-66.0192234060533,-7.48092059677295));
#8639=CARTESIAN_POINT('Ctrl Pts',(32.2440731248878,-65.4573787209238,-6.11971428172029));
#8640=CARTESIAN_POINT('Ctrl Pts',(32.2017580975945,-65.7014204669136,-6.10974798872797));
#8641=CARTESIAN_POINT('Ctrl Pts',(32.1557461421657,-65.9446185304953,-6.09999349062124));
#8642=CARTESIAN_POINT('Ctrl Pts',(32.1059168224187,-66.1867118973592,-6.09030898049297));
#8643=CARTESIAN_POINT('Ctrl Pts',(33.6753450423182,-65.8015827864001,-5.45));
#8644=CARTESIAN_POINT('Ctrl Pts',(33.619871461436,-66.0582144319082,-5.45021232651917));
#8645=CARTESIAN_POINT('Ctrl Pts',(33.5601202480848,-66.3137001410281,-5.44980055281294));
#8646=CARTESIAN_POINT('Ctrl Pts',(33.4967843775736,-66.567754724168,-5.45));
#8647=CARTESIAN_POINT('Ctrl Pts',(34.5004089568871,-66.0000009557318,-5.45));
#8648=CARTESIAN_POINT('Ctrl Pts',(34.4369559741693,-66.2638516226771,-5.45));
#8649=CARTESIAN_POINT('Ctrl Pts',(34.3694587094823,-66.5263538982813,-5.45));
#8650=CARTESIAN_POINT('Ctrl Pts',(34.2979830492163,-66.7872515450887,-5.45));
#8651=CARTESIAN_POINT('',(34.5004089568871,-66.0000009557318,-5.45));
#8652=CARTESIAN_POINT('',(31.4243918792077,-66.0000009557318,-8.09969970424464));
#8653=CARTESIAN_POINT('Ctrl Pts',(34.5004089568871,-66.0000009557318,-5.45));
#8654=CARTESIAN_POINT('Ctrl Pts',(34.1912993506097,-66.0000009557318,-5.45));
#8655=CARTESIAN_POINT('Ctrl Pts',(33.8830659790788,-66.0000009553696,-5.49516686879331));
#8656=CARTESIAN_POINT('Ctrl Pts',(33.1970722384888,-66.0000009553696,-5.7014179909609));
#8657=CARTESIAN_POINT('Ctrl Pts',(32.8335286505087,-66.0000009555554,-5.89232831553823));
#8658=CARTESIAN_POINT('Ctrl Pts',(32.2144031244544,-66.0000009555554,-6.39276013586699));
#8659=CARTESIAN_POINT('Ctrl Pts',(31.9602408491833,-66.0000009557128,-6.69312930634253));
#8660=CARTESIAN_POINT('Ctrl Pts',(31.5882469482635,-66.0000009557128,-7.3639593913537));
#8661=CARTESIAN_POINT('Ctrl Pts',(31.4700377732344,-66.0000009557318,-7.72525629208833));
#8662=CARTESIAN_POINT('Ctrl Pts',(31.4243918792078,-66.0000009557318,-8.09969970424464));
#8663=CARTESIAN_POINT('',(34.2979830492163,-66.7872515450887,-5.45));
#8664=CARTESIAN_POINT('Origin',(34.2979830492163,-66.7872515450887,-8.45));
#8665=CARTESIAN_POINT('Ctrl Pts',(34.5004089568871,-66.0000009557318,-5.45));
#8666=CARTESIAN_POINT('Ctrl Pts',(34.4369559741693,-66.2638516226771,-5.45));
#8667=CARTESIAN_POINT('Ctrl Pts',(34.3694587094823,-66.5263538982813,-5.45));
#8668=CARTESIAN_POINT('Ctrl Pts',(34.2979830492163,-66.7872515450887,-5.45));
#8669=CARTESIAN_POINT('Origin',(37.0834357068632,-62.7386562250391,-5.45));
#8670=CARTESIAN_POINT('',(25.4986136437252,-79.,-5.45));
#8671=CARTESIAN_POINT('Origin',(22.0765726367969,-61.857864376269,-5.45));
#8672=CARTESIAN_POINT('',(37.3718193665467,-79.,-5.45));
#8673=CARTESIAN_POINT('',(9.92504651489307,-79.,-5.45));
#8674=CARTESIAN_POINT('',(36.8060122799807,-66.0000009557318,-5.45));
#8675=CARTESIAN_POINT('',(36.0455438672494,-48.5274579752177,-5.45));
#8676=CARTESIAN_POINT('',(38.6430582405134,-66.0000009557318,-5.45));
#8677=CARTESIAN_POINT('Origin',(13.75,-38.3022639122622,0.));
#8678=CARTESIAN_POINT('',(13.75,-3.74208737552848,0.000404984897638577));
#8679=CARTESIAN_POINT('',(13.75,-36.2499990676521,0.000404984897637216));
#8680=CARTESIAN_POINT('',(13.75,-37.6511314899571,0.000404984897638296));
#8681=CARTESIAN_POINT('',(13.75,-36.2499990676521,-10.45));
#8682=CARTESIAN_POINT('',(13.75,-36.2499990676521,0.000202492448818568));
#8683=CARTESIAN_POINT('',(13.75,-7.62367892320188,-10.45));
#8684=CARTESIAN_POINT('',(13.75,-48.5261319561311,-10.45));
#8685=CARTESIAN_POINT('',(13.7499999999999,-4.45317451507582,-7.71146722824298));
#8686=CARTESIAN_POINT('Ctrl Pts',(13.75,-4.45317451507588,-7.71146722824298));
#8687=CARTESIAN_POINT('Ctrl Pts',(13.75,-4.48388747518011,-8.04419073619016));
#8688=CARTESIAN_POINT('Ctrl Pts',(13.7499999999987,-4.57285591273943,-8.36825185111853));
#8689=CARTESIAN_POINT('Ctrl Pts',(13.7499999999987,-4.85920087207463,-8.97701659431942));
#8690=CARTESIAN_POINT('Ctrl Pts',(13.7499999999519,-5.05528248563748,-9.25559493894288));
#8691=CARTESIAN_POINT('Ctrl Pts',(13.7499999999519,-5.5894193679816,-9.79668304670573));
#8692=CARTESIAN_POINT('Ctrl Pts',(13.7499999997511,-5.94436904007253,-10.0325384749856));
#8693=CARTESIAN_POINT('Ctrl Pts',(13.7499999997511,-6.74219645104642,-10.3641703989392));
#8694=CARTESIAN_POINT('Ctrl Pts',(13.75,-7.18148158110464,-10.45));
#8695=CARTESIAN_POINT('Ctrl Pts',(13.75,-7.6236789232005,-10.45));
#8696=CARTESIAN_POINT('Ctrl Pts',(13.7500969499743,-3.74341016562699,0.000404984897637258));
#8697=CARTESIAN_POINT('Ctrl Pts',(13.7501001908474,-3.98011024835943,-2.56998567644853));
#8698=CARTESIAN_POINT('Ctrl Pts',(13.7500994057924,-4.2171141250882,-5.14123474518047));
#8699=CARTESIAN_POINT('Ctrl Pts',(13.7501043610129,-4.45432197965779,-7.71146722825096));
#8700=CARTESIAN_POINT('Origin',(-13.0000002831221,-34.,-5.60000008194551));
#8701=CARTESIAN_POINT('',(12.25,-34.,0.000404984897638405));
#8702=CARTESIAN_POINT('',(10.6003671001637,-34.,0.000404984897638405));
#8703=CARTESIAN_POINT('',(-1.24981659146831,-34.,0.000404984897638405));
#8704=CARTESIAN_POINT('',(9.59996211528779,-34.,-0.999999999978241));
#8705=CARTESIAN_POINT('',(10.5999621152878,-34.,2.17581508366038E-11));
#8706=CARTESIAN_POINT('',(9.59996211528779,-34.,-5.69974260687824));
#8707=CARTESIAN_POINT('',(9.59996211528779,-34.,-0.999999999978242));
#8708=CARTESIAN_POINT('',(-24.4000378847121,-34.,-5.69974260687824));
#8709=CARTESIAN_POINT('',(9.59996211528779,-34.,-5.69974260687824));
#8710=CARTESIAN_POINT('',(-24.4000378847121,-34.,-0.999999999978241));
#8711=CARTESIAN_POINT('',(-24.4000378847121,-34.,-5.69974260687824));
#8712=CARTESIAN_POINT('',(-24.4000378847121,-34.,-0.999999999978241));
#8713=CARTESIAN_POINT('',(-26.6885992490948,-34.,-10.45));
#8714=CARTESIAN_POINT('',(-26.6885992490948,-34.,0.200404984897641));
#8715=CARTESIAN_POINT('',(12.25,-34.,-10.45));
#8716=CARTESIAN_POINT('',(-18.2500001535872,-34.,-10.45));
#8717=CARTESIAN_POINT('',(12.25,-34.,-2.80000004097275));
#8718=CARTESIAN_POINT('Origin',(0.100092930249434,-35.4000000655651,-3.83039422630641));
#8719=CARTESIAN_POINT('',(12.25,-35.4000000655651,-10.45));
#8720=CARTESIAN_POINT('',(12.25,-35.4000000655651,0.000404984897638418));
#8721=CARTESIAN_POINT('',(12.25,-35.4000000655651,-1.9151971131532));
#8722=CARTESIAN_POINT('',(-12.0498141395011,-35.4000000655651,-10.45));
#8723=CARTESIAN_POINT('',(-11.6999535469014,-35.4000000655651,-10.45));
#8724=CARTESIAN_POINT('',(-12.0498141395011,-35.4000000655651,4.30040483689485));
#8725=CARTESIAN_POINT('',(-12.0498141395011,-35.4000000655651,-7.89579375790704));
#8726=CARTESIAN_POINT('',(-8.649907067475,-35.4000000655651,4.30040483689485));
#8727=CARTESIAN_POINT('',(-6.34986060462585,-35.4000000655651,4.30040483689485));
#8728=CARTESIAN_POINT('',(8.850092932525,-35.4000000655651,4.30040483689485));
#8729=CARTESIAN_POINT('Origin',(0.100092932525001,-35.4000000655651,4.30040480033342));
#8730=CARTESIAN_POINT('',(12.25,-35.4000000655651,4.30040483689485));
#8731=CARTESIAN_POINT('',(5.72509293138722,-35.4000000655651,4.30040483689485));
#8732=CARTESIAN_POINT('',(12.25,-35.4000000655651,-1.9151971131532));
#8733=CARTESIAN_POINT('Origin',(19.1000930297861,-36.9999990676521,0.000404984897637989));
#8734=CARTESIAN_POINT('',(12.2500000000007,-3.28538503260495,0.000404984897639135));
#8735=CARTESIAN_POINT('Ctrl Pts',(13.7500969499743,-3.74341016562701,0.000404984897419654));
#8736=CARTESIAN_POINT('Ctrl Pts',(13.253602834358,-3.58030213268591,0.000404984897419647));
#8737=CARTESIAN_POINT('Ctrl Pts',(12.7533692440319,-3.42831624298111,0.000404984897419641));
#8738=CARTESIAN_POINT('Ctrl Pts',(12.2498927196014,-3.28756118725023,0.000404984897419634));
#8739=CARTESIAN_POINT('',(12.25,-15.5,0.000404984897638405));
#8740=CARTESIAN_POINT('',(12.25,-20.2522778160964,0.000404984897638635));
#8741=CARTESIAN_POINT('',(10.5003671001854,-15.5,0.000404984897638405));
#8742=CARTESIAN_POINT('',(-10.7498166883259,-15.5,0.000404984897638405));
#8743=CARTESIAN_POINT('',(10.5003671001854,-17.,0.000404984897638405));
#8744=CARTESIAN_POINT('',(10.5003671001854,-26.3138130358141,0.000404984897638405));
#8745=CARTESIAN_POINT('',(12.25,-17.,0.000404984897638405));
#8746=CARTESIAN_POINT('',(11.4020601417533,-17.,0.000404984897638405));
#8747=CARTESIAN_POINT('',(12.25,-32.5,0.000404984897638405));
#8748=CARTESIAN_POINT('',(12.25,-20.2522778160964,0.000404984897638635));
#8749=CARTESIAN_POINT('',(10.6003671001637,-32.5,0.000404984897638405));
#8750=CARTESIAN_POINT('',(-1.24981659146831,-32.5,0.000404984897638405));
#8751=CARTESIAN_POINT('',(10.6003671001637,-24.,0.000404984897638405));
#8752=CARTESIAN_POINT('',(12.25,-20.2522778160964,0.000404984897638635));
#8753=CARTESIAN_POINT('',(12.25,-37.7499990676521,0.000404984897637137));
#8754=CARTESIAN_POINT('',(12.25,-20.2522778160964,0.000404984897638635));
#8755=CARTESIAN_POINT('',(15.9378153696177,-37.7499990676521,0.000404984897637137));
#8756=CARTESIAN_POINT('',(17.2270920458416,-37.7499990676521,0.000404984897637137));
#8757=CARTESIAN_POINT('',(22.1264423585206,-38.1847816386194,0.000404984897637793));
#8758=CARTESIAN_POINT('Origin',(19.1000930297861,-36.9999990676521,0.000404984897637989));
#8759=CARTESIAN_POINT('',(29.7449285910163,-47.0000009557318,0.000404984897637295));
#8760=CARTESIAN_POINT('Origin',(19.1000930297861,-48.5000000655651,0.000404984897637295));
#8761=CARTESIAN_POINT('',(31.2579105608798,-47.0000009557318,0.000404984897637295));
#8762=CARTESIAN_POINT('',(25.8500930089218,-47.0000009557318,0.000404984897637223));
#8763=CARTESIAN_POINT('',(22.334770443754,-36.6847816386194,0.000404984897637802));
#8764=CARTESIAN_POINT('Origin',(19.1000930297861,-48.5000000655651,0.000404984897637295));
#8765=CARTESIAN_POINT('',(15.9378153696177,-36.2499990676521,0.000404984897637137));
#8766=CARTESIAN_POINT('Origin',(19.1000930297861,-36.9999990676521,0.000404984897637989));
#8767=CARTESIAN_POINT('',(12.5751316990295,-36.2499990676521,0.000404984897637137));
#8768=CARTESIAN_POINT('',(17.7000930297861,-36.9999990676521,0.000404984897638058));
#8769=CARTESIAN_POINT('Origin',(19.1000930297861,-36.9999990676521,0.000404984897637989));
#8770=CARTESIAN_POINT('Origin',(-32.0000004768372,-15.5,-5.69974260687819));
#8771=CARTESIAN_POINT('',(12.25,-15.5,-10.45));
#8772=CARTESIAN_POINT('',(12.25,-15.5,-2.8498713034391));
#8773=CARTESIAN_POINT('',(-25.589398767067,-15.5000000000001,-10.45));
#8774=CARTESIAN_POINT('',(-27.7500002504447,-15.5,-10.45));
#8775=CARTESIAN_POINT('',(-29.5442277675008,-15.5000000016968,-7.71146722824298));
#8776=CARTESIAN_POINT('Ctrl Pts',(-29.5442277647806,-15.5,-7.71146722824298));
#8777=CARTESIAN_POINT('Ctrl Pts',(-29.5117413621847,-15.5,-8.00120075822076));
#8778=CARTESIAN_POINT('Ctrl Pts',(-29.4260832519524,-15.5000000000011,-8.28027980309916));
#8779=CARTESIAN_POINT('Ctrl Pts',(-29.1569868768656,-15.5000000000011,-8.81611444586866));
#8780=CARTESIAN_POINT('Ctrl Pts',(-28.9718466676092,-15.4999999993401,-9.06432263323481));
#8781=CARTESIAN_POINT('Ctrl Pts',(-28.4275883401802,-15.4999999993401,-9.60839552697088));
#8782=CARTESIAN_POINT('Ctrl Pts',(-28.0150457685001,-15.49999999977,-9.87992771161423));
#8783=CARTESIAN_POINT('Ctrl Pts',(-26.944505041068,-15.49999999977,-10.3242703243644));
#8784=CARTESIAN_POINT('Ctrl Pts',(-26.2779819667271,-15.5,-10.45));
#8785=CARTESIAN_POINT('Ctrl Pts',(-25.5893987670668,-15.5,-10.45));
#8786=CARTESIAN_POINT('',(-29.7694262859975,-15.5,-5.69974260687819));
#8787=CARTESIAN_POINT('Ctrl Pts',(-29.7694262859975,-15.5,-5.69974260687819));
#8788=CARTESIAN_POINT('Ctrl Pts',(-29.6944800748935,-15.5,-6.37032752136869));
#8789=CARTESIAN_POINT('Ctrl Pts',(-29.6194120297416,-15.5,-7.04092814895889));
#8790=CARTESIAN_POINT('Ctrl Pts',(-29.5442277647806,-15.5,-7.71146722824298));
#8791=CARTESIAN_POINT('',(-29.7694262859975,-15.5,2.18058904266627E-11));
#8792=CARTESIAN_POINT('',(-29.7694262859975,-15.5,-5.69974260687819));
#8793=CARTESIAN_POINT('',(-25.4000378847121,-15.5,2.17581508366038E-11));
#8794=CARTESIAN_POINT('',(12.,-15.5,2.17581508366038E-11));
#8795=CARTESIAN_POINT('',(-24.4000378847121,-15.5,-0.999999999978241));
#8796=CARTESIAN_POINT('',(-25.3750928810184,-15.5,-0.0249450036719673));
#8797=CARTESIAN_POINT('',(-24.4000378847121,-15.5,-5.69974260687824));
#8798=CARTESIAN_POINT('',(-24.4000378847121,-15.5,-5.69974260687824));
#8799=CARTESIAN_POINT('',(9.59996211528779,-15.5,-5.69974260687824));
#8800=CARTESIAN_POINT('',(12.3037531833213,-15.5,-5.69974260687829));
#8801=CARTESIAN_POINT('',(9.59996211528779,-15.5,-0.9));
#8802=CARTESIAN_POINT('',(9.59996211528779,-15.5,-5.69974260687824));
#8803=CARTESIAN_POINT('',(-1.74996418446301,-15.5,-12.2499262997508));
#8804=CARTESIAN_POINT('Ctrl Pts',(37.0915138509322,-34.4191638417807,-7.71146722825096));
#8805=CARTESIAN_POINT('Ctrl Pts',(37.3533237868216,-34.3963688434066,-4.70764481883397));
#8806=CARTESIAN_POINT('Ctrl Pts',(37.615133722711,-34.3735738450325,-1.70382240941699));
#8807=CARTESIAN_POINT('Ctrl Pts',(37.8769436586004,-34.3507788466584,1.3));
#8808=CARTESIAN_POINT('Ctrl Pts',(36.8769147472722,-31.9544048341662,-7.71146722825096));
#8809=CARTESIAN_POINT('Ctrl Pts',(37.1371237218852,-31.9134571837911,-4.70764481883398));
#8810=CARTESIAN_POINT('Ctrl Pts',(37.3973961838944,-31.8725335712459,-1.70382240941698));
#8811=CARTESIAN_POINT('Ctrl Pts',(37.6576051585075,-31.8315859208708,1.3));
#8812=CARTESIAN_POINT('Ctrl Pts',(35.4685941598962,-24.6406120596688,-7.71146722825096));
#8813=CARTESIAN_POINT('Ctrl Pts',(35.7184551999425,-24.545553771172,-4.70764481883397));
#8814=CARTESIAN_POINT('Ctrl Pts',(35.9682751261131,-24.450466208132,-1.70382240941699));
#8815=CARTESIAN_POINT('Ctrl Pts',(36.2181361661594,-24.3554079196352,1.3));
#8816=CARTESIAN_POINT('Ctrl Pts',(29.3989980924265,-13.6834650229166,-7.71146722825096));
#8817=CARTESIAN_POINT('Ctrl Pts',(29.6032227521044,-13.505513377705,-4.70764481883397));
#8818=CARTESIAN_POINT('Ctrl Pts',(29.8074871180445,-13.3275997450858,-1.70382240941699));
#8819=CARTESIAN_POINT('Ctrl Pts',(30.0117117777224,-13.1496480998742,1.3));
#8820=CARTESIAN_POINT('Ctrl Pts',(17.422464347246,-4.76804123383978,-7.71146722825096));
#8821=CARTESIAN_POINT('Ctrl Pts',(17.5345460285186,-4.52133576372109,-4.70764481883398));
#8822=CARTESIAN_POINT('Ctrl Pts',(17.6465802624924,-4.2746115427884,-1.70382240941699));
#8823=CARTESIAN_POINT('Ctrl Pts',(17.758661943765,-4.02790607266971,1.3));
#8824=CARTESIAN_POINT('Ctrl Pts',(7.69265033531059,-2.66480790400485,-7.71146722825096));
#8825=CARTESIAN_POINT('Ctrl Pts',(7.72982248136842,-2.40196997729873,-4.70764481883397));
#8826=CARTESIAN_POINT('Ctrl Pts',(7.76705424227602,-2.13924460650363,-1.70382240941699));
#8827=CARTESIAN_POINT('Ctrl Pts',(7.80422638833386,-1.87640667979751,1.3));
#8828=CARTESIAN_POINT('Ctrl Pts',(2.80724947161352,-2.66480790400515,-7.71146722825096));
#8829=CARTESIAN_POINT('Ctrl Pts',(2.80724947161351,-2.40200749593604,-4.70764481883397));
#8830=CARTESIAN_POINT('Ctrl Pts',(2.80724947161349,-2.13920708786692,-1.70382240941699));
#8831=CARTESIAN_POINT('Ctrl Pts',(2.80724947161347,-1.87640667979781,1.3));
#8832=CARTESIAN_POINT('',(37.0915138509327,-34.419163841779,-7.71146722824298));
#8833=CARTESIAN_POINT('Ctrl Pts',(13.7499999999999,-4.45317451507585,-7.71146722824298));
#8834=CARTESIAN_POINT('Ctrl Pts',(17.3842205361193,-5.67591025339534,-7.71146722824298));
#8835=CARTESIAN_POINT('Ctrl Pts',(24.2383417820005,-9.35831993986067,-7.71146722824296));
#8836=CARTESIAN_POINT('Ctrl Pts',(31.4527042203341,-17.2419223552524,-7.71146722824299));
#8837=CARTESIAN_POINT('Ctrl Pts',(35.6553764174038,-25.9159358897344,-7.71146722824297));
#8838=CARTESIAN_POINT('Ctrl Pts',(36.8431005137662,-31.5660344486461,-7.71146722824298));
#8839=CARTESIAN_POINT('Ctrl Pts',(37.0915138509327,-34.419163841779,-7.71146722824298));
#8840=CARTESIAN_POINT('',(37.8769436586003,-34.3507788466567,1.3));
#8841=CARTESIAN_POINT('',(37.7613980711169,-34.3608390510942,-0.0256885145046838));
#8842=CARTESIAN_POINT('',(2.8072494716156,-1.87640667979781,1.3));
#8843=CARTESIAN_POINT('Ctrl Pts',(2.80724947161348,-1.87640667979781,1.3));
#8844=CARTESIAN_POINT('Ctrl Pts',(7.80422638833386,-1.87640667979751,1.3));
#8845=CARTESIAN_POINT('Ctrl Pts',(12.7814441660494,-2.95215637623361,1.3));
#8846=CARTESIAN_POINT('Ctrl Pts',(17.3122280272335,-5.01032156231907,1.3));
#8847=CARTESIAN_POINT('Ctrl Pts',(21.8430118884175,-7.06848674840453,1.3));
#8848=CARTESIAN_POINT('Ctrl Pts',(25.9273618330699,-10.1090674241394,1.3));
#8849=CARTESIAN_POINT('Ctrl Pts',(29.2108216830836,-13.870509725959,1.3));
#8850=CARTESIAN_POINT('Ctrl Pts',(32.4942815330972,-17.6319520277786,1.3));
#8851=CARTESIAN_POINT('Ctrl Pts',(34.976851288472,-22.114255955683,1.3));
#8852=CARTESIAN_POINT('Ctrl Pts',(36.4441385368628,-26.9311030433114,1.3));
#8853=CARTESIAN_POINT('Ctrl Pts',(37.1777821610581,-29.3395265871256,1.3));
#8854=CARTESIAN_POINT('Ctrl Pts',(37.6576051585075,-31.8315859208708,1.3));
#8855=CARTESIAN_POINT('Ctrl Pts',(37.8769436586004,-34.3507788466583,1.3));
#8856=CARTESIAN_POINT('',(2.8072494716156,-2.66480790400445,-7.71146722824298));
#8857=CARTESIAN_POINT('',(2.8072494716156,-1.99238939618349,-0.0256885145046839));
#8858=CARTESIAN_POINT('',(12.25,-3.98658912445133,-7.71146722824298));
#8859=CARTESIAN_POINT('Ctrl Pts',(2.8072494716156,-2.66480790400445,-7.71146722824298));
#8860=CARTESIAN_POINT('Ctrl Pts',(5.99400214998584,-2.66480790400445,-7.71146722824298));
#8861=CARTESIAN_POINT('Ctrl Pts',(9.18308340898938,-3.1100608755242,-7.71146722824298));
#8862=CARTESIAN_POINT('Ctrl Pts',(12.2499739444911,-3.98668028076515,-7.71146722824298));
#8863=CARTESIAN_POINT('Ctrl Pts',(12.2500000000007,-3.28538503260495,0.000404984897639391));
#8864=CARTESIAN_POINT('Ctrl Pts',(12.2500000000007,-3.28539729755492,0.000269989931485823));
#8865=CARTESIAN_POINT('Ctrl Pts',(12.2500000000007,-3.28540956250535,0.000134994965611869));
#8866=CARTESIAN_POINT('Ctrl Pts',(12.2500000000007,-3.28542182745624,1.77635683940025E-14));
#8867=CARTESIAN_POINT('Ctrl Pts',(12.25,-3.38126259284669,-1.05487750730693));
#8868=CARTESIAN_POINT('Ctrl Pts',(12.25,-3.47713587338286,-2.1097844640902));
#8869=CARTESIAN_POINT('Ctrl Pts',(12.25,-3.7108147164866,-4.68016421427878));
#8870=CARTESIAN_POINT('Ctrl Pts',(12.25,-3.84867746793872,-6.19590759623777));
#8871=CARTESIAN_POINT('Ctrl Pts',(12.25,-3.98658912444933,-7.71146722822029));
#8872=CARTESIAN_POINT('Origin',(10.5999621152878,-32.5,2.17581508366038E-11));
#8873=CARTESIAN_POINT('',(9.59996211528779,-32.5,-0.999999999978242));
#8874=CARTESIAN_POINT('',(10.5999621152878,-32.5,2.17581508366038E-11));
#8875=CARTESIAN_POINT('',(9.59996211528779,-32.5,-0.999999999978242));
#8876=CARTESIAN_POINT('Origin',(-13.0000002831221,-32.5,-5.60000008194551));
#8877=CARTESIAN_POINT('',(12.25,-32.5,-10.45));
#8878=CARTESIAN_POINT('',(12.25,-32.5,-2.80000004097275));
#8879=CARTESIAN_POINT('',(-26.8075777708568,-32.5,-10.45));
#8880=CARTESIAN_POINT('',(-18.2500001535872,-32.5,-10.45));
#8881=CARTESIAN_POINT('',(-26.8075777708568,-32.5,0.200404984897641));
#8882=CARTESIAN_POINT('',(-24.4000378847121,-32.5,-0.999999999978241));
#8883=CARTESIAN_POINT('',(-24.4000378847121,-32.5,-0.999999999978241));
#8884=CARTESIAN_POINT('',(-24.4000378847121,-32.5,-5.69974260687824));
#8885=CARTESIAN_POINT('',(-24.4000378847121,-32.5,-5.69974260687824));
#8886=CARTESIAN_POINT('',(9.59996211528779,-32.5,-5.69974260687824));
#8887=CARTESIAN_POINT('',(9.59996211528779,-32.5,-5.69974260687824));
#8888=CARTESIAN_POINT('',(9.59996211528779,-32.5,-0.999999999978242));
#8889=CARTESIAN_POINT('Origin',(12.3037531833213,-17.,-5.69974260687829));
#8890=CARTESIAN_POINT('',(9.59996211528779,-17.,-0.9));
#8891=CARTESIAN_POINT('',(9.32597423057659,-17.,-1.1739878847112));
#8892=CARTESIAN_POINT('',(9.59996211528779,-17.,-5.69974260687824));
#8893=CARTESIAN_POINT('',(9.59996211528779,-17.,-5.69974260687824));
#8894=CARTESIAN_POINT('',(-24.4000378847121,-17.,-5.69974260687824));
#8895=CARTESIAN_POINT('',(-32.0000004768372,-17.,-5.69974260687819));
#8896=CARTESIAN_POINT('',(-24.4000378847121,-17.,-0.999999999978241));
#8897=CARTESIAN_POINT('',(-24.4000378847121,-17.,-5.69974260687824));
#8898=CARTESIAN_POINT('',(-25.4000378847121,-17.,2.17581508366038E-11));
#8899=CARTESIAN_POINT('',(-14.2991544659788,-17.,-11.1008834187116));
#8900=CARTESIAN_POINT('',(-30.8970379883509,-17.,2.17581508366038E-11));
#8901=CARTESIAN_POINT('',(-30.8970379883509,-17.,2.17581508366038E-11));
#8902=CARTESIAN_POINT('',(-30.8970379883509,-17.,-5.69974260687819));
#8903=CARTESIAN_POINT('',(-30.8970379883509,-17.,-5.69974260687824));
#8904=CARTESIAN_POINT('',(-30.680873684395,-17.0000000007906,-7.71146722824298));
#8905=CARTESIAN_POINT('Ctrl Pts',(-30.6808736832632,-17.,-7.71146722824298));
#8906=CARTESIAN_POINT('Ctrl Pts',(-30.7530186250994,-17.,-7.04092094078212));
#8907=CARTESIAN_POINT('Ctrl Pts',(-30.8250749985755,-17.,-6.37032450952562));
#8908=CARTESIAN_POINT('Ctrl Pts',(-30.8970379883509,-17.,-5.69974260687819));
#8909=CARTESIAN_POINT('',(-26.9117956671158,-17.000000001802,-10.45));
#8910=CARTESIAN_POINT('Ctrl Pts',(-26.9117956641365,-17.,-10.45));
#8911=CARTESIAN_POINT('Ctrl Pts',(-27.470607203062,-17.,-10.45));
#8912=CARTESIAN_POINT('Ctrl Pts',(-28.0321043993333,-16.9999999999379,-10.3572483689151));
#8913=CARTESIAN_POINT('Ctrl Pts',(-28.9775706685746,-16.9999999999379,-10.0036992084166));
#8914=CARTESIAN_POINT('Ctrl Pts',(-29.3752151143361,-16.9999999999976,-9.77773650275857));
#8915=CARTESIAN_POINT('Ctrl Pts',(-29.9907645224826,-16.9999999999976,-9.24037068377388));
#8916=CARTESIAN_POINT('Ctrl Pts',(-30.2248888753781,-17.,-8.95540988378761));
#8917=CARTESIAN_POINT('Ctrl Pts',(-30.5479709412967,-17.,-8.3447422979827));
#8918=CARTESIAN_POINT('Ctrl Pts',(-30.646134732759,-17.,-8.03434605658419));
#8919=CARTESIAN_POINT('Ctrl Pts',(-30.6808736832632,-17.,-7.71146722824298));
#8920=CARTESIAN_POINT('',(12.25,-17.,-10.45));
#8921=CARTESIAN_POINT('',(-5.59812342036553,-17.,-10.45));
#8922=CARTESIAN_POINT('',(12.25,-17.,-2.84987130343915));
#8923=CARTESIAN_POINT('Origin',(12.25,-3.50455656454076,-1.38777878078145E-16));
#8924=CARTESIAN_POINT('',(12.25,-40.5000000655651,-10.45));
#8925=CARTESIAN_POINT('',(12.25,-40.5000000655651,4.30040483689485));
#8926=CARTESIAN_POINT('',(12.25,-40.5000000655651,-1.9151971131532));
#8927=CARTESIAN_POINT('',(12.25,-37.7499990676521,-10.45));
#8928=CARTESIAN_POINT('',(12.25,-31.1272782822704,-10.45));
#8929=CARTESIAN_POINT('',(12.25,-37.7499990676521,0.000202492448818499));
#8930=CARTESIAN_POINT('',(12.25,-22.0022783150529,4.30040483689485));
#8931=CARTESIAN_POINT('Origin',(10.0999621152878,-37.1276260716282,-0.4));
#8932=CARTESIAN_POINT('',(9.5999621152878,-37.1276260716282,-0.9));
#8933=CARTESIAN_POINT('Origin',(9.59996211528779,-15.5,-5.69974260687824));
#8934=CARTESIAN_POINT('',(9.59996211528779,-15.875,-5.69974260687829));
#8935=CARTESIAN_POINT('Origin',(-23.5000000240523,-58.75,-10.45));
#8936=CARTESIAN_POINT('',(15.9378153696177,-36.2499990676521,-10.45));
#8937=CARTESIAN_POINT('',(-5.46243416251143,-36.2499990676521,-10.45));
#8938=CARTESIAN_POINT('',(22.334770443754,-36.6847816386194,-10.45));
#8939=CARTESIAN_POINT('Origin',(19.1000930297861,-36.9999990676521,-10.45));
#8940=CARTESIAN_POINT('',(31.3398857297887,-48.0000009557318,-10.45));
#8941=CARTESIAN_POINT('Origin',(19.1000930297861,-48.5000000655651,-10.45));
#8942=CARTESIAN_POINT('',(3.91994285286819,-48.0000009557318,-10.45));
#8943=CARTESIAN_POINT('',(34.1141934735742,-34.6783901118997,-10.45));
#8944=CARTESIAN_POINT('',(34.9374966493027,-44.134365853479,-10.45));
#8945=CARTESIAN_POINT('Ctrl Pts',(34.1141934735742,-34.6783901118997,-10.45));
#8946=CARTESIAN_POINT('Ctrl Pts',(33.8865765398307,-32.0641159692708,-10.45));
#8947=CARTESIAN_POINT('Ctrl Pts',(32.7985536563511,-26.8902180217707,-10.45));
#8948=CARTESIAN_POINT('Ctrl Pts',(28.9546085551211,-18.958514926384,-10.45));
#8949=CARTESIAN_POINT('Ctrl Pts',(22.5973011124825,-12.0130603677288,-10.45));
#8950=CARTESIAN_POINT('Ctrl Pts',(16.7123334413349,-8.7294959135573,-10.45));
#8951=CARTESIAN_POINT('Ctrl Pts',(13.7499697088543,-7.62381185564626,-10.45));
#8952=CARTESIAN_POINT('Origin',(-23.5000000240523,-58.75,-12.45));
#8953=CARTESIAN_POINT('',(34.1141934735742,-34.6783901118997,-12.45));
#8954=CARTESIAN_POINT('',(2.80724947161559,-5.65339199827968,-12.45));
#8955=CARTESIAN_POINT('Ctrl Pts',(34.1141934735742,-34.6783901118997,-12.45));
#8956=CARTESIAN_POINT('Ctrl Pts',(33.7267228665283,-30.2281307556679,-12.45));
#8957=CARTESIAN_POINT('Ctrl Pts',(31.1043491131193,-21.4848877994804,-12.45));
#8958=CARTESIAN_POINT('Ctrl Pts',(22.1413400132712,-11.1072887466938,-12.45));
#8959=CARTESIAN_POINT('Ctrl Pts',(11.7435060059858,-6.36145077998796,-12.45));
#8960=CARTESIAN_POINT('Ctrl Pts',(5.04079719939385,-5.65339199827968,-12.45));
#8961=CARTESIAN_POINT('Ctrl Pts',(2.80724947161559,-5.65339199827968,-12.45));
#8962=CARTESIAN_POINT('',(35.6555162501405,-52.3811164159221,-12.45));
#8963=CARTESIAN_POINT('',(34.9374966493027,-44.134365853479,-12.45));
#8964=CARTESIAN_POINT('',(34.1827759998496,-62.0665507569078,-12.45));
#8965=CARTESIAN_POINT('',(35.152746945985,-55.6875644355914,-12.45));
#8966=CARTESIAN_POINT('',(23.2212091745393,-74.7053939493825,-12.45));
#8967=CARTESIAN_POINT('Origin',(24.2964161102782,-60.5632583256516,-12.45));
#8968=CARTESIAN_POINT('',(-23.2212091745394,-74.7053939493825,-12.45));
#8969=CARTESIAN_POINT('',(-29.3893137033155,-74.7053939493825,-12.45));
#8970=CARTESIAN_POINT('',(-34.1827759998496,-62.0665507569078,-12.45));
#8971=CARTESIAN_POINT('Origin',(-24.2964161102782,-60.5632583256516,-12.45));
#8972=CARTESIAN_POINT('',(-35.6555162501406,-52.381116415922,-12.45));
#8973=CARTESIAN_POINT('',(-35.6838206579886,-52.1949732832697,-12.45));
#8974=CARTESIAN_POINT('',(-34.1141934735742,-34.6783901118996,-12.45));
#8975=CARTESIAN_POINT('',(-35.5522403293519,-51.1949499702473,-12.45));
#8976=CARTESIAN_POINT('',(-2.80724947161562,-5.65339199827969,-12.45));
#8977=CARTESIAN_POINT('Ctrl Pts',(-2.80724947161563,-5.65339199827969,-12.45));
#8978=CARTESIAN_POINT('Ctrl Pts',(-5.04083588201496,-5.65339199827969,-12.45));
#8979=CARTESIAN_POINT('Ctrl Pts',(-9.50823906807355,-6.13007893745306,-12.45));
#8980=CARTESIAN_POINT('Ctrl Pts',(-15.9041670942729,-8.25451592473975,-12.45));
#8981=CARTESIAN_POINT('Ctrl Pts',(-21.6989386988885,-11.6968958003377,-12.45));
#8982=CARTESIAN_POINT('Ctrl Pts',(-26.62746195707,-16.293871949713,-12.45));
#8983=CARTESIAN_POINT('Ctrl Pts',(-30.4719647533953,-21.8281697462669,-12.45));
#8984=CARTESIAN_POINT('Ctrl Pts',(-33.0756079643688,-28.042324939392,-12.45));
#8985=CARTESIAN_POINT('Ctrl Pts',(-33.9204548147662,-32.4532218969541,-12.45));
#8986=CARTESIAN_POINT('Ctrl Pts',(-34.1141934735742,-34.6783901118996,-12.45));
#8987=CARTESIAN_POINT('',(-2.4549229905849,-5.6533919982795,-12.45));
#8988=CARTESIAN_POINT('',(-13.153624747834,-5.65339199827969,-12.45));
#8989=CARTESIAN_POINT('',(-2.8,-7.,-12.45));
#8990=CARTESIAN_POINT('Origin',(0.,-7.,-12.45));
#8991=CARTESIAN_POINT('',(2.4549229905849,-5.6533919982795,-12.45));
#8992=CARTESIAN_POINT('Origin',(0.,-7.,-12.45));
#8993=CARTESIAN_POINT('',(-13.153624747834,-5.65339199827969,-12.45));
#8994=CARTESIAN_POINT('',(21.,-40.5000000655651,-12.45));
#8995=CARTESIAN_POINT('',(-21.,-40.5000000655651,-12.45));
#8996=CARTESIAN_POINT('',(-26.2500000120262,-40.5000000655651,-12.45));
#8997=CARTESIAN_POINT('',(-29.,-48.5000000655651,-12.45));
#8998=CARTESIAN_POINT('Origin',(-21.,-48.5000000655651,-12.45));
#8999=CARTESIAN_POINT('',(-29.,-62.5000000655651,-12.45));
#9000=CARTESIAN_POINT('',(-29.,-64.6250000327825,-12.45));
#9001=CARTESIAN_POINT('',(-21.,-70.5000000655651,-12.45));
#9002=CARTESIAN_POINT('Origin',(-21.,-62.5000000655651,-12.45));
#9003=CARTESIAN_POINT('',(21.,-70.5000000655651,-12.45));
#9004=CARTESIAN_POINT('',(2.74999998797384,-70.5000000655651,-12.45));
#9005=CARTESIAN_POINT('',(29.,-62.5000000655651,-12.45));
#9006=CARTESIAN_POINT('Origin',(21.,-62.5000000655651,-12.45));
#9007=CARTESIAN_POINT('',(29.,-48.5000000655651,-12.45));
#9008=CARTESIAN_POINT('',(29.,-49.6250000327825,-12.45));
#9009=CARTESIAN_POINT('Origin',(21.,-48.5000000655651,-12.45));
#9010=CARTESIAN_POINT('Origin',(12.5751316990295,-36.2499990676521,0.000404984897637137));
#9011=CARTESIAN_POINT('',(15.9378153696177,-36.2499990676521,0.200404984897638));
#9012=CARTESIAN_POINT('Origin',(-23.5000000240523,-58.75,-10.45));
#9013=CARTESIAN_POINT('',(21.,-40.5000000655651,-10.45));
#9014=CARTESIAN_POINT('',(-26.2500000120262,-40.5000000655651,-10.45));
#9015=CARTESIAN_POINT('',(29.,-48.5000000655651,-10.45));
#9016=CARTESIAN_POINT('Origin',(21.,-48.5000000655651,-10.45));
#9017=CARTESIAN_POINT('',(29.,-62.5000000655651,-10.45));
#9018=CARTESIAN_POINT('',(29.,-49.6250000327825,-10.45));
#9019=CARTESIAN_POINT('',(21.,-70.5000000655651,-10.45));
#9020=CARTESIAN_POINT('Origin',(21.,-62.5000000655651,-10.45));
#9021=CARTESIAN_POINT('',(12.25,-70.5000000655651,-10.45));
#9022=CARTESIAN_POINT('',(2.74999998797384,-70.5000000655651,-10.45));
#9023=CARTESIAN_POINT('',(12.25,-74.,-10.45));
#9024=CARTESIAN_POINT('',(12.25,-64.6250000327825,-10.45));
#9025=CARTESIAN_POINT('',(18.9579292322106,-74.,-10.45));
#9026=CARTESIAN_POINT('',(-11.7500000120262,-74.,-10.45));
#9027=CARTESIAN_POINT('',(20.5199043754087,-73.1558274477055,-10.45));
#9028=CARTESIAN_POINT('Origin',(20.8500930297861,-75.6339266088611,-10.45));
#9029=CARTESIAN_POINT('',(29.8500940276991,-62.4999877940396,-10.45));
#9030=CARTESIAN_POINT('Origin',(19.1000930297861,-62.5000000655651,-10.45));
#9031=CARTESIAN_POINT('',(29.8500940276991,-48.5000000655651,-10.45));
#9032=CARTESIAN_POINT('',(29.8500940276991,-53.6250000327826,-10.45));
#9033=CARTESIAN_POINT('',(22.1264423585206,-38.1847816386194,-10.45));
#9034=CARTESIAN_POINT('Origin',(19.1000930297861,-48.5000000655651,-10.45));
#9035=CARTESIAN_POINT('',(15.9378153696177,-37.7499990676521,-10.45));
#9036=CARTESIAN_POINT('Origin',(19.1000930297861,-36.9999990676521,-10.45));
#9037=CARTESIAN_POINT('',(-3.78109232721729,-37.7499990676521,-10.45));
#9038=CARTESIAN_POINT('Origin',(0.100092930249434,-40.5000000655651,-3.83039422630641));
#9039=CARTESIAN_POINT('',(21.,-40.5000000655651,-7.1401971131532));
#9040=CARTESIAN_POINT('',(10.600092932525,-40.5000000655651,4.30040483689485));
#9041=CARTESIAN_POINT('',(13.,-40.5000000655651,4.30040483689485));
#9042=CARTESIAN_POINT('',(-10.399907067475,-40.5000000655651,4.30040483689485));
#9043=CARTESIAN_POINT('Origin',(0.100092932525001,-40.5000000655651,4.30040480033342));
#9044=CARTESIAN_POINT('',(-12.0498141395011,-40.5000000655651,4.30040483689485));
#9045=CARTESIAN_POINT('',(13.,-40.5000000655651,4.30040483689485));
#9046=CARTESIAN_POINT('',(-12.0498141395011,-40.5000000655651,-10.45));
#9047=CARTESIAN_POINT('',(-12.0498141395011,-40.5000000655651,-7.89579375790704));
#9048=CARTESIAN_POINT('',(-21.,-40.5000000655651,-10.45));
#9049=CARTESIAN_POINT('',(-26.2500000120262,-40.5000000655651,-10.45));
#9050=CARTESIAN_POINT('',(-21.,-40.5000000655651,-7.1401971131532));
#9051=CARTESIAN_POINT('Origin',(-23.5000000240523,-58.75,-10.45));
#9052=CARTESIAN_POINT('',(12.25,-48.5261319561311,-10.45));
#9053=CARTESIAN_POINT('',(-29.85,-36.7496159447926,-10.45));
#9054=CARTESIAN_POINT('Origin',(-29.8999072625626,-33.4999991573631,-10.45));
#9055=CARTESIAN_POINT('',(-29.85,-69.2503821499206,-10.45));
#9056=CARTESIAN_POINT('',(-29.85,-47.7498079723963,-10.45));
#9057=CARTESIAN_POINT('',(-26.7000452330848,-71.9313312028106,-10.45));
#9058=CARTESIAN_POINT('Origin',(-29.8999072625626,-72.4999989373501,-10.45));
#9059=CARTESIAN_POINT('',(-21.305480147234,-74.,-10.45));
#9060=CARTESIAN_POINT('Origin',(-22.3806870829728,-59.857864376269,-10.45));
#9061=CARTESIAN_POINT('',(-12.0498141395011,-74.,-10.45));
#9062=CARTESIAN_POINT('',(-11.7500000120262,-74.,-10.45));
#9063=CARTESIAN_POINT('',(-12.0498141395011,-70.5000000655651,-10.45));
#9064=CARTESIAN_POINT('',(-12.0498141395011,-64.6250000327825,-10.45));
#9065=CARTESIAN_POINT('',(-21.,-70.5000000655651,-10.45));
#9066=CARTESIAN_POINT('',(2.74999998797384,-70.5000000655651,-10.45));
#9067=CARTESIAN_POINT('',(-29.,-62.5000000655651,-10.45));
#9068=CARTESIAN_POINT('Origin',(-21.,-62.5000000655651,-10.45));
#9069=CARTESIAN_POINT('',(-29.,-48.5000000655651,-10.45));
#9070=CARTESIAN_POINT('',(-29.,-64.6250000327825,-10.45));
#9071=CARTESIAN_POINT('Origin',(-21.,-48.5000000655651,-10.45));
#9072=CARTESIAN_POINT('',(-12.0498141395011,-49.6250000327825,-10.45));
#9073=CARTESIAN_POINT('Origin',(-23.5000000240523,-58.75,-10.45));
#9074=CARTESIAN_POINT('',(12.25,-7.10730146075587,-10.45));
#9075=CARTESIAN_POINT('',(12.25,-48.5261319561311,-10.45));
#9076=CARTESIAN_POINT('',(2.95805986170235,-5.65375267703684,-10.45));
#9077=CARTESIAN_POINT('Ctrl Pts',(12.25,-7.10730146075587,-10.45));
#9078=CARTESIAN_POINT('Ctrl Pts',(9.24942526867141,-6.1590103166072,-10.45));
#9079=CARTESIAN_POINT('Ctrl Pts',(6.1047177265693,-5.66893365183523,-10.45));
#9080=CARTESIAN_POINT('Ctrl Pts',(2.95806021094377,-5.6537557479245,-10.45));
#9081=CARTESIAN_POINT('',(-3.25,-7.,-10.45));
#9082=CARTESIAN_POINT('Origin',(0.,-7.,-10.45));
#9083=CARTESIAN_POINT('',(-2.95805979374109,-5.65375785841187,-10.45));
#9084=CARTESIAN_POINT('Origin',(0.,-7.,-10.45));
#9085=CARTESIAN_POINT('Ctrl Pts',(-2.95805979374108,-5.65375785841187,-10.45));
#9086=CARTESIAN_POINT('Ctrl Pts',(-6.90761016170035,-5.67291836789843,-10.45));
#9087=CARTESIAN_POINT('Ctrl Pts',(-13.5172353885959,-6.96538411877347,-10.45));
#9088=CARTESIAN_POINT('Ctrl Pts',(-20.9517842047631,-11.1453560733033,-10.45));
#9089=CARTESIAN_POINT('Ctrl Pts',(-24.3279346086833,-14.1587285195871,-10.45));
#9090=CARTESIAN_POINT('Ctrl Pts',(-25.5891662982175,-15.5002994982008,-10.45));
#9091=CARTESIAN_POINT('Ctrl Pts',(13.7499999999999,-4.45317451507585,-7.71146722824298));
#9092=CARTESIAN_POINT('Ctrl Pts',(17.3842205361193,-5.67591025339534,-7.71146722824298));
#9093=CARTESIAN_POINT('Ctrl Pts',(24.2383417820005,-9.35831993986067,-7.71146722824296));
#9094=CARTESIAN_POINT('Ctrl Pts',(31.4527042203341,-17.2419223552524,-7.71146722824299));
#9095=CARTESIAN_POINT('Ctrl Pts',(35.6553764174038,-25.9159358897344,-7.71146722824297));
#9096=CARTESIAN_POINT('Ctrl Pts',(36.8431005137662,-31.5660344486461,-7.71146722824298));
#9097=CARTESIAN_POINT('Ctrl Pts',(37.0915138509327,-34.419163841779,-7.71146722824298));
#9098=CARTESIAN_POINT('Ctrl Pts',(13.7264392466,-4.52320188989532,-8.55597270548412));
#9099=CARTESIAN_POINT('Ctrl Pts',(17.3535983176948,-5.74356179395691,-8.55597270548412));
#9100=CARTESIAN_POINT('Ctrl Pts',(24.1916990006424,-9.41745758730668,-8.55597270548411));
#9101=CARTESIAN_POINT('Ctrl Pts',(31.3912475746762,-17.2842030669511,-8.55597270548413));
#9102=CARTESIAN_POINT('Ctrl Pts',(35.5848761277321,-25.9403478118294,-8.55597270548412));
#9103=CARTESIAN_POINT('Ctrl Pts',(36.7699563146619,-31.5777492794382,-8.55597270548412));
#9104=CARTESIAN_POINT('Ctrl Pts',(37.0179076603132,-34.4255725099214,-8.55597270548412));
#9105=CARTESIAN_POINT('Ctrl Pts',(13.4733147828829,-5.27553953359527,-9.96288577000002));
#9106=CARTESIAN_POINT('Ctrl Pts',(17.0151296746794,-6.4671853359538,-9.96288577000002));
#9107=CARTESIAN_POINT('Ctrl Pts',(23.6949583885509,-10.0558976343478,-9.96288577000002));
#9108=CARTESIAN_POINT('Ctrl Pts',(30.7273972906694,-17.7403170575989,-9.96288577000003));
#9109=CARTESIAN_POINT('Ctrl Pts',(34.8259481158611,-26.1987461197927,-9.96288577000002));
#9110=CARTESIAN_POINT('Ctrl Pts',(35.9847533224165,-31.7107304377884,-9.96288577000003));
#9111=CARTESIAN_POINT('Ctrl Pts',(36.227121083561,-34.494423902708,-9.96288577000003));
#9112=CARTESIAN_POINT('Ctrl Pts',(12.9997305364729,-6.68312871247311,-10.45));
#9113=CARTESIAN_POINT('Ctrl Pts',(16.3835588757453,-7.82161984190377,-10.45));
#9114=CARTESIAN_POINT('Ctrl Pts',(22.764801997219,-11.2498381869939,-10.45));
#9115=CARTESIAN_POINT('Ctrl Pts',(29.4860037221367,-18.5933519370607,-10.45));
#9116=CARTESIAN_POINT('Ctrl Pts',(33.4062975543129,-26.6828869313265,-10.45));
#9117=CARTESIAN_POINT('Ctrl Pts',(34.5155641176822,-31.9582633057383,-10.45));
#9118=CARTESIAN_POINT('Ctrl Pts',(34.7475957167801,-34.6232416964853,-10.45));
#9119=CARTESIAN_POINT('Ctrl Pts',(12.7969835402009,-7.28573422599229,-10.45));
#9120=CARTESIAN_POINT('Ctrl Pts',(16.1133344389348,-8.40152252898282,-10.45));
#9121=CARTESIAN_POINT('Ctrl Pts',(22.3665181157004,-11.7609264523058,-10.45));
#9122=CARTESIAN_POINT('Ctrl Pts',(28.9546085551211,-18.958514926384,-10.45));
#9123=CARTESIAN_POINT('Ctrl Pts',(32.7985536563511,-26.8902180217707,-10.45));
#9124=CARTESIAN_POINT('Ctrl Pts',(33.8865765398307,-32.0641159692708,-10.45));
#9125=CARTESIAN_POINT('Ctrl Pts',(34.1141934735742,-34.6783901118997,-10.45));
#9126=CARTESIAN_POINT('Origin',(34.1141934735742,-34.6783901118997,-7.45));
#9127=CARTESIAN_POINT('Origin',(15.9378153696177,-37.7499990676521,0.000404984897637137));
#9128=CARTESIAN_POINT('',(15.9378153696177,-37.7499990676521,0.200404984897638));
#9129=CARTESIAN_POINT('Origin',(19.1000930297861,-36.9999990676521,0.200404984897638));
#9130=CARTESIAN_POINT('',(22.1264423585206,-38.1847816386194,-10.45));
#9131=CARTESIAN_POINT('Origin',(19.1000930297861,-36.9999990676521,0.200404984897638));
#9132=CARTESIAN_POINT('',(22.334770443754,-36.6847816386194,-10.45));
#9133=CARTESIAN_POINT('Origin',(-29.8999072625626,-72.4999989373501,0.400404984897641));
#9134=CARTESIAN_POINT('',(-29.85,-69.2503821499206,0.400404984897641));
#9135=CARTESIAN_POINT('',(-31.3500000000141,-69.5914372562524,-6.08126201890143));
#9136=CARTESIAN_POINT('',(-31.35,-69.5914372562384,0.400404984897641));
#9137=CARTESIAN_POINT('',(-32.7527175464714,-70.9430874164138,-5.45));
#9138=CARTESIAN_POINT('Ctrl Pts',(-32.7527175464714,-70.9430874164138,-5.45));
#9139=CARTESIAN_POINT('Ctrl Pts',(-32.5987291758896,-70.6609264835087,-5.45));
#9140=CARTESIAN_POINT('Ctrl Pts',(-32.4060877800239,-70.4077407913494,-5.48388353967156));
#9141=CARTESIAN_POINT('Ctrl Pts',(-31.9836856681437,-69.9897662950951,-5.64511086806883));
#9142=CARTESIAN_POINT('Ctrl Pts',(-31.7680916344339,-69.8289543095257,-5.76110982591079));
#9143=CARTESIAN_POINT('Ctrl Pts',(-31.4845969745597,-69.6613938251566,-5.96919289584548));
#9144=CARTESIAN_POINT('Ctrl Pts',(-31.4165828874197,-69.6246328257579,-6.02349375372074));
#9145=CARTESIAN_POINT('Ctrl Pts',(-31.3500000000282,-69.5914372562524,-6.08126201890143));
#9146=CARTESIAN_POINT('',(-29.5970598555067,-75.7358579342842,-5.45));
#9147=CARTESIAN_POINT('Origin',(-29.8999072625626,-72.4999989373501,-5.45));
#9148=CARTESIAN_POINT('',(-27.2815642609912,-74.4252988947911,-6.93381728760163));
#9149=CARTESIAN_POINT('Ctrl Pts',(-27.2815642609912,-74.4252988947911,-6.93381728760163));
#9150=CARTESIAN_POINT('Ctrl Pts',(-27.3556651395958,-74.5260735902637,-6.7232686159523));
#9151=CARTESIAN_POINT('Ctrl Pts',(-27.4500513228645,-74.6424218897938,-6.52818313030799));
#9152=CARTESIAN_POINT('Ctrl Pts',(-27.6875874602259,-74.8868274880075,-6.17958025348706));
#9153=CARTESIAN_POINT('Ctrl Pts',(-27.8289295462413,-75.0132278195662,-6.02789866052721));
#9154=CARTESIAN_POINT('Ctrl Pts',(-28.1986393998381,-75.2803482236473,-5.74778304000748));
#9155=CARTESIAN_POINT('Ctrl Pts',(-28.4317456059776,-75.4132617389997,-5.63595569104585));
#9156=CARTESIAN_POINT('Ctrl Pts',(-28.9781884601956,-75.631483593624,-5.48211506977388));
#9157=CARTESIAN_POINT('Ctrl Pts',(-29.2823402726429,-75.7064030013868,-5.45));
#9158=CARTESIAN_POINT('Ctrl Pts',(-29.5970598555067,-75.7358579342842,-5.45));
#9159=CARTESIAN_POINT('Ctrl Pts',(-26.7000452330848,-71.9313312028106,-10.45));
#9160=CARTESIAN_POINT('Ctrl Pts',(-26.7000206648107,-71.9314694471358,-10.4498650101839));
#9161=CARTESIAN_POINT('Ctrl Pts',(-26.6999961063852,-71.9316076880473,-10.4497300152168));
#9162=CARTESIAN_POINT('Ctrl Pts',(-26.6999715578066,-71.9317459255432,-10.4495950151024));
#9163=CARTESIAN_POINT('Ctrl Pts',(-26.6951851335537,-71.9586991480454,-10.4232730096382));
#9164=CARTESIAN_POINT('Ctrl Pts',(-26.690817316966,-71.9852741481216,-10.3969977874244));
#9165=CARTESIAN_POINT('Ctrl Pts',(-26.6026768289313,-72.564927559152,-9.81734437639409));
#9166=CARTESIAN_POINT('Ctrl Pts',(-26.6681278531453,-73.0955590539962,-9.15751680268776));
#9167=CARTESIAN_POINT('Ctrl Pts',(-26.9401433010688,-73.887643826758,-7.96275117224958));
#9168=CARTESIAN_POINT('Ctrl Pts',(-27.1023667648115,-74.181596344335,-7.4429852690619));
#9169=CARTESIAN_POINT('Ctrl Pts',(-27.2815642609912,-74.4252988947911,-6.93381728760163));
#9170=CARTESIAN_POINT('Origin',(-29.85,-36.7496159447926,0.400404984897641));
#9171=CARTESIAN_POINT('',(-29.85,-36.7496159447926,0.200404984897641));
#9172=CARTESIAN_POINT('Origin',(-29.8999072625626,-33.4999991573631,0.200404984897641));
#9173=CARTESIAN_POINT('Origin',(-29.8999072625626,-33.4999991573631,0.200404984897641));
#9174=CARTESIAN_POINT('',(-31.35,-36.4085608384748,-10.45));
#9175=CARTESIAN_POINT('',(-31.35,-36.4085608384748,0.200404984897641));
#9176=CARTESIAN_POINT('',(-33.1112152760304,-34.,-10.45));
#9177=CARTESIAN_POINT('',(-33.1112152760304,-34.,0.200404984897641));
#9178=CARTESIAN_POINT('Origin',(-29.8999072625626,-33.4999991573631,-10.45));
#9179=CARTESIAN_POINT('Origin',(-23.5000000240523,-58.75,-10.45));
#9180=CARTESIAN_POINT('',(-31.35,-65.0253001528923,-10.45));
#9181=CARTESIAN_POINT('',(-31.35,-64.1707186281192,-10.45));
#9182=CARTESIAN_POINT('',(-34.0479966214488,-34.,-10.45));
#9183=CARTESIAN_POINT('',(-18.2500001535872,-34.,-10.45));
#9184=CARTESIAN_POINT('',(-34.1141934735742,-34.6783901118996,-10.45));
#9185=CARTESIAN_POINT('Ctrl Pts',(-34.0479966214488,-34.,-10.45));
#9186=CARTESIAN_POINT('Ctrl Pts',(-34.0724193544971,-34.2258908396885,-10.45));
#9187=CARTESIAN_POINT('Ctrl Pts',(-34.0944855840896,-34.4520368918738,-10.45));
#9188=CARTESIAN_POINT('Ctrl Pts',(-34.1141934735742,-34.6783901118996,-10.45));
#9189=CARTESIAN_POINT('',(-35.5522403293519,-51.1949499702473,-10.45));
#9190=CARTESIAN_POINT('Origin',(-22.3806870829728,-59.857864376269,-10.45));
#9191=CARTESIAN_POINT('Origin',(-20.9585844454018,-69.2102818983788,-1.09758247789027));
#9192=CARTESIAN_POINT('',(-20.6788036203365,-78.1213203435597,-6.32867965644035));
#9193=CARTESIAN_POINT('Origin',(-22.0765726367969,-61.857864376269,-8.45));
#9194=CARTESIAN_POINT('',(-20.9585844454018,-76.2813497102442,-8.16865028975577));
#9195=CARTESIAN_POINT('Ctrl Pts',(-34.8672975426309,-64.2168800000335,-9.45));
#9196=CARTESIAN_POINT('Ctrl Pts',(-34.3752828754029,-67.4526004560322,-9.45));
#9197=CARTESIAN_POINT('Ctrl Pts',(-32.3248986540462,-72.6433144436976,-9.45));
#9198=CARTESIAN_POINT('Ctrl Pts',(-27.5042047101893,-77.1965790271665,-9.45));
#9199=CARTESIAN_POINT('Ctrl Pts',(-24.3524404365911,-78.1196075117556,-9.45));
#9200=CARTESIAN_POINT('Ctrl Pts',(-22.8095740347896,-78.1196075117556,-9.45));
#9201=CARTESIAN_POINT('Ctrl Pts',(-34.5714983464421,-64.1719015956694,-9.45));
#9202=CARTESIAN_POINT('Ctrl Pts',(-34.1147474719184,-67.3682827020917,-9.45116762166257));
#9203=CARTESIAN_POINT('Ctrl Pts',(-32.1332051643437,-72.5161809208061,-9.45019347157991));
#9204=CARTESIAN_POINT('Ctrl Pts',(-27.4157118157352,-77.0446677752089,-9.45075861683499));
#9205=CARTESIAN_POINT('Ctrl Pts',(-24.3230973009525,-77.9671642989977,-9.44998418289601));
#9206=CARTESIAN_POINT('Ctrl Pts',(-22.8095740347896,-77.9700078615847,-9.45));
#9207=CARTESIAN_POINT('Ctrl Pts',(-34.0595515821678,-64.094056392325,-9.70127021585858));
#9208=CARTESIAN_POINT('Ctrl Pts',(-33.6597709483478,-67.2223162794298,-9.6505135594641));
#9209=CARTESIAN_POINT('Ctrl Pts',(-31.7980608830045,-72.2944939107229,-9.58174346300423));
#9210=CARTESIAN_POINT('Ctrl Pts',(-27.2599665699493,-76.7790408052742,-9.52567658768764));
#9211=CARTESIAN_POINT('Ctrl Pts',(-24.2718065984667,-77.700599039352,-9.51212765324514));
#9212=CARTESIAN_POINT('Ctrl Pts',(-22.8095740347896,-77.7083899152327,-9.50981297808444));
#9213=CARTESIAN_POINT('Ctrl Pts',(-33.8786615536738,-64.0665507569078,-10.2256005247436));
#9214=CARTESIAN_POINT('Ctrl Pts',(-33.4420873992597,-67.1618213430513,-10.0977876944657));
#9215=CARTESIAN_POINT('Ctrl Pts',(-31.5728632080194,-72.1578653980693,-9.89909176019654));
#9216=CARTESIAN_POINT('Ctrl Pts',(-27.1341604736165,-76.5716796857345,-9.71816357612765));
#9217=CARTESIAN_POINT('Ctrl Pts',(-24.2293333949458,-77.4816160096692,-9.6714090750368));
#9218=CARTESIAN_POINT('Ctrl Pts',(-22.8095740347896,-77.4918379258933,-9.66355602348919));
#9219=CARTESIAN_POINT('Ctrl Pts',(-33.8786615536738,-64.0665507569078,-10.45));
#9220=CARTESIAN_POINT('Ctrl Pts',(-33.4087555973376,-67.1568739049533,-10.3012409028625));
#9221=CARTESIAN_POINT('Ctrl Pts',(-31.5071730737116,-72.1229595341987,-10.0539861714947));
#9222=CARTESIAN_POINT('Ctrl Pts',(-27.088604421953,-76.4998305733167,-9.81644657189393));
#9223=CARTESIAN_POINT('Ctrl Pts',(-24.2137828334984,-77.4019587855259,-9.7534351638566));
#9224=CARTESIAN_POINT('Ctrl Pts',(-22.8095740347896,-77.4125007305691,-9.74289321881345));
#9225=CARTESIAN_POINT('',(-22.8095740347896,-77.4125007305691,-9.74289321881345));
#9226=CARTESIAN_POINT('',(-33.8786615536737,-64.0665507569078,-10.45));
#9227=CARTESIAN_POINT('Origin',(-23.9923016641023,-62.5632583256516,-10.45));
#9228=CARTESIAN_POINT('',(-22.8095740347896,-78.0730504752987,-9.45108436674745));
#9229=CARTESIAN_POINT('Origin',(-22.8095740347896,-78.1196075117556,-10.45));
#9230=CARTESIAN_POINT('',(-23.6605896913695,-78.0738924432235,-9.45));
#9231=CARTESIAN_POINT('Ctrl Pts',(-22.8095740347896,-78.0730504752987,-9.45108436674745));
#9232=CARTESIAN_POINT('Ctrl Pts',(-22.8599095444654,-78.0730504752987,-9.45108436674745));
#9233=CARTESIAN_POINT('Ctrl Pts',(-22.9095887537975,-78.073068705868,-9.45106088896752));
#9234=CARTESIAN_POINT('Ctrl Pts',(-23.0262096139137,-78.0731498868698,-9.45095634105378));
#9235=CARTESIAN_POINT('Ctrl Pts',(-23.0903770659183,-78.0732225374349,-9.45086277849453));
#9236=CARTESIAN_POINT('Ctrl Pts',(-23.3421716590382,-78.0735663039374,-9.45042005174916));
#9237=CARTESIAN_POINT('Ctrl Pts',(-23.4970874543999,-78.0738924432235,-9.45));
#9238=CARTESIAN_POINT('Ctrl Pts',(-23.6605896913695,-78.0738924432235,-9.45));
#9239=CARTESIAN_POINT('',(-34.8672975426309,-64.2168800000335,-9.45));
#9240=CARTESIAN_POINT('Origin',(-23.9923016641023,-62.5632583256516,-9.45));
#9241=CARTESIAN_POINT('Origin',(-34.8672975426309,-64.2168800000335,-10.45));
#9242=CARTESIAN_POINT('Origin',(19.1000930297861,-48.5000000655651,-10.45));
#9243=CARTESIAN_POINT('',(31.2579105608798,-47.0000009557318,-1.69959493049173));
#9244=CARTESIAN_POINT('',(31.2579105608798,-47.0000009557318,-10.45));
#9245=CARTESIAN_POINT('',(31.3398857297887,-48.0000009557319,-2.69959493049173));
#9246=CARTESIAN_POINT('Origin',(19.1000930297861,-48.5000000655651,-3.19959404032497));
#9247=CARTESIAN_POINT('',(31.3398857297887,-48.0000009557318,-10.45));
#9248=CARTESIAN_POINT('Origin',(19.1000930297861,-48.5000000655651,-10.45));
#9249=CARTESIAN_POINT('',(29.8500940276991,-48.5000000655651,-2.69959493049173));
#9250=CARTESIAN_POINT('',(29.8500940276991,-48.5000000655651,-10.45));
#9251=CARTESIAN_POINT('',(29.8384598676855,-48.0000009557319,-2.69959493049173));
#9252=CARTESIAN_POINT('Origin',(19.1000930297861,-48.5000000655651,-2.69959493049173));
#9253=CARTESIAN_POINT('',(29.7449285910163,-47.0000009557318,-1.69959493049173));
#9254=CARTESIAN_POINT('Origin',(19.1000930297861,-48.5000000655651,-3.19959404032497));
#9255=CARTESIAN_POINT('',(29.7449285910163,-47.0000009557318,-10.45));
#9256=CARTESIAN_POINT('Origin',(-31.35,-69.5914372562384,0.400404984897641));
#9257=CARTESIAN_POINT('',(-31.35,-66.2821955397387,-8.06191011753885));
#9258=CARTESIAN_POINT('Origin',(-31.35,-0.871433249352629,-69.4364311269159));
#9259=CARTESIAN_POINT('Ctrl Pts',(-31.35,-69.5914372562582,-6.08126201891959));
#9260=CARTESIAN_POINT('Ctrl Pts',(-31.35,-68.6764445747618,-6.37087673825268));
#9261=CARTESIAN_POINT('Ctrl Pts',(-31.35,-67.8430154129049,-6.73817319440746));
#9262=CARTESIAN_POINT('Ctrl Pts',(-31.35,-66.9957526993334,-7.28099812533078));
#9263=CARTESIAN_POINT('Ctrl Pts',(-31.35,-66.7431781143958,-7.46957968308333));
#9264=CARTESIAN_POINT('Ctrl Pts',(-31.35,-66.4433221178372,-7.79480652364141));
#9265=CARTESIAN_POINT('Ctrl Pts',(-31.35,-66.3479515221333,-7.9225020212428));
#9266=CARTESIAN_POINT('Ctrl Pts',(-31.35,-66.2821955397387,-8.06191011753885));
#9267=CARTESIAN_POINT('Ctrl Pts',(-30.1595695810601,-69.697639010905,-7.59885847316775));
#9268=CARTESIAN_POINT('Ctrl Pts',(-31.0080191078536,-67.7482005748963,-7.86646358985555));
#9269=CARTESIAN_POINT('Ctrl Pts',(-31.6260603568278,-65.5765870429292,-8.15816336868586));
#9270=CARTESIAN_POINT('Ctrl Pts',(-31.9629325263684,-63.3611568075252,-8.45));
#9271=CARTESIAN_POINT('Ctrl Pts',(-30.3470872840589,-69.7877008304848,-6.89576917398838));
#9272=CARTESIAN_POINT('Ctrl Pts',(-31.1583765006817,-67.7966807972434,-7.09259546521434));
#9273=CARTESIAN_POINT('Ctrl Pts',(-31.7149294009105,-65.5892453259315,-7.31641233591899));
#9274=CARTESIAN_POINT('Ctrl Pts',(-31.9629325263684,-63.3611568075252,-7.55240209897435));
#9275=CARTESIAN_POINT('Ctrl Pts',(-31.0992288721253,-70.1489426701596,-5.81088166513107));
#9276=CARTESIAN_POINT('Ctrl Pts',(-31.9463043879443,-68.0778296421618,-5.8647140005986));
#9277=CARTESIAN_POINT('Ctrl Pts',(-32.4974340914243,-65.782490424671,-5.92730058033491));
#9278=CARTESIAN_POINT('Ctrl Pts',(-32.7075932427369,-63.4743878481989,-5.99833811905735));
#9279=CARTESIAN_POINT('Ctrl Pts',(-32.2570128740444,-70.7050082161089,-5.45));
#9280=CARTESIAN_POINT('Ctrl Pts',(-33.2465729281162,-68.5532568984909,-5.44972691208381));
#9281=CARTESIAN_POINT('Ctrl Pts',(-33.9333660024628,-66.153996569109,-5.45072671547676));
#9282=CARTESIAN_POINT('Ctrl Pts',(-34.2632923018151,-63.7109431270829,-5.45));
#9283=CARTESIAN_POINT('Ctrl Pts',(-32.7527175464714,-70.9430874164138,-5.45));
#9284=CARTESIAN_POINT('Ctrl Pts',(-33.8028032530971,-68.7567041012966,-5.45));
#9285=CARTESIAN_POINT('Ctrl Pts',(-34.5485953009159,-66.3128162222188,-5.45));
#9286=CARTESIAN_POINT('Ctrl Pts',(-34.9288404932398,-63.8121445369021,-5.45));
#9287=CARTESIAN_POINT('Origin',(-22.0765726367969,-61.857864376269,-8.45));
#9288=CARTESIAN_POINT('',(-34.9288404932398,-63.8121445369021,-5.45));
#9289=CARTESIAN_POINT('Origin',(-34.9288404932398,-63.8121445369021,-8.45));
#9290=CARTESIAN_POINT('Origin',(-22.0765726367969,-61.857864376269,-5.45));
#9291=CARTESIAN_POINT('Origin',(-41.7658558172018,-66.9215943331972,0.));
#9292=CARTESIAN_POINT('',(-44.3493267406962,-110.,2.77555756156289E-16));
#9293=CARTESIAN_POINT('',(-39.1135082566047,-49.8644703039442,-1.38777878078145E-16));
#9294=CARTESIAN_POINT('',(-45.356944201959,-110.,2.77555756156289E-16));
#9295=CARTESIAN_POINT('',(0.,-110.,2.77555756156289E-16));
#9296=CARTESIAN_POINT('',(-41.2281402916493,-62.5789881921964,0.));
#9297=CARTESIAN_POINT('',(-40.1135447833464,-49.7774001516075,-2.77555756156289E-16));
#9298=CARTESIAN_POINT('',(-41.9139944080884,-62.5789881921964,0.));
#9299=CARTESIAN_POINT('',(-40.1000933621339,-62.5789881921964,0.));
#9300=CARTESIAN_POINT('',(-42.2914293625751,-71.2509439949754,5.55111512312578E-16));
#9301=CARTESIAN_POINT('',(-42.8679222474424,-84.4964602322983,-5.55111512312578E-16));
#9302=CARTESIAN_POINT('',(-42.9907986865316,-71.2509439949754,0.));
#9303=CARTESIAN_POINT('',(0.,-71.2509439949754,0.));
#9304=CARTESIAN_POINT('',(-46.78406249753,-114.818139695964,-1.38777878078145E-16));
#9305=CARTESIAN_POINT('',(-41.1135813100881,-49.6903299992709,-1.38777878078145E-16));
#9306=CARTESIAN_POINT('',(-44.3159738197649,-117.52810816694,-1.38777878078145E-16));
#9307=CARTESIAN_POINT('Origin',(-44.281161020915,-115.003539235644,0.));
#9308=CARTESIAN_POINT('',(44.3159738197649,-117.52810816694,-1.38777878078145E-16));
#9309=CARTESIAN_POINT('',(22.1139706172061,-117.52810816694,-1.38777878078145E-16));
#9310=CARTESIAN_POINT('',(46.78406249753,-114.818139695964,-1.38777878078145E-16));
#9311=CARTESIAN_POINT('Origin',(44.281161020915,-115.003539235644,0.));
#9312=CARTESIAN_POINT('',(42.9907986865316,-71.2509439949754,0.));
#9313=CARTESIAN_POINT('',(40.6756427850476,-44.6604258386053,-1.38777878078145E-16));
#9314=CARTESIAN_POINT('',(42.291429362575,-71.2509439949754,5.55111512312578E-16));
#9315=CARTESIAN_POINT('',(0.,-71.2509439949754,0.));
#9316=CARTESIAN_POINT('',(41.9863517162375,-71.2873583883269,-3.14418630020796E-15));
#9317=CARTESIAN_POINT('Origin',(110.285856171231,-76.0980004957297,0.));
#9318=CARTESIAN_POINT('',(45.356944201959,-110.,2.77555756156289E-16));
#9319=CARTESIAN_POINT('',(39.6756062583059,-44.747495990942,-1.38777878078145E-16));
#9320=CARTESIAN_POINT('',(44.3493267406962,-110.,2.77555756156289E-16));
#9321=CARTESIAN_POINT('',(0.,-110.,2.77555756156289E-16));
#9322=CARTESIAN_POINT('',(41.6502506067167,-79.,-2.22044604925031E-15));
#9323=CARTESIAN_POINT('',(40.3429016729518,-63.9845595548425,-2.22044604925031E-15));
#9324=CARTESIAN_POINT('',(37.1000930297861,-79.,-2.22044604925031E-15));
#9325=CARTESIAN_POINT('',(-8.45716131034426,-79.,-2.22044604925031E-15));
#9326=CARTESIAN_POINT('',(37.1000930297861,-81.0000009557318,-2.22044604925031E-15));
#9327=CARTESIAN_POINT('',(37.1000930297861,-69.3881256147077,-2.22044604925031E-15));
#9328=CARTESIAN_POINT('',(34.05,-81.0000009557319,0.));
#9329=CARTESIAN_POINT('',(28.7250932584,-81.0000009557319,-2.22044604925031E-15));
#9330=CARTESIAN_POINT('',(34.05,-84.0000004778659,0.));
#9331=CARTESIAN_POINT('',(34.05,-78.0607971665986,0.));
#9332=CARTESIAN_POINT('',(40.65,-84.0000004778659,0.));
#9333=CARTESIAN_POINT('',(-5.50792790860089,-84.0000004778659,0.));
#9334=CARTESIAN_POINT('',(40.65,-86.2000004778659,0.));
#9335=CARTESIAN_POINT('',(40.65,-76.0107974055315,0.));
#9336=CARTESIAN_POINT('',(-5.50792790860089,-86.2000004778659,0.));
#9337=CARTESIAN_POINT('',(-7.15792790860089,-89.2,0.));
#9338=CARTESIAN_POINT('',(20.85,-86.2000004778659,-2.22044604925031E-15));
#9339=CARTESIAN_POINT('',(-5.50792790860089,-86.2000004778659,0.));
#9340=CARTESIAN_POINT('',(20.85,-84.0000004778659,-2.22044604925031E-15));
#9341=CARTESIAN_POINT('',(20.85,-76.0107974055315,0.));
#9342=CARTESIAN_POINT('',(27.45,-84.0000004778659,0.));
#9343=CARTESIAN_POINT('',(-5.50792790860089,-84.0000004778659,0.));
#9344=CARTESIAN_POINT('',(27.45,-81.0000009557319,0.));
#9345=CARTESIAN_POINT('',(27.45,-76.9607971665986,0.));
#9346=CARTESIAN_POINT('',(14.1000930297861,-81.0000009557318,-2.22044604925031E-15));
#9347=CARTESIAN_POINT('',(28.7250932584,-81.0000009557319,-2.22044604925031E-15));
#9348=CARTESIAN_POINT('',(14.1000930297861,-79.,-2.22044604925031E-15));
#9349=CARTESIAN_POINT('',(14.1000930297861,-69.3881256147077,-2.22044604925031E-15));
#9350=CARTESIAN_POINT('',(12.6614012937658,-79.,-2.22044604925031E-15));
#9351=CARTESIAN_POINT('',(-8.45716131034426,-79.,-2.22044604925031E-15));
#9352=CARTESIAN_POINT('Origin',(9.45009301019943,-79.4999991078975,-7.97972798949331E-16));
#9353=CARTESIAN_POINT('',(-20.85,-84.0000004778659,-2.22044604925031E-15));
#9354=CARTESIAN_POINT('',(-36.2579279086009,-84.0000004778659,0.));
#9355=CARTESIAN_POINT('',(-20.85,-86.2000004778659,-2.22044604925031E-15));
#9356=CARTESIAN_POINT('',(-20.85,-76.0107974055315,0.));
#9357=CARTESIAN_POINT('',(-36.2579279086009,-86.2000004778659,0.));
#9358=CARTESIAN_POINT('',(-37.9079279086009,-89.2,0.));
#9359=CARTESIAN_POINT('',(-40.65,-86.2000004778659,0.));
#9360=CARTESIAN_POINT('',(-36.2579279086009,-86.2000004778659,0.));
#9361=CARTESIAN_POINT('',(-40.65,-84.0000004778659,0.));
#9362=CARTESIAN_POINT('',(-40.65,-76.0107974055315,0.));
#9363=CARTESIAN_POINT('',(-34.05,-84.0000004778659,0.));
#9364=CARTESIAN_POINT('',(-36.2579279086009,-84.0000004778659,0.));
#9365=CARTESIAN_POINT('',(-34.05,-76.9607971665986,0.));
#9366=CARTESIAN_POINT('',(-44.5036820412842,-112.,0.));
#9367=CARTESIAN_POINT('',(-44.3295480971565,-110.,-1.38777878078145E-16));
#9368=CARTESIAN_POINT('',(-42.0357773067419,-83.6550986436932,-1.38777878078145E-16));
#9369=CARTESIAN_POINT('',(44.3295480971565,-110.,-1.38777878078145E-16));
#9370=CARTESIAN_POINT('',(-22.1647740485782,-110.,-1.38777878078145E-16));
#9371=CARTESIAN_POINT('',(44.5036820412842,-112.,-1.38777878078145E-16));
#9372=CARTESIAN_POINT('',(41.948710334678,-82.6550986436932,-1.38777878078145E-16));
#9373=CARTESIAN_POINT('',(22.2518410206421,-112.,-1.38777878078145E-16));
#9374=CARTESIAN_POINT('',(8.05009301019943,-79.4999991078975,-2.22044604925031E-15));
#9375=CARTESIAN_POINT('Origin',(9.45009301019943,-79.4999991078975,-2.22044604925031E-15));
#9376=CARTESIAN_POINT('',(-42.25,-106.,-2.22044604925031E-15));
#9377=CARTESIAN_POINT('Origin',(-39.,-106.,-2.22044604925031E-15));
#9378=CARTESIAN_POINT('',(35.75,-106.,-2.22044604925031E-15));
#9379=CARTESIAN_POINT('Origin',(39.,-106.,-2.22044604925031E-15));
#9380=CARTESIAN_POINT('Origin',(-30.75,-84.0000004778659,7.9));
#9381=CARTESIAN_POINT('',(-24.15,-84.0000004778659,9.9));
#9382=CARTESIAN_POINT('',(-27.45,-84.0000004778659,9.9));
#9383=CARTESIAN_POINT('',(-20.85,-84.0000004778659,6.6));
#9384=CARTESIAN_POINT('',(-24.15,-84.0000004778659,9.9));
#9385=CARTESIAN_POINT('',(-20.85,-84.0000004778659,6.6));
#9386=CARTESIAN_POINT('Origin',(-30.75,-86.2000004778659,7.9));
#9387=CARTESIAN_POINT('',(-20.85,-86.2000004778659,6.6));
#9388=CARTESIAN_POINT('',(-20.85,-86.2000004778659,6.6));
#9389=CARTESIAN_POINT('',(-24.15,-86.2000004778659,9.9));
#9390=CARTESIAN_POINT('',(-24.15,-86.2000004778659,9.9));
#9391=CARTESIAN_POINT('',(-27.45,-86.2000004778659,9.9));
#9392=CARTESIAN_POINT('Origin',(-30.75,-86.2000004778659,7.9));
#9393=CARTESIAN_POINT('',(-37.35,-86.2000004778659,9.9));
#9394=CARTESIAN_POINT('',(-37.35,-86.2000004778659,9.9));
#9395=CARTESIAN_POINT('',(-40.65,-86.2000004778659,6.6));
#9396=CARTESIAN_POINT('',(-40.65,-86.2000004778659,6.6));
#9397=CARTESIAN_POINT('',(-40.65,-86.2000004778659,-9.86710653450104E-16));
#9398=CARTESIAN_POINT('Origin',(-24.15,-85.1000004778659,9.9));
#9399=CARTESIAN_POINT('',(-24.15,-85.1000004778659,9.9));
#9400=CARTESIAN_POINT('Origin',(-20.85,-85.1000004778659,6.6));
#9401=CARTESIAN_POINT('',(-20.85,-85.1000004778659,6.6));
#9402=CARTESIAN_POINT('Origin',(-20.85,-85.1000004778659,-1.11022302462516E-15));
#9403=CARTESIAN_POINT('Origin',(-40.65,-85.1000004778659,6.6));
#9404=CARTESIAN_POINT('',(-40.65,-84.0000004778659,6.6));
#9405=CARTESIAN_POINT('',(-40.65,-85.1000004778659,6.6));
#9406=CARTESIAN_POINT('',(-40.65,-84.0000004778659,-9.86710653450104E-16));
#9407=CARTESIAN_POINT('Origin',(-37.35,-85.1000004778659,9.9));
#9408=CARTESIAN_POINT('',(-37.35,-84.0000004778659,9.9));
#9409=CARTESIAN_POINT('',(-37.35,-85.1000004778659,9.9));
#9410=CARTESIAN_POINT('',(-40.65,-84.0000004778659,6.6));
#9411=CARTESIAN_POINT('Origin',(-24.15,-85.1000004778659,9.9));
#9412=CARTESIAN_POINT('',(-37.35,-84.0000004778659,9.9));
#9413=CARTESIAN_POINT('Origin',(-30.75,-84.0000004778659,7.9));
#9414=CARTESIAN_POINT('',(-34.05,-84.0000004778659,0.95));
#9415=CARTESIAN_POINT('Origin',(-34.05,-87.,-3.));
#9416=CARTESIAN_POINT('Origin',(30.75,-84.0000004778659,7.9));
#9417=CARTESIAN_POINT('',(34.05,-84.0000004778659,0.95));
#9418=CARTESIAN_POINT('',(37.35,-84.0000004778659,9.9));
#9419=CARTESIAN_POINT('',(37.35,-84.0000004778659,9.9));
#9420=CARTESIAN_POINT('',(40.65,-84.0000004778659,6.6));
#9421=CARTESIAN_POINT('',(40.65,-84.0000004778659,6.6));
#9422=CARTESIAN_POINT('',(40.65,-84.0000004778659,-9.86710653450104E-16));
#9423=CARTESIAN_POINT('Origin',(30.75,-86.2000004778659,7.9));
#9424=CARTESIAN_POINT('',(40.65,-86.2000004778659,6.6));
#9425=CARTESIAN_POINT('',(40.65,-86.2000004778659,-9.86710653450104E-16));
#9426=CARTESIAN_POINT('',(37.35,-86.2000004778659,9.9));
#9427=CARTESIAN_POINT('',(40.65,-86.2000004778659,6.6));
#9428=CARTESIAN_POINT('',(32.4,-86.2000004778659,9.9));
#9429=CARTESIAN_POINT('Origin',(30.75,-86.2000004778659,7.9));
#9430=CARTESIAN_POINT('',(24.15,-86.2000004778659,9.9));
#9431=CARTESIAN_POINT('',(27.45,-86.2000004778659,9.9));
#9432=CARTESIAN_POINT('',(20.85,-86.2000004778659,6.6));
#9433=CARTESIAN_POINT('',(24.15,-86.2000004778659,9.9));
#9434=CARTESIAN_POINT('',(20.85,-86.2000004778659,6.6));
#9435=CARTESIAN_POINT('Origin',(34.05,-85.1000004778659,9.9));
#9436=CARTESIAN_POINT('',(24.15,-84.0000004778659,9.9));
#9437=CARTESIAN_POINT('',(27.45,-84.0000004778659,9.9));
#9438=CARTESIAN_POINT('',(24.15,-85.1000004778659,9.9));
#9439=CARTESIAN_POINT('Origin',(20.85,-85.1000004778659,6.6));
#9440=CARTESIAN_POINT('',(20.85,-84.0000004778659,6.6));
#9441=CARTESIAN_POINT('',(24.15,-84.0000004778659,9.9));
#9442=CARTESIAN_POINT('',(20.85,-85.1000004778659,6.6));
#9443=CARTESIAN_POINT('Origin',(20.85,-85.1000004778659,-1.11022302462516E-15));
#9444=CARTESIAN_POINT('',(20.85,-84.0000004778659,6.6));
#9445=CARTESIAN_POINT('Origin',(40.65,-85.1000004778659,6.6));
#9446=CARTESIAN_POINT('',(40.65,-85.1000004778659,6.6));
#9447=CARTESIAN_POINT('Origin',(37.35,-85.1000004778659,9.9));
#9448=CARTESIAN_POINT('',(37.35,-85.1000004778659,9.9));
#9449=CARTESIAN_POINT('Origin',(34.05,-85.1000004778659,9.9));
#9450=CARTESIAN_POINT('Origin',(30.75,-84.0000004778659,7.9));
#9451=CARTESIAN_POINT('',(27.45,-84.0000004778659,0.95));
#9452=CARTESIAN_POINT('Origin',(27.45,-87.,-3.));
#9453=CARTESIAN_POINT('',(27.45,-81.0000009557319,5.65020253475414));
#9454=CARTESIAN_POINT('Origin',(34.05,-89.2,-3.));
#9455=CARTESIAN_POINT('',(34.05,-81.0000009557319,5.65020253475414));
#9456=CARTESIAN_POINT('Origin',(30.75,-93.,9.5));
#9457=CARTESIAN_POINT('',(29.65,-89.2,9.5));
#9458=CARTESIAN_POINT('Origin',(30.75,-89.2,9.5));
#9459=CARTESIAN_POINT('',(29.65,-81.0000009557319,9.5));
#9460=CARTESIAN_POINT('',(29.65,-93.,9.5));
#9461=CARTESIAN_POINT('Origin',(30.75,-81.0000009557319,9.5));
#9462=CARTESIAN_POINT('Origin',(-30.75,-93.,9.5));
#9463=CARTESIAN_POINT('',(-31.85,-89.2,9.5));
#9464=CARTESIAN_POINT('Origin',(-30.75,-89.2,9.5));
#9465=CARTESIAN_POINT('',(-31.85,-93.,9.5));
#9466=CARTESIAN_POINT('Origin',(-34.05,-89.2,0.));
#9467=CARTESIAN_POINT('Origin',(32.6000929880574,-81.0000009557319,17.3004050695083));
#9468=CARTESIAN_POINT('',(37.1000930297861,-81.0000009557318,-1.69959493049172));
#9469=CARTESIAN_POINT('',(37.1000930297861,-81.0000009557319,3.42520253475414));
#9470=CARTESIAN_POINT('',(14.1000930297861,-81.0000009557318,-1.69959493049172));
#9471=CARTESIAN_POINT('',(18.3500930297861,-81.0000009557318,-1.69959493049172));
#9472=CARTESIAN_POINT('',(14.1000930297861,-81.0000009557319,3.42520253475414));
#9473=CARTESIAN_POINT('Origin',(27.45,-89.2,0.));
#9474=CARTESIAN_POINT('Origin',(0.,-7.,-12.45));
#9475=CARTESIAN_POINT('Ctrl Pts',(2.4549229905849,-5.6533919982795,-12.45));
#9476=CARTESIAN_POINT('Ctrl Pts',(2.32857974312965,-5.42306294744453,-12.45));
#9477=CARTESIAN_POINT('Ctrl Pts',(2.16976989503503,-5.21285108633681,-12.433753220848));
#9478=CARTESIAN_POINT('Ctrl Pts',(1.74594057317496,-4.7823208853176,-12.3801547674728));
#9479=CARTESIAN_POINT('Ctrl Pts',(1.4301061962742,-4.56350078473347,-12.3320810905295));
#9480=CARTESIAN_POINT('Ctrl Pts',(0.735755902182871,-4.27229149573467,-12.2578208666129));
#9481=CARTESIAN_POINT('Ctrl Pts',(0.356937108202634,-4.2,-12.2341040644343));
#9482=CARTESIAN_POINT('Ctrl Pts',(-0.356937108202634,-4.2,-12.2341040644343));
#9483=CARTESIAN_POINT('Ctrl Pts',(-0.735755902182871,-4.27229149573467,
-12.2578208666129));
#9484=CARTESIAN_POINT('Ctrl Pts',(-1.4301061962742,-4.56350078473348,-12.3320810905295));
#9485=CARTESIAN_POINT('Ctrl Pts',(-1.74594057317496,-4.7823208853176,-12.3801547674728));
#9486=CARTESIAN_POINT('Ctrl Pts',(-2.16976989503503,-5.21285108633681,-12.433753220848));
#9487=CARTESIAN_POINT('Ctrl Pts',(-2.32857974312965,-5.42306294744452,-12.45));
#9488=CARTESIAN_POINT('Ctrl Pts',(-2.4549229905849,-5.6533919982795,-12.45));
#9489=CARTESIAN_POINT('',(-2.8,-7.,1.3));
#9490=CARTESIAN_POINT('',(-2.8,-7.,-12.45));
#9491=CARTESIAN_POINT('Origin',(0.,-7.,1.3));
#9492=CARTESIAN_POINT('Origin',(0.,-7.,1.3));
#9493=CARTESIAN_POINT('',(-1.4,-7.,1.3));
#9494=CARTESIAN_POINT('Origin',(0.,-7.,1.3));
#9495=CARTESIAN_POINT('Origin',(-13.153624747834,-5.65339199827969,-7.45));
#9496=CARTESIAN_POINT('',(-2.80724947161562,-0.672418507820958,-7.88577871373829));
#9497=CARTESIAN_POINT('Origin',(-2.80724947161562,-5.65339199827969,-7.45));
#9498=CARTESIAN_POINT('',(2.80724947161559,-0.672418507820958,-7.88577871373829));
#9499=CARTESIAN_POINT('',(-13.153624747834,-0.672418507820959,-7.88577871373829));
#9500=CARTESIAN_POINT('Origin',(2.80724947161559,-5.65339199827968,-7.45));
#9501=CARTESIAN_POINT('Origin',(-36.5,-56.4999990181752,-1.99778980353925));
#9502=CARTESIAN_POINT('',(-36.5,-55.0951191815273,-5.44526713190641));
#9503=CARTESIAN_POINT('',(-36.5,-49.0000009557318,-5.36787722460165));
#9504=CARTESIAN_POINT('Origin',(-36.5,-57.0371357886046,-2.45));
#9505=CARTESIAN_POINT('',(-36.5,-58.9690544693101,-5.45));
#9506=CARTESIAN_POINT('Origin',(-36.5,-58.9690544693101,-2.45));
#9507=CARTESIAN_POINT('',(-36.5,-64.000000955732,-5.45));
#9508=CARTESIAN_POINT('',(-36.5,-59.6193276216072,-5.45));
#9509=CARTESIAN_POINT('',(-36.5,-64.000000955732,2.80040506950827));
#9510=CARTESIAN_POINT('',(-36.5,-64.000000955732,-4.59869236701549));
#9511=CARTESIAN_POINT('',(-36.5,-61.1904167155553,2.80040506950828));
#9512=CARTESIAN_POINT('',(-36.5,-65.000000955732,2.80040506950827));
#9513=CARTESIAN_POINT('',(-36.5,-51.8095851959085,2.80040506950827));
#9514=CARTESIAN_POINT('Origin',(-36.5,-56.5000009557319,7.30040506950827));
#9515=CARTESIAN_POINT('',(-36.5,-49.0000009557318,2.80040506950827));
#9516=CARTESIAN_POINT('',(-36.5,-65.000000955732,2.80040506950827));
#9517=CARTESIAN_POINT('',(-36.5,-49.0000009557318,0.401307632984509));
#9518=CARTESIAN_POINT('Origin',(-35.5,-56.5000009557319,7.30040506950827));
#9519=CARTESIAN_POINT('',(-35.5,-61.1904167155553,2.80040506950828));
#9520=CARTESIAN_POINT('',(-35.5,-51.8095851959085,2.80040506950827));
#9521=CARTESIAN_POINT('Origin',(-35.5,-56.5000009557319,7.30040506950827));
#9522=CARTESIAN_POINT('',(-35.5,-51.8095851959085,2.80040506950827));
#9523=CARTESIAN_POINT('',(-35.5,-61.1904167155553,2.80040506950827));
#9524=CARTESIAN_POINT('Origin',(-37.5,-64.000000955732,-7.19959493049173));
#9525=CARTESIAN_POINT('',(-36.7189650294941,-64.000000955732,-5.45));
#9526=CARTESIAN_POINT('',(-37.2917178534316,-64.000000955732,-5.45));
#9527=CARTESIAN_POINT('',(-37.5,-64.000000955732,-5.34674606174576));
#9528=CARTESIAN_POINT('Origin',(-36.7189650294941,-64.000000955732,-2.45));
#9529=CARTESIAN_POINT('',(-37.5,-64.000000955732,2.80040506950827));
#9530=CARTESIAN_POINT('',(-37.5,-64.000000955732,-3.27469622022046));
#9531=CARTESIAN_POINT('',(-37.5,-64.000000955732,2.80040506950827));
#9532=CARTESIAN_POINT('Origin',(-33.6767451978392,-72.0465136117368,-8.45));
#9533=CARTESIAN_POINT('',(-35.5,-60.055930296229,-5.45));
#9534=CARTESIAN_POINT('Origin',(-35.5,-60.055930296229,-8.45));
#9535=CARTESIAN_POINT('',(-33.6767451978392,-72.0465136117368,-5.45));
#9536=CARTESIAN_POINT('Origin',(-37.0834357068632,-62.7386562250391,-5.45));
#9537=CARTESIAN_POINT('',(-35.5,-65.000000955732,-5.45));
#9538=CARTESIAN_POINT('',(-35.5,-59.6193276216072,-5.45));
#9539=CARTESIAN_POINT('',(-36.7624886547374,-65.000000955732,-5.45));
#9540=CARTESIAN_POINT('',(-37.2917178534316,-65.000000955732,-5.45));
#9541=CARTESIAN_POINT('',(-37.7425640182307,-87.5182392232154,-5.45));
#9542=CARTESIAN_POINT('Origin',(-22.0765726367969,-61.857864376269,-5.45));
#9543=CARTESIAN_POINT('Origin',(-37.5,-49.0000009557318,2.80040506950827));
#9544=CARTESIAN_POINT('',(-37.5,-49.0000009557318,2.80040506950827));
#9545=CARTESIAN_POINT('',(-37.5,-49.0000009557318,2.80040506950827));
#9546=CARTESIAN_POINT('',(-37.5,-49.0000009557318,-4.92639308886394));
#9547=CARTESIAN_POINT('',(-37.5,-49.0000009557318,1.72530377977954));
#9548=CARTESIAN_POINT('Origin',(-35.8002310060329,-49.0000009557318,-2.45));
#9549=CARTESIAN_POINT('Origin',(-35.5,-48.5000009557318,-2.19959493049173));
#9550=CARTESIAN_POINT('',(-35.5,-48.0000009557318,2.80040506950827));
#9551=CARTESIAN_POINT('',(-35.5,-48.0000009557318,2.80040506950827));
#9552=CARTESIAN_POINT('',(-35.5,-49.0000009557318,2.80040506950827));
#9553=CARTESIAN_POINT('',(-35.5,-65.000000955732,2.80040506950827));
#9554=CARTESIAN_POINT('',(-35.5,-65.000000955732,2.80040506950827));
#9555=CARTESIAN_POINT('',(-35.5,-65.000000955732,2.80040506950827));
#9556=CARTESIAN_POINT('Origin',(-37.5,-48.0000009557318,2.80040506950827));
#9557=CARTESIAN_POINT('',(-37.5,-48.0000009557318,2.80040506950827));
#9558=CARTESIAN_POINT('',(-37.5,-52.2500009557319,2.80040506950827));
#9559=CARTESIAN_POINT('',(-37.5,-48.0000009557318,2.80040506950827));
#9560=CARTESIAN_POINT('Origin',(-37.5,-48.0000009557318,-7.19959493049173));
#9561=CARTESIAN_POINT('',(-37.5,-48.0000009557318,-4.86479575250647));
#9562=CARTESIAN_POINT('Origin',(-35.713164033969,-48.0000009557318,-2.45));
#9563=CARTESIAN_POINT('',(-37.5,-48.0000009557318,-3.27469622022046));
#9564=CARTESIAN_POINT('Origin',(-37.5,-56.5000009557319,0.6502024900508));
#9565=CARTESIAN_POINT('',(-37.5,-47.5000009557318,-4.83221613345454));
#9566=CARTESIAN_POINT('Origin',(-37.5,-68.5225472631948,-2.45));
#9567=CARTESIAN_POINT('',(-37.5,-47.5000009557318,7.30040506950827));
#9568=CARTESIAN_POINT('',(-37.5,-47.5000009557318,-2.67489879967794));
#9569=CARTESIAN_POINT('',(-37.5,-49.0000009557319,7.30040506950827));
#9570=CARTESIAN_POINT('',(-37.5,-66.0000009557319,7.30040506950827));
#9571=CARTESIAN_POINT('',(-37.5,-64.0000009557319,7.30040506950827));
#9572=CARTESIAN_POINT('Origin',(-37.5,-56.5000009557319,7.30040506950827));
#9573=CARTESIAN_POINT('',(-37.5,-65.5000009557319,7.30040506950827));
#9574=CARTESIAN_POINT('',(-37.5,-66.0000009557319,7.30040506950827));
#9575=CARTESIAN_POINT('',(-37.5,-65.5000009557319,-5.3635324298311));
#9576=CARTESIAN_POINT('',(-37.5,-65.5000009557319,3.97530377977954));
#9577=CARTESIAN_POINT('',(-37.5,-65.000000955732,-5.35811028402239));
#9578=CARTESIAN_POINT('Origin',(-37.5,-81.9450817282967,-2.45));
#9579=CARTESIAN_POINT('',(-37.5,-65.000000955732,2.80040506950827));
#9580=CARTESIAN_POINT('',(-37.5,-65.000000955732,1.72530377977954));
#9581=CARTESIAN_POINT('',(-37.5,-60.2500009557319,2.80040506950827));
#9582=CARTESIAN_POINT('',(-37.5,-55.0298546873479,-5.21230041988999));
#9583=CARTESIAN_POINT('Origin',(-37.5,-81.9450817282967,-2.45));
#9584=CARTESIAN_POINT('Origin',(-37.5,-68.5225472631948,-2.45));
#9585=CARTESIAN_POINT('Origin',(-36.2114669965959,-53.7232155205094,-2.45));
#9586=CARTESIAN_POINT('',(-38.2112472522941,-42.2365387201989,-2.71146722824298));
#9587=CARTESIAN_POINT('Origin',(-35.188786782098,-41.9773124500783,-2.45));
#9588=CARTESIAN_POINT('',(-38.6259874856825,-47.0000009557318,-2.71146722824298));
#9589=CARTESIAN_POINT('',(-39.1887873739544,-53.4639892503888,-2.71146722824298));
#9590=CARTESIAN_POINT('',(-38.,-47.0000009557318,-4.29580160988363));
#9591=CARTESIAN_POINT('Origin',(-35.6260970619051,-47.0000009557318,-2.45));
#9592=CARTESIAN_POINT('Origin',(-35.8162311990881,-49.1837697566438,-2.45));
#9593=CARTESIAN_POINT('Origin',(-36.2114669965959,-53.7232155205094,-2.45));
#9594=CARTESIAN_POINT('Origin',(-36.331869873908,-55.106092109163,-2.45));
#9595=CARTESIAN_POINT('Origin',(-37.5,-64.000000955732,2.80040506950827));
#9596=CARTESIAN_POINT('',(-37.5,-65.000000955732,2.80040506950827));
#9597=CARTESIAN_POINT('Origin',(-37.5,-65.000000955732,2.80040506950827));
#9598=CARTESIAN_POINT('Origin',(-36.7624886547374,-65.000000955732,-2.45));
#9599=CARTESIAN_POINT('Origin',(-37.0834357068632,-62.7386562250391,-5.45));
#9600=CARTESIAN_POINT('',(-37.7425640182307,-87.5182392232154,-5.45));
#9601=CARTESIAN_POINT('Origin',(-37.7425640182307,-87.5182392232154,-2.45));
#9602=CARTESIAN_POINT('',(-38.,-66.0000009557319,-5.20265122267416));
#9603=CARTESIAN_POINT('Origin',(-36.7516809076199,-64.7516818633519,-2.45));
#9604=CARTESIAN_POINT('',(-39.,-66.0000009557319,-4.49829661946021));
#9605=CARTESIAN_POINT('Origin',(-36.8060122799807,-66.0000009557319,-2.45));
#9606=CARTESIAN_POINT('',(-39.5,-65.5000009557319,-3.73009731143833));
#9607=CARTESIAN_POINT('Origin',(-36.8975198386067,-68.1024811171252,-2.45));
#9608=CARTESIAN_POINT('',(-39.5,-59.2056506097506,-2.73031944721081));
#9609=CARTESIAN_POINT('Origin',(-39.5,-127.89713624627,-2.45));
#9610=CARTESIAN_POINT('',(-40.197216591756,-75.224918027353,-2.7303194472108));
#9611=CARTESIAN_POINT('',(-40.7266137932234,-87.3883625591013,-2.73031944721081));
#9612=CARTESIAN_POINT('Ctrl Pts',(-40.1972165917559,-75.224918027353,-2.73031944721081));
#9613=CARTESIAN_POINT('Ctrl Pts',(-40.1974624824183,-75.2864777218765,-2.75622352866244));
#9614=CARTESIAN_POINT('Ctrl Pts',(-40.1974413501362,-75.3484047146242,-2.78151836529363));
#9615=CARTESIAN_POINT('Ctrl Pts',(-40.1949103760916,-75.9969473245359,-3.03850289192483));
#9616=CARTESIAN_POINT('Ctrl Pts',(-40.1740672206408,-76.6139654756576,-3.21507987780623));
#9617=CARTESIAN_POINT('Ctrl Pts',(-40.1574293800904,-77.8261031349811,-3.44067240675431));
#9618=CARTESIAN_POINT('Ctrl Pts',(-40.1607597659196,-78.4204031560945,-3.49665309301406));
#9619=CARTESIAN_POINT('Ctrl Pts',(-40.1836975894388,-79.,-3.50275361435672));
#9620=CARTESIAN_POINT('Origin',(-37.75,-47.2500009557318,-2.67489879967794));
#9621=CARTESIAN_POINT('',(-38.,-47.0000009557319,7.30040506950827));
#9622=CARTESIAN_POINT('',(-38.25,-46.7500009557318,7.30040506950827));
#9623=CARTESIAN_POINT('',(-38.,-47.0000009557318,-2.67489879967794));
#9624=CARTESIAN_POINT('Origin',(-39.5,-47.0000009557319,7.30040506950827));
#9625=CARTESIAN_POINT('',(-39.,-47.0000009557319,7.30040506950827));
#9626=CARTESIAN_POINT('',(-39.5,-47.0000009557319,7.30040506950827));
#9627=CARTESIAN_POINT('',(-39.5,-47.5000009557318,7.30040506950827));
#9628=CARTESIAN_POINT('',(-39.25,-47.2500009557318,7.30040506950827));
#9629=CARTESIAN_POINT('',(-39.5,-49.0000009557319,7.30040506950827));
#9630=CARTESIAN_POINT('',(-39.5,-66.0000009557319,7.30040506950827));
#9631=CARTESIAN_POINT('',(-39.5,-49.0000009557319,7.30040506950827));
#9632=CARTESIAN_POINT('Origin',(-39.5,-47.0000009557318,-6.00000008940667));
#9633=CARTESIAN_POINT('',(-38.9782731266006,-47.0000009557318,1.3));
#9634=CARTESIAN_POINT('',(-38.6031109337175,-47.0000009557318,-2.97196191733572));
#9635=CARTESIAN_POINT('',(-39.,-47.0000009557318,1.3));
#9636=CARTESIAN_POINT('',(-31.5000000120262,-47.0000009557318,1.3));
#9637=CARTESIAN_POINT('',(-39.,-47.0000009557318,-2.67489879967794));
#9638=CARTESIAN_POINT('Origin',(-39.25,-47.2500009557318,-2.67489879967794));
#9639=CARTESIAN_POINT('',(-39.5,-47.5000009557318,1.3));
#9640=CARTESIAN_POINT('',(-38.1874997670802,-46.187500722812,1.3));
#9641=CARTESIAN_POINT('',(-39.5,-47.5000009557318,-2.67489879967794));
#9642=CARTESIAN_POINT('Origin',(-37.75,-65.7500009557319,3.97530377977954));
#9643=CARTESIAN_POINT('',(-38.,-66.0000009557319,7.30040506950827));
#9644=CARTESIAN_POINT('',(-37.75,-65.7500009557319,7.30040506950827));
#9645=CARTESIAN_POINT('',(-38.,-66.0000009557319,3.97530377977954));
#9646=CARTESIAN_POINT('Origin',(-39.5,-66.0000009557319,7.30040506950827));
#9647=CARTESIAN_POINT('',(-39.,-66.0000009557319,7.30040506950827));
#9648=CARTESIAN_POINT('',(-39.5,-66.0000009557319,7.30040506950827));
#9649=CARTESIAN_POINT('',(-39.,-66.0000009557319,3.97530377977954));
#9650=CARTESIAN_POINT('Origin',(-39.5,-64.0000009557319,7.30040506950827));
#9651=CARTESIAN_POINT('',(-39.5,-64.0000009557319,7.30040506950827));
#9652=CARTESIAN_POINT('',(-39.5,-64.0000009557319,7.30040506950827));
#9653=CARTESIAN_POINT('',(-39.5,-65.5000009557319,7.30040506950827));
#9654=CARTESIAN_POINT('',(-39.5,-66.0000009557319,7.30040506950827));
#9655=CARTESIAN_POINT('',(-39.75,-65.2500009557319,7.30040506950827));
#9656=CARTESIAN_POINT('Origin',(-39.25,-65.7500009557319,3.97530377977954));
#9657=CARTESIAN_POINT('',(-39.5,-65.5000009557319,3.97530377977954));
#9658=CARTESIAN_POINT('Origin',(-39.5,-56.5000009557319,7.30040506950827));
#9659=CARTESIAN_POINT('Origin',(-39.5,-56.5000009557319,7.30040506950827));
#9660=CARTESIAN_POINT('Origin',(-39.5,-56.5000009557319,0.6502024900508));
#9661=CARTESIAN_POINT('',(-39.5,-49.1348710178544,1.3));
#9662=CARTESIAN_POINT('',(-39.5,-57.6250004778659,1.3));
#9663=CARTESIAN_POINT('',(-39.5,-57.8515830323849,-2.10295740835412));
#9664=CARTESIAN_POINT('Origin',(-39.5,-56.5000009557319,7.30040506950827));
#9665=CARTESIAN_POINT('',(-39.5,-78.6737755470145,-11.75022565981));
#9666=CARTESIAN_POINT('Origin',(-42.0807059272345,-112.137698212303,0.217450257524635));
#9667=CARTESIAN_POINT('',(-39.9033040870751,-62.5789881921964,-6.66133814775094E-15));
#9668=CARTESIAN_POINT('Origin',(-40.3245192224822,-56.5000009557319,7.30040506950827));
#9669=CARTESIAN_POINT('',(-40.2912713643912,-71.4929349314072,3.33066907387547E-15));
#9670=CARTESIAN_POINT('',(-41.0794507445522,-89.6021658549577,0.));
#9671=CARTESIAN_POINT('Origin',(-41.2318825803535,-79.1034797638598,6.48687963147387));
#9672=CARTESIAN_POINT('Origin',(-40.1000933621339,-56.5000009557319,7.30040506950827));
#9673=CARTESIAN_POINT('',(-39.8275094442607,-49.1348710178544,1.3));
#9674=CARTESIAN_POINT('',(-40.1000933621339,-49.1348710178544,1.3));
#9675=CARTESIAN_POINT('',(-40.1695822678618,-50.4210137192674,-1.11022302462516E-15));
#9676=CARTESIAN_POINT('Origin',(-39.4067329752346,-56.5000009557319,7.30040506950827));
#9677=CARTESIAN_POINT('',(-41.1771997291246,-50.4210137192674,0.));
#9678=CARTESIAN_POINT('',(-40.1000933621339,-50.4210137192674,0.));
#9679=CARTESIAN_POINT('',(-41.3858815945068,-54.8994458396959,-2.06379395232649));
#9680=CARTESIAN_POINT('Origin',(-42.3475977462457,-56.5000009557319,7.30040506950827));
#9681=CARTESIAN_POINT('Origin',(-42.3352095434955,-56.5000009557319,7.30040506950827));
#9682=CARTESIAN_POINT('',(-41.1100285693563,-63.8651308936094,1.3));
#9683=CARTESIAN_POINT('Origin',(-39.4067329752346,-56.5000009557319,7.30040506950827));
#9684=CARTESIAN_POINT('',(-40.446668923755,-63.8651308936094,1.3));
#9685=CARTESIAN_POINT('',(-40.1000933621339,-63.8651308936094,1.3));
#9686=CARTESIAN_POINT('',(-40.2205228303865,-62.5789881921964,0.));
#9687=CARTESIAN_POINT('Origin',(-40.3323628237201,-56.5000009557319,7.30040506950827));
#9688=CARTESIAN_POINT('',(-40.1000933621339,-62.5789881921964,0.));
#9689=CARTESIAN_POINT('Origin',(-23.5000000240523,-58.75,1.3));
#9690=CARTESIAN_POINT('',(-37.8769436586003,-34.3507788466567,1.3));
#9691=CARTESIAN_POINT('',(-39.314990514378,-50.8673387050044,1.3));
#9692=CARTESIAN_POINT('',(-2.80724947161562,-1.87640667979781,1.3));
#9693=CARTESIAN_POINT('Ctrl Pts',(-37.8769436586003,-34.3507788466574,1.3));
#9694=CARTESIAN_POINT('Ctrl Pts',(-37.4382666584144,-29.3123929950824,1.3));
#9695=CARTESIAN_POINT('Ctrl Pts',(-35.9392329725525,-24.3868051114532,1.3));
#9696=CARTESIAN_POINT('Ctrl Pts',(-33.5107424709194,-20.0028876826268,1.3));
#9697=CARTESIAN_POINT('Ctrl Pts',(-31.0822519692864,-15.6189702538005,1.3));
#9698=CARTESIAN_POINT('Ctrl Pts',(-27.7243046518823,-11.7767232797771,1.3));
#9699=CARTESIAN_POINT('Ctrl Pts',(-23.7307295231328,-8.79958668463315,1.3));
#9700=CARTESIAN_POINT('Ctrl Pts',(-21.733941958758,-7.31101838706115,1.3));
#9701=CARTESIAN_POINT('Ctrl Pts',(-19.5782474415469,-6.03872768420899,1.3));
#9702=CARTESIAN_POINT('Ctrl Pts',(-17.311936427985,-5.01078503800677,1.3));
#9703=CARTESIAN_POINT('Ctrl Pts',(-12.7793144008612,-2.95489974560232,1.3));
#9704=CARTESIAN_POINT('Ctrl Pts',(-7.80422638833438,-1.8764066797976,1.3));
#9705=CARTESIAN_POINT('Ctrl Pts',(-2.80724947161415,-1.87640667979781,1.3));
#9706=CARTESIAN_POINT('',(-13.153624747834,-1.8764066797978,1.3));
#9707=CARTESIAN_POINT('',(39.1641497986593,-49.1348710178544,1.3));
#9708=CARTESIAN_POINT('',(38.7002468343288,-43.806754588236,1.3));
#9709=CARTESIAN_POINT('',(39.8275094442607,-49.1348710178544,1.3));
#9710=CARTESIAN_POINT('',(40.1000933621339,-49.1348710178544,1.3));
#9711=CARTESIAN_POINT('',(38.5353124359102,-34.293456670715,1.3));
#9712=CARTESIAN_POINT('',(39.3586156116388,-43.7494324122943,1.3));
#9713=CARTESIAN_POINT('',(2.8072494716156,-1.21554717975917,1.3));
#9714=CARTESIAN_POINT('Ctrl Pts',(2.80724947161344,-1.21554717975917,1.3));
#9715=CARTESIAN_POINT('Ctrl Pts',(7.89775249198924,-1.21554717975886,1.3));
#9716=CARTESIAN_POINT('Ctrl Pts',(12.9691164757246,-2.31148223498193,1.3));
#9717=CARTESIAN_POINT('Ctrl Pts',(17.5856021740717,-4.40857740882934,1.3));
#9718=CARTESIAN_POINT('Ctrl Pts',(22.2020878724189,-6.50567258267676,1.3));
#9719=CARTESIAN_POINT('Ctrl Pts',(26.3636952853779,-9.60392787514854,1.3));
#9720=CARTESIAN_POINT('Ctrl Pts',(29.7087220510584,-13.4358849487927,1.3));
#9721=CARTESIAN_POINT('Ctrl Pts',(33.0537488167388,-17.2678420224369,1.3));
#9722=CARTESIAN_POINT('Ctrl Pts',(35.5821949351407,-21.8335008772535,1.3));
#9723=CARTESIAN_POINT('Ctrl Pts',(37.0763806410863,-26.7386340240311,1.3));
#9724=CARTESIAN_POINT('Ctrl Pts',(37.8234734940591,-29.19120059742,1.3));
#9725=CARTESIAN_POINT('Ctrl Pts',(38.3120012439177,-31.728635743799,1.3));
#9726=CARTESIAN_POINT('Ctrl Pts',(38.5353124359103,-34.2934566707166,1.3));
#9727=CARTESIAN_POINT('',(-2.80724947161562,-1.21554717975917,1.3));
#9728=CARTESIAN_POINT('',(-13.153624747834,-1.21554717975916,1.3));
#9729=CARTESIAN_POINT('',(-38.5353124359102,-34.293456670715,1.3));
#9730=CARTESIAN_POINT('Ctrl Pts',(-38.5353124359103,-34.2934566707157,1.3));
#9731=CARTESIAN_POINT('Ctrl Pts',(-38.088690051925,-29.1638148168807,1.3));
#9732=CARTESIAN_POINT('Ctrl Pts',(-36.5624874046053,-24.1478562827143,1.3));
#9733=CARTESIAN_POINT('Ctrl Pts',(-34.0889357145726,-19.6826146432137,1.3));
#9734=CARTESIAN_POINT('Ctrl Pts',(-31.61538402454,-15.2173730037131,1.3));
#9735=CARTESIAN_POINT('Ctrl Pts',(-28.1944832917943,-11.3028482588784,1.3));
#9736=CARTESIAN_POINT('Ctrl Pts',(-24.1255089732897,-8.26948798381303,1.3));
#9737=CARTESIAN_POINT('Ctrl Pts',(-22.0910218140374,-6.75280784628037,1.3));
#9738=CARTESIAN_POINT('Ctrl Pts',(-19.8945162583455,-5.45641882619007,1.3));
#9739=CARTESIAN_POINT('Ctrl Pts',(-17.5853178151095,-4.40903796765759,1.3));
#9740=CARTESIAN_POINT('Ctrl Pts',(-12.9669209286376,-2.31427625059263,1.3));
#9741=CARTESIAN_POINT('Ctrl Pts',(-7.89775249198977,-1.21554717975896,1.3));
#9742=CARTESIAN_POINT('Ctrl Pts',(-2.80724947161412,-1.21554717975917,1.3));
#9743=CARTESIAN_POINT('',(-39.9733592916879,-50.8100165290627,1.3));
#9744=CARTESIAN_POINT('Origin',(-38.6372751211979,-44.4206473724254,-0.0256885145046833));
#9745=CARTESIAN_POINT('',(-37.4893697794727,-38.9887028912778,-7.71146723083266));
#9746=CARTESIAN_POINT('Ctrl Pts',(-38.2112472522941,-42.2365387201989,-2.71146722824298));
#9747=CARTESIAN_POINT('Ctrl Pts',(-38.2108108064376,-42.2340335359072,-2.71395331250962));
#9748=CARTESIAN_POINT('Ctrl Pts',(-38.2103743623005,-42.2315280881837,-2.71643911602306));
#9749=CARTESIAN_POINT('Ctrl Pts',(-38.0942890897433,-41.565058801418,-3.37754185267922));
#9750=CARTESIAN_POINT('Ctrl Pts',(-37.9787668564748,-40.88305394413,-4.01683085617191));
#9751=CARTESIAN_POINT('Ctrl Pts',(-37.7872547674639,-39.9108271176612,-5.23367976425086));
#9752=CARTESIAN_POINT('Ctrl Pts',(-37.7008026407714,-39.5169543071801,-5.82761078936788));
#9753=CARTESIAN_POINT('Ctrl Pts',(-37.5669222610316,-39.1006667176734,-6.93938340253951));
#9754=CARTESIAN_POINT('Ctrl Pts',(-37.5243515650145,-39.0171596554916,-7.34134343851876));
#9755=CARTESIAN_POINT('Ctrl Pts',(-37.4893697794727,-38.9887028912778,-7.71146723083266));
#9756=CARTESIAN_POINT('',(-37.0915138509327,-34.419163841779,-7.71146722824297));
#9757=CARTESIAN_POINT('',(-38.5295607067104,-50.9357237001267,-7.71146722824298));
#9758=CARTESIAN_POINT('',(-37.7613980711169,-34.3608390510942,-0.0256885145046838));
#9759=CARTESIAN_POINT('Origin',(-29.8999072625626,-72.4999989373501,0.400404984897641));
#9760=CARTESIAN_POINT('',(-31.2999072625626,-72.4999989373501,-0.799595015102359));
#9761=CARTESIAN_POINT('',(-31.2999072625626,-72.4999989373501,0.400404984897641));
#9762=CARTESIAN_POINT('Origin',(-29.8999072625626,-72.4999989373501,-0.799595015102359));
#9763=CARTESIAN_POINT('Origin',(-29.8999072625626,-72.4999989373501,-0.799595015102359));
#9764=CARTESIAN_POINT('',(-30.8999072625626,-72.4999989373501,-0.799595015102359));
#9765=CARTESIAN_POINT('Origin',(-29.8999072625626,-72.4999989373501,-0.799595015102359));
#9766=CARTESIAN_POINT('Origin',(-29.8999072625626,-72.4999989373501,0.400404984897641));
#9767=CARTESIAN_POINT('',(-30.8999064513238,-72.5012727021753,-5.58284344786253));
#9768=CARTESIAN_POINT('',(-30.8999072625626,-72.4999989373501,0.400404984897641));
#9769=CARTESIAN_POINT('Ctrl Pts',(-30.8999064513238,-72.5012727021753,-5.58284344786253));
#9770=CARTESIAN_POINT('Ctrl Pts',(-30.8998274582486,-72.5632880833743,-5.5728593414397));
#9771=CARTESIAN_POINT('Ctrl Pts',(-30.8939757551533,-72.6254333666782,-5.56489588063381));
#9772=CARTESIAN_POINT('Ctrl Pts',(-30.8704221151797,-72.7492823109147,-5.55222573275521));
#9773=CARTESIAN_POINT('Ctrl Pts',(-30.8525884577931,-72.8105860153707,-5.54761115593842));
#9774=CARTESIAN_POINT('Ctrl Pts',(-30.8167589110332,-72.90059827716,-5.54290699084697));
#9775=CARTESIAN_POINT('Ctrl Pts',(-30.8029877707921,-72.9307453509426,-5.54171500962573));
#9776=CARTESIAN_POINT('Ctrl Pts',(-30.7777453579437,-72.9794494612146,-5.54039644485502));
#9777=CARTESIAN_POINT('Ctrl Pts',(-30.7671184172021,-72.9984132035673,-5.54004524432025));
#9778=CARTESIAN_POINT('Ctrl Pts',(-30.7452717944175,-73.0345831917139,-5.53968962517877));
#9779=CARTESIAN_POINT('Ctrl Pts',(-30.7341222178194,-73.0518197654645,-5.53966732035374));
#9780=CARTESIAN_POINT('Ctrl Pts',(-30.7069373403847,-73.0911394541894,-5.53996472512428));
#9781=CARTESIAN_POINT('Ctrl Pts',(-30.6905137228302,-73.1129298926401,-5.54039945906858));
#9782=CARTESIAN_POINT('Ctrl Pts',(-30.63631250103,-73.1790411982807,-5.54260679526723));
#9783=CARTESIAN_POINT('Ctrl Pts',(-30.5955665697262,-73.2207132365958,-5.54532571436823));
#9784=CARTESIAN_POINT('Ctrl Pts',(-30.460561824142,-73.3366869170216,-5.5577775313175));
#9785=CARTESIAN_POINT('Ctrl Pts',(-30.356797798573,-73.3973351959423,-5.57167850566781));
#9786=CARTESIAN_POINT('Ctrl Pts',(-30.1318182011883,-73.4803113733036,-5.61560718811706));
#9787=CARTESIAN_POINT('Ctrl Pts',(-30.0132750159943,-73.5004204869953,-5.64561788842843));
#9788=CARTESIAN_POINT('Ctrl Pts',(-29.7655430496665,-73.4995139448796,-5.73070437567612));
#9789=CARTESIAN_POINT('Ctrl Pts',(-29.6418006502474,-73.4736389869434,-5.78670305064859));
#9790=CARTESIAN_POINT('Ctrl Pts',(-29.3987378685014,-73.3767378134636,-5.93358135045619));
#9791=CARTESIAN_POINT('Ctrl Pts',(-29.2811464316399,-73.2980433097295,-6.03003688070471));
#9792=CARTESIAN_POINT('Ctrl Pts',(-29.0518925297446,-73.062414083833,-6.30025789282468));
#9793=CARTESIAN_POINT('Ctrl Pts',(-28.9708901333931,-72.9039838179091,-6.47261941309958));
#9794=CARTESIAN_POINT('Ctrl Pts',(-28.9008496249498,-72.6290899968715,-6.75805889384752));
#9795=CARTESIAN_POINT('Ctrl Pts',(-28.894083699547,-72.513273975528,-6.87305735635836));
#9796=CARTESIAN_POINT('Ctrl Pts',(-28.9118392609503,-72.3274599885546,-7.03312182882608));
#9797=CARTESIAN_POINT('Ctrl Pts',(-28.9293343694648,-72.2423883836922,-7.09895480799921));
#9798=CARTESIAN_POINT('Ctrl Pts',(-28.9727837536934,-72.1236163257566,-7.16131979321497));
#9799=CARTESIAN_POINT('Ctrl Pts',(-28.9869814487611,-72.0901439747605,-7.17576379242265));
#9800=CARTESIAN_POINT('Ctrl Pts',(-29.0095674572156,-72.0445078526133,-7.18951885734067));
#9801=CARTESIAN_POINT('Ctrl Pts',(-29.0157607903504,-72.0325925546805,-7.19256537038549));
#9802=CARTESIAN_POINT('Ctrl Pts',(-29.0266184775079,-72.0127110430674,-7.19665780238414));
#9803=CARTESIAN_POINT('Ctrl Pts',(-29.0311056699563,-72.0047535795619,-7.19802816368481));
#9804=CARTESIAN_POINT('Ctrl Pts',(-29.0401806549024,-71.9891675787823,-7.20016418598847));
#9805=CARTESIAN_POINT('Ctrl Pts',(-29.0447498012698,-71.9815542051861,-7.20094656926465));
#9806=CARTESIAN_POINT('Ctrl Pts',(-29.056060415694,-71.9632668797914,-7.20217850871481));
#9807=CARTESIAN_POINT('Ctrl Pts',(-29.0628886753707,-71.9526792891745,-7.20235150207847));
#9808=CARTESIAN_POINT('Ctrl Pts',(-29.0862679995749,-71.9178905707728,-7.20109710517959));
#9809=CARTESIAN_POINT('Ctrl Pts',(-29.1034315157009,-71.8946540812322,-7.19725888845113));
#9810=CARTESIAN_POINT('Ctrl Pts',(-29.1602265154842,-71.8241972317077,-7.17670115150211));
#9811=CARTESIAN_POINT('Ctrl Pts',(-29.201423573803,-71.7822744178024,-7.15061656754985));
#9812=CARTESIAN_POINT('Ctrl Pts',(-29.2940205757834,-71.7015470115837,-7.07965224124937));
#9813=CARTESIAN_POINT('Ctrl Pts',(-29.3473982933833,-71.6643238478322,-7.03042293265896));
#9814=CARTESIAN_POINT('Ctrl Pts',(-29.4727695299221,-71.5918586301062,-6.90859561025518));
#9815=CARTESIAN_POINT('Ctrl Pts',(-29.5490921075204,-71.5602016578829,-6.8292668526898));
#9816=CARTESIAN_POINT('Ctrl Pts',(-29.7685802399151,-71.4975324902006,-6.60306815337771));
#9817=CARTESIAN_POINT('Ctrl Pts',(-29.9348812321591,-71.4847047142374,-6.43414461963889));
#9818=CARTESIAN_POINT('Ctrl Pts',(-30.2310066120251,-71.5483077861289,-6.16139659465332));
#9819=CARTESIAN_POINT('Ctrl Pts',(-30.3528403540908,-71.5978718949086,-6.05646228073053));
#9820=CARTESIAN_POINT('Ctrl Pts',(-30.5571158154633,-71.7382897850168,-5.8895583660572));
#9821=CARTESIAN_POINT('Ctrl Pts',(-30.6409536863527,-71.8178737807901,-5.8244077879533));
#9822=CARTESIAN_POINT('Ctrl Pts',(-30.7724429294346,-72.0003492757769,-5.72102341723337));
#9823=CARTESIAN_POINT('Ctrl Pts',(-30.8216047147753,-72.0966581925912,-5.68166774813129));
#9824=CARTESIAN_POINT('Ctrl Pts',(-30.8842232554548,-72.2973457167753,-5.62132586932114));
#9825=CARTESIAN_POINT('Ctrl Pts',(-30.899907262588,-72.3977310728613,-5.59955969097943));
#9826=CARTESIAN_POINT('Ctrl Pts',(-30.8999072625626,-72.4999989375985,-5.58304880504216));
#9827=CARTESIAN_POINT('Origin',(-20.9585844454018,-69.2102818983788,-1.09758247789027));
#9828=CARTESIAN_POINT('Origin',(-24.39035604895,-59.9454649925619,-13.0677933330896));
#9829=CARTESIAN_POINT('',(-34.2767159385215,-61.4487574238182,-13.0677933330896));
#9830=CARTESIAN_POINT('',(-24.39035604895,-67.0165328044274,-20.1388611449551));
#9831=CARTESIAN_POINT('Origin',(34.7092944733053,-66.940558207961,-9.45));
#9832=CARTESIAN_POINT('',(-39.4221480101034,-78.0738924432235,-9.45));
#9833=CARTESIAN_POINT('',(40.,-78.0738924432235,-9.45));
#9834=CARTESIAN_POINT('',(-38.498497337057,-56.8520694015289,-9.45));
#9835=CARTESIAN_POINT('',(-39.8526453858032,-87.9650118822237,-9.45));
#9836=CARTESIAN_POINT('',(-35.9871701908082,-56.8520694015289,-9.45));
#9837=CARTESIAN_POINT('',(5.60464722462648,-56.8520694015289,-9.45));
#9838=CARTESIAN_POINT('',(-35.406080111401,-60.6735917705854,-9.45));
#9839=CARTESIAN_POINT('Ctrl Pts',(-20.6788036203365,-78.1213203435597,-6.32867965644035));
#9840=CARTESIAN_POINT('Ctrl Pts',(-22.0539283123055,-78.0904200942975,-6.3595799057025));
#9841=CARTESIAN_POINT('Ctrl Pts',(-24.5284001079764,-77.2318201106699,-6.51857097667662));
#9842=CARTESIAN_POINT('Ctrl Pts',(-26.7684785208748,-75.0933878748779,-6.83775434441092));
#9843=CARTESIAN_POINT('Ctrl Pts',(-27.6406895266326,-73.9858108655123,-6.99743317076837));
#9844=CARTESIAN_POINT('Ctrl Pts',(-20.6788036203365,-78.4386691248567,-6.01133087514333));
#9845=CARTESIAN_POINT('Ctrl Pts',(-22.1146610758478,-78.4089994040712,-6.03168719976698));
#9846=CARTESIAN_POINT('Ctrl Pts',(-24.6923241492709,-77.5246644469415,-6.13665429084251));
#9847=CARTESIAN_POINT('Ctrl Pts',(-26.981750420421,-75.3210859840938,-6.35371562084693));
#9848=CARTESIAN_POINT('Ctrl Pts',(-27.8603810219293,-74.1823331965371,-6.46477523263285));
#9849=CARTESIAN_POINT('Ctrl Pts',(-20.6788036203365,-79.1205268359291,-5.58323720983064));
#9850=CARTESIAN_POINT('Ctrl Pts',(-22.2453860028394,-79.0997154430865,-5.58823094232889));
#9851=CARTESIAN_POINT('Ctrl Pts',(-25.0498362124993,-78.1926454772857,-5.61359391178533));
#9852=CARTESIAN_POINT('Ctrl Pts',(-27.52008499021,-75.9045996719735,-5.66822870952061));
#9853=CARTESIAN_POINT('Ctrl Pts',(-28.4623813227321,-74.7208451777662,-5.69699392216597));
#9854=CARTESIAN_POINT('Ctrl Pts',(-20.6788036203365,-79.9060414742347,-5.45));
#9855=CARTESIAN_POINT('Ctrl Pts',(-22.3958783486326,-79.8998037045675,-5.44999243239997));
#9856=CARTESIAN_POINT('Ctrl Pts',(-25.4669540225433,-78.9910309269737,-5.45011686537381));
#9857=CARTESIAN_POINT('Ctrl Pts',(-28.202388640772,-76.6491352068375,-5.45009957735094));
#9858=CARTESIAN_POINT('Ctrl Pts',(-29.2567616644217,-75.4314483636487,-5.45));
#9859=CARTESIAN_POINT('Ctrl Pts',(-20.6788036203365,-80.2426406871193,-5.45));
#9860=CARTESIAN_POINT('Ctrl Pts',(-22.460357531972,-80.2426406871193,-5.45));
#9861=CARTESIAN_POINT('Ctrl Pts',(-25.6457424033717,-79.3331491006698,-5.45));
#9862=CARTESIAN_POINT('Ctrl Pts',(-28.49474996262,-76.9681255721948,-5.45));
#9863=CARTESIAN_POINT('Ctrl Pts',(-29.5970598555067,-75.7358579342842,-5.45));
#9864=CARTESIAN_POINT('Ctrl Pts',(-20.6788036203365,-78.1213203435597,-6.32867965644035));
#9865=CARTESIAN_POINT('Ctrl Pts',(-20.6832734493593,-78.1230386370102,-6.32696136298977));
#9866=CARTESIAN_POINT('Ctrl Pts',(-20.6877449736087,-78.124754682425,-6.32524533591299));
#9867=CARTESIAN_POINT('Ctrl Pts',(-20.6922181894453,-78.1264684751783,-6.32353157830046));
#9868=CARTESIAN_POINT('Ctrl Pts',(-20.808667686501,-78.1710829788093,-6.27891798947633));
#9869=CARTESIAN_POINT('Ctrl Pts',(-20.9260875703896,-78.2140982151209,-6.2359138331826));
#9870=CARTESIAN_POINT('Ctrl Pts',(-21.0445554506317,-78.2555137224928,-6.19449805878672));
#9871=CARTESIAN_POINT('Ctrl Pts',(-21.1672014990344,-78.2983898869972,-6.15162161784081));
#9872=CARTESIAN_POINT('Ctrl Pts',(-21.2909706592632,-78.3395517134385,-6.11044775077406));
#9873=CARTESIAN_POINT('Ctrl Pts',(-21.4159076141807,-78.3789774750504,-6.07098613188412));
#9874=CARTESIAN_POINT('Ctrl Pts',(-21.5245882306642,-78.4132733011345,-6.0366591141396));
#9875=CARTESIAN_POINT('Ctrl Pts',(-21.6341517657591,-78.4462551210857,-6.00362843292792));
#9876=CARTESIAN_POINT('Ctrl Pts',(-21.7446045022161,-78.4778947807456,-5.97191765755509));
#9877=CARTESIAN_POINT('Ctrl Pts',(-21.8812402443209,-78.5170346745703,-5.93268978991895));
#9878=CARTESIAN_POINT('Ctrl Pts',(-22.0189231405594,-78.5540269661018,-5.89557295397071));
#9879=CARTESIAN_POINT('Ctrl Pts',(-22.1576447657649,-78.5888796200897,-5.86057523067213));
#9880=CARTESIAN_POINT('Ctrl Pts',(-22.3041394421914,-78.625685188515,-5.82361646420224));
#9881=CARTESIAN_POINT('Ctrl Pts',(-22.451792331406,-78.6601049587651,-5.78902135323564));
#9882=CARTESIAN_POINT('Ctrl Pts',(-22.6005682738873,-78.692116750097,-5.75684293947343));
#9883=CARTESIAN_POINT('Ctrl Pts',(-22.6939128210289,-78.7122014903798,-5.73665365745464));
#9884=CARTESIAN_POINT('Ctrl Pts',(-22.7876989764621,-78.7313376673554,-5.71741655802963));
#9885=CARTESIAN_POINT('Ctrl Pts',(-22.8819138337776,-78.7495132658732,-5.69915151734306));
#9886=CARTESIAN_POINT('Ctrl Pts',(-22.9940021952986,-78.771136957885,-5.67742141508522));
#9887=CARTESIAN_POINT('Ctrl Pts',(-23.1065654562881,-78.7913760597891,-5.65709201149928));
#9888=CARTESIAN_POINT('Ctrl Pts',(-23.2195714142953,-78.8102407565678,-5.63818524604485));
#9889=CARTESIAN_POINT('Ctrl Pts',(-23.3915866708716,-78.8389561952388,-5.60940577133377));
#9890=CARTESIAN_POINT('Ctrl Pts',(-23.5646286348015,-78.8644891682973,-5.58392148178403));
#9891=CARTESIAN_POINT('Ctrl Pts',(-23.7385595958608,-78.8867895555782,-5.56171891149589));
#9892=CARTESIAN_POINT('Ctrl Pts',(-23.8683385110644,-78.9034290316802,-5.5451524217279));
#9893=CARTESIAN_POINT('Ctrl Pts',(-23.9986120743761,-78.9182679608438,-5.5304140164978));
#9894=CARTESIAN_POINT('Ctrl Pts',(-24.1293195972127,-78.9312710516303,-5.51750943201867));
#9895=CARTESIAN_POINT('Ctrl Pts',(-24.3154746636199,-78.9497901940355,-5.49913058336072));
#9896=CARTESIAN_POINT('Ctrl Pts',(-24.5022812776574,-78.9645676228494,-5.48449067271642));
#9897=CARTESIAN_POINT('Ctrl Pts',(-24.6895030477886,-78.9755897753677,-5.47359826859125));
#9898=CARTESIAN_POINT('Ctrl Pts',(-24.8808899059132,-78.9868571356687,-5.46246354317188));
#9899=CARTESIAN_POINT('Ctrl Pts',(-25.0727104305972,-78.9942005776384,-5.45524538878101));
#9900=CARTESIAN_POINT('Ctrl Pts',(-25.2647225044348,-78.9975711721957,-5.45199340110494));
#9901=CARTESIAN_POINT('Ctrl Pts',(-25.3426415590678,-78.9989389692109,-5.45067373510513));
#9902=CARTESIAN_POINT('Ctrl Pts',(-25.4205922878462,-78.9996521201233,-5.45000762003427));
#9903=CARTESIAN_POINT('Ctrl Pts',(-25.4985590508567,-78.9997056297917,-5.45));
#9904=CARTESIAN_POINT('Ctrl Pts',(-28.5603746583322,-72.7684751577161,-7.09509318610164));
#9905=CARTESIAN_POINT('Ctrl Pts',(-28.899999702585,-72.2459507843593,-7.16583848323252));
#9906=CARTESIAN_POINT('Ctrl Pts',(-29.2212667113409,-71.693032804497,-7.2400656057475));
#9907=CARTESIAN_POINT('Ctrl Pts',(-29.5214788159745,-71.1143712996107,-7.3171802997508));
#9908=CARTESIAN_POINT('Ctrl Pts',(-28.8754838284753,-73.0000890461914,-6.32252988817405));
#9909=CARTESIAN_POINT('Ctrl Pts',(-29.2143882739624,-72.4592435062323,-6.36411823839044));
#9910=CARTESIAN_POINT('Ctrl Pts',(-29.5327708718306,-71.8880386225524,-6.40934897076963));
#9911=CARTESIAN_POINT('Ctrl Pts',(-29.8249840812459,-71.2909124170872,-6.45617509999054));
#9912=CARTESIAN_POINT('Ctrl Pts',(-29.4728605635675,-73.4391773419605,-5.73607110998691));
#9913=CARTESIAN_POINT('Ctrl Pts',(-29.8371567486647,-72.8829457256237,-5.74932568116686));
#9914=CARTESIAN_POINT('Ctrl Pts',(-30.1792702519863,-72.2949725861533,-5.76460124064384));
#9915=CARTESIAN_POINT('Ctrl Pts',(-30.4937121419258,-71.6798941338121,-5.77947579531453));
#9916=CARTESIAN_POINT('Ctrl Pts',(-30.1511797035527,-73.9377605268543,-5.53336249196947));
#9917=CARTESIAN_POINT('Ctrl Pts',(-30.5495812100451,-73.3678330153106,-5.53734197259892));
#9918=CARTESIAN_POINT('Ctrl Pts',(-30.9241853688853,-72.7643238776135,-5.54157784416162));
#9919=CARTESIAN_POINT('Ctrl Pts',(-31.2717363821235,-72.1324505949511,-5.5460596489845));
#9920=CARTESIAN_POINT('Origin',(34.9374966493027,-44.134365853479,-7.45));
#9921=CARTESIAN_POINT('',(36.5900512052753,-46.2351738808917,-12.2308365078999));
#9922=CARTESIAN_POINT('Origin',(35.6555162501405,-52.3811164159221,-7.45));
#9923=CARTESIAN_POINT('',(39.0763941025051,-34.2463463283653,-7.88577871373829));
#9924=CARTESIAN_POINT('Origin',(34.1141934735742,-34.6783901118997,-7.45));
#9925=CARTESIAN_POINT('',(39.8739284493777,-43.4063564673166,-7.88577871373829));
#9926=CARTESIAN_POINT('',(39.8996972782336,-43.7023220699446,-7.88577871373829));
#9927=CARTESIAN_POINT('Ctrl Pts',(39.8739284493777,-43.4063564673166,-7.88577871373829));
#9928=CARTESIAN_POINT('Ctrl Pts',(39.8354083766894,-43.3134954762543,-8.23234065042383));
#9929=CARTESIAN_POINT('Ctrl Pts',(39.7613522542996,-43.2322702862299,-8.57767215798669));
#9930=CARTESIAN_POINT('Ctrl Pts',(39.5365349363806,-43.1077957120559,-9.27339270742789));
#9931=CARTESIAN_POINT('Ctrl Pts',(39.3808234884915,-43.0671616725743,-9.62308836904424));
#9932=CARTESIAN_POINT('Ctrl Pts',(39.0021671393776,-43.0710275541767,-10.2760887532495));
#9933=CARTESIAN_POINT('Ctrl Pts',(38.783384738989,-43.1141182454259,-10.5751775367311));
#9934=CARTESIAN_POINT('Ctrl Pts',(38.3036527640585,-43.3238837333745,-11.112362714421));
#9935=CARTESIAN_POINT('Ctrl Pts',(38.0549802390014,-43.4869442447711,-11.3362337349241));
#9936=CARTESIAN_POINT('Ctrl Pts',(37.5500106452766,-43.9640963297298,-11.7246863256669));
#9937=CARTESIAN_POINT('Ctrl Pts',(37.3126300213997,-44.2778648720098,-11.8683279258869));
#9938=CARTESIAN_POINT('Ctrl Pts',(36.8670695287365,-45.0953084656769,-12.1105823023696));
#9939=CARTESIAN_POINT('Ctrl Pts',(36.6806787486576,-45.6391644211511,-12.187354961955));
#9940=CARTESIAN_POINT('Ctrl Pts',(36.5900512052753,-46.2351738808917,-12.2308365078999));
#9941=CARTESIAN_POINT('Ctrl Pts',(2.80724947161559,-0.672418507820957,-7.88577871373829));
#9942=CARTESIAN_POINT('Ctrl Pts',(5.39362251565551,-0.672418507820956,-7.88577871373829));
#9943=CARTESIAN_POINT('Ctrl Pts',(13.1609694462817,-1.49190857654179,-7.88577871373829));
#9944=CARTESIAN_POINT('Ctrl Pts',(25.2268421370244,-6.99904800645434,-7.88577871373829));
#9945=CARTESIAN_POINT('Ctrl Pts',(35.607300820204,-19.0257514092585,-7.88577871373829));
#9946=CARTESIAN_POINT('Ctrl Pts',(38.6299208916389,-29.1184177891864,-7.88577871373829));
#9947=CARTESIAN_POINT('Ctrl Pts',(39.0763941025051,-34.2463463283653,-7.88577871373829));
#9948=CARTESIAN_POINT('Ctrl Pts',(2.80724947161559,-0.795559600394541,-9.29328784247354));
#9949=CARTESIAN_POINT('Ctrl Pts',(5.3857010330144,-0.79555960039454,-9.29328784247354));
#9950=CARTESIAN_POINT('Ctrl Pts',(13.1257923402789,-1.61211031736421,-9.29328784247354));
#9951=CARTESIAN_POINT('Ctrl Pts',(25.1508849354238,-7.09983301467418,-9.29328784247353));
#9952=CARTESIAN_POINT('Ctrl Pts',(35.4964914985328,-19.087308789528,-9.29328784247354));
#9953=CARTESIAN_POINT('Ctrl Pts',(38.5085686084223,-29.1443136405373,-9.29328784247354));
#9954=CARTESIAN_POINT('Ctrl Pts',(38.9537171181392,-34.257027441936,-9.29328784247354));
#9955=CARTESIAN_POINT('Ctrl Pts',(2.80724947161559,-2.11702638914433,-11.6389139904908));
#9956=CARTESIAN_POINT('Ctrl Pts',(5.29114272612419,-2.11702638914433,-11.6389139904908));
#9957=CARTESIAN_POINT('Ctrl Pts',(12.7498946926504,-2.90423347922055,-11.6389139904908));
#9958=CARTESIAN_POINT('Ctrl Pts',(24.331907543375,-8.19068896194319,-11.6389139904908));
#9959=CARTESIAN_POINT('Ctrl Pts',(34.3012340805885,-19.7388188342368,-11.6389139904908));
#9960=CARTESIAN_POINT('Ctrl Pts',(37.2078952000438,-29.4405536122081,-11.6389139904908));
#9961=CARTESIAN_POINT('Ctrl Pts',(37.6372308242839,-34.3716499173055,-11.6389139904908));
#9962=CARTESIAN_POINT('Ctrl Pts',(2.80724947161559,-4.59372780956884,-12.45));
#9963=CARTESIAN_POINT('Ctrl Pts',(5.11565196274442,-4.59372780956884,-12.45));
#9964=CARTESIAN_POINT('Ctrl Pts',(12.045095079478,-5.32554022390366,-12.45));
#9965=CARTESIAN_POINT('Ctrl Pts',(22.797673867113,-10.2334925292607,-12.45));
#9966=CARTESIAN_POINT('Ctrl Pts',(32.06218556344,-20.961529224987,-12.45));
#9967=CARTESIAN_POINT('Ctrl Pts',(34.769875389105,-29.9924436956129,-12.45));
#9968=CARTESIAN_POINT('Ctrl Pts',(35.1698638789174,-34.586476086209,-12.45));
#9969=CARTESIAN_POINT('Ctrl Pts',(2.80724947161559,-5.65339199827968,-12.45));
#9970=CARTESIAN_POINT('Ctrl Pts',(5.04079719939385,-5.65339199827968,-12.45));
#9971=CARTESIAN_POINT('Ctrl Pts',(11.7435060059858,-6.36145077998796,-12.45));
#9972=CARTESIAN_POINT('Ctrl Pts',(22.1413400132712,-11.1072887466938,-12.45));
#9973=CARTESIAN_POINT('Ctrl Pts',(31.1043491131193,-21.4848877994804,-12.45));
#9974=CARTESIAN_POINT('Ctrl Pts',(33.7267228665283,-30.2281307556679,-12.45));
#9975=CARTESIAN_POINT('Ctrl Pts',(34.1141934735742,-34.6783901118997,-12.45));
#9976=CARTESIAN_POINT('Ctrl Pts',(2.80724947161559,-0.672418507820957,-7.88577871373829));
#9977=CARTESIAN_POINT('Ctrl Pts',(5.39362251565551,-0.672418507820956,-7.88577871373829));
#9978=CARTESIAN_POINT('Ctrl Pts',(13.1609694462817,-1.49190857654179,-7.88577871373829));
#9979=CARTESIAN_POINT('Ctrl Pts',(25.2268421370244,-6.99904800645434,-7.88577871373829));
#9980=CARTESIAN_POINT('Ctrl Pts',(35.607300820204,-19.0257514092585,-7.88577871373829));
#9981=CARTESIAN_POINT('Ctrl Pts',(38.6299208916389,-29.1184177891864,-7.88577871373829));
#9982=CARTESIAN_POINT('Ctrl Pts',(39.0763941025051,-34.2463463283653,-7.88577871373829));
#9983=CARTESIAN_POINT('Ctrl Pts',(-39.0763941025051,-34.2463463283653,-7.88577871373829));
#9984=CARTESIAN_POINT('Ctrl Pts',(-38.8531536308564,-31.6823376536991,-7.88577871373829));
#9985=CARTESIAN_POINT('Ctrl Pts',(-37.8793379523931,-26.5956128926627,-7.88577871373829));
#9986=CARTESIAN_POINT('Ctrl Pts',(-34.8719604743145,-19.4158807004341,-7.88577871373829));
#9987=CARTESIAN_POINT('Ctrl Pts',(-30.4228271890804,-13.009962600344,-7.88577871373829));
#9988=CARTESIAN_POINT('Ctrl Pts',(-24.7106417561975,-7.68141970684376,-7.88577871373829));
#9989=CARTESIAN_POINT('Ctrl Pts',(-17.9891410197775,-3.68831722639764,-7.88577871373829));
#9990=CARTESIAN_POINT('Ctrl Pts',(-10.5706928635373,-1.22448722408303,-7.88577871373829));
#9991=CARTESIAN_POINT('Ctrl Pts',(-5.39366730882794,-0.672418507820964,
-7.88577871373829));
#9992=CARTESIAN_POINT('Ctrl Pts',(-2.80724947161563,-0.672418507820962,
-7.88577871373829));
#9993=CARTESIAN_POINT('Ctrl Pts',(-38.9537171181392,-34.2570274419359,-9.29328784247354));
#9994=CARTESIAN_POINT('Ctrl Pts',(-38.7311390085364,-31.7006262679112,-9.29328784247354));
#9995=CARTESIAN_POINT('Ctrl Pts',(-37.7610644553916,-26.6320710849514,-9.29328784247354));
#9996=CARTESIAN_POINT('Ctrl Pts',(-34.7631855255615,-19.4750014159501,-9.29328784247353));
#9997=CARTESIAN_POINT('Ctrl Pts',(-30.3294982506598,-13.0911448776048,-9.29328784247353));
#9998=CARTESIAN_POINT('Ctrl Pts',(-24.6361607402318,-7.78050712945625,-9.29328784247353));
#9999=CARTESIAN_POINT('Ctrl Pts',(-17.9379165988331,-3.80085946659963,-9.29328784247354));
#10000=CARTESIAN_POINT('Ctrl Pts',(-10.5439364236722,-1.34553722888375,
-9.29328784247353));
#10001=CARTESIAN_POINT('Ctrl Pts',(-5.38574568899537,-0.795559600394548,
-9.29328784247353));
#10002=CARTESIAN_POINT('Ctrl Pts',(-2.80724947161563,-0.795559600394546,
-9.29328784247353));
#10003=CARTESIAN_POINT('Ctrl Pts',(-37.6372308244797,-34.3716499172884,
-11.6389139906555));
#10004=CARTESIAN_POINT('Ctrl Pts',(-37.4225592945463,-31.9060590641233,
-11.6389139906555));
#10005=CARTESIAN_POINT('Ctrl Pts',(-36.4860432721276,-27.0150649265011,
-11.6389139906555));
#10006=CARTESIAN_POINT('Ctrl Pts',(-33.5958502174941,-20.1156030603488,
-11.6389139906555));
#10007=CARTESIAN_POINT('Ctrl Pts',(-29.3219807825756,-13.9623797594121,
-11.6389139906555));
#10008=CARTESIAN_POINT('Ctrl Pts',(-23.837176637966,-8.84604387727028,-11.6389139906555));
#10009=CARTESIAN_POINT('Ctrl Pts',(-17.3843853132799,-5.012695160612,-11.6389139906555));
#10010=CARTESIAN_POINT('Ctrl Pts',(-10.2626471969493,-2.64727552027816,
-11.6389139906555));
#10011=CARTESIAN_POINT('Ctrl Pts',(-5.29118574445794,-2.11702638894782,
-11.6389139906555));
#10012=CARTESIAN_POINT('Ctrl Pts',(-2.80724947161563,-2.11702638894782,
-11.6389139906555));
#10013=CARTESIAN_POINT('Ctrl Pts',(-35.1698638789174,-34.586476086209,-12.45));
#10014=CARTESIAN_POINT('Ctrl Pts',(-34.9698661703281,-32.2894201090849,
-12.45));
#10015=CARTESIAN_POINT('Ctrl Pts',(-34.097439971647,-27.7343698786947,-12.45));
#10016=CARTESIAN_POINT('Ctrl Pts',(-31.4080295624811,-21.3151065367059,
-12.45));
#10017=CARTESIAN_POINT('Ctrl Pts',(-27.4347680595202,-15.5952461363925,
-12.45));
#10018=CARTESIAN_POINT('Ctrl Pts',(-22.3396619781029,-10.8426812669147,
-12.45));
#10019=CARTESIAN_POINT('Ctrl Pts',(-16.3476468529491,-7.28318059652659,
-12.45));
#10020=CARTESIAN_POINT('Ctrl Pts',(-9.73439413595499,-5.08651017664423,
-12.45));
#10021=CARTESIAN_POINT('Ctrl Pts',(-5.11569194176876,-4.59372780956885,
-12.45));
#10022=CARTESIAN_POINT('Ctrl Pts',(-2.80724947161563,-4.59372780956885,
-12.45));
#10023=CARTESIAN_POINT('Ctrl Pts',(-34.1141934735742,-34.6783901118996,
-12.45));
#10024=CARTESIAN_POINT('Ctrl Pts',(-33.9204548147662,-32.4532218969541,
-12.45));
#10025=CARTESIAN_POINT('Ctrl Pts',(-33.0756079643688,-28.042324939392,-12.45));
#10026=CARTESIAN_POINT('Ctrl Pts',(-30.4719647533953,-21.8281697462669,
-12.45));
#10027=CARTESIAN_POINT('Ctrl Pts',(-26.62746195707,-16.293871949713,-12.45));
#10028=CARTESIAN_POINT('Ctrl Pts',(-21.6989386988885,-11.6968958003377,
-12.45));
#10029=CARTESIAN_POINT('Ctrl Pts',(-15.9041670942729,-8.25451592473975,
-12.45));
#10030=CARTESIAN_POINT('Ctrl Pts',(-9.50823906807355,-6.13007893745306,
-12.45));
#10031=CARTESIAN_POINT('Ctrl Pts',(-5.04083588201496,-5.65339199827969,
-12.45));
#10032=CARTESIAN_POINT('Ctrl Pts',(-2.80724947161563,-5.65339199827969,
-12.45));
#10033=CARTESIAN_POINT('',(-39.0763941025051,-34.2463463283653,-7.88577871373829));
#10034=CARTESIAN_POINT('Origin',(-34.1141934735742,-34.6783901118996,-7.45));
#10035=CARTESIAN_POINT('Ctrl Pts',(-39.0763941025051,-34.2463463283653,
-7.88577871373829));
#10036=CARTESIAN_POINT('Ctrl Pts',(-38.8531536308564,-31.6823376536991,
-7.88577871373829));
#10037=CARTESIAN_POINT('Ctrl Pts',(-37.8793379523931,-26.5956128926627,
-7.88577871373829));
#10038=CARTESIAN_POINT('Ctrl Pts',(-34.8719604743145,-19.4158807004341,
-7.88577871373829));
#10039=CARTESIAN_POINT('Ctrl Pts',(-30.4228271890804,-13.009962600344,-7.88577871373829));
#10040=CARTESIAN_POINT('Ctrl Pts',(-24.7106417561975,-7.68141970684376,
-7.88577871373829));
#10041=CARTESIAN_POINT('Ctrl Pts',(-17.9891410197775,-3.68831722639764,
-7.88577871373829));
#10042=CARTESIAN_POINT('Ctrl Pts',(-10.5706928635373,-1.22448722408303,
-7.88577871373829));
#10043=CARTESIAN_POINT('Ctrl Pts',(-5.39366730882794,-0.672418507820964,
-7.88577871373829));
#10044=CARTESIAN_POINT('Ctrl Pts',(-2.80724947161563,-0.672418507820962,
-7.88577871373829));
#10045=CARTESIAN_POINT('Origin',(-35.5522403293519,-51.1949499702473,-7.45));
#10046=CARTESIAN_POINT('',(-36.5900512052753,-46.2351738808917,-12.2308365078999));
#10047=CARTESIAN_POINT('',(-39.8739284493777,-43.4063564673166,-7.88577871373829));
#10048=CARTESIAN_POINT('Ctrl Pts',(-36.5900512052753,-46.2351738808917,
-12.2308365078999));
#10049=CARTESIAN_POINT('Ctrl Pts',(-36.6452606562907,-45.8720904975826,
-12.2043479571644));
#10050=CARTESIAN_POINT('Ctrl Pts',(-36.7381026113139,-45.5152235994694,
-12.1645165658201));
#10051=CARTESIAN_POINT('Ctrl Pts',(-36.996299790396,-44.8436600312002,-12.0402289141659));
#10052=CARTESIAN_POINT('Ctrl Pts',(-37.1606797899655,-44.5291377519137,
-11.9563982603811));
#10053=CARTESIAN_POINT('Ctrl Pts',(-37.5476047242591,-43.9758627066036,
-11.7192512404723));
#10054=CARTESIAN_POINT('Ctrl Pts',(-37.7638904190085,-43.7424026976795,
-11.5702758072053));
#10055=CARTESIAN_POINT('Ctrl Pts',(-38.2437708986621,-43.3564543537951,
-11.1670591599601));
#10056=CARTESIAN_POINT('Ctrl Pts',(-38.4947556772732,-43.2239268132958,
-10.9168279933035));
#10057=CARTESIAN_POINT('Ctrl Pts',(-38.9595187695135,-43.074156268346,-10.3374016436895));
#10058=CARTESIAN_POINT('Ctrl Pts',(-39.1639356336623,-43.0571600657056,
-10.0221406833704));
#10059=CARTESIAN_POINT('Ctrl Pts',(-39.5123727867828,-43.0962431654238,
-9.33530446241543));
#10060=CARTESIAN_POINT('Ctrl Pts',(-39.6511226274501,-43.1558939762194,
-8.9647356659865));
#10061=CARTESIAN_POINT('Ctrl Pts',(-39.8052800186191,-43.2857519476091,
-8.35576885275604));
#10062=CARTESIAN_POINT('Ctrl Pts',(-39.8477718612147,-43.343300337613,-8.12110739352061));
#10063=CARTESIAN_POINT('Ctrl Pts',(-39.8739284493778,-43.4063564673166,
-7.88577871373829));
#10064=CARTESIAN_POINT('',(-40.5144409582828,-50.762906186713,-7.88577871373829));
#10065=CARTESIAN_POINT('Origin',(-35.6555162501406,-52.381116415922,-7.45));
#10066=CARTESIAN_POINT('Origin',(36.9333753445622,-43.9773124500783,-12.45));
#10067=CARTESIAN_POINT('',(36.3907775474367,-47.545691420222,-8.23107903092636));
#10068=CARTESIAN_POINT('Ctrl Pts',(36.3907617653302,-47.5457952107961,-8.23108398220656));
#10069=CARTESIAN_POINT('Ctrl Pts',(36.4547153690845,-47.1252061558632,-9.56970335540639));
#10070=CARTESIAN_POINT('Ctrl Pts',(36.5209804604441,-46.6894156684804,-10.9033590811674));
#10071=CARTESIAN_POINT('Ctrl Pts',(36.5900503446003,-46.2351795410964,-12.230842038316));
#10072=CARTESIAN_POINT('',(34.998534201851,-56.7017401584033,-10.45));
#10073=CARTESIAN_POINT('Origin',(34.998534201851,-56.7017401584033,9.55));
#10074=CARTESIAN_POINT('',(33.8786615536737,-64.0665507569078,-10.45));
#10075=CARTESIAN_POINT('',(35.2018353495969,-55.3647359463227,-10.45));
#10076=CARTESIAN_POINT('',(33.8735314219922,-64.1002889219051,-10.4162618350028));
#10077=CARTESIAN_POINT('Ctrl Pts',(40.1740500931058,-44.1298647924767,-5.18560888454176));
#10078=CARTESIAN_POINT('Ctrl Pts',(39.9527575764188,-43.5963911778123,-7.17655951896682));
#10079=CARTESIAN_POINT('Ctrl Pts',(39.7316900065696,-43.0634598462959,-9.16548632513104));
#10080=CARTESIAN_POINT('Ctrl Pts',(39.5109822218357,-42.5313958548455,-11.1511761741019));
#10081=CARTESIAN_POINT('Ctrl Pts',(39.0517111260681,-44.3537294042106,-5.30565960218944));
#10082=CARTESIAN_POINT('Ctrl Pts',(38.9063152542055,-43.8773206749434,-7.31496815444419));
#10083=CARTESIAN_POINT('Ctrl Pts',(38.767061166968,-43.3874730213754,-9.31989754863938));
#10084=CARTESIAN_POINT('Ctrl Pts',(38.6359458120556,-42.8876553475884,-11.3198063374807));
#10085=CARTESIAN_POINT('Ctrl Pts',(37.2514970661955,-45.4221851423538,-5.71407805349705));
#10086=CARTESIAN_POINT('Ctrl Pts',(37.2639281278625,-44.9561695854186,-7.73482678670648));
#10087=CARTESIAN_POINT('Ctrl Pts',(37.2837425911505,-44.4653279152223,-9.7489290676375));
#10088=CARTESIAN_POINT('Ctrl Pts',(37.3102642497528,-43.9427145238196,-11.7528752910796));
#10089=CARTESIAN_POINT('Ctrl Pts',(36.4362449671017,-47.246676228825,-6.30697819496037));
#10090=CARTESIAN_POINT('Ctrl Pts',(36.5223542542272,-46.682159203289,-8.31685680767856));
#10091=CARTESIAN_POINT('Ctrl Pts',(36.6121987984995,-46.0885921426843,-10.3178520006226));
#10092=CARTESIAN_POINT('Ctrl Pts',(36.7085182515702,-45.4560787225754,-12.305951382514));
#10093=CARTESIAN_POINT('Ctrl Pts',(36.31224472228,-48.0621603097751,-6.56086117897418));
#10094=CARTESIAN_POINT('Ctrl Pts',(36.405029718629,-47.451962422001,-8.56616306224092));
#10095=CARTESIAN_POINT('Ctrl Pts',(36.5025146964843,-46.8108552396158,-10.5615110887885));
#10096=CARTESIAN_POINT('Ctrl Pts',(36.6063435715351,-46.128027597875,-12.5428759207899));
#10097=CARTESIAN_POINT('',(40.1740500931058,-44.1298647924767,-5.18560888454176));
#10098=CARTESIAN_POINT('',(40.1194047111358,-43.9981302454587,-5.67724890712506));
#10099=CARTESIAN_POINT('',(37.2502251989851,-45.5784522945381,-7.20380517084772));
#10100=CARTESIAN_POINT('Ctrl Pts',(37.2502251989842,-45.5784522945393,-7.20380517084841));
#10101=CARTESIAN_POINT('Ctrl Pts',(37.6490656320107,-45.0745106589884,-6.91527739347057));
#10102=CARTESIAN_POINT('Ctrl Pts',(38.4218728377388,-44.4801800978775,-6.45585827582655));
#10103=CARTESIAN_POINT('Ctrl Pts',(39.4881855664263,-44.155250197095,-5.74866526717753));
#10104=CARTESIAN_POINT('Ctrl Pts',(39.9667066151347,-44.1243931065422,-5.36877670749592));
#10105=CARTESIAN_POINT('Ctrl Pts',(40.1733920956768,-44.1307068622527,-5.18489818793873));
#10106=CARTESIAN_POINT('Ctrl Pts',(36.3907775474367,-47.545691420222,-8.23107903092634));
#10107=CARTESIAN_POINT('Ctrl Pts',(36.499887286924,-46.8281343238111,-7.89055142447053));
#10108=CARTESIAN_POINT('Ctrl Pts',(36.7971317920575,-46.1509434805792,-7.53158044842549));
#10109=CARTESIAN_POINT('Ctrl Pts',(37.2502251989851,-45.5784522945381,-7.20380517084772));
#10110=CARTESIAN_POINT('Origin',(-42.9390917408019,-81.5,-10.45));
#10111=CARTESIAN_POINT('',(-41.8517888674621,-81.5,-3.70000000000001));
#10112=CARTESIAN_POINT('',(-41.8517888674621,-81.5,-1.7));
#10113=CARTESIAN_POINT('',(-41.8517888674621,-81.5,-3.7));
#10114=CARTESIAN_POINT('',(41.8517888674621,-81.5,-3.7));
#10115=CARTESIAN_POINT('',(40.,-81.5,-3.69999999999999));
#10116=CARTESIAN_POINT('',(41.8517888674621,-81.5,-1.7));
#10117=CARTESIAN_POINT('',(41.8517888674621,-81.5,-3.7));
#10118=CARTESIAN_POINT('',(-43.5582202609071,-81.5,-1.7));
#10119=CARTESIAN_POINT('Origin',(4.44089209850063E-15,-58.7207333926315,
-3.7));
#10120=CARTESIAN_POINT('',(-43.9226782662584,-115.308107078542,-3.7));
#10121=CARTESIAN_POINT('',(43.9226782662584,-115.308107078542,-3.7));
#10122=CARTESIAN_POINT('',(-20.5860515882059,-115.308107078542,-3.7));
#10123=CARTESIAN_POINT('',(44.719663134929,-114.438716019246,-3.7));
#10124=CARTESIAN_POINT('Origin',(43.9226782662584,-114.508107078542,-3.7));
#10125=CARTESIAN_POINT('',(42.0430125352724,-83.6962825084808,-3.7));
#10126=CARTESIAN_POINT('',(42.3899301490012,-81.5,-3.7));
#10127=CARTESIAN_POINT('',(-21.4695458704009,-81.5,-3.7));
#10128=CARTESIAN_POINT('',(42.2818564315176,-79.016895321117,-3.7));
#10129=CARTESIAN_POINT('',(41.8550754473369,-69.2111637949632,-3.7));
#10130=CARTESIAN_POINT('',(43.3420238551991,-79.016895321117,-3.7));
#10131=CARTESIAN_POINT('',(0.,-79.016895321117,-3.7));
#10132=CARTESIAN_POINT('',(46.4138548787983,-114.298138607565,-3.7));
#10133=CARTESIAN_POINT('',(40.3516633422378,-44.6713743723892,-3.7));
#10134=CARTESIAN_POINT('',(43.9457662010332,-117.008107078542,-3.7));
#10135=CARTESIAN_POINT('Origin',(43.9109534021833,-114.483538147245,-3.7));
#10136=CARTESIAN_POINT('',(-43.9457662010332,-117.008107078542,-3.7));
#10137=CARTESIAN_POINT('',(22.1139706172061,-117.008107078542,-3.7));
#10138=CARTESIAN_POINT('',(-46.4138548787983,-114.298138607565,-3.7));
#10139=CARTESIAN_POINT('Origin',(-43.9109534021833,-114.483538147245,-3.7));
#10140=CARTESIAN_POINT('',(-43.3420238551991,-79.016895321117,-3.7));
#10141=CARTESIAN_POINT('',(-40.7896018672783,-49.7012785330548,-3.7));
#10142=CARTESIAN_POINT('',(-42.2818564315176,-79.016895321117,-3.7));
#10143=CARTESIAN_POINT('',(0.,-79.016895321117,-3.7));
#10144=CARTESIAN_POINT('',(-42.3899301490012,-81.5,-3.7));
#10145=CARTESIAN_POINT('',(-41.8010385885951,-67.9696114555216,-3.7));
#10146=CARTESIAN_POINT('',(-21.4695458704009,-81.5,-3.7));
#10147=CARTESIAN_POINT('',(-44.719663134929,-114.438716019246,-3.7));
#10148=CARTESIAN_POINT('',(-40.710150312622,-68.3878114424043,-3.7));
#10149=CARTESIAN_POINT('Origin',(-43.9226782662584,-114.508107078542,-3.7));
#10150=CARTESIAN_POINT('Origin',(44.5175133127629,-112.116942132153,-3.7));
#10151=CARTESIAN_POINT('',(44.719663134929,-114.438716019246,-1.7));
#10152=CARTESIAN_POINT('',(44.719663134929,-114.438716019246,-3.7));
#10153=CARTESIAN_POINT('',(44.7953583820012,-115.308107078542,-1.7));
#10154=CARTESIAN_POINT('Origin',(36.5295430336581,-53.2851698367759,-8.45));
#10155=CARTESIAN_POINT('',(36.3030284533993,-54.7748365271096,-5.45));
#10156=CARTESIAN_POINT('',(33.3371204865279,-54.3238487977328,-8.45));
#10157=CARTESIAN_POINT('Origin',(36.3030284533993,-54.7748365271096,-8.45));
#10158=CARTESIAN_POINT('',(31.7897630476622,-64.5000009557318,-8.45));
#10159=CARTESIAN_POINT('',(33.5636350667867,-52.834182107399,-8.45));
#10160=CARTESIAN_POINT('',(34.8242469563094,-64.5000009557318,-5.45));
#10161=CARTESIAN_POINT('Origin',(34.8242469563094,-64.5000009557318,-8.45));
#10162=CARTESIAN_POINT('',(36.5295430336581,-53.2851698367759,-5.45));
#10163=CARTESIAN_POINT('Ctrl Pts',(34.1475705734189,-48.9939468671798,-8.31411538278337));
#10164=CARTESIAN_POINT('Ctrl Pts',(33.8776332544535,-50.7691819627811,-8.405682555968));
#10165=CARTESIAN_POINT('Ctrl Pts',(33.6072843000986,-52.5471241668058,-8.45));
#10166=CARTESIAN_POINT('Ctrl Pts',(33.3371204865279,-54.3238487977328,-8.45));
#10167=CARTESIAN_POINT('Ctrl Pts',(34.1416048129537,-49.0331805210899,-7.53589609024341));
#10168=CARTESIAN_POINT('Ctrl Pts',(33.8724338145907,-50.7966239811653,-7.58635550516226));
#10169=CARTESIAN_POINT('Ctrl Pts',(33.6064923993868,-52.5621484114949,-7.5923633360744));
#10170=CARTESIAN_POINT('Ctrl Pts',(33.3371204865279,-54.3238487977328,-7.55240209897435));
#10171=CARTESIAN_POINT('Ctrl Pts',(34.6839393268255,-49.1854685398056,-6.1822372789486));
#10172=CARTESIAN_POINT('Ctrl Pts',(34.4784526228553,-50.9378214422431,-6.16427148362618));
#10173=CARTESIAN_POINT('Ctrl Pts',(34.2766554715742,-52.6900889180541,-6.10217006870326));
#10174=CARTESIAN_POINT('Ctrl Pts',(34.0817208394162,-54.4370706597032,-5.99829214212584));
#10175=CARTESIAN_POINT('Ctrl Pts',(35.9165090134083,-49.4079715121821,-5.50209693347117));
#10176=CARTESIAN_POINT('Ctrl Pts',(35.8196008868989,-51.1630344796814,-5.51391293303083));
#10177=CARTESIAN_POINT('Ctrl Pts',(35.7252928318123,-52.9196325082883,-5.49651167689232));
#10178=CARTESIAN_POINT('Ctrl Pts',(35.6374802619746,-54.6736351172904,-5.45));
#10179=CARTESIAN_POINT('Ctrl Pts',(36.4810187467555,-49.5000009557318,-5.38205769139169));
#10180=CARTESIAN_POINT('Ctrl Pts',(36.4217353641419,-51.2568950509417,-5.427841277984));
#10181=CARTESIAN_POINT('Ctrl Pts',(36.3623615785473,-53.0164682858418,-5.45));
#10182=CARTESIAN_POINT('Ctrl Pts',(36.3030284533993,-54.7748365271096,-5.45));
#10183=CARTESIAN_POINT('',(36.4810187467555,-49.5000009557318,-5.38205769139168));
#10184=CARTESIAN_POINT('',(34.0706213939813,-49.5000009557318,-8.3389261585708));
#10185=CARTESIAN_POINT('Ctrl Pts',(34.0706213340067,-49.5000013501533,-8.3389372344802));
#10186=CARTESIAN_POINT('Ctrl Pts',(34.0705964986381,-49.499997597216,-8.23991673696859));
#10187=CARTESIAN_POINT('Ctrl Pts',(34.0757804869729,-49.5000295099809,-8.14122592837276));
#10188=CARTESIAN_POINT('Ctrl Pts',(34.085918803874,-49.5000736548516,-8.04317819737149));
#10189=CARTESIAN_POINT('Ctrl Pts',(34.0962302482684,-49.5001185535645,-7.94345614921719));
#10190=CARTESIAN_POINT('Ctrl Pts',(34.1116668315243,-49.5001761755865,-7.84439857364347));
#10191=CARTESIAN_POINT('Ctrl Pts',(34.132015209605,-49.5002296506287,-7.746330818984));
#10192=CARTESIAN_POINT('Ctrl Pts',(34.1525960390941,-49.5002837365475,-7.64714277908189));
#10193=CARTESIAN_POINT('Ctrl Pts',(34.1782017439713,-49.500333663225,-7.5489664738856));
#10194=CARTESIAN_POINT('Ctrl Pts',(34.20866381715,-49.5003686972188,-7.45214617406364));
#10195=CARTESIAN_POINT('Ctrl Pts',(34.2341179968612,-49.5003979717062,-7.37124290471292));
#10196=CARTESIAN_POINT('Ctrl Pts',(34.2629640555299,-49.5004169944244,-7.29128633140152));
#10197=CARTESIAN_POINT('Ctrl Pts',(34.2951294008324,-49.5004223848974,-7.21248776943315));
#10198=CARTESIAN_POINT('Ctrl Pts',(34.3335780030714,-49.5004288283585,-7.11829650434263));
#10199=CARTESIAN_POINT('Ctrl Pts',(34.3765768322154,-49.5004158677508,-7.026228058211));
#10200=CARTESIAN_POINT('Ctrl Pts',(34.4239063964226,-49.5003861190864,-6.93660654200983));
#10201=CARTESIAN_POINT('Ctrl Pts',(34.4713262442667,-49.5003563136748,-6.84681406804561));
#10202=CARTESIAN_POINT('Ctrl Pts',(34.5230936721767,-49.5003097468516,-6.75947704944398));
#10203=CARTESIAN_POINT('Ctrl Pts',(34.5790383161946,-49.5002546000255,-6.67493471785056));
#10204=CARTESIAN_POINT('Ctrl Pts',(34.6340564139431,-49.5002003665322,-6.59179256286604));
#10205=CARTESIAN_POINT('Ctrl Pts',(34.6931149199473,-49.5001379324549,-6.51135258178228));
#10206=CARTESIAN_POINT('Ctrl Pts',(34.7560949279079,-49.5000790233322,-6.43396147915249));
#10207=CARTESIAN_POINT('Ctrl Pts',(34.8104719228741,-49.5000281611432,-6.36714193221373));
#10208=CARTESIAN_POINT('Ctrl Pts',(34.8677730214033,-49.4999800202665,-6.30259529039208));
#10209=CARTESIAN_POINT('Ctrl Pts',(34.9279449401549,-49.4999437607154,-6.24056564327082));
#10210=CARTESIAN_POINT('Ctrl Pts',(34.9381844757607,-49.4999375903793,-6.23000997555253));
#10211=CARTESIAN_POINT('Ctrl Pts',(34.9485010891429,-49.499931795517,-6.21953353966786));
#10212=CARTESIAN_POINT('Ctrl Pts',(34.9588942766958,-49.4999264334043,-6.20913734344894));
#10213=CARTESIAN_POINT('Ctrl Pts',(35.0291750492295,-49.4998901737464,-6.13883622572551));
#10214=CARTESIAN_POINT('Ctrl Pts',(35.1029538360694,-49.4998733860878,-6.0722016676097));
#10215=CARTESIAN_POINT('Ctrl Pts',(35.1798411569846,-49.499867269245,-6.00934730720319));
#10216=CARTESIAN_POINT('Ctrl Pts',(35.2577774644616,-49.4998610689491,-5.94563541425908));
#10217=CARTESIAN_POINT('Ctrl Pts',(35.3389083174596,-49.4998659516295,-5.88580706585128));
#10218=CARTESIAN_POINT('Ctrl Pts',(35.4228669138076,-49.4998756824287,-5.83001743507768));
#10219=CARTESIAN_POINT('Ctrl Pts',(35.4946221663922,-49.4998839988607,-5.78233680174303));
#10220=CARTESIAN_POINT('Ctrl Pts',(35.5684437694407,-49.4998959503319,-5.73760660909297));
#10221=CARTESIAN_POINT('Ctrl Pts',(35.6441194887176,-49.499908287491,-5.69594880760746));
#10222=CARTESIAN_POINT('Ctrl Pts',(35.732996402951,-49.4999227767966,-5.64702404170957));
#10223=CARTESIAN_POINT('Ctrl Pts',(35.8241313496498,-49.4999382932628,-5.60250060278792));
#10224=CARTESIAN_POINT('Ctrl Pts',(35.9171528320984,-49.4999521188813,-5.56253300859466));
#10225=CARTESIAN_POINT('Ctrl Pts',(36.0094815724816,-49.4999658415388,-5.52286305783835));
#10226=CARTESIAN_POINT('Ctrl Pts',(36.1036695945412,-49.4999780245754,-5.48768098394475));
#10227=CARTESIAN_POINT('Ctrl Pts',(36.1993792607979,-49.4999868679752,-5.45718159734436));
#10228=CARTESIAN_POINT('Ctrl Pts',(36.291932750416,-49.4999954197501,-5.42768797594242));
#10229=CARTESIAN_POINT('Ctrl Pts',(36.3859098865131,-49.5000009557318,-5.40257315747164));
#10230=CARTESIAN_POINT('Ctrl Pts',(36.4810187467555,-49.5000009557318,-5.38205769139169));
#10231=CARTESIAN_POINT('Ctrl Pts',(34.070621470207,-49.5000004544358,-8.33893719280677));
#10232=CARTESIAN_POINT('Ctrl Pts',(33.8262643963718,-51.1070077959672,-8.41370353262758));
#10233=CARTESIAN_POINT('Ctrl Pts',(33.5816166252946,-52.7159268996371,-8.45));
#10234=CARTESIAN_POINT('Ctrl Pts',(33.3371204865279,-54.3238487977328,-8.45));
#10235=CARTESIAN_POINT('Ctrl Pts',(36.3030284533993,-54.7748365271096,-5.45));
#10236=CARTESIAN_POINT('Ctrl Pts',(36.3623615785473,-53.0164682858418,-5.45));
#10237=CARTESIAN_POINT('Ctrl Pts',(36.4217353641419,-51.2568950509417,-5.427841277984));
#10238=CARTESIAN_POINT('Ctrl Pts',(36.4810187467555,-49.5000009557318,-5.38205769139169));
#10239=CARTESIAN_POINT('Origin',(35.7735284715554,-48.6933113598439,-2.45));
#10240=CARTESIAN_POINT('',(36.331869873908,-55.1060921091629,-5.45));
#10241=CARTESIAN_POINT('',(35.7735284715554,-48.6933113598439,-5.45));
#10242=CARTESIAN_POINT('',(39.313104015309,-54.911523370894,-2.73031944721081));
#10243=CARTESIAN_POINT('Origin',(36.331869873908,-55.1060921091629,-2.45));
#10244=CARTESIAN_POINT('',(39.3149301460798,-54.9127908927938,-2.71146722824298));
#10245=CARTESIAN_POINT('Origin',(42.3625748193798,-124.371219889753,-2.45));
#10246=CARTESIAN_POINT('',(38.8436549158421,-49.5000009557318,-2.71146722824298));
#10247=CARTESIAN_POINT('',(38.7508488489139,-48.4340850897233,-2.71146722824298));
#10248=CARTESIAN_POINT('Origin',(35.8437644920648,-49.5000009557318,-2.45));
#10249=CARTESIAN_POINT('Origin',(37.0834357068632,-62.7386562250391,-5.45));
#10250=CARTESIAN_POINT('',(36.7407268421158,-64.5000009557318,-5.45));
#10251=CARTESIAN_POINT('',(33.6323439311174,-64.5000009557318,-5.45));
#10252=CARTESIAN_POINT('',(36.0455438672494,-48.5274579752177,-5.45));
#10253=CARTESIAN_POINT('Ctrl Pts',(41.1885676296526,-38.9773124500783,-2.97293445648595));
#10254=CARTESIAN_POINT('Ctrl Pts',(41.1053722783525,-38.9773124500783,-3.92027771013875));
#10255=CARTESIAN_POINT('Ctrl Pts',(40.374755450607,-38.9773124500783,-6.08516745339036));
#10256=CARTESIAN_POINT('Ctrl Pts',(38.5742780457942,-38.9773124500783,-7.57175523097532));
#10257=CARTESIAN_POINT('Ctrl Pts',(37.389547013826,-38.9773124500783,-8.03507778922835));
#10258=CARTESIAN_POINT('Ctrl Pts',(40.7168650968283,-38.9773124500783,-2.93150970597852));
#10259=CARTESIAN_POINT('Ctrl Pts',(40.6406049609018,-38.9773137978107,-3.80381531990635));
#10260=CARTESIAN_POINT('Ctrl Pts',(39.9711977318225,-38.9773074269593,-5.79804062421896));
#10261=CARTESIAN_POINT('Ctrl Pts',(38.3158493741305,-38.9772947399288,-7.1759531409244));
#10262=CARTESIAN_POINT('Ctrl Pts',(37.2227880915325,-38.9773124500783,-7.60866973596269));
#10263=CARTESIAN_POINT('Ctrl Pts',(39.7751049025202,-39.2060155288746,-2.84880465698618));
#10264=CARTESIAN_POINT('Ctrl Pts',(39.7126927151104,-39.2056778832919,-3.57124362861651));
#10265=CARTESIAN_POINT('Ctrl Pts',(39.1654313607298,-39.2027093045259,-5.22470735130659));
#10266=CARTESIAN_POINT('Ctrl Pts',(37.7997529378931,-39.1955375589253,-6.38563549726353));
#10267=CARTESIAN_POINT('Ctrl Pts',(36.8897882272226,-39.1909135726962,-6.75717812204995));
#10268=CARTESIAN_POINT('Ctrl Pts',(38.4853840986535,-40.3169994293621,-2.73554182966039));
#10269=CARTESIAN_POINT('Ctrl Pts',(38.4413972482864,-40.3151445059774,-3.25299656842752));
#10270=CARTESIAN_POINT('Ctrl Pts',(38.0566308614995,-40.2987994470963,-4.43880200879916));
#10271=CARTESIAN_POINT('Ctrl Pts',(37.0833188863349,-40.259155499872,-5.29046891310398));
#10272=CARTESIAN_POINT('Ctrl Pts',(36.4257060125522,-40.233540251592,-5.57050462361815));
#10273=CARTESIAN_POINT('Ctrl Pts',(38.1501084081989,-41.5289183313362,-2.70609803646062));
#10274=CARTESIAN_POINT('Ctrl Pts',(38.1100165798439,-41.5257611568279,-3.1694471658778));
#10275=CARTESIAN_POINT('Ctrl Pts',(37.7578026157484,-41.4980300467901,-4.23134213031466));
#10276=CARTESIAN_POINT('Ctrl Pts',(36.8769288804172,-41.430225826793,-4.98127119744531));
#10277=CARTESIAN_POINT('Ctrl Pts',(36.2895175284435,-41.3859590485736,-5.22226618703383));
#10278=CARTESIAN_POINT('Ctrl Pts',(38.2112472522941,-42.2365387201989,-2.71146722824298));
#10279=CARTESIAN_POINT('Ctrl Pts',(38.1693366113894,-42.2329441854722,-3.18513885506938));
#10280=CARTESIAN_POINT('Ctrl Pts',(37.8012797545093,-42.2013771866174,-4.26758372669518));
#10281=CARTESIAN_POINT('Ctrl Pts',(36.894267994947,-42.1235858382424,-5.01087761548766));
#10282=CARTESIAN_POINT('Ctrl Pts',(36.2974457437814,-42.0723984008482,-5.24253889461418));
#10283=CARTESIAN_POINT('',(38.2112472522941,-42.2365387201989,-2.71146722824298));
#10284=CARTESIAN_POINT('Origin',(35.188786782098,-41.9773124500783,-2.45));
#10285=CARTESIAN_POINT('',(37.4893697792997,-38.9887028911372,-7.71146723266247));
#10286=CARTESIAN_POINT('Ctrl Pts',(37.4893697792997,-38.9887028911372,-7.71146723266247));
#10287=CARTESIAN_POINT('Ctrl Pts',(37.5243515648742,-39.017159655216,-7.34134343984324));
#10288=CARTESIAN_POINT('Ctrl Pts',(37.5669222609467,-39.1006667174095,-6.9393834032442));
#10289=CARTESIAN_POINT('Ctrl Pts',(37.7008026407714,-39.5169543071802,-5.82761078936762));
#10290=CARTESIAN_POINT('Ctrl Pts',(37.787254767464,-39.9108271176614,-5.23367976425055));
#10291=CARTESIAN_POINT('Ctrl Pts',(37.978766872377,-40.8830540248588,-4.01683075513094));
#10292=CARTESIAN_POINT('Ctrl Pts',(38.0942891300059,-41.5650590326622,-3.37754162347284));
#10293=CARTESIAN_POINT('Ctrl Pts',(38.2103743614774,-42.2315280834569,-2.71643912070913));
#10294=CARTESIAN_POINT('Ctrl Pts',(38.2108108072606,-42.2340335406315,-2.71395330782131));
#10295=CARTESIAN_POINT('Ctrl Pts',(38.2112472522941,-42.2365387201989,-2.71146722824298));
#10296=CARTESIAN_POINT('',(37.4464298510585,-38.9773124500783,-8.01249901782336));
#10297=CARTESIAN_POINT('Ctrl Pts',(37.4464235040805,-38.9773124500783,-8.01249003141193));
#10298=CARTESIAN_POINT('Ctrl Pts',(37.462578643885,-38.9773123187794,-7.92811232893511));
#10299=CARTESIAN_POINT('Ctrl Pts',(37.4752325291864,-38.9799668421484,-7.84350475794243));
#10300=CARTESIAN_POINT('Ctrl Pts',(37.4844799429751,-38.985461200856,-7.75892767454947));
#10301=CARTESIAN_POINT('Ctrl Pts',(37.4862113803255,-38.9864899358192,-7.74309190418999));
#10302=CARTESIAN_POINT('Ctrl Pts',(37.4878235281159,-38.9876182924314,-7.72725721503579));
#10303=CARTESIAN_POINT('Ctrl Pts',(37.4893171911257,-38.9888475772806,-7.71142533483606));
#10304=CARTESIAN_POINT('Origin',(35.188786782098,-38.9773124500783,-2.45));
#10305=CARTESIAN_POINT('Ctrl Pts',(34.3780374977213,-47.4782876987289,-8.22413109002058));
#10306=CARTESIAN_POINT('Ctrl Pts',(34.3516719503764,-47.6516799704634,-8.23579702009612));
#10307=CARTESIAN_POINT('Ctrl Pts',(34.3252264974823,-47.8255977387684,-8.24701970090928));
#10308=CARTESIAN_POINT('Ctrl Pts',(34.2987072286132,-48.0000009557318,-8.2577965482219));
#10309=CARTESIAN_POINT('Ctrl Pts',(34.3706060175076,-47.5271606168499,-7.48093090910354));
#10310=CARTESIAN_POINT('Ctrl Pts',(34.3443061302499,-47.6994673875519,-7.48850993811902));
#10311=CARTESIAN_POINT('Ctrl Pts',(34.3182243406522,-47.872331259801,-7.49577669125865));
#10312=CARTESIAN_POINT('Ctrl Pts',(34.2917705269824,-48.0456199765846,-7.50246801744303));
#10313=CARTESIAN_POINT('Ctrl Pts',(34.860527327516,-47.6887210920611,-6.18688112247352));
#10314=CARTESIAN_POINT('Ctrl Pts',(34.8402232845907,-47.8600230121658,-6.18761522921857));
#10315=CARTESIAN_POINT('Ctrl Pts',(34.8198156537414,-48.0318080733192,-6.18786626210273));
#10316=CARTESIAN_POINT('Ctrl Pts',(34.7994764050362,-48.2040612270309,-6.18773517582234));
#10317=CARTESIAN_POINT('Ctrl Pts',(36.0004385431693,-47.9093227115669,-5.48430252170091));
#10318=CARTESIAN_POINT('Ctrl Pts',(35.9907496282307,-48.0807984253776,-5.487182895819));
#10319=CARTESIAN_POINT('Ctrl Pts',(35.9810114240233,-48.2527774440334,-5.48984387071333));
#10320=CARTESIAN_POINT('Ctrl Pts',(35.9713396822487,-48.4252346030849,-5.49213369360315));
#10321=CARTESIAN_POINT('Ctrl Pts',(36.5316336780499,-48.0000009557318,-5.33706554501029));
#10322=CARTESIAN_POINT('Ctrl Pts',(36.5258433010948,-48.1716018096808,-5.34289851004806));
#10323=CARTESIAN_POINT('Ctrl Pts',(36.5200353753573,-48.3437227309854,-5.34850985045464));
#10324=CARTESIAN_POINT('Ctrl Pts',(36.5142112382242,-48.5163240854921,-5.35389827411095));
#10325=CARTESIAN_POINT('Ctrl Pts',(36.5316336780499,-48.0000009557318,-5.33706554501029));
#10326=CARTESIAN_POINT('Ctrl Pts',(36.4344518661434,-48.0000009557318,-5.36440885607076));
#10327=CARTESIAN_POINT('Ctrl Pts',(36.3388409557289,-47.9999938091924,-5.39658228692052));
#10328=CARTESIAN_POINT('Ctrl Pts',(36.2451066049232,-47.9999839570321,-5.43331210660826));
#10329=CARTESIAN_POINT('Ctrl Pts',(36.1510089085874,-47.9999740666815,-5.47018430329747));
#10330=CARTESIAN_POINT('Ctrl Pts',(36.0588016471578,-47.9999613154411,-5.51164869347169));
#10331=CARTESIAN_POINT('Ctrl Pts',(35.9688103807528,-47.9999481421634,-5.55747942966413));
#10332=CARTESIAN_POINT('Ctrl Pts',(35.8791947416024,-47.9999350238716,-5.60311886647495));
#10333=CARTESIAN_POINT('Ctrl Pts',(35.7917759852604,-47.999921357125,-5.65308873301503));
#10334=CARTESIAN_POINT('Ctrl Pts',(35.7069018609312,-47.999909497484,-5.70720994633624));
#10335=CARTESIAN_POINT('Ctrl Pts',(35.6223035414996,-47.9998976763817,-5.7611552886743));
#10336=CARTESIAN_POINT('Ctrl Pts',(35.5402327061893,-47.9998875262464,-5.81922547945906));
#10337=CARTESIAN_POINT('Ctrl Pts',(35.4610694711364,-47.9998832238232,-5.88128025811171));
#10338=CARTESIAN_POINT('Ctrl Pts',(35.3817326901217,-47.999878911968,-5.94347107663493));
#10339=CARTESIAN_POINT('Ctrl Pts',(35.3056731439985,-47.9998793086159,-6.00938431009662));
#10340=CARTESIAN_POINT('Ctrl Pts',(35.2332173634948,-47.9998930939824,-6.07881953196658));
#10341=CARTESIAN_POINT('Ctrl Pts',(35.1925430207287,-47.9999008326434,-6.1177982303498));
#10342=CARTESIAN_POINT('Ctrl Pts',(35.1530048306241,-47.9999127870344,-6.15788763437245));
#10343=CARTESIAN_POINT('Ctrl Pts',(35.1146650422264,-47.9999306207582,-6.19905792273449));
#10344=CARTESIAN_POINT('Ctrl Pts',(35.0455884362294,-47.9999627516895,-6.27323422643426));
#10345=CARTESIAN_POINT('Ctrl Pts',(34.9803993930583,-48.0000137922395,-6.35091764486164));
#10346=CARTESIAN_POINT('Ctrl Pts',(34.9192237986251,-48.000067780615,-6.43174978792395));
#10347=CARTESIAN_POINT('Ctrl Pts',(34.8578048431749,-48.0001219837602,-6.51290348720029));
#10348=CARTESIAN_POINT('Ctrl Pts',(34.8004309905985,-48.0001790522996,-6.59723181565827));
#10349=CARTESIAN_POINT('Ctrl Pts',(34.7472758473634,-48.0002265057818,-6.68439572371096));
#10350=CARTESIAN_POINT('Ctrl Pts',(34.7261286372304,-48.0002453846465,-6.71907296033229));
#10351=CARTESIAN_POINT('Ctrl Pts',(34.7056496882911,-48.0002627911093,-6.75419919707756));
#10352=CARTESIAN_POINT('Ctrl Pts',(34.6858521440182,-48.000278157991,-6.78975368467418));
#10353=CARTESIAN_POINT('Ctrl Pts',(34.6364948767092,-48.0003164691713,-6.87839459508962));
#10354=CARTESIAN_POINT('Ctrl Pts',(34.5915635727628,-48.0003418991462,-6.96934724624699));
#10355=CARTESIAN_POINT('Ctrl Pts',(34.5511881366405,-48.0003509089187,-7.06225404769378));
#10356=CARTESIAN_POINT('Ctrl Pts',(34.5110058917662,-48.0003598755806,-7.15471630209296));
#10357=CARTESIAN_POINT('Ctrl Pts',(34.4753357577352,-48.0003524774159,-7.24911486310939));
#10358=CARTESIAN_POINT('Ctrl Pts',(34.4443535472409,-48.0003299816506,-7.34511485139717));
#10359=CARTESIAN_POINT('Ctrl Pts',(34.4280037162654,-48.0003181102587,-7.3957756518087));
#10360=CARTESIAN_POINT('Ctrl Pts',(34.4129602267294,-48.000302123449,-7.44688264704488));
#10361=CARTESIAN_POINT('Ctrl Pts',(34.399254699547,-48.0002828905953,-7.49838744749788));
#10362=CARTESIAN_POINT('Ctrl Pts',(34.3732467407145,-48.0002463938401,-7.5961242738185));
#10363=CARTESIAN_POINT('Ctrl Pts',(34.352139932657,-48.0001979713028,-7.69496908659111));
#10364=CARTESIAN_POINT('Ctrl Pts',(34.3360914039142,-48.0001499416516,-7.79457795648674));
#10365=CARTESIAN_POINT('Ctrl Pts',(34.3203209333345,-48.000102744166,-7.89246099469845));
#10366=CARTESIAN_POINT('Ctrl Pts',(34.3094348652365,-48.0000558476256,-7.99108263526376));
#10367=CARTESIAN_POINT('Ctrl Pts',(34.3036312704692,-48.0000272468688,-8.09012274452459));
#10368=CARTESIAN_POINT('Ctrl Pts',(34.3003627832557,-48.0000111394023,-8.14590047259081));
#10369=CARTESIAN_POINT('Ctrl Pts',(34.2987072286132,-48.0000009557318,-8.20181097607175));
#10370=CARTESIAN_POINT('Ctrl Pts',(34.2987072286132,-48.0000009557318,-8.2577965482219));
#10371=CARTESIAN_POINT('Origin',(40.1107691906434,-38.9773124500783,-10.45));
#10372=CARTESIAN_POINT('Origin',(34.4884876246971,-38.9773124500783,-7.45));
#10373=CARTESIAN_POINT('Ctrl Pts',(20.6788036203365,-80.2426406871193,-5.45));
#10374=CARTESIAN_POINT('Ctrl Pts',(23.1057939795275,-80.2426406871193,-5.45));
#10375=CARTESIAN_POINT('Ctrl Pts',(27.2677380658936,-78.6136579666186,-5.45));
#10376=CARTESIAN_POINT('Ctrl Pts',(31.9283890015532,-73.1291177232819,-5.45));
#10377=CARTESIAN_POINT('Ctrl Pts',(33.6975238127672,-68.9790242577897,-5.45));
#10378=CARTESIAN_POINT('Ctrl Pts',(34.2979830492163,-66.7872515450887,-5.45));
#10379=CARTESIAN_POINT('Ctrl Pts',(20.6788036203365,-79.7938417366065,-5.45));
#10380=CARTESIAN_POINT('Ctrl Pts',(22.9886227678522,-79.7824865830975,-5.44993583219602));
#10381=CARTESIAN_POINT('Ctrl Pts',(26.9530632844,-78.1621240367192,-5.45249187861338));
#10382=CARTESIAN_POINT('Ctrl Pts',(31.3413145077947,-72.7627520608293,-5.45100126683069));
#10383=CARTESIAN_POINT('Ctrl Pts',(32.964706628233,-68.7020396043746,-5.45167553409389));
#10384=CARTESIAN_POINT('Ctrl Pts',(33.4967843775736,-66.567754724168,-5.45));
#10385=CARTESIAN_POINT('Ctrl Pts',(20.6788036203365,-79.0089809276612,-5.62945958621162));
#10386=CARTESIAN_POINT('Ctrl Pts',(22.7838135218864,-78.9778704824164,-5.63869846944301));
#10387=CARTESIAN_POINT('Ctrl Pts',(26.3996297360739,-77.3722509972028,-5.69392336431215));
#10388=CARTESIAN_POINT('Ctrl Pts',(30.3151951625465,-72.1240798978637,-5.86696002487252));
#10389=CARTESIAN_POINT('Ctrl Pts',(31.6873164755982,-68.2205147354553,-6.00896786218731));
#10390=CARTESIAN_POINT('Ctrl Pts',(32.1059271631617,-66.1867147303147,-6.09032637689511));
#10391=CARTESIAN_POINT('Ctrl Pts',(20.6788036203365,-78.3593319295324,-6.09066807046758));
#10392=CARTESIAN_POINT('Ctrl Pts',(22.6142161456575,-78.3185152974341,-6.12202856906229));
#10393=CARTESIAN_POINT('Ctrl Pts',(25.953386772314,-76.7708973774137,-6.31280751211702));
#10394=CARTESIAN_POINT('Ctrl Pts',(29.6626641197641,-71.7388959001819,-6.85733947496133));
#10395=CARTESIAN_POINT('Ctrl Pts',(31.0397594005563,-67.9849165667656,-7.26363725718896));
#10396=CARTESIAN_POINT('Ctrl Pts',(31.4945569121166,-66.0192234060533,-7.48092059677295));
#10397=CARTESIAN_POINT('Ctrl Pts',(20.6788036203365,-78.1213203435597,-6.32867965644035));
#10398=CARTESIAN_POINT('Ctrl Pts',(22.5521201381793,-78.0792252901537,-6.37077470984627));
#10399=CARTESIAN_POINT('Ctrl Pts',(25.7928461213539,-76.5681631810114,-6.62877318783425));
#10400=CARTESIAN_POINT('Ctrl Pts',(29.485380935999,-71.6428499797195,-7.33520927886716));
#10401=CARTESIAN_POINT('Ctrl Pts',(30.9229012199157,-67.946401260475,-7.83927840927142));
#10402=CARTESIAN_POINT('Ctrl Pts',(31.4243918792078,-66.0000009557318,-8.09969970424464));
#10403=CARTESIAN_POINT('',(20.6788036203365,-78.1213203435596,-6.32867965644035));
#10404=CARTESIAN_POINT('Origin',(22.0765726367969,-61.857864376269,-8.45));
#10405=CARTESIAN_POINT('Ctrl Pts',(25.4986136437252,-79.,-5.45));
#10406=CARTESIAN_POINT('Ctrl Pts',(25.0296299288931,-79.,-5.45));
#10407=CARTESIAN_POINT('Ctrl Pts',(24.5612248247419,-78.9763614255362,-5.47363857446211));
#10408=CARTESIAN_POINT('Ctrl Pts',(23.2183538463461,-78.8404118902482,-5.60958810975015));
#10409=CARTESIAN_POINT('Ctrl Pts',(22.0322857762636,-78.6399148378364,-5.81008516216357));
#10410=CARTESIAN_POINT('Ctrl Pts',(20.687675926745,-78.1247282202386,-6.32527177976142));
#10411=CARTESIAN_POINT('Ctrl Pts',(20.6832389380477,-78.1230253701581,-6.32697462984192));
#10412=CARTESIAN_POINT('Ctrl Pts',(20.6788036203365,-78.1213203435597,-6.32867965644036));
#10413=CARTESIAN_POINT('Ctrl Pts',(-38.2112472522941,-42.2365387201989,
-2.71146722824297));
#10414=CARTESIAN_POINT('Ctrl Pts',(-38.1553663977545,-42.23174600723,-3.34302939734484));
#10415=CARTESIAN_POINT('Ctrl Pts',(-37.6909396773424,-42.1919136892679,
-4.41351242549817));
#10416=CARTESIAN_POINT('Ctrl Pts',(-36.7450624321556,-42.1107889788938,
-5.06879293526929));
#10417=CARTESIAN_POINT('Ctrl Pts',(-36.2974457437813,-42.0723984008482,
-5.24253889461418));
#10418=CARTESIAN_POINT('Ctrl Pts',(-38.1704880228973,-41.7647917942905,
-2.70788776705473));
#10419=CARTESIAN_POINT('Ctrl Pts',(-38.1161715807055,-41.7603895404591,
-3.33075912662802));
#10420=CARTESIAN_POINT('Ctrl Pts',(-37.6652697204316,-41.7237771685284,
-4.38906436292545));
#10421=CARTESIAN_POINT('Ctrl Pts',(-36.7353888262281,-41.6496939984651,
-5.05056187159408));
#10422=CARTESIAN_POINT('Ctrl Pts',(-36.2921602668895,-41.6147721659984,
-5.22902375622728));
#10423=CARTESIAN_POINT('Ctrl Pts',(-38.3160858196165,-40.803181037783,-2.72067411434741));
#10424=CARTESIAN_POINT('Ctrl Pts',(-38.2602183395603,-40.7999614337117,
-3.37460009677775));
#10425=CARTESIAN_POINT('Ctrl Pts',(-37.7976086858508,-40.7730859780161,
-4.4886616347573));
#10426=CARTESIAN_POINT('Ctrl Pts',(-36.8266833108421,-40.7193340366457,
-5.20380592027924));
#10427=CARTESIAN_POINT('Ctrl Pts',(-36.3593637535237,-40.6941710183686,
-5.40086528359055));
#10428=CARTESIAN_POINT('Ctrl Pts',(-39.3072276557676,-39.4173401357725,
-2.807715841756));
#10429=CARTESIAN_POINT('Ctrl Pts',(-39.2331536717857,-39.4164511981805,
-3.67186074592643));
#10430=CARTESIAN_POINT('Ctrl Pts',(-38.6192653495569,-39.4090586728527,
-5.14267835779019));
#10431=CARTESIAN_POINT('Ctrl Pts',(-37.3385381762257,-39.3943989043274,
-6.07799996666353));
#10432=CARTESIAN_POINT('Ctrl Pts',(-36.7242058290426,-39.3875724260889,
-6.33377847966862));
#10433=CARTESIAN_POINT('Ctrl Pts',(-40.4810138304161,-38.9773124500783,
-2.9107973307248));
#10434=CARTESIAN_POINT('Ctrl Pts',(-40.3839759214536,-38.9773285988013,
-4.02367996648432));
#10435=CARTESIAN_POINT('Ctrl Pts',(-39.577792408565,-38.977159197401,-5.91275971911959));
#10436=CARTESIAN_POINT('Ctrl Pts',(-37.9247212905716,-38.9771957834203,
-7.08241676011411));
#10437=CARTESIAN_POINT('Ctrl Pts',(-37.1394086303857,-38.9773124500783,
-7.39546570932986));
#10438=CARTESIAN_POINT('Ctrl Pts',(-41.1885676296526,-38.9773124500783,
-2.97293445648595));
#10439=CARTESIAN_POINT('Ctrl Pts',(-41.0776404945858,-38.9773124500783,
-4.23605879468968));
#10440=CARTESIAN_POINT('Ctrl Pts',(-40.1557232123921,-38.9773124500783,
-6.37702485099634));
#10441=CARTESIAN_POINT('Ctrl Pts',(-38.2780952878021,-38.9773124500783,
-7.68758587053858));
#10442=CARTESIAN_POINT('Ctrl Pts',(-37.389547013826,-38.9773124500783,-8.03507778922836));
#10443=CARTESIAN_POINT('',(-37.4464298510585,-38.9773124500783,-8.01249901782336));
#10444=CARTESIAN_POINT('Origin',(-35.188786782098,-38.9773124500783,-2.45));
#10445=CARTESIAN_POINT('Ctrl Pts',(-37.4893907200762,-38.9890843745609,
-7.71151695262788));
#10446=CARTESIAN_POINT('Ctrl Pts',(-37.4813811019121,-38.9823901432548,
-7.79608201808193));
#10447=CARTESIAN_POINT('Ctrl Pts',(-37.4699904339915,-38.9786203169963,
-7.88070896901903));
#10448=CARTESIAN_POINT('Ctrl Pts',(-37.455130293032,-38.9775983838121,-7.96514276376373));
#10449=CARTESIAN_POINT('Ctrl Pts',(-37.4523511028997,-38.9774072586653,
-7.98093383666317));
#10450=CARTESIAN_POINT('Ctrl Pts',(-37.4494506927059,-38.9773123057253,
-7.9967181704043));
#10451=CARTESIAN_POINT('Ctrl Pts',(-37.4464286667089,-38.9773124500783,
-8.01249411885985));
#10452=CARTESIAN_POINT('Origin',(-36.9333753445622,-38.9773124500783,-10.45));
#10453=CARTESIAN_POINT('Origin',(-34.4884876246971,-38.9773124500783,-7.45));
#10454=CARTESIAN_POINT('Origin',(40.,-56.5000009557319,7.30040506950828));
#10455=CARTESIAN_POINT('',(41.9824466452342,-79.6564789780362,-7.18359953934234));
#10456=CARTESIAN_POINT('Origin',(42.3352095434955,-56.5000009557319,7.30040506950828));
#10457=CARTESIAN_POINT('',(-41.9824466452342,-79.6564789780362,-7.18359953934234));
#10458=CARTESIAN_POINT('Origin',(-42.3352095434955,-56.5000009557319,7.30040506950828));
#10459=CARTESIAN_POINT('Ctrl Pts',(-39.4221480101034,-78.0738924432235,
-9.45));
#10460=CARTESIAN_POINT('Ctrl Pts',(-39.7389403431108,-78.0738924432235,
-9.45));
#10461=CARTESIAN_POINT('Ctrl Pts',(-40.0693191973625,-78.1236833767099,
-9.38634938732941));
#10462=CARTESIAN_POINT('Ctrl Pts',(-40.6670023131344,-78.3058637411738,
-9.14756634833438));
#10463=CARTESIAN_POINT('Ctrl Pts',(-40.9348009081712,-78.4372626229261,
-8.97291704224164));
#10464=CARTESIAN_POINT('Ctrl Pts',(-41.4030737271428,-78.7445717401812,
-8.55108672406086));
#10465=CARTESIAN_POINT('Ctrl Pts',(-41.6195040998877,-78.9504093915425,
-8.26028626489217));
#10466=CARTESIAN_POINT('Ctrl Pts',(-41.8790063452902,-79.3281720399669,
-7.69857989035584));
#10467=CARTESIAN_POINT('Ctrl Pts',(-41.9514926468045,-79.4966835531093,
-7.43907441285381));
#10468=CARTESIAN_POINT('Ctrl Pts',(-41.9824466452342,-79.6564789780362,
-7.18359953934234));
#10469=CARTESIAN_POINT('',(22.8095740347896,-78.0730504752987,-9.45108436674744));
#10470=CARTESIAN_POINT('',(40.,-78.0730504752987,-9.45108436674744));
#10471=CARTESIAN_POINT('',(23.6605896913694,-78.0738924432235,-9.45));
#10472=CARTESIAN_POINT('Ctrl Pts',(23.6605896913695,-78.0738924432235,-9.45));
#10473=CARTESIAN_POINT('Ctrl Pts',(23.5094354043158,-78.0738924432235,-9.45));
#10474=CARTESIAN_POINT('Ctrl Pts',(23.3693442494254,-78.0736185825302,-9.45035272118019));
#10475=CARTESIAN_POINT('Ctrl Pts',(23.1181717832315,-78.0732558957783,-9.45081981805355));
#10476=CARTESIAN_POINT('Ctrl Pts',(23.0440793340639,-78.0731643862536,-9.45093766816897));
#10477=CARTESIAN_POINT('Ctrl Pts',(22.9135122724408,-78.0730701830563,-9.45105898661333));
#10478=CARTESIAN_POINT('Ctrl Pts',(22.8619128879442,-78.0730504752987,-9.45108436674745));
#10479=CARTESIAN_POINT('Ctrl Pts',(22.8095740347896,-78.0730504752987,-9.45108436674745));
#10480=CARTESIAN_POINT('',(39.4221480101034,-78.0738924432235,-9.45));
#10481=CARTESIAN_POINT('',(40.,-78.0738924432235,-9.45));
#10482=CARTESIAN_POINT('Ctrl Pts',(41.9824466452342,-79.6564789780362,-7.18359953934234));
#10483=CARTESIAN_POINT('Ctrl Pts',(41.9532634084994,-79.5058248476698,-7.42445965731472));
#10484=CARTESIAN_POINT('Ctrl Pts',(41.8870899785187,-79.3470680013214,-7.6694937493916));
#10485=CARTESIAN_POINT('Ctrl Pts',(41.6499972996728,-78.9867095563137,-8.2074336080959));
#10486=CARTESIAN_POINT('Ctrl Pts',(41.4508330511173,-78.7880433725982,-8.48982065375531));
#10487=CARTESIAN_POINT('Ctrl Pts',(41.0008654675802,-78.472486993471,-8.9256414860076));
#10488=CARTESIAN_POINT('Ctrl Pts',(40.7251770429632,-78.3291273709018,-9.11682066568964));
#10489=CARTESIAN_POINT('Ctrl Pts',(40.1033627111105,-78.1292904906902,-9.37922008374429));
#10490=CARTESIAN_POINT('Ctrl Pts',(39.7567048189264,-78.0738924432235,-9.45));
#10491=CARTESIAN_POINT('Ctrl Pts',(39.4221480101034,-78.0738924432235,-9.45));
#10492=CARTESIAN_POINT('',(9.45009301019943,-80.4999991078975,-5.73834305301941));
#10493=CARTESIAN_POINT('',(8.45009301019943,-79.4999991078975,-7.43081853571373));
#10494=CARTESIAN_POINT('Ctrl Pts',(9.45009301019943,-80.4999991078975,-5.73834305301941));
#10495=CARTESIAN_POINT('Ctrl Pts',(9.38620092663968,-80.4999991078975,-5.73834305301941));
#10496=CARTESIAN_POINT('Ctrl Pts',(9.32424283856742,-80.4938535957057,-5.74966931109278));
#10497=CARTESIAN_POINT('Ctrl Pts',(9.20646081957845,-80.4717190381181,-5.79028337345994));
#10498=CARTESIAN_POINT('Ctrl Pts',(9.15064419929831,-80.4557172722745,-5.81958544363419));
#10499=CARTESIAN_POINT('Ctrl Pts',(8.99509767780403,-80.3973542703532,-5.92577708073667));
#10500=CARTESIAN_POINT('Ctrl Pts',(8.90735351072287,-80.3443570911121,-6.02127544724714));
#10501=CARTESIAN_POINT('Ctrl Pts',(8.70244733273614,-80.1860789068897,-6.3019678012921));
#10502=CARTESIAN_POINT('Ctrl Pts',(8.60619485762939,-80.0573993684116,-6.52453404772401));
#10503=CARTESIAN_POINT('Ctrl Pts',(8.47913171877042,-79.7830066046819,-6.98180798081188));
#10504=CARTESIAN_POINT('Ctrl Pts',(8.45009301019943,-79.6370405161676,-7.21685449433805));
#10505=CARTESIAN_POINT('Ctrl Pts',(8.45009301019943,-79.4999991078975,-7.43081853571374));
#10506=CARTESIAN_POINT('Ctrl Pts',(8.45009301019943,-79.4999991078975,-7.43081853571374));
#10507=CARTESIAN_POINT('Ctrl Pts',(8.45009301019943,-79.3745650849365,-7.62665985708889));
#10508=CARTESIAN_POINT('Ctrl Pts',(8.47446248362164,-79.2349945834503,-7.83854056452415));
#10509=CARTESIAN_POINT('Ctrl Pts',(8.59367835515306,-78.9627502730574,-8.23962399087206));
#10510=CARTESIAN_POINT('Ctrl Pts',(8.68742633322598,-78.8299720320555,-8.42908151330462));
#10511=CARTESIAN_POINT('Ctrl Pts',(8.89584635205363,-78.6625303326494,-8.66333715606627));
#10512=CARTESIAN_POINT('Ctrl Pts',(8.98868997011226,-78.6053616229876,-8.74224655565734));
#10513=CARTESIAN_POINT('Ctrl Pts',(9.15031139692205,-78.5442541863431,-8.82600053173653));
#10514=CARTESIAN_POINT('Ctrl Pts',(9.20788957523624,-78.5278783794382,-8.84833532606127));
#10515=CARTESIAN_POINT('Ctrl Pts',(9.3270585171956,-78.5057523031393,-8.87847420270509));
#10516=CARTESIAN_POINT('Ctrl Pts',(9.38864696259035,-78.4999991078975,-8.88628530287425));
#10517=CARTESIAN_POINT('Ctrl Pts',(9.51153905780851,-78.4999991078975,-8.88628530287425));
#10518=CARTESIAN_POINT('Ctrl Pts',(9.57312750320326,-78.5057523031393,-8.8784742027051));
#10519=CARTESIAN_POINT('Ctrl Pts',(9.69229644516262,-78.5278783794382,-8.84833532606128));
#10520=CARTESIAN_POINT('Ctrl Pts',(9.74987462347681,-78.5442541863431,-8.82600053173653));
#10521=CARTESIAN_POINT('Ctrl Pts',(9.9114960502866,-78.6053616229876,-8.74224655565735));
#10522=CARTESIAN_POINT('Ctrl Pts',(10.0043396683452,-78.6625303326495,-8.66333715606627));
#10523=CARTESIAN_POINT('Ctrl Pts',(10.2127596871729,-78.8299720320555,-8.42908151330462));
#10524=CARTESIAN_POINT('Ctrl Pts',(10.3065076652458,-78.9627502730574,-8.23962399087206));
#10525=CARTESIAN_POINT('Ctrl Pts',(10.4257235367772,-79.2349945834503,-7.83854056452415));
#10526=CARTESIAN_POINT('Ctrl Pts',(10.4500930101994,-79.3745650849365,-7.6266598570889));
#10527=CARTESIAN_POINT('Ctrl Pts',(10.4500930101994,-79.7393192471505,-7.05716574840249));
#10528=CARTESIAN_POINT('Ctrl Pts',(10.3545605397254,-80.0097451407446,-6.60853923016681));
#10529=CARTESIAN_POINT('Ctrl Pts',(10.0716409695516,-80.2926647109184,-6.11405346150554));
#10530=CARTESIAN_POINT('Ctrl Pts',(9.94234182846444,-80.3857318307681,-5.94700836698204));
#10531=CARTESIAN_POINT('Ctrl Pts',(9.74163141375375,-80.4578364018955,-5.81569922730663));
#10532=CARTESIAN_POINT('Ctrl Pts',(9.68680628753629,-80.4733856521641,-5.78722949987232));
#10533=CARTESIAN_POINT('Ctrl Pts',(9.5701407332261,-80.4945357299713,-5.74841301409828));
#10534=CARTESIAN_POINT('Ctrl Pts',(9.50818352618858,-80.4999991078975,-5.73834305301941));
#10535=CARTESIAN_POINT('Ctrl Pts',(9.45009301019943,-80.4999991078975,-5.73834305301941));
#10536=CARTESIAN_POINT('Origin',(9.45009301019943,-79.4999991078975,0.200404984897638));
#10537=CARTESIAN_POINT('',(8.45009301019943,-79.4999991078975,-0.799595015102362));
#10538=CARTESIAN_POINT('',(8.45009301019943,-79.4999991078975,0.200404984897638));
#10539=CARTESIAN_POINT('Origin',(9.45009301019943,-79.4999991078975,-0.799595015102362));
#10540=CARTESIAN_POINT('Origin',(-0.284666454636653,-78.1196075117556,-10.45));
#10541=CARTESIAN_POINT('',(22.8095740347896,-77.4125007305691,-9.74289321881345));
#10542=CARTESIAN_POINT('',(-0.284666454636653,-77.4125007305691,-9.74289321881345));
#10543=CARTESIAN_POINT('Origin',(22.8095740347896,-78.1196075117556,-10.45));
#10544=CARTESIAN_POINT('Origin',(-39.8526453858032,-87.9650118822237,-6.95));
#10545=CARTESIAN_POINT('',(-40.9852054828843,-56.7438388481005,-7.18359953934234));
#10546=CARTESIAN_POINT('',(-42.3393535316304,-87.8567813287953,-7.18359953934234));
#10547=CARTESIAN_POINT('Origin',(-38.498497337057,-56.8520694015289,-6.95));
#10548=CARTESIAN_POINT('Origin',(-44.0700724438963,-112.05111376956,0.0305706260507644));
#10549=CARTESIAN_POINT('Origin',(-43.2212490970153,-79.016895321117,6.3));
#10550=CARTESIAN_POINT('',(-40.8932358075733,-54.2074656306493,-6.98748898026399));
#10551=CARTESIAN_POINT('',(-41.9050042142359,-55.6286159421274,3.12452091698413));
#10552=CARTESIAN_POINT('Origin',(-42.5352033809554,-56.7438388481005,9.31640046065766));
#10553=CARTESIAN_POINT('Ctrl Pts',(22.8095740347896,-78.1196075117556,-9.45));
#10554=CARTESIAN_POINT('Ctrl Pts',(24.3524404365911,-78.1196075117556,-9.45));
#10555=CARTESIAN_POINT('Ctrl Pts',(27.5042047101893,-77.1965790271665,-9.45));
#10556=CARTESIAN_POINT('Ctrl Pts',(32.3248986540462,-72.6433144436976,-9.45));
#10557=CARTESIAN_POINT('Ctrl Pts',(34.3752828754029,-67.4526004560321,-9.45));
#10558=CARTESIAN_POINT('Ctrl Pts',(34.8672975426309,-64.2168800000335,-9.45));
#10559=CARTESIAN_POINT('Ctrl Pts',(22.8095740347896,-77.9700078615847,-9.45));
#10560=CARTESIAN_POINT('Ctrl Pts',(24.3230973009525,-77.9671642989976,-9.44998418289601));
#10561=CARTESIAN_POINT('Ctrl Pts',(27.4157118157352,-77.0446677752088,-9.45075861683499));
#10562=CARTESIAN_POINT('Ctrl Pts',(32.1332051643437,-72.5161809208061,-9.45019347157991));
#10563=CARTESIAN_POINT('Ctrl Pts',(34.1147474719184,-67.3682827020917,-9.45116762166257));
#10564=CARTESIAN_POINT('Ctrl Pts',(34.5714983464421,-64.1719015956693,-9.45));
#10565=CARTESIAN_POINT('Ctrl Pts',(22.8095740347896,-77.7083899152327,-9.50981297808444));
#10566=CARTESIAN_POINT('Ctrl Pts',(24.2718065984667,-77.7005990393519,-9.51212765324514));
#10567=CARTESIAN_POINT('Ctrl Pts',(27.2599665699493,-76.7790408052741,-9.52567658768763));
#10568=CARTESIAN_POINT('Ctrl Pts',(31.7980608830045,-72.2944939107229,-9.58174346300423));
#10569=CARTESIAN_POINT('Ctrl Pts',(33.6597709483478,-67.2223162794297,-9.6505135594641));
#10570=CARTESIAN_POINT('Ctrl Pts',(34.0595515821678,-64.0940563923249,-9.70127021585859));
#10571=CARTESIAN_POINT('Ctrl Pts',(22.8095740347896,-77.4918379258933,-9.6635560234892));
#10572=CARTESIAN_POINT('Ctrl Pts',(24.2293333949458,-77.4816160096692,-9.67140907503681));
#10573=CARTESIAN_POINT('Ctrl Pts',(27.1341604736165,-76.5716796857345,-9.71816357612765));
#10574=CARTESIAN_POINT('Ctrl Pts',(31.5728632080194,-72.1578653980694,-9.89909176019655));
#10575=CARTESIAN_POINT('Ctrl Pts',(33.4420873992597,-67.1618213430512,-10.0977876944657));
#10576=CARTESIAN_POINT('Ctrl Pts',(33.8786615536737,-64.0665507569078,-10.2256005247436));
#10577=CARTESIAN_POINT('Ctrl Pts',(22.8095740347896,-77.4125007305691,-9.74289321881346));
#10578=CARTESIAN_POINT('Ctrl Pts',(24.2137828334983,-77.4019587855259,-9.75343516385661));
#10579=CARTESIAN_POINT('Ctrl Pts',(27.088604421953,-76.4998305733167,-9.81644657189393));
#10580=CARTESIAN_POINT('Ctrl Pts',(31.5071730737116,-72.1229595341987,-10.0539861714947));
#10581=CARTESIAN_POINT('Ctrl Pts',(33.4087555973376,-67.1568739049532,-10.3012409028625));
#10582=CARTESIAN_POINT('Ctrl Pts',(33.8786615536737,-64.0665507569078,-10.45));
#10583=CARTESIAN_POINT('Origin',(23.9923016641023,-62.5632583256515,-10.45));
#10584=CARTESIAN_POINT('',(34.8672975426309,-64.2168800000335,-9.45));
#10585=CARTESIAN_POINT('Origin',(34.8672975426309,-64.2168800000335,-10.45));
#10586=CARTESIAN_POINT('Origin',(23.9923016641023,-62.5632583256515,-9.45));
#10587=CARTESIAN_POINT('Origin',(36.190471338554,-55.5150651894483,-10.45));
#10588=CARTESIAN_POINT('',(35.9871701908082,-56.8520694015289,-9.45));
#10589=CARTESIAN_POINT('Origin',(35.9871701908082,-56.8520694015289,-10.45));
#10590=CARTESIAN_POINT('',(36.190471338554,-55.5150651894483,-9.45));
#10591=CARTESIAN_POINT('Ctrl Pts',(35.9871701908082,-56.8520694015289,-9.45));
#10592=CARTESIAN_POINT('Ctrl Pts',(36.469213708724,-53.8404311990138,-9.45));
#10593=CARTESIAN_POINT('Ctrl Pts',(36.9508508419735,-50.8313319448306,-8.72076038757989));
#10594=CARTESIAN_POINT('Ctrl Pts',(37.3794135363939,-48.1538231002567,-7.34202507938003));
#10595=CARTESIAN_POINT('Ctrl Pts',(35.6913709946194,-56.8070909971648,-9.45));
#10596=CARTESIAN_POINT('Ctrl Pts',(36.1688301166391,-53.7952622684922,-9.44265267557976));
#10597=CARTESIAN_POINT('Ctrl Pts',(36.6459149008939,-50.7879613467925,-8.70613658310379));
#10598=CARTESIAN_POINT('Ctrl Pts',(37.0699104501999,-48.1166243566196,-7.32287025142229));
#10599=CARTESIAN_POINT('Ctrl Pts',(35.1794138368879,-56.7292442134202,-9.70126145405707));
#10600=CARTESIAN_POINT('Ctrl Pts',(35.6495753777718,-53.6758463143566,-9.68993209869588));
#10601=CARTESIAN_POINT('Ctrl Pts',(36.1185553409084,-50.631152204577,-8.93903116892058));
#10602=CARTESIAN_POINT('Ctrl Pts',(36.5353438586201,-47.9263620616868,-7.53450510391591));
#10603=CARTESIAN_POINT('Ctrl Pts',(34.998534201851,-56.7017401584033,-10.2256005247436));
#10604=CARTESIAN_POINT('Ctrl Pts',(35.4752414995929,-53.5662794615712,-10.2222259788923));
#10605=CARTESIAN_POINT('Ctrl Pts',(35.9514383406973,-50.435427361787,-9.45961766792838));
#10606=CARTESIAN_POINT('Ctrl Pts',(36.3748022917323,-47.6507522346969,-8.02233313389996));
#10607=CARTESIAN_POINT('Ctrl Pts',(34.998534201851,-56.7017401584033,-10.45));
#10608=CARTESIAN_POINT('Ctrl Pts',(35.4805777197668,-53.5315946820716,-10.45));
#10609=CARTESIAN_POINT('Ctrl Pts',(35.9622148530164,-50.3641217829314,-9.68237935534725));
#10610=CARTESIAN_POINT('Ctrl Pts',(36.3907775474367,-47.545691420222,-8.23107903092635));
#10611=CARTESIAN_POINT('',(37.3794135363939,-48.1538231002567,-7.34202507938003));
#10612=CARTESIAN_POINT('Origin',(37.3794135363939,-47.6960206633476,-8.23107903092636));
#10613=CARTESIAN_POINT('Origin',(35.9871701908082,-56.8520694015289,9.55));
#10614=CARTESIAN_POINT('Ctrl Pts',(37.2502251989851,-45.5784522945381,-7.20380517084772));
#10615=CARTESIAN_POINT('Ctrl Pts',(36.7971317920575,-46.1509434805792,-7.53158044842549));
#10616=CARTESIAN_POINT('Ctrl Pts',(36.499887286924,-46.8281343238111,-7.89055142447053));
#10617=CARTESIAN_POINT('Ctrl Pts',(36.3907775474367,-47.545691420222,-8.23107903092634));
#10618=CARTESIAN_POINT('Ctrl Pts',(37.2244176800525,-45.6517731312618,-7.05550890022855));
#10619=CARTESIAN_POINT('Ctrl Pts',(36.7754509742292,-46.2260911781856,-7.38832895073299));
#10620=CARTESIAN_POINT('Ctrl Pts',(36.4846096038277,-46.9017019487417,-7.75030116915729));
#10621=CARTESIAN_POINT('Ctrl Pts',(36.3801273769671,-47.6157319632053,-8.09191509957542));
#10622=CARTESIAN_POINT('Ctrl Pts',(37.2429848959887,-45.8466834408907,-6.77154564972778));
#10623=CARTESIAN_POINT('Ctrl Pts',(36.8064829302534,-46.411531910456,-7.11011692618317));
#10624=CARTESIAN_POINT('Ctrl Pts',(36.5290631932882,-47.0714386564794,-7.47401520338023));
#10625=CARTESIAN_POINT('Ctrl Pts',(36.4327430742105,-47.7667600669775,-7.81415517522928));
#10626=CARTESIAN_POINT('Ctrl Pts',(37.5111853690637,-46.274011028988,-6.43671098997255));
#10627=CARTESIAN_POINT('Ctrl Pts',(37.1062496414382,-46.7851491824419,-6.76198633247961));
#10628=CARTESIAN_POINT('Ctrl Pts',(36.8501458992673,-47.3827705775662,-7.10944937735864));
#10629=CARTESIAN_POINT('Ctrl Pts',(36.7620822061469,-48.0139816542381,-7.4313023964198));
#10630=CARTESIAN_POINT('Ctrl Pts',(37.8557970901894,-46.5599239101288,-6.42158645003349));
#10631=CARTESIAN_POINT('Ctrl Pts',(37.4781243851478,-47.0160642838077,-6.71543159067108));
#10632=CARTESIAN_POINT('Ctrl Pts',(37.2342022099866,-47.5545158877487,-7.0321849176066));
#10633=CARTESIAN_POINT('Ctrl Pts',(37.1472862217484,-48.1259240425289,-7.32765895841172));
#10634=CARTESIAN_POINT('Ctrl Pts',(38.0637475800493,-46.678864266481,-6.49699028728545));
#10635=CARTESIAN_POINT('Ctrl Pts',(37.7023876113265,-47.1069929597015,-6.76840822562519));
#10636=CARTESIAN_POINT('Ctrl Pts',(37.4657482036349,-47.6144344923803,-7.06427655950979));
#10637=CARTESIAN_POINT('Ctrl Pts',(37.3794135363939,-48.1538231002567,-7.34202507938003));
#10638=CARTESIAN_POINT('',(38.0637475800398,-46.6788642664817,-6.49699028728472));
#10639=CARTESIAN_POINT('Origin',(38.0637475800493,-46.1434324172679,-7.34156872345837));
#10640=CARTESIAN_POINT('Ctrl Pts',(38.0637475800493,-46.678864266481,-6.49699028728545));
#10641=CARTESIAN_POINT('Ctrl Pts',(37.7023876113265,-47.1069929597015,-6.76840822562519));
#10642=CARTESIAN_POINT('Ctrl Pts',(37.4657482036349,-47.6144344923803,-7.06427655950979));
#10643=CARTESIAN_POINT('Ctrl Pts',(37.3794135363939,-48.1538231002567,-7.34202507938003));
#10644=CARTESIAN_POINT('Ctrl Pts',(38.0637475800433,-46.6788642664819,-6.49699028728608));
#10645=CARTESIAN_POINT('Ctrl Pts',(38.2880744172997,-46.3037314935002,-6.25916982474932));
#10646=CARTESIAN_POINT('Ctrl Pts',(38.7251184869264,-45.8579210337017,-5.88515991646149));
#10647=CARTESIAN_POINT('Ctrl Pts',(39.5067218368201,-45.504773612439,-5.16006792364031));
#10648=CARTESIAN_POINT('Ctrl Pts',(40.2000030870874,-45.5169013211049,-4.31616682992204));
#10649=CARTESIAN_POINT('Ctrl Pts',(40.4576094202341,-45.6870176651003,-3.50053334130068));
#10650=CARTESIAN_POINT('Ctrl Pts',(40.5011966394879,-45.7552138279926,-3.07181850813723));
#10651=CARTESIAN_POINT('Ctrl Pts',(37.925113920137,-46.5995706955804,-6.44672106245225));
#10652=CARTESIAN_POINT('Ctrl Pts',(38.1640749240912,-46.2057516213016,-6.20963309466789));
#10653=CARTESIAN_POINT('Ctrl Pts',(38.6282538114341,-45.7382111229629,-5.83668978532233));
#10654=CARTESIAN_POINT('Ctrl Pts',(39.4502145772451,-45.3644543130518,-5.10542600296636));
#10655=CARTESIAN_POINT('Ctrl Pts',(40.1682200046484,-45.3656207410786,-4.25327840495063));
#10656=CARTESIAN_POINT('Ctrl Pts',(40.438679348072,-45.5297423506372,-3.44697706725461));
#10657=CARTESIAN_POINT('Ctrl Pts',(40.4919267052759,-45.599681881077,-3.02317607389131));
#10658=CARTESIAN_POINT('Ctrl Pts',(37.6485630118309,-46.3952899516,-6.41916482106223));
#10659=CARTESIAN_POINT('Ctrl Pts',(37.9248297192664,-45.9642667699524,-6.17920840747477));
#10660=CARTESIAN_POINT('Ctrl Pts',(38.4563698515394,-45.454751209288,-5.80163219329534));
#10661=CARTESIAN_POINT('Ctrl Pts',(39.383089268059,-45.0441198124944,-5.0473950691147));
#10662=CARTESIAN_POINT('Ctrl Pts',(40.1781823114569,-45.0319385583253,-4.16496375917083));
#10663=CARTESIAN_POINT('Ctrl Pts',(40.4843184611067,-45.2006204433681,-3.35667257242491));
#10664=CARTESIAN_POINT('Ctrl Pts',(40.5545705557614,-45.2822910242039,-2.93324756298908));
#10665=CARTESIAN_POINT('Ctrl Pts',(37.2822925971595,-45.9644000408858,-6.63557882245243));
#10666=CARTESIAN_POINT('Ctrl Pts',(37.6311022703844,-45.4810334415039,-6.37646259084823));
#10667=CARTESIAN_POINT('Ctrl Pts',(38.2961555196246,-44.9134628913802,-5.96820977135951));
#10668=CARTESIAN_POINT('Ctrl Pts',(39.4503929229827,-44.4674813255301,-5.14547472001619));
#10669=CARTESIAN_POINT('Ctrl Pts',(40.4469333514951,-44.4779219427024,-4.17637322723465));
#10670=CARTESIAN_POINT('Ctrl Pts',(40.8345896048044,-44.7104836166951,-3.29420449446589));
#10671=CARTESIAN_POINT('Ctrl Pts',(40.920959461214,-44.8308493969305,-2.83707467087149));
#10672=CARTESIAN_POINT('Ctrl Pts',(37.211513920585,-45.6884335496251,-6.98136076492056));
#10673=CARTESIAN_POINT('Ctrl Pts',(37.5990505734832,-45.1869304450798,-6.70203758637248));
#10674=CARTESIAN_POINT('Ctrl Pts',(38.3424532108812,-44.5978823177779,-6.2599107310285));
#10675=CARTESIAN_POINT('Ctrl Pts',(39.6538262409137,-44.1603952989553,-5.37622961896619));
#10676=CARTESIAN_POINT('Ctrl Pts',(40.8084637492329,-44.2344827417347,-4.33187113613036));
#10677=CARTESIAN_POINT('Ctrl Pts',(41.2508550553444,-44.5491880688636,-3.35084197304266));
#10678=CARTESIAN_POINT('Ctrl Pts',(41.3364330474158,-44.701025891233,-2.84491150221783));
#10679=CARTESIAN_POINT('Ctrl Pts',(37.2502251989842,-45.5784522945393,-7.20380517084841));
#10680=CARTESIAN_POINT('Ctrl Pts',(37.6490656320107,-45.0745106589884,-6.91527739347057));
#10681=CARTESIAN_POINT('Ctrl Pts',(38.4218728377388,-44.4801800978775,-6.45585827582655));
#10682=CARTESIAN_POINT('Ctrl Pts',(39.8030040181502,-44.0593178073456,-5.53987341647265));
#10683=CARTESIAN_POINT('Ctrl Pts',(41.0309602082461,-44.1834130905515,-4.45445824575225));
#10684=CARTESIAN_POINT('Ctrl Pts',(41.4956905002841,-44.5471187716906,-3.41344669437705));
#10685=CARTESIAN_POINT('Ctrl Pts',(41.5789189180155,-44.7133478284855,-2.87643502952905));
#10686=CARTESIAN_POINT('',(40.5011966388722,-45.7552138295495,-3.07181851669264));
#10687=CARTESIAN_POINT('Ctrl Pts',(40.1740500931058,-44.1298647924767,-5.18560888454176));
#10688=CARTESIAN_POINT('Ctrl Pts',(40.1985400128809,-44.1889030564943,-4.96527508363742));
#10689=CARTESIAN_POINT('Ctrl Pts',(40.2293789568632,-44.2907930082667,-4.71512953150263));
#10690=CARTESIAN_POINT('Ctrl Pts',(40.3053892790838,-44.6338172216622,-4.1896862675014));
#10691=CARTESIAN_POINT('Ctrl Pts',(40.3413207557596,-44.8251990903578,-3.97027708802944));
#10692=CARTESIAN_POINT('Ctrl Pts',(40.4179443752748,-45.2600268842191,-3.52886698322389));
#10693=CARTESIAN_POINT('Ctrl Pts',(40.4571415958365,-45.4969370203513,-3.31740892540202));
#10694=CARTESIAN_POINT('Ctrl Pts',(40.5006299767748,-45.7518926259896,-3.07497834442329));
#10695=CARTESIAN_POINT('Ctrl Pts',(40.5009133056082,-45.7535533678219,-3.07339859463494));
#10696=CARTESIAN_POINT('Ctrl Pts',(40.5011966394879,-45.7552138279926,-3.07181850813723));
#10697=CARTESIAN_POINT('Ctrl Pts',(40.5011966386662,-45.7552138267069,-3.07181851621953));
#10698=CARTESIAN_POINT('Ctrl Pts',(40.4576094186152,-45.6870176640313,-3.50053334642622));
#10699=CARTESIAN_POINT('Ctrl Pts',(40.2000030853447,-45.5169013210744,-4.31616683204331));
#10700=CARTESIAN_POINT('Ctrl Pts',(39.5067218368201,-45.504773612439,-5.16006792364031));
#10701=CARTESIAN_POINT('Ctrl Pts',(38.7251184869264,-45.8579210337017,-5.88515991646149));
#10702=CARTESIAN_POINT('Ctrl Pts',(38.2880744172997,-46.3037314935002,-6.25916982474932));
#10703=CARTESIAN_POINT('Ctrl Pts',(38.0637475800433,-46.6788642664819,-6.49699028728608));
#10704=CARTESIAN_POINT('Origin',(23.9871715324207,-62.5969964906488,-10.4162618350028));
#10705=CARTESIAN_POINT('',(23.9871715324207,-69.6680643025143,-17.4873296468683));
#10706=CARTESIAN_POINT('Origin',(-35.406080111401,-60.6735917705854,-10.45));
#10707=CARTESIAN_POINT('',(-34.998534201851,-56.7017401584033,-10.45));
#10708=CARTESIAN_POINT('Origin',(-35.9871701908082,-56.8520694015289,-10.45));
#10709=CARTESIAN_POINT('',(-34.4174441224438,-60.5232625274598,-10.45));
#10710=CARTESIAN_POINT('Ctrl Pts',(-34.998534201851,-56.7017401584033,-10.45));
#10711=CARTESIAN_POINT('Ctrl Pts',(-35.4805777197668,-53.5315946820716,
-10.45));
#10712=CARTESIAN_POINT('Ctrl Pts',(-35.9622148530164,-50.3641217829314,
-9.68237935534726));
#10713=CARTESIAN_POINT('Ctrl Pts',(-36.3907775474367,-47.545691420222,-8.23107903092635));
#10714=CARTESIAN_POINT('Ctrl Pts',(-34.998534201851,-56.7017401584033,-10.1508006996581));
#10715=CARTESIAN_POINT('Ctrl Pts',(-35.4733138904224,-53.5781209131666,
-10.146163607799));
#10716=CARTESIAN_POINT('Ctrl Pts',(-35.948004755494,-50.4588221544119,-9.38532447829918));
#10717=CARTESIAN_POINT('Ctrl Pts',(-36.3694772064975,-47.6857725061886,
-7.9527511682245));
#10718=CARTESIAN_POINT('Ctrl Pts',(-35.2469403179695,-56.7395121026183,
-9.63295878064051));
#10719=CARTESIAN_POINT('Ctrl Pts',(-35.7177832274436,-53.6971098466425,
-9.62094022460511));
#10720=CARTESIAN_POINT('Ctrl Pts',(-36.1873859728279,-50.663518968032,-8.87199847515799));
#10721=CARTESIAN_POINT('Ctrl Pts',(-36.6048170656016,-47.96909655502,-7.47202970358317));
#10722=CARTESIAN_POINT('Ctrl Pts',(-35.7653207936666,-56.8183355982558,
-9.45000000000001));
#10723=CARTESIAN_POINT('Ctrl Pts',(-36.2440281141074,-53.8063189287371,
-9.4446024419164));
#10724=CARTESIAN_POINT('Ctrl Pts',(-36.7220397397592,-50.799116085033,-8.70982646530139));
#10725=CARTESIAN_POINT('Ctrl Pts',(-37.1472862217484,-48.1259240425289,
-7.32765895841173));
#10726=CARTESIAN_POINT('Ctrl Pts',(-35.9871701908082,-56.8520694015289,
-9.45000000000001));
#10727=CARTESIAN_POINT('Ctrl Pts',(-36.469213708724,-53.8404311990138,-9.45000000000001));
#10728=CARTESIAN_POINT('Ctrl Pts',(-36.9508508419735,-50.8313319448306,
-8.7207603875799));
#10729=CARTESIAN_POINT('Ctrl Pts',(-37.3794135363939,-48.1538231002567,
-7.34202507938004));
#10730=CARTESIAN_POINT('',(-37.3794135363939,-48.1538231002567,-7.34202507938003));
#10731=CARTESIAN_POINT('',(-36.3907775474367,-47.545691420222,-8.23107903092635));
#10732=CARTESIAN_POINT('Origin',(-37.3794135363939,-47.6960206633476,-8.23107903092635));
#10733=CARTESIAN_POINT('Origin',(-34.998534201851,-56.7017401584033,9.55));
#10734=CARTESIAN_POINT('Origin',(-35.9871701908082,-56.8520694015289,9.55));
#10735=CARTESIAN_POINT('Ctrl Pts',(-36.3907775474367,-47.545691420222,-8.23107903092634));
#10736=CARTESIAN_POINT('Ctrl Pts',(-36.499887286924,-46.8281343238112,-7.89055142447054));
#10737=CARTESIAN_POINT('Ctrl Pts',(-36.7971317920575,-46.1509434805792,
-7.53158044842548));
#10738=CARTESIAN_POINT('Ctrl Pts',(-37.2502251989851,-45.5784522945381,
-7.20380517084772));
#10739=CARTESIAN_POINT('Ctrl Pts',(-36.3801273769671,-47.6157319632053,
-8.09191509957542));
#10740=CARTESIAN_POINT('Ctrl Pts',(-36.4846096038277,-46.9017019487417,
-7.7503011691573));
#10741=CARTESIAN_POINT('Ctrl Pts',(-36.7754509742292,-46.2260911781856,
-7.38832895073299));
#10742=CARTESIAN_POINT('Ctrl Pts',(-37.2244176800525,-45.6517731312618,
-7.05550890022855));
#10743=CARTESIAN_POINT('Ctrl Pts',(-36.4327430742106,-47.7667600669775,
-7.81415517522928));
#10744=CARTESIAN_POINT('Ctrl Pts',(-36.5290631932882,-47.0714386564794,
-7.47401520338024));
#10745=CARTESIAN_POINT('Ctrl Pts',(-36.8064829302534,-46.411531910456,-7.11011692618317));
#10746=CARTESIAN_POINT('Ctrl Pts',(-37.2429848959887,-45.8466834408907,
-6.77154564972778));
#10747=CARTESIAN_POINT('Ctrl Pts',(-36.7620822061469,-48.0139816542381,
-7.4313023964198));
#10748=CARTESIAN_POINT('Ctrl Pts',(-36.8501458992673,-47.3827705775662,
-7.10944937735864));
#10749=CARTESIAN_POINT('Ctrl Pts',(-37.1062496414383,-46.7851491824418,
-6.76198633247961));
#10750=CARTESIAN_POINT('Ctrl Pts',(-37.5111853690637,-46.274011028988,-6.43671098997255));
#10751=CARTESIAN_POINT('Ctrl Pts',(-37.1472862217484,-48.1259240425289,
-7.32765895841173));
#10752=CARTESIAN_POINT('Ctrl Pts',(-37.2342022099866,-47.5545158877487,
-7.0321849176066));
#10753=CARTESIAN_POINT('Ctrl Pts',(-37.4781243851478,-47.0160642838077,
-6.71543159067108));
#10754=CARTESIAN_POINT('Ctrl Pts',(-37.8557970901894,-46.5599239101288,
-6.42158645003349));
#10755=CARTESIAN_POINT('Ctrl Pts',(-37.3794135363939,-48.1538231002567,
-7.34202507938003));
#10756=CARTESIAN_POINT('Ctrl Pts',(-37.4657482036349,-47.6144344923803,
-7.06427655950979));
#10757=CARTESIAN_POINT('Ctrl Pts',(-37.7023876113265,-47.1069929597015,
-6.76840822562518));
#10758=CARTESIAN_POINT('Ctrl Pts',(-38.0637475800493,-46.6788642664809,
-6.49699028728545));
#10759=CARTESIAN_POINT('',(-38.0637475800398,-46.6788642664817,-6.49699028728472));
#10760=CARTESIAN_POINT('',(-37.2502251989851,-45.5784522945381,-7.20380517084772));
#10761=CARTESIAN_POINT('Origin',(-38.0637475800493,-46.1434324172679,-7.34156872345836));
#10762=CARTESIAN_POINT('Ctrl Pts',(-37.2502251989851,-45.5784522945381,
-7.20380517084772));
#10763=CARTESIAN_POINT('Ctrl Pts',(-36.7971317920575,-46.1509434805792,
-7.53158044842548));
#10764=CARTESIAN_POINT('Ctrl Pts',(-36.499887286924,-46.8281343238112,-7.89055142447054));
#10765=CARTESIAN_POINT('Ctrl Pts',(-36.3907775474367,-47.545691420222,-8.23107903092634));
#10766=CARTESIAN_POINT('Ctrl Pts',(-37.3794135363939,-48.1538231002567,
-7.34202507938003));
#10767=CARTESIAN_POINT('Ctrl Pts',(-37.4657482036349,-47.6144344923803,
-7.06427655950979));
#10768=CARTESIAN_POINT('Ctrl Pts',(-37.7023876113265,-47.1069929597015,
-6.76840822562518));
#10769=CARTESIAN_POINT('Ctrl Pts',(-38.0637475800493,-46.6788642664809,
-6.49699028728545));
#10770=CARTESIAN_POINT('Ctrl Pts',(-40.5011966394879,-45.7552138279926,
-3.07181850813723));
#10771=CARTESIAN_POINT('Ctrl Pts',(-40.4685062238847,-45.7040667040041,
-3.39335464444668));
#10772=CARTESIAN_POINT('Ctrl Pts',(-40.3090487013173,-45.5869483467832,
-4.01419889417451));
#10773=CARTESIAN_POINT('Ctrl Pts',(-39.7464169929501,-45.4722368814815,
-4.9249982184263));
#10774=CARTESIAN_POINT('Ctrl Pts',(-38.873135845112,-45.7058401122124,-5.76093997731038));
#10775=CARTESIAN_POINT('Ctrl Pts',(-38.2880744181311,-46.30373149211,-6.25916982386799));
#10776=CARTESIAN_POINT('Ctrl Pts',(-38.0637475800433,-46.6788642664819,
-6.49699028728608));
#10777=CARTESIAN_POINT('Ctrl Pts',(-40.4919267052759,-45.599681881077,-3.02317607389131));
#10778=CARTESIAN_POINT('Ctrl Pts',(-40.4519911859525,-45.5472272313814,
-3.34102683021957));
#10779=CARTESIAN_POINT('Ctrl Pts',(-40.2809609330301,-45.4331050805849,
-3.95395302540266));
#10780=CARTESIAN_POINT('Ctrl Pts',(-39.699841610083,-45.3283625128725,-4.86659778698325));
#10781=CARTESIAN_POINT('Ctrl Pts',(-38.785873012361,-45.5788816218332,-5.71300707527602));
#10782=CARTESIAN_POINT('Ctrl Pts',(-38.1640749249767,-46.2057516198422,
-6.20963309378927));
#10783=CARTESIAN_POINT('Ctrl Pts',(-37.925113920137,-46.5995706955804,-6.44672106245224));
#10784=CARTESIAN_POINT('Ctrl Pts',(-40.5545705557614,-45.2822910242039,
-2.93324756298908));
#10785=CARTESIAN_POINT('Ctrl Pts',(-40.5018814828963,-45.2210380863983,
-3.25081633136171));
#10786=CARTESIAN_POINT('Ctrl Pts',(-40.3035211275249,-45.1002140208335,
-3.86338637661622));
#10787=CARTESIAN_POINT('Ctrl Pts',(-39.6608857143932,-45.002359607554,-4.79813299967172));
#10788=CARTESIAN_POINT('Ctrl Pts',(-38.637265275806,-45.2814795233277,-5.67672230913308));
#10789=CARTESIAN_POINT('Ctrl Pts',(-37.9248297202902,-45.9642667683551,
-6.17920840658553));
#10790=CARTESIAN_POINT('Ctrl Pts',(-37.6485630118309,-46.3952899516,-6.41916482106222));
#10791=CARTESIAN_POINT('Ctrl Pts',(-40.920959461214,-44.8308493969305,-2.83707467087149));
#10792=CARTESIAN_POINT('Ctrl Pts',(-40.8561820666027,-44.7405750585429,
-3.17992205076219));
#10793=CARTESIAN_POINT('Ctrl Pts',(-40.6064135439754,-44.5693579903607,
-3.84632661861276));
#10794=CARTESIAN_POINT('Ctrl Pts',(-39.7968828421614,-44.4257412813991,
-4.87203053811688));
#10795=CARTESIAN_POINT('Ctrl Pts',(-38.5218493091965,-44.7206470591298,
-5.83337408976021));
#10796=CARTESIAN_POINT('Ctrl Pts',(-37.631102271677,-45.4810334397126,-6.376462589888));
#10797=CARTESIAN_POINT('Ctrl Pts',(-37.2822925971595,-45.9644000408858,
-6.63557882245242));
#10798=CARTESIAN_POINT('Ctrl Pts',(-41.3364330474158,-44.701025891233,-2.84491150221782));
#10799=CARTESIAN_POINT('Ctrl Pts',(-41.2722495510793,-44.5871475204054,
-3.22435936883321));
#10800=CARTESIAN_POINT('Ctrl Pts',(-40.9936778077618,-44.3583152550007,
-3.96617002883443));
#10801=CARTESIAN_POINT('Ctrl Pts',(-40.0525442385109,-44.1307143423205,
-5.08438614848784));
#10802=CARTESIAN_POINT('Ctrl Pts',(-38.5942865738819,-44.3969865352081,
-6.11365588749057));
#10803=CARTESIAN_POINT('Ctrl Pts',(-37.5990505749193,-45.1869304432213,
-6.70203758533737));
#10804=CARTESIAN_POINT('Ctrl Pts',(-37.211513920585,-45.6884335496251,-6.98136076492056));
#10805=CARTESIAN_POINT('Ctrl Pts',(-41.5789189180155,-44.7133478284855,
-2.87643502952904));
#10806=CARTESIAN_POINT('Ctrl Pts',(-41.5164976024967,-44.5886760314548,
-3.27919379249097));
#10807=CARTESIAN_POINT('Ctrl Pts',(-41.2269894612887,-44.3275398891166,
-4.0674359389973));
#10808=CARTESIAN_POINT('Ctrl Pts',(-40.2265597084522,-44.0405656657285,
-5.23843072063493));
#10809=CARTESIAN_POINT('Ctrl Pts',(-38.683515973198,-44.2767913249391,-6.30362912078652));
#10810=CARTESIAN_POINT('Ctrl Pts',(-37.6490656334887,-45.0745106571209,
-6.91527739240135));
#10811=CARTESIAN_POINT('Ctrl Pts',(-37.2502251989842,-45.5784522945393,
-7.2038051708484));
#10812=CARTESIAN_POINT('',(-40.5011966388729,-45.7552138295476,-3.07181851668192));
#10813=CARTESIAN_POINT('',(-40.1740500931058,-44.1298647924767,-5.18560888454177));
#10814=CARTESIAN_POINT('Ctrl Pts',(-40.5011966394879,-45.7552138279926,
-3.07181850813723));
#10815=CARTESIAN_POINT('Ctrl Pts',(-40.500913305603,-45.7535533677912,-3.07339859466419));
#10816=CARTESIAN_POINT('Ctrl Pts',(-40.5006299768506,-45.7518926264344,
-3.07497834400035));
#10817=CARTESIAN_POINT('Ctrl Pts',(-40.4571415866372,-45.4969369664239,
-3.31740897668924));
#10818=CARTESIAN_POINT('Ctrl Pts',(-40.4179443613675,-45.2600268000868,
-3.52886705817439));
#10819=CARTESIAN_POINT('Ctrl Pts',(-40.3413207395952,-44.8251990033922,
-3.97027718587279));
#10820=CARTESIAN_POINT('Ctrl Pts',(-40.3053892674751,-44.6338171654493,
-4.18968634395794));
#10821=CARTESIAN_POINT('Ctrl Pts',(-40.2293789533983,-44.290792996965,-4.71512955975305));
#10822=CARTESIAN_POINT('Ctrl Pts',(-40.1985400115169,-44.1889030532059,
-4.96527509590971));
#10823=CARTESIAN_POINT('Ctrl Pts',(-40.1740500931058,-44.1298647924767,
-5.18560888454176));
#10824=CARTESIAN_POINT('Ctrl Pts',(-40.174592001267,-44.1294153268565,-5.18606631984877));
#10825=CARTESIAN_POINT('Ctrl Pts',(-39.7269346069058,-44.1178438007974,
-5.5832067359573));
#10826=CARTESIAN_POINT('Ctrl Pts',(-38.6471495866815,-44.3048353677048,
-6.32513178418549));
#10827=CARTESIAN_POINT('Ctrl Pts',(-37.6490656334887,-45.0745106571209,
-6.91527739240135));
#10828=CARTESIAN_POINT('Ctrl Pts',(-37.2502251989842,-45.5784522945393,
-7.2038051708484));
#10829=CARTESIAN_POINT('Ctrl Pts',(-38.0637475800433,-46.6788642664819,
-6.49699028728608));
#10830=CARTESIAN_POINT('Ctrl Pts',(-38.2880744181311,-46.30373149211,-6.25916982386799));
#10831=CARTESIAN_POINT('Ctrl Pts',(-38.873135845112,-45.7058401122124,-5.76093997731038));
#10832=CARTESIAN_POINT('Ctrl Pts',(-39.7464169929501,-45.4722368814815,
-4.9249982184263));
#10833=CARTESIAN_POINT('Ctrl Pts',(-40.3090486999048,-45.5869483464952,
-4.01419889646107));
#10834=CARTESIAN_POINT('Ctrl Pts',(-40.4685062225504,-45.704066703024,-3.39335464964212));
#10835=CARTESIAN_POINT('Ctrl Pts',(-40.5011966386673,-45.7552138267085,
-3.07181851620939));
#10836=CARTESIAN_POINT('Origin',(5.60464722462648,-56.8520694015289,9.55));
#10837=CARTESIAN_POINT('',(38.4080946078144,-53.9934635463056,-9.23372626941957));
#10838=CARTESIAN_POINT('Origin',(40.0567662621059,-56.8520694015289,9.55));
#10839=CARTESIAN_POINT('',(38.498497337057,-56.8520694015289,-9.45));
#10840=CARTESIAN_POINT('Origin',(40.0484952351281,-56.8520694015289,9.55));
#10841=CARTESIAN_POINT('',(5.60464722462648,-56.8520694015289,-9.45));
#10842=CARTESIAN_POINT('Ctrl Pts',(40.5011966395208,-45.7552138312679,-3.07181851101035));
#10843=CARTESIAN_POINT('Ctrl Pts',(40.5249342095036,-48.1216776497397,-5.14770099106858));
#10844=CARTESIAN_POINT('Ctrl Pts',(40.6627640503638,-51.093731584525,-6.52481759849326));
#10845=CARTESIAN_POINT('Ctrl Pts',(40.8931677727996,-54.2073700676337,-6.98816894645028));
#10846=CARTESIAN_POINT('Ctrl Pts',(40.4167322042969,-45.3044188641013,-3.58668145246224));
#10847=CARTESIAN_POINT('Ctrl Pts',(40.4414098499975,-47.7703837414628,-5.75076981400201));
#10848=CARTESIAN_POINT('Ctrl Pts',(40.5842410611029,-50.8644025147892,-7.18893652286731));
#10849=CARTESIAN_POINT('Ctrl Pts',(40.8240246079413,-54.1097270787893,-7.67869420691745));
#10850=CARTESIAN_POINT('Ctrl Pts',(39.745648444903,-44.5672461413063,-4.43471716309267));
#10851=CARTESIAN_POINT('Ctrl Pts',(39.7707924445959,-47.2051434393367,-6.75094334463068));
#10852=CARTESIAN_POINT('Ctrl Pts',(39.9168310033999,-50.5139311044681,-8.2959080867948));
#10853=CARTESIAN_POINT('Ctrl Pts',(40.1613485840821,-53.9875007303314,-8.82955237799194));
#10854=CARTESIAN_POINT('Ctrl Pts',(38.5372196439634,-44.319693118496,-4.73074087386084));
#10855=CARTESIAN_POINT('Ctrl Pts',(38.5613750349661,-47.0352592372647,-7.11385523068141));
#10856=CARTESIAN_POINT('Ctrl Pts',(38.701679325041,-50.4430290467106,-8.69802483751531));
#10857=CARTESIAN_POINT('Ctrl Pts',(38.9362756102889,-54.0174604767061,-9.23740174541935));
#10858=CARTESIAN_POINT('Ctrl Pts',(38.0200963250553,-44.3226245596269,-4.73331235931411));
#10859=CARTESIAN_POINT('Ctrl Pts',(38.0438338950382,-47.0476435021096,-7.12372248786601));
#10860=CARTESIAN_POINT('Ctrl Pts',(38.1816637358983,-50.4700086391351,-8.70949312671869));
#10861=CARTESIAN_POINT('Ctrl Pts',(38.4120674583341,-54.0554105287754,-9.24304922436617));
#10862=CARTESIAN_POINT('',(40.8931676134552,-54.2073679142794,-6.98816862600201));
#10863=CARTESIAN_POINT('Origin',(42.5378665765714,-56.6360475097617,9.33211064313085));
#10864=CARTESIAN_POINT('Ctrl Pts',(40.8931676079294,-54.2073679148074,-6.98816862364035));
#10865=CARTESIAN_POINT('Ctrl Pts',(40.8845750847672,-54.1948157151266,-7.07355030055476));
#10866=CARTESIAN_POINT('Ctrl Pts',(40.8712614085079,-54.1826120264919,-7.1581971936605));
#10867=CARTESIAN_POINT('Ctrl Pts',(40.853497743518,-54.1707889030063,-7.24183700732221));
#10868=CARTESIAN_POINT('Ctrl Pts',(40.8354142495975,-54.1587529080812,-7.32698272824819));
#10869=CARTESIAN_POINT('Ctrl Pts',(40.8127187724276,-54.1471112038451,-7.41108553734808));
#10870=CARTESIAN_POINT('Ctrl Pts',(40.7856425544145,-54.1358992417549,-7.49385335224723));
#10871=CARTESIAN_POINT('Ctrl Pts',(40.7582959225307,-54.1245753042748,-7.57744778056743));
#10872=CARTESIAN_POINT('Ctrl Pts',(40.72648021771,-54.1136896260232,-7.65968123648844));
#10873=CARTESIAN_POINT('Ctrl Pts',(40.6903837050663,-54.1032819880864,-7.74023593358925));
#10874=CARTESIAN_POINT('Ctrl Pts',(40.6655696748383,-54.0961274065645,-7.7956121054813));
#10875=CARTESIAN_POINT('Ctrl Pts',(40.6387316307063,-54.0891987988332,-7.85019460228483));
#10876=CARTESIAN_POINT('Ctrl Pts',(40.6099187266843,-54.0825103821719,-7.90387253150121));
#10877=CARTESIAN_POINT('Ctrl Pts',(40.5680517109439,-54.0727916795579,-7.9818700393433));
#10878=CARTESIAN_POINT('Ctrl Pts',(40.5222334517819,-54.0636300137135,-8.05755555731321));
#10879=CARTESIAN_POINT('Ctrl Pts',(40.4727009427386,-54.0550590945701,-8.13063538782901));
#10880=CARTESIAN_POINT('Ctrl Pts',(40.4231311324137,-54.0464817209532,-8.2037702523294));
#10881=CARTESIAN_POINT('Ctrl Pts',(40.369840978417,-54.0384958779453,-8.27429629950846));
#10882=CARTESIAN_POINT('Ctrl Pts',(40.3130213644749,-54.0311393428378,-8.34189625538642));
#10883=CARTESIAN_POINT('Ctrl Pts',(40.2573215190222,-54.0239277861212,-8.40816398995507));
#10884=CARTESIAN_POINT('Ctrl Pts',(40.1982293837947,-54.0173208950043,-8.4716204696648));
#10885=CARTESIAN_POINT('Ctrl Pts',(40.1358880971485,-54.011359460786,-8.53193433268117));
#10886=CARTESIAN_POINT('Ctrl Pts',(40.093108484697,-54.0072686269383,-8.57332269381559));
#10887=CARTESIAN_POINT('Ctrl Pts',(40.0487981180367,-54.0034818409112,-8.61323055313676));
#10888=CARTESIAN_POINT('Ctrl Pts',(40.0029949600913,-54.0000140536831,-8.65153932965251));
#10889=CARTESIAN_POINT('Ctrl Pts',(39.9634968213169,-53.9970236236053,-8.68457472369458));
#10890=CARTESIAN_POINT('Ctrl Pts',(39.9229999151682,-53.9942789975093,-8.7163275447992));
#10891=CARTESIAN_POINT('Ctrl Pts',(39.8815420843871,-53.9917870190567,-8.74673752382863));
#10892=CARTESIAN_POINT('Ctrl Pts',(39.8113763150736,-53.9875694422577,-8.79820523290089));
#10893=CARTESIAN_POINT('Ctrl Pts',(39.7384598269852,-53.9840751506357,-8.84582891539755));
#10894=CARTESIAN_POINT('Ctrl Pts',(39.6631816365026,-53.9812958103489,-8.88954366803279));
#10895=CARTESIAN_POINT('Ctrl Pts',(39.5868644128992,-53.978478108,-8.93386179696553));
#10896=CARTESIAN_POINT('Ctrl Pts',(39.5081189908543,-53.9763951979526,-8.97416272554563));
#10897=CARTESIAN_POINT('Ctrl Pts',(39.4273230168294,-53.9750455506685,-9.01033384653245));
#10898=CARTESIAN_POINT('Ctrl Pts',(39.3731472065023,-53.9741405769225,-9.03458752765393));
#10899=CARTESIAN_POINT('Ctrl Pts',(39.3180488968951,-53.9735654304181,-9.05698348996854));
#10900=CARTESIAN_POINT('Ctrl Pts',(39.2621380633824,-53.9733215212172,-9.07747538453032));
#10901=CARTESIAN_POINT('Ctrl Pts',(39.1788613424052,-53.9729582292183,-9.1079971578344));
#10902=CARTESIAN_POINT('Ctrl Pts',(39.0941613942967,-53.973331296231,-9.13415836813819));
#10903=CARTESIAN_POINT('Ctrl Pts',(39.0084293161199,-53.9744330502605,-9.15588286175945));
#10904=CARTESIAN_POINT('Ctrl Pts',(38.9226459863297,-53.9755354629311,-9.17762034253059));
#10905=CARTESIAN_POINT('Ctrl Pts',(38.8358283598692,-53.9773674205005,-9.19491607600744));
#10906=CARTESIAN_POINT('Ctrl Pts',(38.7483505113891,-53.9799287767747,-9.20764549895786));
#10907=CARTESIAN_POINT('Ctrl Pts',(38.6624667608237,-53.9824434577732,-9.2201429552226));
#10908=CARTESIAN_POINT('Ctrl Pts',(38.5759457496013,-53.9856612036941,-9.22823913072437));
#10909=CARTESIAN_POINT('Ctrl Pts',(38.4891378599737,-53.9895891497466,-9.23176692290333));
#10910=CARTESIAN_POINT('Ctrl Pts',(38.4660595444665,-53.9906334140258,-9.23270480425604));
#10911=CARTESIAN_POINT('Ctrl Pts',(38.4429609725656,-53.9917279146255,-9.23331951761968));
#10912=CARTESIAN_POINT('Ctrl Pts',(38.4198488044213,-53.9928728735221,-9.23360730426773));
#10913=CARTESIAN_POINT('Ctrl Pts',(38.4159306899333,-53.993066973877,-9.23365609160036));
#10914=CARTESIAN_POINT('Ctrl Pts',(38.4120126549441,-53.9932652363506,-9.2336958935113));
#10915=CARTESIAN_POINT('Ctrl Pts',(38.4080946245144,-53.9934635644079,-9.23372607309522));
#10916=CARTESIAN_POINT('Origin',(34.7092944733053,-66.940558207961,-9.45));
#10917=CARTESIAN_POINT('',(38.2212509428433,-50.4820486906193,-9.45));
#10918=CARTESIAN_POINT('Origin',(-35.2786273825786,-76.4731609023489,-10.6822330470336));
#10919=CARTESIAN_POINT('Origin',(-36.9333753445622,-43.9773124500783,-12.45));
#10920=CARTESIAN_POINT('Ctrl Pts',(-36.5900503762142,-46.2351793331885,
-12.2308418290312));
#10921=CARTESIAN_POINT('Ctrl Pts',(-36.5209806128646,-46.6894146660909,
-10.9033580721413));
#10922=CARTESIAN_POINT('Ctrl Pts',(-36.4547154558122,-47.1252055855011,
-9.5697027812681));
#10923=CARTESIAN_POINT('Ctrl Pts',(-36.3907618031037,-47.5457949623801,
-8.23108373214582));
#10924=CARTESIAN_POINT('Ctrl Pts',(-39.5116238187969,-42.5329425634968,
-11.1454037788309));
#10925=CARTESIAN_POINT('Ctrl Pts',(-39.7321185492941,-43.0644929414937,
-9.16163076136377));
#10926=CARTESIAN_POINT('Ctrl Pts',(-39.9529720082829,-43.5969081123354,
-7.17463029306213));
#10927=CARTESIAN_POINT('Ctrl Pts',(-40.1740500931058,-44.1298647924767,
-5.18560888454176));
#10928=CARTESIAN_POINT('Ctrl Pts',(-38.6363281163379,-42.8891103838833,
-11.3139931764624));
#10929=CARTESIAN_POINT('Ctrl Pts',(-38.7673300403479,-43.3884186412249,
-9.31600999082297));
#10930=CARTESIAN_POINT('Ctrl Pts',(-38.9064561424212,-43.8777823137434,
-7.31302113976564));
#10931=CARTESIAN_POINT('Ctrl Pts',(-39.0517111260681,-44.3537294042106,
-5.30565960218944));
#10932=CARTESIAN_POINT('Ctrl Pts',(-37.3101867551488,-43.9442330671144,
-11.7470496450504));
#10933=CARTESIAN_POINT('Ctrl Pts',(-37.2837048515638,-44.4662793367022,
-9.74502470243257));
#10934=CARTESIAN_POINT('Ctrl Pts',(-37.2639160731407,-44.956621143915,-7.73286868409753));
#10935=CARTESIAN_POINT('Ctrl Pts',(-37.2514970571396,-45.4221851330067,
-5.71407805107179));
#10936=CARTESIAN_POINT('Ctrl Pts',(-36.7082387209745,-45.457917047582,-12.3001718528881));
#10937=CARTESIAN_POINT('Ctrl Pts',(-36.6120240492536,-46.089741626788,-10.3139727994557));
#10938=CARTESIAN_POINT('Ctrl Pts',(-36.5222708145555,-46.6827062187953,
-8.31490924061292));
#10939=CARTESIAN_POINT('Ctrl Pts',(-36.4362449671017,-47.246676228825,-6.30697819496036));
#10940=CARTESIAN_POINT('Ctrl Pts',(-36.6060417600142,-46.1300124527524,
-12.5371160673737));
#10941=CARTESIAN_POINT('Ctrl Pts',(-36.5023260007394,-46.8120961918115,
-10.5576426145905));
#10942=CARTESIAN_POINT('Ctrl Pts',(-36.4049398102127,-47.4525537021421,
-8.56421993001402));
#10943=CARTESIAN_POINT('Ctrl Pts',(-36.31224472228,-48.0621603097751,-6.56086117897418));
#10944=CARTESIAN_POINT('',(-40.2625698586572,-44.3432608892131,-4.38920380938468));
#10945=CARTESIAN_POINT('Origin',(-40.6221553727703,-44.2478298590116,-0.2));
#10946=CARTESIAN_POINT('',(-40.8931677727996,-54.2073700676339,-6.98816894645031));
#10947=CARTESIAN_POINT('Origin',(-42.5378665765714,-56.6360475097617,9.33211064313085));
#10948=CARTESIAN_POINT('',(-41.9050042142359,-55.6286159421274,3.12452091698413));
#10949=CARTESIAN_POINT('',(-39.7637101079418,-34.1865038049209,-1.38777878078145E-16));
#10950=CARTESIAN_POINT('',(-41.1135813100881,-49.6903299992709,-1.38777878078145E-16));
#10951=CARTESIAN_POINT('',(-39.7462783226892,-34.1880215376805,-0.2));
#10952=CARTESIAN_POINT('Origin',(39.7462783226892,-34.1880215376805,-0.200000000000001));
#10953=CARTESIAN_POINT('',(39.7637101079418,-34.1865038049209,-1.38777878078145E-16));
#10954=CARTESIAN_POINT('',(39.7462783226892,-34.1880215376805,-0.2));
#10955=CARTESIAN_POINT('',(41.1771997291246,-50.4210137192674,0.));
#10956=CARTESIAN_POINT('',(40.6756427850476,-44.6604258386053,-1.38777878078145E-16));
#10957=CARTESIAN_POINT('',(41.3858815945067,-54.8994458396956,-2.06379395232643));
#10958=CARTESIAN_POINT('Origin',(42.3475977462457,-56.5000009557319,7.30040506950827));
#10959=CARTESIAN_POINT('',(40.8932358075732,-54.2074656306491,-6.98748898026396));
#10960=CARTESIAN_POINT('',(41.268209969318,-54.7341619015058,-3.23985028171771));
#10961=CARTESIAN_POINT('',(41.268209969318,-54.7341619015058,-3.23985028171771));
#10962=CARTESIAN_POINT('Origin',(40.6475034426577,-34.070792945981,-0.27369767846744));
#10963=CARTESIAN_POINT('',(40.9852054828843,-56.7438388481005,-7.18359953934234));
#10964=CARTESIAN_POINT('',(40.7079590886706,-50.3738181371909,-7.18359953934234));
#10965=CARTESIAN_POINT('Origin',(42.5352033809554,-56.7438388481005,9.31640046065766));
#10966=CARTESIAN_POINT('',(41.9139944080884,-62.5789881921964,0.));
#10967=CARTESIAN_POINT('Origin',(42.3352095434955,-56.5000009557319,7.30040506950827));
#10968=CARTESIAN_POINT('',(41.170902096461,-45.5056789843007,0.));
#10969=CARTESIAN_POINT('Origin',(43.2212490970153,-79.016895321117,6.3));
#10970=CARTESIAN_POINT('Origin',(38.2212509428433,-50.4820486906193,-6.95));
#10971=CARTESIAN_POINT('Origin',(38.498497337057,-56.8520694015289,-6.95));
#10972=CARTESIAN_POINT('Ctrl Pts',(40.8932358075732,-54.2074656306491,-6.98748898026396));
#10973=CARTESIAN_POINT('Ctrl Pts',(40.9174833112882,-55.0462002556333,-7.11796974971886));
#10974=CARTESIAN_POINT('Ctrl Pts',(40.9482616154793,-55.8950155435518,-7.18359953934234));
#10975=CARTESIAN_POINT('Ctrl Pts',(40.9852054828843,-56.7438388481005,-7.18359953934234));
#10976=CARTESIAN_POINT('Ctrl Pts',(40.8238974550656,-54.1022273604213,-7.67684928561228));
#10977=CARTESIAN_POINT('Ctrl Pts',(40.8491364821412,-54.976746381379,-7.81361596905015));
#10978=CARTESIAN_POINT('Ctrl Pts',(40.881073987639,-55.8614662636383,-7.88287750238203));
#10979=CARTESIAN_POINT('Ctrl Pts',(40.9195385239535,-56.7466969122118,-7.88396004521476));
#10980=CARTESIAN_POINT('Ctrl Pts',(40.1596955089317,-53.9432409244819,-8.8222492438279));
#10981=CARTESIAN_POINT('Ctrl Pts',(40.1854349401473,-54.8795494842223,-8.9696758393982));
#10982=CARTESIAN_POINT('Ctrl Pts',(40.2181393677159,-55.8274185638468,-9.04522430508488));
#10983=CARTESIAN_POINT('Ctrl Pts',(40.2573744741071,-56.7755166921669,-9.04789147582953));
#10984=CARTESIAN_POINT('Ctrl Pts',(38.9319025875244,-53.9165677168369,-9.22186871612297));
#10985=CARTESIAN_POINT('Ctrl Pts',(38.956593272752,-54.8796687107065,-9.37248390854068));
#10986=CARTESIAN_POINT('Ctrl Pts',(38.9879524471251,-55.8541957987308,-9.4488113383283));
#10987=CARTESIAN_POINT('Ctrl Pts',(39.0255769209545,-56.829128987246,-9.45));
#10988=CARTESIAN_POINT('Ctrl Pts',(38.406527661746,-53.9313972117364,-9.22417571984914));
#10989=CARTESIAN_POINT('Ctrl Pts',(38.4307751654609,-54.8972128405061,-9.37442630285782));
#10990=CARTESIAN_POINT('Ctrl Pts',(38.461553469652,-55.8746365053819,-9.45));
#10991=CARTESIAN_POINT('Ctrl Pts',(38.498497337057,-56.8520694015289,-9.45));
#10992=CARTESIAN_POINT('Ctrl Pts',(-40.8931677727996,-54.2073700676339,
-6.98816894645031));
#10993=CARTESIAN_POINT('Ctrl Pts',(-40.6627640503636,-51.0937315845234,
-6.52481759849305));
#10994=CARTESIAN_POINT('Ctrl Pts',(-40.5249342095035,-48.1216776497363,
-5.147700991067));
#10995=CARTESIAN_POINT('Ctrl Pts',(-40.5011966395207,-45.7552138312638,
-3.07181851100674));
#10996=CARTESIAN_POINT('Ctrl Pts',(-40.8240246079413,-54.1097270787896,
-7.67869420691747));
#10997=CARTESIAN_POINT('Ctrl Pts',(-40.5842410611027,-50.8644025147874,
-7.18893652286708));
#10998=CARTESIAN_POINT('Ctrl Pts',(-40.4414098499974,-47.7703837414593,
-5.75076981400037));
#10999=CARTESIAN_POINT('Ctrl Pts',(-40.4167322042968,-45.304418864097,-3.58668145245848));
#11000=CARTESIAN_POINT('Ctrl Pts',(-40.1613485840821,-53.9875007303316,
-8.82955237799196));
#11001=CARTESIAN_POINT('Ctrl Pts',(-39.9168310033998,-50.5139311044662,
-8.29590808679454));
#11002=CARTESIAN_POINT('Ctrl Pts',(-39.7707924445957,-47.2051434393329,
-6.75094334462891));
#11003=CARTESIAN_POINT('Ctrl Pts',(-39.745648444903,-44.5672461413018,-4.43471716308865));
#11004=CARTESIAN_POINT('Ctrl Pts',(-38.936275610289,-54.0174604767063,-9.23740174541937));
#11005=CARTESIAN_POINT('Ctrl Pts',(-38.7016793250409,-50.4430290467086,
-8.69802483751505));
#11006=CARTESIAN_POINT('Ctrl Pts',(-38.5613750349659,-47.0352592372608,
-7.1138552306796));
#11007=CARTESIAN_POINT('Ctrl Pts',(-38.5372196439634,-44.3196931184913,
-4.73074087385671));
#11008=CARTESIAN_POINT('Ctrl Pts',(-38.4120674583341,-54.0554105287757,
-9.24304922436619));
#11009=CARTESIAN_POINT('Ctrl Pts',(-38.1816637358982,-50.4700086391332,
-8.70949312671844));
#11010=CARTESIAN_POINT('Ctrl Pts',(-38.043833895038,-47.0476435021057,-7.1237224878642));
#11011=CARTESIAN_POINT('Ctrl Pts',(-38.0200963250553,-44.3226245596222,
-4.73331235930996));
#11012=CARTESIAN_POINT('',(-38.4080943460739,-53.9934594568965,-9.23372564707141));
#11013=CARTESIAN_POINT('Origin',(-40.056766262106,-56.8520694015289,9.55));
#11014=CARTESIAN_POINT('Ctrl Pts',(-38.4080943973095,-53.9934594543204,
-9.23372564667938));
#11015=CARTESIAN_POINT('Ctrl Pts',(-38.412647842014,-53.9932305128403,-9.23369080502012));
#11016=CARTESIAN_POINT('Ctrl Pts',(-38.4172012269687,-53.9930034500364,
-9.23364363862532));
#11017=CARTESIAN_POINT('Ctrl Pts',(-38.7085152941939,-53.9785965542457,
-9.22983750636001));
#11018=CARTESIAN_POINT('Ctrl Pts',(-38.9928777316251,-53.9719730949709,
-9.17723686999364));
#11019=CARTESIAN_POINT('Ctrl Pts',(-39.5318408856755,-53.9744256721139,
-8.97893757649525));
#11020=CARTESIAN_POINT('Ctrl Pts',(-39.7824381172417,-53.9834846037693,
-8.83470461379242));
#11021=CARTESIAN_POINT('Ctrl Pts',(-40.2533102620597,-54.0186782959179,
-8.44428788578752));
#11022=CARTESIAN_POINT('Ctrl Pts',(-40.4605595487601,-54.0465972390071,
-8.19078382546899));
#11023=CARTESIAN_POINT('Ctrl Pts',(-40.7658171871495,-54.1177300009131,
-7.62020396309713));
#11024=CARTESIAN_POINT('Ctrl Pts',(-40.8609264716255,-54.1602610361322,
-7.30859451188728));
#11025=CARTESIAN_POINT('Ctrl Pts',(-40.8931676134552,-54.2073679142798,
-6.98816862600206));
#11026=CARTESIAN_POINT('Ctrl Pts',(-38.406527661746,-53.9313972117367,-9.22417571984917));
#11027=CARTESIAN_POINT('Ctrl Pts',(-38.430775165461,-54.8972128405063,-9.37442630285782));
#11028=CARTESIAN_POINT('Ctrl Pts',(-38.4615534696521,-55.874636505382,-9.45));
#11029=CARTESIAN_POINT('Ctrl Pts',(-38.498497337057,-56.8520694015289,-9.45));
#11030=CARTESIAN_POINT('Ctrl Pts',(-39.107027562784,-53.9116245518707,-9.22109971488093));
#11031=CARTESIAN_POINT('Ctrl Pts',(-39.1318835844098,-54.8740260979947,
-9.37188927123855));
#11032=CARTESIAN_POINT('Ctrl Pts',(-39.1633915519726,-55.847168093891,-9.44838339819471));
#11033=CARTESIAN_POINT('Ctrl Pts',(-39.201270115587,-56.821482182485,-9.45));
#11034=CARTESIAN_POINT('Ctrl Pts',(-40.3228512916338,-53.9613540910966,
-8.67549765326884));
#11035=CARTESIAN_POINT('Ctrl Pts',(-40.3486872300048,-54.8892985816707,
-8.82153459154224));
#11036=CARTESIAN_POINT('Ctrl Pts',(-40.3815029457268,-55.8288028788202,
-8.89633377722785));
#11037=CARTESIAN_POINT('Ctrl Pts',(-40.4208857102699,-56.7684000904011,
-8.89886637146261));
#11038=CARTESIAN_POINT('Ctrl Pts',(-40.8412320431926,-54.1285369279785,
-7.50450920927523));
#11039=CARTESIAN_POINT('Ctrl Pts',(-40.8662091132629,-54.9939664360245,
-7.63966724868046));
#11040=CARTESIAN_POINT('Ctrl Pts',(-40.8978926501555,-55.87000307089,-7.70808058018113));
#11041=CARTESIAN_POINT('Ctrl Pts',(-40.9359552636862,-56.745982396184,-7.70886991874666));
#11042=CARTESIAN_POINT('Ctrl Pts',(-40.8932358075733,-54.2074656306493,
-6.98748898026399));
#11043=CARTESIAN_POINT('Ctrl Pts',(-40.9174833112882,-55.0462002556335,
-7.11796974971887));
#11044=CARTESIAN_POINT('Ctrl Pts',(-40.9482616154793,-55.8950155435518,
-7.18359953934234));
#11045=CARTESIAN_POINT('Ctrl Pts',(-40.9852054828843,-56.7438388481005,
-7.18359953934234));
#11046=CARTESIAN_POINT('Origin',(-40.0484952351281,-56.8520694015289,9.55));
#11047=CARTESIAN_POINT('Origin',(36.0455438672494,-48.5274579752177,-2.45));
#11048=CARTESIAN_POINT('',(39.7957147582302,-66.0000009557318,-2.73031944721081));
#11049=CARTESIAN_POINT('Origin',(36.8060122799807,-66.0000009557318,-2.45));
#11050=CARTESIAN_POINT('',(40.1836975894388,-79.,-3.50275361435672));
#11051=CARTESIAN_POINT('Origin',(37.3718193665467,-79.,-2.45));
#11052=CARTESIAN_POINT('',(40.1972165917559,-75.224918027353,-2.7303194472108));
#11053=CARTESIAN_POINT('Ctrl Pts',(40.1836975894388,-79.,-3.50275361435672));
#11054=CARTESIAN_POINT('Ctrl Pts',(40.1607597659195,-78.4204031560945,-3.49665309301406));
#11055=CARTESIAN_POINT('Ctrl Pts',(40.1574293800904,-77.8261031349811,-3.44067240675431));
#11056=CARTESIAN_POINT('Ctrl Pts',(40.1740672206407,-76.6139654756576,-3.21507987780623));
#11057=CARTESIAN_POINT('Ctrl Pts',(40.1949103760916,-75.9969473245359,-3.03850289192484));
#11058=CARTESIAN_POINT('Ctrl Pts',(40.1974413501362,-75.3484047146242,-2.78151836529363));
#11059=CARTESIAN_POINT('Ctrl Pts',(40.1974624824183,-75.2864777218765,-2.75622352866244));
#11060=CARTESIAN_POINT('Ctrl Pts',(40.1972165917559,-75.224918027353,-2.73031944721081));
#11061=CARTESIAN_POINT('',(39.0295936422421,-48.3975813111036,-2.73031944721081));
#11062=CARTESIAN_POINT('Origin',(40.2026807741636,-66.0000009557318,-2.69959493049173));
#11063=CARTESIAN_POINT('',(40.0521989645477,-66.0000009557318,0.));
#11064=CARTESIAN_POINT('',(39.9170279567839,-66.0000009557318,-1.43891913071553));
#11065=CARTESIAN_POINT('',(37.1000933621339,-66.0000009557318,0.));
#11066=CARTESIAN_POINT('',(40.3317278857276,-66.0000009557318,0.));
#11067=CARTESIAN_POINT('',(37.1000933621339,-66.0000009557318,-2.69959493049173));
#11068=CARTESIAN_POINT('',(37.1000933621339,-66.0000009557318,-2.69959493049173));
#11069=CARTESIAN_POINT('',(30.8394506875842,-66.0000009557318,-2.69959493049173));
#11070=CARTESIAN_POINT('',(30.1812521553716,-66.0000009557318,-2.69959493049173));
#11071=CARTESIAN_POINT('',(30.8394506875842,-66.0000009557318,-10.45));
#11072=CARTESIAN_POINT('',(30.8394506875842,-66.0000009557318,-10.45));
#11073=CARTESIAN_POINT('',(30.9732387843804,-66.0000009557318,-10.45));
#11074=CARTESIAN_POINT('',(4.03083859448897,-66.0000009557318,-10.45));
#11075=CARTESIAN_POINT('Origin',(21.4467308508728,-66.0000009557318,-4.30786342053717));
#11076=CARTESIAN_POINT('Origin',(38.6581369259959,-34.1573773887238,-0.0868180469935695));
#11077=CARTESIAN_POINT('',(40.2912713643912,-71.4929349314072,6.10622663543836E-15));
#11078=CARTESIAN_POINT('Origin',(41.2318825803535,-79.1034797638598,6.48687963147387));
#11079=CARTESIAN_POINT('',(39.3824305935708,-50.6113846069601,0.));
#11080=CARTESIAN_POINT('Origin',(-37.7425640182307,-87.5182392232154,-2.45));
#11081=CARTESIAN_POINT('Origin',(35.7735284715554,-48.6933113598439,-2.45));
#11082=CARTESIAN_POINT('',(38.7130544577463,-48.0000009557318,-2.71146722824298));
#11083=CARTESIAN_POINT('Origin',(35.713164033969,-48.0000009557318,-2.45));
#11084=CARTESIAN_POINT('',(38.7508488489139,-48.4340850897233,-2.71146722824298));
#11085=CARTESIAN_POINT('Origin',(36.0455438672494,-48.5274579752177,-2.45));
#11086=CARTESIAN_POINT('',(39.7304293203652,-64.5000009557318,-2.73031944721081));
#11087=CARTESIAN_POINT('Origin',(36.7407268421158,-64.5000009557318,-2.45));
#11088=CARTESIAN_POINT('',(39.0295936422421,-48.3975813111036,-2.73031944721081));
#11089=CARTESIAN_POINT('Origin',(39.0000005811453,-49.5000009557318,-2.69959493049173));
#11090=CARTESIAN_POINT('',(39.0818105871075,-49.5000009557318,0.00040506950827357));
#11091=CARTESIAN_POINT('',(38.957658619551,-49.5000009557318,-1.41331008469622));
#11092=CARTESIAN_POINT('',(37.1000933621339,-49.5000009557318,0.00040506950827357));
#11093=CARTESIAN_POINT('',(31.3500940276992,-49.5000009557318,0.00040506950827357));
#11094=CARTESIAN_POINT('',(37.1000933621339,-49.5000009557318,-2.69959493049173));
#11095=CARTESIAN_POINT('',(37.1000933621339,-49.5000009557318,-2.69959493049173));
#11096=CARTESIAN_POINT('',(31.3500940276992,-49.5000009557318,-2.69959493049173));
#11097=CARTESIAN_POINT('',(39.0000005811453,-49.5000009557318,-2.69959493049173));
#11098=CARTESIAN_POINT('',(31.3500940276992,-49.5000009557318,-10.45));
#11099=CARTESIAN_POINT('',(31.3500940276992,-49.5000009557318,-6.57479746524586));
#11100=CARTESIAN_POINT('',(34.0706213939813,-49.5000009557318,-10.45));
#11101=CARTESIAN_POINT('',(5.28531068496451,-49.5000009557318,-10.45));
#11102=CARTESIAN_POINT('',(34.0706213939813,-49.5000009557318,-6.57479746524586));
#11103=CARTESIAN_POINT('Origin',(37.7613980711169,-34.3608390510942,-0.0256885145046844));
#11104=CARTESIAN_POINT('',(38.9512101290117,-48.0000009557318,0.00040506950827357));
#11105=CARTESIAN_POINT('',(38.7987452317372,-48.0000009557318,-1.73570866274672));
#11106=CARTESIAN_POINT('',(38.386163595182,-41.5102090124072,0.00040506950827357));
#11107=CARTESIAN_POINT('',(39.378046534577,-55.0014454451414,-2.08065731071705));
#11108=CARTESIAN_POINT('',(39.2801404843862,-54.8639246322676,-3.05916873883662));
#11109=CARTESIAN_POINT('Origin',(40.3323628237201,-56.5000009557319,7.30040506950827));
#11110=CARTESIAN_POINT('',(37.9148170266613,-43.8751395833583,-7.71146722824298));
#11111=CARTESIAN_POINT('Origin',(38.6581369259959,-34.1573773887238,-0.0868180469935695));
#11112=CARTESIAN_POINT('',(39.9869135266828,-64.5000009557318,0.));
#11113=CARTESIAN_POINT('',(39.8084829056933,-64.5000009557318,-1.89942531534356));
#11114=CARTESIAN_POINT('',(39.9033040870751,-62.5789881921964,-6.66133814775094E-15));
#11115=CARTESIAN_POINT('',(39.3824305935708,-50.6113846069601,0.));
#11116=CARTESIAN_POINT('Origin',(40.3245192224822,-56.5000009557319,7.30040506950827));
#11117=CARTESIAN_POINT('Origin',(41.9868481345959,-71.2642004741981,-1.38777878078145E-16));
#11118=CARTESIAN_POINT('',(41.9843449126601,-71.2643094234916,0.));
#11119=CARTESIAN_POINT('',(41.9868481345959,-71.2642004741981,-1.38777878078145E-16));
#11120=CARTESIAN_POINT('',(41.9791727175355,-71.2645345361738,0.0293331602103135));
#11121=CARTESIAN_POINT('',(41.9699345297827,-71.2649366155955,0.0817258551636963));
#11122=CARTESIAN_POINT('',(42.291429362575,-71.2509439949754,5.55111512312578E-16));
#11123=CARTESIAN_POINT('Origin',(41.7658558172018,-66.9215943331972,0.));
#11124=CARTESIAN_POINT('',(41.2281402916493,-62.5789881921964,0.));
#11125=CARTESIAN_POINT('',(40.1000933621339,-62.5789881921964,0.));
#11126=CARTESIAN_POINT('',(40.1855561729247,-50.6044805917719,0.));
#11127=CARTESIAN_POINT('Origin',(38.7832694965809,-34.2718678002405,-0.111554397587023));
#11128=CARTESIAN_POINT('',(41.1100285693563,-63.8651308936094,1.3));
#11129=CARTESIAN_POINT('Origin',(39.4067329752346,-56.5000009557319,7.30040506950827));
#11130=CARTESIAN_POINT('',(45.1268519290119,-110.,1.3));
#11131=CARTESIAN_POINT('',(39.3586156116388,-43.7494324122943,1.3));
#11132=CARTESIAN_POINT('',(44.5778116914118,-110.,4.40202641635198));
#11133=CARTESIAN_POINT('Origin',(41.522468921437,-79.0908323928496,6.4595821637231));
#11134=CARTESIAN_POINT('Origin',(40.1000933621339,-56.5000009557319,7.30040506950827));
#11135=CARTESIAN_POINT('',(40.1695822678618,-50.4210137192674,0.));
#11136=CARTESIAN_POINT('',(40.1000933621339,-50.4210137192674,0.));
#11137=CARTESIAN_POINT('Origin',(39.4067329752346,-56.5000009557319,7.30040506950827));
#11138=CARTESIAN_POINT('',(40.2205228303865,-62.5789881921964,0.));
#11139=CARTESIAN_POINT('',(40.1000933621339,-62.5789881921964,0.));
#11140=CARTESIAN_POINT('',(40.446668923755,-63.8651308936094,1.3));
#11141=CARTESIAN_POINT('Origin',(40.3323628237201,-56.5000009557319,7.30040506950827));
#11142=CARTESIAN_POINT('',(40.1000933621339,-63.8651308936094,1.3));
#11143=CARTESIAN_POINT('Origin',(37.7613980711169,-34.3608390510942,-0.0256885145046844));
#11144=CARTESIAN_POINT('',(44.4634922834106,-110.,1.3));
#11145=CARTESIAN_POINT('',(44.1532892025221,-110.,-2.23227423587602));
#11146=CARTESIAN_POINT('',(38.7002468343288,-43.806754588236,1.3));
#11147=CARTESIAN_POINT('',(40.9892046147287,-71.4076147783886,-4.9960036108132E-15));
#11148=CARTESIAN_POINT('',(39.1861573006501,-50.6988744680418,0.));
#11149=CARTESIAN_POINT('',(41.3331386464469,-79.,-3.61094546173165));
#11150=CARTESIAN_POINT('Origin',(42.2170748531877,-79.0606006245843,6.39433139195332));
#11151=CARTESIAN_POINT('',(41.5508288422743,-79.,-1.13211298875355));
#11152=CARTESIAN_POINT('Ctrl Pts',(41.3381596740767,-71.3924269891588,-0.0327805823339917));
#11153=CARTESIAN_POINT('Ctrl Pts',(41.1340380167453,-74.3673868288025,-3.58403988803884));
#11154=CARTESIAN_POINT('Ctrl Pts',(41.3331386464469,-79.,-3.61094546173165));
#11155=CARTESIAN_POINT('Ctrl Pts',(40.1908530102184,-71.4423619344357,0.0749965641765198));
#11156=CARTESIAN_POINT('Ctrl Pts',(39.986731352887,-74.4173217740794,-3.47626274152833));
#11157=CARTESIAN_POINT('Ctrl Pts',(40.1858319825885,-79.0499349452769,-3.50316831522114));
#11158=CARTESIAN_POINT('Origin',(110.285856171231,-76.0980004957297,0.));
#11159=CARTESIAN_POINT('Origin',(43.6094364555483,-79.,6.26353396425552));
#11160=CARTESIAN_POINT('Origin',(0.,-98.4040535392708,-1.7));
#11161=CARTESIAN_POINT('',(43.9226782662584,-115.308107078542,-1.7));
#11162=CARTESIAN_POINT('Origin',(43.9226782662584,-114.508107078542,-1.7));
#11163=CARTESIAN_POINT('',(-43.9226782662584,-115.308107078542,-1.7));
#11164=CARTESIAN_POINT('',(-44.7953583820012,-115.308107078542,-1.7));
#11165=CARTESIAN_POINT('',(-44.719663134929,-114.438716019246,-1.7));
#11166=CARTESIAN_POINT('Origin',(-43.9226782662584,-114.508107078542,-1.7));
#11167=CARTESIAN_POINT('',(-41.8517888674621,-81.5,-1.7));
#11168=CARTESIAN_POINT('',(36.2,-106.,-1.7));
#11169=CARTESIAN_POINT('Origin',(39.,-106.,-1.7));
#11170=CARTESIAN_POINT('',(-41.8,-106.,-1.7));
#11171=CARTESIAN_POINT('Origin',(-39.,-106.,-1.7));
#11172=CARTESIAN_POINT('Origin',(-44.3295480971565,-110.,-1.38777878078145E-16));
#11173=CARTESIAN_POINT('',(44.3295480971565,-110.,-1.));
#11174=CARTESIAN_POINT('',(44.3295480971565,-110.,-1.38777878078145E-16));
#11175=CARTESIAN_POINT('',(-44.3295480971565,-110.,-1.));
#11176=CARTESIAN_POINT('',(-44.3295480971565,-110.,-1.38777878078145E-16));
#11177=CARTESIAN_POINT('',(44.5036820412842,-110.,-1.));
#11178=CARTESIAN_POINT('Origin',(37.1000933621339,-64.5000009557318,-2.69959493049173));
#11179=CARTESIAN_POINT('',(37.1000933621339,-64.5000009557318,0.));
#11180=CARTESIAN_POINT('',(37.1000933621339,-65.7749916046855,0.));
#11181=CARTESIAN_POINT('',(37.1000933621339,-64.5000009557318,-2.69959493049173));
#11182=CARTESIAN_POINT('',(37.1000933621339,-64.5000009557318,-2.69959493049173));
#11183=CARTESIAN_POINT('',(37.1000933621339,-72.7500009557318,-2.69959493049173));
#11184=CARTESIAN_POINT('Origin',(30.1812521553716,-64.5000009557318,-2.69959493049173));
#11185=CARTESIAN_POINT('',(31.7897630476622,-64.5000009557318,-10.45));
#11186=CARTESIAN_POINT('',(31.7897630476622,-64.5000009557318,-6.57479746524586));
#11187=CARTESIAN_POINT('',(31.1857258592329,-64.5000009557318,-10.45));
#11188=CARTESIAN_POINT('',(3.84286291759031,-64.5000009557318,-10.45));
#11189=CARTESIAN_POINT('',(31.1857258592329,-64.5000009557318,-2.69959493049173));
#11190=CARTESIAN_POINT('',(31.1857258592329,-64.5000009557318,-10.45));
#11191=CARTESIAN_POINT('',(40.2026807741636,-64.5000009557318,-2.69959493049173));
#11192=CARTESIAN_POINT('',(35.3210135763315,-64.5000009557318,0.));
#11193=CARTESIAN_POINT('Origin',(-39.659146546662,-44.3316761215716,-0.111554397587025));
#11194=CARTESIAN_POINT('',(-45.1268519290119,-110.,1.3));
#11195=CARTESIAN_POINT('',(-44.5911142190961,-110.,4.32686836880826));
#11196=CARTESIAN_POINT('',(-39.9733592916879,-50.8100165290627,1.3));
#11197=CARTESIAN_POINT('Origin',(-40.4607749972915,-67.0499822536392,0.));
#11198=CARTESIAN_POINT('',(-40.9892046147287,-71.4076147783886,-4.9960036108132E-15));
#11199=CARTESIAN_POINT('',(-39.6240958256907,-55.7287786287073,0.));
#11200=CARTESIAN_POINT('Origin',(-110.285856171231,-76.0980004957297,0.));
#11201=CARTESIAN_POINT('Ctrl Pts',(-41.3331386464469,-79.,-3.61094546173165));
#11202=CARTESIAN_POINT('Ctrl Pts',(-41.1340380167453,-74.3673868288025,
-3.58403988803884));
#11203=CARTESIAN_POINT('Ctrl Pts',(-41.3381596740767,-71.3924269891588,
-0.0327805823339928));
#11204=CARTESIAN_POINT('Ctrl Pts',(-40.1858319825885,-79.0499349452769,
-3.50316831522114));
#11205=CARTESIAN_POINT('Ctrl Pts',(-39.986731352887,-74.4173217740794,-3.47626274152832));
#11206=CARTESIAN_POINT('Ctrl Pts',(-40.1908530102184,-71.4423619344357,
0.0749965641765209));
#11207=CARTESIAN_POINT('Origin',(-42.2170748531878,-79.0606006245843,6.39433139195332));
#11208=CARTESIAN_POINT('Origin',(40.4607749972915,-67.0499822536392,0.));
#11209=CARTESIAN_POINT('Origin',(-38.6372751211979,-44.4206473724254,-0.0256885145046833));
#11210=CARTESIAN_POINT('',(-44.4634922834106,-110.,1.3));
#11211=CARTESIAN_POINT('',(-39.314990514378,-50.8673387050044,1.3));
#11212=CARTESIAN_POINT('',(-44.1566408627223,-110.,-2.1941089702752));
#11213=CARTESIAN_POINT('Ctrl Pts',(42.2914293625751,-71.2509439949754,1.88651178012478E-16));
#11214=CARTESIAN_POINT('Ctrl Pts',(42.2905925512939,-71.2625222424657,-0.0142723978494953));
#11215=CARTESIAN_POINT('Ctrl Pts',(42.2897620267097,-71.274152871679,-0.0285021420293974));
#11216=CARTESIAN_POINT('Ctrl Pts',(41.9791727175355,-71.2645345361738,0.029333160210311));
#11217=CARTESIAN_POINT('Ctrl Pts',(41.9783359062543,-71.2761127836642,0.0150607623608144));
#11218=CARTESIAN_POINT('Ctrl Pts',(41.9775053816701,-71.2877434128774,0.000831018180912333));
#11219=CARTESIAN_POINT('Origin',(19.8500930297861,-79.,-2.22044604925031E-15));
#11220=CARTESIAN_POINT('',(19.8500930297861,-79.,-5.45));
#11221=CARTESIAN_POINT('',(9.92504651489307,-79.,-5.45));
#11222=CARTESIAN_POINT('',(19.8500930297861,-79.,-2.69959493049172));
#11223=CARTESIAN_POINT('',(19.8500930297861,-79.,-5.225));
#11224=CARTESIAN_POINT('',(37.1000930297861,-79.,-2.69959493049172));
#11225=CARTESIAN_POINT('',(19.1000930297861,-79.,-2.69959493049172));
#11226=CARTESIAN_POINT('',(37.1000930297861,-79.,-2.22044604925031E-15));
#11227=CARTESIAN_POINT('Origin',(22.4012850734616,-59.7224022780503,-10.5854620982186));
#11228=CARTESIAN_POINT('',(30.3857954353072,-67.2639737916562,-10.45));
#11229=CARTESIAN_POINT('Origin',(22.3806870829728,-59.857864376269,-10.45));
#11230=CARTESIAN_POINT('',(21.219528142902,-74.5652609102448,-9.88473908975515));
#11231=CARTESIAN_POINT('Ctrl Pts',(21.219528142902,-74.5652609102448,-9.88473908975515));
#11232=CARTESIAN_POINT('Ctrl Pts',(21.5516156103847,-74.5069250111483,-9.94307498885168));
#11233=CARTESIAN_POINT('Ctrl Pts',(21.8839673901996,-74.4343517335223,-9.99365615858088));
#11234=CARTESIAN_POINT('Ctrl Pts',(23.5127768935254,-74.006306778633,-10.2073273161561));
#11235=CARTESIAN_POINT('Ctrl Pts',(24.7686620244868,-73.4332844681709,-10.2598283404188));
#11236=CARTESIAN_POINT('Ctrl Pts',(26.4000087827732,-72.3611507478686,-10.2594898859849));
#11237=CARTESIAN_POINT('Ctrl Pts',(26.9916485501487,-71.8991492942589,-10.2433310868608));
#11238=CARTESIAN_POINT('Ctrl Pts',(28.0753525463353,-70.8705061038169,-10.2052996394666));
#11239=CARTESIAN_POINT('Ctrl Pts',(28.5674561651636,-70.3038510454865,-10.1849244684982));
#11240=CARTESIAN_POINT('Ctrl Pts',(29.519240714468,-69.0081639574773,-10.1915427522282));
#11241=CARTESIAN_POINT('Ctrl Pts',(30.0187303842406,-68.1335392359652,-10.2306865077639));
#11242=CARTESIAN_POINT('Ctrl Pts',(30.3857954353072,-67.2639737916562,-10.45));
#11243=CARTESIAN_POINT('',(22.4012850734616,-66.7934700899158,-17.6565299100842));
#11244=CARTESIAN_POINT('Origin',(0.,-73.9999999999999,-10.45));
#11245=CARTESIAN_POINT('',(12.6614012937658,-79.,-5.45));
#11246=CARTESIAN_POINT('Origin',(9.45009301019943,-79.4999991078975,-4.95000089210255));
#11247=CARTESIAN_POINT('',(18.3500930297861,-79.,-5.45));
#11248=CARTESIAN_POINT('',(-20.8822080747156,-79.,-5.45));
#11249=CARTESIAN_POINT('',(18.3500930297861,-75.6339266088611,-8.81607339113885));
#11250=CARTESIAN_POINT('',(18.3500930297861,-73.8059515901698,-10.6440484098302));
#11251=CARTESIAN_POINT('Origin',(20.8500930297861,-75.6339266088611,-8.81607339113885));
#11252=CARTESIAN_POINT('',(12.25,-75.5000000655651,-8.94999993443488));
#11253=CARTESIAN_POINT('',(12.25,-73.1250000163912,-11.3249999836087));
#11254=CARTESIAN_POINT('',(-12.0498141395011,-75.5000000655651,-8.94999993443488));
#11255=CARTESIAN_POINT('',(0.0500464651247168,-75.5000000655651,-8.94999993443489));
#11256=CARTESIAN_POINT('',(-12.0498141395011,-76.8126012256149,-7.63739877438504));
#11257=CARTESIAN_POINT('Origin',(0.,-73.9999999999999,-10.45));
#11258=CARTESIAN_POINT('',(20.7180175680352,-74.6426869443989,-9.8073130556011));
#11259=CARTESIAN_POINT('Origin',(19.1000930297861,-62.5000000655651,-21.9499999344348));
#11260=CARTESIAN_POINT('',(19.8500930297861,-75.6339266088611,-8.81607339113884));
#11261=CARTESIAN_POINT('Origin',(20.8500930297861,-75.6339266088611,-8.81607339113884));
#11262=CARTESIAN_POINT('',(19.8500930297861,-76.2169302050529,-8.23306979494711));
#11263=CARTESIAN_POINT('Origin',(12.25,-70.5000000655651,-10.45));
#11264=CARTESIAN_POINT('',(12.25,-70.5000000655651,4.30040483689485));
#11265=CARTESIAN_POINT('',(12.25,-70.5000000655651,-10.45));
#11266=CARTESIAN_POINT('',(12.25,-75.5000000655651,4.30040483689485));
#11267=CARTESIAN_POINT('',(12.25,-70.5000000655651,4.30040483689485));
#11268=CARTESIAN_POINT('',(12.25,-75.5000000655651,-6.76239879077629));
#11269=CARTESIAN_POINT('Origin',(18.3500930297861,-73.2238063606793,-10.45));
#11270=CARTESIAN_POINT('',(18.3500930297861,-79.,-2.69959493049172));
#11271=CARTESIAN_POINT('',(18.3500930297861,-79.,-5.225));
#11272=CARTESIAN_POINT('',(18.3500930297861,-75.6339266088611,-2.69959493049172));
#11273=CARTESIAN_POINT('',(18.3500930297861,-77.1119036582056,-2.69959493049172));
#11274=CARTESIAN_POINT('',(18.3500930297861,-75.6339266088611,-10.45));
#11275=CARTESIAN_POINT('Origin',(9.45009301019943,-79.4999991078975,0.200404984897638));
#11276=CARTESIAN_POINT('',(12.6614012937658,-79.,0.200404984897638));
#11277=CARTESIAN_POINT('Origin',(20.8500930297861,-75.6339266088611,-10.45));
#11278=CARTESIAN_POINT('',(20.7180175680352,-74.6426869443989,-2.69959493049172));
#11279=CARTESIAN_POINT('',(20.7180175680352,-74.6426869443989,-10.45));
#11280=CARTESIAN_POINT('',(19.8500930297861,-75.6339266088611,-2.69959493049172));
#11281=CARTESIAN_POINT('Origin',(20.8500930297861,-75.6339266088611,-2.69959493049173));
#11282=CARTESIAN_POINT('',(19.8500930297861,-75.6339266088611,-10.45));
#11283=CARTESIAN_POINT('Origin',(19.1000930297861,-62.5000000655651,-10.45));
#11284=CARTESIAN_POINT('Origin',(19.1000930297861,-62.5000000655651,-10.45));
#11285=CARTESIAN_POINT('Origin',(19.1000930297861,-62.5000000655651,-2.69959493049173));
#11286=CARTESIAN_POINT('Origin',(-23.5000000240523,-58.75,-10.45));
#11287=CARTESIAN_POINT('Origin',(19.8500930297861,-82.8677208202116,-10.45));
#11288=CARTESIAN_POINT('',(19.8500930297861,-81.9338608879717,-2.69959493049172));
#11289=CARTESIAN_POINT('Origin',(-43.9226782662584,-114.508107078542,-3.7));
#11290=CARTESIAN_POINT('',(-43.9226782662584,-115.308107078542,-3.7));
#11291=CARTESIAN_POINT('',(-44.719663134929,-114.438716019246,-3.7));
#11292=CARTESIAN_POINT('Origin',(-41.8517888674621,-81.5,-3.7));
#11293=CARTESIAN_POINT('Origin',(43.9226782662584,-114.508107078542,-3.7));
#11294=CARTESIAN_POINT('',(43.9226782662584,-115.308107078542,-3.7));
#11295=CARTESIAN_POINT('Origin',(-41.1721031764118,-115.308107078542,-3.7));
#11296=CARTESIAN_POINT('Origin',(5.60464722462648,-56.8520694015289,9.55));
#11297=CARTESIAN_POINT('Origin',(0.,-79.016895321117,6.3));
#11298=CARTESIAN_POINT('Origin',(44.2202203376178,-79.016895321117,6.3));
#11299=CARTESIAN_POINT('Origin',(0.,-79.016895321117,6.3));
#11300=CARTESIAN_POINT('Origin',(-44.2202203376178,-79.016895321117,6.3));
#11301=CARTESIAN_POINT('Origin',(39.7462783226892,-34.1880215376805,-0.200000000000001));
#11302=CARTESIAN_POINT('',(46.1857814885313,-113.977782123331,-5.97945482829079));
#11303=CARTESIAN_POINT('Origin',(-40.6221553727703,-44.2478298590116,-0.2));
#11304=CARTESIAN_POINT('',(-45.8287466547093,-113.476283794313,-9.54780085441257));
#11305=CARTESIAN_POINT('Origin',(-44.5036820412842,-112.,0.));
#11306=CARTESIAN_POINT('',(-44.5036820412842,-112.,-1.));
#11307=CARTESIAN_POINT('',(-44.5036820412842,-112.,0.));
#11308=CARTESIAN_POINT('',(-44.5036820412842,-112.,-1.));
#11309=CARTESIAN_POINT('Origin',(44.5036820412842,-112.,-1.38777878078145E-16));
#11310=CARTESIAN_POINT('',(44.5036820412842,-112.,-1.));
#11311=CARTESIAN_POINT('',(44.5036820412842,-112.,-1.38777878078145E-16));
#11312=CARTESIAN_POINT('',(-44.5036820412842,-112.,-1.));
#11313=CARTESIAN_POINT('Origin',(44.3295480971565,-110.,-6.63163958604056E-49));
#11314=CARTESIAN_POINT('',(44.3295480971565,-110.,-1.));
#11315=CARTESIAN_POINT('Origin',(0.,-111.,-1.));
#11316=CARTESIAN_POINT('Origin',(43.7046811740658,-114.193804015098,-5.76156547142165));
#11317=CARTESIAN_POINT('',(43.7046811740658,-116.669474186952,-6.10949822382181));
#11318=CARTESIAN_POINT('Origin',(44.2279412344123,-117.5,-0.2));
#11319=CARTESIAN_POINT('',(-43.3476463402438,-116.167975857934,-9.67784424994359));
#11320=CARTESIAN_POINT('Origin',(-43.3476463402438,-113.69230568608,-9.32991149754343));
#11321=CARTESIAN_POINT('Origin',(0.,-110.,2.77555756156289E-16));
#11322=CARTESIAN_POINT('',(-11.7500000120262,-110.,1.3));
#11323=CARTESIAN_POINT('Origin',(0.,-110.,2.77555756156289E-16));
#11324=CARTESIAN_POINT('',(-11.7500000120262,-110.,1.3));
#11325=CARTESIAN_POINT('Origin',(-23.5000000240523,-58.75,1.3));
#11326=CARTESIAN_POINT('Origin',(-23.5000000240523,-58.75,1.3));
#11327=CARTESIAN_POINT('Origin',(39.,-106.,-3.7));
#11328=CARTESIAN_POINT('',(36.2,-106.,1.3));
#11329=CARTESIAN_POINT('',(36.2,-106.,-3.7));
#11330=CARTESIAN_POINT('Origin',(39.,-106.,1.3));
#11331=CARTESIAN_POINT('Origin',(4.44089209850063E-15,-58.7207333926315,
1.3));
#11332=CARTESIAN_POINT('',(37.6,-106.,1.3));
#11333=CARTESIAN_POINT('Origin',(39.,-106.,1.3));
#11334=CARTESIAN_POINT('Origin',(-39.,-106.,-3.7));
#11335=CARTESIAN_POINT('',(-41.8,-106.,1.3));
#11336=CARTESIAN_POINT('',(-41.8,-106.,-3.7));
#11337=CARTESIAN_POINT('Origin',(-39.,-106.,1.3));
#11338=CARTESIAN_POINT('Origin',(4.44089209850063E-15,-58.7207333926315,
1.3));
#11339=CARTESIAN_POINT('',(-40.4,-106.,1.3));
#11340=CARTESIAN_POINT('Origin',(-39.,-106.,1.3));
#11341=CARTESIAN_POINT('Origin',(34.9561033666479,-43.676653963827,-10.45));
#11342=CARTESIAN_POINT('',(33.1754749680707,-55.3869059493402,-10.45));
#11343=CARTESIAN_POINT('Origin',(19.1000930297861,-62.5000000655651,-10.45));
#11344=CARTESIAN_POINT('',(31.3500940276992,-62.5000000655651,-10.45));
#11345=CARTESIAN_POINT('Origin',(19.1000930297861,-62.5000000655651,-10.45));
#11346=CARTESIAN_POINT('',(31.3500940276992,-62.5000000655651,-2.69959493049173));
#11347=CARTESIAN_POINT('',(31.3500940276992,-62.5000000655651,-10.45));
#11348=CARTESIAN_POINT('Origin',(19.1000930297861,-62.5000000655651,-2.69959493049173));
#11349=CARTESIAN_POINT('Origin',(-23.5000000240523,-58.75,-10.45));
#11350=CARTESIAN_POINT('',(31.3500940276992,-60.6250000327826,-10.45));
#11351=CARTESIAN_POINT('Origin',(31.3500940276991,-62.5000000655651,-10.45));
#11352=CARTESIAN_POINT('',(31.3500940276991,-71.7500005106485,-2.69959493049173));
#11353=CARTESIAN_POINT('Origin',(-23.5000000240523,-58.75,-10.45));
#11354=CARTESIAN_POINT('',(18.1000930297861,-36.9999990676521,-10.45));
#11355=CARTESIAN_POINT('Origin',(19.1000930297861,-36.9999990676521,-10.45));
#11356=CARTESIAN_POINT('Origin',(-23.5000000240523,-58.75,-10.45));
#11357=CARTESIAN_POINT('',(-30.8999072625626,-33.4999991573631,-10.45));
#11358=CARTESIAN_POINT('Origin',(-29.8999072625626,-33.4999991573631,-10.45));
#11359=CARTESIAN_POINT('Origin',(0.,-7.,3.));
#11360=CARTESIAN_POINT('',(-1.4,-7.,3.));
#11361=CARTESIAN_POINT('',(-1.4,-7.,3.));
#11362=CARTESIAN_POINT('Origin',(0.,-7.,3.));
#11363=CARTESIAN_POINT('Origin',(19.1000930297861,-36.9999990676521,0.200404984897638));
#11364=CARTESIAN_POINT('',(18.1000930297861,-36.9999990676521,-0.799595015102362));
#11365=CARTESIAN_POINT('',(18.1000930297861,-36.9999990676521,0.200404984897638));
#11366=CARTESIAN_POINT('Origin',(19.1000930297861,-36.9999990676521,-0.799595015102362));
#11367=CARTESIAN_POINT('Origin',(-29.8999072625626,-33.4999991573631,0.200404984897641));
#11368=CARTESIAN_POINT('',(-30.8999072625626,-33.4999991573631,-0.799595015102359));
#11369=CARTESIAN_POINT('',(-30.8999072625626,-33.4999991573631,0.200404984897641));
#11370=CARTESIAN_POINT('Origin',(-29.8999072625626,-33.4999991573631,-0.799595015102359));
#11371=CARTESIAN_POINT('Origin',(0.,-7.,3.));
#11372=CARTESIAN_POINT('',(-3.25,-7.,3.));
#11373=CARTESIAN_POINT('Origin',(0.,-7.,3.));
#11374=CARTESIAN_POINT('Origin',(-39.,-106.,3.));
#11375=CARTESIAN_POINT('',(-40.4,-106.,3.));
#11376=CARTESIAN_POINT('',(-40.4,-106.,3.));
#11377=CARTESIAN_POINT('Origin',(-39.,-106.,3.));
#11378=CARTESIAN_POINT('Origin',(39.,-106.,3.));
#11379=CARTESIAN_POINT('',(37.6,-106.,3.));
#11380=CARTESIAN_POINT('',(37.6,-106.,3.));
#11381=CARTESIAN_POINT('Origin',(39.,-106.,3.));
#11382=CARTESIAN_POINT('Origin',(19.1000930297861,-36.9999990676521,-0.799595015102362));
#11383=CARTESIAN_POINT('',(17.7000930297861,-36.9999990676521,-0.799595015102362));
#11384=CARTESIAN_POINT('Origin',(19.1000930297861,-36.9999990676521,-0.799595015102362));
#11385=CARTESIAN_POINT('Origin',(-29.8999072625626,-33.4999991573631,-0.799595015102359));
#11386=CARTESIAN_POINT('',(-31.2999072625626,-33.4999991573631,-0.799595015102359));
#11387=CARTESIAN_POINT('Origin',(-29.8999072625626,-33.4999991573631,-0.799595015102359));
#11388=CARTESIAN_POINT('Origin',(-23.5000000240523,-58.75,-10.45));
#11389=CARTESIAN_POINT('',(12.25,-48.5261319561311,-10.45));
#11390=CARTESIAN_POINT('',(-33.8505515988619,-32.5000000000015,-10.45));
#11391=CARTESIAN_POINT('Ctrl Pts',(-26.9117956662309,-17.0000000025336,
-10.45));
#11392=CARTESIAN_POINT('Ctrl Pts',(-28.5149441167711,-18.9393057407498,
-10.45));
#11393=CARTESIAN_POINT('Ctrl Pts',(-31.6341188763937,-23.7938700547761,
-10.45));
#11394=CARTESIAN_POINT('Ctrl Pts',(-33.3570957378698,-29.3249460623376,
-10.45));
#11395=CARTESIAN_POINT('Ctrl Pts',(-33.8505297622687,-32.5000014893123,
-10.45));
#11396=CARTESIAN_POINT('',(-32.9922367542683,-32.5,-10.45));
#11397=CARTESIAN_POINT('',(-18.2500001535872,-32.5,-10.45));
#11398=CARTESIAN_POINT('Origin',(-29.8999072625626,-33.4999991573631,-10.45));
#11399=CARTESIAN_POINT('Origin',(-9.84812364675796,-16.25,-5.69974260687824));
#11400=CARTESIAN_POINT('',(-24.4000378847121,-16.625,-5.69974260687821));
#11401=CARTESIAN_POINT('Origin',(-24.4000378847121,-17.,-5.69974260687824));
#11402=CARTESIAN_POINT('',(-24.4000378847121,-16.625,-0.999999999978241));
#11403=CARTESIAN_POINT('Origin',(-24.9000378847121,-16.625,-0.499999999978241));
#11404=CARTESIAN_POINT('',(-25.4000378847121,-16.625,2.17581508366038E-11));
#11405=CARTESIAN_POINT('Origin',(-27.6485379482751,-16.25,2.17581508366038E-11));
#11406=CARTESIAN_POINT('Ctrl Pts',(-29.7694262859975,-15.5,2.18058904266627E-11));
#11407=CARTESIAN_POINT('Ctrl Pts',(-30.1587357166844,-15.9897535496961,
2.18070006496873E-11));
#11408=CARTESIAN_POINT('Ctrl Pts',(-30.5347285403677,-16.4899405819437,
2.18070006496873E-11));
#11409=CARTESIAN_POINT('Ctrl Pts',(-30.8970379883509,-17.,2.18081108727119E-11));
#11410=CARTESIAN_POINT('Origin',(0.,-7.,3.));
#11411=CARTESIAN_POINT('',(-2.80724947161562,-5.36236438603888,-10.4358504532065));
#11412=CARTESIAN_POINT('Ctrl Pts',(-2.95805979374097,-5.65375785841187,
-10.45));
#11413=CARTESIAN_POINT('Ctrl Pts',(-2.92443522083998,-5.57987509103881,
-10.45));
#11414=CARTESIAN_POINT('Ctrl Pts',(-2.88809686844894,-5.50735740431775,
-10.4471974896598));
#11415=CARTESIAN_POINT('Ctrl Pts',(-2.84915067494266,-5.43636999278974,
-10.4419399271844));
#11416=CARTESIAN_POINT('Ctrl Pts',(-2.8355021774194,-5.41149281165351,-10.4400974408728));
#11417=CARTESIAN_POINT('Ctrl Pts',(-2.82153349532457,-5.3868032241563,-10.4379531273709));
#11418=CARTESIAN_POINT('Ctrl Pts',(-2.80724947161562,-5.36230727355367,
-10.4355209344694));
#11419=CARTESIAN_POINT('',(-3.25,-7.,3.));
#11420=CARTESIAN_POINT('',(2.8072494716156,-5.36236438603884,-10.4358504532065));
#11421=CARTESIAN_POINT('Ctrl Pts',(2.8072494716156,-5.362293320556,-10.4355315555363));
#11422=CARTESIAN_POINT('Ctrl Pts',(2.84799987763704,-5.43218335434509,-10.4424654283798));
#11423=CARTESIAN_POINT('Ctrl Pts',(2.88618316093199,-5.50364975259238,-10.4470601658065));
#11424=CARTESIAN_POINT('Ctrl Pts',(2.92168995824317,-5.57653986614738,-10.4489814375859));
#11425=CARTESIAN_POINT('Ctrl Pts',(2.93414404567683,-5.60210623416722,-10.449655327898));
#11426=CARTESIAN_POINT('Ctrl Pts',(2.94626894044078,-5.62784742772802,-10.45));
#11427=CARTESIAN_POINT('Ctrl Pts',(2.95806021094377,-5.6537557479245,-10.45));
#11428=CARTESIAN_POINT('Ctrl Pts',(-2.80724947161562,-5.36236438603888,
-10.4358504532065));
#11429=CARTESIAN_POINT('Ctrl Pts',(-2.67095441491431,-5.12872619287386,
-10.4130779913734));
#11430=CARTESIAN_POINT('Ctrl Pts',(-2.49567514489064,-4.89892140547754,
-10.3612527109302));
#11431=CARTESIAN_POINT('Ctrl Pts',(-2.08634702682052,-4.49074334519989,
-10.2242305091399));
#11432=CARTESIAN_POINT('Ctrl Pts',(-1.85010451321338,-4.31439410688848,
-10.1390187392471));
#11433=CARTESIAN_POINT('Ctrl Pts',(-1.38807505729439,-4.04962796480367,
-9.98976409141626));
#11434=CARTESIAN_POINT('Ctrl Pts',(-1.12279633806719,-3.93648427349227,
-9.91190206556205));
#11435=CARTESIAN_POINT('Ctrl Pts',(-0.565372933699615,-3.78656706414955,
-9.80025547857037));
#11436=CARTESIAN_POINT('Ctrl Pts',(-0.27269746519394,-3.75,-9.76885724029852));
#11437=CARTESIAN_POINT('Ctrl Pts',(0.27269746519394,-3.75,-9.76885724029852));
#11438=CARTESIAN_POINT('Ctrl Pts',(0.565372933699615,-3.78656706414955,
-9.80025547857037));
#11439=CARTESIAN_POINT('Ctrl Pts',(1.12279633806719,-3.93648427349227,-9.91190206556205));
#11440=CARTESIAN_POINT('Ctrl Pts',(1.38807505729439,-4.04962796480367,-9.98976409141626));
#11441=CARTESIAN_POINT('Ctrl Pts',(1.85010451321338,-4.31439410688848,-10.1390187392471));
#11442=CARTESIAN_POINT('Ctrl Pts',(2.08634702682052,-4.49074334519989,-10.2242305091399));
#11443=CARTESIAN_POINT('Ctrl Pts',(2.49567514489063,-4.89892140547753,-10.3612527109302));
#11444=CARTESIAN_POINT('Ctrl Pts',(2.67095441491429,-5.12872619287382,-10.4130779913734));
#11445=CARTESIAN_POINT('Ctrl Pts',(2.8072494716156,-5.36236438603884,-10.4358504532065));
#11446=CARTESIAN_POINT('Origin',(-13.153624747834,-5.65339199827969,-7.45));
#11447=CARTESIAN_POINT('Origin',(2.8072494716156,-5.65339199827969,-7.45));
#11448=CARTESIAN_POINT('',(-2.80724947161562,-2.66480790400445,-7.71146722824298));
#11449=CARTESIAN_POINT('',(-13.153624747834,-2.66480790400445,-7.71146722824298));
#11450=CARTESIAN_POINT('Origin',(-2.80724947161562,-5.65339199827969,-7.45));
#11451=CARTESIAN_POINT('Ctrl Pts',(-29.5442277666727,-15.5000000023605,
-7.71146722824298));
#11452=CARTESIAN_POINT('Ctrl Pts',(-27.7183550507215,-13.2220822389255,
-7.71146722824298));
#11453=CARTESIAN_POINT('Ctrl Pts',(-23.4824645284885,-9.13036767060836,
-7.71146722824298));
#11454=CARTESIAN_POINT('Ctrl Pts',(-14.490462798858,-4.07451328996736,-7.71146722824297));
#11455=CARTESIAN_POINT('Ctrl Pts',(-7.18623055857587,-2.66480790400446,
-7.71146722824298));
#11456=CARTESIAN_POINT('Ctrl Pts',(-2.80724947161562,-2.66480790400445,
-7.71146722824298));
#11457=CARTESIAN_POINT('Ctrl Pts',(-29.4865772543795,-15.5462099661909,
-8.55597270548412));
#11458=CARTESIAN_POINT('Ctrl Pts',(-27.664215729139,-13.2726726853717,-8.55597270548412));
#11459=CARTESIAN_POINT('Ctrl Pts',(-23.4385205741567,-9.19041053962611,
-8.55597270548412));
#11460=CARTESIAN_POINT('Ctrl Pts',(-14.4644528489796,-4.14484786851799,
-8.55597270548412));
#11461=CARTESIAN_POINT('Ctrl Pts',(-7.17780870249555,-2.73869255954861,
-8.55597270548412));
#11462=CARTESIAN_POINT('Ctrl Pts',(-2.80724947161562,-2.7386925595486,-8.55597270548412));
#11463=CARTESIAN_POINT('Ctrl Pts',(-28.8673965613887,-16.0425163525421,
-9.96306759956824));
#11464=CARTESIAN_POINT('Ctrl Pts',(-27.0874709454855,-13.8219211584535,
-9.96306759956824));
#11465=CARTESIAN_POINT('Ctrl Pts',(-22.9583879019959,-9.83357214283287,
-9.96306759956824));
#11466=CARTESIAN_POINT('Ctrl Pts',(-14.1953178451638,-4.90646004597183,
-9.96306759956824));
#11467=CARTESIAN_POINT('Ctrl Pts',(-7.07602296924587,-3.5322319471694,-9.96306759956824));
#11468=CARTESIAN_POINT('Ctrl Pts',(-2.80724947161562,-3.53223194716939,
-9.96306759956824));
#11469=CARTESIAN_POINT('Ctrl Pts',(-27.7084028167603,-16.9715117228948,
-10.45));
#11470=CARTESIAN_POINT('Ctrl Pts',(-26.0070332672994,-14.8489213117307,
-10.45));
#11471=CARTESIAN_POINT('Ctrl Pts',(-22.0611807942847,-11.0377715862707,
-10.45));
#11472=CARTESIAN_POINT('Ctrl Pts',(-13.6896510034342,-6.3309095552711,-10.45));
#11473=CARTESIAN_POINT('Ctrl Pts',(-6.88760031143264,-5.01759348505319,
-10.45));
#11474=CARTESIAN_POINT('Ctrl Pts',(-2.80724947161562,-5.01759348505319,
-10.45));
#11475=CARTESIAN_POINT('Ctrl Pts',(-27.2123037318712,-17.3691616284565,
-10.45));
#11476=CARTESIAN_POINT('Ctrl Pts',(-25.5444861665356,-15.2884299185972,
-10.45));
#11477=CARTESIAN_POINT('Ctrl Pts',(-21.6772644276467,-11.5532472661926,
-10.45));
#11478=CARTESIAN_POINT('Ctrl Pts',(-13.4730451768261,-6.94053878512515,
-10.45));
#11479=CARTESIAN_POINT('Ctrl Pts',(-6.8071233437063,-5.65339199827969,-10.45));
#11480=CARTESIAN_POINT('Ctrl Pts',(-2.80724947161562,-5.65339199827969,
-10.45));
#11481=CARTESIAN_POINT('Ctrl Pts',(-29.5442277666727,-15.5000000023605,
-7.71146722824298));
#11482=CARTESIAN_POINT('Ctrl Pts',(-27.7183550507215,-13.2220822389255,
-7.71146722824298));
#11483=CARTESIAN_POINT('Ctrl Pts',(-23.4824645284885,-9.13036767060836,
-7.71146722824298));
#11484=CARTESIAN_POINT('Ctrl Pts',(-14.490462798858,-4.07451328996736,-7.71146722824297));
#11485=CARTESIAN_POINT('Ctrl Pts',(-7.18623055857587,-2.66480790400446,
-7.71146722824298));
#11486=CARTESIAN_POINT('Ctrl Pts',(-2.80724947161562,-2.66480790400445,
-7.71146722824298));
#11487=CARTESIAN_POINT('Ctrl Pts',(-29.7694262859975,-15.5,-5.69974260687819));
#11488=CARTESIAN_POINT('Ctrl Pts',(-29.7694262859975,-15.5,2.18058904266627E-11));
#11489=CARTESIAN_POINT('Ctrl Pts',(-30.1587357166844,-15.9897535496961,
-5.69974260687819));
#11490=CARTESIAN_POINT('Ctrl Pts',(-30.1587357166844,-15.9897535496961,
2.18070006496873E-11));
#11491=CARTESIAN_POINT('Ctrl Pts',(-30.5347285403677,-16.4899405819437,
-5.69974260687819));
#11492=CARTESIAN_POINT('Ctrl Pts',(-30.5347285403677,-16.4899405819437,
2.18070006496873E-11));
#11493=CARTESIAN_POINT('Ctrl Pts',(-30.8970379883509,-17.,-5.69974260687819));
#11494=CARTESIAN_POINT('Ctrl Pts',(-30.8970379883509,-17.,2.18081108727119E-11));
#11495=CARTESIAN_POINT('Ctrl Pts',(-30.8970379883509,-17.,-5.69974260687819));
#11496=CARTESIAN_POINT('Ctrl Pts',(-30.5347285403677,-16.4899405819437,
-5.69974260687819));
#11497=CARTESIAN_POINT('Ctrl Pts',(-30.1587357166844,-15.9897535496961,
-5.69974260687819));
#11498=CARTESIAN_POINT('Ctrl Pts',(-29.7694262859975,-15.5,-5.69974260687819));
#11499=CARTESIAN_POINT('Ctrl Pts',(-36.871906355166,-32.5000000000077,-7.71146722824298));
#11500=CARTESIAN_POINT('Ctrl Pts',(-36.357079795017,-28.8741563129029,-7.71146722824298));
#11501=CARTESIAN_POINT('Ctrl Pts',(-34.4675533678416,-22.6627922430299,
-7.71146722824298));
#11502=CARTESIAN_POINT('Ctrl Pts',(-30.9704215292998,-17.2190701154161,
-7.71146722824298));
#11503=CARTESIAN_POINT('Ctrl Pts',(-29.2152302905594,-15.095840392627,-7.71146722824298));
#11504=CARTESIAN_POINT('Ctrl Pts',(-36.7987554041004,-32.5103865626283,
-8.55597270548412));
#11505=CARTESIAN_POINT('Ctrl Pts',(-36.2848891525799,-28.8913061803871,
-8.55597270548412));
#11506=CARTESIAN_POINT('Ctrl Pts',(-34.399657490609,-22.6939752383544,-8.55597270548412));
#11507=CARTESIAN_POINT('Ctrl Pts',(-30.9100977143158,-17.2620594435277,
-8.55597270548412));
#11508=CARTESIAN_POINT('Ctrl Pts',(-29.1582841018047,-15.1429155868507,
-8.55597270548412));
#11509=CARTESIAN_POINT('Ctrl Pts',(-36.0128743011447,-32.6219723064815,
-9.96289700820288));
#11510=CARTESIAN_POINT('Ctrl Pts',(-35.5106142462823,-29.0846325688405,
-9.96289700820288));
#11511=CARTESIAN_POINT('Ctrl Pts',(-33.667289434952,-23.0259583870462,-9.96289700820288));
#11512=CARTESIAN_POINT('Ctrl Pts',(-30.2574872378666,-17.7184200258036,
-9.96289700820288));
#11513=CARTESIAN_POINT('Ctrl Pts',(-28.5464952873644,-15.6486575494559,
-9.96289700820288));
#11514=CARTESIAN_POINT('Ctrl Pts',(-34.5424848854488,-32.830750066994,-10.45));
#11515=CARTESIAN_POINT('Ctrl Pts',(-34.0617098693201,-29.4447261278959,
-10.45));
#11516=CARTESIAN_POINT('Ctrl Pts',(-32.2975489965439,-23.6476414340182,
-10.45));
#11517=CARTESIAN_POINT('Ctrl Pts',(-29.0372579739738,-18.5732537053322,
-10.45));
#11518=CARTESIAN_POINT('Ctrl Pts',(-27.4018338442899,-16.5949045403699,
-10.45));
#11519=CARTESIAN_POINT('Ctrl Pts',(-33.9130001083176,-32.920129397832,-10.45));
#11520=CARTESIAN_POINT('Ctrl Pts',(-33.4414015404401,-29.5987337618115,
-10.45));
#11521=CARTESIAN_POINT('Ctrl Pts',(-31.7112017963074,-23.9138389630067,
-10.45));
#11522=CARTESIAN_POINT('Ctrl Pts',(-28.514944115578,-18.939305738893,-10.45));
#11523=CARTESIAN_POINT('Ctrl Pts',(-26.9117956641365,-17.,-10.45));
#11524=CARTESIAN_POINT('',(-36.8719063551671,-32.5000000000076,-7.71146722824298));
#11525=CARTESIAN_POINT('Ctrl Pts',(-36.8719063551649,-32.5,-7.71146722824298));
#11526=CARTESIAN_POINT('Ctrl Pts',(-36.863193339385,-32.5,-7.81006848314354));
#11527=CARTESIAN_POINT('Ctrl Pts',(-36.8492838907917,-32.5000439372368,
-7.90788277770609));
#11528=CARTESIAN_POINT('Ctrl Pts',(-36.8304569150865,-32.5001025633676,
-8.00462533564658));
#11529=CARTESIAN_POINT('Ctrl Pts',(-36.8112857797129,-32.5001622611919,
-8.10313636066203));
#11530=CARTESIAN_POINT('Ctrl Pts',(-36.7870154156364,-32.5002372405911,
-8.20053682357699));
#11531=CARTESIAN_POINT('Ctrl Pts',(-36.7578867624388,-32.5003076620957,
-8.29652217853551));
#11532=CARTESIAN_POINT('Ctrl Pts',(-36.7283721121248,-32.5003790167879,
-8.39377947936764));
#11533=CARTESIAN_POINT('Ctrl Pts',(-36.6938692275494,-32.5004457499804,
-8.48958471073229));
#11534=CARTESIAN_POINT('Ctrl Pts',(-36.6545789621852,-32.5004976145297,
-8.58360563836323));
#11535=CARTESIAN_POINT('Ctrl Pts',(-36.6361579925226,-32.5005219308656,
-8.62768670117804));
#11536=CARTESIAN_POINT('Ctrl Pts',(-36.6166840155469,-32.5005431207631,
-8.67137525629506));
#11537=CARTESIAN_POINT('Ctrl Pts',(-36.5961743587018,-32.5005608446236,
-8.71463515116361));
#11538=CARTESIAN_POINT('Ctrl Pts',(-36.5525953500294,-32.50059850436,-8.80655396520712));
#11539=CARTESIAN_POINT('Ctrl Pts',(-36.5045458641593,-32.5006188338921,
-8.89611188259187));
#11540=CARTESIAN_POINT('Ctrl Pts',(-36.4522827176458,-32.5006162824118,
-8.98300814347714));
#11541=CARTESIAN_POINT('Ctrl Pts',(-36.3996916840638,-32.5006137149242,
-9.07044957169634));
#11542=CARTESIAN_POINT('Ctrl Pts',(-36.3428335282151,-32.5005880540746,
-9.15519662415236));
#11543=CARTESIAN_POINT('Ctrl Pts',(-36.281921438382,-32.5005425923702,-9.23692375991965));
#11544=CARTESIAN_POINT('Ctrl Pts',(-36.2215765550204,-32.500497554,-9.31788986186857));
#11545=CARTESIAN_POINT('Ctrl Pts',(-36.157252379765,-32.5004331696371,-9.39589273150488));
#11546=CARTESIAN_POINT('Ctrl Pts',(-36.0891158855758,-32.5003601430682,
-9.47058615675619));
#11547=CARTESIAN_POINT('Ctrl Pts',(-36.0588383200678,-32.5003276925181,
-9.50377740181464));
#11548=CARTESIAN_POINT('Ctrl Pts',(-36.0278074783593,-32.5002936272611,
-9.53631470156047));
#11549=CARTESIAN_POINT('Ctrl Pts',(-35.9960358112108,-32.5002593015977,
-9.56816521273378));
#11550=CARTESIAN_POINT('Ctrl Pts',(-35.9237441881715,-32.5001811987424,
-9.64063623342594));
#11551=CARTESIAN_POINT('Ctrl Pts',(-35.8479636011624,-32.5001001511606,
-9.70920871841097));
#11552=CARTESIAN_POINT('Ctrl Pts',(-35.7689171002018,-32.5000335407446,
-9.77357694316918));
#11553=CARTESIAN_POINT('Ctrl Pts',(-35.7308817365049,-32.5000014893399,
-9.80454945693571));
#11554=CARTESIAN_POINT('Ctrl Pts',(-35.6920895559784,-32.4999728799556,
-9.83454815581934));
#11555=CARTESIAN_POINT('Ctrl Pts',(-35.6525620130281,-32.4999501591126,
-9.86353637849441));
#11556=CARTESIAN_POINT('Ctrl Pts',(-35.5716335535797,-32.499903640592,-9.92288669546681));
#11557=CARTESIAN_POINT('Ctrl Pts',(-35.487624608723,-32.4998815941692,-9.97800405064689));
#11558=CARTESIAN_POINT('Ctrl Pts',(-35.4009344376756,-32.4998730157955,
-10.0288154828582));
#11559=CARTESIAN_POINT('Ctrl Pts',(-35.3131603907724,-32.4998643301675,
-10.0802622037523));
#11560=CARTESIAN_POINT('Ctrl Pts',(-35.2226368520233,-32.4998695942511,
-10.1272950230428));
#11561=CARTESIAN_POINT('Ctrl Pts',(-35.1297517378686,-32.4998800186121,
-10.1697924129925));
#11562=CARTESIAN_POINT('Ctrl Pts',(-35.0924065488531,-32.4998842098083,
-10.1868788220988));
#11563=CARTESIAN_POINT('Ctrl Pts',(-35.0546793806721,-32.4998892526114,
-10.2032315332107));
#11564=CARTESIAN_POINT('Ctrl Pts',(-35.0165947149257,-32.4998946120453,
-10.2188403886722));
#11565=CARTESIAN_POINT('Ctrl Pts',(-34.9219329958087,-32.4999079332392,
-10.2576371343566));
#11566=CARTESIAN_POINT('Ctrl Pts',(-34.8255141980694,-32.4999208634696,
-10.2916571401362));
#11567=CARTESIAN_POINT('Ctrl Pts',(-34.7277558315097,-32.4999328868208,
-10.3208446926835));
#11568=CARTESIAN_POINT('Ctrl Pts',(-34.6294832102189,-32.4999449734204,
-10.3501857854086));
#11569=CARTESIAN_POINT('Ctrl Pts',(-34.5298560272031,-32.4999562897389,
-10.3746437416951));
#11570=CARTESIAN_POINT('Ctrl Pts',(-34.4292737725693,-32.4999666868686,
-10.3941150288772));
#11571=CARTESIAN_POINT('Ctrl Pts',(-34.3301066230287,-32.4999769377198,
-10.4133123719351));
#11572=CARTESIAN_POINT('Ctrl Pts',(-34.2300102275346,-32.4999864309225,
-10.4276625187081));
#11573=CARTESIAN_POINT('Ctrl Pts',(-34.1293564572337,-32.4999932936565,
-10.437017736657));
#11574=CARTESIAN_POINT('Ctrl Pts',(-34.0367895536333,-32.4999996050152,
-10.445621324535));
#11575=CARTESIAN_POINT('Ctrl Pts',(-33.9437506417573,-32.5000037552494,
-10.45));
#11576=CARTESIAN_POINT('Ctrl Pts',(-33.8505297622685,-32.5000014893107,
-10.45));
#11577=CARTESIAN_POINT('Ctrl Pts',(-36.871906355166,-32.5000000000077,-7.71146722824298));
#11578=CARTESIAN_POINT('Ctrl Pts',(-36.357079795017,-28.8741563129029,-7.71146722824298));
#11579=CARTESIAN_POINT('Ctrl Pts',(-34.7030921360821,-23.4370693428735,
-7.71146722824298));
#11580=CARTESIAN_POINT('Ctrl Pts',(-31.817310579711,-18.5881718957242,-7.71146722824298));
#11581=CARTESIAN_POINT('Ctrl Pts',(-30.6807469711486,-17.0000906873775,
-7.71146722824297));
#11582=CARTESIAN_POINT('Origin',(-39.,-106.,3.));
#11583=CARTESIAN_POINT('',(-42.25,-106.,3.));
#11584=CARTESIAN_POINT('Origin',(-39.,-106.,3.));
#11585=CARTESIAN_POINT('Origin',(39.,-106.,3.));
#11586=CARTESIAN_POINT('',(35.75,-106.,3.));
#11587=CARTESIAN_POINT('Origin',(39.,-106.,3.));
#11588=CARTESIAN_POINT('Origin',(9.45009301019943,-79.4999991078975,-0.799595015102362));
#11589=CARTESIAN_POINT('',(8.05009301019943,-79.4999991078975,-0.799595015102362));
#11590=CARTESIAN_POINT('Origin',(9.45009301019943,-79.4999991078975,-0.799595015102362));
#11591=CARTESIAN_POINT('Origin',(19.1000930297861,-36.9999990676521,0.200404984897638));
#11592=CARTESIAN_POINT('',(17.7000930297861,-36.9999990676521,0.200404984897638));
#11593=CARTESIAN_POINT('Ctrl Pts',(-37.0915138509327,-34.419163841779,-7.71146722824298));
#11594=CARTESIAN_POINT('Ctrl Pts',(-37.0700053343437,-34.1721296785461,
-7.71146722824298));
#11595=CARTESIAN_POINT('Ctrl Pts',(-37.0459219141554,-33.9253090517865,
-7.71146722824298));
#11596=CARTESIAN_POINT('Ctrl Pts',(-37.0192650359469,-33.6787541477914,
-7.71146722824298));
#11597=CARTESIAN_POINT('Ctrl Pts',(-37.0179076603132,-34.4255725099214,
-8.55597270548412));
#11598=CARTESIAN_POINT('Ctrl Pts',(-36.9964391446045,-34.1789977732582,
-8.55597270548412));
#11599=CARTESIAN_POINT('Ctrl Pts',(-36.9724157104712,-33.9327919346847,
-8.55597270548412));
#11600=CARTESIAN_POINT('Ctrl Pts',(-36.9458084637343,-33.6866960822951,
-8.55597270548412));
#11601=CARTESIAN_POINT('Ctrl Pts',(-36.227121083561,-34.494423902708,-9.96288577000003));
#11602=CARTESIAN_POINT('Ctrl Pts',(-36.2061360146002,-34.2534017508706,
-9.96288577000003));
#11603=CARTESIAN_POINT('Ctrl Pts',(-36.1826367148216,-34.0125678896636,
-9.96288577000002));
#11604=CARTESIAN_POINT('Ctrl Pts',(-36.1566293092231,-33.7720200903178,
-9.96288577000002));
#11605=CARTESIAN_POINT('Ctrl Pts',(-34.7475957167801,-34.6232416964852,
-10.45));
#11606=CARTESIAN_POINT('Ctrl Pts',(-34.7275055897552,-34.3924983210265,
-10.45));
#11607=CARTESIAN_POINT('Ctrl Pts',(-34.7050083535337,-34.1619348027314,
-10.45));
#11608=CARTESIAN_POINT('Ctrl Pts',(-34.6801113556313,-33.9316573906668,
-10.45));
#11609=CARTESIAN_POINT('Ctrl Pts',(-34.1141934735742,-34.6783901118996,
-10.45));
#11610=CARTESIAN_POINT('Ctrl Pts',(-34.0944855840896,-34.4520368918738,
-10.45));
#11611=CARTESIAN_POINT('Ctrl Pts',(-34.0724193544971,-34.2258908396885,
-10.45));
#11612=CARTESIAN_POINT('Ctrl Pts',(-34.0479966214488,-34.,-10.45));
#11613=CARTESIAN_POINT('',(-37.0525264679345,-34.,-7.71146722824298));
#11614=CARTESIAN_POINT('Ctrl Pts',(-34.0479966214488,-34.,-10.45));
#11615=CARTESIAN_POINT('Ctrl Pts',(-34.1487658550847,-34.,-10.45));
#11616=CARTESIAN_POINT('Ctrl Pts',(-34.2493373169714,-33.999995529686,-10.4448209970634));
#11617=CARTESIAN_POINT('Ctrl Pts',(-34.3493390347081,-33.9999899282985,
-10.4346558262775));
#11618=CARTESIAN_POINT('Ctrl Pts',(-34.4505488464065,-33.9999842592422,
-10.4243678527864));
#11619=CARTESIAN_POINT('Ctrl Pts',(-34.5511759203496,-33.9999773342959,
-10.4089723343211));
#11620=CARTESIAN_POINT('Ctrl Pts',(-34.6508345539852,-33.999969946755,-10.3886154177379));
#11621=CARTESIAN_POINT('Ctrl Pts',(-34.7503858769084,-33.999962567169,-10.3682804211343));
#11622=CARTESIAN_POINT('Ctrl Pts',(-34.8489717107761,-33.9999546233414,
-10.342994431568));
#11623=CARTESIAN_POINT('Ctrl Pts',(-34.9461945532541,-33.999945772453,-10.3128533634869));
#11624=CARTESIAN_POINT('Ctrl Pts',(-34.9958662025824,-33.9999412504887,
-10.2974541370712));
#11625=CARTESIAN_POINT('Ctrl Pts',(-35.0451817882116,-33.99993648306,-10.2807868437923));
#11626=CARTESIAN_POINT('Ctrl Pts',(-35.0940858600576,-33.9999314423217,
-10.2628595957273));
#11627=CARTESIAN_POINT('Ctrl Pts',(-35.1899491134774,-33.9999215613128,
-10.227718057211));
#11628=CARTESIAN_POINT('Ctrl Pts',(-35.2838134875071,-33.9999117224815,
-10.1878916662747));
#11629=CARTESIAN_POINT('Ctrl Pts',(-35.3752969776427,-33.9999071854743,
-10.1435285296885));
#11630=CARTESIAN_POINT('Ctrl Pts',(-35.4657471426182,-33.9999026997134,
-10.0996664840112));
#11631=CARTESIAN_POINT('Ctrl Pts',(-35.5538707116646,-33.9999032952231,
-10.0513692353786));
#11632=CARTESIAN_POINT('Ctrl Pts',(-35.639279972308,-33.9999148154748,-9.99873329762104));
#11633=CARTESIAN_POINT('Ctrl Pts',(-35.7078812153285,-33.9999240686118,
-9.95645578894669));
#11634=CARTESIAN_POINT('Ctrl Pts',(-35.7747311689102,-33.9999403636357,
-9.9113782842171));
#11635=CARTESIAN_POINT('Ctrl Pts',(-35.8396148310408,-33.9999677499783,
-9.86353087406852));
#11636=CARTESIAN_POINT('Ctrl Pts',(-35.897510632405,-33.999992186858,-9.82083654913688));
#11637=CARTESIAN_POINT('Ctrl Pts',(-35.9538406894839,-34.0000254503099,
-9.77593638526066));
#11638=CARTESIAN_POINT('Ctrl Pts',(-36.0085317406388,-34.000062147462,-9.72894235420399));
#11639=CARTESIAN_POINT('Ctrl Pts',(-36.084834200591,-34.0001133456548,-9.66337842560924));
#11640=CARTESIAN_POINT('Ctrl Pts',(-36.1575926801574,-34.0001721398789,
-9.59404619579007));
#11641=CARTESIAN_POINT('Ctrl Pts',(-36.2266739568825,-34.0002262661794,
-9.52132454693416));
#11642=CARTESIAN_POINT('Ctrl Pts',(-36.2966029845932,-34.0002810567065,
-9.44771047320684));
#11643=CARTESIAN_POINT('Ctrl Pts',(-36.3627645080598,-34.0003310057928,
-9.37062259877255));
#11644=CARTESIAN_POINT('Ctrl Pts',(-36.4249856846174,-34.0003679405804,
-9.2904124697523));
#11645=CARTESIAN_POINT('Ctrl Pts',(-36.487166716631,-34.000404851538,-9.21025409158652));
#11646=CARTESIAN_POINT('Ctrl Pts',(-36.5454129362838,-34.0004287128394,
-9.1269767217311));
#11647=CARTESIAN_POINT('Ctrl Pts',(-36.5995103519376,-34.0004366975084,
-9.04090110583372));
#11648=CARTESIAN_POINT('Ctrl Pts',(-36.6447155450017,-34.0004433697034,
-8.96897410548208));
#11649=CARTESIAN_POINT('Ctrl Pts',(-36.6870231640024,-34.0004390321485,
-8.8950924253902));
#11650=CARTESIAN_POINT('Ctrl Pts',(-36.7262825797937,-34.0004253069946,
-8.81943288291369));
#11651=CARTESIAN_POINT('Ctrl Pts',(-36.7733715048883,-34.0004088446318,
-8.72868455014924));
#11652=CARTESIAN_POINT('Ctrl Pts',(-36.8158388086466,-34.0003798049128,
-8.63583693158165));
#11653=CARTESIAN_POINT('Ctrl Pts',(-36.8535176669601,-34.0003402985983,
-8.54124320469366));
#11654=CARTESIAN_POINT('Ctrl Pts',(-36.8909972528213,-34.0003010012212,
-8.44714975633774));
#11655=CARTESIAN_POINT('Ctrl Pts',(-36.9237393034563,-34.000251303116,-8.35132782728546));
#11656=CARTESIAN_POINT('Ctrl Pts',(-36.9515350946427,-34.0001997892096,
-8.25410067241617));
#11657=CARTESIAN_POINT('Ctrl Pts',(-36.9786068969075,-34.000149617071,-8.15940596508626));
#11658=CARTESIAN_POINT('Ctrl Pts',(-37.000986953964,-34.0000977016574,-8.06337754076553));
#11659=CARTESIAN_POINT('Ctrl Pts',(-37.0184359584238,-34.000058605764,-7.96630222080129));
#11660=CARTESIAN_POINT('Ctrl Pts',(-37.0335740075141,-34.0000246877513,
-7.88208360750119));
#11661=CARTESIAN_POINT('Ctrl Pts',(-37.0450001051895,-34.0000004983537,
-7.79707659992126));
#11662=CARTESIAN_POINT('Ctrl Pts',(-37.0525264532456,-33.9999999896615,
-7.71146722824298));
#11663=CARTESIAN_POINT('Ctrl Pts',(-37.0915138509327,-34.419163841779,-7.71146722824298));
#11664=CARTESIAN_POINT('Ctrl Pts',(-37.0793425140613,-34.2793710296147,
-7.71146722824298));
#11665=CARTESIAN_POINT('Ctrl Pts',(-37.0663466278994,-34.1396465972327,
-7.71146722824298));
#11666=CARTESIAN_POINT('Ctrl Pts',(-37.0525264544013,-34.0000000013393,
-7.71146722824298));
#11667=CARTESIAN_POINT('Origin',(-34.1141934735742,-34.6783901118996,-7.45));
#11668=CARTESIAN_POINT('Origin',(-35.5522403293519,-51.1949499702473,-7.45));
#11669=CARTESIAN_POINT('Origin',(-29.8999072625626,-33.4999991573631,0.200404984897641));
#11670=CARTESIAN_POINT('',(-31.2999072625626,-33.4999991573631,0.200404984897641));
#11671=CARTESIAN_POINT('Origin',(-13.0000002831221,-34.,-5.60000008194551));
#11672=CARTESIAN_POINT('',(-37.4051820304815,-34.,-3.7));
#11673=CARTESIAN_POINT('Ctrl Pts',(-37.4051820304815,-34.,-3.7));
#11674=CARTESIAN_POINT('Ctrl Pts',(-37.513605749431,-34.,-2.46661880482932));
#11675=CARTESIAN_POINT('Ctrl Pts',(-37.622025098599,-34.,-1.23323411151106));
#11676=CARTESIAN_POINT('Ctrl Pts',(-37.7304266605872,-34.,2.17581508366038E-11));
#11677=CARTESIAN_POINT('Ctrl Pts',(-37.0525264679345,-34.,-7.71146722824298));
#11678=CARTESIAN_POINT('Ctrl Pts',(-37.1700720588565,-34.,-6.37444650863514));
#11679=CARTESIAN_POINT('Ctrl Pts',(-37.2876296129601,-34.,-5.03722531031545));
#11680=CARTESIAN_POINT('Ctrl Pts',(-37.4051820304815,-34.,-3.7));
#11681=CARTESIAN_POINT('Origin',(-13.0000002831221,-32.5,-5.60000008194551));
#11682=CARTESIAN_POINT('',(-37.2263494898284,-32.5,-3.7));
#11683=CARTESIAN_POINT('Ctrl Pts',(-37.5532114924553,-32.5,2.17581508366038E-11));
#11684=CARTESIAN_POINT('Ctrl Pts',(-37.4442759987898,-32.5,-1.23323158241341));
#11685=CARTESIAN_POINT('Ctrl Pts',(-37.3353174142103,-32.5,-2.46661780724505));
#11686=CARTESIAN_POINT('Ctrl Pts',(-37.2263494898284,-32.5,-3.7));
#11687=CARTESIAN_POINT('',(-32.9922367542683,-32.5,0.200404984897641));
#11688=CARTESIAN_POINT('Ctrl Pts',(-37.2263494898284,-32.5,-3.7));
#11689=CARTESIAN_POINT('Ctrl Pts',(-37.1082069153241,-32.5,-5.03722789000732));
#11690=CARTESIAN_POINT('Ctrl Pts',(-36.9900533620622,-32.5,-6.37445104038628));
#11691=CARTESIAN_POINT('Ctrl Pts',(-36.8719063551649,-32.5,-7.71146722824298));
#11692=CARTESIAN_POINT('Origin',(-29.8999072625626,-33.4999991573631,0.200404984897641));
#11693=CARTESIAN_POINT('Origin',(0.100092932525002,-74.5000000655651,-1.32459518138586));
#11694=CARTESIAN_POINT('',(-8.649907067475,-74.5000000655651,4.30040483689485));
#11695=CARTESIAN_POINT('',(8.850092932525,-74.5000000655651,4.30040483689485));
#11696=CARTESIAN_POINT('Origin',(0.100092932525001,-74.5000000655651,4.30040480033343));
#11697=CARTESIAN_POINT('',(10.600092932525,-74.5000000655651,4.30040483689485));
#11698=CARTESIAN_POINT('',(6.5500464662625,-74.5000000655651,4.30040483689484));
#11699=CARTESIAN_POINT('',(-10.399907067475,-74.5000000655651,4.30040483689485));
#11700=CARTESIAN_POINT('Origin',(0.100092932525001,-74.5000000655651,4.30040480033342));
#11701=CARTESIAN_POINT('',(-12.7998141395011,-74.5000000655651,4.30040483689485));
#11702=CARTESIAN_POINT('Ctrl Pts',(39.0763941025052,-34.246346328367,-7.8857787137383));
#11703=CARTESIAN_POINT('Ctrl Pts',(39.3054994376508,-34.2263988205522,-5.25718580915887));
#11704=CARTESIAN_POINT('Ctrl Pts',(39.5346047727964,-34.2064513127374,-2.62859290457943));
#11705=CARTESIAN_POINT('Ctrl Pts',(39.763710107942,-34.1865038049226,1.73472347597681E-16));
#11706=CARTESIAN_POINT('Ctrl Pts',(38.8498179459091,-31.6440259395283,-7.8857787137383));
#11707=CARTESIAN_POINT('Ctrl Pts',(39.0775223076022,-31.6081933607121,-5.25718580915887));
#11708=CARTESIAN_POINT('Ctrl Pts',(39.3052822260148,-31.5723818169841,-2.62859290457943));
#11709=CARTESIAN_POINT('Ctrl Pts',(39.532986587708,-31.5365492381679,1.73472347597681E-16));
#11710=CARTESIAN_POINT('Ctrl Pts',(37.3627798911387,-23.9198615070139,-7.8857787137383));
#11711=CARTESIAN_POINT('Ctrl Pts',(37.5814289547244,-23.836677647049,-5.25718580915886));
#11712=CARTESIAN_POINT('Ctrl Pts',(37.800041948022,-23.7534680588401,-2.62859290457944));
#11713=CARTESIAN_POINT('Ctrl Pts',(38.0186910116077,-23.6702841988753,1.73472347597681E-16));
#11714=CARTESIAN_POINT('Ctrl Pts',(30.9474021694705,-12.3344404332519,-7.88577871373831));
#11715=CARTESIAN_POINT('Ctrl Pts',(31.1261156279248,-12.1787180341863,-5.25718580915887));
#11716=CARTESIAN_POINT('Ctrl Pts',(31.3048638368556,-12.02302881719,-2.62859290457943));
#11717=CARTESIAN_POINT('Ctrl Pts',(31.48357729531,-11.8673064181244,1.73472347597681E-16));
#11718=CARTESIAN_POINT('Ctrl Pts',(18.2720805770295,-2.89759937663818,-7.8857787137383));
#11719=CARTESIAN_POINT('Ctrl Pts',(18.3701613128289,-2.68171169757902,-5.25718580915887));
#11720=CARTESIAN_POINT('Ctrl Pts',(18.4682004295302,-2.46580691157593,-2.62859290457943));
#11721=CARTESIAN_POINT('Ctrl Pts',(18.5662811653296,-2.24991923251677,1.73472347597681E-16));
#11722=CARTESIAN_POINT('Ctrl Pts',(7.97461710310087,-0.672418507820648,
-7.8857787137383));
#11723=CARTESIAN_POINT('Ctrl Pts',(8.00714580355577,-0.442413595736584,
-5.25718580915887));
#11724=CARTESIAN_POINT('Ctrl Pts',(8.03972667193197,-0.212507179378561,
-2.62859290457943));
#11725=CARTESIAN_POINT('Ctrl Pts',(8.07225537238686,0.017497732705502,1.73472347597681E-16));
#11726=CARTESIAN_POINT('Ctrl Pts',(2.8072494716134,-0.672418507820959,-7.8857787137383));
#11727=CARTESIAN_POINT('Ctrl Pts',(2.80724947161339,-0.442446427645578,
-5.25718580915887));
#11728=CARTESIAN_POINT('Ctrl Pts',(2.80724947161337,-0.212474347470197,
-2.62859290457943));
#11729=CARTESIAN_POINT('Ctrl Pts',(2.80724947161336,0.0174977327051848,
1.73472347597681E-16));
#11730=CARTESIAN_POINT('',(2.8072494716156,0.0174977327051848,-1.38777878078145E-16));
#11731=CARTESIAN_POINT('',(2.8072494716156,0.,-0.2));
#11732=CARTESIAN_POINT('Ctrl Pts',(39.763710107942,-34.1865038049226,0.));
#11733=CARTESIAN_POINT('Ctrl Pts',(39.532986587708,-31.5365492381679,0.));
#11734=CARTESIAN_POINT('Ctrl Pts',(39.0282213956745,-28.914460891737,0.));
#11735=CARTESIAN_POINT('Ctrl Pts',(38.2560370198991,-26.379536808733,0.));
#11736=CARTESIAN_POINT('Ctrl Pts',(36.7116682683481,-21.3096886427251,0.));
#11737=CARTESIAN_POINT('Ctrl Pts',(34.097622781829,-16.5884975304248,0.));
#11738=CARTESIAN_POINT('Ctrl Pts',(30.6377173502394,-12.6250041100067,0.));
#11739=CARTESIAN_POINT('Ctrl Pts',(27.1778119186498,-8.66151068958855,0.));
#11740=CARTESIAN_POINT('Ctrl Pts',(22.8720465419897,-5.45571496105266,0.));
#11741=CARTESIAN_POINT('Ctrl Pts',(18.095657405424,-3.28596285547915,0.));
#11742=CARTESIAN_POINT('Ctrl Pts',(13.3192682688582,-1.11621074990564,0.));
#11743=CARTESIAN_POINT('Ctrl Pts',(8.07225537238686,0.0174977327055015,
0.));
#11744=CARTESIAN_POINT('Ctrl Pts',(2.80724947161336,0.017497732705184,0.));
#11745=CARTESIAN_POINT('Origin',(-2.80724947161562,-2.56294620219791E-16,
-0.2));
#11746=CARTESIAN_POINT('',(-2.80724947161562,0.0174977327051848,-1.38777878078145E-16));
#11747=CARTESIAN_POINT('',(-2.80724947161562,0.,-0.2));
#11748=CARTESIAN_POINT('',(-1.40362473580781,0.0174977327051851,-1.38777878078145E-16));
#11749=CARTESIAN_POINT('Ctrl Pts',(-2.8072494716141,-0.672418507820959,
-7.8857787137383));
#11750=CARTESIAN_POINT('Ctrl Pts',(-2.80724947161409,-0.442446427645578,
-5.25718580915886));
#11751=CARTESIAN_POINT('Ctrl Pts',(-2.80724947161408,-0.212474347470196,
-2.62859290457943));
#11752=CARTESIAN_POINT('Ctrl Pts',(-2.80724947161407,0.0174977327051848,
3.12250225675825E-16));
#11753=CARTESIAN_POINT('Ctrl Pts',(-7.97461710310141,-0.672418507820745,
-7.8857787137383));
#11754=CARTESIAN_POINT('Ctrl Pts',(-8.00718491341127,-0.442375833228772,
-5.25718580915887));
#11755=CARTESIAN_POINT('Ctrl Pts',(-8.03968756207756,-0.21254494188657,
-2.62859290457942));
#11756=CARTESIAN_POINT('Ctrl Pts',(-8.07225537238742,0.0174977327054026,
3.12250225675825E-16));
#11757=CARTESIAN_POINT('Ctrl Pts',(-15.6943088890903,-2.34559341622969,
-7.88577871373829));
#11758=CARTESIAN_POINT('Ctrl Pts',(-15.7759408676923,-2.12623280754564,
-5.25718580915886));
#11759=CARTESIAN_POINT('Ctrl Pts',(-15.8576122808063,-1.90681882704168,
-2.62859290457944));
#11760=CARTESIAN_POINT('Ctrl Pts',(-15.9392442594083,-1.68745821835763,
3.12250225675825E-16));
#11761=CARTESIAN_POINT('Ctrl Pts',(-26.8445335363232,-8.92650479926363,
-7.88577871373829));
#11762=CARTESIAN_POINT('Ctrl Pts',(-26.9971972246448,-8.74902908333064,
-5.25718580915886));
#11763=CARTESIAN_POINT('Ctrl Pts',(-27.1498279880303,-8.57159374092352,
-2.62859290457943));
#11764=CARTESIAN_POINT('Ctrl Pts',(-27.3024916763519,-8.39411802499053,
3.12250225675825E-16));
#11765=CARTESIAN_POINT('Ctrl Pts',(-35.5260407383926,-18.8613284178939,
-7.8857787137383));
#11766=CARTESIAN_POINT('Ctrl Pts',(-35.7334415946263,-18.7467369609265,
-5.25718580915886));
#11767=CARTESIAN_POINT('Ctrl Pts',(-35.9408393453876,-18.6321777547673,
-2.62859290457944));
#11768=CARTESIAN_POINT('Ctrl Pts',(-36.1482402016213,-18.5175862978,3.12250225675825E-16));
#11769=CARTESIAN_POINT('Ctrl Pts',(-38.6232417893128,-29.0417055506888,
-7.8857787137383));
#11770=CARTESIAN_POINT('Ctrl Pts',(-38.8495885026251,-28.9900410787475,
-5.25718580915887));
#11771=CARTESIAN_POINT('Ctrl Pts',(-39.0759163541615,-28.9382591433537,
-2.62859290457943));
#11772=CARTESIAN_POINT('Ctrl Pts',(-39.3022630674738,-28.8865946714124,
3.12250225675825E-16));
#11773=CARTESIAN_POINT('Ctrl Pts',(-39.0763941025051,-34.246346328366,-7.8857787137383));
#11774=CARTESIAN_POINT('Ctrl Pts',(-39.3054994376507,-34.2263988205512,
-5.25718580915886));
#11775=CARTESIAN_POINT('Ctrl Pts',(-39.5346047727963,-34.2064513127364,
-2.62859290457943));
#11776=CARTESIAN_POINT('Ctrl Pts',(-39.7637101079419,-34.1865038049216,
3.12250225675825E-16));
#11777=CARTESIAN_POINT('Ctrl Pts',(-2.80724947161407,0.0174977327051849,
1.11022302462516E-15));
#11778=CARTESIAN_POINT('Ctrl Pts',(-8.07225537238742,0.0174977327054027,
1.11022302462516E-15));
#11779=CARTESIAN_POINT('Ctrl Pts',(-13.3169146304014,-1.11913956800328,
1.11022302462516E-15));
#11780=CARTESIAN_POINT('Ctrl Pts',(-18.0953336942576,-3.28646128334162,
1.11022302462516E-15));
#11781=CARTESIAN_POINT('Ctrl Pts',(-20.4845432261858,-4.37012214101079,
6.16297582203916E-32));
#11782=CARTESIAN_POINT('Ctrl Pts',(-22.7571927095745,-5.71145410233737,
1.23259516440783E-31));
#11783=CARTESIAN_POINT('Ctrl Pts',(-24.8620089335183,-7.28057329474238,
1.84889274661175E-31));
#11784=CARTESIAN_POINT('Ctrl Pts',(-29.0716413814058,-10.4188116795524,
0.));
#11785=CARTESIAN_POINT('Ctrl Pts',(-32.6099407915136,-14.4681989886762,
0.));
#11786=CARTESIAN_POINT('Ctrl Pts',(-35.1675962130306,-19.0851447366412,
0.));
#11787=CARTESIAN_POINT('Ctrl Pts',(-37.7252516345476,-23.7020904846062,
0.));
#11788=CARTESIAN_POINT('Ctrl Pts',(-39.3022630674738,-28.8865946714124,
0.));
#11789=CARTESIAN_POINT('Ctrl Pts',(-39.7637101079419,-34.1865038049216,
0.));
#11790=CARTESIAN_POINT('Origin',(0.100092932525002,-36.4000000655651,-1.32459518138586));
#11791=CARTESIAN_POINT('',(10.600092932525,-36.4000000655651,4.30040483689485));
#11792=CARTESIAN_POINT('',(-10.399907067475,-36.4000000655651,4.30040483689485));
#11793=CARTESIAN_POINT('Origin',(0.100092932525001,-36.4000000655651,4.30040480033342));
#11794=CARTESIAN_POINT('',(8.850092932525,-36.4000000655651,4.30040483689485));
#11795=CARTESIAN_POINT('',(13.,-36.4000000655651,4.30040483689485));
#11796=CARTESIAN_POINT('',(-8.649907067475,-36.4000000655651,4.30040483689485));
#11797=CARTESIAN_POINT('Origin',(0.100092932525001,-36.4000000655651,4.30040480033342));
#11798=CARTESIAN_POINT('',(13.,-36.4000000655651,4.30040483689485));
#11799=CARTESIAN_POINT('Origin',(12.25,-38.3022639122622,-1.38777878078145E-16));
#11800=CARTESIAN_POINT('Ctrl Pts',(2.8072494716156,-2.66480790400445,-7.71146722824298));
#11801=CARTESIAN_POINT('Ctrl Pts',(6.30720998661454,-2.66480790400445,-7.71146722824298));
#11802=CARTESIAN_POINT('Ctrl Pts',(9.80997930184249,-3.20188470971411,-7.71146722824298));
#11803=CARTESIAN_POINT('Ctrl Pts',(13.1505965082906,-4.25764168846555,-7.71146722824298));
#11804=CARTESIAN_POINT('Ctrl Pts',(2.8072494716156,-2.7386925595486,-8.55597270548412));
#11805=CARTESIAN_POINT('Ctrl Pts',(6.30047870297601,-2.7386925595486,-8.55597270548412));
#11806=CARTESIAN_POINT('Ctrl Pts',(9.79420362317923,-3.27438564026701,-8.55597270548412));
#11807=CARTESIAN_POINT('Ctrl Pts',(13.1283316963595,-4.32809181603499,-8.55597270548412));
#11808=CARTESIAN_POINT('Ctrl Pts',(2.8072494716156,-3.53171869634965,-9.96345828774826));
#11809=CARTESIAN_POINT('Ctrl Pts',(6.21912506378696,-3.53171869634965,-9.96345828774826));
#11810=CARTESIAN_POINT('Ctrl Pts',(9.63365576166052,-4.05533376499779,-9.96345828774826));
#11811=CARTESIAN_POINT('Ctrl Pts',(12.8893568014739,-5.08425413542416,-9.96345828774826));
#11812=CARTESIAN_POINT('Ctrl Pts',(2.8072494716156,-5.01759348505318,-10.45));
#11813=CARTESIAN_POINT('Ctrl Pts',(6.06852567790671,-5.01759348505318,-10.45));
#11814=CARTESIAN_POINT('Ctrl Pts',(9.33107575293456,-5.51802039895929,-10.45));
#11815=CARTESIAN_POINT('Ctrl Pts',(12.4415950506747,-6.5010580393664,-10.45));
#11816=CARTESIAN_POINT('Ctrl Pts',(2.8072494716156,-5.65339199827969,-10.45));
#11817=CARTESIAN_POINT('Ctrl Pts',(6.00420336095316,-5.65339199827968,-10.45));
#11818=CARTESIAN_POINT('Ctrl Pts',(9.20148909608517,-6.14386073627071,-10.45));
#11819=CARTESIAN_POINT('Ctrl Pts',(12.25,-7.10730146075587,-10.45));
#11820=CARTESIAN_POINT('Ctrl Pts',(12.25,-3.98658912445132,-7.71146722824298));
#11821=CARTESIAN_POINT('Ctrl Pts',(12.25,-4.01734220667648,-8.04942365018692));
#11822=CARTESIAN_POINT('Ctrl Pts',(12.249999999999,-4.10738182460106,-8.37881081015375));
#11823=CARTESIAN_POINT('Ctrl Pts',(12.249999999999,-4.39780290201997,-8.99600135691574));
#11824=CARTESIAN_POINT('Ctrl Pts',(12.2499999999707,-4.59662432586344,-9.27791443270824));
#11825=CARTESIAN_POINT('Ctrl Pts',(12.2499999999707,-5.12982594925051,-9.81408891371444));
#11826=CARTESIAN_POINT('Ctrl Pts',(12.2499999998649,-5.47783462080769,-10.0449728101712));
#11827=CARTESIAN_POINT('Ctrl Pts',(12.2499999998649,-6.25503261925411,-10.366833119852));
#11828=CARTESIAN_POINT('Ctrl Pts',(12.25,-6.67957839409271,-10.45));
#11829=CARTESIAN_POINT('Ctrl Pts',(12.25,-7.10730146075586,-10.45));
#11830=CARTESIAN_POINT('Origin',(12.25,-38.3022639122622,-1.38777878078145E-16));
#11831=CARTESIAN_POINT('Origin',(-39.659146546662,-44.3316761215716,-0.111554397587025));
#11832=CARTESIAN_POINT('',(-38.7636735812001,-34.2735739572575,-1.38777878078145E-16));
#11833=CARTESIAN_POINT('',(-38.7636735812001,-34.2735739572575,-1.38777878078145E-16));
#11834=CARTESIAN_POINT('',(-40.1135447833464,-49.7774001516075,-2.77555756156289E-16));
#11835=CARTESIAN_POINT('Ctrl Pts',(-2.80724947161411,-0.986322104838163,
-1.13151968747132E-15));
#11836=CARTESIAN_POINT('Ctrl Pts',(-2.80724947161411,-1.06273046314516,
0.433333333333333));
#11837=CARTESIAN_POINT('Ctrl Pts',(-2.80724947161412,-1.13913882145217,
0.866666666666668));
#11838=CARTESIAN_POINT('Ctrl Pts',(-2.80724947161412,-1.21554717975917,
1.3));
#11839=CARTESIAN_POINT('Ctrl Pts',(-7.93019286413577,-0.986322104837951,
-1.13155191513828E-15));
#11840=CARTESIAN_POINT('Ctrl Pts',(-7.91937219008903,-1.0627539181812,0.433333333333332));
#11841=CARTESIAN_POINT('Ctrl Pts',(-7.90857316603651,-1.1391153664157,0.866666666666669));
#11842=CARTESIAN_POINT('Ctrl Pts',(-7.89775249198977,-1.21554717975896,
1.3));
#11843=CARTESIAN_POINT('Ctrl Pts',(-15.5828851150684,-2.64497446196008,
-1.12832917402106E-15));
#11844=CARTESIAN_POINT('Ctrl Pts',(-15.5557628423752,-2.71785715265014,
0.433333333333334));
#11845=CARTESIAN_POINT('Ctrl Pts',(-15.5286274196547,-2.79075809531941,
0.866666666666666));
#11846=CARTESIAN_POINT('Ctrl Pts',(-15.5015051469615,-2.86364078600947,
1.3));
#11847=CARTESIAN_POINT('Ctrl Pts',(-26.6361899602168,-9.16869982024754,
-1.13161638001761E-15));
#11848=CARTESIAN_POINT('Ctrl Pts',(-26.585467360374,-9.2276662307938,0.433333333333332));
#11849=CARTESIAN_POINT('Ctrl Pts',(-26.5347555252642,-9.2866194759147,0.866666666666669));
#11850=CARTESIAN_POINT('Ctrl Pts',(-26.4840329254214,-9.34558588646096,
1.3));
#11851=CARTESIAN_POINT('Ctrl Pts',(-35.2430112392114,-19.0176891032889,
-1.12979383870924E-15));
#11852=CARTESIAN_POINT('Ctrl Pts',(-35.1741021832765,-19.0557621819696,
0.433333333333335));
#11853=CARTESIAN_POINT('Ctrl Pts',(-35.1051938132206,-19.0938246698672,
0.866666666666666));
#11854=CARTESIAN_POINT('Ctrl Pts',(-35.0362847572856,-19.1318977485479,
1.3));
#11855=CARTESIAN_POINT('Ctrl Pts',(-38.3142952692202,-29.1122791364102,
-1.13148779290793E-15));
#11856=CARTESIAN_POINT('Ctrl Pts',(-38.2390914411764,-29.1294446874667,
0.433333333333332));
#11857=CARTESIAN_POINT('Ctrl Pts',(-38.1638938799687,-29.1466492658242,
0.866666666666669));
#11858=CARTESIAN_POINT('Ctrl Pts',(-38.088690051925,-29.1638148168807,1.3));
#11859=CARTESIAN_POINT('Ctrl Pts',(-38.7636735812002,-34.2735739572583,
-1.13151968747132E-15));
#11860=CARTESIAN_POINT('Ctrl Pts',(-38.6875531994369,-34.2802015284107,
0.433333333333333));
#11861=CARTESIAN_POINT('Ctrl Pts',(-38.6114328176736,-34.2868290995632,
0.866666666666668));
#11862=CARTESIAN_POINT('Ctrl Pts',(-38.5353124359103,-34.2934566707157,
1.3));
#11863=CARTESIAN_POINT('',(-2.80724947161562,-0.986322104838163,-1.38777878078145E-16));
#11864=CARTESIAN_POINT('Ctrl Pts',(-38.7636735812002,-34.2735739572583,
-2.25530467066566E-17));
#11865=CARTESIAN_POINT('Ctrl Pts',(-38.3142952692202,-29.1122791364102,
-2.25211521432654E-17));
#11866=CARTESIAN_POINT('Ctrl Pts',(-36.7786532542158,-24.0649841198495,
-2.16741750439163E-17));
#11867=CARTESIAN_POINT('Ctrl Pts',(-34.2894679909147,-19.571538754961,-2.16151947559173E-17));
#11868=CARTESIAN_POINT('Ctrl Pts',(-31.8002827276136,-15.0780933900724,
-2.15562144679176E-17));
#11869=CARTESIAN_POINT('Ctrl Pts',(-28.3575542160157,-11.1384976768558,
-2.2285230991268E-17));
#11870=CARTESIAN_POINT('Ctrl Pts',(-24.2624300867769,-8.08563901024031,
-2.16516482333034E-17));
#11871=CARTESIAN_POINT('Ctrl Pts',(-22.2148680221574,-6.55920967693255,
-2.13348568543211E-17));
#11872=CARTESIAN_POINT('Ctrl Pts',(-20.0042070531278,-5.25446460527506,
-2.06774156550099E-17));
#11873=CARTESIAN_POINT('Ctrl Pts',(-17.6801339347821,-4.2003398511565,-2.05972038684942E-17));
#11874=CARTESIAN_POINT('Ctrl Pts',(-13.0319876980909,-2.09209034291937,
-2.04367802954631E-17));
#11875=CARTESIAN_POINT('Ctrl Pts',(-7.93019286413577,-0.986322104837951,
-2.25852743736136E-17));
#11876=CARTESIAN_POINT('Ctrl Pts',(-2.80724947161411,-0.986322104838163,
-2.25530467066565E-17));
#11877=CARTESIAN_POINT('',(-2.80724947161562,-0.986322104838163,-1.38777878078145E-16));
#11878=CARTESIAN_POINT('Origin',(-2.80724947161562,-0.966652054726891,-0.111554397587024));
#11879=CARTESIAN_POINT('',(2.8072494716156,-0.986322104838163,-1.38777878078145E-16));
#11880=CARTESIAN_POINT('',(-1.40362473580781,-0.986322104838158,-2.77555756156289E-16));
#11881=CARTESIAN_POINT('',(2.8072494716156,-0.986322104838163,-1.38777878078145E-16));
#11882=CARTESIAN_POINT('Ctrl Pts',(38.7636735812002,-34.2735739572592,-1.6644804511683E-15));
#11883=CARTESIAN_POINT('Ctrl Pts',(38.6875531994369,-34.2802015284117,0.433333333333333));
#11884=CARTESIAN_POINT('Ctrl Pts',(38.6114328176736,-34.2868290995642,0.866666666666667));
#11885=CARTESIAN_POINT('Ctrl Pts',(38.5353124359103,-34.2934566707166,1.3));
#11886=CARTESIAN_POINT('Ctrl Pts',(38.5389844252103,-31.6929265468351,-1.66454424029508E-15));
#11887=CARTESIAN_POINT('Ctrl Pts',(38.463329517697,-31.7048319421299,0.433333333333332));
#11888=CARTESIAN_POINT('Ctrl Pts',(38.3876561514311,-31.7167303485043,0.866666666666668));
#11889=CARTESIAN_POINT('Ctrl Pts',(38.3120012439177,-31.728635743799,1.3));
#11890=CARTESIAN_POINT('Ctrl Pts',(37.064344777045,-24.0334080155082,-1.65756059537469E-15));
#11891=CARTESIAN_POINT('Ctrl Pts',(36.9916984976305,-24.0610459016929,0.433333333333333));
#11892=CARTESIAN_POINT('Ctrl Pts',(36.9190642737561,-24.0886924184771,0.866666666666667));
#11893=CARTESIAN_POINT('Ctrl Pts',(36.8464179943417,-24.1163303046618,1.3));
#11894=CARTESIAN_POINT('Ctrl Pts',(30.7034472032013,-12.546977563136,-1.66925212696011E-15));
#11895=CARTESIAN_POINT('Ctrl Pts',(30.6440695519775,-12.5987164214146,0.433333333333333));
#11896=CARTESIAN_POINT('Ctrl Pts',(30.5846803495607,-12.6504443093417,0.866666666666667));
#11897=CARTESIAN_POINT('Ctrl Pts',(30.5253026983369,-12.7021831676203,1.3));
#11898=CARTESIAN_POINT('Ctrl Pts',(18.1382287013393,-3.19222464724475,-1.66346346353107E-15));
#11899=CARTESIAN_POINT('Ctrl Pts',(18.1056413194351,-3.26395345503324,0.433333333333333));
#11900=CARTESIAN_POINT('Ctrl Pts',(18.0730678413641,-3.3356884824165,0.866666666666668));
#11901=CARTESIAN_POINT('Ctrl Pts',(18.0404804594599,-3.40741729020499,1.3));
#11902=CARTESIAN_POINT('Ctrl Pts',(7.93019286413524,-0.986322104837854,
-1.66454490650221E-15));
#11903=CARTESIAN_POINT('Ctrl Pts',(7.91938518436071,-1.06274137156574,0.433333333333333));
#11904=CARTESIAN_POINT('Ctrl Pts',(7.90856017176377,-1.13912791303097,0.866666666666667));
#11905=CARTESIAN_POINT('Ctrl Pts',(7.89775249198924,-1.21554717975886,1.3));
#11906=CARTESIAN_POINT('Ctrl Pts',(2.80724947161342,-0.986322104838163,
-1.6644804511683E-15));
#11907=CARTESIAN_POINT('Ctrl Pts',(2.80724947161343,-1.06273046314516,0.433333333333333));
#11908=CARTESIAN_POINT('Ctrl Pts',(2.80724947161343,-1.13913882145217,0.866666666666667));
#11909=CARTESIAN_POINT('Ctrl Pts',(2.80724947161344,-1.21554717975917,1.3));
#11910=CARTESIAN_POINT('',(38.7636735812001,-34.2735739572575,-1.38777878078145E-16));
#11911=CARTESIAN_POINT('Ctrl Pts',(2.80724947161342,-0.986322104838162,
-4.57069947986062E-16));
#11912=CARTESIAN_POINT('Ctrl Pts',(7.93019286413524,-0.986322104837853,
-4.57134403319971E-16));
#11913=CARTESIAN_POINT('Ctrl Pts',(13.0342107827373,-2.0892733760413,-4.56593681834402E-16));
#11914=CARTESIAN_POINT('Ctrl Pts',(17.6804228256819,-4.19987449762491,-4.57288098329792E-16));
#11915=CARTESIAN_POINT('Ctrl Pts',(22.3266348686266,-6.31047561920851,-4.57982514825181E-16));
#11916=CARTESIAN_POINT('Ctrl Pts',(26.515041035914,-9.42872659117227,-4.5991206930153E-16));
#11917=CARTESIAN_POINT('Ctrl Pts',(29.8814236343264,-13.2851381676286,-4.5853854022262E-16));
#11918=CARTESIAN_POINT('Ctrl Pts',(33.2478062327388,-17.1415497440849,-4.5716501114371E-16));
#11919=CARTESIAN_POINT('Ctrl Pts',(35.7921652622762,-21.7361219250338,-4.52488398509542E-16));
#11920=CARTESIAN_POINT('Ctrl Pts',(37.2956803379733,-26.6718764437176,-4.54033369818327E-16));
#11921=CARTESIAN_POINT('Ctrl Pts',(38.0474378758219,-29.1397537030595,-4.54805855472719E-16));
#11922=CARTESIAN_POINT('Ctrl Pts',(38.5389844252103,-31.6929265468351,-4.5713373711285E-16));
#11923=CARTESIAN_POINT('Ctrl Pts',(38.7636735812002,-34.2735739572592,-4.57069947986062E-16));
#11924=CARTESIAN_POINT('',(38.7636735812001,-34.2735739572575,-1.38777878078145E-16));
#11925=CARTESIAN_POINT('Origin',(-2.80724947161562,-1.99238939618349,-0.0256885145046836));
#11926=CARTESIAN_POINT('',(-2.80724947161562,-1.99238939618349,-0.0256885145046839));
#11927=CARTESIAN_POINT('Ctrl Pts',(-2.80724947161418,-2.66480790400445,
-7.71146722824298));
#11928=CARTESIAN_POINT('Ctrl Pts',(-2.80724947161417,-2.40200749593557,
-4.70764481882865));
#11929=CARTESIAN_POINT('Ctrl Pts',(-2.80724947161416,-2.13920708786669,
-1.70382240941433));
#11930=CARTESIAN_POINT('Ctrl Pts',(-2.80724947161415,-1.87640667979781,
1.3));
#11931=CARTESIAN_POINT('Ctrl Pts',(-7.6926503353112,-2.66480790400425,-7.71146722824298));
#11932=CARTESIAN_POINT('Ctrl Pts',(-7.72986717412403,-2.40192682422307,
-4.70764481882866));
#11933=CARTESIAN_POINT('Ctrl Pts',(-7.76700954952154,-2.13928775957878,
-1.70382240941432));
#11934=CARTESIAN_POINT('Ctrl Pts',(-7.80422638833438,-1.8764066797976,1.3));
#11935=CARTESIAN_POINT('Ctrl Pts',(-14.9869587887456,-4.24622896240689,
-7.71146722824298));
#11936=CARTESIAN_POINT('Ctrl Pts',(-15.0802436660738,-3.99555480477678,
-4.70764481882865));
#11937=CARTESIAN_POINT('Ctrl Pts',(-15.1735735297964,-3.74482043613479,
-1.70382240941433));
#11938=CARTESIAN_POINT('Ctrl Pts',(-15.2668584071247,-3.49414627850468,
1.3));
#11939=CARTESIAN_POINT('Ctrl Pts',(-25.5219999670469,-10.4639839674946,
-7.71146722824298));
#11940=CARTESIAN_POINT('Ctrl Pts',(-25.6964562730369,-10.2611737370791,
-4.70764481882866));
#11941=CARTESIAN_POINT('Ctrl Pts',(-25.8708746871903,-10.058410023181,-1.70382240941432));
#11942=CARTESIAN_POINT('Ctrl Pts',(-26.0453309931803,-9.85559979276546,
1.3));
#11943=CARTESIAN_POINT('Ctrl Pts',(-33.7291818778231,-19.8540280544325,
-7.71146722824298));
#11944=CARTESIAN_POINT('Ctrl Pts',(-33.9661890380422,-19.7230787599387,
-4.70764481882865));
#11945=CARTESIAN_POINT('Ctrl Pts',(-34.2031921264713,-19.5921665223176,
-1.70382240941433));
#11946=CARTESIAN_POINT('Ctrl Pts',(-34.4401992866905,-19.4612172278239,
1.3));
#11947=CARTESIAN_POINT('Ctrl Pts',(-36.6623156436127,-29.4896458265508,
-7.71146722824298));
#11948=CARTESIAN_POINT('Ctrl Pts',(-36.9209731666397,-29.4306062931497,
-4.70764481882866));
#11949=CARTESIAN_POINT('Ctrl Pts',(-37.1796091353874,-29.3714325284835,
-1.70382240941432));
#11950=CARTESIAN_POINT('Ctrl Pts',(-37.4382666584144,-29.3123929950824,
1.3));
#11951=CARTESIAN_POINT('Ctrl Pts',(-37.0915138509328,-34.4191638417797,
-7.71146722824298));
#11952=CARTESIAN_POINT('Ctrl Pts',(-37.353323786822,-34.3963688434056,-4.70764481882865));
#11953=CARTESIAN_POINT('Ctrl Pts',(-37.6151337227111,-34.3735738450315,
-1.70382240941433));
#11954=CARTESIAN_POINT('Ctrl Pts',(-37.8769436586003,-34.3507788466574,
1.3));
#11955=CARTESIAN_POINT('Origin',(38.7832694965809,-34.2718678002405,-0.111554397587023));
#11956=CARTESIAN_POINT('',(39.6756062583059,-44.7474959909419,0.));
#11957=CARTESIAN_POINT('Origin',(4.44089209850063E-15,-58.7552521432564,
-1.38777878078145E-16));
#11958=CARTESIAN_POINT('Origin',(-39.,-106.,3.));
#11959=CARTESIAN_POINT('',(-42.25,-106.,3.));
#11960=CARTESIAN_POINT('Origin',(39.,-106.,3.));
#11961=CARTESIAN_POINT('',(35.75,-106.,3.));
#11962=CARTESIAN_POINT('Origin',(9.45009301019943,-79.4999991078975,0.200404984897638));
#11963=CARTESIAN_POINT('',(8.05009301019943,-79.4999991078975,0.200404984897638));
#11964=CARTESIAN_POINT('Origin',(-24.4000378847121,-32.5,-0.999999999978241));
#11965=CARTESIAN_POINT('',(-24.4000378847121,-32.5,-0.999999999978241));
#11966=CARTESIAN_POINT('Origin',(-24.4000378847121,-32.5,-5.69974260687824));
#11967=CARTESIAN_POINT('',(-24.4000378847121,-32.5,-5.69974260687824));
#11968=CARTESIAN_POINT('Origin',(9.59996211528779,-32.5,-5.69974260687824));
#11969=CARTESIAN_POINT('',(9.59996211528779,-32.5,-5.69974260687824));
#11970=CARTESIAN_POINT('Origin',(9.59996211528779,-32.5,-0.999999999978242));
#11971=CARTESIAN_POINT('Origin',(0.100092932525001,-35.7000000655651,4.30040480033342));
#11972=CARTESIAN_POINT('',(8.850092932525,-35.7000000655651,4.30040483689485));
#11973=CARTESIAN_POINT('',(-8.649907067475,-35.7000000655651,4.30040483689485));
#11974=CARTESIAN_POINT('Origin',(0.100092932525001,-75.2000000655651,4.30040480033343));
#11975=CARTESIAN_POINT('',(-8.649907067475,-75.5000000655651,4.30040483689484));
#11976=CARTESIAN_POINT('',(8.850092932525,-75.5000000655651,4.30040483689484));
#11977=CARTESIAN_POINT('Origin',(0.100092932525001,-75.5000000655651,4.30040480033343));
#11978=CARTESIAN_POINT('',(8.850092932525,-75.2000000655651,4.30040483689485));
#11979=CARTESIAN_POINT('',(-8.649907067475,-75.2000000655651,4.30040483689484));
#11980=CARTESIAN_POINT('Origin',(-11.149907067475,-70.5000000655651,4.30040483689485));
#11981=CARTESIAN_POINT('',(-10.399907067475,-70.5000000655651,4.30040483689485));
#11982=CARTESIAN_POINT('',(-12.0498141395011,-70.5000000655651,4.30040483689485));
#11983=CARTESIAN_POINT('',(-11.149907067475,-70.5000000655651,4.30040483689485));
#11984=CARTESIAN_POINT('',(-12.0498141395011,-75.5000000655651,4.30040483689485));
#11985=CARTESIAN_POINT('',(-12.0498141395011,-70.5000000655651,4.30040483689485));
#11986=CARTESIAN_POINT('',(-5.52490706861278,-75.5000000655651,4.30040483689484));
#11987=CARTESIAN_POINT('',(-10.399907067475,-70.5000000655651,4.30040483689485));
#11988=CARTESIAN_POINT('Origin',(13.,-70.5000000655651,4.30040483689485));
#11989=CARTESIAN_POINT('',(6.55004646512471,-75.5000000655651,4.30040483689484));
#11990=CARTESIAN_POINT('',(10.600092932525,-70.5000000655651,4.30040483689485));
#11991=CARTESIAN_POINT('',(13.,-70.5000000655651,4.30040483689485));
#11992=CARTESIAN_POINT('',(10.600092932525,-70.5000000655651,4.30040483689485));
#11993=CARTESIAN_POINT('Origin',(0.100092932525001,-70.5000000655651,4.30040480033342));
#11994=CARTESIAN_POINT('Origin',(0.100092932525001,-70.5000000655651,4.30040480033342));
#11995=CARTESIAN_POINT('Origin',(-12.7998141395011,-40.5000000655651,4.30040483689485));
#11996=CARTESIAN_POINT('',(-10.399907067475,-40.5000000655651,4.30040483689485));
#11997=CARTESIAN_POINT('',(-12.0498141395011,-40.5000000655651,4.30040483689485));
#11998=CARTESIAN_POINT('Origin',(0.100092932525001,-40.5000000655651,4.30040480033342));
#11999=CARTESIAN_POINT('',(10.600092932525,-40.5000000655651,4.30040483689485));
#12000=CARTESIAN_POINT('Origin',(11.350092932525,-40.5000000655651,4.30040483689485));
#12001=CARTESIAN_POINT('Origin',(32.6000929880574,-47.0000009557319,-2.69959493049173));
#12002=CARTESIAN_POINT('',(32.0500929880574,-47.0000009557319,-1.69959493049173));
#12003=CARTESIAN_POINT('Origin',(25.1000929880574,-80.5000009557318,-2.19959493049172));
#12004=CARTESIAN_POINT('',(37.1000930297861,-80.0000009557318,-2.69959493049172));
#12005=CARTESIAN_POINT('',(37.1000930297861,-76.6183510395916,-6.08124484663193));
#12006=CARTESIAN_POINT('',(14.1000930297861,-80.0000009557318,-2.69959493049172));
#12007=CARTESIAN_POINT('',(18.3500930297861,-80.0000009557318,-2.69959493049172));
#12008=CARTESIAN_POINT('',(14.1000930297861,-76.6183510395916,-6.08124484663193));
#12009=CARTESIAN_POINT('Origin',(14.1000930297861,-79.,-2.22044604925031E-15));
#12010=CARTESIAN_POINT('',(14.1000930297861,-79.,-2.69959493049172));
#12011=CARTESIAN_POINT('',(14.1000930297861,-77.1119036582056,-2.69959493049172));
#12012=CARTESIAN_POINT('',(14.1000930297861,-79.,-2.22044604925031E-15));
#12013=CARTESIAN_POINT('Origin',(25.1000929880574,-47.5000009557319,-2.19959493049173));
#12014=CARTESIAN_POINT('',(32.0500929880574,-48.0000009557319,-2.69959493049173));
#12015=CARTESIAN_POINT('Origin',(37.1000930297861,-79.,-2.22044604925031E-15));
#12016=CARTESIAN_POINT('',(37.1000930297861,-77.1119036582056,-2.69959493049172));
#12017=CARTESIAN_POINT('Origin',(29.8500940276991,-48.5000000655651,-10.45));
#12018=CARTESIAN_POINT('',(29.8500940276991,-62.4999877940396,-2.69959493049173));
#12019=CARTESIAN_POINT('',(29.8500940276991,-62.4999877940396,-10.45));
#12020=CARTESIAN_POINT('',(29.8500940276991,-64.7500005106485,-2.69959493049173));
#12021=CARTESIAN_POINT('Origin',(19.1000930297861,-62.5000000655651,-10.45));
#12022=CARTESIAN_POINT('',(20.5199043754087,-73.1558274477055,-2.69959493049173));
#12023=CARTESIAN_POINT('',(20.5199043754087,-73.1558274477055,-10.45));
#12024=CARTESIAN_POINT('Origin',(19.1000930297861,-62.5000000655651,-2.69959493049173));
#12025=CARTESIAN_POINT('Origin',(20.8500930297861,-75.6339266088611,-10.45));
#12026=CARTESIAN_POINT('Origin',(20.8500930297861,-75.6339266088611,-2.69959493049173));
#12027=CARTESIAN_POINT('Origin',(-41.7644161494312,-79.,-2.22044604925031E-15));
#12028=CARTESIAN_POINT('',(-11.7071615598225,-79.,-2.69959493049172));
#12029=CARTESIAN_POINT('Origin',(12.25,-38.3022639122622,-1.38777878078145E-16));
#12030=CARTESIAN_POINT('Origin',(-12.0498141395011,-40.5000000655651,-11.9611932895077));
#12031=CARTESIAN_POINT('Origin',(-21.,-48.5000000655651,-7.1401971131532));
#12032=CARTESIAN_POINT('',(-29.,-48.5000000655651,-7.1401971131532));
#12033=CARTESIAN_POINT('Origin',(-29.,-70.5000000655651,-10.45));
#12034=CARTESIAN_POINT('',(-29.,-62.5000000655651,-10.45));
#12035=CARTESIAN_POINT('Origin',(-21.,-62.5000000655651,-10.45));
#12036=CARTESIAN_POINT('',(-21.,-70.5000000655651,-10.45));
#12037=CARTESIAN_POINT('Origin',(-12.0498141395011,-70.5000000655651,4.30040483689485));
#12038=CARTESIAN_POINT('',(-12.0498141395011,-75.5000000655651,0.612803627671137));
#12039=CARTESIAN_POINT('',(-12.0498141395011,-70.5000000655651,-3.07479758155258));
#12040=CARTESIAN_POINT('Origin',(0.100092930249434,-75.5000000655651,-3.07479758155258));
#12041=CARTESIAN_POINT('Origin',(29.,-70.5000000655651,-10.45));
#12042=CARTESIAN_POINT('',(21.,-70.5000000655651,-10.45));
#12043=CARTESIAN_POINT('Origin',(21.,-62.5000000655651,-10.45));
#12044=CARTESIAN_POINT('',(29.,-62.5000000655651,-10.45));
#12045=CARTESIAN_POINT('Origin',(29.,-40.5000000655651,-10.45));
#12046=CARTESIAN_POINT('',(29.,-48.5000000655651,-7.1401971131532));
#12047=CARTESIAN_POINT('Origin',(21.,-48.5000000655651,-7.1401971131532));
#12048=CARTESIAN_POINT('Origin',(34.9374966493027,-44.134365853479,-7.45));
#12049=CARTESIAN_POINT('Origin',(32.6000929880574,-81.0000009557319,-2.69959493049173));
#12050=CARTESIAN_POINT('',(37.1000933621339,-48.0000009557319,-2.69959493049173));
#12051=CARTESIAN_POINT('',(37.1000933621339,-64.5000009557319,-2.69959493049173));
#12052=CARTESIAN_POINT('',(31.3398857297887,-48.0000009557318,-2.69959493049173));
#12053=CARTESIAN_POINT('Origin',(37.1000933621339,-48.0000009557319,-2.69959493049173));
#12054=CARTESIAN_POINT('',(37.1000933621339,-48.0000009557319,0.000405069508273292));
#12055=CARTESIAN_POINT('',(37.1000933621339,-48.0000009557319,0.000405069508273292));
#12056=CARTESIAN_POINT('',(37.1000933621339,-48.0000009557319,-2.69959493049173));
#12057=CARTESIAN_POINT('Origin',(37.9723954494942,-48.7500009557318,0.00040506950827357));
#12058=CARTESIAN_POINT('',(38.7140970787587,-48.0000009557318,0.00040506950827357));
#12059=CARTESIAN_POINT('Origin',(31.3398857297887,-48.0000009557318,-2.69959493049173));
#12060=UNCERTAINTY_MEASURE_WITH_UNIT(LENGTH_MEASURE(0.01),#12064,
'DISTANCE_ACCURACY_VALUE',
'Maximum model space distance between geometric entities at asserted c
onnectivities');
#12061=UNCERTAINTY_MEASURE_WITH_UNIT(LENGTH_MEASURE(0.01),#12064,
'DISTANCE_ACCURACY_VALUE',
'Maximum model space distance between geometric entities at asserted c
onnectivities');
#12062=(
GEOMETRIC_REPRESENTATION_CONTEXT(3)
GLOBAL_UNCERTAINTY_ASSIGNED_CONTEXT((#12060))
GLOBAL_UNIT_ASSIGNED_CONTEXT((#12064,#12065,#12066))
REPRESENTATION_CONTEXT('','3D')
);
#12063=(
GEOMETRIC_REPRESENTATION_CONTEXT(3)
GLOBAL_UNCERTAINTY_ASSIGNED_CONTEXT((#12061))
GLOBAL_UNIT_ASSIGNED_CONTEXT((#12064,#12065,#12066))
REPRESENTATION_CONTEXT('','3D')
);
#12064=(
LENGTH_UNIT()
NAMED_UNIT(*)
SI_UNIT(.MILLI.,.METRE.)
);
#12065=(
NAMED_UNIT(*)
PLANE_ANGLE_UNIT()
SI_UNIT($,.RADIAN.)
);
#12066=(
NAMED_UNIT(*)
SI_UNIT($,.STERADIAN.)
SOLID_ANGLE_UNIT()
);
#12067=SHAPE_DEFINITION_REPRESENTATION(#12068,#12069);
#12068=PRODUCT_DEFINITION_SHAPE('',$,#12071);
#12069=SHAPE_REPRESENTATION('',(#6074),#12062);
#12070=PRODUCT_DEFINITION_CONTEXT('part definition',#12075,'design');
#12071=PRODUCT_DEFINITION('2026-08-29-07-16-38-788','bottom_head_shell',
#12072,#12070);
#12072=PRODUCT_DEFINITION_FORMATION('',$,#12077);
#12073=PRODUCT_RELATED_PRODUCT_CATEGORY('bottom_head_shell',
'bottom_head_shell',(#12077));
#12074=APPLICATION_PROTOCOL_DEFINITION('international standard',
'automotive_design',2009,#12075);
#12075=APPLICATION_CONTEXT(
'Core Data for Automotive Mechanical Design Process');
#12076=PRODUCT_CONTEXT('part definition',#12075,'mechanical');
#12077=PRODUCT('2026-08-29-07-16-38-788','bottom_head_shell',$,(#12076));
#12078=PRESENTATION_STYLE_ASSIGNMENT((#12082));
#12079=PRESENTATION_STYLE_ASSIGNMENT((#12083));
#12080=PRESENTATION_STYLE_ASSIGNMENT((#12084));
#12081=PRESENTATION_STYLE_ASSIGNMENT((#12085));
#12082=SURFACE_STYLE_USAGE(.BOTH.,#12086);
#12083=SURFACE_STYLE_USAGE(.BOTH.,#12087);
#12084=SURFACE_STYLE_USAGE(.BOTH.,#12088);
#12085=SURFACE_STYLE_USAGE(.BOTH.,#12089);
#12086=SURFACE_SIDE_STYLE('',(#12090));
#12087=SURFACE_SIDE_STYLE('',(#12091));
#12088=SURFACE_SIDE_STYLE('',(#12092));
#12089=SURFACE_SIDE_STYLE('',(#12093));
#12090=SURFACE_STYLE_FILL_AREA(#12094);
#12091=SURFACE_STYLE_FILL_AREA(#12095);
#12092=SURFACE_STYLE_FILL_AREA(#12096);
#12093=SURFACE_STYLE_FILL_AREA(#12097);
#12094=FILL_AREA_STYLE('Opaque(217,211,201)',(#12098));
#12095=FILL_AREA_STYLE('Steel - Satin',(#12099));
#12096=FILL_AREA_STYLE('Aluminum nitride (AlN)',(#12100));
#12097=FILL_AREA_STYLE(
'HP 3D HR CB PA 12 (with HP Jet Fusion 580 Color 3D Printer)',(#12101));
#12098=FILL_AREA_STYLE_COLOUR('Opaque(217,211,201)',#12102);
#12099=FILL_AREA_STYLE_COLOUR('Steel - Satin',#12103);
#12100=FILL_AREA_STYLE_COLOUR('Aluminum nitride (AlN)',#12104);
#12101=FILL_AREA_STYLE_COLOUR(
'HP 3D HR CB PA 12 (with HP Jet Fusion 580 Color 3D Printer)',#12105);
#12102=COLOUR_RGB('Opaque(217,211,201)',0.850980392156863,0.827450980392157,
0.788235294117647);
#12103=COLOUR_RGB('Steel - Satin',0.627450980392157,0.627450980392157,0.627450980392157);
#12104=COLOUR_RGB('Aluminum nitride (AlN)',0.850980392156863,0.827450980392157,
0.788235294117647);
#12105=COLOUR_RGB(
'HP 3D HR CB PA 12 (with HP Jet Fusion 580 Color 3D Printer)',0.968627450980392,
0.662745098039216,0.);
ENDSEC;
END-ISO-10303-21;
