ISO-10303-21;
HEADER;
/* Generated by software containing ST-Developer
 * from STEP Tools, Inc. (www.steptools.com) 
 */

FILE_DESCRIPTION(
/* description */ (''),
/* implementation_level */ '2;1');

FILE_NAME(
/* name */ 'motor_support.step',
/* time_stamp */ '2026-09-14T15:39:38-06:00',
/* author */ (''),
/* organization */ (''),
/* preprocessor_version */ 'ST-DEVELOPER v20.2',
/* originating_system */ 'Autodesk Translation Framework v15.15.0.0',
/* authorisation */ '');

FILE_SCHEMA (('AUTOMOTIVE_DESIGN { 1 0 10303 214 3 1 1 }'));
ENDSEC;

DATA;
#10=MECHANICAL_DESIGN_GEOMETRIC_PRESENTATION_REPRESENTATION('',(#13),#3316);
#11=SHAPE_REPRESENTATION_RELATIONSHIP('SRR','None',#3323,#12);
#12=ADVANCED_BREP_SHAPE_REPRESENTATION('',(#14),#3315);
#13=STYLED_ITEM('',(#3332),#14);
#14=MANIFOLD_SOLID_BREP('MeshBody1',#1961);
#15=(
BOUNDED_CURVE()
B_SPLINE_CURVE(2,(#3047,#3048,#3049),.UNSPECIFIED.,.F.,.F.)
B_SPLINE_CURVE_WITH_KNOTS((3,3),(-0.00677728850302928,-0.00454779617080857),
 .UNSPECIFIED.)
CURVE()
GEOMETRIC_REPRESENTATION_ITEM()
RATIONAL_B_SPLINE_CURVE((1.27799328888703,1.23864656783025,1.19510334031466))
REPRESENTATION_ITEM('')
);
#16=(
BOUNDED_CURVE()
B_SPLINE_CURVE(2,(#3055,#3056,#3057),.UNSPECIFIED.,.F.,.F.)
B_SPLINE_CURVE_WITH_KNOTS((3,3),(-0.0107532992621945,-0.00316497916834627),
 .UNSPECIFIED.)
CURVE()
GEOMETRIC_REPRESENTATION_ITEM()
RATIONAL_B_SPLINE_CURVE((0.999954950110659,0.999931107828119,0.999963349020434))
REPRESENTATION_ITEM('')
);
#17=(
BOUNDED_CURVE()
B_SPLINE_CURVE(2,(#3060,#3061,#3062),.UNSPECIFIED.,.F.,.F.)
B_SPLINE_CURVE_WITH_KNOTS((3,3),(0.00333681508889982,0.0109940113297667),
 .UNSPECIFIED.)
CURVE()
GEOMETRIC_REPRESENTATION_ITEM()
RATIONAL_B_SPLINE_CURVE((0.999976195502801,0.999956660423976,0.999972821505982))
REPRESENTATION_ITEM('')
);
#18=(
BOUNDED_CURVE()
B_SPLINE_CURVE(2,(#3073,#3074,#3075),.UNSPECIFIED.,.F.,.F.)
B_SPLINE_CURVE_WITH_KNOTS((3,3),(0.032412118145092,0.0446736813146109),
 .UNSPECIFIED.)
CURVE()
GEOMETRIC_REPRESENTATION_ITEM()
RATIONAL_B_SPLINE_CURVE((1.49177030492198,1.41890004325991,1.22051751502282))
REPRESENTATION_ITEM('')
);
#19=(
BOUNDED_CURVE()
B_SPLINE_CURVE(2,(#3108,#3109,#3110),.UNSPECIFIED.,.F.,.F.)
B_SPLINE_CURVE_WITH_KNOTS((3,3),(0.00853048401081339,0.0208842922692583),
 .UNSPECIFIED.)
CURVE()
GEOMETRIC_REPRESENTATION_ITEM()
RATIONAL_B_SPLINE_CURVE((1.16400645506146,1.26020734948085,1.29107780676114))
REPRESENTATION_ITEM('')
);
#20=(
BOUNDED_CURVE()
B_SPLINE_CURVE(2,(#3210,#3211,#3212),.UNSPECIFIED.,.F.,.F.)
B_SPLINE_CURVE_WITH_KNOTS((3,3),(-0.0486228068649311,-0.0466210645266725),
 .UNSPECIFIED.)
CURVE()
GEOMETRIC_REPRESENTATION_ITEM()
RATIONAL_B_SPLINE_CURVE((1.2753787668423,1.41885914988112,1.55005897303566))
REPRESENTATION_ITEM('')
);
#21=(
BOUNDED_CURVE()
B_SPLINE_CURVE(2,(#3235,#3236,#3237),.UNSPECIFIED.,.F.,.F.)
B_SPLINE_CURVE_WITH_KNOTS((3,3),(0.00164931813327852,0.00293480064026485),
 .UNSPECIFIED.)
CURVE()
GEOMETRIC_REPRESENTATION_ITEM()
RATIONAL_B_SPLINE_CURVE((1.18756516373398,1.25878890560237,1.32709670472329))
REPRESENTATION_ITEM('')
);
#22=(
BOUNDED_CURVE()
B_SPLINE_CURVE(2,(#3250,#3251,#3252),.UNSPECIFIED.,.F.,.F.)
B_SPLINE_CURVE_WITH_KNOTS((3,3),(-0.0540253471958521,-0.0393508321944771),
 .UNSPECIFIED.)
CURVE()
GEOMETRIC_REPRESENTATION_ITEM()
RATIONAL_B_SPLINE_CURVE((1.18604734354597,1.41592172893739,1.50719150025458))
REPRESENTATION_ITEM('')
);
#23=(
BOUNDED_CURVE()
B_SPLINE_CURVE(2,(#3257,#3258,#3259),.UNSPECIFIED.,.F.,.F.)
B_SPLINE_CURVE_WITH_KNOTS((3,3),(0.00674434471352943,0.00940524703921702),
 .UNSPECIFIED.)
CURVE()
GEOMETRIC_REPRESENTATION_ITEM()
RATIONAL_B_SPLINE_CURVE((1.14945120730798,1.17505308654442,1.19759316413077))
REPRESENTATION_ITEM('')
);
#24=(
BOUNDED_CURVE()
B_SPLINE_CURVE(2,(#3271,#3272,#3273),.UNSPECIFIED.,.F.,.F.)
B_SPLINE_CURVE_WITH_KNOTS((3,3),(0.0061103454687774,0.0502539447420549),
 .UNSPECIFIED.)
CURVE()
GEOMETRIC_REPRESENTATION_ITEM()
RATIONAL_B_SPLINE_CURVE((1.13976637809053,1.59023571135155,1.25476221710725))
REPRESENTATION_ITEM('')
);
#25=(
BOUNDED_CURVE()
B_SPLINE_CURVE(2,(#3276,#3277,#3278),.UNSPECIFIED.,.F.,.F.)
B_SPLINE_CURVE_WITH_KNOTS((3,3),(-0.0468722891399742,-0.00602155808389445),
 .UNSPECIFIED.)
CURVE()
GEOMETRIC_REPRESENTATION_ITEM()
RATIONAL_B_SPLINE_CURVE((1.27810535512043,1.60788714295127,1.15159747200348))
REPRESENTATION_ITEM('')
);
#26=(
BOUNDED_CURVE()
B_SPLINE_CURVE(2,(#3280,#3281,#3282),.UNSPECIFIED.,.F.,.F.)
B_SPLINE_CURVE_WITH_KNOTS((3,3),(0.0390081029394658,0.0541534811419367),
 .UNSPECIFIED.)
CURVE()
GEOMETRIC_REPRESENTATION_ITEM()
RATIONAL_B_SPLINE_CURVE((1.31594296023921,1.2723139487505,1.14717826850208))
REPRESENTATION_ITEM('')
);
#27=(
BOUNDED_CURVE()
B_SPLINE_CURVE(2,(#3285,#3286,#3287),.UNSPECIFIED.,.F.,.F.)
B_SPLINE_CURVE_WITH_KNOTS((3,3),(-0.00277259295659717,-0.0012183197685733),
 .UNSPECIFIED.)
CURVE()
GEOMETRIC_REPRESENTATION_ITEM()
RATIONAL_B_SPLINE_CURVE((1.43057426652491,1.31521621913403,1.19388388000268))
REPRESENTATION_ITEM('')
);
#28=(
BOUNDED_CURVE()
B_SPLINE_CURVE(2,(#3289,#3290,#3291),.UNSPECIFIED.,.F.,.F.)
B_SPLINE_CURVE_WITH_KNOTS((3,3),(0.00248760815687219,0.00391205694679488),
 .UNSPECIFIED.)
CURVE()
GEOMETRIC_REPRESENTATION_ITEM()
RATIONAL_B_SPLINE_CURVE((1.26001525009179,1.33065469417848,1.39693624133452))
REPRESENTATION_ITEM('')
);
#29=CONICAL_SURFACE('',#2002,5.72930778790609,0.000224158596497356);
#30=CONICAL_SURFACE('',#2125,14.8672772290058,1.56725405959087);
#31=B_SPLINE_CURVE_WITH_KNOTS('',3,(#2782,#2783,#2784,#2785),
 .UNSPECIFIED.,.F.,.F.,(4,4),(0.00994605295807123,0.0115506797530547),
 .UNSPECIFIED.);
#32=B_SPLINE_CURVE_WITH_KNOTS('',3,(#2914,#2915,#2916,#2917,#2918,#2919,
#2920,#2921,#2922,#2923),.UNSPECIFIED.,.F.,.F.,(4,3,3,4),(0.,0.0781189451003381,
0.156238516268858,0.170654358363077),.UNSPECIFIED.);
#33=B_SPLINE_CURVE_WITH_KNOTS('',3,(#2927,#2928,#2929,#2930,#2931,#2932,
#2933),.UNSPECIFIED.,.F.,.F.,(4,3,4),(0.0376039822523179,0.0417253104970824,
0.043369794683688),.UNSPECIFIED.);
#34=B_SPLINE_CURVE_WITH_KNOTS('',3,(#2948,#2949,#2950,#2951,#2952,#2953,
#2954),.UNSPECIFIED.,.F.,.F.,(4,3,4),(-0.00880710604245785,-0.00208906711161123,
-0.000181530693794708),.UNSPECIFIED.);
#35=B_SPLINE_CURVE_WITH_KNOTS('',3,(#2958,#2959,#2960,#2961,#2962,#2963,
#2964),.UNSPECIFIED.,.F.,.F.,(4,3,4),(-0.0436534146888587,-0.0427133570491497,
-0.0377557487122901),.UNSPECIFIED.);
#36=SPHERICAL_SURFACE('',#1995,50640.2079090415);
#37=FACE_BOUND('',#215,.T.);
#38=FACE_BOUND('',#277,.T.);
#39=FACE_BOUND('',#282,.T.);
#40=FACE_BOUND('',#283,.T.);
#41=FACE_BOUND('',#285,.T.);
#42=FACE_BOUND('',#287,.T.);
#43=FACE_BOUND('',#288,.T.);
#44=FACE_BOUND('',#300,.T.);
#45=FACE_BOUND('',#316,.T.);
#46=PLANE('',#1982);
#47=PLANE('',#1991);
#48=PLANE('',#1992);
#49=PLANE('',#1993);
#50=PLANE('',#1994);
#51=PLANE('',#2076);
#52=PLANE('',#2077);
#53=PLANE('',#2080);
#54=PLANE('',#2081);
#55=PLANE('',#2082);
#56=PLANE('',#2083);
#57=PLANE('',#2084);
#58=PLANE('',#2085);
#59=PLANE('',#2086);
#60=PLANE('',#2087);
#61=PLANE('',#2088);
#62=PLANE('',#2089);
#63=PLANE('',#2090);
#64=PLANE('',#2091);
#65=PLANE('',#2092);
#66=PLANE('',#2093);
#67=PLANE('',#2094);
#68=PLANE('',#2095);
#69=PLANE('',#2096);
#70=PLANE('',#2097);
#71=PLANE('',#2098);
#72=PLANE('',#2099);
#73=PLANE('',#2100);
#74=PLANE('',#2101);
#75=PLANE('',#2102);
#76=PLANE('',#2103);
#77=PLANE('',#2104);
#78=PLANE('',#2105);
#79=PLANE('',#2106);
#80=PLANE('',#2107);
#81=PLANE('',#2108);
#82=PLANE('',#2109);
#83=PLANE('',#2110);
#84=PLANE('',#2111);
#85=PLANE('',#2112);
#86=PLANE('',#2113);
#87=PLANE('',#2114);
#88=PLANE('',#2115);
#89=PLANE('',#2116);
#90=PLANE('',#2117);
#91=PLANE('',#2118);
#92=PLANE('',#2119);
#93=PLANE('',#2120);
#94=PLANE('',#2121);
#95=PLANE('',#2122);
#96=PLANE('',#2123);
#97=PLANE('',#2124);
#98=PLANE('',#2126);
#99=PLANE('',#2127);
#100=PLANE('',#2128);
#101=PLANE('',#2129);
#102=PLANE('',#2130);
#103=PLANE('',#2131);
#104=PLANE('',#2132);
#105=PLANE('',#2133);
#106=PLANE('',#2134);
#107=PLANE('',#2135);
#108=PLANE('',#2136);
#109=PLANE('',#2137);
#110=PLANE('',#2138);
#111=PLANE('',#2139);
#112=PLANE('',#2140);
#113=PLANE('',#2141);
#114=PLANE('',#2142);
#115=FACE_OUTER_BOUND('',#213,.T.);
#116=FACE_OUTER_BOUND('',#214,.T.);
#117=FACE_OUTER_BOUND('',#216,.T.);
#118=FACE_OUTER_BOUND('',#217,.T.);
#119=FACE_OUTER_BOUND('',#218,.T.);
#120=FACE_OUTER_BOUND('',#219,.T.);
#121=FACE_OUTER_BOUND('',#220,.T.);
#122=FACE_OUTER_BOUND('',#221,.T.);
#123=FACE_OUTER_BOUND('',#222,.T.);
#124=FACE_OUTER_BOUND('',#223,.T.);
#125=FACE_OUTER_BOUND('',#224,.T.);
#126=FACE_OUTER_BOUND('',#225,.T.);
#127=FACE_OUTER_BOUND('',#226,.T.);
#128=FACE_OUTER_BOUND('',#227,.T.);
#129=FACE_OUTER_BOUND('',#228,.T.);
#130=FACE_OUTER_BOUND('',#229,.T.);
#131=FACE_OUTER_BOUND('',#230,.T.);
#132=FACE_OUTER_BOUND('',#231,.T.);
#133=FACE_OUTER_BOUND('',#232,.T.);
#134=FACE_OUTER_BOUND('',#233,.T.);
#135=FACE_OUTER_BOUND('',#234,.T.);
#136=FACE_OUTER_BOUND('',#235,.T.);
#137=FACE_OUTER_BOUND('',#236,.T.);
#138=FACE_OUTER_BOUND('',#237,.T.);
#139=FACE_OUTER_BOUND('',#238,.T.);
#140=FACE_OUTER_BOUND('',#239,.T.);
#141=FACE_OUTER_BOUND('',#240,.T.);
#142=FACE_OUTER_BOUND('',#241,.T.);
#143=FACE_OUTER_BOUND('',#242,.T.);
#144=FACE_OUTER_BOUND('',#243,.T.);
#145=FACE_OUTER_BOUND('',#244,.T.);
#146=FACE_OUTER_BOUND('',#245,.T.);
#147=FACE_OUTER_BOUND('',#246,.T.);
#148=FACE_OUTER_BOUND('',#247,.T.);
#149=FACE_OUTER_BOUND('',#248,.T.);
#150=FACE_OUTER_BOUND('',#249,.T.);
#151=FACE_OUTER_BOUND('',#250,.T.);
#152=FACE_OUTER_BOUND('',#251,.T.);
#153=FACE_OUTER_BOUND('',#252,.T.);
#154=FACE_OUTER_BOUND('',#253,.T.);
#155=FACE_OUTER_BOUND('',#254,.T.);
#156=FACE_OUTER_BOUND('',#255,.T.);
#157=FACE_OUTER_BOUND('',#256,.T.);
#158=FACE_OUTER_BOUND('',#257,.T.);
#159=FACE_OUTER_BOUND('',#258,.T.);
#160=FACE_OUTER_BOUND('',#259,.T.);
#161=FACE_OUTER_BOUND('',#260,.T.);
#162=FACE_OUTER_BOUND('',#261,.T.);
#163=FACE_OUTER_BOUND('',#262,.T.);
#164=FACE_OUTER_BOUND('',#263,.T.);
#165=FACE_OUTER_BOUND('',#264,.T.);
#166=FACE_OUTER_BOUND('',#265,.T.);
#167=FACE_OUTER_BOUND('',#266,.T.);
#168=FACE_OUTER_BOUND('',#267,.T.);
#169=FACE_OUTER_BOUND('',#268,.T.);
#170=FACE_OUTER_BOUND('',#269,.T.);
#171=FACE_OUTER_BOUND('',#270,.T.);
#172=FACE_OUTER_BOUND('',#271,.T.);
#173=FACE_OUTER_BOUND('',#272,.T.);
#174=FACE_OUTER_BOUND('',#273,.T.);
#175=FACE_OUTER_BOUND('',#274,.T.);
#176=FACE_OUTER_BOUND('',#275,.T.);
#177=FACE_OUTER_BOUND('',#276,.T.);
#178=FACE_OUTER_BOUND('',#278,.T.);
#179=FACE_OUTER_BOUND('',#279,.T.);
#180=FACE_OUTER_BOUND('',#280,.T.);
#181=FACE_OUTER_BOUND('',#281,.T.);
#182=FACE_OUTER_BOUND('',#284,.T.);
#183=FACE_OUTER_BOUND('',#286,.T.);
#184=FACE_OUTER_BOUND('',#289,.T.);
#185=FACE_OUTER_BOUND('',#290,.T.);
#186=FACE_OUTER_BOUND('',#291,.T.);
#187=FACE_OUTER_BOUND('',#292,.T.);
#188=FACE_OUTER_BOUND('',#293,.T.);
#189=FACE_OUTER_BOUND('',#294,.T.);
#190=FACE_OUTER_BOUND('',#295,.T.);
#191=FACE_OUTER_BOUND('',#296,.T.);
#192=FACE_OUTER_BOUND('',#297,.T.);
#193=FACE_OUTER_BOUND('',#298,.T.);
#194=FACE_OUTER_BOUND('',#299,.T.);
#195=FACE_OUTER_BOUND('',#301,.T.);
#196=FACE_OUTER_BOUND('',#302,.T.);
#197=FACE_OUTER_BOUND('',#303,.T.);
#198=FACE_OUTER_BOUND('',#304,.T.);
#199=FACE_OUTER_BOUND('',#305,.T.);
#200=FACE_OUTER_BOUND('',#306,.T.);
#201=FACE_OUTER_BOUND('',#307,.T.);
#202=FACE_OUTER_BOUND('',#308,.T.);
#203=FACE_OUTER_BOUND('',#309,.T.);
#204=FACE_OUTER_BOUND('',#310,.T.);
#205=FACE_OUTER_BOUND('',#311,.T.);
#206=FACE_OUTER_BOUND('',#312,.T.);
#207=FACE_OUTER_BOUND('',#313,.T.);
#208=FACE_OUTER_BOUND('',#314,.T.);
#209=FACE_OUTER_BOUND('',#315,.T.);
#210=FACE_OUTER_BOUND('',#317,.T.);
#211=FACE_OUTER_BOUND('',#318,.T.);
#212=FACE_OUTER_BOUND('',#319,.T.);
#213=EDGE_LOOP('',(#1263,#1264,#1265,#1266,#1267,#1268,#1269,#1270));
#214=EDGE_LOOP('',(#1271,#1272,#1273,#1274,#1275,#1276,#1277,#1278,#1279,
#1280,#1281,#1282,#1283));
#215=EDGE_LOOP('',(#1284,#1285,#1286,#1287,#1288,#1289,#1290,#1291,#1292));
#216=EDGE_LOOP('',(#1293,#1294,#1295,#1296,#1297,#1298));
#217=EDGE_LOOP('',(#1299,#1300,#1301,#1302));
#218=EDGE_LOOP('',(#1303,#1304,#1305,#1306));
#219=EDGE_LOOP('',(#1307,#1308,#1309,#1310,#1311,#1312,#1313,#1314,#1315));
#220=EDGE_LOOP('',(#1316,#1317,#1318,#1319,#1320,#1321));
#221=EDGE_LOOP('',(#1322,#1323,#1324,#1325));
#222=EDGE_LOOP('',(#1326,#1327,#1328,#1329));
#223=EDGE_LOOP('',(#1330,#1331,#1332,#1333));
#224=EDGE_LOOP('',(#1334,#1335,#1336,#1337));
#225=EDGE_LOOP('',(#1338,#1339,#1340,#1341));
#226=EDGE_LOOP('',(#1342,#1343,#1344,#1345));
#227=EDGE_LOOP('',(#1346,#1347,#1348,#1349));
#228=EDGE_LOOP('',(#1350,#1351,#1352,#1353));
#229=EDGE_LOOP('',(#1354,#1355,#1356,#1357));
#230=EDGE_LOOP('',(#1358,#1359,#1360,#1361));
#231=EDGE_LOOP('',(#1362,#1363,#1364,#1365));
#232=EDGE_LOOP('',(#1366,#1367,#1368,#1369));
#233=EDGE_LOOP('',(#1370,#1371,#1372,#1373));
#234=EDGE_LOOP('',(#1374,#1375,#1376,#1377));
#235=EDGE_LOOP('',(#1378,#1379,#1380,#1381,#1382,#1383,#1384,#1385,#1386,
#1387));
#236=EDGE_LOOP('',(#1388,#1389,#1390,#1391,#1392,#1393,#1394,#1395,#1396,
#1397));
#237=EDGE_LOOP('',(#1398,#1399,#1400,#1401,#1402,#1403,#1404,#1405));
#238=EDGE_LOOP('',(#1406,#1407,#1408,#1409,#1410,#1411));
#239=EDGE_LOOP('',(#1412,#1413,#1414,#1415,#1416,#1417,#1418,#1419));
#240=EDGE_LOOP('',(#1420,#1421,#1422,#1423,#1424,#1425));
#241=EDGE_LOOP('',(#1426,#1427,#1428,#1429));
#242=EDGE_LOOP('',(#1430,#1431,#1432,#1433));
#243=EDGE_LOOP('',(#1434,#1435,#1436,#1437));
#244=EDGE_LOOP('',(#1438,#1439,#1440,#1441));
#245=EDGE_LOOP('',(#1442,#1443,#1444,#1445));
#246=EDGE_LOOP('',(#1446,#1447,#1448,#1449));
#247=EDGE_LOOP('',(#1450,#1451,#1452,#1453,#1454));
#248=EDGE_LOOP('',(#1455,#1456,#1457,#1458));
#249=EDGE_LOOP('',(#1459,#1460,#1461,#1462));
#250=EDGE_LOOP('',(#1463,#1464,#1465,#1466));
#251=EDGE_LOOP('',(#1467,#1468,#1469,#1470,#1471,#1472));
#252=EDGE_LOOP('',(#1473,#1474,#1475,#1476));
#253=EDGE_LOOP('',(#1477,#1478,#1479,#1480));
#254=EDGE_LOOP('',(#1481,#1482,#1483,#1484,#1485,#1486,#1487));
#255=EDGE_LOOP('',(#1488,#1489,#1490,#1491,#1492));
#256=EDGE_LOOP('',(#1493,#1494,#1495,#1496));
#257=EDGE_LOOP('',(#1497,#1498,#1499,#1500));
#258=EDGE_LOOP('',(#1501,#1502,#1503,#1504));
#259=EDGE_LOOP('',(#1505,#1506,#1507,#1508));
#260=EDGE_LOOP('',(#1509,#1510,#1511,#1512,#1513,#1514));
#261=EDGE_LOOP('',(#1515,#1516,#1517,#1518,#1519,#1520));
#262=EDGE_LOOP('',(#1521,#1522,#1523,#1524,#1525,#1526));
#263=EDGE_LOOP('',(#1527,#1528,#1529,#1530,#1531,#1532,#1533,#1534,#1535,
#1536,#1537,#1538,#1539,#1540));
#264=EDGE_LOOP('',(#1541,#1542,#1543,#1544,#1545,#1546));
#265=EDGE_LOOP('',(#1547,#1548,#1549,#1550));
#266=EDGE_LOOP('',(#1551,#1552,#1553,#1554,#1555));
#267=EDGE_LOOP('',(#1556,#1557,#1558,#1559));
#268=EDGE_LOOP('',(#1560,#1561,#1562,#1563));
#269=EDGE_LOOP('',(#1564,#1565,#1566,#1567,#1568,#1569,#1570,#1571));
#270=EDGE_LOOP('',(#1572,#1573,#1574,#1575));
#271=EDGE_LOOP('',(#1576,#1577,#1578,#1579,#1580,#1581));
#272=EDGE_LOOP('',(#1582,#1583,#1584,#1585));
#273=EDGE_LOOP('',(#1586,#1587,#1588,#1589));
#274=EDGE_LOOP('',(#1590,#1591,#1592,#1593));
#275=EDGE_LOOP('',(#1594,#1595,#1596,#1597));
#276=EDGE_LOOP('',(#1598,#1599,#1600,#1601,#1602,#1603,#1604,#1605,#1606,
#1607));
#277=EDGE_LOOP('',(#1608));
#278=EDGE_LOOP('',(#1609,#1610,#1611,#1612,#1613,#1614,#1615,#1616,#1617,
#1618,#1619,#1620,#1621,#1622));
#279=EDGE_LOOP('',(#1623,#1624,#1625,#1626));
#280=EDGE_LOOP('',(#1627,#1628,#1629,#1630));
#281=EDGE_LOOP('',(#1631,#1632,#1633,#1634,#1635,#1636,#1637,#1638,#1639,
#1640));
#282=EDGE_LOOP('',(#1641));
#283=EDGE_LOOP('',(#1642));
#284=EDGE_LOOP('',(#1643,#1644,#1645,#1646,#1647,#1648));
#285=EDGE_LOOP('',(#1649));
#286=EDGE_LOOP('',(#1650,#1651,#1652,#1653,#1654,#1655,#1656,#1657,#1658,
#1659));
#287=EDGE_LOOP('',(#1660));
#288=EDGE_LOOP('',(#1661));
#289=EDGE_LOOP('',(#1662,#1663,#1664,#1665,#1666,#1667,#1668,#1669,#1670));
#290=EDGE_LOOP('',(#1671,#1672,#1673,#1674,#1675,#1676));
#291=EDGE_LOOP('',(#1677,#1678,#1679,#1680));
#292=EDGE_LOOP('',(#1681,#1682,#1683,#1684));
#293=EDGE_LOOP('',(#1685,#1686,#1687,#1688,#1689,#1690,#1691,#1692,#1693));
#294=EDGE_LOOP('',(#1694,#1695,#1696,#1697,#1698,#1699));
#295=EDGE_LOOP('',(#1700,#1701,#1702,#1703,#1704,#1705,#1706,#1707));
#296=EDGE_LOOP('',(#1708,#1709,#1710,#1711,#1712));
#297=EDGE_LOOP('',(#1713,#1714,#1715,#1716));
#298=EDGE_LOOP('',(#1717,#1718,#1719,#1720));
#299=EDGE_LOOP('',(#1721,#1722,#1723,#1724,#1725,#1726));
#300=EDGE_LOOP('',(#1727));
#301=EDGE_LOOP('',(#1728,#1729,#1730,#1731,#1732,#1733,#1734,#1735,#1736,
#1737,#1738,#1739,#1740,#1741));
#302=EDGE_LOOP('',(#1742,#1743,#1744,#1745));
#303=EDGE_LOOP('',(#1746,#1747,#1748,#1749,#1750,#1751));
#304=EDGE_LOOP('',(#1752,#1753,#1754,#1755,#1756,#1757,#1758));
#305=EDGE_LOOP('',(#1759,#1760,#1761,#1762));
#306=EDGE_LOOP('',(#1763,#1764,#1765,#1766,#1767,#1768));
#307=EDGE_LOOP('',(#1769,#1770,#1771,#1772));
#308=EDGE_LOOP('',(#1773,#1774,#1775,#1776,#1777,#1778,#1779,#1780));
#309=EDGE_LOOP('',(#1781,#1782,#1783,#1784));
#310=EDGE_LOOP('',(#1785,#1786,#1787,#1788));
#311=EDGE_LOOP('',(#1789,#1790,#1791,#1792,#1793,#1794,#1795,#1796,#1797,
#1798,#1799));
#312=EDGE_LOOP('',(#1800,#1801,#1802,#1803));
#313=EDGE_LOOP('',(#1804,#1805,#1806,#1807));
#314=EDGE_LOOP('',(#1808,#1809,#1810,#1811));
#315=EDGE_LOOP('',(#1812,#1813,#1814,#1815,#1816,#1817,#1818,#1819,#1820));
#316=EDGE_LOOP('',(#1821));
#317=EDGE_LOOP('',(#1822,#1823,#1824,#1825,#1826,#1827,#1828));
#318=EDGE_LOOP('',(#1829,#1830,#1831,#1832));
#319=EDGE_LOOP('',(#1833,#1834,#1835,#1836));
#320=ELLIPSE('',#1977,176088.661504849,6145.38458431492);
#321=ELLIPSE('',#1980,176088.21045818,6145.38458431492);
#322=ELLIPSE('',#1983,5.73145281135681,5.72791964262867);
#323=ELLIPSE('',#1985,9.71293821287867,9.70111517045554);
#324=ELLIPSE('',#1986,9.78848140184136,9.77656654190423);
#325=ELLIPSE('',#1987,8.01008856835978,8.00033858873514);
#326=ELLIPSE('',#1988,3.00207229984345,2.99999489331134);
#327=ELLIPSE('',#1989,3.00365546247362,2.99999930929068);
#328=ELLIPSE('',#1990,8.00974998703702,8.00000021612849);
#329=ELLIPSE('',#2003,5.73279942291131,5.72926542406104);
#330=ELLIPSE('',#2012,8.75533364798568,8.75000015001372);
#331=ELLIPSE('',#2020,12.7077427101868,12.7000014907268);
#332=ELLIPSE('',#2021,12.7077427085159,12.7000014907268);
#333=ELLIPSE('',#2030,10.5065624682008,10.4999997865269);
#334=ELLIPSE('',#2032,10.5063999903007,10.4999997865269);
#335=ELLIPSE('',#2043,8.40512028156862,8.40000006850235);
#336=ELLIPSE('',#2047,10.1061564344006,10.0999998973638);
#337=ELLIPSE('',#2051,8.01008856835978,8.00033858873514);
#338=ELLIPSE('',#2052,8.01008856835978,8.00033858873514);
#339=ELLIPSE('',#2054,8.00974998703702,8.00000021612849);
#340=ELLIPSE('',#2056,540.234947964976,9.70111517045555);
#341=ELLIPSE('',#2057,9.71293821287867,9.70111517045554);
#342=ELLIPSE('',#2058,9.71293821287867,9.70111517045554);
#343=ELLIPSE('',#2060,544.083392347992,9.77656654190423);
#344=ELLIPSE('',#2061,9.78848140184136,9.77656654190423);
#345=ELLIPSE('',#2075,3.00365546247362,2.99999930929068);
#346=ELLIPSE('',#2079,3.00207229984345,2.99999489331134);
#347=CIRCLE('',#1976,6145.38458439638);
#348=CIRCLE('',#1978,6145.38458439638);
#349=CIRCLE('',#1979,6145.38458439638);
#350=CIRCLE('',#1981,6145.38458439638);
#351=CIRCLE('',#1984,50610.5226786586);
#352=CIRCLE('',#1996,50610.6253557219);
#353=CIRCLE('',#1997,50610.7278547488);
#354=CIRCLE('',#1998,50640.1194270793);
#355=CIRCLE('',#2000,2.99998065268981);
#356=CIRCLE('',#2001,2.99998065268981);
#357=CIRCLE('',#2005,4.00000137687421);
#358=CIRCLE('',#2006,4.00000137687421);
#359=CIRCLE('',#2008,3.99999963925204);
#360=CIRCLE('',#2009,3.99999963925204);
#361=CIRCLE('',#2011,8.75000015001372);
#362=CIRCLE('',#2014,8.40000001827854);
#363=CIRCLE('',#2015,8.40000001827854);
#364=CIRCLE('',#2017,9.20000005657241);
#365=CIRCLE('',#2018,9.20000005657241);
#366=CIRCLE('',#2023,7.49999994880993);
#367=CIRCLE('',#2024,7.49999994880993);
#368=CIRCLE('',#2026,8.7500001500154);
#369=CIRCLE('',#2027,8.7500001500154);
#370=CIRCLE('',#2029,10.4999997865269);
#371=CIRCLE('',#2033,10.4999997865269);
#372=CIRCLE('',#2035,8.69999983243045);
#373=CIRCLE('',#2036,8.69999983243045);
#374=CIRCLE('',#2038,6.49999994880993);
#375=CIRCLE('',#2039,6.49999994880993);
#376=CIRCLE('',#2041,8.40000006850235);
#377=CIRCLE('',#2042,8.40000121378809);
#378=CIRCLE('',#2044,8.40000450421396);
#379=CIRCLE('',#2046,10.1000052170697);
#380=CIRCLE('',#2048,10.1000012756199);
#381=CIRCLE('',#2049,10.0999998973647);
#382=CIRCLE('',#2063,1.35000010617386);
#383=CIRCLE('',#2064,1.35000010617386);
#384=CIRCLE('',#2066,1.34999986080604);
#385=CIRCLE('',#2067,1.34999986080604);
#386=CIRCLE('',#2069,1.3500000675912);
#387=CIRCLE('',#2070,1.3500000675912);
#388=CIRCLE('',#2072,1.34999999911262);
#389=CIRCLE('',#2073,1.34999999911262);
#390=LINE('',#2683,#588);
#391=LINE('',#2691,#589);
#392=LINE('',#2699,#590);
#393=LINE('',#2701,#591);
#394=LINE('',#2703,#592);
#395=LINE('',#2705,#593);
#396=LINE('',#2707,#594);
#397=LINE('',#2715,#595);
#398=LINE('',#2719,#596);
#399=LINE('',#2720,#597);
#400=LINE('',#2723,#598);
#401=LINE('',#2727,#599);
#402=LINE('',#2731,#600);
#403=LINE('',#2733,#601);
#404=LINE('',#2737,#602);
#405=LINE('',#2741,#603);
#406=LINE('',#2743,#604);
#407=LINE('',#2745,#605);
#408=LINE('',#2746,#606);
#409=LINE('',#2749,#607);
#410=LINE('',#2750,#608);
#411=LINE('',#2753,#609);
#412=LINE('',#2754,#610);
#413=LINE('',#2757,#611);
#414=LINE('',#2759,#612);
#415=LINE('',#2761,#613);
#416=LINE('',#2763,#614);
#417=LINE('',#2765,#615);
#418=LINE('',#2767,#616);
#419=LINE('',#2768,#617);
#420=LINE('',#2773,#618);
#421=LINE('',#2775,#619);
#422=LINE('',#2789,#620);
#423=LINE('',#2793,#621);
#424=LINE('',#2798,#622);
#425=LINE('',#2802,#623);
#426=LINE('',#2809,#624);
#427=LINE('',#2812,#625);
#428=LINE('',#2816,#626);
#429=LINE('',#2820,#627);
#430=LINE('',#2827,#628);
#431=LINE('',#2830,#629);
#432=LINE('',#2834,#630);
#433=LINE('',#2838,#631);
#434=LINE('',#2845,#632);
#435=LINE('',#2848,#633);
#436=LINE('',#2854,#634);
#437=LINE('',#2857,#635);
#438=LINE('',#2861,#636);
#439=LINE('',#2865,#637);
#440=LINE('',#2870,#638);
#441=LINE('',#2874,#639);
#442=LINE('',#2879,#640);
#443=LINE('',#2883,#641);
#444=LINE('',#2888,#642);
#445=LINE('',#2892,#643);
#446=LINE('',#2899,#644);
#447=LINE('',#2902,#645);
#448=LINE('',#2908,#646);
#449=LINE('',#2912,#647);
#450=LINE('',#2935,#648);
#451=LINE('',#2938,#649);
#452=LINE('',#2942,#650);
#453=LINE('',#2946,#651);
#454=LINE('',#2966,#652);
#455=LINE('',#2970,#653);
#456=LINE('',#2977,#654);
#457=LINE('',#2980,#655);
#458=LINE('',#2981,#656);
#459=LINE('',#2982,#657);
#460=LINE('',#2985,#658);
#461=LINE('',#2986,#659);
#462=LINE('',#2988,#660);
#463=LINE('',#2993,#661);
#464=LINE('',#2997,#662);
#465=LINE('',#3004,#663);
#466=LINE('',#3005,#664);
#467=LINE('',#3010,#665);
#468=LINE('',#3016,#666);
#469=LINE('',#3022,#667);
#470=LINE('',#3028,#668);
#471=LINE('',#3032,#669);
#472=LINE('',#3035,#670);
#473=LINE('',#3038,#671);
#474=LINE('',#3039,#672);
#475=LINE('',#3043,#673);
#476=LINE('',#3045,#674);
#477=LINE('',#3051,#675);
#478=LINE('',#3052,#676);
#479=LINE('',#3065,#677);
#480=LINE('',#3067,#678);
#481=LINE('',#3069,#679);
#482=LINE('',#3070,#680);
#483=LINE('',#3077,#681);
#484=LINE('',#3078,#682);
#485=LINE('',#3081,#683);
#486=LINE('',#3083,#684);
#487=LINE('',#3085,#685);
#488=LINE('',#3086,#686);
#489=LINE('',#3089,#687);
#490=LINE('',#3090,#688);
#491=LINE('',#3092,#689);
#492=LINE('',#3093,#690);
#493=LINE('',#3096,#691);
#494=LINE('',#3098,#692);
#495=LINE('',#3100,#693);
#496=LINE('',#3102,#694);
#497=LINE('',#3103,#695);
#498=LINE('',#3106,#696);
#499=LINE('',#3112,#697);
#500=LINE('',#3113,#698);
#501=LINE('',#3115,#699);
#502=LINE('',#3116,#700);
#503=LINE('',#3119,#701);
#504=LINE('',#3121,#702);
#505=LINE('',#3122,#703);
#506=LINE('',#3125,#704);
#507=LINE('',#3126,#705);
#508=LINE('',#3129,#706);
#509=LINE('',#3130,#707);
#510=LINE('',#3132,#708);
#511=LINE('',#3136,#709);
#512=LINE('',#3137,#710);
#513=LINE('',#3139,#711);
#514=LINE('',#3141,#712);
#515=LINE('',#3142,#713);
#516=LINE('',#3146,#714);
#517=LINE('',#3148,#715);
#518=LINE('',#3149,#716);
#519=LINE('',#3151,#717);
#520=LINE('',#3152,#718);
#521=LINE('',#3154,#719);
#522=LINE('',#3155,#720);
#523=LINE('',#3156,#721);
#524=LINE('',#3157,#722);
#525=LINE('',#3158,#723);
#526=LINE('',#3159,#724);
#527=LINE('',#3160,#725);
#528=LINE('',#3163,#726);
#529=LINE('',#3164,#727);
#530=LINE('',#3165,#728);
#531=LINE('',#3167,#729);
#532=LINE('',#3168,#730);
#533=LINE('',#3171,#731);
#534=LINE('',#3172,#732);
#535=LINE('',#3175,#733);
#536=LINE('',#3176,#734);
#537=LINE('',#3179,#735);
#538=LINE('',#3181,#736);
#539=LINE('',#3182,#737);
#540=LINE('',#3185,#738);
#541=LINE('',#3187,#739);
#542=LINE('',#3188,#740);
#543=LINE('',#3189,#741);
#544=LINE('',#3191,#742);
#545=LINE('',#3194,#743);
#546=LINE('',#3195,#744);
#547=LINE('',#3196,#745);
#548=LINE('',#3197,#746);
#549=LINE('',#3199,#747);
#550=LINE('',#3201,#748);
#551=LINE('',#3205,#749);
#552=LINE('',#3207,#750);
#553=LINE('',#3208,#751);
#554=LINE('',#3213,#752);
#555=LINE('',#3214,#753);
#556=LINE('',#3216,#754);
#557=LINE('',#3217,#755);
#558=LINE('',#3218,#756);
#559=LINE('',#3219,#757);
#560=LINE('',#3221,#758);
#561=LINE('',#3222,#759);
#562=LINE('',#3225,#760);
#563=LINE('',#3226,#761);
#564=LINE('',#3228,#762);
#565=LINE('',#3229,#763);
#566=LINE('',#3230,#764);
#567=LINE('',#3231,#765);
#568=LINE('',#3234,#766);
#569=LINE('',#3238,#767);
#570=LINE('',#3240,#768);
#571=LINE('',#3241,#769);
#572=LINE('',#3243,#770);
#573=LINE('',#3244,#771);
#574=LINE('',#3245,#772);
#575=LINE('',#3248,#773);
#576=LINE('',#3253,#774);
#577=LINE('',#3260,#775);
#578=LINE('',#3262,#776);
#579=LINE('',#3263,#777);
#580=LINE('',#3266,#778);
#581=LINE('',#3267,#779);
#582=LINE('',#3274,#780);
#583=LINE('',#3284,#781);
#584=LINE('',#3293,#782);
#585=LINE('',#3295,#783);
#586=LINE('',#3297,#784);
#587=LINE('',#3300,#785);
#588=VECTOR('',#2147,10.);
#589=VECTOR('',#2154,1000.);
#590=VECTOR('',#2163,10.);
#591=VECTOR('',#2164,10.);
#592=VECTOR('',#2165,1000.);
#593=VECTOR('',#2166,1000.);
#594=VECTOR('',#2167,1000.);
#595=VECTOR('',#2174,1000.);
#596=VECTOR('',#2177,1000.);
#597=VECTOR('',#2178,1000.);
#598=VECTOR('',#2179,1000.);
#599=VECTOR('',#2182,1000.);
#600=VECTOR('',#2185,1000.);
#601=VECTOR('',#2186,1000.);
#602=VECTOR('',#2189,1000.);
#603=VECTOR('',#2194,10.);
#604=VECTOR('',#2195,10.);
#605=VECTOR('',#2196,10.);
#606=VECTOR('',#2197,10.);
#607=VECTOR('',#2200,1000.);
#608=VECTOR('',#2201,1000.);
#609=VECTOR('',#2204,10.);
#610=VECTOR('',#2205,10.);
#611=VECTOR('',#2208,1000.);
#612=VECTOR('',#2209,1000.);
#613=VECTOR('',#2210,1000.);
#614=VECTOR('',#2211,1000.);
#615=VECTOR('',#2212,1000.);
#616=VECTOR('',#2213,1000.);
#617=VECTOR('',#2214,1000.);
#618=VECTOR('',#2219,1000.);
#619=VECTOR('',#2220,1000.);
#620=VECTOR('',#2229,1000.);
#621=VECTOR('',#2234,1000.);
#622=VECTOR('',#2239,1000.);
#623=VECTOR('',#2242,1000.);
#624=VECTOR('',#2249,1000.);
#625=VECTOR('',#2252,1000.);
#626=VECTOR('',#2255,10.);
#627=VECTOR('',#2258,10.);
#628=VECTOR('',#2265,1000.);
#629=VECTOR('',#2268,1000.);
#630=VECTOR('',#2271,1000.);
#631=VECTOR('',#2274,1000.);
#632=VECTOR('',#2281,1000.);
#633=VECTOR('',#2284,1000.);
#634=VECTOR('',#2289,1000.);
#635=VECTOR('',#2292,1000.);
#636=VECTOR('',#2295,10.);
#637=VECTOR('',#2298,10.);
#638=VECTOR('',#2303,10.);
#639=VECTOR('',#2306,10.);
#640=VECTOR('',#2311,10.);
#641=VECTOR('',#2314,10.);
#642=VECTOR('',#2319,1000.);
#643=VECTOR('',#2322,1000.);
#644=VECTOR('',#2329,10.);
#645=VECTOR('',#2332,10.);
#646=VECTOR('',#2337,1000.);
#647=VECTOR('',#2340,1000.);
#648=VECTOR('',#2343,1000.);
#649=VECTOR('',#2346,1000.);
#650=VECTOR('',#2349,1000.);
#651=VECTOR('',#2352,1000.);
#652=VECTOR('',#2355,1000.);
#653=VECTOR('',#2358,1000.);
#654=VECTOR('',#2365,1000.);
#655=VECTOR('',#2368,1000.);
#656=VECTOR('',#2369,1000.);
#657=VECTOR('',#2370,1000.);
#658=VECTOR('',#2373,1000.);
#659=VECTOR('',#2374,1000.);
#660=VECTOR('',#2375,1000.);
#661=VECTOR('',#2382,1000.);
#662=VECTOR('',#2385,1000.);
#663=VECTOR('',#2394,1000.);
#664=VECTOR('',#2395,1000.);
#665=VECTOR('',#2400,1000.);
#666=VECTOR('',#2407,1000.);
#667=VECTOR('',#2414,1000.);
#668=VECTOR('',#2421,1000.);
#669=VECTOR('',#2426,1000.);
#670=VECTOR('',#2429,1000.);
#671=VECTOR('',#2432,1000.);
#672=VECTOR('',#2433,1000.);
#673=VECTOR('',#2436,1000.);
#674=VECTOR('',#2437,1000.);
#675=VECTOR('',#2438,1000.);
#676=VECTOR('',#2439,1000.);
#677=VECTOR('',#2446,1000.);
#678=VECTOR('',#2447,1000.);
#679=VECTOR('',#2448,1000.);
#680=VECTOR('',#2449,1000.);
#681=VECTOR('',#2452,1000.);
#682=VECTOR('',#2453,1000.);
#683=VECTOR('',#2456,1000.);
#684=VECTOR('',#2457,1000.);
#685=VECTOR('',#2458,1000.);
#686=VECTOR('',#2459,1000.);
#687=VECTOR('',#2462,1000.);
#688=VECTOR('',#2463,1000.);
#689=VECTOR('',#2466,1000.);
#690=VECTOR('',#2467,1000.);
#691=VECTOR('',#2470,1000.);
#692=VECTOR('',#2471,1000.);
#693=VECTOR('',#2472,1000.);
#694=VECTOR('',#2473,1000.);
#695=VECTOR('',#2474,1000.);
#696=VECTOR('',#2477,1000.);
#697=VECTOR('',#2478,1000.);
#698=VECTOR('',#2479,1000.);
#699=VECTOR('',#2482,1000.);
#700=VECTOR('',#2483,1000.);
#701=VECTOR('',#2486,1000.);
#702=VECTOR('',#2487,1000.);
#703=VECTOR('',#2488,1000.);
#704=VECTOR('',#2491,1000.);
#705=VECTOR('',#2492,1000.);
#706=VECTOR('',#2495,1000.);
#707=VECTOR('',#2496,1000.);
#708=VECTOR('',#2499,1000.);
#709=VECTOR('',#2502,1000.);
#710=VECTOR('',#2503,1000.);
#711=VECTOR('',#2504,1000.);
#712=VECTOR('',#2505,1000.);
#713=VECTOR('',#2506,1000.);
#714=VECTOR('',#2509,1000.);
#715=VECTOR('',#2510,1000.);
#716=VECTOR('',#2511,1000.);
#717=VECTOR('',#2512,1000.);
#718=VECTOR('',#2513,1000.);
#719=VECTOR('',#2516,1000.);
#720=VECTOR('',#2517,1000.);
#721=VECTOR('',#2518,1000.);
#722=VECTOR('',#2519,1000.);
#723=VECTOR('',#2520,1000.);
#724=VECTOR('',#2521,1000.);
#725=VECTOR('',#2522,1000.);
#726=VECTOR('',#2525,1000.);
#727=VECTOR('',#2526,1000.);
#728=VECTOR('',#2527,1000.);
#729=VECTOR('',#2530,1000.);
#730=VECTOR('',#2531,1000.);
#731=VECTOR('',#2534,1000.);
#732=VECTOR('',#2535,1000.);
#733=VECTOR('',#2538,1000.);
#734=VECTOR('',#2539,1000.);
#735=VECTOR('',#2542,1000.);
#736=VECTOR('',#2543,1000.);
#737=VECTOR('',#2544,1000.);
#738=VECTOR('',#2547,1000.);
#739=VECTOR('',#2548,1000.);
#740=VECTOR('',#2549,1000.);
#741=VECTOR('',#2550,1000.);
#742=VECTOR('',#2553,1000.);
#743=VECTOR('',#2556,1000.);
#744=VECTOR('',#2557,1000.);
#745=VECTOR('',#2558,1000.);
#746=VECTOR('',#2559,1000.);
#747=VECTOR('',#2562,1000.);
#748=VECTOR('',#2565,1000.);
#749=VECTOR('',#2570,1000.);
#750=VECTOR('',#2571,1000.);
#751=VECTOR('',#2572,1000.);
#752=VECTOR('',#2575,1000.);
#753=VECTOR('',#2576,1000.);
#754=VECTOR('',#2579,1000.);
#755=VECTOR('',#2580,1000.);
#756=VECTOR('',#2581,1000.);
#757=VECTOR('',#2582,1000.);
#758=VECTOR('',#2585,1000.);
#759=VECTOR('',#2586,1000.);
#760=VECTOR('',#2589,1000.);
#761=VECTOR('',#2590,1000.);
#762=VECTOR('',#2593,1000.);
#763=VECTOR('',#2594,1000.);
#764=VECTOR('',#2595,1000.);
#765=VECTOR('',#2596,1000.);
#766=VECTOR('',#2599,1000.);
#767=VECTOR('',#2600,1000.);
#768=VECTOR('',#2603,1000.);
#769=VECTOR('',#2604,1000.);
#770=VECTOR('',#2607,1000.);
#771=VECTOR('',#2608,1000.);
#772=VECTOR('',#2609,1000.);
#773=VECTOR('',#2612,1000.);
#774=VECTOR('',#2613,1000.);
#775=VECTOR('',#2618,1000.);
#776=VECTOR('',#2621,1000.);
#777=VECTOR('',#2622,1000.);
#778=VECTOR('',#2625,1000.);
#779=VECTOR('',#2626,1000.);
#780=VECTOR('',#2631,1000.);
#781=VECTOR('',#2638,1000.);
#782=VECTOR('',#2643,1000.);
#783=VECTOR('',#2646,1000.);
#784=VECTOR('',#2649,1000.);
#785=VECTOR('',#2654,1000.);
#786=VERTEX_POINT('',#2681);
#787=VERTEX_POINT('',#2682);
#788=VERTEX_POINT('',#2684);
#789=VERTEX_POINT('',#2686);
#790=VERTEX_POINT('',#2688);
#791=VERTEX_POINT('',#2690);
#792=VERTEX_POINT('',#2692);
#793=VERTEX_POINT('',#2694);
#794=VERTEX_POINT('',#2698);
#795=VERTEX_POINT('',#2700);
#796=VERTEX_POINT('',#2702);
#797=VERTEX_POINT('',#2704);
#798=VERTEX_POINT('',#2706);
#799=VERTEX_POINT('',#2708);
#800=VERTEX_POINT('',#2710);
#801=VERTEX_POINT('',#2712);
#802=VERTEX_POINT('',#2714);
#803=VERTEX_POINT('',#2716);
#804=VERTEX_POINT('',#2718);
#805=VERTEX_POINT('',#2721);
#806=VERTEX_POINT('',#2722);
#807=VERTEX_POINT('',#2724);
#808=VERTEX_POINT('',#2726);
#809=VERTEX_POINT('',#2728);
#810=VERTEX_POINT('',#2730);
#811=VERTEX_POINT('',#2732);
#812=VERTEX_POINT('',#2734);
#813=VERTEX_POINT('',#2736);
#814=VERTEX_POINT('',#2740);
#815=VERTEX_POINT('',#2742);
#816=VERTEX_POINT('',#2744);
#817=VERTEX_POINT('',#2748);
#818=VERTEX_POINT('',#2752);
#819=VERTEX_POINT('',#2756);
#820=VERTEX_POINT('',#2758);
#821=VERTEX_POINT('',#2760);
#822=VERTEX_POINT('',#2762);
#823=VERTEX_POINT('',#2764);
#824=VERTEX_POINT('',#2766);
#825=VERTEX_POINT('',#2770);
#826=VERTEX_POINT('',#2771);
#827=VERTEX_POINT('',#2774);
#828=VERTEX_POINT('',#2776);
#829=VERTEX_POINT('',#2780);
#830=VERTEX_POINT('',#2781);
#831=VERTEX_POINT('',#2786);
#832=VERTEX_POINT('',#2788);
#833=VERTEX_POINT('',#2792);
#834=VERTEX_POINT('',#2796);
#835=VERTEX_POINT('',#2797);
#836=VERTEX_POINT('',#2799);
#837=VERTEX_POINT('',#2801);
#838=VERTEX_POINT('',#2805);
#839=VERTEX_POINT('',#2806);
#840=VERTEX_POINT('',#2808);
#841=VERTEX_POINT('',#2810);
#842=VERTEX_POINT('',#2814);
#843=VERTEX_POINT('',#2815);
#844=VERTEX_POINT('',#2817);
#845=VERTEX_POINT('',#2819);
#846=VERTEX_POINT('',#2823);
#847=VERTEX_POINT('',#2824);
#848=VERTEX_POINT('',#2826);
#849=VERTEX_POINT('',#2828);
#850=VERTEX_POINT('',#2832);
#851=VERTEX_POINT('',#2833);
#852=VERTEX_POINT('',#2835);
#853=VERTEX_POINT('',#2837);
#854=VERTEX_POINT('',#2841);
#855=VERTEX_POINT('',#2842);
#856=VERTEX_POINT('',#2844);
#857=VERTEX_POINT('',#2846);
#858=VERTEX_POINT('',#2850);
#859=VERTEX_POINT('',#2851);
#860=VERTEX_POINT('',#2853);
#861=VERTEX_POINT('',#2855);
#862=VERTEX_POINT('',#2859);
#863=VERTEX_POINT('',#2860);
#864=VERTEX_POINT('',#2862);
#865=VERTEX_POINT('',#2864);
#866=VERTEX_POINT('',#2868);
#867=VERTEX_POINT('',#2869);
#868=VERTEX_POINT('',#2871);
#869=VERTEX_POINT('',#2873);
#870=VERTEX_POINT('',#2877);
#871=VERTEX_POINT('',#2878);
#872=VERTEX_POINT('',#2880);
#873=VERTEX_POINT('',#2882);
#874=VERTEX_POINT('',#2886);
#875=VERTEX_POINT('',#2887);
#876=VERTEX_POINT('',#2889);
#877=VERTEX_POINT('',#2891);
#878=VERTEX_POINT('',#2895);
#879=VERTEX_POINT('',#2896);
#880=VERTEX_POINT('',#2898);
#881=VERTEX_POINT('',#2900);
#882=VERTEX_POINT('',#2904);
#883=VERTEX_POINT('',#2905);
#884=VERTEX_POINT('',#2907);
#885=VERTEX_POINT('',#2909);
#886=VERTEX_POINT('',#2911);
#887=VERTEX_POINT('',#2913);
#888=VERTEX_POINT('',#2924);
#889=VERTEX_POINT('',#2926);
#890=VERTEX_POINT('',#2934);
#891=VERTEX_POINT('',#2936);
#892=VERTEX_POINT('',#2940);
#893=VERTEX_POINT('',#2941);
#894=VERTEX_POINT('',#2943);
#895=VERTEX_POINT('',#2945);
#896=VERTEX_POINT('',#2947);
#897=VERTEX_POINT('',#2955);
#898=VERTEX_POINT('',#2957);
#899=VERTEX_POINT('',#2965);
#900=VERTEX_POINT('',#2967);
#901=VERTEX_POINT('',#2969);
#902=VERTEX_POINT('',#2973);
#903=VERTEX_POINT('',#2974);
#904=VERTEX_POINT('',#2976);
#905=VERTEX_POINT('',#2978);
#906=VERTEX_POINT('',#2984);
#907=VERTEX_POINT('',#2987);
#908=VERTEX_POINT('',#2991);
#909=VERTEX_POINT('',#2994);
#910=VERTEX_POINT('',#2996);
#911=VERTEX_POINT('',#3000);
#912=VERTEX_POINT('',#3002);
#913=VERTEX_POINT('',#3007);
#914=VERTEX_POINT('',#3009);
#915=VERTEX_POINT('',#3013);
#916=VERTEX_POINT('',#3015);
#917=VERTEX_POINT('',#3019);
#918=VERTEX_POINT('',#3021);
#919=VERTEX_POINT('',#3025);
#920=VERTEX_POINT('',#3027);
#921=VERTEX_POINT('',#3031);
#922=VERTEX_POINT('',#3033);
#923=VERTEX_POINT('',#3037);
#924=VERTEX_POINT('',#3041);
#925=VERTEX_POINT('',#3042);
#926=VERTEX_POINT('',#3044);
#927=VERTEX_POINT('',#3046);
#928=VERTEX_POINT('',#3050);
#929=VERTEX_POINT('',#3054);
#930=VERTEX_POINT('',#3058);
#931=VERTEX_POINT('',#3064);
#932=VERTEX_POINT('',#3066);
#933=VERTEX_POINT('',#3068);
#934=VERTEX_POINT('',#3072);
#935=VERTEX_POINT('',#3076);
#936=VERTEX_POINT('',#3080);
#937=VERTEX_POINT('',#3082);
#938=VERTEX_POINT('',#3084);
#939=VERTEX_POINT('',#3088);
#940=VERTEX_POINT('',#3095);
#941=VERTEX_POINT('',#3097);
#942=VERTEX_POINT('',#3099);
#943=VERTEX_POINT('',#3101);
#944=VERTEX_POINT('',#3105);
#945=VERTEX_POINT('',#3107);
#946=VERTEX_POINT('',#3111);
#947=VERTEX_POINT('',#3118);
#948=VERTEX_POINT('',#3120);
#949=VERTEX_POINT('',#3124);
#950=VERTEX_POINT('',#3128);
#951=VERTEX_POINT('',#3134);
#952=VERTEX_POINT('',#3135);
#953=VERTEX_POINT('',#3138);
#954=VERTEX_POINT('',#3140);
#955=VERTEX_POINT('',#3144);
#956=VERTEX_POINT('',#3145);
#957=VERTEX_POINT('',#3147);
#958=VERTEX_POINT('',#3150);
#959=VERTEX_POINT('',#3162);
#960=VERTEX_POINT('',#3170);
#961=VERTEX_POINT('',#3174);
#962=VERTEX_POINT('',#3178);
#963=VERTEX_POINT('',#3180);
#964=VERTEX_POINT('',#3184);
#965=VERTEX_POINT('',#3186);
#966=VERTEX_POINT('',#3193);
#967=VERTEX_POINT('',#3204);
#968=VERTEX_POINT('',#3206);
#969=VERTEX_POINT('',#3224);
#970=VERTEX_POINT('',#3233);
#971=VERTEX_POINT('',#3247);
#972=VERTEX_POINT('',#3249);
#973=VERTEX_POINT('',#3256);
#974=VERTEX_POINT('',#3265);
#975=VERTEX_POINT('',#3270);
#976=EDGE_CURVE('',#786,#787,#390,.T.);
#977=EDGE_CURVE('',#786,#788,#347,.T.);
#978=EDGE_CURVE('',#788,#789,#320,.T.);
#979=EDGE_CURVE('',#789,#790,#348,.T.);
#980=EDGE_CURVE('',#790,#791,#391,.T.);
#981=EDGE_CURVE('',#791,#792,#349,.T.);
#982=EDGE_CURVE('',#792,#793,#321,.T.);
#983=EDGE_CURVE('',#793,#787,#350,.T.);
#984=EDGE_CURVE('',#786,#794,#392,.T.);
#985=EDGE_CURVE('',#794,#795,#393,.T.);
#986=EDGE_CURVE('',#796,#795,#394,.T.);
#987=EDGE_CURVE('',#796,#797,#395,.T.);
#988=EDGE_CURVE('',#797,#798,#396,.T.);
#989=EDGE_CURVE('',#798,#799,#322,.T.);
#990=EDGE_CURVE('',#799,#800,#351,.T.);
#991=EDGE_CURVE('',#800,#801,#323,.T.);
#992=EDGE_CURVE('',#802,#801,#397,.T.);
#993=EDGE_CURVE('',#802,#803,#324,.T.);
#994=EDGE_CURVE('',#803,#804,#398,.T.);
#995=EDGE_CURVE('',#804,#788,#399,.T.);
#996=EDGE_CURVE('',#805,#806,#400,.T.);
#997=EDGE_CURVE('',#805,#807,#325,.T.);
#998=EDGE_CURVE('',#808,#807,#401,.T.);
#999=EDGE_CURVE('',#808,#809,#326,.T.);
#1000=EDGE_CURVE('',#809,#810,#402,.T.);
#1001=EDGE_CURVE('',#810,#811,#403,.T.);
#1002=EDGE_CURVE('',#811,#812,#327,.T.);
#1003=EDGE_CURVE('',#813,#812,#404,.T.);
#1004=EDGE_CURVE('',#813,#806,#328,.T.);
#1005=EDGE_CURVE('',#814,#787,#405,.T.);
#1006=EDGE_CURVE('',#815,#814,#406,.T.);
#1007=EDGE_CURVE('',#816,#815,#407,.T.);
#1008=EDGE_CURVE('',#794,#816,#408,.F.);
#1009=EDGE_CURVE('',#817,#793,#409,.T.);
#1010=EDGE_CURVE('',#814,#817,#410,.T.);
#1011=EDGE_CURVE('',#818,#816,#411,.F.);
#1012=EDGE_CURVE('',#795,#818,#412,.T.);
#1013=EDGE_CURVE('',#818,#819,#413,.T.);
#1014=EDGE_CURVE('',#820,#819,#414,.T.);
#1015=EDGE_CURVE('',#820,#821,#415,.T.);
#1016=EDGE_CURVE('',#821,#822,#416,.T.);
#1017=EDGE_CURVE('',#822,#823,#417,.T.);
#1018=EDGE_CURVE('',#824,#823,#418,.T.);
#1019=EDGE_CURVE('',#824,#796,#419,.T.);
#1020=EDGE_CURVE('',#825,#826,#352,.T.);
#1021=EDGE_CURVE('',#825,#800,#420,.T.);
#1022=EDGE_CURVE('',#799,#827,#421,.T.);
#1023=EDGE_CURVE('',#827,#828,#353,.T.);
#1024=EDGE_CURVE('',#826,#828,#354,.T.);
#1025=EDGE_CURVE('',#829,#830,#31,.T.);
#1026=EDGE_CURVE('',#831,#829,#355,.T.);
#1027=EDGE_CURVE('',#832,#831,#422,.T.);
#1028=EDGE_CURVE('',#830,#832,#356,.T.);
#1029=EDGE_CURVE('',#833,#798,#423,.T.);
#1030=EDGE_CURVE('',#827,#833,#329,.T.);
#1031=EDGE_CURVE('',#834,#835,#424,.T.);
#1032=EDGE_CURVE('',#836,#834,#357,.T.);
#1033=EDGE_CURVE('',#837,#836,#425,.T.);
#1034=EDGE_CURVE('',#835,#837,#358,.T.);
#1035=EDGE_CURVE('',#838,#839,#359,.T.);
#1036=EDGE_CURVE('',#840,#838,#426,.T.);
#1037=EDGE_CURVE('',#841,#840,#360,.T.);
#1038=EDGE_CURVE('',#839,#841,#427,.T.);
#1039=EDGE_CURVE('',#842,#843,#428,.F.);
#1040=EDGE_CURVE('',#844,#842,#361,.T.);
#1041=EDGE_CURVE('',#845,#844,#429,.F.);
#1042=EDGE_CURVE('',#843,#845,#330,.T.);
#1043=EDGE_CURVE('',#846,#847,#362,.T.);
#1044=EDGE_CURVE('',#848,#846,#430,.T.);
#1045=EDGE_CURVE('',#849,#848,#363,.T.);
#1046=EDGE_CURVE('',#847,#849,#431,.T.);
#1047=EDGE_CURVE('',#850,#851,#432,.T.);
#1048=EDGE_CURVE('',#852,#850,#364,.T.);
#1049=EDGE_CURVE('',#853,#852,#433,.T.);
#1050=EDGE_CURVE('',#851,#853,#365,.T.);
#1051=EDGE_CURVE('',#854,#855,#331,.T.);
#1052=EDGE_CURVE('',#856,#854,#434,.T.);
#1053=EDGE_CURVE('',#857,#856,#332,.T.);
#1054=EDGE_CURVE('',#855,#857,#435,.T.);
#1055=EDGE_CURVE('',#858,#859,#366,.T.);
#1056=EDGE_CURVE('',#860,#858,#436,.T.);
#1057=EDGE_CURVE('',#861,#860,#367,.T.);
#1058=EDGE_CURVE('',#859,#861,#437,.T.);
#1059=EDGE_CURVE('',#862,#863,#438,.F.);
#1060=EDGE_CURVE('',#864,#862,#368,.F.);
#1061=EDGE_CURVE('',#865,#864,#439,.F.);
#1062=EDGE_CURVE('',#863,#865,#369,.T.);
#1063=EDGE_CURVE('',#866,#867,#440,.F.);
#1064=EDGE_CURVE('',#868,#866,#370,.F.);
#1065=EDGE_CURVE('',#869,#868,#441,.F.);
#1066=EDGE_CURVE('',#867,#869,#333,.F.);
#1067=EDGE_CURVE('',#870,#871,#442,.F.);
#1068=EDGE_CURVE('',#872,#870,#334,.F.);
#1069=EDGE_CURVE('',#873,#872,#443,.F.);
#1070=EDGE_CURVE('',#871,#873,#371,.F.);
#1071=EDGE_CURVE('',#874,#875,#444,.T.);
#1072=EDGE_CURVE('',#876,#874,#372,.T.);
#1073=EDGE_CURVE('',#877,#876,#445,.T.);
#1074=EDGE_CURVE('',#875,#877,#373,.T.);
#1075=EDGE_CURVE('',#878,#879,#374,.F.);
#1076=EDGE_CURVE('',#880,#878,#446,.F.);
#1077=EDGE_CURVE('',#881,#880,#375,.T.);
#1078=EDGE_CURVE('',#879,#881,#447,.F.);
#1079=EDGE_CURVE('',#882,#883,#376,.T.);
#1080=EDGE_CURVE('',#884,#882,#448,.T.);
#1081=EDGE_CURVE('',#885,#884,#377,.T.);
#1082=EDGE_CURVE('',#886,#885,#449,.T.);
#1083=EDGE_CURVE('',#887,#886,#32,.T.);
#1084=EDGE_CURVE('',#888,#887,#335,.T.);
#1085=EDGE_CURVE('',#889,#888,#33,.T.);
#1086=EDGE_CURVE('',#890,#889,#450,.T.);
#1087=EDGE_CURVE('',#891,#890,#378,.T.);
#1088=EDGE_CURVE('',#883,#891,#451,.T.);
#1089=EDGE_CURVE('',#892,#893,#452,.T.);
#1090=EDGE_CURVE('',#894,#892,#379,.T.);
#1091=EDGE_CURVE('',#895,#894,#453,.T.);
#1092=EDGE_CURVE('',#896,#895,#34,.T.);
#1093=EDGE_CURVE('',#897,#896,#336,.T.);
#1094=EDGE_CURVE('',#898,#897,#35,.T.);
#1095=EDGE_CURVE('',#899,#898,#454,.T.);
#1096=EDGE_CURVE('',#900,#899,#380,.T.);
#1097=EDGE_CURVE('',#901,#900,#455,.T.);
#1098=EDGE_CURVE('',#893,#901,#381,.T.);
#1099=EDGE_CURVE('',#902,#903,#337,.T.);
#1100=EDGE_CURVE('',#904,#902,#456,.T.);
#1101=EDGE_CURVE('',#905,#904,#338,.T.);
#1102=EDGE_CURVE('',#807,#905,#457,.T.);
#1103=EDGE_CURVE('',#887,#805,#458,.T.);
#1104=EDGE_CURVE('',#903,#886,#459,.T.);
#1105=EDGE_CURVE('',#889,#906,#460,.T.);
#1106=EDGE_CURVE('',#806,#888,#461,.T.);
#1107=EDGE_CURVE('',#907,#813,#462,.T.);
#1108=EDGE_CURVE('',#906,#907,#339,.T.);
#1109=EDGE_CURVE('',#898,#908,#340,.T.);
#1110=EDGE_CURVE('',#801,#897,#463,.T.);
#1111=EDGE_CURVE('',#909,#825,#341,.T.);
#1112=EDGE_CURVE('',#910,#909,#464,.T.);
#1113=EDGE_CURVE('',#908,#910,#342,.T.);
#1114=EDGE_CURVE('',#911,#895,#343,.T.);
#1115=EDGE_CURVE('',#912,#911,#344,.T.);
#1116=EDGE_CURVE('',#803,#912,#465,.T.);
#1117=EDGE_CURVE('',#896,#802,#466,.T.);
#1118=EDGE_CURVE('',#913,#913,#382,.T.);
#1119=EDGE_CURVE('',#913,#914,#467,.T.);
#1120=EDGE_CURVE('',#914,#914,#383,.T.);
#1121=EDGE_CURVE('',#915,#915,#384,.T.);
#1122=EDGE_CURVE('',#915,#916,#468,.T.);
#1123=EDGE_CURVE('',#916,#916,#385,.T.);
#1124=EDGE_CURVE('',#917,#917,#386,.T.);
#1125=EDGE_CURVE('',#917,#918,#469,.T.);
#1126=EDGE_CURVE('',#918,#918,#387,.T.);
#1127=EDGE_CURVE('',#919,#919,#388,.T.);
#1128=EDGE_CURVE('',#919,#920,#470,.T.);
#1129=EDGE_CURVE('',#920,#920,#389,.T.);
#1130=EDGE_CURVE('',#921,#811,#471,.T.);
#1131=EDGE_CURVE('',#922,#921,#345,.T.);
#1132=EDGE_CURVE('',#812,#922,#472,.T.);
#1133=EDGE_CURVE('',#890,#923,#473,.T.);
#1134=EDGE_CURVE('',#923,#906,#474,.T.);
#1135=EDGE_CURVE('',#924,#925,#475,.T.);
#1136=EDGE_CURVE('',#926,#924,#476,.T.);
#1137=EDGE_CURVE('',#927,#926,#15,.T.);
#1138=EDGE_CURVE('',#928,#927,#477,.T.);
#1139=EDGE_CURVE('',#925,#928,#478,.T.);
#1140=EDGE_CURVE('',#929,#808,#16,.T.);
#1141=EDGE_CURVE('',#930,#929,#346,.T.);
#1142=EDGE_CURVE('',#809,#930,#17,.T.);
#1143=EDGE_CURVE('',#931,#817,#479,.T.);
#1144=EDGE_CURVE('',#932,#931,#480,.T.);
#1145=EDGE_CURVE('',#933,#932,#481,.T.);
#1146=EDGE_CURVE('',#817,#933,#482,.T.);
#1147=EDGE_CURVE('',#934,#927,#18,.T.);
#1148=EDGE_CURVE('',#935,#934,#483,.T.);
#1149=EDGE_CURVE('',#928,#935,#484,.T.);
#1150=EDGE_CURVE('',#936,#833,#485,.T.);
#1151=EDGE_CURVE('',#937,#936,#486,.T.);
#1152=EDGE_CURVE('',#938,#937,#487,.T.);
#1153=EDGE_CURVE('',#828,#938,#488,.T.);
#1154=EDGE_CURVE('',#911,#939,#489,.T.);
#1155=EDGE_CURVE('',#939,#894,#490,.T.);
#1156=EDGE_CURVE('',#863,#866,#491,.T.);
#1157=EDGE_CURVE('',#868,#865,#492,.T.);
#1158=EDGE_CURVE('',#940,#810,#493,.T.);
#1159=EDGE_CURVE('',#941,#940,#494,.T.);
#1160=EDGE_CURVE('',#942,#941,#495,.T.);
#1161=EDGE_CURVE('',#943,#942,#496,.T.);
#1162=EDGE_CURVE('',#921,#943,#497,.T.);
#1163=EDGE_CURVE('',#944,#902,#498,.T.);
#1164=EDGE_CURVE('',#945,#944,#19,.T.);
#1165=EDGE_CURVE('',#946,#945,#499,.T.);
#1166=EDGE_CURVE('',#904,#946,#500,.T.);
#1167=EDGE_CURVE('',#821,#941,#501,.T.);
#1168=EDGE_CURVE('',#942,#820,#502,.T.);
#1169=EDGE_CURVE('',#947,#936,#503,.T.);
#1170=EDGE_CURVE('',#948,#947,#504,.T.);
#1171=EDGE_CURVE('',#937,#948,#505,.T.);
#1172=EDGE_CURVE('',#949,#948,#506,.T.);
#1173=EDGE_CURVE('',#938,#949,#507,.T.);
#1174=EDGE_CURVE('',#950,#824,#508,.T.);
#1175=EDGE_CURVE('',#797,#950,#509,.T.);
#1176=EDGE_CURVE('',#947,#950,#510,.T.);
#1177=EDGE_CURVE('',#951,#952,#511,.T.);
#1178=EDGE_CURVE('',#843,#951,#512,.T.);
#1179=EDGE_CURVE('',#953,#845,#513,.T.);
#1180=EDGE_CURVE('',#954,#953,#514,.T.);
#1181=EDGE_CURVE('',#952,#954,#515,.T.);
#1182=EDGE_CURVE('',#955,#956,#516,.T.);
#1183=EDGE_CURVE('',#957,#955,#517,.T.);
#1184=EDGE_CURVE('',#854,#957,#518,.T.);
#1185=EDGE_CURVE('',#958,#855,#519,.T.);
#1186=EDGE_CURVE('',#956,#958,#520,.T.);
#1187=EDGE_CURVE('',#859,#875,#521,.T.);
#1188=EDGE_CURVE('',#847,#861,#522,.T.);
#1189=EDGE_CURVE('',#879,#849,#523,.T.);
#1190=EDGE_CURVE('',#883,#881,#524,.T.);
#1191=EDGE_CURVE('',#892,#891,#525,.T.);
#1192=EDGE_CURVE('',#850,#893,#526,.T.);
#1193=EDGE_CURVE('',#874,#851,#527,.T.);
#1194=EDGE_CURVE('',#959,#804,#528,.T.);
#1195=EDGE_CURVE('',#957,#959,#529,.T.);
#1196=EDGE_CURVE('',#789,#955,#530,.T.);
#1197=EDGE_CURVE('',#844,#873,#531,.T.);
#1198=EDGE_CURVE('',#871,#842,#532,.T.);
#1199=EDGE_CURVE('',#960,#930,#533,.T.);
#1200=EDGE_CURVE('',#940,#960,#534,.T.);
#1201=EDGE_CURVE('',#961,#908,#535,.T.);
#1202=EDGE_CURVE('',#899,#961,#536,.T.);
#1203=EDGE_CURVE('',#962,#952,#537,.T.);
#1204=EDGE_CURVE('',#963,#962,#538,.T.);
#1205=EDGE_CURVE('',#951,#963,#539,.T.);
#1206=EDGE_CURVE('',#964,#912,#540,.T.);
#1207=EDGE_CURVE('',#965,#964,#541,.T.);
#1208=EDGE_CURVE('',#857,#965,#542,.T.);
#1209=EDGE_CURVE('',#959,#856,#543,.T.);
#1210=EDGE_CURVE('',#852,#901,#544,.T.);
#1211=EDGE_CURVE('',#966,#946,#545,.T.);
#1212=EDGE_CURVE('',#924,#966,#546,.T.);
#1213=EDGE_CURVE('',#864,#925,#547,.T.);
#1214=EDGE_CURVE('',#946,#862,#548,.T.);
#1215=EDGE_CURVE('',#878,#848,#549,.T.);
#1216=EDGE_CURVE('',#876,#853,#550,.T.);
#1217=EDGE_CURVE('',#967,#930,#551,.T.);
#1218=EDGE_CURVE('',#968,#967,#552,.T.);
#1219=EDGE_CURVE('',#960,#968,#553,.T.);
#1220=EDGE_CURVE('',#830,#934,#20,.T.);
#1221=EDGE_CURVE('',#822,#832,#554,.T.);
#1222=EDGE_CURVE('',#935,#968,#555,.T.);
#1223=EDGE_CURVE('',#877,#858,#556,.T.);
#1224=EDGE_CURVE('',#884,#900,#557,.T.);
#1225=EDGE_CURVE('',#880,#882,#558,.T.);
#1226=EDGE_CURVE('',#860,#846,#559,.T.);
#1227=EDGE_CURVE('',#965,#958,#560,.T.);
#1228=EDGE_CURVE('',#956,#964,#561,.T.);
#1229=EDGE_CURVE('',#969,#885,#562,.T.);
#1230=EDGE_CURVE('',#903,#969,#563,.T.);
#1231=EDGE_CURVE('',#962,#907,#564,.T.);
#1232=EDGE_CURVE('',#792,#954,#565,.T.);
#1233=EDGE_CURVE('',#838,#791,#566,.T.);
#1234=EDGE_CURVE('',#923,#839,#567,.T.);
#1235=EDGE_CURVE('',#970,#910,#568,.T.);
#1236=EDGE_CURVE('',#836,#970,#21,.T.);
#1237=EDGE_CURVE('',#961,#834,#569,.T.);
#1238=EDGE_CURVE('',#790,#840,#570,.T.);
#1239=EDGE_CURVE('',#841,#939,#571,.T.);
#1240=EDGE_CURVE('',#933,#815,#572,.T.);
#1241=EDGE_CURVE('',#922,#932,#573,.T.);
#1242=EDGE_CURVE('',#819,#943,#574,.T.);
#1243=EDGE_CURVE('',#971,#949,#575,.T.);
#1244=EDGE_CURVE('',#972,#971,#22,.T.);
#1245=EDGE_CURVE('',#826,#972,#576,.T.);
#1246=EDGE_CURVE('',#973,#945,#23,.T.);
#1247=EDGE_CURVE('',#966,#973,#577,.T.);
#1248=EDGE_CURVE('',#869,#929,#578,.T.);
#1249=EDGE_CURVE('',#967,#928,#579,.T.);
#1250=EDGE_CURVE('',#974,#872,#580,.T.);
#1251=EDGE_CURVE('',#953,#974,#581,.T.);
#1252=EDGE_CURVE('',#975,#972,#24,.T.);
#1253=EDGE_CURVE('',#909,#975,#582,.T.);
#1254=EDGE_CURVE('',#926,#973,#25,.T.);
#1255=EDGE_CURVE('',#970,#975,#26,.T.);
#1256=EDGE_CURVE('',#835,#969,#583,.T.);
#1257=EDGE_CURVE('',#944,#837,#27,.T.);
#1258=EDGE_CURVE('',#829,#971,#28,.T.);
#1259=EDGE_CURVE('',#823,#831,#584,.T.);
#1260=EDGE_CURVE('',#867,#905,#585,.T.);
#1261=EDGE_CURVE('',#931,#974,#586,.T.);
#1262=EDGE_CURVE('',#870,#963,#587,.T.);
#1263=ORIENTED_EDGE('',*,*,#976,.F.);
#1264=ORIENTED_EDGE('',*,*,#977,.T.);
#1265=ORIENTED_EDGE('',*,*,#978,.T.);
#1266=ORIENTED_EDGE('',*,*,#979,.T.);
#1267=ORIENTED_EDGE('',*,*,#980,.T.);
#1268=ORIENTED_EDGE('',*,*,#981,.T.);
#1269=ORIENTED_EDGE('',*,*,#982,.T.);
#1270=ORIENTED_EDGE('',*,*,#983,.T.);
#1271=ORIENTED_EDGE('',*,*,#984,.T.);
#1272=ORIENTED_EDGE('',*,*,#985,.T.);
#1273=ORIENTED_EDGE('',*,*,#986,.F.);
#1274=ORIENTED_EDGE('',*,*,#987,.T.);
#1275=ORIENTED_EDGE('',*,*,#988,.T.);
#1276=ORIENTED_EDGE('',*,*,#989,.T.);
#1277=ORIENTED_EDGE('',*,*,#990,.T.);
#1278=ORIENTED_EDGE('',*,*,#991,.T.);
#1279=ORIENTED_EDGE('',*,*,#992,.F.);
#1280=ORIENTED_EDGE('',*,*,#993,.T.);
#1281=ORIENTED_EDGE('',*,*,#994,.T.);
#1282=ORIENTED_EDGE('',*,*,#995,.T.);
#1283=ORIENTED_EDGE('',*,*,#977,.F.);
#1284=ORIENTED_EDGE('',*,*,#996,.F.);
#1285=ORIENTED_EDGE('',*,*,#997,.T.);
#1286=ORIENTED_EDGE('',*,*,#998,.F.);
#1287=ORIENTED_EDGE('',*,*,#999,.T.);
#1288=ORIENTED_EDGE('',*,*,#1000,.T.);
#1289=ORIENTED_EDGE('',*,*,#1001,.T.);
#1290=ORIENTED_EDGE('',*,*,#1002,.T.);
#1291=ORIENTED_EDGE('',*,*,#1003,.F.);
#1292=ORIENTED_EDGE('',*,*,#1004,.T.);
#1293=ORIENTED_EDGE('',*,*,#976,.T.);
#1294=ORIENTED_EDGE('',*,*,#1005,.F.);
#1295=ORIENTED_EDGE('',*,*,#1006,.F.);
#1296=ORIENTED_EDGE('',*,*,#1007,.F.);
#1297=ORIENTED_EDGE('',*,*,#1008,.F.);
#1298=ORIENTED_EDGE('',*,*,#984,.F.);
#1299=ORIENTED_EDGE('',*,*,#1005,.T.);
#1300=ORIENTED_EDGE('',*,*,#983,.F.);
#1301=ORIENTED_EDGE('',*,*,#1009,.F.);
#1302=ORIENTED_EDGE('',*,*,#1010,.F.);
#1303=ORIENTED_EDGE('',*,*,#1011,.F.);
#1304=ORIENTED_EDGE('',*,*,#1012,.F.);
#1305=ORIENTED_EDGE('',*,*,#985,.F.);
#1306=ORIENTED_EDGE('',*,*,#1008,.T.);
#1307=ORIENTED_EDGE('',*,*,#1012,.T.);
#1308=ORIENTED_EDGE('',*,*,#1013,.T.);
#1309=ORIENTED_EDGE('',*,*,#1014,.F.);
#1310=ORIENTED_EDGE('',*,*,#1015,.T.);
#1311=ORIENTED_EDGE('',*,*,#1016,.T.);
#1312=ORIENTED_EDGE('',*,*,#1017,.T.);
#1313=ORIENTED_EDGE('',*,*,#1018,.F.);
#1314=ORIENTED_EDGE('',*,*,#1019,.T.);
#1315=ORIENTED_EDGE('',*,*,#986,.T.);
#1316=ORIENTED_EDGE('',*,*,#1020,.F.);
#1317=ORIENTED_EDGE('',*,*,#1021,.T.);
#1318=ORIENTED_EDGE('',*,*,#990,.F.);
#1319=ORIENTED_EDGE('',*,*,#1022,.T.);
#1320=ORIENTED_EDGE('',*,*,#1023,.T.);
#1321=ORIENTED_EDGE('',*,*,#1024,.F.);
#1322=ORIENTED_EDGE('',*,*,#1025,.F.);
#1323=ORIENTED_EDGE('',*,*,#1026,.F.);
#1324=ORIENTED_EDGE('',*,*,#1027,.F.);
#1325=ORIENTED_EDGE('',*,*,#1028,.F.);
#1326=ORIENTED_EDGE('',*,*,#989,.F.);
#1327=ORIENTED_EDGE('',*,*,#1029,.F.);
#1328=ORIENTED_EDGE('',*,*,#1030,.F.);
#1329=ORIENTED_EDGE('',*,*,#1022,.F.);
#1330=ORIENTED_EDGE('',*,*,#1031,.F.);
#1331=ORIENTED_EDGE('',*,*,#1032,.F.);
#1332=ORIENTED_EDGE('',*,*,#1033,.F.);
#1333=ORIENTED_EDGE('',*,*,#1034,.F.);
#1334=ORIENTED_EDGE('',*,*,#1035,.F.);
#1335=ORIENTED_EDGE('',*,*,#1036,.F.);
#1336=ORIENTED_EDGE('',*,*,#1037,.F.);
#1337=ORIENTED_EDGE('',*,*,#1038,.F.);
#1338=ORIENTED_EDGE('',*,*,#1039,.F.);
#1339=ORIENTED_EDGE('',*,*,#1040,.F.);
#1340=ORIENTED_EDGE('',*,*,#1041,.F.);
#1341=ORIENTED_EDGE('',*,*,#1042,.F.);
#1342=ORIENTED_EDGE('',*,*,#1043,.F.);
#1343=ORIENTED_EDGE('',*,*,#1044,.F.);
#1344=ORIENTED_EDGE('',*,*,#1045,.F.);
#1345=ORIENTED_EDGE('',*,*,#1046,.F.);
#1346=ORIENTED_EDGE('',*,*,#1047,.F.);
#1347=ORIENTED_EDGE('',*,*,#1048,.F.);
#1348=ORIENTED_EDGE('',*,*,#1049,.F.);
#1349=ORIENTED_EDGE('',*,*,#1050,.F.);
#1350=ORIENTED_EDGE('',*,*,#1051,.F.);
#1351=ORIENTED_EDGE('',*,*,#1052,.F.);
#1352=ORIENTED_EDGE('',*,*,#1053,.F.);
#1353=ORIENTED_EDGE('',*,*,#1054,.F.);
#1354=ORIENTED_EDGE('',*,*,#1055,.F.);
#1355=ORIENTED_EDGE('',*,*,#1056,.F.);
#1356=ORIENTED_EDGE('',*,*,#1057,.F.);
#1357=ORIENTED_EDGE('',*,*,#1058,.F.);
#1358=ORIENTED_EDGE('',*,*,#1059,.F.);
#1359=ORIENTED_EDGE('',*,*,#1060,.F.);
#1360=ORIENTED_EDGE('',*,*,#1061,.F.);
#1361=ORIENTED_EDGE('',*,*,#1062,.F.);
#1362=ORIENTED_EDGE('',*,*,#1063,.F.);
#1363=ORIENTED_EDGE('',*,*,#1064,.F.);
#1364=ORIENTED_EDGE('',*,*,#1065,.F.);
#1365=ORIENTED_EDGE('',*,*,#1066,.F.);
#1366=ORIENTED_EDGE('',*,*,#1067,.F.);
#1367=ORIENTED_EDGE('',*,*,#1068,.F.);
#1368=ORIENTED_EDGE('',*,*,#1069,.F.);
#1369=ORIENTED_EDGE('',*,*,#1070,.F.);
#1370=ORIENTED_EDGE('',*,*,#1071,.F.);
#1371=ORIENTED_EDGE('',*,*,#1072,.F.);
#1372=ORIENTED_EDGE('',*,*,#1073,.F.);
#1373=ORIENTED_EDGE('',*,*,#1074,.F.);
#1374=ORIENTED_EDGE('',*,*,#1075,.F.);
#1375=ORIENTED_EDGE('',*,*,#1076,.F.);
#1376=ORIENTED_EDGE('',*,*,#1077,.F.);
#1377=ORIENTED_EDGE('',*,*,#1078,.F.);
#1378=ORIENTED_EDGE('',*,*,#1079,.F.);
#1379=ORIENTED_EDGE('',*,*,#1080,.F.);
#1380=ORIENTED_EDGE('',*,*,#1081,.F.);
#1381=ORIENTED_EDGE('',*,*,#1082,.F.);
#1382=ORIENTED_EDGE('',*,*,#1083,.F.);
#1383=ORIENTED_EDGE('',*,*,#1084,.F.);
#1384=ORIENTED_EDGE('',*,*,#1085,.F.);
#1385=ORIENTED_EDGE('',*,*,#1086,.F.);
#1386=ORIENTED_EDGE('',*,*,#1087,.F.);
#1387=ORIENTED_EDGE('',*,*,#1088,.F.);
#1388=ORIENTED_EDGE('',*,*,#1089,.F.);
#1389=ORIENTED_EDGE('',*,*,#1090,.F.);
#1390=ORIENTED_EDGE('',*,*,#1091,.F.);
#1391=ORIENTED_EDGE('',*,*,#1092,.F.);
#1392=ORIENTED_EDGE('',*,*,#1093,.F.);
#1393=ORIENTED_EDGE('',*,*,#1094,.F.);
#1394=ORIENTED_EDGE('',*,*,#1095,.F.);
#1395=ORIENTED_EDGE('',*,*,#1096,.F.);
#1396=ORIENTED_EDGE('',*,*,#1097,.F.);
#1397=ORIENTED_EDGE('',*,*,#1098,.F.);
#1398=ORIENTED_EDGE('',*,*,#1099,.F.);
#1399=ORIENTED_EDGE('',*,*,#1100,.F.);
#1400=ORIENTED_EDGE('',*,*,#1101,.F.);
#1401=ORIENTED_EDGE('',*,*,#1102,.F.);
#1402=ORIENTED_EDGE('',*,*,#997,.F.);
#1403=ORIENTED_EDGE('',*,*,#1103,.F.);
#1404=ORIENTED_EDGE('',*,*,#1083,.T.);
#1405=ORIENTED_EDGE('',*,*,#1104,.F.);
#1406=ORIENTED_EDGE('',*,*,#1105,.F.);
#1407=ORIENTED_EDGE('',*,*,#1085,.T.);
#1408=ORIENTED_EDGE('',*,*,#1106,.F.);
#1409=ORIENTED_EDGE('',*,*,#1004,.F.);
#1410=ORIENTED_EDGE('',*,*,#1107,.F.);
#1411=ORIENTED_EDGE('',*,*,#1108,.F.);
#1412=ORIENTED_EDGE('',*,*,#1109,.F.);
#1413=ORIENTED_EDGE('',*,*,#1094,.T.);
#1414=ORIENTED_EDGE('',*,*,#1110,.F.);
#1415=ORIENTED_EDGE('',*,*,#991,.F.);
#1416=ORIENTED_EDGE('',*,*,#1021,.F.);
#1417=ORIENTED_EDGE('',*,*,#1111,.F.);
#1418=ORIENTED_EDGE('',*,*,#1112,.F.);
#1419=ORIENTED_EDGE('',*,*,#1113,.F.);
#1420=ORIENTED_EDGE('',*,*,#1114,.F.);
#1421=ORIENTED_EDGE('',*,*,#1115,.F.);
#1422=ORIENTED_EDGE('',*,*,#1116,.F.);
#1423=ORIENTED_EDGE('',*,*,#993,.F.);
#1424=ORIENTED_EDGE('',*,*,#1117,.F.);
#1425=ORIENTED_EDGE('',*,*,#1092,.T.);
#1426=ORIENTED_EDGE('',*,*,#1118,.F.);
#1427=ORIENTED_EDGE('',*,*,#1119,.T.);
#1428=ORIENTED_EDGE('',*,*,#1120,.F.);
#1429=ORIENTED_EDGE('',*,*,#1119,.F.);
#1430=ORIENTED_EDGE('',*,*,#1121,.F.);
#1431=ORIENTED_EDGE('',*,*,#1122,.T.);
#1432=ORIENTED_EDGE('',*,*,#1123,.F.);
#1433=ORIENTED_EDGE('',*,*,#1122,.F.);
#1434=ORIENTED_EDGE('',*,*,#1124,.F.);
#1435=ORIENTED_EDGE('',*,*,#1125,.T.);
#1436=ORIENTED_EDGE('',*,*,#1126,.F.);
#1437=ORIENTED_EDGE('',*,*,#1125,.F.);
#1438=ORIENTED_EDGE('',*,*,#1127,.F.);
#1439=ORIENTED_EDGE('',*,*,#1128,.T.);
#1440=ORIENTED_EDGE('',*,*,#1129,.F.);
#1441=ORIENTED_EDGE('',*,*,#1128,.F.);
#1442=ORIENTED_EDGE('',*,*,#1002,.F.);
#1443=ORIENTED_EDGE('',*,*,#1130,.F.);
#1444=ORIENTED_EDGE('',*,*,#1131,.F.);
#1445=ORIENTED_EDGE('',*,*,#1132,.F.);
#1446=ORIENTED_EDGE('',*,*,#1133,.F.);
#1447=ORIENTED_EDGE('',*,*,#1086,.T.);
#1448=ORIENTED_EDGE('',*,*,#1105,.T.);
#1449=ORIENTED_EDGE('',*,*,#1134,.F.);
#1450=ORIENTED_EDGE('',*,*,#1135,.F.);
#1451=ORIENTED_EDGE('',*,*,#1136,.F.);
#1452=ORIENTED_EDGE('',*,*,#1137,.F.);
#1453=ORIENTED_EDGE('',*,*,#1138,.F.);
#1454=ORIENTED_EDGE('',*,*,#1139,.F.);
#1455=ORIENTED_EDGE('',*,*,#1140,.F.);
#1456=ORIENTED_EDGE('',*,*,#1141,.F.);
#1457=ORIENTED_EDGE('',*,*,#1142,.F.);
#1458=ORIENTED_EDGE('',*,*,#999,.F.);
#1459=ORIENTED_EDGE('',*,*,#1143,.F.);
#1460=ORIENTED_EDGE('',*,*,#1144,.F.);
#1461=ORIENTED_EDGE('',*,*,#1145,.F.);
#1462=ORIENTED_EDGE('',*,*,#1146,.F.);
#1463=ORIENTED_EDGE('',*,*,#1138,.T.);
#1464=ORIENTED_EDGE('',*,*,#1147,.F.);
#1465=ORIENTED_EDGE('',*,*,#1148,.F.);
#1466=ORIENTED_EDGE('',*,*,#1149,.F.);
#1467=ORIENTED_EDGE('',*,*,#1023,.F.);
#1468=ORIENTED_EDGE('',*,*,#1030,.T.);
#1469=ORIENTED_EDGE('',*,*,#1150,.F.);
#1470=ORIENTED_EDGE('',*,*,#1151,.F.);
#1471=ORIENTED_EDGE('',*,*,#1152,.F.);
#1472=ORIENTED_EDGE('',*,*,#1153,.F.);
#1473=ORIENTED_EDGE('',*,*,#1154,.F.);
#1474=ORIENTED_EDGE('',*,*,#1114,.T.);
#1475=ORIENTED_EDGE('',*,*,#1091,.T.);
#1476=ORIENTED_EDGE('',*,*,#1155,.F.);
#1477=ORIENTED_EDGE('',*,*,#1156,.F.);
#1478=ORIENTED_EDGE('',*,*,#1062,.T.);
#1479=ORIENTED_EDGE('',*,*,#1157,.F.);
#1480=ORIENTED_EDGE('',*,*,#1064,.T.);
#1481=ORIENTED_EDGE('',*,*,#1001,.F.);
#1482=ORIENTED_EDGE('',*,*,#1158,.F.);
#1483=ORIENTED_EDGE('',*,*,#1159,.F.);
#1484=ORIENTED_EDGE('',*,*,#1160,.F.);
#1485=ORIENTED_EDGE('',*,*,#1161,.F.);
#1486=ORIENTED_EDGE('',*,*,#1162,.F.);
#1487=ORIENTED_EDGE('',*,*,#1130,.T.);
#1488=ORIENTED_EDGE('',*,*,#1163,.F.);
#1489=ORIENTED_EDGE('',*,*,#1164,.F.);
#1490=ORIENTED_EDGE('',*,*,#1165,.F.);
#1491=ORIENTED_EDGE('',*,*,#1166,.F.);
#1492=ORIENTED_EDGE('',*,*,#1100,.T.);
#1493=ORIENTED_EDGE('',*,*,#1160,.T.);
#1494=ORIENTED_EDGE('',*,*,#1167,.F.);
#1495=ORIENTED_EDGE('',*,*,#1015,.F.);
#1496=ORIENTED_EDGE('',*,*,#1168,.F.);
#1497=ORIENTED_EDGE('',*,*,#1169,.F.);
#1498=ORIENTED_EDGE('',*,*,#1170,.F.);
#1499=ORIENTED_EDGE('',*,*,#1171,.F.);
#1500=ORIENTED_EDGE('',*,*,#1151,.T.);
#1501=ORIENTED_EDGE('',*,*,#1152,.T.);
#1502=ORIENTED_EDGE('',*,*,#1171,.T.);
#1503=ORIENTED_EDGE('',*,*,#1172,.F.);
#1504=ORIENTED_EDGE('',*,*,#1173,.F.);
#1505=ORIENTED_EDGE('',*,*,#987,.F.);
#1506=ORIENTED_EDGE('',*,*,#1019,.F.);
#1507=ORIENTED_EDGE('',*,*,#1174,.F.);
#1508=ORIENTED_EDGE('',*,*,#1175,.F.);
#1509=ORIENTED_EDGE('',*,*,#988,.F.);
#1510=ORIENTED_EDGE('',*,*,#1175,.T.);
#1511=ORIENTED_EDGE('',*,*,#1176,.F.);
#1512=ORIENTED_EDGE('',*,*,#1169,.T.);
#1513=ORIENTED_EDGE('',*,*,#1150,.T.);
#1514=ORIENTED_EDGE('',*,*,#1029,.T.);
#1515=ORIENTED_EDGE('',*,*,#1177,.F.);
#1516=ORIENTED_EDGE('',*,*,#1178,.F.);
#1517=ORIENTED_EDGE('',*,*,#1042,.T.);
#1518=ORIENTED_EDGE('',*,*,#1179,.F.);
#1519=ORIENTED_EDGE('',*,*,#1180,.F.);
#1520=ORIENTED_EDGE('',*,*,#1181,.F.);
#1521=ORIENTED_EDGE('',*,*,#1182,.F.);
#1522=ORIENTED_EDGE('',*,*,#1183,.F.);
#1523=ORIENTED_EDGE('',*,*,#1184,.F.);
#1524=ORIENTED_EDGE('',*,*,#1051,.T.);
#1525=ORIENTED_EDGE('',*,*,#1185,.F.);
#1526=ORIENTED_EDGE('',*,*,#1186,.F.);
#1527=ORIENTED_EDGE('',*,*,#1187,.F.);
#1528=ORIENTED_EDGE('',*,*,#1058,.T.);
#1529=ORIENTED_EDGE('',*,*,#1188,.F.);
#1530=ORIENTED_EDGE('',*,*,#1046,.T.);
#1531=ORIENTED_EDGE('',*,*,#1189,.F.);
#1532=ORIENTED_EDGE('',*,*,#1078,.T.);
#1533=ORIENTED_EDGE('',*,*,#1190,.F.);
#1534=ORIENTED_EDGE('',*,*,#1088,.T.);
#1535=ORIENTED_EDGE('',*,*,#1191,.F.);
#1536=ORIENTED_EDGE('',*,*,#1089,.T.);
#1537=ORIENTED_EDGE('',*,*,#1192,.F.);
#1538=ORIENTED_EDGE('',*,*,#1047,.T.);
#1539=ORIENTED_EDGE('',*,*,#1193,.F.);
#1540=ORIENTED_EDGE('',*,*,#1071,.T.);
#1541=ORIENTED_EDGE('',*,*,#978,.F.);
#1542=ORIENTED_EDGE('',*,*,#995,.F.);
#1543=ORIENTED_EDGE('',*,*,#1194,.F.);
#1544=ORIENTED_EDGE('',*,*,#1195,.F.);
#1545=ORIENTED_EDGE('',*,*,#1183,.T.);
#1546=ORIENTED_EDGE('',*,*,#1196,.F.);
#1547=ORIENTED_EDGE('',*,*,#1070,.T.);
#1548=ORIENTED_EDGE('',*,*,#1197,.F.);
#1549=ORIENTED_EDGE('',*,*,#1040,.T.);
#1550=ORIENTED_EDGE('',*,*,#1198,.F.);
#1551=ORIENTED_EDGE('',*,*,#1199,.F.);
#1552=ORIENTED_EDGE('',*,*,#1200,.F.);
#1553=ORIENTED_EDGE('',*,*,#1158,.T.);
#1554=ORIENTED_EDGE('',*,*,#1000,.F.);
#1555=ORIENTED_EDGE('',*,*,#1142,.T.);
#1556=ORIENTED_EDGE('',*,*,#1095,.T.);
#1557=ORIENTED_EDGE('',*,*,#1109,.T.);
#1558=ORIENTED_EDGE('',*,*,#1201,.F.);
#1559=ORIENTED_EDGE('',*,*,#1202,.F.);
#1560=ORIENTED_EDGE('',*,*,#1203,.F.);
#1561=ORIENTED_EDGE('',*,*,#1204,.F.);
#1562=ORIENTED_EDGE('',*,*,#1205,.F.);
#1563=ORIENTED_EDGE('',*,*,#1177,.T.);
#1564=ORIENTED_EDGE('',*,*,#1206,.F.);
#1565=ORIENTED_EDGE('',*,*,#1207,.F.);
#1566=ORIENTED_EDGE('',*,*,#1208,.F.);
#1567=ORIENTED_EDGE('',*,*,#1053,.T.);
#1568=ORIENTED_EDGE('',*,*,#1209,.F.);
#1569=ORIENTED_EDGE('',*,*,#1194,.T.);
#1570=ORIENTED_EDGE('',*,*,#994,.F.);
#1571=ORIENTED_EDGE('',*,*,#1116,.T.);
#1572=ORIENTED_EDGE('',*,*,#1098,.T.);
#1573=ORIENTED_EDGE('',*,*,#1210,.F.);
#1574=ORIENTED_EDGE('',*,*,#1048,.T.);
#1575=ORIENTED_EDGE('',*,*,#1192,.T.);
#1576=ORIENTED_EDGE('',*,*,#1211,.F.);
#1577=ORIENTED_EDGE('',*,*,#1212,.F.);
#1578=ORIENTED_EDGE('',*,*,#1135,.T.);
#1579=ORIENTED_EDGE('',*,*,#1213,.F.);
#1580=ORIENTED_EDGE('',*,*,#1060,.T.);
#1581=ORIENTED_EDGE('',*,*,#1214,.F.);
#1582=ORIENTED_EDGE('',*,*,#1045,.T.);
#1583=ORIENTED_EDGE('',*,*,#1215,.F.);
#1584=ORIENTED_EDGE('',*,*,#1075,.T.);
#1585=ORIENTED_EDGE('',*,*,#1189,.T.);
#1586=ORIENTED_EDGE('',*,*,#1050,.T.);
#1587=ORIENTED_EDGE('',*,*,#1216,.F.);
#1588=ORIENTED_EDGE('',*,*,#1072,.T.);
#1589=ORIENTED_EDGE('',*,*,#1193,.T.);
#1590=ORIENTED_EDGE('',*,*,#1184,.T.);
#1591=ORIENTED_EDGE('',*,*,#1195,.T.);
#1592=ORIENTED_EDGE('',*,*,#1209,.T.);
#1593=ORIENTED_EDGE('',*,*,#1052,.T.);
#1594=ORIENTED_EDGE('',*,*,#1217,.F.);
#1595=ORIENTED_EDGE('',*,*,#1218,.F.);
#1596=ORIENTED_EDGE('',*,*,#1219,.F.);
#1597=ORIENTED_EDGE('',*,*,#1199,.T.);
#1598=ORIENTED_EDGE('',*,*,#1148,.T.);
#1599=ORIENTED_EDGE('',*,*,#1220,.F.);
#1600=ORIENTED_EDGE('',*,*,#1028,.T.);
#1601=ORIENTED_EDGE('',*,*,#1221,.F.);
#1602=ORIENTED_EDGE('',*,*,#1016,.F.);
#1603=ORIENTED_EDGE('',*,*,#1167,.T.);
#1604=ORIENTED_EDGE('',*,*,#1159,.T.);
#1605=ORIENTED_EDGE('',*,*,#1200,.T.);
#1606=ORIENTED_EDGE('',*,*,#1219,.T.);
#1607=ORIENTED_EDGE('',*,*,#1222,.F.);
#1608=ORIENTED_EDGE('',*,*,#1118,.T.);
#1609=ORIENTED_EDGE('',*,*,#1223,.F.);
#1610=ORIENTED_EDGE('',*,*,#1073,.T.);
#1611=ORIENTED_EDGE('',*,*,#1216,.T.);
#1612=ORIENTED_EDGE('',*,*,#1049,.T.);
#1613=ORIENTED_EDGE('',*,*,#1210,.T.);
#1614=ORIENTED_EDGE('',*,*,#1097,.T.);
#1615=ORIENTED_EDGE('',*,*,#1224,.F.);
#1616=ORIENTED_EDGE('',*,*,#1080,.T.);
#1617=ORIENTED_EDGE('',*,*,#1225,.F.);
#1618=ORIENTED_EDGE('',*,*,#1076,.T.);
#1619=ORIENTED_EDGE('',*,*,#1215,.T.);
#1620=ORIENTED_EDGE('',*,*,#1044,.T.);
#1621=ORIENTED_EDGE('',*,*,#1226,.F.);
#1622=ORIENTED_EDGE('',*,*,#1056,.T.);
#1623=ORIENTED_EDGE('',*,*,#1186,.T.);
#1624=ORIENTED_EDGE('',*,*,#1227,.F.);
#1625=ORIENTED_EDGE('',*,*,#1207,.T.);
#1626=ORIENTED_EDGE('',*,*,#1228,.F.);
#1627=ORIENTED_EDGE('',*,*,#1229,.F.);
#1628=ORIENTED_EDGE('',*,*,#1230,.F.);
#1629=ORIENTED_EDGE('',*,*,#1104,.T.);
#1630=ORIENTED_EDGE('',*,*,#1082,.T.);
#1631=ORIENTED_EDGE('',*,*,#1134,.T.);
#1632=ORIENTED_EDGE('',*,*,#1108,.T.);
#1633=ORIENTED_EDGE('',*,*,#1231,.F.);
#1634=ORIENTED_EDGE('',*,*,#1203,.T.);
#1635=ORIENTED_EDGE('',*,*,#1181,.T.);
#1636=ORIENTED_EDGE('',*,*,#1232,.F.);
#1637=ORIENTED_EDGE('',*,*,#981,.F.);
#1638=ORIENTED_EDGE('',*,*,#1233,.F.);
#1639=ORIENTED_EDGE('',*,*,#1035,.T.);
#1640=ORIENTED_EDGE('',*,*,#1234,.F.);
#1641=ORIENTED_EDGE('',*,*,#1121,.T.);
#1642=ORIENTED_EDGE('',*,*,#1124,.T.);
#1643=ORIENTED_EDGE('',*,*,#1201,.T.);
#1644=ORIENTED_EDGE('',*,*,#1113,.T.);
#1645=ORIENTED_EDGE('',*,*,#1235,.F.);
#1646=ORIENTED_EDGE('',*,*,#1236,.F.);
#1647=ORIENTED_EDGE('',*,*,#1032,.T.);
#1648=ORIENTED_EDGE('',*,*,#1237,.F.);
#1649=ORIENTED_EDGE('',*,*,#1129,.T.);
#1650=ORIENTED_EDGE('',*,*,#1037,.T.);
#1651=ORIENTED_EDGE('',*,*,#1238,.F.);
#1652=ORIENTED_EDGE('',*,*,#979,.F.);
#1653=ORIENTED_EDGE('',*,*,#1196,.T.);
#1654=ORIENTED_EDGE('',*,*,#1182,.T.);
#1655=ORIENTED_EDGE('',*,*,#1228,.T.);
#1656=ORIENTED_EDGE('',*,*,#1206,.T.);
#1657=ORIENTED_EDGE('',*,*,#1115,.T.);
#1658=ORIENTED_EDGE('',*,*,#1154,.T.);
#1659=ORIENTED_EDGE('',*,*,#1239,.F.);
#1660=ORIENTED_EDGE('',*,*,#1123,.T.);
#1661=ORIENTED_EDGE('',*,*,#1126,.T.);
#1662=ORIENTED_EDGE('',*,*,#1007,.T.);
#1663=ORIENTED_EDGE('',*,*,#1240,.F.);
#1664=ORIENTED_EDGE('',*,*,#1145,.T.);
#1665=ORIENTED_EDGE('',*,*,#1241,.F.);
#1666=ORIENTED_EDGE('',*,*,#1131,.T.);
#1667=ORIENTED_EDGE('',*,*,#1162,.T.);
#1668=ORIENTED_EDGE('',*,*,#1242,.F.);
#1669=ORIENTED_EDGE('',*,*,#1013,.F.);
#1670=ORIENTED_EDGE('',*,*,#1011,.T.);
#1671=ORIENTED_EDGE('',*,*,#1024,.T.);
#1672=ORIENTED_EDGE('',*,*,#1153,.T.);
#1673=ORIENTED_EDGE('',*,*,#1173,.T.);
#1674=ORIENTED_EDGE('',*,*,#1243,.F.);
#1675=ORIENTED_EDGE('',*,*,#1244,.F.);
#1676=ORIENTED_EDGE('',*,*,#1245,.F.);
#1677=ORIENTED_EDGE('',*,*,#1006,.T.);
#1678=ORIENTED_EDGE('',*,*,#1010,.T.);
#1679=ORIENTED_EDGE('',*,*,#1146,.T.);
#1680=ORIENTED_EDGE('',*,*,#1240,.T.);
#1681=ORIENTED_EDGE('',*,*,#1165,.T.);
#1682=ORIENTED_EDGE('',*,*,#1246,.F.);
#1683=ORIENTED_EDGE('',*,*,#1247,.F.);
#1684=ORIENTED_EDGE('',*,*,#1211,.T.);
#1685=ORIENTED_EDGE('',*,*,#1141,.T.);
#1686=ORIENTED_EDGE('',*,*,#1248,.F.);
#1687=ORIENTED_EDGE('',*,*,#1065,.T.);
#1688=ORIENTED_EDGE('',*,*,#1157,.T.);
#1689=ORIENTED_EDGE('',*,*,#1061,.T.);
#1690=ORIENTED_EDGE('',*,*,#1213,.T.);
#1691=ORIENTED_EDGE('',*,*,#1139,.T.);
#1692=ORIENTED_EDGE('',*,*,#1249,.F.);
#1693=ORIENTED_EDGE('',*,*,#1217,.T.);
#1694=ORIENTED_EDGE('',*,*,#1041,.T.);
#1695=ORIENTED_EDGE('',*,*,#1197,.T.);
#1696=ORIENTED_EDGE('',*,*,#1069,.T.);
#1697=ORIENTED_EDGE('',*,*,#1250,.F.);
#1698=ORIENTED_EDGE('',*,*,#1251,.F.);
#1699=ORIENTED_EDGE('',*,*,#1179,.T.);
#1700=ORIENTED_EDGE('',*,*,#1038,.T.);
#1701=ORIENTED_EDGE('',*,*,#1239,.T.);
#1702=ORIENTED_EDGE('',*,*,#1155,.T.);
#1703=ORIENTED_EDGE('',*,*,#1090,.T.);
#1704=ORIENTED_EDGE('',*,*,#1191,.T.);
#1705=ORIENTED_EDGE('',*,*,#1087,.T.);
#1706=ORIENTED_EDGE('',*,*,#1133,.T.);
#1707=ORIENTED_EDGE('',*,*,#1234,.T.);
#1708=ORIENTED_EDGE('',*,*,#1020,.T.);
#1709=ORIENTED_EDGE('',*,*,#1245,.T.);
#1710=ORIENTED_EDGE('',*,*,#1252,.F.);
#1711=ORIENTED_EDGE('',*,*,#1253,.F.);
#1712=ORIENTED_EDGE('',*,*,#1111,.T.);
#1713=ORIENTED_EDGE('',*,*,#1247,.T.);
#1714=ORIENTED_EDGE('',*,*,#1254,.F.);
#1715=ORIENTED_EDGE('',*,*,#1136,.T.);
#1716=ORIENTED_EDGE('',*,*,#1212,.T.);
#1717=ORIENTED_EDGE('',*,*,#1112,.T.);
#1718=ORIENTED_EDGE('',*,*,#1253,.T.);
#1719=ORIENTED_EDGE('',*,*,#1255,.F.);
#1720=ORIENTED_EDGE('',*,*,#1235,.T.);
#1721=ORIENTED_EDGE('',*,*,#1256,.F.);
#1722=ORIENTED_EDGE('',*,*,#1034,.T.);
#1723=ORIENTED_EDGE('',*,*,#1257,.F.);
#1724=ORIENTED_EDGE('',*,*,#1163,.T.);
#1725=ORIENTED_EDGE('',*,*,#1099,.T.);
#1726=ORIENTED_EDGE('',*,*,#1230,.T.);
#1727=ORIENTED_EDGE('',*,*,#1127,.T.);
#1728=ORIENTED_EDGE('',*,*,#1033,.T.);
#1729=ORIENTED_EDGE('',*,*,#1236,.T.);
#1730=ORIENTED_EDGE('',*,*,#1255,.T.);
#1731=ORIENTED_EDGE('',*,*,#1252,.T.);
#1732=ORIENTED_EDGE('',*,*,#1244,.T.);
#1733=ORIENTED_EDGE('',*,*,#1258,.F.);
#1734=ORIENTED_EDGE('',*,*,#1025,.T.);
#1735=ORIENTED_EDGE('',*,*,#1220,.T.);
#1736=ORIENTED_EDGE('',*,*,#1147,.T.);
#1737=ORIENTED_EDGE('',*,*,#1137,.T.);
#1738=ORIENTED_EDGE('',*,*,#1254,.T.);
#1739=ORIENTED_EDGE('',*,*,#1246,.T.);
#1740=ORIENTED_EDGE('',*,*,#1164,.T.);
#1741=ORIENTED_EDGE('',*,*,#1257,.T.);
#1742=ORIENTED_EDGE('',*,*,#1027,.T.);
#1743=ORIENTED_EDGE('',*,*,#1259,.F.);
#1744=ORIENTED_EDGE('',*,*,#1017,.F.);
#1745=ORIENTED_EDGE('',*,*,#1221,.T.);
#1746=ORIENTED_EDGE('',*,*,#1260,.F.);
#1747=ORIENTED_EDGE('',*,*,#1066,.T.);
#1748=ORIENTED_EDGE('',*,*,#1248,.T.);
#1749=ORIENTED_EDGE('',*,*,#1140,.T.);
#1750=ORIENTED_EDGE('',*,*,#998,.T.);
#1751=ORIENTED_EDGE('',*,*,#1102,.T.);
#1752=ORIENTED_EDGE('',*,*,#1232,.T.);
#1753=ORIENTED_EDGE('',*,*,#1180,.T.);
#1754=ORIENTED_EDGE('',*,*,#1251,.T.);
#1755=ORIENTED_EDGE('',*,*,#1261,.F.);
#1756=ORIENTED_EDGE('',*,*,#1143,.T.);
#1757=ORIENTED_EDGE('',*,*,#1009,.T.);
#1758=ORIENTED_EDGE('',*,*,#982,.F.);
#1759=ORIENTED_EDGE('',*,*,#1233,.T.);
#1760=ORIENTED_EDGE('',*,*,#980,.F.);
#1761=ORIENTED_EDGE('',*,*,#1238,.T.);
#1762=ORIENTED_EDGE('',*,*,#1036,.T.);
#1763=ORIENTED_EDGE('',*,*,#1205,.T.);
#1764=ORIENTED_EDGE('',*,*,#1262,.F.);
#1765=ORIENTED_EDGE('',*,*,#1067,.T.);
#1766=ORIENTED_EDGE('',*,*,#1198,.T.);
#1767=ORIENTED_EDGE('',*,*,#1039,.T.);
#1768=ORIENTED_EDGE('',*,*,#1178,.T.);
#1769=ORIENTED_EDGE('',*,*,#1074,.T.);
#1770=ORIENTED_EDGE('',*,*,#1223,.T.);
#1771=ORIENTED_EDGE('',*,*,#1055,.T.);
#1772=ORIENTED_EDGE('',*,*,#1187,.T.);
#1773=ORIENTED_EDGE('',*,*,#1224,.T.);
#1774=ORIENTED_EDGE('',*,*,#1096,.T.);
#1775=ORIENTED_EDGE('',*,*,#1202,.T.);
#1776=ORIENTED_EDGE('',*,*,#1237,.T.);
#1777=ORIENTED_EDGE('',*,*,#1031,.T.);
#1778=ORIENTED_EDGE('',*,*,#1256,.T.);
#1779=ORIENTED_EDGE('',*,*,#1229,.T.);
#1780=ORIENTED_EDGE('',*,*,#1081,.T.);
#1781=ORIENTED_EDGE('',*,*,#1190,.T.);
#1782=ORIENTED_EDGE('',*,*,#1077,.T.);
#1783=ORIENTED_EDGE('',*,*,#1225,.T.);
#1784=ORIENTED_EDGE('',*,*,#1079,.T.);
#1785=ORIENTED_EDGE('',*,*,#1149,.T.);
#1786=ORIENTED_EDGE('',*,*,#1222,.T.);
#1787=ORIENTED_EDGE('',*,*,#1218,.T.);
#1788=ORIENTED_EDGE('',*,*,#1249,.T.);
#1789=ORIENTED_EDGE('',*,*,#1107,.T.);
#1790=ORIENTED_EDGE('',*,*,#1003,.T.);
#1791=ORIENTED_EDGE('',*,*,#1132,.T.);
#1792=ORIENTED_EDGE('',*,*,#1241,.T.);
#1793=ORIENTED_EDGE('',*,*,#1144,.T.);
#1794=ORIENTED_EDGE('',*,*,#1261,.T.);
#1795=ORIENTED_EDGE('',*,*,#1250,.T.);
#1796=ORIENTED_EDGE('',*,*,#1068,.T.);
#1797=ORIENTED_EDGE('',*,*,#1262,.T.);
#1798=ORIENTED_EDGE('',*,*,#1204,.T.);
#1799=ORIENTED_EDGE('',*,*,#1231,.T.);
#1800=ORIENTED_EDGE('',*,*,#1161,.T.);
#1801=ORIENTED_EDGE('',*,*,#1168,.T.);
#1802=ORIENTED_EDGE('',*,*,#1014,.T.);
#1803=ORIENTED_EDGE('',*,*,#1242,.T.);
#1804=ORIENTED_EDGE('',*,*,#1188,.T.);
#1805=ORIENTED_EDGE('',*,*,#1057,.T.);
#1806=ORIENTED_EDGE('',*,*,#1226,.T.);
#1807=ORIENTED_EDGE('',*,*,#1043,.T.);
#1808=ORIENTED_EDGE('',*,*,#1185,.T.);
#1809=ORIENTED_EDGE('',*,*,#1054,.T.);
#1810=ORIENTED_EDGE('',*,*,#1208,.T.);
#1811=ORIENTED_EDGE('',*,*,#1227,.T.);
#1812=ORIENTED_EDGE('',*,*,#1172,.T.);
#1813=ORIENTED_EDGE('',*,*,#1170,.T.);
#1814=ORIENTED_EDGE('',*,*,#1176,.T.);
#1815=ORIENTED_EDGE('',*,*,#1174,.T.);
#1816=ORIENTED_EDGE('',*,*,#1018,.T.);
#1817=ORIENTED_EDGE('',*,*,#1259,.T.);
#1818=ORIENTED_EDGE('',*,*,#1026,.T.);
#1819=ORIENTED_EDGE('',*,*,#1258,.T.);
#1820=ORIENTED_EDGE('',*,*,#1243,.T.);
#1821=ORIENTED_EDGE('',*,*,#1120,.T.);
#1822=ORIENTED_EDGE('',*,*,#1166,.T.);
#1823=ORIENTED_EDGE('',*,*,#1214,.T.);
#1824=ORIENTED_EDGE('',*,*,#1059,.T.);
#1825=ORIENTED_EDGE('',*,*,#1156,.T.);
#1826=ORIENTED_EDGE('',*,*,#1063,.T.);
#1827=ORIENTED_EDGE('',*,*,#1260,.T.);
#1828=ORIENTED_EDGE('',*,*,#1101,.T.);
#1829=ORIENTED_EDGE('',*,*,#1103,.T.);
#1830=ORIENTED_EDGE('',*,*,#996,.T.);
#1831=ORIENTED_EDGE('',*,*,#1106,.T.);
#1832=ORIENTED_EDGE('',*,*,#1084,.T.);
#1833=ORIENTED_EDGE('',*,*,#1093,.T.);
#1834=ORIENTED_EDGE('',*,*,#1117,.T.);
#1835=ORIENTED_EDGE('',*,*,#992,.T.);
#1836=ORIENTED_EDGE('',*,*,#1110,.T.);
#1837=CYLINDRICAL_SURFACE('',#1975,6145.38458431492);
#1838=CYLINDRICAL_SURFACE('',#1999,2.99998065268981);
#1839=CYLINDRICAL_SURFACE('',#2004,4.00000137687421);
#1840=CYLINDRICAL_SURFACE('',#2007,3.99999963925204);
#1841=CYLINDRICAL_SURFACE('',#2010,8.75000015001372);
#1842=CYLINDRICAL_SURFACE('',#2013,8.40000001827854);
#1843=CYLINDRICAL_SURFACE('',#2016,9.20000005657241);
#1844=CYLINDRICAL_SURFACE('',#2019,12.7000014907268);
#1845=CYLINDRICAL_SURFACE('',#2022,7.49999994880993);
#1846=CYLINDRICAL_SURFACE('',#2025,8.7500001500154);
#1847=CYLINDRICAL_SURFACE('',#2028,10.4999997865269);
#1848=CYLINDRICAL_SURFACE('',#2031,10.4999997865269);
#1849=CYLINDRICAL_SURFACE('',#2034,8.69999983243045);
#1850=CYLINDRICAL_SURFACE('',#2037,6.49999994880993);
#1851=CYLINDRICAL_SURFACE('',#2040,8.40000006850235);
#1852=CYLINDRICAL_SURFACE('',#2045,10.0999998973638);
#1853=CYLINDRICAL_SURFACE('',#2050,8.00033858873514);
#1854=CYLINDRICAL_SURFACE('',#2053,8.00000021612849);
#1855=CYLINDRICAL_SURFACE('',#2055,9.70111517045554);
#1856=CYLINDRICAL_SURFACE('',#2059,9.77656654190423);
#1857=CYLINDRICAL_SURFACE('',#2062,1.35000010617386);
#1858=CYLINDRICAL_SURFACE('',#2065,1.34999986080604);
#1859=CYLINDRICAL_SURFACE('',#2068,1.3500000675912);
#1860=CYLINDRICAL_SURFACE('',#2071,1.34999999911262);
#1861=CYLINDRICAL_SURFACE('',#2074,2.99999930929068);
#1862=CYLINDRICAL_SURFACE('',#2078,2.99999489331134);
#1863=ADVANCED_FACE('',(#115),#1837,.T.);
#1864=ADVANCED_FACE('',(#116,#37),#46,.T.);
#1865=ADVANCED_FACE('',(#117),#47,.F.);
#1866=ADVANCED_FACE('',(#118),#48,.F.);
#1867=ADVANCED_FACE('',(#119),#49,.F.);
#1868=ADVANCED_FACE('',(#120),#50,.T.);
#1869=ADVANCED_FACE('',(#121),#36,.T.);
#1870=ADVANCED_FACE('',(#122),#1838,.T.);
#1871=ADVANCED_FACE('',(#123),#29,.T.);
#1872=ADVANCED_FACE('',(#124),#1839,.T.);
#1873=ADVANCED_FACE('',(#125),#1840,.T.);
#1874=ADVANCED_FACE('',(#126),#1841,.F.);
#1875=ADVANCED_FACE('',(#127),#1842,.F.);
#1876=ADVANCED_FACE('',(#128),#1843,.T.);
#1877=ADVANCED_FACE('',(#129),#1844,.T.);
#1878=ADVANCED_FACE('',(#130),#1845,.F.);
#1879=ADVANCED_FACE('',(#131),#1846,.F.);
#1880=ADVANCED_FACE('',(#132),#1847,.F.);
#1881=ADVANCED_FACE('',(#133),#1848,.F.);
#1882=ADVANCED_FACE('',(#134),#1849,.T.);
#1883=ADVANCED_FACE('',(#135),#1850,.F.);
#1884=ADVANCED_FACE('',(#136),#1851,.F.);
#1885=ADVANCED_FACE('',(#137),#1852,.T.);
#1886=ADVANCED_FACE('',(#138),#1853,.F.);
#1887=ADVANCED_FACE('',(#139),#1854,.F.);
#1888=ADVANCED_FACE('',(#140),#1855,.T.);
#1889=ADVANCED_FACE('',(#141),#1856,.T.);
#1890=ADVANCED_FACE('',(#142),#1857,.F.);
#1891=ADVANCED_FACE('',(#143),#1858,.F.);
#1892=ADVANCED_FACE('',(#144),#1859,.F.);
#1893=ADVANCED_FACE('',(#145),#1860,.F.);
#1894=ADVANCED_FACE('',(#146),#1861,.F.);
#1895=ADVANCED_FACE('',(#147),#51,.F.);
#1896=ADVANCED_FACE('',(#148),#52,.F.);
#1897=ADVANCED_FACE('',(#149),#1862,.F.);
#1898=ADVANCED_FACE('',(#150),#53,.T.);
#1899=ADVANCED_FACE('',(#151),#54,.T.);
#1900=ADVANCED_FACE('',(#152),#55,.T.);
#1901=ADVANCED_FACE('',(#153),#56,.T.);
#1902=ADVANCED_FACE('',(#154),#57,.T.);
#1903=ADVANCED_FACE('',(#155),#58,.T.);
#1904=ADVANCED_FACE('',(#156),#59,.T.);
#1905=ADVANCED_FACE('',(#157),#60,.F.);
#1906=ADVANCED_FACE('',(#158),#61,.F.);
#1907=ADVANCED_FACE('',(#159),#62,.T.);
#1908=ADVANCED_FACE('',(#160),#63,.T.);
#1909=ADVANCED_FACE('',(#161),#64,.F.);
#1910=ADVANCED_FACE('',(#162),#65,.F.);
#1911=ADVANCED_FACE('',(#163),#66,.T.);
#1912=ADVANCED_FACE('',(#164),#67,.F.);
#1913=ADVANCED_FACE('',(#165),#68,.T.);
#1914=ADVANCED_FACE('',(#166),#69,.T.);
#1915=ADVANCED_FACE('',(#167),#70,.T.);
#1916=ADVANCED_FACE('',(#168),#71,.T.);
#1917=ADVANCED_FACE('',(#169),#72,.F.);
#1918=ADVANCED_FACE('',(#170),#73,.T.);
#1919=ADVANCED_FACE('',(#171),#74,.F.);
#1920=ADVANCED_FACE('',(#172),#75,.F.);
#1921=ADVANCED_FACE('',(#173),#76,.F.);
#1922=ADVANCED_FACE('',(#174),#77,.F.);
#1923=ADVANCED_FACE('',(#175),#78,.T.);
#1924=ADVANCED_FACE('',(#176),#79,.T.);
#1925=ADVANCED_FACE('',(#177,#38),#80,.F.);
#1926=ADVANCED_FACE('',(#178),#81,.F.);
#1927=ADVANCED_FACE('',(#179),#82,.T.);
#1928=ADVANCED_FACE('',(#180),#83,.F.);
#1929=ADVANCED_FACE('',(#181,#39,#40),#84,.F.);
#1930=ADVANCED_FACE('',(#182,#41),#85,.T.);
#1931=ADVANCED_FACE('',(#183,#42,#43),#86,.T.);
#1932=ADVANCED_FACE('',(#184),#87,.F.);
#1933=ADVANCED_FACE('',(#185),#88,.F.);
#1934=ADVANCED_FACE('',(#186),#89,.T.);
#1935=ADVANCED_FACE('',(#187),#90,.T.);
#1936=ADVANCED_FACE('',(#188),#91,.F.);
#1937=ADVANCED_FACE('',(#189),#92,.F.);
#1938=ADVANCED_FACE('',(#190),#93,.F.);
#1939=ADVANCED_FACE('',(#191),#94,.T.);
#1940=ADVANCED_FACE('',(#192),#95,.F.);
#1941=ADVANCED_FACE('',(#193),#96,.T.);
#1942=ADVANCED_FACE('',(#194,#44),#97,.F.);
#1943=ADVANCED_FACE('',(#195),#30,.T.);
#1944=ADVANCED_FACE('',(#196),#98,.T.);
#1945=ADVANCED_FACE('',(#197),#99,.F.);
#1946=ADVANCED_FACE('',(#198),#100,.F.);
#1947=ADVANCED_FACE('',(#199),#101,.F.);
#1948=ADVANCED_FACE('',(#200),#102,.F.);
#1949=ADVANCED_FACE('',(#201),#103,.F.);
#1950=ADVANCED_FACE('',(#202),#104,.F.);
#1951=ADVANCED_FACE('',(#203),#105,.T.);
#1952=ADVANCED_FACE('',(#204),#106,.F.);
#1953=ADVANCED_FACE('',(#205),#107,.F.);
#1954=ADVANCED_FACE('',(#206),#108,.F.);
#1955=ADVANCED_FACE('',(#207),#109,.T.);
#1956=ADVANCED_FACE('',(#208),#110,.T.);
#1957=ADVANCED_FACE('',(#209,#45),#111,.T.);
#1958=ADVANCED_FACE('',(#210),#112,.F.);
#1959=ADVANCED_FACE('',(#211),#113,.F.);
#1960=ADVANCED_FACE('',(#212),#114,.T.);
#1961=CLOSED_SHELL('',(#1863,#1864,#1865,#1866,#1867,#1868,#1869,#1870,
#1871,#1872,#1873,#1874,#1875,#1876,#1877,#1878,#1879,#1880,#1881,#1882,
#1883,#1884,#1885,#1886,#1887,#1888,#1889,#1890,#1891,#1892,#1893,#1894,
#1895,#1896,#1897,#1898,#1899,#1900,#1901,#1902,#1903,#1904,#1905,#1906,
#1907,#1908,#1909,#1910,#1911,#1912,#1913,#1914,#1915,#1916,#1917,#1918,
#1919,#1920,#1921,#1922,#1923,#1924,#1925,#1926,#1927,#1928,#1929,#1930,
#1931,#1932,#1933,#1934,#1935,#1936,#1937,#1938,#1939,#1940,#1941,#1942,
#1943,#1944,#1945,#1946,#1947,#1948,#1949,#1950,#1951,#1952,#1953,#1954,
#1955,#1956,#1957,#1958,#1959,#1960));
#1962=DERIVED_UNIT_ELEMENT(#1964,1.);
#1963=DERIVED_UNIT_ELEMENT(#3318,-3.);
#1964=(
MASS_UNIT()
NAMED_UNIT(*)
SI_UNIT(.KILO.,.GRAM.)
);
#1965=DERIVED_UNIT((#1962,#1963));
#1966=MEASURE_REPRESENTATION_ITEM('density measure',
POSITIVE_RATIO_MEASURE(7850.),#1965);
#1967=PROPERTY_DEFINITION_REPRESENTATION(#1972,#1969);
#1968=PROPERTY_DEFINITION_REPRESENTATION(#1973,#1970);
#1969=REPRESENTATION('material name',(#1971),#3315);
#1970=REPRESENTATION('density',(#1966),#3315);
#1971=DESCRIPTIVE_REPRESENTATION_ITEM('Steel','Steel');
#1972=PROPERTY_DEFINITION('material property','material name',#3325);
#1973=PROPERTY_DEFINITION('material property','density of part',#3325);
#1974=AXIS2_PLACEMENT_3D('',#2679,#2143,#2144);
#1975=AXIS2_PLACEMENT_3D('',#2680,#2145,#2146);
#1976=AXIS2_PLACEMENT_3D('',#2685,#2148,#2149);
#1977=AXIS2_PLACEMENT_3D('',#2687,#2150,#2151);
#1978=AXIS2_PLACEMENT_3D('',#2689,#2152,#2153);
#1979=AXIS2_PLACEMENT_3D('',#2693,#2155,#2156);
#1980=AXIS2_PLACEMENT_3D('',#2695,#2157,#2158);
#1981=AXIS2_PLACEMENT_3D('',#2696,#2159,#2160);
#1982=AXIS2_PLACEMENT_3D('',#2697,#2161,#2162);
#1983=AXIS2_PLACEMENT_3D('',#2709,#2168,#2169);
#1984=AXIS2_PLACEMENT_3D('',#2711,#2170,#2171);
#1985=AXIS2_PLACEMENT_3D('',#2713,#2172,#2173);
#1986=AXIS2_PLACEMENT_3D('',#2717,#2175,#2176);
#1987=AXIS2_PLACEMENT_3D('',#2725,#2180,#2181);
#1988=AXIS2_PLACEMENT_3D('',#2729,#2183,#2184);
#1989=AXIS2_PLACEMENT_3D('',#2735,#2187,#2188);
#1990=AXIS2_PLACEMENT_3D('',#2738,#2190,#2191);
#1991=AXIS2_PLACEMENT_3D('',#2739,#2192,#2193);
#1992=AXIS2_PLACEMENT_3D('',#2747,#2198,#2199);
#1993=AXIS2_PLACEMENT_3D('',#2751,#2202,#2203);
#1994=AXIS2_PLACEMENT_3D('',#2755,#2206,#2207);
#1995=AXIS2_PLACEMENT_3D('',#2769,#2215,#2216);
#1996=AXIS2_PLACEMENT_3D('',#2772,#2217,#2218);
#1997=AXIS2_PLACEMENT_3D('',#2777,#2221,#2222);
#1998=AXIS2_PLACEMENT_3D('',#2778,#2223,#2224);
#1999=AXIS2_PLACEMENT_3D('',#2779,#2225,#2226);
#2000=AXIS2_PLACEMENT_3D('',#2787,#2227,#2228);
#2001=AXIS2_PLACEMENT_3D('',#2790,#2230,#2231);
#2002=AXIS2_PLACEMENT_3D('',#2791,#2232,#2233);
#2003=AXIS2_PLACEMENT_3D('',#2794,#2235,#2236);
#2004=AXIS2_PLACEMENT_3D('',#2795,#2237,#2238);
#2005=AXIS2_PLACEMENT_3D('',#2800,#2240,#2241);
#2006=AXIS2_PLACEMENT_3D('',#2803,#2243,#2244);
#2007=AXIS2_PLACEMENT_3D('',#2804,#2245,#2246);
#2008=AXIS2_PLACEMENT_3D('',#2807,#2247,#2248);
#2009=AXIS2_PLACEMENT_3D('',#2811,#2250,#2251);
#2010=AXIS2_PLACEMENT_3D('',#2813,#2253,#2254);
#2011=AXIS2_PLACEMENT_3D('',#2818,#2256,#2257);
#2012=AXIS2_PLACEMENT_3D('',#2821,#2259,#2260);
#2013=AXIS2_PLACEMENT_3D('',#2822,#2261,#2262);
#2014=AXIS2_PLACEMENT_3D('',#2825,#2263,#2264);
#2015=AXIS2_PLACEMENT_3D('',#2829,#2266,#2267);
#2016=AXIS2_PLACEMENT_3D('',#2831,#2269,#2270);
#2017=AXIS2_PLACEMENT_3D('',#2836,#2272,#2273);
#2018=AXIS2_PLACEMENT_3D('',#2839,#2275,#2276);
#2019=AXIS2_PLACEMENT_3D('',#2840,#2277,#2278);
#2020=AXIS2_PLACEMENT_3D('',#2843,#2279,#2280);
#2021=AXIS2_PLACEMENT_3D('',#2847,#2282,#2283);
#2022=AXIS2_PLACEMENT_3D('',#2849,#2285,#2286);
#2023=AXIS2_PLACEMENT_3D('',#2852,#2287,#2288);
#2024=AXIS2_PLACEMENT_3D('',#2856,#2290,#2291);
#2025=AXIS2_PLACEMENT_3D('',#2858,#2293,#2294);
#2026=AXIS2_PLACEMENT_3D('',#2863,#2296,#2297);
#2027=AXIS2_PLACEMENT_3D('',#2866,#2299,#2300);
#2028=AXIS2_PLACEMENT_3D('',#2867,#2301,#2302);
#2029=AXIS2_PLACEMENT_3D('',#2872,#2304,#2305);
#2030=AXIS2_PLACEMENT_3D('',#2875,#2307,#2308);
#2031=AXIS2_PLACEMENT_3D('',#2876,#2309,#2310);
#2032=AXIS2_PLACEMENT_3D('',#2881,#2312,#2313);
#2033=AXIS2_PLACEMENT_3D('',#2884,#2315,#2316);
#2034=AXIS2_PLACEMENT_3D('',#2885,#2317,#2318);
#2035=AXIS2_PLACEMENT_3D('',#2890,#2320,#2321);
#2036=AXIS2_PLACEMENT_3D('',#2893,#2323,#2324);
#2037=AXIS2_PLACEMENT_3D('',#2894,#2325,#2326);
#2038=AXIS2_PLACEMENT_3D('',#2897,#2327,#2328);
#2039=AXIS2_PLACEMENT_3D('',#2901,#2330,#2331);
#2040=AXIS2_PLACEMENT_3D('',#2903,#2333,#2334);
#2041=AXIS2_PLACEMENT_3D('',#2906,#2335,#2336);
#2042=AXIS2_PLACEMENT_3D('',#2910,#2338,#2339);
#2043=AXIS2_PLACEMENT_3D('',#2925,#2341,#2342);
#2044=AXIS2_PLACEMENT_3D('',#2937,#2344,#2345);
#2045=AXIS2_PLACEMENT_3D('',#2939,#2347,#2348);
#2046=AXIS2_PLACEMENT_3D('',#2944,#2350,#2351);
#2047=AXIS2_PLACEMENT_3D('',#2956,#2353,#2354);
#2048=AXIS2_PLACEMENT_3D('',#2968,#2356,#2357);
#2049=AXIS2_PLACEMENT_3D('',#2971,#2359,#2360);
#2050=AXIS2_PLACEMENT_3D('',#2972,#2361,#2362);
#2051=AXIS2_PLACEMENT_3D('',#2975,#2363,#2364);
#2052=AXIS2_PLACEMENT_3D('',#2979,#2366,#2367);
#2053=AXIS2_PLACEMENT_3D('',#2983,#2371,#2372);
#2054=AXIS2_PLACEMENT_3D('',#2989,#2376,#2377);
#2055=AXIS2_PLACEMENT_3D('',#2990,#2378,#2379);
#2056=AXIS2_PLACEMENT_3D('',#2992,#2380,#2381);
#2057=AXIS2_PLACEMENT_3D('',#2995,#2383,#2384);
#2058=AXIS2_PLACEMENT_3D('',#2998,#2386,#2387);
#2059=AXIS2_PLACEMENT_3D('',#2999,#2388,#2389);
#2060=AXIS2_PLACEMENT_3D('',#3001,#2390,#2391);
#2061=AXIS2_PLACEMENT_3D('',#3003,#2392,#2393);
#2062=AXIS2_PLACEMENT_3D('',#3006,#2396,#2397);
#2063=AXIS2_PLACEMENT_3D('',#3008,#2398,#2399);
#2064=AXIS2_PLACEMENT_3D('',#3011,#2401,#2402);
#2065=AXIS2_PLACEMENT_3D('',#3012,#2403,#2404);
#2066=AXIS2_PLACEMENT_3D('',#3014,#2405,#2406);
#2067=AXIS2_PLACEMENT_3D('',#3017,#2408,#2409);
#2068=AXIS2_PLACEMENT_3D('',#3018,#2410,#2411);
#2069=AXIS2_PLACEMENT_3D('',#3020,#2412,#2413);
#2070=AXIS2_PLACEMENT_3D('',#3023,#2415,#2416);
#2071=AXIS2_PLACEMENT_3D('',#3024,#2417,#2418);
#2072=AXIS2_PLACEMENT_3D('',#3026,#2419,#2420);
#2073=AXIS2_PLACEMENT_3D('',#3029,#2422,#2423);
#2074=AXIS2_PLACEMENT_3D('',#3030,#2424,#2425);
#2075=AXIS2_PLACEMENT_3D('',#3034,#2427,#2428);
#2076=AXIS2_PLACEMENT_3D('',#3036,#2430,#2431);
#2077=AXIS2_PLACEMENT_3D('',#3040,#2434,#2435);
#2078=AXIS2_PLACEMENT_3D('',#3053,#2440,#2441);
#2079=AXIS2_PLACEMENT_3D('',#3059,#2442,#2443);
#2080=AXIS2_PLACEMENT_3D('',#3063,#2444,#2445);
#2081=AXIS2_PLACEMENT_3D('',#3071,#2450,#2451);
#2082=AXIS2_PLACEMENT_3D('',#3079,#2454,#2455);
#2083=AXIS2_PLACEMENT_3D('',#3087,#2460,#2461);
#2084=AXIS2_PLACEMENT_3D('',#3091,#2464,#2465);
#2085=AXIS2_PLACEMENT_3D('',#3094,#2468,#2469);
#2086=AXIS2_PLACEMENT_3D('',#3104,#2475,#2476);
#2087=AXIS2_PLACEMENT_3D('',#3114,#2480,#2481);
#2088=AXIS2_PLACEMENT_3D('',#3117,#2484,#2485);
#2089=AXIS2_PLACEMENT_3D('',#3123,#2489,#2490);
#2090=AXIS2_PLACEMENT_3D('',#3127,#2493,#2494);
#2091=AXIS2_PLACEMENT_3D('',#3131,#2497,#2498);
#2092=AXIS2_PLACEMENT_3D('',#3133,#2500,#2501);
#2093=AXIS2_PLACEMENT_3D('',#3143,#2507,#2508);
#2094=AXIS2_PLACEMENT_3D('',#3153,#2514,#2515);
#2095=AXIS2_PLACEMENT_3D('',#3161,#2523,#2524);
#2096=AXIS2_PLACEMENT_3D('',#3166,#2528,#2529);
#2097=AXIS2_PLACEMENT_3D('',#3169,#2532,#2533);
#2098=AXIS2_PLACEMENT_3D('',#3173,#2536,#2537);
#2099=AXIS2_PLACEMENT_3D('',#3177,#2540,#2541);
#2100=AXIS2_PLACEMENT_3D('',#3183,#2545,#2546);
#2101=AXIS2_PLACEMENT_3D('',#3190,#2551,#2552);
#2102=AXIS2_PLACEMENT_3D('',#3192,#2554,#2555);
#2103=AXIS2_PLACEMENT_3D('',#3198,#2560,#2561);
#2104=AXIS2_PLACEMENT_3D('',#3200,#2563,#2564);
#2105=AXIS2_PLACEMENT_3D('',#3202,#2566,#2567);
#2106=AXIS2_PLACEMENT_3D('',#3203,#2568,#2569);
#2107=AXIS2_PLACEMENT_3D('',#3209,#2573,#2574);
#2108=AXIS2_PLACEMENT_3D('',#3215,#2577,#2578);
#2109=AXIS2_PLACEMENT_3D('',#3220,#2583,#2584);
#2110=AXIS2_PLACEMENT_3D('',#3223,#2587,#2588);
#2111=AXIS2_PLACEMENT_3D('',#3227,#2591,#2592);
#2112=AXIS2_PLACEMENT_3D('',#3232,#2597,#2598);
#2113=AXIS2_PLACEMENT_3D('',#3239,#2601,#2602);
#2114=AXIS2_PLACEMENT_3D('',#3242,#2605,#2606);
#2115=AXIS2_PLACEMENT_3D('',#3246,#2610,#2611);
#2116=AXIS2_PLACEMENT_3D('',#3254,#2614,#2615);
#2117=AXIS2_PLACEMENT_3D('',#3255,#2616,#2617);
#2118=AXIS2_PLACEMENT_3D('',#3261,#2619,#2620);
#2119=AXIS2_PLACEMENT_3D('',#3264,#2623,#2624);
#2120=AXIS2_PLACEMENT_3D('',#3268,#2627,#2628);
#2121=AXIS2_PLACEMENT_3D('',#3269,#2629,#2630);
#2122=AXIS2_PLACEMENT_3D('',#3275,#2632,#2633);
#2123=AXIS2_PLACEMENT_3D('',#3279,#2634,#2635);
#2124=AXIS2_PLACEMENT_3D('',#3283,#2636,#2637);
#2125=AXIS2_PLACEMENT_3D('',#3288,#2639,#2640);
#2126=AXIS2_PLACEMENT_3D('',#3292,#2641,#2642);
#2127=AXIS2_PLACEMENT_3D('',#3294,#2644,#2645);
#2128=AXIS2_PLACEMENT_3D('',#3296,#2647,#2648);
#2129=AXIS2_PLACEMENT_3D('',#3298,#2650,#2651);
#2130=AXIS2_PLACEMENT_3D('',#3299,#2652,#2653);
#2131=AXIS2_PLACEMENT_3D('',#3301,#2655,#2656);
#2132=AXIS2_PLACEMENT_3D('',#3302,#2657,#2658);
#2133=AXIS2_PLACEMENT_3D('',#3303,#2659,#2660);
#2134=AXIS2_PLACEMENT_3D('',#3304,#2661,#2662);
#2135=AXIS2_PLACEMENT_3D('',#3305,#2663,#2664);
#2136=AXIS2_PLACEMENT_3D('',#3306,#2665,#2666);
#2137=AXIS2_PLACEMENT_3D('',#3307,#2667,#2668);
#2138=AXIS2_PLACEMENT_3D('',#3308,#2669,#2670);
#2139=AXIS2_PLACEMENT_3D('',#3309,#2671,#2672);
#2140=AXIS2_PLACEMENT_3D('',#3310,#2673,#2674);
#2141=AXIS2_PLACEMENT_3D('',#3311,#2675,#2676);
#2142=AXIS2_PLACEMENT_3D('',#3312,#2677,#2678);
#2143=DIRECTION('axis',(0.,0.,1.));
#2144=DIRECTION('refdir',(1.,0.,0.));
#2145=DIRECTION('center_axis',(7.81714601444231E-8,5.14893146669792E-6,
0.999999999986741));
#2146=DIRECTION('ref_axis',(-0.999999999999997,0.,7.81714601454593E-8));
#2147=DIRECTION('',(0.,-5.14889895260174E-6,-0.999999999986744));
#2148=DIRECTION('center_axis',(0.,0.,-1.));
#2149=DIRECTION('ref_axis',(0.,-1.,0.));
#2150=DIRECTION('center_axis',(0.999390828470834,-5.12452214300171E-9,-0.0348994551301363));
#2151=DIRECTION('ref_axis',(-0.0348994551296995,-5.15189099532825E-6,-0.99939082845757));
#2152=DIRECTION('center_axis',(0.,0.,-1.));
#2153=DIRECTION('ref_axis',(0.,-1.,0.));
#2154=DIRECTION('',(3.14005034915456E-5,-5.22137330927117E-6,-0.999999999493373));
#2155=DIRECTION('center_axis',(0.,0.,1.));
#2156=DIRECTION('ref_axis',(0.,-1.,0.));
#2157=DIRECTION('center_axis',(-0.999390825349122,1.93338725483675E-9,0.0348995445242561));
#2158=DIRECTION('ref_axis',(-0.0348995445238029,-5.15200244775132E-6,-0.999390825335858));
#2159=DIRECTION('center_axis',(0.,0.,1.));
#2160=DIRECTION('ref_axis',(0.,-1.,0.));
#2161=DIRECTION('center_axis',(0.,0.,1.));
#2162=DIRECTION('ref_axis',(1.,0.,0.));
#2163=DIRECTION('',(0.,1.,0.));
#2164=DIRECTION('',(1.,0.,0.));
#2165=DIRECTION('',(0.,-1.,0.));
#2166=DIRECTION('',(-1.,-2.25843301860754E-18,0.));
#2167=DIRECTION('',(-0.760901532243528,0.648867365668402,0.));
#2168=DIRECTION('center_axis',(0.,0.,1.));
#2169=DIRECTION('ref_axis',(0.310848576368058,0.950459448145975,0.));
#2170=DIRECTION('center_axis',(0.,0.,1.));
#2171=DIRECTION('ref_axis',(0.,1.,0.));
#2172=DIRECTION('center_axis',(0.,0.,1.));
#2173=DIRECTION('ref_axis',(0.706873501383195,-0.70733998405453,0.));
#2174=DIRECTION('',(-2.21606495410807E-9,1.,0.));
#2175=DIRECTION('center_axis',(0.,0.,1.));
#2176=DIRECTION('ref_axis',(-0.707106195138343,-0.707107367234266,0.));
#2177=DIRECTION('',(1.,6.90351274742822E-9,0.));
#2178=DIRECTION('',(-5.12764575880962E-9,-1.,0.));
#2179=DIRECTION('',(-2.13365133438577E-8,-1.,0.));
#2180=DIRECTION('center_axis',(0.,0.,-1.));
#2181=DIRECTION('ref_axis',(-0.707079882396838,0.707133678953049,0.));
#2182=DIRECTION('',(-0.999999907022252,0.000431225564387265,0.));
#2183=DIRECTION('center_axis',(0.,0.,-1.));
#2184=DIRECTION('ref_axis',(0.346109015272435,0.938194302661845,0.));
#2185=DIRECTION('',(0.761534496998746,-0.648124378403457,0.));
#2186=DIRECTION('',(4.54787757414924E-9,-1.,0.));
#2187=DIRECTION('center_axis',(0.,0.,-1.));
#2188=DIRECTION('ref_axis',(0.707107546543951,-0.707106015828316,0.));
#2189=DIRECTION('',(1.,-7.44059346385744E-10,0.));
#2190=DIRECTION('center_axis',(0.,0.,-1.));
#2191=DIRECTION('ref_axis',(-0.707108512013707,-0.707105050355152,0.));
#2192=DIRECTION('center_axis',(-1.,0.,0.));
#2193=DIRECTION('ref_axis',(0.,1.,0.));
#2194=DIRECTION('',(0.,-1.,0.));
#2195=DIRECTION('',(0.,0.,-1.));
#2196=DIRECTION('',(0.,-1.,0.));
#2197=DIRECTION('',(0.,0.,1.));
#2198=DIRECTION('center_axis',(0.,0.,1.));
#2199=DIRECTION('ref_axis',(1.,0.,0.));
#2200=DIRECTION('',(-1.934565743248E-9,-1.,0.));
#2201=DIRECTION('',(-1.,0.,0.));
#2202=DIRECTION('center_axis',(0.,1.,0.));
#2203=DIRECTION('ref_axis',(1.,0.,0.));
#2204=DIRECTION('',(1.,0.,0.));
#2205=DIRECTION('',(0.,0.,-1.));
#2206=DIRECTION('center_axis',(1.,0.,0.));
#2207=DIRECTION('ref_axis',(0.,0.,-1.));
#2208=DIRECTION('',(0.,1.,0.));
#2209=DIRECTION('',(0.,0.,1.));
#2210=DIRECTION('',(0.,0.0348995441326799,-0.999390825362796));
#2211=DIRECTION('',(0.,1.,0.));
#2212=DIRECTION('',(0.,0.,1.));
#2213=DIRECTION('',(0.,1.,0.));
#2214=DIRECTION('',(0.,-0.0348994549251235,0.999390828477993));
#2215=DIRECTION('center_axis',(6.12461751176792E-17,0.,1.));
#2216=DIRECTION('ref_axis',(1.,0.,0.));
#2217=DIRECTION('center_axis',(0.,0.,-1.));
#2218=DIRECTION('ref_axis',(0.,1.,0.));
#2219=DIRECTION('',(0.034866937974901,-0.0348899474982947,0.998782753255091));
#2220=DIRECTION('',(0.0027381263635754,0.0347916254502686,-0.999390837191609));
#2221=DIRECTION('center_axis',(0.,0.,1.));
#2222=DIRECTION('ref_axis',(0.,1.,0.));
#2223=DIRECTION('center_axis',(-0.999390827335758,-1.32589693073942E-8,
-0.0348994876344883));
#2224=DIRECTION('ref_axis',(0.0348994876344883,0.,-0.999390827335758));
#2225=DIRECTION('center_axis',(5.53022138549307E-19,-4.48184085244298E-20,
-1.));
#2226=DIRECTION('ref_axis',(1.,0.,5.53022138549307E-19));
#2227=DIRECTION('center_axis',(0.,0.,1.));
#2228=DIRECTION('ref_axis',(1.,0.,5.53022138549307E-19));
#2229=DIRECTION('',(-5.53022138549307E-19,4.48184085244298E-20,1.));
#2230=DIRECTION('center_axis',(0.,0.,-1.));
#2231=DIRECTION('ref_axis',(1.,0.,5.53022138549307E-19));
#2232=DIRECTION('center_axis',(0.0109130653840191,0.0333680991036614,-0.999383547476209));
#2233=DIRECTION('ref_axis',(-0.999940384349071,0.,-0.0109191459295885));
#2234=DIRECTION('',(-0.0205129112611196,-0.0282347656764441,0.999390823691507));
#2235=DIRECTION('center_axis',(0.,0.,-1.));
#2236=DIRECTION('ref_axis',(0.310848576367899,0.950459448146027,0.));
#2237=DIRECTION('center_axis',(-1.8047808149471E-17,1.57891308738924E-17,
-1.));
#2238=DIRECTION('ref_axis',(1.,0.,-1.8047808149471E-17));
#2239=DIRECTION('',(-1.8047808149471E-17,1.57891308738924E-17,-1.));
#2240=DIRECTION('center_axis',(0.,0.,1.));
#2241=DIRECTION('ref_axis',(1.,0.,-1.8047808149471E-17));
#2242=DIRECTION('',(1.8047808149471E-17,-1.57891308738924E-17,1.));
#2243=DIRECTION('center_axis',(0.,0.,-1.));
#2244=DIRECTION('ref_axis',(1.,0.,-1.8047808149471E-17));
#2245=DIRECTION('center_axis',(8.94373080284647E-18,4.6361052712326E-18,
-1.));
#2246=DIRECTION('ref_axis',(1.,0.,8.94373080284647E-18));
#2247=DIRECTION('center_axis',(0.,0.,-1.));
#2248=DIRECTION('ref_axis',(1.,0.,8.94373080284647E-18));
#2249=DIRECTION('',(8.94373080284647E-18,4.6361052712326E-18,-1.));
#2250=DIRECTION('center_axis',(0.,0.,1.));
#2251=DIRECTION('ref_axis',(1.,0.,8.94373080284647E-18));
#2252=DIRECTION('',(-8.94373080284647E-18,-4.6361052712326E-18,1.));
#2253=DIRECTION('center_axis',(2.04657313000257E-25,-1.,1.34184153152569E-11));
#2254=DIRECTION('ref_axis',(0.,1.34184153152569E-11,1.));
#2255=DIRECTION('',(-2.04657313000257E-25,1.,-1.34184153152569E-11));
#2256=DIRECTION('center_axis',(0.,-1.,0.));
#2257=DIRECTION('ref_axis',(0.,1.34184153152569E-11,1.));
#2258=DIRECTION('',(2.04657313000257E-25,-1.,1.34184153152569E-11));
#2259=DIRECTION('center_axis',(9.33651663496204E-12,0.999390828700482,-0.0348994485538736));
#2260=DIRECTION('ref_axis',(-7.14242736348197E-27,0.0348994485538736,0.999390828700482));
#2261=DIRECTION('center_axis',(-1.,7.57824400003834E-33,3.45175516656541E-19));
#2262=DIRECTION('ref_axis',(7.57824400003834E-33,1.,0.));
#2263=DIRECTION('center_axis',(1.,0.,0.));
#2264=DIRECTION('ref_axis',(7.57824400003834E-33,1.,0.));
#2265=DIRECTION('',(-1.,7.57824400003834E-33,3.45175516656541E-19));
#2266=DIRECTION('center_axis',(-1.,0.,0.));
#2267=DIRECTION('ref_axis',(7.57824400003834E-33,1.,0.));
#2268=DIRECTION('',(1.,-7.57824400003834E-33,-3.45175516656541E-19));
#2269=DIRECTION('center_axis',(1.,3.06751181297086E-31,-3.6666650429441E-19));
#2270=DIRECTION('ref_axis',(3.06751181297086E-31,-1.,0.));
#2271=DIRECTION('',(-1.,-3.06751181297086E-31,3.6666650429441E-19));
#2272=DIRECTION('center_axis',(1.,0.,0.));
#2273=DIRECTION('ref_axis',(3.06751181297086E-31,-1.,0.));
#2274=DIRECTION('',(1.,3.06751181297086E-31,-3.6666650429441E-19));
#2275=DIRECTION('center_axis',(-1.,0.,0.));
#2276=DIRECTION('ref_axis',(3.06751181297086E-31,-1.,0.));
#2277=DIRECTION('center_axis',(2.25803440814468E-24,-1.,1.8520288527947E-10));
#2278=DIRECTION('ref_axis',(0.,1.8520288527947E-10,1.));
#2279=DIRECTION('center_axis',(1.20658079768558E-10,-0.999390826544201,
0.034899510301705));
#2280=DIRECTION('ref_axis',(-7.88042946707096E-26,0.034899510301705,0.999390826544201));
#2281=DIRECTION('',(2.25803440814468E-24,-1.,1.8520288527947E-10));
#2282=DIRECTION('center_axis',(-6.89930731161792E-9,0.999390826675613,-0.0348995065385717));
#2283=DIRECTION('ref_axis',(-7.88042861734252E-26,0.0348995065385717,0.999390826675612));
#2284=DIRECTION('',(-2.25803440814468E-24,1.,-1.8520288527947E-10));
#2285=DIRECTION('center_axis',(-1.,3.69560518356899E-25,8.24613753205002E-19));
#2286=DIRECTION('ref_axis',(3.69560518356899E-25,1.,0.));
#2287=DIRECTION('center_axis',(1.,0.,0.));
#2288=DIRECTION('ref_axis',(3.69560518356899E-25,1.,0.));
#2289=DIRECTION('',(-1.,3.69560518356899E-25,8.24613753205002E-19));
#2290=DIRECTION('center_axis',(-1.,0.,0.));
#2291=DIRECTION('ref_axis',(3.69560518356899E-25,1.,0.));
#2292=DIRECTION('',(1.,-3.69560518356899E-25,-8.24613753205002E-19));
#2293=DIRECTION('center_axis',(-6.71235234413881E-28,1.,-1.07069924507616E-19));
#2294=DIRECTION('ref_axis',(-1.22464679914735E-16,1.07069924507616E-19,
1.));
#2295=DIRECTION('',(-6.71235234413881E-28,1.,-1.07069924507616E-19));
#2296=DIRECTION('center_axis',(0.,1.,0.));
#2297=DIRECTION('ref_axis',(0.,-1.07069924507616E-19,-1.));
#2298=DIRECTION('',(6.71235234413881E-28,-1.,1.07069924507616E-19));
#2299=DIRECTION('center_axis',(0.,1.,0.));
#2300=DIRECTION('ref_axis',(0.,-1.07069924507616E-19,-1.));
#2301=DIRECTION('center_axis',(-3.59192160397455E-25,-1.,-3.64916856746241E-11));
#2302=DIRECTION('ref_axis',(0.,-3.64916856746241E-11,1.));
#2303=DIRECTION('',(3.59192160397455E-25,1.,3.64916856746241E-11));
#2304=DIRECTION('center_axis',(0.,1.,0.));
#2305=DIRECTION('ref_axis',(0.,-3.64916856746241E-11,1.));
#2306=DIRECTION('',(-3.59192160397455E-25,-1.,-3.64916856746241E-11));
#2307=DIRECTION('center_axis',(-0.000430956249363242,-0.999375373086364,
-0.0353366374348401));
#2308=DIRECTION('ref_axis',(0.012187210454877,-0.0353392652511369,0.999301059857758));
#2309=DIRECTION('center_axis',(-7.20503983790371E-25,1.,-3.64899184390747E-11));
#2310=DIRECTION('ref_axis',(-1.22464679914735E-16,3.64899184390747E-11,
1.));
#2311=DIRECTION('',(-7.20503983790371E-25,1.,-3.64899184390747E-11));
#2312=DIRECTION('center_axis',(7.43606086329875E-10,0.999390828086401,-0.0348994661388718));
#2313=DIRECTION('ref_axis',(2.51452043589392E-26,-0.0348994661388718,-0.999390828086401));
#2314=DIRECTION('',(7.20503983790371E-25,-1.,3.64899184390747E-11));
#2315=DIRECTION('center_axis',(0.,-1.,0.));
#2316=DIRECTION('ref_axis',(0.,-3.64899184390747E-11,-1.));
#2317=DIRECTION('center_axis',(1.,1.54181845466599E-26,1.39562883994512E-18));
#2318=DIRECTION('ref_axis',(1.54181845466599E-26,-1.,0.));
#2319=DIRECTION('',(-1.,-1.54181845466599E-26,-1.39562883994512E-18));
#2320=DIRECTION('center_axis',(1.,0.,0.));
#2321=DIRECTION('ref_axis',(1.54181845466599E-26,-1.,0.));
#2322=DIRECTION('',(1.,1.54181845466599E-26,1.39562883994512E-18));
#2323=DIRECTION('center_axis',(-1.,0.,0.));
#2324=DIRECTION('ref_axis',(1.54181845466599E-26,-1.,0.));
#2325=DIRECTION('center_axis',(-1.,1.89249330445091E-25,4.08770092423723E-19));
#2326=DIRECTION('ref_axis',(1.89249330445091E-25,1.,0.));
#2327=DIRECTION('center_axis',(-1.,0.,0.));
#2328=DIRECTION('ref_axis',(1.89249330445091E-25,1.,0.));
#2329=DIRECTION('',(1.,-1.89249330445091E-25,-4.08770092423723E-19));
#2330=DIRECTION('center_axis',(-1.,0.,0.));
#2331=DIRECTION('ref_axis',(1.89249330445091E-25,1.,0.));
#2332=DIRECTION('',(-1.,1.89249330445091E-25,4.08770092423723E-19));
#2333=DIRECTION('center_axis',(-1.,-5.73820775881503E-20,-3.00540391835245E-17));
#2334=DIRECTION('ref_axis',(0.,0.999390826881083,0.0348995006546646));
#2335=DIRECTION('center_axis',(1.,0.,0.));
#2336=DIRECTION('ref_axis',(0.,0.999390826881083,0.0348995006546646));
#2337=DIRECTION('',(-1.,-5.73820775881503E-20,-3.00540391835245E-17));
#2338=DIRECTION('center_axis',(0.999999863549961,-0.000521366936177354,
-3.28112535237698E-5));
#2339=DIRECTION('ref_axis',(0.0005221944298742,0.999390690620619,0.0348994958963438));
#2340=DIRECTION('',(-1.,-5.73820775881503E-20,-3.00540391835245E-17));
#2341=DIRECTION('center_axis',(-0.999390822154266,2.13235156126234E-8,0.0348996360127273));
#2342=DIRECTION('ref_axis',(0.0348996360127338,6.10623157589902E-7,0.999390822154079));
#2343=DIRECTION('',(1.,5.73820775881503E-20,3.00540391835245E-17));
#2344=DIRECTION('center_axis',(0.999999470038445,0.0010292033046922,-2.57563094984317E-5));
#2345=DIRECTION('ref_axis',(-0.00102767746131842,0.999390299142142,0.0348994822256126));
#2346=DIRECTION('',(1.,5.73820775881503E-20,3.00540391835245E-17));
#2347=DIRECTION('center_axis',(0.999999999999901,2.34745188810076E-8,4.43444707697839E-7));
#2348=DIRECTION('ref_axis',(-4.68833935463158E-8,0.998601788512341,0.052862727700631));
#2349=DIRECTION('',(-0.999999999999998,6.61102823945783E-8,0.));
#2350=DIRECTION('center_axis',(-0.999999470038445,-0.0010292033046922,2.57563094984317E-5));
#2351=DIRECTION('ref_axis',(-0.00102640271536407,0.998601262521405,0.0528626994025266));
#2352=DIRECTION('',(-0.999999999999901,-2.34745188810076E-8,-4.43444707697839E-7));
#2353=DIRECTION('center_axis',(0.999390828682187,2.21471499089961E-9,-0.0348994490777541));
#2354=DIRECTION('ref_axis',(0.0348994490777463,6.09203999477687E-7,0.999390828682002));
#2355=DIRECTION('',(0.999999999999901,2.34745188810076E-8,4.43444707697839E-7));
#2356=DIRECTION('center_axis',(-0.999999863549961,0.000521366936177354,
3.28112535237698E-5));
#2357=DIRECTION('ref_axis',(0.000522372447306725,0.998601652254418,0.0528627207185951));
#2358=DIRECTION('',(0.999999999999994,1.13059320109427E-7,0.));
#2359=DIRECTION('center_axis',(-1.,0.,0.));
#2360=DIRECTION('ref_axis',(0.,-0.0528627277006311,0.998601788512342));
#2361=DIRECTION('center_axis',(0.0348766269822068,-0.0348792804906371,0.998782787538311));
#2362=DIRECTION('ref_axis',(-0.999390884131223,0.,0.0348978611867854));
#2363=DIRECTION('center_axis',(0.,0.,1.));
#2364=DIRECTION('ref_axis',(-0.707079882396838,0.707133678953049,0.));
#2365=DIRECTION('',(-0.0348783973513122,0.034878498426476,-0.998782753027764));
#2366=DIRECTION('center_axis',(0.,0.,1.));
#2367=DIRECTION('ref_axis',(-0.707079882396838,0.707133678953049,0.));
#2368=DIRECTION('',(-0.0348766269822068,0.0348792804906371,-0.998782787538311));
#2369=DIRECTION('',(0.0348996360127273,0.,0.999390822154266));
#2370=DIRECTION('',(0.0348766271977771,-0.0348782686841394,0.998782822864362));
#2371=DIRECTION('center_axis',(0.0348784027485562,0.0348782320008971,0.9987827621431));
#2372=DIRECTION('ref_axis',(-0.999390822154266,2.13235156188811E-8,0.0348996360127271));
#2373=DIRECTION('',(-0.0348783938343664,-0.0348782665324665,-0.998782761248524));
#2374=DIRECTION('',(-0.0348784027485562,-0.0348782320008971,-0.9987827621431));
#2375=DIRECTION('',(0.0348784027485562,0.0348782320008971,0.9987827621431));
#2376=DIRECTION('center_axis',(0.,0.,1.));
#2377=DIRECTION('ref_axis',(-0.707108512013707,-0.707105050355152,0.));
#2378=DIRECTION('center_axis',(-0.034866937974901,0.0348899474982947,-0.998782753255091));
#2379=DIRECTION('ref_axis',(-0.714839151259514,0.697547388807288,0.049321680777435));
#2380=DIRECTION('center_axis',(4.68833933723623E-8,-0.998601788512341,-0.052862727700631));
#2381=DIRECTION('ref_axis',(0.0348725618007243,-0.0528305732253708,0.997994406279982));
#2382=DIRECTION('',(-0.0348994490777541,0.,-0.999390828682187));
#2383=DIRECTION('center_axis',(0.,0.,-1.));
#2384=DIRECTION('ref_axis',(0.706873501383195,-0.70733998405453,0.));
#2385=DIRECTION('',(0.0348782515438698,-0.0348832451595861,0.998782592347493));
#2386=DIRECTION('center_axis',(0.,0.,-1.));
#2387=DIRECTION('ref_axis',(0.706873501383195,-0.70733998405453,0.));
#2388=DIRECTION('center_axis',(-0.0348782150570693,-0.0348782728710292,
-0.998782767270224));
#2389=DIRECTION('ref_axis',(-0.999390828682187,-2.21471498461496E-9,0.0348994490777541));
#2390=DIRECTION('center_axis',(5.05830000900323E-18,0.998601788546772,-0.052862727050247));
#2391=DIRECTION('ref_axis',(-0.0348838471682804,-0.0528305533878973,-0.997994012925663));
#2392=DIRECTION('center_axis',(0.,0.,-1.));
#2393=DIRECTION('ref_axis',(-0.707106195138343,-0.707107367234266,0.));
#2394=DIRECTION('',(-0.0348782150570693,-0.0348782728710292,-0.998782767270224));
#2395=DIRECTION('',(0.0348782150570693,0.0348782728710292,0.998782767270224));
#2396=DIRECTION('center_axis',(-6.8964964226695E-18,5.85514896985863E-18,
1.));
#2397=DIRECTION('ref_axis',(-1.,0.,-6.8964964226695E-18));
#2398=DIRECTION('center_axis',(0.,0.,1.));
#2399=DIRECTION('ref_axis',(-1.,0.,-6.8964964226695E-18));
#2400=DIRECTION('',(-6.8964964226695E-18,5.85514896985863E-18,1.));
#2401=DIRECTION('center_axis',(0.,0.,-1.));
#2402=DIRECTION('ref_axis',(-1.,0.,-6.8964964226695E-18));
#2403=DIRECTION('center_axis',(-2.1682585725318E-17,-6.78683023241104E-19,
1.));
#2404=DIRECTION('ref_axis',(-1.,0.,-2.1682585725318E-17));
#2405=DIRECTION('center_axis',(0.,0.,1.));
#2406=DIRECTION('ref_axis',(-1.,0.,-2.1682585725318E-17));
#2407=DIRECTION('',(-2.1682585725318E-17,-6.78683023241104E-19,1.));
#2408=DIRECTION('center_axis',(0.,0.,-1.));
#2409=DIRECTION('ref_axis',(-1.,0.,-2.1682585725318E-17));
#2410=DIRECTION('center_axis',(2.82950649044751E-19,2.90957606252701E-19,
1.));
#2411=DIRECTION('ref_axis',(-1.,0.,2.82950649044751E-19));
#2412=DIRECTION('center_axis',(0.,0.,1.));
#2413=DIRECTION('ref_axis',(-1.,0.,2.82950649044751E-19));
#2414=DIRECTION('',(2.82950649044751E-19,2.90957606252701E-19,1.));
#2415=DIRECTION('center_axis',(0.,0.,-1.));
#2416=DIRECTION('ref_axis',(-1.,0.,2.82950649044751E-19));
#2417=DIRECTION('center_axis',(-2.46916212386513E-17,-1.23022915179559E-18,
1.));
#2418=DIRECTION('ref_axis',(-1.,0.,-2.46916212386513E-17));
#2419=DIRECTION('center_axis',(0.,0.,1.));
#2420=DIRECTION('ref_axis',(-1.,0.,-2.46916212386513E-17));
#2421=DIRECTION('',(-2.46916212386513E-17,-1.23022915179559E-18,1.));
#2422=DIRECTION('center_axis',(0.,0.,-1.));
#2423=DIRECTION('ref_axis',(-1.,0.,-2.46916212386513E-17));
#2424=DIRECTION('center_axis',(0.0348783076715819,-0.0348782321685386,-0.998782765457416));
#2425=DIRECTION('ref_axis',(-7.43605579935003E-10,-0.999390828086401,0.0348994661388716));
#2426=DIRECTION('',(-0.0348783076715819,0.0348782321685386,0.998782765457416));
#2427=DIRECTION('center_axis',(0.,0.,1.));
#2428=DIRECTION('ref_axis',(0.707107546543951,-0.707106015828316,0.));
#2429=DIRECTION('',(0.0348783076715819,-0.0348782321685386,-0.998782765457416));
#2430=DIRECTION('center_axis',(-9.91523838191754E-19,-0.999390826881083,
0.0348995006546646));
#2431=DIRECTION('ref_axis',(0.,-0.0348995006546646,-0.999390826881083));
#2432=DIRECTION('',(1.01780673523027E-5,-0.034899500652857,-0.999390826829318));
#2433=DIRECTION('',(1.,-9.92128216031479E-19,0.));
#2434=DIRECTION('center_axis',(1.,0.,0.));
#2435=DIRECTION('ref_axis',(0.,0.,-1.));
#2436=DIRECTION('',(0.,0.,-1.));
#2437=DIRECTION('',(0.,-1.,0.));
#2438=DIRECTION('',(0.,1.,0.));
#2439=DIRECTION('',(0.,1.,0.));
#2440=DIRECTION('center_axis',(0.0128736867493875,0.0348965760196149,-0.999308009160132));
#2441=DIRECTION('ref_axis',(0.999917029617962,0.,0.0128815325171851));
#2442=DIRECTION('center_axis',(0.,0.,1.));
#2443=DIRECTION('ref_axis',(0.346109015272435,0.938194302661845,0.));
#2444=DIRECTION('center_axis',(1.,0.,0.));
#2445=DIRECTION('ref_axis',(0.,0.,-1.));
#2446=DIRECTION('',(-1.93220948433077E-9,-1.,6.74743345828045E-11));
#2447=DIRECTION('',(0.,-0.0348994661388718,-0.999390828086401));
#2448=DIRECTION('',(0.,1.,0.));
#2449=DIRECTION('',(0.,0.,1.));
#2450=DIRECTION('center_axis',(-0.999390825230158,0.,-0.0348995479309301));
#2451=DIRECTION('ref_axis',(-0.0348995479309301,0.,0.999390825230158));
#2452=DIRECTION('',(0.,1.,0.));
#2453=DIRECTION('',(0.0348995479309301,0.,-0.999390825230158));
#2454=DIRECTION('center_axis',(0.,0.,1.));
#2455=DIRECTION('ref_axis',(1.,0.,0.));
#2456=DIRECTION('',(-0.760901532243528,0.648867365668402,0.));
#2457=DIRECTION('',(2.31686384900974E-18,-1.,0.));
#2458=DIRECTION('',(1.,4.51495902902281E-17,0.));
#2459=DIRECTION('',(-1.326705123234E-8,1.,0.));
#2460=DIRECTION('center_axis',(-5.05830000900323E-18,-0.998601788546772,
0.052862727050247));
#2461=DIRECTION('ref_axis',(0.,-0.052862727050247,-0.998601788546772));
#2462=DIRECTION('',(-1.,5.06538248480847E-18,0.));
#2463=DIRECTION('',(-2.86862118344442E-5,0.0528627270284966,0.998601788135898));
#2464=DIRECTION('center_axis',(0.,-1.,0.));
#2465=DIRECTION('ref_axis',(0.,0.,-1.));
#2466=DIRECTION('',(-1.,0.,0.));
#2467=DIRECTION('',(-1.,0.,0.));
#2468=DIRECTION('center_axis',(-0.999390825456014,-4.54510712290191E-9,
-0.0348995414632752));
#2469=DIRECTION('ref_axis',(-0.0348995414632752,0.,0.999390825456014));
#2470=DIRECTION('',(-0.0348946698373734,-0.0167079652706495,0.999251322697876));
#2471=DIRECTION('',(-4.54787757414924E-9,1.,0.));
#2472=DIRECTION('',(0.0348783072598182,0.0348783100894743,-0.998782762750736));
#2473=DIRECTION('',(0.0348995414632752,0.,-0.999390825456014));
#2474=DIRECTION('',(-4.54787757414924E-9,1.,0.));
#2475=DIRECTION('center_axis',(0.999390822305547,7.59725026216064E-18,-0.0348996316806229));
#2476=DIRECTION('ref_axis',(-0.0348996316806229,0.,-0.999390822305547));
#2477=DIRECTION('',(7.60188115859834E-18,-1.,0.));
#2478=DIRECTION('',(0.,1.,0.));
#2479=DIRECTION('',(-7.60188115859834E-18,1.,0.));
#2480=DIRECTION('center_axis',(3.47039368802317E-18,0.999390825362796,0.0348995441326799));
#2481=DIRECTION('ref_axis',(0.,-0.0348995441326799,0.999390825362796));
#2482=DIRECTION('',(-1.,3.47250905246539E-18,0.));
#2483=DIRECTION('',(1.,0.,0.));
#2484=DIRECTION('center_axis',(-0.999390828151571,-2.31545248077628E-18,
-0.0348994642726304));
#2485=DIRECTION('ref_axis',(-0.0348994642726304,0.,0.999390828151571));
#2486=DIRECTION('',(-0.0348947381179953,-0.0164567805358271,0.999255488664472));
#2487=DIRECTION('',(2.31686384900974E-18,-1.,0.));
#2488=DIRECTION('',(0.0348782303716621,0.034878230371662,-0.998782768219538));
#2489=DIRECTION('center_axis',(-4.51220864308552E-17,0.999390828151571,
0.0348994642726304));
#2490=DIRECTION('ref_axis',(0.,-0.0348994642726304,0.999390828151571));
#2491=DIRECTION('',(1.,4.51495902902281E-17,0.));
#2492=DIRECTION('',(0.0348782532571722,0.0348782303437881,-0.998782767421332));
#2493=DIRECTION('center_axis',(-2.25705724552825E-18,0.999390828477993,
0.0348994549251235));
#2494=DIRECTION('ref_axis',(0.,-0.0348994549251235,0.999390828477993));
#2495=DIRECTION('',(1.,2.25843301860754E-18,0.));
#2496=DIRECTION('',(0.0132739012676807,0.0348963802095618,-0.999302780038866));
#2497=DIRECTION('center_axis',(-0.648465974872272,-0.76043083686268,-0.0351684770963744));
#2498=DIRECTION('ref_axis',(-0.0541537606170633,0.,0.998532608486588));
#2499=DIRECTION('',(0.760901532243528,-0.648867365668402,0.));
#2500=DIRECTION('center_axis',(-9.33651663496204E-12,-0.999390828700482,
0.0348994485538736));
#2501=DIRECTION('ref_axis',(0.,-0.0348994485538736,-0.999390828700482));
#2502=DIRECTION('',(-0.0348782302994575,-0.0348782146622316,-0.998782768770644));
#2503=DIRECTION('',(-1.,9.34220763973031E-12,0.));
#2504=DIRECTION('',(-1.,9.34220763973031E-12,0.));
#2505=DIRECTION('',(0.0348783106611052,0.0348782145643532,0.998782765967771));
#2506=DIRECTION('',(1.,-9.34220763973031E-12,0.));
#2507=DIRECTION('center_axis',(1.20658079768558E-10,-0.999390826544201,
0.034899510301705));
#2508=DIRECTION('ref_axis',(0.,-0.034899510301705,-0.999390826544201));
#2509=DIRECTION('',(-1.,-1.20731626270558E-10,0.));
#2510=DIRECTION('',(-0.0348782213573096,-0.0348782763879162,-0.998782766927403));
#2511=DIRECTION('',(1.,1.20731626270558E-10,0.));
#2512=DIRECTION('',(1.,1.20731626270558E-10,0.));
#2513=DIRECTION('',(0.0348782303156288,0.0348782763770052,0.998782766614953));
#2514=DIRECTION('center_axis',(0.,0.,1.));
#2515=DIRECTION('ref_axis',(1.,0.,0.));
#2516=DIRECTION('',(0.,-1.,0.));
#2517=DIRECTION('',(0.,1.,0.));
#2518=DIRECTION('',(0.,-1.,0.));
#2519=DIRECTION('',(0.,1.,0.));
#2520=DIRECTION('',(-0.00102920330503358,0.999999470370138,0.));
#2521=DIRECTION('',(0.,-1.,0.));
#2522=DIRECTION('',(0.,-1.,0.));
#2523=DIRECTION('center_axis',(-0.999390828470834,5.12452214300171E-9,0.0348994551301363));
#2524=DIRECTION('ref_axis',(0.0348994551301363,0.,0.999390828470834));
#2525=DIRECTION('',(0.0348782213616024,0.0348782728633505,0.998782767050333));
#2526=DIRECTION('',(5.12764575880962E-9,1.,0.));
#2527=DIRECTION('',(5.12764575880962E-9,1.,0.));
#2528=DIRECTION('center_axis',(0.,1.,0.));
#2529=DIRECTION('ref_axis',(0.,0.,1.));
#2530=DIRECTION('',(1.,0.,0.));
#2531=DIRECTION('',(1.,0.,0.));
#2532=DIRECTION('center_axis',(-0.647719430303237,-0.761058690258424,-0.0353441592032049));
#2533=DIRECTION('ref_axis',(-0.054486024317864,0.,0.998514533271316));
#2534=DIRECTION('',(-0.0348945926036388,-0.0167080310766473,0.999251324294628));
#2535=DIRECTION('',(-0.761534496998746,0.648124378403457,0.));
#2536=DIRECTION('center_axis',(-4.68833933723623E-8,0.998601788512341,0.052862727700631));
#2537=DIRECTION('ref_axis',(0.,-0.052862727700631,0.998601788512342));
#2538=DIRECTION('',(0.999999999999999,4.69490380567076E-8,0.));
#2539=DIRECTION('',(-5.20449878312374E-6,0.0528627276996714,-0.998601788498831));
#2540=DIRECTION('center_axis',(-0.999390828154763,-5.065838995619E-17,0.0348994641812366));
#2541=DIRECTION('ref_axis',(0.0348994641812366,0.,0.999390828154763));
#2542=DIRECTION('',(5.06892684313741E-17,-1.,0.));
#2543=DIRECTION('',(-0.0348782302780837,-0.0348782322109621,-0.998782768158576));
#2544=DIRECTION('',(-5.06892684313741E-17,1.,0.));
#2545=DIRECTION('center_axis',(6.89930731161792E-9,-0.999390826675613,0.0348995065385717));
#2546=DIRECTION('ref_axis',(0.,-0.0348995065385717,-0.999390826675613));
#2547=DIRECTION('',(-1.,-6.90351274742822E-9,0.));
#2548=DIRECTION('',(-0.0348782303199216,-0.0348782728524395,-0.998782766737883));
#2549=DIRECTION('',(-1.,-6.90351274742822E-9,0.));
#2550=DIRECTION('',(-1.,-6.90351274742822E-9,0.));
#2551=DIRECTION('center_axis',(1.,0.,0.));
#2552=DIRECTION('ref_axis',(0.,0.,-1.));
#2553=DIRECTION('',(0.,1.,0.));
#2554=DIRECTION('center_axis',(0.,-1.,0.));
#2555=DIRECTION('ref_axis',(0.,0.,-1.));
#2556=DIRECTION('',(0.,0.,-1.));
#2557=DIRECTION('',(-1.,0.,0.));
#2558=DIRECTION('',(1.,0.,0.));
#2559=DIRECTION('',(1.,0.,0.));
#2560=DIRECTION('center_axis',(1.,0.,0.));
#2561=DIRECTION('ref_axis',(0.,0.,-1.));
#2562=DIRECTION('',(0.,1.,0.));
#2563=DIRECTION('center_axis',(1.,0.,0.));
#2564=DIRECTION('ref_axis',(0.,0.,-1.));
#2565=DIRECTION('',(0.,1.,0.));
#2566=DIRECTION('center_axis',(0.,0.,1.));
#2567=DIRECTION('ref_axis',(1.,0.,0.));
#2568=DIRECTION('center_axis',(-0.999390828154763,-3.26301413802264E-17,
-0.0348994641812366));
#2569=DIRECTION('ref_axis',(-0.0348994641812366,0.,0.999390828154763));
#2570=DIRECTION('',(3.26500308597723E-17,-1.,0.));
#2571=DIRECTION('',(-0.0348994641812366,0.,0.999390828154763));
#2572=DIRECTION('',(-3.26500308597723E-17,1.,0.));
#2573=DIRECTION('center_axis',(0.,0.,1.));
#2574=DIRECTION('ref_axis',(1.,0.,0.));
#2575=DIRECTION('',(-0.76085093627973,0.64892669290318,0.));
#2576=DIRECTION('',(1.,0.,0.));
#2577=DIRECTION('center_axis',(0.,0.,1.));
#2578=DIRECTION('ref_axis',(1.,0.,0.));
#2579=DIRECTION('',(0.,-1.,0.));
#2580=DIRECTION('',(0.000521366936458,0.999999864088249,0.));
#2581=DIRECTION('',(0.,1.,0.));
#2582=DIRECTION('',(0.,1.,0.));
#2583=DIRECTION('center_axis',(-0.999390828151571,-4.75615558726806E-17,
0.0348994642726304));
#2584=DIRECTION('ref_axis',(0.0348994642726304,0.,0.999390828151571));
#2585=DIRECTION('',(4.75905466939779E-17,-1.,0.));
#2586=DIRECTION('',(-4.75905466939779E-17,1.,0.));
#2587=DIRECTION('center_axis',(-1.10621808212971E-18,0.999390826881083,
0.0348995006546646));
#2588=DIRECTION('ref_axis',(0.,-0.0348995006546646,0.999390826881083));
#2589=DIRECTION('',(1.45958220497289E-5,-0.0348995006509472,0.999390826774629));
#2590=DIRECTION('',(-1.,-1.10689237120778E-18,0.));
#2591=DIRECTION('center_axis',(0.,0.,1.));
#2592=DIRECTION('ref_axis',(1.,0.,0.));
#2593=DIRECTION('',(-1.,7.44059346385744E-10,0.));
#2594=DIRECTION('',(1.934565743248E-9,1.,0.));
#2595=DIRECTION('',(0.98645521143494,-0.164030838054461,0.));
#2596=DIRECTION('',(0.00102920330503358,-0.999999470370138,0.));
#2597=DIRECTION('center_axis',(0.,0.,1.));
#2598=DIRECTION('ref_axis',(1.,0.,0.));
#2599=DIRECTION('',(2.20743533454338E-18,-1.,0.));
#2600=DIRECTION('',(0.000521366936458,0.999999864088249,0.));
#2601=DIRECTION('center_axis',(0.,0.,1.));
#2602=DIRECTION('ref_axis',(1.,0.,0.));
#2603=DIRECTION('',(-0.986455211434939,0.164030838054461,0.));
#2604=DIRECTION('',(-0.00102920330503358,0.999999470370138,0.));
#2605=DIRECTION('center_axis',(0.,0.,1.));
#2606=DIRECTION('ref_axis',(1.,0.,0.));
#2607=DIRECTION('',(1.,0.,0.));
#2608=DIRECTION('',(-1.,7.44059346385744E-10,0.));
#2609=DIRECTION('',(-1.,0.,0.));
#2610=DIRECTION('center_axis',(-0.999390827335758,-1.32589693073942E-8,
-0.0348994876344883));
#2611=DIRECTION('ref_axis',(-0.0348994876344883,0.,0.999390827335758));
#2612=DIRECTION('',(1.326705123234E-8,-1.,0.));
#2613=DIRECTION('',(-1.326705123234E-8,1.,0.));
#2614=DIRECTION('center_axis',(0.,1.,0.));
#2615=DIRECTION('ref_axis',(0.,0.,1.));
#2616=DIRECTION('center_axis',(1.,0.,0.));
#2617=DIRECTION('ref_axis',(0.,0.,-1.));
#2618=DIRECTION('',(0.,1.,0.));
#2619=DIRECTION('center_axis',(0.,0.,1.));
#2620=DIRECTION('ref_axis',(1.,0.,0.));
#2621=DIRECTION('',(0.999999907022252,-0.000431225564387265,0.));
#2622=DIRECTION('',(-1.,0.,0.));
#2623=DIRECTION('center_axis',(0.,0.,1.));
#2624=DIRECTION('ref_axis',(1.,0.,0.));
#2625=DIRECTION('',(-1.,7.44059346385744E-10,0.));
#2626=DIRECTION('',(1.934565743248E-9,1.,0.));
#2627=DIRECTION('center_axis',(0.999999470038445,0.0010292033046922,-2.57563094984317E-5));
#2628=DIRECTION('ref_axis',(-2.57563231397496E-5,0.,-0.999999999668306));
#2629=DIRECTION('center_axis',(0.,0.,1.));
#2630=DIRECTION('ref_axis',(1.,0.,0.));
#2631=DIRECTION('',(-2.20743533454338E-18,1.,0.));
#2632=DIRECTION('center_axis',(0.,0.,1.));
#2633=DIRECTION('ref_axis',(1.,0.,0.));
#2634=DIRECTION('center_axis',(-0.999390827198335,-2.20609062497614E-18,
0.0348994915697652));
#2635=DIRECTION('ref_axis',(0.0348994915697652,0.,0.999390827198335));
#2636=DIRECTION('center_axis',(0.,0.,1.));
#2637=DIRECTION('ref_axis',(1.,0.,0.));
#2638=DIRECTION('',(-0.000521366936458,-0.999999864088249,0.));
#2639=DIRECTION('center_axis',(-0.000694645942569067,-0.999998081435796,
0.00183155446022336));
#2640=DIRECTION('ref_axis',(-0.0414465663600776,0.00185877173413119,0.999138992885675));
#2641=DIRECTION('center_axis',(0.64892669290318,0.76085093627973,0.));
#2642=DIRECTION('ref_axis',(0.,0.,-1.));
#2643=DIRECTION('',(-0.76085093627973,0.64892669290318,0.));
#2644=DIRECTION('center_axis',(0.000430956249363242,0.999375373086364,0.0353366374348401));
#2645=DIRECTION('ref_axis',(0.,-0.0353366407162588,0.999375465890018));
#2646=DIRECTION('',(-0.999999907022252,0.000431225564387265,0.));
#2647=DIRECTION('center_axis',(-0.999390825349122,1.93338725483675E-9,0.0348995445242561));
#2648=DIRECTION('ref_axis',(0.0348995445242561,0.,0.999390825349122));
#2649=DIRECTION('',(-0.0348783106397313,-0.0348782321130836,-0.998782765355703));
#2650=DIRECTION('center_axis',(0.164030838054461,0.98645521143494,0.));
#2651=DIRECTION('ref_axis',(0.,0.,1.));
#2652=DIRECTION('center_axis',(0.,0.,1.));
#2653=DIRECTION('ref_axis',(1.,0.,0.));
#2654=DIRECTION('',(-1.,7.44059346385744E-10,0.));
#2655=DIRECTION('center_axis',(1.,0.,0.));
#2656=DIRECTION('ref_axis',(0.,0.,-1.));
#2657=DIRECTION('center_axis',(0.999999863549961,-0.000521366936177354,
-3.28112535237698E-5));
#2658=DIRECTION('ref_axis',(-3.28112579832053E-5,0.,-0.999999999461711));
#2659=DIRECTION('center_axis',(1.,0.,0.));
#2660=DIRECTION('ref_axis',(0.,0.,-1.));
#2661=DIRECTION('center_axis',(0.,1.,0.));
#2662=DIRECTION('ref_axis',(0.,0.,1.));
#2663=DIRECTION('center_axis',(-7.43606086329875E-10,-0.999390828086401,
0.0348994661388718));
#2664=DIRECTION('ref_axis',(0.,-0.0348994661388718,-0.999390828086401));
#2665=DIRECTION('center_axis',(0.,1.,0.));
#2666=DIRECTION('ref_axis',(0.,0.,1.));
#2667=DIRECTION('center_axis',(1.,0.,0.));
#2668=DIRECTION('ref_axis',(0.,0.,-1.));
#2669=DIRECTION('center_axis',(0.,0.,1.));
#2670=DIRECTION('ref_axis',(1.,0.,0.));
#2671=DIRECTION('center_axis',(0.,0.,1.));
#2672=DIRECTION('ref_axis',(1.,0.,0.));
#2673=DIRECTION('center_axis',(0.,0.,1.));
#2674=DIRECTION('ref_axis',(1.,0.,0.));
#2675=DIRECTION('center_axis',(-0.999390822154266,2.13235156126234E-8,0.0348996360127273));
#2676=DIRECTION('ref_axis',(0.0348996360127273,0.,0.999390822154266));
#2677=DIRECTION('center_axis',(-0.999390828682187,-2.21471499089961E-9,
0.0348994490777541));
#2678=DIRECTION('ref_axis',(0.0348994490777541,0.,0.999390828682187));
#2679=CARTESIAN_POINT('',(0.,0.,0.));
#2680=CARTESIAN_POINT('Origin',(31.9690951466678,6103.06688617357,-10.9850000322383));
#2681=CARTESIAN_POINT('',(34.5283790527282,-42.3170685085734,7.81500088981759));
#2682=CARTESIAN_POINT('',(34.5283790527282,-42.3170942530714,2.81500007025373));
#2683=CARTESIAN_POINT('',(34.5283790527282,-42.3170813808228,5.31500051895908));
#2684=CARTESIAN_POINT('',(20.9755220499337,-42.307768126316,7.81500088981759));
#2685=CARTESIAN_POINT('Origin',(31.9690966162913,6103.06698297349,7.81500088981759));
#2686=CARTESIAN_POINT('',(20.3783775693573,-42.3067589204771,-9.28500009701186));
#2687=CARTESIAN_POINT('Origin',(31.9691212258367,6103.06860393416,322.629964481537));
#2688=CARTESIAN_POINT('',(17.8267400899006,-42.3014165682056,-9.28500009701181));
#2689=CARTESIAN_POINT('Origin',(31.9690952795593,6103.06689492676,-9.28500009701181));
#2690=CARTESIAN_POINT('',(17.8267934707484,-42.3014254445398,-10.9850000322383));
#2691=CARTESIAN_POINT('',(17.8267667802211,-42.3014210063567,-10.1350000313393));
#2692=CARTESIAN_POINT('',(22.0464703559526,-42.3096874510187,-10.9850000322383));
#2693=CARTESIAN_POINT('Origin',(31.9690951466678,6103.06688617357,-10.9850000322383));
#2694=CARTESIAN_POINT('',(22.5283776396643,-42.3103756099992,2.81500007025373));
#2695=CARTESIAN_POINT('Origin',(31.9691173588304,6103.06834922547,273.161702500403));
#2696=CARTESIAN_POINT('Origin',(31.9690962254339,6103.06695722883,2.81500007025373));
#2697=CARTESIAN_POINT('Origin',(-4.21912499478226,-15.8977630933815,7.81500088981759));
#2698=CARTESIAN_POINT('',(34.5283790527282,-40.10852969383,7.81500088981759));
#2699=CARTESIAN_POINT('',(34.5283790527282,-29.1031463936058,7.81500088981759));
#2700=CARTESIAN_POINT('',(42.5283790524829,-40.10852969383,7.81500088981759));
#2701=CARTESIAN_POINT('',(15.154627028973,-40.10852969383,7.81500088981759));
#2702=CARTESIAN_POINT('',(42.5283790524829,-5.00570998315064,7.81500088981759));
#2703=CARTESIAN_POINT('',(42.5283790524829,-17.1700544316845,7.81500088981759));
#2704=CARTESIAN_POINT('',(30.3488483904889,-5.00570998315063,7.81500088981759));
#2705=CARTESIAN_POINT('',(16.137868551535,-5.00570998315063,7.81500088981759));
#2706=CARTESIAN_POINT('',(23.7852348040575,0.57920521313839,7.81476915510173));
#2707=CARTESIAN_POINT('',(20.6620827428206,3.25478870334434,7.81500088981759));
#2708=CARTESIAN_POINT('',(20.9273314207265,1.63351508538608,7.81474456378369));
#2709=CARTESIAN_POINT('Origin',(20.4490999645714,-4.07598006542197,7.81500088981759));
#2710=CARTESIAN_POINT('',(-12.5369204350742,1.65095062056322,7.81479458654404));
#2711=CARTESIAN_POINT('Origin',(-14.64943041741,-50608.8637010612,7.81500088981759));
#2712=CARTESIAN_POINT('',(-22.2309887098519,-8.08662517715541,7.81499591443459));
#2713=CARTESIAN_POINT('Origin',(-12.5243773350609,-8.0560889056653,7.81500088981759));
#2714=CARTESIAN_POINT('',(-22.2309885050593,-22.0973196570855,7.81500088981759));
#2715=CARTESIAN_POINT('',(-22.2309885198402,-15.4274342601009,7.81500088981759));
#2716=CARTESIAN_POINT('',(-12.460377519245,-31.8679305734135,7.81500088981759));
#2717=CARTESIAN_POINT('Origin',(-12.448462729063,-22.0854047776671,7.81500088981759));
#2718=CARTESIAN_POINT('',(20.9755221034655,-31.8679303425883,7.81500088981759));
#2719=CARTESIAN_POINT('',(1.19202405958769,-31.8679304791639,7.81500088981759));
#2720=CARTESIAN_POINT('',(20.9755221312558,-26.4482171193977,7.81500088981759));
#2721=CARTESIAN_POINT('',(-20.471622072944,-7.99455276478378,7.8150008898176));
#2722=CARTESIAN_POINT('',(-20.4716223741918,-22.1134383867158,7.81500088981759));
#2723=CARTESIAN_POINT('',(-20.4716222262842,-15.1813014471487,7.81500088981759));
#2724=CARTESIAN_POINT('',(-12.476505828938,-0.108521008429496,7.81492663758581));
#2725=CARTESIAN_POINT('Origin',(-12.4665458259639,-8.11373903257623,7.81500088981759));
#2726=CARTESIAN_POINT('',(21.0479112168003,-0.118662968562713,7.81500088981759));
#2727=CARTESIAN_POINT('',(2.70915082721203,-0.110754825528268,7.81500088981759));
#2728=CARTESIAN_POINT('',(22.5148415358763,-0.645976712139438,7.81500088981759));
#2729=CARTESIAN_POINT('Origin',(20.8006887052438,-3.11038899772514,7.81500088981759));
#2730=CARTESIAN_POINT('',(27.5283769145438,-4.91288059332755,7.81500088981759));
#2731=CARTESIAN_POINT('',(19.0431490109613,2.30870041488002,7.81500088981759));
#2732=CARTESIAN_POINT('',(27.5283770154953,-27.1103935783553,7.81500088981759));
#2733=CARTESIAN_POINT('',(27.5283769553585,-13.887339144316,7.81500088981759));
#2734=CARTESIAN_POINT('',(24.5302052192939,-30.1085653780701,7.81500088981759));
#2735=CARTESIAN_POINT('Origin',(24.5265490690176,-27.1067374395071,7.81500088981759));
#2736=CARTESIAN_POINT('',(-12.4764955394525,-30.108565350535,7.81500088981759));
#2737=CARTESIAN_POINT('',(2.1980147811907,-30.1085653614537,7.81500088981759));
#2738=CARTESIAN_POINT('Origin',(-12.4667457643669,-22.1036887884403,7.81500088981759));
#2739=CARTESIAN_POINT('Origin',(34.5283790527282,-42.30852969383,7.81500088981759));
#2740=CARTESIAN_POINT('',(34.5283790527282,-40.6085645479366,2.81500007025373));
#2741=CARTESIAN_POINT('',(34.5283790527282,-41.8835473302446,2.81500007025373));
#2742=CARTESIAN_POINT('',(34.5283790527282,-40.6085645479366,6.11500005237233));
#2743=CARTESIAN_POINT('',(34.5283790527282,-40.6085645479366,6.14000047556531));
#2744=CARTESIAN_POINT('',(34.5283790527282,-40.10852969383,6.11500005237233));
#2745=CARTESIAN_POINT('',(34.5283790527282,-35.4028562248981,6.11500005237233));
#2746=CARTESIAN_POINT('',(34.5283790527282,-40.10852969383,7.81500088981759));
#2747=CARTESIAN_POINT('Origin',(32.5283783446778,-41.4585649666592,2.81500007025373));
#2748=CARTESIAN_POINT('',(22.5283776368726,-40.6085645479366,2.81500007025373));
#2749=CARTESIAN_POINT('',(22.528377646051,-39.0089844889082,2.81500007025373));
#2750=CARTESIAN_POINT('',(32.5283783446778,-40.6085645479366,2.81500007025373));
#2751=CARTESIAN_POINT('Origin',(34.5283790527282,-40.10852969383,7.81500088981759));
#2752=CARTESIAN_POINT('',(42.5283790524829,-40.10852969383,6.11500005237233));
#2753=CARTESIAN_POINT('',(30.8991575556116,-40.10852969383,6.11500005237233));
#2754=CARTESIAN_POINT('',(42.5283790524829,-40.10852969383,3.71500052839247));
#2755=CARTESIAN_POINT('Origin',(42.5283790524829,-18.4423457699874,-0.384999833032655));
#2756=CARTESIAN_POINT('',(42.5283790524829,-6.60856549416033,6.11500005237233));
#2757=CARTESIAN_POINT('',(42.5283790524829,-23.4697642629769,6.11500005237233));
#2758=CARTESIAN_POINT('',(42.5283790524829,-6.60856549416033,2.81500007025373));
#2759=CARTESIAN_POINT('',(42.5283790524829,-6.60856549416033,2.04000011414019));
#2760=CARTESIAN_POINT('',(42.5283790524829,-6.126658215861,-10.9850000322383));
#2761=CARTESIAN_POINT('',(42.5283790524829,-6.43949006461262,-2.02668016608));
#2762=CARTESIAN_POINT('',(42.5283790524829,-4.1362653080059,-10.9850000322383));
#2763=CARTESIAN_POINT('',(42.5283790524829,-7.21223349075834,-10.9850000322383));
#2764=CARTESIAN_POINT('',(42.5283790524829,-4.1362653080059,-9.28500009701181));
#2765=CARTESIAN_POINT('',(42.5283790524829,-4.1362653080059,-5.25999994882886));
#2766=CARTESIAN_POINT('',(42.5283790524829,-4.40856550608126,-9.28500009701181));
#2767=CARTESIAN_POINT('',(42.5283790524829,-7.11985316291256,-9.28500009701181));
#2768=CARTESIAN_POINT('',(42.5283790524829,-4.72160597384885,-0.320683230155185));
#2769=CARTESIAN_POINT('Origin',(-14.64943041741,-50608.8637010612,-1725.8664184968));
#2770=CARTESIAN_POINT('',(-12.6416427192704,1.75574088361986,4.81500039807927));
#2771=CARTESIAN_POINT('',(19.6359944536822,1.75004158053005,4.81500039807927));
#2772=CARTESIAN_POINT('Origin',(-14.64943041741,-50608.8637010612,4.81500039807927));
#2773=CARTESIAN_POINT('',(-12.6460052892162,1.7601063325296,4.69003216528157));
#2774=CARTESIAN_POINT('',(20.9437695290673,1.8423812764481,1.81499990634095));
#2775=CARTESIAN_POINT('',(20.9273307543028,1.63350424941334,7.81500088981759));
#2776=CARTESIAN_POINT('',(19.7407567507166,1.85246955303731,1.81499990634095));
#2777=CARTESIAN_POINT('Origin',(-14.64943041741,-50608.8637010612,1.81499990634095));
#2778=CARTESIAN_POINT('Origin',(79.9580071384103,-50608.8636998061,-1722.56265483718));
#2779=CARTESIAN_POINT('Origin',(22.6543666674774,8.89145365043669,-9.28500009701181));
#2780=CARTESIAN_POINT('',(22.9441723349511,11.877403514653,-9.28500009701181));
#2781=CARTESIAN_POINT('',(22.956909558487,11.8761398509632,-10.9850000322383));
#2782=CARTESIAN_POINT('Ctrl Pts',(22.9441723349504,11.8774035146531,-9.28500009701181));
#2783=CARTESIAN_POINT('Ctrl Pts',(22.9476435792795,11.8770666080319,-9.84739412952795));
#2784=CARTESIAN_POINT('Ctrl Pts',(22.9518907043714,11.8766485874036,-10.4143339268435));
#2785=CARTESIAN_POINT('Ctrl Pts',(22.956909558486,11.8761398509632,-10.9850000322383));
#2786=CARTESIAN_POINT('',(24.3605202563318,11.3590281372055,-9.28500009701181));
#2787=CARTESIAN_POINT('Origin',(22.6543666674774,8.89145365043669,-9.28500009701181));
#2788=CARTESIAN_POINT('',(24.3605202563318,11.3590281372055,-10.9850000322383));
#2789=CARTESIAN_POINT('',(24.3605202563318,11.3590281372055,-9.28500009701181));
#2790=CARTESIAN_POINT('Origin',(22.6543666674774,8.89145365043669,-10.9850000322383));
#2791=CARTESIAN_POINT('Origin',(20.5166672018633,-3.86938455895522,1.62612512205826));
#2792=CARTESIAN_POINT('',(23.9083023317069,0.748806022333812,1.81499990634095));
#2793=CARTESIAN_POINT('',(23.908382556938,0.748710550625646,1.81499990634095));
#2794=CARTESIAN_POINT('Origin',(20.5146187601293,-3.8756479326621,1.81499990634095));
#2795=CARTESIAN_POINT('Origin',(-21.4716222483503,7.89143370188079,-10.9850000322383));
#2796=CARTESIAN_POINT('',(-25.4564023997061,8.24005693741883,-9.28500009701181));
#2797=CARTESIAN_POINT('',(-25.4564038913427,8.24005689616822,-10.9850000322383));
#2798=CARTESIAN_POINT('',(-25.4564023997061,8.24005693741883,-10.9850000322383));
#2799=CARTESIAN_POINT('',(-21.820245916026,11.8762147180375,-9.28500009701181));
#2800=CARTESIAN_POINT('Origin',(-21.4716222483503,7.89143370188079,-9.28500009701181));
#2801=CARTESIAN_POINT('',(-21.8202459381944,11.8762138134898,-10.9850000322383));
#2802=CARTESIAN_POINT('',(-21.8202459381944,11.8762138134898,-10.9850000322383));
#2803=CARTESIAN_POINT('Origin',(-21.4716222483503,7.89143370188079,-10.9850000322383));
#2804=CARTESIAN_POINT('Origin',(-21.4716228698041,-31.7187704307114,-9.28500009701181));
#2805=CARTESIAN_POINT('',(-22.451474254291,-35.5969011697584,-10.9850000322383));
#2806=CARTESIAN_POINT('',(-25.4579505265461,-32.0492220650316,-10.9850000322383));
#2807=CARTESIAN_POINT('Origin',(-21.4716228698041,-31.7187704307114,-10.9850000322383));
#2808=CARTESIAN_POINT('',(-22.4514742542979,-35.5969011698079,-9.28500009701181));
#2809=CARTESIAN_POINT('',(-22.4514740871879,-35.5968999677186,-9.28500009701181));
#2810=CARTESIAN_POINT('',(-25.45794935063,-32.0492220947753,-9.28500009701181));
#2811=CARTESIAN_POINT('Origin',(-21.4716228698041,-31.7187704307114,-9.28500009701181));
#2812=CARTESIAN_POINT('',(-25.45794935063,-32.0492220947753,-9.28500009701181));
#2813=CARTESIAN_POINT('Origin',(8.52837720473893,-34.8209442270204,-6.8850001828802));
#2814=CARTESIAN_POINT('',(3.27837719885832,-34.2085661065981,0.115000000218271));
#2815=CARTESIAN_POINT('',(3.27837719884736,-34.8209443791446,0.115000000218271));
#2816=CARTESIAN_POINT('',(3.27837719884736,-34.8209442269265,0.115000000218271));
#2817=CARTESIAN_POINT('',(13.7783772106195,-34.2085661065981,0.115000000218271));
#2818=CARTESIAN_POINT('Origin',(8.52837720473893,-34.2085661067202,-6.88500018288842));
#2819=CARTESIAN_POINT('',(13.7783772106305,-34.8209443792427,0.115000000218271));
#2820=CARTESIAN_POINT('',(13.7783772106305,-34.8209442269265,0.115000000218271));
#2821=CARTESIAN_POINT('Origin',(8.52837720473893,-35.0653894343726,-6.88500018287692));
#2822=CARTESIAN_POINT('Origin',(-27.9716222588193,-16.1085651886865,-3.88499994033588));
#2823=CARTESIAN_POINT('',(-28.9716242853772,-7.95013385318061,-1.88500032760728));
#2824=CARTESIAN_POINT('',(-28.9716242853772,-24.2669965241924,-1.88500032760728));
#2825=CARTESIAN_POINT('Origin',(-28.9716242853772,-16.1085651886865,-3.88499994033588));
#2826=CARTESIAN_POINT('',(-27.9716222588193,-7.95013385318061,-1.88500032760728));
#2827=CARTESIAN_POINT('',(-27.9716222588193,-7.95013385318061,-1.88500032760728));
#2828=CARTESIAN_POINT('',(-27.9716222588193,-24.2669965241924,-1.88500032760728));
#2829=CARTESIAN_POINT('Origin',(-27.9716222588193,-16.1085651886865,-3.88499994033588));
#2830=CARTESIAN_POINT('',(-27.9716222588193,-24.2669965241924,-1.88500032760728));
#2831=CARTESIAN_POINT('Origin',(-27.9716222588193,-16.1085651886865,-3.88500036940822));
#2832=CARTESIAN_POINT('',(-27.9716222588193,-25.0885429655927,-1.88500032760728));
#2833=CARTESIAN_POINT('',(-29.9716225866448,-25.0885429655927,-1.88500032760728));
#2834=CARTESIAN_POINT('',(-27.9716222588193,-25.0885429655927,-1.88500032760728));
#2835=CARTESIAN_POINT('',(-27.9716222588193,-7.12858741178036,-1.88500032760728));
#2836=CARTESIAN_POINT('Origin',(-27.9716222588193,-16.1085651886865,-3.88500036940822));
#2837=CARTESIAN_POINT('',(-29.9716225866448,-7.12858741178036,-1.88500032760728));
#2838=CARTESIAN_POINT('',(-27.9716222588193,-7.12858741178036,-1.88500032760728));
#2839=CARTESIAN_POINT('Origin',(-29.9716225866448,-16.1085651886865,-3.88500036940822));
#2840=CARTESIAN_POINT('Origin',(8.52837720473893,-36.5209450644657,-6.88500196698604));
#2841=CARTESIAN_POINT('',(17.7804042944038,-36.5209447597468,1.81499990634095));
#2842=CARTESIAN_POINT('',(-0.723649884962551,-36.5209447619809,1.81499990634095));
#2843=CARTESIAN_POINT('Origin',(8.52837720473893,-36.8247556393877,-6.88500196692977));
#2844=CARTESIAN_POINT('',(17.7804042915718,-32.0774550750645,1.81499990634095));
#2845=CARTESIAN_POINT('',(17.7804042944404,-36.5209450628544,1.81499990634095));
#2846=CARTESIAN_POINT('',(-0.723649884188706,-32.0774552028075,1.81499990634095));
#2847=CARTESIAN_POINT('Origin',(8.52837720473893,-32.3812659846894,-6.88500196775272));
#2848=CARTESIAN_POINT('',(-0.723649884962551,-36.5209450628544,1.81499990634095));
#2849=CARTESIAN_POINT('Origin',(-30.9716246132027,-16.1085651886865,-3.885000038326));
#2850=CARTESIAN_POINT('',(-30.9716246132027,-8.88014901435941,-1.88500032760728));
#2851=CARTESIAN_POINT('',(-30.9716246132027,-23.3369813630136,-1.88500032760728));
#2852=CARTESIAN_POINT('Origin',(-30.9716246132027,-16.1085651886865,-3.885000038326));
#2853=CARTESIAN_POINT('',(-28.9716242853772,-8.88014901435941,-1.88500032760728));
#2854=CARTESIAN_POINT('',(-30.9716246132027,-8.88014901435941,-1.88500032760728));
#2855=CARTESIAN_POINT('',(-28.9716242853772,-23.3369813630136,-1.88500032760728));
#2856=CARTESIAN_POINT('Origin',(-28.9716242853772,-16.1085651886865,-3.885000038326));
#2857=CARTESIAN_POINT('',(-30.9716246132027,-23.3369813630136,-1.88500032760728));
#2858=CARTESIAN_POINT('Origin',(8.52837720473893,4.89143452819141,-6.88500018288643));
#2859=CARTESIAN_POINT('',(3.27837719885287,4.89143452819141,0.115000000218271));
#2860=CARTESIAN_POINT('',(3.27837719885287,3.9914341944054,0.115000000218271));
#2861=CARTESIAN_POINT('',(3.27837719885287,4.89143452819141,0.115000000218271));
#2862=CARTESIAN_POINT('',(13.778377210625,4.89143452819141,0.115000000218271));
#2863=CARTESIAN_POINT('Origin',(8.52837720473893,4.89143452819141,-6.88500018288643));
#2864=CARTESIAN_POINT('',(13.778377210625,3.9914341944054,0.115000000218271));
#2865=CARTESIAN_POINT('',(13.778377210625,4.89143452819141,0.115000000218271));
#2866=CARTESIAN_POINT('Origin',(8.52837720473893,3.9914341944054,-6.88500018288643));
#2867=CARTESIAN_POINT('Origin',(8.52837720473893,0.0174956696823481,-6.88499989839959));
#2868=CARTESIAN_POINT('',(0.702139479084457,3.9914341944054,0.11500000021801));
#2869=CARTESIAN_POINT('',(0.702139479209434,0.16237285113612,0.11500000021801));
#2870=CARTESIAN_POINT('',(0.702139479214918,0.0174956694269063,0.115000000218271));
#2871=CARTESIAN_POINT('',(16.3546149303934,3.9914341944054,0.11500000021801));
#2872=CARTESIAN_POINT('Origin',(8.52837720473893,3.9914341947375,-6.88499989825457));
#2873=CARTESIAN_POINT('',(16.3546149302682,0.155623102948105,0.115000000218011));
#2874=CARTESIAN_POINT('',(16.3546149302629,0.0174956694269063,0.115000000218271));
#2875=CARTESIAN_POINT('Origin',(8.52837720473893,0.406509037572817,-6.88499989838539));
#2876=CARTESIAN_POINT('Origin',(8.52837720473893,-30.2346266505524,-6.88499989839956));
#2877=CARTESIAN_POINT('',(0.702139479209496,-30.377455080722,0.115000000218011));
#2878=CARTESIAN_POINT('',(0.70213947908446,-34.2085661065981,0.11500000021801));
#2879=CARTESIAN_POINT('',(0.702139479214914,-30.234626650297,0.115000000218271));
#2880=CARTESIAN_POINT('',(16.3546149302684,-30.3774550923684,0.115000000218011));
#2881=CARTESIAN_POINT('Origin',(8.52837720473893,-30.6219002551097,-6.88499989838543));
#2882=CARTESIAN_POINT('',(16.3546149303934,-34.2085661065981,0.11500000021801));
#2883=CARTESIAN_POINT('',(16.3546149302629,-30.234626650297,0.115000000218271));
#2884=CARTESIAN_POINT('Origin',(8.52837720473893,-34.2085661069301,-6.88499989825456));
#2885=CARTESIAN_POINT('Origin',(-29.9716225866448,-16.1085651886865,-3.88499987986574));
#2886=CARTESIAN_POINT('',(-29.9716225866448,-24.575559866567,-1.88500032760728));
#2887=CARTESIAN_POINT('',(-30.9716246132027,-24.575559866567,-1.88500032760728));
#2888=CARTESIAN_POINT('',(-29.9716225866448,-24.575559866567,-1.88500032760728));
#2889=CARTESIAN_POINT('',(-29.9716225866448,-7.64157051080608,-1.88500032760728));
#2890=CARTESIAN_POINT('Origin',(-29.9716225866448,-16.1085651886865,-3.88499987986574));
#2891=CARTESIAN_POINT('',(-30.9716246132027,-7.64157051080608,-1.88500032760728));
#2892=CARTESIAN_POINT('',(-29.9716225866448,-7.64157051080608,-1.88500032760728));
#2893=CARTESIAN_POINT('Origin',(-30.9716246132027,-16.1085651886865,-3.88499987986574));
#2894=CARTESIAN_POINT('Origin',(-27.9716222588193,-16.1085651886865,-3.885000038326));
#2895=CARTESIAN_POINT('',(-27.9716222588193,-9.92390671051216,-1.88500032760728));
#2896=CARTESIAN_POINT('',(-27.9716222588193,-22.2932236668609,-1.88500032760728));
#2897=CARTESIAN_POINT('Origin',(-27.9716222588193,-16.1085651886865,-3.885000038326));
#2898=CARTESIAN_POINT('',(-26.9716239575516,-9.92390671051216,-1.88500032760728));
#2899=CARTESIAN_POINT('',(-27.9716222588193,-9.92390671051216,-1.88500032760728));
#2900=CARTESIAN_POINT('',(-26.9716239575516,-22.2932236668609,-1.88500032760728));
#2901=CARTESIAN_POINT('Origin',(-26.9716239575516,-16.1085651886865,-3.885000038326));
#2902=CARTESIAN_POINT('',(-27.9716222588193,-22.2932236668609,-1.88500032760728));
#2903=CARTESIAN_POINT('Origin',(-25.4716246430051,-16.1085651886865,-3.8849998655594));
#2904=CARTESIAN_POINT('',(-26.9716239575516,-7.95013378313859,-1.88500032760728));
#2905=CARTESIAN_POINT('',(-26.9716239575516,-24.2669965942345,-1.88500032760728));
#2906=CARTESIAN_POINT('Origin',(-26.9716239575516,-16.1085651886865,-3.8849998655594));
#2907=CARTESIAN_POINT('',(-25.4720646181297,-7.95013378313859,-1.88500032760728));
#2908=CARTESIAN_POINT('',(-25.4716246430051,-7.95013378313859,-1.88500032760728));
#2909=CARTESIAN_POINT('',(-25.4719973437521,-7.7136821744248,-3.59184405766952));
#2910=CARTESIAN_POINT('Origin',(-25.4763837775968,-16.1085651886865,-3.8849998655594));
#2911=CARTESIAN_POINT('',(-20.8699579391848,-7.7136821744248,-3.59184405766952));
#2912=CARTESIAN_POINT('',(-25.4716246430051,-7.7136821744248,-3.59184405766952));
#2913=CARTESIAN_POINT('',(-20.8122795220244,-7.94022053798731,-1.94011272194849));
#2914=CARTESIAN_POINT('Ctrl Pts',(-20.8203221712481,-7.88541333301049,-2.1704227429629));
#2915=CARTESIAN_POINT('Ctrl Pts',(-20.827817501121,-7.84076634948978,-2.38455071688143));
#2916=CARTESIAN_POINT('Ctrl Pts',(-20.8353487407482,-7.80448736981973,-2.60042333170896));
#2917=CARTESIAN_POINT('Ctrl Pts',(-20.8429158901298,-7.77668699023205,-2.81738250107032));
#2918=CARTESIAN_POINT('Ctrl Pts',(-20.8504831001566,-7.74888638784397,-3.03434340920622));
#2919=CARTESIAN_POINT('Ctrl Pts',(-20.8580862205134,-7.72956455600948,-3.25239062004308));
#2920=CARTESIAN_POINT('Ctrl Pts',(-20.8657252512,-7.71878039813978,-3.47085940732075));
#2921=CARTESIAN_POINT('Ctrl Pts',(-20.8671349243266,-7.71679033707515,-3.51117467650107));
#2922=CARTESIAN_POINT('Ctrl Pts',(-20.8685458203215,-7.71509087030916,-3.55150429010021));
#2923=CARTESIAN_POINT('Ctrl Pts',(-20.8699579391848,-7.7136821744248,-3.59184405766952));
#2924=CARTESIAN_POINT('',(-20.6829033578508,-22.324718336046,1.76472943763844));
#2925=CARTESIAN_POINT('Origin',(-20.8801969084127,-16.1085651886865,-3.8849998655594));
#2926=CARTESIAN_POINT('',(-20.6181506729826,-24.5034482029482,-3.59184405766952));
#2927=CARTESIAN_POINT('Ctrl Pts',(-20.6181506729826,-24.5034482029482,-3.59184405766953));
#2928=CARTESIAN_POINT('Ctrl Pts',(-20.5700457805943,-24.455343486137,-2.21430535914753));
#2929=CARTESIAN_POINT('Ctrl Pts',(-20.6335339682068,-24.051108794817,-0.806324798586117));
#2930=CARTESIAN_POINT('Ctrl Pts',(-20.6729676498312,-23.3276455527622,0.409750400504581));
#2931=CARTESIAN_POINT('Ctrl Pts',(-20.6887023989217,-23.0389706910448,0.894986304043289));
#2932=CARTESIAN_POINT('Ctrl Pts',(-20.6973696600638,-22.7012293508679,1.35047062908353));
#2933=CARTESIAN_POINT('Ctrl Pts',(-20.6829033578508,-22.324718336046,1.76472943763844));
#2934=CARTESIAN_POINT('',(-25.4723165842328,-24.5034482029482,-3.59184405766952));
#2935=CARTESIAN_POINT('',(-25.4716246430051,-24.5034482029482,-3.59184405766952));
#2936=CARTESIAN_POINT('',(-25.4725159791669,-24.2669965491535,-1.88500033865864));
#2937=CARTESIAN_POINT('Origin',(-25.4809641807682,-16.1085651886865,-3.8849998655594));
#2938=CARTESIAN_POINT('',(-25.4716246430051,-24.2669965942345,-1.88500032760728));
#2939=CARTESIAN_POINT('Origin',(-25.4716246430051,-16.1085651896203,-3.88500000637135));
#2940=CARTESIAN_POINT('',(-25.4707235502694,-26.0085650125921,-1.88500032760727));
#2941=CARTESIAN_POINT('',(-27.9716222588193,-26.0085649845313,-1.88500032760728));
#2942=CARTESIAN_POINT('',(-26.7216234509122,-26.0085650671686,-1.88500032760728));
#2943=CARTESIAN_POINT('',(-25.470570004691,-26.1944431514252,-3.35108646812181));
#2944=CARTESIAN_POINT('Origin',(-25.4809641807708,-16.1085651898395,-3.88500001051292));
#2945=CARTESIAN_POINT('',(-21.8908985597212,-26.1944430673941,-3.35108488073545));
#2946=CARTESIAN_POINT('',(-25.4716246430051,-26.1944431514499,-3.35108646858949));
#2947=CARTESIAN_POINT('',(-22.3588964296016,-22.2252277936473,4.15219215315851));
#2948=CARTESIAN_POINT('Ctrl Pts',(-22.3588964296016,-22.2252277936473,4.15219215315851));
#2949=CARTESIAN_POINT('Ctrl Pts',(-22.4065612151729,-24.018739470267,2.7872493021395));
#2950=CARTESIAN_POINT('Ctrl Pts',(-22.0138964805556,-25.3611053734148,0.759890522533456));
#2951=CARTESIAN_POINT('Ctrl Pts',(-21.9106980258852,-25.9100566263763,-1.44763060456035));
#2952=CARTESIAN_POINT('Ctrl Pts',(-21.8813956040665,-26.0659271888141,-2.07443955675261));
#2953=CARTESIAN_POINT('Ctrl Pts',(-21.8732978520484,-26.1606081261895,-2.71192692034111));
#2954=CARTESIAN_POINT('Ctrl Pts',(-21.8908985597212,-26.1944430673941,-3.35108488073545));
#2955=CARTESIAN_POINT('',(-22.4252643439975,-8.08662988510844,2.25165784822802));
#2956=CARTESIAN_POINT('Origin',(-22.6395609505951,-16.1085651231389,-3.88499875050769));
#2957=CARTESIAN_POINT('',(-22.483082909082,-6.02268715798377,-3.35108513676738));
#2958=CARTESIAN_POINT('Ctrl Pts',(-22.483082909082,-6.02268715798377,-3.35108513676738));
#2959=CARTESIAN_POINT('Ctrl Pts',(-22.4730121652521,-6.03943131662047,-3.03478009612347));
#2960=CARTESIAN_POINT('Ctrl Pts',(-22.4655232566024,-6.07106642723554,-2.71873852487498));
#2961=CARTESIAN_POINT('Ctrl Pts',(-22.4603752028801,-6.11780781702667,-2.40352424968286));
#2962=CARTESIAN_POINT('Ctrl Pts',(-22.433225767596,-6.36430919515138,-0.741169886951034));
#2963=CARTESIAN_POINT('Ctrl Pts',(-22.4937925559691,-7.0553118406304,0.903469973673781));
#2964=CARTESIAN_POINT('Ctrl Pts',(-22.4227336137115,-8.08655860405645,2.25156466856408));
#2965=CARTESIAN_POINT('',(-25.4711078152179,-6.02268722812621,-3.35108646179121));
#2966=CARTESIAN_POINT('',(-25.4716251165274,-6.02268722813836,-3.3510864620206));
#2967=CARTESIAN_POINT('',(-25.4711566217471,-6.20856523376853,-1.88500032760728));
#2968=CARTESIAN_POINT('Origin',(-25.4763837776021,-16.108565189732,-3.88500000848176));
#2969=CARTESIAN_POINT('',(-27.9716222588193,-6.20856551208179,-1.88500032760728));
#2970=CARTESIAN_POINT('',(-26.7216234509122,-6.20856537075819,-1.88500032760728));
#2971=CARTESIAN_POINT('Origin',(-27.9716222588193,-16.1085652483065,-3.88500111498206));
#2972=CARTESIAN_POINT('Origin',(-12.7451739251416,-7.83508973461653,-0.164238321739321));
#2973=CARTESIAN_POINT('',(-16.3592441980015,-0.131363611756699,-10.9850000322383));
#2974=CARTESIAN_POINT('',(-21.1282361671347,-7.45550744954792,-10.9850000322383));
#2975=CARTESIAN_POINT('Origin',(-13.1230255206528,-7.45720939113057,-10.9850000322383));
#2976=CARTESIAN_POINT('',(-15.9716221545111,-0.518986778548765,0.115000000218271));
#2977=CARTESIAN_POINT('',(-16.165433189897,-0.325175181643829,-5.43500040662606));
#2978=CARTESIAN_POINT('',(-12.7453813658879,0.160376630495567,0.115000000218271));
#2979=CARTESIAN_POINT('Origin',(-12.7354231656016,-7.84484123602085,0.115000000218271));
#2980=CARTESIAN_POINT('',(-12.7453811056419,0.160374725035131,0.11498482545317));
#2981=CARTESIAN_POINT('',(-20.6422702420485,-7.99455276478378,2.92829622739034));
#2982=CARTESIAN_POINT('',(-20.9991547472509,-7.58459494471501,-7.28841824410333));
#2983=CARTESIAN_POINT('Origin',(-12.4773065444245,-22.1142495167974,7.51258093233492));
#2984=CARTESIAN_POINT('',(-20.8763263401693,-24.7616229278251,-10.9850000322383));
#2985=CARTESIAN_POINT('',(-20.7472385042957,-24.6325355631065,-7.28842197965844));
#2986=CARTESIAN_POINT('',(-20.4724333376554,-22.1142493462093,7.79177802797955));
#2987=CARTESIAN_POINT('',(-13.1330086759285,-30.7650752730426,-10.9850000322383));
#2988=CARTESIAN_POINT('',(-12.4773065503733,-30.1093763574854,7.79177666898867));
#2989=CARTESIAN_POINT('Origin',(-13.1232589008429,-22.7601987109479,-10.9850000322383));
#2990=CARTESIAN_POINT('Origin',(-12.6452921172097,-7.93509432896983,4.35132997295119));
#2991=CARTESIAN_POINT('',(-22.6713957649576,-5.7085650268982,-9.28500009701181));
#2992=CARTESIAN_POINT('Origin',(-9.72781460462605,-10.8544971544996,87.9240894930357));
#2993=CARTESIAN_POINT('',(-22.3187597173927,-8.08662517715541,5.30155967751854));
#2994=CARTESIAN_POINT('',(-17.5792395178448,0.404738303924326,4.81500039807927));
#2995=CARTESIAN_POINT('Origin',(-12.629105646327,-7.95129148169048,4.81500039807927));
#2996=CARTESIAN_POINT('',(-18.0716223124634,0.897191594349218,-9.28500009701181));
#2997=CARTESIAN_POINT('',(-17.8254309622413,0.65096498946652,-2.23500119786498));
#2998=CARTESIAN_POINT('Origin',(-13.1213286458794,-7.45874365244897,-9.28500009701181));
#2999=CARTESIAN_POINT('Origin',(-12.8539574369106,-22.4909001576608,-3.79686415989283));
#3000=CARTESIAN_POINT('',(-22.0535608772461,-26.5085652169987,-9.2850000970118));
#3001=CARTESIAN_POINT('Origin',(-5.62956175958245,-15.2664925052095,203.083043388425));
#3002=CARTESIAN_POINT('',(-13.057521894818,-32.4650759388102,-9.28500009701181));
#3003=CARTESIAN_POINT('Origin',(-13.0456071046361,-22.6825501430638,-9.28500009701181));
#3004=CARTESIAN_POINT('',(-12.853957369459,-32.2615110760236,-3.45566681193886));
#3005=CARTESIAN_POINT('',(-22.6245683748908,-22.4909001793131,-3.45566737370837));
#3006=CARTESIAN_POINT('Origin',(27.5283773045248,3.39143487629171,-9.28500009701181));
#3007=CARTESIAN_POINT('',(28.8783774106986,3.39143487629171,-10.9850000322383));
#3008=CARTESIAN_POINT('Origin',(27.5283773045248,3.39143487629171,-10.9850000322383));
#3009=CARTESIAN_POINT('',(28.8783774106986,3.39143487629171,-9.28500009701181));
#3010=CARTESIAN_POINT('',(28.8783774106986,3.39143487629171,-9.28500009701181));
#3011=CARTESIAN_POINT('Origin',(27.5283773045248,3.39143487629171,-9.28500009701181));
#3012=CARTESIAN_POINT('Origin',(-21.471622987824,-32.1085649934063,-9.28500009701181));
#3013=CARTESIAN_POINT('',(-20.1216231270179,-32.1085649934063,-10.9850000322383));
#3014=CARTESIAN_POINT('Origin',(-21.471622987824,-32.1085649934063,-10.9850000322383));
#3015=CARTESIAN_POINT('',(-20.1216231270179,-32.1085649934063,-9.28500009701181));
#3016=CARTESIAN_POINT('',(-20.1216231270179,-32.1085649934063,-9.28500009701181));
#3017=CARTESIAN_POINT('Origin',(-21.471622987824,-32.1085649934063,-9.28500009701181));
#3018=CARTESIAN_POINT('Origin',(17.8783772849381,-39.1085651639537,-9.28500009701181));
#3019=CARTESIAN_POINT('',(19.2283773525293,-39.1085651639537,-10.9850000322383));
#3020=CARTESIAN_POINT('Origin',(17.8783772849381,-39.1085651639537,-10.9850000322383));
#3021=CARTESIAN_POINT('',(19.2283773525293,-39.1085651639537,-9.28500009701181));
#3022=CARTESIAN_POINT('',(19.2283773525293,-39.1085651639537,-9.28500009701181));
#3023=CARTESIAN_POINT('Origin',(17.8783772849381,-39.1085651639537,-9.28500009701181));
#3024=CARTESIAN_POINT('Origin',(-21.471622987824,6.89143478658066,-9.28500009701181));
#3025=CARTESIAN_POINT('',(-20.1216229887114,6.89143478658066,-10.9850000322383));
#3026=CARTESIAN_POINT('Origin',(-21.471622987824,6.89143478658066,-10.9850000322383));
#3027=CARTESIAN_POINT('',(-20.1216229887114,6.89143478658066,-9.28500009701181));
#3028=CARTESIAN_POINT('',(-20.1216229887114,6.89143478658066,-9.28500009701181));
#3029=CARTESIAN_POINT('Origin',(-21.471622987824,6.89143478658066,-9.28500009701181));
#3030=CARTESIAN_POINT('Origin',(24.5895706365482,-27.1697588706113,6.01030164539498));
#3031=CARTESIAN_POINT('',(27.5877424293781,-27.1697588637265,6.11500005237233));
#3032=CARTESIAN_POINT('',(27.5877424226277,-27.169758856976,6.11500024567937));
#3033=CARTESIAN_POINT('',(24.5895706331767,-30.1679306634413,6.11500005237233));
#3034=CARTESIAN_POINT('Origin',(24.5859144829004,-27.1661027248782,6.11500005237233));
#3035=CARTESIAN_POINT('',(24.5895706343174,-30.167930664582,6.11500001970621));
#3036=CARTESIAN_POINT('Origin',(-23.1094306376051,-24.6325355653867,-7.28842204495392));
#3037=CARTESIAN_POINT('',(-25.4722412903263,-24.7616229278251,-10.9850000322383));
#3038=CARTESIAN_POINT('',(-25.4722846085201,-24.6130894904214,-6.73155938002899));
#3039=CARTESIAN_POINT('',(-14.4072237950322,-24.7616229278251,-10.9850000322383));
#3040=CARTESIAN_POINT('Origin',(18.0283768992651,7.75143488522323,1.31499982438457));
#3041=CARTESIAN_POINT('',(18.0283768992651,4.89143452819141,3.11499956063402));
#3042=CARTESIAN_POINT('',(18.0283768992651,4.89143452819141,0.115000000218271));
#3043=CARTESIAN_POINT('',(18.0283768992651,4.89143452819141,1.48957767847239));
#3044=CARTESIAN_POINT('',(18.0283768992651,11.889549533902,3.11499956063402));
#3045=CARTESIAN_POINT('',(18.0283768992651,8.07143499355467,3.11499956063402));
#3046=CARTESIAN_POINT('',(18.0283768992651,11.8925456449257,0.115000000218286));
#3047=CARTESIAN_POINT('Ctrl Pts',(18.0283768992651,11.8925456449258,0.11500000021829));
#3048=CARTESIAN_POINT('Ctrl Pts',(18.0283768992651,11.891256879803,1.5345604939779));
#3049=CARTESIAN_POINT('Ctrl Pts',(18.0283768992651,11.889549533902,3.11499956063401));
#3050=CARTESIAN_POINT('',(18.0283768992651,5.1914340185717,0.115000000218271));
#3051=CARTESIAN_POINT('',(18.0283768992651,8.54143484707626,0.115000000218271));
#3052=CARTESIAN_POINT('',(18.0283768992651,4.6248333001397,0.115000000218271));
#3053=CARTESIAN_POINT('Origin',(20.9013211600028,-2.83760559263684,0.00349980393757665));
#3054=CARTESIAN_POINT('',(21.1022960104999,0.153575785231048,0.115000000147305));
#3055=CARTESIAN_POINT('Ctrl Pts',(21.1022960099298,0.153575781070332,0.115000006844911));
#3056=CARTESIAN_POINT('Ctrl Pts',(21.0801181837364,0.0311830664417623,3.57672787337835));
#3057=CARTESIAN_POINT('Ctrl Pts',(21.0479112168002,-0.118662968562709,7.81500088981759));
#3058=CARTESIAN_POINT('',(22.6420735069952,-0.396602394686996,0.11362275001681));
#3059=CARTESIAN_POINT('Origin',(20.899884747419,-2.84149926209615,0.115000000218271));
#3060=CARTESIAN_POINT('Ctrl Pts',(22.5148415358765,-0.645976712139374,7.81500088981263));
#3061=CARTESIAN_POINT('Ctrl Pts',(22.5823986350992,-0.512970439384475,3.71294757099077));
#3062=CARTESIAN_POINT('Ctrl Pts',(22.643338111102,-0.397743124869647,0.115000000218527));
#3063=CARTESIAN_POINT('Origin',(22.5283776368726,-35.4170572643384,4.46500006131303));
#3064=CARTESIAN_POINT('',(22.5283776629,-30.2831690995932,2.81500006934483));
#3065=CARTESIAN_POINT('',(22.528377650773,-36.5594040301844,2.81500006976831));
#3066=CARTESIAN_POINT('',(22.5283776368726,-30.1679306619076,6.11500005237233));
#3067=CARTESIAN_POINT('',(22.5283776368726,-30.2683906716827,3.2381992451861));
#3068=CARTESIAN_POINT('',(22.5283776368726,-40.6085645479366,6.11500005237233));
#3069=CARTESIAN_POINT('',(22.5283776368726,-31.9571200101523,6.11500005237233));
#3070=CARTESIAN_POINT('',(22.5283776368726,-40.6085645479366,4.46500006131303));
#3071=CARTESIAN_POINT('Origin',(18.222187455349,8.54143484707626,-5.43500001601003));
#3072=CARTESIAN_POINT('',(18.415998011433,11.8945684387523,-10.9850000322383));
#3073=CARTESIAN_POINT('Ctrl Pts',(18.415998011433,11.8945684387523,-10.9850000322383));
#3074=CARTESIAN_POINT('Ctrl Pts',(18.2566512153432,11.8978090458172,-6.42191152584466));
#3075=CARTESIAN_POINT('Ctrl Pts',(18.0283768992651,11.8925456449257,0.115000000218308));
#3076=CARTESIAN_POINT('',(18.415998011433,5.1914340185717,-10.9850000322383));
#3077=CARTESIAN_POINT('',(18.415998011433,6.27965681777351,-10.9850000322383));
#3078=CARTESIAN_POINT('',(18.2235918999741,5.1914340185717,-5.47521798890754));
#3079=CARTESIAN_POINT('Origin',(22.3336706162876,2.07840063555137,1.81499990634095));
#3080=CARTESIAN_POINT('',(24.3407574441064,0.395245962793564,1.81499990634095));
#3081=CARTESIAN_POINT('',(24.048103490889,0.64480992295106,1.81499990634095));
#3082=CARTESIAN_POINT('',(24.3407574441064,6.60381450529846,1.81499990634095));
#3083=CARTESIAN_POINT('',(24.3407574441064,2.86170329046273,1.81499990634095));
#3084=CARTESIAN_POINT('',(19.7407566876802,6.60381450529846,1.81499990634095));
#3085=CARTESIAN_POINT('',(22.2841189334748,6.60381450529846,1.81499990634095));
#3086=CARTESIAN_POINT('',(19.7407567161838,4.45536748354772,1.81499990634095));
#3087=CARTESIAN_POINT('Origin',(-23.7346074585091,-26.3515041840479,-6.31804327946681));
#3088=CARTESIAN_POINT('',(-25.4703995448487,-26.5085652169987,-9.28500009701181));
#3089=CARTESIAN_POINT('',(-14.6814939842386,-26.5085652169987,-9.28500009701181));
#3090=CARTESIAN_POINT('',(-25.4704874666145,-26.3465436738698,-6.22433690803485));
#3091=CARTESIAN_POINT('Origin',(8.52837720473893,3.9914341944054,2.21578321873435));
#3092=CARTESIAN_POINT('',(-0.214082717951356,3.9914341944054,0.115000000218271));
#3093=CARTESIAN_POINT('',(14.3934456642083,3.9914341944054,0.115000000218271));
#3094=CARTESIAN_POINT('Origin',(27.7578566049139,-11.8769153385905,1.24357169859385));
#3095=CARTESIAN_POINT('',(28.1848882548003,-4.59853548778812,-10.9850000322383));
#3096=CARTESIAN_POINT('',(27.7590182670721,-4.80244688737826,1.21030516818395));
#3097=CARTESIAN_POINT('',(28.18488826175,-6.126658215861,-10.9850000322383));
#3098=CARTESIAN_POINT('',(28.1848882517577,-3.92951827172351,-10.9850000322383));
#3099=CARTESIAN_POINT('',(27.7029810225475,-6.60856549416033,2.81500007025373));
#3100=CARTESIAN_POINT('',(27.8520932498394,-6.45945325477101,-1.45500997424549));
#3101=CARTESIAN_POINT('',(27.5877423358683,-6.60856549416033,6.11500005237233));
#3102=CARTESIAN_POINT('',(27.7061409270708,-6.60856549416033,2.72451236017244));
#3103=CARTESIAN_POINT('',(27.5877423976216,-20.1870490469426,6.11500005237233));
#3104=CARTESIAN_POINT('Origin',(-16.1266709719073,5.6047955828503,-4.32500001276437));
#3105=CARTESIAN_POINT('',(-16.3592441980016,11.8944142411162,-10.9850000322383));
#3106=CARTESIAN_POINT('',(-16.3592441980016,5.44383819695393,-10.9850000322383));
#3107=CARTESIAN_POINT('',(-15.9716221545111,11.8979334985228,0.115000000218239));
#3108=CARTESIAN_POINT('Ctrl Pts',(-15.9716221545111,11.897933498523,0.115000000218244));
#3109=CARTESIAN_POINT('Ctrl Pts',(-16.1843185921476,11.8997555054808,-5.9758054746422));
#3110=CARTESIAN_POINT('Ctrl Pts',(-16.3592441980016,11.8944142411162,-10.9850000322393));
#3111=CARTESIAN_POINT('',(-15.9716221545111,4.89143452819141,0.115000000218271));
#3112=CARTESIAN_POINT('',(-15.9716221545111,8.39143510188612,0.115000000218271));
#3113=CARTESIAN_POINT('',(-15.9716221545111,3.5888760905243,0.115000000218271));
#3114=CARTESIAN_POINT('Origin',(35.2361568208564,-6.36761185501066,-4.0849999809923));
#3115=CARTESIAN_POINT('',(31.1904289718498,-6.126658215861,-10.9850000322383));
#3116=CARTESIAN_POINT('',(35.0868704687584,-6.60856549416033,2.81500007025373));
#3117=CARTESIAN_POINT('Origin',(24.534567534529,3.6450059453741,-3.73500009533543));
#3118=CARTESIAN_POINT('',(24.7283776249517,0.578052328207677,-9.28500009701181));
#3119=CARTESIAN_POINT('',(24.4482460974441,0.445938911744466,-1.2630752594243));
#3120=CARTESIAN_POINT('',(24.7283776249517,6.99143468614372,-9.28500009701181));
#3121=CARTESIAN_POINT('',(24.7283776249517,3.9238226947682,-9.28500009701181));
#3122=CARTESIAN_POINT('',(24.5312510037249,6.79430806491693,-3.64002699084699));
#3123=CARTESIAN_POINT('Origin',(22.2345672506619,6.79762459572109,-3.73500009533543));
#3124=CARTESIAN_POINT('',(20.128377123174,6.99143468614372,-9.28500009701181));
#3125=CARTESIAN_POINT('',(24.7355396708275,6.99143468614372,-9.28500009701181));
#3126=CARTESIAN_POINT('',(19.8862854334796,6.74934315549221,-2.35239925774815));
#3127=CARTESIAN_POINT('Origin',(36.4948620978523,-4.70713774461595,-0.734999603597106));
#3128=CARTESIAN_POINT('',(30.5759904832664,-4.40856550608126,-9.28500009701181));
#3129=CARTESIAN_POINT('',(31.8656870944227,-4.40856550608126,-9.28500009701181));
#3130=CARTESIAN_POINT('',(30.4500131589083,-4.73975318933514,0.198985651732209));
#3131=CARTESIAN_POINT('Origin',(25.7604967761565,-0.791172536763525,1.2900002743065));
#3132=CARTESIAN_POINT('',(25.1964665335985,0.178884230652787,-9.28500009701181));
#3133=CARTESIAN_POINT('Origin',(8.47670018018009,-34.8096625902744,0.438068611440874));
#3134=CARTESIAN_POINT('',(-5.5840021971833,-34.8209443790618,0.115000000218271));
#3135=CARTESIAN_POINT('',(-5.97162237802856,-35.2085643861223,-10.9850000322383));
#3136=CARTESIAN_POINT('',(-5.66536948344263,-34.9023116288411,-2.21505639196947));
#3137=CARTESIAN_POINT('',(3.6442857120157,-34.820944379148,0.115000000218271));
#3138=CARTESIAN_POINT('',(22.4340914447247,-34.8209443793235,0.115000000218271));
#3139=CARTESIAN_POINT('',(13.3263474835675,-34.8209443792384,0.115000000218271));
#3140=CARTESIAN_POINT('',(22.0464703696902,-35.208564386384,-10.9850000322383));
#3141=CARTESIAN_POINT('',(22.3950510539471,-34.859984662537,-1.00296898240221));
#3142=CARTESIAN_POINT('',(1.38584161385536,-35.208564386191,-10.9850000322383));
#3143=CARTESIAN_POINT('Origin',(8.1981788813848,-36.480555932711,2.97158416903364));
#3144=CARTESIAN_POINT('',(20.3783775970374,-36.908565452136,-9.28500009701181));
#3145=CARTESIAN_POINT('',(-7.67162321547382,-36.9085654555226,-9.28500009701181));
#3146=CARTESIAN_POINT('',(1.28489918585775,-36.9085654544412,-9.2850000970118));
#3147=CARTESIAN_POINT('',(20.7659976782028,-36.5209447593864,1.81499990634095));
#3148=CARTESIAN_POINT('',(20.7485860996482,-36.5383563654128,1.31639694069169));
#3149=CARTESIAN_POINT('',(13.7356898474721,-36.5209447602352,1.81499990634095));
#3150=CARTESIAN_POINT('',(-7.28400303462856,-36.5209447627729,1.81499990634095));
#3151=CARTESIAN_POINT('',(2.09717631407364,-36.5209447616403,1.81499990634095));
#3152=CARTESIAN_POINT('',(-7.3499699235224,-36.5869117387849,-0.0740463898197152));
#3153=CARTESIAN_POINT('Origin',(-28.3287663719171,-24.4115176177001,-1.88500032760728));
#3154=CARTESIAN_POINT('',(-30.9716246132027,-20.2600414031933,-1.88500032760728));
#3155=CARTESIAN_POINT('',(-28.9716242853772,-20.2600414031933,-1.88500032760728));
#3156=CARTESIAN_POINT('',(-27.9716222588193,-20.2600414031933,-1.88500032760728));
#3157=CARTESIAN_POINT('',(-26.9716239575516,-20.2600414031933,-1.88500032760728));
#3158=CARTESIAN_POINT('',(-25.4708914545135,-25.8454250138872,-1.88500032760728));
#3159=CARTESIAN_POINT('',(-27.9716222588193,-20.2600414031933,-1.88500032760728));
#3160=CARTESIAN_POINT('',(-29.9716225866448,-20.2600414031933,-1.88500032760728));
#3161=CARTESIAN_POINT('Origin',(20.7066324498285,-36.9986710148458,0.115000233048914));
#3162=CARTESIAN_POINT('',(20.7659977009875,-32.0774550544534,1.81499990634095));
#3163=CARTESIAN_POINT('',(20.7514105359613,-32.0920422410192,1.39727765791672));
#3164=CARTESIAN_POINT('',(20.7659976826742,-35.6489353241983,1.81499990634095));
#3165=CARTESIAN_POINT('',(20.3783776020514,-35.9307174171709,-9.28500009701181));
#3166=CARTESIAN_POINT('Origin',(8.52837720473893,-34.2085661065981,2.21578321873435));
#3167=CARTESIAN_POINT('',(13.3521859958548,-34.2085661065981,0.115000000218271));
#3168=CARTESIAN_POINT('',(3.67012422430304,-34.2085661065981,0.115000000218271));
#3169=CARTESIAN_POINT('Origin',(23.7043883610297,-1.3407175128564,0.975000349566681));
#3170=CARTESIAN_POINT('',(23.0283767875064,-0.209947967929998,-10.9850000322383));
#3171=CARTESIAN_POINT('',(22.7238427005074,-0.355763253618335,-2.26427664729528));
#3172=CARTESIAN_POINT('',(23.6536921195754,-0.742139368976957,-10.9850000322383));
#3173=CARTESIAN_POINT('Origin',(-23.7348712090623,-5.8657522944018,-6.31565962918627));
#3174=CARTESIAN_POINT('',(-25.4711387415057,-5.70856515834344,-9.28500009701181));
#3175=CARTESIAN_POINT('',(-22.7631634343035,-5.70856503120661,-9.28500009701181));
#3176=CARTESIAN_POINT('',(-25.471123139117,-5.86704051961741,-6.29132598885243));
#3177=CARTESIAN_POINT('Origin',(-5.77781228760593,-32.7930098098919,-5.43500001601003));
#3178=CARTESIAN_POINT('',(-5.97162237802856,-30.7650752783711,-10.9850000322383));
#3179=CARTESIAN_POINT('',(-5.97162237802856,-33.6581807855,-10.9850000322383));
#3180=CARTESIAN_POINT('',(-5.5840021971833,-30.3774550760448,0.115000000218271));
#3181=CARTESIAN_POINT('',(-5.6373927896393,-30.4308456714596,-1.41390795473448));
#3182=CARTESIAN_POINT('',(-5.5840021971833,-32.9643324958687,0.115000000218271));
#3183=CARTESIAN_POINT('Origin',(6.60317300478521,-32.02405587558,3.34415468601702));
#3184=CARTESIAN_POINT('',(-7.67162321547382,-32.4650759016285,-9.28500009701181));
#3185=CARTESIAN_POINT('',(0.487396240654673,-32.4650758453026,-9.28500009701181));
#3186=CARTESIAN_POINT('',(-7.28400303462856,-32.077455248097,1.81499990634095));
#3187=CARTESIAN_POINT('',(-7.34714550942585,-32.1405977998938,0.00683432287395647));
#3188=CARTESIAN_POINT('',(1.29967336815268,-32.0774551888394,1.81499990634095));
#3189=CARTESIAN_POINT('',(12.9381869015512,-32.0774551084928,1.81499990634095));
#3190=CARTESIAN_POINT('Origin',(-27.9716222588193,-16.1085651886865,2.79520249473479));
#3191=CARTESIAN_POINT('',(-27.9716222588193,-11.9570889741797,-1.88500032760728));
#3192=CARTESIAN_POINT('Origin',(7.22402940780642,4.89143452819141,1.66415553256021));
#3193=CARTESIAN_POINT('',(-15.9716221545111,4.89143452819141,3.11499956063402));
#3194=CARTESIAN_POINT('',(-15.9716221545111,4.89143452819141,1.63957765649318));
#3195=CARTESIAN_POINT('',(4.1262033900917,4.89143452819141,3.11499956063402));
#3196=CARTESIAN_POINT('',(13.7412717657421,4.89143452819141,0.115000000218271));
#3197=CARTESIAN_POINT('',(-0.866256616417611,4.89143452819141,0.115000000218271));
#3198=CARTESIAN_POINT('Origin',(-27.9716222588193,-16.1085651886865,1.83850053061635));
#3199=CARTESIAN_POINT('',(-27.9716222588193,-11.9570889741797,-1.88500032760728));
#3200=CARTESIAN_POINT('Origin',(-29.9716225866448,-16.1085651886865,2.45484916143526));
#3201=CARTESIAN_POINT('',(-29.9716225866448,-11.9570889741797,-1.88500032760728));
#3202=CARTESIAN_POINT('Origin',(19.2732008132864,-34.2991996255919,1.81499990634095));
#3203=CARTESIAN_POINT('Origin',(22.8345666970838,2.45004550765904,-5.43500001601003));
#3204=CARTESIAN_POINT('',(22.6407566066612,5.1914340185717,0.115000000218271));
#3205=CARTESIAN_POINT('',(22.6407566066612,1.9741386113576,0.115000000218271));
#3206=CARTESIAN_POINT('',(23.0283767875064,5.1914340185717,-10.9850000322383));
#3207=CARTESIAN_POINT('',(22.8331622591993,5.1914340185717,-5.39478213950733));
#3208=CARTESIAN_POINT('',(23.0283767875064,3.2339621480649,-10.9850000322383));
#3209=CARTESIAN_POINT('Origin',(27.1447011228431,4.01787878847075,-10.9850000322383));
#3210=CARTESIAN_POINT('Ctrl Pts',(22.9569095584857,11.8761398509633,-10.9850000322383));
#3211=CARTESIAN_POINT('Ctrl Pts',(20.3971504006969,11.8866343206961,-10.9850000322383));
#3212=CARTESIAN_POINT('Ctrl Pts',(18.415998011433,11.8945684387525,-10.9850000322383));
#3213=CARTESIAN_POINT('',(29.2697473048198,7.17196820025761,-10.9850000322383));
#3214=CARTESIAN_POINT('',(23.8365390995298,5.1914340185717,-10.9850000322383));
#3215=CARTESIAN_POINT('Origin',(-28.3287663719171,-7.80561275967293,-1.88500032760728));
#3216=CARTESIAN_POINT('',(-30.9716246132027,-11.9570889741797,-1.88500032760728));
#3217=CARTESIAN_POINT('',(-25.4705676227479,-5.07884472809483,-1.88500032760728));
#3218=CARTESIAN_POINT('',(-26.9716239575516,-11.9570889741797,-1.88500032760728));
#3219=CARTESIAN_POINT('',(-28.9716242853772,-11.9570889741797,-1.88500032760728));
#3220=CARTESIAN_POINT('Origin',(-7.47781312505119,-34.4930101816758,-3.73500009533543));
#3221=CARTESIAN_POINT('',(-7.28400303462856,-34.3961049036339,1.81499990634095));
#3222=CARTESIAN_POINT('',(-7.67162321547382,-34.6778869347507,-9.28500009701181));
#3223=CARTESIAN_POINT('Origin',(-23.2353352051448,-7.58459481198636,-7.28842204495392));
#3224=CARTESIAN_POINT('',(-25.4721053187165,-7.45550744954792,-10.9850000322383));
#3225=CARTESIAN_POINT('',(-25.4720438561942,-7.60246808864414,-6.77659842561778));
#3226=CARTESIAN_POINT('',(-22.3104445218123,-7.45550744954792,-10.9850000322383));
#3227=CARTESIAN_POINT('Origin',(-5.70501695245925,-34.5233517611081,-10.9850000322383));
#3228=CARTESIAN_POINT('',(1.455068808793,-30.765075283897,-10.9850000322383));
#3229=CARTESIAN_POINT('',(22.0464703690464,-35.5413779221829,-10.9850000322383));
#3230=CARTESIAN_POINT('',(-4.32111039805487,-38.6186031626601,-10.9850000322383));
#3231=CARTESIAN_POINT('',(-25.465910290784,-30.9129791839617,-10.9850000322383));
#3232=CARTESIAN_POINT('Origin',(-21.791456201718,5.99674732317534,-9.28500009701181));
#3233=CARTESIAN_POINT('',(-18.0716223124635,11.8912563904316,-9.28500009701181));
#3234=CARTESIAN_POINT('',(-18.0716223124635,6.13398348965227,-9.28500009701181));
#3235=CARTESIAN_POINT('Ctrl Pts',(-21.8201265062894,11.881087037044,-9.28500009701181));
#3236=CARTESIAN_POINT('Ctrl Pts',(-19.81354552004,11.88656707067,-9.28500009701181));
#3237=CARTESIAN_POINT('Ctrl Pts',(-18.0716223124442,11.8912563904316,-9.28500009701181));
#3238=CARTESIAN_POINT('',(-25.4672114908792,1.82403773247255,-9.28500009701181));
#3239=CARTESIAN_POINT('Origin',(-5.62838050996798,-34.8627636878257,-9.28500009701181));
#3240=CARTESIAN_POINT('',(-4.25636320634959,-38.6293695269045,-9.28500009701181));
#3241=CARTESIAN_POINT('',(-25.4656918026479,-31.0827243597125,-9.28500009701181));
#3242=CARTESIAN_POINT('Origin',(27.2699360584949,-28.4971827559663,6.11500005237233));
#3243=CARTESIAN_POINT('',(29.8991572015863,-40.6085645479366,6.11500005237233));
#3244=CARTESIAN_POINT('',(17.9425453124725,-30.1679306584955,6.11500005237233));
#3245=CARTESIAN_POINT('',(31.1784032636267,-6.60856549416033,6.11500005237233));
#3246=CARTESIAN_POINT('Origin',(19.8350427320628,6.83233436719529,-0.884999930863859));
#3247=CARTESIAN_POINT('',(20.1283770582033,11.8885803328118,-9.28500009701181));
#3248=CARTESIAN_POINT('',(20.128377142729,5.51748686047265,-9.28500009701181));
#3249=CARTESIAN_POINT('',(19.6359943192431,11.8833449668215,4.81500039807927));
#3250=CARTESIAN_POINT('Ctrl Pts',(19.6359943192431,11.8833449668216,4.81500039807928));
#3251=CARTESIAN_POINT('Ctrl Pts',(19.9331065547696,11.8914820100465,-3.69318304839686));
#3252=CARTESIAN_POINT('Ctrl Pts',(20.1283770582045,11.8885803328118,-9.2850000970444));
#3253=CARTESIAN_POINT('',(19.6359944131146,4.80780882477548,4.81500039807927));
#3254=CARTESIAN_POINT('Origin',(32.5283783446778,-40.6085645479366,4.46500006131303));
#3255=CARTESIAN_POINT('Origin',(-15.9716221545111,8.39143510188612,1.61499978042614));
#3256=CARTESIAN_POINT('',(-15.9716221545111,11.896471855089,3.11499956063401));
#3257=CARTESIAN_POINT('Ctrl Pts',(-15.9716221545111,11.896471855089,3.11499956063401));
#3258=CARTESIAN_POINT('Ctrl Pts',(-15.9716221545111,11.8973959576383,1.56100748564987));
#3259=CARTESIAN_POINT('Ctrl Pts',(-15.9716221545111,11.8979334985228,0.115000000218233));
#3260=CARTESIAN_POINT('',(-15.9716221545111,8.39143510188612,3.11499956063402));
#3261=CARTESIAN_POINT('Origin',(20.2585141236777,1.49823171505616,0.115000000218271));
#3262=CARTESIAN_POINT('',(14.9443347184862,0.15623125188492,0.115000000218271));
#3263=CARTESIAN_POINT('',(20.3934455999471,5.1914340185717,0.115000000218271));
#3264=CARTESIAN_POINT('Origin',(18.1759947869707,-33.1356551818455,0.115000000218271));
#3265=CARTESIAN_POINT('',(22.4340914533209,-30.3774550968919,0.115000000218271));
#3266=CARTESIAN_POINT('',(13.3955746782801,-30.3774550901667,0.115000000218271));
#3267=CARTESIAN_POINT('',(22.4340914446732,-34.8475296102018,0.115000000218271));
#3268=CARTESIAN_POINT('Origin',(-25.4695207136688,-27.2822723351706,-6.0807836216103));
#3269=CARTESIAN_POINT('Origin',(-5.99895306833718,2.78328294489629,4.81500039807927));
#3270=CARTESIAN_POINT('',(-17.5792395178448,11.8924274291242,4.81500039807928));
#3271=CARTESIAN_POINT('Ctrl Pts',(-17.5792395178448,11.8924274291243,4.81500039807927));
#3272=CARTESIAN_POINT('Ctrl Pts',(2.58858450644491,11.9302489734814,4.81500039807927));
#3273=CARTESIAN_POINT('Ctrl Pts',(19.6359943192431,11.8833449668215,4.81500039807927));
#3274=CARTESIAN_POINT('',(-17.5792395178448,4.52725130051275,4.81500039807927));
#3275=CARTESIAN_POINT('Origin',(1.02837737237699,8.39143510188612,3.11499956063402));
#3276=CARTESIAN_POINT('Ctrl Pts',(18.0283768992651,11.8895495339018,3.11499956063402));
#3277=CARTESIAN_POINT('Ctrl Pts',(2.57496804244814,11.9314557578127,3.11499956063401));
#3278=CARTESIAN_POINT('Ctrl Pts',(-15.9716221545111,11.8964718550893,3.11499956063402));
#3279=CARTESIAN_POINT('Origin',(-17.8254309151541,6.27121965612921,-2.23499984946627));
#3280=CARTESIAN_POINT('Ctrl Pts',(-18.0716223124635,11.8912563904315,-9.28500009701296));
#3281=CARTESIAN_POINT('Ctrl Pts',(-17.8565315808492,11.8967213162674,-3.12560652072157));
#3282=CARTESIAN_POINT('Ctrl Pts',(-17.5792395178619,11.8924274291246,4.81500039759126));
#3283=CARTESIAN_POINT('Origin',(-21.3855538384798,5.28288081105756,-10.9850000322383));
#3284=CARTESIAN_POINT('',(-25.4674533080066,1.46721041453932,-10.9850000322383));
#3285=CARTESIAN_POINT('Ctrl Pts',(-16.3592441979559,11.8944142411164,-10.9850000322383));
#3286=CARTESIAN_POINT('Ctrl Pts',(-18.7901675940527,11.8877501120277,-10.9850000322383));
#3287=CARTESIAN_POINT('Ctrl Pts',(-21.8201709161792,11.8793278337402,-10.9850000322383));
#3288=CARTESIAN_POINT('Origin',(4.61935751342452,11.8941589420179,-16.2417794197116));
#3289=CARTESIAN_POINT('Ctrl Pts',(22.9441723349461,11.877403514653,-9.28500009701181));
#3290=CARTESIAN_POINT('Ctrl Pts',(21.4361387821818,11.8834451822076,-9.28500009701181));
#3291=CARTESIAN_POINT('Ctrl Pts',(20.1283770582033,11.8885803328117,-9.28500009701181));
#3292=CARTESIAN_POINT('Origin',(28.9426350924898,7.45096088599118,-10.1350000646251));
#3293=CARTESIAN_POINT('',(29.2507101828122,7.18820488478775,-9.28500009701181));
#3294=CARTESIAN_POINT('Origin',(9.63069063509789,0.0556269340311721,3.02505124670239));
#3295=CARTESIAN_POINT('',(0.336792941038149,0.162530397917888,0.115000000218271));
#3296=CARTESIAN_POINT('Origin',(22.3637509384638,-36.5594040301844,-1.89928569332556));
#3297=CARTESIAN_POINT('',(22.4230278197311,-30.3885187055725,-0.201820578216143));
#3298=CARTESIAN_POINT('Origin',(-2.31179055238478,-38.9527191107377,-10.1350000646251));
#3299=CARTESIAN_POINT('Origin',(-1.18812875613285,-33.1356551818455,0.115000000218271));
#3300=CARTESIAN_POINT('',(3.71351290672835,-30.3774550829627,0.115000000218271));
#3301=CARTESIAN_POINT('Origin',(-30.9716246132027,-16.1085651886865,1.93279197424244));
#3302=CARTESIAN_POINT('Origin',(-25.4692828682113,-2.35058719581719,-6.0807836216103));
#3303=CARTESIAN_POINT('Origin',(-26.9716239575516,-16.1085651886865,1.79479371348337));
#3304=CARTESIAN_POINT('Origin',(20.5283770762164,5.1914340185717,-5.43500001601003));
#3305=CARTESIAN_POINT('Origin',(8.61515456759125,-30.3049083378352,2.19246889456522));
#3306=CARTESIAN_POINT('Origin',(35.0868704687584,-6.60856549416033,4.46500006131303));
#3307=CARTESIAN_POINT('Origin',(-28.9716242853772,-16.1085651886865,1.83850053061635));
#3308=CARTESIAN_POINT('Origin',(-4.00382625351064,-34.2991996255919,1.81499990634095));
#3309=CARTESIAN_POINT('Origin',(27.236512090993,4.20263944416231,-9.28500009701181));
#3310=CARTESIAN_POINT('Origin',(-8.95654264064164,1.5729565981983,0.115000000218271));
#3311=CARTESIAN_POINT('Origin',(-20.6422703799337,-14.4648401440465,2.92829623220542));
#3312=CARTESIAN_POINT('Origin',(-22.3187597021858,-14.9571053870992,5.30155967698751));
#3313=UNCERTAINTY_MEASURE_WITH_UNIT(LENGTH_MEASURE(0.01),#3317,
'DISTANCE_ACCURACY_VALUE',
'Maximum model space distance between geometric entities at asserted c
onnectivities');
#3314=UNCERTAINTY_MEASURE_WITH_UNIT(LENGTH_MEASURE(0.01),#3317,
'DISTANCE_ACCURACY_VALUE',
'Maximum model space distance between geometric entities at asserted c
onnectivities');
#3315=(
GEOMETRIC_REPRESENTATION_CONTEXT(3)
GLOBAL_UNCERTAINTY_ASSIGNED_CONTEXT((#3313))
GLOBAL_UNIT_ASSIGNED_CONTEXT((#3317,#3319,#3320))
REPRESENTATION_CONTEXT('','3D')
);
#3316=(
GEOMETRIC_REPRESENTATION_CONTEXT(3)
GLOBAL_UNCERTAINTY_ASSIGNED_CONTEXT((#3314))
GLOBAL_UNIT_ASSIGNED_CONTEXT((#3317,#3319,#3320))
REPRESENTATION_CONTEXT('','3D')
);
#3317=(
LENGTH_UNIT()
NAMED_UNIT(*)
SI_UNIT(.MILLI.,.METRE.)
);
#3318=(
LENGTH_UNIT()
NAMED_UNIT(*)
SI_UNIT($,.METRE.)
);
#3319=(
NAMED_UNIT(*)
PLANE_ANGLE_UNIT()
SI_UNIT($,.RADIAN.)
);
#3320=(
NAMED_UNIT(*)
SI_UNIT($,.STERADIAN.)
SOLID_ANGLE_UNIT()
);
#3321=SHAPE_DEFINITION_REPRESENTATION(#3322,#3323);
#3322=PRODUCT_DEFINITION_SHAPE('',$,#3325);
#3323=SHAPE_REPRESENTATION('',(#1974),#3315);
#3324=PRODUCT_DEFINITION_CONTEXT('part definition',#3329,'design');
#3325=PRODUCT_DEFINITION('2026-08-30-20-00-41-976','motor_support',#3326,
#3324);
#3326=PRODUCT_DEFINITION_FORMATION('',$,#3331);
#3327=PRODUCT_RELATED_PRODUCT_CATEGORY('motor_support','motor_support',
(#3331));
#3328=APPLICATION_PROTOCOL_DEFINITION('international standard',
'automotive_design',2009,#3329);
#3329=APPLICATION_CONTEXT(
'Core Data for Automotive Mechanical Design Process');
#3330=PRODUCT_CONTEXT('part definition',#3329,'mechanical');
#3331=PRODUCT('2026-08-30-20-00-41-976','motor_support',$,(#3330));
#3332=PRESENTATION_STYLE_ASSIGNMENT((#3333));
#3333=SURFACE_STYLE_USAGE(.BOTH.,#3334);
#3334=SURFACE_SIDE_STYLE('',(#3335));
#3335=SURFACE_STYLE_FILL_AREA(#3336);
#3336=FILL_AREA_STYLE('Steel - Satin',(#3337));
#3337=FILL_AREA_STYLE_COLOUR('Steel - Satin',#3338);
#3338=COLOUR_RGB('Steel - Satin',0.627450980392157,0.627450980392157,0.627450980392157);
ENDSEC;
END-ISO-10303-21;
