ISO-10303-21;
HEADER;
/* Generated by software containing ST-Developer
 * from STEP Tools, Inc. (www.steptools.com) 
 */

FILE_DESCRIPTION(
/* description */ (''),
/* implementation_level */ '2;1');

FILE_NAME(
/* name */ 'top_head_shell.step',
/* time_stamp */ '2026-09-15T13:03:46-06:00',
/* author */ (''),
/* organization */ (''),
/* preprocessor_version */ 'ST-DEVELOPER v20.2',
/* originating_system */ 'Autodesk Translation Framework v15.15.0.0',
/* authorisation */ '');

FILE_SCHEMA (('AUTOMOTIVE_DESIGN { 1 0 10303 214 3 1 1 }'));
ENDSEC;

DATA;
#10=MECHANICAL_DESIGN_GEOMETRIC_PRESENTATION_REPRESENTATION('',(#13),#6064);
#11=SHAPE_REPRESENTATION_RELATIONSHIP('SRR','None',#6070,#12);
#12=ADVANCED_BREP_SHAPE_REPRESENTATION('',(#14),#6063);
#13=STYLED_ITEM('',(#6079),#14);
#14=MANIFOLD_SOLID_BREP('Body94',#2962);
#15=B_SPLINE_SURFACE_WITH_KNOTS('',3,3,((#5335,#5336,#5337,#5338,#5339,
#5340,#5341,#5342),(#5343,#5344,#5345,#5346,#5347,#5348,#5349,#5350),(#5351,
#5352,#5353,#5354,#5355,#5356,#5357,#5358),(#5359,#5360,#5361,#5362,#5363,
#5364,#5365,#5366),(#5367,#5368,#5369,#5370,#5371,#5372,#5373,#5374),(#5375,
#5376,#5377,#5378,#5379,#5380,#5381,#5382),(#5383,#5384,#5385,#5386,#5387,
#5388,#5389,#5390)),.UNSPECIFIED.,.F.,.F.,.F.,(4,1,1,1,4),(4,1,1,1,1,4),
(0.,0.285714285714286,0.571428571428571,0.857142857142857,1.),(0.261799387791939,
0.448798950506647,0.542298731864001,0.822798075936063,1.19679720136548,
1.5707963267949),.UNSPECIFIED.);
#16=B_SPLINE_SURFACE_WITH_KNOTS('',3,3,((#5555,#5556,#5557,#5558,#5559,
#5560,#5561),(#5562,#5563,#5564,#5565,#5566,#5567,#5568),(#5569,#5570,#5571,
#5572,#5573,#5574,#5575),(#5576,#5577,#5578,#5579,#5580,#5581,#5582),(#5583,
#5584,#5585,#5586,#5587,#5588,#5589),(#5590,#5591,#5592,#5593,#5594,#5595,
#5596)),.UNSPECIFIED.,.F.,.F.,.F.,(4,1,1,4),(4,1,1,1,4),(0.,0.285714285714286,
0.571428571428571,1.),(-1.13952182090426,-0.721068209056234,-0.302614597208211,
0.115839014639811,0.325065820563823),.UNSPECIFIED.);
#17=B_SPLINE_SURFACE_WITH_KNOTS('',3,3,((#5616,#5617,#5618,#5619,#5620,
#5621,#5622),(#5623,#5624,#5625,#5626,#5627,#5628,#5629),(#5630,#5631,#5632,
#5633,#5634,#5635,#5636),(#5637,#5638,#5639,#5640,#5641,#5642,#5643),(#5644,
#5645,#5646,#5647,#5648,#5649,#5650),(#5651,#5652,#5653,#5654,#5655,#5656,
#5657)),.UNSPECIFIED.,.F.,.F.,.F.,(4,1,1,4),(4,1,1,1,4),(0.,0.285714285714286,
0.571428571428571,1.),(-1.13952182090426,-0.721068209056233,-0.511841403132222,
-0.0933877912841996,0.325065820563823),.UNSPECIFIED.);
#18=B_SPLINE_SURFACE_WITH_KNOTS('',3,3,((#5767,#5768,#5769,#5770),(#5771,
#5772,#5773,#5774),(#5775,#5776,#5777,#5778),(#5779,#5780,#5781,#5782),
(#5783,#5784,#5785,#5786),(#5787,#5788,#5789,#5790),(#5791,#5792,#5793,
#5794)),.UNSPECIFIED.,.F.,.F.,.F.,(4,1,1,1,4),(4,4),(0.,0.285714285714286,
0.571428571428571,0.857142857142857,1.),(-1.16872272302153,-1.00927183086013),
 .UNSPECIFIED.);
#19=B_SPLINE_SURFACE_WITH_KNOTS('',3,3,((#5795,#5796,#5797,#5798),(#5799,
#5800,#5801,#5802),(#5803,#5804,#5805,#5806),(#5807,#5808,#5809,#5810),
(#5811,#5812,#5813,#5814),(#5815,#5816,#5817,#5818),(#5819,#5820,#5821,
#5822)),.UNSPECIFIED.,.F.,.F.,.F.,(4,1,1,1,4),(4,4),(0.,0.285714285714286,
0.571428571428571,0.857142857142857,1.),(-1.16872272302153,-1.00927183086013),
 .UNSPECIFIED.);
#20=B_SPLINE_SURFACE_WITH_KNOTS('',3,3,((#5830,#5831,#5832,#5833,#5834,
#5835,#5836,#5837),(#5838,#5839,#5840,#5841,#5842,#5843,#5844,#5845),(#5846,
#5847,#5848,#5849,#5850,#5851,#5852,#5853),(#5854,#5855,#5856,#5857,#5858,
#5859,#5860,#5861),(#5862,#5863,#5864,#5865,#5866,#5867,#5868,#5869),(#5870,
#5871,#5872,#5873,#5874,#5875,#5876,#5877),(#5878,#5879,#5880,#5881,#5882,
#5883,#5884,#5885)),.UNSPECIFIED.,.F.,.F.,.F.,(4,1,1,1,4),(4,1,1,1,1,4),
(0.,0.285714285714286,0.571428571428571,0.857142857142857,1.),(0.261799387791938,
0.448798950506646,0.635798513221355,0.822798075936063,1.19679720136548,
1.5707963267949),.UNSPECIFIED.);
#21=B_SPLINE_SURFACE_WITH_KNOTS('',3,3,((#5888,#5889,#5890,#5891),(#5892,
#5893,#5894,#5895),(#5896,#5897,#5898,#5899),(#5900,#5901,#5902,#5903),
(#5904,#5905,#5906,#5907),(#5908,#5909,#5910,#5911),(#5912,#5913,#5914,
#5915)),.UNSPECIFIED.,.F.,.F.,.F.,(4,1,1,1,4),(4,4),(0.,0.285714285714286,
0.571428571428571,0.857142857142857,1.),(-1.16872272302153,-1.00927183086013),
 .UNSPECIFIED.);
#22=B_SPLINE_SURFACE_WITH_KNOTS('',3,3,((#5917,#5918,#5919,#5920,#5921,
#5922,#5923,#5924),(#5925,#5926,#5927,#5928,#5929,#5930,#5931,#5932),(#5933,
#5934,#5935,#5936,#5937,#5938,#5939,#5940),(#5941,#5942,#5943,#5944,#5945,
#5946,#5947,#5948),(#5949,#5950,#5951,#5952,#5953,#5954,#5955,#5956),(#5957,
#5958,#5959,#5960,#5961,#5962,#5963,#5964),(#5965,#5966,#5967,#5968,#5969,
#5970,#5971,#5972)),.UNSPECIFIED.,.F.,.F.,.F.,(4,1,1,1,4),(4,1,1,1,1,4),
(0.,0.285714285714286,0.571428571428571,0.857142857142857,1.),(0.261799387791939,
0.448798950506647,0.542298731864001,0.822798075936063,1.19679720136548,
1.5707963267949),.UNSPECIFIED.);
#23=B_SPLINE_SURFACE_WITH_KNOTS('',3,3,((#5974,#5975,#5976,#5977),(#5978,
#5979,#5980,#5981),(#5982,#5983,#5984,#5985),(#5986,#5987,#5988,#5989),
(#5990,#5991,#5992,#5993),(#5994,#5995,#5996,#5997),(#5998,#5999,#6000,
#6001)),.UNSPECIFIED.,.F.,.F.,.F.,(4,1,1,1,4),(4,4),(0.,0.285714285714286,
0.571428571428571,0.857142857142857,1.),(-1.16872272302153,-1.00927183086013),
 .UNSPECIFIED.);
#24=B_SPLINE_SURFACE_WITH_KNOTS('',3,3,((#6003,#6004,#6005,#6006,#6007,
#6008,#6009,#6010),(#6011,#6012,#6013,#6014,#6015,#6016,#6017,#6018),(#6019,
#6020,#6021,#6022,#6023,#6024,#6025,#6026),(#6027,#6028,#6029,#6030,#6031,
#6032,#6033,#6034),(#6035,#6036,#6037,#6038,#6039,#6040,#6041,#6042),(#6043,
#6044,#6045,#6046,#6047,#6048,#6049,#6050),(#6051,#6052,#6053,#6054,#6055,
#6056,#6057,#6058)),.UNSPECIFIED.,.F.,.F.,.F.,(4,1,1,1,4),(4,1,1,1,1,4),
(0.,0.285714285714286,0.571428571428571,0.857142857142857,1.),(0.261799387791938,
0.448798950506646,0.635798513221355,0.822798075936063,1.19679720136548,
1.5707963267949),.UNSPECIFIED.);
#25=(
BOUNDED_CURVE()
B_SPLINE_CURVE(2,(#4845,#4846,#4847),.UNSPECIFIED.,.F.,.F.)
B_SPLINE_CURVE_WITH_KNOTS((3,3),(107.838938449,118.29155271328),
 .UNSPECIFIED.)
CURVE()
GEOMETRIC_REPRESENTATION_ITEM()
RATIONAL_B_SPLINE_CURVE((9.60984174724376,9.83642868381484,10.0260510557262))
REPRESENTATION_ITEM('')
);
#26=(
BOUNDED_CURVE()
B_SPLINE_CURVE(2,(#4858,#4859,#4860),.UNSPECIFIED.,.F.,.F.)
B_SPLINE_CURVE_WITH_KNOTS((3,3),(207.367670859936,210.58623768695),
 .UNSPECIFIED.)
CURVE()
GEOMETRIC_REPRESENTATION_ITEM()
RATIONAL_B_SPLINE_CURVE((1.,1.,1.))
REPRESENTATION_ITEM('')
);
#27=(
BOUNDED_CURVE()
B_SPLINE_CURVE(2,(#4864,#4865,#4866),.UNSPECIFIED.,.F.,.F.)
B_SPLINE_CURVE_WITH_KNOTS((3,3),(142.83287515468,145.766661763933),
 .UNSPECIFIED.)
CURVE()
GEOMETRIC_REPRESENTATION_ITEM()
RATIONAL_B_SPLINE_CURVE((1.,1.,1.))
REPRESENTATION_ITEM('')
);
#28=(
BOUNDED_CURVE()
B_SPLINE_CURVE(2,(#4901,#4902,#4903),.UNSPECIFIED.,.F.,.F.)
B_SPLINE_CURVE_WITH_KNOTS((3,3),(242.721920735295,246.16905510335),
 .UNSPECIFIED.)
CURVE()
GEOMETRIC_REPRESENTATION_ITEM()
RATIONAL_B_SPLINE_CURVE((9.30239158429679,9.21980885589955,9.13320588571948))
REPRESENTATION_ITEM('')
);
#29=(
BOUNDED_CURVE()
B_SPLINE_CURVE(2,(#4946,#4947,#4948),.UNSPECIFIED.,.F.,.F.)
B_SPLINE_CURVE_WITH_KNOTS((3,3),(97.6545671647459,101.101701532801),
 .UNSPECIFIED.)
CURVE()
GEOMETRIC_REPRESENTATION_ITEM()
RATIONAL_B_SPLINE_CURVE((9.1332058857195,9.21980885589957,9.30239158429681))
REPRESENTATION_ITEM('')
);
#30=(
BOUNDED_CURVE()
B_SPLINE_CURVE(2,(#4983,#4984,#4985),.UNSPECIFIED.,.F.,.F.)
B_SPLINE_CURVE_WITH_KNOTS((3,3),(207.367670854281,210.301457464641),
 .UNSPECIFIED.)
CURVE()
GEOMETRIC_REPRESENTATION_ITEM()
RATIONAL_B_SPLINE_CURVE((1.,1.,1.))
REPRESENTATION_ITEM('')
);
#31=(
BOUNDED_CURVE()
B_SPLINE_CURVE(2,(#4989,#4990,#4991),.UNSPECIFIED.,.F.,.F.)
B_SPLINE_CURVE_WITH_KNOTS((3,3),(142.548094938726,145.766661766724),
 .UNSPECIFIED.)
CURVE()
GEOMETRIC_REPRESENTATION_ITEM()
RATIONAL_B_SPLINE_CURVE((1.,1.,1.))
REPRESENTATION_ITEM('')
);
#32=(
BOUNDED_CURVE()
B_SPLINE_CURVE(2,(#5001,#5002,#5003),.UNSPECIFIED.,.F.,.F.)
B_SPLINE_CURVE_WITH_KNOTS((3,3),(225.532069554817,235.984683819102),
 .UNSPECIFIED.)
CURVE()
GEOMETRIC_REPRESENTATION_ITEM()
RATIONAL_B_SPLINE_CURVE((10.0260510557262,9.83642868381479,9.6098417472436))
REPRESENTATION_ITEM('')
);
#33=(
BOUNDED_CURVE()
B_SPLINE_CURVE(2,(#5051,#5052,#5053),.UNSPECIFIED.,.F.,.F.)
B_SPLINE_CURVE_WITH_KNOTS((3,3),(144.157601996543,145.766661766731),
 .UNSPECIFIED.)
CURVE()
GEOMETRIC_REPRESENTATION_ITEM()
RATIONAL_B_SPLINE_CURVE((1.,1.,1.))
REPRESENTATION_ITEM('')
);
#34=(
BOUNDED_CURVE()
B_SPLINE_CURVE(2,(#5062,#5063,#5064),.UNSPECIFIED.,.F.,.F.)
B_SPLINE_CURVE_WITH_KNOTS((3,3),(207.367670854273,208.976730624419),
 .UNSPECIFIED.)
CURVE()
GEOMETRIC_REPRESENTATION_ITEM()
RATIONAL_B_SPLINE_CURVE((1.,1.,1.))
REPRESENTATION_ITEM('')
);
#35=CONICAL_SURFACE('',#3069,3.25,0.0349065850398866);
#36=CONICAL_SURFACE('',#3073,3.25000000000001,0.0349065850398866);
#37=CONICAL_SURFACE('',#3102,3.25,0.0349065850398866);
#38=FACE_BOUND('',#359,.T.);
#39=FACE_BOUND('',#360,.T.);
#40=FACE_BOUND('',#368,.T.);
#41=FACE_BOUND('',#378,.T.);
#42=FACE_BOUND('',#379,.T.);
#43=FACE_BOUND('',#387,.T.);
#44=FACE_BOUND('',#430,.T.);
#45=FACE_BOUND('',#433,.T.);
#46=FACE_BOUND('',#436,.T.);
#47=FACE_BOUND('',#442,.T.);
#48=FACE_BOUND('',#446,.T.);
#49=FACE_BOUND('',#449,.T.);
#50=CIRCLE('',#2967,2.5);
#51=CIRCLE('',#2973,2.5);
#52=CIRCLE('',#2981,2.5);
#53=CIRCLE('',#2982,2.5);
#54=CIRCLE('',#2983,1.1);
#55=CIRCLE('',#2984,1.1);
#56=CIRCLE('',#2992,35.);
#57=CIRCLE('',#3005,2.5);
#58=CIRCLE('',#3011,2.5);
#59=CIRCLE('',#3019,2.5);
#60=CIRCLE('',#3020,2.5);
#61=CIRCLE('',#3021,1.1);
#62=CIRCLE('',#3022,1.1);
#63=CIRCLE('',#3030,35.);
#64=CIRCLE('',#3070,3.25);
#65=CIRCLE('',#3074,3.25000000000001);
#66=CIRCLE('',#3103,3.25);
#67=CIRCLE('',#3105,1.4);
#68=CIRCLE('',#3106,1.4);
#69=CIRCLE('',#3108,1.);
#70=CIRCLE('',#3110,1.40000000000001);
#71=CIRCLE('',#3111,1.40000000000001);
#72=CIRCLE('',#3113,0.999999999999996);
#73=CIRCLE('',#3115,1.4);
#74=CIRCLE('',#3116,1.4);
#75=CIRCLE('',#3118,1.);
#76=CIRCLE('',#3190,2.49999999999998);
#77=CIRCLE('',#3192,2.50000000000002);
#78=CIRCLE('',#3193,2.50000000000002);
#79=CIRCLE('',#3194,2.50000000000002);
#80=CIRCLE('',#3240,33.);
#81=CIRCLE('',#3242,33.);
#82=CIRCLE('',#3245,35.);
#83=CIRCLE('',#3247,35.);
#84=B_SPLINE_CURVE_WITH_KNOTS('',3,(#4082,#4083,#4084,#4085,#4086,#4087,
#4088,#4089,#4090,#4091,#4092,#4093,#4094,#4095,#4096,#4097,#4098,#4099,
#4100,#4101,#4102,#4103,#4104,#4105,#4106,#4107),.UNSPECIFIED.,.F.,.F.,
(4,2,2,2,2,2,2,2,2,2,2,2,4),(0.43283292498548,0.472242489178452,0.566860472446514,
0.661389541807878,0.755918611169241,0.850312619153583,0.944706627137925,
1.03904560924806,1.13338459135819,1.22861072101456,1.32383685067092,1.41891248758106,
1.42145241801111),.UNSPECIFIED.);
#85=B_SPLINE_CURVE_WITH_KNOTS('',3,(#4126,#4127,#4128,#4129,#4130,#4131,
#4132,#4133,#4134,#4135,#4136,#4137,#4138,#4139,#4140,#4141,#4142,#4143,
#4144,#4145,#4146,#4147,#4148,#4149,#4150,#4151),.UNSPECIFIED.,.F.,.F.,
(4,2,2,2,2,2,2,2,2,2,2,2,4),(1.57374638618858,1.61264364405941,1.70661910414204,
1.80196303223627,1.8973069603305,1.99251027083229,2.08771358133408,2.18231389051294,
2.27691419969181,2.37125148867747,2.46558877766313,2.56017564288241,2.56225265423011),
 .UNSPECIFIED.);
#86=B_SPLINE_CURVE_WITH_KNOTS('',3,(#4182,#4183,#4184,#4185,#4186,#4187,
#4188,#4189,#4190,#4191),.UNSPECIFIED.,.F.,.F.,(4,2,2,2,4),(1.19180437554436,
1.23195502836634,1.32781573260777,1.42324195829227,1.42597588986704),
 .UNSPECIFIED.);
#87=B_SPLINE_CURVE_WITH_KNOTS('',3,(#4198,#4199,#4200,#4201,#4202,#4203,
#4204,#4205,#4206,#4207,#4208,#4209,#4210,#4211,#4212,#4213,#4214,#4215,
#4216,#4217),.UNSPECIFIED.,.F.,.F.,(4,2,2,2,2,2,2,2,2,4),(0.,0.0417657061495509,
0.0835314122991019,0.125326393755618,0.167121375212134,0.208635920342594,
0.250150465473054,0.291660050908436,0.333169636343818,0.341696123142421),
 .UNSPECIFIED.);
#88=B_SPLINE_CURVE_WITH_KNOTS('',3,(#4218,#4219,#4220,#4221,#4222,#4223,
#4224,#4225,#4226,#4227,#4228,#4229,#4230,#4231,#4232,#4233,#4234,#4235),
 .UNSPECIFIED.,.F.,.F.,(4,2,2,2,2,2,2,2,4),(0.341696123142421,0.374814982051428,
0.416460327759039,0.458152698701158,0.499845069643277,0.541436795097644,
0.583028520552011,0.624475943310869,0.665923366069728),.UNSPECIFIED.);
#89=B_SPLINE_CURVE_WITH_KNOTS('',3,(#4240,#4241,#4242,#4243,#4244,#4245,
#4246,#4247,#4248,#4249,#4250,#4251,#4252,#4253,#4254,#4255,#4256,#4257,
#4258,#4259),.UNSPECIFIED.,.F.,.F.,(4,2,2,2,2,2,2,2,2,4),(0.,0.0417925696121653,
0.0835851392243306,0.125743991781979,0.167902844339628,0.209585443507831,
0.251268042676033,0.292731333338522,0.334194624001012,0.342723190789903),
 .UNSPECIFIED.);
#90=B_SPLINE_CURVE_WITH_KNOTS('',3,(#4260,#4261,#4262,#4263,#4264,#4265,
#4266,#4267,#4268,#4269,#4270,#4271,#4272,#4273,#4274,#4275,#4276,#4277),
 .UNSPECIFIED.,.F.,.F.,(4,2,2,2,2,2,2,2,4),(0.342723190789903,0.375874885610628,
0.417555147220244,0.459540020889536,0.501524894558828,0.543361751151745,
0.585198607744662,0.626583568814793,0.667968529884925),.UNSPECIFIED.);
#91=B_SPLINE_CURVE_WITH_KNOTS('',3,(#4280,#4281,#4282,#4283,#4284,#4285,
#4286,#4287,#4288,#4289),.UNSPECIFIED.,.F.,.F.,(4,2,2,2,4),(0.0550822301549554,
0.0941092286901307,0.188218457380261,0.282921481645325,0.285354645581969),
 .UNSPECIFIED.);
#92=B_SPLINE_CURVE_WITH_KNOTS('',3,(#4303,#4304,#4305,#4306,#4307,#4308,
#4309,#4310,#4311,#4312,#4313,#4314,#4315,#4316,#4317,#4318,#4319,#4320),
 .UNSPECIFIED.,.F.,.F.,(4,2,2,2,2,2,2,2,4),(1.80560975925883,1.80607248030724,
2.1680354336161,2.53256410844283,2.89709278326955,3.25492192451703,3.61275106576451,
3.97357340925201,3.97614508829264),.UNSPECIFIED.);
#93=B_SPLINE_CURVE_WITH_KNOTS('',3,(#4329,#4330,#4331,#4332,#4333,#4334,
#4335,#4336,#4337,#4338,#4339,#4340,#4341,#4342,#4343,#4344,#4345,#4346),
 .UNSPECIFIED.,.F.,.F.,(4,2,2,2,2,2,2,2,4),(1.79205085159609,1.79353204456849,
2.15337285215744,2.51269713006487,2.8720214079723,3.23706741115908,3.60211341434586,
3.96457170096441,3.96523608034324),.UNSPECIFIED.);
#94=B_SPLINE_CURVE_WITH_KNOTS('',3,(#4368,#4369,#4370,#4371,#4372,#4373,
#4374,#4375,#4376,#4377),.UNSPECIFIED.,.F.,.F.,(4,2,2,2,4),(1.2286209685936,
1.23086149656207,1.32535951726252,1.41967387136515,1.45889975457989),
 .UNSPECIFIED.);
#95=B_SPLINE_CURVE_WITH_KNOTS('',3,(#4396,#4397,#4398,#4399,#4400,#4401,
#4402,#4403,#4404,#4405),.UNSPECIFIED.,.F.,.F.,(4,2,2,2,4),(0.0926774738687838,
0.0951832984834291,0.190366596966858,0.286470097378622,0.326856275936313),
 .UNSPECIFIED.);
#96=B_SPLINE_CURVE_WITH_KNOTS('',3,(#4436,#4437,#4438,#4439,#4440,#4441,
#4442,#4443,#4444,#4445,#4446,#4447,#4448,#4449,#4450,#4451,#4452,#4453,
#4454,#4455,#4456,#4457,#4458,#4459,#4460,#4461),.UNSPECIFIED.,.F.,.F.,
(4,2,2,2,2,2,2,2,2,2,2,2,4),(0.475080921613885,0.477118880551838,0.571664163313291,
0.666043018073793,0.760421872834295,0.855143880672527,0.949865888510759,
1.0449475132445,1.14002913797824,1.23537306607247,1.33071699416671,1.42469245424934,
1.46358971212016),.UNSPECIFIED.);
#97=B_SPLINE_CURVE_WITH_KNOTS('',3,(#4468,#4469,#4470,#4471,#4472,#4473,
#4474,#4475,#4476,#4477,#4478,#4479,#4480,#4481,#4482,#4483,#4484,#4485,
#4486,#4487,#4488,#4489,#4490,#4491,#4492,#4493,#4494,#4495,#4496,#4497,
#4498,#4499,#4500,#4501),.UNSPECIFIED.,.F.,.F.,(4,2,2,2,2,2,2,2,2,2,2,2,
2,2,2,2,4),(0.,0.0413849610701315,0.082769922140263,0.12460677873318,0.166443635326097,
0.208428508995389,0.250413382664681,0.292093644274297,0.333773905883912,
0.375237196546401,0.41670048720889,0.458383086377092,0.500065685545295,
0.542224538102943,0.584383390660592,0.626175960272757,0.659436211797426),
 .UNSPECIFIED.);
#98=B_SPLINE_CURVE_WITH_KNOTS('',3,(#4502,#4503,#4504,#4505),
 .UNSPECIFIED.,.F.,.F.,(4,4),(0.659436211797426,0.667968529884923),
 .UNSPECIFIED.);
#99=B_SPLINE_CURVE_WITH_KNOTS('',3,(#4510,#4511,#4512,#4513,#4514,#4515,
#4516,#4517,#4518,#4519,#4520,#4521,#4522,#4523,#4524,#4525,#4526,#4527,
#4528,#4529,#4530,#4531,#4532,#4533,#4534,#4535,#4536,#4537,#4538,#4539,
#4540,#4541,#4542,#4543),.UNSPECIFIED.,.F.,.F.,(4,2,2,2,2,2,2,2,2,2,2,2,
2,2,2,2,4),(0.,0.0414474227588589,0.0828948455177179,0.124486570972085,
0.166078296426451,0.207770667368571,0.249463038310691,0.291108384018301,
0.33275372972591,0.3742845114208,0.415815293115689,0.457308637930198,0.498801982744706,
0.540611912017369,0.582421841290031,0.624172598630517,0.657393635974127),
 .UNSPECIFIED.);
#100=B_SPLINE_CURVE_WITH_KNOTS('',3,(#4544,#4545,#4546,#4547),
 .UNSPECIFIED.,.F.,.F.,(4,4),(0.657393635974127,0.665923355971003),
 .UNSPECIFIED.);
#101=B_SPLINE_CURVE_WITH_KNOTS('',3,(#4550,#4551,#4552,#4553,#4554,#4555,
#4556,#4557,#4558,#4559,#4560,#4561,#4562,#4563,#4564,#4565,#4566,#4567,
#4568,#4569,#4570,#4571,#4572,#4573,#4574,#4575),.UNSPECIFIED.,.F.,.F.,
(4,2,2,2,2,2,2,2,2,2,2,2,4),(0.0925357064800853,0.0950756369101375,0.190151273820275,
0.285377403476638,0.380603533133001,0.47479716968458,0.568990806236158,
0.663530088259083,0.758069370282007,0.852615358214364,0.94716134614672,
1.04176241100417,1.08115556405281),.UNSPECIFIED.);
#102=B_SPLINE_CURVE_WITH_KNOTS('',3,(#4585,#4586,#4587,#4588,#4589,#4590,
#4591,#4592,#4593,#4594,#4595,#4596,#4597,#4598,#4599,#4600,#4601,#4602,
#4603),.UNSPECIFIED.,.F.,.F.,(4,2,2,2,3,2,2,2,4),(-1.07905230502308,-1.07648062598245,
-0.715658282494958,-0.357829141247479,0.,0.363749725826235,0.72749945165247,
1.09024161527483,1.0914329908833),.UNSPECIFIED.);
#103=B_SPLINE_CURVE_WITH_KNOTS('',3,(#4627,#4628,#4629,#4630,#4631,#4632,
#4633,#4634,#4635,#4636,#4637,#4638,#4639,#4640,#4641,#4642,#4643,#4644,
#4645),.UNSPECIFIED.,.F.,.F.,(4,2,2,2,3,2,2,2,4),(-1.09321467237093,-1.0925502929921,
-0.730092006373552,-0.365046003186777,0.,0.35932427790743,0.71864855581486,
1.07848936340381,1.07997055637621),.UNSPECIFIED.);
#104=B_SPLINE_CURVE_WITH_KNOTS('',3,(#4849,#4850,#4851,#4852,#4853,#4854,
#4855,#4856),.UNSPECIFIED.,.F.,.F.,(4,2,2,4),(0.187345691549253,0.254034345201371,
0.4098104905416,0.785355003583342),.UNSPECIFIED.);
#105=B_SPLINE_CURVE_WITH_KNOTS('',3,(#4868,#4869,#4870,#4871,#4872,#4873,
#4874,#4875,#4876,#4877,#4878,#4879,#4880,#4881,#4882,#4883,#4884,#4885,
#4886,#4887,#4888,#4889,#4890,#4891,#4892,#4893,#4894,#4895,#4896,#4897,
#4898,#4899),.UNSPECIFIED.,.F.,.F.,(4,2,2,2,2,2,2,2,2,2,2,2,2,2,2,4),(1.92542833496313,
1.94943205498681,2.09688150909264,2.17060623614555,2.24433096319846,2.32246463866931,
2.40059831414016,2.50705340719891,2.61350850025767,2.8894747174261,3.16544093459452,
3.52024450544701,3.8750480762995,4.09551997484855,4.3159918733976,4.37378501958704),
 .UNSPECIFIED.);
#106=B_SPLINE_CURVE_WITH_KNOTS('',3,(#4904,#4905,#4906,#4907,#4908,#4909,
#4910,#4911,#4912,#4913,#4914,#4915,#4916,#4917),.UNSPECIFIED.,.F.,.F.,
(4,2,2,2,2,2,4),(3.82370949785792,3.85613351120556,4.24504469086773,4.6339558705299,
5.02286705019207,5.19557447775624,5.2182986965575),.UNSPECIFIED.);
#107=B_SPLINE_CURVE_WITH_KNOTS('',3,(#4931,#4932,#4933,#4934,#4935,#4936,
#4937,#4938,#4939,#4940,#4941,#4942,#4943,#4944),.UNSPECIFIED.,.F.,.F.,
(4,2,2,2,2,2,4),(5.90706291988162,5.92978713868288,6.10249456624705,6.49140574590922,
6.88031692557139,7.26922810523356,7.3016521185812),.UNSPECIFIED.);
#108=B_SPLINE_CURVE_WITH_KNOTS('',3,(#4950,#4951,#4952,#4953,#4954,#4955,
#4956,#4957,#4958,#4959,#4960,#4961,#4962,#4963,#4964,#4965,#4966,#4967,
#4968,#4969,#4970,#4971,#4972,#4973,#4974,#4975,#4976,#4977,#4978,#4979,
#4980,#4981),.UNSPECIFIED.,.F.,.F.,(4,2,2,2,2,2,2,2,2,2,2,2,2,2,2,4),(0.0692383420511218,
0.127031488240562,0.347503386789616,0.56797528533867,0.922778856191161,
1.27758242704365,1.55354864421207,1.82951486138049,1.93596995443925,2.04242504749802,
2.12055872296886,2.19869239843971,2.27241712549262,2.34614185254553,2.49359130665136,
2.51759502667504),.UNSPECIFIED.);
#109=B_SPLINE_CURVE_WITH_KNOTS('',3,(#4993,#4994,#4995,#4996,#4997,#4998,
#4999,#5000),.UNSPECIFIED.,.F.,.F.,(4,2,2,4),(3.65766835805483,4.03321287109658,
4.18898901643681,4.25567767008893),.UNSPECIFIED.);
#110=B_SPLINE_CURVE_WITH_KNOTS('',3,(#5071,#5072,#5073,#5074,#5075,#5076,
#5077,#5078,#5079,#5080),.UNSPECIFIED.,.F.,.F.,(4,2,2,2,4),(1.55419367777492,
1.64526095859857,1.75660739481734,1.86795383103612,1.88178258966594),
 .UNSPECIFIED.);
#111=B_SPLINE_CURVE_WITH_KNOTS('',3,(#5083,#5084,#5085,#5086,#5087,#5088,
#5089,#5090,#5091,#5092),.UNSPECIFIED.,.F.,.F.,(4,2,2,2,4),(2.03309922878043,
2.04692798741025,2.15827442362902,2.2696208598478,2.3606881406715),
 .UNSPECIFIED.);
#112=B_SPLINE_CURVE_WITH_KNOTS('',3,(#5099,#5100,#5101,#5102,#5103,#5104,
#5105,#5106,#5107,#5108,#5109,#5110,#5111,#5112,#5113,#5114),
 .UNSPECIFIED.,.F.,.F.,(4,2,2,2,2,2,2,4),(-1.20289386374953,-1.08674453447163,
-0.952406675401069,-0.661624823490684,-0.420303119792164,-0.263322356309057,
-0.138669361620191,0.),.UNSPECIFIED.);
#113=B_SPLINE_CURVE_WITH_KNOTS('',3,(#5116,#5117,#5118,#5119,#5120,#5121,
#5122,#5123,#5124,#5125,#5126,#5127,#5128,#5129,#5130,#5131,#5132,#5133,
#5134),.UNSPECIFIED.,.F.,.F.,(4,2,2,2,3,2,2,2,4),(3.50011816776713,3.63110512039743,
3.7729934694219,3.84393764393414,3.91488181844637,3.9858259929586,4.05677016747084,
4.19865851649531,4.32964546912563),.UNSPECIFIED.);
#114=B_SPLINE_CURVE_WITH_KNOTS('',3,(#5135,#5136,#5137,#5138,#5139,#5140,
#5141,#5142,#5143,#5144,#5145,#5146,#5147,#5148,#5149,#5150),
 .UNSPECIFIED.,.F.,.F.,(4,2,2,2,2,2,2,4),(-1.19152494467906,-1.12240306691525,
-1.05005614787965,-0.926212702707103,-0.768774512928329,-0.526610650330704,
-0.238968343071463,0.),.UNSPECIFIED.);
#115=B_SPLINE_CURVE_WITH_KNOTS('',3,(#5181,#5182,#5183,#5184,#5185,#5186,
#5187,#5188,#5189,#5190,#5191,#5192),.UNSPECIFIED.,.F.,.F.,(4,2,2,2,2,4),
(0.992666064166092,0.99931041945762,1.01366060249194,1.06229513465352,1.24681740849665,
1.2707120399545),.UNSPECIFIED.);
#116=B_SPLINE_CURVE_WITH_KNOTS('',3,(#5193,#5194,#5195,#5196,#5197,#5198,
#5199,#5200,#5201,#5202,#5203,#5204,#5205,#5206,#5207,#5208,#5209,#5210,
#5211,#5212,#5213,#5214,#5215,#5216,#5217,#5218,#5219,#5220,#5221,#5222,
#5223),.UNSPECIFIED.,.F.,.F.,(4,2,2,2,2,2,2,2,2,2,2,2,2,3,4),(0.285751803531203,
0.342423916568598,0.422990661063847,0.459077575737682,0.477121033074599,
0.495164490411517,0.513345686154739,0.53152688189796,0.588978866214174,
0.733923886273695,0.887015936458967,0.951546045784147,0.968253141103722,
0.984960236423297,0.992666064166092),.UNSPECIFIED.);
#117=B_SPLINE_CURVE_WITH_KNOTS('',3,(#5234,#5235,#5236,#5237,#5238,#5239,
#5240,#5241,#5242,#5243,#5244,#5245,#5246,#5247,#5248,#5249,#5250,#5251,
#5252,#5253,#5254,#5255,#5256,#5257,#5258,#5259,#5260,#5261,#5262,#5263,
#5264,#5265,#5266,#5267,#5268),.UNSPECIFIED.,.F.,.F.,(4,2,2,2,2,2,2,2,2,
2,3,2,2,2,2,2,4),(0.485742764571989,0.493685374350945,0.511728831687862,
0.52977228902478,0.565859203698614,0.646425948193862,0.726992692689109,
0.911514966532239,0.960149498693815,0.974499681728137,0.988849864762459,
1.00259556451143,1.01634126426039,1.06166114852741,1.15113573006402,1.24061031160063,
1.28323302508594),.UNSPECIFIED.);
#118=B_SPLINE_CURVE_WITH_KNOTS('',3,(#5269,#5270,#5271,#5272,#5273,#5274,
#5275,#5276,#5277,#5278,#5279,#5280),.UNSPECIFIED.,.F.,.F.,(4,2,2,2,2,4),
(0.294383160323476,0.334594780952411,0.417429115066652,0.455557244708798,
0.474621309529871,0.485742764571989),.UNSPECIFIED.);
#119=B_SPLINE_CURVE_WITH_KNOTS('',3,(#5292,#5293,#5294,#5295,#5296,#5297,
#5298,#5299,#5300,#5301,#5302,#5303),.UNSPECIFIED.,.F.,.F.,(4,2,2,2,2,4),
(0.,0.0185171999385254,0.0370343998770509,0.0740687997541018,0.155384854628275,
0.236700909502448),.UNSPECIFIED.);
#120=B_SPLINE_CURVE_WITH_KNOTS('',3,(#5304,#5305,#5306,#5307,#5308,#5309,
#5310,#5311,#5312,#5313,#5314,#5315,#5316,#5317,#5318,#5319,#5320,#5321,
#5322,#5323,#5324,#5325,#5326,#5327,#5328,#5329,#5330,#5331),
 .UNSPECIFIED.,.F.,.F.,(4,2,2,2,2,2,2,2,2,2,2,2,2,4),(0.236700909502448,
0.415958051987907,0.462715117318807,0.476628355385753,0.4905415934527,0.504454831519646,
0.518368069586592,0.565125134917492,0.744382277402952,0.825698332277125,
0.907014387151298,0.944048787028349,0.962565986966874,0.9810831869054),
 .UNSPECIFIED.);
#121=B_SPLINE_CURVE_WITH_KNOTS('',3,(#5394,#5395,#5396,#5397,#5398,#5399,
#5400),.UNSPECIFIED.,.F.,.F.,(4,1,1,1,4),(-1.,-0.857142857142857,-0.571428571428571,
-0.285714285714286,0.),.UNSPECIFIED.);
#122=B_SPLINE_CURVE_WITH_KNOTS('',3,(#5599,#5600,#5601,#5602,#5603,#5604,
#5605,#5606),.UNSPECIFIED.,.F.,.F.,(4,2,2,4),(-2.90979782910172,-2.06820807021524,
-1.22683563489598,-0.0191200869641768),.UNSPECIFIED.);
#123=B_SPLINE_CURVE_WITH_KNOTS('',3,(#5612,#5613,#5614,#5615),
 .UNSPECIFIED.,.F.,.F.,(4,4),(-0.018675451825554,0.),.UNSPECIFIED.);
#124=B_SPLINE_CURVE_WITH_KNOTS('',3,(#5660,#5661,#5662,#5663),
 .UNSPECIFIED.,.F.,.F.,(4,4),(-1.00392722626683,-0.992063756359813),
 .UNSPECIFIED.);
#125=B_SPLINE_CURVE_WITH_KNOTS('',3,(#5665,#5666,#5667,#5668,#5669,#5670,
#5671,#5672),.UNSPECIFIED.,.F.,.F.,(4,2,2,4),(-2.89124330827583,-2.07875180412821,
-1.24762774746593,0.),.UNSPECIFIED.);
#126=B_SPLINE_CURVE_WITH_KNOTS('',3,(#5823,#5824,#5825,#5826,#5827,#5828,
#5829),.UNSPECIFIED.,.F.,.F.,(4,1,1,1,4),(-1.,-0.857142857142857,-0.571428571428571,
-0.285714285714286,0.),.UNSPECIFIED.);
#127=CYLINDRICAL_SURFACE('',#2966,2.5);
#128=CYLINDRICAL_SURFACE('',#2972,2.5);
#129=CYLINDRICAL_SURFACE('',#2985,2.5);
#130=CYLINDRICAL_SURFACE('',#2988,1.1);
#131=CYLINDRICAL_SURFACE('',#2989,1.1);
#132=CYLINDRICAL_SURFACE('',#2990,2.5);
#133=CYLINDRICAL_SURFACE('',#2991,35.);
#134=CYLINDRICAL_SURFACE('',#2996,33.);
#135=CYLINDRICAL_SURFACE('',#3001,33.);
#136=CYLINDRICAL_SURFACE('',#3004,2.5);
#137=CYLINDRICAL_SURFACE('',#3010,2.5);
#138=CYLINDRICAL_SURFACE('',#3023,2.5);
#139=CYLINDRICAL_SURFACE('',#3026,1.1);
#140=CYLINDRICAL_SURFACE('',#3027,1.1);
#141=CYLINDRICAL_SURFACE('',#3028,2.5);
#142=CYLINDRICAL_SURFACE('',#3029,35.);
#143=CYLINDRICAL_SURFACE('',#3034,33.);
#144=CYLINDRICAL_SURFACE('',#3039,33.);
#145=CYLINDRICAL_SURFACE('',#3041,10.);
#146=CYLINDRICAL_SURFACE('',#3044,10.);
#147=CYLINDRICAL_SURFACE('',#3049,9.5);
#148=CYLINDRICAL_SURFACE('',#3050,9.5);
#149=CYLINDRICAL_SURFACE('',#3064,33.);
#150=CYLINDRICAL_SURFACE('',#3075,33.);
#151=CYLINDRICAL_SURFACE('',#3079,33.);
#152=CYLINDRICAL_SURFACE('',#3083,33.);
#153=CYLINDRICAL_SURFACE('',#3092,33.);
#154=CYLINDRICAL_SURFACE('',#3098,35.5);
#155=CYLINDRICAL_SURFACE('',#3100,35.5);
#156=CYLINDRICAL_SURFACE('',#3104,1.4);
#157=CYLINDRICAL_SURFACE('',#3109,1.40000000000001);
#158=CYLINDRICAL_SURFACE('',#3114,1.4);
#159=CYLINDRICAL_SURFACE('',#3119,33.);
#160=CYLINDRICAL_SURFACE('',#3123,33.);
#161=CYLINDRICAL_SURFACE('',#3124,1.);
#162=CYLINDRICAL_SURFACE('',#3127,0.999999999999996);
#163=CYLINDRICAL_SURFACE('',#3129,1.);
#164=CYLINDRICAL_SURFACE('',#3133,35.5);
#165=CYLINDRICAL_SURFACE('',#3144,31.);
#166=CYLINDRICAL_SURFACE('',#3146,31.);
#167=CYLINDRICAL_SURFACE('',#3159,31.);
#168=CYLINDRICAL_SURFACE('',#3161,31.);
#169=CYLINDRICAL_SURFACE('',#3170,31.);
#170=CYLINDRICAL_SURFACE('',#3172,31.);
#171=CYLINDRICAL_SURFACE('',#3175,33.);
#172=CYLINDRICAL_SURFACE('',#3177,33.);
#173=CYLINDRICAL_SURFACE('',#3189,2.5);
#174=CYLINDRICAL_SURFACE('',#3198,32.);
#175=CYLINDRICAL_SURFACE('',#3199,2.5);
#176=CYLINDRICAL_SURFACE('',#3200,2.5);
#177=CYLINDRICAL_SURFACE('',#3201,32.);
#178=CYLINDRICAL_SURFACE('',#3214,33.);
#179=CYLINDRICAL_SURFACE('',#3216,36.5);
#180=CYLINDRICAL_SURFACE('',#3217,36.5);
#181=CYLINDRICAL_SURFACE('',#3219,37.5);
#182=CYLINDRICAL_SURFACE('',#3223,37.5);
#183=CYLINDRICAL_SURFACE('',#3227,35.5);
#184=CYLINDRICAL_SURFACE('',#3231,35.5);
#185=CYLINDRICAL_SURFACE('',#3239,33.);
#186=CYLINDRICAL_SURFACE('',#3241,33.);
#187=CYLINDRICAL_SURFACE('',#3244,35.5);
#188=CYLINDRICAL_SURFACE('',#3249,37.5);
#189=FACE_OUTER_BOUND('',#351,.T.);
#190=FACE_OUTER_BOUND('',#352,.T.);
#191=FACE_OUTER_BOUND('',#353,.T.);
#192=FACE_OUTER_BOUND('',#354,.T.);
#193=FACE_OUTER_BOUND('',#355,.T.);
#194=FACE_OUTER_BOUND('',#356,.T.);
#195=FACE_OUTER_BOUND('',#357,.T.);
#196=FACE_OUTER_BOUND('',#358,.T.);
#197=FACE_OUTER_BOUND('',#361,.T.);
#198=FACE_OUTER_BOUND('',#362,.T.);
#199=FACE_OUTER_BOUND('',#363,.T.);
#200=FACE_OUTER_BOUND('',#364,.T.);
#201=FACE_OUTER_BOUND('',#365,.T.);
#202=FACE_OUTER_BOUND('',#366,.T.);
#203=FACE_OUTER_BOUND('',#367,.T.);
#204=FACE_OUTER_BOUND('',#369,.T.);
#205=FACE_OUTER_BOUND('',#370,.T.);
#206=FACE_OUTER_BOUND('',#371,.T.);
#207=FACE_OUTER_BOUND('',#372,.T.);
#208=FACE_OUTER_BOUND('',#373,.T.);
#209=FACE_OUTER_BOUND('',#374,.T.);
#210=FACE_OUTER_BOUND('',#375,.T.);
#211=FACE_OUTER_BOUND('',#376,.T.);
#212=FACE_OUTER_BOUND('',#377,.T.);
#213=FACE_OUTER_BOUND('',#380,.T.);
#214=FACE_OUTER_BOUND('',#381,.T.);
#215=FACE_OUTER_BOUND('',#382,.T.);
#216=FACE_OUTER_BOUND('',#383,.T.);
#217=FACE_OUTER_BOUND('',#384,.T.);
#218=FACE_OUTER_BOUND('',#385,.T.);
#219=FACE_OUTER_BOUND('',#386,.T.);
#220=FACE_OUTER_BOUND('',#388,.T.);
#221=FACE_OUTER_BOUND('',#389,.T.);
#222=FACE_OUTER_BOUND('',#390,.T.);
#223=FACE_OUTER_BOUND('',#391,.T.);
#224=FACE_OUTER_BOUND('',#392,.T.);
#225=FACE_OUTER_BOUND('',#393,.T.);
#226=FACE_OUTER_BOUND('',#394,.T.);
#227=FACE_OUTER_BOUND('',#395,.T.);
#228=FACE_OUTER_BOUND('',#396,.T.);
#229=FACE_OUTER_BOUND('',#397,.T.);
#230=FACE_OUTER_BOUND('',#398,.T.);
#231=FACE_OUTER_BOUND('',#399,.T.);
#232=FACE_OUTER_BOUND('',#400,.T.);
#233=FACE_OUTER_BOUND('',#401,.T.);
#234=FACE_OUTER_BOUND('',#402,.T.);
#235=FACE_OUTER_BOUND('',#403,.T.);
#236=FACE_OUTER_BOUND('',#404,.T.);
#237=FACE_OUTER_BOUND('',#405,.T.);
#238=FACE_OUTER_BOUND('',#406,.T.);
#239=FACE_OUTER_BOUND('',#407,.T.);
#240=FACE_OUTER_BOUND('',#408,.T.);
#241=FACE_OUTER_BOUND('',#409,.T.);
#242=FACE_OUTER_BOUND('',#410,.T.);
#243=FACE_OUTER_BOUND('',#411,.T.);
#244=FACE_OUTER_BOUND('',#412,.T.);
#245=FACE_OUTER_BOUND('',#413,.T.);
#246=FACE_OUTER_BOUND('',#414,.T.);
#247=FACE_OUTER_BOUND('',#415,.T.);
#248=FACE_OUTER_BOUND('',#416,.T.);
#249=FACE_OUTER_BOUND('',#417,.T.);
#250=FACE_OUTER_BOUND('',#418,.T.);
#251=FACE_OUTER_BOUND('',#419,.T.);
#252=FACE_OUTER_BOUND('',#420,.T.);
#253=FACE_OUTER_BOUND('',#421,.T.);
#254=FACE_OUTER_BOUND('',#422,.T.);
#255=FACE_OUTER_BOUND('',#423,.T.);
#256=FACE_OUTER_BOUND('',#424,.T.);
#257=FACE_OUTER_BOUND('',#425,.T.);
#258=FACE_OUTER_BOUND('',#426,.T.);
#259=FACE_OUTER_BOUND('',#427,.T.);
#260=FACE_OUTER_BOUND('',#428,.T.);
#261=FACE_OUTER_BOUND('',#429,.T.);
#262=FACE_OUTER_BOUND('',#431,.T.);
#263=FACE_OUTER_BOUND('',#432,.T.);
#264=FACE_OUTER_BOUND('',#434,.T.);
#265=FACE_OUTER_BOUND('',#435,.T.);
#266=FACE_OUTER_BOUND('',#437,.T.);
#267=FACE_OUTER_BOUND('',#438,.T.);
#268=FACE_OUTER_BOUND('',#439,.T.);
#269=FACE_OUTER_BOUND('',#440,.T.);
#270=FACE_OUTER_BOUND('',#441,.T.);
#271=FACE_OUTER_BOUND('',#443,.T.);
#272=FACE_OUTER_BOUND('',#444,.T.);
#273=FACE_OUTER_BOUND('',#445,.T.);
#274=FACE_OUTER_BOUND('',#447,.T.);
#275=FACE_OUTER_BOUND('',#448,.T.);
#276=FACE_OUTER_BOUND('',#450,.T.);
#277=FACE_OUTER_BOUND('',#451,.T.);
#278=FACE_OUTER_BOUND('',#452,.T.);
#279=FACE_OUTER_BOUND('',#453,.T.);
#280=FACE_OUTER_BOUND('',#454,.T.);
#281=FACE_OUTER_BOUND('',#455,.T.);
#282=FACE_OUTER_BOUND('',#456,.T.);
#283=FACE_OUTER_BOUND('',#457,.T.);
#284=FACE_OUTER_BOUND('',#458,.T.);
#285=FACE_OUTER_BOUND('',#459,.T.);
#286=FACE_OUTER_BOUND('',#460,.T.);
#287=FACE_OUTER_BOUND('',#461,.T.);
#288=FACE_OUTER_BOUND('',#462,.T.);
#289=FACE_OUTER_BOUND('',#463,.T.);
#290=FACE_OUTER_BOUND('',#464,.T.);
#291=FACE_OUTER_BOUND('',#465,.T.);
#292=FACE_OUTER_BOUND('',#466,.T.);
#293=FACE_OUTER_BOUND('',#467,.T.);
#294=FACE_OUTER_BOUND('',#468,.T.);
#295=FACE_OUTER_BOUND('',#469,.T.);
#296=FACE_OUTER_BOUND('',#470,.T.);
#297=FACE_OUTER_BOUND('',#471,.T.);
#298=FACE_OUTER_BOUND('',#472,.T.);
#299=FACE_OUTER_BOUND('',#473,.T.);
#300=FACE_OUTER_BOUND('',#474,.T.);
#301=FACE_OUTER_BOUND('',#475,.T.);
#302=FACE_OUTER_BOUND('',#476,.T.);
#303=FACE_OUTER_BOUND('',#477,.T.);
#304=FACE_OUTER_BOUND('',#478,.T.);
#305=FACE_OUTER_BOUND('',#479,.T.);
#306=FACE_OUTER_BOUND('',#480,.T.);
#307=FACE_OUTER_BOUND('',#481,.T.);
#308=FACE_OUTER_BOUND('',#482,.T.);
#309=FACE_OUTER_BOUND('',#483,.T.);
#310=FACE_OUTER_BOUND('',#484,.T.);
#311=FACE_OUTER_BOUND('',#485,.T.);
#312=FACE_OUTER_BOUND('',#486,.T.);
#313=FACE_OUTER_BOUND('',#487,.T.);
#314=FACE_OUTER_BOUND('',#488,.T.);
#315=FACE_OUTER_BOUND('',#489,.T.);
#316=FACE_OUTER_BOUND('',#490,.T.);
#317=FACE_OUTER_BOUND('',#491,.T.);
#318=FACE_OUTER_BOUND('',#492,.T.);
#319=FACE_OUTER_BOUND('',#493,.T.);
#320=FACE_OUTER_BOUND('',#494,.T.);
#321=FACE_OUTER_BOUND('',#495,.T.);
#322=FACE_OUTER_BOUND('',#496,.T.);
#323=FACE_OUTER_BOUND('',#497,.T.);
#324=FACE_OUTER_BOUND('',#498,.T.);
#325=FACE_OUTER_BOUND('',#499,.T.);
#326=FACE_OUTER_BOUND('',#500,.T.);
#327=FACE_OUTER_BOUND('',#501,.T.);
#328=FACE_OUTER_BOUND('',#502,.T.);
#329=FACE_OUTER_BOUND('',#503,.T.);
#330=FACE_OUTER_BOUND('',#504,.T.);
#331=FACE_OUTER_BOUND('',#505,.T.);
#332=FACE_OUTER_BOUND('',#506,.T.);
#333=FACE_OUTER_BOUND('',#507,.T.);
#334=FACE_OUTER_BOUND('',#508,.T.);
#335=FACE_OUTER_BOUND('',#509,.T.);
#336=FACE_OUTER_BOUND('',#510,.T.);
#337=FACE_OUTER_BOUND('',#511,.T.);
#338=FACE_OUTER_BOUND('',#512,.T.);
#339=FACE_OUTER_BOUND('',#513,.T.);
#340=FACE_OUTER_BOUND('',#514,.T.);
#341=FACE_OUTER_BOUND('',#515,.T.);
#342=FACE_OUTER_BOUND('',#516,.T.);
#343=FACE_OUTER_BOUND('',#517,.T.);
#344=FACE_OUTER_BOUND('',#518,.T.);
#345=FACE_OUTER_BOUND('',#519,.T.);
#346=FACE_OUTER_BOUND('',#520,.T.);
#347=FACE_OUTER_BOUND('',#521,.T.);
#348=FACE_OUTER_BOUND('',#522,.T.);
#349=FACE_OUTER_BOUND('',#523,.T.);
#350=FACE_OUTER_BOUND('',#524,.T.);
#351=EDGE_LOOP('',(#1843,#1844,#1845));
#352=EDGE_LOOP('',(#1846,#1847,#1848,#1849));
#353=EDGE_LOOP('',(#1850,#1851,#1852,#1853));
#354=EDGE_LOOP('',(#1854,#1855,#1856));
#355=EDGE_LOOP('',(#1857,#1858,#1859,#1860));
#356=EDGE_LOOP('',(#1861,#1862,#1863));
#357=EDGE_LOOP('',(#1864,#1865,#1866,#1867));
#358=EDGE_LOOP('',(#1868,#1869,#1870,#1871,#1872,#1873,#1874,#1875,#1876,
#1877,#1878,#1879));
#359=EDGE_LOOP('',(#1880));
#360=EDGE_LOOP('',(#1881));
#361=EDGE_LOOP('',(#1882,#1883,#1884,#1885));
#362=EDGE_LOOP('',(#1886,#1887,#1888));
#363=EDGE_LOOP('',(#1889,#1890,#1891,#1892,#1893));
#364=EDGE_LOOP('',(#1894,#1895,#1896,#1897,#1898));
#365=EDGE_LOOP('',(#1899,#1900,#1901,#1902));
#366=EDGE_LOOP('',(#1903,#1904,#1905,#1906,#1907,#1908,#1909,#1910));
#367=EDGE_LOOP('',(#1911,#1912,#1913,#1914,#1915,#1916,#1917,#1918));
#368=EDGE_LOOP('',(#1919,#1920,#1921,#1922,#1923,#1924,#1925,#1926,#1927,
#1928,#1929,#1930));
#369=EDGE_LOOP('',(#1931,#1932));
#370=EDGE_LOOP('',(#1933,#1934,#1935));
#371=EDGE_LOOP('',(#1936,#1937,#1938,#1939));
#372=EDGE_LOOP('',(#1940,#1941,#1942,#1943));
#373=EDGE_LOOP('',(#1944,#1945,#1946));
#374=EDGE_LOOP('',(#1947,#1948,#1949,#1950));
#375=EDGE_LOOP('',(#1951,#1952,#1953));
#376=EDGE_LOOP('',(#1954,#1955,#1956,#1957));
#377=EDGE_LOOP('',(#1958,#1959,#1960,#1961,#1962,#1963,#1964,#1965,#1966,
#1967,#1968,#1969));
#378=EDGE_LOOP('',(#1970));
#379=EDGE_LOOP('',(#1971));
#380=EDGE_LOOP('',(#1972,#1973,#1974,#1975));
#381=EDGE_LOOP('',(#1976,#1977,#1978));
#382=EDGE_LOOP('',(#1979,#1980,#1981,#1982,#1983));
#383=EDGE_LOOP('',(#1984,#1985,#1986,#1987,#1988));
#384=EDGE_LOOP('',(#1989,#1990,#1991,#1992));
#385=EDGE_LOOP('',(#1993,#1994,#1995,#1996,#1997,#1998,#1999,#2000));
#386=EDGE_LOOP('',(#2001,#2002,#2003,#2004,#2005,#2006,#2007,#2008));
#387=EDGE_LOOP('',(#2009,#2010,#2011,#2012,#2013,#2014,#2015,#2016,#2017,
#2018,#2019,#2020));
#388=EDGE_LOOP('',(#2021,#2022));
#389=EDGE_LOOP('',(#2023,#2024,#2025,#2026,#2027,#2028,#2029,#2030));
#390=EDGE_LOOP('',(#2031,#2032,#2033,#2034));
#391=EDGE_LOOP('',(#2035,#2036,#2037,#2038));
#392=EDGE_LOOP('',(#2039,#2040,#2041,#2042,#2043,#2044,#2045,#2046));
#393=EDGE_LOOP('',(#2047,#2048,#2049,#2050,#2051,#2052,#2053,#2054));
#394=EDGE_LOOP('',(#2055,#2056,#2057,#2058));
#395=EDGE_LOOP('',(#2059,#2060,#2061,#2062));
#396=EDGE_LOOP('',(#2063,#2064,#2065,#2066,#2067,#2068,#2069,#2070));
#397=EDGE_LOOP('',(#2071,#2072,#2073,#2074,#2075));
#398=EDGE_LOOP('',(#2076,#2077,#2078,#2079,#2080));
#399=EDGE_LOOP('',(#2081,#2082,#2083,#2084,#2085,#2086,#2087,#2088,#2089,
#2090,#2091,#2092,#2093,#2094,#2095,#2096,#2097,#2098));
#400=EDGE_LOOP('',(#2099,#2100,#2101,#2102));
#401=EDGE_LOOP('',(#2103,#2104,#2105,#2106,#2107,#2108,#2109,#2110,#2111));
#402=EDGE_LOOP('',(#2112,#2113,#2114,#2115,#2116,#2117,#2118,#2119,#2120));
#403=EDGE_LOOP('',(#2121,#2122,#2123,#2124,#2125));
#404=EDGE_LOOP('',(#2126,#2127,#2128,#2129));
#405=EDGE_LOOP('',(#2130,#2131,#2132,#2133));
#406=EDGE_LOOP('',(#2134,#2135,#2136,#2137));
#407=EDGE_LOOP('',(#2138,#2139));
#408=EDGE_LOOP('',(#2140,#2141,#2142,#2143,#2144,#2145,#2146,#2147,#2148,
#2149,#2150,#2151,#2152,#2153,#2154,#2155,#2156,#2157));
#409=EDGE_LOOP('',(#2158,#2159,#2160,#2161,#2162,#2163,#2164,#2165));
#410=EDGE_LOOP('',(#2166,#2167,#2168,#2169,#2170));
#411=EDGE_LOOP('',(#2171,#2172,#2173,#2174,#2175,#2176,#2177,#2178,#2179));
#412=EDGE_LOOP('',(#2180,#2181,#2182,#2183,#2184));
#413=EDGE_LOOP('',(#2185,#2186,#2187,#2188,#2189,#2190,#2191,#2192,#2193));
#414=EDGE_LOOP('',(#2194,#2195,#2196,#2197,#2198,#2199));
#415=EDGE_LOOP('',(#2200,#2201,#2202,#2203,#2204,#2205));
#416=EDGE_LOOP('',(#2206,#2207,#2208,#2209));
#417=EDGE_LOOP('',(#2210,#2211,#2212,#2213));
#418=EDGE_LOOP('',(#2214,#2215,#2216,#2217));
#419=EDGE_LOOP('',(#2218,#2219,#2220,#2221,#2222,#2223,#2224,#2225));
#420=EDGE_LOOP('',(#2226,#2227,#2228,#2229));
#421=EDGE_LOOP('',(#2230,#2231,#2232,#2233));
#422=EDGE_LOOP('',(#2234,#2235,#2236,#2237));
#423=EDGE_LOOP('',(#2238,#2239,#2240,#2241));
#424=EDGE_LOOP('',(#2242,#2243,#2244,#2245));
#425=EDGE_LOOP('',(#2246,#2247,#2248,#2249));
#426=EDGE_LOOP('',(#2250,#2251,#2252,#2253));
#427=EDGE_LOOP('',(#2254,#2255,#2256,#2257,#2258,#2259,#2260,#2261));
#428=EDGE_LOOP('',(#2262,#2263,#2264,#2265));
#429=EDGE_LOOP('',(#2266));
#430=EDGE_LOOP('',(#2267));
#431=EDGE_LOOP('',(#2268,#2269,#2270,#2271));
#432=EDGE_LOOP('',(#2272));
#433=EDGE_LOOP('',(#2273));
#434=EDGE_LOOP('',(#2274,#2275,#2276,#2277));
#435=EDGE_LOOP('',(#2278));
#436=EDGE_LOOP('',(#2279));
#437=EDGE_LOOP('',(#2280,#2281));
#438=EDGE_LOOP('',(#2282,#2283,#2284,#2285,#2286,#2287,#2288,#2289));
#439=EDGE_LOOP('',(#2290,#2291));
#440=EDGE_LOOP('',(#2292,#2293,#2294,#2295,#2296));
#441=EDGE_LOOP('',(#2297,#2298,#2299,#2300));
#442=EDGE_LOOP('',(#2301));
#443=EDGE_LOOP('',(#2302,#2303,#2304,#2305,#2306));
#444=EDGE_LOOP('',(#2307,#2308,#2309,#2310,#2311));
#445=EDGE_LOOP('',(#2312,#2313,#2314,#2315));
#446=EDGE_LOOP('',(#2316));
#447=EDGE_LOOP('',(#2317,#2318,#2319,#2320,#2321));
#448=EDGE_LOOP('',(#2322,#2323,#2324,#2325));
#449=EDGE_LOOP('',(#2326));
#450=EDGE_LOOP('',(#2327,#2328,#2329,#2330,#2331));
#451=EDGE_LOOP('',(#2332,#2333));
#452=EDGE_LOOP('',(#2334,#2335,#2336,#2337,#2338,#2339,#2340,#2341,#2342,
#2343,#2344,#2345));
#453=EDGE_LOOP('',(#2346,#2347,#2348,#2349));
#454=EDGE_LOOP('',(#2350,#2351,#2352,#2353));
#455=EDGE_LOOP('',(#2354,#2355,#2356,#2357));
#456=EDGE_LOOP('',(#2358,#2359,#2360,#2361));
#457=EDGE_LOOP('',(#2362,#2363,#2364,#2365,#2366,#2367,#2368,#2369,#2370,
#2371,#2372,#2373));
#458=EDGE_LOOP('',(#2374,#2375,#2376,#2377));
#459=EDGE_LOOP('',(#2378,#2379,#2380,#2381));
#460=EDGE_LOOP('',(#2382,#2383,#2384,#2385));
#461=EDGE_LOOP('',(#2386,#2387,#2388,#2389,#2390,#2391,#2392,#2393,#2394,
#2395,#2396,#2397));
#462=EDGE_LOOP('',(#2398,#2399,#2400,#2401));
#463=EDGE_LOOP('',(#2402,#2403,#2404,#2405));
#464=EDGE_LOOP('',(#2406,#2407,#2408,#2409));
#465=EDGE_LOOP('',(#2410,#2411,#2412,#2413));
#466=EDGE_LOOP('',(#2414,#2415,#2416,#2417,#2418,#2419,#2420,#2421,#2422,
#2423,#2424,#2425));
#467=EDGE_LOOP('',(#2426,#2427,#2428,#2429));
#468=EDGE_LOOP('',(#2430,#2431,#2432,#2433));
#469=EDGE_LOOP('',(#2434,#2435,#2436,#2437));
#470=EDGE_LOOP('',(#2438,#2439,#2440,#2441,#2442,#2443,#2444,#2445,#2446,
#2447,#2448,#2449));
#471=EDGE_LOOP('',(#2450,#2451,#2452,#2453));
#472=EDGE_LOOP('',(#2454,#2455,#2456,#2457));
#473=EDGE_LOOP('',(#2458,#2459,#2460,#2461,#2462));
#474=EDGE_LOOP('',(#2463,#2464,#2465,#2466,#2467));
#475=EDGE_LOOP('',(#2468,#2469,#2470,#2471));
#476=EDGE_LOOP('',(#2472,#2473,#2474,#2475,#2476));
#477=EDGE_LOOP('',(#2477,#2478,#2479,#2480));
#478=EDGE_LOOP('',(#2481,#2482,#2483,#2484));
#479=EDGE_LOOP('',(#2485,#2486,#2487,#2488));
#480=EDGE_LOOP('',(#2489,#2490,#2491,#2492));
#481=EDGE_LOOP('',(#2493,#2494,#2495,#2496));
#482=EDGE_LOOP('',(#2497,#2498,#2499,#2500,#2501,#2502,#2503,#2504,#2505,
#2506,#2507,#2508));
#483=EDGE_LOOP('',(#2509,#2510,#2511,#2512,#2513));
#484=EDGE_LOOP('',(#2514,#2515,#2516,#2517,#2518));
#485=EDGE_LOOP('',(#2519,#2520,#2521,#2522));
#486=EDGE_LOOP('',(#2523,#2524,#2525,#2526));
#487=EDGE_LOOP('',(#2527,#2528,#2529,#2530));
#488=EDGE_LOOP('',(#2531,#2532,#2533,#2534,#2535,#2536));
#489=EDGE_LOOP('',(#2537,#2538,#2539,#2540,#2541,#2542));
#490=EDGE_LOOP('',(#2543,#2544,#2545,#2546,#2547,#2548));
#491=EDGE_LOOP('',(#2549,#2550,#2551,#2552,#2553));
#492=EDGE_LOOP('',(#2554,#2555,#2556,#2557,#2558));
#493=EDGE_LOOP('',(#2559,#2560,#2561,#2562));
#494=EDGE_LOOP('',(#2563,#2564,#2565,#2566));
#495=EDGE_LOOP('',(#2567,#2568,#2569,#2570,#2571));
#496=EDGE_LOOP('',(#2572,#2573,#2574,#2575));
#497=EDGE_LOOP('',(#2576,#2577,#2578,#2579,#2580,#2581,#2582,#2583,#2584,
#2585,#2586,#2587));
#498=EDGE_LOOP('',(#2588,#2589,#2590,#2591,#2592,#2593,#2594,#2595,#2596,
#2597,#2598,#2599));
#499=EDGE_LOOP('',(#2600,#2601,#2602,#2603));
#500=EDGE_LOOP('',(#2604,#2605));
#501=EDGE_LOOP('',(#2606,#2607,#2608,#2609));
#502=EDGE_LOOP('',(#2610,#2611,#2612,#2613));
#503=EDGE_LOOP('',(#2614,#2615,#2616,#2617));
#504=EDGE_LOOP('',(#2618,#2619,#2620,#2621));
#505=EDGE_LOOP('',(#2622,#2623,#2624,#2625,#2626));
#506=EDGE_LOOP('',(#2627,#2628,#2629,#2630));
#507=EDGE_LOOP('',(#2631,#2632,#2633,#2634,#2635));
#508=EDGE_LOOP('',(#2636,#2637,#2638,#2639));
#509=EDGE_LOOP('',(#2640,#2641,#2642,#2643,#2644));
#510=EDGE_LOOP('',(#2645,#2646,#2647,#2648,#2649,#2650,#2651,#2652));
#511=EDGE_LOOP('',(#2653,#2654,#2655,#2656,#2657));
#512=EDGE_LOOP('',(#2658,#2659,#2660,#2661,#2662,#2663));
#513=EDGE_LOOP('',(#2664,#2665,#2666,#2667,#2668,#2669));
#514=EDGE_LOOP('',(#2670,#2671,#2672,#2673));
#515=EDGE_LOOP('',(#2674,#2675,#2676,#2677));
#516=EDGE_LOOP('',(#2678,#2679,#2680,#2681));
#517=EDGE_LOOP('',(#2682,#2683,#2684,#2685));
#518=EDGE_LOOP('',(#2686,#2687,#2688,#2689,#2690));
#519=EDGE_LOOP('',(#2691,#2692,#2693,#2694));
#520=EDGE_LOOP('',(#2695,#2696,#2697,#2698));
#521=EDGE_LOOP('',(#2699,#2700,#2701));
#522=EDGE_LOOP('',(#2702,#2703,#2704,#2705));
#523=EDGE_LOOP('',(#2706,#2707,#2708));
#524=EDGE_LOOP('',(#2709,#2710,#2711,#2712));
#525=LINE('',#4078,#773);
#526=LINE('',#4079,#774);
#527=LINE('',#4109,#775);
#528=LINE('',#4115,#776);
#529=LINE('',#4116,#777);
#530=LINE('',#4122,#778);
#531=LINE('',#4123,#779);
#532=LINE('',#4153,#780);
#533=LINE('',#4158,#781);
#534=LINE('',#4164,#782);
#535=LINE('',#4166,#783);
#536=LINE('',#4167,#784);
#537=LINE('',#4173,#785);
#538=LINE('',#4192,#786);
#539=LINE('',#4236,#787);
#540=LINE('',#4278,#788);
#541=LINE('',#4295,#789);
#542=LINE('',#4299,#790);
#543=LINE('',#4323,#791);
#544=LINE('',#4350,#792);
#545=LINE('',#4354,#793);
#546=LINE('',#4357,#794);
#547=LINE('',#4364,#795);
#548=LINE('',#4365,#796);
#549=LINE('',#4379,#797);
#550=LINE('',#4385,#798);
#551=LINE('',#4386,#799);
#552=LINE('',#4392,#800);
#553=LINE('',#4393,#801);
#554=LINE('',#4407,#802);
#555=LINE('',#4412,#803);
#556=LINE('',#4418,#804);
#557=LINE('',#4420,#805);
#558=LINE('',#4421,#806);
#559=LINE('',#4427,#807);
#560=LINE('',#4462,#808);
#561=LINE('',#4506,#809);
#562=LINE('',#4548,#810);
#563=LINE('',#4581,#811);
#564=LINE('',#4607,#812);
#565=LINE('',#4610,#813);
#566=LINE('',#4616,#814);
#567=LINE('',#4620,#815);
#568=LINE('',#4624,#816);
#569=LINE('',#4648,#817);
#570=LINE('',#4650,#818);
#571=LINE('',#4652,#819);
#572=LINE('',#4654,#820);
#573=LINE('',#4656,#821);
#574=LINE('',#4657,#822);
#575=LINE('',#4663,#823);
#576=LINE('',#4666,#824);
#577=LINE('',#4672,#825);
#578=LINE('',#4675,#826);
#579=LINE('',#4677,#827);
#580=LINE('',#4679,#828);
#581=LINE('',#4681,#829);
#582=LINE('',#4682,#830);
#583=LINE('',#4683,#831);
#584=LINE('',#4685,#832);
#585=LINE('',#4687,#833);
#586=LINE('',#4689,#834);
#587=LINE('',#4690,#835);
#588=LINE('',#4691,#836);
#589=LINE('',#4694,#837);
#590=LINE('',#4697,#838);
#591=LINE('',#4699,#839);
#592=LINE('',#4701,#840);
#593=LINE('',#4703,#841);
#594=LINE('',#4704,#842);
#595=LINE('',#4707,#843);
#596=LINE('',#4708,#844);
#597=LINE('',#4711,#845);
#598=LINE('',#4713,#846);
#599=LINE('',#4714,#847);
#600=LINE('',#4717,#848);
#601=LINE('',#4719,#849);
#602=LINE('',#4721,#850);
#603=LINE('',#4723,#851);
#604=LINE('',#4725,#852);
#605=LINE('',#4727,#853);
#606=LINE('',#4729,#854);
#607=LINE('',#4731,#855);
#608=LINE('',#4733,#856);
#609=LINE('',#4735,#857);
#610=LINE('',#4737,#858);
#611=LINE('',#4739,#859);
#612=LINE('',#4741,#860);
#613=LINE('',#4743,#861);
#614=LINE('',#4745,#862);
#615=LINE('',#4746,#863);
#616=LINE('',#4749,#864);
#617=LINE('',#4750,#865);
#618=LINE('',#4752,#866);
#619=LINE('',#4754,#867);
#620=LINE('',#4756,#868);
#621=LINE('',#4758,#869);
#622=LINE('',#4762,#870);
#623=LINE('',#4766,#871);
#624=LINE('',#4768,#872);
#625=LINE('',#4770,#873);
#626=LINE('',#4772,#874);
#627=LINE('',#4774,#875);
#628=LINE('',#4775,#876);
#629=LINE('',#4778,#877);
#630=LINE('',#4779,#878);
#631=LINE('',#4782,#879);
#632=LINE('',#4784,#880);
#633=LINE('',#4785,#881);
#634=LINE('',#4787,#882);
#635=LINE('',#4790,#883);
#636=LINE('',#4791,#884);
#637=LINE('',#4794,#885);
#638=LINE('',#4796,#886);
#639=LINE('',#4798,#887);
#640=LINE('',#4800,#888);
#641=LINE('',#4802,#889);
#642=LINE('',#4804,#890);
#643=LINE('',#4806,#891);
#644=LINE('',#4808,#892);
#645=LINE('',#4810,#893);
#646=LINE('',#4812,#894);
#647=LINE('',#4814,#895);
#648=LINE('',#4816,#896);
#649=LINE('',#4818,#897);
#650=LINE('',#4819,#898);
#651=LINE('',#4822,#899);
#652=LINE('',#4824,#900);
#653=LINE('',#4826,#901);
#654=LINE('',#4828,#902);
#655=LINE('',#4830,#903);
#656=LINE('',#4831,#904);
#657=LINE('',#4837,#905);
#658=LINE('',#4839,#906);
#659=LINE('',#4841,#907);
#660=LINE('',#4842,#908);
#661=LINE('',#4923,#909);
#662=LINE('',#4925,#910);
#663=LINE('',#4927,#911);
#664=LINE('',#4928,#912);
#665=LINE('',#5009,#913);
#666=LINE('',#5016,#914);
#667=LINE('',#5022,#915);
#668=LINE('',#5024,#916);
#669=LINE('',#5027,#917);
#670=LINE('',#5029,#918);
#671=LINE('',#5031,#919);
#672=LINE('',#5033,#920);
#673=LINE('',#5035,#921);
#674=LINE('',#5036,#922);
#675=LINE('',#5039,#923);
#676=LINE('',#5041,#924);
#677=LINE('',#5047,#925);
#678=LINE('',#5054,#926);
#679=LINE('',#5058,#927);
#680=LINE('',#5060,#928);
#681=LINE('',#5068,#929);
#682=LINE('',#5095,#930);
#683=LINE('',#5155,#931);
#684=LINE('',#5164,#932);
#685=LINE('',#5173,#933);
#686=LINE('',#5225,#934);
#687=LINE('',#5229,#935);
#688=LINE('',#5282,#936);
#689=LINE('',#5285,#937);
#690=LINE('',#5287,#938);
#691=LINE('',#5332,#939);
#692=LINE('',#5334,#940);
#693=LINE('',#5404,#941);
#694=LINE('',#5406,#942);
#695=LINE('',#5408,#943);
#696=LINE('',#5412,#944);
#697=LINE('',#5416,#945);
#698=LINE('',#5417,#946);
#699=LINE('',#5420,#947);
#700=LINE('',#5421,#948);
#701=LINE('',#5424,#949);
#702=LINE('',#5425,#950);
#703=LINE('',#5428,#951);
#704=LINE('',#5429,#952);
#705=LINE('',#5432,#953);
#706=LINE('',#5433,#954);
#707=LINE('',#5438,#955);
#708=LINE('',#5440,#956);
#709=LINE('',#5442,#957);
#710=LINE('',#5444,#958);
#711=LINE('',#5450,#959);
#712=LINE('',#5453,#960);
#713=LINE('',#5455,#961);
#714=LINE('',#5459,#962);
#715=LINE('',#5463,#963);
#716=LINE('',#5464,#964);
#717=LINE('',#5467,#965);
#718=LINE('',#5468,#966);
#719=LINE('',#5471,#967);
#720=LINE('',#5472,#968);
#721=LINE('',#5475,#969);
#722=LINE('',#5476,#970);
#723=LINE('',#5479,#971);
#724=LINE('',#5480,#972);
#725=LINE('',#5485,#973);
#726=LINE('',#5487,#974);
#727=LINE('',#5489,#975);
#728=LINE('',#5491,#976);
#729=LINE('',#5497,#977);
#730=LINE('',#5499,#978);
#731=LINE('',#5503,#979);
#732=LINE('',#5505,#980);
#733=LINE('',#5508,#981);
#734=LINE('',#5511,#982);
#735=LINE('',#5513,#983);
#736=LINE('',#5520,#984);
#737=LINE('',#5524,#985);
#738=LINE('',#5526,#986);
#739=LINE('',#5529,#987);
#740=LINE('',#5533,#988);
#741=LINE('',#5536,#989);
#742=LINE('',#5538,#990);
#743=LINE('',#5541,#991);
#744=LINE('',#5546,#992);
#745=LINE('',#5548,#993);
#746=LINE('',#5551,#994);
#747=LINE('',#5552,#995);
#748=LINE('',#5674,#996);
#749=LINE('',#5675,#997);
#750=LINE('',#5676,#998);
#751=LINE('',#5678,#999);
#752=LINE('',#5682,#1000);
#753=LINE('',#5688,#1001);
#754=LINE('',#5692,#1002);
#755=LINE('',#5697,#1003);
#756=LINE('',#5700,#1004);
#757=LINE('',#5703,#1005);
#758=LINE('',#5707,#1006);
#759=LINE('',#5712,#1007);
#760=LINE('',#5717,#1008);
#761=LINE('',#5718,#1009);
#762=LINE('',#5721,#1010);
#763=LINE('',#5725,#1011);
#764=LINE('',#5731,#1012);
#765=LINE('',#5732,#1013);
#766=LINE('',#5734,#1014);
#767=LINE('',#5740,#1015);
#768=LINE('',#5745,#1016);
#769=LINE('',#5752,#1017);
#770=LINE('',#5756,#1018);
#771=LINE('',#5759,#1019);
#772=LINE('',#5762,#1020);
#773=VECTOR('',#3256,10.);
#774=VECTOR('',#3257,10.);
#775=VECTOR('',#3260,10.);
#776=VECTOR('',#3267,10.);
#777=VECTOR('',#3268,10.);
#778=VECTOR('',#3273,10.);
#779=VECTOR('',#3274,10.);
#780=VECTOR('',#3277,10.);
#781=VECTOR('',#3284,10.);
#782=VECTOR('',#3289,10.);
#783=VECTOR('',#3290,10.);
#784=VECTOR('',#3291,10.);
#785=VECTOR('',#3298,10.);
#786=VECTOR('',#3309,10.);
#787=VECTOR('',#3316,1.1);
#788=VECTOR('',#3319,1.1);
#789=VECTOR('',#3326,10.);
#790=VECTOR('',#3329,10.);
#791=VECTOR('',#3334,10.);
#792=VECTOR('',#3341,10.);
#793=VECTOR('',#3344,10.);
#794=VECTOR('',#3347,10.);
#795=VECTOR('',#3354,10.);
#796=VECTOR('',#3355,10.);
#797=VECTOR('',#3358,10.);
#798=VECTOR('',#3365,10.);
#799=VECTOR('',#3366,10.);
#800=VECTOR('',#3371,10.);
#801=VECTOR('',#3372,10.);
#802=VECTOR('',#3375,10.);
#803=VECTOR('',#3382,10.);
#804=VECTOR('',#3387,10.);
#805=VECTOR('',#3388,10.);
#806=VECTOR('',#3389,10.);
#807=VECTOR('',#3396,10.);
#808=VECTOR('',#3407,10.);
#809=VECTOR('',#3414,1.1);
#810=VECTOR('',#3417,1.1);
#811=VECTOR('',#3424,10.);
#812=VECTOR('',#3429,10.);
#813=VECTOR('',#3432,10.);
#814=VECTOR('',#3437,10.);
#815=VECTOR('',#3440,10.);
#816=VECTOR('',#3443,10.);
#817=VECTOR('',#3450,10.);
#818=VECTOR('',#3451,10.);
#819=VECTOR('',#3452,10.);
#820=VECTOR('',#3453,10.);
#821=VECTOR('',#3454,10.);
#822=VECTOR('',#3455,10.);
#823=VECTOR('',#3460,10.);
#824=VECTOR('',#3463,10.);
#825=VECTOR('',#3468,10.);
#826=VECTOR('',#3471,10.);
#827=VECTOR('',#3474,10.);
#828=VECTOR('',#3475,10.);
#829=VECTOR('',#3476,10.);
#830=VECTOR('',#3477,10.);
#831=VECTOR('',#3478,10.);
#832=VECTOR('',#3481,10.);
#833=VECTOR('',#3482,10.);
#834=VECTOR('',#3483,10.);
#835=VECTOR('',#3484,10.);
#836=VECTOR('',#3485,10.);
#837=VECTOR('',#3490,10.);
#838=VECTOR('',#3493,10.);
#839=VECTOR('',#3494,10.);
#840=VECTOR('',#3495,10.);
#841=VECTOR('',#3496,10.);
#842=VECTOR('',#3497,10.);
#843=VECTOR('',#3500,10.);
#844=VECTOR('',#3501,10.);
#845=VECTOR('',#3504,10.);
#846=VECTOR('',#3505,10.);
#847=VECTOR('',#3506,10.);
#848=VECTOR('',#3509,10.);
#849=VECTOR('',#3510,10.);
#850=VECTOR('',#3511,10.);
#851=VECTOR('',#3512,10.);
#852=VECTOR('',#3513,10.);
#853=VECTOR('',#3514,10.);
#854=VECTOR('',#3515,10.);
#855=VECTOR('',#3516,10.);
#856=VECTOR('',#3517,10.);
#857=VECTOR('',#3518,10.);
#858=VECTOR('',#3519,10.);
#859=VECTOR('',#3520,10.);
#860=VECTOR('',#3521,10.);
#861=VECTOR('',#3522,10.);
#862=VECTOR('',#3523,10.);
#863=VECTOR('',#3524,10.);
#864=VECTOR('',#3527,10.);
#865=VECTOR('',#3528,10.);
#866=VECTOR('',#3531,10.);
#867=VECTOR('',#3532,10.);
#868=VECTOR('',#3533,10.);
#869=VECTOR('',#3534,10.);
#870=VECTOR('',#3539,10.);
#871=VECTOR('',#3542,10.);
#872=VECTOR('',#3543,10.);
#873=VECTOR('',#3544,10.);
#874=VECTOR('',#3545,10.);
#875=VECTOR('',#3546,10.);
#876=VECTOR('',#3547,10.);
#877=VECTOR('',#3550,10.);
#878=VECTOR('',#3551,10.);
#879=VECTOR('',#3554,10.);
#880=VECTOR('',#3555,10.);
#881=VECTOR('',#3556,10.);
#882=VECTOR('',#3559,10.);
#883=VECTOR('',#3562,10.);
#884=VECTOR('',#3563,10.);
#885=VECTOR('',#3568,10.);
#886=VECTOR('',#3569,10.);
#887=VECTOR('',#3570,10.);
#888=VECTOR('',#3571,10.);
#889=VECTOR('',#3572,10.);
#890=VECTOR('',#3573,10.);
#891=VECTOR('',#3574,10.);
#892=VECTOR('',#3575,10.);
#893=VECTOR('',#3576,10.);
#894=VECTOR('',#3577,10.);
#895=VECTOR('',#3578,10.);
#896=VECTOR('',#3579,10.);
#897=VECTOR('',#3580,10.);
#898=VECTOR('',#3581,10.);
#899=VECTOR('',#3584,10.);
#900=VECTOR('',#3585,10.);
#901=VECTOR('',#3586,10.);
#902=VECTOR('',#3587,10.);
#903=VECTOR('',#3588,10.);
#904=VECTOR('',#3589,10.);
#905=VECTOR('',#3594,10.);
#906=VECTOR('',#3595,10.);
#907=VECTOR('',#3596,10.);
#908=VECTOR('',#3597,10.);
#909=VECTOR('',#3606,10.);
#910=VECTOR('',#3607,10.);
#911=VECTOR('',#3608,10.);
#912=VECTOR('',#3609,10.);
#913=VECTOR('',#3620,10.);
#914=VECTOR('',#3629,10.);
#915=VECTOR('',#3640,10.);
#916=VECTOR('',#3643,10.);
#917=VECTOR('',#3646,10.);
#918=VECTOR('',#3647,10.);
#919=VECTOR('',#3648,10.);
#920=VECTOR('',#3649,10.);
#921=VECTOR('',#3650,10.);
#922=VECTOR('',#3651,10.);
#923=VECTOR('',#3656,10.);
#924=VECTOR('',#3659,10.);
#925=VECTOR('',#3666,10.);
#926=VECTOR('',#3669,10.);
#927=VECTOR('',#3672,10.);
#928=VECTOR('',#3673,10.);
#929=VECTOR('',#3678,10.);
#930=VECTOR('',#3685,10.);
#931=VECTOR('',#3694,1.4);
#932=VECTOR('',#3705,1.40000000000001);
#933=VECTOR('',#3716,1.4);
#934=VECTOR('',#3727,10.);
#935=VECTOR('',#3730,10.);
#936=VECTOR('',#3737,1.);
#937=VECTOR('',#3742,10.);
#938=VECTOR('',#3745,0.999999999999997);
#939=VECTOR('',#3750,1.);
#940=VECTOR('',#3753,10.);
#941=VECTOR('',#3762,10.);
#942=VECTOR('',#3763,10.);
#943=VECTOR('',#3764,10.);
#944=VECTOR('',#3767,10.);
#945=VECTOR('',#3770,10.);
#946=VECTOR('',#3771,10.);
#947=VECTOR('',#3774,10.);
#948=VECTOR('',#3775,10.);
#949=VECTOR('',#3778,10.);
#950=VECTOR('',#3779,10.);
#951=VECTOR('',#3782,10.);
#952=VECTOR('',#3783,10.);
#953=VECTOR('',#3786,10.);
#954=VECTOR('',#3787,10.);
#955=VECTOR('',#3792,10.);
#956=VECTOR('',#3795,10.);
#957=VECTOR('',#3798,10.);
#958=VECTOR('',#3801,10.);
#959=VECTOR('',#3808,10.);
#960=VECTOR('',#3811,10.);
#961=VECTOR('',#3812,10.);
#962=VECTOR('',#3815,10.);
#963=VECTOR('',#3818,10.);
#964=VECTOR('',#3819,10.);
#965=VECTOR('',#3822,10.);
#966=VECTOR('',#3823,10.);
#967=VECTOR('',#3826,10.);
#968=VECTOR('',#3827,10.);
#969=VECTOR('',#3830,10.);
#970=VECTOR('',#3831,10.);
#971=VECTOR('',#3834,10.);
#972=VECTOR('',#3835,10.);
#973=VECTOR('',#3840,10.);
#974=VECTOR('',#3843,10.);
#975=VECTOR('',#3846,10.);
#976=VECTOR('',#3849,10.);
#977=VECTOR('',#3856,10.);
#978=VECTOR('',#3859,10.);
#979=VECTOR('',#3862,10.);
#980=VECTOR('',#3865,10.);
#981=VECTOR('',#3870,10.);
#982=VECTOR('',#3875,10.);
#983=VECTOR('',#3878,10.);
#984=VECTOR('',#3889,10.);
#985=VECTOR('',#3894,10.);
#986=VECTOR('',#3897,10.);
#987=VECTOR('',#3900,10.);
#988=VECTOR('',#3903,10.);
#989=VECTOR('',#3906,10.);
#990=VECTOR('',#3909,10.);
#991=VECTOR('',#3912,10.);
#992=VECTOR('',#3917,10.);
#993=VECTOR('',#3920,10.);
#994=VECTOR('',#3923,10.);
#995=VECTOR('',#3924,10.);
#996=VECTOR('',#3939,10.);
#997=VECTOR('',#3940,10.);
#998=VECTOR('',#3941,10.);
#999=VECTOR('',#3944,10.);
#1000=VECTOR('',#3951,10.);
#1001=VECTOR('',#3960,10.);
#1002=VECTOR('',#3963,10.);
#1003=VECTOR('',#3968,10.);
#1004=VECTOR('',#3971,10.);
#1005=VECTOR('',#3974,10.);
#1006=VECTOR('',#3977,10.);
#1007=VECTOR('',#3982,10.);
#1008=VECTOR('',#3991,10.);
#1009=VECTOR('',#3992,10.);
#1010=VECTOR('',#3997,10.);
#1011=VECTOR('',#4002,10.);
#1012=VECTOR('',#4009,10.);
#1013=VECTOR('',#4010,10.);
#1014=VECTOR('',#4013,10.);
#1015=VECTOR('',#4022,10.);
#1016=VECTOR('',#4029,10.);
#1017=VECTOR('',#4038,10.);
#1018=VECTOR('',#4043,10.);
#1019=VECTOR('',#4046,10.);
#1020=VECTOR('',#4049,10.);
#1021=ELLIPSE('',#2965,33.2267847661401,33.);
#1022=ELLIPSE('',#2969,424.123963038746,33.);
#1023=ELLIPSE('',#2971,33.2267847661401,33.);
#1024=ELLIPSE('',#2975,33.2267847661401,33.);
#1025=ELLIPSE('',#2977,424.123963038746,33.);
#1026=ELLIPSE('',#2979,379.783887729575,33.);
#1027=ELLIPSE('',#2980,379.783887729575,33.);
#1028=ELLIPSE('',#2987,33.2267847661401,33.);
#1029=ELLIPSE('',#2993,35.8897567897806,35.);
#1030=ELLIPSE('',#2994,38.0139901342929,35.);
#1031=ELLIPSE('',#2995,37.9839051384211,35.);
#1032=ELLIPSE('',#2997,35.8133962733684,33.);
#1033=ELLIPSE('',#2998,35.841762126619,33.);
#1034=ELLIPSE('',#2999,33.2267847661401,33.);
#1035=ELLIPSE('',#3000,33.2267847661401,33.);
#1036=ELLIPSE('',#3003,33.2267847661401,33.);
#1037=ELLIPSE('',#3007,424.123963038746,33.);
#1038=ELLIPSE('',#3009,33.2267847661401,33.);
#1039=ELLIPSE('',#3013,33.2267847661401,33.);
#1040=ELLIPSE('',#3015,424.123963038746,33.);
#1041=ELLIPSE('',#3017,379.783887729575,33.);
#1042=ELLIPSE('',#3018,379.783887729575,33.);
#1043=ELLIPSE('',#3025,33.2267847661401,33.);
#1044=ELLIPSE('',#3031,37.9839051384211,35.);
#1045=ELLIPSE('',#3032,38.0139901342929,35.);
#1046=ELLIPSE('',#3033,35.8897567897806,35.);
#1047=ELLIPSE('',#3035,35.8133962733684,33.);
#1048=ELLIPSE('',#3036,33.2267847661401,33.);
#1049=ELLIPSE('',#3037,33.2267847661401,33.);
#1050=ELLIPSE('',#3038,35.841762126619,33.);
#1051=ELLIPSE('',#3042,10.0872481820846,10.);
#1052=ELLIPSE('',#3043,10.0872481820846,10.);
#1053=ELLIPSE('',#3045,10.0872481820846,10.);
#1054=ELLIPSE('',#3046,10.0872481820846,10.);
#1055=ELLIPSE('',#3057,2.53402593769331,2.5);
#1056=ELLIPSE('',#3059,2.53402593769331,2.5);
#1057=ELLIPSE('',#3068,48.1960087893662,4.46073953094803);
#1058=ELLIPSE('',#3072,48.1960087893661,4.46073953094817);
#1059=ELLIPSE('',#3076,33.1457719471508,33.);
#1060=ELLIPSE('',#3077,33.2267847661401,33.);
#1061=ELLIPSE('',#3078,33.2267847661401,33.);
#1062=ELLIPSE('',#3080,33.1457719471508,33.);
#1063=ELLIPSE('',#3081,33.2267847661401,33.);
#1064=ELLIPSE('',#3082,33.2267847661401,33.);
#1065=ELLIPSE('',#3084,33.3489246458999,33.);
#1066=ELLIPSE('',#3085,33.2267847661401,33.);
#1067=ELLIPSE('',#3090,33.3489246458999,33.);
#1068=ELLIPSE('',#3093,33.2267847661401,33.);
#1069=ELLIPSE('',#3095,35.5216388226082,35.5);
#1070=ELLIPSE('',#3097,35.5216388226082,35.5);
#1071=ELLIPSE('',#3099,35.5744864199199,35.5);
#1072=ELLIPSE('',#3101,35.5744864199199,35.4999999999999);
#1073=ELLIPSE('',#3121,31.2130402348589,31.);
#1074=ELLIPSE('',#3122,31.2130402348589,31.);
#1075=ELLIPSE('',#3131,35.5744864199199,35.5000000000001);
#1076=ELLIPSE('',#3132,35.5744864199199,35.5);
#1077=ELLIPSE('',#3135,31.2130402348589,31.);
#1078=ELLIPSE('',#3136,31.2130402348589,31.);
#1079=ELLIPSE('',#3142,31.2130402348589,31.);
#1080=ELLIPSE('',#3143,31.2130402348589,31.);
#1081=ELLIPSE('',#3148,33.2267847661401,33.);
#1082=ELLIPSE('',#3149,33.2267847661401,33.);
#1083=ELLIPSE('',#3150,31.2130402348589,31.);
#1084=ELLIPSE('',#3151,31.2130402348589,31.);
#1085=ELLIPSE('',#3157,31.2130402348589,31.);
#1086=ELLIPSE('',#3158,31.2130402348589,31.);
#1087=ELLIPSE('',#3163,33.2267847661401,33.);
#1088=ELLIPSE('',#3164,33.2267847661401,33.);
#1089=ELLIPSE('',#3165,31.2130402348589,31.);
#1090=ELLIPSE('',#3166,31.2130402348589,31.);
#1091=ELLIPSE('',#3176,33.2267847661401,33.);
#1092=ELLIPSE('',#3178,33.2267847661401,33.);
#1093=ELLIPSE('',#3181,32.2199125004995,32.);
#1094=ELLIPSE('',#3182,32.2199125004995,32.);
#1095=ELLIPSE('',#3185,32.9415970030363,32.);
#1096=ELLIPSE('',#3186,33.4563094562087,32.5);
#1097=ELLIPSE('',#3191,33.4563094562087,32.5);
#1098=ELLIPSE('',#3197,32.9415970030363,32.);
#1099=ELLIPSE('',#3204,38.2097211762094,37.5);
#1100=ELLIPSE('',#3205,38.2097211762094,37.5);
#1101=ELLIPSE('',#3206,37.1907952781772,36.5);
#1102=ELLIPSE('',#3207,37.1907952781772,36.5);
#1103=ELLIPSE('',#3209,37.1907952781772,36.5);
#1104=ELLIPSE('',#3210,37.1907952781772,36.5);
#1105=ELLIPSE('',#3211,36.1718693801449,35.5);
#1106=ELLIPSE('',#3212,36.1718693801449,35.5);
#1107=ELLIPSE('',#3220,37.5705214768316,37.5000000000001);
#1108=ELLIPSE('',#3221,37.5065991349816,37.5);
#1109=ELLIPSE('',#3224,37.5065991349817,37.5);
#1110=ELLIPSE('',#3225,37.5705214768316,37.5);
#1111=ELLIPSE('',#3228,35.5744864199199,35.5);
#1112=ELLIPSE('',#3229,35.5069708461903,35.5);
#1113=ELLIPSE('',#3232,35.5069708461903,35.5);
#1114=ELLIPSE('',#3234,2.59710967658398,2.5);
#1115=ELLIPSE('',#3235,2.59710967658398,2.5);
#1116=ELLIPSE('',#3237,2.59710967658398,2.5);
#1117=ELLIPSE('',#3238,2.59710967658398,2.5);
#1118=ELLIPSE('',#3243,35.5744864199199,35.4999999999999);
#1119=ELLIPSE('',#3246,37.5705214768316,37.5);
#1120=ELLIPSE('',#3248,37.5705214768316,37.4999999999999);
#1121=VERTEX_POINT('',#4074);
#1122=VERTEX_POINT('',#4075);
#1123=VERTEX_POINT('',#4077);
#1124=VERTEX_POINT('',#4081);
#1125=VERTEX_POINT('',#4108);
#1126=VERTEX_POINT('',#4112);
#1127=VERTEX_POINT('',#4114);
#1128=VERTEX_POINT('',#4118);
#1129=VERTEX_POINT('',#4119);
#1130=VERTEX_POINT('',#4121);
#1131=VERTEX_POINT('',#4125);
#1132=VERTEX_POINT('',#4152);
#1133=VERTEX_POINT('',#4156);
#1134=VERTEX_POINT('',#4160);
#1135=VERTEX_POINT('',#4161);
#1136=VERTEX_POINT('',#4163);
#1137=VERTEX_POINT('',#4165);
#1138=VERTEX_POINT('',#4170);
#1139=VERTEX_POINT('',#4172);
#1140=VERTEX_POINT('',#4176);
#1141=VERTEX_POINT('',#4178);
#1142=VERTEX_POINT('',#4181);
#1143=VERTEX_POINT('',#4196);
#1144=VERTEX_POINT('',#4197);
#1145=VERTEX_POINT('',#4238);
#1146=VERTEX_POINT('',#4239);
#1147=VERTEX_POINT('',#4291);
#1148=VERTEX_POINT('',#4292);
#1149=VERTEX_POINT('',#4294);
#1150=VERTEX_POINT('',#4296);
#1151=VERTEX_POINT('',#4298);
#1152=VERTEX_POINT('',#4300);
#1153=VERTEX_POINT('',#4302);
#1154=VERTEX_POINT('',#4321);
#1155=VERTEX_POINT('',#4325);
#1156=VERTEX_POINT('',#4326);
#1157=VERTEX_POINT('',#4328);
#1158=VERTEX_POINT('',#4347);
#1159=VERTEX_POINT('',#4349);
#1160=VERTEX_POINT('',#4351);
#1161=VERTEX_POINT('',#4353);
#1162=VERTEX_POINT('',#4355);
#1163=VERTEX_POINT('',#4360);
#1164=VERTEX_POINT('',#4361);
#1165=VERTEX_POINT('',#4363);
#1166=VERTEX_POINT('',#4367);
#1167=VERTEX_POINT('',#4378);
#1168=VERTEX_POINT('',#4382);
#1169=VERTEX_POINT('',#4384);
#1170=VERTEX_POINT('',#4388);
#1171=VERTEX_POINT('',#4389);
#1172=VERTEX_POINT('',#4391);
#1173=VERTEX_POINT('',#4395);
#1174=VERTEX_POINT('',#4406);
#1175=VERTEX_POINT('',#4410);
#1176=VERTEX_POINT('',#4414);
#1177=VERTEX_POINT('',#4415);
#1178=VERTEX_POINT('',#4417);
#1179=VERTEX_POINT('',#4419);
#1180=VERTEX_POINT('',#4424);
#1181=VERTEX_POINT('',#4426);
#1182=VERTEX_POINT('',#4430);
#1183=VERTEX_POINT('',#4432);
#1184=VERTEX_POINT('',#4435);
#1185=VERTEX_POINT('',#4466);
#1186=VERTEX_POINT('',#4467);
#1187=VERTEX_POINT('',#4508);
#1188=VERTEX_POINT('',#4509);
#1189=VERTEX_POINT('',#4577);
#1190=VERTEX_POINT('',#4578);
#1191=VERTEX_POINT('',#4580);
#1192=VERTEX_POINT('',#4582);
#1193=VERTEX_POINT('',#4584);
#1194=VERTEX_POINT('',#4604);
#1195=VERTEX_POINT('',#4606);
#1196=VERTEX_POINT('',#4608);
#1197=VERTEX_POINT('',#4612);
#1198=VERTEX_POINT('',#4613);
#1199=VERTEX_POINT('',#4615);
#1200=VERTEX_POINT('',#4617);
#1201=VERTEX_POINT('',#4619);
#1202=VERTEX_POINT('',#4621);
#1203=VERTEX_POINT('',#4623);
#1204=VERTEX_POINT('',#4625);
#1205=VERTEX_POINT('',#4649);
#1206=VERTEX_POINT('',#4651);
#1207=VERTEX_POINT('',#4653);
#1208=VERTEX_POINT('',#4655);
#1209=VERTEX_POINT('',#4659);
#1210=VERTEX_POINT('',#4660);
#1211=VERTEX_POINT('',#4662);
#1212=VERTEX_POINT('',#4664);
#1213=VERTEX_POINT('',#4668);
#1214=VERTEX_POINT('',#4669);
#1215=VERTEX_POINT('',#4671);
#1216=VERTEX_POINT('',#4673);
#1217=VERTEX_POINT('',#4678);
#1218=VERTEX_POINT('',#4680);
#1219=VERTEX_POINT('',#4686);
#1220=VERTEX_POINT('',#4688);
#1221=VERTEX_POINT('',#4696);
#1222=VERTEX_POINT('',#4698);
#1223=VERTEX_POINT('',#4700);
#1224=VERTEX_POINT('',#4702);
#1225=VERTEX_POINT('',#4706);
#1226=VERTEX_POINT('',#4710);
#1227=VERTEX_POINT('',#4712);
#1228=VERTEX_POINT('',#4716);
#1229=VERTEX_POINT('',#4718);
#1230=VERTEX_POINT('',#4720);
#1231=VERTEX_POINT('',#4722);
#1232=VERTEX_POINT('',#4724);
#1233=VERTEX_POINT('',#4726);
#1234=VERTEX_POINT('',#4728);
#1235=VERTEX_POINT('',#4730);
#1236=VERTEX_POINT('',#4732);
#1237=VERTEX_POINT('',#4734);
#1238=VERTEX_POINT('',#4736);
#1239=VERTEX_POINT('',#4738);
#1240=VERTEX_POINT('',#4740);
#1241=VERTEX_POINT('',#4742);
#1242=VERTEX_POINT('',#4744);
#1243=VERTEX_POINT('',#4748);
#1244=VERTEX_POINT('',#4753);
#1245=VERTEX_POINT('',#4755);
#1246=VERTEX_POINT('',#4757);
#1247=VERTEX_POINT('',#4761);
#1248=VERTEX_POINT('',#4763);
#1249=VERTEX_POINT('',#4765);
#1250=VERTEX_POINT('',#4767);
#1251=VERTEX_POINT('',#4769);
#1252=VERTEX_POINT('',#4771);
#1253=VERTEX_POINT('',#4773);
#1254=VERTEX_POINT('',#4777);
#1255=VERTEX_POINT('',#4781);
#1256=VERTEX_POINT('',#4783);
#1257=VERTEX_POINT('',#4789);
#1258=VERTEX_POINT('',#4795);
#1259=VERTEX_POINT('',#4797);
#1260=VERTEX_POINT('',#4799);
#1261=VERTEX_POINT('',#4801);
#1262=VERTEX_POINT('',#4803);
#1263=VERTEX_POINT('',#4805);
#1264=VERTEX_POINT('',#4807);
#1265=VERTEX_POINT('',#4809);
#1266=VERTEX_POINT('',#4811);
#1267=VERTEX_POINT('',#4813);
#1268=VERTEX_POINT('',#4815);
#1269=VERTEX_POINT('',#4817);
#1270=VERTEX_POINT('',#4821);
#1271=VERTEX_POINT('',#4823);
#1272=VERTEX_POINT('',#4825);
#1273=VERTEX_POINT('',#4827);
#1274=VERTEX_POINT('',#4829);
#1275=VERTEX_POINT('',#4833);
#1276=VERTEX_POINT('',#4834);
#1277=VERTEX_POINT('',#4836);
#1278=VERTEX_POINT('',#4838);
#1279=VERTEX_POINT('',#4840);
#1280=VERTEX_POINT('',#4844);
#1281=VERTEX_POINT('',#4848);
#1282=VERTEX_POINT('',#4857);
#1283=VERTEX_POINT('',#4861);
#1284=VERTEX_POINT('',#4863);
#1285=VERTEX_POINT('',#4867);
#1286=VERTEX_POINT('',#4900);
#1287=VERTEX_POINT('',#4919);
#1288=VERTEX_POINT('',#4920);
#1289=VERTEX_POINT('',#4922);
#1290=VERTEX_POINT('',#4924);
#1291=VERTEX_POINT('',#4926);
#1292=VERTEX_POINT('',#4930);
#1293=VERTEX_POINT('',#4945);
#1294=VERTEX_POINT('',#4949);
#1295=VERTEX_POINT('',#4982);
#1296=VERTEX_POINT('',#4986);
#1297=VERTEX_POINT('',#4988);
#1298=VERTEX_POINT('',#4992);
#1299=VERTEX_POINT('',#5006);
#1300=VERTEX_POINT('',#5008);
#1301=VERTEX_POINT('',#5013);
#1302=VERTEX_POINT('',#5015);
#1303=VERTEX_POINT('',#5026);
#1304=VERTEX_POINT('',#5028);
#1305=VERTEX_POINT('',#5030);
#1306=VERTEX_POINT('',#5032);
#1307=VERTEX_POINT('',#5034);
#1308=VERTEX_POINT('',#5045);
#1309=VERTEX_POINT('',#5046);
#1310=VERTEX_POINT('',#5048);
#1311=VERTEX_POINT('',#5050);
#1312=VERTEX_POINT('',#5056);
#1313=VERTEX_POINT('',#5057);
#1314=VERTEX_POINT('',#5059);
#1315=VERTEX_POINT('',#5061);
#1316=VERTEX_POINT('',#5067);
#1317=VERTEX_POINT('',#5069);
#1318=VERTEX_POINT('',#5082);
#1319=VERTEX_POINT('',#5093);
#1320=VERTEX_POINT('',#5098);
#1321=VERTEX_POINT('',#5115);
#1322=VERTEX_POINT('',#5152);
#1323=VERTEX_POINT('',#5154);
#1324=VERTEX_POINT('',#5158);
#1325=VERTEX_POINT('',#5161);
#1326=VERTEX_POINT('',#5163);
#1327=VERTEX_POINT('',#5167);
#1328=VERTEX_POINT('',#5170);
#1329=VERTEX_POINT('',#5172);
#1330=VERTEX_POINT('',#5176);
#1331=VERTEX_POINT('',#5179);
#1332=VERTEX_POINT('',#5180);
#1333=VERTEX_POINT('',#5226);
#1334=VERTEX_POINT('',#5228);
#1335=VERTEX_POINT('',#5232);
#1336=VERTEX_POINT('',#5233);
#1337=VERTEX_POINT('',#5290);
#1338=VERTEX_POINT('',#5291);
#1339=VERTEX_POINT('',#5391);
#1340=VERTEX_POINT('',#5393);
#1341=VERTEX_POINT('',#5405);
#1342=VERTEX_POINT('',#5407);
#1343=VERTEX_POINT('',#5409);
#1344=VERTEX_POINT('',#5411);
#1345=VERTEX_POINT('',#5413);
#1346=VERTEX_POINT('',#5415);
#1347=VERTEX_POINT('',#5419);
#1348=VERTEX_POINT('',#5423);
#1349=VERTEX_POINT('',#5427);
#1350=VERTEX_POINT('',#5431);
#1351=VERTEX_POINT('',#5435);
#1352=VERTEX_POINT('',#5437);
#1353=VERTEX_POINT('',#5447);
#1354=VERTEX_POINT('',#5449);
#1355=VERTEX_POINT('',#5452);
#1356=VERTEX_POINT('',#5454);
#1357=VERTEX_POINT('',#5456);
#1358=VERTEX_POINT('',#5458);
#1359=VERTEX_POINT('',#5460);
#1360=VERTEX_POINT('',#5462);
#1361=VERTEX_POINT('',#5466);
#1362=VERTEX_POINT('',#5470);
#1363=VERTEX_POINT('',#5474);
#1364=VERTEX_POINT('',#5478);
#1365=VERTEX_POINT('',#5482);
#1366=VERTEX_POINT('',#5484);
#1367=VERTEX_POINT('',#5494);
#1368=VERTEX_POINT('',#5496);
#1369=VERTEX_POINT('',#5500);
#1370=VERTEX_POINT('',#5502);
#1371=VERTEX_POINT('',#5518);
#1372=VERTEX_POINT('',#5522);
#1373=VERTEX_POINT('',#5528);
#1374=VERTEX_POINT('',#5530);
#1375=VERTEX_POINT('',#5532);
#1376=VERTEX_POINT('',#5534);
#1377=VERTEX_POINT('',#5540);
#1378=VERTEX_POINT('',#5542);
#1379=VERTEX_POINT('',#5544);
#1380=VERTEX_POINT('',#5550);
#1381=VERTEX_POINT('',#5597);
#1382=VERTEX_POINT('',#5598);
#1383=VERTEX_POINT('',#5607);
#1384=VERTEX_POINT('',#5610);
#1385=VERTEX_POINT('',#5658);
#1386=VERTEX_POINT('',#5659);
#1387=VERTEX_POINT('',#5687);
#1388=VERTEX_POINT('',#5689);
#1389=VERTEX_POINT('',#5691);
#1390=VERTEX_POINT('',#5694);
#1391=VERTEX_POINT('',#5696);
#1392=VERTEX_POINT('',#5698);
#1393=VERTEX_POINT('',#5702);
#1394=VERTEX_POINT('',#5704);
#1395=VERTEX_POINT('',#5706);
#1396=VERTEX_POINT('',#5709);
#1397=VERTEX_POINT('',#5711);
#1398=VERTEX_POINT('',#5724);
#1399=VERTEX_POINT('',#5726);
#1400=VERTEX_POINT('',#5730);
#1401=VERTEX_POINT('',#5735);
#1402=VERTEX_POINT('',#5741);
#1403=VERTEX_POINT('',#5749);
#1404=VERTEX_POINT('',#5751);
#1405=VERTEX_POINT('',#5755);
#1406=VERTEX_POINT('',#5757);
#1407=VERTEX_POINT('',#5760);
#1408=EDGE_CURVE('',#1121,#1122,#1021,.T.);
#1409=EDGE_CURVE('',#1123,#1121,#525,.T.);
#1410=EDGE_CURVE('',#1122,#1123,#526,.T.);
#1411=EDGE_CURVE('',#1124,#1121,#84,.T.);
#1412=EDGE_CURVE('',#1125,#1124,#527,.T.);
#1413=EDGE_CURVE('',#1125,#1123,#50,.T.);
#1414=EDGE_CURVE('',#1126,#1124,#1022,.T.);
#1415=EDGE_CURVE('',#1127,#1126,#528,.T.);
#1416=EDGE_CURVE('',#1125,#1127,#529,.T.);
#1417=EDGE_CURVE('',#1128,#1129,#1023,.T.);
#1418=EDGE_CURVE('',#1130,#1128,#530,.T.);
#1419=EDGE_CURVE('',#1130,#1129,#531,.T.);
#1420=EDGE_CURVE('',#1131,#1126,#85,.T.);
#1421=EDGE_CURVE('',#1132,#1131,#532,.T.);
#1422=EDGE_CURVE('',#1132,#1127,#51,.T.);
#1423=EDGE_CURVE('',#1133,#1131,#1024,.T.);
#1424=EDGE_CURVE('',#1132,#1133,#533,.T.);
#1425=EDGE_CURVE('',#1134,#1135,#1025,.T.);
#1426=EDGE_CURVE('',#1136,#1134,#534,.T.);
#1427=EDGE_CURVE('',#1137,#1136,#535,.T.);
#1428=EDGE_CURVE('',#1137,#1135,#536,.T.);
#1429=EDGE_CURVE('',#1122,#1128,#1026,.T.);
#1430=EDGE_CURVE('',#1138,#1133,#1027,.T.);
#1431=EDGE_CURVE('',#1138,#1139,#537,.T.);
#1432=EDGE_CURVE('',#1137,#1139,#52,.T.);
#1433=EDGE_CURVE('',#1130,#1136,#53,.T.);
#1434=EDGE_CURVE('',#1140,#1140,#54,.T.);
#1435=EDGE_CURVE('',#1141,#1141,#55,.T.);
#1436=EDGE_CURVE('',#1135,#1142,#86,.T.);
#1437=EDGE_CURVE('',#1139,#1142,#538,.T.);
#1438=EDGE_CURVE('',#1142,#1138,#1028,.T.);
#1439=EDGE_CURVE('',#1143,#1144,#87,.T.);
#1440=EDGE_CURVE('',#1144,#1143,#88,.T.);
#1441=EDGE_CURVE('',#1144,#1141,#539,.T.);
#1442=EDGE_CURVE('',#1145,#1146,#89,.T.);
#1443=EDGE_CURVE('',#1146,#1145,#90,.T.);
#1444=EDGE_CURVE('',#1146,#1140,#540,.T.);
#1445=EDGE_CURVE('',#1129,#1134,#91,.T.);
#1446=EDGE_CURVE('',#1147,#1148,#56,.T.);
#1447=EDGE_CURVE('',#1149,#1147,#541,.T.);
#1448=EDGE_CURVE('',#1150,#1149,#1029,.T.);
#1449=EDGE_CURVE('',#1151,#1150,#542,.T.);
#1450=EDGE_CURVE('',#1151,#1152,#1030,.T.);
#1451=EDGE_CURVE('',#1152,#1153,#92,.T.);
#1452=EDGE_CURVE('',#1153,#1154,#1031,.T.);
#1453=EDGE_CURVE('',#1148,#1154,#543,.T.);
#1454=EDGE_CURVE('',#1155,#1156,#1032,.T.);
#1455=EDGE_CURVE('',#1156,#1157,#93,.T.);
#1456=EDGE_CURVE('',#1157,#1158,#1033,.T.);
#1457=EDGE_CURVE('',#1158,#1159,#544,.T.);
#1458=EDGE_CURVE('',#1159,#1160,#1034,.T.);
#1459=EDGE_CURVE('',#1160,#1161,#545,.T.);
#1460=EDGE_CURVE('',#1162,#1161,#1035,.T.);
#1461=EDGE_CURVE('',#1162,#1155,#546,.T.);
#1462=EDGE_CURVE('',#1163,#1164,#1036,.T.);
#1463=EDGE_CURVE('',#1165,#1163,#547,.T.);
#1464=EDGE_CURVE('',#1164,#1165,#548,.T.);
#1465=EDGE_CURVE('',#1166,#1163,#94,.T.);
#1466=EDGE_CURVE('',#1167,#1166,#549,.T.);
#1467=EDGE_CURVE('',#1167,#1165,#57,.T.);
#1468=EDGE_CURVE('',#1168,#1166,#1037,.T.);
#1469=EDGE_CURVE('',#1169,#1168,#550,.T.);
#1470=EDGE_CURVE('',#1167,#1169,#551,.T.);
#1471=EDGE_CURVE('',#1170,#1171,#1038,.T.);
#1472=EDGE_CURVE('',#1172,#1170,#552,.T.);
#1473=EDGE_CURVE('',#1172,#1171,#553,.T.);
#1474=EDGE_CURVE('',#1173,#1168,#95,.T.);
#1475=EDGE_CURVE('',#1174,#1173,#554,.T.);
#1476=EDGE_CURVE('',#1174,#1169,#58,.T.);
#1477=EDGE_CURVE('',#1175,#1173,#1039,.T.);
#1478=EDGE_CURVE('',#1174,#1175,#555,.T.);
#1479=EDGE_CURVE('',#1176,#1177,#1040,.T.);
#1480=EDGE_CURVE('',#1178,#1176,#556,.T.);
#1481=EDGE_CURVE('',#1179,#1178,#557,.T.);
#1482=EDGE_CURVE('',#1179,#1177,#558,.T.);
#1483=EDGE_CURVE('',#1164,#1170,#1041,.T.);
#1484=EDGE_CURVE('',#1180,#1175,#1042,.T.);
#1485=EDGE_CURVE('',#1180,#1181,#559,.T.);
#1486=EDGE_CURVE('',#1179,#1181,#59,.T.);
#1487=EDGE_CURVE('',#1172,#1178,#60,.T.);
#1488=EDGE_CURVE('',#1182,#1182,#61,.T.);
#1489=EDGE_CURVE('',#1183,#1183,#62,.T.);
#1490=EDGE_CURVE('',#1177,#1184,#96,.T.);
#1491=EDGE_CURVE('',#1181,#1184,#560,.T.);
#1492=EDGE_CURVE('',#1184,#1180,#1043,.T.);
#1493=EDGE_CURVE('',#1185,#1186,#97,.T.);
#1494=EDGE_CURVE('',#1186,#1185,#98,.T.);
#1495=EDGE_CURVE('',#1186,#1183,#561,.T.);
#1496=EDGE_CURVE('',#1187,#1188,#99,.T.);
#1497=EDGE_CURVE('',#1188,#1187,#100,.T.);
#1498=EDGE_CURVE('',#1188,#1182,#562,.T.);
#1499=EDGE_CURVE('',#1171,#1176,#101,.T.);
#1500=EDGE_CURVE('',#1189,#1190,#63,.T.);
#1501=EDGE_CURVE('',#1189,#1191,#563,.T.);
#1502=EDGE_CURVE('',#1191,#1192,#1044,.T.);
#1503=EDGE_CURVE('',#1192,#1193,#102,.T.);
#1504=EDGE_CURVE('',#1193,#1194,#1045,.T.);
#1505=EDGE_CURVE('',#1194,#1195,#564,.T.);
#1506=EDGE_CURVE('',#1196,#1195,#1046,.T.);
#1507=EDGE_CURVE('',#1196,#1190,#565,.T.);
#1508=EDGE_CURVE('',#1197,#1198,#1047,.T.);
#1509=EDGE_CURVE('',#1199,#1198,#566,.T.);
#1510=EDGE_CURVE('',#1200,#1199,#1048,.T.);
#1511=EDGE_CURVE('',#1201,#1200,#567,.T.);
#1512=EDGE_CURVE('',#1201,#1202,#1049,.T.);
#1513=EDGE_CURVE('',#1203,#1202,#568,.T.);
#1514=EDGE_CURVE('',#1203,#1204,#1050,.T.);
#1515=EDGE_CURVE('',#1204,#1197,#103,.T.);
#1516=EDGE_CURVE('',#1153,#1156,#569,.T.);
#1517=EDGE_CURVE('',#1205,#1155,#570,.T.);
#1518=EDGE_CURVE('',#1206,#1205,#571,.T.);
#1519=EDGE_CURVE('',#1207,#1206,#572,.T.);
#1520=EDGE_CURVE('',#1208,#1207,#573,.T.);
#1521=EDGE_CURVE('',#1154,#1208,#574,.T.);
#1522=EDGE_CURVE('',#1209,#1210,#1051,.T.);
#1523=EDGE_CURVE('',#1211,#1209,#575,.T.);
#1524=EDGE_CURVE('',#1212,#1211,#1052,.T.);
#1525=EDGE_CURVE('',#1212,#1210,#576,.T.);
#1526=EDGE_CURVE('',#1213,#1214,#1053,.T.);
#1527=EDGE_CURVE('',#1213,#1215,#577,.T.);
#1528=EDGE_CURVE('',#1216,#1215,#1054,.T.);
#1529=EDGE_CURVE('',#1214,#1216,#578,.T.);
#1530=EDGE_CURVE('',#1210,#1151,#579,.T.);
#1531=EDGE_CURVE('',#1217,#1212,#580,.T.);
#1532=EDGE_CURVE('',#1218,#1217,#581,.T.);
#1533=EDGE_CURVE('',#1158,#1218,#582,.T.);
#1534=EDGE_CURVE('',#1157,#1152,#583,.T.);
#1535=EDGE_CURVE('',#1193,#1204,#584,.T.);
#1536=EDGE_CURVE('',#1219,#1203,#585,.T.);
#1537=EDGE_CURVE('',#1220,#1219,#586,.T.);
#1538=EDGE_CURVE('',#1215,#1220,#587,.T.);
#1539=EDGE_CURVE('',#1194,#1213,#588,.T.);
#1540=EDGE_CURVE('',#1197,#1192,#589,.T.);
#1541=EDGE_CURVE('',#1221,#1191,#590,.T.);
#1542=EDGE_CURVE('',#1222,#1221,#591,.T.);
#1543=EDGE_CURVE('',#1223,#1222,#592,.T.);
#1544=EDGE_CURVE('',#1224,#1223,#593,.T.);
#1545=EDGE_CURVE('',#1198,#1224,#594,.T.);
#1546=EDGE_CURVE('',#1225,#1214,#595,.T.);
#1547=EDGE_CURVE('',#1195,#1225,#596,.T.);
#1548=EDGE_CURVE('',#1226,#1220,#597,.T.);
#1549=EDGE_CURVE('',#1226,#1227,#598,.F.);
#1550=EDGE_CURVE('',#1216,#1227,#599,.F.);
#1551=EDGE_CURVE('',#1202,#1228,#600,.T.);
#1552=EDGE_CURVE('',#1229,#1228,#601,.T.);
#1553=EDGE_CURVE('',#1230,#1229,#602,.T.);
#1554=EDGE_CURVE('',#1230,#1231,#603,.T.);
#1555=EDGE_CURVE('',#1231,#1232,#604,.F.);
#1556=EDGE_CURVE('',#1232,#1233,#605,.T.);
#1557=EDGE_CURVE('',#1233,#1234,#606,.F.);
#1558=EDGE_CURVE('',#1234,#1235,#607,.T.);
#1559=EDGE_CURVE('',#1235,#1236,#608,.T.);
#1560=EDGE_CURVE('',#1237,#1236,#609,.F.);
#1561=EDGE_CURVE('',#1238,#1237,#610,.T.);
#1562=EDGE_CURVE('',#1238,#1239,#611,.T.);
#1563=EDGE_CURVE('',#1240,#1239,#612,.T.);
#1564=EDGE_CURVE('',#1241,#1240,#613,.F.);
#1565=EDGE_CURVE('',#1242,#1241,#614,.F.);
#1566=EDGE_CURVE('',#1242,#1219,#615,.T.);
#1567=EDGE_CURVE('',#1208,#1243,#616,.T.);
#1568=EDGE_CURVE('',#1148,#1243,#617,.T.);
#1569=EDGE_CURVE('',#1241,#1227,#618,.F.);
#1570=EDGE_CURVE('',#1244,#1240,#619,.T.);
#1571=EDGE_CURVE('',#1244,#1245,#620,.F.);
#1572=EDGE_CURVE('',#1245,#1246,#621,.T.);
#1573=EDGE_CURVE('',#1225,#1246,#1055,.T.);
#1574=EDGE_CURVE('',#1247,#1209,#622,.T.);
#1575=EDGE_CURVE('',#1248,#1247,#1056,.T.);
#1576=EDGE_CURVE('',#1248,#1249,#623,.T.);
#1577=EDGE_CURVE('',#1249,#1250,#624,.F.);
#1578=EDGE_CURVE('',#1251,#1250,#625,.T.);
#1579=EDGE_CURVE('',#1251,#1252,#626,.F.);
#1580=EDGE_CURVE('',#1253,#1252,#627,.F.);
#1581=EDGE_CURVE('',#1253,#1211,#628,.F.);
#1582=EDGE_CURVE('',#1254,#1253,#629,.T.);
#1583=EDGE_CURVE('',#1217,#1254,#630,.T.);
#1584=EDGE_CURVE('',#1255,#1206,#631,.T.);
#1585=EDGE_CURVE('',#1255,#1256,#632,.T.);
#1586=EDGE_CURVE('',#1207,#1256,#633,.F.);
#1587=EDGE_CURVE('',#1226,#1242,#634,.T.);
#1588=EDGE_CURVE('',#1254,#1257,#635,.F.);
#1589=EDGE_CURVE('',#1218,#1257,#636,.T.);
#1590=EDGE_CURVE('',#1252,#1257,#637,.F.);
#1591=EDGE_CURVE('',#1258,#1251,#638,.T.);
#1592=EDGE_CURVE('',#1259,#1258,#639,.T.);
#1593=EDGE_CURVE('',#1260,#1259,#640,.T.);
#1594=EDGE_CURVE('',#1261,#1260,#641,.F.);
#1595=EDGE_CURVE('',#1261,#1262,#642,.T.);
#1596=EDGE_CURVE('',#1263,#1262,#643,.T.);
#1597=EDGE_CURVE('',#1263,#1264,#644,.F.);
#1598=EDGE_CURVE('',#1264,#1265,#645,.T.);
#1599=EDGE_CURVE('',#1265,#1266,#646,.F.);
#1600=EDGE_CURVE('',#1267,#1266,#647,.T.);
#1601=EDGE_CURVE('',#1268,#1267,#648,.T.);
#1602=EDGE_CURVE('',#1269,#1268,#649,.T.);
#1603=EDGE_CURVE('',#1269,#1159,#650,.T.);
#1604=EDGE_CURVE('',#1270,#1162,#651,.T.);
#1605=EDGE_CURVE('',#1271,#1270,#652,.T.);
#1606=EDGE_CURVE('',#1271,#1272,#653,.T.);
#1607=EDGE_CURVE('',#1273,#1272,#654,.T.);
#1608=EDGE_CURVE('',#1273,#1274,#655,.T.);
#1609=EDGE_CURVE('',#1274,#1205,#656,.T.);
#1610=EDGE_CURVE('',#1275,#1276,#1057,.T.);
#1611=EDGE_CURVE('',#1276,#1277,#657,.T.);
#1612=EDGE_CURVE('',#1277,#1278,#658,.T.);
#1613=EDGE_CURVE('',#1278,#1279,#659,.F.);
#1614=EDGE_CURVE('',#1275,#1279,#660,.T.);
#1615=EDGE_CURVE('',#1280,#1275,#25,.T.);
#1616=EDGE_CURVE('',#1281,#1280,#104,.T.);
#1617=EDGE_CURVE('',#1281,#1282,#26,.F.);
#1618=EDGE_CURVE('',#1282,#1283,#64,.T.);
#1619=EDGE_CURVE('',#1283,#1284,#27,.F.);
#1620=EDGE_CURVE('',#1285,#1284,#105,.T.);
#1621=EDGE_CURVE('',#1286,#1285,#28,.T.);
#1622=EDGE_CURVE('',#1276,#1286,#106,.T.);
#1623=EDGE_CURVE('',#1287,#1288,#1058,.T.);
#1624=EDGE_CURVE('',#1289,#1288,#661,.T.);
#1625=EDGE_CURVE('',#1289,#1290,#662,.F.);
#1626=EDGE_CURVE('',#1290,#1291,#663,.T.);
#1627=EDGE_CURVE('',#1287,#1291,#664,.T.);
#1628=EDGE_CURVE('',#1292,#1287,#107,.T.);
#1629=EDGE_CURVE('',#1293,#1292,#29,.T.);
#1630=EDGE_CURVE('',#1294,#1293,#108,.T.);
#1631=EDGE_CURVE('',#1294,#1295,#30,.F.);
#1632=EDGE_CURVE('',#1295,#1296,#65,.T.);
#1633=EDGE_CURVE('',#1296,#1297,#31,.F.);
#1634=EDGE_CURVE('',#1298,#1297,#109,.T.);
#1635=EDGE_CURVE('',#1288,#1298,#32,.T.);
#1636=EDGE_CURVE('',#1266,#1294,#1059,.T.);
#1637=EDGE_CURVE('',#1293,#1299,#1060,.T.);
#1638=EDGE_CURVE('',#1299,#1300,#665,.T.);
#1639=EDGE_CURVE('',#1267,#1300,#1061,.T.);
#1640=EDGE_CURVE('',#1284,#1231,#1062,.T.);
#1641=EDGE_CURVE('',#1301,#1230,#1063,.T.);
#1642=EDGE_CURVE('',#1302,#1301,#666,.T.);
#1643=EDGE_CURVE('',#1302,#1285,#1064,.T.);
#1644=EDGE_CURVE('',#1234,#1281,#1065,.T.);
#1645=EDGE_CURVE('',#1280,#1235,#1066,.T.);
#1646=EDGE_CURVE('',#1232,#1283,#667,.T.);
#1647=EDGE_CURVE('',#1282,#1233,#668,.T.);
#1648=EDGE_CURVE('',#1224,#1303,#669,.T.);
#1649=EDGE_CURVE('',#1303,#1304,#670,.T.);
#1650=EDGE_CURVE('',#1304,#1305,#671,.T.);
#1651=EDGE_CURVE('',#1305,#1306,#672,.T.);
#1652=EDGE_CURVE('',#1307,#1306,#673,.T.);
#1653=EDGE_CURVE('',#1199,#1307,#674,.T.);
#1654=EDGE_CURVE('',#1297,#1263,#1067,.T.);
#1655=EDGE_CURVE('',#1296,#1264,#675,.T.);
#1656=EDGE_CURVE('',#1265,#1295,#676,.T.);
#1657=EDGE_CURVE('',#1262,#1298,#1068,.T.);
#1658=EDGE_CURVE('',#1308,#1309,#677,.F.);
#1659=EDGE_CURVE('',#1310,#1308,#1069,.F.);
#1660=EDGE_CURVE('',#1311,#1310,#33,.F.);
#1661=EDGE_CURVE('',#1309,#1311,#678,.T.);
#1662=EDGE_CURVE('',#1312,#1313,#679,.F.);
#1663=EDGE_CURVE('',#1314,#1312,#680,.T.);
#1664=EDGE_CURVE('',#1315,#1314,#34,.F.);
#1665=EDGE_CURVE('',#1313,#1315,#1070,.F.);
#1666=EDGE_CURVE('',#1316,#1308,#681,.T.);
#1667=EDGE_CURVE('',#1316,#1317,#1071,.T.);
#1668=EDGE_CURVE('',#1317,#1310,#110,.T.);
#1669=EDGE_CURVE('',#1315,#1318,#111,.T.);
#1670=EDGE_CURVE('',#1318,#1319,#1072,.T.);
#1671=EDGE_CURVE('',#1313,#1319,#682,.T.);
#1672=EDGE_CURVE('',#1314,#1311,#66,.T.);
#1673=EDGE_CURVE('',#1320,#1317,#112,.T.);
#1674=EDGE_CURVE('',#1321,#1320,#113,.T.);
#1675=EDGE_CURVE('',#1318,#1321,#114,.T.);
#1676=EDGE_CURVE('',#1322,#1322,#67,.T.);
#1677=EDGE_CURVE('',#1322,#1323,#683,.T.);
#1678=EDGE_CURVE('',#1323,#1323,#68,.T.);
#1679=EDGE_CURVE('',#1324,#1324,#69,.T.);
#1680=EDGE_CURVE('',#1325,#1325,#70,.T.);
#1681=EDGE_CURVE('',#1325,#1326,#684,.T.);
#1682=EDGE_CURVE('',#1326,#1326,#71,.T.);
#1683=EDGE_CURVE('',#1327,#1327,#72,.T.);
#1684=EDGE_CURVE('',#1328,#1328,#73,.T.);
#1685=EDGE_CURVE('',#1328,#1329,#685,.T.);
#1686=EDGE_CURVE('',#1329,#1329,#74,.T.);
#1687=EDGE_CURVE('',#1330,#1330,#75,.T.);
#1688=EDGE_CURVE('',#1331,#1332,#115,.F.);
#1689=EDGE_CURVE('',#1332,#1331,#116,.F.);
#1690=EDGE_CURVE('',#1299,#1302,#686,.T.);
#1691=EDGE_CURVE('',#1292,#1333,#1073,.T.);
#1692=EDGE_CURVE('',#1333,#1334,#687,.T.);
#1693=EDGE_CURVE('',#1334,#1286,#1074,.T.);
#1694=EDGE_CURVE('',#1335,#1336,#117,.F.);
#1695=EDGE_CURVE('',#1336,#1335,#118,.F.);
#1696=EDGE_CURVE('',#1332,#1330,#688,.T.);
#1697=EDGE_CURVE('',#1279,#1236,#689,.T.);
#1698=EDGE_CURVE('',#1336,#1327,#690,.T.);
#1699=EDGE_CURVE('',#1337,#1338,#119,.T.);
#1700=EDGE_CURVE('',#1338,#1337,#120,.T.);
#1701=EDGE_CURVE('',#1338,#1324,#691,.T.);
#1702=EDGE_CURVE('',#1309,#1312,#692,.T.);
#1703=EDGE_CURVE('',#1339,#1316,#1075,.T.);
#1704=EDGE_CURVE('',#1340,#1339,#121,.T.);
#1705=EDGE_CURVE('',#1320,#1340,#1076,.T.);
#1706=EDGE_CURVE('',#1160,#1201,#693,.T.);
#1707=EDGE_CURVE('',#1269,#1341,#694,.T.);
#1708=EDGE_CURVE('',#1341,#1342,#695,.T.);
#1709=EDGE_CURVE('',#1342,#1343,#1077,.T.);
#1710=EDGE_CURVE('',#1343,#1344,#696,.T.);
#1711=EDGE_CURVE('',#1344,#1345,#1078,.T.);
#1712=EDGE_CURVE('',#1345,#1346,#697,.T.);
#1713=EDGE_CURVE('',#1346,#1228,#698,.T.);
#1714=EDGE_CURVE('',#1347,#1268,#699,.T.);
#1715=EDGE_CURVE('',#1341,#1347,#700,.T.);
#1716=EDGE_CURVE('',#1348,#1346,#701,.T.);
#1717=EDGE_CURVE('',#1229,#1348,#702,.T.);
#1718=EDGE_CURVE('',#1345,#1349,#703,.T.);
#1719=EDGE_CURVE('',#1349,#1348,#704,.T.);
#1720=EDGE_CURVE('',#1347,#1350,#705,.T.);
#1721=EDGE_CURVE('',#1342,#1350,#706,.T.);
#1722=EDGE_CURVE('',#1351,#1349,#1079,.T.);
#1723=EDGE_CURVE('',#1352,#1351,#707,.T.);
#1724=EDGE_CURVE('',#1350,#1352,#1080,.T.);
#1725=EDGE_CURVE('',#1300,#1301,#708,.T.);
#1726=EDGE_CURVE('',#1352,#1343,#709,.T.);
#1727=EDGE_CURVE('',#1351,#1344,#710,.T.);
#1728=EDGE_CURVE('',#1353,#1305,#1081,.T.);
#1729=EDGE_CURVE('',#1354,#1353,#711,.T.);
#1730=EDGE_CURVE('',#1272,#1354,#1082,.T.);
#1731=EDGE_CURVE('',#1271,#1355,#712,.T.);
#1732=EDGE_CURVE('',#1355,#1356,#713,.T.);
#1733=EDGE_CURVE('',#1356,#1357,#1083,.T.);
#1734=EDGE_CURVE('',#1357,#1358,#714,.T.);
#1735=EDGE_CURVE('',#1358,#1359,#1084,.T.);
#1736=EDGE_CURVE('',#1359,#1360,#715,.T.);
#1737=EDGE_CURVE('',#1360,#1306,#716,.T.);
#1738=EDGE_CURVE('',#1361,#1270,#717,.T.);
#1739=EDGE_CURVE('',#1355,#1361,#718,.T.);
#1740=EDGE_CURVE('',#1362,#1360,#719,.T.);
#1741=EDGE_CURVE('',#1307,#1362,#720,.T.);
#1742=EDGE_CURVE('',#1361,#1363,#721,.T.);
#1743=EDGE_CURVE('',#1356,#1363,#722,.T.);
#1744=EDGE_CURVE('',#1359,#1364,#723,.T.);
#1745=EDGE_CURVE('',#1364,#1362,#724,.T.);
#1746=EDGE_CURVE('',#1365,#1364,#1085,.T.);
#1747=EDGE_CURVE('',#1366,#1365,#725,.T.);
#1748=EDGE_CURVE('',#1363,#1366,#1086,.T.);
#1749=EDGE_CURVE('',#1161,#1200,#726,.T.);
#1750=EDGE_CURVE('',#1366,#1357,#727,.T.);
#1751=EDGE_CURVE('',#1365,#1358,#728,.T.);
#1752=EDGE_CURVE('',#1259,#1367,#1087,.T.);
#1753=EDGE_CURVE('',#1367,#1368,#729,.T.);
#1754=EDGE_CURVE('',#1368,#1238,#1088,.T.);
#1755=EDGE_CURVE('',#1237,#1278,#730,.F.);
#1756=EDGE_CURVE('',#1369,#1277,#1089,.T.);
#1757=EDGE_CURVE('',#1370,#1369,#731,.T.);
#1758=EDGE_CURVE('',#1291,#1370,#1090,.T.);
#1759=EDGE_CURVE('',#1290,#1260,#732,.F.);
#1760=EDGE_CURVE('',#1261,#1289,#733,.T.);
#1761=EDGE_CURVE('',#1370,#1333,#734,.T.);
#1762=EDGE_CURVE('',#1369,#1334,#735,.T.);
#1763=EDGE_CURVE('',#1239,#1371,#1091,.T.);
#1764=EDGE_CURVE('',#1371,#1368,#736,.T.);
#1765=EDGE_CURVE('',#1372,#1258,#1092,.T.);
#1766=EDGE_CURVE('',#1372,#1367,#737,.T.);
#1767=EDGE_CURVE('',#1371,#1372,#738,.T.);
#1768=EDGE_CURVE('',#1250,#1373,#739,.T.);
#1769=EDGE_CURVE('',#1373,#1374,#1093,.T.);
#1770=EDGE_CURVE('',#1374,#1375,#740,.T.);
#1771=EDGE_CURVE('',#1375,#1376,#1094,.T.);
#1772=EDGE_CURVE('',#1376,#1244,#741,.T.);
#1773=EDGE_CURVE('',#1247,#1150,#742,.T.);
#1774=EDGE_CURVE('',#1245,#1377,#743,.T.);
#1775=EDGE_CURVE('',#1377,#1378,#1095,.T.);
#1776=EDGE_CURVE('',#1379,#1378,#1096,.T.);
#1777=EDGE_CURVE('',#1246,#1379,#744,.T.);
#1778=EDGE_CURVE('',#1376,#1377,#745,.T.);
#1779=EDGE_CURVE('',#1380,#1249,#746,.T.);
#1780=EDGE_CURVE('',#1373,#1380,#747,.T.);
#1781=EDGE_CURVE('',#1379,#1195,#76,.T.);
#1782=EDGE_CURVE('',#1381,#1382,#122,.T.);
#1783=EDGE_CURVE('',#1381,#1383,#1097,.T.);
#1784=EDGE_CURVE('',#1383,#1150,#77,.T.);
#1785=EDGE_CURVE('',#1384,#1149,#78,.T.);
#1786=EDGE_CURVE('',#1382,#1384,#123,.T.);
#1787=EDGE_CURVE('',#1385,#1386,#124,.T.);
#1788=EDGE_CURVE('',#1385,#1196,#79,.T.);
#1789=EDGE_CURVE('',#1386,#1378,#125,.T.);
#1790=EDGE_CURVE('',#1384,#1385,#748,.T.);
#1791=EDGE_CURVE('',#1386,#1375,#749,.T.);
#1792=EDGE_CURVE('',#1382,#1374,#750,.T.);
#1793=EDGE_CURVE('',#1383,#1248,#751,.T.);
#1794=EDGE_CURVE('',#1381,#1380,#1098,.T.);
#1795=EDGE_CURVE('',#1149,#1196,#752,.T.);
#1796=EDGE_CURVE('',#1221,#1387,#753,.T.);
#1797=EDGE_CURVE('',#1388,#1387,#1099,.T.);
#1798=EDGE_CURVE('',#1388,#1389,#754,.T.);
#1799=EDGE_CURVE('',#1243,#1389,#1100,.T.);
#1800=EDGE_CURVE('',#1256,#1390,#1101,.F.);
#1801=EDGE_CURVE('',#1390,#1391,#755,.F.);
#1802=EDGE_CURVE('',#1391,#1392,#1102,.F.);
#1803=EDGE_CURVE('',#1392,#1222,#756,.F.);
#1804=EDGE_CURVE('',#1223,#1393,#757,.T.);
#1805=EDGE_CURVE('',#1393,#1394,#1103,.T.);
#1806=EDGE_CURVE('',#1394,#1395,#758,.T.);
#1807=EDGE_CURVE('',#1395,#1255,#1104,.T.);
#1808=EDGE_CURVE('',#1396,#1274,#1105,.T.);
#1809=EDGE_CURVE('',#1397,#1396,#759,.T.);
#1810=EDGE_CURVE('',#1303,#1397,#1106,.T.);
#1811=EDGE_CURVE('',#1394,#1391,#760,.T.);
#1812=EDGE_CURVE('',#1390,#1395,#761,.T.);
#1813=EDGE_CURVE('',#1392,#1393,#762,.T.);
#1814=EDGE_CURVE('',#1389,#1398,#763,.T.);
#1815=EDGE_CURVE('',#1399,#1398,#1107,.T.);
#1816=EDGE_CURVE('',#1148,#1399,#1108,.T.);
#1817=EDGE_CURVE('',#1400,#1388,#764,.T.);
#1818=EDGE_CURVE('',#1398,#1400,#765,.T.);
#1819=EDGE_CURVE('',#1387,#1189,#766,.T.);
#1820=EDGE_CURVE('',#1401,#1189,#1109,.T.);
#1821=EDGE_CURVE('',#1400,#1401,#1110,.T.);
#1822=EDGE_CURVE('',#1319,#1397,#767,.T.);
#1823=EDGE_CURVE('',#1319,#1402,#1111,.T.);
#1824=EDGE_CURVE('',#1402,#1304,#1112,.T.);
#1825=EDGE_CURVE('',#1396,#1316,#768,.T.);
#1826=EDGE_CURVE('',#1273,#1339,#1113,.T.);
#1827=EDGE_CURVE('',#1403,#1147,#1114,.T.);
#1828=EDGE_CURVE('',#1404,#1403,#769,.T.);
#1829=EDGE_CURVE('',#1190,#1404,#1115,.T.);
#1830=EDGE_CURVE('',#1353,#1405,#770,.T.);
#1831=EDGE_CURVE('',#1405,#1406,#1116,.T.);
#1832=EDGE_CURVE('',#1406,#1340,#771,.T.);
#1833=EDGE_CURVE('',#1340,#1407,#1117,.T.);
#1834=EDGE_CURVE('',#1354,#1407,#772,.T.);
#1835=EDGE_CURVE('',#1304,#1405,#80,.T.);
#1836=EDGE_CURVE('',#1407,#1273,#81,.T.);
#1837=EDGE_CURVE('',#1402,#1406,#126,.T.);
#1838=EDGE_CURVE('',#1406,#1321,#1118,.T.);
#1839=EDGE_CURVE('',#1403,#1399,#82,.T.);
#1840=EDGE_CURVE('',#1398,#1403,#1119,.T.);
#1841=EDGE_CURVE('',#1401,#1404,#83,.T.);
#1842=EDGE_CURVE('',#1404,#1400,#1120,.T.);
#1843=ORIENTED_EDGE('',*,*,#1408,.F.);
#1844=ORIENTED_EDGE('',*,*,#1409,.F.);
#1845=ORIENTED_EDGE('',*,*,#1410,.F.);
#1846=ORIENTED_EDGE('',*,*,#1411,.F.);
#1847=ORIENTED_EDGE('',*,*,#1412,.F.);
#1848=ORIENTED_EDGE('',*,*,#1413,.T.);
#1849=ORIENTED_EDGE('',*,*,#1409,.T.);
#1850=ORIENTED_EDGE('',*,*,#1414,.F.);
#1851=ORIENTED_EDGE('',*,*,#1415,.F.);
#1852=ORIENTED_EDGE('',*,*,#1416,.F.);
#1853=ORIENTED_EDGE('',*,*,#1412,.T.);
#1854=ORIENTED_EDGE('',*,*,#1417,.F.);
#1855=ORIENTED_EDGE('',*,*,#1418,.F.);
#1856=ORIENTED_EDGE('',*,*,#1419,.T.);
#1857=ORIENTED_EDGE('',*,*,#1420,.F.);
#1858=ORIENTED_EDGE('',*,*,#1421,.F.);
#1859=ORIENTED_EDGE('',*,*,#1422,.T.);
#1860=ORIENTED_EDGE('',*,*,#1415,.T.);
#1861=ORIENTED_EDGE('',*,*,#1423,.F.);
#1862=ORIENTED_EDGE('',*,*,#1424,.F.);
#1863=ORIENTED_EDGE('',*,*,#1421,.T.);
#1864=ORIENTED_EDGE('',*,*,#1425,.F.);
#1865=ORIENTED_EDGE('',*,*,#1426,.F.);
#1866=ORIENTED_EDGE('',*,*,#1427,.F.);
#1867=ORIENTED_EDGE('',*,*,#1428,.T.);
#1868=ORIENTED_EDGE('',*,*,#1429,.F.);
#1869=ORIENTED_EDGE('',*,*,#1410,.T.);
#1870=ORIENTED_EDGE('',*,*,#1413,.F.);
#1871=ORIENTED_EDGE('',*,*,#1416,.T.);
#1872=ORIENTED_EDGE('',*,*,#1422,.F.);
#1873=ORIENTED_EDGE('',*,*,#1424,.T.);
#1874=ORIENTED_EDGE('',*,*,#1430,.F.);
#1875=ORIENTED_EDGE('',*,*,#1431,.T.);
#1876=ORIENTED_EDGE('',*,*,#1432,.F.);
#1877=ORIENTED_EDGE('',*,*,#1427,.T.);
#1878=ORIENTED_EDGE('',*,*,#1433,.F.);
#1879=ORIENTED_EDGE('',*,*,#1418,.T.);
#1880=ORIENTED_EDGE('',*,*,#1434,.F.);
#1881=ORIENTED_EDGE('',*,*,#1435,.F.);
#1882=ORIENTED_EDGE('',*,*,#1436,.F.);
#1883=ORIENTED_EDGE('',*,*,#1428,.F.);
#1884=ORIENTED_EDGE('',*,*,#1432,.T.);
#1885=ORIENTED_EDGE('',*,*,#1437,.T.);
#1886=ORIENTED_EDGE('',*,*,#1438,.F.);
#1887=ORIENTED_EDGE('',*,*,#1437,.F.);
#1888=ORIENTED_EDGE('',*,*,#1431,.F.);
#1889=ORIENTED_EDGE('',*,*,#1439,.F.);
#1890=ORIENTED_EDGE('',*,*,#1440,.F.);
#1891=ORIENTED_EDGE('',*,*,#1441,.T.);
#1892=ORIENTED_EDGE('',*,*,#1435,.T.);
#1893=ORIENTED_EDGE('',*,*,#1441,.F.);
#1894=ORIENTED_EDGE('',*,*,#1442,.F.);
#1895=ORIENTED_EDGE('',*,*,#1443,.F.);
#1896=ORIENTED_EDGE('',*,*,#1444,.T.);
#1897=ORIENTED_EDGE('',*,*,#1434,.T.);
#1898=ORIENTED_EDGE('',*,*,#1444,.F.);
#1899=ORIENTED_EDGE('',*,*,#1445,.F.);
#1900=ORIENTED_EDGE('',*,*,#1419,.F.);
#1901=ORIENTED_EDGE('',*,*,#1433,.T.);
#1902=ORIENTED_EDGE('',*,*,#1426,.T.);
#1903=ORIENTED_EDGE('',*,*,#1446,.F.);
#1904=ORIENTED_EDGE('',*,*,#1447,.F.);
#1905=ORIENTED_EDGE('',*,*,#1448,.F.);
#1906=ORIENTED_EDGE('',*,*,#1449,.F.);
#1907=ORIENTED_EDGE('',*,*,#1450,.T.);
#1908=ORIENTED_EDGE('',*,*,#1451,.T.);
#1909=ORIENTED_EDGE('',*,*,#1452,.T.);
#1910=ORIENTED_EDGE('',*,*,#1453,.F.);
#1911=ORIENTED_EDGE('',*,*,#1454,.T.);
#1912=ORIENTED_EDGE('',*,*,#1455,.T.);
#1913=ORIENTED_EDGE('',*,*,#1456,.T.);
#1914=ORIENTED_EDGE('',*,*,#1457,.T.);
#1915=ORIENTED_EDGE('',*,*,#1458,.T.);
#1916=ORIENTED_EDGE('',*,*,#1459,.T.);
#1917=ORIENTED_EDGE('',*,*,#1460,.F.);
#1918=ORIENTED_EDGE('',*,*,#1461,.T.);
#1919=ORIENTED_EDGE('',*,*,#1438,.T.);
#1920=ORIENTED_EDGE('',*,*,#1430,.T.);
#1921=ORIENTED_EDGE('',*,*,#1423,.T.);
#1922=ORIENTED_EDGE('',*,*,#1420,.T.);
#1923=ORIENTED_EDGE('',*,*,#1414,.T.);
#1924=ORIENTED_EDGE('',*,*,#1411,.T.);
#1925=ORIENTED_EDGE('',*,*,#1408,.T.);
#1926=ORIENTED_EDGE('',*,*,#1429,.T.);
#1927=ORIENTED_EDGE('',*,*,#1417,.T.);
#1928=ORIENTED_EDGE('',*,*,#1445,.T.);
#1929=ORIENTED_EDGE('',*,*,#1425,.T.);
#1930=ORIENTED_EDGE('',*,*,#1436,.T.);
#1931=ORIENTED_EDGE('',*,*,#1442,.T.);
#1932=ORIENTED_EDGE('',*,*,#1443,.T.);
#1933=ORIENTED_EDGE('',*,*,#1462,.F.);
#1934=ORIENTED_EDGE('',*,*,#1463,.F.);
#1935=ORIENTED_EDGE('',*,*,#1464,.F.);
#1936=ORIENTED_EDGE('',*,*,#1465,.F.);
#1937=ORIENTED_EDGE('',*,*,#1466,.F.);
#1938=ORIENTED_EDGE('',*,*,#1467,.T.);
#1939=ORIENTED_EDGE('',*,*,#1463,.T.);
#1940=ORIENTED_EDGE('',*,*,#1468,.F.);
#1941=ORIENTED_EDGE('',*,*,#1469,.F.);
#1942=ORIENTED_EDGE('',*,*,#1470,.F.);
#1943=ORIENTED_EDGE('',*,*,#1466,.T.);
#1944=ORIENTED_EDGE('',*,*,#1471,.F.);
#1945=ORIENTED_EDGE('',*,*,#1472,.F.);
#1946=ORIENTED_EDGE('',*,*,#1473,.T.);
#1947=ORIENTED_EDGE('',*,*,#1474,.F.);
#1948=ORIENTED_EDGE('',*,*,#1475,.F.);
#1949=ORIENTED_EDGE('',*,*,#1476,.T.);
#1950=ORIENTED_EDGE('',*,*,#1469,.T.);
#1951=ORIENTED_EDGE('',*,*,#1477,.F.);
#1952=ORIENTED_EDGE('',*,*,#1478,.F.);
#1953=ORIENTED_EDGE('',*,*,#1475,.T.);
#1954=ORIENTED_EDGE('',*,*,#1479,.F.);
#1955=ORIENTED_EDGE('',*,*,#1480,.F.);
#1956=ORIENTED_EDGE('',*,*,#1481,.F.);
#1957=ORIENTED_EDGE('',*,*,#1482,.T.);
#1958=ORIENTED_EDGE('',*,*,#1483,.F.);
#1959=ORIENTED_EDGE('',*,*,#1464,.T.);
#1960=ORIENTED_EDGE('',*,*,#1467,.F.);
#1961=ORIENTED_EDGE('',*,*,#1470,.T.);
#1962=ORIENTED_EDGE('',*,*,#1476,.F.);
#1963=ORIENTED_EDGE('',*,*,#1478,.T.);
#1964=ORIENTED_EDGE('',*,*,#1484,.F.);
#1965=ORIENTED_EDGE('',*,*,#1485,.T.);
#1966=ORIENTED_EDGE('',*,*,#1486,.F.);
#1967=ORIENTED_EDGE('',*,*,#1481,.T.);
#1968=ORIENTED_EDGE('',*,*,#1487,.F.);
#1969=ORIENTED_EDGE('',*,*,#1472,.T.);
#1970=ORIENTED_EDGE('',*,*,#1488,.F.);
#1971=ORIENTED_EDGE('',*,*,#1489,.F.);
#1972=ORIENTED_EDGE('',*,*,#1490,.F.);
#1973=ORIENTED_EDGE('',*,*,#1482,.F.);
#1974=ORIENTED_EDGE('',*,*,#1486,.T.);
#1975=ORIENTED_EDGE('',*,*,#1491,.T.);
#1976=ORIENTED_EDGE('',*,*,#1492,.F.);
#1977=ORIENTED_EDGE('',*,*,#1491,.F.);
#1978=ORIENTED_EDGE('',*,*,#1485,.F.);
#1979=ORIENTED_EDGE('',*,*,#1493,.F.);
#1980=ORIENTED_EDGE('',*,*,#1494,.F.);
#1981=ORIENTED_EDGE('',*,*,#1495,.T.);
#1982=ORIENTED_EDGE('',*,*,#1489,.T.);
#1983=ORIENTED_EDGE('',*,*,#1495,.F.);
#1984=ORIENTED_EDGE('',*,*,#1496,.F.);
#1985=ORIENTED_EDGE('',*,*,#1497,.F.);
#1986=ORIENTED_EDGE('',*,*,#1498,.T.);
#1987=ORIENTED_EDGE('',*,*,#1488,.T.);
#1988=ORIENTED_EDGE('',*,*,#1498,.F.);
#1989=ORIENTED_EDGE('',*,*,#1499,.F.);
#1990=ORIENTED_EDGE('',*,*,#1473,.F.);
#1991=ORIENTED_EDGE('',*,*,#1487,.T.);
#1992=ORIENTED_EDGE('',*,*,#1480,.T.);
#1993=ORIENTED_EDGE('',*,*,#1500,.F.);
#1994=ORIENTED_EDGE('',*,*,#1501,.T.);
#1995=ORIENTED_EDGE('',*,*,#1502,.T.);
#1996=ORIENTED_EDGE('',*,*,#1503,.T.);
#1997=ORIENTED_EDGE('',*,*,#1504,.T.);
#1998=ORIENTED_EDGE('',*,*,#1505,.T.);
#1999=ORIENTED_EDGE('',*,*,#1506,.F.);
#2000=ORIENTED_EDGE('',*,*,#1507,.T.);
#2001=ORIENTED_EDGE('',*,*,#1508,.T.);
#2002=ORIENTED_EDGE('',*,*,#1509,.F.);
#2003=ORIENTED_EDGE('',*,*,#1510,.F.);
#2004=ORIENTED_EDGE('',*,*,#1511,.F.);
#2005=ORIENTED_EDGE('',*,*,#1512,.T.);
#2006=ORIENTED_EDGE('',*,*,#1513,.F.);
#2007=ORIENTED_EDGE('',*,*,#1514,.T.);
#2008=ORIENTED_EDGE('',*,*,#1515,.T.);
#2009=ORIENTED_EDGE('',*,*,#1492,.T.);
#2010=ORIENTED_EDGE('',*,*,#1484,.T.);
#2011=ORIENTED_EDGE('',*,*,#1477,.T.);
#2012=ORIENTED_EDGE('',*,*,#1474,.T.);
#2013=ORIENTED_EDGE('',*,*,#1468,.T.);
#2014=ORIENTED_EDGE('',*,*,#1465,.T.);
#2015=ORIENTED_EDGE('',*,*,#1462,.T.);
#2016=ORIENTED_EDGE('',*,*,#1483,.T.);
#2017=ORIENTED_EDGE('',*,*,#1471,.T.);
#2018=ORIENTED_EDGE('',*,*,#1499,.T.);
#2019=ORIENTED_EDGE('',*,*,#1479,.T.);
#2020=ORIENTED_EDGE('',*,*,#1490,.T.);
#2021=ORIENTED_EDGE('',*,*,#1496,.T.);
#2022=ORIENTED_EDGE('',*,*,#1497,.T.);
#2023=ORIENTED_EDGE('',*,*,#1452,.F.);
#2024=ORIENTED_EDGE('',*,*,#1516,.T.);
#2025=ORIENTED_EDGE('',*,*,#1454,.F.);
#2026=ORIENTED_EDGE('',*,*,#1517,.F.);
#2027=ORIENTED_EDGE('',*,*,#1518,.F.);
#2028=ORIENTED_EDGE('',*,*,#1519,.F.);
#2029=ORIENTED_EDGE('',*,*,#1520,.F.);
#2030=ORIENTED_EDGE('',*,*,#1521,.F.);
#2031=ORIENTED_EDGE('',*,*,#1522,.F.);
#2032=ORIENTED_EDGE('',*,*,#1523,.F.);
#2033=ORIENTED_EDGE('',*,*,#1524,.F.);
#2034=ORIENTED_EDGE('',*,*,#1525,.T.);
#2035=ORIENTED_EDGE('',*,*,#1526,.F.);
#2036=ORIENTED_EDGE('',*,*,#1527,.T.);
#2037=ORIENTED_EDGE('',*,*,#1528,.F.);
#2038=ORIENTED_EDGE('',*,*,#1529,.F.);
#2039=ORIENTED_EDGE('',*,*,#1450,.F.);
#2040=ORIENTED_EDGE('',*,*,#1530,.F.);
#2041=ORIENTED_EDGE('',*,*,#1525,.F.);
#2042=ORIENTED_EDGE('',*,*,#1531,.F.);
#2043=ORIENTED_EDGE('',*,*,#1532,.F.);
#2044=ORIENTED_EDGE('',*,*,#1533,.F.);
#2045=ORIENTED_EDGE('',*,*,#1456,.F.);
#2046=ORIENTED_EDGE('',*,*,#1534,.T.);
#2047=ORIENTED_EDGE('',*,*,#1504,.F.);
#2048=ORIENTED_EDGE('',*,*,#1535,.T.);
#2049=ORIENTED_EDGE('',*,*,#1514,.F.);
#2050=ORIENTED_EDGE('',*,*,#1536,.F.);
#2051=ORIENTED_EDGE('',*,*,#1537,.F.);
#2052=ORIENTED_EDGE('',*,*,#1538,.F.);
#2053=ORIENTED_EDGE('',*,*,#1527,.F.);
#2054=ORIENTED_EDGE('',*,*,#1539,.F.);
#2055=ORIENTED_EDGE('',*,*,#1451,.F.);
#2056=ORIENTED_EDGE('',*,*,#1534,.F.);
#2057=ORIENTED_EDGE('',*,*,#1455,.F.);
#2058=ORIENTED_EDGE('',*,*,#1516,.F.);
#2059=ORIENTED_EDGE('',*,*,#1503,.F.);
#2060=ORIENTED_EDGE('',*,*,#1540,.F.);
#2061=ORIENTED_EDGE('',*,*,#1515,.F.);
#2062=ORIENTED_EDGE('',*,*,#1535,.F.);
#2063=ORIENTED_EDGE('',*,*,#1502,.F.);
#2064=ORIENTED_EDGE('',*,*,#1541,.F.);
#2065=ORIENTED_EDGE('',*,*,#1542,.F.);
#2066=ORIENTED_EDGE('',*,*,#1543,.F.);
#2067=ORIENTED_EDGE('',*,*,#1544,.F.);
#2068=ORIENTED_EDGE('',*,*,#1545,.F.);
#2069=ORIENTED_EDGE('',*,*,#1508,.F.);
#2070=ORIENTED_EDGE('',*,*,#1540,.T.);
#2071=ORIENTED_EDGE('',*,*,#1539,.T.);
#2072=ORIENTED_EDGE('',*,*,#1526,.T.);
#2073=ORIENTED_EDGE('',*,*,#1546,.F.);
#2074=ORIENTED_EDGE('',*,*,#1547,.F.);
#2075=ORIENTED_EDGE('',*,*,#1505,.F.);
#2076=ORIENTED_EDGE('',*,*,#1528,.T.);
#2077=ORIENTED_EDGE('',*,*,#1538,.T.);
#2078=ORIENTED_EDGE('',*,*,#1548,.F.);
#2079=ORIENTED_EDGE('',*,*,#1549,.T.);
#2080=ORIENTED_EDGE('',*,*,#1550,.F.);
#2081=ORIENTED_EDGE('',*,*,#1536,.T.);
#2082=ORIENTED_EDGE('',*,*,#1513,.T.);
#2083=ORIENTED_EDGE('',*,*,#1551,.T.);
#2084=ORIENTED_EDGE('',*,*,#1552,.F.);
#2085=ORIENTED_EDGE('',*,*,#1553,.F.);
#2086=ORIENTED_EDGE('',*,*,#1554,.T.);
#2087=ORIENTED_EDGE('',*,*,#1555,.T.);
#2088=ORIENTED_EDGE('',*,*,#1556,.T.);
#2089=ORIENTED_EDGE('',*,*,#1557,.T.);
#2090=ORIENTED_EDGE('',*,*,#1558,.T.);
#2091=ORIENTED_EDGE('',*,*,#1559,.T.);
#2092=ORIENTED_EDGE('',*,*,#1560,.F.);
#2093=ORIENTED_EDGE('',*,*,#1561,.F.);
#2094=ORIENTED_EDGE('',*,*,#1562,.T.);
#2095=ORIENTED_EDGE('',*,*,#1563,.F.);
#2096=ORIENTED_EDGE('',*,*,#1564,.F.);
#2097=ORIENTED_EDGE('',*,*,#1565,.F.);
#2098=ORIENTED_EDGE('',*,*,#1566,.T.);
#2099=ORIENTED_EDGE('',*,*,#1521,.T.);
#2100=ORIENTED_EDGE('',*,*,#1567,.T.);
#2101=ORIENTED_EDGE('',*,*,#1568,.F.);
#2102=ORIENTED_EDGE('',*,*,#1453,.T.);
#2103=ORIENTED_EDGE('',*,*,#1529,.T.);
#2104=ORIENTED_EDGE('',*,*,#1550,.T.);
#2105=ORIENTED_EDGE('',*,*,#1569,.F.);
#2106=ORIENTED_EDGE('',*,*,#1564,.T.);
#2107=ORIENTED_EDGE('',*,*,#1570,.F.);
#2108=ORIENTED_EDGE('',*,*,#1571,.T.);
#2109=ORIENTED_EDGE('',*,*,#1572,.T.);
#2110=ORIENTED_EDGE('',*,*,#1573,.F.);
#2111=ORIENTED_EDGE('',*,*,#1546,.T.);
#2112=ORIENTED_EDGE('',*,*,#1523,.T.);
#2113=ORIENTED_EDGE('',*,*,#1574,.F.);
#2114=ORIENTED_EDGE('',*,*,#1575,.F.);
#2115=ORIENTED_EDGE('',*,*,#1576,.T.);
#2116=ORIENTED_EDGE('',*,*,#1577,.T.);
#2117=ORIENTED_EDGE('',*,*,#1578,.F.);
#2118=ORIENTED_EDGE('',*,*,#1579,.T.);
#2119=ORIENTED_EDGE('',*,*,#1580,.F.);
#2120=ORIENTED_EDGE('',*,*,#1581,.T.);
#2121=ORIENTED_EDGE('',*,*,#1524,.T.);
#2122=ORIENTED_EDGE('',*,*,#1581,.F.);
#2123=ORIENTED_EDGE('',*,*,#1582,.F.);
#2124=ORIENTED_EDGE('',*,*,#1583,.F.);
#2125=ORIENTED_EDGE('',*,*,#1531,.T.);
#2126=ORIENTED_EDGE('',*,*,#1519,.T.);
#2127=ORIENTED_EDGE('',*,*,#1584,.F.);
#2128=ORIENTED_EDGE('',*,*,#1585,.T.);
#2129=ORIENTED_EDGE('',*,*,#1586,.F.);
#2130=ORIENTED_EDGE('',*,*,#1537,.T.);
#2131=ORIENTED_EDGE('',*,*,#1566,.F.);
#2132=ORIENTED_EDGE('',*,*,#1587,.F.);
#2133=ORIENTED_EDGE('',*,*,#1548,.T.);
#2134=ORIENTED_EDGE('',*,*,#1532,.T.);
#2135=ORIENTED_EDGE('',*,*,#1583,.T.);
#2136=ORIENTED_EDGE('',*,*,#1588,.T.);
#2137=ORIENTED_EDGE('',*,*,#1589,.F.);
#2138=ORIENTED_EDGE('',*,*,#1439,.T.);
#2139=ORIENTED_EDGE('',*,*,#1440,.T.);
#2140=ORIENTED_EDGE('',*,*,#1533,.T.);
#2141=ORIENTED_EDGE('',*,*,#1589,.T.);
#2142=ORIENTED_EDGE('',*,*,#1590,.F.);
#2143=ORIENTED_EDGE('',*,*,#1579,.F.);
#2144=ORIENTED_EDGE('',*,*,#1591,.F.);
#2145=ORIENTED_EDGE('',*,*,#1592,.F.);
#2146=ORIENTED_EDGE('',*,*,#1593,.F.);
#2147=ORIENTED_EDGE('',*,*,#1594,.F.);
#2148=ORIENTED_EDGE('',*,*,#1595,.T.);
#2149=ORIENTED_EDGE('',*,*,#1596,.F.);
#2150=ORIENTED_EDGE('',*,*,#1597,.T.);
#2151=ORIENTED_EDGE('',*,*,#1598,.T.);
#2152=ORIENTED_EDGE('',*,*,#1599,.T.);
#2153=ORIENTED_EDGE('',*,*,#1600,.F.);
#2154=ORIENTED_EDGE('',*,*,#1601,.F.);
#2155=ORIENTED_EDGE('',*,*,#1602,.F.);
#2156=ORIENTED_EDGE('',*,*,#1603,.T.);
#2157=ORIENTED_EDGE('',*,*,#1457,.F.);
#2158=ORIENTED_EDGE('',*,*,#1517,.T.);
#2159=ORIENTED_EDGE('',*,*,#1461,.F.);
#2160=ORIENTED_EDGE('',*,*,#1604,.F.);
#2161=ORIENTED_EDGE('',*,*,#1605,.F.);
#2162=ORIENTED_EDGE('',*,*,#1606,.T.);
#2163=ORIENTED_EDGE('',*,*,#1607,.F.);
#2164=ORIENTED_EDGE('',*,*,#1608,.T.);
#2165=ORIENTED_EDGE('',*,*,#1609,.T.);
#2166=ORIENTED_EDGE('',*,*,#1610,.T.);
#2167=ORIENTED_EDGE('',*,*,#1611,.T.);
#2168=ORIENTED_EDGE('',*,*,#1612,.T.);
#2169=ORIENTED_EDGE('',*,*,#1613,.T.);
#2170=ORIENTED_EDGE('',*,*,#1614,.F.);
#2171=ORIENTED_EDGE('',*,*,#1610,.F.);
#2172=ORIENTED_EDGE('',*,*,#1615,.F.);
#2173=ORIENTED_EDGE('',*,*,#1616,.F.);
#2174=ORIENTED_EDGE('',*,*,#1617,.T.);
#2175=ORIENTED_EDGE('',*,*,#1618,.T.);
#2176=ORIENTED_EDGE('',*,*,#1619,.T.);
#2177=ORIENTED_EDGE('',*,*,#1620,.F.);
#2178=ORIENTED_EDGE('',*,*,#1621,.F.);
#2179=ORIENTED_EDGE('',*,*,#1622,.F.);
#2180=ORIENTED_EDGE('',*,*,#1623,.T.);
#2181=ORIENTED_EDGE('',*,*,#1624,.F.);
#2182=ORIENTED_EDGE('',*,*,#1625,.T.);
#2183=ORIENTED_EDGE('',*,*,#1626,.T.);
#2184=ORIENTED_EDGE('',*,*,#1627,.F.);
#2185=ORIENTED_EDGE('',*,*,#1623,.F.);
#2186=ORIENTED_EDGE('',*,*,#1628,.F.);
#2187=ORIENTED_EDGE('',*,*,#1629,.F.);
#2188=ORIENTED_EDGE('',*,*,#1630,.F.);
#2189=ORIENTED_EDGE('',*,*,#1631,.T.);
#2190=ORIENTED_EDGE('',*,*,#1632,.T.);
#2191=ORIENTED_EDGE('',*,*,#1633,.T.);
#2192=ORIENTED_EDGE('',*,*,#1634,.F.);
#2193=ORIENTED_EDGE('',*,*,#1635,.F.);
#2194=ORIENTED_EDGE('',*,*,#1636,.T.);
#2195=ORIENTED_EDGE('',*,*,#1630,.T.);
#2196=ORIENTED_EDGE('',*,*,#1637,.T.);
#2197=ORIENTED_EDGE('',*,*,#1638,.T.);
#2198=ORIENTED_EDGE('',*,*,#1639,.F.);
#2199=ORIENTED_EDGE('',*,*,#1600,.T.);
#2200=ORIENTED_EDGE('',*,*,#1640,.T.);
#2201=ORIENTED_EDGE('',*,*,#1554,.F.);
#2202=ORIENTED_EDGE('',*,*,#1641,.F.);
#2203=ORIENTED_EDGE('',*,*,#1642,.F.);
#2204=ORIENTED_EDGE('',*,*,#1643,.T.);
#2205=ORIENTED_EDGE('',*,*,#1620,.T.);
#2206=ORIENTED_EDGE('',*,*,#1644,.T.);
#2207=ORIENTED_EDGE('',*,*,#1616,.T.);
#2208=ORIENTED_EDGE('',*,*,#1645,.T.);
#2209=ORIENTED_EDGE('',*,*,#1558,.F.);
#2210=ORIENTED_EDGE('',*,*,#1555,.F.);
#2211=ORIENTED_EDGE('',*,*,#1640,.F.);
#2212=ORIENTED_EDGE('',*,*,#1619,.F.);
#2213=ORIENTED_EDGE('',*,*,#1646,.F.);
#2214=ORIENTED_EDGE('',*,*,#1557,.F.);
#2215=ORIENTED_EDGE('',*,*,#1647,.F.);
#2216=ORIENTED_EDGE('',*,*,#1617,.F.);
#2217=ORIENTED_EDGE('',*,*,#1644,.F.);
#2218=ORIENTED_EDGE('',*,*,#1545,.T.);
#2219=ORIENTED_EDGE('',*,*,#1648,.T.);
#2220=ORIENTED_EDGE('',*,*,#1649,.T.);
#2221=ORIENTED_EDGE('',*,*,#1650,.T.);
#2222=ORIENTED_EDGE('',*,*,#1651,.T.);
#2223=ORIENTED_EDGE('',*,*,#1652,.F.);
#2224=ORIENTED_EDGE('',*,*,#1653,.F.);
#2225=ORIENTED_EDGE('',*,*,#1509,.T.);
#2226=ORIENTED_EDGE('',*,*,#1597,.F.);
#2227=ORIENTED_EDGE('',*,*,#1654,.F.);
#2228=ORIENTED_EDGE('',*,*,#1633,.F.);
#2229=ORIENTED_EDGE('',*,*,#1655,.T.);
#2230=ORIENTED_EDGE('',*,*,#1599,.F.);
#2231=ORIENTED_EDGE('',*,*,#1656,.T.);
#2232=ORIENTED_EDGE('',*,*,#1631,.F.);
#2233=ORIENTED_EDGE('',*,*,#1636,.F.);
#2234=ORIENTED_EDGE('',*,*,#1654,.T.);
#2235=ORIENTED_EDGE('',*,*,#1596,.T.);
#2236=ORIENTED_EDGE('',*,*,#1657,.T.);
#2237=ORIENTED_EDGE('',*,*,#1634,.T.);
#2238=ORIENTED_EDGE('',*,*,#1658,.F.);
#2239=ORIENTED_EDGE('',*,*,#1659,.F.);
#2240=ORIENTED_EDGE('',*,*,#1660,.F.);
#2241=ORIENTED_EDGE('',*,*,#1661,.F.);
#2242=ORIENTED_EDGE('',*,*,#1662,.F.);
#2243=ORIENTED_EDGE('',*,*,#1663,.F.);
#2244=ORIENTED_EDGE('',*,*,#1664,.F.);
#2245=ORIENTED_EDGE('',*,*,#1665,.F.);
#2246=ORIENTED_EDGE('',*,*,#1659,.T.);
#2247=ORIENTED_EDGE('',*,*,#1666,.F.);
#2248=ORIENTED_EDGE('',*,*,#1667,.T.);
#2249=ORIENTED_EDGE('',*,*,#1668,.T.);
#2250=ORIENTED_EDGE('',*,*,#1665,.T.);
#2251=ORIENTED_EDGE('',*,*,#1669,.T.);
#2252=ORIENTED_EDGE('',*,*,#1670,.T.);
#2253=ORIENTED_EDGE('',*,*,#1671,.F.);
#2254=ORIENTED_EDGE('',*,*,#1664,.T.);
#2255=ORIENTED_EDGE('',*,*,#1672,.T.);
#2256=ORIENTED_EDGE('',*,*,#1660,.T.);
#2257=ORIENTED_EDGE('',*,*,#1668,.F.);
#2258=ORIENTED_EDGE('',*,*,#1673,.F.);
#2259=ORIENTED_EDGE('',*,*,#1674,.F.);
#2260=ORIENTED_EDGE('',*,*,#1675,.F.);
#2261=ORIENTED_EDGE('',*,*,#1669,.F.);
#2262=ORIENTED_EDGE('',*,*,#1676,.F.);
#2263=ORIENTED_EDGE('',*,*,#1677,.T.);
#2264=ORIENTED_EDGE('',*,*,#1678,.T.);
#2265=ORIENTED_EDGE('',*,*,#1677,.F.);
#2266=ORIENTED_EDGE('',*,*,#1678,.F.);
#2267=ORIENTED_EDGE('',*,*,#1679,.F.);
#2268=ORIENTED_EDGE('',*,*,#1680,.F.);
#2269=ORIENTED_EDGE('',*,*,#1681,.T.);
#2270=ORIENTED_EDGE('',*,*,#1682,.T.);
#2271=ORIENTED_EDGE('',*,*,#1681,.F.);
#2272=ORIENTED_EDGE('',*,*,#1682,.F.);
#2273=ORIENTED_EDGE('',*,*,#1683,.F.);
#2274=ORIENTED_EDGE('',*,*,#1684,.F.);
#2275=ORIENTED_EDGE('',*,*,#1685,.T.);
#2276=ORIENTED_EDGE('',*,*,#1686,.T.);
#2277=ORIENTED_EDGE('',*,*,#1685,.F.);
#2278=ORIENTED_EDGE('',*,*,#1686,.F.);
#2279=ORIENTED_EDGE('',*,*,#1687,.F.);
#2280=ORIENTED_EDGE('',*,*,#1688,.T.);
#2281=ORIENTED_EDGE('',*,*,#1689,.T.);
#2282=ORIENTED_EDGE('',*,*,#1621,.T.);
#2283=ORIENTED_EDGE('',*,*,#1643,.F.);
#2284=ORIENTED_EDGE('',*,*,#1690,.F.);
#2285=ORIENTED_EDGE('',*,*,#1637,.F.);
#2286=ORIENTED_EDGE('',*,*,#1629,.T.);
#2287=ORIENTED_EDGE('',*,*,#1691,.T.);
#2288=ORIENTED_EDGE('',*,*,#1692,.T.);
#2289=ORIENTED_EDGE('',*,*,#1693,.T.);
#2290=ORIENTED_EDGE('',*,*,#1694,.T.);
#2291=ORIENTED_EDGE('',*,*,#1695,.T.);
#2292=ORIENTED_EDGE('',*,*,#1688,.F.);
#2293=ORIENTED_EDGE('',*,*,#1689,.F.);
#2294=ORIENTED_EDGE('',*,*,#1696,.T.);
#2295=ORIENTED_EDGE('',*,*,#1687,.T.);
#2296=ORIENTED_EDGE('',*,*,#1696,.F.);
#2297=ORIENTED_EDGE('',*,*,#1618,.F.);
#2298=ORIENTED_EDGE('',*,*,#1647,.T.);
#2299=ORIENTED_EDGE('',*,*,#1556,.F.);
#2300=ORIENTED_EDGE('',*,*,#1646,.T.);
#2301=ORIENTED_EDGE('',*,*,#1684,.T.);
#2302=ORIENTED_EDGE('',*,*,#1615,.T.);
#2303=ORIENTED_EDGE('',*,*,#1614,.T.);
#2304=ORIENTED_EDGE('',*,*,#1697,.T.);
#2305=ORIENTED_EDGE('',*,*,#1559,.F.);
#2306=ORIENTED_EDGE('',*,*,#1645,.F.);
#2307=ORIENTED_EDGE('',*,*,#1694,.F.);
#2308=ORIENTED_EDGE('',*,*,#1695,.F.);
#2309=ORIENTED_EDGE('',*,*,#1698,.T.);
#2310=ORIENTED_EDGE('',*,*,#1683,.T.);
#2311=ORIENTED_EDGE('',*,*,#1698,.F.);
#2312=ORIENTED_EDGE('',*,*,#1632,.F.);
#2313=ORIENTED_EDGE('',*,*,#1656,.F.);
#2314=ORIENTED_EDGE('',*,*,#1598,.F.);
#2315=ORIENTED_EDGE('',*,*,#1655,.F.);
#2316=ORIENTED_EDGE('',*,*,#1680,.T.);
#2317=ORIENTED_EDGE('',*,*,#1699,.F.);
#2318=ORIENTED_EDGE('',*,*,#1700,.F.);
#2319=ORIENTED_EDGE('',*,*,#1701,.T.);
#2320=ORIENTED_EDGE('',*,*,#1679,.T.);
#2321=ORIENTED_EDGE('',*,*,#1701,.F.);
#2322=ORIENTED_EDGE('',*,*,#1672,.F.);
#2323=ORIENTED_EDGE('',*,*,#1663,.T.);
#2324=ORIENTED_EDGE('',*,*,#1702,.F.);
#2325=ORIENTED_EDGE('',*,*,#1661,.T.);
#2326=ORIENTED_EDGE('',*,*,#1676,.T.);
#2327=ORIENTED_EDGE('',*,*,#1673,.T.);
#2328=ORIENTED_EDGE('',*,*,#1667,.F.);
#2329=ORIENTED_EDGE('',*,*,#1703,.F.);
#2330=ORIENTED_EDGE('',*,*,#1704,.F.);
#2331=ORIENTED_EDGE('',*,*,#1705,.F.);
#2332=ORIENTED_EDGE('',*,*,#1699,.T.);
#2333=ORIENTED_EDGE('',*,*,#1700,.T.);
#2334=ORIENTED_EDGE('',*,*,#1551,.F.);
#2335=ORIENTED_EDGE('',*,*,#1512,.F.);
#2336=ORIENTED_EDGE('',*,*,#1706,.F.);
#2337=ORIENTED_EDGE('',*,*,#1458,.F.);
#2338=ORIENTED_EDGE('',*,*,#1603,.F.);
#2339=ORIENTED_EDGE('',*,*,#1707,.T.);
#2340=ORIENTED_EDGE('',*,*,#1708,.T.);
#2341=ORIENTED_EDGE('',*,*,#1709,.T.);
#2342=ORIENTED_EDGE('',*,*,#1710,.T.);
#2343=ORIENTED_EDGE('',*,*,#1711,.T.);
#2344=ORIENTED_EDGE('',*,*,#1712,.T.);
#2345=ORIENTED_EDGE('',*,*,#1713,.T.);
#2346=ORIENTED_EDGE('',*,*,#1602,.T.);
#2347=ORIENTED_EDGE('',*,*,#1714,.F.);
#2348=ORIENTED_EDGE('',*,*,#1715,.F.);
#2349=ORIENTED_EDGE('',*,*,#1707,.F.);
#2350=ORIENTED_EDGE('',*,*,#1552,.T.);
#2351=ORIENTED_EDGE('',*,*,#1713,.F.);
#2352=ORIENTED_EDGE('',*,*,#1716,.F.);
#2353=ORIENTED_EDGE('',*,*,#1717,.F.);
#2354=ORIENTED_EDGE('',*,*,#1716,.T.);
#2355=ORIENTED_EDGE('',*,*,#1712,.F.);
#2356=ORIENTED_EDGE('',*,*,#1718,.T.);
#2357=ORIENTED_EDGE('',*,*,#1719,.T.);
#2358=ORIENTED_EDGE('',*,*,#1715,.T.);
#2359=ORIENTED_EDGE('',*,*,#1720,.T.);
#2360=ORIENTED_EDGE('',*,*,#1721,.F.);
#2361=ORIENTED_EDGE('',*,*,#1708,.F.);
#2362=ORIENTED_EDGE('',*,*,#1553,.T.);
#2363=ORIENTED_EDGE('',*,*,#1717,.T.);
#2364=ORIENTED_EDGE('',*,*,#1719,.F.);
#2365=ORIENTED_EDGE('',*,*,#1722,.F.);
#2366=ORIENTED_EDGE('',*,*,#1723,.F.);
#2367=ORIENTED_EDGE('',*,*,#1724,.F.);
#2368=ORIENTED_EDGE('',*,*,#1720,.F.);
#2369=ORIENTED_EDGE('',*,*,#1714,.T.);
#2370=ORIENTED_EDGE('',*,*,#1601,.T.);
#2371=ORIENTED_EDGE('',*,*,#1639,.T.);
#2372=ORIENTED_EDGE('',*,*,#1725,.T.);
#2373=ORIENTED_EDGE('',*,*,#1641,.T.);
#2374=ORIENTED_EDGE('',*,*,#1724,.T.);
#2375=ORIENTED_EDGE('',*,*,#1726,.T.);
#2376=ORIENTED_EDGE('',*,*,#1709,.F.);
#2377=ORIENTED_EDGE('',*,*,#1721,.T.);
#2378=ORIENTED_EDGE('',*,*,#1723,.T.);
#2379=ORIENTED_EDGE('',*,*,#1727,.T.);
#2380=ORIENTED_EDGE('',*,*,#1710,.F.);
#2381=ORIENTED_EDGE('',*,*,#1726,.F.);
#2382=ORIENTED_EDGE('',*,*,#1722,.T.);
#2383=ORIENTED_EDGE('',*,*,#1718,.F.);
#2384=ORIENTED_EDGE('',*,*,#1711,.F.);
#2385=ORIENTED_EDGE('',*,*,#1727,.F.);
#2386=ORIENTED_EDGE('',*,*,#1651,.F.);
#2387=ORIENTED_EDGE('',*,*,#1728,.F.);
#2388=ORIENTED_EDGE('',*,*,#1729,.F.);
#2389=ORIENTED_EDGE('',*,*,#1730,.F.);
#2390=ORIENTED_EDGE('',*,*,#1606,.F.);
#2391=ORIENTED_EDGE('',*,*,#1731,.T.);
#2392=ORIENTED_EDGE('',*,*,#1732,.T.);
#2393=ORIENTED_EDGE('',*,*,#1733,.T.);
#2394=ORIENTED_EDGE('',*,*,#1734,.T.);
#2395=ORIENTED_EDGE('',*,*,#1735,.T.);
#2396=ORIENTED_EDGE('',*,*,#1736,.T.);
#2397=ORIENTED_EDGE('',*,*,#1737,.T.);
#2398=ORIENTED_EDGE('',*,*,#1605,.T.);
#2399=ORIENTED_EDGE('',*,*,#1738,.F.);
#2400=ORIENTED_EDGE('',*,*,#1739,.F.);
#2401=ORIENTED_EDGE('',*,*,#1731,.F.);
#2402=ORIENTED_EDGE('',*,*,#1652,.T.);
#2403=ORIENTED_EDGE('',*,*,#1737,.F.);
#2404=ORIENTED_EDGE('',*,*,#1740,.F.);
#2405=ORIENTED_EDGE('',*,*,#1741,.F.);
#2406=ORIENTED_EDGE('',*,*,#1739,.T.);
#2407=ORIENTED_EDGE('',*,*,#1742,.T.);
#2408=ORIENTED_EDGE('',*,*,#1743,.F.);
#2409=ORIENTED_EDGE('',*,*,#1732,.F.);
#2410=ORIENTED_EDGE('',*,*,#1740,.T.);
#2411=ORIENTED_EDGE('',*,*,#1736,.F.);
#2412=ORIENTED_EDGE('',*,*,#1744,.T.);
#2413=ORIENTED_EDGE('',*,*,#1745,.T.);
#2414=ORIENTED_EDGE('',*,*,#1653,.T.);
#2415=ORIENTED_EDGE('',*,*,#1741,.T.);
#2416=ORIENTED_EDGE('',*,*,#1745,.F.);
#2417=ORIENTED_EDGE('',*,*,#1746,.F.);
#2418=ORIENTED_EDGE('',*,*,#1747,.F.);
#2419=ORIENTED_EDGE('',*,*,#1748,.F.);
#2420=ORIENTED_EDGE('',*,*,#1742,.F.);
#2421=ORIENTED_EDGE('',*,*,#1738,.T.);
#2422=ORIENTED_EDGE('',*,*,#1604,.T.);
#2423=ORIENTED_EDGE('',*,*,#1460,.T.);
#2424=ORIENTED_EDGE('',*,*,#1749,.T.);
#2425=ORIENTED_EDGE('',*,*,#1510,.T.);
#2426=ORIENTED_EDGE('',*,*,#1733,.F.);
#2427=ORIENTED_EDGE('',*,*,#1743,.T.);
#2428=ORIENTED_EDGE('',*,*,#1748,.T.);
#2429=ORIENTED_EDGE('',*,*,#1750,.T.);
#2430=ORIENTED_EDGE('',*,*,#1734,.F.);
#2431=ORIENTED_EDGE('',*,*,#1750,.F.);
#2432=ORIENTED_EDGE('',*,*,#1747,.T.);
#2433=ORIENTED_EDGE('',*,*,#1751,.T.);
#2434=ORIENTED_EDGE('',*,*,#1735,.F.);
#2435=ORIENTED_EDGE('',*,*,#1751,.F.);
#2436=ORIENTED_EDGE('',*,*,#1746,.T.);
#2437=ORIENTED_EDGE('',*,*,#1744,.F.);
#2438=ORIENTED_EDGE('',*,*,#1593,.T.);
#2439=ORIENTED_EDGE('',*,*,#1752,.T.);
#2440=ORIENTED_EDGE('',*,*,#1753,.T.);
#2441=ORIENTED_EDGE('',*,*,#1754,.T.);
#2442=ORIENTED_EDGE('',*,*,#1561,.T.);
#2443=ORIENTED_EDGE('',*,*,#1755,.T.);
#2444=ORIENTED_EDGE('',*,*,#1612,.F.);
#2445=ORIENTED_EDGE('',*,*,#1756,.F.);
#2446=ORIENTED_EDGE('',*,*,#1757,.F.);
#2447=ORIENTED_EDGE('',*,*,#1758,.F.);
#2448=ORIENTED_EDGE('',*,*,#1626,.F.);
#2449=ORIENTED_EDGE('',*,*,#1759,.T.);
#2450=ORIENTED_EDGE('',*,*,#1560,.T.);
#2451=ORIENTED_EDGE('',*,*,#1697,.F.);
#2452=ORIENTED_EDGE('',*,*,#1613,.F.);
#2453=ORIENTED_EDGE('',*,*,#1755,.F.);
#2454=ORIENTED_EDGE('',*,*,#1594,.T.);
#2455=ORIENTED_EDGE('',*,*,#1759,.F.);
#2456=ORIENTED_EDGE('',*,*,#1625,.F.);
#2457=ORIENTED_EDGE('',*,*,#1760,.F.);
#2458=ORIENTED_EDGE('',*,*,#1624,.T.);
#2459=ORIENTED_EDGE('',*,*,#1635,.T.);
#2460=ORIENTED_EDGE('',*,*,#1657,.F.);
#2461=ORIENTED_EDGE('',*,*,#1595,.F.);
#2462=ORIENTED_EDGE('',*,*,#1760,.T.);
#2463=ORIENTED_EDGE('',*,*,#1628,.T.);
#2464=ORIENTED_EDGE('',*,*,#1627,.T.);
#2465=ORIENTED_EDGE('',*,*,#1758,.T.);
#2466=ORIENTED_EDGE('',*,*,#1761,.T.);
#2467=ORIENTED_EDGE('',*,*,#1691,.F.);
#2468=ORIENTED_EDGE('',*,*,#1692,.F.);
#2469=ORIENTED_EDGE('',*,*,#1761,.F.);
#2470=ORIENTED_EDGE('',*,*,#1757,.T.);
#2471=ORIENTED_EDGE('',*,*,#1762,.T.);
#2472=ORIENTED_EDGE('',*,*,#1611,.F.);
#2473=ORIENTED_EDGE('',*,*,#1622,.T.);
#2474=ORIENTED_EDGE('',*,*,#1693,.F.);
#2475=ORIENTED_EDGE('',*,*,#1762,.F.);
#2476=ORIENTED_EDGE('',*,*,#1756,.T.);
#2477=ORIENTED_EDGE('',*,*,#1549,.F.);
#2478=ORIENTED_EDGE('',*,*,#1587,.T.);
#2479=ORIENTED_EDGE('',*,*,#1565,.T.);
#2480=ORIENTED_EDGE('',*,*,#1569,.T.);
#2481=ORIENTED_EDGE('',*,*,#1690,.T.);
#2482=ORIENTED_EDGE('',*,*,#1642,.T.);
#2483=ORIENTED_EDGE('',*,*,#1725,.F.);
#2484=ORIENTED_EDGE('',*,*,#1638,.F.);
#2485=ORIENTED_EDGE('',*,*,#1763,.F.);
#2486=ORIENTED_EDGE('',*,*,#1562,.F.);
#2487=ORIENTED_EDGE('',*,*,#1754,.F.);
#2488=ORIENTED_EDGE('',*,*,#1764,.F.);
#2489=ORIENTED_EDGE('',*,*,#1765,.F.);
#2490=ORIENTED_EDGE('',*,*,#1766,.T.);
#2491=ORIENTED_EDGE('',*,*,#1752,.F.);
#2492=ORIENTED_EDGE('',*,*,#1592,.T.);
#2493=ORIENTED_EDGE('',*,*,#1767,.F.);
#2494=ORIENTED_EDGE('',*,*,#1764,.T.);
#2495=ORIENTED_EDGE('',*,*,#1753,.F.);
#2496=ORIENTED_EDGE('',*,*,#1766,.F.);
#2497=ORIENTED_EDGE('',*,*,#1563,.T.);
#2498=ORIENTED_EDGE('',*,*,#1763,.T.);
#2499=ORIENTED_EDGE('',*,*,#1767,.T.);
#2500=ORIENTED_EDGE('',*,*,#1765,.T.);
#2501=ORIENTED_EDGE('',*,*,#1591,.T.);
#2502=ORIENTED_EDGE('',*,*,#1578,.T.);
#2503=ORIENTED_EDGE('',*,*,#1768,.T.);
#2504=ORIENTED_EDGE('',*,*,#1769,.T.);
#2505=ORIENTED_EDGE('',*,*,#1770,.T.);
#2506=ORIENTED_EDGE('',*,*,#1771,.T.);
#2507=ORIENTED_EDGE('',*,*,#1772,.T.);
#2508=ORIENTED_EDGE('',*,*,#1570,.T.);
#2509=ORIENTED_EDGE('',*,*,#1530,.T.);
#2510=ORIENTED_EDGE('',*,*,#1449,.T.);
#2511=ORIENTED_EDGE('',*,*,#1773,.F.);
#2512=ORIENTED_EDGE('',*,*,#1574,.T.);
#2513=ORIENTED_EDGE('',*,*,#1522,.T.);
#2514=ORIENTED_EDGE('',*,*,#1774,.T.);
#2515=ORIENTED_EDGE('',*,*,#1775,.T.);
#2516=ORIENTED_EDGE('',*,*,#1776,.F.);
#2517=ORIENTED_EDGE('',*,*,#1777,.F.);
#2518=ORIENTED_EDGE('',*,*,#1572,.F.);
#2519=ORIENTED_EDGE('',*,*,#1772,.F.);
#2520=ORIENTED_EDGE('',*,*,#1778,.T.);
#2521=ORIENTED_EDGE('',*,*,#1774,.F.);
#2522=ORIENTED_EDGE('',*,*,#1571,.F.);
#2523=ORIENTED_EDGE('',*,*,#1779,.F.);
#2524=ORIENTED_EDGE('',*,*,#1780,.F.);
#2525=ORIENTED_EDGE('',*,*,#1768,.F.);
#2526=ORIENTED_EDGE('',*,*,#1577,.F.);
#2527=ORIENTED_EDGE('',*,*,#1777,.T.);
#2528=ORIENTED_EDGE('',*,*,#1781,.T.);
#2529=ORIENTED_EDGE('',*,*,#1547,.T.);
#2530=ORIENTED_EDGE('',*,*,#1573,.T.);
#2531=ORIENTED_EDGE('',*,*,#1782,.F.);
#2532=ORIENTED_EDGE('',*,*,#1783,.T.);
#2533=ORIENTED_EDGE('',*,*,#1784,.T.);
#2534=ORIENTED_EDGE('',*,*,#1448,.T.);
#2535=ORIENTED_EDGE('',*,*,#1785,.F.);
#2536=ORIENTED_EDGE('',*,*,#1786,.F.);
#2537=ORIENTED_EDGE('',*,*,#1787,.F.);
#2538=ORIENTED_EDGE('',*,*,#1788,.T.);
#2539=ORIENTED_EDGE('',*,*,#1506,.T.);
#2540=ORIENTED_EDGE('',*,*,#1781,.F.);
#2541=ORIENTED_EDGE('',*,*,#1776,.T.);
#2542=ORIENTED_EDGE('',*,*,#1789,.F.);
#2543=ORIENTED_EDGE('',*,*,#1786,.T.);
#2544=ORIENTED_EDGE('',*,*,#1790,.T.);
#2545=ORIENTED_EDGE('',*,*,#1787,.T.);
#2546=ORIENTED_EDGE('',*,*,#1791,.T.);
#2547=ORIENTED_EDGE('',*,*,#1770,.F.);
#2548=ORIENTED_EDGE('',*,*,#1792,.F.);
#2549=ORIENTED_EDGE('',*,*,#1793,.F.);
#2550=ORIENTED_EDGE('',*,*,#1783,.F.);
#2551=ORIENTED_EDGE('',*,*,#1794,.T.);
#2552=ORIENTED_EDGE('',*,*,#1779,.T.);
#2553=ORIENTED_EDGE('',*,*,#1576,.F.);
#2554=ORIENTED_EDGE('',*,*,#1789,.T.);
#2555=ORIENTED_EDGE('',*,*,#1775,.F.);
#2556=ORIENTED_EDGE('',*,*,#1778,.F.);
#2557=ORIENTED_EDGE('',*,*,#1771,.F.);
#2558=ORIENTED_EDGE('',*,*,#1791,.F.);
#2559=ORIENTED_EDGE('',*,*,#1790,.F.);
#2560=ORIENTED_EDGE('',*,*,#1785,.T.);
#2561=ORIENTED_EDGE('',*,*,#1795,.T.);
#2562=ORIENTED_EDGE('',*,*,#1788,.F.);
#2563=ORIENTED_EDGE('',*,*,#1773,.T.);
#2564=ORIENTED_EDGE('',*,*,#1784,.F.);
#2565=ORIENTED_EDGE('',*,*,#1793,.T.);
#2566=ORIENTED_EDGE('',*,*,#1575,.T.);
#2567=ORIENTED_EDGE('',*,*,#1782,.T.);
#2568=ORIENTED_EDGE('',*,*,#1792,.T.);
#2569=ORIENTED_EDGE('',*,*,#1769,.F.);
#2570=ORIENTED_EDGE('',*,*,#1780,.T.);
#2571=ORIENTED_EDGE('',*,*,#1794,.F.);
#2572=ORIENTED_EDGE('',*,*,#1582,.T.);
#2573=ORIENTED_EDGE('',*,*,#1580,.T.);
#2574=ORIENTED_EDGE('',*,*,#1590,.T.);
#2575=ORIENTED_EDGE('',*,*,#1588,.F.);
#2576=ORIENTED_EDGE('',*,*,#1542,.T.);
#2577=ORIENTED_EDGE('',*,*,#1796,.T.);
#2578=ORIENTED_EDGE('',*,*,#1797,.F.);
#2579=ORIENTED_EDGE('',*,*,#1798,.T.);
#2580=ORIENTED_EDGE('',*,*,#1799,.F.);
#2581=ORIENTED_EDGE('',*,*,#1567,.F.);
#2582=ORIENTED_EDGE('',*,*,#1520,.T.);
#2583=ORIENTED_EDGE('',*,*,#1586,.T.);
#2584=ORIENTED_EDGE('',*,*,#1800,.T.);
#2585=ORIENTED_EDGE('',*,*,#1801,.T.);
#2586=ORIENTED_EDGE('',*,*,#1802,.T.);
#2587=ORIENTED_EDGE('',*,*,#1803,.T.);
#2588=ORIENTED_EDGE('',*,*,#1544,.T.);
#2589=ORIENTED_EDGE('',*,*,#1804,.T.);
#2590=ORIENTED_EDGE('',*,*,#1805,.T.);
#2591=ORIENTED_EDGE('',*,*,#1806,.T.);
#2592=ORIENTED_EDGE('',*,*,#1807,.T.);
#2593=ORIENTED_EDGE('',*,*,#1584,.T.);
#2594=ORIENTED_EDGE('',*,*,#1518,.T.);
#2595=ORIENTED_EDGE('',*,*,#1609,.F.);
#2596=ORIENTED_EDGE('',*,*,#1808,.F.);
#2597=ORIENTED_EDGE('',*,*,#1809,.F.);
#2598=ORIENTED_EDGE('',*,*,#1810,.F.);
#2599=ORIENTED_EDGE('',*,*,#1648,.F.);
#2600=ORIENTED_EDGE('',*,*,#1706,.T.);
#2601=ORIENTED_EDGE('',*,*,#1511,.T.);
#2602=ORIENTED_EDGE('',*,*,#1749,.F.);
#2603=ORIENTED_EDGE('',*,*,#1459,.F.);
#2604=ORIENTED_EDGE('',*,*,#1493,.T.);
#2605=ORIENTED_EDGE('',*,*,#1494,.T.);
#2606=ORIENTED_EDGE('',*,*,#1806,.F.);
#2607=ORIENTED_EDGE('',*,*,#1811,.T.);
#2608=ORIENTED_EDGE('',*,*,#1801,.F.);
#2609=ORIENTED_EDGE('',*,*,#1812,.T.);
#2610=ORIENTED_EDGE('',*,*,#1807,.F.);
#2611=ORIENTED_EDGE('',*,*,#1812,.F.);
#2612=ORIENTED_EDGE('',*,*,#1800,.F.);
#2613=ORIENTED_EDGE('',*,*,#1585,.F.);
#2614=ORIENTED_EDGE('',*,*,#1805,.F.);
#2615=ORIENTED_EDGE('',*,*,#1813,.F.);
#2616=ORIENTED_EDGE('',*,*,#1802,.F.);
#2617=ORIENTED_EDGE('',*,*,#1811,.F.);
#2618=ORIENTED_EDGE('',*,*,#1543,.T.);
#2619=ORIENTED_EDGE('',*,*,#1803,.F.);
#2620=ORIENTED_EDGE('',*,*,#1813,.T.);
#2621=ORIENTED_EDGE('',*,*,#1804,.F.);
#2622=ORIENTED_EDGE('',*,*,#1814,.T.);
#2623=ORIENTED_EDGE('',*,*,#1815,.F.);
#2624=ORIENTED_EDGE('',*,*,#1816,.F.);
#2625=ORIENTED_EDGE('',*,*,#1568,.T.);
#2626=ORIENTED_EDGE('',*,*,#1799,.T.);
#2627=ORIENTED_EDGE('',*,*,#1817,.F.);
#2628=ORIENTED_EDGE('',*,*,#1818,.F.);
#2629=ORIENTED_EDGE('',*,*,#1814,.F.);
#2630=ORIENTED_EDGE('',*,*,#1798,.F.);
#2631=ORIENTED_EDGE('',*,*,#1819,.T.);
#2632=ORIENTED_EDGE('',*,*,#1820,.F.);
#2633=ORIENTED_EDGE('',*,*,#1821,.F.);
#2634=ORIENTED_EDGE('',*,*,#1817,.T.);
#2635=ORIENTED_EDGE('',*,*,#1797,.T.);
#2636=ORIENTED_EDGE('',*,*,#1541,.T.);
#2637=ORIENTED_EDGE('',*,*,#1501,.F.);
#2638=ORIENTED_EDGE('',*,*,#1819,.F.);
#2639=ORIENTED_EDGE('',*,*,#1796,.F.);
#2640=ORIENTED_EDGE('',*,*,#1822,.F.);
#2641=ORIENTED_EDGE('',*,*,#1823,.T.);
#2642=ORIENTED_EDGE('',*,*,#1824,.T.);
#2643=ORIENTED_EDGE('',*,*,#1649,.F.);
#2644=ORIENTED_EDGE('',*,*,#1810,.T.);
#2645=ORIENTED_EDGE('',*,*,#1662,.T.);
#2646=ORIENTED_EDGE('',*,*,#1671,.T.);
#2647=ORIENTED_EDGE('',*,*,#1822,.T.);
#2648=ORIENTED_EDGE('',*,*,#1809,.T.);
#2649=ORIENTED_EDGE('',*,*,#1825,.T.);
#2650=ORIENTED_EDGE('',*,*,#1666,.T.);
#2651=ORIENTED_EDGE('',*,*,#1658,.T.);
#2652=ORIENTED_EDGE('',*,*,#1702,.T.);
#2653=ORIENTED_EDGE('',*,*,#1608,.F.);
#2654=ORIENTED_EDGE('',*,*,#1826,.T.);
#2655=ORIENTED_EDGE('',*,*,#1703,.T.);
#2656=ORIENTED_EDGE('',*,*,#1825,.F.);
#2657=ORIENTED_EDGE('',*,*,#1808,.T.);
#2658=ORIENTED_EDGE('',*,*,#1447,.T.);
#2659=ORIENTED_EDGE('',*,*,#1827,.F.);
#2660=ORIENTED_EDGE('',*,*,#1828,.F.);
#2661=ORIENTED_EDGE('',*,*,#1829,.F.);
#2662=ORIENTED_EDGE('',*,*,#1507,.F.);
#2663=ORIENTED_EDGE('',*,*,#1795,.F.);
#2664=ORIENTED_EDGE('',*,*,#1729,.T.);
#2665=ORIENTED_EDGE('',*,*,#1830,.T.);
#2666=ORIENTED_EDGE('',*,*,#1831,.T.);
#2667=ORIENTED_EDGE('',*,*,#1832,.T.);
#2668=ORIENTED_EDGE('',*,*,#1833,.T.);
#2669=ORIENTED_EDGE('',*,*,#1834,.F.);
#2670=ORIENTED_EDGE('',*,*,#1728,.T.);
#2671=ORIENTED_EDGE('',*,*,#1650,.F.);
#2672=ORIENTED_EDGE('',*,*,#1835,.T.);
#2673=ORIENTED_EDGE('',*,*,#1830,.F.);
#2674=ORIENTED_EDGE('',*,*,#1730,.T.);
#2675=ORIENTED_EDGE('',*,*,#1834,.T.);
#2676=ORIENTED_EDGE('',*,*,#1836,.T.);
#2677=ORIENTED_EDGE('',*,*,#1607,.T.);
#2678=ORIENTED_EDGE('',*,*,#1704,.T.);
#2679=ORIENTED_EDGE('',*,*,#1826,.F.);
#2680=ORIENTED_EDGE('',*,*,#1836,.F.);
#2681=ORIENTED_EDGE('',*,*,#1833,.F.);
#2682=ORIENTED_EDGE('',*,*,#1837,.T.);
#2683=ORIENTED_EDGE('',*,*,#1831,.F.);
#2684=ORIENTED_EDGE('',*,*,#1835,.F.);
#2685=ORIENTED_EDGE('',*,*,#1824,.F.);
#2686=ORIENTED_EDGE('',*,*,#1675,.T.);
#2687=ORIENTED_EDGE('',*,*,#1838,.F.);
#2688=ORIENTED_EDGE('',*,*,#1837,.F.);
#2689=ORIENTED_EDGE('',*,*,#1823,.F.);
#2690=ORIENTED_EDGE('',*,*,#1670,.F.);
#2691=ORIENTED_EDGE('',*,*,#1674,.T.);
#2692=ORIENTED_EDGE('',*,*,#1705,.T.);
#2693=ORIENTED_EDGE('',*,*,#1832,.F.);
#2694=ORIENTED_EDGE('',*,*,#1838,.T.);
#2695=ORIENTED_EDGE('',*,*,#1839,.F.);
#2696=ORIENTED_EDGE('',*,*,#1827,.T.);
#2697=ORIENTED_EDGE('',*,*,#1446,.T.);
#2698=ORIENTED_EDGE('',*,*,#1816,.T.);
#2699=ORIENTED_EDGE('',*,*,#1840,.T.);
#2700=ORIENTED_EDGE('',*,*,#1839,.T.);
#2701=ORIENTED_EDGE('',*,*,#1815,.T.);
#2702=ORIENTED_EDGE('',*,*,#1841,.F.);
#2703=ORIENTED_EDGE('',*,*,#1820,.T.);
#2704=ORIENTED_EDGE('',*,*,#1500,.T.);
#2705=ORIENTED_EDGE('',*,*,#1829,.T.);
#2706=ORIENTED_EDGE('',*,*,#1842,.T.);
#2707=ORIENTED_EDGE('',*,*,#1821,.T.);
#2708=ORIENTED_EDGE('',*,*,#1841,.T.);
#2709=ORIENTED_EDGE('',*,*,#1840,.F.);
#2710=ORIENTED_EDGE('',*,*,#1818,.T.);
#2711=ORIENTED_EDGE('',*,*,#1842,.F.);
#2712=ORIENTED_EDGE('',*,*,#1828,.T.);
#2713=PLANE('',#2964);
#2714=PLANE('',#2968);
#2715=PLANE('',#2970);
#2716=PLANE('',#2974);
#2717=PLANE('',#2976);
#2718=PLANE('',#2978);
#2719=PLANE('',#2986);
#2720=PLANE('',#3002);
#2721=PLANE('',#3006);
#2722=PLANE('',#3008);
#2723=PLANE('',#3012);
#2724=PLANE('',#3014);
#2725=PLANE('',#3016);
#2726=PLANE('',#3024);
#2727=PLANE('',#3040);
#2728=PLANE('',#3047);
#2729=PLANE('',#3048);
#2730=PLANE('',#3051);
#2731=PLANE('',#3052);
#2732=PLANE('',#3053);
#2733=PLANE('',#3054);
#2734=PLANE('',#3055);
#2735=PLANE('',#3056);
#2736=PLANE('',#3058);
#2737=PLANE('',#3060);
#2738=PLANE('',#3061);
#2739=PLANE('',#3062);
#2740=PLANE('',#3063);
#2741=PLANE('',#3065);
#2742=PLANE('',#3066);
#2743=PLANE('',#3067);
#2744=PLANE('',#3071);
#2745=PLANE('',#3086);
#2746=PLANE('',#3087);
#2747=PLANE('',#3088);
#2748=PLANE('',#3089);
#2749=PLANE('',#3091);
#2750=PLANE('',#3094);
#2751=PLANE('',#3096);
#2752=PLANE('',#3107);
#2753=PLANE('',#3112);
#2754=PLANE('',#3117);
#2755=PLANE('',#3120);
#2756=PLANE('',#3125);
#2757=PLANE('',#3126);
#2758=PLANE('',#3128);
#2759=PLANE('',#3130);
#2760=PLANE('',#3134);
#2761=PLANE('',#3137);
#2762=PLANE('',#3138);
#2763=PLANE('',#3139);
#2764=PLANE('',#3140);
#2765=PLANE('',#3141);
#2766=PLANE('',#3145);
#2767=PLANE('',#3147);
#2768=PLANE('',#3152);
#2769=PLANE('',#3153);
#2770=PLANE('',#3154);
#2771=PLANE('',#3155);
#2772=PLANE('',#3156);
#2773=PLANE('',#3160);
#2774=PLANE('',#3162);
#2775=PLANE('',#3167);
#2776=PLANE('',#3168);
#2777=PLANE('',#3169);
#2778=PLANE('',#3171);
#2779=PLANE('',#3173);
#2780=PLANE('',#3174);
#2781=PLANE('',#3179);
#2782=PLANE('',#3180);
#2783=PLANE('',#3183);
#2784=PLANE('',#3184);
#2785=PLANE('',#3187);
#2786=PLANE('',#3188);
#2787=PLANE('',#3195);
#2788=PLANE('',#3196);
#2789=PLANE('',#3202);
#2790=PLANE('',#3203);
#2791=PLANE('',#3208);
#2792=PLANE('',#3213);
#2793=PLANE('',#3215);
#2794=PLANE('',#3218);
#2795=PLANE('',#3222);
#2796=PLANE('',#3226);
#2797=PLANE('',#3230);
#2798=PLANE('',#3233);
#2799=PLANE('',#3236);
#2800=ADVANCED_FACE('',(#189),#2713,.T.);
#2801=ADVANCED_FACE('',(#190),#127,.T.);
#2802=ADVANCED_FACE('',(#191),#2714,.T.);
#2803=ADVANCED_FACE('',(#192),#2715,.T.);
#2804=ADVANCED_FACE('',(#193),#128,.T.);
#2805=ADVANCED_FACE('',(#194),#2716,.T.);
#2806=ADVANCED_FACE('',(#195),#2717,.T.);
#2807=ADVANCED_FACE('',(#196,#38,#39),#2718,.F.);
#2808=ADVANCED_FACE('',(#197),#129,.T.);
#2809=ADVANCED_FACE('',(#198),#2719,.T.);
#2810=ADVANCED_FACE('',(#199),#130,.F.);
#2811=ADVANCED_FACE('',(#200),#131,.F.);
#2812=ADVANCED_FACE('',(#201),#132,.T.);
#2813=ADVANCED_FACE('',(#202),#133,.T.);
#2814=ADVANCED_FACE('',(#203,#40),#134,.F.);
#2815=ADVANCED_FACE('',(#204),#135,.F.);
#2816=ADVANCED_FACE('',(#205),#2720,.T.);
#2817=ADVANCED_FACE('',(#206),#136,.T.);
#2818=ADVANCED_FACE('',(#207),#2721,.T.);
#2819=ADVANCED_FACE('',(#208),#2722,.T.);
#2820=ADVANCED_FACE('',(#209),#137,.T.);
#2821=ADVANCED_FACE('',(#210),#2723,.T.);
#2822=ADVANCED_FACE('',(#211),#2724,.T.);
#2823=ADVANCED_FACE('',(#212,#41,#42),#2725,.F.);
#2824=ADVANCED_FACE('',(#213),#138,.T.);
#2825=ADVANCED_FACE('',(#214),#2726,.T.);
#2826=ADVANCED_FACE('',(#215),#139,.F.);
#2827=ADVANCED_FACE('',(#216),#140,.F.);
#2828=ADVANCED_FACE('',(#217),#141,.T.);
#2829=ADVANCED_FACE('',(#218),#142,.T.);
#2830=ADVANCED_FACE('',(#219,#43),#143,.F.);
#2831=ADVANCED_FACE('',(#220),#144,.F.);
#2832=ADVANCED_FACE('',(#221),#2727,.F.);
#2833=ADVANCED_FACE('',(#222),#145,.T.);
#2834=ADVANCED_FACE('',(#223),#146,.T.);
#2835=ADVANCED_FACE('',(#224),#2728,.F.);
#2836=ADVANCED_FACE('',(#225),#2729,.F.);
#2837=ADVANCED_FACE('',(#226),#147,.F.);
#2838=ADVANCED_FACE('',(#227),#148,.F.);
#2839=ADVANCED_FACE('',(#228),#2730,.F.);
#2840=ADVANCED_FACE('',(#229),#2731,.T.);
#2841=ADVANCED_FACE('',(#230),#2732,.F.);
#2842=ADVANCED_FACE('',(#231),#2733,.F.);
#2843=ADVANCED_FACE('',(#232),#2734,.F.);
#2844=ADVANCED_FACE('',(#233),#2735,.F.);
#2845=ADVANCED_FACE('',(#234),#2736,.F.);
#2846=ADVANCED_FACE('',(#235),#2737,.T.);
#2847=ADVANCED_FACE('',(#236),#2738,.T.);
#2848=ADVANCED_FACE('',(#237),#2739,.F.);
#2849=ADVANCED_FACE('',(#238),#2740,.F.);
#2850=ADVANCED_FACE('',(#239),#149,.F.);
#2851=ADVANCED_FACE('',(#240),#2741,.T.);
#2852=ADVANCED_FACE('',(#241),#2742,.T.);
#2853=ADVANCED_FACE('',(#242),#2743,.F.);
#2854=ADVANCED_FACE('',(#243),#35,.T.);
#2855=ADVANCED_FACE('',(#244),#2744,.T.);
#2856=ADVANCED_FACE('',(#245),#36,.T.);
#2857=ADVANCED_FACE('',(#246),#150,.F.);
#2858=ADVANCED_FACE('',(#247),#151,.F.);
#2859=ADVANCED_FACE('',(#248),#152,.F.);
#2860=ADVANCED_FACE('',(#249),#2745,.T.);
#2861=ADVANCED_FACE('',(#250),#2746,.T.);
#2862=ADVANCED_FACE('',(#251),#2747,.F.);
#2863=ADVANCED_FACE('',(#252),#2748,.T.);
#2864=ADVANCED_FACE('',(#253),#2749,.T.);
#2865=ADVANCED_FACE('',(#254),#153,.F.);
#2866=ADVANCED_FACE('',(#255),#2750,.T.);
#2867=ADVANCED_FACE('',(#256),#2751,.T.);
#2868=ADVANCED_FACE('',(#257),#154,.F.);
#2869=ADVANCED_FACE('',(#258),#155,.F.);
#2870=ADVANCED_FACE('',(#259),#37,.T.);
#2871=ADVANCED_FACE('',(#260),#156,.F.);
#2872=ADVANCED_FACE('',(#261,#44),#2752,.F.);
#2873=ADVANCED_FACE('',(#262),#157,.F.);
#2874=ADVANCED_FACE('',(#263,#45),#2753,.F.);
#2875=ADVANCED_FACE('',(#264),#158,.F.);
#2876=ADVANCED_FACE('',(#265,#46),#2754,.F.);
#2877=ADVANCED_FACE('',(#266),#159,.F.);
#2878=ADVANCED_FACE('',(#267),#2755,.T.);
#2879=ADVANCED_FACE('',(#268),#160,.F.);
#2880=ADVANCED_FACE('',(#269),#161,.F.);
#2881=ADVANCED_FACE('',(#270,#47),#2756,.F.);
#2882=ADVANCED_FACE('',(#271),#2757,.T.);
#2883=ADVANCED_FACE('',(#272),#162,.F.);
#2884=ADVANCED_FACE('',(#273,#48),#2758,.F.);
#2885=ADVANCED_FACE('',(#274),#163,.F.);
#2886=ADVANCED_FACE('',(#275,#49),#2759,.F.);
#2887=ADVANCED_FACE('',(#276),#15,.T.);
#2888=ADVANCED_FACE('',(#277),#164,.F.);
#2889=ADVANCED_FACE('',(#278),#2760,.T.);
#2890=ADVANCED_FACE('',(#279),#2761,.F.);
#2891=ADVANCED_FACE('',(#280),#2762,.F.);
#2892=ADVANCED_FACE('',(#281),#2763,.F.);
#2893=ADVANCED_FACE('',(#282),#2764,.T.);
#2894=ADVANCED_FACE('',(#283),#2765,.F.);
#2895=ADVANCED_FACE('',(#284),#165,.F.);
#2896=ADVANCED_FACE('',(#285),#2766,.F.);
#2897=ADVANCED_FACE('',(#286),#166,.F.);
#2898=ADVANCED_FACE('',(#287),#2767,.T.);
#2899=ADVANCED_FACE('',(#288),#2768,.F.);
#2900=ADVANCED_FACE('',(#289),#2769,.F.);
#2901=ADVANCED_FACE('',(#290),#2770,.T.);
#2902=ADVANCED_FACE('',(#291),#2771,.F.);
#2903=ADVANCED_FACE('',(#292),#2772,.F.);
#2904=ADVANCED_FACE('',(#293),#167,.F.);
#2905=ADVANCED_FACE('',(#294),#2773,.F.);
#2906=ADVANCED_FACE('',(#295),#168,.F.);
#2907=ADVANCED_FACE('',(#296),#2774,.F.);
#2908=ADVANCED_FACE('',(#297),#2775,.F.);
#2909=ADVANCED_FACE('',(#298),#2776,.F.);
#2910=ADVANCED_FACE('',(#299),#2777,.T.);
#2911=ADVANCED_FACE('',(#300),#169,.F.);
#2912=ADVANCED_FACE('',(#301),#2778,.F.);
#2913=ADVANCED_FACE('',(#302),#170,.F.);
#2914=ADVANCED_FACE('',(#303),#2779,.T.);
#2915=ADVANCED_FACE('',(#304),#2780,.F.);
#2916=ADVANCED_FACE('',(#305),#171,.F.);
#2917=ADVANCED_FACE('',(#306),#172,.F.);
#2918=ADVANCED_FACE('',(#307),#2781,.F.);
#2919=ADVANCED_FACE('',(#308),#2782,.T.);
#2920=ADVANCED_FACE('',(#309),#2783,.F.);
#2921=ADVANCED_FACE('',(#310),#2784,.T.);
#2922=ADVANCED_FACE('',(#311),#2785,.F.);
#2923=ADVANCED_FACE('',(#312),#2786,.T.);
#2924=ADVANCED_FACE('',(#313),#173,.T.);
#2925=ADVANCED_FACE('',(#314),#16,.F.);
#2926=ADVANCED_FACE('',(#315),#17,.F.);
#2927=ADVANCED_FACE('',(#316),#2787,.F.);
#2928=ADVANCED_FACE('',(#317),#2788,.T.);
#2929=ADVANCED_FACE('',(#318),#174,.F.);
#2930=ADVANCED_FACE('',(#319),#175,.T.);
#2931=ADVANCED_FACE('',(#320),#176,.T.);
#2932=ADVANCED_FACE('',(#321),#177,.F.);
#2933=ADVANCED_FACE('',(#322),#2789,.T.);
#2934=ADVANCED_FACE('',(#323),#2790,.F.);
#2935=ADVANCED_FACE('',(#324),#2791,.F.);
#2936=ADVANCED_FACE('',(#325),#2792,.F.);
#2937=ADVANCED_FACE('',(#326),#178,.F.);
#2938=ADVANCED_FACE('',(#327),#2793,.F.);
#2939=ADVANCED_FACE('',(#328),#179,.F.);
#2940=ADVANCED_FACE('',(#329),#180,.F.);
#2941=ADVANCED_FACE('',(#330),#2794,.F.);
#2942=ADVANCED_FACE('',(#331),#181,.T.);
#2943=ADVANCED_FACE('',(#332),#2795,.T.);
#2944=ADVANCED_FACE('',(#333),#182,.T.);
#2945=ADVANCED_FACE('',(#334),#2796,.T.);
#2946=ADVANCED_FACE('',(#335),#183,.F.);
#2947=ADVANCED_FACE('',(#336),#2797,.F.);
#2948=ADVANCED_FACE('',(#337),#184,.F.);
#2949=ADVANCED_FACE('',(#338),#2798,.T.);
#2950=ADVANCED_FACE('',(#339),#2799,.F.);
#2951=ADVANCED_FACE('',(#340),#185,.F.);
#2952=ADVANCED_FACE('',(#341),#186,.F.);
#2953=ADVANCED_FACE('',(#342),#18,.T.);
#2954=ADVANCED_FACE('',(#343),#19,.T.);
#2955=ADVANCED_FACE('',(#344),#20,.T.);
#2956=ADVANCED_FACE('',(#345),#187,.F.);
#2957=ADVANCED_FACE('',(#346),#21,.F.);
#2958=ADVANCED_FACE('',(#347),#22,.F.);
#2959=ADVANCED_FACE('',(#348),#23,.F.);
#2960=ADVANCED_FACE('',(#349),#24,.F.);
#2961=ADVANCED_FACE('',(#350),#188,.T.);
#2962=CLOSED_SHELL('',(#2800,#2801,#2802,#2803,#2804,#2805,#2806,#2807,
#2808,#2809,#2810,#2811,#2812,#2813,#2814,#2815,#2816,#2817,#2818,#2819,
#2820,#2821,#2822,#2823,#2824,#2825,#2826,#2827,#2828,#2829,#2830,#2831,
#2832,#2833,#2834,#2835,#2836,#2837,#2838,#2839,#2840,#2841,#2842,#2843,
#2844,#2845,#2846,#2847,#2848,#2849,#2850,#2851,#2852,#2853,#2854,#2855,
#2856,#2857,#2858,#2859,#2860,#2861,#2862,#2863,#2864,#2865,#2866,#2867,
#2868,#2869,#2870,#2871,#2872,#2873,#2874,#2875,#2876,#2877,#2878,#2879,
#2880,#2881,#2882,#2883,#2884,#2885,#2886,#2887,#2888,#2889,#2890,#2891,
#2892,#2893,#2894,#2895,#2896,#2897,#2898,#2899,#2900,#2901,#2902,#2903,
#2904,#2905,#2906,#2907,#2908,#2909,#2910,#2911,#2912,#2913,#2914,#2915,
#2916,#2917,#2918,#2919,#2920,#2921,#2922,#2923,#2924,#2925,#2926,#2927,
#2928,#2929,#2930,#2931,#2932,#2933,#2934,#2935,#2936,#2937,#2938,#2939,
#2940,#2941,#2942,#2943,#2944,#2945,#2946,#2947,#2948,#2949,#2950,#2951,
#2952,#2953,#2954,#2955,#2956,#2957,#2958,#2959,#2960,#2961));
#2963=AXIS2_PLACEMENT_3D('',#4072,#3250,#3251);
#2964=AXIS2_PLACEMENT_3D('',#4073,#3252,#3253);
#2965=AXIS2_PLACEMENT_3D('',#4076,#3254,#3255);
#2966=AXIS2_PLACEMENT_3D('',#4080,#3258,#3259);
#2967=AXIS2_PLACEMENT_3D('',#4110,#3261,#3262);
#2968=AXIS2_PLACEMENT_3D('',#4111,#3263,#3264);
#2969=AXIS2_PLACEMENT_3D('',#4113,#3265,#3266);
#2970=AXIS2_PLACEMENT_3D('',#4117,#3269,#3270);
#2971=AXIS2_PLACEMENT_3D('',#4120,#3271,#3272);
#2972=AXIS2_PLACEMENT_3D('',#4124,#3275,#3276);
#2973=AXIS2_PLACEMENT_3D('',#4154,#3278,#3279);
#2974=AXIS2_PLACEMENT_3D('',#4155,#3280,#3281);
#2975=AXIS2_PLACEMENT_3D('',#4157,#3282,#3283);
#2976=AXIS2_PLACEMENT_3D('',#4159,#3285,#3286);
#2977=AXIS2_PLACEMENT_3D('',#4162,#3287,#3288);
#2978=AXIS2_PLACEMENT_3D('',#4168,#3292,#3293);
#2979=AXIS2_PLACEMENT_3D('',#4169,#3294,#3295);
#2980=AXIS2_PLACEMENT_3D('',#4171,#3296,#3297);
#2981=AXIS2_PLACEMENT_3D('',#4174,#3299,#3300);
#2982=AXIS2_PLACEMENT_3D('',#4175,#3301,#3302);
#2983=AXIS2_PLACEMENT_3D('',#4177,#3303,#3304);
#2984=AXIS2_PLACEMENT_3D('',#4179,#3305,#3306);
#2985=AXIS2_PLACEMENT_3D('',#4180,#3307,#3308);
#2986=AXIS2_PLACEMENT_3D('',#4193,#3310,#3311);
#2987=AXIS2_PLACEMENT_3D('',#4194,#3312,#3313);
#2988=AXIS2_PLACEMENT_3D('',#4195,#3314,#3315);
#2989=AXIS2_PLACEMENT_3D('',#4237,#3317,#3318);
#2990=AXIS2_PLACEMENT_3D('',#4279,#3320,#3321);
#2991=AXIS2_PLACEMENT_3D('',#4290,#3322,#3323);
#2992=AXIS2_PLACEMENT_3D('',#4293,#3324,#3325);
#2993=AXIS2_PLACEMENT_3D('',#4297,#3327,#3328);
#2994=AXIS2_PLACEMENT_3D('',#4301,#3330,#3331);
#2995=AXIS2_PLACEMENT_3D('',#4322,#3332,#3333);
#2996=AXIS2_PLACEMENT_3D('',#4324,#3335,#3336);
#2997=AXIS2_PLACEMENT_3D('',#4327,#3337,#3338);
#2998=AXIS2_PLACEMENT_3D('',#4348,#3339,#3340);
#2999=AXIS2_PLACEMENT_3D('',#4352,#3342,#3343);
#3000=AXIS2_PLACEMENT_3D('',#4356,#3345,#3346);
#3001=AXIS2_PLACEMENT_3D('',#4358,#3348,#3349);
#3002=AXIS2_PLACEMENT_3D('',#4359,#3350,#3351);
#3003=AXIS2_PLACEMENT_3D('',#4362,#3352,#3353);
#3004=AXIS2_PLACEMENT_3D('',#4366,#3356,#3357);
#3005=AXIS2_PLACEMENT_3D('',#4380,#3359,#3360);
#3006=AXIS2_PLACEMENT_3D('',#4381,#3361,#3362);
#3007=AXIS2_PLACEMENT_3D('',#4383,#3363,#3364);
#3008=AXIS2_PLACEMENT_3D('',#4387,#3367,#3368);
#3009=AXIS2_PLACEMENT_3D('',#4390,#3369,#3370);
#3010=AXIS2_PLACEMENT_3D('',#4394,#3373,#3374);
#3011=AXIS2_PLACEMENT_3D('',#4408,#3376,#3377);
#3012=AXIS2_PLACEMENT_3D('',#4409,#3378,#3379);
#3013=AXIS2_PLACEMENT_3D('',#4411,#3380,#3381);
#3014=AXIS2_PLACEMENT_3D('',#4413,#3383,#3384);
#3015=AXIS2_PLACEMENT_3D('',#4416,#3385,#3386);
#3016=AXIS2_PLACEMENT_3D('',#4422,#3390,#3391);
#3017=AXIS2_PLACEMENT_3D('',#4423,#3392,#3393);
#3018=AXIS2_PLACEMENT_3D('',#4425,#3394,#3395);
#3019=AXIS2_PLACEMENT_3D('',#4428,#3397,#3398);
#3020=AXIS2_PLACEMENT_3D('',#4429,#3399,#3400);
#3021=AXIS2_PLACEMENT_3D('',#4431,#3401,#3402);
#3022=AXIS2_PLACEMENT_3D('',#4433,#3403,#3404);
#3023=AXIS2_PLACEMENT_3D('',#4434,#3405,#3406);
#3024=AXIS2_PLACEMENT_3D('',#4463,#3408,#3409);
#3025=AXIS2_PLACEMENT_3D('',#4464,#3410,#3411);
#3026=AXIS2_PLACEMENT_3D('',#4465,#3412,#3413);
#3027=AXIS2_PLACEMENT_3D('',#4507,#3415,#3416);
#3028=AXIS2_PLACEMENT_3D('',#4549,#3418,#3419);
#3029=AXIS2_PLACEMENT_3D('',#4576,#3420,#3421);
#3030=AXIS2_PLACEMENT_3D('',#4579,#3422,#3423);
#3031=AXIS2_PLACEMENT_3D('',#4583,#3425,#3426);
#3032=AXIS2_PLACEMENT_3D('',#4605,#3427,#3428);
#3033=AXIS2_PLACEMENT_3D('',#4609,#3430,#3431);
#3034=AXIS2_PLACEMENT_3D('',#4611,#3433,#3434);
#3035=AXIS2_PLACEMENT_3D('',#4614,#3435,#3436);
#3036=AXIS2_PLACEMENT_3D('',#4618,#3438,#3439);
#3037=AXIS2_PLACEMENT_3D('',#4622,#3441,#3442);
#3038=AXIS2_PLACEMENT_3D('',#4626,#3444,#3445);
#3039=AXIS2_PLACEMENT_3D('',#4646,#3446,#3447);
#3040=AXIS2_PLACEMENT_3D('',#4647,#3448,#3449);
#3041=AXIS2_PLACEMENT_3D('',#4658,#3456,#3457);
#3042=AXIS2_PLACEMENT_3D('',#4661,#3458,#3459);
#3043=AXIS2_PLACEMENT_3D('',#4665,#3461,#3462);
#3044=AXIS2_PLACEMENT_3D('',#4667,#3464,#3465);
#3045=AXIS2_PLACEMENT_3D('',#4670,#3466,#3467);
#3046=AXIS2_PLACEMENT_3D('',#4674,#3469,#3470);
#3047=AXIS2_PLACEMENT_3D('',#4676,#3472,#3473);
#3048=AXIS2_PLACEMENT_3D('',#4684,#3479,#3480);
#3049=AXIS2_PLACEMENT_3D('',#4692,#3486,#3487);
#3050=AXIS2_PLACEMENT_3D('',#4693,#3488,#3489);
#3051=AXIS2_PLACEMENT_3D('',#4695,#3491,#3492);
#3052=AXIS2_PLACEMENT_3D('',#4705,#3498,#3499);
#3053=AXIS2_PLACEMENT_3D('',#4709,#3502,#3503);
#3054=AXIS2_PLACEMENT_3D('',#4715,#3507,#3508);
#3055=AXIS2_PLACEMENT_3D('',#4747,#3525,#3526);
#3056=AXIS2_PLACEMENT_3D('',#4751,#3529,#3530);
#3057=AXIS2_PLACEMENT_3D('',#4759,#3535,#3536);
#3058=AXIS2_PLACEMENT_3D('',#4760,#3537,#3538);
#3059=AXIS2_PLACEMENT_3D('',#4764,#3540,#3541);
#3060=AXIS2_PLACEMENT_3D('',#4776,#3548,#3549);
#3061=AXIS2_PLACEMENT_3D('',#4780,#3552,#3553);
#3062=AXIS2_PLACEMENT_3D('',#4786,#3557,#3558);
#3063=AXIS2_PLACEMENT_3D('',#4788,#3560,#3561);
#3064=AXIS2_PLACEMENT_3D('',#4792,#3564,#3565);
#3065=AXIS2_PLACEMENT_3D('',#4793,#3566,#3567);
#3066=AXIS2_PLACEMENT_3D('',#4820,#3582,#3583);
#3067=AXIS2_PLACEMENT_3D('',#4832,#3590,#3591);
#3068=AXIS2_PLACEMENT_3D('',#4835,#3592,#3593);
#3069=AXIS2_PLACEMENT_3D('',#4843,#3598,#3599);
#3070=AXIS2_PLACEMENT_3D('',#4862,#3600,#3601);
#3071=AXIS2_PLACEMENT_3D('',#4918,#3602,#3603);
#3072=AXIS2_PLACEMENT_3D('',#4921,#3604,#3605);
#3073=AXIS2_PLACEMENT_3D('',#4929,#3610,#3611);
#3074=AXIS2_PLACEMENT_3D('',#4987,#3612,#3613);
#3075=AXIS2_PLACEMENT_3D('',#5004,#3614,#3615);
#3076=AXIS2_PLACEMENT_3D('',#5005,#3616,#3617);
#3077=AXIS2_PLACEMENT_3D('',#5007,#3618,#3619);
#3078=AXIS2_PLACEMENT_3D('',#5010,#3621,#3622);
#3079=AXIS2_PLACEMENT_3D('',#5011,#3623,#3624);
#3080=AXIS2_PLACEMENT_3D('',#5012,#3625,#3626);
#3081=AXIS2_PLACEMENT_3D('',#5014,#3627,#3628);
#3082=AXIS2_PLACEMENT_3D('',#5017,#3630,#3631);
#3083=AXIS2_PLACEMENT_3D('',#5018,#3632,#3633);
#3084=AXIS2_PLACEMENT_3D('',#5019,#3634,#3635);
#3085=AXIS2_PLACEMENT_3D('',#5020,#3636,#3637);
#3086=AXIS2_PLACEMENT_3D('',#5021,#3638,#3639);
#3087=AXIS2_PLACEMENT_3D('',#5023,#3641,#3642);
#3088=AXIS2_PLACEMENT_3D('',#5025,#3644,#3645);
#3089=AXIS2_PLACEMENT_3D('',#5037,#3652,#3653);
#3090=AXIS2_PLACEMENT_3D('',#5038,#3654,#3655);
#3091=AXIS2_PLACEMENT_3D('',#5040,#3657,#3658);
#3092=AXIS2_PLACEMENT_3D('',#5042,#3660,#3661);
#3093=AXIS2_PLACEMENT_3D('',#5043,#3662,#3663);
#3094=AXIS2_PLACEMENT_3D('',#5044,#3664,#3665);
#3095=AXIS2_PLACEMENT_3D('',#5049,#3667,#3668);
#3096=AXIS2_PLACEMENT_3D('',#5055,#3670,#3671);
#3097=AXIS2_PLACEMENT_3D('',#5065,#3674,#3675);
#3098=AXIS2_PLACEMENT_3D('',#5066,#3676,#3677);
#3099=AXIS2_PLACEMENT_3D('',#5070,#3679,#3680);
#3100=AXIS2_PLACEMENT_3D('',#5081,#3681,#3682);
#3101=AXIS2_PLACEMENT_3D('',#5094,#3683,#3684);
#3102=AXIS2_PLACEMENT_3D('',#5096,#3686,#3687);
#3103=AXIS2_PLACEMENT_3D('',#5097,#3688,#3689);
#3104=AXIS2_PLACEMENT_3D('',#5151,#3690,#3691);
#3105=AXIS2_PLACEMENT_3D('',#5153,#3692,#3693);
#3106=AXIS2_PLACEMENT_3D('',#5156,#3695,#3696);
#3107=AXIS2_PLACEMENT_3D('',#5157,#3697,#3698);
#3108=AXIS2_PLACEMENT_3D('',#5159,#3699,#3700);
#3109=AXIS2_PLACEMENT_3D('',#5160,#3701,#3702);
#3110=AXIS2_PLACEMENT_3D('',#5162,#3703,#3704);
#3111=AXIS2_PLACEMENT_3D('',#5165,#3706,#3707);
#3112=AXIS2_PLACEMENT_3D('',#5166,#3708,#3709);
#3113=AXIS2_PLACEMENT_3D('',#5168,#3710,#3711);
#3114=AXIS2_PLACEMENT_3D('',#5169,#3712,#3713);
#3115=AXIS2_PLACEMENT_3D('',#5171,#3714,#3715);
#3116=AXIS2_PLACEMENT_3D('',#5174,#3717,#3718);
#3117=AXIS2_PLACEMENT_3D('',#5175,#3719,#3720);
#3118=AXIS2_PLACEMENT_3D('',#5177,#3721,#3722);
#3119=AXIS2_PLACEMENT_3D('',#5178,#3723,#3724);
#3120=AXIS2_PLACEMENT_3D('',#5224,#3725,#3726);
#3121=AXIS2_PLACEMENT_3D('',#5227,#3728,#3729);
#3122=AXIS2_PLACEMENT_3D('',#5230,#3731,#3732);
#3123=AXIS2_PLACEMENT_3D('',#5231,#3733,#3734);
#3124=AXIS2_PLACEMENT_3D('',#5281,#3735,#3736);
#3125=AXIS2_PLACEMENT_3D('',#5283,#3738,#3739);
#3126=AXIS2_PLACEMENT_3D('',#5284,#3740,#3741);
#3127=AXIS2_PLACEMENT_3D('',#5286,#3743,#3744);
#3128=AXIS2_PLACEMENT_3D('',#5288,#3746,#3747);
#3129=AXIS2_PLACEMENT_3D('',#5289,#3748,#3749);
#3130=AXIS2_PLACEMENT_3D('',#5333,#3751,#3752);
#3131=AXIS2_PLACEMENT_3D('',#5392,#3754,#3755);
#3132=AXIS2_PLACEMENT_3D('',#5401,#3756,#3757);
#3133=AXIS2_PLACEMENT_3D('',#5402,#3758,#3759);
#3134=AXIS2_PLACEMENT_3D('',#5403,#3760,#3761);
#3135=AXIS2_PLACEMENT_3D('',#5410,#3765,#3766);
#3136=AXIS2_PLACEMENT_3D('',#5414,#3768,#3769);
#3137=AXIS2_PLACEMENT_3D('',#5418,#3772,#3773);
#3138=AXIS2_PLACEMENT_3D('',#5422,#3776,#3777);
#3139=AXIS2_PLACEMENT_3D('',#5426,#3780,#3781);
#3140=AXIS2_PLACEMENT_3D('',#5430,#3784,#3785);
#3141=AXIS2_PLACEMENT_3D('',#5434,#3788,#3789);
#3142=AXIS2_PLACEMENT_3D('',#5436,#3790,#3791);
#3143=AXIS2_PLACEMENT_3D('',#5439,#3793,#3794);
#3144=AXIS2_PLACEMENT_3D('',#5441,#3796,#3797);
#3145=AXIS2_PLACEMENT_3D('',#5443,#3799,#3800);
#3146=AXIS2_PLACEMENT_3D('',#5445,#3802,#3803);
#3147=AXIS2_PLACEMENT_3D('',#5446,#3804,#3805);
#3148=AXIS2_PLACEMENT_3D('',#5448,#3806,#3807);
#3149=AXIS2_PLACEMENT_3D('',#5451,#3809,#3810);
#3150=AXIS2_PLACEMENT_3D('',#5457,#3813,#3814);
#3151=AXIS2_PLACEMENT_3D('',#5461,#3816,#3817);
#3152=AXIS2_PLACEMENT_3D('',#5465,#3820,#3821);
#3153=AXIS2_PLACEMENT_3D('',#5469,#3824,#3825);
#3154=AXIS2_PLACEMENT_3D('',#5473,#3828,#3829);
#3155=AXIS2_PLACEMENT_3D('',#5477,#3832,#3833);
#3156=AXIS2_PLACEMENT_3D('',#5481,#3836,#3837);
#3157=AXIS2_PLACEMENT_3D('',#5483,#3838,#3839);
#3158=AXIS2_PLACEMENT_3D('',#5486,#3841,#3842);
#3159=AXIS2_PLACEMENT_3D('',#5488,#3844,#3845);
#3160=AXIS2_PLACEMENT_3D('',#5490,#3847,#3848);
#3161=AXIS2_PLACEMENT_3D('',#5492,#3850,#3851);
#3162=AXIS2_PLACEMENT_3D('',#5493,#3852,#3853);
#3163=AXIS2_PLACEMENT_3D('',#5495,#3854,#3855);
#3164=AXIS2_PLACEMENT_3D('',#5498,#3857,#3858);
#3165=AXIS2_PLACEMENT_3D('',#5501,#3860,#3861);
#3166=AXIS2_PLACEMENT_3D('',#5504,#3863,#3864);
#3167=AXIS2_PLACEMENT_3D('',#5506,#3866,#3867);
#3168=AXIS2_PLACEMENT_3D('',#5507,#3868,#3869);
#3169=AXIS2_PLACEMENT_3D('',#5509,#3871,#3872);
#3170=AXIS2_PLACEMENT_3D('',#5510,#3873,#3874);
#3171=AXIS2_PLACEMENT_3D('',#5512,#3876,#3877);
#3172=AXIS2_PLACEMENT_3D('',#5514,#3879,#3880);
#3173=AXIS2_PLACEMENT_3D('',#5515,#3881,#3882);
#3174=AXIS2_PLACEMENT_3D('',#5516,#3883,#3884);
#3175=AXIS2_PLACEMENT_3D('',#5517,#3885,#3886);
#3176=AXIS2_PLACEMENT_3D('',#5519,#3887,#3888);
#3177=AXIS2_PLACEMENT_3D('',#5521,#3890,#3891);
#3178=AXIS2_PLACEMENT_3D('',#5523,#3892,#3893);
#3179=AXIS2_PLACEMENT_3D('',#5525,#3895,#3896);
#3180=AXIS2_PLACEMENT_3D('',#5527,#3898,#3899);
#3181=AXIS2_PLACEMENT_3D('',#5531,#3901,#3902);
#3182=AXIS2_PLACEMENT_3D('',#5535,#3904,#3905);
#3183=AXIS2_PLACEMENT_3D('',#5537,#3907,#3908);
#3184=AXIS2_PLACEMENT_3D('',#5539,#3910,#3911);
#3185=AXIS2_PLACEMENT_3D('',#5543,#3913,#3914);
#3186=AXIS2_PLACEMENT_3D('',#5545,#3915,#3916);
#3187=AXIS2_PLACEMENT_3D('',#5547,#3918,#3919);
#3188=AXIS2_PLACEMENT_3D('',#5549,#3921,#3922);
#3189=AXIS2_PLACEMENT_3D('',#5553,#3925,#3926);
#3190=AXIS2_PLACEMENT_3D('',#5554,#3927,#3928);
#3191=AXIS2_PLACEMENT_3D('',#5608,#3929,#3930);
#3192=AXIS2_PLACEMENT_3D('',#5609,#3931,#3932);
#3193=AXIS2_PLACEMENT_3D('',#5611,#3933,#3934);
#3194=AXIS2_PLACEMENT_3D('',#5664,#3935,#3936);
#3195=AXIS2_PLACEMENT_3D('',#5673,#3937,#3938);
#3196=AXIS2_PLACEMENT_3D('',#5677,#3942,#3943);
#3197=AXIS2_PLACEMENT_3D('',#5679,#3945,#3946);
#3198=AXIS2_PLACEMENT_3D('',#5680,#3947,#3948);
#3199=AXIS2_PLACEMENT_3D('',#5681,#3949,#3950);
#3200=AXIS2_PLACEMENT_3D('',#5683,#3952,#3953);
#3201=AXIS2_PLACEMENT_3D('',#5684,#3954,#3955);
#3202=AXIS2_PLACEMENT_3D('',#5685,#3956,#3957);
#3203=AXIS2_PLACEMENT_3D('',#5686,#3958,#3959);
#3204=AXIS2_PLACEMENT_3D('',#5690,#3961,#3962);
#3205=AXIS2_PLACEMENT_3D('',#5693,#3964,#3965);
#3206=AXIS2_PLACEMENT_3D('',#5695,#3966,#3967);
#3207=AXIS2_PLACEMENT_3D('',#5699,#3969,#3970);
#3208=AXIS2_PLACEMENT_3D('',#5701,#3972,#3973);
#3209=AXIS2_PLACEMENT_3D('',#5705,#3975,#3976);
#3210=AXIS2_PLACEMENT_3D('',#5708,#3978,#3979);
#3211=AXIS2_PLACEMENT_3D('',#5710,#3980,#3981);
#3212=AXIS2_PLACEMENT_3D('',#5713,#3983,#3984);
#3213=AXIS2_PLACEMENT_3D('',#5714,#3985,#3986);
#3214=AXIS2_PLACEMENT_3D('',#5715,#3987,#3988);
#3215=AXIS2_PLACEMENT_3D('',#5716,#3989,#3990);
#3216=AXIS2_PLACEMENT_3D('',#5719,#3993,#3994);
#3217=AXIS2_PLACEMENT_3D('',#5720,#3995,#3996);
#3218=AXIS2_PLACEMENT_3D('',#5722,#3998,#3999);
#3219=AXIS2_PLACEMENT_3D('',#5723,#4000,#4001);
#3220=AXIS2_PLACEMENT_3D('',#5727,#4003,#4004);
#3221=AXIS2_PLACEMENT_3D('',#5728,#4005,#4006);
#3222=AXIS2_PLACEMENT_3D('',#5729,#4007,#4008);
#3223=AXIS2_PLACEMENT_3D('',#5733,#4011,#4012);
#3224=AXIS2_PLACEMENT_3D('',#5736,#4014,#4015);
#3225=AXIS2_PLACEMENT_3D('',#5737,#4016,#4017);
#3226=AXIS2_PLACEMENT_3D('',#5738,#4018,#4019);
#3227=AXIS2_PLACEMENT_3D('',#5739,#4020,#4021);
#3228=AXIS2_PLACEMENT_3D('',#5742,#4023,#4024);
#3229=AXIS2_PLACEMENT_3D('',#5743,#4025,#4026);
#3230=AXIS2_PLACEMENT_3D('',#5744,#4027,#4028);
#3231=AXIS2_PLACEMENT_3D('',#5746,#4030,#4031);
#3232=AXIS2_PLACEMENT_3D('',#5747,#4032,#4033);
#3233=AXIS2_PLACEMENT_3D('',#5748,#4034,#4035);
#3234=AXIS2_PLACEMENT_3D('',#5750,#4036,#4037);
#3235=AXIS2_PLACEMENT_3D('',#5753,#4039,#4040);
#3236=AXIS2_PLACEMENT_3D('',#5754,#4041,#4042);
#3237=AXIS2_PLACEMENT_3D('',#5758,#4044,#4045);
#3238=AXIS2_PLACEMENT_3D('',#5761,#4047,#4048);
#3239=AXIS2_PLACEMENT_3D('',#5763,#4050,#4051);
#3240=AXIS2_PLACEMENT_3D('',#5764,#4052,#4053);
#3241=AXIS2_PLACEMENT_3D('',#5765,#4054,#4055);
#3242=AXIS2_PLACEMENT_3D('',#5766,#4056,#4057);
#3243=AXIS2_PLACEMENT_3D('',#5886,#4058,#4059);
#3244=AXIS2_PLACEMENT_3D('',#5887,#4060,#4061);
#3245=AXIS2_PLACEMENT_3D('',#5916,#4062,#4063);
#3246=AXIS2_PLACEMENT_3D('',#5973,#4064,#4065);
#3247=AXIS2_PLACEMENT_3D('',#6002,#4066,#4067);
#3248=AXIS2_PLACEMENT_3D('',#6059,#4068,#4069);
#3249=AXIS2_PLACEMENT_3D('',#6060,#4070,#4071);
#3250=DIRECTION('axis',(0.,0.,1.));
#3251=DIRECTION('refdir',(1.,0.,0.));
#3252=DIRECTION('center_axis',(1.27557365116716E-16,-1.,0.));
#3253=DIRECTION('ref_axis',(1.,1.27557365116716E-16,0.));
#3254=DIRECTION('center_axis',(-1.27557365116716E-16,1.,0.));
#3255=DIRECTION('ref_axis',(0.667091908073388,8.30252638833516E-17,0.744975426563189));
#3256=DIRECTION('',(0.,0.,1.));
#3257=DIRECTION('',(-1.,-1.27557365116716E-16,0.));
#3258=DIRECTION('center_axis',(0.,0.,1.));
#3259=DIRECTION('ref_axis',(-0.707106781186551,-0.707106781186544,0.));
#3260=DIRECTION('',(0.,0.,1.));
#3261=DIRECTION('center_axis',(0.,0.,1.));
#3262=DIRECTION('ref_axis',(1.,0.,0.));
#3263=DIRECTION('center_axis',(-1.,0.,0.));
#3264=DIRECTION('ref_axis',(0.,-1.,0.));
#3265=DIRECTION('center_axis',(1.,0.,0.));
#3266=DIRECTION('ref_axis',(0.,0.996194698091746,-0.0871557427476582));
#3267=DIRECTION('',(0.,0.,1.));
#3268=DIRECTION('',(0.,1.,0.));
#3269=DIRECTION('center_axis',(0.,1.,0.));
#3270=DIRECTION('ref_axis',(-1.,0.,0.));
#3271=DIRECTION('center_axis',(0.,-1.,0.));
#3272=DIRECTION('ref_axis',(0.667091908073388,0.,0.744975426563189));
#3273=DIRECTION('',(1.,0.,0.));
#3274=DIRECTION('',(0.,0.,1.));
#3275=DIRECTION('center_axis',(0.,0.,1.));
#3276=DIRECTION('ref_axis',(-0.707106781186546,0.707106781186549,0.));
#3277=DIRECTION('',(0.,0.,1.));
#3278=DIRECTION('center_axis',(0.,0.,1.));
#3279=DIRECTION('ref_axis',(1.,0.,0.));
#3280=DIRECTION('center_axis',(0.,1.,0.));
#3281=DIRECTION('ref_axis',(-1.,0.,0.));
#3282=DIRECTION('center_axis',(0.,-1.,0.));
#3283=DIRECTION('ref_axis',(0.667091908073388,0.,0.744975426563189));
#3284=DIRECTION('',(1.,0.,0.));
#3285=DIRECTION('center_axis',(1.,0.,0.));
#3286=DIRECTION('ref_axis',(0.,1.,0.));
#3287=DIRECTION('center_axis',(-1.,0.,0.));
#3288=DIRECTION('ref_axis',(0.,0.996194698091746,-0.0871557427476582));
#3289=DIRECTION('',(0.,0.,1.));
#3290=DIRECTION('',(0.,-1.,0.));
#3291=DIRECTION('',(0.,0.,1.));
#3292=DIRECTION('center_axis',(0.,0.,1.));
#3293=DIRECTION('ref_axis',(1.,0.,0.));
#3294=DIRECTION('center_axis',(0.,0.,1.));
#3295=DIRECTION('ref_axis',(-0.0781028426585974,0.996945307410916,0.));
#3296=DIRECTION('center_axis',(0.,0.,1.));
#3297=DIRECTION('ref_axis',(-0.0781028426585974,0.996945307410916,0.));
#3298=DIRECTION('',(-1.,0.,0.));
#3299=DIRECTION('center_axis',(0.,0.,1.));
#3300=DIRECTION('ref_axis',(1.,0.,0.));
#3301=DIRECTION('center_axis',(0.,0.,1.));
#3302=DIRECTION('ref_axis',(1.,0.,0.));
#3303=DIRECTION('center_axis',(0.,0.,-1.));
#3304=DIRECTION('ref_axis',(1.,0.,0.));
#3305=DIRECTION('center_axis',(0.,0.,-1.));
#3306=DIRECTION('ref_axis',(1.,0.,0.));
#3307=DIRECTION('center_axis',(0.,0.,1.));
#3308=DIRECTION('ref_axis',(1.,0.,0.));
#3309=DIRECTION('',(0.,0.,1.));
#3310=DIRECTION('center_axis',(0.,-1.,0.));
#3311=DIRECTION('ref_axis',(1.,0.,0.));
#3312=DIRECTION('center_axis',(0.,1.,0.));
#3313=DIRECTION('ref_axis',(0.667091908073388,0.,0.744975426563189));
#3314=DIRECTION('center_axis',(0.,0.,1.));
#3315=DIRECTION('ref_axis',(1.,0.,0.));
#3316=DIRECTION('',(0.,0.,-1.));
#3317=DIRECTION('center_axis',(0.,0.,1.));
#3318=DIRECTION('ref_axis',(1.,0.,0.));
#3319=DIRECTION('',(0.,0.,-1.));
#3320=DIRECTION('center_axis',(0.,0.,1.));
#3321=DIRECTION('ref_axis',(1.,0.,0.));
#3322=DIRECTION('center_axis',(-0.0778074404557644,0.993174640046087,-0.0868915219054728));
#3323=DIRECTION('ref_axis',(0.66655032092269,0.1166350633391,0.736279112618132));
#3324=DIRECTION('center_axis',(-0.0778074404557666,0.993174640046086,-0.0868915219054727));
#3325=DIRECTION('ref_axis',(1.11022302462516E-16,0.0871557427476581,0.996194698091746));
#3326=DIRECTION('',(-0.0778074404557644,0.993174640046086,-0.0868915219054727));
#3327=DIRECTION('center_axis',(0.0054198918727363,-0.99230685125947,-0.123684023687796));
#3328=DIRECTION('ref_axis',(0.32772711995883,-0.115092132373856,0.937735962789702));
#3329=DIRECTION('',(0.0778074404557644,-0.993174640046086,0.0868915219054727));
#3330=DIRECTION('center_axis',(0.,-0.886569132613656,0.462596123088672));
#3331=DIRECTION('ref_axis',(-0.19938415041941,0.453307843022535,0.868768070324748));
#3332=DIRECTION('center_axis',(0.,0.954003901248399,0.299794190075185));
#3333=DIRECTION('ref_axis',(0.200269441580803,-0.293720617303624,0.934676601686215));
#3334=DIRECTION('',(0.0778074404557644,-0.993174640046086,0.0868915219054727));
#3335=DIRECTION('center_axis',(-0.0778074404557644,0.993174640046087,-0.0868915219054728));
#3336=DIRECTION('ref_axis',(0.66655032092269,0.1166350633391,0.736279112618132));
#3337=DIRECTION('center_axis',(0.,-0.954003901248399,-0.299794190075185));
#3338=DIRECTION('ref_axis',(0.200269441580803,-0.293720617303624,0.934676601686215));
#3339=DIRECTION('center_axis',(0.,0.886569132613656,-0.462596123088672));
#3340=DIRECTION('ref_axis',(-0.199384150419411,0.453307843022535,0.868768070324748));
#3341=DIRECTION('',(0.0778074404557644,-0.993174640046086,0.0868915219054727));
#3342=DIRECTION('center_axis',(0.,-1.,0.));
#3343=DIRECTION('ref_axis',(0.667091908073388,0.,0.744975426563189));
#3344=DIRECTION('',(-0.0778074404557644,0.993174640046086,-0.0868915219054727));
#3345=DIRECTION('center_axis',(0.,-1.,0.));
#3346=DIRECTION('ref_axis',(0.667091908073388,0.,0.744975426563189));
#3347=DIRECTION('',(0.0778074404557644,-0.993174640046086,0.0868915219054727));
#3348=DIRECTION('center_axis',(-0.0778074404557644,0.993174640046087,-0.0868915219054728));
#3349=DIRECTION('ref_axis',(0.66655032092269,0.1166350633391,0.736279112618132));
#3350=DIRECTION('center_axis',(0.,1.,0.));
#3351=DIRECTION('ref_axis',(-1.,0.,0.));
#3352=DIRECTION('center_axis',(0.,-1.,0.));
#3353=DIRECTION('ref_axis',(-0.667091908073388,0.,0.744975426563189));
#3354=DIRECTION('',(0.,0.,1.));
#3355=DIRECTION('',(1.,0.,0.));
#3356=DIRECTION('center_axis',(0.,0.,1.));
#3357=DIRECTION('ref_axis',(1.,0.,0.));
#3358=DIRECTION('',(0.,0.,1.));
#3359=DIRECTION('center_axis',(0.,0.,1.));
#3360=DIRECTION('ref_axis',(1.,0.,0.));
#3361=DIRECTION('center_axis',(-1.,0.,0.));
#3362=DIRECTION('ref_axis',(0.,-1.,0.));
#3363=DIRECTION('center_axis',(1.,0.,0.));
#3364=DIRECTION('ref_axis',(0.,0.996194698091746,-0.0871557427476582));
#3365=DIRECTION('',(0.,0.,1.));
#3366=DIRECTION('',(0.,1.,0.));
#3367=DIRECTION('center_axis',(1.27557365116716E-16,-1.,0.));
#3368=DIRECTION('ref_axis',(1.,1.27557365116716E-16,0.));
#3369=DIRECTION('center_axis',(-1.27557365116716E-16,1.,0.));
#3370=DIRECTION('ref_axis',(-0.667091908073388,-8.30252638833516E-17,0.744975426563189));
#3371=DIRECTION('',(-1.,-1.27557365116716E-16,0.));
#3372=DIRECTION('',(0.,0.,1.));
#3373=DIRECTION('center_axis',(0.,0.,1.));
#3374=DIRECTION('ref_axis',(1.,0.,0.));
#3375=DIRECTION('',(0.,0.,1.));
#3376=DIRECTION('center_axis',(0.,0.,1.));
#3377=DIRECTION('ref_axis',(1.,0.,0.));
#3378=DIRECTION('center_axis',(0.,-1.,0.));
#3379=DIRECTION('ref_axis',(1.,0.,0.));
#3380=DIRECTION('center_axis',(0.,1.,0.));
#3381=DIRECTION('ref_axis',(-0.667091908073388,0.,0.744975426563189));
#3382=DIRECTION('',(-1.,0.,0.));
#3383=DIRECTION('center_axis',(1.,0.,0.));
#3384=DIRECTION('ref_axis',(0.,1.,0.));
#3385=DIRECTION('center_axis',(-1.,0.,0.));
#3386=DIRECTION('ref_axis',(0.,0.996194698091746,-0.0871557427476582));
#3387=DIRECTION('',(0.,0.,1.));
#3388=DIRECTION('',(0.,-1.,0.));
#3389=DIRECTION('',(0.,0.,1.));
#3390=DIRECTION('center_axis',(0.,0.,1.));
#3391=DIRECTION('ref_axis',(1.,0.,0.));
#3392=DIRECTION('center_axis',(0.,0.,1.));
#3393=DIRECTION('ref_axis',(0.0781028426585974,0.996945307410916,0.));
#3394=DIRECTION('center_axis',(0.,0.,1.));
#3395=DIRECTION('ref_axis',(0.0781028426585974,0.996945307410916,0.));
#3396=DIRECTION('',(1.,0.,0.));
#3397=DIRECTION('center_axis',(0.,0.,1.));
#3398=DIRECTION('ref_axis',(1.,0.,0.));
#3399=DIRECTION('center_axis',(0.,0.,1.));
#3400=DIRECTION('ref_axis',(1.,0.,0.));
#3401=DIRECTION('center_axis',(0.,0.,-1.));
#3402=DIRECTION('ref_axis',(1.,0.,0.));
#3403=DIRECTION('center_axis',(0.,0.,-1.));
#3404=DIRECTION('ref_axis',(1.,0.,0.));
#3405=DIRECTION('center_axis',(0.,0.,1.));
#3406=DIRECTION('ref_axis',(1.,0.,0.));
#3407=DIRECTION('',(0.,0.,1.));
#3408=DIRECTION('center_axis',(0.,1.,0.));
#3409=DIRECTION('ref_axis',(-1.,0.,0.));
#3410=DIRECTION('center_axis',(0.,-1.,0.));
#3411=DIRECTION('ref_axis',(-0.667091908073388,0.,0.744975426563189));
#3412=DIRECTION('center_axis',(0.,0.,1.));
#3413=DIRECTION('ref_axis',(1.,0.,0.));
#3414=DIRECTION('',(0.,0.,-1.));
#3415=DIRECTION('center_axis',(0.,0.,1.));
#3416=DIRECTION('ref_axis',(1.,0.,0.));
#3417=DIRECTION('',(0.,0.,-1.));
#3418=DIRECTION('center_axis',(0.,0.,1.));
#3419=DIRECTION('ref_axis',(1.,0.,0.));
#3420=DIRECTION('center_axis',(-0.0778074404557644,-0.993174640046087,0.0868915219054728));
#3421=DIRECTION('ref_axis',(-0.66655032092269,0.1166350633391,0.736279112618132));
#3422=DIRECTION('center_axis',(0.0778074404557663,0.993174640046086,-0.0868915219054727));
#3423=DIRECTION('ref_axis',(-0.991350645834256,0.0863138989863356,0.0988625704995583));
#3424=DIRECTION('',(-0.0778074404557644,-0.993174640046086,0.0868915219054727));
#3425=DIRECTION('center_axis',(0.,0.954003901248399,0.299794190075185));
#3426=DIRECTION('ref_axis',(-0.200269441580803,-0.293720617303624,0.934676601686215));
#3427=DIRECTION('center_axis',(0.,-0.886569132613656,0.462596123088672));
#3428=DIRECTION('ref_axis',(0.19938415041941,0.453307843022535,0.868768070324748));
#3429=DIRECTION('',(-0.0778074404557644,-0.993174640046086,0.0868915219054727));
#3430=DIRECTION('center_axis',(-0.0054198918727363,-0.99230685125947,-0.123684023687796));
#3431=DIRECTION('ref_axis',(-0.32772711995883,-0.115092132373856,0.937735962789702));
#3432=DIRECTION('',(0.0778074404557644,0.993174640046086,-0.0868915219054727));
#3433=DIRECTION('center_axis',(-0.0778074404557644,-0.993174640046087,0.0868915219054728));
#3434=DIRECTION('ref_axis',(-0.66655032092269,0.1166350633391,0.736279112618132));
#3435=DIRECTION('center_axis',(0.,-0.954003901248399,-0.299794190075185));
#3436=DIRECTION('ref_axis',(-0.200269441580803,-0.293720617303624,0.934676601686215));
#3437=DIRECTION('',(-0.0778074404557644,-0.993174640046086,0.0868915219054727));
#3438=DIRECTION('center_axis',(0.,-1.,0.));
#3439=DIRECTION('ref_axis',(-0.667091908073388,0.,0.744975426563189));
#3440=DIRECTION('',(0.0778074404557644,0.993174640046086,-0.0868915219054727));
#3441=DIRECTION('center_axis',(0.,-1.,0.));
#3442=DIRECTION('ref_axis',(-0.667091908073388,0.,0.744975426563189));
#3443=DIRECTION('',(-0.0778074404557644,-0.993174640046086,0.0868915219054727));
#3444=DIRECTION('center_axis',(0.,0.886569132613656,-0.462596123088672));
#3445=DIRECTION('ref_axis',(0.199384150419411,0.453307843022535,0.868768070324748));
#3446=DIRECTION('center_axis',(-0.0778074404557644,-0.993174640046087,0.0868915219054728));
#3447=DIRECTION('ref_axis',(-0.66655032092269,0.1166350633391,0.736279112618132));
#3448=DIRECTION('center_axis',(0.,0.954003901248399,0.299794190075185));
#3449=DIRECTION('ref_axis',(0.,-0.299794190075185,0.954003901248398));
#3450=DIRECTION('',(-1.,0.,0.));
#3451=DIRECTION('',(-0.0688720632921741,-0.29908232886816,0.95173861929454));
#3452=DIRECTION('',(-1.,0.,0.));
#3453=DIRECTION('',(-0.0688720632921741,-0.29908232886816,0.95173861929454));
#3454=DIRECTION('',(-1.,0.,0.));
#3455=DIRECTION('',(0.0688720632921741,0.29908232886816,-0.95173861929454));
#3456=DIRECTION('center_axis',(1.,0.,0.));
#3457=DIRECTION('ref_axis',(0.,1.,0.));
#3458=DIRECTION('center_axis',(0.991350645834256,0.0863138989863336,0.0988625704995579));
#3459=DIRECTION('ref_axis',(-0.131239845336708,0.651992078206458,0.746781382301421));
#3460=DIRECTION('',(1.,0.,0.));
#3461=DIRECTION('center_axis',(-0.991350645834256,-0.0863138989863336,-0.0988625704995579));
#3462=DIRECTION('ref_axis',(-0.131239845336708,0.651992078206458,0.746781382301421));
#3463=DIRECTION('',(1.,0.,0.));
#3464=DIRECTION('center_axis',(1.,0.,0.));
#3465=DIRECTION('ref_axis',(0.,1.,0.));
#3466=DIRECTION('center_axis',(-0.991350645834256,0.0863138989863336,0.0988625704995579));
#3467=DIRECTION('ref_axis',(0.131239845336708,0.651992078206458,0.746781382301421));
#3468=DIRECTION('',(1.,0.,0.));
#3469=DIRECTION('center_axis',(0.991350645834256,-0.0863138989863336,-0.0988625704995579));
#3470=DIRECTION('ref_axis',(0.131239845336708,0.651992078206458,0.746781382301421));
#3471=DIRECTION('',(1.,0.,0.));
#3472=DIRECTION('center_axis',(0.,-0.886569132613656,0.462596123088672));
#3473=DIRECTION('ref_axis',(0.,-0.462596123088672,-0.886569132613656));
#3474=DIRECTION('',(-0.12763749367236,0.458812496732683,0.879317782744646));
#3475=DIRECTION('',(0.12763749367236,-0.458812496732683,-0.879317782744646));
#3476=DIRECTION('',(1.,0.,0.));
#3477=DIRECTION('',(0.12763749367236,-0.458812496732683,-0.879317782744646));
#3478=DIRECTION('',(1.,0.,0.));
#3479=DIRECTION('center_axis',(0.,-0.886569132613656,0.462596123088672));
#3480=DIRECTION('ref_axis',(0.,-0.462596123088672,-0.886569132613656));
#3481=DIRECTION('',(1.,0.,0.));
#3482=DIRECTION('',(0.12763749367236,0.458812496732683,0.879317782744646));
#3483=DIRECTION('',(1.,0.,0.));
#3484=DIRECTION('',(0.12763749367236,0.458812496732683,0.879317782744646));
#3485=DIRECTION('',(-0.12763749367236,-0.458812496732683,-0.879317782744646));
#3486=DIRECTION('center_axis',(1.,0.,0.));
#3487=DIRECTION('ref_axis',(0.,1.,0.));
#3488=DIRECTION('center_axis',(1.,0.,0.));
#3489=DIRECTION('ref_axis',(0.,1.,0.));
#3490=DIRECTION('',(-1.,0.,0.));
#3491=DIRECTION('center_axis',(0.,0.954003901248399,0.299794190075185));
#3492=DIRECTION('ref_axis',(0.,-0.299794190075185,0.954003901248398));
#3493=DIRECTION('',(0.0688720632921741,-0.29908232886816,0.95173861929454));
#3494=DIRECTION('',(-1.,0.,0.));
#3495=DIRECTION('',(-0.0688720632921741,0.29908232886816,-0.95173861929454));
#3496=DIRECTION('',(-1.,0.,0.));
#3497=DIRECTION('',(-0.0688720632921741,0.29908232886816,-0.95173861929454));
#3498=DIRECTION('center_axis',(-0.991350645834256,0.0863138989863336,0.0988625704995579));
#3499=DIRECTION('ref_axis',(-0.0859399076705202,-0.996267854450598,0.00804328651637889));
#3500=DIRECTION('',(0.0867388241198142,0.996231085838176,0.));
#3501=DIRECTION('',(-0.0863138989863336,0.138653705761121,-0.986572379869052));
#3502=DIRECTION('center_axis',(-0.991350645834256,0.0863138989863336,0.0988625704995579));
#3503=DIRECTION('ref_axis',(-0.0859399076705202,-0.996267854450598,0.00804328651637889));
#3504=DIRECTION('',(0.0867388241198142,0.996231085838176,0.));
#3505=DIRECTION('',(0.0992329085600581,0.,0.995064234036533));
#3506=DIRECTION('',(0.0867388241198142,0.996231085838176,0.));
#3507=DIRECTION('center_axis',(-0.991350645834256,0.0863138989863336,0.0988625704995579));
#3508=DIRECTION('ref_axis',(-0.0859399076705202,-0.996267854450598,0.00804328651637889));
#3509=DIRECTION('',(-0.0992329085600581,0.,-0.995064234036533));
#3510=DIRECTION('',(0.0867388241198142,0.996231085838176,0.));
#3511=DIRECTION('',(-0.0992329085600581,0.,-0.995064234036533));
#3512=DIRECTION('',(-0.0778074404557644,-0.993174640046086,0.0868915219054727));
#3513=DIRECTION('',(0.102165569376658,0.0347168818825295,0.994161422781179));
#3514=DIRECTION('',(-0.0867388241198142,-0.996231085838176,0.));
#3515=DIRECTION('',(-0.0961778439663215,0.0347377084181147,-0.994757816729202));
#3516=DIRECTION('',(-0.0778074404557644,-0.993174640046086,0.0868915219054727));
#3517=DIRECTION('',(-0.0992329085600581,0.,-0.995064234036533));
#3518=DIRECTION('',(-0.0867388241198142,-0.996231085838176,0.));
#3519=DIRECTION('',(-0.0992329085600581,0.,-0.995064234036533));
#3520=DIRECTION('',(-0.0778074404557644,-0.993174640046086,0.0868915219054727));
#3521=DIRECTION('',(0.0992329085600581,0.,0.995064234036533));
#3522=DIRECTION('',(0.0867388241198142,0.996231085838176,0.));
#3523=DIRECTION('',(0.0992329085600581,0.,0.995064234036533));
#3524=DIRECTION('',(0.0867388241198142,0.996231085838176,0.));
#3525=DIRECTION('center_axis',(-0.991350645834256,-0.0863138989863336,-0.0988625704995579));
#3526=DIRECTION('ref_axis',(0.0859399076705202,-0.996267854450598,0.00804328651637889));
#3527=DIRECTION('',(-0.0867388241198142,0.996231085838176,0.));
#3528=DIRECTION('',(0.0828056999181992,0.173051819616115,-0.981425638440635));
#3529=DIRECTION('center_axis',(0.,0.,1.));
#3530=DIRECTION('ref_axis',(1.,0.,0.));
#3531=DIRECTION('',(1.,0.,0.));
#3532=DIRECTION('',(-1.,0.,0.));
#3533=DIRECTION('',(0.0867388241198142,0.996231085838176,0.));
#3534=DIRECTION('',(-1.,0.,0.));
#3535=DIRECTION('center_axis',(0.,0.,1.));
#3536=DIRECTION('ref_axis',(0.528480558515796,-0.848945404175576,0.));
#3537=DIRECTION('center_axis',(0.,0.,1.));
#3538=DIRECTION('ref_axis',(1.,0.,0.));
#3539=DIRECTION('',(-0.0867388241198142,0.996231085838176,0.));
#3540=DIRECTION('center_axis',(0.,0.,1.));
#3541=DIRECTION('ref_axis',(-0.5284805585158,-0.848945404175574,0.));
#3542=DIRECTION('',(-1.,0.,0.));
#3543=DIRECTION('',(0.0867388241198142,-0.996231085838176,0.));
#3544=DIRECTION('',(-1.,0.,0.));
#3545=DIRECTION('',(0.0867388241198142,-0.996231085838176,0.));
#3546=DIRECTION('',(1.,0.,0.));
#3547=DIRECTION('',(0.0867388241198142,-0.996231085838176,0.));
#3548=DIRECTION('center_axis',(-0.991350645834256,-0.0863138989863336,-0.0988625704995579));
#3549=DIRECTION('ref_axis',(0.0859399076705202,-0.996267854450598,0.00804328651637889));
#3550=DIRECTION('',(0.0992329085600581,0.,-0.995064234036533));
#3551=DIRECTION('',(0.0867388241198142,-0.996231085838176,0.));
#3552=DIRECTION('center_axis',(-0.991350645834256,-0.0863138989863336,-0.0988625704995579));
#3553=DIRECTION('ref_axis',(0.0859399076705202,-0.996267854450598,0.00804328651637889));
#3554=DIRECTION('',(0.0867388241198142,-0.996231085838176,0.));
#3555=DIRECTION('',(0.0828056999181992,0.173051819616115,-0.981425638440635));
#3556=DIRECTION('',(0.0867388241198142,-0.996231085838176,0.));
#3557=DIRECTION('center_axis',(0.,0.,1.));
#3558=DIRECTION('ref_axis',(1.,0.,0.));
#3559=DIRECTION('',(1.,0.,0.));
#3560=DIRECTION('center_axis',(0.,0.,1.));
#3561=DIRECTION('ref_axis',(1.,0.,0.));
#3562=DIRECTION('',(1.,0.,0.));
#3563=DIRECTION('',(0.0867388241198142,-0.996231085838176,0.));
#3564=DIRECTION('center_axis',(-0.0778074404557644,0.993174640046087,-0.0868915219054728));
#3565=DIRECTION('ref_axis',(0.66655032092269,0.1166350633391,0.736279112618132));
#3566=DIRECTION('center_axis',(-0.991350645834256,-0.0863138989863336,-0.0988625704995579));
#3567=DIRECTION('ref_axis',(0.0859399076705202,-0.996267854450598,0.00804328651637889));
#3568=DIRECTION('',(0.0992329085600581,0.,-0.995064234036533));
#3569=DIRECTION('',(0.0992329085600581,0.,-0.995064234036533));
#3570=DIRECTION('',(0.0778074404557644,-0.993174640046086,0.0868915219054727));
#3571=DIRECTION('',(-0.0992329085600581,0.,0.995064234036533));
#3572=DIRECTION('',(-0.0867388241198142,0.996231085838176,0.));
#3573=DIRECTION('',(-0.0992329085600581,0.,0.995064234036533));
#3574=DIRECTION('',(0.0778074404557644,-0.993174640046086,0.0868915219054727));
#3575=DIRECTION('',(-0.0961778439663215,-0.0347377084181147,0.994757816729202));
#3576=DIRECTION('',(-0.0867388241198142,0.996231085838176,0.));
#3577=DIRECTION('',(0.102165569376658,-0.0347168818825295,-0.994161422781179));
#3578=DIRECTION('',(0.0778074404557644,-0.993174640046086,0.0868915219054727));
#3579=DIRECTION('',(-0.0992329085600581,0.,0.995064234036533));
#3580=DIRECTION('',(0.0867388241198142,-0.996231085838176,0.));
#3581=DIRECTION('',(-0.0992329085600581,0.,0.995064234036533));
#3582=DIRECTION('center_axis',(-0.991350645834256,-0.0863138989863336,-0.0988625704995579));
#3583=DIRECTION('ref_axis',(0.0859399076705202,-0.996267854450598,0.00804328651637889));
#3584=DIRECTION('',(-0.0992329085600581,0.,0.995064234036533));
#3585=DIRECTION('',(0.0867388241198142,-0.996231085838176,0.));
#3586=DIRECTION('',(-0.0992329085600581,0.,0.995064234036533));
#3587=DIRECTION('',(0.0778074404557644,-0.993174640046086,0.0868915219054727));
#3588=DIRECTION('',(0.0828056999181992,0.173051819616115,-0.981425638440635));
#3589=DIRECTION('',(0.0867388241198142,-0.996231085838176,0.));
#3590=DIRECTION('center_axis',(-0.991350645834256,0.0863138989863336,0.0988625704995579));
#3591=DIRECTION('ref_axis',(-0.0859399076705202,-0.996267854450598,0.00804328651637889));
#3592=DIRECTION('center_axis',(-0.991350645834256,0.0863138989863336,0.0988625704995579));
#3593=DIRECTION('ref_axis',(0.0984899659575277,-0.00857522311459483,0.995101096449109));
#3594=DIRECTION('',(-0.0778074404557644,-0.993174640046086,0.0868915219054727));
#3595=DIRECTION('',(-0.0992329085600581,0.,-0.995064234036533));
#3596=DIRECTION('',(-0.0867388241198142,-0.996231085838176,0.));
#3597=DIRECTION('',(-0.0992329085600581,0.,-0.995064234036533));
#3598=DIRECTION('center_axis',(0.,0.,1.));
#3599=DIRECTION('ref_axis',(1.,0.,0.));
#3600=DIRECTION('center_axis',(0.,0.,1.));
#3601=DIRECTION('ref_axis',(1.,0.,0.));
#3602=DIRECTION('center_axis',(-0.991350645834256,-0.0863138989863336,-0.0988625704995579));
#3603=DIRECTION('ref_axis',(0.0859399076705202,-0.996267854450598,0.00804328651637889));
#3604=DIRECTION('center_axis',(0.991350645834256,0.0863138989863336,0.0988625704995579));
#3605=DIRECTION('ref_axis',(-0.0984899659575283,-0.00857522311458971,0.995101096449109));
#3606=DIRECTION('',(-0.0992329085600581,0.,0.995064234036533));
#3607=DIRECTION('',(-0.0867388241198142,0.996231085838176,0.));
#3608=DIRECTION('',(-0.0992329085600581,0.,0.995064234036533));
#3609=DIRECTION('',(0.0778074404557644,-0.993174640046086,0.0868915219054727));
#3610=DIRECTION('center_axis',(0.,0.,1.));
#3611=DIRECTION('ref_axis',(-1.,-1.22464679914735E-16,0.));
#3612=DIRECTION('center_axis',(0.,0.,1.));
#3613=DIRECTION('ref_axis',(1.,0.,0.));
#3614=DIRECTION('center_axis',(-0.0778074404557644,0.993174640046087,-0.0868915219054728));
#3615=DIRECTION('ref_axis',(0.66655032092269,0.1166350633391,0.736279112618132));
#3616=DIRECTION('center_axis',(0.,-0.999390827019096,0.034899496702501));
#3617=DIRECTION('ref_axis',(0.830541322240408,0.0194375193672346,0.556617727791708));
#3618=DIRECTION('center_axis',(0.,-1.,0.));
#3619=DIRECTION('ref_axis',(0.667091908073388,0.,0.744975426563189));
#3620=DIRECTION('',(-0.0778074404557644,0.993174640046086,-0.0868915219054727));
#3621=DIRECTION('center_axis',(0.,-1.,0.));
#3622=DIRECTION('ref_axis',(0.667091908073388,0.,0.744975426563189));
#3623=DIRECTION('center_axis',(-0.0778074404557644,-0.993174640046087,0.0868915219054728));
#3624=DIRECTION('ref_axis',(-0.66655032092269,0.1166350633391,0.736279112618132));
#3625=DIRECTION('center_axis',(0.,-0.999390827019096,0.034899496702501));
#3626=DIRECTION('ref_axis',(-0.830541322240408,0.0194375193672346,0.556617727791708));
#3627=DIRECTION('center_axis',(0.,-1.,0.));
#3628=DIRECTION('ref_axis',(-0.667091908073388,0.,0.744975426563189));
#3629=DIRECTION('',(0.0778074404557644,0.993174640046086,-0.0868915219054727));
#3630=DIRECTION('center_axis',(0.,-1.,0.));
#3631=DIRECTION('ref_axis',(-0.667091908073388,0.,0.744975426563189));
#3632=DIRECTION('center_axis',(-0.0778074404557644,-0.993174640046087,0.0868915219054728));
#3633=DIRECTION('ref_axis',(-0.66655032092269,0.1166350633391,0.736279112618132));
#3634=DIRECTION('center_axis',(0.,0.999390827019096,0.034899496702501));
#3635=DIRECTION('ref_axis',(-0.539287303852852,-0.0293896285957177,0.841608848357791));
#3636=DIRECTION('center_axis',(0.,-1.,0.));
#3637=DIRECTION('ref_axis',(-0.667091908073388,0.,0.744975426563189));
#3638=DIRECTION('center_axis',(0.,0.999390827019096,-0.034899496702501));
#3639=DIRECTION('ref_axis',(-1.,0.,0.));
#3640=DIRECTION('',(1.,0.,0.));
#3641=DIRECTION('center_axis',(0.,-0.999390827019096,-0.034899496702501));
#3642=DIRECTION('ref_axis',(1.,0.,0.));
#3643=DIRECTION('',(-1.,0.,0.));
#3644=DIRECTION('center_axis',(-0.991350645834256,0.0863138989863336,0.0988625704995579));
#3645=DIRECTION('ref_axis',(-0.0859399076705202,-0.996267854450598,0.00804328651637889));
#3646=DIRECTION('',(0.0867388241198142,0.996231085838176,0.));
#3647=DIRECTION('',(0.0828056999181992,-0.173051819616115,0.981425638440635));
#3648=DIRECTION('',(-0.0778074404557644,-0.993174640046086,0.0868915219054727));
#3649=DIRECTION('',(-0.0992329085600581,0.,-0.995064234036533));
#3650=DIRECTION('',(0.0867388241198142,0.996231085838176,0.));
#3651=DIRECTION('',(-0.0992329085600581,0.,-0.995064234036533));
#3652=DIRECTION('center_axis',(0.,-0.999390827019096,-0.034899496702501));
#3653=DIRECTION('ref_axis',(1.,0.,0.));
#3654=DIRECTION('center_axis',(0.,0.999390827019096,0.034899496702501));
#3655=DIRECTION('ref_axis',(0.539287303852852,-0.0293896285957177,0.841608848357791));
#3656=DIRECTION('',(1.,0.,0.));
#3657=DIRECTION('center_axis',(0.,0.999390827019096,-0.034899496702501));
#3658=DIRECTION('ref_axis',(-1.,0.,0.));
#3659=DIRECTION('',(-1.,0.,0.));
#3660=DIRECTION('center_axis',(-0.0778074404557644,0.993174640046087,-0.0868915219054728));
#3661=DIRECTION('ref_axis',(0.66655032092269,0.1166350633391,0.736279112618132));
#3662=DIRECTION('center_axis',(0.,-1.,0.));
#3663=DIRECTION('ref_axis',(0.667091908073388,0.,0.744975426563189));
#3664=DIRECTION('center_axis',(0.999390827019096,0.,-0.034899496702501));
#3665=DIRECTION('ref_axis',(0.,1.,0.));
#3666=DIRECTION('',(0.0343699260770903,-0.173545582773559,0.984225908458643));
#3667=DIRECTION('center_axis',(0.999390827019096,0.,-0.034899496702501));
#3668=DIRECTION('ref_axis',(0.034899496702501,9.68899941110679E-15,0.999390827019096));
#3669=DIRECTION('',(0.,-1.,0.));
#3670=DIRECTION('center_axis',(-0.999390827019096,0.,-0.034899496702501));
#3671=DIRECTION('ref_axis',(0.,-1.,0.));
#3672=DIRECTION('',(0.0343699260770903,0.173545582773559,-0.984225908458643));
#3673=DIRECTION('',(0.,1.,0.));
#3674=DIRECTION('center_axis',(-0.999390827019096,0.,-0.034899496702501));
#3675=DIRECTION('ref_axis',(-0.034899496702501,9.68899941110679E-15,0.999390827019096));
#3676=DIRECTION('center_axis',(1.,9.59675196041156E-17,-8.39607003206198E-18));
#3677=DIRECTION('ref_axis',(-7.46349597834159E-17,0.67559020761566,0.737277336810124));
#3678=DIRECTION('',(-1.,-9.59675196041156E-17,8.39607003206198E-18));
#3679=DIRECTION('center_axis',(0.997906184251245,0.0112312218679794,-0.0636954243919634));
#3680=DIRECTION('ref_axis',(0.064678028982956,-0.173284590377788,0.982745747029455));
#3681=DIRECTION('center_axis',(1.,9.59675196041156E-17,-8.39607003206198E-18));
#3682=DIRECTION('ref_axis',(-7.46349597834159E-17,0.67559020761566,0.737277336810124));
#3683=DIRECTION('center_axis',(-0.997906184251245,0.0112312218679791,-0.0636954243919633));
#3684=DIRECTION('ref_axis',(-0.0646780289829559,-0.173284590377789,0.982745747029455));
#3685=DIRECTION('',(-1.,-9.59675196041156E-17,8.39607003206198E-18));
#3686=DIRECTION('center_axis',(0.,0.,1.));
#3687=DIRECTION('ref_axis',(-1.83697019872103E-16,-1.,0.));
#3688=DIRECTION('center_axis',(0.,0.,1.));
#3689=DIRECTION('ref_axis',(1.,0.,0.));
#3690=DIRECTION('center_axis',(0.,0.,1.));
#3691=DIRECTION('ref_axis',(1.,0.,0.));
#3692=DIRECTION('center_axis',(0.,0.,1.));
#3693=DIRECTION('ref_axis',(1.,0.,0.));
#3694=DIRECTION('',(0.,0.,1.));
#3695=DIRECTION('center_axis',(0.,0.,1.));
#3696=DIRECTION('ref_axis',(1.,0.,0.));
#3697=DIRECTION('center_axis',(0.,0.,1.));
#3698=DIRECTION('ref_axis',(1.,0.,0.));
#3699=DIRECTION('center_axis',(0.,0.,-1.));
#3700=DIRECTION('ref_axis',(1.,0.,0.));
#3701=DIRECTION('center_axis',(0.,0.,1.));
#3702=DIRECTION('ref_axis',(1.,0.,0.));
#3703=DIRECTION('center_axis',(0.,0.,1.));
#3704=DIRECTION('ref_axis',(1.,0.,0.));
#3705=DIRECTION('',(0.,0.,1.));
#3706=DIRECTION('center_axis',(0.,0.,1.));
#3707=DIRECTION('ref_axis',(1.,0.,0.));
#3708=DIRECTION('center_axis',(0.,0.,1.));
#3709=DIRECTION('ref_axis',(1.,0.,0.));
#3710=DIRECTION('center_axis',(0.,0.,-1.));
#3711=DIRECTION('ref_axis',(1.,0.,0.));
#3712=DIRECTION('center_axis',(0.,0.,1.));
#3713=DIRECTION('ref_axis',(1.,0.,0.));
#3714=DIRECTION('center_axis',(0.,0.,1.));
#3715=DIRECTION('ref_axis',(1.,0.,0.));
#3716=DIRECTION('',(0.,0.,1.));
#3717=DIRECTION('center_axis',(0.,0.,1.));
#3718=DIRECTION('ref_axis',(1.,0.,0.));
#3719=DIRECTION('center_axis',(0.,0.,1.));
#3720=DIRECTION('ref_axis',(1.,0.,0.));
#3721=DIRECTION('center_axis',(0.,0.,-1.));
#3722=DIRECTION('ref_axis',(1.,0.,0.));
#3723=DIRECTION('center_axis',(-0.0778074404557644,-0.993174640046087,0.0868915219054728));
#3724=DIRECTION('ref_axis',(-0.66655032092269,0.1166350633391,0.736279112618132));
#3725=DIRECTION('center_axis',(0.,1.,0.));
#3726=DIRECTION('ref_axis',(0.,0.,1.));
#3727=DIRECTION('',(-1.,0.,0.));
#3728=DIRECTION('center_axis',(0.,-1.,0.));
#3729=DIRECTION('ref_axis',(0.667091908073385,-3.74989144971018E-22,0.744975426563192));
#3730=DIRECTION('',(-1.,0.,0.));
#3731=DIRECTION('center_axis',(0.,-1.,0.));
#3732=DIRECTION('ref_axis',(-0.667091908073385,-3.74989144971018E-22,0.744975426563192));
#3733=DIRECTION('center_axis',(-0.0778074404557644,0.993174640046087,-0.0868915219054728));
#3734=DIRECTION('ref_axis',(0.66655032092269,0.1166350633391,0.736279112618132));
#3735=DIRECTION('center_axis',(0.,0.,1.));
#3736=DIRECTION('ref_axis',(1.,0.,0.));
#3737=DIRECTION('',(0.,0.,-1.));
#3738=DIRECTION('center_axis',(0.,0.,1.));
#3739=DIRECTION('ref_axis',(1.,0.,0.));
#3740=DIRECTION('center_axis',(0.,1.,0.));
#3741=DIRECTION('ref_axis',(0.,0.,1.));
#3742=DIRECTION('',(-1.,0.,0.));
#3743=DIRECTION('center_axis',(0.,0.,1.));
#3744=DIRECTION('ref_axis',(1.,0.,0.));
#3745=DIRECTION('',(0.,0.,-1.));
#3746=DIRECTION('center_axis',(0.,0.,1.));
#3747=DIRECTION('ref_axis',(1.,0.,0.));
#3748=DIRECTION('center_axis',(0.,0.,1.));
#3749=DIRECTION('ref_axis',(1.,0.,0.));
#3750=DIRECTION('',(0.,0.,-1.));
#3751=DIRECTION('center_axis',(0.,0.,1.));
#3752=DIRECTION('ref_axis',(1.,0.,0.));
#3753=DIRECTION('',(-1.,-9.44870659255452E-17,0.));
#3754=DIRECTION('center_axis',(-0.14708822597002,-0.171759471803137,0.974096369784273));
#3755=DIRECTION('ref_axis',(0.989123376420248,-0.0255416023959552,0.144853625312087));
#3756=DIRECTION('center_axis',(0.997906184251245,0.0112312218679794,-0.0636954243919634));
#3757=DIRECTION('ref_axis',(0.064678028982956,-0.173284590377788,0.982745747029455));
#3758=DIRECTION('center_axis',(1.,9.59675196041156E-17,-8.39607003206198E-18));
#3759=DIRECTION('ref_axis',(-7.46349597834159E-17,0.67559020761566,0.737277336810124));
#3760=DIRECTION('center_axis',(0.,1.,0.));
#3761=DIRECTION('ref_axis',(0.,0.,1.));
#3762=DIRECTION('',(-1.,0.,0.));
#3763=DIRECTION('',(-1.,0.,0.));
#3764=DIRECTION('',(-0.0992329085600581,0.,0.995064234036533));
#3765=DIRECTION('center_axis',(0.,-1.,0.));
#3766=DIRECTION('ref_axis',(0.667091908073385,-3.74989144971018E-22,0.744975426563192));
#3767=DIRECTION('',(-1.,0.,0.));
#3768=DIRECTION('center_axis',(0.,-1.,0.));
#3769=DIRECTION('ref_axis',(-0.667091908073385,-3.74989144971018E-22,0.744975426563192));
#3770=DIRECTION('',(-0.0992329085600581,0.,-0.995064234036533));
#3771=DIRECTION('',(-1.,0.,0.));
#3772=DIRECTION('center_axis',(0.,0.,1.));
#3773=DIRECTION('ref_axis',(1.,0.,0.));
#3774=DIRECTION('',(1.,0.,0.));
#3775=DIRECTION('',(0.0867388241198142,-0.996231085838176,0.));
#3776=DIRECTION('center_axis',(0.,0.,1.));
#3777=DIRECTION('ref_axis',(1.,0.,0.));
#3778=DIRECTION('',(0.0867388241198142,0.996231085838176,0.));
#3779=DIRECTION('',(1.,0.,0.));
#3780=DIRECTION('center_axis',(-0.991350645834256,0.0863138989863336,0.0988625704995579));
#3781=DIRECTION('ref_axis',(-0.0859399076705202,-0.996267854450598,0.00804328651637889));
#3782=DIRECTION('',(-0.0778074404557644,-0.993174640046086,0.0868915219054727));
#3783=DIRECTION('',(-0.0992329085600581,0.,-0.995064234036533));
#3784=DIRECTION('center_axis',(-0.991350645834256,-0.0863138989863336,-0.0988625704995579));
#3785=DIRECTION('ref_axis',(0.0859399076705202,-0.996267854450598,0.00804328651637889));
#3786=DIRECTION('',(-0.0992329085600581,0.,0.995064234036533));
#3787=DIRECTION('',(0.0778074404557644,-0.993174640046086,0.0868915219054727));
#3788=DIRECTION('center_axis',(0.,1.,0.));
#3789=DIRECTION('ref_axis',(0.,0.,1.));
#3790=DIRECTION('center_axis',(0.,-1.,0.));
#3791=DIRECTION('ref_axis',(-0.667091908073385,-3.74989144971018E-22,0.744975426563192));
#3792=DIRECTION('',(-1.,0.,0.));
#3793=DIRECTION('center_axis',(0.,-1.,0.));
#3794=DIRECTION('ref_axis',(0.667091908073385,-3.74989144971018E-22,0.744975426563192));
#3795=DIRECTION('',(-1.,0.,0.));
#3796=DIRECTION('center_axis',(-0.0778074404557644,0.993174640046087,-0.0868915219054728));
#3797=DIRECTION('ref_axis',(0.66655032092269,0.1166350633391,0.736279112618131));
#3798=DIRECTION('',(-0.0778074404557644,0.993174640046086,-0.0868915219054727));
#3799=DIRECTION('center_axis',(0.,0.0871557427476582,0.996194698091746));
#3800=DIRECTION('ref_axis',(1.,0.,0.));
#3801=DIRECTION('',(0.0778074404557644,0.993174640046086,-0.0868915219054727));
#3802=DIRECTION('center_axis',(-0.0778074404557644,-0.993174640046087,0.0868915219054728));
#3803=DIRECTION('ref_axis',(-0.66655032092269,0.1166350633391,0.736279112618131));
#3804=DIRECTION('center_axis',(0.,1.,0.));
#3805=DIRECTION('ref_axis',(0.,0.,1.));
#3806=DIRECTION('center_axis',(0.,-1.,0.));
#3807=DIRECTION('ref_axis',(-0.667091908073388,0.,0.744975426563189));
#3808=DIRECTION('',(-1.,0.,0.));
#3809=DIRECTION('center_axis',(0.,-1.,0.));
#3810=DIRECTION('ref_axis',(0.667091908073388,0.,0.744975426563189));
#3811=DIRECTION('',(-1.,0.,0.));
#3812=DIRECTION('',(-0.0992329085600581,0.,0.995064234036533));
#3813=DIRECTION('center_axis',(0.,-1.,0.));
#3814=DIRECTION('ref_axis',(0.667091908073385,-3.74989144971018E-22,0.744975426563192));
#3815=DIRECTION('',(-1.,0.,0.));
#3816=DIRECTION('center_axis',(0.,-1.,0.));
#3817=DIRECTION('ref_axis',(-0.667091908073385,-3.74989144971018E-22,0.744975426563192));
#3818=DIRECTION('',(-0.0992329085600581,0.,-0.995064234036533));
#3819=DIRECTION('',(-1.,0.,0.));
#3820=DIRECTION('center_axis',(0.,0.,1.));
#3821=DIRECTION('ref_axis',(1.,0.,0.));
#3822=DIRECTION('',(1.,0.,0.));
#3823=DIRECTION('',(0.0867388241198142,-0.996231085838176,0.));
#3824=DIRECTION('center_axis',(0.,0.,1.));
#3825=DIRECTION('ref_axis',(1.,0.,0.));
#3826=DIRECTION('',(0.0867388241198142,0.996231085838176,0.));
#3827=DIRECTION('',(1.,0.,0.));
#3828=DIRECTION('center_axis',(-0.991350645834256,-0.0863138989863336,-0.0988625704995579));
#3829=DIRECTION('ref_axis',(0.0859399076705202,-0.996267854450598,0.00804328651637889));
#3830=DIRECTION('',(-0.0992329085600581,0.,0.995064234036533));
#3831=DIRECTION('',(0.0778074404557644,-0.993174640046086,0.0868915219054727));
#3832=DIRECTION('center_axis',(-0.991350645834256,0.0863138989863336,0.0988625704995579));
#3833=DIRECTION('ref_axis',(-0.0859399076705202,-0.996267854450598,0.00804328651637889));
#3834=DIRECTION('',(-0.0778074404557644,-0.993174640046086,0.0868915219054727));
#3835=DIRECTION('',(-0.0992329085600581,0.,-0.995064234036533));
#3836=DIRECTION('center_axis',(0.,1.,0.));
#3837=DIRECTION('ref_axis',(0.,0.,1.));
#3838=DIRECTION('center_axis',(0.,-1.,0.));
#3839=DIRECTION('ref_axis',(-0.667091908073385,-3.74989144971018E-22,0.744975426563192));
#3840=DIRECTION('',(-1.,0.,0.));
#3841=DIRECTION('center_axis',(0.,-1.,0.));
#3842=DIRECTION('ref_axis',(0.667091908073385,-3.74989144971018E-22,0.744975426563192));
#3843=DIRECTION('',(-1.,0.,0.));
#3844=DIRECTION('center_axis',(-0.0778074404557644,0.993174640046087,-0.0868915219054728));
#3845=DIRECTION('ref_axis',(0.66655032092269,0.1166350633391,0.736279112618131));
#3846=DIRECTION('',(-0.0778074404557644,0.993174640046086,-0.0868915219054727));
#3847=DIRECTION('center_axis',(0.,0.0871557427476582,0.996194698091746));
#3848=DIRECTION('ref_axis',(1.,0.,0.));
#3849=DIRECTION('',(0.0778074404557644,0.993174640046086,-0.0868915219054727));
#3850=DIRECTION('center_axis',(-0.0778074404557644,-0.993174640046087,0.0868915219054728));
#3851=DIRECTION('ref_axis',(-0.66655032092269,0.1166350633391,0.736279112618131));
#3852=DIRECTION('center_axis',(0.,1.,0.));
#3853=DIRECTION('ref_axis',(0.,0.,1.));
#3854=DIRECTION('center_axis',(0.,-1.,0.));
#3855=DIRECTION('ref_axis',(0.667091908073388,0.,0.744975426563189));
#3856=DIRECTION('',(-1.,0.,0.));
#3857=DIRECTION('center_axis',(0.,-1.,0.));
#3858=DIRECTION('ref_axis',(-0.667091908073388,0.,0.744975426563189));
#3859=DIRECTION('',(-1.,0.,0.));
#3860=DIRECTION('center_axis',(0.,-1.,0.));
#3861=DIRECTION('ref_axis',(-0.667091908073385,-3.74989144971018E-22,0.744975426563192));
#3862=DIRECTION('',(-1.,0.,0.));
#3863=DIRECTION('center_axis',(0.,-1.,0.));
#3864=DIRECTION('ref_axis',(0.667091908073385,-3.74989144971018E-22,0.744975426563192));
#3865=DIRECTION('',(-1.,0.,0.));
#3866=DIRECTION('center_axis',(0.,0.,1.));
#3867=DIRECTION('ref_axis',(1.,0.,0.));
#3868=DIRECTION('center_axis',(0.,0.,1.));
#3869=DIRECTION('ref_axis',(1.,0.,0.));
#3870=DIRECTION('',(-1.,0.,0.));
#3871=DIRECTION('center_axis',(0.,1.,0.));
#3872=DIRECTION('ref_axis',(0.,0.,1.));
#3873=DIRECTION('center_axis',(-0.0778074404557644,0.993174640046087,-0.0868915219054728));
#3874=DIRECTION('ref_axis',(0.66655032092269,0.1166350633391,0.736279112618131));
#3875=DIRECTION('',(-0.0778074404557644,0.993174640046086,-0.0868915219054727));
#3876=DIRECTION('center_axis',(0.,0.0871557427476582,0.996194698091746));
#3877=DIRECTION('ref_axis',(1.,0.,0.));
#3878=DIRECTION('',(0.0778074404557644,0.993174640046086,-0.0868915219054727));
#3879=DIRECTION('center_axis',(-0.0778074404557644,-0.993174640046087,0.0868915219054728));
#3880=DIRECTION('ref_axis',(-0.66655032092269,0.1166350633391,0.736279112618131));
#3881=DIRECTION('center_axis',(0.,1.,0.));
#3882=DIRECTION('ref_axis',(0.,0.,1.));
#3883=DIRECTION('center_axis',(0.,0.0871557427476582,0.996194698091746));
#3884=DIRECTION('ref_axis',(1.,0.,0.));
#3885=DIRECTION('center_axis',(-0.0778074404557644,-0.993174640046087,0.0868915219054728));
#3886=DIRECTION('ref_axis',(-0.66655032092269,0.1166350633391,0.736279112618132));
#3887=DIRECTION('center_axis',(0.,1.,0.));
#3888=DIRECTION('ref_axis',(-0.667091908073388,0.,0.744975426563189));
#3889=DIRECTION('',(0.0778074404557644,0.993174640046086,-0.0868915219054727));
#3890=DIRECTION('center_axis',(-0.0778074404557644,0.993174640046087,-0.0868915219054728));
#3891=DIRECTION('ref_axis',(0.66655032092269,0.1166350633391,0.736279112618132));
#3892=DIRECTION('center_axis',(0.,1.,0.));
#3893=DIRECTION('ref_axis',(0.667091908073388,0.,0.744975426563189));
#3894=DIRECTION('',(-0.0778074404557644,0.993174640046086,-0.0868915219054727));
#3895=DIRECTION('center_axis',(0.,0.0871557427476582,0.996194698091746));
#3896=DIRECTION('ref_axis',(1.,0.,0.));
#3897=DIRECTION('',(1.,0.,0.));
#3898=DIRECTION('center_axis',(0.,1.,0.));
#3899=DIRECTION('ref_axis',(0.,0.,1.));
#3900=DIRECTION('',(-0.0992329085600581,0.,0.995064234036533));
#3901=DIRECTION('center_axis',(0.,-1.,0.));
#3902=DIRECTION('ref_axis',(0.667091908073397,0.,0.744975426563181));
#3903=DIRECTION('',(-1.,0.,0.));
#3904=DIRECTION('center_axis',(0.,-1.,0.));
#3905=DIRECTION('ref_axis',(-0.667091908073397,0.,0.744975426563181));
#3906=DIRECTION('',(-0.0992329085600581,0.,-0.995064234036533));
#3907=DIRECTION('center_axis',(-0.991350645834256,-0.0863138989863336,-0.0988625704995579));
#3908=DIRECTION('ref_axis',(0.0859399076705202,-0.996267854450598,0.00804328651637889));
#3909=DIRECTION('',(-0.0863138989863336,-0.138653705761121,0.986572379869052));
#3910=DIRECTION('center_axis',(0.,-0.99026806874157,-0.139173100960065));
#3911=DIRECTION('ref_axis',(1.,0.,0.));
#3912=DIRECTION('',(0.0863138989863336,-0.138653705761121,0.986572379869052));
#3913=DIRECTION('center_axis',(0.,0.99026806874157,0.139173100960065));
#3914=DIRECTION('ref_axis',(-0.327771933490992,-0.131484744444694,0.935562569577198));
#3915=DIRECTION('center_axis',(0.,0.99026806874157,0.139173100960065));
#3916=DIRECTION('ref_axis',(-0.32777193349099,-0.131484744444694,0.935562569577199));
#3917=DIRECTION('',(0.0863138989863336,-0.138653705761121,0.986572379869052));
#3918=DIRECTION('center_axis',(-0.991350645834256,0.0863138989863336,0.0988625704995579));
#3919=DIRECTION('ref_axis',(-0.0859399076705202,-0.996267854450598,0.00804328651637889));
#3920=DIRECTION('',(-0.0778074404557644,-0.993174640046086,0.0868915219054727));
#3921=DIRECTION('center_axis',(-0.991350645834256,-0.0863138989863336,-0.0988625704995579));
#3922=DIRECTION('ref_axis',(0.0859399076705202,-0.996267854450598,0.00804328651637889));
#3923=DIRECTION('',(0.0863138989863336,0.138653705761121,-0.986572379869052));
#3924=DIRECTION('',(0.0778074404557644,-0.993174640046086,0.0868915219054727));
#3925=DIRECTION('center_axis',(0.0863138989863336,-0.138653705761121,0.986572379869052));
#3926=DIRECTION('ref_axis',(-0.738594450759564,-0.673480706678033,-0.0300328992878695));
#3927=DIRECTION('center_axis',(-0.0863138989863302,0.138653705761123,-0.986572379869052));
#3928=DIRECTION('ref_axis',(0.,-0.99026806874157,-0.139173100960067));
#3929=DIRECTION('center_axis',(0.,0.99026806874157,0.139173100960065));
#3930=DIRECTION('ref_axis',(0.32777193349099,-0.131484744444694,0.935562569577199));
#3931=DIRECTION('center_axis',(-0.0863138989863338,-0.138653705761122,0.986572379869052));
#3932=DIRECTION('ref_axis',(0.,-0.99026806874157,-0.139173100960066));
#3933=DIRECTION('center_axis',(-1.,2.53724019944559E-16,-1.80534020935514E-15));
#3934=DIRECTION('ref_axis',(0.,-0.990268068741571,-0.139173100960064));
#3935=DIRECTION('center_axis',(-1.,0.,0.));
#3936=DIRECTION('ref_axis',(0.,-0.990268068741571,-0.139173100960064));
#3937=DIRECTION('center_axis',(0.,0.0871557427476582,0.996194698091746));
#3938=DIRECTION('ref_axis',(1.,0.,0.));
#3939=DIRECTION('',(-1.,0.,0.));
#3940=DIRECTION('',(0.0778074404557644,0.993174640046086,-0.0868915219054727));
#3941=DIRECTION('',(-0.0778074404557644,0.993174640046086,-0.0868915219054727));
#3942=DIRECTION('center_axis',(0.,-0.99026806874157,-0.139173100960065));
#3943=DIRECTION('ref_axis',(1.,0.,0.));
#3944=DIRECTION('',(0.0863138989863336,0.138653705761121,-0.986572379869052));
#3945=DIRECTION('center_axis',(0.,0.99026806874157,0.139173100960065));
#3946=DIRECTION('ref_axis',(0.327771933490992,-0.131484744444694,0.935562569577198));
#3947=DIRECTION('center_axis',(-0.0778074404557644,-0.993174640046087,0.0868915219054728));
#3948=DIRECTION('ref_axis',(-0.66655032092269,0.1166350633391,0.736279112618132));
#3949=DIRECTION('center_axis',(1.,0.,0.));
#3950=DIRECTION('ref_axis',(0.,-0.725374371012291,0.688354575693751));
#3951=DIRECTION('',(-1.,0.,0.));
#3952=DIRECTION('center_axis',(-0.0863138989863336,-0.138653705761121,0.986572379869052));
#3953=DIRECTION('ref_axis',(0.738594450759561,-0.673480706678036,-0.0300328992878701));
#3954=DIRECTION('center_axis',(-0.0778074404557644,0.993174640046087,-0.0868915219054728));
#3955=DIRECTION('ref_axis',(0.66655032092269,0.1166350633391,0.736279112618132));
#3956=DIRECTION('center_axis',(0.,1.,0.));
#3957=DIRECTION('ref_axis',(0.,0.,1.));
#3958=DIRECTION('center_axis',(0.,0.,1.));
#3959=DIRECTION('ref_axis',(1.,0.,0.));
#3960=DIRECTION('',(0.0867388241198142,0.996231085838176,0.));
#3961=DIRECTION('center_axis',(0.,0.,1.));
#3962=DIRECTION('ref_axis',(-0.431632756523651,0.902049424087059,0.));
#3963=DIRECTION('',(1.,9.44870659255452E-17,0.));
#3964=DIRECTION('center_axis',(0.,0.,1.));
#3965=DIRECTION('ref_axis',(0.43163275652365,0.902049424087059,0.));
#3966=DIRECTION('center_axis',(0.,0.,-1.));
#3967=DIRECTION('ref_axis',(0.43163275652365,0.902049424087059,0.));
#3968=DIRECTION('',(1.,9.44870659255452E-17,0.));
#3969=DIRECTION('center_axis',(0.,0.,-1.));
#3970=DIRECTION('ref_axis',(-0.43163275652365,0.902049424087059,0.));
#3971=DIRECTION('',(0.0867388241198142,0.996231085838176,0.));
#3972=DIRECTION('center_axis',(0.,0.,1.));
#3973=DIRECTION('ref_axis',(1.,0.,0.));
#3974=DIRECTION('',(0.0867388241198142,0.996231085838176,0.));
#3975=DIRECTION('center_axis',(0.,0.,-1.));
#3976=DIRECTION('ref_axis',(-0.43163275652365,0.902049424087059,0.));
#3977=DIRECTION('',(1.,9.44870659255452E-17,0.));
#3978=DIRECTION('center_axis',(0.,0.,-1.));
#3979=DIRECTION('ref_axis',(0.43163275652365,0.902049424087059,0.));
#3980=DIRECTION('center_axis',(0.,0.,-1.));
#3981=DIRECTION('ref_axis',(0.431632756523652,0.902049424087058,0.));
#3982=DIRECTION('',(1.,9.44870659255452E-17,0.));
#3983=DIRECTION('center_axis',(0.,0.,-1.));
#3984=DIRECTION('ref_axis',(-0.431632756523652,0.902049424087058,0.));
#3985=DIRECTION('center_axis',(0.,0.0871557427476582,0.996194698091746));
#3986=DIRECTION('ref_axis',(1.,0.,0.));
#3987=DIRECTION('center_axis',(-0.0778074404557644,-0.993174640046087,0.0868915219054728));
#3988=DIRECTION('ref_axis',(-0.66655032092269,0.1166350633391,0.736279112618132));
#3989=DIRECTION('center_axis',(-9.30515950828526E-17,0.984807753012208,
0.17364817766693));
#3990=DIRECTION('ref_axis',(-1.,-9.44870659255452E-17,0.));
#3991=DIRECTION('',(-0.0828056999181992,0.173051819616115,-0.981425638440635));
#3992=DIRECTION('',(-0.0828056999181992,-0.173051819616115,0.981425638440635));
#3993=DIRECTION('center_axis',(-0.0828056999181992,-0.173051819616115,0.981425638440635));
#3994=DIRECTION('ref_axis',(0.667710218164959,0.721438852077705,0.183545763424018));
#3995=DIRECTION('center_axis',(0.0828056999181992,-0.173051819616115,0.981425638440635));
#3996=DIRECTION('ref_axis',(-0.667710218164959,0.721438852077705,0.183545763424018));
#3997=DIRECTION('',(0.0828056999181992,-0.173051819616115,0.981425638440635));
#3998=DIRECTION('center_axis',(-0.991350645834256,0.0863138989863336,0.0988625704995579));
#3999=DIRECTION('ref_axis',(-0.0859399076705202,-0.996267854450598,0.00804328651637889));
#4000=DIRECTION('center_axis',(-0.0828056999181992,-0.173051819616115,0.981425638440635));
#4001=DIRECTION('ref_axis',(0.667710218164959,0.721438852077705,0.183545763424018));
#4002=DIRECTION('',(-0.0828056999181992,-0.173051819616115,0.981425638440635));
#4003=DIRECTION('center_axis',(-0.143681782550339,-0.171846393997138,0.974589330042833));
#4004=DIRECTION('ref_axis',(0.989623941385392,-0.0249500797038023,0.141498933422188));
#4005=DIRECTION('center_axis',(-0.0772717218830399,-0.155451595137194,0.984816674598136));
#4006=DIRECTION('ref_axis',(0.295745076231265,0.939738519148438,0.171541148164704));
#4007=DIRECTION('center_axis',(-9.30515950828526E-17,0.984807753012208,
0.17364817766693));
#4008=DIRECTION('ref_axis',(-1.,-9.44870659255452E-17,0.));
#4009=DIRECTION('',(-0.0828056999181992,0.173051819616115,-0.981425638440635));
#4010=DIRECTION('',(-1.,-9.59675196041156E-17,8.39607003206198E-18));
#4011=DIRECTION('center_axis',(0.0828056999181992,-0.173051819616115,0.981425638440635));
#4012=DIRECTION('ref_axis',(-0.667710218164959,0.721438852077705,0.183545763424018));
#4013=DIRECTION('',(0.0828056999181992,-0.173051819616115,0.981425638440635));
#4014=DIRECTION('center_axis',(0.07727172188304,-0.155451595137194,0.984816674598136));
#4015=DIRECTION('ref_axis',(-0.295745076231265,0.939738519148438,0.171541148164704));
#4016=DIRECTION('center_axis',(0.143681782550339,-0.171846393997138,0.974589330042833));
#4017=DIRECTION('ref_axis',(-0.989623941385392,-0.0249500797038029,0.141498933422188));
#4018=DIRECTION('center_axis',(-0.991350645834256,0.0863138989863336,0.0988625704995579));
#4019=DIRECTION('ref_axis',(-0.0859399076705202,-0.996267854450598,0.00804328651637889));
#4020=DIRECTION('center_axis',(0.0828056999181992,-0.173051819616115,0.981425638440635));
#4021=DIRECTION('ref_axis',(-0.667710218164959,0.721438852077705,0.183545763424018));
#4022=DIRECTION('',(-0.0828056999181992,0.173051819616115,-0.981425638440635));
#4023=DIRECTION('center_axis',(0.14708822597002,-0.171759471803137,0.974096369784273));
#4024=DIRECTION('ref_axis',(-0.989123376420249,-0.025541602395956,0.144853625312087));
#4025=DIRECTION('center_axis',(0.0769592007478658,-0.154458600488034,0.984997371649045));
#4026=DIRECTION('ref_axis',(-0.295826554822342,0.939902241479014,0.170500515907341));
#4027=DIRECTION('center_axis',(-9.30515950828526E-17,0.984807753012208,
0.17364817766693));
#4028=DIRECTION('ref_axis',(-1.,-9.44870659255452E-17,0.));
#4029=DIRECTION('',(-0.0828056999181992,-0.173051819616115,0.981425638440635));
#4030=DIRECTION('center_axis',(-0.0828056999181992,-0.173051819616115,0.981425638440635));
#4031=DIRECTION('ref_axis',(0.667710218164959,0.721438852077705,0.183545763424018));
#4032=DIRECTION('center_axis',(-0.0769592007478657,-0.154458600488034,0.984997371649045));
#4033=DIRECTION('ref_axis',(0.295826554822342,0.939902241479014,0.170500515907341));
#4034=DIRECTION('center_axis',(0.,0.0871557427476582,0.996194698091746));
#4035=DIRECTION('ref_axis',(1.,0.,0.));
#4036=DIRECTION('center_axis',(0.,-0.0871557427476582,-0.996194698091746));
#4037=DIRECTION('ref_axis',(0.305673140982008,0.94851334166057,-0.0829841645983914));
#4038=DIRECTION('',(1.,9.59675196041156E-17,-8.39607003206198E-18));
#4039=DIRECTION('center_axis',(0.,-0.0871557427476582,-0.996194698091746));
#4040=DIRECTION('ref_axis',(-0.305673140982008,0.94851334166057,-0.0829841645983914));
#4041=DIRECTION('center_axis',(0.,0.0871557427476582,0.996194698091746));
#4042=DIRECTION('ref_axis',(1.,0.,0.));
#4043=DIRECTION('',(0.0778074404557644,0.993174640046086,-0.0868915219054727));
#4044=DIRECTION('center_axis',(0.,-0.0871557427476582,-0.996194698091746));
#4045=DIRECTION('ref_axis',(-0.305673140982008,0.94851334166057,-0.0829841645983914));
#4046=DIRECTION('',(1.,9.59675196041156E-17,-8.39607003206198E-18));
#4047=DIRECTION('center_axis',(0.,-0.0871557427476582,-0.996194698091746));
#4048=DIRECTION('ref_axis',(0.305673140982008,0.94851334166057,-0.0829841645983914));
#4049=DIRECTION('',(-0.0778074404557644,0.993174640046086,-0.0868915219054727));
#4050=DIRECTION('center_axis',(-0.0778074404557644,-0.993174640046087,0.0868915219054728));
#4051=DIRECTION('ref_axis',(-0.66655032092269,0.1166350633391,0.736279112618132));
#4052=DIRECTION('center_axis',(0.0778074404557663,0.993174640046086,-0.0868915219054727));
#4053=DIRECTION('ref_axis',(-0.991350645834256,0.0863138989863355,0.0988625704995583));
#4054=DIRECTION('center_axis',(-0.0778074404557644,0.993174640046087,-0.0868915219054728));
#4055=DIRECTION('ref_axis',(0.66655032092269,0.1166350633391,0.736279112618132));
#4056=DIRECTION('center_axis',(-0.0778074404557666,0.993174640046086,-0.0868915219054727));
#4057=DIRECTION('ref_axis',(1.11022302462516E-16,0.0871557427476582,0.996194698091746));
#4058=DIRECTION('center_axis',(-0.997906184251245,0.0112312218679791,-0.0636954243919633));
#4059=DIRECTION('ref_axis',(-0.0646780289829559,-0.173284590377789,0.982745747029455));
#4060=DIRECTION('center_axis',(1.,9.59675196041156E-17,-8.39607003206198E-18));
#4061=DIRECTION('ref_axis',(-7.46349597834159E-17,0.67559020761566,0.737277336810124));
#4062=DIRECTION('center_axis',(-0.231721958129507,0.96908032947705,-0.0847835428681681));
#4063=DIRECTION('ref_axis',(3.1720657846433E-17,0.0871557427404751,0.996194698092374));
#4064=DIRECTION('center_axis',(0.998122957199966,0.0106345329826716,-0.0603114335647498));
#4065=DIRECTION('ref_axis',(0.0612418346426261,-0.173322232605301,0.982959226709999));
#4066=DIRECTION('center_axis',(0.231721958129508,0.96908032947705,-0.0847835428681699));
#4067=DIRECTION('ref_axis',(-0.962608557715251,0.240997897896522,0.123712480465075));
#4068=DIRECTION('center_axis',(-0.998122957199966,0.0106345329826714,-0.0603114335647497));
#4069=DIRECTION('ref_axis',(-0.061241834642626,-0.173322232605301,0.982959226709999));
#4070=DIRECTION('center_axis',(1.,9.59675196041156E-17,-8.39607003206198E-18));
#4071=DIRECTION('ref_axis',(-7.46349597834159E-17,0.67559020761566,0.737277336810124));
#4072=CARTESIAN_POINT('',(0.,0.,0.));
#4073=CARTESIAN_POINT('Origin',(12.6348480035424,-72.5174986884371,30.));
#4074=CARTESIAN_POINT('',(12.6348480035424,-72.5174986884371,40.1171663250241));
#4075=CARTESIAN_POINT('',(31.4198644931356,-72.5174986884371,30.));
#4076=CARTESIAN_POINT('Origin',(7.03709905361431,-72.5174986884371,7.43084676418108));
#4077=CARTESIAN_POINT('',(12.6348480035424,-72.5174986884371,30.));
#4078=CARTESIAN_POINT('',(12.6348480035424,-72.5174986884371,30.));
#4079=CARTESIAN_POINT('',(34.8148622734345,-72.5174986884371,30.));
#4080=CARTESIAN_POINT('Origin',(10.25,-71.7674986884371,30.));
#4081=CARTESIAN_POINT('',(9.50000000000001,-69.3826506848947,40.1892431072245));
#4082=CARTESIAN_POINT('Ctrl Pts',(9.50000000000001,-69.3826506848947,40.1892431072245));
#4083=CARTESIAN_POINT('Ctrl Pts',(9.36870599439477,-69.4239407394633,40.202991966278));
#4084=CARTESIAN_POINT('Ctrl Pts',(9.23958246018776,-69.4765724277855,40.2167946274392));
#4085=CARTESIAN_POINT('Ctrl Pts',(8.81867966015395,-69.6908436760704,40.2632278529481));
#4086=CARTESIAN_POINT('Ctrl Pts',(8.5533361567623,-69.9047221477028,40.2952226532152));
#4087=CARTESIAN_POINT('Ctrl Pts',(8.14555009986547,-70.3819626830913,40.3541282089646));
#4088=CARTESIAN_POINT('Ctrl Pts',(7.97571999167316,-70.6772004886322,40.385025005637));
#4089=CARTESIAN_POINT('Ctrl Pts',(7.76950922469297,-71.3111376513376,40.4461338377235));
#4090=CARTESIAN_POINT('Ctrl Pts',(7.73311984835381,-71.6498095469607,40.4766010694713));
#4091=CARTESIAN_POINT('Ctrl Pts',(7.7821185853248,-72.2752549114248,40.5313204485168));
#4092=CARTESIAN_POINT('Ctrl Pts',(7.87061182872764,-72.6039235107776,40.5592408222136));
#4093=CARTESIAN_POINT('Ctrl Pts',(8.1728573205141,-73.1980835211795,40.6055825336016));
#4094=CARTESIAN_POINT('Ctrl Pts',(8.38661854953092,-73.4635900691739,40.6237508766975));
#4095=CARTESIAN_POINT('Ctrl Pts',(8.86464339203099,-73.8721573733148,40.6423077755592));
#4096=CARTESIAN_POINT('Ctrl Pts',(9.1604400972309,-74.0421569651572,40.6438726149027));
#4097=CARTESIAN_POINT('Ctrl Pts',(9.7947759046345,-74.2482207749589,40.6227775079513));
#4098=CARTESIAN_POINT('Ctrl Pts',(10.1333010767512,-74.2843012642545,40.5998584249399));
#4099=CARTESIAN_POINT('Ctrl Pts',(10.7601467173401,-74.2351928266359,40.5371693350082));
#4100=CARTESIAN_POINT('Ctrl Pts',(11.0896762550524,-74.1457433166219,40.4930985110522));
#4101=CARTESIAN_POINT('Ctrl Pts',(11.6834453155432,-73.8426705381143,40.3910950038535));
#4102=CARTESIAN_POINT('Ctrl Pts',(11.9477517536356,-73.629091568967,40.3334203958338));
#4103=CARTESIAN_POINT('Ctrl Pts',(12.3538368143246,-73.1536626652535,40.2264225948057));
#4104=CARTESIAN_POINT('Ctrl Pts',(12.5233928489053,-72.8595728993167,40.1698486955638));
#4105=CARTESIAN_POINT('Ctrl Pts',(12.6294633202192,-72.5344624952871,40.1197569884145));
#4106=CARTESIAN_POINT('Ctrl Pts',(12.6321782789784,-72.5259878714989,40.1184589215391));
#4107=CARTESIAN_POINT('Ctrl Pts',(12.6348480035424,-72.5174986884371,40.1171663250241));
#4108=CARTESIAN_POINT('',(9.50000000000001,-69.3826506848947,30.));
#4109=CARTESIAN_POINT('',(9.50000000000001,-69.3826506848947,30.));
#4110=CARTESIAN_POINT('Origin',(10.25,-71.7674986884371,30.));
#4111=CARTESIAN_POINT('Origin',(9.50000000000001,-53.6523466919794,30.));
#4112=CARTESIAN_POINT('',(9.50000000000001,-53.6523466919794,38.6968964968985));
#4113=CARTESIAN_POINT('Origin',(9.50000000000001,-103.955247399455,10.1812933831718));
#4114=CARTESIAN_POINT('',(9.50000000000001,-53.6523466919794,30.));
#4115=CARTESIAN_POINT('',(9.50000000000001,-53.6523466919794,30.));
#4116=CARTESIAN_POINT('',(9.50000000000001,-70.0174987757865,30.));
#4117=CARTESIAN_POINT('Origin',(34.8148622734345,-71.0174986884371,30.));
#4118=CARTESIAN_POINT('',(31.1805265436615,-71.0174986884371,30.));
#4119=CARTESIAN_POINT('',(12.6348480035424,-71.0174986884371,39.9663378257037));
#4120=CARTESIAN_POINT('Origin',(6.91958582283122,-71.0174986884371,7.29961376889219));
#4121=CARTESIAN_POINT('',(12.6348480035424,-71.0174986884371,30.));
#4122=CARTESIAN_POINT('',(-34.8148622734339,-71.0174986884371,30.));
#4123=CARTESIAN_POINT('',(12.6348480035424,-71.0174986884371,30.));
#4124=CARTESIAN_POINT('Origin',(10.25,-51.2674986884371,30.));
#4125=CARTESIAN_POINT('',(12.6348480035424,-50.5174986884371,37.8608500370861));
#4126=CARTESIAN_POINT('Ctrl Pts',(12.6348480035424,-50.5174986884371,37.8608500370861));
#4127=CARTESIAN_POINT('Ctrl Pts',(12.5939670794857,-50.3875056349442,37.8562350469598));
#4128=CARTESIAN_POINT('Ctrl Pts',(12.5419551606169,-50.2596048622244,37.8542485576925));
#4129=CARTESIAN_POINT('Ctrl Pts',(12.3295379042368,-49.8406521985428,37.8564005197699));
#4130=CARTESIAN_POINT('Ctrl Pts',(12.1170598475333,-49.5758909595818,37.8738021144811));
#4131=CARTESIAN_POINT('Ctrl Pts',(11.64031810681,-49.1657557181403,37.9262326414093));
#4132=CARTESIAN_POINT('Ctrl Pts',(11.3436296725918,-48.9946370544379,37.9649309098575));
#4133=CARTESIAN_POINT('Ctrl Pts',(10.7075365474002,-48.7870579590307,38.0537169093699));
#4134=CARTESIAN_POINT('Ctrl Pts',(10.3681004482574,-48.7505863141318,38.1035532243768));
#4135=CARTESIAN_POINT('Ctrl Pts',(9.74184749252516,-48.7996483195421,38.1974955289006));
#4136=CARTESIAN_POINT('Ctrl Pts',(9.41279687784531,-48.888321191847,38.2479393980647));
#4137=CARTESIAN_POINT('Ctrl Pts',(8.81798514660971,-49.1912693821119,38.3440083788948));
#4138=CARTESIAN_POINT('Ctrl Pts',(8.55227564669498,-49.4055632334095,38.3898944464476));
#4139=CARTESIAN_POINT('Ctrl Pts',(8.14502339910657,-49.8829792419712,38.4705290535872));
#4140=CARTESIAN_POINT('Ctrl Pts',(7.97554594710652,-50.1776662618272,38.5107667854135));
#4141=CARTESIAN_POINT('Ctrl Pts',(7.76958370044276,-50.8109780080934,38.5842795288518));
#4142=CARTESIAN_POINT('Ctrl Pts',(7.73310137172761,-51.1495737016937,38.6178113396563));
#4143=CARTESIAN_POINT('Ctrl Pts',(7.78210387479109,-51.7750671385211,38.6725349244885));
#4144=CARTESIAN_POINT('Ctrl Pts',(7.87054943563361,-52.103768992956,38.6974053909172));
#4145=CARTESIAN_POINT('Ctrl Pts',(8.17282146591393,-52.6980448914517,38.7312847938059));
#4146=CARTESIAN_POINT('Ctrl Pts',(8.38666141182206,-52.9636267035267,38.7400367459723));
#4147=CARTESIAN_POINT('Ctrl Pts',(8.86537229572934,-53.3727803664996,38.7367685227562));
#4148=CARTESIAN_POINT('Ctrl Pts',(9.16180877037281,-53.5428169327725,38.7244187931549));
#4149=CARTESIAN_POINT('Ctrl Pts',(9.48603840025272,-53.6479222451062,38.6980482369306));
#4150=CARTESIAN_POINT('Ctrl Pts',(9.49301465161856,-53.6501499015432,38.697475444159));
#4151=CARTESIAN_POINT('Ctrl Pts',(9.50000000000001,-53.6523466919794,38.6968964968985));
#4152=CARTESIAN_POINT('',(12.6348480035424,-50.5174986884371,30.));
#4153=CARTESIAN_POINT('',(12.6348480035424,-50.5174986884371,30.));
#4154=CARTESIAN_POINT('Origin',(10.25,-51.2674986884371,30.));
#4155=CARTESIAN_POINT('Origin',(28.8947396961303,-50.5174986884371,30.));
#4156=CARTESIAN_POINT('',(27.7649824328166,-50.5174986884371,30.));
#4157=CARTESIAN_POINT('Origin',(5.31357166879568,-50.5174986884371,5.50609616661075));
#4158=CARTESIAN_POINT('',(-28.8947396961308,-50.5174986884371,30.));
#4159=CARTESIAN_POINT('Origin',(11.,-69.3826506848947,30.));
#4160=CARTESIAN_POINT('',(11.,-69.3826506848947,40.0417185147063));
#4161=CARTESIAN_POINT('',(11.,-53.6523466919794,38.4921648609216));
#4162=CARTESIAN_POINT('Origin',(11.,-123.102027596088,11.8564195933999));
#4163=CARTESIAN_POINT('',(11.,-69.3826506848947,30.));
#4164=CARTESIAN_POINT('',(11.,-69.3826506848947,30.));
#4165=CARTESIAN_POINT('',(11.,-53.6523466919794,30.));
#4166=CARTESIAN_POINT('',(11.,-53.0174986010877,30.));
#4167=CARTESIAN_POINT('',(11.,-53.6523466919794,30.));
#4168=CARTESIAN_POINT('Origin',(21.2824311367173,-61.5174986884371,30.));
#4169=CARTESIAN_POINT('Origin',(27.2467582703486,-330.484100602883,30.));
#4170=CARTESIAN_POINT('',(28.0247756631024,-52.0174986884371,30.));
#4171=CARTESIAN_POINT('Origin',(27.2467582703486,-330.484100602883,30.));
#4172=CARTESIAN_POINT('',(12.6348480035424,-52.0174986884371,30.));
#4173=CARTESIAN_POINT('',(28.8947396961303,-52.0174986884371,30.));
#4174=CARTESIAN_POINT('Origin',(10.25,-51.2674986884371,30.));
#4175=CARTESIAN_POINT('Origin',(10.25,-71.7674986884371,30.));
#4176=CARTESIAN_POINT('',(9.15000000000001,-51.2674986884371,30.));
#4177=CARTESIAN_POINT('Origin',(10.25,-51.2674986884371,30.));
#4178=CARTESIAN_POINT('',(9.15000000000001,-71.7674986884371,30.));
#4179=CARTESIAN_POINT('Origin',(10.25,-71.7674986884371,30.));
#4180=CARTESIAN_POINT('Origin',(10.25,-51.2674986884371,30.));
#4181=CARTESIAN_POINT('',(12.6348480035424,-52.0174986884371,38.0177286460274));
#4182=CARTESIAN_POINT('Ctrl Pts',(11.,-53.6523466919794,38.4921648609216));
#4183=CARTESIAN_POINT('Ctrl Pts',(11.1322290074952,-53.6107625929198,38.4668561319444));
#4184=CARTESIAN_POINT('Ctrl Pts',(11.262052808259,-53.5577414913578,38.4399074872267));
#4185=CARTESIAN_POINT('Ctrl Pts',(11.6830066986596,-53.3429350545089,38.3455773307992));
#4186=CARTESIAN_POINT('Ctrl Pts',(11.9471462986332,-53.1296458821359,38.2737240860617));
#4187=CARTESIAN_POINT('Ctrl Pts',(12.3528015036427,-52.655028203436,38.1443211067568));
#4188=CARTESIAN_POINT('Ctrl Pts',(12.5225002888171,-52.3614698220085,38.0779077256924));
#4189=CARTESIAN_POINT('Ctrl Pts',(12.6290670461052,-52.035698610393,38.0208793073008));
#4190=CARTESIAN_POINT('Ctrl Pts',(12.6319835035666,-52.0266072178349,38.019299563852));
#4191=CARTESIAN_POINT('Ctrl Pts',(12.6348480035424,-52.0174986884371,38.0177286460274));
#4192=CARTESIAN_POINT('',(12.6348480035424,-52.0174986884371,30.));
#4193=CARTESIAN_POINT('Origin',(12.6348480035424,-52.0174986884371,30.));
#4194=CARTESIAN_POINT('Origin',(5.43108489957877,-52.0174986884371,5.63732916189964));
#4195=CARTESIAN_POINT('Origin',(10.25,-71.7674986884371,30.));
#4196=CARTESIAN_POINT('',(11.346639838152,-71.6815855615126,40.222191509483));
#4197=CARTESIAN_POINT('',(9.15000000000001,-71.7674986884371,40.4339446381333));
#4198=CARTESIAN_POINT('Ctrl Pts',(11.346639838152,-71.6815855615126,40.222191509483));
#4199=CARTESIAN_POINT('Ctrl Pts',(11.3574721137998,-71.8198543620838,40.2342884620523));
#4200=CARTESIAN_POINT('Ctrl Pts',(11.3412666791139,-71.9690910462264,40.2509146974117));
#4201=CARTESIAN_POINT('Ctrl Pts',(11.2503502100195,-72.2479171730044,40.2892924267886));
#4202=CARTESIAN_POINT('Ctrl Pts',(11.1756540630958,-72.3775186341587,40.3109918507928));
#4203=CARTESIAN_POINT('Ctrl Pts',(10.9966656701418,-72.5869355343462,40.352099170028));
#4204=CARTESIAN_POINT('Ctrl Pts',(10.8802355024331,-72.6809007866783,40.3742821257174));
#4205=CARTESIAN_POINT('Ctrl Pts',(10.6189688767608,-72.814094194429,40.4146222458991));
#4206=CARTESIAN_POINT('Ctrl Pts',(10.4741189480293,-72.8533111848884,40.432729012062));
#4207=CARTESIAN_POINT('Ctrl Pts',(10.1986346404268,-72.8748932188993,40.4602794318397));
#4208=CARTESIAN_POINT('Ctrl Pts',(10.0497229784786,-72.8590174807431,40.4715931893544));
#4209=CARTESIAN_POINT('Ctrl Pts',(9.77065257208772,-72.7683734078138,40.4853301183597));
#4210=CARTESIAN_POINT('Ctrl Pts',(9.64049907620809,-72.6935963590021,40.487802370294));
#4211=CARTESIAN_POINT('Ctrl Pts',(9.43013006794389,-72.5137942003281,40.4855612767026));
#4212=CARTESIAN_POINT('Ctrl Pts',(9.33604087547649,-72.3969380843628,40.4807122545378));
#4213=CARTESIAN_POINT('Ctrl Pts',(9.20304173248092,-72.1354573983773,40.4647477957718));
#4214=CARTESIAN_POINT('Ctrl Pts',(9.16412601050503,-71.9908327072724,40.4536824638998));
#4215=CARTESIAN_POINT('Ctrl Pts',(9.15114874813507,-71.8251841805047,40.4391900956779));
#4216=CARTESIAN_POINT('Ctrl Pts',(9.15000000000001,-71.79648668356,40.43661471116));
#4217=CARTESIAN_POINT('Ctrl Pts',(9.15000000000001,-71.7674986884371,40.4339446381333));
#4218=CARTESIAN_POINT('Ctrl Pts',(9.15000000000001,-71.7674986884371,40.4339446381333));
#4219=CARTESIAN_POINT('Ctrl Pts',(9.15000000000001,-71.6549025696358,40.4235734531494));
#4220=CARTESIAN_POINT('Ctrl Pts',(9.16792144275063,-71.5379243050521,40.4117524512824));
#4221=CARTESIAN_POINT('Ctrl Pts',(9.24939866379265,-71.2876044154757,40.3836414633491));
#4222=CARTESIAN_POINT('Ctrl Pts',(9.32409565601996,-71.1578111220737,40.366914210524));
#4223=CARTESIAN_POINT('Ctrl Pts',(9.50335693811198,-70.9479958548282,40.3351092161574));
#4224=CARTESIAN_POINT('Ctrl Pts',(9.62000915785105,-70.8539167107801,40.3178865363435));
#4225=CARTESIAN_POINT('Ctrl Pts',(9.88144380761138,-70.7207480872146,40.2845825576894));
#4226=CARTESIAN_POINT('Ctrl Pts',(10.0262203599427,-70.6816596098684,40.2684511311304));
#4227=CARTESIAN_POINT('Ctrl Pts',(10.3016205761008,-70.6600841637623,40.2409091211043));
#4228=CARTESIAN_POINT('Ctrl Pts',(10.4506636600374,-70.6760355147364,40.2276488732085));
#4229=CARTESIAN_POINT('Ctrl Pts',(10.7299106104644,-70.7668770975235,40.2068689371955));
#4230=CARTESIAN_POINT('Ctrl Pts',(10.8601160799569,-70.8417738794593,40.1993994560908));
#4231=CARTESIAN_POINT('Ctrl Pts',(11.0703089148852,-71.0217317788152,40.1922724102975));
#4232=CARTESIAN_POINT('Ctrl Pts',(11.1642620352766,-71.138527046878,40.1921322435934));
#4233=CARTESIAN_POINT('Ctrl Pts',(11.2970500400056,-71.3998485645543,40.2010643746949));
#4234=CARTESIAN_POINT('Ctrl Pts',(11.3358901118908,-71.5443704642481,40.2101867440077));
#4235=CARTESIAN_POINT('Ctrl Pts',(11.346639838152,-71.6815855615126,40.222191509483));
#4236=CARTESIAN_POINT('',(9.15000000000001,-71.7674986884371,30.));
#4237=CARTESIAN_POINT('Origin',(10.25,-51.2674986884371,30.));
#4238=CARTESIAN_POINT('',(11.346639838152,-51.1815855615126,38.1849883450385));
#4239=CARTESIAN_POINT('',(9.15000000000001,-51.267498688437,38.5063059716116));
#4240=CARTESIAN_POINT('Ctrl Pts',(11.346639838152,-51.1815855615126,38.1849883450385));
#4241=CARTESIAN_POINT('Ctrl Pts',(11.3574790810573,-51.3199432957832,38.1970930782983));
#4242=CARTESIAN_POINT('Ctrl Pts',(11.3412318253621,-51.4690654035199,38.2151219354127));
#4243=CARTESIAN_POINT('Ctrl Pts',(11.250576253522,-51.747356188594,38.2590777112117));
#4244=CARTESIAN_POINT('Ctrl Pts',(11.1761927611039,-51.8765416983608,38.2849492357459));
#4245=CARTESIAN_POINT('Ctrl Pts',(10.9977436506388,-52.0860194532528,38.3357855690455));
#4246=CARTESIAN_POINT('Ctrl Pts',(10.8811886215027,-52.1802844886011,38.3642247320976));
#4247=CARTESIAN_POINT('Ctrl Pts',(10.6195610085307,-52.3139219577671,38.4182426554869));
#4248=CARTESIAN_POINT('Ctrl Pts',(10.4744725005425,-52.353283486823,38.4437712540408));
#4249=CARTESIAN_POINT('Ctrl Pts',(10.1989190086994,-52.3748709408763,38.4851061967446));
#4250=CARTESIAN_POINT('Ctrl Pts',(10.0500759929801,-52.3590985032931,38.5037445694589));
#4251=CARTESIAN_POINT('Ctrl Pts',(9.77075511600388,-52.2684402990912,38.5309687018929));
#4252=CARTESIAN_POINT('Ctrl Pts',(9.64028829843836,-52.1935347057484,38.5396017208322));
#4253=CARTESIAN_POINT('Ctrl Pts',(9.42979634973957,-52.0133904867456,38.5470156612258));
#4254=CARTESIAN_POINT('Ctrl Pts',(9.33581256958492,-51.8965849961717,38.5463398854459));
#4255=CARTESIAN_POINT('Ctrl Pts',(9.20297437294941,-51.6352289853123,38.5359044455965));
#4256=CARTESIAN_POINT('Ctrl Pts',(9.16411400357907,-51.4906794446243,38.5261960888645));
#4257=CARTESIAN_POINT('Ctrl Pts',(9.15114820867267,-51.325177294526,38.5117165269417));
#4258=CARTESIAN_POINT('Ctrl Pts',(9.15000000000001,-51.2964798971656,38.5090870421802));
#4259=CARTESIAN_POINT('Ctrl Pts',(9.15000000000001,-51.267498688437,38.5063059716116));
#4260=CARTESIAN_POINT('Ctrl Pts',(9.15000000000001,-51.267498688437,38.5063059716116));
#4261=CARTESIAN_POINT('Ctrl Pts',(9.15000000000001,-51.1548448028442,38.4954955734465));
#4262=CARTESIAN_POINT('Ctrl Pts',(9.16793927327413,-51.0379060782251,38.4823448623185));
#4263=CARTESIAN_POINT('Ctrl Pts',(9.24929470627612,-50.7878778817008,38.4493023791751));
#4264=CARTESIAN_POINT('Ctrl Pts',(9.32379602534658,-50.6583819142558,38.4284482565005));
#4265=CARTESIAN_POINT('Ctrl Pts',(9.50272688207382,-50.4485134253467,38.3870341164182));
#4266=CARTESIAN_POINT('Ctrl Pts',(9.61951844510739,-50.3542277059051,38.3636556515371));
#4267=CARTESIAN_POINT('Ctrl Pts',(9.88120964873944,-50.2208064933627,38.3168478540064));
#4268=CARTESIAN_POINT('Ctrl Pts',(10.0260992988385,-50.1816690940561,38.2933681144464));
#4269=CARTESIAN_POINT('Ctrl Pts',(10.3015879740776,-50.1600867178751,38.2520428946845));
#4270=CARTESIAN_POINT('Ctrl Pts',(10.4507253880855,-50.1760153981288,38.2314048099357));
#4271=CARTESIAN_POINT('Ctrl Pts',(10.7303931868279,-50.2670743596312,38.1969869731355));
#4272=CARTESIAN_POINT('Ctrl Pts',(10.8609256985055,-50.3422173739836,38.1832582118655));
#4273=CARTESIAN_POINT('Ctrl Pts',(11.0710117875235,-50.5225832190762,38.1663431704314));
#4274=CARTESIAN_POINT('Ctrl Pts',(11.1647020975867,-50.6392188586184,38.1619656605691));
#4275=CARTESIAN_POINT('Ctrl Pts',(11.2971482524813,-50.9002167653052,38.1652689445769));
#4276=CARTESIAN_POINT('Ctrl Pts',(11.3359063118379,-51.0445772487988,38.1730016708672));
#4277=CARTESIAN_POINT('Ctrl Pts',(11.346639838152,-51.1815855615126,38.1849883450385));
#4278=CARTESIAN_POINT('',(9.15000000000001,-51.2674986884371,30.));
#4279=CARTESIAN_POINT('Origin',(10.25,-71.7674986884371,30.));
#4280=CARTESIAN_POINT('Ctrl Pts',(12.6348480035424,-71.0174986884371,39.9663378257037));
#4281=CARTESIAN_POINT('Ctrl Pts',(12.593831820132,-70.8870755376117,39.9601201968293));
#4282=CARTESIAN_POINT('Ctrl Pts',(12.5416068811471,-70.7587437762684,39.9559629670772));
#4283=CARTESIAN_POINT('Ctrl Pts',(12.3284504063992,-70.3389304123816,39.9489119959401));
#4284=CARTESIAN_POINT('Ctrl Pts',(12.1152589918992,-70.073688537641,39.9565431767417));
#4285=CARTESIAN_POINT('Ctrl Pts',(11.6380321807989,-69.6644548185335,39.9864461528379));
#4286=CARTESIAN_POINT('Ctrl Pts',(11.3420412260175,-69.4939609670186,40.0107330672283));
#4287=CARTESIAN_POINT('Ctrl Pts',(11.0163560842622,-69.3878407355278,40.0402323662348));
#4288=CARTESIAN_POINT('Ctrl Pts',(11.0081844582444,-69.385224577937,40.0409740920062));
#4289=CARTESIAN_POINT('Ctrl Pts',(11.,-69.3826506848947,40.0417185147063));
#4290=CARTESIAN_POINT('Origin',(3.95546581825378,-33.1819292190457,3.98943036227289));
#4291=CARTESIAN_POINT('',(4.38041926517839,-35.5558050509223,39.3308119001974));
#4292=CARTESIAN_POINT('',(39.0776918693773,-35.5852695825686,7.92418743447087));
#4293=CARTESIAN_POINT('Origin',(4.38041926517839,-38.6062560470904,4.46399746698633));
#4294=CARTESIAN_POINT('',(11.0731681251728,-120.985532606642,46.8049445894312));
#4295=CARTESIAN_POINT('',(3.95546581825378,-30.1314782228777,38.856244795484));
#4296=CARTESIAN_POINT('',(45.4431775625787,-116.837639857594,15.0328487181463));
#4297=CARTESIAN_POINT('Origin',(10.4875868317243,-116.561319394198,11.2841817743035));
#4298=CARTESIAN_POINT('',(41.4244137023649,-65.540047661804,10.5448909348388));
#4299=CARTESIAN_POINT('',(38.6527384224527,-30.160942754524,7.44962032975741));
#4300=CARTESIAN_POINT('',(41.2364555764491,-64.9399054482668,11.6950682388507));
#4301=CARTESIAN_POINT('Origin',(6.63607192188436,-67.3985797923574,6.98299939126547));
#4302=CARTESIAN_POINT('',(39.8688729554203,-47.4544616265773,10.1484498752225));
#4303=CARTESIAN_POINT('Ctrl Pts',(41.2364555764491,-64.9399054482668,11.6950682388507));
#4304=CARTESIAN_POINT('Ctrl Pts',(41.2361953283314,-64.9391583340582,11.696500089147));
#4305=CARTESIAN_POINT('Ctrl Pts',(41.2359349763761,-64.9384108603014,11.6979317384017));
#4306=CARTESIAN_POINT('Ctrl Pts',(41.0319333826686,-64.3526713357155,12.819111414463));
#4307=CARTESIAN_POINT('Ctrl Pts',(40.7618046989534,-63.5368063179348,13.8094086327298));
#4308=CARTESIAN_POINT('Ctrl Pts',(40.2386531400318,-61.727953919522,15.3321363606174));
#4309=CARTESIAN_POINT('Ctrl Pts',(39.9494798570334,-60.6077037671245,15.9679629111981));
#4310=CARTESIAN_POINT('Ctrl Pts',(39.4738571915503,-58.1923875900147,16.7370923487495));
#4311=CARTESIAN_POINT('Ctrl Pts',(39.2915935196936,-56.8963212503594,16.8698362058261));
#4312=CARTESIAN_POINT('Ctrl Pts',(39.1042441438204,-54.5048963704794,16.6606136391628));
#4313=CARTESIAN_POINT('Ctrl Pts',(39.0849300183541,-53.2602418565044,16.3134885232219));
#4314=CARTESIAN_POINT('Ctrl Pts',(39.1925266605713,-51.0183304621401,15.1492616050014));
#4315=CARTESIAN_POINT('Ctrl Pts',(39.3151866945439,-50.0207790327911,14.3323380624835));
#4316=CARTESIAN_POINT('Ctrl Pts',(39.5788689494287,-48.4854923785242,12.5125000150378));
#4317=CARTESIAN_POINT('Ctrl Pts',(39.7373684910923,-47.8468648107203,11.384913615584));
#4318=CARTESIAN_POINT('Ctrl Pts',(39.8670419439219,-47.459901652753,10.1657179470794));
#4319=CARTESIAN_POINT('Ctrl Pts',(39.8679581790161,-47.4571754800965,10.1570858892963));
#4320=CARTESIAN_POINT('Ctrl Pts',(39.8688729554203,-47.4544616265773,10.1484498752225));
#4321=CARTESIAN_POINT('',(39.9775304706724,-47.0712775235306,8.92908291847376));
#4322=CARTESIAN_POINT('Origin',(4.94930220322284,-45.8677737619917,5.09929794703286));
#4323=CARTESIAN_POINT('',(38.6527384224527,-30.160942754524,7.44962032975741));
#4324=CARTESIAN_POINT('Origin',(3.95546581825378,-33.1819292190457,3.98943036227289));
#4325=CARTESIAN_POINT('',(37.9759174268182,-47.0025058800141,8.71023806296285));
#4326=CARTESIAN_POINT('',(37.8416823004727,-47.4544616265773,10.1484498752225));
#4327=CARTESIAN_POINT('Origin',(4.94930220322284,-45.8677737619917,5.09929794703286));
#4328=CARTESIAN_POINT('',(39.2091175680485,-64.9399054482668,11.6950682388507));
#4329=CARTESIAN_POINT('Ctrl Pts',(37.8416823004727,-47.4544616265773,10.1484498752225));
#4330=CARTESIAN_POINT('Ctrl Pts',(37.8411135438916,-47.4560236890353,10.153420664278));
#4331=CARTESIAN_POINT('Ctrl Pts',(37.840544253334,-47.4575898298812,10.1583901334464));
#4332=CARTESIAN_POINT('Ctrl Pts',(37.701542164894,-47.8406281206024,11.3703170957734));
#4333=CARTESIAN_POINT('Ctrl Pts',(37.5302750028904,-48.4747120846229,12.4947615951181));
#4334=CARTESIAN_POINT('Ctrl Pts',(37.2408577862201,-50.0043422387657,14.3177038266581));
#4335=CARTESIAN_POINT('Ctrl Pts',(37.103685134132,-51.0032079004149,15.1393179103492));
#4336=CARTESIAN_POINT('Ctrl Pts',(36.9753446634173,-53.2508211714396,16.3106641853615));
#4337=CARTESIAN_POINT('Ctrl Pts',(36.9888672829157,-54.4999465977659,16.6601805901633));
#4338=CARTESIAN_POINT('Ctrl Pts',(37.1767386079629,-56.8980339083853,16.8699860439879));
#4339=CARTESIAN_POINT('Ctrl Pts',(37.3648592184663,-58.1946668807199,16.7366608041287));
#4340=CARTESIAN_POINT('Ctrl Pts',(37.8600387768779,-60.6094342712676,15.9671170924691));
#4341=CARTESIAN_POINT('Ctrl Pts',(38.1625590061677,-61.7286900897449,15.3315041693211));
#4342=CARTESIAN_POINT('Ctrl Pts',(38.7104550980075,-63.5359131823624,13.8101728713738));
#4343=CARTESIAN_POINT('Ctrl Pts',(38.9938673138342,-64.3514962153486,12.8207567328368));
#4344=CARTESIAN_POINT('Ctrl Pts',(39.2083334502017,-64.9377623643024,11.6991736463966));
#4345=CARTESIAN_POINT('Ctrl Pts',(39.208725620673,-64.9388342753229,11.6971211502789));
#4346=CARTESIAN_POINT('Ctrl Pts',(39.2091175680485,-64.9399054482668,11.6950682388507));
#4347=CARTESIAN_POINT('',(39.4365084577661,-65.6462494978356,10.341354275206));
#4348=CARTESIAN_POINT('Origin',(6.63607192188436,-67.3985797923574,6.98299939126547));
#4349=CARTESIAN_POINT('',(40.5610121880085,-80.,11.597144723225));
#4350=CARTESIAN_POINT('',(36.6700371307842,-30.3335705524967,7.2518951887583));
#4351=CARTESIAN_POINT('',(7.84861728664264,-80.,41.2115354426912));
#4352=CARTESIAN_POINT('Origin',(7.62329432258795,-80.,8.08548080376069));
#4353=CARTESIAN_POINT('',(5.10664190170391,-45.,38.1494322192838));
#4354=CARTESIAN_POINT('',(3.95546581825378,-30.305789708373,36.8638553993005));
#4355=CARTESIAN_POINT('',(37.8190368030698,-45.,8.53504149981762));
#4356=CARTESIAN_POINT('Origin',(4.88131893764922,-45.,5.02337758035335));
#4357=CARTESIAN_POINT('',(36.6700371307842,-30.3335705524967,7.2518951887583));
#4358=CARTESIAN_POINT('Origin',(3.95546581825378,-33.1819292190457,3.98943036227289));
#4359=CARTESIAN_POINT('Origin',(-12.6348480035424,-71.0174986884371,30.));
#4360=CARTESIAN_POINT('',(-12.6348480035424,-71.0174986884371,39.9663378257037));
#4361=CARTESIAN_POINT('',(-31.1805265436615,-71.0174986884371,30.));
#4362=CARTESIAN_POINT('Origin',(-6.91958582283123,-71.0174986884371,7.29961376889219));
#4363=CARTESIAN_POINT('',(-12.6348480035424,-71.0174986884371,30.));
#4364=CARTESIAN_POINT('',(-12.6348480035424,-71.0174986884371,30.));
#4365=CARTESIAN_POINT('',(-34.8148622734339,-71.0174986884371,30.));
#4366=CARTESIAN_POINT('Origin',(-10.25,-71.7674986884371,30.));
#4367=CARTESIAN_POINT('',(-11.,-69.3826506848947,40.0417185147063));
#4368=CARTESIAN_POINT('Ctrl Pts',(-11.,-69.3826506848947,40.0417185147063));
#4369=CARTESIAN_POINT('Ctrl Pts',(-11.0075376243361,-69.3850211580836,40.0410329252033));
#4370=CARTESIAN_POINT('Ctrl Pts',(-11.0150643493328,-69.3874274743179,40.0403496245783));
#4371=CARTESIAN_POINT('Ctrl Pts',(-11.3395487711525,-69.4928644596284,40.0109492135605));
#4372=CARTESIAN_POINT('Ctrl Pts',(-11.6351224684496,-69.6626398847711,39.9866755301797));
#4373=CARTESIAN_POINT('Ctrl Pts',(-12.1130113550978,-70.0710909875958,39.9566376551021));
#4374=CARTESIAN_POINT('Ctrl Pts',(-12.3269776414689,-70.3366325894731,39.9489206243054));
#4375=CARTESIAN_POINT('Ctrl Pts',(-12.5410927783616,-70.7574831410634,39.9559223582815));
#4376=CARTESIAN_POINT('Ctrl Pts',(-12.5936300493898,-70.8864339475427,39.9600896104732));
#4377=CARTESIAN_POINT('Ctrl Pts',(-12.6348480035424,-71.0174986884371,39.9663378257037));
#4378=CARTESIAN_POINT('',(-11.,-69.3826506848947,30.));
#4379=CARTESIAN_POINT('',(-11.,-69.3826506848947,30.));
#4380=CARTESIAN_POINT('Origin',(-10.25,-71.7674986884371,30.));
#4381=CARTESIAN_POINT('Origin',(-11.,-53.6523466919794,30.));
#4382=CARTESIAN_POINT('',(-11.,-53.6523466919794,38.4921648609216));
#4383=CARTESIAN_POINT('Origin',(-11.,-123.102027596087,11.8564195933999));
#4384=CARTESIAN_POINT('',(-11.,-53.6523466919794,30.));
#4385=CARTESIAN_POINT('',(-11.,-53.6523466919794,30.));
#4386=CARTESIAN_POINT('',(-11.,-70.2785678817415,30.));
#4387=CARTESIAN_POINT('Origin',(-34.8148622734339,-72.5174986884371,30.));
#4388=CARTESIAN_POINT('',(-31.4198644931356,-72.5174986884371,30.));
#4389=CARTESIAN_POINT('',(-12.6348480035423,-72.5174986884371,40.1171663250241));
#4390=CARTESIAN_POINT('Origin',(-7.03709905361432,-72.5174986884371,7.43084676418108));
#4391=CARTESIAN_POINT('',(-12.6348480035423,-72.5174986884371,30.));
#4392=CARTESIAN_POINT('',(34.8148622734345,-72.5174986884371,30.));
#4393=CARTESIAN_POINT('',(-12.6348480035423,-72.5174986884371,30.));
#4394=CARTESIAN_POINT('Origin',(-10.25,-51.2674986884371,30.));
#4395=CARTESIAN_POINT('',(-12.6348480035424,-52.0174986884371,38.0177286460274));
#4396=CARTESIAN_POINT('Ctrl Pts',(-12.6348480035424,-52.0174986884371,38.0177286460274));
#4397=CARTESIAN_POINT('Ctrl Pts',(-12.6322220364466,-52.0258487316179,38.0191687502524));
#4398=CARTESIAN_POINT('Ctrl Pts',(-12.6295524123207,-52.0341843499569,38.020616267384));
#4399=CARTESIAN_POINT('Ctrl Pts',(-12.5237860324916,-52.3585556915298,38.0773295850892));
#4400=CARTESIAN_POINT('Ctrl Pts',(-12.3549199383607,-52.6516353350255,38.1435271673632));
#4401=CARTESIAN_POINT('Ctrl Pts',(-11.9501596761569,-53.1270294336356,38.2728803331466));
#4402=CARTESIAN_POINT('Ctrl Pts',(-11.6856742516722,-53.3412166883609,38.3449218704046));
#4403=CARTESIAN_POINT('Ctrl Pts',(-11.2635207869235,-53.5571406962577,38.4396024889969));
#4404=CARTESIAN_POINT('Ctrl Pts',(-11.1329777643178,-53.6105271197928,38.4667128193396));
#4405=CARTESIAN_POINT('Ctrl Pts',(-11.,-53.6523466919794,38.4921648609216));
#4406=CARTESIAN_POINT('',(-12.6348480035424,-52.0174986884371,30.));
#4407=CARTESIAN_POINT('',(-12.6348480035424,-52.0174986884371,30.));
#4408=CARTESIAN_POINT('Origin',(-10.25,-51.2674986884371,30.));
#4409=CARTESIAN_POINT('Origin',(-28.8947396961308,-52.0174986884371,30.));
#4410=CARTESIAN_POINT('',(-28.0247756631025,-52.0174986884371,30.));
#4411=CARTESIAN_POINT('Origin',(-5.43108489957878,-52.0174986884371,5.63732916189964));
#4412=CARTESIAN_POINT('',(28.8947396961303,-52.0174986884371,30.));
#4413=CARTESIAN_POINT('Origin',(-9.49999999999999,-69.3826506848947,30.));
#4414=CARTESIAN_POINT('',(-9.49999999999999,-69.3826506848947,40.1892431072245));
#4415=CARTESIAN_POINT('',(-9.49999999999999,-53.6523466919794,38.6968964968985));
#4416=CARTESIAN_POINT('Origin',(-9.49999999999999,-103.955247399454,10.1812933831718));
#4417=CARTESIAN_POINT('',(-9.49999999999999,-69.3826506848947,30.));
#4418=CARTESIAN_POINT('',(-9.49999999999999,-69.3826506848947,30.));
#4419=CARTESIAN_POINT('',(-9.49999999999999,-53.6523466919794,30.));
#4420=CARTESIAN_POINT('',(-9.49999999999999,-52.7564294951327,30.));
#4421=CARTESIAN_POINT('',(-9.49999999999999,-53.6523466919794,30.));
#4422=CARTESIAN_POINT('Origin',(-21.2824311367169,-61.5174986884371,30.));
#4423=CARTESIAN_POINT('Origin',(-27.2467582703486,-330.484100602883,30.));
#4424=CARTESIAN_POINT('',(-27.7649824328166,-50.5174986884371,30.));
#4425=CARTESIAN_POINT('Origin',(-27.2467582703486,-330.484100602883,30.));
#4426=CARTESIAN_POINT('',(-12.6348480035424,-50.5174986884371,30.));
#4427=CARTESIAN_POINT('',(-28.8947396961308,-50.5174986884371,30.));
#4428=CARTESIAN_POINT('Origin',(-10.25,-51.2674986884371,30.));
#4429=CARTESIAN_POINT('Origin',(-10.25,-71.7674986884371,30.));
#4430=CARTESIAN_POINT('',(-11.35,-71.7674986884371,30.));
#4431=CARTESIAN_POINT('Origin',(-10.25,-71.7674986884371,30.));
#4432=CARTESIAN_POINT('',(-11.35,-51.2674986884371,30.));
#4433=CARTESIAN_POINT('Origin',(-10.25,-51.2674986884371,30.));
#4434=CARTESIAN_POINT('Origin',(-10.25,-51.2674986884371,30.));
#4435=CARTESIAN_POINT('',(-12.6348480035424,-50.5174986884371,37.8608500370861));
#4436=CARTESIAN_POINT('Ctrl Pts',(-9.49999999999999,-53.6523466919794,38.6968964968985));
#4437=CARTESIAN_POINT('Ctrl Pts',(-9.49314577938607,-53.6501911393183,38.6974645762599));
#4438=CARTESIAN_POINT('Ctrl Pts',(-9.4863003199762,-53.6480058694209,38.6980267298225));
#4439=CARTESIAN_POINT('Ctrl Pts',(-9.16231471078673,-53.5430387247026,38.7243868559055));
#4440=CARTESIAN_POINT('Ctrl Pts',(-8.86596329354758,-53.373148179561,38.736747510055));
#4441=CARTESIAN_POINT('Ctrl Pts',(-8.38711727619236,-52.9641530411886,38.7400505372682));
#4442=CARTESIAN_POINT('Ctrl Pts',(-8.17312010727129,-52.6985103653711,38.73130632776));
#4443=CARTESIAN_POINT('Ctrl Pts',(-7.87062553085196,-52.1040401117092,38.6974258435842));
#4444=CARTESIAN_POINT('Ctrl Pts',(-7.7821146552129,-51.7752047454326,38.6725469635333));
#4445=CARTESIAN_POINT('Ctrl Pts',(-7.73306980819029,-51.1491708082863,38.6177760910505));
#4446=CARTESIAN_POINT('Ctrl Pts',(-7.76968056439661,-50.8101613080518,38.5841984880623));
#4447=CARTESIAN_POINT('Ctrl Pts',(-7.9761952929145,-50.1761903262773,38.5105816547777));
#4448=CARTESIAN_POINT('Ctrl Pts',(-8.14609688895501,-49.8812580570556,38.4702844177234));
#4449=CARTESIAN_POINT('Ctrl Pts',(-8.55380640448955,-49.4042368295275,38.3896238197266));
#4450=CARTESIAN_POINT('Ctrl Pts',(-8.81933839649793,-49.1904007224509,38.3437831360454));
#4451=CARTESIAN_POINT('Ctrl Pts',(-9.41358460591742,-48.8881000610191,38.2478188722914));
#4452=CARTESIAN_POINT('Ctrl Pts',(-9.74224742522674,-48.7996169879529,38.1974355362103));
#4453=CARTESIAN_POINT('Ctrl Pts',(-10.3681004482574,-48.7505863141318,38.1035532243769));
#4454=CARTESIAN_POINT('Ctrl Pts',(-10.7075365474002,-48.7870579590308,38.0537169093699));
#4455=CARTESIAN_POINT('Ctrl Pts',(-11.3436296725918,-48.9946370544379,37.9649309098575));
#4456=CARTESIAN_POINT('Ctrl Pts',(-11.64031810681,-49.1657557181403,37.9262326414093));
#4457=CARTESIAN_POINT('Ctrl Pts',(-12.1170598475333,-49.5758909595818,37.8738021144811));
#4458=CARTESIAN_POINT('Ctrl Pts',(-12.3295379042368,-49.8406521985429,37.8564005197699));
#4459=CARTESIAN_POINT('Ctrl Pts',(-12.5419551606169,-50.2596048622244,37.8542485576925));
#4460=CARTESIAN_POINT('Ctrl Pts',(-12.5939670794856,-50.3875056349442,37.8562350469598));
#4461=CARTESIAN_POINT('Ctrl Pts',(-12.6348480035424,-50.5174986884371,37.8608500370861));
#4462=CARTESIAN_POINT('',(-12.6348480035424,-50.5174986884371,30.));
#4463=CARTESIAN_POINT('Origin',(-12.6348480035424,-50.5174986884371,30.));
#4464=CARTESIAN_POINT('Origin',(-5.31357166879569,-50.5174986884371,5.50609616661075));
#4465=CARTESIAN_POINT('Origin',(-10.25,-51.2674986884371,30.));
#4466=CARTESIAN_POINT('',(-11.346639838152,-51.1815855615126,38.1849883450385));
#4467=CARTESIAN_POINT('',(-11.35,-51.2674986884374,38.1931012811923));
#4468=CARTESIAN_POINT('Ctrl Pts',(-11.346639838152,-51.1815855615126,38.1849883450385));
#4469=CARTESIAN_POINT('Ctrl Pts',(-11.3359063118379,-51.0445772487988,38.1730016708673));
#4470=CARTESIAN_POINT('Ctrl Pts',(-11.2971482524813,-50.9002167653052,38.1652689445769));
#4471=CARTESIAN_POINT('Ctrl Pts',(-11.1647020975867,-50.6392188586184,38.1619656605691));
#4472=CARTESIAN_POINT('Ctrl Pts',(-11.0710117875235,-50.5225832190762,38.1663431704315));
#4473=CARTESIAN_POINT('Ctrl Pts',(-10.8609256985055,-50.3422173739836,38.1832582118655));
#4474=CARTESIAN_POINT('Ctrl Pts',(-10.7303931868279,-50.2670743596312,38.1969869731355));
#4475=CARTESIAN_POINT('Ctrl Pts',(-10.4507253880855,-50.1760153981288,38.2314048099357));
#4476=CARTESIAN_POINT('Ctrl Pts',(-10.3015879740776,-50.1600867178751,38.2520428946845));
#4477=CARTESIAN_POINT('Ctrl Pts',(-10.0260992988385,-50.1816690940561,38.2933681144464));
#4478=CARTESIAN_POINT('Ctrl Pts',(-9.88120964873942,-50.2208064933627,38.3168478540064));
#4479=CARTESIAN_POINT('Ctrl Pts',(-9.61951844510737,-50.3542277059051,38.3636556515372));
#4480=CARTESIAN_POINT('Ctrl Pts',(-9.50272688207381,-50.4485134253467,38.3870341164182));
#4481=CARTESIAN_POINT('Ctrl Pts',(-9.32379602534656,-50.6583819142558,38.4284482565005));
#4482=CARTESIAN_POINT('Ctrl Pts',(-9.2492947062761,-50.7878778817008,38.4493023791751));
#4483=CARTESIAN_POINT('Ctrl Pts',(-9.15866722858766,-51.0664016872521,38.4861107003081));
#4484=CARTESIAN_POINT('Ctrl Pts',(-9.14255004693675,-51.2154258859577,38.502114522886));
#4485=CARTESIAN_POINT('Ctrl Pts',(-9.16411400357905,-51.4906794446243,38.5261960888645));
#4486=CARTESIAN_POINT('Ctrl Pts',(-9.2029743729494,-51.6352289853124,38.5359044455965));
#4487=CARTESIAN_POINT('Ctrl Pts',(-9.3358125695849,-51.8965849961717,38.5463398854459));
#4488=CARTESIAN_POINT('Ctrl Pts',(-9.42979634973955,-52.0133904867456,38.5470156612258));
#4489=CARTESIAN_POINT('Ctrl Pts',(-9.64028829843834,-52.1935347057484,38.5396017208322));
#4490=CARTESIAN_POINT('Ctrl Pts',(-9.77075511600385,-52.2684402990912,38.5309687018929));
#4491=CARTESIAN_POINT('Ctrl Pts',(-10.0500759929801,-52.3590985032931,38.5037445694589));
#4492=CARTESIAN_POINT('Ctrl Pts',(-10.1989190086994,-52.3748709408763,38.4851061967447));
#4493=CARTESIAN_POINT('Ctrl Pts',(-10.4744725005424,-52.353283486823,38.4437712540408));
#4494=CARTESIAN_POINT('Ctrl Pts',(-10.6195610085306,-52.3139219577671,38.4182426554869));
#4495=CARTESIAN_POINT('Ctrl Pts',(-10.8811886215027,-52.1802844886011,38.3642247320976));
#4496=CARTESIAN_POINT('Ctrl Pts',(-10.9977436506388,-52.0860194532528,38.3357855690455));
#4497=CARTESIAN_POINT('Ctrl Pts',(-11.1761927611039,-51.8765416983608,38.2849492357459));
#4498=CARTESIAN_POINT('Ctrl Pts',(-11.250576253522,-51.747356188594,38.2590777112117));
#4499=CARTESIAN_POINT('Ctrl Pts',(-11.33197776199,-51.4974731506519,38.2196089131743));
#4500=CARTESIAN_POINT('Ctrl Pts',(-11.3499999999999,-51.3804245558342,38.2045462779883));
#4501=CARTESIAN_POINT('Ctrl Pts',(-11.35,-51.2674986884378,38.1931012811923));
#4502=CARTESIAN_POINT('Ctrl Pts',(-11.35,-51.2674986884378,38.1931012811923));
#4503=CARTESIAN_POINT('Ctrl Pts',(-11.35,-51.2385295923917,38.1901652735345));
#4504=CARTESIAN_POINT('Ctrl Pts',(-11.3488527642571,-51.2098325013303,38.1874596320519));
#4505=CARTESIAN_POINT('Ctrl Pts',(-11.346639838152,-51.1815855615126,38.1849883450385));
#4506=CARTESIAN_POINT('',(-11.35,-51.2674986884371,30.));
#4507=CARTESIAN_POINT('Origin',(-10.25,-71.7674986884371,30.));
#4508=CARTESIAN_POINT('',(-11.346639838152,-71.6815855615126,40.222191509483));
#4509=CARTESIAN_POINT('',(-11.35,-71.7674986884373,40.2301345473616));
#4510=CARTESIAN_POINT('Ctrl Pts',(-11.346639838152,-71.6815855615126,40.222191509483));
#4511=CARTESIAN_POINT('Ctrl Pts',(-11.3358901118908,-71.544370464248,40.2101867440077));
#4512=CARTESIAN_POINT('Ctrl Pts',(-11.2970500400056,-71.3998485645542,40.2010643746949));
#4513=CARTESIAN_POINT('Ctrl Pts',(-11.1642620352765,-71.138527046878,40.1921322435934));
#4514=CARTESIAN_POINT('Ctrl Pts',(-11.0703089148852,-71.0217317788152,40.1922724102975));
#4515=CARTESIAN_POINT('Ctrl Pts',(-10.8601160799569,-70.8417738794593,40.1993994560908));
#4516=CARTESIAN_POINT('Ctrl Pts',(-10.7299106104644,-70.7668770975235,40.2068689371955));
#4517=CARTESIAN_POINT('Ctrl Pts',(-10.4506636600373,-70.6760355147364,40.2276488732085));
#4518=CARTESIAN_POINT('Ctrl Pts',(-10.3016205761008,-70.6600841637623,40.2409091211043));
#4519=CARTESIAN_POINT('Ctrl Pts',(-10.0262203599427,-70.6816596098684,40.2684511311304));
#4520=CARTESIAN_POINT('Ctrl Pts',(-9.88144380761137,-70.7207480872146,40.2845825576894));
#4521=CARTESIAN_POINT('Ctrl Pts',(-9.62000915785103,-70.8539167107801,40.3178865363435));
#4522=CARTESIAN_POINT('Ctrl Pts',(-9.50335693811196,-70.9479958548282,40.3351092161574));
#4523=CARTESIAN_POINT('Ctrl Pts',(-9.32409565601994,-71.1578111220737,40.366914210524));
#4524=CARTESIAN_POINT('Ctrl Pts',(-9.24939866379262,-71.2876044154757,40.3836414633491));
#4525=CARTESIAN_POINT('Ctrl Pts',(-9.15862936971694,-71.5664720471814,40.4149583700605));
#4526=CARTESIAN_POINT('Ctrl Pts',(-9.14255910265997,-71.715541477919,40.4295976021633));
#4527=CARTESIAN_POINT('Ctrl Pts',(-9.16413150792734,-71.9909028792304,40.4536886031507));
#4528=CARTESIAN_POINT('Ctrl Pts',(-9.20308053342045,-72.1355956503642,40.4647583114488));
#4529=CARTESIAN_POINT('Ctrl Pts',(-9.33619319013779,-72.397175482865,40.4807246708682));
#4530=CARTESIAN_POINT('Ctrl Pts',(-9.43036258772935,-72.5140626713146,40.4855711253916));
#4531=CARTESIAN_POINT('Ctrl Pts',(-9.64080061612646,-72.693784198358,40.4877981951812));
#4532=CARTESIAN_POINT('Ctrl Pts',(-9.77091089519434,-72.7684868340741,40.4853209809849));
#4533=CARTESIAN_POINT('Ctrl Pts',(-10.0498655827883,-72.8590342361279,40.4715825863784));
#4534=CARTESIAN_POINT('Ctrl Pts',(-10.1987047447066,-72.874887726779,40.4602724209056));
#4535=CARTESIAN_POINT('Ctrl Pts',(-10.4741683768155,-72.8533073125308,40.4327240688265));
#4536=CARTESIAN_POINT('Ctrl Pts',(-10.6190658095563,-72.8140668524705,40.4146099651105));
#4537=CARTESIAN_POINT('Ctrl Pts',(-10.8804014830016,-72.6807940735078,40.3742538094228));
#4538=CARTESIAN_POINT('Ctrl Pts',(-10.9968532039424,-72.5867729132539,40.3520622190387));
#4539=CARTESIAN_POINT('Ctrl Pts',(-11.1757855284504,-72.377307984257,40.3109555344993));
#4540=CARTESIAN_POINT('Ctrl Pts',(-11.2504298115831,-72.247736492576,40.2892650915305));
#4541=CARTESIAN_POINT('Ctrl Pts',(-11.3319983633342,-71.9974649335151,40.254822054259));
#4542=CARTESIAN_POINT('Ctrl Pts',(-11.3499999999999,-71.8803588405249,40.2411272014153));
#4543=CARTESIAN_POINT('Ctrl Pts',(-11.35,-71.7674986884375,40.2301345473616));
#4544=CARTESIAN_POINT('Ctrl Pts',(-11.35,-71.7674986884375,40.2301345473616));
#4545=CARTESIAN_POINT('Ctrl Pts',(-11.35,-71.7385211015501,40.2273121110803));
#4546=CARTESIAN_POINT('Ctrl Pts',(-11.3488520904212,-71.7098239001379,40.2246620439895));
#4547=CARTESIAN_POINT('Ctrl Pts',(-11.346639838152,-71.6815855615126,40.222191509483));
#4548=CARTESIAN_POINT('',(-11.35,-71.7674986884371,30.));
#4549=CARTESIAN_POINT('Origin',(-10.25,-71.7674986884371,30.));
#4550=CARTESIAN_POINT('Ctrl Pts',(-12.6348480035423,-72.5174986884371,40.1171663250241));
#4551=CARTESIAN_POINT('Ctrl Pts',(-12.6321782789784,-72.5259878714989,40.1184589215391));
#4552=CARTESIAN_POINT('Ctrl Pts',(-12.6294633202192,-72.5344624952871,40.1197569884145));
#4553=CARTESIAN_POINT('Ctrl Pts',(-12.5233928489053,-72.8595728993167,40.1698486955638));
#4554=CARTESIAN_POINT('Ctrl Pts',(-12.3538368143246,-73.1536626652535,40.2264225948057));
#4555=CARTESIAN_POINT('Ctrl Pts',(-11.9477517536355,-73.629091568967,40.3334203958338));
#4556=CARTESIAN_POINT('Ctrl Pts',(-11.6834453155431,-73.8426705381143,40.3910950038535));
#4557=CARTESIAN_POINT('Ctrl Pts',(-11.0896762550524,-74.1457433166219,40.4930985110522));
#4558=CARTESIAN_POINT('Ctrl Pts',(-10.7601467173401,-74.2351928266359,40.5371693350082));
#4559=CARTESIAN_POINT('Ctrl Pts',(-10.1337816991026,-74.2842636112643,40.5998103592346));
#4560=CARTESIAN_POINT('Ctrl Pts',(-9.79575375540773,-74.2483356130812,40.6227136176924));
#4561=CARTESIAN_POINT('Ctrl Pts',(-9.16221111554974,-74.042934218226,40.6438449545229));
#4562=CARTESIAN_POINT('Ctrl Pts',(-8.86671034887352,-73.8734444452867,40.6423306836212));
#4563=CARTESIAN_POINT('Ctrl Pts',(-8.38821146365036,-73.4654284399969,40.6238697285081));
#4564=CARTESIAN_POINT('Ctrl Pts',(-8.17390089790002,-73.199709075685,40.6057023849995));
#4565=CARTESIAN_POINT('Ctrl Pts',(-7.87087777537463,-72.604870405871,40.5593215799765));
#4566=CARTESIAN_POINT('Ctrl Pts',(-7.78215626332846,-72.2757358530613,40.5313625254578));
#4567=CARTESIAN_POINT('Ctrl Pts',(-7.73311546038477,-71.6497535366418,40.4765961692034));
#4568=CARTESIAN_POINT('Ctrl Pts',(-7.76952266253794,-71.3110239791522,40.4461236492554));
#4569=CARTESIAN_POINT('Ctrl Pts',(-7.97581043825627,-70.6769948336826,40.3850044119476));
#4570=CARTESIAN_POINT('Ctrl Pts',(-8.14569973623678,-70.381722726802,40.3541023319886));
#4571=CARTESIAN_POINT('Ctrl Pts',(-8.55354983881729,-69.9045370120527,40.295196055125));
#4572=CARTESIAN_POINT('Ctrl Pts',(-8.81886864873224,-69.6907223630384,40.263206146248));
#4573=CARTESIAN_POINT('Ctrl Pts',(-9.2396861726262,-69.4765300927633,40.2167835435892));
#4574=CARTESIAN_POINT('Ctrl Pts',(-9.36875879912004,-69.4239241331454,40.2029864366674));
#4575=CARTESIAN_POINT('Ctrl Pts',(-9.49999999999999,-69.3826506848947,40.1892431072245));
#4576=CARTESIAN_POINT('Origin',(-3.95546581825379,-33.1819292190457,3.98943036227289));
#4577=CARTESIAN_POINT('',(-39.0776918693774,-35.5852695825686,7.92418743447087));
#4578=CARTESIAN_POINT('',(-4.3804192651784,-35.5558050509223,39.3308119001974));
#4579=CARTESIAN_POINT('Origin',(-4.3804192651784,-38.6062560470904,4.46399746698633));
#4580=CARTESIAN_POINT('',(-39.9775304706725,-47.0712775235306,8.92908291847376));
#4581=CARTESIAN_POINT('',(-38.6527384224528,-30.160942754524,7.44962032975741));
#4582=CARTESIAN_POINT('',(-39.8688729554203,-47.4544616265773,10.1484498752225));
#4583=CARTESIAN_POINT('Origin',(-4.94930220322285,-45.8677737619917,5.09929794703286));
#4584=CARTESIAN_POINT('',(-41.2364555764491,-64.9399054482668,11.6950682388507));
#4585=CARTESIAN_POINT('Ctrl Pts',(-39.8688729554203,-47.4544616265773,10.1484498752225));
#4586=CARTESIAN_POINT('Ctrl Pts',(-39.8679581790162,-47.4571754800965,10.1570858892963));
#4587=CARTESIAN_POINT('Ctrl Pts',(-39.8670419439219,-47.459901652753,10.1657179470794));
#4588=CARTESIAN_POINT('Ctrl Pts',(-39.7373684910923,-47.8468648107203,11.384913615584));
#4589=CARTESIAN_POINT('Ctrl Pts',(-39.5788689494287,-48.4854923785242,12.5125000150378));
#4590=CARTESIAN_POINT('Ctrl Pts',(-39.3151866945439,-50.0207790327911,14.3323380624835));
#4591=CARTESIAN_POINT('Ctrl Pts',(-39.1925266605713,-51.0183304621401,15.1492616050014));
#4592=CARTESIAN_POINT('Ctrl Pts',(-39.0849300183542,-53.2602418565044,16.3134885232219));
#4593=CARTESIAN_POINT('Ctrl Pts',(-39.1042441438204,-54.5048963704794,16.6606136391628));
#4594=CARTESIAN_POINT('Ctrl Pts',(-39.1970500424903,-55.6895191323343,16.7642547013799));
#4595=CARTESIAN_POINT('Ctrl Pts',(-39.2913914929337,-56.8937424757154,16.869610592279));
#4596=CARTESIAN_POINT('Ctrl Pts',(-39.4731026366689,-58.1872117593538,16.7376752088412));
#4597=CARTESIAN_POINT('Ctrl Pts',(-39.947383207361,-60.5983925167317,15.9719869172779));
#4598=CARTESIAN_POINT('Ctrl Pts',(-40.2357962337637,-61.7170971859117,15.338793136664));
#4599=CARTESIAN_POINT('Ctrl Pts',(-40.7590811097244,-63.5283527680695,13.8189692457076));
#4600=CARTESIAN_POINT('Ctrl Pts',(-41.0300391884275,-64.3470797812438,12.8276128186031));
#4601=CARTESIAN_POINT('Ctrl Pts',(-41.2351149624962,-64.93605643761,11.7024389985824));
#4602=CARTESIAN_POINT('Ctrl Pts',(-41.2357856136647,-64.9379821347772,11.6987542843818));
#4603=CARTESIAN_POINT('Ctrl Pts',(-41.2364555764491,-64.9399054482668,11.6950682388507));
#4604=CARTESIAN_POINT('',(-41.4244137023649,-65.540047661804,10.5448909348388));
#4605=CARTESIAN_POINT('Origin',(-6.63607192188437,-67.3985797923574,6.98299939126547));
#4606=CARTESIAN_POINT('',(-45.4431775625787,-116.837639857594,15.0328487181463));
#4607=CARTESIAN_POINT('',(-38.6527384224528,-30.160942754524,7.44962032975741));
#4608=CARTESIAN_POINT('',(-11.0731681251729,-120.985532606642,46.8049445894312));
#4609=CARTESIAN_POINT('Origin',(-10.4875868317243,-116.561319394198,11.2841817743035));
#4610=CARTESIAN_POINT('',(-3.95546581825379,-30.1314782228777,38.856244795484));
#4611=CARTESIAN_POINT('Origin',(-3.95546581825379,-33.1819292190457,3.98943036227289));
#4612=CARTESIAN_POINT('',(-37.8416823004728,-47.4544616265773,10.1484498752225));
#4613=CARTESIAN_POINT('',(-37.9759174268182,-47.0025058800141,8.71023806296285));
#4614=CARTESIAN_POINT('Origin',(-4.94930220322285,-45.8677737619917,5.09929794703286));
#4615=CARTESIAN_POINT('',(-37.8190368030698,-45.,8.53504149981762));
#4616=CARTESIAN_POINT('',(-36.6700371307843,-30.3335705524967,7.2518951887583));
#4617=CARTESIAN_POINT('',(-5.10664190170392,-45.,38.1494322192838));
#4618=CARTESIAN_POINT('Origin',(-4.88131893764923,-45.,5.02337758035335));
#4619=CARTESIAN_POINT('',(-7.84861728664265,-80.,41.2115354426912));
#4620=CARTESIAN_POINT('',(-3.95546581825379,-30.305789708373,36.8638553993005));
#4621=CARTESIAN_POINT('',(-40.5610121880085,-80.,11.597144723225));
#4622=CARTESIAN_POINT('Origin',(-7.62329432258796,-80.,8.08548080376069));
#4623=CARTESIAN_POINT('',(-39.4365084577661,-65.6462494978356,10.341354275206));
#4624=CARTESIAN_POINT('',(-36.6700371307843,-30.3335705524967,7.2518951887583));
#4625=CARTESIAN_POINT('',(-39.2091175680485,-64.9399054482668,11.6950682388507));
#4626=CARTESIAN_POINT('Origin',(-6.63607192188437,-67.3985797923574,6.98299939126547));
#4627=CARTESIAN_POINT('Ctrl Pts',(-39.2091175680485,-64.9399054482668,11.6950682388507));
#4628=CARTESIAN_POINT('Ctrl Pts',(-39.208725620673,-64.9388342753229,11.6971211502789));
#4629=CARTESIAN_POINT('Ctrl Pts',(-39.2083334502018,-64.9377623643024,11.6991736463966));
#4630=CARTESIAN_POINT('Ctrl Pts',(-38.9938673138342,-64.3514962153486,12.8207567328368));
#4631=CARTESIAN_POINT('Ctrl Pts',(-38.7104550980075,-63.5359131823624,13.8101728713738));
#4632=CARTESIAN_POINT('Ctrl Pts',(-38.1625590061677,-61.7286900897449,15.3315041693211));
#4633=CARTESIAN_POINT('Ctrl Pts',(-37.8600387768779,-60.6094342712676,15.9671170924691));
#4634=CARTESIAN_POINT('Ctrl Pts',(-37.3648592184663,-58.19466688072,16.7366608041287));
#4635=CARTESIAN_POINT('Ctrl Pts',(-37.1767386079629,-56.8980339083853,16.8699860439879));
#4636=CARTESIAN_POINT('Ctrl Pts',(-37.082060957441,-55.6895191323343,16.7642547013799));
#4637=CARTESIAN_POINT('Ctrl Pts',(-36.9888672829157,-54.4999465977659,16.6601805901633));
#4638=CARTESIAN_POINT('Ctrl Pts',(-36.9753446634173,-53.2508211714396,16.3106641853615));
#4639=CARTESIAN_POINT('Ctrl Pts',(-37.103685134132,-51.0032079004149,15.1393179103492));
#4640=CARTESIAN_POINT('Ctrl Pts',(-37.2408577862201,-50.0043422387657,14.3177038266581));
#4641=CARTESIAN_POINT('Ctrl Pts',(-37.5302750028904,-48.4747120846229,12.4947615951181));
#4642=CARTESIAN_POINT('Ctrl Pts',(-37.701542164894,-47.8406281206024,11.3703170957734));
#4643=CARTESIAN_POINT('Ctrl Pts',(-37.840544253334,-47.4575898298812,10.1583901334464));
#4644=CARTESIAN_POINT('Ctrl Pts',(-37.8411135438916,-47.4560236890353,10.153420664278));
#4645=CARTESIAN_POINT('Ctrl Pts',(-37.8416823004728,-47.4544616265773,10.1484498752225));
#4646=CARTESIAN_POINT('Origin',(-3.95546581825379,-33.1819292190457,3.98943036227289));
#4647=CARTESIAN_POINT('Origin',(0.,-43.5741084260328,-2.19959493049173));
#4648=CARTESIAN_POINT('',(0.,-47.4544616265773,10.1484498752225));
#4649=CARTESIAN_POINT('',(38.4832096074418,-44.7995498548133,1.7));
#4650=CARTESIAN_POINT('',(39.0721902899064,-42.2418551125694,-6.43908622342314));
#4651=CARTESIAN_POINT('',(39.4919344256502,-44.7995498548133,1.7));
#4652=CARTESIAN_POINT('',(-6.66133814775094E-15,-44.7995498548133,1.7));
#4653=CARTESIAN_POINT('',(39.6149540291664,-44.2653275917168,0.));
#4654=CARTESIAN_POINT('',(40.0761303620494,-42.2626332470972,-6.37296612484743));
#4655=CARTESIAN_POINT('',(40.6236788473749,-44.2653275917168,0.));
#4656=CARTESIAN_POINT('',(-11.7500000120262,-44.2653275917168,1.38777878078145E-16));
#4657=CARTESIAN_POINT('',(41.0800704341925,-42.283411381625,-6.30684602627171));
#4658=CARTESIAN_POINT('Origin',(0.,-79.0343930538222,6.3));
#4659=CARTESIAN_POINT('',(42.9747582314879,-71.2684417276806,0.));
#4660=CARTESIAN_POINT('',(42.7120634683427,-70.1687017276856,1.67403876911328));
#4661=CARTESIAN_POINT('Origin',(43.0226477893851,-79.0343930538222,6.3));
#4662=CARTESIAN_POINT('',(41.9660334132794,-71.2684417276806,0.));
#4663=CARTESIAN_POINT('',(0.,-71.2684417276806,0.));
#4664=CARTESIAN_POINT('',(41.7033386501342,-70.1687017276856,1.67403876911328));
#4665=CARTESIAN_POINT('Origin',(42.0139229711767,-79.0343930538222,6.3));
#4666=CARTESIAN_POINT('',(0.,-70.1687017276856,1.67403876911328));
#4667=CARTESIAN_POINT('Origin',(0.,-79.0343930538222,6.3));
#4668=CARTESIAN_POINT('',(-42.7120634683427,-70.1687017276856,1.67403876911328));
#4669=CARTESIAN_POINT('',(-42.9747582314879,-71.2684417276806,0.));
#4670=CARTESIAN_POINT('Origin',(-43.0226477893851,-79.0343930538222,6.3));
#4671=CARTESIAN_POINT('',(-41.7033386501343,-70.1687017276856,1.67403876911328));
#4672=CARTESIAN_POINT('',(0.,-70.1687017276856,1.67403876911328));
#4673=CARTESIAN_POINT('',(-41.9660334132794,-71.2684417276806,0.));
#4674=CARTESIAN_POINT('Origin',(-42.0139229711767,-79.0343930538222,6.3));
#4675=CARTESIAN_POINT('',(0.,-71.2684417276806,0.));
#4676=CARTESIAN_POINT('Origin',(0.,-64.9399054482668,11.6950682388507));
#4677=CARTESIAN_POINT('',(39.7065850783318,-59.3650498827446,22.3793230704115));
#4678=CARTESIAN_POINT('',(41.6995702440949,-70.1551556156939,1.7));
#4679=CARTESIAN_POINT('',(38.7142937288051,-59.4241224998802,22.2661099319497));
#4680=CARTESIAN_POINT('',(40.6908454258864,-70.1551556156939,1.7));
#4681=CARTESIAN_POINT('',(-6.66133814775094E-15,-70.1551556156939,1.7));
#4682=CARTESIAN_POINT('',(37.7220023792784,-59.4831951170158,22.1528967934878));
#4683=CARTESIAN_POINT('',(0.,-64.9399054482668,11.6950682388507));
#4684=CARTESIAN_POINT('Origin',(0.,-64.9399054482668,11.6950682388507));
#4685=CARTESIAN_POINT('',(0.,-64.9399054482668,11.6950682388507));
#4686=CARTESIAN_POINT('',(-40.6908454258864,-70.1551556156939,1.7));
#4687=CARTESIAN_POINT('',(-37.7220023792784,-59.4831951170158,22.1528967934878));
#4688=CARTESIAN_POINT('',(-41.6995702440949,-70.1551556156939,1.7));
#4689=CARTESIAN_POINT('',(-6.66133814775094E-15,-70.1551556156939,1.7));
#4690=CARTESIAN_POINT('',(-38.7142937288051,-59.4241224998802,22.2661099319497));
#4691=CARTESIAN_POINT('',(-39.7065850783318,-59.3650498827446,22.3793230704115));
#4692=CARTESIAN_POINT('Origin',(0.,-56.5174986884371,7.30040506950827));
#4693=CARTESIAN_POINT('Origin',(0.,-56.5174986884371,7.30040506950827));
#4694=CARTESIAN_POINT('',(0.,-47.4544616265773,10.1484498752225));
#4695=CARTESIAN_POINT('Origin',(0.,-43.5741084260328,-2.19959493049173));
#4696=CARTESIAN_POINT('',(-40.6236788473749,-44.2653275917168,0.));
#4697=CARTESIAN_POINT('',(-41.0800704341925,-42.283411381625,-6.30684602627171));
#4698=CARTESIAN_POINT('',(-39.6149540291664,-44.2653275917168,0.));
#4699=CARTESIAN_POINT('',(-11.7500000120262,-44.2653275917168,1.38777878078145E-16));
#4700=CARTESIAN_POINT('',(-39.4919344256502,-44.7995498548133,1.7));
#4701=CARTESIAN_POINT('',(-40.0761303620494,-42.2626332470972,-6.37296612484743));
#4702=CARTESIAN_POINT('',(-38.4832096074418,-44.7995498548133,1.7));
#4703=CARTESIAN_POINT('',(-6.66133814775094E-15,-44.7995498548133,1.7));
#4704=CARTESIAN_POINT('',(-39.0721902899064,-42.2418551125694,-6.43908622342314));
#4705=CARTESIAN_POINT('Origin',(-36.9020608727662,-0.43852710205473,-0.94508616567452));
#4706=CARTESIAN_POINT('',(-46.7583814059167,-114.724910750791,0.));
#4707=CARTESIAN_POINT('',(-39.2775080552247,-28.8040021287966,0.));
#4708=CARTESIAN_POINT('',(-47.4300747738799,-113.645909851781,-7.67749032723787));
#4709=CARTESIAN_POINT('Origin',(-35.9107102269319,-0.524841001041063,-1.04394873617408));
#4710=CARTESIAN_POINT('',(-45.1687401969918,-110.,1.7));
#4711=CARTESIAN_POINT('',(-38.154456071798,-29.4380606224626,1.7));
#4712=CARTESIAN_POINT('',(-45.338272915365,-110.,0.));
#4713=CARTESIAN_POINT('',(-43.9637714251658,-110.,13.7829001726714));
#4714=CARTESIAN_POINT('',(-38.2763725028742,-28.8911679699652,0.));
#4715=CARTESIAN_POINT('Origin',(-34.9193595810977,-0.611154900027397,-1.14281130667364));
#4716=CARTESIAN_POINT('',(-41.3984185241856,-80.,3.2));
#4717=CARTESIAN_POINT('',(-40.3786914285804,-80.,13.4253776094913));
#4718=CARTESIAN_POINT('',(-41.4854854962494,-81.,3.2));
#4719=CARTESIAN_POINT('',(-37.0048582682617,-29.5381526223078,3.2));
#4720=CARTESIAN_POINT('',(-40.6393543418639,-81.,11.6846333867509));
#4721=CARTESIAN_POINT('',(-40.4649010373566,-81.,13.4339748738005));
#4722=CARTESIAN_POINT('',(-42.5297496385524,-105.129988820295,13.795733859534));
#4723=CARTESIAN_POINT('',(-36.6700371307843,-30.3335705524967,7.2518951887583));
#4724=CARTESIAN_POINT('',(-43.6186263118138,-105.5,3.2));
#4725=CARTESIAN_POINT('',(-43.600415136672,-105.493811660619,3.37721085391066));
#4726=CARTESIAN_POINT('',(-43.7056932838777,-106.5,3.2));
#4727=CARTESIAN_POINT('',(-39.0750467036452,-53.3151186326263,3.2));
#4728=CARTESIAN_POINT('',(-42.6664844863486,-106.875343537611,13.9484326111306));
#4729=CARTESIAN_POINT('',(-44.0542348003888,-106.374113069363,-0.404930030719518));
#4730=CARTESIAN_POINT('',(-42.8329346498149,-109.,14.1343159654768));
#4731=CARTESIAN_POINT('',(-36.6700371307843,-30.3335705524967,7.2518951887583));
#4732=CARTESIAN_POINT('',(-43.4446800974543,-109.,8.));
#4733=CARTESIAN_POINT('',(-42.8787700830917,-109.,13.6746982744595));
#4734=CARTESIAN_POINT('',(-43.5317470695182,-110.,8.));
#4735=CARTESIAN_POINT('',(-36.5297790644671,-29.5795163300727,8.));
#4736=CARTESIAN_POINT('',(-42.9112768036703,-110.,14.2218046290027));
#4737=CARTESIAN_POINT('',(-42.964979691868,-110.,13.6832955387687));
#4738=CARTESIAN_POINT('',(-43.0679611113811,-112.,14.3967819560545));
#4739=CARTESIAN_POINT('',(-36.6700371307843,-30.3335705524967,7.2518951887583));
#4740=CARTESIAN_POINT('',(-44.5036820412842,-112.,1.73472347597681E-17));
#4741=CARTESIAN_POINT('',(-43.1373989094205,-112.,13.7004900673872));
#4742=CARTESIAN_POINT('',(-44.3295480971565,-110.,0.));
#4743=CARTESIAN_POINT('',(-37.2752369505237,-28.9783338111338,0.));
#4744=CARTESIAN_POINT('',(-44.1600153787834,-110.,1.7));
#4745=CARTESIAN_POINT('',(-42.964979691868,-110.,13.6832955387687));
#4746=CARTESIAN_POINT('',(-37.1533205194475,-29.5252264636313,1.7));
#4747=CARTESIAN_POINT('Origin',(36.9020608727662,-0.43852710205473,-0.94508616567452));
#4748=CARTESIAN_POINT('',(39.7462783226892,-34.1880215376805,0.));
#4749=CARTESIAN_POINT('',(39.2775080552247,-28.8040021287966,0.));
#4750=CARTESIAN_POINT('',(40.125425200187,-33.3956599355495,-4.4937059487285));
#4751=CARTESIAN_POINT('Origin',(-23.5000000240523,-58.75,0.));
#4752=CARTESIAN_POINT('',(-11.7500000120262,-110.,0.));
#4753=CARTESIAN_POINT('',(-43.4949572230757,-112.,-6.93889390390723E-17));
#4754=CARTESIAN_POINT('',(-11.7500000120262,-112.,0.));
#4755=CARTESIAN_POINT('',(-43.9738255694269,-117.5,1.73472347597681E-17));
#4756=CARTESIAN_POINT('',(-36.2741013981732,-29.0654996523025,0.));
#4757=CARTESIAN_POINT('',(-44.2279412344123,-117.5,0.));
#4758=CARTESIAN_POINT('',(-2.40523109405079E-8,-117.5,0.));
#4759=CARTESIAN_POINT('Origin',(-44.2583814059167,-114.975431068703,0.));
#4760=CARTESIAN_POINT('Origin',(-23.5000000240523,-58.75,0.));
#4761=CARTESIAN_POINT('',(46.7583814059167,-114.724910750791,0.));
#4762=CARTESIAN_POINT('',(39.2775080552247,-28.8040021287966,0.));
#4763=CARTESIAN_POINT('',(44.2279412344123,-117.5,0.));
#4764=CARTESIAN_POINT('Origin',(44.2583814059167,-114.975431068703,0.));
#4765=CARTESIAN_POINT('',(43.9738255694269,-117.5,1.73472347597681E-17));
#4766=CARTESIAN_POINT('',(-2.40523109405079E-8,-117.5,0.));
#4767=CARTESIAN_POINT('',(43.4949572230757,-112.,-6.93889390390723E-17));
#4768=CARTESIAN_POINT('',(36.0972962431645,-27.0348196961997,0.));
#4769=CARTESIAN_POINT('',(44.5036820412842,-112.,1.73472347597681E-17));
#4770=CARTESIAN_POINT('',(-11.7500000120262,-112.,0.));
#4771=CARTESIAN_POINT('',(44.3295480971565,-110.,2.77555756156289E-16));
#4772=CARTESIAN_POINT('',(37.098431795515,-26.947653855031,5.55111512312578E-16));
#4773=CARTESIAN_POINT('',(45.338272915365,-110.,0.));
#4774=CARTESIAN_POINT('',(-11.7500000120262,-110.,0.));
#4775=CARTESIAN_POINT('',(38.0995673478656,-26.8604880138624,0.));
#4776=CARTESIAN_POINT('Origin',(35.9107102269319,-0.524841001041063,-1.04394873617408));
#4777=CARTESIAN_POINT('',(45.1687401969918,-110.,1.7));
#4778=CARTESIAN_POINT('',(43.9637714251658,-110.,13.7829001726714));
#4779=CARTESIAN_POINT('',(38.154456071798,-29.4380606224626,1.7));
#4780=CARTESIAN_POINT('Origin',(35.9107102269319,-0.524841001041063,-1.04394873617408));
#4781=CARTESIAN_POINT('',(38.6031524751764,-34.5915234424325,1.7));
#4782=CARTESIAN_POINT('',(38.154456071798,-29.4380606224626,1.7));
#4783=CARTESIAN_POINT('',(38.7465863578337,-34.2917675752281,0.));
#4784=CARTESIAN_POINT('',(39.1340745543528,-33.4819738345359,-4.59256851922806));
#4785=CARTESIAN_POINT('',(38.0995673478656,-26.8604880138624,0.));
#4786=CARTESIAN_POINT('Origin',(-1.33226762955019E-14,-61.8686293615923,
1.7));
#4787=CARTESIAN_POINT('',(-1.33226762955019E-14,-110.,1.7));
#4788=CARTESIAN_POINT('Origin',(-1.33226762955019E-14,-61.8686293615923,
1.7));
#4789=CARTESIAN_POINT('',(44.1600153787834,-110.,1.7));
#4790=CARTESIAN_POINT('',(-1.33226762955019E-14,-110.,1.7));
#4791=CARTESIAN_POINT('',(37.1533205194475,-29.5252264636313,1.7));
#4792=CARTESIAN_POINT('Origin',(3.95546581825378,-33.1819292190457,3.98943036227289));
#4793=CARTESIAN_POINT('Origin',(34.9193595810977,-0.611154900027397,-1.14281130667364));
#4794=CARTESIAN_POINT('',(42.9649796918679,-110.,13.6832955387687));
#4795=CARTESIAN_POINT('',(43.0679611113811,-112.,14.3967819560545));
#4796=CARTESIAN_POINT('',(43.1373989094205,-112.,13.7004900673872));
#4797=CARTESIAN_POINT('',(42.9112768036703,-110.,14.2218046290027));
#4798=CARTESIAN_POINT('',(36.6700371307842,-30.3335705524967,7.2518951887583));
#4799=CARTESIAN_POINT('',(43.5317470695182,-110.,8.));
#4800=CARTESIAN_POINT('',(42.9649796918679,-110.,13.6832955387687));
#4801=CARTESIAN_POINT('',(43.4446800974543,-109.,8.));
#4802=CARTESIAN_POINT('',(36.5297790644671,-29.5795163300727,8.));
#4803=CARTESIAN_POINT('',(42.8329346498149,-109.,14.1343159654768));
#4804=CARTESIAN_POINT('',(42.8787700830917,-109.,13.6746982744595));
#4805=CARTESIAN_POINT('',(42.6664844863486,-106.875343537611,13.9484326111306));
#4806=CARTESIAN_POINT('',(36.6700371307842,-30.3335705524967,7.2518951887583));
#4807=CARTESIAN_POINT('',(43.7056932838777,-106.5,3.2));
#4808=CARTESIAN_POINT('',(43.640858262031,-106.523417244464,3.87058214366269));
#4809=CARTESIAN_POINT('',(43.6186263118138,-105.5,3.2));
#4810=CARTESIAN_POINT('',(39.0737517065426,-53.3002450580441,3.2));
#4811=CARTESIAN_POINT('',(42.5297496385524,-105.129988820295,13.795733859534));
#4812=CARTESIAN_POINT('',(43.1598217939917,-105.34409363791,7.66457407323662));
#4813=CARTESIAN_POINT('',(40.6393543418639,-81.,11.6846333867509));
#4814=CARTESIAN_POINT('',(36.6700371307842,-30.3335705524967,7.2518951887583));
#4815=CARTESIAN_POINT('',(41.4854854962494,-81.,3.2));
#4816=CARTESIAN_POINT('',(40.4649010373566,-81.,13.4339748738005));
#4817=CARTESIAN_POINT('',(41.3984185241856,-80.,3.2));
#4818=CARTESIAN_POINT('',(37.0048582682617,-29.5381526223078,3.2));
#4819=CARTESIAN_POINT('',(40.3786914285804,-80.,13.4253776094913));
#4820=CARTESIAN_POINT('Origin',(34.9193595810977,-0.611154900027397,-1.14281130667364));
#4821=CARTESIAN_POINT('',(38.3510745019507,-45.,3.2));
#4822=CARTESIAN_POINT('',(37.3613551214115,-45.,13.1244733586676));
#4823=CARTESIAN_POINT('',(38.2640075298869,-44.,3.2));
#4824=CARTESIAN_POINT('',(37.0048582682617,-29.5381526223078,3.2));
#4825=CARTESIAN_POINT('',(37.7406946492144,-44.,8.44755283629169));
#4826=CARTESIAN_POINT('',(37.2751455126352,-44.,13.1158760943583));
#4827=CARTESIAN_POINT('',(37.0949905777088,-35.7578973805413,7.72646229347175));
#4828=CARTESIAN_POINT('',(36.6700371307842,-30.3335705524967,7.2518951887583));
#4829=CARTESIAN_POINT('',(37.6034605103208,-34.6952694799801,1.7));
#4830=CARTESIAN_POINT('',(38.1427239085185,-33.5682877335222,-4.69143108972761));
#4831=CARTESIAN_POINT('',(37.1533205194475,-29.5252264636313,1.7));
#4832=CARTESIAN_POINT('Origin',(-32.9366582894292,-0.783782698000064,-1.34053644767275));
#4833=CARTESIAN_POINT('',(-40.9574489692682,-109.,12.7107634660225));
#4834=CARTESIAN_POINT('',(-40.8460673792404,-109.119451076362,13.9319384641732));
#4835=CARTESIAN_POINT('Origin',(-37.3315155104988,-106.145269892436,46.5776614542812));
#4836=CARTESIAN_POINT('',(-40.9150514784933,-110.,14.0089765126715));
#4837=CARTESIAN_POINT('',(-34.6873358391157,-30.5061983504694,7.05417004775918));
#4838=CARTESIAN_POINT('',(-41.5142974331013,-110.,8.));
#4839=CARTESIAN_POINT('',(-40.9673962252723,-110.,13.4840862709633));
#4840=CARTESIAN_POINT('',(-41.4272304610374,-109.,8.));
#4841=CARTESIAN_POINT('',(-34.5275079597661,-29.75384801241,8.));
#4842=CARTESIAN_POINT('',(-40.8811866164961,-109.,13.4754890066541));
#4843=CARTESIAN_POINT('Origin',(-39.,-106.,3.2));
#4844=CARTESIAN_POINT('',(-41.4403348269609,-109.,20.8742889642823));
#4845=CARTESIAN_POINT('Ctrl Pts',(-41.4403348269609,-109.,20.8742889642823));
#4846=CARTESIAN_POINT('Ctrl Pts',(-41.1896521688366,-109.,16.3443401293093));
#4847=CARTESIAN_POINT('Ctrl Pts',(-40.9574489692681,-109.,12.7107634660208));
#4848=CARTESIAN_POINT('',(-42.5468808899783,-106.912338917762,15.0078416874472));
#4849=CARTESIAN_POINT('Ctrl Pts',(-42.5468808899783,-106.912338917762,15.0078416874472));
#4850=CARTESIAN_POINT('Ctrl Pts',(-42.5279090345338,-107.016078031896,15.2217282888521));
#4851=CARTESIAN_POINT('Ctrl Pts',(-42.5056814720903,-107.115322569324,15.4421760064634));
#4852=CARTESIAN_POINT('Ctrl Pts',(-42.4222357593364,-107.433969425725,16.183429832674));
#4853=CARTESIAN_POINT('Ctrl Pts',(-42.3480264033047,-107.637051268391,16.7115085945627));
#4854=CARTESIAN_POINT('Ctrl Pts',(-42.0791267166673,-108.239999191746,18.3549293172079));
#4855=CARTESIAN_POINT('Ctrl Pts',(-41.8046820285941,-108.646808806654,19.6121640915346));
#4856=CARTESIAN_POINT('Ctrl Pts',(-41.4403348475656,-108.999999980026,20.8742888929062));
#4857=CARTESIAN_POINT('',(-42.2113081446663,-106.5,3.2));
#4858=CARTESIAN_POINT('Ctrl Pts',(-42.211308144896,-106.5,3.19999999998769));
#4859=CARTESIAN_POINT('Ctrl Pts',(-42.3790945175246,-106.695932270919,8.81076613632117));
#4860=CARTESIAN_POINT('Ctrl Pts',(-42.5468808901532,-106.912338917721,15.007841686268));
#4861=CARTESIAN_POINT('',(-42.2113081446663,-105.5,3.2));
#4862=CARTESIAN_POINT('Origin',(-39.,-106.,3.2));
#4863=CARTESIAN_POINT('',(-42.5171892649269,-105.125796304488,13.9157918040911));
#4864=CARTESIAN_POINT('Ctrl Pts',(-42.51718926509,-105.125796304546,13.91579180242));
#4865=CARTESIAN_POINT('Ctrl Pts',(-42.364248704993,-105.321403903154,8.3143230646144));
#4866=CARTESIAN_POINT('Ctrl Pts',(-42.2113081448961,-105.5,3.199999999991));
#4867=CARTESIAN_POINT('',(-36.0241774077538,-109.,31.1369348478519));
#4868=CARTESIAN_POINT('Ctrl Pts',(-36.0241773974196,-108.99999999031,31.1369348592594));
#4869=CARTESIAN_POINT('Ctrl Pts',(-35.9786545639896,-108.95731570466,31.1871855777958));
#4870=CARTESIAN_POINT('Ctrl Pts',(-35.9335254965775,-108.913021359699,31.2362810993261));
#4871=CARTESIAN_POINT('Ctrl Pts',(-35.6145040058935,-108.584454570965,31.5781780097656));
#4872=CARTESIAN_POINT('Ctrl Pts',(-35.3374398249968,-108.210118615558,31.8447398093329));
#4873=CARTESIAN_POINT('Ctrl Pts',(-35.0273359065124,-107.554135480942,32.0933897632063));
#4874=CARTESIAN_POINT('Ctrl Pts',(-34.9408815416789,-107.319923023409,32.1522379856507));
#4875=CARTESIAN_POINT('Ctrl Pts',(-34.812465476892,-106.837829313244,32.2152729829213));
#4876=CARTESIAN_POINT('Ctrl Pts',(-34.7705398701485,-106.589937853052,32.219455214099));
#4877=CARTESIAN_POINT('Ctrl Pts',(-34.7311541581083,-106.087198138837,32.1754711884009));
#4878=CARTESIAN_POINT('Ctrl Pts',(-34.7359054611212,-105.80850108381,32.1205425974986));
#4879=CARTESIAN_POINT('Ctrl Pts',(-34.7996360216105,-105.274894393396,31.9512332516807));
#4880=CARTESIAN_POINT('Ctrl Pts',(-34.8581358034754,-105.019819336407,31.8371939208087));
#4881=CARTESIAN_POINT('Ctrl Pts',(-35.0214824636893,-104.500873826335,31.5497874756853));
#4882=CARTESIAN_POINT('Ctrl Pts',(-35.1543520372651,-104.20646274629,31.3365739155524));
#4883=CARTESIAN_POINT('Ctrl Pts',(-35.4627186372435,-103.68648399222,30.8584195268246));
#4884=CARTESIAN_POINT('Ctrl Pts',(-35.6375015557855,-103.460217968026,30.5937781665025));
#4885=CARTESIAN_POINT('Ctrl Pts',(-36.238626757327,-102.80386383499,29.6811972386663));
#4886=CARTESIAN_POINT('Ctrl Pts',(-36.7517387747362,-102.472713424201,28.8961888640729));
#4887=CARTESIAN_POINT('Ctrl Pts',(-37.7622633588553,-102.06467012158,27.2356944051249));
#4888=CARTESIAN_POINT('Ctrl Pts',(-38.2588642484456,-101.986863009086,26.3599392525367));
#4889=CARTESIAN_POINT('Ctrl Pts',(-39.2333810322208,-101.975775960338,24.4968832329993));
#4890=CARTESIAN_POINT('Ctrl Pts',(-39.7822074589532,-102.090479967177,23.3293496840573));
#4891=CARTESIAN_POINT('Ctrl Pts',(-40.740276225688,-102.504022757902,20.9655367566131));
#4892=CARTESIAN_POINT('Ctrl Pts',(-41.1495866125609,-102.79988003173,19.7687643170445));
#4893=CARTESIAN_POINT('Ctrl Pts',(-41.6644118183413,-103.322750468944,17.9971285321162));
#4894=CARTESIAN_POINT('Ctrl Pts',(-41.8572209380109,-103.564650280656,17.251279607107));
#4895=CARTESIAN_POINT('Ctrl Pts',(-42.1867739554054,-104.114130132602,15.7764140763466));
#4896=CARTESIAN_POINT('Ctrl Pts',(-42.3229813093767,-104.410619546128,15.0431695568495));
#4897=CARTESIAN_POINT('Ctrl Pts',(-42.4590091873375,-104.875102737579,14.2519040764796));
#4898=CARTESIAN_POINT('Ctrl Pts',(-42.4894787777612,-104.991898696222,14.0705860423337));
#4899=CARTESIAN_POINT('Ctrl Pts',(-42.517189264927,-105.125796304488,13.9157918040911));
#4900=CARTESIAN_POINT('',(-36.2139294645269,-109.,27.3737296819517));
#4901=CARTESIAN_POINT('Ctrl Pts',(-36.2139294645273,-109.,27.3737296819512));
#4902=CARTESIAN_POINT('Ctrl Pts',(-36.1205520446976,-109.,29.1933668739734));
#4903=CARTESIAN_POINT('Ctrl Pts',(-36.0241774077538,-109.,31.1369348478519));
#4904=CARTESIAN_POINT('Ctrl Pts',(-40.8460673792404,-109.119451076362,13.9319384641732));
#4905=CARTESIAN_POINT('Ctrl Pts',(-40.8357711021458,-109.130111493903,14.0444923163947));
#4906=CARTESIAN_POINT('Ctrl Pts',(-40.8248789229141,-109.141029731064,14.1571256293214));
#4907=CARTESIAN_POINT('Ctrl Pts',(-40.6755494058316,-109.285930573103,15.6214883094881));
#4908=CARTESIAN_POINT('Ctrl Pts',(-40.4506388299401,-109.454805879387,16.9812921208628));
#4909=CARTESIAN_POINT('Ctrl Pts',(-39.824250041726,-109.750126916521,19.6454020970999));
#4910=CARTESIAN_POINT('Ctrl Pts',(-39.4230913359633,-109.876620937531,20.9491720570227));
#4911=CARTESIAN_POINT('Ctrl Pts',(-38.4591244714405,-109.949103320406,23.4399847141625));
#4912=CARTESIAN_POINT('Ctrl Pts',(-37.8973928466738,-109.90342378767,24.6271944891954));
#4913=CARTESIAN_POINT('Ctrl Pts',(-36.9831053067942,-109.52949050608,26.2174361115194));
#4914=CARTESIAN_POINT('Ctrl Pts',(-36.660550704166,-109.357530294926,26.7328741192936));
#4915=CARTESIAN_POINT('Ctrl Pts',(-36.2979639422112,-109.070860490941,27.2551482361391));
#4916=CARTESIAN_POINT('Ctrl Pts',(-36.2558599060629,-109.036140133864,27.3149713135222));
#4917=CARTESIAN_POINT('Ctrl Pts',(-36.2139294628027,-108.999999998514,27.373729684368));
#4918=CARTESIAN_POINT('Origin',(32.9366582894291,-0.783782698000064,-1.34053644767275));
#4919=CARTESIAN_POINT('',(40.8460673792404,-109.119451076362,13.9319384641732));
#4920=CARTESIAN_POINT('',(40.9574489692682,-109.,12.7107634660222));
#4921=CARTESIAN_POINT('Origin',(37.3315155104988,-106.145269892436,46.5776614542811));
#4922=CARTESIAN_POINT('',(41.4272304610374,-109.,8.));
#4923=CARTESIAN_POINT('',(40.8811866164961,-109.,13.4754890066541));
#4924=CARTESIAN_POINT('',(41.5142974331013,-110.,8.));
#4925=CARTESIAN_POINT('',(34.5275079597661,-29.75384801241,8.));
#4926=CARTESIAN_POINT('',(40.9150514784933,-110.,14.0089765126715));
#4927=CARTESIAN_POINT('',(40.9673962252723,-110.,13.4840862709633));
#4928=CARTESIAN_POINT('',(34.6873358391157,-30.5061983504694,7.05417004775918));
#4929=CARTESIAN_POINT('Origin',(39.,-106.,3.2));
#4930=CARTESIAN_POINT('',(36.2139294628027,-108.999999999257,27.373729684368));
#4931=CARTESIAN_POINT('Ctrl Pts',(36.2139294628027,-108.999999998514,27.373729684368));
#4932=CARTESIAN_POINT('Ctrl Pts',(36.2558599060629,-109.036140133864,27.3149713135222));
#4933=CARTESIAN_POINT('Ctrl Pts',(36.2979639422112,-109.070860490941,27.2551482361391));
#4934=CARTESIAN_POINT('Ctrl Pts',(36.660550704166,-109.357530294926,26.7328741192936));
#4935=CARTESIAN_POINT('Ctrl Pts',(36.9831053067942,-109.52949050608,26.2174361115194));
#4936=CARTESIAN_POINT('Ctrl Pts',(37.8973928466738,-109.90342378767,24.6271944891954));
#4937=CARTESIAN_POINT('Ctrl Pts',(38.4591244714405,-109.949103320406,23.4399847141624));
#4938=CARTESIAN_POINT('Ctrl Pts',(39.4230913359632,-109.876620937531,20.9491720570227));
#4939=CARTESIAN_POINT('Ctrl Pts',(39.824250041726,-109.750126916521,19.6454020970999));
#4940=CARTESIAN_POINT('Ctrl Pts',(40.4506388299401,-109.454805879387,16.9812921208628));
#4941=CARTESIAN_POINT('Ctrl Pts',(40.6755494058316,-109.285930573103,15.6214883094881));
#4942=CARTESIAN_POINT('Ctrl Pts',(40.8248789229141,-109.141029731064,14.1571256293214));
#4943=CARTESIAN_POINT('Ctrl Pts',(40.8357711021458,-109.130111493903,14.0444923163947));
#4944=CARTESIAN_POINT('Ctrl Pts',(40.8460673792404,-109.119451076362,13.9319384641732));
#4945=CARTESIAN_POINT('',(36.0241773974196,-108.999999995155,31.1369348592594));
#4946=CARTESIAN_POINT('Ctrl Pts',(36.0241774077538,-109.,31.1369348478519));
#4947=CARTESIAN_POINT('Ctrl Pts',(36.1205520446975,-109.,29.1933668739735));
#4948=CARTESIAN_POINT('Ctrl Pts',(36.2139294645272,-109.,27.3737296819513));
#4949=CARTESIAN_POINT('',(42.517189264927,-105.125796304488,13.915791804091));
#4950=CARTESIAN_POINT('Ctrl Pts',(42.517189264927,-105.125796304488,13.915791804091));
#4951=CARTESIAN_POINT('Ctrl Pts',(42.4894787777612,-104.991898696222,14.0705860423336));
#4952=CARTESIAN_POINT('Ctrl Pts',(42.4590091873375,-104.875102737579,14.2519040764795));
#4953=CARTESIAN_POINT('Ctrl Pts',(42.3229813093767,-104.410619546128,15.0431695568494));
#4954=CARTESIAN_POINT('Ctrl Pts',(42.1867739554054,-104.114130132602,15.7764140763466));
#4955=CARTESIAN_POINT('Ctrl Pts',(41.8572209380109,-103.564650280656,17.2512796071069));
#4956=CARTESIAN_POINT('Ctrl Pts',(41.6644118183413,-103.322750468944,17.9971285321162));
#4957=CARTESIAN_POINT('Ctrl Pts',(41.1495866125609,-102.79988003173,19.7687643170445));
#4958=CARTESIAN_POINT('Ctrl Pts',(40.740276225688,-102.504022757902,20.9655367566131));
#4959=CARTESIAN_POINT('Ctrl Pts',(39.7822074589532,-102.090479967177,23.3293496840573));
#4960=CARTESIAN_POINT('Ctrl Pts',(39.2333810322208,-101.975775960338,24.4968832329993));
#4961=CARTESIAN_POINT('Ctrl Pts',(38.2588642484456,-101.986863009086,26.3599392525367));
#4962=CARTESIAN_POINT('Ctrl Pts',(37.7622633588553,-102.06467012158,27.2356944051249));
#4963=CARTESIAN_POINT('Ctrl Pts',(36.7517387747362,-102.472713424201,28.8961888640729));
#4964=CARTESIAN_POINT('Ctrl Pts',(36.238626757327,-102.80386383499,29.6811972386663));
#4965=CARTESIAN_POINT('Ctrl Pts',(35.6375015557854,-103.460217968026,30.5937781665025));
#4966=CARTESIAN_POINT('Ctrl Pts',(35.4627186372435,-103.68648399222,30.8584195268246));
#4967=CARTESIAN_POINT('Ctrl Pts',(35.1543520372651,-104.20646274629,31.3365739155524));
#4968=CARTESIAN_POINT('Ctrl Pts',(35.0214824636893,-104.500873826335,31.5497874756853));
#4969=CARTESIAN_POINT('Ctrl Pts',(34.8581358034754,-105.019819336407,31.8371939208087));
#4970=CARTESIAN_POINT('Ctrl Pts',(34.7996360216105,-105.274894393396,31.9512332516807));
#4971=CARTESIAN_POINT('Ctrl Pts',(34.7359054611212,-105.80850108381,32.1205425974986));
#4972=CARTESIAN_POINT('Ctrl Pts',(34.7311541581083,-106.087198138837,32.1754711884009));
#4973=CARTESIAN_POINT('Ctrl Pts',(34.7705398701485,-106.589937853052,32.219455214099));
#4974=CARTESIAN_POINT('Ctrl Pts',(34.812465476892,-106.837829313244,32.2152729829213));
#4975=CARTESIAN_POINT('Ctrl Pts',(34.9408815416789,-107.319923023409,32.1522379856507));
#4976=CARTESIAN_POINT('Ctrl Pts',(35.0273359065124,-107.554135480942,32.0933897632063));
#4977=CARTESIAN_POINT('Ctrl Pts',(35.3374398249968,-108.210118615558,31.8447398093329));
#4978=CARTESIAN_POINT('Ctrl Pts',(35.6145040058935,-108.584454570965,31.5781780097656));
#4979=CARTESIAN_POINT('Ctrl Pts',(35.9335254965775,-108.913021359699,31.2362810993261));
#4980=CARTESIAN_POINT('Ctrl Pts',(35.9786545639896,-108.95731570466,31.1871855777958));
#4981=CARTESIAN_POINT('Ctrl Pts',(36.0241773974196,-108.999999990311,31.1369348592594));
#4982=CARTESIAN_POINT('',(42.2113081446663,-105.5,3.2));
#4983=CARTESIAN_POINT('Ctrl Pts',(42.2113081444816,-105.5,3.19999999999808));
#4984=CARTESIAN_POINT('Ctrl Pts',(42.3642487046376,-105.32140390311,8.31432306589137));
#4985=CARTESIAN_POINT('Ctrl Pts',(42.5171892647935,-105.125796304444,13.9157918053385));
#4986=CARTESIAN_POINT('',(42.2113081446663,-106.5,3.2));
#4987=CARTESIAN_POINT('Origin',(39.,-106.,3.2));
#4988=CARTESIAN_POINT('',(42.5468808898347,-106.912338917805,15.0078416886387));
#4989=CARTESIAN_POINT('Ctrl Pts',(42.5468808898447,-106.912338917804,15.00784168864));
#4990=CARTESIAN_POINT('Ctrl Pts',(42.3790945171633,-106.695932270954,8.81076613733674));
#4991=CARTESIAN_POINT('Ctrl Pts',(42.211308144482,-106.5,3.20000000001027));
#4992=CARTESIAN_POINT('',(41.4403348269611,-109.,20.8742889642816));
#4993=CARTESIAN_POINT('Ctrl Pts',(41.4403348475656,-108.999999980026,20.8742888929061));
#4994=CARTESIAN_POINT('Ctrl Pts',(41.8046820285942,-108.646808806654,19.6121640915345));
#4995=CARTESIAN_POINT('Ctrl Pts',(42.0791267166674,-108.239999191746,18.3549293172077));
#4996=CARTESIAN_POINT('Ctrl Pts',(42.3480264033047,-107.637051268391,16.7115085945625));
#4997=CARTESIAN_POINT('Ctrl Pts',(42.4222357593365,-107.433969425725,16.1834298326739));
#4998=CARTESIAN_POINT('Ctrl Pts',(42.5056814720903,-107.115322569324,15.4421760064632));
#4999=CARTESIAN_POINT('Ctrl Pts',(42.5279090345338,-107.016078031896,15.2217282888519));
#5000=CARTESIAN_POINT('Ctrl Pts',(42.5468808899783,-106.912338917762,15.0078416874471));
#5001=CARTESIAN_POINT('Ctrl Pts',(40.9574489692681,-109.,12.7107634660205));
#5002=CARTESIAN_POINT('Ctrl Pts',(41.1896521688366,-109.,16.3443401293105));
#5003=CARTESIAN_POINT('Ctrl Pts',(41.4403348269611,-109.,20.8742889642859));
#5004=CARTESIAN_POINT('Origin',(3.95546581825378,-33.1819292190457,3.98943036227289));
#5005=CARTESIAN_POINT('Origin',(9.60160961001602,-105.252245312016,10.2947659971378));
#5006=CARTESIAN_POINT('',(10.120539748449,-109.,43.748706684943));
#5007=CARTESIAN_POINT('Origin',(9.89521678439432,-109.,10.6226520460125));
#5008=CARTESIAN_POINT('',(7.92695944049803,-81.,41.2990241062171));
#5009=CARTESIAN_POINT('',(3.95546581825378,-30.305789708373,36.8638553993005));
#5010=CARTESIAN_POINT('Origin',(7.70163647644334,-81.,8.17296946728661));
#5011=CARTESIAN_POINT('Origin',(-3.95546581825379,-33.1819292190457,3.98943036227289));
#5012=CARTESIAN_POINT('Origin',(-9.60160961001603,-105.252245312016,10.2947659971378));
#5013=CARTESIAN_POINT('',(-7.92695944049804,-81.,41.2990241062171));
#5014=CARTESIAN_POINT('Origin',(-7.70163647644335,-81.,8.17296946728661));
#5015=CARTESIAN_POINT('',(-10.120539748449,-109.,43.748706684943));
#5016=CARTESIAN_POINT('',(-3.95546581825379,-30.305789708373,36.8638553993005));
#5017=CARTESIAN_POINT('Origin',(-9.89521678439433,-109.,10.6226520460125));
#5018=CARTESIAN_POINT('Origin',(-3.95546581825379,-33.1819292190457,3.98943036227289));
#5019=CARTESIAN_POINT('Origin',(-9.71913008082775,-106.752337727507,10.4260070777345));
#5020=CARTESIAN_POINT('Origin',(-9.89521678439433,-109.,10.6226520460125));
#5021=CARTESIAN_POINT('Origin',(-42.2113081446663,-105.5,3.2));
#5022=CARTESIAN_POINT('',(-44.6884971407591,-105.5,3.2));
#5023=CARTESIAN_POINT('Origin',(-44.6884971407591,-106.5,3.2));
#5024=CARTESIAN_POINT('',(-33.3115028592409,-106.5,3.2));
#5025=CARTESIAN_POINT('Origin',(-34.9193595810977,-0.611154900027397,-1.14281130667364));
#5026=CARTESIAN_POINT('',(-37.6034605103208,-34.6952694799801,1.7));
#5027=CARTESIAN_POINT('',(-37.1533205194475,-29.5252264636313,1.7));
#5028=CARTESIAN_POINT('',(-37.0949905777088,-35.7578973805413,7.72646229347175));
#5029=CARTESIAN_POINT('',(-38.1427239086834,-33.5682877331775,-4.69143109168229));
#5030=CARTESIAN_POINT('',(-37.7406946492144,-44.,8.44755283629169));
#5031=CARTESIAN_POINT('',(-36.6700371307843,-30.3335705524967,7.2518951887583));
#5032=CARTESIAN_POINT('',(-38.2640075298869,-44.,3.2));
#5033=CARTESIAN_POINT('',(-37.2751455126353,-44.,13.1158760943583));
#5034=CARTESIAN_POINT('',(-38.3510745019507,-45.,3.2));
#5035=CARTESIAN_POINT('',(-37.0048582682617,-29.5381526223078,3.2));
#5036=CARTESIAN_POINT('',(-37.3613551214115,-45.,13.1244733586676));
#5037=CARTESIAN_POINT('Origin',(-44.6884971407591,-106.5,3.2));
#5038=CARTESIAN_POINT('Origin',(9.71913008082774,-106.752337727507,10.4260070777345));
#5039=CARTESIAN_POINT('',(33.9999993443489,-106.5,3.2));
#5040=CARTESIAN_POINT('Origin',(-42.2113081446663,-105.5,3.2));
#5041=CARTESIAN_POINT('',(44.0000006556511,-105.5,3.2));
#5042=CARTESIAN_POINT('Origin',(3.95546581825378,-33.1819292190457,3.98943036227289));
#5043=CARTESIAN_POINT('Origin',(9.89521678439432,-109.,10.6226520460125));
#5044=CARTESIAN_POINT('Origin',(0.5,-3.78869185533372,3.2));
#5045=CARTESIAN_POINT('',(0.671205525614773,-3.45957516929552,8.10268479493929));
#5046=CARTESIAN_POINT('',(0.5,-2.59509956203858,3.2));
#5047=CARTESIAN_POINT('',(0.441400422848743,-2.29921013404886,1.52192766642485));
#5048=CARTESIAN_POINT('',(0.701022213202806,-3.62092880005961,8.95652301845719));
#5049=CARTESIAN_POINT('Origin',(0.455936082148374,-38.4202504012289,1.93817448776327));
#5050=CARTESIAN_POINT('',(0.5,-3.78869185533372,3.2));
#5051=CARTESIAN_POINT('Ctrl Pts',(0.701022213439679,-3.62092880028657,8.9565230195552));
#5052=CARTESIAN_POINT('Ctrl Pts',(0.597952521019762,-3.70481032790275,6.00499320162624));
#5053=CARTESIAN_POINT('Ctrl Pts',(0.499999999999989,-3.78869185551894,3.20000000000391));
#5054=CARTESIAN_POINT('',(0.5,-2.40671948149891,3.2));
#5055=CARTESIAN_POINT('Origin',(-0.5,-2.40671948149891,3.2));
#5056=CARTESIAN_POINT('',(-0.5,-2.59509956203858,3.2));
#5057=CARTESIAN_POINT('',(-0.671205525614773,-3.45957516929552,8.10268479493929));
#5058=CARTESIAN_POINT('',(-0.43727886381273,-2.27839896432926,1.40390165794908));
#5059=CARTESIAN_POINT('',(-0.5,-3.78869185533372,3.2));
#5060=CARTESIAN_POINT('',(-0.5,-11.5932805185011,3.2));
#5061=CARTESIAN_POINT('',(-0.701022213202806,-3.62092880005961,8.95652301845719));
#5062=CARTESIAN_POINT('Ctrl Pts',(-0.500000000000106,-3.78869185551884,
3.20000000000729));
#5063=CARTESIAN_POINT('Ctrl Pts',(-0.597952521017284,-3.70481032790487,
6.00499320155531));
#5064=CARTESIAN_POINT('Ctrl Pts',(-0.701022213434335,-3.62092880029091,
8.95652301940217));
#5065=CARTESIAN_POINT('Origin',(-0.455936082148376,-38.4202504012289,1.93817448776327));
#5066=CARTESIAN_POINT('Origin',(-11.7500000240523,-38.4202504012289,1.93817448776327));
#5067=CARTESIAN_POINT('',(2.09430029234236,-3.45957516929553,8.1026847949393));
#5068=CARTESIAN_POINT('',(-11.7500000240523,-3.45957516929552,8.10268479493929));
#5069=CARTESIAN_POINT('',(2.34294178386802,-4.3304615778208,11.8445511197836));
#5070=CARTESIAN_POINT('Origin',(2.09430029234237,-38.4202504012289,1.93817448776326));
#5071=CARTESIAN_POINT('Ctrl Pts',(2.34294178386797,-4.33046157782076,11.8445511197835));
#5072=CARTESIAN_POINT('Ctrl Pts',(2.23411893310903,-4.24811803926445,11.5611908211972));
#5073=CARTESIAN_POINT('Ctrl Pts',(2.12009367857739,-4.17128729647021,11.2835630001572));
#5074=CARTESIAN_POINT('Ctrl Pts',(1.8534919341648,-4.01282978458687,10.6843539079246));
#5075=CARTESIAN_POINT('Ctrl Pts',(1.68028941153364,-3.92363626904716,10.3261150124267));
#5076=CARTESIAN_POINT('Ctrl Pts',(1.28421008400776,-3.76407770152474,9.64035743632967));
#5077=CARTESIAN_POINT('Ctrl Pts',(1.06398131138394,-3.6933788197119,9.31139034289189));
#5078=CARTESIAN_POINT('Ctrl Pts',(0.771184974906596,-3.63380666147999,9.02015235118527));
#5079=CARTESIAN_POINT('Ctrl Pts',(0.736949264593679,-3.62726224737395,8.987926370545));
#5080=CARTESIAN_POINT('Ctrl Pts',(0.701022213004372,-3.62092880005961,8.95652301846412));
#5081=CARTESIAN_POINT('Origin',(-11.7500000240523,-38.4202504012289,1.93817448776327));
#5082=CARTESIAN_POINT('',(-2.34294178386805,-4.33046157782082,11.8445511197837));
#5083=CARTESIAN_POINT('Ctrl Pts',(-0.701022213004372,-3.62092880005961,
8.95652301846412));
#5084=CARTESIAN_POINT('Ctrl Pts',(-0.736949264593681,-3.62726224737396,
8.987926370545));
#5085=CARTESIAN_POINT('Ctrl Pts',(-0.771184974906604,-3.63380666147999,
9.02015235118527));
#5086=CARTESIAN_POINT('Ctrl Pts',(-1.06398131138394,-3.6933788197119,9.31139034289189));
#5087=CARTESIAN_POINT('Ctrl Pts',(-1.28421008400776,-3.76407770152474,9.64035743632967));
#5088=CARTESIAN_POINT('Ctrl Pts',(-1.68028941153364,-3.92363626904716,10.3261150124267));
#5089=CARTESIAN_POINT('Ctrl Pts',(-1.85349193416481,-4.01282978458686,10.6843539079246));
#5090=CARTESIAN_POINT('Ctrl Pts',(-2.12009367857746,-4.17128729647024,11.2835630001574));
#5091=CARTESIAN_POINT('Ctrl Pts',(-2.23411893310915,-4.24811803926453,11.5611908211975));
#5092=CARTESIAN_POINT('Ctrl Pts',(-2.34294178386815,-4.33046157782089,11.8445511197839));
#5093=CARTESIAN_POINT('',(-2.09430029234238,-3.45957516929553,8.10268479493929));
#5094=CARTESIAN_POINT('Origin',(-2.09430029234238,-38.4202504012288,1.93817448776329));
#5095=CARTESIAN_POINT('',(-11.7500000240523,-3.45957516929552,8.10268479493929));
#5096=CARTESIAN_POINT('Origin',(0.,-7.,3.2));
#5097=CARTESIAN_POINT('Origin',(0.,-7.,3.2));
#5098=CARTESIAN_POINT('',(3.07607952126709,-9.43235511751251,22.4309031255092));
#5099=CARTESIAN_POINT('Ctrl Pts',(3.07607952126709,-9.4323551175125,22.4309031255092));
#5100=CARTESIAN_POINT('Ctrl Pts',(3.22539474241659,-9.22718362432164,22.1406787310444));
#5101=CARTESIAN_POINT('Ctrl Pts',(3.34541243099974,-9.0186342604825,21.834131567975));
#5102=CARTESIAN_POINT('Ctrl Pts',(3.55181296085969,-8.57652985116906,21.160030517187));
#5103=CARTESIAN_POINT('Ctrl Pts',(3.63176054958476,-8.34042587971031,20.7847647367121));
#5104=CARTESIAN_POINT('Ctrl Pts',(3.80649832267159,-7.61541281566626,19.5840209429969));
#5105=CARTESIAN_POINT('Ctrl Pts',(3.81465411660136,-7.13739868037141,18.717564256316));
#5106=CARTESIAN_POINT('Ctrl Pts',(3.69616730499923,-6.34230134652321,17.1334553506792));
#5107=CARTESIAN_POINT('Ctrl Pts',(3.5909823437929,-6.00400979561461,16.4011914831601));
#5108=CARTESIAN_POINT('Ctrl Pts',(3.35284547030929,-5.49396722216339,15.1954830409832));
#5109=CARTESIAN_POINT('Ctrl Pts',(3.24162801648968,-5.30362369543334,14.7171529569445));
#5110=CARTESIAN_POINT('Ctrl Pts',(3.01473236602591,-4.98444545514019,13.8618550135877));
#5111=CARTESIAN_POINT('Ctrl Pts',(2.90406872782783,-4.85014329064056,13.4819708563011));
#5112=CARTESIAN_POINT('Ctrl Pts',(2.65001956592001,-4.58346652523111,12.683682977458));
#5113=CARTESIAN_POINT('Ctrl Pts',(2.50287778782969,-4.45148116531473,12.2610033035043));
#5114=CARTESIAN_POINT('Ctrl Pts',(2.34294178386802,-4.3304615778208,11.8445511197836));
#5115=CARTESIAN_POINT('',(-3.07607952126711,-9.43235511751249,22.4309031255092));
#5116=CARTESIAN_POINT('Ctrl Pts',(-3.07607952126705,-9.43235511751256,22.4309031255093));
#5117=CARTESIAN_POINT('Ctrl Pts',(-2.90159565379548,-9.67211041741608,22.7700478851055));
#5118=CARTESIAN_POINT('Ctrl Pts',(-2.69019095954576,-9.90387984410203,23.0850705823739));
#5119=CARTESIAN_POINT('Ctrl Pts',(-2.15485639351493,-10.3477566619135,23.6713588583116));
#5120=CARTESIAN_POINT('Ctrl Pts',(-1.79268676443089,-10.5762682345227,23.9615585598788));
#5121=CARTESIAN_POINT('Ctrl Pts',(-1.16233541828032,-10.8189513181596,24.2638319827537));
#5122=CARTESIAN_POINT('Ctrl Pts',(-0.937875674720465,-10.8836472858372,
24.3433127910398));
#5123=CARTESIAN_POINT('Ctrl Pts',(-0.474954202860904,-10.9706981035601,
24.449878380825));
#5124=CARTESIAN_POINT('Ctrl Pts',(-0.236480581707446,-10.9930074206485,
24.4769486887752));
#5125=CARTESIAN_POINT('Ctrl Pts',(0.,-10.9930074206485,24.4769486887752));
#5126=CARTESIAN_POINT('Ctrl Pts',(0.236480581707446,-10.9930074206485,24.4769486887752));
#5127=CARTESIAN_POINT('Ctrl Pts',(0.474954202860904,-10.9706981035601,24.449878380825));
#5128=CARTESIAN_POINT('Ctrl Pts',(0.937875674720464,-10.8836472858372,24.3433127910398));
#5129=CARTESIAN_POINT('Ctrl Pts',(1.16233541828032,-10.8189513181596,24.2638319827537));
#5130=CARTESIAN_POINT('Ctrl Pts',(1.79268676443089,-10.5762682345227,23.9615585598788));
#5131=CARTESIAN_POINT('Ctrl Pts',(2.15485639351493,-10.3477566619135,23.6713588583116));
#5132=CARTESIAN_POINT('Ctrl Pts',(2.6901909595458,-9.903879844102,23.0850705823739));
#5133=CARTESIAN_POINT('Ctrl Pts',(2.90159565379555,-9.672110417416,22.7700478851054));
#5134=CARTESIAN_POINT('Ctrl Pts',(3.07607952126713,-9.43235511751244,22.4309031255091));
#5135=CARTESIAN_POINT('Ctrl Pts',(-2.34294178386805,-4.33046157782082,11.8445511197837));
#5136=CARTESIAN_POINT('Ctrl Pts',(-2.42347628015878,-4.39140002369115,12.0542522878406));
#5137=CARTESIAN_POINT('Ctrl Pts',(-2.50061320342725,-4.45500158224394,12.265188869961));
#5138=CARTESIAN_POINT('Ctrl Pts',(-2.65135586474714,-4.58980893896607,12.6966375640224));
#5139=CARTESIAN_POINT('Ctrl Pts',(-2.72497868405498,-4.66154177805133,12.9181400218154));
#5140=CARTESIAN_POINT('Ctrl Pts',(-2.91496771094258,-4.86277149331038,13.5183290732016));
#5141=CARTESIAN_POINT('Ctrl Pts',(-3.02525849612848,-4.99788383148882,13.8991401727511));
#5142=CARTESIAN_POINT('Ctrl Pts',(-3.25238389079227,-5.32065922060583,14.761029186542));
#5143=CARTESIAN_POINT('Ctrl Pts',(-3.36387281264857,-5.51404885737228,15.2450361395793));
#5144=CARTESIAN_POINT('Ctrl Pts',(-3.60153694615427,-6.03260117465446,16.465257098684));
#5145=CARTESIAN_POINT('Ctrl Pts',(-3.7053022826954,-6.37686818580329,17.2064830711774));
#5146=CARTESIAN_POINT('Ctrl Pts',(-3.81571068977113,-7.17969939818658,18.7963635147316));
#5147=CARTESIAN_POINT('Ctrl Pts',(-3.8021479281257,-7.65894760356131,19.6602318351065));
#5148=CARTESIAN_POINT('Ctrl Pts',(-3.57138112810083,-8.56761874052173,21.1572707800855));
#5149=CARTESIAN_POINT('Ctrl Pts',(-3.38459981014184,-9.00842266199457,21.831231415355));
#5150=CARTESIAN_POINT('Ctrl Pts',(-3.0760795212671,-9.43235511751248,22.4309031255092));
#5151=CARTESIAN_POINT('Origin',(0.,-7.,3.2));
#5152=CARTESIAN_POINT('',(-1.4,-7.,3.2));
#5153=CARTESIAN_POINT('Origin',(0.,-7.,3.2));
#5154=CARTESIAN_POINT('',(-1.4,-7.,4.2));
#5155=CARTESIAN_POINT('',(-1.4,-7.,3.2));
#5156=CARTESIAN_POINT('Origin',(0.,-7.,4.2));
#5157=CARTESIAN_POINT('Origin',(0.,-7.,4.2));
#5158=CARTESIAN_POINT('',(-1.,-7.,4.2));
#5159=CARTESIAN_POINT('Origin',(0.,-7.,4.2));
#5160=CARTESIAN_POINT('Origin',(39.,-106.,3.2));
#5161=CARTESIAN_POINT('',(37.6,-106.,3.2));
#5162=CARTESIAN_POINT('Origin',(39.,-106.,3.2));
#5163=CARTESIAN_POINT('',(37.6,-106.,4.2));
#5164=CARTESIAN_POINT('',(37.6,-106.,3.2));
#5165=CARTESIAN_POINT('Origin',(39.,-106.,4.2));
#5166=CARTESIAN_POINT('Origin',(39.,-106.,4.2));
#5167=CARTESIAN_POINT('',(38.,-106.,4.2));
#5168=CARTESIAN_POINT('Origin',(39.,-106.,4.2));
#5169=CARTESIAN_POINT('Origin',(-39.,-106.,3.2));
#5170=CARTESIAN_POINT('',(-40.4,-106.,3.2));
#5171=CARTESIAN_POINT('Origin',(-39.,-106.,3.2));
#5172=CARTESIAN_POINT('',(-40.4,-106.,4.2));
#5173=CARTESIAN_POINT('',(-40.4,-106.,3.2));
#5174=CARTESIAN_POINT('Origin',(-39.,-106.,4.2));
#5175=CARTESIAN_POINT('Origin',(-39.,-106.,4.2));
#5176=CARTESIAN_POINT('',(-40.,-106.,4.2));
#5177=CARTESIAN_POINT('Origin',(-39.,-106.,4.2));
#5178=CARTESIAN_POINT('Origin',(-3.95546581825379,-33.1819292190457,3.98943036227289));
#5179=CARTESIAN_POINT('',(-38.9640153823364,-106.999352343917,26.2));
#5180=CARTESIAN_POINT('',(-40.,-105.999999999983,23.8120799506615));
#5181=CARTESIAN_POINT('Ctrl Pts',(-40.,-105.999999999965,23.8120799506615));
#5182=CARTESIAN_POINT('Ctrl Pts',(-40.0000000000008,-106.022628535784,23.8181142944559));
#5183=CARTESIAN_POINT('Ctrl Pts',(-39.9992212421579,-106.04518281899,23.8259079854235));
#5184=CARTESIAN_POINT('Ctrl Pts',(-39.9945508229028,-106.114581742554,23.8550607047621));
#5185=CARTESIAN_POINT('Ctrl Pts',(-39.9880087184794,-106.159254385188,23.8818599365871));
#5186=CARTESIAN_POINT('Ctrl Pts',(-39.9541748798501,-106.327178632865,24.0032490723274));
#5187=CARTESIAN_POINT('Ctrl Pts',(-39.901892597619,-106.442364465701,24.1510457921014));
#5188=CARTESIAN_POINT('Ctrl Pts',(-39.6624735051961,-106.831909264528,24.7795015493738));
#5189=CARTESIAN_POINT('Ctrl Pts',(-39.3611547895607,-106.974770408238,25.4379643333895));
#5190=CARTESIAN_POINT('Ctrl Pts',(-39.0414491541158,-106.999816836318,26.0542443463589));
#5191=CARTESIAN_POINT('Ctrl Pts',(-39.0032984899324,-107.000766847636,26.1266760502654));
#5192=CARTESIAN_POINT('Ctrl Pts',(-38.9640153823364,-106.999352343917,26.2));
#5193=CARTESIAN_POINT('Ctrl Pts',(-38.9640153823364,-106.999352343917,26.2));
#5194=CARTESIAN_POINT('Ctrl Pts',(-38.870845637573,-106.995997493484,26.3739061418476));
#5195=CARTESIAN_POINT('Ctrl Pts',(-38.7712451317947,-106.979289472296,26.5527979463352));
#5196=CARTESIAN_POINT('Ctrl Pts',(-38.5277852144967,-106.89438522728,26.9703833338515));
#5197=CARTESIAN_POINT('Ctrl Pts',(-38.3828754335474,-106.810223814578,27.2030360717043));
#5198=CARTESIAN_POINT('Ctrl Pts',(-38.1965733838222,-106.601656138506,27.4732062355002));
#5199=CARTESIAN_POINT('Ctrl Pts',(-38.1368331600924,-106.516960682101,27.5547906636127));
#5200=CARTESIAN_POINT('Ctrl Pts',(-38.0675974925035,-106.365652969806,27.6370460198181));
#5201=CARTESIAN_POINT('Ctrl Pts',(-38.0478154365746,-106.311161563055,27.6579733733382));
#5202=CARTESIAN_POINT('Ctrl Pts',(-38.0178849235732,-106.197252566937,27.6827572185589));
#5203=CARTESIAN_POINT('Ctrl Pts',(-38.0077344100303,-106.137837190145,27.6866213952579));
#5204=CARTESIAN_POINT('Ctrl Pts',(-37.9983392515717,-106.017912500866,27.6761293444691));
#5205=CARTESIAN_POINT('Ctrl Pts',(-37.9992157942955,-105.95390217577,27.6608147219233));
#5206=CARTESIAN_POINT('Ctrl Pts',(-38.0121653219172,-105.833036952542,27.6131511290648));
#5207=CARTESIAN_POINT('Ctrl Pts',(-38.0240844793928,-105.776080936354,27.5810172012209));
#5208=CARTESIAN_POINT('Ctrl Pts',(-38.0813403957061,-105.573929845512,27.4416742744156));
#5209=CARTESIAN_POINT('Ctrl Pts',(-38.1634079463785,-105.439689780878,27.2741743932112));
#5210=CARTESIAN_POINT('Ctrl Pts',(-38.432620895326,-105.124709908002,26.7417519055564));
#5211=CARTESIAN_POINT('Ctrl Pts',(-38.6995555978802,-105.020473409249,26.2377424231644));
#5212=CARTESIAN_POINT('Ctrl Pts',(-39.1567360304903,-104.984656909458,25.3564593561763));
#5213=CARTESIAN_POINT('Ctrl Pts',(-39.4319977033634,-105.053739381086,24.8138237170595));
#5214=CARTESIAN_POINT('Ctrl Pts',(-39.7414921494901,-105.318263941858,24.2134442137374));
#5215=CARTESIAN_POINT('Ctrl Pts',(-39.8468007926637,-105.438446154946,24.0107313984479));
#5216=CARTESIAN_POINT('Ctrl Pts',(-39.9366123447559,-105.646545496809,23.8625553458425));
#5217=CARTESIAN_POINT('Ctrl Pts',(-39.954883109338,-105.697647594911,23.8345552757497));
#5218=CARTESIAN_POINT('Ctrl Pts',(-39.9829530042568,-105.807588626253,23.799780232009));
#5219=CARTESIAN_POINT('Ctrl Pts',(-39.99261218633,-105.866586946074,23.7933976238553));
#5220=CARTESIAN_POINT('Ctrl Pts',(-39.9969453074109,-105.921897157341,23.7982366403184));
#5221=CARTESIAN_POINT('Ctrl Pts',(-39.9989438765218,-105.94740793299,23.8004685439854));
#5222=CARTESIAN_POINT('Ctrl Pts',(-39.9999999999991,-105.973756430584,23.8050815871213));
#5223=CARTESIAN_POINT('Ctrl Pts',(-40.,-105.999999999965,23.8120799506615));
#5224=CARTESIAN_POINT('Origin',(-1.33226762955019E-14,-109.,23.4223637663372));
#5225=CARTESIAN_POINT('',(-11.7500000120262,-109.,43.748706684943));
#5226=CARTESIAN_POINT('',(10.1068838112336,-109.,41.7410670098563));
#5227=CARTESIAN_POINT('Origin',(9.89521678439432,-109.,10.6226520460125));
#5228=CARTESIAN_POINT('',(-10.1068838112336,-109.,41.7410670098563));
#5229=CARTESIAN_POINT('',(-11.7500000120262,-109.,41.7410670098563));
#5230=CARTESIAN_POINT('Origin',(-9.89521678439433,-109.,10.6226520460125));
#5231=CARTESIAN_POINT('Origin',(3.95546581825378,-33.1819292190457,3.98943036227289));
#5232=CARTESIAN_POINT('',(38.7184927863764,-105.040440888388,26.2));
#5233=CARTESIAN_POINT('',(38.,-106.,27.6695034662829));
#5234=CARTESIAN_POINT('Ctrl Pts',(38.,-106.,27.6695034662829));
#5235=CARTESIAN_POINT('Ctrl Pts',(38.,-106.025742215008,27.675085859245));
#5236=CARTESIAN_POINT('Ctrl Pts',(38.000994712131,-106.051808180631,27.6790948321911));
#5237=CARTESIAN_POINT('Ctrl Pts',(38.0077344100303,-106.137837190145,27.6866213952579));
#5238=CARTESIAN_POINT('Ctrl Pts',(38.0178849235732,-106.197252566937,27.6827572185589));
#5239=CARTESIAN_POINT('Ctrl Pts',(38.0478154365746,-106.311161563055,27.6579733733381));
#5240=CARTESIAN_POINT('Ctrl Pts',(38.0675974925035,-106.365652969806,27.6370460198181));
#5241=CARTESIAN_POINT('Ctrl Pts',(38.1368331600924,-106.516960682101,27.5547906636126));
#5242=CARTESIAN_POINT('Ctrl Pts',(38.1965733838222,-106.601656138506,27.4732062355002));
#5243=CARTESIAN_POINT('Ctrl Pts',(38.3828754335474,-106.810223814578,27.2030360717043));
#5244=CARTESIAN_POINT('Ctrl Pts',(38.5277852144967,-106.89438522728,26.9703833338515));
#5245=CARTESIAN_POINT('Ctrl Pts',(38.8136338918236,-106.994072134294,26.4800922337092));
#5246=CARTESIAN_POINT('Ctrl Pts',(38.9545157362893,-107.006627387513,26.2218213982648));
#5247=CARTESIAN_POINT('Ctrl Pts',(39.3611547895607,-106.974770408238,25.4379643333895));
#5248=CARTESIAN_POINT('Ctrl Pts',(39.6624735051961,-106.831909264528,24.7795015493738));
#5249=CARTESIAN_POINT('Ctrl Pts',(39.901892597619,-106.4423644657,24.1510457921014));
#5250=CARTESIAN_POINT('Ctrl Pts',(39.9541748798501,-106.327178632865,24.0032490723273));
#5251=CARTESIAN_POINT('Ctrl Pts',(39.9880087184794,-106.159254385188,23.8818599365871));
#5252=CARTESIAN_POINT('Ctrl Pts',(39.9945508229028,-106.114581742554,23.8550607047621));
#5253=CARTESIAN_POINT('Ctrl Pts',(40.0009354711496,-106.019710663222,23.8152077818767));
#5254=CARTESIAN_POINT('Ctrl Pts',(40.0006671441175,-105.969404616907,23.8023930044633));
#5255=CARTESIAN_POINT('Ctrl Pts',(39.9969453074109,-105.921897157341,23.7982366403184));
#5256=CARTESIAN_POINT('Ctrl Pts',(39.9933802483618,-105.87639088934,23.7942553577489));
#5257=CARTESIAN_POINT('Ctrl Pts',(39.9861266401645,-105.827248851074,23.7977540562479));
#5258=CARTESIAN_POINT('Ctrl Pts',(39.9651317909953,-105.733899767674,23.8208328816352));
#5259=CARTESIAN_POINT('Ctrl Pts',(39.9514672235481,-105.689624125442,23.8402047128243));
#5260=CARTESIAN_POINT('Ctrl Pts',(39.8911984318762,-105.527338799641,23.933986157054));
#5261=CARTESIAN_POINT('Ctrl Pts',(39.821164887194,-105.421447375122,24.0633870047805));
#5262=CARTESIAN_POINT('Ctrl Pts',(39.6371961798966,-105.2067803035,24.4126110444575));
#5263=CARTESIAN_POINT('Ctrl Pts',(39.4974763151196,-105.118876658559,24.6886969638315));
#5264=CARTESIAN_POINT('Ctrl Pts',(39.2084199728979,-105.009837572093,25.2543175448378));
#5265=CARTESIAN_POINT('Ctrl Pts',(39.0591486336793,-104.992302116313,25.5445735321701));
#5266=CARTESIAN_POINT('Ctrl Pts',(38.8565151208913,-105.008176862148,25.9351796712055));
#5267=CARTESIAN_POINT('Ctrl Pts',(38.7879127293773,-105.020075061533,26.0669430007234));
#5268=CARTESIAN_POINT('Ctrl Pts',(38.7184927863764,-105.040440888388,26.2));
#5269=CARTESIAN_POINT('Ctrl Pts',(38.7184927863764,-105.040440888388,26.2));
#5270=CARTESIAN_POINT('Ctrl Pts',(38.6529998089527,-105.059654655798,26.3255301959782));
#5271=CARTESIAN_POINT('Ctrl Pts',(38.586777709101,-105.086386052521,26.452214006448));
#5272=CARTESIAN_POINT('Ctrl Pts',(38.388485650922,-105.194302965657,26.83239090096));
#5273=CARTESIAN_POINT('Ctrl Pts',(38.260523152347,-105.301814141568,27.0781468869175));
#5274=CARTESIAN_POINT('Ctrl Pts',(38.113786707314,-105.528946999496,27.3772387510551));
#5275=CARTESIAN_POINT('Ctrl Pts',(38.0686196994206,-105.619712785361,27.47281567042));
#5276=CARTESIAN_POINT('Ctrl Pts',(38.023338833608,-105.778290867536,27.5827429060565));
#5277=CARTESIAN_POINT('Ctrl Pts',(38.0119356215365,-105.834846380727,27.6139240432795));
#5278=CARTESIAN_POINT('Ctrl Pts',(38.0019536183642,-105.928545952724,27.65078037648));
#5279=CARTESIAN_POINT('Ctrl Pts',(38.,-105.96395506076,27.6616868500719));
#5280=CARTESIAN_POINT('Ctrl Pts',(38.,-106.,27.6695034662829));
#5281=CARTESIAN_POINT('Origin',(-39.,-106.,3.2));
#5282=CARTESIAN_POINT('',(-40.,-106.,3.2));
#5283=CARTESIAN_POINT('Origin',(-39.,-106.,3.2));
#5284=CARTESIAN_POINT('Origin',(-1.33226762955019E-14,-109.,23.4223637663372));
#5285=CARTESIAN_POINT('',(-1.33226762955019E-14,-109.,8.));
#5286=CARTESIAN_POINT('Origin',(39.,-106.,3.2));
#5287=CARTESIAN_POINT('',(38.,-106.,3.2));
#5288=CARTESIAN_POINT('Origin',(39.,-106.,3.2));
#5289=CARTESIAN_POINT('Origin',(0.,-7.,3.2));
#5290=CARTESIAN_POINT('',(0.,-8.,20.2373101374745));
#5291=CARTESIAN_POINT('',(-1.,-7.,18.4614267319213));
#5292=CARTESIAN_POINT('Ctrl Pts',(0.,-8.,20.2373101374745));
#5293=CARTESIAN_POINT('Ctrl Pts',(-0.0617239997950848,-8.,20.2373101374745));
#5294=CARTESIAN_POINT('Ctrl Pts',(-0.122564703845806,-7.99422233708093,
20.2277141386914));
#5295=CARTESIAN_POINT('Ctrl Pts',(-0.239079488553566,-7.97280930938431,
20.1920439994422));
#5296=CARTESIAN_POINT('Ctrl Pts',(-0.294748075211277,-7.95716796222238,
20.1659555062651));
#5297=CARTESIAN_POINT('Ctrl Pts',(-0.450082709344933,-7.89978486086806,
20.0698251028573));
#5298=CARTESIAN_POINT('Ctrl Pts',(-0.538010057187309,-7.84729540241703,
19.9813173532061));
#5299=CARTESIAN_POINT('Ctrl Pts',(-0.756104742009749,-7.68103553860484,
19.6977264292763));
#5300=CARTESIAN_POINT('Ctrl Pts',(-0.852458724356596,-7.5443627879939,19.4598977723339));
#5301=CARTESIAN_POINT('Ctrl Pts',(-0.975557203219382,-7.26702969935642,
18.9619244469138));
#5302=CARTESIAN_POINT('Ctrl Pts',(-0.999999999999999,-7.12616015832731,
18.701330093967));
#5303=CARTESIAN_POINT('Ctrl Pts',(-1.,-7.00000000000001,18.4614267319213));
#5304=CARTESIAN_POINT('Ctrl Pts',(-1.,-7.00000000000001,18.4614267319213));
#5305=CARTESIAN_POINT('Ctrl Pts',(-1.,-6.72188629278365,17.9325718677803));
#5306=CARTESIAN_POINT('Ctrl Pts',(-0.887602237475257,-6.41030800021459,
17.2966350150252));
#5307=CARTESIAN_POINT('Ctrl Pts',(-0.512913914150682,-6.13620412441688,
16.7032900952678));
#5308=CARTESIAN_POINT('Ctrl Pts',(-0.401018197192186,-6.07429511061688,
16.5668122836265));
#5309=CARTESIAN_POINT('Ctrl Pts',(-0.234727618767375,-6.0271309540746,16.4618279227691));
#5310=CARTESIAN_POINT('Ctrl Pts',(-0.190173212663018,-6.01709830761615,
16.4394162470281));
#5311=CARTESIAN_POINT('Ctrl Pts',(-0.096039802996435,-6.00348710476783,
16.4089635310443));
#5312=CARTESIAN_POINT('Ctrl Pts',(-0.0463774602231542,-6.,16.4011397411826));
#5313=CARTESIAN_POINT('Ctrl Pts',(0.0463774602231542,-6.,16.4011397411826));
#5314=CARTESIAN_POINT('Ctrl Pts',(0.096039802996433,-6.00348710476783,16.4089635310443));
#5315=CARTESIAN_POINT('Ctrl Pts',(0.190173212663016,-6.01709830761615,16.4394162470281));
#5316=CARTESIAN_POINT('Ctrl Pts',(0.234727618767375,-6.0271309540746,16.4618279227691));
#5317=CARTESIAN_POINT('Ctrl Pts',(0.401018197192186,-6.07429511061688,16.5668122836265));
#5318=CARTESIAN_POINT('Ctrl Pts',(0.512913914150682,-6.13620412441688,16.7032900952678));
#5319=CARTESIAN_POINT('Ctrl Pts',(0.887602237475258,-6.41030800021459,17.2966350150252));
#5320=CARTESIAN_POINT('Ctrl Pts',(1.,-6.72188629278364,17.9325718677803));
#5321=CARTESIAN_POINT('Ctrl Pts',(1.,-7.12616015832731,18.701330093967));
#5322=CARTESIAN_POINT('Ctrl Pts',(0.975557203219383,-7.26702969935642,18.9619244469138));
#5323=CARTESIAN_POINT('Ctrl Pts',(0.852458724356595,-7.5443627879939,19.4598977723339));
#5324=CARTESIAN_POINT('Ctrl Pts',(0.75610474200975,-7.68103553860484,19.6977264292763));
#5325=CARTESIAN_POINT('Ctrl Pts',(0.538010057187309,-7.84729540241703,19.9813173532061));
#5326=CARTESIAN_POINT('Ctrl Pts',(0.450082709344933,-7.89978486086806,20.0698251028573));
#5327=CARTESIAN_POINT('Ctrl Pts',(0.294748075211277,-7.95716796222238,20.1659555062651));
#5328=CARTESIAN_POINT('Ctrl Pts',(0.239079488553565,-7.97280930938431,20.1920439994422));
#5329=CARTESIAN_POINT('Ctrl Pts',(0.122564703845805,-7.99422233708093,20.2277141386914));
#5330=CARTESIAN_POINT('Ctrl Pts',(0.0617239997950843,-8.,20.2373101374745));
#5331=CARTESIAN_POINT('Ctrl Pts',(0.,-8.,20.2373101374745));
#5332=CARTESIAN_POINT('',(-1.,-7.,3.2));
#5333=CARTESIAN_POINT('Origin',(0.,-7.,3.2));
#5334=CARTESIAN_POINT('',(-1.20261554933473E-8,-2.59509956203858,3.2));
#5335=CARTESIAN_POINT('Ctrl Pts',(36.0828695147283,-30.2494304137926,8.51117308834169));
#5336=CARTESIAN_POINT('Ctrl Pts',(35.5151881058176,-28.1298159456327,8.79919860494096));
#5337=CARTESIAN_POINT('Ctrl Pts',(34.3653438397618,-25.0221828634962,9.17353206395028));
#5338=CARTESIAN_POINT('Ctrl Pts',(31.2333760049427,-19.1838935999005,9.73005388699174));
#5339=CARTESIAN_POINT('Ctrl Pts',(25.6474889600859,-12.2059670512572,10.1169835318098));
#5340=CARTESIAN_POINT('Ctrl Pts',(15.2535137294786,-5.44797357822547,9.73911333386324));
#5341=CARTESIAN_POINT('Ctrl Pts',(6.48100536422877,-3.5728507013934,8.74510226073346));
#5342=CARTESIAN_POINT('Ctrl Pts',(2.09430029234236,-3.45957516929553,8.1026847949393));
#5343=CARTESIAN_POINT('Ctrl Pts',(35.4539754485438,-30.0121319445513,12.9423377993193));
#5344=CARTESIAN_POINT('Ctrl Pts',(34.7819674399284,-27.6850735327736,13.1127295922722));
#5345=CARTESIAN_POINT('Ctrl Pts',(33.4435705077514,-24.3401484951658,13.2333220092731));
#5346=CARTESIAN_POINT('Ctrl Pts',(29.9619643639958,-18.2854437274184,13.1460751144219));
#5347=CARTESIAN_POINT('Ctrl Pts',(24.0778796944699,-11.460558493068,12.5265754701464));
#5348=CARTESIAN_POINT('Ctrl Pts',(14.0823093131624,-5.35206232370363,10.8503887203505));
#5349=CARTESIAN_POINT('Ctrl Pts',(6.09054234068222,-3.63525371305342,9.09900732625037));
#5350=CARTESIAN_POINT('Ctrl Pts',(2.09430029234236,-3.45957516929553,8.1026847949393));
#5351=CARTESIAN_POINT('Ctrl Pts',(32.4140721673455,-29.9839139513833,21.5732326428834));
#5352=CARTESIAN_POINT('Ctrl Pts',(31.6372611306695,-27.3342051639899,21.5008123127995));
#5353=CARTESIAN_POINT('Ctrl Pts',(30.1180501726133,-23.6184319294209,21.1130736612495));
#5354=CARTESIAN_POINT('Ctrl Pts',(26.3822631900958,-17.212962058052,19.7614620864121));
#5355=CARTESIAN_POINT('Ctrl Pts',(20.4996649513688,-10.5787484741102,17.2007763617145));
#5356=CARTESIAN_POINT('Ctrl Pts',(11.7392517951665,-5.32570376840151,13.0434960230508));
#5357=CARTESIAN_POINT('Ctrl Pts',(5.30961629358914,-3.76005973637348,9.80681745728418));
#5358=CARTESIAN_POINT('Ctrl Pts',(2.09430029234236,-3.45957516929553,8.1026847949393));
#5359=CARTESIAN_POINT('Ctrl Pts',(23.2547309638639,-31.2866407385054,31.7163989422834));
#5360=CARTESIAN_POINT('Ctrl Pts',(22.6250878659083,-28.5073811300691,31.4015789571546));
#5361=CARTESIAN_POINT('Ctrl Pts',(21.4077279530236,-24.6196347186164,30.5240679698131));
#5362=CARTESIAN_POINT('Ctrl Pts',(18.5109504709748,-17.9622190714848,27.9366686356616));
#5363=CARTESIAN_POINT('Ctrl Pts',(14.1537600791008,-11.150353281434,23.3862217807432));
#5364=CARTESIAN_POINT('Ctrl Pts',(8.22446241866943,-5.76798790633423,16.249659739633));
#5365=CARTESIAN_POINT('Ctrl Pts',(4.1382272229495,-3.94726877135356,10.8685326538349));
#5366=CARTESIAN_POINT('Ctrl Pts',(2.09430029234236,-3.45957516929553,8.1026847949393));
#5367=CARTESIAN_POINT('Ctrl Pts',(13.0375840987503,-33.3162421592599,36.4424395274487));
#5368=CARTESIAN_POINT('Ctrl Pts',(12.7147907766148,-30.7493947609491,36.1154122974478));
#5369=CARTESIAN_POINT('Ctrl Pts',(12.0906055305504,-27.0728619559012,35.2277847642986));
#5370=CARTESIAN_POINT('Ctrl Pts',(10.6045004056112,-20.4842642096833,32.5268569906681));
#5371=CARTESIAN_POINT('Ctrl Pts',(8.36589700332006,-13.1761540493945,27.5519899106337));
#5372=CARTESIAN_POINT('Ctrl Pts',(5.29672057510532,-6.53515764709257,18.8519357334472));
#5373=CARTESIAN_POINT('Ctrl Pts',(3.16206966408316,-4.10327630050363,11.7532953176272));
#5374=CARTESIAN_POINT('Ctrl Pts',(2.09430029234236,-3.45957516929553,8.1026847949393));
#5375=CARTESIAN_POINT('Ctrl Pts',(6.49672197859367,-34.8089252226435,37.2578287071239));
#5376=CARTESIAN_POINT('Ctrl Pts',(6.38823917072381,-32.504059089931,37.0238687184668));
#5377=CARTESIAN_POINT('Ctrl Pts',(6.17582726195452,-29.1129263259936,36.3356492831605));
#5378=CARTESIAN_POINT('Ctrl Pts',(5.65085062556461,-22.7218781936881,34.0498777463462));
#5379=CARTESIAN_POINT('Ctrl Pts',(4.81731584366858,-15.0368730186791,29.490980419276));
#5380=CARTESIAN_POINT('Ctrl Pts',(3.54027180023132,-7.17825544475292,20.3808996932469));
#5381=CARTESIAN_POINT('Ctrl Pts',(2.57637512876333,-4.19688081799367,12.2841529159025));
#5382=CARTESIAN_POINT('Ctrl Pts',(2.09430029234236,-3.45957516929553,8.1026847949393));
#5383=CARTESIAN_POINT('Ctrl Pts',(4.31678711012504,-35.3262215339421,37.3030862700425));
#5384=CARTESIAN_POINT('Ctrl Pts',(4.27966685243636,-33.1218138543653,37.1102255883061));
#5385=CARTESIAN_POINT('Ctrl Pts',(4.204479406119,-29.8424312901817,36.5105193322529));
#5386=CARTESIAN_POINT('Ctrl Pts',(3.99968239977665,-23.5363274978729,34.4139331236506));
#5387=CARTESIAN_POINT('Ctrl Pts',(3.63442547349684,-15.7240503897242,30.0690256091575));
#5388=CARTESIAN_POINT('Ctrl Pts',(2.95477129967039,-7.41353374901973,20.8863589958534));
#5389=CARTESIAN_POINT('Ctrl Pts',(2.38114361699007,-4.22808232382368,12.461105448661));
#5390=CARTESIAN_POINT('Ctrl Pts',(2.09430029234236,-3.45957516929553,8.1026847949393));
#5391=CARTESIAN_POINT('',(36.0828695147282,-30.2494304137923,8.51117308834173));
#5392=CARTESIAN_POINT('Origin',(2.09430029234237,-38.420250401229,1.93817448776326));
#5393=CARTESIAN_POINT('',(4.31678711012504,-35.3262215339564,37.3030862700438));
#5394=CARTESIAN_POINT('Ctrl Pts',(4.31678711012504,-35.3262215339421,37.3030862700425));
#5395=CARTESIAN_POINT('Ctrl Pts',(6.49672197859367,-34.8089252226435,37.2578287071239));
#5396=CARTESIAN_POINT('Ctrl Pts',(13.0375840987503,-33.3162421592599,36.4424395274487));
#5397=CARTESIAN_POINT('Ctrl Pts',(23.2547309638639,-31.2866407385054,31.7163989422834));
#5398=CARTESIAN_POINT('Ctrl Pts',(32.4140721673455,-29.9839139513833,21.5732326428834));
#5399=CARTESIAN_POINT('Ctrl Pts',(35.4539754485438,-30.0121319445513,12.9423377993193));
#5400=CARTESIAN_POINT('Ctrl Pts',(36.0828695147283,-30.2494304137926,8.51117308834169));
#5401=CARTESIAN_POINT('Origin',(2.09430029234237,-38.4202504012289,1.93817448776326));
#5402=CARTESIAN_POINT('Origin',(-11.7500000240523,-38.4202504012289,1.93817448776327));
#5403=CARTESIAN_POINT('Origin',(-1.33226762955019E-14,-80.,23.4223637663372));
#5404=CARTESIAN_POINT('',(-11.7500000120262,-80.,41.2115354426912));
#5405=CARTESIAN_POINT('',(39.3809688877687,-80.,3.2));
#5406=CARTESIAN_POINT('',(-1.33226762955019E-14,-80.,3.2));
#5407=CARTESIAN_POINT('',(38.5647868628315,-80.,11.3843166068938));
#5408=CARTESIAN_POINT('',(38.3811079619847,-80.,13.2261683416859));
#5409=CARTESIAN_POINT('',(7.83496134942721,-80.,39.2038957676045));
#5410=CARTESIAN_POINT('Origin',(7.62329432258795,-80.,8.08548080376069));
#5411=CARTESIAN_POINT('',(-7.83496134942722,-80.,39.2038957676045));
#5412=CARTESIAN_POINT('',(-11.7500000120262,-80.,39.2038957676045));
#5413=CARTESIAN_POINT('',(-38.5647868628315,-80.,11.3843166068938));
#5414=CARTESIAN_POINT('Origin',(-7.62329432258796,-80.,8.08548080376069));
#5415=CARTESIAN_POINT('',(-39.3809688877687,-80.,3.2));
#5416=CARTESIAN_POINT('',(-38.3811079619847,-80.,13.2261683416859));
#5417=CARTESIAN_POINT('',(-1.33226762955019E-14,-80.,3.2));
#5418=CARTESIAN_POINT('Origin',(-1.33226762955019E-14,-61.8686293615923,
3.2));
#5419=CARTESIAN_POINT('',(39.4680358598325,-81.,3.2));
#5420=CARTESIAN_POINT('',(-1.33226762955019E-14,-81.,3.2));
#5421=CARTESIAN_POINT('',(35.0025871635606,-29.7124843046451,3.2));
#5422=CARTESIAN_POINT('Origin',(-1.33226762955019E-14,-61.8686293615923,
3.2));
#5423=CARTESIAN_POINT('',(-39.4680358598325,-81.,3.2));
#5424=CARTESIAN_POINT('',(-35.0025871635606,-29.7124843046451,3.2));
#5425=CARTESIAN_POINT('',(-1.33226762955019E-14,-81.,3.2));
#5426=CARTESIAN_POINT('Origin',(-32.9366582894292,-0.783782698000064,-1.34053644767275));
#5427=CARTESIAN_POINT('',(-38.6431290166869,-81.,11.4718052704197));
#5428=CARTESIAN_POINT('',(-34.6873358391157,-30.5061983504694,7.05417004775918));
#5429=CARTESIAN_POINT('',(-38.467317570761,-81.,13.2347656059951));
#5430=CARTESIAN_POINT('Origin',(32.9366582894291,-0.783782698000064,-1.34053644767275));
#5431=CARTESIAN_POINT('',(38.6431290166869,-81.,11.4718052704197));
#5432=CARTESIAN_POINT('',(38.467317570761,-81.,13.2347656059951));
#5433=CARTESIAN_POINT('',(34.6873358391157,-30.5061983504694,7.05417004775918));
#5434=CARTESIAN_POINT('Origin',(-1.33226762955019E-14,-81.,23.4223637663372));
#5435=CARTESIAN_POINT('',(-7.91330350328261,-81.,39.2913844311304));
#5436=CARTESIAN_POINT('Origin',(-7.70163647644335,-81.,8.17296946728661));
#5437=CARTESIAN_POINT('',(7.9133035032826,-81.,39.2913844311304));
#5438=CARTESIAN_POINT('',(-11.7500000120262,-81.,39.2913844311304));
#5439=CARTESIAN_POINT('Origin',(7.70163647644334,-81.,8.17296946728661));
#5440=CARTESIAN_POINT('',(-11.7500000120262,-81.,41.2990241062171));
#5441=CARTESIAN_POINT('Origin',(3.95546581825378,-33.1819292190457,3.98943036227289));
#5442=CARTESIAN_POINT('',(3.95546581825378,-30.4801011938683,34.871466003117));
#5443=CARTESIAN_POINT('Origin',(-23.5000000240523,-59.3221844581006,37.3948213212081));
#5444=CARTESIAN_POINT('',(-3.95546581825379,-30.4801011938683,34.871466003117));
#5445=CARTESIAN_POINT('Origin',(-3.95546581825379,-33.1819292190457,3.98943036227289));
#5446=CARTESIAN_POINT('Origin',(-1.33226762955019E-14,-44.,23.4223637663372));
#5447=CARTESIAN_POINT('',(-5.02829974784853,-44.,38.0619435557579));
#5448=CARTESIAN_POINT('Origin',(-4.80297678379383,-44.,4.93588891682743));
#5449=CARTESIAN_POINT('',(5.02829974784852,-44.,38.0619435557579));
#5450=CARTESIAN_POINT('',(-11.7500000120262,-44.,38.0619435557579));
#5451=CARTESIAN_POINT('Origin',(4.80297678379383,-44.,4.93588891682743));
#5452=CARTESIAN_POINT('',(36.24655789347,-44.,3.2));
#5453=CARTESIAN_POINT('',(-1.33226762955019E-14,-44.,3.2));
#5454=CARTESIAN_POINT('',(35.7444693240374,-44.,8.23472471996053));
#5455=CARTESIAN_POINT('',(35.2775620460396,-44.,12.9166668265529));
#5456=CARTESIAN_POINT('',(5.01464381063308,-44.,36.0543038806712));
#5457=CARTESIAN_POINT('Origin',(4.80297678379383,-44.,4.93588891682743));
#5458=CARTESIAN_POINT('',(-5.01464381063309,-44.,36.0543038806712));
#5459=CARTESIAN_POINT('',(-11.7500000120262,-44.,36.0543038806712));
#5460=CARTESIAN_POINT('',(-35.7444693240374,-44.,8.23472471996053));
#5461=CARTESIAN_POINT('Origin',(-4.80297678379383,-44.,4.93588891682743));
#5462=CARTESIAN_POINT('',(-36.24655789347,-44.,3.2));
#5463=CARTESIAN_POINT('',(-35.2775620460396,-44.,12.9166668265529));
#5464=CARTESIAN_POINT('',(-1.33226762955019E-14,-44.,3.2));
#5465=CARTESIAN_POINT('Origin',(-1.33226762955019E-14,-61.8686293615923,
3.2));
#5466=CARTESIAN_POINT('',(36.3336248655338,-45.,3.2));
#5467=CARTESIAN_POINT('',(-1.33226762955019E-14,-45.,3.2));
#5468=CARTESIAN_POINT('',(35.0025871635606,-29.7124843046451,3.2));
#5469=CARTESIAN_POINT('Origin',(-1.33226762955019E-14,-61.8686293615923,
3.2));
#5470=CARTESIAN_POINT('',(-36.3336248655338,-45.,3.2));
#5471=CARTESIAN_POINT('',(-35.0025871635606,-29.7124843046451,3.2));
#5472=CARTESIAN_POINT('',(-1.33226762955019E-14,-45.,3.2));
#5473=CARTESIAN_POINT('Origin',(32.9366582894291,-0.783782698000064,-1.34053644767275));
#5474=CARTESIAN_POINT('',(35.8228114778928,-45.,8.32221338348645));
#5475=CARTESIAN_POINT('',(35.3637716548158,-45.,12.9252640908622));
#5476=CARTESIAN_POINT('',(34.6873358391157,-30.5061983504694,7.05417004775918));
#5477=CARTESIAN_POINT('Origin',(-32.9366582894292,-0.783782698000064,-1.34053644767275));
#5478=CARTESIAN_POINT('',(-35.8228114778928,-45.,8.32221338348645));
#5479=CARTESIAN_POINT('',(-34.6873358391157,-30.5061983504694,7.05417004775918));
#5480=CARTESIAN_POINT('',(-35.3637716548159,-45.,12.9252640908622));
#5481=CARTESIAN_POINT('Origin',(-1.33226762955019E-14,-45.,23.4223637663372));
#5482=CARTESIAN_POINT('',(-5.09298596448849,-45.,36.1417925441971));
#5483=CARTESIAN_POINT('Origin',(-4.88131893764923,-45.,5.02337758035335));
#5484=CARTESIAN_POINT('',(5.09298596448848,-45.,36.1417925441971));
#5485=CARTESIAN_POINT('',(-11.7500000120262,-45.,36.1417925441971));
#5486=CARTESIAN_POINT('Origin',(4.88131893764922,-45.,5.02337758035335));
#5487=CARTESIAN_POINT('',(-11.7500000120262,-45.,38.1494322192838));
#5488=CARTESIAN_POINT('Origin',(3.95546581825378,-33.1819292190457,3.98943036227289));
#5489=CARTESIAN_POINT('',(3.95546581825378,-30.4801011938683,34.871466003117));
#5490=CARTESIAN_POINT('Origin',(-23.5000000240523,-59.3221844581006,37.3948213212081));
#5491=CARTESIAN_POINT('',(-3.95546581825379,-30.4801011938683,34.871466003117));
#5492=CARTESIAN_POINT('Origin',(-3.95546581825379,-33.1819292190457,3.98943036227289));
#5493=CARTESIAN_POINT('Origin',(-1.33226762955019E-14,-110.,23.4223637663372));
#5494=CARTESIAN_POINT('',(10.1988819023044,-110.,43.8361953484689));
#5495=CARTESIAN_POINT('Origin',(9.97355893824972,-110.,10.7101407095384));
#5496=CARTESIAN_POINT('',(-10.1988819023044,-110.,43.8361953484689));
#5497=CARTESIAN_POINT('',(-11.7500000120262,-110.,43.8361953484689));
#5498=CARTESIAN_POINT('Origin',(-9.97355893824972,-110.,10.7101407095384));
#5499=CARTESIAN_POINT('',(-1.33226762955019E-14,-110.,8.));
#5500=CARTESIAN_POINT('',(-10.185225965089,-110.,41.8285556733822));
#5501=CARTESIAN_POINT('Origin',(-9.97355893824972,-110.,10.7101407095384));
#5502=CARTESIAN_POINT('',(10.185225965089,-110.,41.8285556733822));
#5503=CARTESIAN_POINT('',(-11.7500000120262,-110.,41.8285556733822));
#5504=CARTESIAN_POINT('Origin',(9.97355893824972,-110.,10.7101407095384));
#5505=CARTESIAN_POINT('',(-1.33226762955019E-14,-110.,8.));
#5506=CARTESIAN_POINT('Origin',(-1.33226762955019E-14,-61.8686293615923,
8.));
#5507=CARTESIAN_POINT('Origin',(-1.33226762955019E-14,-61.8686293615923,
8.));
#5508=CARTESIAN_POINT('',(-1.33226762955019E-14,-109.,8.));
#5509=CARTESIAN_POINT('Origin',(-1.33226762955019E-14,-109.,23.4223637663372));
#5510=CARTESIAN_POINT('Origin',(3.95546581825378,-33.1819292190457,3.98943036227289));
#5511=CARTESIAN_POINT('',(3.95546581825378,-30.4801011938683,34.871466003117));
#5512=CARTESIAN_POINT('Origin',(-23.5000000240523,-59.3221844581006,37.3948213212081));
#5513=CARTESIAN_POINT('',(-3.95546581825379,-30.4801011938683,34.871466003117));
#5514=CARTESIAN_POINT('Origin',(-3.95546581825379,-33.1819292190457,3.98943036227289));
#5515=CARTESIAN_POINT('Origin',(-1.33226762955019E-14,-110.,23.4223637663372));
#5516=CARTESIAN_POINT('Origin',(-23.5000000240523,-59.1478729726052,39.3872107173916));
#5517=CARTESIAN_POINT('Origin',(-3.95546581825379,-33.1819292190457,3.98943036227289));
#5518=CARTESIAN_POINT('',(-10.3555662100152,-112.,44.0111726755207));
#5519=CARTESIAN_POINT('Origin',(-10.1302432459605,-112.,10.8851180365903));
#5520=CARTESIAN_POINT('',(-3.95546581825379,-30.305789708373,36.8638553993005));
#5521=CARTESIAN_POINT('Origin',(3.95546581825378,-33.1819292190457,3.98943036227289));
#5522=CARTESIAN_POINT('',(10.3555662100152,-112.,44.0111726755207));
#5523=CARTESIAN_POINT('Origin',(10.1302432459605,-112.,10.8851180365903));
#5524=CARTESIAN_POINT('',(3.95546581825378,-30.305789708373,36.8638553993005));
#5525=CARTESIAN_POINT('Origin',(-23.5000000240523,-59.1478729726052,39.3872107173916));
#5526=CARTESIAN_POINT('',(-11.7500000120262,-112.,44.0111726755207));
#5527=CARTESIAN_POINT('Origin',(-1.33226762955019E-14,-112.,23.4223637663372));
#5528=CARTESIAN_POINT('',(42.0698484487926,-112.,14.2903678978889));
#5529=CARTESIAN_POINT('',(42.1386071761226,-112.,13.6008854334845));
#5530=CARTESIAN_POINT('',(10.3487382414075,-112.,43.0073528379774));
#5531=CARTESIAN_POINT('Origin',(10.1302432459605,-112.,10.8851180365903));
#5532=CARTESIAN_POINT('',(-10.3487382414075,-112.,43.0073528379774));
#5533=CARTESIAN_POINT('',(-11.7500000120262,-112.,43.0073528379774));
#5534=CARTESIAN_POINT('',(-42.0698484487926,-112.,14.2903678978889));
#5535=CARTESIAN_POINT('Origin',(-10.1302432459605,-112.,10.8851180365903));
#5536=CARTESIAN_POINT('',(-42.1386071761226,-112.,13.6008854334845));
#5537=CARTESIAN_POINT('Origin',(36.9020608727662,-0.43852710205473,-0.94508616567452));
#5538=CARTESIAN_POINT('',(47.0799205832643,-114.208393723867,-3.67520961446967));
#5539=CARTESIAN_POINT('Origin',(-47.0000000240523,-117.5,0.));
#5540=CARTESIAN_POINT('',(-42.6653937928107,-119.601850532695,14.9554436413183));
#5541=CARTESIAN_POINT('',(-44.6994756786696,-116.334323580396,-8.29421870214784));
#5542=CARTESIAN_POINT('',(-36.1672889190451,-121.962466058173,31.7520958774915));
#5543=CARTESIAN_POINT('Origin',(-10.6878291244846,-119.117316171231,11.5078025163027));
#5544=CARTESIAN_POINT('',(-42.964800947993,-119.529094776913,14.4377595394972));
#5545=CARTESIAN_POINT('Origin',(-10.4875868317243,-119.036989566052,10.9362490219033));
#5546=CARTESIAN_POINT('',(-44.9516981592943,-116.337364771101,-8.27257950588693));
#5547=CARTESIAN_POINT('Origin',(-33.9280089352634,-0.697468799013731,-1.24167387717319));
#5548=CARTESIAN_POINT('',(-35.67868648495,-30.419884451483,7.15303261825874));
#5549=CARTESIAN_POINT('Origin',(33.9280089352634,-0.697468799013731,-1.24167387717319));
#5550=CARTESIAN_POINT('',(42.6653937928107,-119.601850532695,14.9554436413183));
#5551=CARTESIAN_POINT('',(44.3493214880539,-116.896807452482,-4.29193798937963));
#5552=CARTESIAN_POINT('',(35.67868648495,-30.419884451483,7.15303261825874));
#5553=CARTESIAN_POINT('Origin',(-44.9516981592943,-113.861694599247,-7.92464675348676));
#5554=CARTESIAN_POINT('Origin',(-42.964800947993,-117.053424605059,14.7856922918974));
#5555=CARTESIAN_POINT('Ctrl Pts',(45.4431775625787,-116.837639857594,15.0328487181463));
#5556=CARTESIAN_POINT('Ctrl Pts',(45.0055154453352,-117.454137206544,19.9597781923437));
#5557=CARTESIAN_POINT('Ctrl Pts',(42.0597260825488,-118.670400336465,29.5886723810932));
#5558=CARTESIAN_POINT('Ctrl Pts',(32.1944689287965,-120.131419478708,40.8780098069495));
#5559=CARTESIAN_POINT('Ctrl Pts',(20.8510339203689,-120.835019672523,46.0258622350508));
#5560=CARTESIAN_POINT('Ctrl Pts',(13.5205113301779,-120.972018061473,46.8037622199361));
#5561=CARTESIAN_POINT('Ctrl Pts',(11.0731681251728,-120.985532606642,46.8049445894312));
#5562=CARTESIAN_POINT('Ctrl Pts',(45.4824917424827,-117.229965121185,14.9811505431837));
#5563=CARTESIAN_POINT('Ctrl Pts',(45.0570187220489,-117.853278676881,19.9137263131368));
#5564=CARTESIAN_POINT('Ctrl Pts',(42.1311874621682,-119.082302459667,29.5648312404414));
#5565=CARTESIAN_POINT('Ctrl Pts',(32.2587738791817,-120.556938207067,40.9005525385795));
#5566=CARTESIAN_POINT('Ctrl Pts',(20.8803580174591,-121.264389215863,46.0687196686587));
#5567=CARTESIAN_POINT('Ctrl Pts',(13.5274256548303,-121.39949395006,46.8435000388947));
#5568=CARTESIAN_POINT('Ctrl Pts',(11.0731681251728,-121.411925077995,46.8422490968873));
#5569=CARTESIAN_POINT('Ctrl Pts',(45.3689521184043,-118.029686078847,14.8588236622971));
#5570=CARTESIAN_POINT('Ctrl Pts',(44.963535275623,-118.669293011657,19.7750328833348));
#5571=CARTESIAN_POINT('Ctrl Pts',(42.0819576286786,-119.928436823087,29.4106698045001));
#5572=CARTESIAN_POINT('Ctrl Pts',(32.248882843259,-121.432923243857,40.7582602694752));
#5573=CARTESIAN_POINT('Ctrl Pts',(20.8752957416937,-122.145296478121,45.930983462531));
#5574=CARTESIAN_POINT('Ctrl Pts',(13.5254787561911,-122.273085004796,46.6974228024771));
#5575=CARTESIAN_POINT('Ctrl Pts',(11.0731681251729,-122.282022919914,46.6926056165891));
#5576=CARTESIAN_POINT('Ctrl Pts',(44.5446941611182,-119.178815662245,14.6252108043815));
#5577=CARTESIAN_POINT('Ctrl Pts',(44.1534317884659,-119.839156033588,19.4250008015394));
#5578=CARTESIAN_POINT('Ctrl Pts',(41.3492269050172,-121.134819605903,28.8345383032077));
#5579=CARTESIAN_POINT('Ctrl Pts',(31.7548841575466,-122.666798271803,39.9207757737657));
#5580=CARTESIAN_POINT('Ctrl Pts',(20.6472955404424,-123.372734244728,44.974056016979));
#5581=CARTESIAN_POINT('Ctrl Pts',(13.4684001585516,-123.483555369868,45.7210018726914));
#5582=CARTESIAN_POINT('Ctrl Pts',(11.0731681251728,-123.485579710824,45.715596354407));
#5583=CARTESIAN_POINT('Ctrl Pts',(43.5590722508484,-119.536260245899,14.4887445005636));
#5584=CARTESIAN_POINT('Ctrl Pts',(43.1620551965569,-120.191852904143,19.1515576103709));
#5585=CARTESIAN_POINT('Ctrl Pts',(40.4075164726206,-121.473832586103,28.2744950606126));
#5586=CARTESIAN_POINT('Ctrl Pts',(31.0896328209491,-122.98011531229,38.9900935297849));
#5587=CARTESIAN_POINT('Ctrl Pts',(20.3408802121271,-123.666326009606,43.8739412086528));
#5588=CARTESIAN_POINT('Ctrl Pts',(13.3926045870353,-123.768779109559,44.6042416539584));
#5589=CARTESIAN_POINT('Ctrl Pts',(11.0731681251728,-123.768445696338,44.6023087141307));
#5590=CARTESIAN_POINT('Ctrl Pts',(42.964800947993,-119.529094776913,14.4377595394972));
#5591=CARTESIAN_POINT('Ctrl Pts',(42.5639933458904,-120.17294773665,19.0190113948744));
#5592=CARTESIAN_POINT('Ctrl Pts',(39.8387070590097,-121.431123192711,27.9713949403791));
#5593=CARTESIAN_POINT('Ctrl Pts',(30.6873613484612,-122.905858417851,38.4646813098742));
#5594=CARTESIAN_POINT('Ctrl Pts',(20.1556361391661,-123.577894346539,43.2464654092124));
#5595=CARTESIAN_POINT('Ctrl Pts',(13.3466842342133,-123.679092135365,43.9665250918016));
#5596=CARTESIAN_POINT('Ctrl Pts',(11.0731681251728,-123.679092135365,43.9665250918016));
#5597=CARTESIAN_POINT('',(36.1672889190361,-121.962466058175,31.7520958775032));
#5598=CARTESIAN_POINT('',(11.2643350271675,-123.687153603793,44.0298462871955));
#5599=CARTESIAN_POINT('Ctrl Pts',(36.1672889190379,-121.962466058174,31.7520958775008));
#5600=CARTESIAN_POINT('Ctrl Pts',(34.4700978116677,-122.273352248476,33.964166063082));
#5601=CARTESIAN_POINT('Ctrl Pts',(32.4864472350032,-122.551121103718,35.9439047884599));
#5602=CARTESIAN_POINT('Ctrl Pts',(28.038604648225,-123.025966884968,39.3287810274795));
#5603=CARTESIAN_POINT('Ctrl Pts',(25.5972761251378,-123.220636465805,40.7166905058371));
#5604=CARTESIAN_POINT('Ctrl Pts',(19.2703034730936,-123.578223958224,43.2628237973881));
#5605=CARTESIAN_POINT('Ctrl Pts',(15.2886795298293,-123.686522378778,44.0297910621624));
#5606=CARTESIAN_POINT('Ctrl Pts',(11.2643350271675,-123.687153603793,44.0298462871954));
#5607=CARTESIAN_POINT('',(42.964800947993,-119.529094776913,14.4377595394972));
#5608=CARTESIAN_POINT('Origin',(10.4875868317243,-119.036989566052,10.9362490219033));
#5609=CARTESIAN_POINT('Origin',(42.964800947993,-117.053424605059,14.7856922918974));
#5610=CARTESIAN_POINT('',(11.0731681251729,-123.687168529676,44.029847593041));
#5611=CARTESIAN_POINT('Origin',(11.0731681251729,-121.203421963511,44.3144578442018));
#5612=CARTESIAN_POINT('Ctrl Pts',(11.2643367144543,-123.68710979439,44.0298414931569));
#5613=CARTESIAN_POINT('Ctrl Pts',(11.1992898360102,-123.687118233373,44.0298241058743));
#5614=CARTESIAN_POINT('Ctrl Pts',(11.1354200176899,-123.687124826077,44.0298405310851));
#5615=CARTESIAN_POINT('Ctrl Pts',(11.0731681251728,-123.687124669238,44.0298404974976));
#5616=CARTESIAN_POINT('Ctrl Pts',(-42.964800947993,-119.529094776913,14.4377595394972));
#5617=CARTESIAN_POINT('Ctrl Pts',(-42.5639933458904,-120.17294773665,19.0190113948744));
#5618=CARTESIAN_POINT('Ctrl Pts',(-40.5156715959823,-121.11596222542,25.728908136038));
#5619=CARTESIAN_POINT('Ctrl Pts',(-33.9553518888173,-122.43227571317,35.0949652719425));
#5620=CARTESIAN_POINT('Ctrl Pts',(-24.6792972368441,-123.404214584569,42.0106696895007));
#5621=CARTESIAN_POINT('Ctrl Pts',(-15.6202003432537,-123.679092135365,43.9665250918016));
#5622=CARTESIAN_POINT('Ctrl Pts',(-11.0731681251729,-123.679092135365,43.9665250918016));
#5623=CARTESIAN_POINT('Ctrl Pts',(-43.3609818165633,-119.533871756237,14.4717495135415));
#5624=CARTESIAN_POINT('Ctrl Pts',(-42.9626574821093,-120.185387171276,19.1073243537776));
#5625=CARTESIAN_POINT('Ctrl Pts',(-40.8994106133349,-121.140361013671,25.9025066549622));
#5626=CARTESIAN_POINT('Ctrl Pts',(-34.2641124348039,-122.474736712705,35.3967956748036));
#5627=CARTESIAN_POINT('Ctrl Pts',(-24.865939246206,-123.460666158562,42.4121341366776));
#5628=CARTESIAN_POINT('Ctrl Pts',(-15.6813192623367,-123.739032918422,44.3929430160227));
#5629=CARTESIAN_POINT('Ctrl Pts',(-11.0731681251729,-123.738661176014,44.390380840021));
#5630=CARTESIAN_POINT('Ctrl Pts',(-44.1516806838071,-119.351612363784,14.5665415878358));
#5631=CARTESIAN_POINT('Ctrl Pts',(-43.7582422600913,-120.011286779454,19.3115921333814));
#5632=CARTESIAN_POINT('Ctrl Pts',(-41.6651240439037,-120.980299259182,26.2781725344658));
#5633=CARTESIAN_POINT('Ctrl Pts',(-34.8800964968027,-122.338400217657,36.0300355613991));
#5634=CARTESIAN_POINT('Ctrl Pts',(-25.2382199312807,-123.345644892629,43.2449259272084));
#5635=CARTESIAN_POINT('Ctrl Pts',(-15.8033178208293,-123.633092954203,45.275152956386));
#5636=CARTESIAN_POINT('Ctrl Pts',(-11.0731681251729,-123.634760179486,45.2671179777245));
#5637=CARTESIAN_POINT('Ctrl Pts',(-45.2302224143733,-118.43434915191,14.7898146998385));
#5638=CARTESIAN_POINT('Ctrl Pts',(-44.8325711371946,-119.082995035761,19.6861103095836));
#5639=CARTESIAN_POINT('Ctrl Pts',(-42.6833535631235,-120.039353607071,26.8827790411107));
#5640=CARTESIAN_POINT('Ctrl Pts',(-35.6843290378667,-121.389526057835,36.9677018538567));
#5641=CARTESIAN_POINT('Ctrl Pts',(-25.7196302717896,-122.402720150053,44.4351500040185));
#5642=CARTESIAN_POINT('Ctrl Pts',(-15.9621447808863,-122.708722391993,46.5320367226414));
#5643=CARTESIAN_POINT('Ctrl Pts',(-11.0731681251729,-122.722079170087,46.520158049877));
#5644=CARTESIAN_POINT('Ctrl Pts',(-45.5021488324348,-117.426127752981,14.9553014557025));
#5645=CARTESIAN_POINT('Ctrl Pts',(-45.0829842463218,-118.052868250944,19.8911610286812));
#5646=CARTESIAN_POINT('Ctrl Pts',(-42.8915151796218,-118.978805199564,27.1322206594093));
#5647=CARTESIAN_POINT('Ctrl Pts',(-35.8205105235064,-120.292106412349,37.263056114998));
#5648=CARTESIAN_POINT('Ctrl Pts',(-25.7917633660276,-121.286200314658,44.7541067353588));
#5649=CARTESIAN_POINT('Ctrl Pts',(-15.9892250442956,-121.601323749578,46.8659527025588));
#5650=CARTESIAN_POINT('Ctrl Pts',(-11.0731681251729,-121.625121313671,46.8609013506154));
#5651=CARTESIAN_POINT('Ctrl Pts',(-45.4431775625787,-116.837639857594,15.0328487181463));
#5652=CARTESIAN_POINT('Ctrl Pts',(-45.0055154453352,-117.454137206544,19.9597781923437));
#5653=CARTESIAN_POINT('Ctrl Pts',(-42.7914892128351,-118.365771853028,27.1767290656484));
#5654=CARTESIAN_POINT('Ctrl Pts',(-35.7168890759075,-119.660284477144,37.2524861522128));
#5655=CARTESIAN_POINT('Ctrl Pts',(-25.7222374166887,-120.642471630615,44.6945233924785));
#5656=CARTESIAN_POINT('Ctrl Pts',(-15.9678545351829,-120.958503516304,46.8025798504411));
#5657=CARTESIAN_POINT('Ctrl Pts',(-11.0731681251729,-120.985532606642,46.8049445894312));
#5658=CARTESIAN_POINT('',(-11.0731681251729,-123.687168529676,44.029847593041));
#5659=CARTESIAN_POINT('',(-11.2643350271675,-123.687153603793,44.0298462871955));
#5660=CARTESIAN_POINT('Ctrl Pts',(-11.0731681251729,-123.687150542714,44.0298419260326));
#5661=CARTESIAN_POINT('Ctrl Pts',(-11.1358593040344,-123.687150563188,44.02984193268));
#5662=CARTESIAN_POINT('Ctrl Pts',(-11.199721639773,-123.687144523057,44.0298318259218));
#5663=CARTESIAN_POINT('Ctrl Pts',(-11.2643349840805,-123.687134246471,44.0298325228074));
#5664=CARTESIAN_POINT('Origin',(-11.0731681251729,-121.203421963511,44.3144578442018));
#5665=CARTESIAN_POINT('Ctrl Pts',(-11.2643350271675,-123.687153603793,44.0298462871954));
#5666=CARTESIAN_POINT('Ctrl Pts',(-13.9712612775866,-123.686729017985,44.0298091407505));
#5667=CARTESIAN_POINT('Ctrl Pts',(-16.6653608691066,-123.637562406877,43.6827955956472));
#5668=CARTESIAN_POINT('Ctrl Pts',(-21.9583845862483,-123.441453508058,42.2894072712176));
#5669=CARTESIAN_POINT('Ctrl Pts',(-24.5259500534696,-123.293323885698,41.2344640536652));
#5670=CARTESIAN_POINT('Ctrl Pts',(-30.5151245649872,-122.809776041677,37.7879318345631));
#5671=CARTESIAN_POINT('Ctrl Pts',(-33.6513670331139,-122.423324806971,35.0312762649864));
#5672=CARTESIAN_POINT('Ctrl Pts',(-36.1672889190374,-121.962466058174,31.7520958775015));
#5673=CARTESIAN_POINT('Origin',(-23.5000000240523,-59.2350287153529,38.3910160192998));
#5674=CARTESIAN_POINT('',(-35.2500000240523,-123.687168529676,44.029847593041));
#5675=CARTESIAN_POINT('',(-3.95546581825379,-30.3929454511206,35.8676607012087));
#5676=CARTESIAN_POINT('',(3.95546581825378,-30.3929454511206,35.8676607012087));
#5677=CARTESIAN_POINT('Origin',(-47.0000000240523,-117.5,0.));
#5678=CARTESIAN_POINT('',(44.6015439686786,-116.899848643186,-4.27029879311873));
#5679=CARTESIAN_POINT('Origin',(10.6878291244846,-119.117316171231,11.5078025163027));
#5680=CARTESIAN_POINT('Origin',(-3.95546581825379,-33.1819292190457,3.98943036227289));
#5681=CARTESIAN_POINT('Origin',(-35.2500000240523,-121.203421963511,44.3144578442018));
#5682=CARTESIAN_POINT('',(-35.2500000240523,-120.985532606642,46.8049445894312));
#5683=CARTESIAN_POINT('Origin',(44.6015439686786,-114.424178471333,-3.92236604071856));
#5684=CARTESIAN_POINT('Origin',(3.95546581825378,-33.1819292190457,3.98943036227289));
#5685=CARTESIAN_POINT('Origin',(-1.33226762955019E-14,-110.,23.4223637663372));
#5686=CARTESIAN_POINT('Origin',(-23.5000000240523,-58.75,0.));
#5687=CARTESIAN_POINT('',(-39.7462783226892,-34.1880215376805,0.));
#5688=CARTESIAN_POINT('',(-39.2775080552247,-28.8040021287966,0.));
#5689=CARTESIAN_POINT('',(-2.80724947161562,0.,0.));
#5690=CARTESIAN_POINT('Origin',(-2.25782964060542,-38.0784979457154,0.));
#5691=CARTESIAN_POINT('',(2.8072494716156,0.,0.));
#5692=CARTESIAN_POINT('',(-47.0000000240523,-4.44089209850063E-15,0.));
#5693=CARTESIAN_POINT('Origin',(2.25782964060541,-38.0784979457154,0.));
#5694=CARTESIAN_POINT('',(2.79259827612199,-1.01542661188575,0.));
#5695=CARTESIAN_POINT('Origin',(2.25782964060541,-38.0784979457154,0.));
#5696=CARTESIAN_POINT('',(-2.79259827612201,-1.01542661188575,-1.38777878078145E-16));
#5697=CARTESIAN_POINT('',(-11.7500000240523,-1.01542661188575,5.55111512312578E-16));
#5698=CARTESIAN_POINT('',(-38.7465863578337,-34.2917675752281,2.77555756156289E-16));
#5699=CARTESIAN_POINT('Origin',(-2.25782964060542,-38.0784979457154,0.));
#5700=CARTESIAN_POINT('',(-38.2763725028742,-28.8911679699652,0.));
#5701=CARTESIAN_POINT('Origin',(-1.33226762955019E-14,-61.8686293615923,
1.7));
#5702=CARTESIAN_POINT('',(-38.6031524751764,-34.5915234424325,1.7));
#5703=CARTESIAN_POINT('',(-38.154456071798,-29.4380606224626,1.7));
#5704=CARTESIAN_POINT('',(-2.64916439346473,-1.31518247909014,1.7));
#5705=CARTESIAN_POINT('Origin',(-2.11439575794814,-38.3782538129198,1.7));
#5706=CARTESIAN_POINT('',(2.64916439346472,-1.31518247909014,1.7));
#5707=CARTESIAN_POINT('',(-1.20261650868616E-8,-1.31518247909014,1.7));
#5708=CARTESIAN_POINT('Origin',(2.11439575794813,-38.3782538129198,1.7));
#5709=CARTESIAN_POINT('',(2.63451319797111,-2.33060909097588,1.7));
#5710=CARTESIAN_POINT('Origin',(2.11439575794813,-38.3782538129198,1.7));
#5711=CARTESIAN_POINT('',(-2.63451319797113,-2.33060909097588,1.7));
#5712=CARTESIAN_POINT('',(-1.20261649909169E-8,-2.33060909097589,1.7));
#5713=CARTESIAN_POINT('Origin',(-2.11439575794814,-38.3782538129198,1.7));
#5714=CARTESIAN_POINT('Origin',(-23.5000000240523,-59.1478729726052,39.3872107173916));
#5715=CARTESIAN_POINT('Origin',(-3.95546581825379,-33.1819292190457,3.98943036227289));
#5716=CARTESIAN_POINT('Origin',(-2.40523111607455E-8,-0.984807753012208,
-0.17364817766693));
#5717=CARTESIAN_POINT('',(-2.94977598156733,-0.686948162246788,-1.86289385957364));
#5718=CARTESIAN_POINT('',(2.9497759814024,-0.68694816259145,-1.86289385761896));
#5719=CARTESIAN_POINT('Origin',(2.9497759814024,-36.632431147537,-8.20105234246192));
#5720=CARTESIAN_POINT('Origin',(-2.94977598156733,-36.6324311471924,-8.2010523444166));
#5721=CARTESIAN_POINT('',(-39.1340745545177,-33.4819738341912,-4.59256852118273));
#5722=CARTESIAN_POINT('Origin',(-35.9107102269319,-0.524841001041063,-1.04394873617408));
#5723=CARTESIAN_POINT('Origin',(2.9497759814024,-36.632431147537,-8.20105234246192));
#5724=CARTESIAN_POINT('',(2.09430029234237,-1.48995966327111,8.44998115027315));
#5725=CARTESIAN_POINT('',(2.9497759814024,0.297859590420758,-1.68924567995203));
#5726=CARTESIAN_POINT('',(38.0080866301588,-29.7674346179995,8.75859804927184));
#5727=CARTESIAN_POINT('Origin',(2.09430029234237,-38.420250401229,1.93817448776326));
#5728=CARTESIAN_POINT('Origin',(1.87924480780851,-38.8696849565044,4.48704451020506));
#5729=CARTESIAN_POINT('Origin',(-2.40523112537971E-8,0.,0.));
#5730=CARTESIAN_POINT('',(-2.09430029234241,-1.48995966327111,8.44998115027316));
#5731=CARTESIAN_POINT('',(-2.94977598156733,0.29785959076542,-1.68924568190671));
#5732=CARTESIAN_POINT('',(-11.7500000240523,-1.48995966327111,8.44998115027316));
#5733=CARTESIAN_POINT('Origin',(-2.94977598156733,-36.6324311471924,-8.2010523444166));
#5734=CARTESIAN_POINT('',(-40.125425200352,-33.3956599352049,-4.49370595068317));
#5735=CARTESIAN_POINT('',(-38.0080866301588,-29.7674346179994,8.75859804927184));
#5736=CARTESIAN_POINT('Origin',(-1.87924480780852,-38.8696849565044,4.48704451020506));
#5737=CARTESIAN_POINT('Origin',(-2.09430029234238,-38.4202504012289,1.93817448776327));
#5738=CARTESIAN_POINT('Origin',(-36.9020608727662,-0.43852710205473,-0.94508616567452));
#5739=CARTESIAN_POINT('Origin',(-2.94977598156733,-36.6324311471924,-8.2010523444166));
#5740=CARTESIAN_POINT('',(-2.94977598156733,-1.671755915259,-2.03654203724057));
#5741=CARTESIAN_POINT('',(-36.0828695147283,-30.2494304137925,8.51117308834169));
#5742=CARTESIAN_POINT('Origin',(-2.09430029234238,-38.4202504012289,1.93817448776327));
#5743=CARTESIAN_POINT('Origin',(-1.87924480780852,-38.8696849565044,4.48704451020506));
#5744=CARTESIAN_POINT('Origin',(-2.40523110676939E-8,-1.96961550602442,
-0.347296355333861));
#5745=CARTESIAN_POINT('',(2.9497759814024,-1.67175591560366,-2.03654203528589));
#5746=CARTESIAN_POINT('Origin',(2.9497759814024,-36.632431147537,-8.20105234246192));
#5747=CARTESIAN_POINT('Origin',(1.87924480780851,-38.8696849565044,4.48704451020506));
#5748=CARTESIAN_POINT('Origin',(-23.5000000240523,-58.9735614871099,41.3796001135751));
#5749=CARTESIAN_POINT('',(4.31678711012504,-35.1519100484611,39.2954756662273));
#5750=CARTESIAN_POINT('Origin',(1.87924480780851,-35.8192339603364,39.3538589434161));
#5751=CARTESIAN_POINT('',(-4.31678711012504,-35.151910048461,39.2954756662273));
#5752=CARTESIAN_POINT('',(-11.7500000240523,-35.1519100481917,39.2954756662037));
#5753=CARTESIAN_POINT('Origin',(-1.87924480780852,-35.8192339603364,39.3538589434161));
#5754=CARTESIAN_POINT('Origin',(-23.5000000240523,-59.1478729726052,39.3872107173916));
#5755=CARTESIAN_POINT('',(-4.3804192651784,-35.7301165364177,37.3384225040139));
#5756=CARTESIAN_POINT('',(-3.95546581825379,-30.305789708373,36.8638553993005));
#5757=CARTESIAN_POINT('',(-4.31678711012504,-35.3262215339563,37.3030862700438));
#5758=CARTESIAN_POINT('Origin',(-1.87924480780852,-35.9935454458317,37.3614695472327));
#5759=CARTESIAN_POINT('',(-11.7500000240523,-35.3262215336871,37.3030862700202));
#5760=CARTESIAN_POINT('',(4.38041926517839,-35.7301165364177,37.3384225040139));
#5761=CARTESIAN_POINT('Origin',(1.87924480780851,-35.9935454458317,37.3614695472327));
#5762=CARTESIAN_POINT('',(3.95546581825378,-30.305789708373,36.8638553993005));
#5763=CARTESIAN_POINT('Origin',(-3.95546581825379,-33.1819292190457,3.98943036227289));
#5764=CARTESIAN_POINT('Origin',(-4.3804192651784,-38.6062560470904,4.46399746698633));
#5765=CARTESIAN_POINT('Origin',(3.95546581825378,-33.1819292190457,3.98943036227289));
#5766=CARTESIAN_POINT('Origin',(4.38041926517839,-38.6062560470904,4.46399746698633));
#5767=CARTESIAN_POINT('Ctrl Pts',(37.0949905777088,-35.7578973805413,7.72646229347175));
#5768=CARTESIAN_POINT('Ctrl Pts',(36.9057243088981,-33.900724006712,8.00290020817731));
#5769=CARTESIAN_POINT('Ctrl Pts',(36.5669204173095,-32.0567844689589,8.26557932908277));
#5770=CARTESIAN_POINT('Ctrl Pts',(36.0828695147289,-30.2494304137948,8.51117308834138));
#5771=CARTESIAN_POINT('Ctrl Pts',(36.6085109778491,-35.3968033181664,12.2894068618996));
#5772=CARTESIAN_POINT('Ctrl Pts',(36.364689031724,-33.5731091981877,12.5205120096702));
#5773=CARTESIAN_POINT('Ctrl Pts',(35.9780486787653,-31.7715380221503,12.7389402471139));
#5774=CARTESIAN_POINT('Ctrl Pts',(35.4539754485379,-30.012131944523,12.9423377993111));
#5775=CARTESIAN_POINT('Ctrl Pts',(33.6980983880881,-34.8435413273187,21.2193636157362));
#5776=CARTESIAN_POINT('Ctrl Pts',(33.3919424923557,-33.1861115413258,21.3462186366494));
#5777=CARTESIAN_POINT('Ctrl Pts',(32.9611235930333,-31.5608801377869,21.464690000452));
#5778=CARTESIAN_POINT('Ctrl Pts',(32.4140353871312,-29.9839230823417,21.5732287984798));
#5779=CARTESIAN_POINT('Ctrl Pts',(24.2743116704411,-34.6625033713812,31.7272130652752));
#5780=CARTESIAN_POINT('Ctrl Pts',(24.0160977638621,-33.5050054387049,31.7256425777987));
#5781=CARTESIAN_POINT('Ctrl Pts',(23.6738464672759,-32.3765733288575,31.7219652545967));
#5782=CARTESIAN_POINT('Ctrl Pts',(23.254720827223,-31.2866430603272,31.7164001061521));
#5783=CARTESIAN_POINT('Ctrl Pts',(13.5597223816227,-35.079153498101,36.5593119773463));
#5784=CARTESIAN_POINT('Ctrl Pts',(13.428415400054,-34.4750316337329,36.5194873527584));
#5785=CARTESIAN_POINT('Ctrl Pts',(13.2531201943376,-33.8856745167185,36.4805257879629));
#5786=CARTESIAN_POINT('Ctrl Pts',(13.0375763697301,-33.3162438560535,36.442441254643));
#5787=CARTESIAN_POINT('Ctrl Pts',(6.67493693191143,-35.5517245401818,37.3228152266795));
#5788=CARTESIAN_POINT('Ctrl Pts',(6.63412939717993,-35.2987522757995,37.3007726784067));
#5789=CARTESIAN_POINT('Ctrl Pts',(6.57431982337075,-35.0502944214907,37.2788698271358));
#5790=CARTESIAN_POINT('Ctrl Pts',(6.49672197859174,-34.8089252224099,37.2578287070997));
#5791=CARTESIAN_POINT('Ctrl Pts',(4.38041926517839,-35.7301165364177,37.3384225040139));
#5792=CARTESIAN_POINT('Ctrl Pts',(4.36973946771788,-35.593794046737,37.3264958315833));
#5793=CARTESIAN_POINT('Ctrl Pts',(4.34843883229906,-35.4585916448531,37.3146671541369));
#5794=CARTESIAN_POINT('Ctrl Pts',(4.31678711012507,-35.3262215337052,37.3030862700218));
#5795=CARTESIAN_POINT('Ctrl Pts',(-4.38041926517839,-35.7301165364177,37.3384225040139));
#5796=CARTESIAN_POINT('Ctrl Pts',(-4.36973946771788,-35.593794046737,37.3264958315833));
#5797=CARTESIAN_POINT('Ctrl Pts',(-4.34843883229907,-35.4585916448531,37.3146671541369));
#5798=CARTESIAN_POINT('Ctrl Pts',(-4.31678711012508,-35.3262215337052,37.3030862700218));
#5799=CARTESIAN_POINT('Ctrl Pts',(-8.96945459864447,-35.3733325439459,37.3072079493451));
#5800=CARTESIAN_POINT('Ctrl Pts',(-8.89852728553876,-35.0037474542967,37.2747434821179));
#5801=CARTESIAN_POINT('Ctrl Pts',(-8.80019242729833,-34.6419664081824,37.243332075844));
#5802=CARTESIAN_POINT('Ctrl Pts',(-8.67665684705841,-34.2916289111145,37.2125711441776));
#5803=CARTESIAN_POINT('Ctrl Pts',(-18.144818894936,-34.8303336582014,35.2975885478249));
#5804=CARTESIAN_POINT('Ctrl Pts',(-17.9533735707612,-33.9910309576161,35.2603709974021));
#5805=CARTESIAN_POINT('Ctrl Pts',(-17.7014003305155,-33.1735178139273,35.2234102368322));
#5806=CARTESIAN_POINT('Ctrl Pts',(-17.3940773258105,-32.3843824382013,35.1869103027295));
#5807=CARTESIAN_POINT('Ctrl Pts',(-29.5367919084589,-34.6669722101075,26.9638202050037));
#5808=CARTESIAN_POINT('Ctrl Pts',(-29.2383753843162,-33.2327461348496,27.0190157557013));
#5809=CARTESIAN_POINT('Ctrl Pts',(-28.8341081836806,-31.8310956165762,27.0692733857832));
#5810=CARTESIAN_POINT('Ctrl Pts',(-28.3327272178216,-30.4750863369553,27.1138332150915));
#5811=CARTESIAN_POINT('Ctrl Pts',(-35.4087125554584,-35.097707413556,16.7824540907709));
#5812=CARTESIAN_POINT('Ctrl Pts',(-35.1273626784165,-33.3441786943297,16.9630772485716));
#5813=CARTESIAN_POINT('Ctrl Pts',(-34.7114684770288,-31.6186055052689,17.132955883894));
#5814=CARTESIAN_POINT('Ctrl Pts',(-34.1682490780501,-29.9391824294361,17.2901741812477));
#5815=CARTESIAN_POINT('Ctrl Pts',(-36.851750777779,-35.5773503493538,10.0079345776857));
#5816=CARTESIAN_POINT('Ctrl Pts',(-36.6353804558737,-33.7371164106579,10.2616821609042));
#5817=CARTESIAN_POINT('Ctrl Pts',(-36.2723093844745,-31.9140067883143,10.5022751967115));
#5818=CARTESIAN_POINT('Ctrl Pts',(-35.7684224816334,-30.1307811791587,10.7267554438263));
#5819=CARTESIAN_POINT('Ctrl Pts',(-37.0949905777088,-35.7578973805413,7.72646229347174));
#5820=CARTESIAN_POINT('Ctrl Pts',(-36.9057243088981,-33.9007240067119,8.00290020817731));
#5821=CARTESIAN_POINT('Ctrl Pts',(-36.5669204173095,-32.0567844689588,8.26557932908278));
#5822=CARTESIAN_POINT('Ctrl Pts',(-36.0828695147289,-30.2494304137947,8.51117308834139));
#5823=CARTESIAN_POINT('Ctrl Pts',(-36.0828695147283,-30.2494304137925,8.51117308834171));
#5824=CARTESIAN_POINT('Ctrl Pts',(-35.7684224816361,-30.1307811791718,10.7267554438305));
#5825=CARTESIAN_POINT('Ctrl Pts',(-34.168246449239,-29.9391823878511,17.2901818420961));
#5826=CARTESIAN_POINT('Ctrl Pts',(-28.3327248343571,-30.4750860160332,27.1138433991025));
#5827=CARTESIAN_POINT('Ctrl Pts',(-17.3940764730409,-32.3843793217834,35.1869482566561));
#5828=CARTESIAN_POINT('Ctrl Pts',(-8.6766568470623,-34.2916289113447,37.2125711442052));
#5829=CARTESIAN_POINT('Ctrl Pts',(-4.31678711012504,-35.3262215339419,37.3030862700425));
#5830=CARTESIAN_POINT('Ctrl Pts',(-4.31678711012504,-35.3262215339419,37.3030862700425));
#5831=CARTESIAN_POINT('Ctrl Pts',(-4.27966685243637,-33.1218138543651,37.1102255883061));
#5832=CARTESIAN_POINT('Ctrl Pts',(-4.1794705735313,-28.7488494654352,36.3115378713921));
#5833=CARTESIAN_POINT('Ctrl Pts',(-3.95638571841811,-22.5279858795273,33.9134086675344));
#5834=CARTESIAN_POINT('Ctrl Pts',(-3.57259309575627,-14.968804509105,29.233477709254));
#5835=CARTESIAN_POINT('Ctrl Pts',(-2.95479842615461,-7.4134298360595,20.886802304869));
#5836=CARTESIAN_POINT('Ctrl Pts',(-2.38114361699009,-4.22808232382368,12.4611054486609));
#5837=CARTESIAN_POINT('Ctrl Pts',(-2.09430029234238,-3.45957516929553,8.10268479493929));
#5838=CARTESIAN_POINT('Ctrl Pts',(-8.6766568470623,-34.2916289113447,37.2125711442052));
#5839=CARTESIAN_POINT('Ctrl Pts',(-8.49682812223909,-31.8859114006686,36.9368650196283));
#5840=CARTESIAN_POINT('Ctrl Pts',(-8.02953395372387,-27.2132611313433,35.9016744362193));
#5841=CARTESIAN_POINT('Ctrl Pts',(-7.13903187355446,-20.9204005919612,33.1191835786004));
#5842=CARTESIAN_POINT('Ctrl Pts',(-5.83084403224855,-13.6785252801047,28.0906424398257));
#5843=CARTESIAN_POINT('Ctrl Pts',(-4.1251287382207,-6.94179684308396,19.874371601703));
#5844=CARTESIAN_POINT('Ctrl Pts',(-2.77160664053663,-4.16567931216365,12.107200383144));
#5845=CARTESIAN_POINT('Ctrl Pts',(-2.09430029234238,-3.45957516929553,8.10268479493929));
#5846=CARTESIAN_POINT('Ctrl Pts',(-17.3940764730409,-32.3843793217834,35.1869482566561));
#5847=CARTESIAN_POINT('Ctrl Pts',(-16.9287887588371,-29.6848835062918,34.8321716592664));
#5848=CARTESIAN_POINT('Ctrl Pts',(-15.7282251565144,-24.5939980147527,33.5604903087244));
#5849=CARTESIAN_POINT('Ctrl Pts',(-13.5030502872736,-18.2677876007607,30.4567361869033));
#5850=CARTESIAN_POINT('Ctrl Pts',(-10.3467689333792,-11.6017898966254,25.3089790880488));
#5851=CARTESIAN_POINT('Ctrl Pts',(-6.46559710410762,-6.16471303992279,17.8197706963977));
#5852=CARTESIAN_POINT('Ctrl Pts',(-3.55253268762972,-4.04087328884361,11.3993902521102));
#5853=CARTESIAN_POINT('Ctrl Pts',(-2.09430029234239,-3.45957516929553,8.10268479493929));
#5854=CARTESIAN_POINT('Ctrl Pts',(-28.3327248343571,-30.4750860160332,27.1138433991025));
#5855=CARTESIAN_POINT('Ctrl Pts',(-27.5949345344576,-27.7131102749465,26.8970450966462));
#5856=CARTESIAN_POINT('Ctrl Pts',(-25.6793689784191,-22.5708085345141,25.9836340890931));
#5857=CARTESIAN_POINT('Ctrl Pts',(-22.0463754202184,-16.3975543600233,23.6707808534945));
#5858=CARTESIAN_POINT('Ctrl Pts',(-16.7536312305717,-10.1655364476267,19.8995804804175));
#5859=CARTESIAN_POINT('Ctrl Pts',(-9.97913382626402,-5.48306751670751,14.6546959869339));
#5860=CARTESIAN_POINT('Ctrl Pts',(-4.72392175826933,-3.85366425386352,10.3376750555595));
#5861=CARTESIAN_POINT('Ctrl Pts',(-2.09430029234238,-3.45957516929553,8.10268479493929));
#5862=CARTESIAN_POINT('Ctrl Pts',(-34.168246449239,-29.9391823878511,17.2901818420961));
#5863=CARTESIAN_POINT('Ctrl Pts',(-33.4298250552617,-27.4387598283837,17.3398685929987));
#5864=CARTESIAN_POINT('Ctrl Pts',(-31.4861202921988,-22.7107725098518,17.1592013758665));
#5865=CARTESIAN_POINT('Ctrl Pts',(-27.574072741123,-16.7639240717688,16.2896967845966));
#5866=CARTESIAN_POINT('Ctrl Pts',(-21.4891185643656,-10.4344276610503,14.6173069479148));
#5867=CARTESIAN_POINT('Ctrl Pts',(-12.9095249920121,-5.31568652239889,11.94956974577));
#5868=CARTESIAN_POINT('Ctrl Pts',(-5.7000793171357,-3.69765672471346,9.45291239176726));
#5869=CARTESIAN_POINT('Ctrl Pts',(-2.09430029234239,-3.45957516929553,8.10268479493929));
#5870=CARTESIAN_POINT('Ctrl Pts',(-35.7684224816361,-30.1307811791718,10.7267554438305));
#5871=CARTESIAN_POINT('Ctrl Pts',(-35.148929866996,-27.9075836015011,10.955960846616));
#5872=CARTESIAN_POINT('Ctrl Pts',(-33.4893815054211,-23.6047241527969,11.2855471950578));
#5873=CARTESIAN_POINT('Ctrl Pts',(-29.9113455701555,-17.8306941486157,11.4344225011301));
#5874=CARTESIAN_POINT('Ctrl Pts',(-23.9366201999409,-11.249544499623,11.228750116384));
#5875=CARTESIAN_POINT('Ctrl Pts',(-14.6681655034733,-5.39897747740982,10.2946241579396));
#5876=CARTESIAN_POINT('Ctrl Pts',(-6.2857738524555,-3.60405220722341,8.9220547934919));
#5877=CARTESIAN_POINT('Ctrl Pts',(-2.09430029234238,-3.45957516929553,8.10268479493929));
#5878=CARTESIAN_POINT('Ctrl Pts',(-36.0828695147283,-30.2494304137925,8.51117308834171));
#5879=CARTESIAN_POINT('Ctrl Pts',(-35.5151881058176,-28.1298159456326,8.79919860494098));
#5880=CARTESIAN_POINT('Ctrl Pts',(-33.9828828817137,-23.985728315362,9.2985354883449));
#5881=CARTESIAN_POINT('Ctrl Pts',(-30.5712383311983,-18.274453898855,9.79043007638501));
#5882=CARTESIAN_POINT('Ctrl Pts',(-24.701884228393,-11.5919638829634,10.0824628584708));
#5883=CARTESIAN_POINT('Ctrl Pts',(-15.2539285757578,-5.44780770067082,9.73920522420097));
#5884=CARTESIAN_POINT('Ctrl Pts',(-6.48100536422877,-3.5728507013934,8.74510226073345));
#5885=CARTESIAN_POINT('Ctrl Pts',(-2.09430029234238,-3.45957516929553,8.10268479493929));
#5886=CARTESIAN_POINT('Origin',(-2.09430029234238,-38.4202504012288,1.93817448776329));
#5887=CARTESIAN_POINT('Origin',(-11.7500000240523,-38.4202504012289,1.93817448776327));
#5888=CARTESIAN_POINT('Ctrl Pts',(39.0776918693774,-35.5852695825687,7.92418743447087));
#5889=CARTESIAN_POINT('Ctrl Pts',(38.8776021780606,-33.6238022157606,8.21810199082105));
#5890=CARTESIAN_POINT('Ctrl Pts',(38.5195556648858,-31.6763028515913,8.49741794799025));
#5891=CARTESIAN_POINT('Ctrl Pts',(38.0080866301595,-29.7674346180019,8.75859804927151));
#5892=CARTESIAN_POINT('Ctrl Pts',(38.5617286574049,-35.202291031565,12.7636740979549));
#5893=CARTESIAN_POINT('Ctrl Pts',(38.303775650859,-33.2763367778593,13.0094901137818));
#5894=CARTESIAN_POINT('Ctrl Pts',(37.8949945853681,-31.3737640686343,13.2419067263465));
#5895=CARTESIAN_POINT('Ctrl Pts',(37.341077772078,-29.5157544233196,13.4583181972697));
#5896=CARTESIAN_POINT('Ctrl Pts',(35.4755635665484,-34.6154601095474,22.2347039319294));
#5897=CARTESIAN_POINT('Ctrl Pts',(35.1514945200517,-32.8658313667407,22.369983352721));
#5898=CARTESIAN_POINT('Ctrl Pts',(34.6957918616992,-31.1502277323784,22.4963614586379));
#5899=CARTESIAN_POINT('Ctrl Pts',(34.1174585672543,-29.4857110723211,22.6121910901383));
#5900=CARTESIAN_POINT('Ctrl Pts',(25.4797609685816,-34.4235110235395,33.3794826009626));
#5901=CARTESIAN_POINT('Ctrl Pts',(25.2065489463184,-33.2041307622025,33.3785317507335));
#5902=CARTESIAN_POINT('Ctrl Pts',(24.8448686940065,-32.0155213264071,33.3753624118614));
#5903=CARTESIAN_POINT('Ctrl Pts',(24.402264339144,-30.8675629819114,33.3701553762621));
#5904=CARTESIAN_POINT('Ctrl Pts',(14.1161917256012,-34.8653802086335,38.5044586471815));
#5905=CARTESIAN_POINT('Ctrl Pts',(13.9775712464037,-34.2329020096695,38.4629485498298));
#5906=CARTESIAN_POINT('Ctrl Pts',(13.7929308761464,-33.6160091749125,38.4223397907649));
#5907=CARTESIAN_POINT('Ctrl Pts',(13.5662389176213,-33.0200859830095,38.3826532677481));
#5908=CARTESIAN_POINT('Ctrl Pts',(6.81399860868312,-35.366601418551,39.314258727267));
#5909=CARTESIAN_POINT('Ctrl Pts',(6.77136653719418,-35.106561895604,39.2916004745599));
#5910=CARTESIAN_POINT('Ctrl Pts',(6.70922011813235,-34.8512356480655,39.2690918054369));
#5911=CARTESIAN_POINT('Ctrl Pts',(6.6288392433473,-34.6032624453209,39.2474752206818));
#5912=CARTESIAN_POINT('Ctrl Pts',(4.38041926517838,-35.5558050509223,39.3308119001974));
#5913=CARTESIAN_POINT('Ctrl Pts',(4.36973946771787,-35.4194825612417,39.3188852277667));
#5914=CARTESIAN_POINT('Ctrl Pts',(4.34843883229907,-35.2842801593578,39.3070565503204));
#5915=CARTESIAN_POINT('Ctrl Pts',(4.31678711012508,-35.1519100482099,39.2954756662053));
#5916=CARTESIAN_POINT('Origin',(4.31678711012504,-38.2023610443777,4.4286612329942));
#5917=CARTESIAN_POINT('Ctrl Pts',(38.0080866301588,-29.7674346179995,8.75859804927184));
#5918=CARTESIAN_POINT('Ctrl Pts',(37.4082499999619,-27.5287671504018,9.0649027934317));
#5919=CARTESIAN_POINT('Ctrl Pts',(36.1932758062307,-24.2467874814035,9.46448311036806));
#5920=CARTESIAN_POINT('Ctrl Pts',(32.8839031306382,-18.0815767844173,10.0636818121756));
#5921=CARTESIAN_POINT('Ctrl Pts',(26.9816140205598,-10.7140879753562,10.4926060280497));
#5922=CARTESIAN_POINT('Ctrl Pts',(15.9988911225287,-3.58197483964122,10.1310288299105));
#5923=CARTESIAN_POINT('Ctrl Pts',(6.7294818337584,-1.60682036566886,9.11273112720926));
#5924=CARTESIAN_POINT('Ctrl Pts',(2.09430029234236,-1.48995966327111,8.44998115027316));
#5925=CARTESIAN_POINT('Ctrl Pts',(37.3410777720843,-29.5157544233497,13.4583181972784));
#5926=CARTESIAN_POINT('Ctrl Pts',(36.6305917179582,-27.0570706519148,13.6398599012072));
#5927=CARTESIAN_POINT('Ctrl Pts',(35.2156415334441,-23.5234179520461,13.770319514697));
#5928=CARTESIAN_POINT('Ctrl Pts',(31.5354435326253,-17.1286743238904,13.6867332539647));
#5929=CARTESIAN_POINT('Ctrl Pts',(25.3168884908683,-9.92350718802203,13.0482328656297));
#5930=CARTESIAN_POINT('Ctrl Pts',(14.7567161350034,-3.48026446988726,11.3096534668872));
#5931=CARTESIAN_POINT('Ctrl Pts',(6.31535438454236,-1.67300537803556,9.48808498457567));
#5932=CARTESIAN_POINT('Ctrl Pts',(2.09430029234236,-1.48995966327111,8.44998115027316));
#5933=CARTESIAN_POINT('Ctrl Pts',(34.1169614405159,-29.4858204090597,22.6123000640876));
#5934=CARTESIAN_POINT('Ctrl Pts',(33.295320659659,-26.68493169379,22.536313758735));
#5935=CARTESIAN_POINT('Ctrl Pts',(31.6885843730223,-22.7579517847387,22.1276356944885));
#5936=CARTESIAN_POINT('Ctrl Pts',(27.73879736601,-15.9911819275542,20.7030579500293));
#5937=CARTESIAN_POINT('Ctrl Pts',(21.5218100429381,-8.98825688084906,18.0057250828546));
#5938=CARTESIAN_POINT('Ctrl Pts',(12.2716550587279,-3.45232657804752,13.6356807918981));
#5939=CARTESIAN_POINT('Ctrl Pts',(5.48709948611031,-1.80537540276895,10.2387926993085));
#5940=CARTESIAN_POINT('Ctrl Pts',(2.09430029234236,-1.48995966327111,8.44998115027316));
#5941=CARTESIAN_POINT('Ctrl Pts',(24.4024913617189,-30.8675047528358,33.3702004642598));
#5942=CARTESIAN_POINT('Ctrl Pts',(23.7369377885957,-27.9292136516116,33.0371236156778));
#5943=CARTESIAN_POINT('Ctrl Pts',(22.4503523046713,-23.819835843541,32.1089876236276));
#5944=CARTESIAN_POINT('Ctrl Pts',(19.3904247112404,-16.7858496808326,29.3737253644652));
#5945=CARTESIAN_POINT('Ctrl Pts',(14.7913028248812,-9.59450806251378,24.566039215199));
#5946=CARTESIAN_POINT('Ctrl Pts',(8.54384799751039,-3.92142129369165,17.0361547042491));
#5947=CARTESIAN_POINT('Ctrl Pts',(4.2447171384622,-2.00393043986904,11.3648542714077));
#5948=CARTESIAN_POINT('Ctrl Pts',(2.09430029234236,-1.48995966327111,8.44998115027315));
#5949=CARTESIAN_POINT('Ctrl Pts',(13.5661220689841,-33.020112687948,38.3826673907047));
#5950=CARTESIAN_POINT('Ctrl Pts',(13.2260152277911,-30.3071072641296,38.0366434642281));
#5951=CARTESIAN_POINT('Ctrl Pts',(12.5685546993762,-26.421747490331,37.0977823897665));
#5952=CARTESIAN_POINT('Ctrl Pts',(11.0047941228727,-19.4607526215018,34.2421126508154));
#5953=CARTESIAN_POINT('Ctrl Pts',(8.65265562871219,-11.7430815937864,28.9842845363751));
#5954=CARTESIAN_POINT('Ctrl Pts',(5.43866113211961,-4.73507488164191,19.7961482008542));
#5955=CARTESIAN_POINT('Ctrl Pts',(3.20939851542214,-2.16939297078577,12.3032389148238));
#5956=CARTESIAN_POINT('Ctrl Pts',(2.09430029234236,-1.48995966327111,8.44998115027316));
#5957=CARTESIAN_POINT('Ctrl Pts',(6.62883924334935,-34.6032624455687,39.2474752207075));
#5958=CARTESIAN_POINT('Ctrl Pts',(6.51603143243821,-32.1681159398091,39.000158974444));
#5959=CARTESIAN_POINT('Ctrl Pts',(6.29530223419648,-28.5854524693835,38.2727864070514));
#5960=CARTESIAN_POINT('Ctrl Pts',(5.75092057602316,-21.8339816093435,35.8574301675109));
#5961=CARTESIAN_POINT('Ctrl Pts',(4.88900587516731,-13.7165654647911,31.0407775402316));
#5962=CARTESIAN_POINT('Ctrl Pts',(3.5757571819672,-5.41713142810624,21.4177664041082));
#5963=CARTESIAN_POINT('Ctrl Pts',(2.58820734159809,-2.26867048933582,12.8662697008734));
#5964=CARTESIAN_POINT('Ctrl Pts',(2.09430029234236,-1.48995966327111,8.44998115027316));
#5965=CARTESIAN_POINT('Ctrl Pts',(4.31678711012504,-35.1519100484611,39.2954756662273));
#5966=CARTESIAN_POINT('Ctrl Pts',(4.27966685243637,-32.8233103869363,39.0917495939705));
#5967=CARTESIAN_POINT('Ctrl Pts',(4.20447945492516,-29.3591722946169,38.4582581564352));
#5968=CARTESIAN_POINT('Ctrl Pts',(3.99968241466183,-22.6977945910568,36.243553934366));
#5969=CARTESIAN_POINT('Ctrl Pts',(3.63442547353897,-14.4453884859535,31.6538627773306));
#5970=CARTESIAN_POINT('Ctrl Pts',(2.95477124174521,-5.6666597289347,21.9538643421924));
#5971=CARTESIAN_POINT('Ctrl Pts',(2.38114361699007,-2.30176299551917,13.0539466295566));
#5972=CARTESIAN_POINT('Ctrl Pts',(2.09430029234236,-1.48995966327111,8.44998115027316));
#5973=CARTESIAN_POINT('Origin',(2.09430029234237,-38.4202504012289,1.93817448776326));
#5974=CARTESIAN_POINT('Ctrl Pts',(-4.38041926517839,-35.5558050509223,39.3308119001974));
#5975=CARTESIAN_POINT('Ctrl Pts',(-4.36973946771788,-35.4194825612417,39.3188852277667));
#5976=CARTESIAN_POINT('Ctrl Pts',(-4.34843883229907,-35.2842801593578,39.3070565503204));
#5977=CARTESIAN_POINT('Ctrl Pts',(-4.31678711012508,-35.1519100482098,39.2954756662053));
#5978=CARTESIAN_POINT('Ctrl Pts',(-9.24757795218787,-35.1773977861796,39.2977055543366));
#5979=CARTESIAN_POINT('Ctrl Pts',(-9.1729796187398,-34.7936571070436,39.2639964273767));
#5980=CARTESIAN_POINT('Ctrl Pts',(-9.07001430529983,-34.4181760521545,39.2313980530208));
#5981=CARTESIAN_POINT('Ctrl Pts',(-8.94089137656952,-34.0546148424319,39.1994747751584));
#5982=CARTESIAN_POINT('Ctrl Pts',(-18.9788260456216,-34.6014512665386,37.1669104525856));
#5983=CARTESIAN_POINT('Ctrl Pts',(-18.7764387853922,-33.7195569618124,37.1281545001775));
#5984=CARTESIAN_POINT('Ctrl Pts',(-18.5104894119622,-32.8606987009118,37.08961911207));
#5985=CARTESIAN_POINT('Ctrl Pts',(-18.1864719126431,-32.0317691776107,37.051604135028));
#5986=CARTESIAN_POINT('Ctrl Pts',(-31.0613981505764,-34.4282508867346,28.327201262353));
#5987=CARTESIAN_POINT('Ctrl Pts',(-30.7455350117559,-32.9153560792321,28.3864687610559));
#5988=CARTESIAN_POINT('Ctrl Pts',(-30.3180763458622,-31.4369656231209,28.4405066006981));
#5989=CARTESIAN_POINT('Ctrl Pts',(-29.7882193257908,-30.0067905359995,28.4884722527083));
#5990=CARTESIAN_POINT('Ctrl Pts',(-37.2891767069159,-34.8850584455113,17.5291720487185));
#5991=CARTESIAN_POINT('Ctrl Pts',(-36.9914278873091,-33.0335224675883,17.7214621632189));
#5992=CARTESIAN_POINT('Ctrl Pts',(-36.5516144272288,-31.2115601156645,17.9023437942673));
#5993=CARTESIAN_POINT('Ctrl Pts',(-35.977395960603,-29.4383801367059,18.0697900174463));
#5994=CARTESIAN_POINT('Ctrl Pts',(-38.8197102633911,-35.3937803070668,10.3439307662129));
#5995=CARTESIAN_POINT('Ctrl Pts',(-38.5908712349374,-33.4502764232645,10.6137811884978));
#5996=CARTESIAN_POINT('Ctrl Pts',(-38.2070918987473,-31.5248738934663,10.8696699737696));
#5997=CARTESIAN_POINT('Ctrl Pts',(-37.6745822011187,-29.6415945206606,11.1084581232706));
#5998=CARTESIAN_POINT('Ctrl Pts',(-39.0776918693774,-35.5852695825686,7.92418743447086));
#5999=CARTESIAN_POINT('Ctrl Pts',(-38.8776021780606,-33.6238022157605,8.21810199082104));
#6000=CARTESIAN_POINT('Ctrl Pts',(-38.5195556648858,-31.6763028515911,8.49741794799026));
#6001=CARTESIAN_POINT('Ctrl Pts',(-38.0080866301594,-29.7674346180018,8.75859804927152));
#6002=CARTESIAN_POINT('Origin',(-4.31678711012504,-38.2023610443777,4.4286612329942));
#6003=CARTESIAN_POINT('Ctrl Pts',(-4.31678711012504,-35.151910048461,39.2954756662273));
#6004=CARTESIAN_POINT('Ctrl Pts',(-4.27966685243637,-32.8233103869362,39.0917495939705));
#6005=CARTESIAN_POINT('Ctrl Pts',(-4.1794705418372,-28.2039813333227,38.2480649449781));
#6006=CARTESIAN_POINT('Ctrl Pts',(-3.95638555699808,-21.6326462477966,35.7148277785411));
#6007=CARTESIAN_POINT('Ctrl Pts',(-3.57259314962967,-13.6475922078222,30.7712428823732));
#6008=CARTESIAN_POINT('Ctrl Pts',(-2.95479832476565,-5.66654949992217,21.9543319884886));
#6009=CARTESIAN_POINT('Ctrl Pts',(-2.38114361699009,-2.30176299551916,13.0539466295566));
#6010=CARTESIAN_POINT('Ctrl Pts',(-2.09430029234238,-1.48995966327111,8.44998115027315));
#6011=CARTESIAN_POINT('Ctrl Pts',(-8.94089137657365,-34.0546148426761,39.1994747751877));
#6012=CARTESIAN_POINT('Ctrl Pts',(-8.75241365374228,-31.5125047542278,38.9078823241607));
#6013=CARTESIAN_POINT('Ctrl Pts',(-8.2628709046921,-26.5753294923658,37.813368627238));
#6014=CARTESIAN_POINT('Ctrl Pts',(-7.33192086530634,-19.9276369855953,34.8724821265502));
#6015=CARTESIAN_POINT('Ctrl Pts',(-5.96770601250347,-12.2791208093057,29.5591540747523));
#6016=CARTESIAN_POINT('Ctrl Pts',(-4.19605992405153,-5.1663521726087,20.8805527054093));
#6017=CARTESIAN_POINT('Ctrl Pts',(-2.79527106620612,-2.23557798315246,12.6785927721901));
#6018=CARTESIAN_POINT('Ctrl Pts',(-2.09430029234238,-1.48995966327111,8.44998115027315));
#6019=CARTESIAN_POINT('Ctrl Pts',(-18.1866389482929,-32.0317723693779,37.0511111302617));
#6020=CARTESIAN_POINT('Ctrl Pts',(-17.69540169127,-29.1780792303678,36.6756560565544));
#6021=CARTESIAN_POINT('Ctrl Pts',(-16.4281543853798,-23.7973152590002,35.3303095298102));
#6022=CARTESIAN_POINT('Ctrl Pts',(-14.0816479775555,-17.1142555685404,32.0486898202683));
#6023=CARTESIAN_POINT('Ctrl Pts',(-10.7573292966624,-10.0765249344841,26.6089015143341));
#6024=CARTESIAN_POINT('Ctrl Pts',(-6.6783856909173,-4.34219557000276,18.7014304407964));
#6025=CARTESIAN_POINT('Ctrl Pts',(-3.62352596463819,-2.10320795841908,11.9278850574573));
#6026=CARTESIAN_POINT('Ctrl Pts',(-2.09430029234238,-1.48995966327111,8.44998115027315));
#6027=CARTESIAN_POINT('Ctrl Pts',(-29.7882347008473,-30.0067661319622,28.4887091722572));
#6028=CARTESIAN_POINT('Ctrl Pts',(-29.0079795499048,-27.0868064051996,28.2595947143884));
#6029=CARTESIAN_POINT('Ctrl Pts',(-26.9823952645449,-21.6515092080533,27.2942387286541));
#6030=CARTESIAN_POINT('Ctrl Pts',(-23.1427490071164,-15.1306769503657,24.8514559255044));
#6031=CARTESIAN_POINT('Ctrl Pts',(-17.5524796042903,-8.55323045784905,20.8716568967107));
#6032=CARTESIAN_POINT('Ctrl Pts',(-10.4048634324895,-3.6192458229464,15.3445327941425));
#6033=CARTESIAN_POINT('Ctrl Pts',(-4.86590831228626,-1.90465292131899,10.8018234853581));
#6034=CARTESIAN_POINT('Ctrl Pts',(-2.09430029234238,-1.48995966327111,8.44998115027315));
#6035=CARTESIAN_POINT('Ctrl Pts',(-35.9774241182444,-29.4383836668652,18.0696727106408));
#6036=CARTESIAN_POINT('Ctrl Pts',(-35.196499625098,-26.7958288296988,18.1231939154254));
#6037=CARTESIAN_POINT('Ctrl Pts',(-33.1410735706413,-21.7999589109585,17.9349872360926));
#6038=CARTESIAN_POINT('Ctrl Pts',(-29.005459311146,-15.5192508879454,17.0230242210057));
#6039=CARTESIAN_POINT('Ctrl Pts',(-22.574973238408,-8.83841258921678,15.2692435563807));
#6040=CARTESIAN_POINT('Ctrl Pts',(-13.512853683323,-3.44170316063181,12.4754533144569));
#6041=CARTESIAN_POINT('Ctrl Pts',(-5.90122693532635,-1.73919039040225,9.86343884194207));
#6042=CARTESIAN_POINT('Ctrl Pts',(-2.09430029234239,-1.48995966327111,8.44998115027315));
#6043=CARTESIAN_POINT('Ctrl Pts',(-37.6745822011216,-29.6415945206745,11.1084581232751));
#6044=CARTESIAN_POINT('Ctrl Pts',(-37.0197942921209,-27.2930661793531,11.3523778982385));
#6045=CARTESIAN_POINT('Ctrl Pts',(-35.2657365851927,-22.7480889017593,11.7053481868502));
#6046=CARTESIAN_POINT('Ctrl Pts',(-31.4843685374151,-16.6506709744231,11.8734817769688));
#6047=CARTESIAN_POINT('Ctrl Pts',(-25.1707971732628,-9.70292515507006,11.6753172483366));
#6048=CARTESIAN_POINT('Ctrl Pts',(-15.3780625162225,-3.53002145481046,10.7202040699798));
#6049=CARTESIAN_POINT('Ctrl Pts',(-6.52241810915038,-1.63991287185221,9.30040805589244));
#6050=CARTESIAN_POINT('Ctrl Pts',(-2.09430029234238,-1.48995966327111,8.44998115027315));
#6051=CARTESIAN_POINT('Ctrl Pts',(-38.0080866301588,-29.7674346179994,8.75859804927186));
#6052=CARTESIAN_POINT('Ctrl Pts',(-37.4082499999619,-27.5287671504016,9.06490279343172));
#6053=CARTESIAN_POINT('Ctrl Pts',(-35.789149782177,-23.1521862509403,9.59791133782794));
#6054=CARTESIAN_POINT('Ctrl Pts',(-32.1842570932383,-17.1213248411904,10.1298527028025));
#6055=CARTESIAN_POINT('Ctrl Pts',(-25.9824481978961,-10.0660944435153,10.4595597246575));
#6056=CARTESIAN_POINT('Ctrl Pts',(-15.999328764634,-3.58179899590511,10.1311243566178));
#6057=CARTESIAN_POINT('Ctrl Pts',(-6.7294818337584,-1.60682036566886,9.11273112720924));
#6058=CARTESIAN_POINT('Ctrl Pts',(-2.09430029234238,-1.48995966327111,8.44998115027315));
#6059=CARTESIAN_POINT('Origin',(-2.09430029234238,-38.4202504012288,1.93817448776329));
#6060=CARTESIAN_POINT('Origin',(-11.7500000240523,-38.4202504012289,1.93817448776327));
#6061=UNCERTAINTY_MEASURE_WITH_UNIT(LENGTH_MEASURE(0.01),#6065,
'DISTANCE_ACCURACY_VALUE',
'Maximum model space distance between geometric entities at asserted c
onnectivities');
#6062=UNCERTAINTY_MEASURE_WITH_UNIT(LENGTH_MEASURE(0.01),#6065,
'DISTANCE_ACCURACY_VALUE',
'Maximum model space distance between geometric entities at asserted c
onnectivities');
#6063=(
GEOMETRIC_REPRESENTATION_CONTEXT(3)
GLOBAL_UNCERTAINTY_ASSIGNED_CONTEXT((#6061))
GLOBAL_UNIT_ASSIGNED_CONTEXT((#6065,#6066,#6067))
REPRESENTATION_CONTEXT('','3D')
);
#6064=(
GEOMETRIC_REPRESENTATION_CONTEXT(3)
GLOBAL_UNCERTAINTY_ASSIGNED_CONTEXT((#6062))
GLOBAL_UNIT_ASSIGNED_CONTEXT((#6065,#6066,#6067))
REPRESENTATION_CONTEXT('','3D')
);
#6065=(
LENGTH_UNIT()
NAMED_UNIT(*)
SI_UNIT(.MILLI.,.METRE.)
);
#6066=(
NAMED_UNIT(*)
PLANE_ANGLE_UNIT()
SI_UNIT($,.RADIAN.)
);
#6067=(
NAMED_UNIT(*)
SI_UNIT($,.STERADIAN.)
SOLID_ANGLE_UNIT()
);
#6068=SHAPE_DEFINITION_REPRESENTATION(#6069,#6070);
#6069=PRODUCT_DEFINITION_SHAPE('',$,#6072);
#6070=SHAPE_REPRESENTATION('',(#2963),#6063);
#6071=PRODUCT_DEFINITION_CONTEXT('part definition',#6076,'design');
#6072=PRODUCT_DEFINITION('2026-09-05-21-56-21-712','top_head_shell',#6073,
#6071);
#6073=PRODUCT_DEFINITION_FORMATION('',$,#6078);
#6074=PRODUCT_RELATED_PRODUCT_CATEGORY('top_head_shell',
'top_head_shell',(#6078));
#6075=APPLICATION_PROTOCOL_DEFINITION('international standard',
'automotive_design',2009,#6076);
#6076=APPLICATION_CONTEXT(
'Core Data for Automotive Mechanical Design Process');
#6077=PRODUCT_CONTEXT('part definition',#6076,'mechanical');
#6078=PRODUCT('2026-09-05-21-56-21-712','top_head_shell',$,(#6077));
#6079=PRESENTATION_STYLE_ASSIGNMENT((#6080));
#6080=SURFACE_STYLE_USAGE(.BOTH.,#6081);
#6081=SURFACE_SIDE_STYLE('',(#6082));
#6082=SURFACE_STYLE_FILL_AREA(#6083);
#6083=FILL_AREA_STYLE('Steel - Satin',(#6084));
#6084=FILL_AREA_STYLE_COLOUR('Steel - Satin',#6085);
#6085=COLOUR_RGB('Steel - Satin',0.627450980392157,0.627450980392157,0.627450980392157);
ENDSEC;
END-ISO-10303-21;
