ISO-10303-21;
HEADER;
/* Generated by software containing ST-Developer
 * from STEP Tools, Inc. (www.steptools.com) 
 */

FILE_DESCRIPTION(
/* description */ (''),
/* implementation_level */ '2;1');

FILE_NAME(
/* name */ 'top_head_shell.step',
/* time_stamp */ '2026-09-08T16:13:21-06:00',
/* author */ (''),
/* organization */ (''),
/* preprocessor_version */ 'ST-DEVELOPER v20.2',
/* originating_system */ 'Autodesk Translation Framework v15.15.0.0',
/* authorisation */ '');

FILE_SCHEMA (('AUTOMOTIVE_DESIGN { 1 0 10303 214 3 1 1 }'));
ENDSEC;

DATA;
#10=MECHANICAL_DESIGN_GEOMETRIC_PRESENTATION_REPRESENTATION('',(#13),#4900);
#11=SHAPE_REPRESENTATION_RELATIONSHIP('SRR','None',#4906,#12);
#12=ADVANCED_BREP_SHAPE_REPRESENTATION('',(#14),#4899);
#13=STYLED_ITEM('',(#4915),#14);
#14=MANIFOLD_SOLID_BREP('Body94',#2442);
#15=B_SPLINE_SURFACE_WITH_KNOTS('',3,3,((#4166,#4167,#4168,#4169,#4170,
#4171,#4172,#4173),(#4174,#4175,#4176,#4177,#4178,#4179,#4180,#4181),(#4182,
#4183,#4184,#4185,#4186,#4187,#4188,#4189),(#4190,#4191,#4192,#4193,#4194,
#4195,#4196,#4197),(#4198,#4199,#4200,#4201,#4202,#4203,#4204,#4205),(#4206,
#4207,#4208,#4209,#4210,#4211,#4212,#4213),(#4214,#4215,#4216,#4217,#4218,
#4219,#4220,#4221)),.UNSPECIFIED.,.F.,.F.,.F.,(4,1,1,1,4),(4,1,1,1,1,4),
(0.,0.285714285714286,0.571428571428571,0.857142857142857,1.),(0.261799387791939,
0.448798950506647,0.542298731864001,0.822798075936063,1.19679720136548,
1.5707963267949),.UNSPECIFIED.);
#16=B_SPLINE_SURFACE_WITH_KNOTS('',3,3,((#4390,#4391,#4392,#4393,#4394,
#4395,#4396),(#4397,#4398,#4399,#4400,#4401,#4402,#4403),(#4404,#4405,#4406,
#4407,#4408,#4409,#4410),(#4411,#4412,#4413,#4414,#4415,#4416,#4417),(#4418,
#4419,#4420,#4421,#4422,#4423,#4424),(#4425,#4426,#4427,#4428,#4429,#4430,
#4431)),.UNSPECIFIED.,.F.,.F.,.F.,(4,1,1,4),(4,1,1,1,4),(0.,0.285714285714286,
0.571428571428571,1.),(-1.13952182090426,-0.721068209056234,-0.302614597208211,
0.115839014639811,0.325065820563823),.UNSPECIFIED.);
#17=B_SPLINE_SURFACE_WITH_KNOTS('',3,3,((#4451,#4452,#4453,#4454,#4455,
#4456,#4457),(#4458,#4459,#4460,#4461,#4462,#4463,#4464),(#4465,#4466,#4467,
#4468,#4469,#4470,#4471),(#4472,#4473,#4474,#4475,#4476,#4477,#4478),(#4479,
#4480,#4481,#4482,#4483,#4484,#4485),(#4486,#4487,#4488,#4489,#4490,#4491,
#4492)),.UNSPECIFIED.,.F.,.F.,.F.,(4,1,1,4),(4,1,1,1,4),(0.,0.285714285714286,
0.571428571428571,1.),(-1.13952182090426,-0.721068209056233,-0.511841403132222,
-0.0933877912841996,0.325065820563823),.UNSPECIFIED.);
#18=B_SPLINE_SURFACE_WITH_KNOTS('',3,3,((#4603,#4604,#4605,#4606),(#4607,
#4608,#4609,#4610),(#4611,#4612,#4613,#4614),(#4615,#4616,#4617,#4618),
(#4619,#4620,#4621,#4622),(#4623,#4624,#4625,#4626),(#4627,#4628,#4629,
#4630)),.UNSPECIFIED.,.F.,.F.,.F.,(4,1,1,1,4),(4,4),(0.,0.285714285714286,
0.571428571428571,0.857142857142857,1.),(-1.16872272302153,-1.00927183086013),
 .UNSPECIFIED.);
#19=B_SPLINE_SURFACE_WITH_KNOTS('',3,3,((#4631,#4632,#4633,#4634),(#4635,
#4636,#4637,#4638),(#4639,#4640,#4641,#4642),(#4643,#4644,#4645,#4646),
(#4647,#4648,#4649,#4650),(#4651,#4652,#4653,#4654),(#4655,#4656,#4657,
#4658)),.UNSPECIFIED.,.F.,.F.,.F.,(4,1,1,1,4),(4,4),(0.,0.285714285714286,
0.571428571428571,0.857142857142857,1.),(-1.16872272302153,-1.00927183086013),
 .UNSPECIFIED.);
#20=B_SPLINE_SURFACE_WITH_KNOTS('',3,3,((#4666,#4667,#4668,#4669,#4670,
#4671,#4672,#4673),(#4674,#4675,#4676,#4677,#4678,#4679,#4680,#4681),(#4682,
#4683,#4684,#4685,#4686,#4687,#4688,#4689),(#4690,#4691,#4692,#4693,#4694,
#4695,#4696,#4697),(#4698,#4699,#4700,#4701,#4702,#4703,#4704,#4705),(#4706,
#4707,#4708,#4709,#4710,#4711,#4712,#4713),(#4714,#4715,#4716,#4717,#4718,
#4719,#4720,#4721)),.UNSPECIFIED.,.F.,.F.,.F.,(4,1,1,1,4),(4,1,1,1,1,4),
(0.,0.285714285714286,0.571428571428571,0.857142857142857,1.),(0.261799387791938,
0.448798950506646,0.635798513221355,0.822798075936063,1.19679720136548,
1.5707963267949),.UNSPECIFIED.);
#21=B_SPLINE_SURFACE_WITH_KNOTS('',3,3,((#4724,#4725,#4726,#4727),(#4728,
#4729,#4730,#4731),(#4732,#4733,#4734,#4735),(#4736,#4737,#4738,#4739),
(#4740,#4741,#4742,#4743),(#4744,#4745,#4746,#4747),(#4748,#4749,#4750,
#4751)),.UNSPECIFIED.,.F.,.F.,.F.,(4,1,1,1,4),(4,4),(0.,0.285714285714286,
0.571428571428571,0.857142857142857,1.),(-1.16872272302153,-1.00927183086013),
 .UNSPECIFIED.);
#22=B_SPLINE_SURFACE_WITH_KNOTS('',3,3,((#4753,#4754,#4755,#4756,#4757,
#4758,#4759,#4760),(#4761,#4762,#4763,#4764,#4765,#4766,#4767,#4768),(#4769,
#4770,#4771,#4772,#4773,#4774,#4775,#4776),(#4777,#4778,#4779,#4780,#4781,
#4782,#4783,#4784),(#4785,#4786,#4787,#4788,#4789,#4790,#4791,#4792),(#4793,
#4794,#4795,#4796,#4797,#4798,#4799,#4800),(#4801,#4802,#4803,#4804,#4805,
#4806,#4807,#4808)),.UNSPECIFIED.,.F.,.F.,.F.,(4,1,1,1,4),(4,1,1,1,1,4),
(0.,0.285714285714286,0.571428571428571,0.857142857142857,1.),(0.261799387791939,
0.448798950506647,0.542298731864001,0.822798075936063,1.19679720136548,
1.5707963267949),.UNSPECIFIED.);
#23=B_SPLINE_SURFACE_WITH_KNOTS('',3,3,((#4810,#4811,#4812,#4813),(#4814,
#4815,#4816,#4817),(#4818,#4819,#4820,#4821),(#4822,#4823,#4824,#4825),
(#4826,#4827,#4828,#4829),(#4830,#4831,#4832,#4833),(#4834,#4835,#4836,
#4837)),.UNSPECIFIED.,.F.,.F.,.F.,(4,1,1,1,4),(4,4),(0.,0.285714285714286,
0.571428571428571,0.857142857142857,1.),(-1.16872272302153,-1.00927183086013),
 .UNSPECIFIED.);
#24=B_SPLINE_SURFACE_WITH_KNOTS('',3,3,((#4839,#4840,#4841,#4842,#4843,
#4844,#4845,#4846),(#4847,#4848,#4849,#4850,#4851,#4852,#4853,#4854),(#4855,
#4856,#4857,#4858,#4859,#4860,#4861,#4862),(#4863,#4864,#4865,#4866,#4867,
#4868,#4869,#4870),(#4871,#4872,#4873,#4874,#4875,#4876,#4877,#4878),(#4879,
#4880,#4881,#4882,#4883,#4884,#4885,#4886),(#4887,#4888,#4889,#4890,#4891,
#4892,#4893,#4894)),.UNSPECIFIED.,.F.,.F.,.F.,(4,1,1,1,4),(4,1,1,1,1,4),
(0.,0.285714285714286,0.571428571428571,0.857142857142857,1.),(0.261799387791938,
0.448798950506646,0.635798513221355,0.822798075936063,1.19679720136548,
1.5707963267949),.UNSPECIFIED.);
#25=FACE_BOUND('',#314,.T.);
#26=FACE_BOUND('',#317,.T.);
#27=FACE_BOUND('',#320,.T.);
#28=FACE_BOUND('',#326,.T.);
#29=FACE_BOUND('',#330,.T.);
#30=FACE_BOUND('',#333,.T.);
#31=(
BOUNDED_CURVE()
B_SPLINE_CURVE(2,(#3674,#3675,#3676),.UNSPECIFIED.,.F.,.F.)
B_SPLINE_CURVE_WITH_KNOTS((3,3),(107.838938449,118.29155271328),
 .UNSPECIFIED.)
CURVE()
GEOMETRIC_REPRESENTATION_ITEM()
RATIONAL_B_SPLINE_CURVE((9.60984174724376,9.83642868381484,10.0260510557262))
REPRESENTATION_ITEM('')
);
#32=(
BOUNDED_CURVE()
B_SPLINE_CURVE(2,(#3687,#3688,#3689),.UNSPECIFIED.,.F.,.F.)
B_SPLINE_CURVE_WITH_KNOTS((3,3),(207.367670859936,210.58623768695),
 .UNSPECIFIED.)
CURVE()
GEOMETRIC_REPRESENTATION_ITEM()
RATIONAL_B_SPLINE_CURVE((1.,1.,1.))
REPRESENTATION_ITEM('')
);
#33=(
BOUNDED_CURVE()
B_SPLINE_CURVE(2,(#3693,#3694,#3695),.UNSPECIFIED.,.F.,.F.)
B_SPLINE_CURVE_WITH_KNOTS((3,3),(142.83287515468,145.766661763933),
 .UNSPECIFIED.)
CURVE()
GEOMETRIC_REPRESENTATION_ITEM()
RATIONAL_B_SPLINE_CURVE((1.,1.,1.))
REPRESENTATION_ITEM('')
);
#34=(
BOUNDED_CURVE()
B_SPLINE_CURVE(2,(#3730,#3731,#3732),.UNSPECIFIED.,.F.,.F.)
B_SPLINE_CURVE_WITH_KNOTS((3,3),(242.721920735295,246.16905510335),
 .UNSPECIFIED.)
CURVE()
GEOMETRIC_REPRESENTATION_ITEM()
RATIONAL_B_SPLINE_CURVE((9.30239158429679,9.21980885589955,9.13320588571948))
REPRESENTATION_ITEM('')
);
#35=(
BOUNDED_CURVE()
B_SPLINE_CURVE(2,(#3775,#3776,#3777),.UNSPECIFIED.,.F.,.F.)
B_SPLINE_CURVE_WITH_KNOTS((3,3),(97.6545671647459,101.101701532801),
 .UNSPECIFIED.)
CURVE()
GEOMETRIC_REPRESENTATION_ITEM()
RATIONAL_B_SPLINE_CURVE((9.1332058857195,9.21980885589957,9.30239158429681))
REPRESENTATION_ITEM('')
);
#36=(
BOUNDED_CURVE()
B_SPLINE_CURVE(2,(#3812,#3813,#3814),.UNSPECIFIED.,.F.,.F.)
B_SPLINE_CURVE_WITH_KNOTS((3,3),(207.367670854281,210.301457464641),
 .UNSPECIFIED.)
CURVE()
GEOMETRIC_REPRESENTATION_ITEM()
RATIONAL_B_SPLINE_CURVE((1.,1.,1.))
REPRESENTATION_ITEM('')
);
#37=(
BOUNDED_CURVE()
B_SPLINE_CURVE(2,(#3818,#3819,#3820),.UNSPECIFIED.,.F.,.F.)
B_SPLINE_CURVE_WITH_KNOTS((3,3),(142.548094938726,145.766661766724),
 .UNSPECIFIED.)
CURVE()
GEOMETRIC_REPRESENTATION_ITEM()
RATIONAL_B_SPLINE_CURVE((1.,1.,1.))
REPRESENTATION_ITEM('')
);
#38=(
BOUNDED_CURVE()
B_SPLINE_CURVE(2,(#3830,#3831,#3832),.UNSPECIFIED.,.F.,.F.)
B_SPLINE_CURVE_WITH_KNOTS((3,3),(225.532069554817,235.984683819102),
 .UNSPECIFIED.)
CURVE()
GEOMETRIC_REPRESENTATION_ITEM()
RATIONAL_B_SPLINE_CURVE((10.0260510557262,9.83642868381479,9.6098417472436))
REPRESENTATION_ITEM('')
);
#39=(
BOUNDED_CURVE()
B_SPLINE_CURVE(2,(#3882,#3883,#3884),.UNSPECIFIED.,.F.,.F.)
B_SPLINE_CURVE_WITH_KNOTS((3,3),(144.157601996543,145.766661766731),
 .UNSPECIFIED.)
CURVE()
GEOMETRIC_REPRESENTATION_ITEM()
RATIONAL_B_SPLINE_CURVE((1.,1.,1.))
REPRESENTATION_ITEM('')
);
#40=(
BOUNDED_CURVE()
B_SPLINE_CURVE(2,(#3893,#3894,#3895),.UNSPECIFIED.,.F.,.F.)
B_SPLINE_CURVE_WITH_KNOTS((3,3),(207.367670854273,208.976730624419),
 .UNSPECIFIED.)
CURVE()
GEOMETRIC_REPRESENTATION_ITEM()
RATIONAL_B_SPLINE_CURVE((1.,1.,1.))
REPRESENTATION_ITEM('')
);
#41=CONICAL_SURFACE('',#2489,3.25,0.0349065850398866);
#42=CONICAL_SURFACE('',#2493,3.25000000000001,0.0349065850398866);
#43=CONICAL_SURFACE('',#2522,3.25,0.0349065850398866);
#44=CIRCLE('',#2466,35.);
#45=CIRCLE('',#2471,35.);
#46=CIRCLE('',#2490,3.25);
#47=CIRCLE('',#2494,3.25000000000001);
#48=CIRCLE('',#2523,3.25);
#49=CIRCLE('',#2525,1.4);
#50=CIRCLE('',#2526,1.4);
#51=CIRCLE('',#2528,1.);
#52=CIRCLE('',#2530,1.40000000000001);
#53=CIRCLE('',#2531,1.40000000000001);
#54=CIRCLE('',#2533,0.999999999999996);
#55=CIRCLE('',#2535,1.4);
#56=CIRCLE('',#2536,1.4);
#57=CIRCLE('',#2538,1.);
#58=CIRCLE('',#2612,2.49999999999998);
#59=CIRCLE('',#2614,2.50000000000002);
#60=CIRCLE('',#2615,2.50000000000002);
#61=CIRCLE('',#2616,2.50000000000002);
#62=CIRCLE('',#2662,33.);
#63=CIRCLE('',#2664,33.);
#64=CIRCLE('',#2667,35.);
#65=CIRCLE('',#2669,35.);
#66=B_SPLINE_CURVE_WITH_KNOTS('',3,(#3411,#3412,#3413,#3414,#3415,#3416,
#3417,#3418,#3419,#3420,#3421,#3422,#3423,#3424,#3425,#3426,#3427,#3428),
 .UNSPECIFIED.,.F.,.F.,(4,2,2,2,2,2,2,2,4),(1.80560721105325,1.80607109245668,
2.1680367425129,2.53256604951511,2.89709535651731,3.2549243214268,3.61275328633628,
3.97357762427218,3.97615020237734),.UNSPECIFIED.);
#67=B_SPLINE_CURVE_WITH_KNOTS('',3,(#3429,#3430,#3431,#3432,#3433,#3434,
#3435,#3436,#3437,#3438,#3439,#3440,#3441,#3442,#3443,#3444,#3445,#3446),
 .UNSPECIFIED.,.F.,.F.,(4,2,2,2,2,2,2,2,4),(1.79213949426184,1.79494563464786,
2.15620173758951,2.5141106491915,2.87201956079349,3.23629015203769,3.6005607432819,
3.9637983818693,3.9651898230279),.UNSPECIFIED.);
#68=B_SPLINE_CURVE_WITH_KNOTS('',3,(#3449,#3450,#3451,#3452,#3453,#3454,
#3455,#3456,#3457,#3458,#3459,#3460,#3461,#3462,#3463,#3464,#3465,#3466,
#3467),.UNSPECIFIED.,.F.,.F.,(4,2,2,2,3,2,2,2,4),(-1.07905484586003,-1.07648226775487,
-0.715657929818972,-0.357828964909486,0.,0.36375107640753,0.727502152815059,
1.09024629401,1.09143815766289),.UNSPECIFIED.);
#69=B_SPLINE_CURVE_WITH_KNOTS('',3,(#3470,#3471,#3472,#3473,#3474,#3475,
#3476,#3477,#3478,#3479,#3480,#3481,#3482,#3483,#3484,#3485,#3486,#3487,
#3488),.UNSPECIFIED.,.F.,.F.,(4,2,2,2,3,2,2,2,4),(-1.09322041994333,-1.09255473404215,
-0.730093421656396,-0.365046710828198,0.,0.357908911601988,0.715817823203977,
1.07707392614562,1.07988006653164),.UNSPECIFIED.);
#70=B_SPLINE_CURVE_WITH_KNOTS('',3,(#3678,#3679,#3680,#3681,#3682,#3683,
#3684,#3685),.UNSPECIFIED.,.F.,.F.,(4,2,2,4),(0.187345691549253,0.254034345201371,
0.4098104905416,0.785355003583342),.UNSPECIFIED.);
#71=B_SPLINE_CURVE_WITH_KNOTS('',3,(#3697,#3698,#3699,#3700,#3701,#3702,
#3703,#3704,#3705,#3706,#3707,#3708,#3709,#3710,#3711,#3712,#3713,#3714,
#3715,#3716,#3717,#3718,#3719,#3720,#3721,#3722,#3723,#3724,#3725,#3726,
#3727,#3728),.UNSPECIFIED.,.F.,.F.,(4,2,2,2,2,2,2,2,2,2,2,2,2,2,2,4),(1.92542833496313,
1.94943205498681,2.09688150909264,2.17060623614555,2.24433096319846,2.32246463866931,
2.40059831414016,2.50705340719891,2.61350850025767,2.8894747174261,3.16544093459452,
3.52024450544701,3.8750480762995,4.09551997484855,4.3159918733976,4.37378501958704),
 .UNSPECIFIED.);
#72=B_SPLINE_CURVE_WITH_KNOTS('',3,(#3733,#3734,#3735,#3736,#3737,#3738,
#3739,#3740,#3741,#3742,#3743,#3744,#3745,#3746),.UNSPECIFIED.,.F.,.F.,
(4,2,2,2,2,2,4),(3.82370949785792,3.85613351120556,4.24504469086773,4.6339558705299,
5.02286705019207,5.19557447775624,5.2182986965575),.UNSPECIFIED.);
#73=B_SPLINE_CURVE_WITH_KNOTS('',3,(#3760,#3761,#3762,#3763,#3764,#3765,
#3766,#3767,#3768,#3769,#3770,#3771,#3772,#3773),.UNSPECIFIED.,.F.,.F.,
(4,2,2,2,2,2,4),(5.90706291988162,5.92978713868288,6.10249456624705,6.49140574590922,
6.88031692557139,7.26922810523356,7.3016521185812),.UNSPECIFIED.);
#74=B_SPLINE_CURVE_WITH_KNOTS('',3,(#3779,#3780,#3781,#3782,#3783,#3784,
#3785,#3786,#3787,#3788,#3789,#3790,#3791,#3792,#3793,#3794,#3795,#3796,
#3797,#3798,#3799,#3800,#3801,#3802,#3803,#3804,#3805,#3806,#3807,#3808,
#3809,#3810),.UNSPECIFIED.,.F.,.F.,(4,2,2,2,2,2,2,2,2,2,2,2,2,2,2,4),(0.0692383420511218,
0.127031488240562,0.347503386789616,0.56797528533867,0.922778856191161,
1.27758242704365,1.55354864421207,1.82951486138049,1.93596995443925,2.04242504749802,
2.12055872296886,2.19869239843971,2.27241712549262,2.34614185254553,2.49359130665136,
2.51759502667504),.UNSPECIFIED.);
#75=B_SPLINE_CURVE_WITH_KNOTS('',3,(#3822,#3823,#3824,#3825,#3826,#3827,
#3828,#3829),.UNSPECIFIED.,.F.,.F.,(4,2,2,4),(3.65766835805483,4.03321287109658,
4.18898901643681,4.25567767008893),.UNSPECIFIED.);
#76=B_SPLINE_CURVE_WITH_KNOTS('',3,(#3902,#3903,#3904,#3905,#3906,#3907,
#3908,#3909,#3910,#3911),.UNSPECIFIED.,.F.,.F.,(4,2,2,2,4),(1.55419367777492,
1.64526095859857,1.75660739481734,1.86795383103612,1.88178258966594),
 .UNSPECIFIED.);
#77=B_SPLINE_CURVE_WITH_KNOTS('',3,(#3914,#3915,#3916,#3917,#3918,#3919,
#3920,#3921,#3922,#3923),.UNSPECIFIED.,.F.,.F.,(4,2,2,2,4),(2.03309922878043,
2.04692798741025,2.15827442362902,2.2696208598478,2.3606881406715),
 .UNSPECIFIED.);
#78=B_SPLINE_CURVE_WITH_KNOTS('',3,(#3930,#3931,#3932,#3933,#3934,#3935,
#3936,#3937,#3938,#3939,#3940,#3941,#3942,#3943,#3944,#3945),
 .UNSPECIFIED.,.F.,.F.,(4,2,2,2,2,2,2,4),(-1.20289386374953,-1.08674453447163,
-0.952406675401069,-0.661624823490684,-0.420303119792164,-0.263322356309057,
-0.138669361620191,0.),.UNSPECIFIED.);
#79=B_SPLINE_CURVE_WITH_KNOTS('',3,(#3947,#3948,#3949,#3950,#3951,#3952,
#3953,#3954,#3955,#3956,#3957,#3958,#3959,#3960,#3961,#3962,#3963,#3964,
#3965),.UNSPECIFIED.,.F.,.F.,(4,2,2,2,3,2,2,2,4),(3.50011816776713,3.63110512039743,
3.7729934694219,3.84393764393414,3.91488181844637,3.9858259929586,4.05677016747084,
4.19865851649531,4.32964546912563),.UNSPECIFIED.);
#80=B_SPLINE_CURVE_WITH_KNOTS('',3,(#3966,#3967,#3968,#3969,#3970,#3971,
#3972,#3973,#3974,#3975,#3976,#3977,#3978,#3979,#3980,#3981),
 .UNSPECIFIED.,.F.,.F.,(4,2,2,2,2,2,2,4),(-1.19152494467906,-1.12240306691525,
-1.05005614787965,-0.926212702707103,-0.768774512928329,-0.526610650330704,
-0.238968343071463,0.),.UNSPECIFIED.);
#81=B_SPLINE_CURVE_WITH_KNOTS('',3,(#4012,#4013,#4014,#4015,#4016,#4017,
#4018,#4019,#4020,#4021,#4022,#4023),.UNSPECIFIED.,.F.,.F.,(4,2,2,2,2,4),
(0.992666064166092,0.99931041945762,1.01366060249194,1.06229513465352,1.24681740849665,
1.2707120399545),.UNSPECIFIED.);
#82=B_SPLINE_CURVE_WITH_KNOTS('',3,(#4024,#4025,#4026,#4027,#4028,#4029,
#4030,#4031,#4032,#4033,#4034,#4035,#4036,#4037,#4038,#4039,#4040,#4041,
#4042,#4043,#4044,#4045,#4046,#4047,#4048,#4049,#4050,#4051,#4052,#4053,
#4054),.UNSPECIFIED.,.F.,.F.,(4,2,2,2,2,2,2,2,2,2,2,2,2,3,4),(0.285751803531203,
0.342423916568598,0.422990661063847,0.459077575737682,0.477121033074599,
0.495164490411517,0.513345686154739,0.53152688189796,0.588978866214174,
0.733923886273695,0.887015936458967,0.951546045784147,0.968253141103722,
0.984960236423297,0.992666064166092),.UNSPECIFIED.);
#83=B_SPLINE_CURVE_WITH_KNOTS('',3,(#4065,#4066,#4067,#4068,#4069,#4070,
#4071,#4072,#4073,#4074,#4075,#4076,#4077,#4078,#4079,#4080,#4081,#4082,
#4083,#4084,#4085,#4086,#4087,#4088,#4089,#4090,#4091,#4092,#4093,#4094,
#4095,#4096,#4097,#4098,#4099),.UNSPECIFIED.,.F.,.F.,(4,2,2,2,2,2,2,2,2,
2,3,2,2,2,2,2,4),(0.485742764571989,0.493685374350945,0.511728831687862,
0.52977228902478,0.565859203698614,0.646425948193862,0.726992692689109,
0.911514966532239,0.960149498693815,0.974499681728137,0.988849864762459,
1.00259556451143,1.01634126426039,1.06166114852741,1.15113573006402,1.24061031160063,
1.28323302508594),.UNSPECIFIED.);
#84=B_SPLINE_CURVE_WITH_KNOTS('',3,(#4100,#4101,#4102,#4103,#4104,#4105,
#4106,#4107,#4108,#4109,#4110,#4111),.UNSPECIFIED.,.F.,.F.,(4,2,2,2,2,4),
(0.294383160323476,0.334594780952411,0.417429115066652,0.455557244708798,
0.474621309529871,0.485742764571989),.UNSPECIFIED.);
#85=B_SPLINE_CURVE_WITH_KNOTS('',3,(#4123,#4124,#4125,#4126,#4127,#4128,
#4129,#4130,#4131,#4132,#4133,#4134),.UNSPECIFIED.,.F.,.F.,(4,2,2,2,2,4),
(0.,0.0185171999385254,0.0370343998770509,0.0740687997541018,0.155384854628275,
0.236700909502448),.UNSPECIFIED.);
#86=B_SPLINE_CURVE_WITH_KNOTS('',3,(#4135,#4136,#4137,#4138,#4139,#4140,
#4141,#4142,#4143,#4144,#4145,#4146,#4147,#4148,#4149,#4150,#4151,#4152,
#4153,#4154,#4155,#4156,#4157,#4158,#4159,#4160,#4161,#4162),
 .UNSPECIFIED.,.F.,.F.,(4,2,2,2,2,2,2,2,2,2,2,2,2,4),(0.236700909502448,
0.415958051987907,0.462715117318807,0.476628355385753,0.4905415934527,0.504454831519646,
0.518368069586592,0.565125134917492,0.744382277402952,0.825698332277125,
0.907014387151298,0.944048787028349,0.962565986966874,0.9810831869054),
 .UNSPECIFIED.);
#87=B_SPLINE_CURVE_WITH_KNOTS('',3,(#4225,#4226,#4227,#4228,#4229,#4230,
#4231),.UNSPECIFIED.,.F.,.F.,(4,1,1,1,4),(-1.,-0.857142857142857,-0.571428571428571,
-0.285714285714286,0.),.UNSPECIFIED.);
#88=B_SPLINE_CURVE_WITH_KNOTS('',3,(#4434,#4435,#4436,#4437,#4438,#4439,
#4440,#4441),.UNSPECIFIED.,.F.,.F.,(4,2,2,4),(-2.90979782910172,-2.06820807021524,
-1.22683563489598,-0.0191200869641768),.UNSPECIFIED.);
#89=B_SPLINE_CURVE_WITH_KNOTS('',3,(#4447,#4448,#4449,#4450),
 .UNSPECIFIED.,.F.,.F.,(4,4),(-0.018675451825554,0.),.UNSPECIFIED.);
#90=B_SPLINE_CURVE_WITH_KNOTS('',3,(#4495,#4496,#4497,#4498),
 .UNSPECIFIED.,.F.,.F.,(4,4),(-1.00392722626683,-0.992063756359813),
 .UNSPECIFIED.);
#91=B_SPLINE_CURVE_WITH_KNOTS('',3,(#4500,#4501,#4502,#4503,#4504,#4505,
#4506,#4507),.UNSPECIFIED.,.F.,.F.,(4,2,2,4),(-2.89124330827583,-2.07875180412821,
-1.24762774746593,0.),.UNSPECIFIED.);
#92=B_SPLINE_CURVE_WITH_KNOTS('',3,(#4659,#4660,#4661,#4662,#4663,#4664,
#4665),.UNSPECIFIED.,.F.,.F.,(4,1,1,1,4),(-1.,-0.857142857142857,-0.571428571428571,
-0.285714285714286,0.),.UNSPECIFIED.);
#93=CYLINDRICAL_SURFACE('',#2447,10.);
#94=CYLINDRICAL_SURFACE('',#2450,10.);
#95=CYLINDRICAL_SURFACE('',#2459,9.5);
#96=CYLINDRICAL_SURFACE('',#2460,9.5);
#97=CYLINDRICAL_SURFACE('',#2464,35.);
#98=CYLINDRICAL_SURFACE('',#2470,35.);
#99=CYLINDRICAL_SURFACE('',#2482,33.);
#100=CYLINDRICAL_SURFACE('',#2495,33.);
#101=CYLINDRICAL_SURFACE('',#2499,33.);
#102=CYLINDRICAL_SURFACE('',#2503,33.);
#103=CYLINDRICAL_SURFACE('',#2512,33.);
#104=CYLINDRICAL_SURFACE('',#2518,35.5);
#105=CYLINDRICAL_SURFACE('',#2520,35.5);
#106=CYLINDRICAL_SURFACE('',#2524,1.4);
#107=CYLINDRICAL_SURFACE('',#2529,1.40000000000001);
#108=CYLINDRICAL_SURFACE('',#2534,1.4);
#109=CYLINDRICAL_SURFACE('',#2539,33.);
#110=CYLINDRICAL_SURFACE('',#2543,33.);
#111=CYLINDRICAL_SURFACE('',#2544,1.);
#112=CYLINDRICAL_SURFACE('',#2547,0.999999999999996);
#113=CYLINDRICAL_SURFACE('',#2549,1.);
#114=CYLINDRICAL_SURFACE('',#2553,35.5);
#115=CYLINDRICAL_SURFACE('',#2565,31.);
#116=CYLINDRICAL_SURFACE('',#2567,31.);
#117=CYLINDRICAL_SURFACE('',#2581,31.);
#118=CYLINDRICAL_SURFACE('',#2583,31.);
#119=CYLINDRICAL_SURFACE('',#2592,31.);
#120=CYLINDRICAL_SURFACE('',#2594,31.);
#121=CYLINDRICAL_SURFACE('',#2597,33.);
#122=CYLINDRICAL_SURFACE('',#2599,33.);
#123=CYLINDRICAL_SURFACE('',#2611,2.5);
#124=CYLINDRICAL_SURFACE('',#2620,32.);
#125=CYLINDRICAL_SURFACE('',#2621,2.5);
#126=CYLINDRICAL_SURFACE('',#2622,2.5);
#127=CYLINDRICAL_SURFACE('',#2623,32.);
#128=CYLINDRICAL_SURFACE('',#2636,33.);
#129=CYLINDRICAL_SURFACE('',#2638,36.5);
#130=CYLINDRICAL_SURFACE('',#2639,36.5);
#131=CYLINDRICAL_SURFACE('',#2641,37.5);
#132=CYLINDRICAL_SURFACE('',#2645,37.5);
#133=CYLINDRICAL_SURFACE('',#2649,35.5);
#134=CYLINDRICAL_SURFACE('',#2653,35.5);
#135=CYLINDRICAL_SURFACE('',#2661,33.);
#136=CYLINDRICAL_SURFACE('',#2663,33.);
#137=CYLINDRICAL_SURFACE('',#2666,35.5);
#138=CYLINDRICAL_SURFACE('',#2671,37.5);
#139=FACE_OUTER_BOUND('',#271,.T.);
#140=FACE_OUTER_BOUND('',#272,.T.);
#141=FACE_OUTER_BOUND('',#273,.T.);
#142=FACE_OUTER_BOUND('',#274,.T.);
#143=FACE_OUTER_BOUND('',#275,.T.);
#144=FACE_OUTER_BOUND('',#276,.T.);
#145=FACE_OUTER_BOUND('',#277,.T.);
#146=FACE_OUTER_BOUND('',#278,.T.);
#147=FACE_OUTER_BOUND('',#279,.T.);
#148=FACE_OUTER_BOUND('',#280,.T.);
#149=FACE_OUTER_BOUND('',#281,.T.);
#150=FACE_OUTER_BOUND('',#282,.T.);
#151=FACE_OUTER_BOUND('',#283,.T.);
#152=FACE_OUTER_BOUND('',#284,.T.);
#153=FACE_OUTER_BOUND('',#285,.T.);
#154=FACE_OUTER_BOUND('',#286,.T.);
#155=FACE_OUTER_BOUND('',#287,.T.);
#156=FACE_OUTER_BOUND('',#288,.T.);
#157=FACE_OUTER_BOUND('',#289,.T.);
#158=FACE_OUTER_BOUND('',#290,.T.);
#159=FACE_OUTER_BOUND('',#291,.T.);
#160=FACE_OUTER_BOUND('',#292,.T.);
#161=FACE_OUTER_BOUND('',#293,.T.);
#162=FACE_OUTER_BOUND('',#294,.T.);
#163=FACE_OUTER_BOUND('',#295,.T.);
#164=FACE_OUTER_BOUND('',#296,.T.);
#165=FACE_OUTER_BOUND('',#297,.T.);
#166=FACE_OUTER_BOUND('',#298,.T.);
#167=FACE_OUTER_BOUND('',#299,.T.);
#168=FACE_OUTER_BOUND('',#300,.T.);
#169=FACE_OUTER_BOUND('',#301,.T.);
#170=FACE_OUTER_BOUND('',#302,.T.);
#171=FACE_OUTER_BOUND('',#303,.T.);
#172=FACE_OUTER_BOUND('',#304,.T.);
#173=FACE_OUTER_BOUND('',#305,.T.);
#174=FACE_OUTER_BOUND('',#306,.T.);
#175=FACE_OUTER_BOUND('',#307,.T.);
#176=FACE_OUTER_BOUND('',#308,.T.);
#177=FACE_OUTER_BOUND('',#309,.T.);
#178=FACE_OUTER_BOUND('',#310,.T.);
#179=FACE_OUTER_BOUND('',#311,.T.);
#180=FACE_OUTER_BOUND('',#312,.T.);
#181=FACE_OUTER_BOUND('',#313,.T.);
#182=FACE_OUTER_BOUND('',#315,.T.);
#183=FACE_OUTER_BOUND('',#316,.T.);
#184=FACE_OUTER_BOUND('',#318,.T.);
#185=FACE_OUTER_BOUND('',#319,.T.);
#186=FACE_OUTER_BOUND('',#321,.T.);
#187=FACE_OUTER_BOUND('',#322,.T.);
#188=FACE_OUTER_BOUND('',#323,.T.);
#189=FACE_OUTER_BOUND('',#324,.T.);
#190=FACE_OUTER_BOUND('',#325,.T.);
#191=FACE_OUTER_BOUND('',#327,.T.);
#192=FACE_OUTER_BOUND('',#328,.T.);
#193=FACE_OUTER_BOUND('',#329,.T.);
#194=FACE_OUTER_BOUND('',#331,.T.);
#195=FACE_OUTER_BOUND('',#332,.T.);
#196=FACE_OUTER_BOUND('',#334,.T.);
#197=FACE_OUTER_BOUND('',#335,.T.);
#198=FACE_OUTER_BOUND('',#336,.T.);
#199=FACE_OUTER_BOUND('',#337,.T.);
#200=FACE_OUTER_BOUND('',#338,.T.);
#201=FACE_OUTER_BOUND('',#339,.T.);
#202=FACE_OUTER_BOUND('',#340,.T.);
#203=FACE_OUTER_BOUND('',#341,.T.);
#204=FACE_OUTER_BOUND('',#342,.T.);
#205=FACE_OUTER_BOUND('',#343,.T.);
#206=FACE_OUTER_BOUND('',#344,.T.);
#207=FACE_OUTER_BOUND('',#345,.T.);
#208=FACE_OUTER_BOUND('',#346,.T.);
#209=FACE_OUTER_BOUND('',#347,.T.);
#210=FACE_OUTER_BOUND('',#348,.T.);
#211=FACE_OUTER_BOUND('',#349,.T.);
#212=FACE_OUTER_BOUND('',#350,.T.);
#213=FACE_OUTER_BOUND('',#351,.T.);
#214=FACE_OUTER_BOUND('',#352,.T.);
#215=FACE_OUTER_BOUND('',#353,.T.);
#216=FACE_OUTER_BOUND('',#354,.T.);
#217=FACE_OUTER_BOUND('',#355,.T.);
#218=FACE_OUTER_BOUND('',#356,.T.);
#219=FACE_OUTER_BOUND('',#357,.T.);
#220=FACE_OUTER_BOUND('',#358,.T.);
#221=FACE_OUTER_BOUND('',#359,.T.);
#222=FACE_OUTER_BOUND('',#360,.T.);
#223=FACE_OUTER_BOUND('',#361,.T.);
#224=FACE_OUTER_BOUND('',#362,.T.);
#225=FACE_OUTER_BOUND('',#363,.T.);
#226=FACE_OUTER_BOUND('',#364,.T.);
#227=FACE_OUTER_BOUND('',#365,.T.);
#228=FACE_OUTER_BOUND('',#366,.T.);
#229=FACE_OUTER_BOUND('',#367,.T.);
#230=FACE_OUTER_BOUND('',#368,.T.);
#231=FACE_OUTER_BOUND('',#369,.T.);
#232=FACE_OUTER_BOUND('',#370,.T.);
#233=FACE_OUTER_BOUND('',#371,.T.);
#234=FACE_OUTER_BOUND('',#372,.T.);
#235=FACE_OUTER_BOUND('',#373,.T.);
#236=FACE_OUTER_BOUND('',#374,.T.);
#237=FACE_OUTER_BOUND('',#375,.T.);
#238=FACE_OUTER_BOUND('',#376,.T.);
#239=FACE_OUTER_BOUND('',#377,.T.);
#240=FACE_OUTER_BOUND('',#378,.T.);
#241=FACE_OUTER_BOUND('',#379,.T.);
#242=FACE_OUTER_BOUND('',#380,.T.);
#243=FACE_OUTER_BOUND('',#381,.T.);
#244=FACE_OUTER_BOUND('',#382,.T.);
#245=FACE_OUTER_BOUND('',#383,.T.);
#246=FACE_OUTER_BOUND('',#384,.T.);
#247=FACE_OUTER_BOUND('',#385,.T.);
#248=FACE_OUTER_BOUND('',#386,.T.);
#249=FACE_OUTER_BOUND('',#387,.T.);
#250=FACE_OUTER_BOUND('',#388,.T.);
#251=FACE_OUTER_BOUND('',#389,.T.);
#252=FACE_OUTER_BOUND('',#390,.T.);
#253=FACE_OUTER_BOUND('',#391,.T.);
#254=FACE_OUTER_BOUND('',#392,.T.);
#255=FACE_OUTER_BOUND('',#393,.T.);
#256=FACE_OUTER_BOUND('',#394,.T.);
#257=FACE_OUTER_BOUND('',#395,.T.);
#258=FACE_OUTER_BOUND('',#396,.T.);
#259=FACE_OUTER_BOUND('',#397,.T.);
#260=FACE_OUTER_BOUND('',#398,.T.);
#261=FACE_OUTER_BOUND('',#399,.T.);
#262=FACE_OUTER_BOUND('',#400,.T.);
#263=FACE_OUTER_BOUND('',#401,.T.);
#264=FACE_OUTER_BOUND('',#402,.T.);
#265=FACE_OUTER_BOUND('',#403,.T.);
#266=FACE_OUTER_BOUND('',#404,.T.);
#267=FACE_OUTER_BOUND('',#405,.T.);
#268=FACE_OUTER_BOUND('',#406,.T.);
#269=FACE_OUTER_BOUND('',#407,.T.);
#270=FACE_OUTER_BOUND('',#408,.T.);
#271=EDGE_LOOP('',(#1519,#1520,#1521,#1522,#1523,#1524,#1525,#1526));
#272=EDGE_LOOP('',(#1527,#1528,#1529,#1530));
#273=EDGE_LOOP('',(#1531,#1532,#1533,#1534));
#274=EDGE_LOOP('',(#1535,#1536,#1537,#1538,#1539,#1540,#1541,#1542));
#275=EDGE_LOOP('',(#1543,#1544,#1545,#1546,#1547,#1548,#1549,#1550));
#276=EDGE_LOOP('',(#1551,#1552,#1553,#1554));
#277=EDGE_LOOP('',(#1555,#1556,#1557,#1558));
#278=EDGE_LOOP('',(#1559,#1560,#1561,#1562,#1563,#1564,#1565,#1566));
#279=EDGE_LOOP('',(#1567,#1568,#1569,#1570,#1571,#1572,#1573,#1574));
#280=EDGE_LOOP('',(#1575,#1576,#1577,#1578,#1579));
#281=EDGE_LOOP('',(#1580,#1581,#1582,#1583,#1584));
#282=EDGE_LOOP('',(#1585,#1586,#1587,#1588,#1589,#1590,#1591,#1592,#1593,
#1594,#1595,#1596,#1597,#1598,#1599,#1600,#1601,#1602));
#283=EDGE_LOOP('',(#1603,#1604,#1605,#1606,#1607,#1608,#1609,#1610));
#284=EDGE_LOOP('',(#1611,#1612,#1613,#1614));
#285=EDGE_LOOP('',(#1615,#1616,#1617,#1618,#1619,#1620,#1621,#1622,#1623));
#286=EDGE_LOOP('',(#1624,#1625,#1626,#1627,#1628,#1629,#1630,#1631,#1632));
#287=EDGE_LOOP('',(#1633,#1634,#1635,#1636,#1637));
#288=EDGE_LOOP('',(#1638,#1639,#1640,#1641));
#289=EDGE_LOOP('',(#1642,#1643,#1644,#1645));
#290=EDGE_LOOP('',(#1646,#1647,#1648,#1649));
#291=EDGE_LOOP('',(#1650,#1651,#1652,#1653,#1654,#1655,#1656,#1657));
#292=EDGE_LOOP('',(#1658,#1659,#1660,#1661,#1662,#1663,#1664,#1665,#1666,
#1667,#1668,#1669,#1670,#1671,#1672,#1673,#1674,#1675));
#293=EDGE_LOOP('',(#1676,#1677,#1678,#1679,#1680,#1681,#1682,#1683));
#294=EDGE_LOOP('',(#1684,#1685,#1686,#1687,#1688));
#295=EDGE_LOOP('',(#1689,#1690,#1691,#1692,#1693,#1694,#1695,#1696,#1697));
#296=EDGE_LOOP('',(#1698,#1699,#1700,#1701,#1702));
#297=EDGE_LOOP('',(#1703,#1704,#1705,#1706,#1707,#1708,#1709,#1710,#1711));
#298=EDGE_LOOP('',(#1712,#1713,#1714,#1715,#1716,#1717));
#299=EDGE_LOOP('',(#1718,#1719,#1720,#1721,#1722,#1723));
#300=EDGE_LOOP('',(#1724,#1725,#1726,#1727));
#301=EDGE_LOOP('',(#1728,#1729,#1730,#1731));
#302=EDGE_LOOP('',(#1732,#1733,#1734,#1735));
#303=EDGE_LOOP('',(#1736,#1737,#1738,#1739,#1740,#1741,#1742,#1743));
#304=EDGE_LOOP('',(#1744,#1745,#1746,#1747));
#305=EDGE_LOOP('',(#1748,#1749,#1750,#1751));
#306=EDGE_LOOP('',(#1752,#1753,#1754,#1755));
#307=EDGE_LOOP('',(#1756,#1757,#1758,#1759));
#308=EDGE_LOOP('',(#1760,#1761,#1762,#1763));
#309=EDGE_LOOP('',(#1764,#1765,#1766,#1767));
#310=EDGE_LOOP('',(#1768,#1769,#1770,#1771));
#311=EDGE_LOOP('',(#1772,#1773,#1774,#1775,#1776,#1777,#1778,#1779));
#312=EDGE_LOOP('',(#1780,#1781,#1782,#1783));
#313=EDGE_LOOP('',(#1784));
#314=EDGE_LOOP('',(#1785));
#315=EDGE_LOOP('',(#1786,#1787,#1788,#1789));
#316=EDGE_LOOP('',(#1790));
#317=EDGE_LOOP('',(#1791));
#318=EDGE_LOOP('',(#1792,#1793,#1794,#1795));
#319=EDGE_LOOP('',(#1796));
#320=EDGE_LOOP('',(#1797));
#321=EDGE_LOOP('',(#1798,#1799));
#322=EDGE_LOOP('',(#1800,#1801,#1802,#1803,#1804,#1805,#1806,#1807));
#323=EDGE_LOOP('',(#1808,#1809));
#324=EDGE_LOOP('',(#1810,#1811,#1812,#1813,#1814));
#325=EDGE_LOOP('',(#1815,#1816,#1817,#1818));
#326=EDGE_LOOP('',(#1819));
#327=EDGE_LOOP('',(#1820,#1821,#1822,#1823,#1824));
#328=EDGE_LOOP('',(#1825,#1826,#1827,#1828,#1829));
#329=EDGE_LOOP('',(#1830,#1831,#1832,#1833));
#330=EDGE_LOOP('',(#1834));
#331=EDGE_LOOP('',(#1835,#1836,#1837,#1838,#1839));
#332=EDGE_LOOP('',(#1840,#1841,#1842,#1843));
#333=EDGE_LOOP('',(#1844));
#334=EDGE_LOOP('',(#1845,#1846,#1847,#1848,#1849));
#335=EDGE_LOOP('',(#1850,#1851));
#336=EDGE_LOOP('',(#1852,#1853,#1854,#1855,#1856,#1857,#1858,#1859,#1860,
#1861,#1862,#1863));
#337=EDGE_LOOP('',(#1864,#1865,#1866,#1867));
#338=EDGE_LOOP('',(#1868,#1869,#1870,#1871));
#339=EDGE_LOOP('',(#1872,#1873,#1874,#1875));
#340=EDGE_LOOP('',(#1876,#1877,#1878,#1879));
#341=EDGE_LOOP('',(#1880,#1881,#1882,#1883,#1884,#1885,#1886,#1887,#1888,
#1889,#1890,#1891));
#342=EDGE_LOOP('',(#1892,#1893,#1894,#1895));
#343=EDGE_LOOP('',(#1896,#1897,#1898,#1899));
#344=EDGE_LOOP('',(#1900,#1901,#1902,#1903));
#345=EDGE_LOOP('',(#1904,#1905,#1906,#1907,#1908,#1909,#1910,#1911,#1912,
#1913,#1914,#1915));
#346=EDGE_LOOP('',(#1916,#1917,#1918,#1919));
#347=EDGE_LOOP('',(#1920,#1921,#1922,#1923));
#348=EDGE_LOOP('',(#1924,#1925,#1926,#1927));
#349=EDGE_LOOP('',(#1928,#1929,#1930,#1931));
#350=EDGE_LOOP('',(#1932,#1933,#1934,#1935,#1936,#1937,#1938,#1939,#1940,
#1941,#1942,#1943));
#351=EDGE_LOOP('',(#1944,#1945,#1946,#1947));
#352=EDGE_LOOP('',(#1948,#1949,#1950,#1951));
#353=EDGE_LOOP('',(#1952,#1953,#1954,#1955));
#354=EDGE_LOOP('',(#1956,#1957,#1958,#1959,#1960,#1961,#1962,#1963,#1964,
#1965,#1966,#1967));
#355=EDGE_LOOP('',(#1968,#1969,#1970,#1971));
#356=EDGE_LOOP('',(#1972,#1973,#1974,#1975));
#357=EDGE_LOOP('',(#1976,#1977,#1978,#1979,#1980));
#358=EDGE_LOOP('',(#1981,#1982,#1983,#1984,#1985));
#359=EDGE_LOOP('',(#1986,#1987,#1988,#1989));
#360=EDGE_LOOP('',(#1990,#1991,#1992,#1993,#1994));
#361=EDGE_LOOP('',(#1995,#1996,#1997,#1998));
#362=EDGE_LOOP('',(#1999,#2000,#2001,#2002));
#363=EDGE_LOOP('',(#2003,#2004,#2005,#2006));
#364=EDGE_LOOP('',(#2007,#2008,#2009,#2010));
#365=EDGE_LOOP('',(#2011,#2012,#2013,#2014));
#366=EDGE_LOOP('',(#2015,#2016,#2017,#2018,#2019,#2020,#2021,#2022,#2023,
#2024,#2025,#2026));
#367=EDGE_LOOP('',(#2027,#2028,#2029,#2030,#2031));
#368=EDGE_LOOP('',(#2032,#2033,#2034,#2035,#2036));
#369=EDGE_LOOP('',(#2037,#2038,#2039,#2040));
#370=EDGE_LOOP('',(#2041,#2042,#2043,#2044));
#371=EDGE_LOOP('',(#2045,#2046,#2047,#2048));
#372=EDGE_LOOP('',(#2049,#2050,#2051,#2052,#2053,#2054));
#373=EDGE_LOOP('',(#2055,#2056,#2057,#2058,#2059,#2060));
#374=EDGE_LOOP('',(#2061,#2062,#2063,#2064,#2065,#2066));
#375=EDGE_LOOP('',(#2067,#2068,#2069,#2070,#2071));
#376=EDGE_LOOP('',(#2072,#2073,#2074,#2075,#2076));
#377=EDGE_LOOP('',(#2077,#2078,#2079,#2080));
#378=EDGE_LOOP('',(#2081,#2082,#2083,#2084));
#379=EDGE_LOOP('',(#2085,#2086,#2087,#2088,#2089));
#380=EDGE_LOOP('',(#2090,#2091,#2092,#2093));
#381=EDGE_LOOP('',(#2094,#2095,#2096,#2097,#2098,#2099,#2100,#2101,#2102,
#2103,#2104,#2105));
#382=EDGE_LOOP('',(#2106,#2107,#2108,#2109,#2110,#2111,#2112,#2113,#2114,
#2115,#2116,#2117));
#383=EDGE_LOOP('',(#2118,#2119,#2120,#2121));
#384=EDGE_LOOP('',(#2122,#2123,#2124,#2125,#2126,#2127,#2128,#2129));
#385=EDGE_LOOP('',(#2130,#2131,#2132,#2133));
#386=EDGE_LOOP('',(#2134,#2135,#2136,#2137));
#387=EDGE_LOOP('',(#2138,#2139,#2140,#2141));
#388=EDGE_LOOP('',(#2142,#2143,#2144,#2145));
#389=EDGE_LOOP('',(#2146,#2147,#2148,#2149,#2150));
#390=EDGE_LOOP('',(#2151,#2152,#2153,#2154));
#391=EDGE_LOOP('',(#2155,#2156,#2157,#2158,#2159));
#392=EDGE_LOOP('',(#2160,#2161,#2162,#2163));
#393=EDGE_LOOP('',(#2164,#2165,#2166,#2167,#2168));
#394=EDGE_LOOP('',(#2169,#2170,#2171,#2172,#2173,#2174,#2175,#2176));
#395=EDGE_LOOP('',(#2177,#2178,#2179,#2180,#2181));
#396=EDGE_LOOP('',(#2182,#2183,#2184,#2185,#2186,#2187));
#397=EDGE_LOOP('',(#2188,#2189,#2190,#2191,#2192,#2193));
#398=EDGE_LOOP('',(#2194,#2195,#2196,#2197));
#399=EDGE_LOOP('',(#2198,#2199,#2200,#2201));
#400=EDGE_LOOP('',(#2202,#2203,#2204,#2205));
#401=EDGE_LOOP('',(#2206,#2207,#2208,#2209));
#402=EDGE_LOOP('',(#2210,#2211,#2212,#2213,#2214));
#403=EDGE_LOOP('',(#2215,#2216,#2217,#2218));
#404=EDGE_LOOP('',(#2219,#2220,#2221,#2222));
#405=EDGE_LOOP('',(#2223,#2224,#2225));
#406=EDGE_LOOP('',(#2226,#2227,#2228,#2229));
#407=EDGE_LOOP('',(#2230,#2231,#2232));
#408=EDGE_LOOP('',(#2233,#2234,#2235,#2236));
#409=LINE('',#3352,#625);
#410=LINE('',#3356,#626);
#411=LINE('',#3358,#627);
#412=LINE('',#3360,#628);
#413=LINE('',#3362,#629);
#414=LINE('',#3363,#630);
#415=LINE('',#3369,#631);
#416=LINE('',#3372,#632);
#417=LINE('',#3378,#633);
#418=LINE('',#3381,#634);
#419=LINE('',#3386,#635);
#420=LINE('',#3388,#636);
#421=LINE('',#3390,#637);
#422=LINE('',#3392,#638);
#423=LINE('',#3395,#639);
#424=LINE('',#3401,#640);
#425=LINE('',#3405,#641);
#426=LINE('',#3407,#642);
#427=LINE('',#3408,#643);
#428=LINE('',#3409,#644);
#429=LINE('',#3469,#645);
#430=LINE('',#3493,#646);
#431=LINE('',#3495,#647);
#432=LINE('',#3497,#648);
#433=LINE('',#3499,#649);
#434=LINE('',#3501,#650);
#435=LINE('',#3505,#651);
#436=LINE('',#3509,#652);
#437=LINE('',#3512,#653);
#438=LINE('',#3515,#654);
#439=LINE('',#3516,#655);
#440=LINE('',#3519,#656);
#441=LINE('',#3521,#657);
#442=LINE('',#3522,#658);
#443=LINE('',#3525,#659);
#444=LINE('',#3527,#660);
#445=LINE('',#3529,#661);
#446=LINE('',#3531,#662);
#447=LINE('',#3533,#663);
#448=LINE('',#3535,#664);
#449=LINE('',#3537,#665);
#450=LINE('',#3539,#666);
#451=LINE('',#3541,#667);
#452=LINE('',#3543,#668);
#453=LINE('',#3545,#669);
#454=LINE('',#3547,#670);
#455=LINE('',#3549,#671);
#456=LINE('',#3551,#672);
#457=LINE('',#3553,#673);
#458=LINE('',#3555,#674);
#459=LINE('',#3556,#675);
#460=LINE('',#3559,#676);
#461=LINE('',#3563,#677);
#462=LINE('',#3566,#678);
#463=LINE('',#3569,#679);
#464=LINE('',#3570,#680);
#465=LINE('',#3572,#681);
#466=LINE('',#3574,#682);
#467=LINE('',#3576,#683);
#468=LINE('',#3578,#684);
#469=LINE('',#3582,#685);
#470=LINE('',#3586,#686);
#471=LINE('',#3588,#687);
#472=LINE('',#3590,#688);
#473=LINE('',#3592,#689);
#474=LINE('',#3594,#690);
#475=LINE('',#3595,#691);
#476=LINE('',#3598,#692);
#477=LINE('',#3599,#693);
#478=LINE('',#3602,#694);
#479=LINE('',#3604,#695);
#480=LINE('',#3605,#696);
#481=LINE('',#3607,#697);
#482=LINE('',#3610,#698);
#483=LINE('',#3611,#699);
#484=LINE('',#3614,#700);
#485=LINE('',#3618,#701);
#486=LINE('',#3621,#702);
#487=LINE('',#3623,#703);
#488=LINE('',#3625,#704);
#489=LINE('',#3627,#705);
#490=LINE('',#3629,#706);
#491=LINE('',#3631,#707);
#492=LINE('',#3633,#708);
#493=LINE('',#3635,#709);
#494=LINE('',#3637,#710);
#495=LINE('',#3639,#711);
#496=LINE('',#3641,#712);
#497=LINE('',#3643,#713);
#498=LINE('',#3645,#714);
#499=LINE('',#3647,#715);
#500=LINE('',#3648,#716);
#501=LINE('',#3651,#717);
#502=LINE('',#3653,#718);
#503=LINE('',#3655,#719);
#504=LINE('',#3657,#720);
#505=LINE('',#3659,#721);
#506=LINE('',#3660,#722);
#507=LINE('',#3666,#723);
#508=LINE('',#3668,#724);
#509=LINE('',#3670,#725);
#510=LINE('',#3671,#726);
#511=LINE('',#3752,#727);
#512=LINE('',#3754,#728);
#513=LINE('',#3756,#729);
#514=LINE('',#3757,#730);
#515=LINE('',#3838,#731);
#516=LINE('',#3845,#732);
#517=LINE('',#3851,#733);
#518=LINE('',#3853,#734);
#519=LINE('',#3856,#735);
#520=LINE('',#3858,#736);
#521=LINE('',#3860,#737);
#522=LINE('',#3862,#738);
#523=LINE('',#3864,#739);
#524=LINE('',#3866,#740);
#525=LINE('',#3867,#741);
#526=LINE('',#3870,#742);
#527=LINE('',#3872,#743);
#528=LINE('',#3878,#744);
#529=LINE('',#3885,#745);
#530=LINE('',#3889,#746);
#531=LINE('',#3891,#747);
#532=LINE('',#3899,#748);
#533=LINE('',#3926,#749);
#534=LINE('',#3986,#750);
#535=LINE('',#3995,#751);
#536=LINE('',#4004,#752);
#537=LINE('',#4056,#753);
#538=LINE('',#4060,#754);
#539=LINE('',#4113,#755);
#540=LINE('',#4116,#756);
#541=LINE('',#4118,#757);
#542=LINE('',#4163,#758);
#543=LINE('',#4165,#759);
#544=LINE('',#4237,#760);
#545=LINE('',#4239,#761);
#546=LINE('',#4241,#762);
#547=LINE('',#4245,#763);
#548=LINE('',#4249,#764);
#549=LINE('',#4250,#765);
#550=LINE('',#4253,#766);
#551=LINE('',#4254,#767);
#552=LINE('',#4257,#768);
#553=LINE('',#4258,#769);
#554=LINE('',#4261,#770);
#555=LINE('',#4262,#771);
#556=LINE('',#4265,#772);
#557=LINE('',#4266,#773);
#558=LINE('',#4271,#774);
#559=LINE('',#4273,#775);
#560=LINE('',#4275,#776);
#561=LINE('',#4277,#777);
#562=LINE('',#4283,#778);
#563=LINE('',#4286,#779);
#564=LINE('',#4288,#780);
#565=LINE('',#4292,#781);
#566=LINE('',#4296,#782);
#567=LINE('',#4297,#783);
#568=LINE('',#4300,#784);
#569=LINE('',#4301,#785);
#570=LINE('',#4304,#786);
#571=LINE('',#4305,#787);
#572=LINE('',#4308,#788);
#573=LINE('',#4309,#789);
#574=LINE('',#4312,#790);
#575=LINE('',#4313,#791);
#576=LINE('',#4318,#792);
#577=LINE('',#4321,#793);
#578=LINE('',#4324,#794);
#579=LINE('',#4326,#795);
#580=LINE('',#4332,#796);
#581=LINE('',#4334,#797);
#582=LINE('',#4338,#798);
#583=LINE('',#4340,#799);
#584=LINE('',#4343,#800);
#585=LINE('',#4346,#801);
#586=LINE('',#4348,#802);
#587=LINE('',#4355,#803);
#588=LINE('',#4359,#804);
#589=LINE('',#4361,#805);
#590=LINE('',#4364,#806);
#591=LINE('',#4368,#807);
#592=LINE('',#4371,#808);
#593=LINE('',#4373,#809);
#594=LINE('',#4376,#810);
#595=LINE('',#4381,#811);
#596=LINE('',#4383,#812);
#597=LINE('',#4386,#813);
#598=LINE('',#4387,#814);
#599=LINE('',#4509,#815);
#600=LINE('',#4510,#816);
#601=LINE('',#4511,#817);
#602=LINE('',#4513,#818);
#603=LINE('',#4517,#819);
#604=LINE('',#4523,#820);
#605=LINE('',#4527,#821);
#606=LINE('',#4532,#822);
#607=LINE('',#4535,#823);
#608=LINE('',#4538,#824);
#609=LINE('',#4542,#825);
#610=LINE('',#4547,#826);
#611=LINE('',#4550,#827);
#612=LINE('',#4553,#828);
#613=LINE('',#4554,#829);
#614=LINE('',#4557,#830);
#615=LINE('',#4561,#831);
#616=LINE('',#4567,#832);
#617=LINE('',#4568,#833);
#618=LINE('',#4570,#834);
#619=LINE('',#4576,#835);
#620=LINE('',#4581,#836);
#621=LINE('',#4588,#837);
#622=LINE('',#4592,#838);
#623=LINE('',#4595,#839);
#624=LINE('',#4598,#840);
#625=VECTOR('',#2678,10.);
#626=VECTOR('',#2681,10.);
#627=VECTOR('',#2682,10.);
#628=VECTOR('',#2683,10.);
#629=VECTOR('',#2684,10.);
#630=VECTOR('',#2685,10.);
#631=VECTOR('',#2690,10.);
#632=VECTOR('',#2693,10.);
#633=VECTOR('',#2698,10.);
#634=VECTOR('',#2701,10.);
#635=VECTOR('',#2706,10.);
#636=VECTOR('',#2707,10.);
#637=VECTOR('',#2708,10.);
#638=VECTOR('',#2709,10.);
#639=VECTOR('',#2712,10.);
#640=VECTOR('',#2717,10.);
#641=VECTOR('',#2720,10.);
#642=VECTOR('',#2721,10.);
#643=VECTOR('',#2722,10.);
#644=VECTOR('',#2723,10.);
#645=VECTOR('',#2728,10.);
#646=VECTOR('',#2733,10.);
#647=VECTOR('',#2734,10.);
#648=VECTOR('',#2735,10.);
#649=VECTOR('',#2736,10.);
#650=VECTOR('',#2737,10.);
#651=VECTOR('',#2742,10.);
#652=VECTOR('',#2745,10.);
#653=VECTOR('',#2748,10.);
#654=VECTOR('',#2751,10.);
#655=VECTOR('',#2752,10.);
#656=VECTOR('',#2755,10.);
#657=VECTOR('',#2756,10.);
#658=VECTOR('',#2757,10.);
#659=VECTOR('',#2760,10.);
#660=VECTOR('',#2761,10.);
#661=VECTOR('',#2762,10.);
#662=VECTOR('',#2763,10.);
#663=VECTOR('',#2764,10.);
#664=VECTOR('',#2765,10.);
#665=VECTOR('',#2766,10.);
#666=VECTOR('',#2767,10.);
#667=VECTOR('',#2768,10.);
#668=VECTOR('',#2769,10.);
#669=VECTOR('',#2770,10.);
#670=VECTOR('',#2771,10.);
#671=VECTOR('',#2772,10.);
#672=VECTOR('',#2773,10.);
#673=VECTOR('',#2774,10.);
#674=VECTOR('',#2775,10.);
#675=VECTOR('',#2776,10.);
#676=VECTOR('',#2779,10.);
#677=VECTOR('',#2782,10.);
#678=VECTOR('',#2785,10.);
#679=VECTOR('',#2788,10.);
#680=VECTOR('',#2789,10.);
#681=VECTOR('',#2792,10.);
#682=VECTOR('',#2793,10.);
#683=VECTOR('',#2794,10.);
#684=VECTOR('',#2795,10.);
#685=VECTOR('',#2800,10.);
#686=VECTOR('',#2803,10.);
#687=VECTOR('',#2804,10.);
#688=VECTOR('',#2805,10.);
#689=VECTOR('',#2806,10.);
#690=VECTOR('',#2807,10.);
#691=VECTOR('',#2808,10.);
#692=VECTOR('',#2811,10.);
#693=VECTOR('',#2812,10.);
#694=VECTOR('',#2815,10.);
#695=VECTOR('',#2816,10.);
#696=VECTOR('',#2817,10.);
#697=VECTOR('',#2820,10.);
#698=VECTOR('',#2823,10.);
#699=VECTOR('',#2824,10.);
#700=VECTOR('',#2827,10.);
#701=VECTOR('',#2830,10.);
#702=VECTOR('',#2833,10.);
#703=VECTOR('',#2836,10.);
#704=VECTOR('',#2837,10.);
#705=VECTOR('',#2838,10.);
#706=VECTOR('',#2839,10.);
#707=VECTOR('',#2840,10.);
#708=VECTOR('',#2841,10.);
#709=VECTOR('',#2842,10.);
#710=VECTOR('',#2843,10.);
#711=VECTOR('',#2844,10.);
#712=VECTOR('',#2845,10.);
#713=VECTOR('',#2846,10.);
#714=VECTOR('',#2847,10.);
#715=VECTOR('',#2848,10.);
#716=VECTOR('',#2849,10.);
#717=VECTOR('',#2852,10.);
#718=VECTOR('',#2853,10.);
#719=VECTOR('',#2854,10.);
#720=VECTOR('',#2855,10.);
#721=VECTOR('',#2856,10.);
#722=VECTOR('',#2857,10.);
#723=VECTOR('',#2862,10.);
#724=VECTOR('',#2863,10.);
#725=VECTOR('',#2864,10.);
#726=VECTOR('',#2865,10.);
#727=VECTOR('',#2874,10.);
#728=VECTOR('',#2875,10.);
#729=VECTOR('',#2876,10.);
#730=VECTOR('',#2877,10.);
#731=VECTOR('',#2888,10.);
#732=VECTOR('',#2897,10.);
#733=VECTOR('',#2908,10.);
#734=VECTOR('',#2911,10.);
#735=VECTOR('',#2914,10.);
#736=VECTOR('',#2915,10.);
#737=VECTOR('',#2916,10.);
#738=VECTOR('',#2917,10.);
#739=VECTOR('',#2918,10.);
#740=VECTOR('',#2919,10.);
#741=VECTOR('',#2920,10.);
#742=VECTOR('',#2925,10.);
#743=VECTOR('',#2928,10.);
#744=VECTOR('',#2935,10.);
#745=VECTOR('',#2938,10.);
#746=VECTOR('',#2941,10.);
#747=VECTOR('',#2942,10.);
#748=VECTOR('',#2947,10.);
#749=VECTOR('',#2954,10.);
#750=VECTOR('',#2963,1.4);
#751=VECTOR('',#2974,1.40000000000001);
#752=VECTOR('',#2985,1.4);
#753=VECTOR('',#2996,10.);
#754=VECTOR('',#2999,10.);
#755=VECTOR('',#3006,1.);
#756=VECTOR('',#3011,10.);
#757=VECTOR('',#3014,0.999999999999997);
#758=VECTOR('',#3019,1.);
#759=VECTOR('',#3022,10.);
#760=VECTOR('',#3033,10.);
#761=VECTOR('',#3034,10.);
#762=VECTOR('',#3035,10.);
#763=VECTOR('',#3038,10.);
#764=VECTOR('',#3041,10.);
#765=VECTOR('',#3042,10.);
#766=VECTOR('',#3045,10.);
#767=VECTOR('',#3046,10.);
#768=VECTOR('',#3049,10.);
#769=VECTOR('',#3050,10.);
#770=VECTOR('',#3053,10.);
#771=VECTOR('',#3054,10.);
#772=VECTOR('',#3057,10.);
#773=VECTOR('',#3058,10.);
#774=VECTOR('',#3063,10.);
#775=VECTOR('',#3066,10.);
#776=VECTOR('',#3069,10.);
#777=VECTOR('',#3072,10.);
#778=VECTOR('',#3079,10.);
#779=VECTOR('',#3082,10.);
#780=VECTOR('',#3083,10.);
#781=VECTOR('',#3086,10.);
#782=VECTOR('',#3089,10.);
#783=VECTOR('',#3090,10.);
#784=VECTOR('',#3093,10.);
#785=VECTOR('',#3094,10.);
#786=VECTOR('',#3097,10.);
#787=VECTOR('',#3098,10.);
#788=VECTOR('',#3101,10.);
#789=VECTOR('',#3102,10.);
#790=VECTOR('',#3105,10.);
#791=VECTOR('',#3106,10.);
#792=VECTOR('',#3111,10.);
#793=VECTOR('',#3114,10.);
#794=VECTOR('',#3119,10.);
#795=VECTOR('',#3122,10.);
#796=VECTOR('',#3129,10.);
#797=VECTOR('',#3132,10.);
#798=VECTOR('',#3135,10.);
#799=VECTOR('',#3138,10.);
#800=VECTOR('',#3143,10.);
#801=VECTOR('',#3148,10.);
#802=VECTOR('',#3151,10.);
#803=VECTOR('',#3162,10.);
#804=VECTOR('',#3167,10.);
#805=VECTOR('',#3170,10.);
#806=VECTOR('',#3173,10.);
#807=VECTOR('',#3176,10.);
#808=VECTOR('',#3179,10.);
#809=VECTOR('',#3182,10.);
#810=VECTOR('',#3185,10.);
#811=VECTOR('',#3190,10.);
#812=VECTOR('',#3193,10.);
#813=VECTOR('',#3196,10.);
#814=VECTOR('',#3197,10.);
#815=VECTOR('',#3212,10.);
#816=VECTOR('',#3213,10.);
#817=VECTOR('',#3214,10.);
#818=VECTOR('',#3217,10.);
#819=VECTOR('',#3224,10.);
#820=VECTOR('',#3233,10.);
#821=VECTOR('',#3236,10.);
#822=VECTOR('',#3241,10.);
#823=VECTOR('',#3244,10.);
#824=VECTOR('',#3247,10.);
#825=VECTOR('',#3250,10.);
#826=VECTOR('',#3255,10.);
#827=VECTOR('',#3260,10.);
#828=VECTOR('',#3265,10.);
#829=VECTOR('',#3266,10.);
#830=VECTOR('',#3271,10.);
#831=VECTOR('',#3276,10.);
#832=VECTOR('',#3283,10.);
#833=VECTOR('',#3284,10.);
#834=VECTOR('',#3287,10.);
#835=VECTOR('',#3296,10.);
#836=VECTOR('',#3303,10.);
#837=VECTOR('',#3312,10.);
#838=VECTOR('',#3317,10.);
#839=VECTOR('',#3320,10.);
#840=VECTOR('',#3323,10.);
#841=ELLIPSE('',#2445,37.9839051384211,35.);
#842=ELLIPSE('',#2446,35.8133962733684,33.);
#843=ELLIPSE('',#2448,10.0872481820846,10.);
#844=ELLIPSE('',#2449,10.0872481820846,10.);
#845=ELLIPSE('',#2451,10.0872481820846,10.);
#846=ELLIPSE('',#2452,10.0872481820846,10.);
#847=ELLIPSE('',#2454,38.0139901342929,35.);
#848=ELLIPSE('',#2455,35.841762126619,33.);
#849=ELLIPSE('',#2457,38.0139901342929,35.);
#850=ELLIPSE('',#2458,35.841762126619,33.);
#851=ELLIPSE('',#2462,37.9839051384211,35.);
#852=ELLIPSE('',#2463,35.8133962733684,33.);
#853=ELLIPSE('',#2465,35.8897567897806,35.);
#854=ELLIPSE('',#2472,35.8897567897806,35.);
#855=ELLIPSE('',#2475,2.53402593769331,2.5);
#856=ELLIPSE('',#2477,2.53402593769331,2.5);
#857=ELLIPSE('',#2483,33.2267847661401,33.);
#858=ELLIPSE('',#2484,33.2267847661401,33.);
#859=ELLIPSE('',#2488,48.1960087893662,4.46073953094803);
#860=ELLIPSE('',#2492,48.1960087893661,4.46073953094817);
#861=ELLIPSE('',#2496,33.1457719471508,33.);
#862=ELLIPSE('',#2497,33.2267847661401,33.);
#863=ELLIPSE('',#2498,33.2267847661401,33.);
#864=ELLIPSE('',#2500,33.1457719471508,33.);
#865=ELLIPSE('',#2501,33.2267847661401,33.);
#866=ELLIPSE('',#2502,33.2267847661401,33.);
#867=ELLIPSE('',#2504,33.3489246458999,33.);
#868=ELLIPSE('',#2505,33.2267847661401,33.);
#869=ELLIPSE('',#2510,33.3489246458999,33.);
#870=ELLIPSE('',#2513,33.2267847661401,33.);
#871=ELLIPSE('',#2515,35.5216388226082,35.5);
#872=ELLIPSE('',#2517,35.5216388226082,35.5);
#873=ELLIPSE('',#2519,35.5744864199199,35.5);
#874=ELLIPSE('',#2521,35.5744864199199,35.4999999999999);
#875=ELLIPSE('',#2541,31.2130402348589,31.);
#876=ELLIPSE('',#2542,31.2130402348589,31.);
#877=ELLIPSE('',#2551,35.5744864199199,35.5000000000001);
#878=ELLIPSE('',#2552,35.5744864199199,35.5);
#879=ELLIPSE('',#2555,33.2267847661401,33.);
#880=ELLIPSE('',#2556,31.2130402348589,31.);
#881=ELLIPSE('',#2557,31.2130402348589,31.);
#882=ELLIPSE('',#2563,31.2130402348589,31.);
#883=ELLIPSE('',#2564,31.2130402348589,31.);
#884=ELLIPSE('',#2569,33.2267847661401,33.);
#885=ELLIPSE('',#2570,33.2267847661401,33.);
#886=ELLIPSE('',#2571,31.2130402348589,31.);
#887=ELLIPSE('',#2572,31.2130402348589,31.);
#888=ELLIPSE('',#2578,31.2130402348589,31.);
#889=ELLIPSE('',#2579,31.2130402348589,31.);
#890=ELLIPSE('',#2580,33.2267847661401,33.);
#891=ELLIPSE('',#2585,33.2267847661401,33.);
#892=ELLIPSE('',#2586,33.2267847661401,33.);
#893=ELLIPSE('',#2587,31.2130402348589,31.);
#894=ELLIPSE('',#2588,31.2130402348589,31.);
#895=ELLIPSE('',#2598,33.2267847661401,33.);
#896=ELLIPSE('',#2600,33.2267847661401,33.);
#897=ELLIPSE('',#2603,32.2199125004995,32.);
#898=ELLIPSE('',#2604,32.2199125004995,32.);
#899=ELLIPSE('',#2607,32.9415970030363,32.);
#900=ELLIPSE('',#2608,33.4563094562087,32.5);
#901=ELLIPSE('',#2613,33.4563094562087,32.5);
#902=ELLIPSE('',#2619,32.9415970030363,32.);
#903=ELLIPSE('',#2626,38.2097211762094,37.5);
#904=ELLIPSE('',#2627,38.2097211762094,37.5);
#905=ELLIPSE('',#2628,37.1907952781772,36.5);
#906=ELLIPSE('',#2629,37.1907952781772,36.5);
#907=ELLIPSE('',#2631,37.1907952781772,36.5);
#908=ELLIPSE('',#2632,37.1907952781772,36.5);
#909=ELLIPSE('',#2633,36.1718693801449,35.5);
#910=ELLIPSE('',#2634,36.1718693801449,35.5);
#911=ELLIPSE('',#2642,37.5705214768316,37.5000000000001);
#912=ELLIPSE('',#2643,37.5065991349816,37.5);
#913=ELLIPSE('',#2646,37.5065991349817,37.5);
#914=ELLIPSE('',#2647,37.5705214768316,37.5);
#915=ELLIPSE('',#2650,35.5744864199199,35.5);
#916=ELLIPSE('',#2651,35.5069708461903,35.5);
#917=ELLIPSE('',#2654,35.5069708461903,35.5);
#918=ELLIPSE('',#2656,2.59710967658398,2.5);
#919=ELLIPSE('',#2657,2.59710967658398,2.5);
#920=ELLIPSE('',#2659,2.59710967658398,2.5);
#921=ELLIPSE('',#2660,2.59710967658398,2.5);
#922=ELLIPSE('',#2665,35.5744864199199,35.4999999999999);
#923=ELLIPSE('',#2668,37.5705214768316,37.5);
#924=ELLIPSE('',#2670,37.5705214768316,37.4999999999999);
#925=VERTEX_POINT('',#3348);
#926=VERTEX_POINT('',#3349);
#927=VERTEX_POINT('',#3351);
#928=VERTEX_POINT('',#3353);
#929=VERTEX_POINT('',#3355);
#930=VERTEX_POINT('',#3357);
#931=VERTEX_POINT('',#3359);
#932=VERTEX_POINT('',#3361);
#933=VERTEX_POINT('',#3365);
#934=VERTEX_POINT('',#3366);
#935=VERTEX_POINT('',#3368);
#936=VERTEX_POINT('',#3370);
#937=VERTEX_POINT('',#3374);
#938=VERTEX_POINT('',#3375);
#939=VERTEX_POINT('',#3377);
#940=VERTEX_POINT('',#3379);
#941=VERTEX_POINT('',#3383);
#942=VERTEX_POINT('',#3384);
#943=VERTEX_POINT('',#3387);
#944=VERTEX_POINT('',#3389);
#945=VERTEX_POINT('',#3391);
#946=VERTEX_POINT('',#3393);
#947=VERTEX_POINT('',#3397);
#948=VERTEX_POINT('',#3398);
#949=VERTEX_POINT('',#3400);
#950=VERTEX_POINT('',#3402);
#951=VERTEX_POINT('',#3404);
#952=VERTEX_POINT('',#3406);
#953=VERTEX_POINT('',#3448);
#954=VERTEX_POINT('',#3468);
#955=VERTEX_POINT('',#3490);
#956=VERTEX_POINT('',#3492);
#957=VERTEX_POINT('',#3494);
#958=VERTEX_POINT('',#3496);
#959=VERTEX_POINT('',#3498);
#960=VERTEX_POINT('',#3500);
#961=VERTEX_POINT('',#3504);
#962=VERTEX_POINT('',#3506);
#963=VERTEX_POINT('',#3508);
#964=VERTEX_POINT('',#3510);
#965=VERTEX_POINT('',#3514);
#966=VERTEX_POINT('',#3518);
#967=VERTEX_POINT('',#3520);
#968=VERTEX_POINT('',#3524);
#969=VERTEX_POINT('',#3526);
#970=VERTEX_POINT('',#3528);
#971=VERTEX_POINT('',#3530);
#972=VERTEX_POINT('',#3532);
#973=VERTEX_POINT('',#3534);
#974=VERTEX_POINT('',#3536);
#975=VERTEX_POINT('',#3538);
#976=VERTEX_POINT('',#3540);
#977=VERTEX_POINT('',#3542);
#978=VERTEX_POINT('',#3544);
#979=VERTEX_POINT('',#3546);
#980=VERTEX_POINT('',#3548);
#981=VERTEX_POINT('',#3550);
#982=VERTEX_POINT('',#3552);
#983=VERTEX_POINT('',#3554);
#984=VERTEX_POINT('',#3558);
#985=VERTEX_POINT('',#3560);
#986=VERTEX_POINT('',#3562);
#987=VERTEX_POINT('',#3564);
#988=VERTEX_POINT('',#3568);
#989=VERTEX_POINT('',#3573);
#990=VERTEX_POINT('',#3575);
#991=VERTEX_POINT('',#3577);
#992=VERTEX_POINT('',#3581);
#993=VERTEX_POINT('',#3583);
#994=VERTEX_POINT('',#3585);
#995=VERTEX_POINT('',#3587);
#996=VERTEX_POINT('',#3589);
#997=VERTEX_POINT('',#3591);
#998=VERTEX_POINT('',#3593);
#999=VERTEX_POINT('',#3597);
#1000=VERTEX_POINT('',#3601);
#1001=VERTEX_POINT('',#3603);
#1002=VERTEX_POINT('',#3609);
#1003=VERTEX_POINT('',#3613);
#1004=VERTEX_POINT('',#3615);
#1005=VERTEX_POINT('',#3617);
#1006=VERTEX_POINT('',#3619);
#1007=VERTEX_POINT('',#3624);
#1008=VERTEX_POINT('',#3626);
#1009=VERTEX_POINT('',#3628);
#1010=VERTEX_POINT('',#3630);
#1011=VERTEX_POINT('',#3632);
#1012=VERTEX_POINT('',#3634);
#1013=VERTEX_POINT('',#3636);
#1014=VERTEX_POINT('',#3638);
#1015=VERTEX_POINT('',#3640);
#1016=VERTEX_POINT('',#3642);
#1017=VERTEX_POINT('',#3644);
#1018=VERTEX_POINT('',#3646);
#1019=VERTEX_POINT('',#3650);
#1020=VERTEX_POINT('',#3652);
#1021=VERTEX_POINT('',#3654);
#1022=VERTEX_POINT('',#3656);
#1023=VERTEX_POINT('',#3658);
#1024=VERTEX_POINT('',#3662);
#1025=VERTEX_POINT('',#3663);
#1026=VERTEX_POINT('',#3665);
#1027=VERTEX_POINT('',#3667);
#1028=VERTEX_POINT('',#3669);
#1029=VERTEX_POINT('',#3673);
#1030=VERTEX_POINT('',#3677);
#1031=VERTEX_POINT('',#3686);
#1032=VERTEX_POINT('',#3690);
#1033=VERTEX_POINT('',#3692);
#1034=VERTEX_POINT('',#3696);
#1035=VERTEX_POINT('',#3729);
#1036=VERTEX_POINT('',#3748);
#1037=VERTEX_POINT('',#3749);
#1038=VERTEX_POINT('',#3751);
#1039=VERTEX_POINT('',#3753);
#1040=VERTEX_POINT('',#3755);
#1041=VERTEX_POINT('',#3759);
#1042=VERTEX_POINT('',#3774);
#1043=VERTEX_POINT('',#3778);
#1044=VERTEX_POINT('',#3811);
#1045=VERTEX_POINT('',#3815);
#1046=VERTEX_POINT('',#3817);
#1047=VERTEX_POINT('',#3821);
#1048=VERTEX_POINT('',#3835);
#1049=VERTEX_POINT('',#3837);
#1050=VERTEX_POINT('',#3842);
#1051=VERTEX_POINT('',#3844);
#1052=VERTEX_POINT('',#3855);
#1053=VERTEX_POINT('',#3857);
#1054=VERTEX_POINT('',#3859);
#1055=VERTEX_POINT('',#3861);
#1056=VERTEX_POINT('',#3863);
#1057=VERTEX_POINT('',#3865);
#1058=VERTEX_POINT('',#3876);
#1059=VERTEX_POINT('',#3877);
#1060=VERTEX_POINT('',#3879);
#1061=VERTEX_POINT('',#3881);
#1062=VERTEX_POINT('',#3887);
#1063=VERTEX_POINT('',#3888);
#1064=VERTEX_POINT('',#3890);
#1065=VERTEX_POINT('',#3892);
#1066=VERTEX_POINT('',#3898);
#1067=VERTEX_POINT('',#3900);
#1068=VERTEX_POINT('',#3913);
#1069=VERTEX_POINT('',#3924);
#1070=VERTEX_POINT('',#3929);
#1071=VERTEX_POINT('',#3946);
#1072=VERTEX_POINT('',#3983);
#1073=VERTEX_POINT('',#3985);
#1074=VERTEX_POINT('',#3989);
#1075=VERTEX_POINT('',#3992);
#1076=VERTEX_POINT('',#3994);
#1077=VERTEX_POINT('',#3998);
#1078=VERTEX_POINT('',#4001);
#1079=VERTEX_POINT('',#4003);
#1080=VERTEX_POINT('',#4007);
#1081=VERTEX_POINT('',#4010);
#1082=VERTEX_POINT('',#4011);
#1083=VERTEX_POINT('',#4057);
#1084=VERTEX_POINT('',#4059);
#1085=VERTEX_POINT('',#4063);
#1086=VERTEX_POINT('',#4064);
#1087=VERTEX_POINT('',#4121);
#1088=VERTEX_POINT('',#4122);
#1089=VERTEX_POINT('',#4222);
#1090=VERTEX_POINT('',#4224);
#1091=VERTEX_POINT('',#4235);
#1092=VERTEX_POINT('',#4238);
#1093=VERTEX_POINT('',#4240);
#1094=VERTEX_POINT('',#4242);
#1095=VERTEX_POINT('',#4244);
#1096=VERTEX_POINT('',#4246);
#1097=VERTEX_POINT('',#4248);
#1098=VERTEX_POINT('',#4252);
#1099=VERTEX_POINT('',#4256);
#1100=VERTEX_POINT('',#4260);
#1101=VERTEX_POINT('',#4264);
#1102=VERTEX_POINT('',#4268);
#1103=VERTEX_POINT('',#4270);
#1104=VERTEX_POINT('',#4280);
#1105=VERTEX_POINT('',#4282);
#1106=VERTEX_POINT('',#4285);
#1107=VERTEX_POINT('',#4287);
#1108=VERTEX_POINT('',#4289);
#1109=VERTEX_POINT('',#4291);
#1110=VERTEX_POINT('',#4293);
#1111=VERTEX_POINT('',#4295);
#1112=VERTEX_POINT('',#4299);
#1113=VERTEX_POINT('',#4303);
#1114=VERTEX_POINT('',#4307);
#1115=VERTEX_POINT('',#4311);
#1116=VERTEX_POINT('',#4315);
#1117=VERTEX_POINT('',#4317);
#1118=VERTEX_POINT('',#4320);
#1119=VERTEX_POINT('',#4329);
#1120=VERTEX_POINT('',#4331);
#1121=VERTEX_POINT('',#4335);
#1122=VERTEX_POINT('',#4337);
#1123=VERTEX_POINT('',#4353);
#1124=VERTEX_POINT('',#4357);
#1125=VERTEX_POINT('',#4363);
#1126=VERTEX_POINT('',#4365);
#1127=VERTEX_POINT('',#4367);
#1128=VERTEX_POINT('',#4369);
#1129=VERTEX_POINT('',#4375);
#1130=VERTEX_POINT('',#4377);
#1131=VERTEX_POINT('',#4379);
#1132=VERTEX_POINT('',#4385);
#1133=VERTEX_POINT('',#4432);
#1134=VERTEX_POINT('',#4433);
#1135=VERTEX_POINT('',#4442);
#1136=VERTEX_POINT('',#4445);
#1137=VERTEX_POINT('',#4493);
#1138=VERTEX_POINT('',#4494);
#1139=VERTEX_POINT('',#4522);
#1140=VERTEX_POINT('',#4524);
#1141=VERTEX_POINT('',#4526);
#1142=VERTEX_POINT('',#4529);
#1143=VERTEX_POINT('',#4531);
#1144=VERTEX_POINT('',#4533);
#1145=VERTEX_POINT('',#4537);
#1146=VERTEX_POINT('',#4539);
#1147=VERTEX_POINT('',#4541);
#1148=VERTEX_POINT('',#4544);
#1149=VERTEX_POINT('',#4546);
#1150=VERTEX_POINT('',#4560);
#1151=VERTEX_POINT('',#4562);
#1152=VERTEX_POINT('',#4566);
#1153=VERTEX_POINT('',#4571);
#1154=VERTEX_POINT('',#4577);
#1155=VERTEX_POINT('',#4585);
#1156=VERTEX_POINT('',#4587);
#1157=VERTEX_POINT('',#4591);
#1158=VERTEX_POINT('',#4593);
#1159=VERTEX_POINT('',#4596);
#1160=EDGE_CURVE('',#925,#926,#841,.T.);
#1161=EDGE_CURVE('',#925,#927,#409,.T.);
#1162=EDGE_CURVE('',#928,#927,#842,.T.);
#1163=EDGE_CURVE('',#929,#928,#410,.T.);
#1164=EDGE_CURVE('',#930,#929,#411,.T.);
#1165=EDGE_CURVE('',#931,#930,#412,.T.);
#1166=EDGE_CURVE('',#932,#931,#413,.T.);
#1167=EDGE_CURVE('',#926,#932,#414,.T.);
#1168=EDGE_CURVE('',#933,#934,#843,.T.);
#1169=EDGE_CURVE('',#935,#933,#415,.T.);
#1170=EDGE_CURVE('',#936,#935,#844,.T.);
#1171=EDGE_CURVE('',#936,#934,#416,.T.);
#1172=EDGE_CURVE('',#937,#938,#845,.T.);
#1173=EDGE_CURVE('',#937,#939,#417,.T.);
#1174=EDGE_CURVE('',#940,#939,#846,.T.);
#1175=EDGE_CURVE('',#938,#940,#418,.T.);
#1176=EDGE_CURVE('',#941,#942,#847,.T.);
#1177=EDGE_CURVE('',#934,#941,#419,.T.);
#1178=EDGE_CURVE('',#943,#936,#420,.T.);
#1179=EDGE_CURVE('',#944,#943,#421,.T.);
#1180=EDGE_CURVE('',#945,#944,#422,.T.);
#1181=EDGE_CURVE('',#946,#945,#848,.T.);
#1182=EDGE_CURVE('',#946,#942,#423,.T.);
#1183=EDGE_CURVE('',#947,#948,#849,.T.);
#1184=EDGE_CURVE('',#947,#949,#424,.T.);
#1185=EDGE_CURVE('',#950,#949,#850,.T.);
#1186=EDGE_CURVE('',#951,#950,#425,.T.);
#1187=EDGE_CURVE('',#952,#951,#426,.T.);
#1188=EDGE_CURVE('',#939,#952,#427,.T.);
#1189=EDGE_CURVE('',#948,#937,#428,.T.);
#1190=EDGE_CURVE('',#942,#925,#66,.T.);
#1191=EDGE_CURVE('',#927,#946,#67,.T.);
#1192=EDGE_CURVE('',#953,#947,#68,.T.);
#1193=EDGE_CURVE('',#954,#953,#429,.T.);
#1194=EDGE_CURVE('',#949,#954,#69,.T.);
#1195=EDGE_CURVE('',#955,#953,#851,.T.);
#1196=EDGE_CURVE('',#956,#955,#430,.T.);
#1197=EDGE_CURVE('',#957,#956,#431,.T.);
#1198=EDGE_CURVE('',#958,#957,#432,.T.);
#1199=EDGE_CURVE('',#959,#958,#433,.T.);
#1200=EDGE_CURVE('',#960,#959,#434,.T.);
#1201=EDGE_CURVE('',#954,#960,#852,.T.);
#1202=EDGE_CURVE('',#948,#961,#435,.T.);
#1203=EDGE_CURVE('',#962,#961,#853,.T.);
#1204=EDGE_CURVE('',#962,#963,#436,.T.);
#1205=EDGE_CURVE('',#964,#963,#44,.T.);
#1206=EDGE_CURVE('',#964,#955,#437,.T.);
#1207=EDGE_CURVE('',#965,#938,#438,.T.);
#1208=EDGE_CURVE('',#961,#965,#439,.T.);
#1209=EDGE_CURVE('',#966,#952,#440,.T.);
#1210=EDGE_CURVE('',#966,#967,#441,.F.);
#1211=EDGE_CURVE('',#940,#967,#442,.F.);
#1212=EDGE_CURVE('',#950,#968,#443,.T.);
#1213=EDGE_CURVE('',#968,#969,#444,.T.);
#1214=EDGE_CURVE('',#970,#969,#445,.T.);
#1215=EDGE_CURVE('',#971,#970,#446,.T.);
#1216=EDGE_CURVE('',#971,#972,#447,.T.);
#1217=EDGE_CURVE('',#972,#973,#448,.F.);
#1218=EDGE_CURVE('',#973,#974,#449,.T.);
#1219=EDGE_CURVE('',#974,#975,#450,.F.);
#1220=EDGE_CURVE('',#975,#976,#451,.T.);
#1221=EDGE_CURVE('',#976,#977,#452,.T.);
#1222=EDGE_CURVE('',#978,#977,#453,.F.);
#1223=EDGE_CURVE('',#979,#978,#454,.T.);
#1224=EDGE_CURVE('',#979,#980,#455,.T.);
#1225=EDGE_CURVE('',#981,#980,#456,.T.);
#1226=EDGE_CURVE('',#982,#981,#457,.F.);
#1227=EDGE_CURVE('',#983,#982,#458,.F.);
#1228=EDGE_CURVE('',#983,#951,#459,.T.);
#1229=EDGE_CURVE('',#984,#926,#460,.T.);
#1230=EDGE_CURVE('',#985,#984,#45,.T.);
#1231=EDGE_CURVE('',#986,#985,#461,.T.);
#1232=EDGE_CURVE('',#987,#986,#854,.T.);
#1233=EDGE_CURVE('',#941,#987,#462,.T.);
#1234=EDGE_CURVE('',#932,#988,#463,.T.);
#1235=EDGE_CURVE('',#984,#988,#464,.T.);
#1236=EDGE_CURVE('',#982,#967,#465,.F.);
#1237=EDGE_CURVE('',#989,#981,#466,.T.);
#1238=EDGE_CURVE('',#989,#990,#467,.F.);
#1239=EDGE_CURVE('',#990,#991,#468,.T.);
#1240=EDGE_CURVE('',#965,#991,#855,.T.);
#1241=EDGE_CURVE('',#992,#933,#469,.T.);
#1242=EDGE_CURVE('',#993,#992,#856,.T.);
#1243=EDGE_CURVE('',#993,#994,#470,.T.);
#1244=EDGE_CURVE('',#994,#995,#471,.F.);
#1245=EDGE_CURVE('',#996,#995,#472,.T.);
#1246=EDGE_CURVE('',#996,#997,#473,.F.);
#1247=EDGE_CURVE('',#998,#997,#474,.F.);
#1248=EDGE_CURVE('',#998,#935,#475,.F.);
#1249=EDGE_CURVE('',#999,#998,#476,.T.);
#1250=EDGE_CURVE('',#943,#999,#477,.T.);
#1251=EDGE_CURVE('',#1000,#930,#478,.T.);
#1252=EDGE_CURVE('',#1000,#1001,#479,.T.);
#1253=EDGE_CURVE('',#931,#1001,#480,.F.);
#1254=EDGE_CURVE('',#966,#983,#481,.T.);
#1255=EDGE_CURVE('',#999,#1002,#482,.F.);
#1256=EDGE_CURVE('',#944,#1002,#483,.T.);
#1257=EDGE_CURVE('',#945,#1003,#484,.T.);
#1258=EDGE_CURVE('',#1003,#1004,#857,.T.);
#1259=EDGE_CURVE('',#1004,#1005,#485,.T.);
#1260=EDGE_CURVE('',#1006,#1005,#858,.T.);
#1261=EDGE_CURVE('',#1006,#928,#486,.T.);
#1262=EDGE_CURVE('',#997,#1002,#487,.F.);
#1263=EDGE_CURVE('',#1007,#996,#488,.T.);
#1264=EDGE_CURVE('',#1008,#1007,#489,.T.);
#1265=EDGE_CURVE('',#1009,#1008,#490,.T.);
#1266=EDGE_CURVE('',#1010,#1009,#491,.F.);
#1267=EDGE_CURVE('',#1010,#1011,#492,.T.);
#1268=EDGE_CURVE('',#1012,#1011,#493,.T.);
#1269=EDGE_CURVE('',#1012,#1013,#494,.F.);
#1270=EDGE_CURVE('',#1013,#1014,#495,.T.);
#1271=EDGE_CURVE('',#1014,#1015,#496,.F.);
#1272=EDGE_CURVE('',#1016,#1015,#497,.T.);
#1273=EDGE_CURVE('',#1017,#1016,#498,.T.);
#1274=EDGE_CURVE('',#1018,#1017,#499,.T.);
#1275=EDGE_CURVE('',#1018,#1003,#500,.T.);
#1276=EDGE_CURVE('',#1019,#1006,#501,.T.);
#1277=EDGE_CURVE('',#1020,#1019,#502,.T.);
#1278=EDGE_CURVE('',#1020,#1021,#503,.T.);
#1279=EDGE_CURVE('',#1022,#1021,#504,.T.);
#1280=EDGE_CURVE('',#1022,#1023,#505,.T.);
#1281=EDGE_CURVE('',#1023,#929,#506,.T.);
#1282=EDGE_CURVE('',#1024,#1025,#859,.T.);
#1283=EDGE_CURVE('',#1025,#1026,#507,.T.);
#1284=EDGE_CURVE('',#1026,#1027,#508,.T.);
#1285=EDGE_CURVE('',#1027,#1028,#509,.F.);
#1286=EDGE_CURVE('',#1024,#1028,#510,.T.);
#1287=EDGE_CURVE('',#1029,#1024,#31,.T.);
#1288=EDGE_CURVE('',#1030,#1029,#70,.T.);
#1289=EDGE_CURVE('',#1030,#1031,#32,.F.);
#1290=EDGE_CURVE('',#1031,#1032,#46,.T.);
#1291=EDGE_CURVE('',#1032,#1033,#33,.F.);
#1292=EDGE_CURVE('',#1034,#1033,#71,.T.);
#1293=EDGE_CURVE('',#1035,#1034,#34,.T.);
#1294=EDGE_CURVE('',#1025,#1035,#72,.T.);
#1295=EDGE_CURVE('',#1036,#1037,#860,.T.);
#1296=EDGE_CURVE('',#1038,#1037,#511,.T.);
#1297=EDGE_CURVE('',#1038,#1039,#512,.F.);
#1298=EDGE_CURVE('',#1039,#1040,#513,.T.);
#1299=EDGE_CURVE('',#1036,#1040,#514,.T.);
#1300=EDGE_CURVE('',#1041,#1036,#73,.T.);
#1301=EDGE_CURVE('',#1042,#1041,#35,.T.);
#1302=EDGE_CURVE('',#1043,#1042,#74,.T.);
#1303=EDGE_CURVE('',#1043,#1044,#36,.F.);
#1304=EDGE_CURVE('',#1044,#1045,#47,.T.);
#1305=EDGE_CURVE('',#1045,#1046,#37,.F.);
#1306=EDGE_CURVE('',#1047,#1046,#75,.T.);
#1307=EDGE_CURVE('',#1037,#1047,#38,.T.);
#1308=EDGE_CURVE('',#1015,#1043,#861,.T.);
#1309=EDGE_CURVE('',#1042,#1048,#862,.T.);
#1310=EDGE_CURVE('',#1048,#1049,#515,.T.);
#1311=EDGE_CURVE('',#1016,#1049,#863,.T.);
#1312=EDGE_CURVE('',#1033,#972,#864,.T.);
#1313=EDGE_CURVE('',#1050,#971,#865,.T.);
#1314=EDGE_CURVE('',#1051,#1050,#516,.T.);
#1315=EDGE_CURVE('',#1051,#1034,#866,.T.);
#1316=EDGE_CURVE('',#975,#1030,#867,.T.);
#1317=EDGE_CURVE('',#1029,#976,#868,.T.);
#1318=EDGE_CURVE('',#973,#1032,#517,.T.);
#1319=EDGE_CURVE('',#1031,#974,#518,.T.);
#1320=EDGE_CURVE('',#959,#1052,#519,.T.);
#1321=EDGE_CURVE('',#1052,#1053,#520,.T.);
#1322=EDGE_CURVE('',#1053,#1054,#521,.T.);
#1323=EDGE_CURVE('',#1054,#1055,#522,.T.);
#1324=EDGE_CURVE('',#1056,#1055,#523,.T.);
#1325=EDGE_CURVE('',#1057,#1056,#524,.T.);
#1326=EDGE_CURVE('',#1057,#960,#525,.T.);
#1327=EDGE_CURVE('',#1046,#1012,#869,.T.);
#1328=EDGE_CURVE('',#1045,#1013,#526,.T.);
#1329=EDGE_CURVE('',#1014,#1044,#527,.T.);
#1330=EDGE_CURVE('',#1011,#1047,#870,.T.);
#1331=EDGE_CURVE('',#1058,#1059,#528,.F.);
#1332=EDGE_CURVE('',#1060,#1058,#871,.F.);
#1333=EDGE_CURVE('',#1061,#1060,#39,.F.);
#1334=EDGE_CURVE('',#1059,#1061,#529,.T.);
#1335=EDGE_CURVE('',#1062,#1063,#530,.F.);
#1336=EDGE_CURVE('',#1064,#1062,#531,.T.);
#1337=EDGE_CURVE('',#1065,#1064,#40,.F.);
#1338=EDGE_CURVE('',#1063,#1065,#872,.F.);
#1339=EDGE_CURVE('',#1066,#1058,#532,.T.);
#1340=EDGE_CURVE('',#1066,#1067,#873,.T.);
#1341=EDGE_CURVE('',#1067,#1060,#76,.T.);
#1342=EDGE_CURVE('',#1065,#1068,#77,.T.);
#1343=EDGE_CURVE('',#1068,#1069,#874,.T.);
#1344=EDGE_CURVE('',#1063,#1069,#533,.T.);
#1345=EDGE_CURVE('',#1064,#1061,#48,.T.);
#1346=EDGE_CURVE('',#1070,#1067,#78,.T.);
#1347=EDGE_CURVE('',#1071,#1070,#79,.T.);
#1348=EDGE_CURVE('',#1068,#1071,#80,.T.);
#1349=EDGE_CURVE('',#1072,#1072,#49,.T.);
#1350=EDGE_CURVE('',#1072,#1073,#534,.T.);
#1351=EDGE_CURVE('',#1073,#1073,#50,.T.);
#1352=EDGE_CURVE('',#1074,#1074,#51,.T.);
#1353=EDGE_CURVE('',#1075,#1075,#52,.T.);
#1354=EDGE_CURVE('',#1075,#1076,#535,.T.);
#1355=EDGE_CURVE('',#1076,#1076,#53,.T.);
#1356=EDGE_CURVE('',#1077,#1077,#54,.T.);
#1357=EDGE_CURVE('',#1078,#1078,#55,.T.);
#1358=EDGE_CURVE('',#1078,#1079,#536,.T.);
#1359=EDGE_CURVE('',#1079,#1079,#56,.T.);
#1360=EDGE_CURVE('',#1080,#1080,#57,.T.);
#1361=EDGE_CURVE('',#1081,#1082,#81,.F.);
#1362=EDGE_CURVE('',#1082,#1081,#82,.F.);
#1363=EDGE_CURVE('',#1048,#1051,#537,.T.);
#1364=EDGE_CURVE('',#1041,#1083,#875,.T.);
#1365=EDGE_CURVE('',#1083,#1084,#538,.T.);
#1366=EDGE_CURVE('',#1084,#1035,#876,.T.);
#1367=EDGE_CURVE('',#1085,#1086,#83,.F.);
#1368=EDGE_CURVE('',#1086,#1085,#84,.F.);
#1369=EDGE_CURVE('',#1082,#1080,#539,.T.);
#1370=EDGE_CURVE('',#1028,#977,#540,.T.);
#1371=EDGE_CURVE('',#1086,#1077,#541,.T.);
#1372=EDGE_CURVE('',#1087,#1088,#85,.T.);
#1373=EDGE_CURVE('',#1088,#1087,#86,.T.);
#1374=EDGE_CURVE('',#1088,#1074,#542,.T.);
#1375=EDGE_CURVE('',#1059,#1062,#543,.T.);
#1376=EDGE_CURVE('',#1089,#1066,#877,.T.);
#1377=EDGE_CURVE('',#1090,#1089,#87,.T.);
#1378=EDGE_CURVE('',#1070,#1090,#878,.T.);
#1379=EDGE_CURVE('',#1091,#968,#879,.T.);
#1380=EDGE_CURVE('',#1004,#1091,#544,.T.);
#1381=EDGE_CURVE('',#1018,#1092,#545,.T.);
#1382=EDGE_CURVE('',#1092,#1093,#546,.T.);
#1383=EDGE_CURVE('',#1093,#1094,#880,.T.);
#1384=EDGE_CURVE('',#1094,#1095,#547,.T.);
#1385=EDGE_CURVE('',#1095,#1096,#881,.T.);
#1386=EDGE_CURVE('',#1096,#1097,#548,.T.);
#1387=EDGE_CURVE('',#1097,#969,#549,.T.);
#1388=EDGE_CURVE('',#1098,#1017,#550,.T.);
#1389=EDGE_CURVE('',#1092,#1098,#551,.T.);
#1390=EDGE_CURVE('',#1099,#1097,#552,.T.);
#1391=EDGE_CURVE('',#970,#1099,#553,.T.);
#1392=EDGE_CURVE('',#1096,#1100,#554,.T.);
#1393=EDGE_CURVE('',#1100,#1099,#555,.T.);
#1394=EDGE_CURVE('',#1098,#1101,#556,.T.);
#1395=EDGE_CURVE('',#1093,#1101,#557,.T.);
#1396=EDGE_CURVE('',#1102,#1100,#882,.T.);
#1397=EDGE_CURVE('',#1103,#1102,#558,.T.);
#1398=EDGE_CURVE('',#1101,#1103,#883,.T.);
#1399=EDGE_CURVE('',#1049,#1050,#559,.T.);
#1400=EDGE_CURVE('',#1103,#1094,#560,.T.);
#1401=EDGE_CURVE('',#1102,#1095,#561,.T.);
#1402=EDGE_CURVE('',#1104,#1054,#884,.T.);
#1403=EDGE_CURVE('',#1105,#1104,#562,.T.);
#1404=EDGE_CURVE('',#1021,#1105,#885,.T.);
#1405=EDGE_CURVE('',#1020,#1106,#563,.T.);
#1406=EDGE_CURVE('',#1106,#1107,#564,.T.);
#1407=EDGE_CURVE('',#1107,#1108,#886,.T.);
#1408=EDGE_CURVE('',#1108,#1109,#565,.T.);
#1409=EDGE_CURVE('',#1109,#1110,#887,.T.);
#1410=EDGE_CURVE('',#1110,#1111,#566,.T.);
#1411=EDGE_CURVE('',#1111,#1055,#567,.T.);
#1412=EDGE_CURVE('',#1112,#1019,#568,.T.);
#1413=EDGE_CURVE('',#1106,#1112,#569,.T.);
#1414=EDGE_CURVE('',#1113,#1111,#570,.T.);
#1415=EDGE_CURVE('',#1056,#1113,#571,.T.);
#1416=EDGE_CURVE('',#1112,#1114,#572,.T.);
#1417=EDGE_CURVE('',#1107,#1114,#573,.T.);
#1418=EDGE_CURVE('',#1110,#1115,#574,.T.);
#1419=EDGE_CURVE('',#1115,#1113,#575,.T.);
#1420=EDGE_CURVE('',#1116,#1115,#888,.T.);
#1421=EDGE_CURVE('',#1117,#1116,#576,.T.);
#1422=EDGE_CURVE('',#1114,#1117,#889,.T.);
#1423=EDGE_CURVE('',#1005,#1118,#577,.T.);
#1424=EDGE_CURVE('',#1118,#1057,#890,.T.);
#1425=EDGE_CURVE('',#1117,#1108,#578,.T.);
#1426=EDGE_CURVE('',#1116,#1109,#579,.T.);
#1427=EDGE_CURVE('',#1008,#1119,#891,.T.);
#1428=EDGE_CURVE('',#1119,#1120,#580,.T.);
#1429=EDGE_CURVE('',#1120,#979,#892,.T.);
#1430=EDGE_CURVE('',#978,#1027,#581,.F.);
#1431=EDGE_CURVE('',#1121,#1026,#893,.T.);
#1432=EDGE_CURVE('',#1122,#1121,#582,.T.);
#1433=EDGE_CURVE('',#1040,#1122,#894,.T.);
#1434=EDGE_CURVE('',#1039,#1009,#583,.F.);
#1435=EDGE_CURVE('',#1010,#1038,#584,.T.);
#1436=EDGE_CURVE('',#1122,#1083,#585,.T.);
#1437=EDGE_CURVE('',#1121,#1084,#586,.T.);
#1438=EDGE_CURVE('',#980,#1123,#895,.T.);
#1439=EDGE_CURVE('',#1123,#1120,#587,.T.);
#1440=EDGE_CURVE('',#1124,#1007,#896,.T.);
#1441=EDGE_CURVE('',#1124,#1119,#588,.T.);
#1442=EDGE_CURVE('',#1123,#1124,#589,.T.);
#1443=EDGE_CURVE('',#995,#1125,#590,.T.);
#1444=EDGE_CURVE('',#1125,#1126,#897,.T.);
#1445=EDGE_CURVE('',#1126,#1127,#591,.T.);
#1446=EDGE_CURVE('',#1127,#1128,#898,.T.);
#1447=EDGE_CURVE('',#1128,#989,#592,.T.);
#1448=EDGE_CURVE('',#992,#987,#593,.T.);
#1449=EDGE_CURVE('',#990,#1129,#594,.T.);
#1450=EDGE_CURVE('',#1129,#1130,#899,.T.);
#1451=EDGE_CURVE('',#1131,#1130,#900,.T.);
#1452=EDGE_CURVE('',#991,#1131,#595,.T.);
#1453=EDGE_CURVE('',#1128,#1129,#596,.T.);
#1454=EDGE_CURVE('',#1132,#994,#597,.T.);
#1455=EDGE_CURVE('',#1125,#1132,#598,.T.);
#1456=EDGE_CURVE('',#1131,#961,#58,.T.);
#1457=EDGE_CURVE('',#1133,#1134,#88,.T.);
#1458=EDGE_CURVE('',#1133,#1135,#901,.T.);
#1459=EDGE_CURVE('',#1135,#987,#59,.T.);
#1460=EDGE_CURVE('',#1136,#986,#60,.T.);
#1461=EDGE_CURVE('',#1134,#1136,#89,.T.);
#1462=EDGE_CURVE('',#1137,#1138,#90,.T.);
#1463=EDGE_CURVE('',#1137,#962,#61,.T.);
#1464=EDGE_CURVE('',#1138,#1130,#91,.T.);
#1465=EDGE_CURVE('',#1136,#1137,#599,.T.);
#1466=EDGE_CURVE('',#1138,#1127,#600,.T.);
#1467=EDGE_CURVE('',#1134,#1126,#601,.T.);
#1468=EDGE_CURVE('',#1135,#993,#602,.T.);
#1469=EDGE_CURVE('',#1133,#1132,#902,.T.);
#1470=EDGE_CURVE('',#986,#962,#603,.T.);
#1471=EDGE_CURVE('',#956,#1139,#604,.T.);
#1472=EDGE_CURVE('',#1140,#1139,#903,.T.);
#1473=EDGE_CURVE('',#1140,#1141,#605,.T.);
#1474=EDGE_CURVE('',#988,#1141,#904,.T.);
#1475=EDGE_CURVE('',#1001,#1142,#905,.F.);
#1476=EDGE_CURVE('',#1142,#1143,#606,.F.);
#1477=EDGE_CURVE('',#1143,#1144,#906,.F.);
#1478=EDGE_CURVE('',#1144,#957,#607,.F.);
#1479=EDGE_CURVE('',#958,#1145,#608,.T.);
#1480=EDGE_CURVE('',#1145,#1146,#907,.T.);
#1481=EDGE_CURVE('',#1146,#1147,#609,.T.);
#1482=EDGE_CURVE('',#1147,#1000,#908,.T.);
#1483=EDGE_CURVE('',#1148,#1023,#909,.T.);
#1484=EDGE_CURVE('',#1149,#1148,#610,.T.);
#1485=EDGE_CURVE('',#1052,#1149,#910,.T.);
#1486=EDGE_CURVE('',#1091,#1118,#611,.T.);
#1487=EDGE_CURVE('',#1146,#1143,#612,.T.);
#1488=EDGE_CURVE('',#1142,#1147,#613,.T.);
#1489=EDGE_CURVE('',#1144,#1145,#614,.T.);
#1490=EDGE_CURVE('',#1141,#1150,#615,.T.);
#1491=EDGE_CURVE('',#1151,#1150,#911,.T.);
#1492=EDGE_CURVE('',#984,#1151,#912,.T.);
#1493=EDGE_CURVE('',#1152,#1140,#616,.T.);
#1494=EDGE_CURVE('',#1150,#1152,#617,.T.);
#1495=EDGE_CURVE('',#1139,#964,#618,.T.);
#1496=EDGE_CURVE('',#1153,#964,#913,.T.);
#1497=EDGE_CURVE('',#1152,#1153,#914,.T.);
#1498=EDGE_CURVE('',#1069,#1149,#619,.T.);
#1499=EDGE_CURVE('',#1069,#1154,#915,.T.);
#1500=EDGE_CURVE('',#1154,#1053,#916,.T.);
#1501=EDGE_CURVE('',#1148,#1066,#620,.T.);
#1502=EDGE_CURVE('',#1022,#1089,#917,.T.);
#1503=EDGE_CURVE('',#1155,#985,#918,.T.);
#1504=EDGE_CURVE('',#1156,#1155,#621,.T.);
#1505=EDGE_CURVE('',#963,#1156,#919,.T.);
#1506=EDGE_CURVE('',#1104,#1157,#622,.T.);
#1507=EDGE_CURVE('',#1157,#1158,#920,.T.);
#1508=EDGE_CURVE('',#1158,#1090,#623,.T.);
#1509=EDGE_CURVE('',#1090,#1159,#921,.T.);
#1510=EDGE_CURVE('',#1105,#1159,#624,.T.);
#1511=EDGE_CURVE('',#1053,#1157,#62,.T.);
#1512=EDGE_CURVE('',#1159,#1022,#63,.T.);
#1513=EDGE_CURVE('',#1154,#1158,#92,.T.);
#1514=EDGE_CURVE('',#1158,#1071,#922,.T.);
#1515=EDGE_CURVE('',#1155,#1151,#64,.T.);
#1516=EDGE_CURVE('',#1150,#1155,#923,.T.);
#1517=EDGE_CURVE('',#1153,#1156,#65,.T.);
#1518=EDGE_CURVE('',#1156,#1152,#924,.T.);
#1519=ORIENTED_EDGE('',*,*,#1160,.F.);
#1520=ORIENTED_EDGE('',*,*,#1161,.T.);
#1521=ORIENTED_EDGE('',*,*,#1162,.F.);
#1522=ORIENTED_EDGE('',*,*,#1163,.F.);
#1523=ORIENTED_EDGE('',*,*,#1164,.F.);
#1524=ORIENTED_EDGE('',*,*,#1165,.F.);
#1525=ORIENTED_EDGE('',*,*,#1166,.F.);
#1526=ORIENTED_EDGE('',*,*,#1167,.F.);
#1527=ORIENTED_EDGE('',*,*,#1168,.F.);
#1528=ORIENTED_EDGE('',*,*,#1169,.F.);
#1529=ORIENTED_EDGE('',*,*,#1170,.F.);
#1530=ORIENTED_EDGE('',*,*,#1171,.T.);
#1531=ORIENTED_EDGE('',*,*,#1172,.F.);
#1532=ORIENTED_EDGE('',*,*,#1173,.T.);
#1533=ORIENTED_EDGE('',*,*,#1174,.F.);
#1534=ORIENTED_EDGE('',*,*,#1175,.F.);
#1535=ORIENTED_EDGE('',*,*,#1176,.F.);
#1536=ORIENTED_EDGE('',*,*,#1177,.F.);
#1537=ORIENTED_EDGE('',*,*,#1171,.F.);
#1538=ORIENTED_EDGE('',*,*,#1178,.F.);
#1539=ORIENTED_EDGE('',*,*,#1179,.F.);
#1540=ORIENTED_EDGE('',*,*,#1180,.F.);
#1541=ORIENTED_EDGE('',*,*,#1181,.F.);
#1542=ORIENTED_EDGE('',*,*,#1182,.T.);
#1543=ORIENTED_EDGE('',*,*,#1183,.F.);
#1544=ORIENTED_EDGE('',*,*,#1184,.T.);
#1545=ORIENTED_EDGE('',*,*,#1185,.F.);
#1546=ORIENTED_EDGE('',*,*,#1186,.F.);
#1547=ORIENTED_EDGE('',*,*,#1187,.F.);
#1548=ORIENTED_EDGE('',*,*,#1188,.F.);
#1549=ORIENTED_EDGE('',*,*,#1173,.F.);
#1550=ORIENTED_EDGE('',*,*,#1189,.F.);
#1551=ORIENTED_EDGE('',*,*,#1190,.F.);
#1552=ORIENTED_EDGE('',*,*,#1182,.F.);
#1553=ORIENTED_EDGE('',*,*,#1191,.F.);
#1554=ORIENTED_EDGE('',*,*,#1161,.F.);
#1555=ORIENTED_EDGE('',*,*,#1192,.F.);
#1556=ORIENTED_EDGE('',*,*,#1193,.F.);
#1557=ORIENTED_EDGE('',*,*,#1194,.F.);
#1558=ORIENTED_EDGE('',*,*,#1184,.F.);
#1559=ORIENTED_EDGE('',*,*,#1195,.F.);
#1560=ORIENTED_EDGE('',*,*,#1196,.F.);
#1561=ORIENTED_EDGE('',*,*,#1197,.F.);
#1562=ORIENTED_EDGE('',*,*,#1198,.F.);
#1563=ORIENTED_EDGE('',*,*,#1199,.F.);
#1564=ORIENTED_EDGE('',*,*,#1200,.F.);
#1565=ORIENTED_EDGE('',*,*,#1201,.F.);
#1566=ORIENTED_EDGE('',*,*,#1193,.T.);
#1567=ORIENTED_EDGE('',*,*,#1195,.T.);
#1568=ORIENTED_EDGE('',*,*,#1192,.T.);
#1569=ORIENTED_EDGE('',*,*,#1183,.T.);
#1570=ORIENTED_EDGE('',*,*,#1202,.T.);
#1571=ORIENTED_EDGE('',*,*,#1203,.F.);
#1572=ORIENTED_EDGE('',*,*,#1204,.T.);
#1573=ORIENTED_EDGE('',*,*,#1205,.F.);
#1574=ORIENTED_EDGE('',*,*,#1206,.T.);
#1575=ORIENTED_EDGE('',*,*,#1189,.T.);
#1576=ORIENTED_EDGE('',*,*,#1172,.T.);
#1577=ORIENTED_EDGE('',*,*,#1207,.F.);
#1578=ORIENTED_EDGE('',*,*,#1208,.F.);
#1579=ORIENTED_EDGE('',*,*,#1202,.F.);
#1580=ORIENTED_EDGE('',*,*,#1174,.T.);
#1581=ORIENTED_EDGE('',*,*,#1188,.T.);
#1582=ORIENTED_EDGE('',*,*,#1209,.F.);
#1583=ORIENTED_EDGE('',*,*,#1210,.T.);
#1584=ORIENTED_EDGE('',*,*,#1211,.F.);
#1585=ORIENTED_EDGE('',*,*,#1186,.T.);
#1586=ORIENTED_EDGE('',*,*,#1212,.T.);
#1587=ORIENTED_EDGE('',*,*,#1213,.T.);
#1588=ORIENTED_EDGE('',*,*,#1214,.F.);
#1589=ORIENTED_EDGE('',*,*,#1215,.F.);
#1590=ORIENTED_EDGE('',*,*,#1216,.T.);
#1591=ORIENTED_EDGE('',*,*,#1217,.T.);
#1592=ORIENTED_EDGE('',*,*,#1218,.T.);
#1593=ORIENTED_EDGE('',*,*,#1219,.T.);
#1594=ORIENTED_EDGE('',*,*,#1220,.T.);
#1595=ORIENTED_EDGE('',*,*,#1221,.T.);
#1596=ORIENTED_EDGE('',*,*,#1222,.F.);
#1597=ORIENTED_EDGE('',*,*,#1223,.F.);
#1598=ORIENTED_EDGE('',*,*,#1224,.T.);
#1599=ORIENTED_EDGE('',*,*,#1225,.F.);
#1600=ORIENTED_EDGE('',*,*,#1226,.F.);
#1601=ORIENTED_EDGE('',*,*,#1227,.F.);
#1602=ORIENTED_EDGE('',*,*,#1228,.T.);
#1603=ORIENTED_EDGE('',*,*,#1176,.T.);
#1604=ORIENTED_EDGE('',*,*,#1190,.T.);
#1605=ORIENTED_EDGE('',*,*,#1160,.T.);
#1606=ORIENTED_EDGE('',*,*,#1229,.F.);
#1607=ORIENTED_EDGE('',*,*,#1230,.F.);
#1608=ORIENTED_EDGE('',*,*,#1231,.F.);
#1609=ORIENTED_EDGE('',*,*,#1232,.F.);
#1610=ORIENTED_EDGE('',*,*,#1233,.F.);
#1611=ORIENTED_EDGE('',*,*,#1167,.T.);
#1612=ORIENTED_EDGE('',*,*,#1234,.T.);
#1613=ORIENTED_EDGE('',*,*,#1235,.F.);
#1614=ORIENTED_EDGE('',*,*,#1229,.T.);
#1615=ORIENTED_EDGE('',*,*,#1175,.T.);
#1616=ORIENTED_EDGE('',*,*,#1211,.T.);
#1617=ORIENTED_EDGE('',*,*,#1236,.F.);
#1618=ORIENTED_EDGE('',*,*,#1226,.T.);
#1619=ORIENTED_EDGE('',*,*,#1237,.F.);
#1620=ORIENTED_EDGE('',*,*,#1238,.T.);
#1621=ORIENTED_EDGE('',*,*,#1239,.T.);
#1622=ORIENTED_EDGE('',*,*,#1240,.F.);
#1623=ORIENTED_EDGE('',*,*,#1207,.T.);
#1624=ORIENTED_EDGE('',*,*,#1169,.T.);
#1625=ORIENTED_EDGE('',*,*,#1241,.F.);
#1626=ORIENTED_EDGE('',*,*,#1242,.F.);
#1627=ORIENTED_EDGE('',*,*,#1243,.T.);
#1628=ORIENTED_EDGE('',*,*,#1244,.T.);
#1629=ORIENTED_EDGE('',*,*,#1245,.F.);
#1630=ORIENTED_EDGE('',*,*,#1246,.T.);
#1631=ORIENTED_EDGE('',*,*,#1247,.F.);
#1632=ORIENTED_EDGE('',*,*,#1248,.T.);
#1633=ORIENTED_EDGE('',*,*,#1170,.T.);
#1634=ORIENTED_EDGE('',*,*,#1248,.F.);
#1635=ORIENTED_EDGE('',*,*,#1249,.F.);
#1636=ORIENTED_EDGE('',*,*,#1250,.F.);
#1637=ORIENTED_EDGE('',*,*,#1178,.T.);
#1638=ORIENTED_EDGE('',*,*,#1165,.T.);
#1639=ORIENTED_EDGE('',*,*,#1251,.F.);
#1640=ORIENTED_EDGE('',*,*,#1252,.T.);
#1641=ORIENTED_EDGE('',*,*,#1253,.F.);
#1642=ORIENTED_EDGE('',*,*,#1187,.T.);
#1643=ORIENTED_EDGE('',*,*,#1228,.F.);
#1644=ORIENTED_EDGE('',*,*,#1254,.F.);
#1645=ORIENTED_EDGE('',*,*,#1209,.T.);
#1646=ORIENTED_EDGE('',*,*,#1179,.T.);
#1647=ORIENTED_EDGE('',*,*,#1250,.T.);
#1648=ORIENTED_EDGE('',*,*,#1255,.T.);
#1649=ORIENTED_EDGE('',*,*,#1256,.F.);
#1650=ORIENTED_EDGE('',*,*,#1162,.T.);
#1651=ORIENTED_EDGE('',*,*,#1191,.T.);
#1652=ORIENTED_EDGE('',*,*,#1181,.T.);
#1653=ORIENTED_EDGE('',*,*,#1257,.T.);
#1654=ORIENTED_EDGE('',*,*,#1258,.T.);
#1655=ORIENTED_EDGE('',*,*,#1259,.T.);
#1656=ORIENTED_EDGE('',*,*,#1260,.F.);
#1657=ORIENTED_EDGE('',*,*,#1261,.T.);
#1658=ORIENTED_EDGE('',*,*,#1180,.T.);
#1659=ORIENTED_EDGE('',*,*,#1256,.T.);
#1660=ORIENTED_EDGE('',*,*,#1262,.F.);
#1661=ORIENTED_EDGE('',*,*,#1246,.F.);
#1662=ORIENTED_EDGE('',*,*,#1263,.F.);
#1663=ORIENTED_EDGE('',*,*,#1264,.F.);
#1664=ORIENTED_EDGE('',*,*,#1265,.F.);
#1665=ORIENTED_EDGE('',*,*,#1266,.F.);
#1666=ORIENTED_EDGE('',*,*,#1267,.T.);
#1667=ORIENTED_EDGE('',*,*,#1268,.F.);
#1668=ORIENTED_EDGE('',*,*,#1269,.T.);
#1669=ORIENTED_EDGE('',*,*,#1270,.T.);
#1670=ORIENTED_EDGE('',*,*,#1271,.T.);
#1671=ORIENTED_EDGE('',*,*,#1272,.F.);
#1672=ORIENTED_EDGE('',*,*,#1273,.F.);
#1673=ORIENTED_EDGE('',*,*,#1274,.F.);
#1674=ORIENTED_EDGE('',*,*,#1275,.T.);
#1675=ORIENTED_EDGE('',*,*,#1257,.F.);
#1676=ORIENTED_EDGE('',*,*,#1163,.T.);
#1677=ORIENTED_EDGE('',*,*,#1261,.F.);
#1678=ORIENTED_EDGE('',*,*,#1276,.F.);
#1679=ORIENTED_EDGE('',*,*,#1277,.F.);
#1680=ORIENTED_EDGE('',*,*,#1278,.T.);
#1681=ORIENTED_EDGE('',*,*,#1279,.F.);
#1682=ORIENTED_EDGE('',*,*,#1280,.T.);
#1683=ORIENTED_EDGE('',*,*,#1281,.T.);
#1684=ORIENTED_EDGE('',*,*,#1282,.T.);
#1685=ORIENTED_EDGE('',*,*,#1283,.T.);
#1686=ORIENTED_EDGE('',*,*,#1284,.T.);
#1687=ORIENTED_EDGE('',*,*,#1285,.T.);
#1688=ORIENTED_EDGE('',*,*,#1286,.F.);
#1689=ORIENTED_EDGE('',*,*,#1282,.F.);
#1690=ORIENTED_EDGE('',*,*,#1287,.F.);
#1691=ORIENTED_EDGE('',*,*,#1288,.F.);
#1692=ORIENTED_EDGE('',*,*,#1289,.T.);
#1693=ORIENTED_EDGE('',*,*,#1290,.T.);
#1694=ORIENTED_EDGE('',*,*,#1291,.T.);
#1695=ORIENTED_EDGE('',*,*,#1292,.F.);
#1696=ORIENTED_EDGE('',*,*,#1293,.F.);
#1697=ORIENTED_EDGE('',*,*,#1294,.F.);
#1698=ORIENTED_EDGE('',*,*,#1295,.T.);
#1699=ORIENTED_EDGE('',*,*,#1296,.F.);
#1700=ORIENTED_EDGE('',*,*,#1297,.T.);
#1701=ORIENTED_EDGE('',*,*,#1298,.T.);
#1702=ORIENTED_EDGE('',*,*,#1299,.F.);
#1703=ORIENTED_EDGE('',*,*,#1295,.F.);
#1704=ORIENTED_EDGE('',*,*,#1300,.F.);
#1705=ORIENTED_EDGE('',*,*,#1301,.F.);
#1706=ORIENTED_EDGE('',*,*,#1302,.F.);
#1707=ORIENTED_EDGE('',*,*,#1303,.T.);
#1708=ORIENTED_EDGE('',*,*,#1304,.T.);
#1709=ORIENTED_EDGE('',*,*,#1305,.T.);
#1710=ORIENTED_EDGE('',*,*,#1306,.F.);
#1711=ORIENTED_EDGE('',*,*,#1307,.F.);
#1712=ORIENTED_EDGE('',*,*,#1308,.T.);
#1713=ORIENTED_EDGE('',*,*,#1302,.T.);
#1714=ORIENTED_EDGE('',*,*,#1309,.T.);
#1715=ORIENTED_EDGE('',*,*,#1310,.T.);
#1716=ORIENTED_EDGE('',*,*,#1311,.F.);
#1717=ORIENTED_EDGE('',*,*,#1272,.T.);
#1718=ORIENTED_EDGE('',*,*,#1312,.T.);
#1719=ORIENTED_EDGE('',*,*,#1216,.F.);
#1720=ORIENTED_EDGE('',*,*,#1313,.F.);
#1721=ORIENTED_EDGE('',*,*,#1314,.F.);
#1722=ORIENTED_EDGE('',*,*,#1315,.T.);
#1723=ORIENTED_EDGE('',*,*,#1292,.T.);
#1724=ORIENTED_EDGE('',*,*,#1316,.T.);
#1725=ORIENTED_EDGE('',*,*,#1288,.T.);
#1726=ORIENTED_EDGE('',*,*,#1317,.T.);
#1727=ORIENTED_EDGE('',*,*,#1220,.F.);
#1728=ORIENTED_EDGE('',*,*,#1217,.F.);
#1729=ORIENTED_EDGE('',*,*,#1312,.F.);
#1730=ORIENTED_EDGE('',*,*,#1291,.F.);
#1731=ORIENTED_EDGE('',*,*,#1318,.F.);
#1732=ORIENTED_EDGE('',*,*,#1219,.F.);
#1733=ORIENTED_EDGE('',*,*,#1319,.F.);
#1734=ORIENTED_EDGE('',*,*,#1289,.F.);
#1735=ORIENTED_EDGE('',*,*,#1316,.F.);
#1736=ORIENTED_EDGE('',*,*,#1200,.T.);
#1737=ORIENTED_EDGE('',*,*,#1320,.T.);
#1738=ORIENTED_EDGE('',*,*,#1321,.T.);
#1739=ORIENTED_EDGE('',*,*,#1322,.T.);
#1740=ORIENTED_EDGE('',*,*,#1323,.T.);
#1741=ORIENTED_EDGE('',*,*,#1324,.F.);
#1742=ORIENTED_EDGE('',*,*,#1325,.F.);
#1743=ORIENTED_EDGE('',*,*,#1326,.T.);
#1744=ORIENTED_EDGE('',*,*,#1269,.F.);
#1745=ORIENTED_EDGE('',*,*,#1327,.F.);
#1746=ORIENTED_EDGE('',*,*,#1305,.F.);
#1747=ORIENTED_EDGE('',*,*,#1328,.T.);
#1748=ORIENTED_EDGE('',*,*,#1271,.F.);
#1749=ORIENTED_EDGE('',*,*,#1329,.T.);
#1750=ORIENTED_EDGE('',*,*,#1303,.F.);
#1751=ORIENTED_EDGE('',*,*,#1308,.F.);
#1752=ORIENTED_EDGE('',*,*,#1327,.T.);
#1753=ORIENTED_EDGE('',*,*,#1268,.T.);
#1754=ORIENTED_EDGE('',*,*,#1330,.T.);
#1755=ORIENTED_EDGE('',*,*,#1306,.T.);
#1756=ORIENTED_EDGE('',*,*,#1331,.F.);
#1757=ORIENTED_EDGE('',*,*,#1332,.F.);
#1758=ORIENTED_EDGE('',*,*,#1333,.F.);
#1759=ORIENTED_EDGE('',*,*,#1334,.F.);
#1760=ORIENTED_EDGE('',*,*,#1335,.F.);
#1761=ORIENTED_EDGE('',*,*,#1336,.F.);
#1762=ORIENTED_EDGE('',*,*,#1337,.F.);
#1763=ORIENTED_EDGE('',*,*,#1338,.F.);
#1764=ORIENTED_EDGE('',*,*,#1332,.T.);
#1765=ORIENTED_EDGE('',*,*,#1339,.F.);
#1766=ORIENTED_EDGE('',*,*,#1340,.T.);
#1767=ORIENTED_EDGE('',*,*,#1341,.T.);
#1768=ORIENTED_EDGE('',*,*,#1338,.T.);
#1769=ORIENTED_EDGE('',*,*,#1342,.T.);
#1770=ORIENTED_EDGE('',*,*,#1343,.T.);
#1771=ORIENTED_EDGE('',*,*,#1344,.F.);
#1772=ORIENTED_EDGE('',*,*,#1337,.T.);
#1773=ORIENTED_EDGE('',*,*,#1345,.T.);
#1774=ORIENTED_EDGE('',*,*,#1333,.T.);
#1775=ORIENTED_EDGE('',*,*,#1341,.F.);
#1776=ORIENTED_EDGE('',*,*,#1346,.F.);
#1777=ORIENTED_EDGE('',*,*,#1347,.F.);
#1778=ORIENTED_EDGE('',*,*,#1348,.F.);
#1779=ORIENTED_EDGE('',*,*,#1342,.F.);
#1780=ORIENTED_EDGE('',*,*,#1349,.F.);
#1781=ORIENTED_EDGE('',*,*,#1350,.T.);
#1782=ORIENTED_EDGE('',*,*,#1351,.T.);
#1783=ORIENTED_EDGE('',*,*,#1350,.F.);
#1784=ORIENTED_EDGE('',*,*,#1351,.F.);
#1785=ORIENTED_EDGE('',*,*,#1352,.F.);
#1786=ORIENTED_EDGE('',*,*,#1353,.F.);
#1787=ORIENTED_EDGE('',*,*,#1354,.T.);
#1788=ORIENTED_EDGE('',*,*,#1355,.T.);
#1789=ORIENTED_EDGE('',*,*,#1354,.F.);
#1790=ORIENTED_EDGE('',*,*,#1355,.F.);
#1791=ORIENTED_EDGE('',*,*,#1356,.F.);
#1792=ORIENTED_EDGE('',*,*,#1357,.F.);
#1793=ORIENTED_EDGE('',*,*,#1358,.T.);
#1794=ORIENTED_EDGE('',*,*,#1359,.T.);
#1795=ORIENTED_EDGE('',*,*,#1358,.F.);
#1796=ORIENTED_EDGE('',*,*,#1359,.F.);
#1797=ORIENTED_EDGE('',*,*,#1360,.F.);
#1798=ORIENTED_EDGE('',*,*,#1361,.T.);
#1799=ORIENTED_EDGE('',*,*,#1362,.T.);
#1800=ORIENTED_EDGE('',*,*,#1293,.T.);
#1801=ORIENTED_EDGE('',*,*,#1315,.F.);
#1802=ORIENTED_EDGE('',*,*,#1363,.F.);
#1803=ORIENTED_EDGE('',*,*,#1309,.F.);
#1804=ORIENTED_EDGE('',*,*,#1301,.T.);
#1805=ORIENTED_EDGE('',*,*,#1364,.T.);
#1806=ORIENTED_EDGE('',*,*,#1365,.T.);
#1807=ORIENTED_EDGE('',*,*,#1366,.T.);
#1808=ORIENTED_EDGE('',*,*,#1367,.T.);
#1809=ORIENTED_EDGE('',*,*,#1368,.T.);
#1810=ORIENTED_EDGE('',*,*,#1361,.F.);
#1811=ORIENTED_EDGE('',*,*,#1362,.F.);
#1812=ORIENTED_EDGE('',*,*,#1369,.T.);
#1813=ORIENTED_EDGE('',*,*,#1360,.T.);
#1814=ORIENTED_EDGE('',*,*,#1369,.F.);
#1815=ORIENTED_EDGE('',*,*,#1290,.F.);
#1816=ORIENTED_EDGE('',*,*,#1319,.T.);
#1817=ORIENTED_EDGE('',*,*,#1218,.F.);
#1818=ORIENTED_EDGE('',*,*,#1318,.T.);
#1819=ORIENTED_EDGE('',*,*,#1357,.T.);
#1820=ORIENTED_EDGE('',*,*,#1287,.T.);
#1821=ORIENTED_EDGE('',*,*,#1286,.T.);
#1822=ORIENTED_EDGE('',*,*,#1370,.T.);
#1823=ORIENTED_EDGE('',*,*,#1221,.F.);
#1824=ORIENTED_EDGE('',*,*,#1317,.F.);
#1825=ORIENTED_EDGE('',*,*,#1367,.F.);
#1826=ORIENTED_EDGE('',*,*,#1368,.F.);
#1827=ORIENTED_EDGE('',*,*,#1371,.T.);
#1828=ORIENTED_EDGE('',*,*,#1356,.T.);
#1829=ORIENTED_EDGE('',*,*,#1371,.F.);
#1830=ORIENTED_EDGE('',*,*,#1304,.F.);
#1831=ORIENTED_EDGE('',*,*,#1329,.F.);
#1832=ORIENTED_EDGE('',*,*,#1270,.F.);
#1833=ORIENTED_EDGE('',*,*,#1328,.F.);
#1834=ORIENTED_EDGE('',*,*,#1353,.T.);
#1835=ORIENTED_EDGE('',*,*,#1372,.F.);
#1836=ORIENTED_EDGE('',*,*,#1373,.F.);
#1837=ORIENTED_EDGE('',*,*,#1374,.T.);
#1838=ORIENTED_EDGE('',*,*,#1352,.T.);
#1839=ORIENTED_EDGE('',*,*,#1374,.F.);
#1840=ORIENTED_EDGE('',*,*,#1345,.F.);
#1841=ORIENTED_EDGE('',*,*,#1336,.T.);
#1842=ORIENTED_EDGE('',*,*,#1375,.F.);
#1843=ORIENTED_EDGE('',*,*,#1334,.T.);
#1844=ORIENTED_EDGE('',*,*,#1349,.T.);
#1845=ORIENTED_EDGE('',*,*,#1346,.T.);
#1846=ORIENTED_EDGE('',*,*,#1340,.F.);
#1847=ORIENTED_EDGE('',*,*,#1376,.F.);
#1848=ORIENTED_EDGE('',*,*,#1377,.F.);
#1849=ORIENTED_EDGE('',*,*,#1378,.F.);
#1850=ORIENTED_EDGE('',*,*,#1372,.T.);
#1851=ORIENTED_EDGE('',*,*,#1373,.T.);
#1852=ORIENTED_EDGE('',*,*,#1213,.F.);
#1853=ORIENTED_EDGE('',*,*,#1379,.F.);
#1854=ORIENTED_EDGE('',*,*,#1380,.F.);
#1855=ORIENTED_EDGE('',*,*,#1258,.F.);
#1856=ORIENTED_EDGE('',*,*,#1275,.F.);
#1857=ORIENTED_EDGE('',*,*,#1381,.T.);
#1858=ORIENTED_EDGE('',*,*,#1382,.T.);
#1859=ORIENTED_EDGE('',*,*,#1383,.T.);
#1860=ORIENTED_EDGE('',*,*,#1384,.T.);
#1861=ORIENTED_EDGE('',*,*,#1385,.T.);
#1862=ORIENTED_EDGE('',*,*,#1386,.T.);
#1863=ORIENTED_EDGE('',*,*,#1387,.T.);
#1864=ORIENTED_EDGE('',*,*,#1274,.T.);
#1865=ORIENTED_EDGE('',*,*,#1388,.F.);
#1866=ORIENTED_EDGE('',*,*,#1389,.F.);
#1867=ORIENTED_EDGE('',*,*,#1381,.F.);
#1868=ORIENTED_EDGE('',*,*,#1214,.T.);
#1869=ORIENTED_EDGE('',*,*,#1387,.F.);
#1870=ORIENTED_EDGE('',*,*,#1390,.F.);
#1871=ORIENTED_EDGE('',*,*,#1391,.F.);
#1872=ORIENTED_EDGE('',*,*,#1390,.T.);
#1873=ORIENTED_EDGE('',*,*,#1386,.F.);
#1874=ORIENTED_EDGE('',*,*,#1392,.T.);
#1875=ORIENTED_EDGE('',*,*,#1393,.T.);
#1876=ORIENTED_EDGE('',*,*,#1389,.T.);
#1877=ORIENTED_EDGE('',*,*,#1394,.T.);
#1878=ORIENTED_EDGE('',*,*,#1395,.F.);
#1879=ORIENTED_EDGE('',*,*,#1382,.F.);
#1880=ORIENTED_EDGE('',*,*,#1215,.T.);
#1881=ORIENTED_EDGE('',*,*,#1391,.T.);
#1882=ORIENTED_EDGE('',*,*,#1393,.F.);
#1883=ORIENTED_EDGE('',*,*,#1396,.F.);
#1884=ORIENTED_EDGE('',*,*,#1397,.F.);
#1885=ORIENTED_EDGE('',*,*,#1398,.F.);
#1886=ORIENTED_EDGE('',*,*,#1394,.F.);
#1887=ORIENTED_EDGE('',*,*,#1388,.T.);
#1888=ORIENTED_EDGE('',*,*,#1273,.T.);
#1889=ORIENTED_EDGE('',*,*,#1311,.T.);
#1890=ORIENTED_EDGE('',*,*,#1399,.T.);
#1891=ORIENTED_EDGE('',*,*,#1313,.T.);
#1892=ORIENTED_EDGE('',*,*,#1398,.T.);
#1893=ORIENTED_EDGE('',*,*,#1400,.T.);
#1894=ORIENTED_EDGE('',*,*,#1383,.F.);
#1895=ORIENTED_EDGE('',*,*,#1395,.T.);
#1896=ORIENTED_EDGE('',*,*,#1397,.T.);
#1897=ORIENTED_EDGE('',*,*,#1401,.T.);
#1898=ORIENTED_EDGE('',*,*,#1384,.F.);
#1899=ORIENTED_EDGE('',*,*,#1400,.F.);
#1900=ORIENTED_EDGE('',*,*,#1396,.T.);
#1901=ORIENTED_EDGE('',*,*,#1392,.F.);
#1902=ORIENTED_EDGE('',*,*,#1385,.F.);
#1903=ORIENTED_EDGE('',*,*,#1401,.F.);
#1904=ORIENTED_EDGE('',*,*,#1323,.F.);
#1905=ORIENTED_EDGE('',*,*,#1402,.F.);
#1906=ORIENTED_EDGE('',*,*,#1403,.F.);
#1907=ORIENTED_EDGE('',*,*,#1404,.F.);
#1908=ORIENTED_EDGE('',*,*,#1278,.F.);
#1909=ORIENTED_EDGE('',*,*,#1405,.T.);
#1910=ORIENTED_EDGE('',*,*,#1406,.T.);
#1911=ORIENTED_EDGE('',*,*,#1407,.T.);
#1912=ORIENTED_EDGE('',*,*,#1408,.T.);
#1913=ORIENTED_EDGE('',*,*,#1409,.T.);
#1914=ORIENTED_EDGE('',*,*,#1410,.T.);
#1915=ORIENTED_EDGE('',*,*,#1411,.T.);
#1916=ORIENTED_EDGE('',*,*,#1277,.T.);
#1917=ORIENTED_EDGE('',*,*,#1412,.F.);
#1918=ORIENTED_EDGE('',*,*,#1413,.F.);
#1919=ORIENTED_EDGE('',*,*,#1405,.F.);
#1920=ORIENTED_EDGE('',*,*,#1324,.T.);
#1921=ORIENTED_EDGE('',*,*,#1411,.F.);
#1922=ORIENTED_EDGE('',*,*,#1414,.F.);
#1923=ORIENTED_EDGE('',*,*,#1415,.F.);
#1924=ORIENTED_EDGE('',*,*,#1413,.T.);
#1925=ORIENTED_EDGE('',*,*,#1416,.T.);
#1926=ORIENTED_EDGE('',*,*,#1417,.F.);
#1927=ORIENTED_EDGE('',*,*,#1406,.F.);
#1928=ORIENTED_EDGE('',*,*,#1414,.T.);
#1929=ORIENTED_EDGE('',*,*,#1410,.F.);
#1930=ORIENTED_EDGE('',*,*,#1418,.T.);
#1931=ORIENTED_EDGE('',*,*,#1419,.T.);
#1932=ORIENTED_EDGE('',*,*,#1325,.T.);
#1933=ORIENTED_EDGE('',*,*,#1415,.T.);
#1934=ORIENTED_EDGE('',*,*,#1419,.F.);
#1935=ORIENTED_EDGE('',*,*,#1420,.F.);
#1936=ORIENTED_EDGE('',*,*,#1421,.F.);
#1937=ORIENTED_EDGE('',*,*,#1422,.F.);
#1938=ORIENTED_EDGE('',*,*,#1416,.F.);
#1939=ORIENTED_EDGE('',*,*,#1412,.T.);
#1940=ORIENTED_EDGE('',*,*,#1276,.T.);
#1941=ORIENTED_EDGE('',*,*,#1260,.T.);
#1942=ORIENTED_EDGE('',*,*,#1423,.T.);
#1943=ORIENTED_EDGE('',*,*,#1424,.T.);
#1944=ORIENTED_EDGE('',*,*,#1407,.F.);
#1945=ORIENTED_EDGE('',*,*,#1417,.T.);
#1946=ORIENTED_EDGE('',*,*,#1422,.T.);
#1947=ORIENTED_EDGE('',*,*,#1425,.T.);
#1948=ORIENTED_EDGE('',*,*,#1408,.F.);
#1949=ORIENTED_EDGE('',*,*,#1425,.F.);
#1950=ORIENTED_EDGE('',*,*,#1421,.T.);
#1951=ORIENTED_EDGE('',*,*,#1426,.T.);
#1952=ORIENTED_EDGE('',*,*,#1409,.F.);
#1953=ORIENTED_EDGE('',*,*,#1426,.F.);
#1954=ORIENTED_EDGE('',*,*,#1420,.T.);
#1955=ORIENTED_EDGE('',*,*,#1418,.F.);
#1956=ORIENTED_EDGE('',*,*,#1265,.T.);
#1957=ORIENTED_EDGE('',*,*,#1427,.T.);
#1958=ORIENTED_EDGE('',*,*,#1428,.T.);
#1959=ORIENTED_EDGE('',*,*,#1429,.T.);
#1960=ORIENTED_EDGE('',*,*,#1223,.T.);
#1961=ORIENTED_EDGE('',*,*,#1430,.T.);
#1962=ORIENTED_EDGE('',*,*,#1284,.F.);
#1963=ORIENTED_EDGE('',*,*,#1431,.F.);
#1964=ORIENTED_EDGE('',*,*,#1432,.F.);
#1965=ORIENTED_EDGE('',*,*,#1433,.F.);
#1966=ORIENTED_EDGE('',*,*,#1298,.F.);
#1967=ORIENTED_EDGE('',*,*,#1434,.T.);
#1968=ORIENTED_EDGE('',*,*,#1222,.T.);
#1969=ORIENTED_EDGE('',*,*,#1370,.F.);
#1970=ORIENTED_EDGE('',*,*,#1285,.F.);
#1971=ORIENTED_EDGE('',*,*,#1430,.F.);
#1972=ORIENTED_EDGE('',*,*,#1266,.T.);
#1973=ORIENTED_EDGE('',*,*,#1434,.F.);
#1974=ORIENTED_EDGE('',*,*,#1297,.F.);
#1975=ORIENTED_EDGE('',*,*,#1435,.F.);
#1976=ORIENTED_EDGE('',*,*,#1296,.T.);
#1977=ORIENTED_EDGE('',*,*,#1307,.T.);
#1978=ORIENTED_EDGE('',*,*,#1330,.F.);
#1979=ORIENTED_EDGE('',*,*,#1267,.F.);
#1980=ORIENTED_EDGE('',*,*,#1435,.T.);
#1981=ORIENTED_EDGE('',*,*,#1300,.T.);
#1982=ORIENTED_EDGE('',*,*,#1299,.T.);
#1983=ORIENTED_EDGE('',*,*,#1433,.T.);
#1984=ORIENTED_EDGE('',*,*,#1436,.T.);
#1985=ORIENTED_EDGE('',*,*,#1364,.F.);
#1986=ORIENTED_EDGE('',*,*,#1365,.F.);
#1987=ORIENTED_EDGE('',*,*,#1436,.F.);
#1988=ORIENTED_EDGE('',*,*,#1432,.T.);
#1989=ORIENTED_EDGE('',*,*,#1437,.T.);
#1990=ORIENTED_EDGE('',*,*,#1283,.F.);
#1991=ORIENTED_EDGE('',*,*,#1294,.T.);
#1992=ORIENTED_EDGE('',*,*,#1366,.F.);
#1993=ORIENTED_EDGE('',*,*,#1437,.F.);
#1994=ORIENTED_EDGE('',*,*,#1431,.T.);
#1995=ORIENTED_EDGE('',*,*,#1210,.F.);
#1996=ORIENTED_EDGE('',*,*,#1254,.T.);
#1997=ORIENTED_EDGE('',*,*,#1227,.T.);
#1998=ORIENTED_EDGE('',*,*,#1236,.T.);
#1999=ORIENTED_EDGE('',*,*,#1363,.T.);
#2000=ORIENTED_EDGE('',*,*,#1314,.T.);
#2001=ORIENTED_EDGE('',*,*,#1399,.F.);
#2002=ORIENTED_EDGE('',*,*,#1310,.F.);
#2003=ORIENTED_EDGE('',*,*,#1438,.F.);
#2004=ORIENTED_EDGE('',*,*,#1224,.F.);
#2005=ORIENTED_EDGE('',*,*,#1429,.F.);
#2006=ORIENTED_EDGE('',*,*,#1439,.F.);
#2007=ORIENTED_EDGE('',*,*,#1440,.F.);
#2008=ORIENTED_EDGE('',*,*,#1441,.T.);
#2009=ORIENTED_EDGE('',*,*,#1427,.F.);
#2010=ORIENTED_EDGE('',*,*,#1264,.T.);
#2011=ORIENTED_EDGE('',*,*,#1442,.F.);
#2012=ORIENTED_EDGE('',*,*,#1439,.T.);
#2013=ORIENTED_EDGE('',*,*,#1428,.F.);
#2014=ORIENTED_EDGE('',*,*,#1441,.F.);
#2015=ORIENTED_EDGE('',*,*,#1225,.T.);
#2016=ORIENTED_EDGE('',*,*,#1438,.T.);
#2017=ORIENTED_EDGE('',*,*,#1442,.T.);
#2018=ORIENTED_EDGE('',*,*,#1440,.T.);
#2019=ORIENTED_EDGE('',*,*,#1263,.T.);
#2020=ORIENTED_EDGE('',*,*,#1245,.T.);
#2021=ORIENTED_EDGE('',*,*,#1443,.T.);
#2022=ORIENTED_EDGE('',*,*,#1444,.T.);
#2023=ORIENTED_EDGE('',*,*,#1445,.T.);
#2024=ORIENTED_EDGE('',*,*,#1446,.T.);
#2025=ORIENTED_EDGE('',*,*,#1447,.T.);
#2026=ORIENTED_EDGE('',*,*,#1237,.T.);
#2027=ORIENTED_EDGE('',*,*,#1177,.T.);
#2028=ORIENTED_EDGE('',*,*,#1233,.T.);
#2029=ORIENTED_EDGE('',*,*,#1448,.F.);
#2030=ORIENTED_EDGE('',*,*,#1241,.T.);
#2031=ORIENTED_EDGE('',*,*,#1168,.T.);
#2032=ORIENTED_EDGE('',*,*,#1449,.T.);
#2033=ORIENTED_EDGE('',*,*,#1450,.T.);
#2034=ORIENTED_EDGE('',*,*,#1451,.F.);
#2035=ORIENTED_EDGE('',*,*,#1452,.F.);
#2036=ORIENTED_EDGE('',*,*,#1239,.F.);
#2037=ORIENTED_EDGE('',*,*,#1447,.F.);
#2038=ORIENTED_EDGE('',*,*,#1453,.T.);
#2039=ORIENTED_EDGE('',*,*,#1449,.F.);
#2040=ORIENTED_EDGE('',*,*,#1238,.F.);
#2041=ORIENTED_EDGE('',*,*,#1454,.F.);
#2042=ORIENTED_EDGE('',*,*,#1455,.F.);
#2043=ORIENTED_EDGE('',*,*,#1443,.F.);
#2044=ORIENTED_EDGE('',*,*,#1244,.F.);
#2045=ORIENTED_EDGE('',*,*,#1452,.T.);
#2046=ORIENTED_EDGE('',*,*,#1456,.T.);
#2047=ORIENTED_EDGE('',*,*,#1208,.T.);
#2048=ORIENTED_EDGE('',*,*,#1240,.T.);
#2049=ORIENTED_EDGE('',*,*,#1457,.F.);
#2050=ORIENTED_EDGE('',*,*,#1458,.T.);
#2051=ORIENTED_EDGE('',*,*,#1459,.T.);
#2052=ORIENTED_EDGE('',*,*,#1232,.T.);
#2053=ORIENTED_EDGE('',*,*,#1460,.F.);
#2054=ORIENTED_EDGE('',*,*,#1461,.F.);
#2055=ORIENTED_EDGE('',*,*,#1462,.F.);
#2056=ORIENTED_EDGE('',*,*,#1463,.T.);
#2057=ORIENTED_EDGE('',*,*,#1203,.T.);
#2058=ORIENTED_EDGE('',*,*,#1456,.F.);
#2059=ORIENTED_EDGE('',*,*,#1451,.T.);
#2060=ORIENTED_EDGE('',*,*,#1464,.F.);
#2061=ORIENTED_EDGE('',*,*,#1461,.T.);
#2062=ORIENTED_EDGE('',*,*,#1465,.T.);
#2063=ORIENTED_EDGE('',*,*,#1462,.T.);
#2064=ORIENTED_EDGE('',*,*,#1466,.T.);
#2065=ORIENTED_EDGE('',*,*,#1445,.F.);
#2066=ORIENTED_EDGE('',*,*,#1467,.F.);
#2067=ORIENTED_EDGE('',*,*,#1468,.F.);
#2068=ORIENTED_EDGE('',*,*,#1458,.F.);
#2069=ORIENTED_EDGE('',*,*,#1469,.T.);
#2070=ORIENTED_EDGE('',*,*,#1454,.T.);
#2071=ORIENTED_EDGE('',*,*,#1243,.F.);
#2072=ORIENTED_EDGE('',*,*,#1464,.T.);
#2073=ORIENTED_EDGE('',*,*,#1450,.F.);
#2074=ORIENTED_EDGE('',*,*,#1453,.F.);
#2075=ORIENTED_EDGE('',*,*,#1446,.F.);
#2076=ORIENTED_EDGE('',*,*,#1466,.F.);
#2077=ORIENTED_EDGE('',*,*,#1465,.F.);
#2078=ORIENTED_EDGE('',*,*,#1460,.T.);
#2079=ORIENTED_EDGE('',*,*,#1470,.T.);
#2080=ORIENTED_EDGE('',*,*,#1463,.F.);
#2081=ORIENTED_EDGE('',*,*,#1448,.T.);
#2082=ORIENTED_EDGE('',*,*,#1459,.F.);
#2083=ORIENTED_EDGE('',*,*,#1468,.T.);
#2084=ORIENTED_EDGE('',*,*,#1242,.T.);
#2085=ORIENTED_EDGE('',*,*,#1457,.T.);
#2086=ORIENTED_EDGE('',*,*,#1467,.T.);
#2087=ORIENTED_EDGE('',*,*,#1444,.F.);
#2088=ORIENTED_EDGE('',*,*,#1455,.T.);
#2089=ORIENTED_EDGE('',*,*,#1469,.F.);
#2090=ORIENTED_EDGE('',*,*,#1249,.T.);
#2091=ORIENTED_EDGE('',*,*,#1247,.T.);
#2092=ORIENTED_EDGE('',*,*,#1262,.T.);
#2093=ORIENTED_EDGE('',*,*,#1255,.F.);
#2094=ORIENTED_EDGE('',*,*,#1197,.T.);
#2095=ORIENTED_EDGE('',*,*,#1471,.T.);
#2096=ORIENTED_EDGE('',*,*,#1472,.F.);
#2097=ORIENTED_EDGE('',*,*,#1473,.T.);
#2098=ORIENTED_EDGE('',*,*,#1474,.F.);
#2099=ORIENTED_EDGE('',*,*,#1234,.F.);
#2100=ORIENTED_EDGE('',*,*,#1166,.T.);
#2101=ORIENTED_EDGE('',*,*,#1253,.T.);
#2102=ORIENTED_EDGE('',*,*,#1475,.T.);
#2103=ORIENTED_EDGE('',*,*,#1476,.T.);
#2104=ORIENTED_EDGE('',*,*,#1477,.T.);
#2105=ORIENTED_EDGE('',*,*,#1478,.T.);
#2106=ORIENTED_EDGE('',*,*,#1199,.T.);
#2107=ORIENTED_EDGE('',*,*,#1479,.T.);
#2108=ORIENTED_EDGE('',*,*,#1480,.T.);
#2109=ORIENTED_EDGE('',*,*,#1481,.T.);
#2110=ORIENTED_EDGE('',*,*,#1482,.T.);
#2111=ORIENTED_EDGE('',*,*,#1251,.T.);
#2112=ORIENTED_EDGE('',*,*,#1164,.T.);
#2113=ORIENTED_EDGE('',*,*,#1281,.F.);
#2114=ORIENTED_EDGE('',*,*,#1483,.F.);
#2115=ORIENTED_EDGE('',*,*,#1484,.F.);
#2116=ORIENTED_EDGE('',*,*,#1485,.F.);
#2117=ORIENTED_EDGE('',*,*,#1320,.F.);
#2118=ORIENTED_EDGE('',*,*,#1380,.T.);
#2119=ORIENTED_EDGE('',*,*,#1486,.T.);
#2120=ORIENTED_EDGE('',*,*,#1423,.F.);
#2121=ORIENTED_EDGE('',*,*,#1259,.F.);
#2122=ORIENTED_EDGE('',*,*,#1201,.T.);
#2123=ORIENTED_EDGE('',*,*,#1326,.F.);
#2124=ORIENTED_EDGE('',*,*,#1424,.F.);
#2125=ORIENTED_EDGE('',*,*,#1486,.F.);
#2126=ORIENTED_EDGE('',*,*,#1379,.T.);
#2127=ORIENTED_EDGE('',*,*,#1212,.F.);
#2128=ORIENTED_EDGE('',*,*,#1185,.T.);
#2129=ORIENTED_EDGE('',*,*,#1194,.T.);
#2130=ORIENTED_EDGE('',*,*,#1481,.F.);
#2131=ORIENTED_EDGE('',*,*,#1487,.T.);
#2132=ORIENTED_EDGE('',*,*,#1476,.F.);
#2133=ORIENTED_EDGE('',*,*,#1488,.T.);
#2134=ORIENTED_EDGE('',*,*,#1482,.F.);
#2135=ORIENTED_EDGE('',*,*,#1488,.F.);
#2136=ORIENTED_EDGE('',*,*,#1475,.F.);
#2137=ORIENTED_EDGE('',*,*,#1252,.F.);
#2138=ORIENTED_EDGE('',*,*,#1480,.F.);
#2139=ORIENTED_EDGE('',*,*,#1489,.F.);
#2140=ORIENTED_EDGE('',*,*,#1477,.F.);
#2141=ORIENTED_EDGE('',*,*,#1487,.F.);
#2142=ORIENTED_EDGE('',*,*,#1198,.T.);
#2143=ORIENTED_EDGE('',*,*,#1478,.F.);
#2144=ORIENTED_EDGE('',*,*,#1489,.T.);
#2145=ORIENTED_EDGE('',*,*,#1479,.F.);
#2146=ORIENTED_EDGE('',*,*,#1490,.T.);
#2147=ORIENTED_EDGE('',*,*,#1491,.F.);
#2148=ORIENTED_EDGE('',*,*,#1492,.F.);
#2149=ORIENTED_EDGE('',*,*,#1235,.T.);
#2150=ORIENTED_EDGE('',*,*,#1474,.T.);
#2151=ORIENTED_EDGE('',*,*,#1493,.F.);
#2152=ORIENTED_EDGE('',*,*,#1494,.F.);
#2153=ORIENTED_EDGE('',*,*,#1490,.F.);
#2154=ORIENTED_EDGE('',*,*,#1473,.F.);
#2155=ORIENTED_EDGE('',*,*,#1495,.T.);
#2156=ORIENTED_EDGE('',*,*,#1496,.F.);
#2157=ORIENTED_EDGE('',*,*,#1497,.F.);
#2158=ORIENTED_EDGE('',*,*,#1493,.T.);
#2159=ORIENTED_EDGE('',*,*,#1472,.T.);
#2160=ORIENTED_EDGE('',*,*,#1196,.T.);
#2161=ORIENTED_EDGE('',*,*,#1206,.F.);
#2162=ORIENTED_EDGE('',*,*,#1495,.F.);
#2163=ORIENTED_EDGE('',*,*,#1471,.F.);
#2164=ORIENTED_EDGE('',*,*,#1498,.F.);
#2165=ORIENTED_EDGE('',*,*,#1499,.T.);
#2166=ORIENTED_EDGE('',*,*,#1500,.T.);
#2167=ORIENTED_EDGE('',*,*,#1321,.F.);
#2168=ORIENTED_EDGE('',*,*,#1485,.T.);
#2169=ORIENTED_EDGE('',*,*,#1335,.T.);
#2170=ORIENTED_EDGE('',*,*,#1344,.T.);
#2171=ORIENTED_EDGE('',*,*,#1498,.T.);
#2172=ORIENTED_EDGE('',*,*,#1484,.T.);
#2173=ORIENTED_EDGE('',*,*,#1501,.T.);
#2174=ORIENTED_EDGE('',*,*,#1339,.T.);
#2175=ORIENTED_EDGE('',*,*,#1331,.T.);
#2176=ORIENTED_EDGE('',*,*,#1375,.T.);
#2177=ORIENTED_EDGE('',*,*,#1280,.F.);
#2178=ORIENTED_EDGE('',*,*,#1502,.T.);
#2179=ORIENTED_EDGE('',*,*,#1376,.T.);
#2180=ORIENTED_EDGE('',*,*,#1501,.F.);
#2181=ORIENTED_EDGE('',*,*,#1483,.T.);
#2182=ORIENTED_EDGE('',*,*,#1231,.T.);
#2183=ORIENTED_EDGE('',*,*,#1503,.F.);
#2184=ORIENTED_EDGE('',*,*,#1504,.F.);
#2185=ORIENTED_EDGE('',*,*,#1505,.F.);
#2186=ORIENTED_EDGE('',*,*,#1204,.F.);
#2187=ORIENTED_EDGE('',*,*,#1470,.F.);
#2188=ORIENTED_EDGE('',*,*,#1403,.T.);
#2189=ORIENTED_EDGE('',*,*,#1506,.T.);
#2190=ORIENTED_EDGE('',*,*,#1507,.T.);
#2191=ORIENTED_EDGE('',*,*,#1508,.T.);
#2192=ORIENTED_EDGE('',*,*,#1509,.T.);
#2193=ORIENTED_EDGE('',*,*,#1510,.F.);
#2194=ORIENTED_EDGE('',*,*,#1402,.T.);
#2195=ORIENTED_EDGE('',*,*,#1322,.F.);
#2196=ORIENTED_EDGE('',*,*,#1511,.T.);
#2197=ORIENTED_EDGE('',*,*,#1506,.F.);
#2198=ORIENTED_EDGE('',*,*,#1404,.T.);
#2199=ORIENTED_EDGE('',*,*,#1510,.T.);
#2200=ORIENTED_EDGE('',*,*,#1512,.T.);
#2201=ORIENTED_EDGE('',*,*,#1279,.T.);
#2202=ORIENTED_EDGE('',*,*,#1377,.T.);
#2203=ORIENTED_EDGE('',*,*,#1502,.F.);
#2204=ORIENTED_EDGE('',*,*,#1512,.F.);
#2205=ORIENTED_EDGE('',*,*,#1509,.F.);
#2206=ORIENTED_EDGE('',*,*,#1513,.T.);
#2207=ORIENTED_EDGE('',*,*,#1507,.F.);
#2208=ORIENTED_EDGE('',*,*,#1511,.F.);
#2209=ORIENTED_EDGE('',*,*,#1500,.F.);
#2210=ORIENTED_EDGE('',*,*,#1348,.T.);
#2211=ORIENTED_EDGE('',*,*,#1514,.F.);
#2212=ORIENTED_EDGE('',*,*,#1513,.F.);
#2213=ORIENTED_EDGE('',*,*,#1499,.F.);
#2214=ORIENTED_EDGE('',*,*,#1343,.F.);
#2215=ORIENTED_EDGE('',*,*,#1347,.T.);
#2216=ORIENTED_EDGE('',*,*,#1378,.T.);
#2217=ORIENTED_EDGE('',*,*,#1508,.F.);
#2218=ORIENTED_EDGE('',*,*,#1514,.T.);
#2219=ORIENTED_EDGE('',*,*,#1515,.F.);
#2220=ORIENTED_EDGE('',*,*,#1503,.T.);
#2221=ORIENTED_EDGE('',*,*,#1230,.T.);
#2222=ORIENTED_EDGE('',*,*,#1492,.T.);
#2223=ORIENTED_EDGE('',*,*,#1516,.T.);
#2224=ORIENTED_EDGE('',*,*,#1515,.T.);
#2225=ORIENTED_EDGE('',*,*,#1491,.T.);
#2226=ORIENTED_EDGE('',*,*,#1517,.F.);
#2227=ORIENTED_EDGE('',*,*,#1496,.T.);
#2228=ORIENTED_EDGE('',*,*,#1205,.T.);
#2229=ORIENTED_EDGE('',*,*,#1505,.T.);
#2230=ORIENTED_EDGE('',*,*,#1518,.T.);
#2231=ORIENTED_EDGE('',*,*,#1497,.T.);
#2232=ORIENTED_EDGE('',*,*,#1517,.T.);
#2233=ORIENTED_EDGE('',*,*,#1516,.F.);
#2234=ORIENTED_EDGE('',*,*,#1494,.T.);
#2235=ORIENTED_EDGE('',*,*,#1518,.F.);
#2236=ORIENTED_EDGE('',*,*,#1504,.T.);
#2237=PLANE('',#2444);
#2238=PLANE('',#2453);
#2239=PLANE('',#2456);
#2240=PLANE('',#2461);
#2241=PLANE('',#2467);
#2242=PLANE('',#2468);
#2243=PLANE('',#2469);
#2244=PLANE('',#2473);
#2245=PLANE('',#2474);
#2246=PLANE('',#2476);
#2247=PLANE('',#2478);
#2248=PLANE('',#2479);
#2249=PLANE('',#2480);
#2250=PLANE('',#2481);
#2251=PLANE('',#2485);
#2252=PLANE('',#2486);
#2253=PLANE('',#2487);
#2254=PLANE('',#2491);
#2255=PLANE('',#2506);
#2256=PLANE('',#2507);
#2257=PLANE('',#2508);
#2258=PLANE('',#2509);
#2259=PLANE('',#2511);
#2260=PLANE('',#2514);
#2261=PLANE('',#2516);
#2262=PLANE('',#2527);
#2263=PLANE('',#2532);
#2264=PLANE('',#2537);
#2265=PLANE('',#2540);
#2266=PLANE('',#2545);
#2267=PLANE('',#2546);
#2268=PLANE('',#2548);
#2269=PLANE('',#2550);
#2270=PLANE('',#2554);
#2271=PLANE('',#2558);
#2272=PLANE('',#2559);
#2273=PLANE('',#2560);
#2274=PLANE('',#2561);
#2275=PLANE('',#2562);
#2276=PLANE('',#2566);
#2277=PLANE('',#2568);
#2278=PLANE('',#2573);
#2279=PLANE('',#2574);
#2280=PLANE('',#2575);
#2281=PLANE('',#2576);
#2282=PLANE('',#2577);
#2283=PLANE('',#2582);
#2284=PLANE('',#2584);
#2285=PLANE('',#2589);
#2286=PLANE('',#2590);
#2287=PLANE('',#2591);
#2288=PLANE('',#2593);
#2289=PLANE('',#2595);
#2290=PLANE('',#2596);
#2291=PLANE('',#2601);
#2292=PLANE('',#2602);
#2293=PLANE('',#2605);
#2294=PLANE('',#2606);
#2295=PLANE('',#2609);
#2296=PLANE('',#2610);
#2297=PLANE('',#2617);
#2298=PLANE('',#2618);
#2299=PLANE('',#2624);
#2300=PLANE('',#2625);
#2301=PLANE('',#2630);
#2302=PLANE('',#2635);
#2303=PLANE('',#2637);
#2304=PLANE('',#2640);
#2305=PLANE('',#2644);
#2306=PLANE('',#2648);
#2307=PLANE('',#2652);
#2308=PLANE('',#2655);
#2309=PLANE('',#2658);
#2310=ADVANCED_FACE('',(#139),#2237,.F.);
#2311=ADVANCED_FACE('',(#140),#93,.T.);
#2312=ADVANCED_FACE('',(#141),#94,.T.);
#2313=ADVANCED_FACE('',(#142),#2238,.F.);
#2314=ADVANCED_FACE('',(#143),#2239,.F.);
#2315=ADVANCED_FACE('',(#144),#95,.F.);
#2316=ADVANCED_FACE('',(#145),#96,.F.);
#2317=ADVANCED_FACE('',(#146),#2240,.F.);
#2318=ADVANCED_FACE('',(#147),#97,.T.);
#2319=ADVANCED_FACE('',(#148),#2241,.T.);
#2320=ADVANCED_FACE('',(#149),#2242,.F.);
#2321=ADVANCED_FACE('',(#150),#2243,.F.);
#2322=ADVANCED_FACE('',(#151),#98,.T.);
#2323=ADVANCED_FACE('',(#152),#2244,.F.);
#2324=ADVANCED_FACE('',(#153),#2245,.F.);
#2325=ADVANCED_FACE('',(#154),#2246,.F.);
#2326=ADVANCED_FACE('',(#155),#2247,.T.);
#2327=ADVANCED_FACE('',(#156),#2248,.T.);
#2328=ADVANCED_FACE('',(#157),#2249,.F.);
#2329=ADVANCED_FACE('',(#158),#2250,.F.);
#2330=ADVANCED_FACE('',(#159),#99,.F.);
#2331=ADVANCED_FACE('',(#160),#2251,.T.);
#2332=ADVANCED_FACE('',(#161),#2252,.T.);
#2333=ADVANCED_FACE('',(#162),#2253,.F.);
#2334=ADVANCED_FACE('',(#163),#41,.T.);
#2335=ADVANCED_FACE('',(#164),#2254,.T.);
#2336=ADVANCED_FACE('',(#165),#42,.T.);
#2337=ADVANCED_FACE('',(#166),#100,.F.);
#2338=ADVANCED_FACE('',(#167),#101,.F.);
#2339=ADVANCED_FACE('',(#168),#102,.F.);
#2340=ADVANCED_FACE('',(#169),#2255,.T.);
#2341=ADVANCED_FACE('',(#170),#2256,.T.);
#2342=ADVANCED_FACE('',(#171),#2257,.F.);
#2343=ADVANCED_FACE('',(#172),#2258,.T.);
#2344=ADVANCED_FACE('',(#173),#2259,.T.);
#2345=ADVANCED_FACE('',(#174),#103,.F.);
#2346=ADVANCED_FACE('',(#175),#2260,.T.);
#2347=ADVANCED_FACE('',(#176),#2261,.T.);
#2348=ADVANCED_FACE('',(#177),#104,.F.);
#2349=ADVANCED_FACE('',(#178),#105,.F.);
#2350=ADVANCED_FACE('',(#179),#43,.T.);
#2351=ADVANCED_FACE('',(#180),#106,.F.);
#2352=ADVANCED_FACE('',(#181,#25),#2262,.F.);
#2353=ADVANCED_FACE('',(#182),#107,.F.);
#2354=ADVANCED_FACE('',(#183,#26),#2263,.F.);
#2355=ADVANCED_FACE('',(#184),#108,.F.);
#2356=ADVANCED_FACE('',(#185,#27),#2264,.F.);
#2357=ADVANCED_FACE('',(#186),#109,.F.);
#2358=ADVANCED_FACE('',(#187),#2265,.T.);
#2359=ADVANCED_FACE('',(#188),#110,.F.);
#2360=ADVANCED_FACE('',(#189),#111,.F.);
#2361=ADVANCED_FACE('',(#190,#28),#2266,.F.);
#2362=ADVANCED_FACE('',(#191),#2267,.T.);
#2363=ADVANCED_FACE('',(#192),#112,.F.);
#2364=ADVANCED_FACE('',(#193,#29),#2268,.F.);
#2365=ADVANCED_FACE('',(#194),#113,.F.);
#2366=ADVANCED_FACE('',(#195,#30),#2269,.F.);
#2367=ADVANCED_FACE('',(#196),#15,.T.);
#2368=ADVANCED_FACE('',(#197),#114,.F.);
#2369=ADVANCED_FACE('',(#198),#2270,.T.);
#2370=ADVANCED_FACE('',(#199),#2271,.F.);
#2371=ADVANCED_FACE('',(#200),#2272,.F.);
#2372=ADVANCED_FACE('',(#201),#2273,.F.);
#2373=ADVANCED_FACE('',(#202),#2274,.T.);
#2374=ADVANCED_FACE('',(#203),#2275,.F.);
#2375=ADVANCED_FACE('',(#204),#115,.F.);
#2376=ADVANCED_FACE('',(#205),#2276,.F.);
#2377=ADVANCED_FACE('',(#206),#116,.F.);
#2378=ADVANCED_FACE('',(#207),#2277,.T.);
#2379=ADVANCED_FACE('',(#208),#2278,.F.);
#2380=ADVANCED_FACE('',(#209),#2279,.F.);
#2381=ADVANCED_FACE('',(#210),#2280,.T.);
#2382=ADVANCED_FACE('',(#211),#2281,.F.);
#2383=ADVANCED_FACE('',(#212),#2282,.F.);
#2384=ADVANCED_FACE('',(#213),#117,.F.);
#2385=ADVANCED_FACE('',(#214),#2283,.F.);
#2386=ADVANCED_FACE('',(#215),#118,.F.);
#2387=ADVANCED_FACE('',(#216),#2284,.F.);
#2388=ADVANCED_FACE('',(#217),#2285,.F.);
#2389=ADVANCED_FACE('',(#218),#2286,.F.);
#2390=ADVANCED_FACE('',(#219),#2287,.T.);
#2391=ADVANCED_FACE('',(#220),#119,.F.);
#2392=ADVANCED_FACE('',(#221),#2288,.F.);
#2393=ADVANCED_FACE('',(#222),#120,.F.);
#2394=ADVANCED_FACE('',(#223),#2289,.T.);
#2395=ADVANCED_FACE('',(#224),#2290,.F.);
#2396=ADVANCED_FACE('',(#225),#121,.F.);
#2397=ADVANCED_FACE('',(#226),#122,.F.);
#2398=ADVANCED_FACE('',(#227),#2291,.F.);
#2399=ADVANCED_FACE('',(#228),#2292,.T.);
#2400=ADVANCED_FACE('',(#229),#2293,.F.);
#2401=ADVANCED_FACE('',(#230),#2294,.T.);
#2402=ADVANCED_FACE('',(#231),#2295,.F.);
#2403=ADVANCED_FACE('',(#232),#2296,.T.);
#2404=ADVANCED_FACE('',(#233),#123,.T.);
#2405=ADVANCED_FACE('',(#234),#16,.F.);
#2406=ADVANCED_FACE('',(#235),#17,.F.);
#2407=ADVANCED_FACE('',(#236),#2297,.F.);
#2408=ADVANCED_FACE('',(#237),#2298,.T.);
#2409=ADVANCED_FACE('',(#238),#124,.F.);
#2410=ADVANCED_FACE('',(#239),#125,.T.);
#2411=ADVANCED_FACE('',(#240),#126,.T.);
#2412=ADVANCED_FACE('',(#241),#127,.F.);
#2413=ADVANCED_FACE('',(#242),#2299,.T.);
#2414=ADVANCED_FACE('',(#243),#2300,.F.);
#2415=ADVANCED_FACE('',(#244),#2301,.F.);
#2416=ADVANCED_FACE('',(#245),#2302,.F.);
#2417=ADVANCED_FACE('',(#246),#128,.F.);
#2418=ADVANCED_FACE('',(#247),#2303,.F.);
#2419=ADVANCED_FACE('',(#248),#129,.F.);
#2420=ADVANCED_FACE('',(#249),#130,.F.);
#2421=ADVANCED_FACE('',(#250),#2304,.F.);
#2422=ADVANCED_FACE('',(#251),#131,.T.);
#2423=ADVANCED_FACE('',(#252),#2305,.T.);
#2424=ADVANCED_FACE('',(#253),#132,.T.);
#2425=ADVANCED_FACE('',(#254),#2306,.T.);
#2426=ADVANCED_FACE('',(#255),#133,.F.);
#2427=ADVANCED_FACE('',(#256),#2307,.F.);
#2428=ADVANCED_FACE('',(#257),#134,.F.);
#2429=ADVANCED_FACE('',(#258),#2308,.T.);
#2430=ADVANCED_FACE('',(#259),#2309,.F.);
#2431=ADVANCED_FACE('',(#260),#135,.F.);
#2432=ADVANCED_FACE('',(#261),#136,.F.);
#2433=ADVANCED_FACE('',(#262),#18,.T.);
#2434=ADVANCED_FACE('',(#263),#19,.T.);
#2435=ADVANCED_FACE('',(#264),#20,.T.);
#2436=ADVANCED_FACE('',(#265),#137,.F.);
#2437=ADVANCED_FACE('',(#266),#21,.F.);
#2438=ADVANCED_FACE('',(#267),#22,.F.);
#2439=ADVANCED_FACE('',(#268),#23,.F.);
#2440=ADVANCED_FACE('',(#269),#24,.F.);
#2441=ADVANCED_FACE('',(#270),#138,.T.);
#2442=CLOSED_SHELL('',(#2310,#2311,#2312,#2313,#2314,#2315,#2316,#2317,
#2318,#2319,#2320,#2321,#2322,#2323,#2324,#2325,#2326,#2327,#2328,#2329,
#2330,#2331,#2332,#2333,#2334,#2335,#2336,#2337,#2338,#2339,#2340,#2341,
#2342,#2343,#2344,#2345,#2346,#2347,#2348,#2349,#2350,#2351,#2352,#2353,
#2354,#2355,#2356,#2357,#2358,#2359,#2360,#2361,#2362,#2363,#2364,#2365,
#2366,#2367,#2368,#2369,#2370,#2371,#2372,#2373,#2374,#2375,#2376,#2377,
#2378,#2379,#2380,#2381,#2382,#2383,#2384,#2385,#2386,#2387,#2388,#2389,
#2390,#2391,#2392,#2393,#2394,#2395,#2396,#2397,#2398,#2399,#2400,#2401,
#2402,#2403,#2404,#2405,#2406,#2407,#2408,#2409,#2410,#2411,#2412,#2413,
#2414,#2415,#2416,#2417,#2418,#2419,#2420,#2421,#2422,#2423,#2424,#2425,
#2426,#2427,#2428,#2429,#2430,#2431,#2432,#2433,#2434,#2435,#2436,#2437,
#2438,#2439,#2440,#2441));
#2443=AXIS2_PLACEMENT_3D('',#3346,#2672,#2673);
#2444=AXIS2_PLACEMENT_3D('',#3347,#2674,#2675);
#2445=AXIS2_PLACEMENT_3D('',#3350,#2676,#2677);
#2446=AXIS2_PLACEMENT_3D('',#3354,#2679,#2680);
#2447=AXIS2_PLACEMENT_3D('',#3364,#2686,#2687);
#2448=AXIS2_PLACEMENT_3D('',#3367,#2688,#2689);
#2449=AXIS2_PLACEMENT_3D('',#3371,#2691,#2692);
#2450=AXIS2_PLACEMENT_3D('',#3373,#2694,#2695);
#2451=AXIS2_PLACEMENT_3D('',#3376,#2696,#2697);
#2452=AXIS2_PLACEMENT_3D('',#3380,#2699,#2700);
#2453=AXIS2_PLACEMENT_3D('',#3382,#2702,#2703);
#2454=AXIS2_PLACEMENT_3D('',#3385,#2704,#2705);
#2455=AXIS2_PLACEMENT_3D('',#3394,#2710,#2711);
#2456=AXIS2_PLACEMENT_3D('',#3396,#2713,#2714);
#2457=AXIS2_PLACEMENT_3D('',#3399,#2715,#2716);
#2458=AXIS2_PLACEMENT_3D('',#3403,#2718,#2719);
#2459=AXIS2_PLACEMENT_3D('',#3410,#2724,#2725);
#2460=AXIS2_PLACEMENT_3D('',#3447,#2726,#2727);
#2461=AXIS2_PLACEMENT_3D('',#3489,#2729,#2730);
#2462=AXIS2_PLACEMENT_3D('',#3491,#2731,#2732);
#2463=AXIS2_PLACEMENT_3D('',#3502,#2738,#2739);
#2464=AXIS2_PLACEMENT_3D('',#3503,#2740,#2741);
#2465=AXIS2_PLACEMENT_3D('',#3507,#2743,#2744);
#2466=AXIS2_PLACEMENT_3D('',#3511,#2746,#2747);
#2467=AXIS2_PLACEMENT_3D('',#3513,#2749,#2750);
#2468=AXIS2_PLACEMENT_3D('',#3517,#2753,#2754);
#2469=AXIS2_PLACEMENT_3D('',#3523,#2758,#2759);
#2470=AXIS2_PLACEMENT_3D('',#3557,#2777,#2778);
#2471=AXIS2_PLACEMENT_3D('',#3561,#2780,#2781);
#2472=AXIS2_PLACEMENT_3D('',#3565,#2783,#2784);
#2473=AXIS2_PLACEMENT_3D('',#3567,#2786,#2787);
#2474=AXIS2_PLACEMENT_3D('',#3571,#2790,#2791);
#2475=AXIS2_PLACEMENT_3D('',#3579,#2796,#2797);
#2476=AXIS2_PLACEMENT_3D('',#3580,#2798,#2799);
#2477=AXIS2_PLACEMENT_3D('',#3584,#2801,#2802);
#2478=AXIS2_PLACEMENT_3D('',#3596,#2809,#2810);
#2479=AXIS2_PLACEMENT_3D('',#3600,#2813,#2814);
#2480=AXIS2_PLACEMENT_3D('',#3606,#2818,#2819);
#2481=AXIS2_PLACEMENT_3D('',#3608,#2821,#2822);
#2482=AXIS2_PLACEMENT_3D('',#3612,#2825,#2826);
#2483=AXIS2_PLACEMENT_3D('',#3616,#2828,#2829);
#2484=AXIS2_PLACEMENT_3D('',#3620,#2831,#2832);
#2485=AXIS2_PLACEMENT_3D('',#3622,#2834,#2835);
#2486=AXIS2_PLACEMENT_3D('',#3649,#2850,#2851);
#2487=AXIS2_PLACEMENT_3D('',#3661,#2858,#2859);
#2488=AXIS2_PLACEMENT_3D('',#3664,#2860,#2861);
#2489=AXIS2_PLACEMENT_3D('',#3672,#2866,#2867);
#2490=AXIS2_PLACEMENT_3D('',#3691,#2868,#2869);
#2491=AXIS2_PLACEMENT_3D('',#3747,#2870,#2871);
#2492=AXIS2_PLACEMENT_3D('',#3750,#2872,#2873);
#2493=AXIS2_PLACEMENT_3D('',#3758,#2878,#2879);
#2494=AXIS2_PLACEMENT_3D('',#3816,#2880,#2881);
#2495=AXIS2_PLACEMENT_3D('',#3833,#2882,#2883);
#2496=AXIS2_PLACEMENT_3D('',#3834,#2884,#2885);
#2497=AXIS2_PLACEMENT_3D('',#3836,#2886,#2887);
#2498=AXIS2_PLACEMENT_3D('',#3839,#2889,#2890);
#2499=AXIS2_PLACEMENT_3D('',#3840,#2891,#2892);
#2500=AXIS2_PLACEMENT_3D('',#3841,#2893,#2894);
#2501=AXIS2_PLACEMENT_3D('',#3843,#2895,#2896);
#2502=AXIS2_PLACEMENT_3D('',#3846,#2898,#2899);
#2503=AXIS2_PLACEMENT_3D('',#3847,#2900,#2901);
#2504=AXIS2_PLACEMENT_3D('',#3848,#2902,#2903);
#2505=AXIS2_PLACEMENT_3D('',#3849,#2904,#2905);
#2506=AXIS2_PLACEMENT_3D('',#3850,#2906,#2907);
#2507=AXIS2_PLACEMENT_3D('',#3852,#2909,#2910);
#2508=AXIS2_PLACEMENT_3D('',#3854,#2912,#2913);
#2509=AXIS2_PLACEMENT_3D('',#3868,#2921,#2922);
#2510=AXIS2_PLACEMENT_3D('',#3869,#2923,#2924);
#2511=AXIS2_PLACEMENT_3D('',#3871,#2926,#2927);
#2512=AXIS2_PLACEMENT_3D('',#3873,#2929,#2930);
#2513=AXIS2_PLACEMENT_3D('',#3874,#2931,#2932);
#2514=AXIS2_PLACEMENT_3D('',#3875,#2933,#2934);
#2515=AXIS2_PLACEMENT_3D('',#3880,#2936,#2937);
#2516=AXIS2_PLACEMENT_3D('',#3886,#2939,#2940);
#2517=AXIS2_PLACEMENT_3D('',#3896,#2943,#2944);
#2518=AXIS2_PLACEMENT_3D('',#3897,#2945,#2946);
#2519=AXIS2_PLACEMENT_3D('',#3901,#2948,#2949);
#2520=AXIS2_PLACEMENT_3D('',#3912,#2950,#2951);
#2521=AXIS2_PLACEMENT_3D('',#3925,#2952,#2953);
#2522=AXIS2_PLACEMENT_3D('',#3927,#2955,#2956);
#2523=AXIS2_PLACEMENT_3D('',#3928,#2957,#2958);
#2524=AXIS2_PLACEMENT_3D('',#3982,#2959,#2960);
#2525=AXIS2_PLACEMENT_3D('',#3984,#2961,#2962);
#2526=AXIS2_PLACEMENT_3D('',#3987,#2964,#2965);
#2527=AXIS2_PLACEMENT_3D('',#3988,#2966,#2967);
#2528=AXIS2_PLACEMENT_3D('',#3990,#2968,#2969);
#2529=AXIS2_PLACEMENT_3D('',#3991,#2970,#2971);
#2530=AXIS2_PLACEMENT_3D('',#3993,#2972,#2973);
#2531=AXIS2_PLACEMENT_3D('',#3996,#2975,#2976);
#2532=AXIS2_PLACEMENT_3D('',#3997,#2977,#2978);
#2533=AXIS2_PLACEMENT_3D('',#3999,#2979,#2980);
#2534=AXIS2_PLACEMENT_3D('',#4000,#2981,#2982);
#2535=AXIS2_PLACEMENT_3D('',#4002,#2983,#2984);
#2536=AXIS2_PLACEMENT_3D('',#4005,#2986,#2987);
#2537=AXIS2_PLACEMENT_3D('',#4006,#2988,#2989);
#2538=AXIS2_PLACEMENT_3D('',#4008,#2990,#2991);
#2539=AXIS2_PLACEMENT_3D('',#4009,#2992,#2993);
#2540=AXIS2_PLACEMENT_3D('',#4055,#2994,#2995);
#2541=AXIS2_PLACEMENT_3D('',#4058,#2997,#2998);
#2542=AXIS2_PLACEMENT_3D('',#4061,#3000,#3001);
#2543=AXIS2_PLACEMENT_3D('',#4062,#3002,#3003);
#2544=AXIS2_PLACEMENT_3D('',#4112,#3004,#3005);
#2545=AXIS2_PLACEMENT_3D('',#4114,#3007,#3008);
#2546=AXIS2_PLACEMENT_3D('',#4115,#3009,#3010);
#2547=AXIS2_PLACEMENT_3D('',#4117,#3012,#3013);
#2548=AXIS2_PLACEMENT_3D('',#4119,#3015,#3016);
#2549=AXIS2_PLACEMENT_3D('',#4120,#3017,#3018);
#2550=AXIS2_PLACEMENT_3D('',#4164,#3020,#3021);
#2551=AXIS2_PLACEMENT_3D('',#4223,#3023,#3024);
#2552=AXIS2_PLACEMENT_3D('',#4232,#3025,#3026);
#2553=AXIS2_PLACEMENT_3D('',#4233,#3027,#3028);
#2554=AXIS2_PLACEMENT_3D('',#4234,#3029,#3030);
#2555=AXIS2_PLACEMENT_3D('',#4236,#3031,#3032);
#2556=AXIS2_PLACEMENT_3D('',#4243,#3036,#3037);
#2557=AXIS2_PLACEMENT_3D('',#4247,#3039,#3040);
#2558=AXIS2_PLACEMENT_3D('',#4251,#3043,#3044);
#2559=AXIS2_PLACEMENT_3D('',#4255,#3047,#3048);
#2560=AXIS2_PLACEMENT_3D('',#4259,#3051,#3052);
#2561=AXIS2_PLACEMENT_3D('',#4263,#3055,#3056);
#2562=AXIS2_PLACEMENT_3D('',#4267,#3059,#3060);
#2563=AXIS2_PLACEMENT_3D('',#4269,#3061,#3062);
#2564=AXIS2_PLACEMENT_3D('',#4272,#3064,#3065);
#2565=AXIS2_PLACEMENT_3D('',#4274,#3067,#3068);
#2566=AXIS2_PLACEMENT_3D('',#4276,#3070,#3071);
#2567=AXIS2_PLACEMENT_3D('',#4278,#3073,#3074);
#2568=AXIS2_PLACEMENT_3D('',#4279,#3075,#3076);
#2569=AXIS2_PLACEMENT_3D('',#4281,#3077,#3078);
#2570=AXIS2_PLACEMENT_3D('',#4284,#3080,#3081);
#2571=AXIS2_PLACEMENT_3D('',#4290,#3084,#3085);
#2572=AXIS2_PLACEMENT_3D('',#4294,#3087,#3088);
#2573=AXIS2_PLACEMENT_3D('',#4298,#3091,#3092);
#2574=AXIS2_PLACEMENT_3D('',#4302,#3095,#3096);
#2575=AXIS2_PLACEMENT_3D('',#4306,#3099,#3100);
#2576=AXIS2_PLACEMENT_3D('',#4310,#3103,#3104);
#2577=AXIS2_PLACEMENT_3D('',#4314,#3107,#3108);
#2578=AXIS2_PLACEMENT_3D('',#4316,#3109,#3110);
#2579=AXIS2_PLACEMENT_3D('',#4319,#3112,#3113);
#2580=AXIS2_PLACEMENT_3D('',#4322,#3115,#3116);
#2581=AXIS2_PLACEMENT_3D('',#4323,#3117,#3118);
#2582=AXIS2_PLACEMENT_3D('',#4325,#3120,#3121);
#2583=AXIS2_PLACEMENT_3D('',#4327,#3123,#3124);
#2584=AXIS2_PLACEMENT_3D('',#4328,#3125,#3126);
#2585=AXIS2_PLACEMENT_3D('',#4330,#3127,#3128);
#2586=AXIS2_PLACEMENT_3D('',#4333,#3130,#3131);
#2587=AXIS2_PLACEMENT_3D('',#4336,#3133,#3134);
#2588=AXIS2_PLACEMENT_3D('',#4339,#3136,#3137);
#2589=AXIS2_PLACEMENT_3D('',#4341,#3139,#3140);
#2590=AXIS2_PLACEMENT_3D('',#4342,#3141,#3142);
#2591=AXIS2_PLACEMENT_3D('',#4344,#3144,#3145);
#2592=AXIS2_PLACEMENT_3D('',#4345,#3146,#3147);
#2593=AXIS2_PLACEMENT_3D('',#4347,#3149,#3150);
#2594=AXIS2_PLACEMENT_3D('',#4349,#3152,#3153);
#2595=AXIS2_PLACEMENT_3D('',#4350,#3154,#3155);
#2596=AXIS2_PLACEMENT_3D('',#4351,#3156,#3157);
#2597=AXIS2_PLACEMENT_3D('',#4352,#3158,#3159);
#2598=AXIS2_PLACEMENT_3D('',#4354,#3160,#3161);
#2599=AXIS2_PLACEMENT_3D('',#4356,#3163,#3164);
#2600=AXIS2_PLACEMENT_3D('',#4358,#3165,#3166);
#2601=AXIS2_PLACEMENT_3D('',#4360,#3168,#3169);
#2602=AXIS2_PLACEMENT_3D('',#4362,#3171,#3172);
#2603=AXIS2_PLACEMENT_3D('',#4366,#3174,#3175);
#2604=AXIS2_PLACEMENT_3D('',#4370,#3177,#3178);
#2605=AXIS2_PLACEMENT_3D('',#4372,#3180,#3181);
#2606=AXIS2_PLACEMENT_3D('',#4374,#3183,#3184);
#2607=AXIS2_PLACEMENT_3D('',#4378,#3186,#3187);
#2608=AXIS2_PLACEMENT_3D('',#4380,#3188,#3189);
#2609=AXIS2_PLACEMENT_3D('',#4382,#3191,#3192);
#2610=AXIS2_PLACEMENT_3D('',#4384,#3194,#3195);
#2611=AXIS2_PLACEMENT_3D('',#4388,#3198,#3199);
#2612=AXIS2_PLACEMENT_3D('',#4389,#3200,#3201);
#2613=AXIS2_PLACEMENT_3D('',#4443,#3202,#3203);
#2614=AXIS2_PLACEMENT_3D('',#4444,#3204,#3205);
#2615=AXIS2_PLACEMENT_3D('',#4446,#3206,#3207);
#2616=AXIS2_PLACEMENT_3D('',#4499,#3208,#3209);
#2617=AXIS2_PLACEMENT_3D('',#4508,#3210,#3211);
#2618=AXIS2_PLACEMENT_3D('',#4512,#3215,#3216);
#2619=AXIS2_PLACEMENT_3D('',#4514,#3218,#3219);
#2620=AXIS2_PLACEMENT_3D('',#4515,#3220,#3221);
#2621=AXIS2_PLACEMENT_3D('',#4516,#3222,#3223);
#2622=AXIS2_PLACEMENT_3D('',#4518,#3225,#3226);
#2623=AXIS2_PLACEMENT_3D('',#4519,#3227,#3228);
#2624=AXIS2_PLACEMENT_3D('',#4520,#3229,#3230);
#2625=AXIS2_PLACEMENT_3D('',#4521,#3231,#3232);
#2626=AXIS2_PLACEMENT_3D('',#4525,#3234,#3235);
#2627=AXIS2_PLACEMENT_3D('',#4528,#3237,#3238);
#2628=AXIS2_PLACEMENT_3D('',#4530,#3239,#3240);
#2629=AXIS2_PLACEMENT_3D('',#4534,#3242,#3243);
#2630=AXIS2_PLACEMENT_3D('',#4536,#3245,#3246);
#2631=AXIS2_PLACEMENT_3D('',#4540,#3248,#3249);
#2632=AXIS2_PLACEMENT_3D('',#4543,#3251,#3252);
#2633=AXIS2_PLACEMENT_3D('',#4545,#3253,#3254);
#2634=AXIS2_PLACEMENT_3D('',#4548,#3256,#3257);
#2635=AXIS2_PLACEMENT_3D('',#4549,#3258,#3259);
#2636=AXIS2_PLACEMENT_3D('',#4551,#3261,#3262);
#2637=AXIS2_PLACEMENT_3D('',#4552,#3263,#3264);
#2638=AXIS2_PLACEMENT_3D('',#4555,#3267,#3268);
#2639=AXIS2_PLACEMENT_3D('',#4556,#3269,#3270);
#2640=AXIS2_PLACEMENT_3D('',#4558,#3272,#3273);
#2641=AXIS2_PLACEMENT_3D('',#4559,#3274,#3275);
#2642=AXIS2_PLACEMENT_3D('',#4563,#3277,#3278);
#2643=AXIS2_PLACEMENT_3D('',#4564,#3279,#3280);
#2644=AXIS2_PLACEMENT_3D('',#4565,#3281,#3282);
#2645=AXIS2_PLACEMENT_3D('',#4569,#3285,#3286);
#2646=AXIS2_PLACEMENT_3D('',#4572,#3288,#3289);
#2647=AXIS2_PLACEMENT_3D('',#4573,#3290,#3291);
#2648=AXIS2_PLACEMENT_3D('',#4574,#3292,#3293);
#2649=AXIS2_PLACEMENT_3D('',#4575,#3294,#3295);
#2650=AXIS2_PLACEMENT_3D('',#4578,#3297,#3298);
#2651=AXIS2_PLACEMENT_3D('',#4579,#3299,#3300);
#2652=AXIS2_PLACEMENT_3D('',#4580,#3301,#3302);
#2653=AXIS2_PLACEMENT_3D('',#4582,#3304,#3305);
#2654=AXIS2_PLACEMENT_3D('',#4583,#3306,#3307);
#2655=AXIS2_PLACEMENT_3D('',#4584,#3308,#3309);
#2656=AXIS2_PLACEMENT_3D('',#4586,#3310,#3311);
#2657=AXIS2_PLACEMENT_3D('',#4589,#3313,#3314);
#2658=AXIS2_PLACEMENT_3D('',#4590,#3315,#3316);
#2659=AXIS2_PLACEMENT_3D('',#4594,#3318,#3319);
#2660=AXIS2_PLACEMENT_3D('',#4597,#3321,#3322);
#2661=AXIS2_PLACEMENT_3D('',#4599,#3324,#3325);
#2662=AXIS2_PLACEMENT_3D('',#4600,#3326,#3327);
#2663=AXIS2_PLACEMENT_3D('',#4601,#3328,#3329);
#2664=AXIS2_PLACEMENT_3D('',#4602,#3330,#3331);
#2665=AXIS2_PLACEMENT_3D('',#4722,#3332,#3333);
#2666=AXIS2_PLACEMENT_3D('',#4723,#3334,#3335);
#2667=AXIS2_PLACEMENT_3D('',#4752,#3336,#3337);
#2668=AXIS2_PLACEMENT_3D('',#4809,#3338,#3339);
#2669=AXIS2_PLACEMENT_3D('',#4838,#3340,#3341);
#2670=AXIS2_PLACEMENT_3D('',#4895,#3342,#3343);
#2671=AXIS2_PLACEMENT_3D('',#4896,#3344,#3345);
#2672=DIRECTION('axis',(0.,0.,1.));
#2673=DIRECTION('refdir',(1.,0.,0.));
#2674=DIRECTION('center_axis',(0.,0.954003901248399,0.299794190075185));
#2675=DIRECTION('ref_axis',(0.,-0.299794190075185,0.954003901248398));
#2676=DIRECTION('center_axis',(0.,0.954003901248399,0.299794190075185));
#2677=DIRECTION('ref_axis',(0.200269441580804,-0.293720617303624,0.934676601686215));
#2678=DIRECTION('',(-1.,0.,0.));
#2679=DIRECTION('center_axis',(0.,-0.954003901248399,-0.299794190075185));
#2680=DIRECTION('ref_axis',(0.200269441580803,-0.293720617303624,0.934676601686215));
#2681=DIRECTION('',(-0.0688720632921741,-0.29908232886816,0.95173861929454));
#2682=DIRECTION('',(-1.,0.,0.));
#2683=DIRECTION('',(-0.0688720632921741,-0.29908232886816,0.95173861929454));
#2684=DIRECTION('',(-1.,0.,0.));
#2685=DIRECTION('',(0.0688720632921741,0.29908232886816,-0.95173861929454));
#2686=DIRECTION('center_axis',(1.,0.,0.));
#2687=DIRECTION('ref_axis',(0.,1.,0.));
#2688=DIRECTION('center_axis',(0.991350645834256,0.0863138989863336,0.0988625704995579));
#2689=DIRECTION('ref_axis',(-0.131239845336708,0.651992078206458,0.746781382301421));
#2690=DIRECTION('',(1.,0.,0.));
#2691=DIRECTION('center_axis',(-0.991350645834256,-0.0863138989863336,-0.0988625704995579));
#2692=DIRECTION('ref_axis',(-0.131239845336708,0.651992078206458,0.746781382301421));
#2693=DIRECTION('',(1.,0.,0.));
#2694=DIRECTION('center_axis',(1.,0.,0.));
#2695=DIRECTION('ref_axis',(0.,1.,0.));
#2696=DIRECTION('center_axis',(-0.991350645834256,0.0863138989863336,0.0988625704995579));
#2697=DIRECTION('ref_axis',(0.131239845336708,0.651992078206458,0.746781382301421));
#2698=DIRECTION('',(1.,0.,0.));
#2699=DIRECTION('center_axis',(0.991350645834256,-0.0863138989863336,-0.0988625704995579));
#2700=DIRECTION('ref_axis',(0.131239845336708,0.651992078206458,0.746781382301421));
#2701=DIRECTION('',(1.,0.,0.));
#2702=DIRECTION('center_axis',(0.,-0.886569132613656,0.462596123088673));
#2703=DIRECTION('ref_axis',(0.,-0.462596123088672,-0.886569132613656));
#2704=DIRECTION('center_axis',(0.,-0.886569132613656,0.462596123088673));
#2705=DIRECTION('ref_axis',(-0.199384150419411,0.453307843022535,0.868768070324748));
#2706=DIRECTION('',(-0.12763749367236,0.458812496732683,0.879317782744646));
#2707=DIRECTION('',(0.12763749367236,-0.458812496732683,-0.879317782744646));
#2708=DIRECTION('',(1.,0.,0.));
#2709=DIRECTION('',(0.12763749367236,-0.458812496732683,-0.879317782744646));
#2710=DIRECTION('center_axis',(0.,0.886569132613656,-0.462596123088673));
#2711=DIRECTION('ref_axis',(-0.199384150419411,0.453307843022535,0.868768070324748));
#2712=DIRECTION('',(1.,0.,0.));
#2713=DIRECTION('center_axis',(0.,-0.886569132613656,0.462596123088673));
#2714=DIRECTION('ref_axis',(0.,-0.462596123088672,-0.886569132613656));
#2715=DIRECTION('center_axis',(0.,-0.886569132613656,0.462596123088673));
#2716=DIRECTION('ref_axis',(0.199384150419411,0.453307843022535,0.868768070324748));
#2717=DIRECTION('',(1.,0.,0.));
#2718=DIRECTION('center_axis',(0.,0.886569132613656,-0.462596123088673));
#2719=DIRECTION('ref_axis',(0.199384150419411,0.453307843022535,0.868768070324748));
#2720=DIRECTION('',(0.12763749367236,0.458812496732683,0.879317782744646));
#2721=DIRECTION('',(1.,0.,0.));
#2722=DIRECTION('',(0.12763749367236,0.458812496732683,0.879317782744646));
#2723=DIRECTION('',(-0.12763749367236,-0.458812496732683,-0.879317782744646));
#2724=DIRECTION('center_axis',(1.,0.,0.));
#2725=DIRECTION('ref_axis',(0.,1.,0.));
#2726=DIRECTION('center_axis',(1.,0.,0.));
#2727=DIRECTION('ref_axis',(0.,1.,0.));
#2728=DIRECTION('',(-1.,0.,0.));
#2729=DIRECTION('center_axis',(0.,0.954003901248399,0.299794190075185));
#2730=DIRECTION('ref_axis',(0.,-0.299794190075185,0.954003901248398));
#2731=DIRECTION('center_axis',(0.,0.954003901248399,0.299794190075185));
#2732=DIRECTION('ref_axis',(-0.200269441580804,-0.293720617303624,0.934676601686215));
#2733=DIRECTION('',(0.0688720632921741,-0.29908232886816,0.95173861929454));
#2734=DIRECTION('',(-1.,0.,0.));
#2735=DIRECTION('',(-0.0688720632921741,0.29908232886816,-0.95173861929454));
#2736=DIRECTION('',(-1.,0.,0.));
#2737=DIRECTION('',(-0.0688720632921741,0.29908232886816,-0.95173861929454));
#2738=DIRECTION('center_axis',(0.,-0.954003901248399,-0.299794190075185));
#2739=DIRECTION('ref_axis',(-0.200269441580803,-0.293720617303624,0.934676601686215));
#2740=DIRECTION('center_axis',(-0.0778074404557644,-0.993174640046087,0.0868915219054728));
#2741=DIRECTION('ref_axis',(-0.66655032092269,0.1166350633391,0.736279112618132));
#2742=DIRECTION('',(-0.0778074404557644,-0.993174640046086,0.0868915219054727));
#2743=DIRECTION('center_axis',(-0.0054198918727363,-0.99230685125947,-0.123684023687796));
#2744=DIRECTION('ref_axis',(-0.32772711995883,-0.115092132373856,0.937735962789702));
#2745=DIRECTION('',(0.0778074404557644,0.993174640046086,-0.0868915219054727));
#2746=DIRECTION('center_axis',(0.0778074404557663,0.993174640046086,-0.0868915219054727));
#2747=DIRECTION('ref_axis',(-0.991350645834256,0.0863138989863356,0.0988625704995583));
#2748=DIRECTION('',(-0.0778074404557644,-0.993174640046086,0.0868915219054727));
#2749=DIRECTION('center_axis',(-0.991350645834256,0.0863138989863336,0.0988625704995579));
#2750=DIRECTION('ref_axis',(-0.0859399076705202,-0.996267854450598,0.00804328651637889));
#2751=DIRECTION('',(0.0867388241198142,0.996231085838176,0.));
#2752=DIRECTION('',(-0.0863138989863336,0.138653705761121,-0.986572379869052));
#2753=DIRECTION('center_axis',(-0.991350645834256,0.0863138989863336,0.0988625704995579));
#2754=DIRECTION('ref_axis',(-0.0859399076705202,-0.996267854450598,0.00804328651637889));
#2755=DIRECTION('',(0.0867388241198142,0.996231085838176,0.));
#2756=DIRECTION('',(0.0992329085600581,0.,0.995064234036533));
#2757=DIRECTION('',(0.0867388241198142,0.996231085838176,0.));
#2758=DIRECTION('center_axis',(-0.991350645834256,0.0863138989863336,0.0988625704995579));
#2759=DIRECTION('ref_axis',(-0.0859399076705202,-0.996267854450598,0.00804328651637889));
#2760=DIRECTION('',(-0.0778074404557644,-0.993174640046086,0.0868915219054727));
#2761=DIRECTION('',(-0.0992329085600581,0.,-0.995064234036533));
#2762=DIRECTION('',(0.0867388241198142,0.996231085838176,0.));
#2763=DIRECTION('',(-0.0992329085600581,0.,-0.995064234036533));
#2764=DIRECTION('',(-0.0778074404557644,-0.993174640046086,0.0868915219054727));
#2765=DIRECTION('',(0.102165569376658,0.0347168818825295,0.994161422781179));
#2766=DIRECTION('',(-0.0867388241198142,-0.996231085838176,0.));
#2767=DIRECTION('',(-0.0961778439663215,0.0347377084181147,-0.994757816729202));
#2768=DIRECTION('',(-0.0778074404557644,-0.993174640046086,0.0868915219054727));
#2769=DIRECTION('',(-0.0992329085600581,0.,-0.995064234036533));
#2770=DIRECTION('',(-0.0867388241198142,-0.996231085838176,0.));
#2771=DIRECTION('',(-0.0992329085600581,0.,-0.995064234036533));
#2772=DIRECTION('',(-0.0778074404557644,-0.993174640046086,0.0868915219054727));
#2773=DIRECTION('',(0.0992329085600581,0.,0.995064234036533));
#2774=DIRECTION('',(0.0867388241198142,0.996231085838176,0.));
#2775=DIRECTION('',(0.0992329085600581,0.,0.995064234036533));
#2776=DIRECTION('',(0.0867388241198142,0.996231085838176,0.));
#2777=DIRECTION('center_axis',(-0.0778074404557644,0.993174640046087,-0.0868915219054728));
#2778=DIRECTION('ref_axis',(0.66655032092269,0.1166350633391,0.736279112618132));
#2779=DIRECTION('',(0.0778074404557644,-0.993174640046086,0.0868915219054727));
#2780=DIRECTION('center_axis',(-0.0778074404557666,0.993174640046086,-0.0868915219054727));
#2781=DIRECTION('ref_axis',(1.11022302462516E-16,0.0871557427476581,0.996194698091746));
#2782=DIRECTION('',(-0.0778074404557644,0.993174640046086,-0.0868915219054727));
#2783=DIRECTION('center_axis',(0.0054198918727363,-0.99230685125947,-0.123684023687796));
#2784=DIRECTION('ref_axis',(0.32772711995883,-0.115092132373856,0.937735962789702));
#2785=DIRECTION('',(0.0778074404557644,-0.993174640046086,0.0868915219054727));
#2786=DIRECTION('center_axis',(-0.991350645834256,-0.0863138989863336,-0.0988625704995579));
#2787=DIRECTION('ref_axis',(0.0859399076705202,-0.996267854450598,0.00804328651637889));
#2788=DIRECTION('',(-0.0867388241198142,0.996231085838176,0.));
#2789=DIRECTION('',(0.0828056999181992,0.173051819616115,-0.981425638440635));
#2790=DIRECTION('center_axis',(0.,0.,1.));
#2791=DIRECTION('ref_axis',(1.,0.,0.));
#2792=DIRECTION('',(1.,0.,0.));
#2793=DIRECTION('',(-1.,0.,0.));
#2794=DIRECTION('',(0.0867388241198142,0.996231085838176,0.));
#2795=DIRECTION('',(-1.,0.,0.));
#2796=DIRECTION('center_axis',(0.,0.,1.));
#2797=DIRECTION('ref_axis',(0.528480558515796,-0.848945404175576,0.));
#2798=DIRECTION('center_axis',(0.,0.,1.));
#2799=DIRECTION('ref_axis',(1.,0.,0.));
#2800=DIRECTION('',(-0.0867388241198142,0.996231085838176,0.));
#2801=DIRECTION('center_axis',(0.,0.,1.));
#2802=DIRECTION('ref_axis',(-0.5284805585158,-0.848945404175574,0.));
#2803=DIRECTION('',(-1.,0.,0.));
#2804=DIRECTION('',(0.0867388241198142,-0.996231085838176,0.));
#2805=DIRECTION('',(-1.,0.,0.));
#2806=DIRECTION('',(0.0867388241198142,-0.996231085838176,0.));
#2807=DIRECTION('',(1.,0.,0.));
#2808=DIRECTION('',(0.0867388241198142,-0.996231085838176,0.));
#2809=DIRECTION('center_axis',(-0.991350645834256,-0.0863138989863336,-0.0988625704995579));
#2810=DIRECTION('ref_axis',(0.0859399076705202,-0.996267854450598,0.00804328651637889));
#2811=DIRECTION('',(0.0992329085600581,0.,-0.995064234036533));
#2812=DIRECTION('',(0.0867388241198142,-0.996231085838176,0.));
#2813=DIRECTION('center_axis',(-0.991350645834256,-0.0863138989863336,-0.0988625704995579));
#2814=DIRECTION('ref_axis',(0.0859399076705202,-0.996267854450598,0.00804328651637889));
#2815=DIRECTION('',(0.0867388241198142,-0.996231085838176,0.));
#2816=DIRECTION('',(0.0828056999181992,0.173051819616115,-0.981425638440635));
#2817=DIRECTION('',(0.0867388241198142,-0.996231085838176,0.));
#2818=DIRECTION('center_axis',(0.,0.,1.));
#2819=DIRECTION('ref_axis',(1.,0.,0.));
#2820=DIRECTION('',(1.,0.,0.));
#2821=DIRECTION('center_axis',(0.,0.,1.));
#2822=DIRECTION('ref_axis',(1.,0.,0.));
#2823=DIRECTION('',(1.,0.,0.));
#2824=DIRECTION('',(0.0867388241198142,-0.996231085838176,0.));
#2825=DIRECTION('center_axis',(-0.0778074404557644,0.993174640046087,-0.0868915219054728));
#2826=DIRECTION('ref_axis',(0.66655032092269,0.1166350633391,0.736279112618132));
#2827=DIRECTION('',(0.0778074404557644,-0.993174640046086,0.0868915219054727));
#2828=DIRECTION('center_axis',(0.,-1.,0.));
#2829=DIRECTION('ref_axis',(0.667091908073388,0.,0.744975426563189));
#2830=DIRECTION('',(-0.0778074404557644,0.993174640046086,-0.0868915219054727));
#2831=DIRECTION('center_axis',(0.,-1.,0.));
#2832=DIRECTION('ref_axis',(0.667091908073388,0.,0.744975426563189));
#2833=DIRECTION('',(0.0778074404557644,-0.993174640046086,0.0868915219054727));
#2834=DIRECTION('center_axis',(-0.991350645834256,-0.0863138989863336,-0.0988625704995579));
#2835=DIRECTION('ref_axis',(0.0859399076705202,-0.996267854450598,0.00804328651637889));
#2836=DIRECTION('',(0.0992329085600581,0.,-0.995064234036533));
#2837=DIRECTION('',(0.0992329085600581,0.,-0.995064234036533));
#2838=DIRECTION('',(0.0778074404557644,-0.993174640046086,0.0868915219054727));
#2839=DIRECTION('',(-0.0992329085600581,0.,0.995064234036533));
#2840=DIRECTION('',(-0.0867388241198142,0.996231085838176,0.));
#2841=DIRECTION('',(-0.0992329085600581,0.,0.995064234036533));
#2842=DIRECTION('',(0.0778074404557644,-0.993174640046086,0.0868915219054727));
#2843=DIRECTION('',(-0.0961778439663215,-0.0347377084181147,0.994757816729202));
#2844=DIRECTION('',(-0.0867388241198142,0.996231085838176,0.));
#2845=DIRECTION('',(0.102165569376658,-0.0347168818825295,-0.994161422781179));
#2846=DIRECTION('',(0.0778074404557644,-0.993174640046086,0.0868915219054727));
#2847=DIRECTION('',(-0.0992329085600581,0.,0.995064234036533));
#2848=DIRECTION('',(0.0867388241198142,-0.996231085838176,0.));
#2849=DIRECTION('',(-0.0992329085600581,0.,0.995064234036533));
#2850=DIRECTION('center_axis',(-0.991350645834256,-0.0863138989863336,-0.0988625704995579));
#2851=DIRECTION('ref_axis',(0.0859399076705202,-0.996267854450598,0.00804328651637889));
#2852=DIRECTION('',(-0.0992329085600581,0.,0.995064234036533));
#2853=DIRECTION('',(0.0867388241198142,-0.996231085838176,0.));
#2854=DIRECTION('',(-0.0992329085600581,0.,0.995064234036533));
#2855=DIRECTION('',(0.0778074404557644,-0.993174640046086,0.0868915219054727));
#2856=DIRECTION('',(0.0828056999181992,0.173051819616115,-0.981425638440635));
#2857=DIRECTION('',(0.0867388241198142,-0.996231085838176,0.));
#2858=DIRECTION('center_axis',(-0.991350645834256,0.0863138989863336,0.0988625704995579));
#2859=DIRECTION('ref_axis',(-0.0859399076705202,-0.996267854450598,0.00804328651637889));
#2860=DIRECTION('center_axis',(-0.991350645834256,0.0863138989863336,0.0988625704995579));
#2861=DIRECTION('ref_axis',(0.0984899659575277,-0.00857522311459483,0.995101096449109));
#2862=DIRECTION('',(-0.0778074404557644,-0.993174640046086,0.0868915219054727));
#2863=DIRECTION('',(-0.0992329085600581,0.,-0.995064234036533));
#2864=DIRECTION('',(-0.0867388241198142,-0.996231085838176,0.));
#2865=DIRECTION('',(-0.0992329085600581,0.,-0.995064234036533));
#2866=DIRECTION('center_axis',(0.,0.,1.));
#2867=DIRECTION('ref_axis',(1.,0.,0.));
#2868=DIRECTION('center_axis',(0.,0.,1.));
#2869=DIRECTION('ref_axis',(1.,0.,0.));
#2870=DIRECTION('center_axis',(-0.991350645834256,-0.0863138989863336,-0.0988625704995579));
#2871=DIRECTION('ref_axis',(0.0859399076705202,-0.996267854450598,0.00804328651637889));
#2872=DIRECTION('center_axis',(0.991350645834256,0.0863138989863336,0.0988625704995579));
#2873=DIRECTION('ref_axis',(-0.0984899659575283,-0.00857522311458971,0.995101096449109));
#2874=DIRECTION('',(-0.0992329085600581,0.,0.995064234036533));
#2875=DIRECTION('',(-0.0867388241198142,0.996231085838176,0.));
#2876=DIRECTION('',(-0.0992329085600581,0.,0.995064234036533));
#2877=DIRECTION('',(0.0778074404557644,-0.993174640046086,0.0868915219054727));
#2878=DIRECTION('center_axis',(0.,0.,1.));
#2879=DIRECTION('ref_axis',(-1.,-1.22464679914735E-16,0.));
#2880=DIRECTION('center_axis',(0.,0.,1.));
#2881=DIRECTION('ref_axis',(1.,0.,0.));
#2882=DIRECTION('center_axis',(-0.0778074404557644,0.993174640046087,-0.0868915219054728));
#2883=DIRECTION('ref_axis',(0.66655032092269,0.1166350633391,0.736279112618132));
#2884=DIRECTION('center_axis',(0.,-0.999390827019096,0.034899496702501));
#2885=DIRECTION('ref_axis',(0.830541322240408,0.0194375193672346,0.556617727791708));
#2886=DIRECTION('center_axis',(0.,-1.,0.));
#2887=DIRECTION('ref_axis',(0.667091908073388,0.,0.744975426563189));
#2888=DIRECTION('',(-0.0778074404557644,0.993174640046086,-0.0868915219054727));
#2889=DIRECTION('center_axis',(0.,-1.,0.));
#2890=DIRECTION('ref_axis',(0.667091908073388,0.,0.744975426563189));
#2891=DIRECTION('center_axis',(-0.0778074404557644,-0.993174640046087,0.0868915219054728));
#2892=DIRECTION('ref_axis',(-0.66655032092269,0.1166350633391,0.736279112618132));
#2893=DIRECTION('center_axis',(0.,-0.999390827019096,0.034899496702501));
#2894=DIRECTION('ref_axis',(-0.830541322240408,0.0194375193672346,0.556617727791708));
#2895=DIRECTION('center_axis',(0.,-1.,0.));
#2896=DIRECTION('ref_axis',(-0.667091908073388,0.,0.744975426563189));
#2897=DIRECTION('',(0.0778074404557644,0.993174640046086,-0.0868915219054727));
#2898=DIRECTION('center_axis',(0.,-1.,0.));
#2899=DIRECTION('ref_axis',(-0.667091908073388,0.,0.744975426563189));
#2900=DIRECTION('center_axis',(-0.0778074404557644,-0.993174640046087,0.0868915219054728));
#2901=DIRECTION('ref_axis',(-0.66655032092269,0.1166350633391,0.736279112618132));
#2902=DIRECTION('center_axis',(0.,0.999390827019096,0.034899496702501));
#2903=DIRECTION('ref_axis',(-0.539287303852852,-0.0293896285957177,0.841608848357791));
#2904=DIRECTION('center_axis',(0.,-1.,0.));
#2905=DIRECTION('ref_axis',(-0.667091908073388,0.,0.744975426563189));
#2906=DIRECTION('center_axis',(0.,0.999390827019096,-0.034899496702501));
#2907=DIRECTION('ref_axis',(-1.,0.,0.));
#2908=DIRECTION('',(1.,0.,0.));
#2909=DIRECTION('center_axis',(0.,-0.999390827019096,-0.034899496702501));
#2910=DIRECTION('ref_axis',(1.,0.,0.));
#2911=DIRECTION('',(-1.,0.,0.));
#2912=DIRECTION('center_axis',(-0.991350645834256,0.0863138989863336,0.0988625704995579));
#2913=DIRECTION('ref_axis',(-0.0859399076705202,-0.996267854450598,0.00804328651637889));
#2914=DIRECTION('',(0.0867388241198142,0.996231085838176,0.));
#2915=DIRECTION('',(0.0828056999181992,-0.173051819616115,0.981425638440635));
#2916=DIRECTION('',(-0.0778074404557644,-0.993174640046086,0.0868915219054727));
#2917=DIRECTION('',(-0.0992329085600581,0.,-0.995064234036533));
#2918=DIRECTION('',(0.0867388241198142,0.996231085838176,0.));
#2919=DIRECTION('',(-0.0992329085600581,0.,-0.995064234036533));
#2920=DIRECTION('',(-0.0778074404557644,-0.993174640046086,0.0868915219054727));
#2921=DIRECTION('center_axis',(0.,-0.999390827019096,-0.034899496702501));
#2922=DIRECTION('ref_axis',(1.,0.,0.));
#2923=DIRECTION('center_axis',(0.,0.999390827019096,0.034899496702501));
#2924=DIRECTION('ref_axis',(0.539287303852852,-0.0293896285957177,0.841608848357791));
#2925=DIRECTION('',(1.,0.,0.));
#2926=DIRECTION('center_axis',(0.,0.999390827019096,-0.034899496702501));
#2927=DIRECTION('ref_axis',(-1.,0.,0.));
#2928=DIRECTION('',(-1.,0.,0.));
#2929=DIRECTION('center_axis',(-0.0778074404557644,0.993174640046087,-0.0868915219054728));
#2930=DIRECTION('ref_axis',(0.66655032092269,0.1166350633391,0.736279112618132));
#2931=DIRECTION('center_axis',(0.,-1.,0.));
#2932=DIRECTION('ref_axis',(0.667091908073388,0.,0.744975426563189));
#2933=DIRECTION('center_axis',(0.999390827019096,0.,-0.034899496702501));
#2934=DIRECTION('ref_axis',(0.,1.,0.));
#2935=DIRECTION('',(0.0343699260770903,-0.173545582773559,0.984225908458643));
#2936=DIRECTION('center_axis',(0.999390827019096,0.,-0.034899496702501));
#2937=DIRECTION('ref_axis',(0.034899496702501,9.68899941110679E-15,0.999390827019096));
#2938=DIRECTION('',(0.,-1.,0.));
#2939=DIRECTION('center_axis',(-0.999390827019096,0.,-0.034899496702501));
#2940=DIRECTION('ref_axis',(0.,-1.,0.));
#2941=DIRECTION('',(0.0343699260770903,0.173545582773559,-0.984225908458643));
#2942=DIRECTION('',(0.,1.,0.));
#2943=DIRECTION('center_axis',(-0.999390827019096,0.,-0.034899496702501));
#2944=DIRECTION('ref_axis',(-0.034899496702501,9.68899941110679E-15,0.999390827019096));
#2945=DIRECTION('center_axis',(1.,9.59675196041156E-17,-8.39607003206198E-18));
#2946=DIRECTION('ref_axis',(-7.46349597834159E-17,0.67559020761566,0.737277336810124));
#2947=DIRECTION('',(-1.,-9.59675196041156E-17,8.39607003206198E-18));
#2948=DIRECTION('center_axis',(0.997906184251245,0.0112312218679794,-0.0636954243919634));
#2949=DIRECTION('ref_axis',(0.064678028982956,-0.173284590377788,0.982745747029455));
#2950=DIRECTION('center_axis',(1.,9.59675196041156E-17,-8.39607003206198E-18));
#2951=DIRECTION('ref_axis',(-7.46349597834159E-17,0.67559020761566,0.737277336810124));
#2952=DIRECTION('center_axis',(-0.997906184251245,0.0112312218679791,-0.0636954243919633));
#2953=DIRECTION('ref_axis',(-0.0646780289829559,-0.173284590377789,0.982745747029455));
#2954=DIRECTION('',(-1.,-9.59675196041156E-17,8.39607003206198E-18));
#2955=DIRECTION('center_axis',(0.,0.,1.));
#2956=DIRECTION('ref_axis',(-1.83697019872103E-16,-1.,0.));
#2957=DIRECTION('center_axis',(0.,0.,1.));
#2958=DIRECTION('ref_axis',(1.,0.,0.));
#2959=DIRECTION('center_axis',(0.,0.,1.));
#2960=DIRECTION('ref_axis',(1.,0.,0.));
#2961=DIRECTION('center_axis',(0.,0.,1.));
#2962=DIRECTION('ref_axis',(1.,0.,0.));
#2963=DIRECTION('',(0.,0.,1.));
#2964=DIRECTION('center_axis',(0.,0.,1.));
#2965=DIRECTION('ref_axis',(1.,0.,0.));
#2966=DIRECTION('center_axis',(0.,0.,1.));
#2967=DIRECTION('ref_axis',(1.,0.,0.));
#2968=DIRECTION('center_axis',(0.,0.,-1.));
#2969=DIRECTION('ref_axis',(1.,0.,0.));
#2970=DIRECTION('center_axis',(0.,0.,1.));
#2971=DIRECTION('ref_axis',(1.,0.,0.));
#2972=DIRECTION('center_axis',(0.,0.,1.));
#2973=DIRECTION('ref_axis',(1.,0.,0.));
#2974=DIRECTION('',(0.,0.,1.));
#2975=DIRECTION('center_axis',(0.,0.,1.));
#2976=DIRECTION('ref_axis',(1.,0.,0.));
#2977=DIRECTION('center_axis',(0.,0.,1.));
#2978=DIRECTION('ref_axis',(1.,0.,0.));
#2979=DIRECTION('center_axis',(0.,0.,-1.));
#2980=DIRECTION('ref_axis',(1.,0.,0.));
#2981=DIRECTION('center_axis',(0.,0.,1.));
#2982=DIRECTION('ref_axis',(1.,0.,0.));
#2983=DIRECTION('center_axis',(0.,0.,1.));
#2984=DIRECTION('ref_axis',(1.,0.,0.));
#2985=DIRECTION('',(0.,0.,1.));
#2986=DIRECTION('center_axis',(0.,0.,1.));
#2987=DIRECTION('ref_axis',(1.,0.,0.));
#2988=DIRECTION('center_axis',(0.,0.,1.));
#2989=DIRECTION('ref_axis',(1.,0.,0.));
#2990=DIRECTION('center_axis',(0.,0.,-1.));
#2991=DIRECTION('ref_axis',(1.,0.,0.));
#2992=DIRECTION('center_axis',(-0.0778074404557644,-0.993174640046087,0.0868915219054728));
#2993=DIRECTION('ref_axis',(-0.66655032092269,0.1166350633391,0.736279112618132));
#2994=DIRECTION('center_axis',(0.,1.,0.));
#2995=DIRECTION('ref_axis',(0.,0.,1.));
#2996=DIRECTION('',(-1.,0.,0.));
#2997=DIRECTION('center_axis',(0.,-1.,0.));
#2998=DIRECTION('ref_axis',(0.667091908073385,-3.74989144971018E-22,0.744975426563192));
#2999=DIRECTION('',(-1.,0.,0.));
#3000=DIRECTION('center_axis',(0.,-1.,0.));
#3001=DIRECTION('ref_axis',(-0.667091908073385,-3.74989144971018E-22,0.744975426563192));
#3002=DIRECTION('center_axis',(-0.0778074404557644,0.993174640046087,-0.0868915219054728));
#3003=DIRECTION('ref_axis',(0.66655032092269,0.1166350633391,0.736279112618132));
#3004=DIRECTION('center_axis',(0.,0.,1.));
#3005=DIRECTION('ref_axis',(1.,0.,0.));
#3006=DIRECTION('',(0.,0.,-1.));
#3007=DIRECTION('center_axis',(0.,0.,1.));
#3008=DIRECTION('ref_axis',(1.,0.,0.));
#3009=DIRECTION('center_axis',(0.,1.,0.));
#3010=DIRECTION('ref_axis',(0.,0.,1.));
#3011=DIRECTION('',(-1.,0.,0.));
#3012=DIRECTION('center_axis',(0.,0.,1.));
#3013=DIRECTION('ref_axis',(1.,0.,0.));
#3014=DIRECTION('',(0.,0.,-1.));
#3015=DIRECTION('center_axis',(0.,0.,1.));
#3016=DIRECTION('ref_axis',(1.,0.,0.));
#3017=DIRECTION('center_axis',(0.,0.,1.));
#3018=DIRECTION('ref_axis',(1.,0.,0.));
#3019=DIRECTION('',(0.,0.,-1.));
#3020=DIRECTION('center_axis',(0.,0.,1.));
#3021=DIRECTION('ref_axis',(1.,0.,0.));
#3022=DIRECTION('',(-1.,-9.44870659255452E-17,0.));
#3023=DIRECTION('center_axis',(-0.14708822597002,-0.171759471803137,0.974096369784273));
#3024=DIRECTION('ref_axis',(0.989123376420248,-0.0255416023959552,0.144853625312087));
#3025=DIRECTION('center_axis',(0.997906184251245,0.0112312218679794,-0.0636954243919634));
#3026=DIRECTION('ref_axis',(0.064678028982956,-0.173284590377788,0.982745747029455));
#3027=DIRECTION('center_axis',(1.,9.59675196041156E-17,-8.39607003206198E-18));
#3028=DIRECTION('ref_axis',(-7.46349597834159E-17,0.67559020761566,0.737277336810124));
#3029=DIRECTION('center_axis',(0.,1.,0.));
#3030=DIRECTION('ref_axis',(0.,0.,1.));
#3031=DIRECTION('center_axis',(0.,-1.,0.));
#3032=DIRECTION('ref_axis',(-0.667091908073388,0.,0.744975426563189));
#3033=DIRECTION('',(-1.,0.,0.));
#3034=DIRECTION('',(-1.,0.,0.));
#3035=DIRECTION('',(-0.0992329085600581,0.,0.995064234036533));
#3036=DIRECTION('center_axis',(0.,-1.,0.));
#3037=DIRECTION('ref_axis',(0.667091908073385,-3.74989144971018E-22,0.744975426563192));
#3038=DIRECTION('',(-1.,0.,0.));
#3039=DIRECTION('center_axis',(0.,-1.,0.));
#3040=DIRECTION('ref_axis',(-0.667091908073385,-3.74989144971018E-22,0.744975426563192));
#3041=DIRECTION('',(-0.0992329085600581,0.,-0.995064234036533));
#3042=DIRECTION('',(-1.,0.,0.));
#3043=DIRECTION('center_axis',(0.,0.,1.));
#3044=DIRECTION('ref_axis',(1.,0.,0.));
#3045=DIRECTION('',(1.,0.,0.));
#3046=DIRECTION('',(0.0867388241198142,-0.996231085838176,0.));
#3047=DIRECTION('center_axis',(0.,0.,1.));
#3048=DIRECTION('ref_axis',(1.,0.,0.));
#3049=DIRECTION('',(0.0867388241198142,0.996231085838176,0.));
#3050=DIRECTION('',(1.,0.,0.));
#3051=DIRECTION('center_axis',(-0.991350645834256,0.0863138989863336,0.0988625704995579));
#3052=DIRECTION('ref_axis',(-0.0859399076705202,-0.996267854450598,0.00804328651637889));
#3053=DIRECTION('',(-0.0778074404557644,-0.993174640046086,0.0868915219054727));
#3054=DIRECTION('',(-0.0992329085600581,0.,-0.995064234036533));
#3055=DIRECTION('center_axis',(-0.991350645834256,-0.0863138989863336,-0.0988625704995579));
#3056=DIRECTION('ref_axis',(0.0859399076705202,-0.996267854450598,0.00804328651637889));
#3057=DIRECTION('',(-0.0992329085600581,0.,0.995064234036533));
#3058=DIRECTION('',(0.0778074404557644,-0.993174640046086,0.0868915219054727));
#3059=DIRECTION('center_axis',(0.,1.,0.));
#3060=DIRECTION('ref_axis',(0.,0.,1.));
#3061=DIRECTION('center_axis',(0.,-1.,0.));
#3062=DIRECTION('ref_axis',(-0.667091908073385,-3.74989144971018E-22,0.744975426563192));
#3063=DIRECTION('',(-1.,0.,0.));
#3064=DIRECTION('center_axis',(0.,-1.,0.));
#3065=DIRECTION('ref_axis',(0.667091908073385,-3.74989144971018E-22,0.744975426563192));
#3066=DIRECTION('',(-1.,0.,0.));
#3067=DIRECTION('center_axis',(-0.0778074404557644,0.993174640046087,-0.0868915219054728));
#3068=DIRECTION('ref_axis',(0.66655032092269,0.1166350633391,0.736279112618131));
#3069=DIRECTION('',(-0.0778074404557644,0.993174640046086,-0.0868915219054727));
#3070=DIRECTION('center_axis',(0.,0.0871557427476582,0.996194698091746));
#3071=DIRECTION('ref_axis',(1.,0.,0.));
#3072=DIRECTION('',(0.0778074404557644,0.993174640046086,-0.0868915219054727));
#3073=DIRECTION('center_axis',(-0.0778074404557644,-0.993174640046087,0.0868915219054728));
#3074=DIRECTION('ref_axis',(-0.66655032092269,0.1166350633391,0.736279112618131));
#3075=DIRECTION('center_axis',(0.,1.,0.));
#3076=DIRECTION('ref_axis',(0.,0.,1.));
#3077=DIRECTION('center_axis',(0.,-1.,0.));
#3078=DIRECTION('ref_axis',(-0.667091908073388,0.,0.744975426563189));
#3079=DIRECTION('',(-1.,0.,0.));
#3080=DIRECTION('center_axis',(0.,-1.,0.));
#3081=DIRECTION('ref_axis',(0.667091908073388,0.,0.744975426563189));
#3082=DIRECTION('',(-1.,0.,0.));
#3083=DIRECTION('',(-0.0992329085600581,0.,0.995064234036533));
#3084=DIRECTION('center_axis',(0.,-1.,0.));
#3085=DIRECTION('ref_axis',(0.667091908073385,-3.74989144971018E-22,0.744975426563192));
#3086=DIRECTION('',(-1.,0.,0.));
#3087=DIRECTION('center_axis',(0.,-1.,0.));
#3088=DIRECTION('ref_axis',(-0.667091908073385,-3.74989144971018E-22,0.744975426563192));
#3089=DIRECTION('',(-0.0992329085600581,0.,-0.995064234036533));
#3090=DIRECTION('',(-1.,0.,0.));
#3091=DIRECTION('center_axis',(0.,0.,1.));
#3092=DIRECTION('ref_axis',(1.,0.,0.));
#3093=DIRECTION('',(1.,0.,0.));
#3094=DIRECTION('',(0.0867388241198142,-0.996231085838176,0.));
#3095=DIRECTION('center_axis',(0.,0.,1.));
#3096=DIRECTION('ref_axis',(1.,0.,0.));
#3097=DIRECTION('',(0.0867388241198142,0.996231085838176,0.));
#3098=DIRECTION('',(1.,0.,0.));
#3099=DIRECTION('center_axis',(-0.991350645834256,-0.0863138989863336,-0.0988625704995579));
#3100=DIRECTION('ref_axis',(0.0859399076705202,-0.996267854450598,0.00804328651637889));
#3101=DIRECTION('',(-0.0992329085600581,0.,0.995064234036533));
#3102=DIRECTION('',(0.0778074404557644,-0.993174640046086,0.0868915219054727));
#3103=DIRECTION('center_axis',(-0.991350645834256,0.0863138989863336,0.0988625704995579));
#3104=DIRECTION('ref_axis',(-0.0859399076705202,-0.996267854450598,0.00804328651637889));
#3105=DIRECTION('',(-0.0778074404557644,-0.993174640046086,0.0868915219054727));
#3106=DIRECTION('',(-0.0992329085600581,0.,-0.995064234036533));
#3107=DIRECTION('center_axis',(0.,1.,0.));
#3108=DIRECTION('ref_axis',(0.,0.,1.));
#3109=DIRECTION('center_axis',(0.,-1.,0.));
#3110=DIRECTION('ref_axis',(-0.667091908073385,-3.74989144971018E-22,0.744975426563192));
#3111=DIRECTION('',(-1.,0.,0.));
#3112=DIRECTION('center_axis',(0.,-1.,0.));
#3113=DIRECTION('ref_axis',(0.667091908073385,-3.74989144971018E-22,0.744975426563192));
#3114=DIRECTION('',(-1.,0.,0.));
#3115=DIRECTION('center_axis',(0.,-1.,0.));
#3116=DIRECTION('ref_axis',(-0.667091908073388,0.,0.744975426563189));
#3117=DIRECTION('center_axis',(-0.0778074404557644,0.993174640046087,-0.0868915219054728));
#3118=DIRECTION('ref_axis',(0.66655032092269,0.1166350633391,0.736279112618131));
#3119=DIRECTION('',(-0.0778074404557644,0.993174640046086,-0.0868915219054727));
#3120=DIRECTION('center_axis',(0.,0.0871557427476582,0.996194698091746));
#3121=DIRECTION('ref_axis',(1.,0.,0.));
#3122=DIRECTION('',(0.0778074404557644,0.993174640046086,-0.0868915219054727));
#3123=DIRECTION('center_axis',(-0.0778074404557644,-0.993174640046087,0.0868915219054728));
#3124=DIRECTION('ref_axis',(-0.66655032092269,0.1166350633391,0.736279112618131));
#3125=DIRECTION('center_axis',(0.,1.,0.));
#3126=DIRECTION('ref_axis',(0.,0.,1.));
#3127=DIRECTION('center_axis',(0.,-1.,0.));
#3128=DIRECTION('ref_axis',(0.667091908073388,0.,0.744975426563189));
#3129=DIRECTION('',(-1.,0.,0.));
#3130=DIRECTION('center_axis',(0.,-1.,0.));
#3131=DIRECTION('ref_axis',(-0.667091908073388,0.,0.744975426563189));
#3132=DIRECTION('',(-1.,0.,0.));
#3133=DIRECTION('center_axis',(0.,-1.,0.));
#3134=DIRECTION('ref_axis',(-0.667091908073385,-3.74989144971018E-22,0.744975426563192));
#3135=DIRECTION('',(-1.,0.,0.));
#3136=DIRECTION('center_axis',(0.,-1.,0.));
#3137=DIRECTION('ref_axis',(0.667091908073385,-3.74989144971018E-22,0.744975426563192));
#3138=DIRECTION('',(-1.,0.,0.));
#3139=DIRECTION('center_axis',(0.,0.,1.));
#3140=DIRECTION('ref_axis',(1.,0.,0.));
#3141=DIRECTION('center_axis',(0.,0.,1.));
#3142=DIRECTION('ref_axis',(1.,0.,0.));
#3143=DIRECTION('',(-1.,0.,0.));
#3144=DIRECTION('center_axis',(0.,1.,0.));
#3145=DIRECTION('ref_axis',(0.,0.,1.));
#3146=DIRECTION('center_axis',(-0.0778074404557644,0.993174640046087,-0.0868915219054728));
#3147=DIRECTION('ref_axis',(0.66655032092269,0.1166350633391,0.736279112618131));
#3148=DIRECTION('',(-0.0778074404557644,0.993174640046086,-0.0868915219054727));
#3149=DIRECTION('center_axis',(0.,0.0871557427476582,0.996194698091746));
#3150=DIRECTION('ref_axis',(1.,0.,0.));
#3151=DIRECTION('',(0.0778074404557644,0.993174640046086,-0.0868915219054727));
#3152=DIRECTION('center_axis',(-0.0778074404557644,-0.993174640046087,0.0868915219054728));
#3153=DIRECTION('ref_axis',(-0.66655032092269,0.1166350633391,0.736279112618131));
#3154=DIRECTION('center_axis',(0.,1.,0.));
#3155=DIRECTION('ref_axis',(0.,0.,1.));
#3156=DIRECTION('center_axis',(0.,0.0871557427476582,0.996194698091746));
#3157=DIRECTION('ref_axis',(1.,0.,0.));
#3158=DIRECTION('center_axis',(-0.0778074404557644,-0.993174640046087,0.0868915219054728));
#3159=DIRECTION('ref_axis',(-0.66655032092269,0.1166350633391,0.736279112618132));
#3160=DIRECTION('center_axis',(0.,1.,0.));
#3161=DIRECTION('ref_axis',(-0.667091908073388,0.,0.744975426563189));
#3162=DIRECTION('',(0.0778074404557644,0.993174640046086,-0.0868915219054727));
#3163=DIRECTION('center_axis',(-0.0778074404557644,0.993174640046087,-0.0868915219054728));
#3164=DIRECTION('ref_axis',(0.66655032092269,0.1166350633391,0.736279112618132));
#3165=DIRECTION('center_axis',(0.,1.,0.));
#3166=DIRECTION('ref_axis',(0.667091908073388,0.,0.744975426563189));
#3167=DIRECTION('',(-0.0778074404557644,0.993174640046086,-0.0868915219054727));
#3168=DIRECTION('center_axis',(0.,0.0871557427476582,0.996194698091746));
#3169=DIRECTION('ref_axis',(1.,0.,0.));
#3170=DIRECTION('',(1.,0.,0.));
#3171=DIRECTION('center_axis',(0.,1.,0.));
#3172=DIRECTION('ref_axis',(0.,0.,1.));
#3173=DIRECTION('',(-0.0992329085600581,0.,0.995064234036533));
#3174=DIRECTION('center_axis',(0.,-1.,0.));
#3175=DIRECTION('ref_axis',(0.667091908073397,0.,0.744975426563181));
#3176=DIRECTION('',(-1.,0.,0.));
#3177=DIRECTION('center_axis',(0.,-1.,0.));
#3178=DIRECTION('ref_axis',(-0.667091908073397,0.,0.744975426563181));
#3179=DIRECTION('',(-0.0992329085600581,0.,-0.995064234036533));
#3180=DIRECTION('center_axis',(-0.991350645834256,-0.0863138989863336,-0.0988625704995579));
#3181=DIRECTION('ref_axis',(0.0859399076705202,-0.996267854450598,0.00804328651637889));
#3182=DIRECTION('',(-0.0863138989863336,-0.138653705761121,0.986572379869052));
#3183=DIRECTION('center_axis',(0.,-0.99026806874157,-0.139173100960065));
#3184=DIRECTION('ref_axis',(1.,0.,0.));
#3185=DIRECTION('',(0.0863138989863336,-0.138653705761121,0.986572379869052));
#3186=DIRECTION('center_axis',(0.,0.99026806874157,0.139173100960065));
#3187=DIRECTION('ref_axis',(-0.327771933490992,-0.131484744444694,0.935562569577198));
#3188=DIRECTION('center_axis',(0.,0.99026806874157,0.139173100960065));
#3189=DIRECTION('ref_axis',(-0.32777193349099,-0.131484744444694,0.935562569577199));
#3190=DIRECTION('',(0.0863138989863336,-0.138653705761121,0.986572379869052));
#3191=DIRECTION('center_axis',(-0.991350645834256,0.0863138989863336,0.0988625704995579));
#3192=DIRECTION('ref_axis',(-0.0859399076705202,-0.996267854450598,0.00804328651637889));
#3193=DIRECTION('',(-0.0778074404557644,-0.993174640046086,0.0868915219054727));
#3194=DIRECTION('center_axis',(-0.991350645834256,-0.0863138989863336,-0.0988625704995579));
#3195=DIRECTION('ref_axis',(0.0859399076705202,-0.996267854450598,0.00804328651637889));
#3196=DIRECTION('',(0.0863138989863336,0.138653705761121,-0.986572379869052));
#3197=DIRECTION('',(0.0778074404557644,-0.993174640046086,0.0868915219054727));
#3198=DIRECTION('center_axis',(0.0863138989863336,-0.138653705761121,0.986572379869052));
#3199=DIRECTION('ref_axis',(-0.738594450759564,-0.673480706678033,-0.0300328992878695));
#3200=DIRECTION('center_axis',(-0.0863138989863302,0.138653705761123,-0.986572379869052));
#3201=DIRECTION('ref_axis',(0.,-0.99026806874157,-0.139173100960067));
#3202=DIRECTION('center_axis',(0.,0.99026806874157,0.139173100960065));
#3203=DIRECTION('ref_axis',(0.32777193349099,-0.131484744444694,0.935562569577199));
#3204=DIRECTION('center_axis',(-0.0863138989863338,-0.138653705761122,0.986572379869052));
#3205=DIRECTION('ref_axis',(0.,-0.99026806874157,-0.139173100960066));
#3206=DIRECTION('center_axis',(-1.,2.53724019944559E-16,-1.80534020935514E-15));
#3207=DIRECTION('ref_axis',(0.,-0.990268068741571,-0.139173100960064));
#3208=DIRECTION('center_axis',(-1.,0.,0.));
#3209=DIRECTION('ref_axis',(0.,-0.990268068741571,-0.139173100960064));
#3210=DIRECTION('center_axis',(0.,0.0871557427476582,0.996194698091746));
#3211=DIRECTION('ref_axis',(1.,0.,0.));
#3212=DIRECTION('',(-1.,0.,0.));
#3213=DIRECTION('',(0.0778074404557644,0.993174640046086,-0.0868915219054727));
#3214=DIRECTION('',(-0.0778074404557644,0.993174640046086,-0.0868915219054727));
#3215=DIRECTION('center_axis',(0.,-0.99026806874157,-0.139173100960065));
#3216=DIRECTION('ref_axis',(1.,0.,0.));
#3217=DIRECTION('',(0.0863138989863336,0.138653705761121,-0.986572379869052));
#3218=DIRECTION('center_axis',(0.,0.99026806874157,0.139173100960065));
#3219=DIRECTION('ref_axis',(0.327771933490992,-0.131484744444694,0.935562569577198));
#3220=DIRECTION('center_axis',(-0.0778074404557644,-0.993174640046087,0.0868915219054728));
#3221=DIRECTION('ref_axis',(-0.66655032092269,0.1166350633391,0.736279112618132));
#3222=DIRECTION('center_axis',(1.,0.,0.));
#3223=DIRECTION('ref_axis',(0.,-0.725374371012291,0.688354575693751));
#3224=DIRECTION('',(-1.,0.,0.));
#3225=DIRECTION('center_axis',(-0.0863138989863336,-0.138653705761121,0.986572379869052));
#3226=DIRECTION('ref_axis',(0.738594450759561,-0.673480706678036,-0.0300328992878701));
#3227=DIRECTION('center_axis',(-0.0778074404557644,0.993174640046087,-0.0868915219054728));
#3228=DIRECTION('ref_axis',(0.66655032092269,0.1166350633391,0.736279112618132));
#3229=DIRECTION('center_axis',(0.,1.,0.));
#3230=DIRECTION('ref_axis',(0.,0.,1.));
#3231=DIRECTION('center_axis',(0.,0.,1.));
#3232=DIRECTION('ref_axis',(1.,0.,0.));
#3233=DIRECTION('',(0.0867388241198142,0.996231085838176,0.));
#3234=DIRECTION('center_axis',(0.,0.,1.));
#3235=DIRECTION('ref_axis',(-0.431632756523651,0.902049424087059,0.));
#3236=DIRECTION('',(1.,9.44870659255452E-17,0.));
#3237=DIRECTION('center_axis',(0.,0.,1.));
#3238=DIRECTION('ref_axis',(0.43163275652365,0.902049424087059,0.));
#3239=DIRECTION('center_axis',(0.,0.,-1.));
#3240=DIRECTION('ref_axis',(0.43163275652365,0.902049424087059,0.));
#3241=DIRECTION('',(1.,9.44870659255452E-17,0.));
#3242=DIRECTION('center_axis',(0.,0.,-1.));
#3243=DIRECTION('ref_axis',(-0.43163275652365,0.902049424087059,0.));
#3244=DIRECTION('',(0.0867388241198142,0.996231085838176,0.));
#3245=DIRECTION('center_axis',(0.,0.,1.));
#3246=DIRECTION('ref_axis',(1.,0.,0.));
#3247=DIRECTION('',(0.0867388241198142,0.996231085838176,0.));
#3248=DIRECTION('center_axis',(0.,0.,-1.));
#3249=DIRECTION('ref_axis',(-0.43163275652365,0.902049424087059,0.));
#3250=DIRECTION('',(1.,9.44870659255452E-17,0.));
#3251=DIRECTION('center_axis',(0.,0.,-1.));
#3252=DIRECTION('ref_axis',(0.43163275652365,0.902049424087059,0.));
#3253=DIRECTION('center_axis',(0.,0.,-1.));
#3254=DIRECTION('ref_axis',(0.431632756523652,0.902049424087058,0.));
#3255=DIRECTION('',(1.,9.44870659255452E-17,0.));
#3256=DIRECTION('center_axis',(0.,0.,-1.));
#3257=DIRECTION('ref_axis',(-0.431632756523652,0.902049424087058,0.));
#3258=DIRECTION('center_axis',(0.,0.0871557427476582,0.996194698091746));
#3259=DIRECTION('ref_axis',(1.,0.,0.));
#3260=DIRECTION('',(0.0778074404557644,0.993174640046086,-0.0868915219054727));
#3261=DIRECTION('center_axis',(-0.0778074404557644,-0.993174640046087,0.0868915219054728));
#3262=DIRECTION('ref_axis',(-0.66655032092269,0.1166350633391,0.736279112618132));
#3263=DIRECTION('center_axis',(-9.30515950828526E-17,0.984807753012208,
0.17364817766693));
#3264=DIRECTION('ref_axis',(-1.,-9.44870659255452E-17,0.));
#3265=DIRECTION('',(-0.0828056999181992,0.173051819616115,-0.981425638440635));
#3266=DIRECTION('',(-0.0828056999181992,-0.173051819616115,0.981425638440635));
#3267=DIRECTION('center_axis',(-0.0828056999181992,-0.173051819616115,0.981425638440635));
#3268=DIRECTION('ref_axis',(0.667710218164959,0.721438852077705,0.183545763424018));
#3269=DIRECTION('center_axis',(0.0828056999181992,-0.173051819616115,0.981425638440635));
#3270=DIRECTION('ref_axis',(-0.667710218164959,0.721438852077705,0.183545763424018));
#3271=DIRECTION('',(0.0828056999181992,-0.173051819616115,0.981425638440635));
#3272=DIRECTION('center_axis',(-0.991350645834256,0.0863138989863336,0.0988625704995579));
#3273=DIRECTION('ref_axis',(-0.0859399076705202,-0.996267854450598,0.00804328651637889));
#3274=DIRECTION('center_axis',(-0.0828056999181992,-0.173051819616115,0.981425638440635));
#3275=DIRECTION('ref_axis',(0.667710218164959,0.721438852077705,0.183545763424018));
#3276=DIRECTION('',(-0.0828056999181992,-0.173051819616115,0.981425638440635));
#3277=DIRECTION('center_axis',(-0.143681782550339,-0.171846393997138,0.974589330042833));
#3278=DIRECTION('ref_axis',(0.989623941385392,-0.0249500797038023,0.141498933422188));
#3279=DIRECTION('center_axis',(-0.0772717218830399,-0.155451595137194,0.984816674598136));
#3280=DIRECTION('ref_axis',(0.295745076231265,0.939738519148438,0.171541148164704));
#3281=DIRECTION('center_axis',(-9.30515950828526E-17,0.984807753012208,
0.17364817766693));
#3282=DIRECTION('ref_axis',(-1.,-9.44870659255452E-17,0.));
#3283=DIRECTION('',(-0.0828056999181992,0.173051819616115,-0.981425638440635));
#3284=DIRECTION('',(-1.,-9.59675196041156E-17,8.39607003206198E-18));
#3285=DIRECTION('center_axis',(0.0828056999181992,-0.173051819616115,0.981425638440635));
#3286=DIRECTION('ref_axis',(-0.667710218164959,0.721438852077705,0.183545763424018));
#3287=DIRECTION('',(0.0828056999181992,-0.173051819616115,0.981425638440635));
#3288=DIRECTION('center_axis',(0.07727172188304,-0.155451595137194,0.984816674598136));
#3289=DIRECTION('ref_axis',(-0.295745076231265,0.939738519148438,0.171541148164704));
#3290=DIRECTION('center_axis',(0.143681782550339,-0.171846393997138,0.974589330042833));
#3291=DIRECTION('ref_axis',(-0.989623941385392,-0.0249500797038029,0.141498933422188));
#3292=DIRECTION('center_axis',(-0.991350645834256,0.0863138989863336,0.0988625704995579));
#3293=DIRECTION('ref_axis',(-0.0859399076705202,-0.996267854450598,0.00804328651637889));
#3294=DIRECTION('center_axis',(0.0828056999181992,-0.173051819616115,0.981425638440635));
#3295=DIRECTION('ref_axis',(-0.667710218164959,0.721438852077705,0.183545763424018));
#3296=DIRECTION('',(-0.0828056999181992,0.173051819616115,-0.981425638440635));
#3297=DIRECTION('center_axis',(0.14708822597002,-0.171759471803137,0.974096369784273));
#3298=DIRECTION('ref_axis',(-0.989123376420249,-0.025541602395956,0.144853625312087));
#3299=DIRECTION('center_axis',(0.0769592007478658,-0.154458600488034,0.984997371649045));
#3300=DIRECTION('ref_axis',(-0.295826554822342,0.939902241479014,0.170500515907341));
#3301=DIRECTION('center_axis',(-9.30515950828526E-17,0.984807753012208,
0.17364817766693));
#3302=DIRECTION('ref_axis',(-1.,-9.44870659255452E-17,0.));
#3303=DIRECTION('',(-0.0828056999181992,-0.173051819616115,0.981425638440635));
#3304=DIRECTION('center_axis',(-0.0828056999181992,-0.173051819616115,0.981425638440635));
#3305=DIRECTION('ref_axis',(0.667710218164959,0.721438852077705,0.183545763424018));
#3306=DIRECTION('center_axis',(-0.0769592007478657,-0.154458600488034,0.984997371649045));
#3307=DIRECTION('ref_axis',(0.295826554822342,0.939902241479014,0.170500515907341));
#3308=DIRECTION('center_axis',(0.,0.0871557427476582,0.996194698091746));
#3309=DIRECTION('ref_axis',(1.,0.,0.));
#3310=DIRECTION('center_axis',(0.,-0.0871557427476582,-0.996194698091746));
#3311=DIRECTION('ref_axis',(0.305673140982008,0.94851334166057,-0.0829841645983914));
#3312=DIRECTION('',(1.,9.59675196041156E-17,-8.39607003206198E-18));
#3313=DIRECTION('center_axis',(0.,-0.0871557427476582,-0.996194698091746));
#3314=DIRECTION('ref_axis',(-0.305673140982008,0.94851334166057,-0.0829841645983914));
#3315=DIRECTION('center_axis',(0.,0.0871557427476582,0.996194698091746));
#3316=DIRECTION('ref_axis',(1.,0.,0.));
#3317=DIRECTION('',(0.0778074404557644,0.993174640046086,-0.0868915219054727));
#3318=DIRECTION('center_axis',(0.,-0.0871557427476582,-0.996194698091746));
#3319=DIRECTION('ref_axis',(-0.305673140982008,0.94851334166057,-0.0829841645983914));
#3320=DIRECTION('',(1.,9.59675196041156E-17,-8.39607003206198E-18));
#3321=DIRECTION('center_axis',(0.,-0.0871557427476582,-0.996194698091746));
#3322=DIRECTION('ref_axis',(0.305673140982008,0.94851334166057,-0.0829841645983914));
#3323=DIRECTION('',(-0.0778074404557644,0.993174640046086,-0.0868915219054727));
#3324=DIRECTION('center_axis',(-0.0778074404557644,-0.993174640046087,0.0868915219054728));
#3325=DIRECTION('ref_axis',(-0.66655032092269,0.1166350633391,0.736279112618132));
#3326=DIRECTION('center_axis',(0.0778074404557663,0.993174640046086,-0.0868915219054727));
#3327=DIRECTION('ref_axis',(-0.991350645834256,0.0863138989863355,0.0988625704995583));
#3328=DIRECTION('center_axis',(-0.0778074404557644,0.993174640046087,-0.0868915219054728));
#3329=DIRECTION('ref_axis',(0.66655032092269,0.1166350633391,0.736279112618132));
#3330=DIRECTION('center_axis',(-0.0778074404557666,0.993174640046086,-0.0868915219054727));
#3331=DIRECTION('ref_axis',(1.11022302462516E-16,0.0871557427476582,0.996194698091746));
#3332=DIRECTION('center_axis',(-0.997906184251245,0.0112312218679791,-0.0636954243919633));
#3333=DIRECTION('ref_axis',(-0.0646780289829559,-0.173284590377789,0.982745747029455));
#3334=DIRECTION('center_axis',(1.,9.59675196041156E-17,-8.39607003206198E-18));
#3335=DIRECTION('ref_axis',(-7.46349597834159E-17,0.67559020761566,0.737277336810124));
#3336=DIRECTION('center_axis',(-0.231721958129507,0.96908032947705,-0.0847835428681681));
#3337=DIRECTION('ref_axis',(3.1720657846433E-17,0.0871557427404751,0.996194698092374));
#3338=DIRECTION('center_axis',(0.998122957199966,0.0106345329826716,-0.0603114335647498));
#3339=DIRECTION('ref_axis',(0.0612418346426261,-0.173322232605301,0.982959226709999));
#3340=DIRECTION('center_axis',(0.231721958129508,0.96908032947705,-0.0847835428681699));
#3341=DIRECTION('ref_axis',(-0.962608557715251,0.240997897896522,0.123712480465075));
#3342=DIRECTION('center_axis',(-0.998122957199966,0.0106345329826714,-0.0603114335647497));
#3343=DIRECTION('ref_axis',(-0.061241834642626,-0.173322232605301,0.982959226709999));
#3344=DIRECTION('center_axis',(1.,9.59675196041156E-17,-8.39607003206198E-18));
#3345=DIRECTION('ref_axis',(-7.46349597834159E-17,0.67559020761566,0.737277336810124));
#3346=CARTESIAN_POINT('',(0.,0.,0.));
#3347=CARTESIAN_POINT('Origin',(0.,-43.5566106933276,-2.19959493049173));
#3348=CARTESIAN_POINT('',(39.8672966166137,-47.4369638938721,10.1484498752225));
#3349=CARTESIAN_POINT('',(39.9761209072352,-47.0532851226597,8.92750878736794));
#3350=CARTESIAN_POINT('Origin',(4.94789263978558,-45.8497813611207,5.09772381592705));
#3351=CARTESIAN_POINT('',(37.8400925887603,-47.4369638938721,10.1484498752225));
#3352=CARTESIAN_POINT('',(0.,-47.4369638938721,10.1484498752225));
#3353=CARTESIAN_POINT('',(37.9745078633809,-46.9845134791431,8.70866393185703));
#3354=CARTESIAN_POINT('Origin',(4.94789263978558,-45.8497813611207,5.09772381592705));
#3355=CARTESIAN_POINT('',(38.4816861328371,-44.7820521221081,1.7));
#3356=CARTESIAN_POINT('',(39.0704938288938,-42.225108586889,-6.4366957353617));
#3357=CARTESIAN_POINT('',(39.4904109510456,-44.7820521221081,1.7));
#3358=CARTESIAN_POINT('',(-6.66133814775094E-15,-44.7820521221081,1.7));
#3359=CARTESIAN_POINT('',(39.6134305545618,-44.2478298590116,0.));
#3360=CARTESIAN_POINT('',(40.0744339010368,-42.2458867214168,-6.37057563678599));
#3361=CARTESIAN_POINT('',(40.6221553727703,-44.2478298590116,0.));
#3362=CARTESIAN_POINT('',(-11.7500000120262,-44.2478298590116,0.));
#3363=CARTESIAN_POINT('',(41.0783739731799,-42.2666648559446,-6.30445553821027));
#3364=CARTESIAN_POINT('Origin',(0.,-79.016895321117,6.3));
#3365=CARTESIAN_POINT('',(42.9732347568833,-71.2509439949754,0.));
#3366=CARTESIAN_POINT('',(42.7105399937381,-70.1512039949804,1.67403876911328));
#3367=CARTESIAN_POINT('Origin',(43.0211243147805,-79.016895321117,6.3));
#3368=CARTESIAN_POINT('',(41.9645099386748,-71.2509439949754,0.));
#3369=CARTESIAN_POINT('',(0.,-71.2509439949754,0.));
#3370=CARTESIAN_POINT('',(41.7018151755296,-70.1512039949804,1.67403876911328));
#3371=CARTESIAN_POINT('Origin',(42.0123994965721,-79.016895321117,6.3));
#3372=CARTESIAN_POINT('',(0.,-70.1512039949804,1.67403876911328));
#3373=CARTESIAN_POINT('Origin',(0.,-79.016895321117,6.3));
#3374=CARTESIAN_POINT('',(-42.7105399937381,-70.1512039949804,1.67403876911328));
#3375=CARTESIAN_POINT('',(-42.9732347568833,-71.2509439949754,0.));
#3376=CARTESIAN_POINT('Origin',(-43.0211243147805,-79.016895321117,6.3));
#3377=CARTESIAN_POINT('',(-41.7018151755296,-70.1512039949804,1.67403876911328));
#3378=CARTESIAN_POINT('',(0.,-70.1512039949804,1.67403876911328));
#3379=CARTESIAN_POINT('',(-41.9645099386748,-71.2509439949754,0.));
#3380=CARTESIAN_POINT('Origin',(-42.0123994965721,-79.016895321117,6.3));
#3381=CARTESIAN_POINT('',(0.,-71.2509439949754,0.));
#3382=CARTESIAN_POINT('Origin',(0.,-64.9224077155616,11.6950682388507));
#3383=CARTESIAN_POINT('',(41.4231027378788,-65.5233138292289,10.5434269141911));
#3384=CARTESIAN_POINT('',(41.2348784823407,-64.9224077155616,11.6950682388507));
#3385=CARTESIAN_POINT('Origin',(6.63476095739817,-67.3818459597823,6.9815353706178));
#3386=CARTESIAN_POINT('',(39.7055987714411,-59.3494830815621,22.3756224248596));
#3387=CARTESIAN_POINT('',(41.6980467694902,-70.1376578829887,1.7));
#3388=CARTESIAN_POINT('',(38.7133074219144,-59.4085556986977,22.2624092863978));
#3389=CARTESIAN_POINT('',(40.6893219512818,-70.1376578829887,1.7));
#3390=CARTESIAN_POINT('',(-6.66133814775094E-15,-70.1376578829887,1.7));
#3391=CARTESIAN_POINT('',(39.4351974932799,-65.6295156652605,10.3398902545584));
#3392=CARTESIAN_POINT('',(37.7210160723877,-59.4676283158333,22.149196147936));
#3393=CARTESIAN_POINT('',(39.207527052248,-64.9224077155616,11.6950682388507));
#3394=CARTESIAN_POINT('Origin',(6.63476095739817,-67.3818459597823,6.9815353706178));
#3395=CARTESIAN_POINT('',(0.,-64.9224077155616,11.6950682388507));
#3396=CARTESIAN_POINT('Origin',(0.,-64.9224077155616,11.6950682388507));
#3397=CARTESIAN_POINT('',(-41.2348784823407,-64.9224077155616,11.6950682388507));
#3398=CARTESIAN_POINT('',(-41.4231027378788,-65.5233138292289,10.5434269141911));
#3399=CARTESIAN_POINT('Origin',(-6.63476095739818,-67.3818459597823,6.9815353706178));
#3400=CARTESIAN_POINT('',(-39.207527052248,-64.9224077155616,11.6950682388507));
#3401=CARTESIAN_POINT('',(0.,-64.9224077155616,11.6950682388507));
#3402=CARTESIAN_POINT('',(-39.4351974932799,-65.6295156652605,10.3398902545584));
#3403=CARTESIAN_POINT('Origin',(-6.63476095739818,-67.3818459597823,6.9815353706178));
#3404=CARTESIAN_POINT('',(-40.6893219512818,-70.1376578829887,1.7));
#3405=CARTESIAN_POINT('',(-37.7210160723877,-59.4676283158333,22.149196147936));
#3406=CARTESIAN_POINT('',(-41.6980467694902,-70.1376578829887,1.7));
#3407=CARTESIAN_POINT('',(-6.66133814775094E-15,-70.1376578829887,1.7));
#3408=CARTESIAN_POINT('',(-38.7133074219144,-59.4085556986977,22.2624092863978));
#3409=CARTESIAN_POINT('',(-39.7055987714411,-59.3494830815621,22.3756224248596));
#3410=CARTESIAN_POINT('Origin',(0.,-56.5000009557319,7.30040506950827));
#3411=CARTESIAN_POINT('Ctrl Pts',(41.2348784823407,-64.9224077155616,11.6950682388507));
#3412=CARTESIAN_POINT('Ctrl Pts',(41.2346175158695,-64.9216587323998,11.6965036710106));
#3413=CARTESIAN_POINT('Ctrl Pts',(41.2343564450468,-64.9209093878898,11.6979389011194));
#3414=CARTESIAN_POINT('Ctrl Pts',(41.0303009257107,-64.335165795285,12.8191228785453));
#3415=CARTESIAN_POINT('Ctrl Pts',(40.7601230219578,-63.5192992729557,13.809418753098));
#3416=CARTESIAN_POINT('Ctrl Pts',(40.236893364832,-61.7104491449065,15.3321399913413));
#3417=CARTESIAN_POINT('Ctrl Pts',(39.9476854862649,-60.59020305781,15.9679639549246));
#3418=CARTESIAN_POINT('Ctrl Pts',(39.4720152397193,-58.1748915298921,16.7370917202757));
#3419=CARTESIAN_POINT('Ctrl Pts',(39.2897388209784,-56.878825610523,16.8698363889284));
#3420=CARTESIAN_POINT('Ctrl Pts',(39.1023893268801,-54.4873992215557,16.660613690237));
#3421=CARTESIAN_POINT('Ctrl Pts',(39.0830873808504,-53.2427458289384,16.3134888154277));
#3422=CARTESIAN_POINT('Ctrl Pts',(39.1907315001454,-51.000838052338,15.1492649624644));
#3423=CARTESIAN_POINT('Ctrl Pts',(39.313426577164,-50.0032889744969,14.3323443262565));
#3424=CARTESIAN_POINT('Ctrl Pts',(39.5771877990853,-48.468001224282,12.5125106694591));
#3425=CARTESIAN_POINT('Ctrl Pts',(39.7357369379313,-47.8293716916853,11.3849240041656));
#3426=CARTESIAN_POINT('Ctrl Pts',(39.8654642184437,-47.442405804337,10.1657239134213));
#3427=CARTESIAN_POINT('Ctrl Pts',(39.8663811472923,-47.4396786852825,10.1570888738499));
#3428=CARTESIAN_POINT('Ctrl Pts',(39.8672966166137,-47.4369638938721,10.1484498752225));
#3429=CARTESIAN_POINT('Ctrl Pts',(37.8400925887603,-47.4369638938721,10.1484498752225));
#3430=CARTESIAN_POINT('Ctrl Pts',(37.8390149342995,-47.4399224192319,10.1578644830723));
#3431=CARTESIAN_POINT('Ctrl Pts',(37.8379353632196,-47.4428955786576,10.1672743684051));
#3432=CARTESIAN_POINT('Ctrl Pts',(37.697628535572,-47.8305220442631,11.3874692281784));
#3433=CARTESIAN_POINT('Ctrl Pts',(37.525491032763,-48.4694832562347,12.514786996897));
#3434=CARTESIAN_POINT('Ctrl Pts',(37.2365055631243,-50.0045001281587,14.3332639916976));
#3435=CARTESIAN_POINT('Ctrl Pts',(37.1004054583198,-51.0013764337469,15.1495699750737));
#3436=CARTESIAN_POINT('Ctrl Pts',(36.9735130542756,-53.2425084219323,16.3133400956063));
#3437=CARTESIAN_POINT('Ctrl Pts',(36.9873460837801,-54.4871345514638,16.6605905346044));
#3438=CARTESIAN_POINT('Ctrl Pts',(37.174649212667,-56.877969110757,16.8697614549086));
#3439=CARTESIAN_POINT('Ctrl Pts',(37.362209449318,-58.1720213777657,16.7372419287096));
#3440=CARTESIAN_POINT('Ctrl Pts',(37.8560387324653,-60.58267776814,15.9711207710469));
#3441=CARTESIAN_POINT('Ctrl Pts',(38.1578000400768,-61.7003956113726,15.3381250806405));
#3442=CARTESIAN_POINT('Ctrl Pts',(38.7059109449663,-63.5100015149528,13.8196854343701));
#3443=CARTESIAN_POINT('Ctrl Pts',(38.9902391120114,-64.328428303795,12.8292207364398));
#3444=CARTESIAN_POINT('Ctrl Pts',(39.2058841586752,-64.9179183781131,11.7036640653157));
#3445=CARTESIAN_POINT('Ctrl Pts',(39.2067060947208,-64.9201646655672,11.6993670619249));
#3446=CARTESIAN_POINT('Ctrl Pts',(39.207527052248,-64.9224077155616,11.6950682388507));
#3447=CARTESIAN_POINT('Origin',(0.,-56.5000009557319,7.30040506950827));
#3448=CARTESIAN_POINT('',(-39.8672966166137,-47.4369638938721,10.1484498752225));
#3449=CARTESIAN_POINT('Ctrl Pts',(-39.8672966166137,-47.4369638938721,10.1484498752225));
#3450=CARTESIAN_POINT('Ctrl Pts',(-39.8663811472923,-47.4396786852825,10.1570888738499));
#3451=CARTESIAN_POINT('Ctrl Pts',(-39.8654642184437,-47.442405804337,10.1657239134213));
#3452=CARTESIAN_POINT('Ctrl Pts',(-39.7357369379313,-47.8293716916853,11.3849240041656));
#3453=CARTESIAN_POINT('Ctrl Pts',(-39.5771877990853,-48.468001224282,12.5125106694591));
#3454=CARTESIAN_POINT('Ctrl Pts',(-39.313426577164,-50.0032889744969,14.3323443262565));
#3455=CARTESIAN_POINT('Ctrl Pts',(-39.1907315001454,-51.000838052338,15.1492649624644));
#3456=CARTESIAN_POINT('Ctrl Pts',(-39.0830873808505,-53.2427458289384,16.3134888154277));
#3457=CARTESIAN_POINT('Ctrl Pts',(-39.1023893268801,-54.4873992215557,16.660613690237));
#3458=CARTESIAN_POINT('Ctrl Pts',(-39.1951951798152,-55.6720213996292,16.7642547013799));
#3459=CARTESIAN_POINT('Ctrl Pts',(-39.2895369805429,-56.8762492142206,16.8696109834592));
#3460=CARTESIAN_POINT('Ctrl Pts',(-39.4712613287635,-58.1697204885267,16.7376740452611));
#3461=CARTESIAN_POINT('Ctrl Pts',(-39.9455905435271,-60.5809004454711,15.971984230998));
#3462=CARTESIAN_POINT('Ctrl Pts',(-40.23403874484,-61.6996024928062,15.3387905861371));
#3463=CARTESIAN_POINT('Ctrl Pts',(-40.7574014874196,-63.5108535766853,13.8189704696847));
#3464=CARTESIAN_POINT('Ctrl Pts',(-41.0284080823384,-64.329579429327,12.8276163756448));
#3465=CARTESIAN_POINT('Ctrl Pts',(-41.2335369810448,-64.9185571501458,11.702441973526));
#3466=CARTESIAN_POINT('Ctrl Pts',(-41.2342080761423,-64.9204836256509,11.698755772399));
#3467=CARTESIAN_POINT('Ctrl Pts',(-41.2348784823407,-64.9224077155616,11.6950682388507));
#3468=CARTESIAN_POINT('',(-37.8400925887603,-47.4369638938721,10.1484498752225));
#3469=CARTESIAN_POINT('',(0.,-47.4369638938721,10.1484498752225));
#3470=CARTESIAN_POINT('Ctrl Pts',(-39.207527052248,-64.9224077155616,11.6950682388507));
#3471=CARTESIAN_POINT('Ctrl Pts',(-39.2071342340617,-64.9213344434356,11.6971251733782));
#3472=CARTESIAN_POINT('Ctrl Pts',(-39.2067411919176,-64.9202604303397,11.6991816909604));
#3473=CARTESIAN_POINT('Ctrl Pts',(-38.9922174677689,-64.3339897037297,12.8207696200403));
#3474=CARTESIAN_POINT('Ctrl Pts',(-38.7087526792389,-63.5184049634937,13.8101842675402));
#3475=CARTESIAN_POINT('Ctrl Pts',(-38.1607730962484,-61.7111843726739,15.3315083033996));
#3476=CARTESIAN_POINT('Ctrl Pts',(-37.8582157731948,-60.5919331143774,15.9671183004961));
#3477=CARTESIAN_POINT('Ctrl Pts',(-37.362984975143,-58.1771709832389,16.7366601024761));
#3478=CARTESIAN_POINT('Ctrl Pts',(-37.1748505055948,-56.8805385183852,16.869986248948));
#3479=CARTESIAN_POINT('Ctrl Pts',(-37.0801726715403,-55.6720213996292,16.7642547013799));
#3480=CARTESIAN_POINT('Ctrl Pts',(-36.9873460837801,-54.4871345514638,16.6605905346044));
#3481=CARTESIAN_POINT('Ctrl Pts',(-36.9735130542756,-53.2425084219323,16.3133400956063));
#3482=CARTESIAN_POINT('Ctrl Pts',(-37.1004054583198,-51.0013764337469,15.1495699750737));
#3483=CARTESIAN_POINT('Ctrl Pts',(-37.2365055631243,-50.0045001281587,14.3332639916976));
#3484=CARTESIAN_POINT('Ctrl Pts',(-37.525491032763,-48.4694832562347,12.514786996897));
#3485=CARTESIAN_POINT('Ctrl Pts',(-37.697628535572,-47.8305220442631,11.3874692281784));
#3486=CARTESIAN_POINT('Ctrl Pts',(-37.8379353632196,-47.4428955786576,10.1672743684051));
#3487=CARTESIAN_POINT('Ctrl Pts',(-37.8390149342995,-47.4399224192319,10.1578644830723));
#3488=CARTESIAN_POINT('Ctrl Pts',(-37.8400925887603,-47.4369638938721,10.1484498752225));
#3489=CARTESIAN_POINT('Origin',(0.,-43.5566106933276,-2.19959493049173));
#3490=CARTESIAN_POINT('',(-39.9761209072352,-47.0532851226597,8.92750878736794));
#3491=CARTESIAN_POINT('Origin',(-4.94789263978559,-45.8497813611207,5.09772381592705));
#3492=CARTESIAN_POINT('',(-40.6221553727703,-44.2478298590116,0.));
#3493=CARTESIAN_POINT('',(-41.0783739731799,-42.2666648559446,-6.30445553821027));
#3494=CARTESIAN_POINT('',(-39.6134305545618,-44.2478298590116,0.));
#3495=CARTESIAN_POINT('',(-11.7500000120262,-44.2478298590116,0.));
#3496=CARTESIAN_POINT('',(-39.4904109510456,-44.7820521221081,1.7));
#3497=CARTESIAN_POINT('',(-40.0744339010369,-42.2458867214168,-6.37057563678599));
#3498=CARTESIAN_POINT('',(-38.4816861328371,-44.7820521221081,1.7));
#3499=CARTESIAN_POINT('',(-6.66133814775094E-15,-44.7820521221081,1.7));
#3500=CARTESIAN_POINT('',(-37.9745078633809,-46.9845134791431,8.70866393185703));
#3501=CARTESIAN_POINT('',(-39.0704938288938,-42.225108586889,-6.4366957353617));
#3502=CARTESIAN_POINT('Origin',(-4.94789263978559,-45.8497813611207,5.09772381592705));
#3503=CARTESIAN_POINT('Origin',(-3.95546581825379,-33.1819292190457,3.98943036227289));
#3504=CARTESIAN_POINT('',(-45.4431775625787,-116.837639857594,15.0328487181463));
#3505=CARTESIAN_POINT('',(-38.6527384224528,-30.160942754524,7.44962032975741));
#3506=CARTESIAN_POINT('',(-11.0731681251729,-120.985532606642,46.8049445894312));
#3507=CARTESIAN_POINT('Origin',(-10.4875868317243,-116.561319394198,11.2841817743035));
#3508=CARTESIAN_POINT('',(-4.3804192651784,-35.5558050509223,39.3308119001974));
#3509=CARTESIAN_POINT('',(-3.95546581825379,-30.1314782228777,38.856244795484));
#3510=CARTESIAN_POINT('',(-39.0776918693774,-35.5852695825686,7.92418743447087));
#3511=CARTESIAN_POINT('Origin',(-4.3804192651784,-38.6062560470904,4.46399746698633));
#3512=CARTESIAN_POINT('',(-38.6527384224528,-30.160942754524,7.44962032975741));
#3513=CARTESIAN_POINT('Origin',(-36.9020608727662,-0.43852710205473,-0.94508616567452));
#3514=CARTESIAN_POINT('',(-46.7583814059167,-114.724910750791,0.));
#3515=CARTESIAN_POINT('',(-39.2775080552247,-28.8040021287966,0.));
#3516=CARTESIAN_POINT('',(-47.4300747738799,-113.645909851781,-7.67749032723787));
#3517=CARTESIAN_POINT('Origin',(-35.9107102269319,-0.524841001041063,-1.04394873617408));
#3518=CARTESIAN_POINT('',(-45.1687401969918,-110.,1.7));
#3519=CARTESIAN_POINT('',(-38.154456071798,-29.4380606224626,1.7));
#3520=CARTESIAN_POINT('',(-45.338272915365,-110.,0.));
#3521=CARTESIAN_POINT('',(-43.9637714251658,-110.,13.7829001726714));
#3522=CARTESIAN_POINT('',(-38.2763725028742,-28.8911679699652,0.));
#3523=CARTESIAN_POINT('Origin',(-34.9193595810977,-0.611154900027397,-1.14281130667364));
#3524=CARTESIAN_POINT('',(-40.5610121880085,-80.,11.597144723225));
#3525=CARTESIAN_POINT('',(-36.6700371307843,-30.3335705524967,7.2518951887583));
#3526=CARTESIAN_POINT('',(-41.3984185241856,-80.,3.2));
#3527=CARTESIAN_POINT('',(-40.3786914285804,-80.,13.4253776094913));
#3528=CARTESIAN_POINT('',(-41.4854854962494,-81.,3.2));
#3529=CARTESIAN_POINT('',(-37.0048582682617,-29.5381526223078,3.2));
#3530=CARTESIAN_POINT('',(-40.6393543418639,-81.,11.6846333867509));
#3531=CARTESIAN_POINT('',(-40.4649010373566,-81.,13.4339748738005));
#3532=CARTESIAN_POINT('',(-42.5297496385524,-105.129988820295,13.795733859534));
#3533=CARTESIAN_POINT('',(-36.6700371307843,-30.3335705524967,7.2518951887583));
#3534=CARTESIAN_POINT('',(-43.6186263118138,-105.5,3.2));
#3535=CARTESIAN_POINT('',(-43.600415136672,-105.493811660619,3.37721085391066));
#3536=CARTESIAN_POINT('',(-43.7056932838777,-106.5,3.2));
#3537=CARTESIAN_POINT('',(-39.0750467036452,-53.3151186326263,3.2));
#3538=CARTESIAN_POINT('',(-42.6664844863486,-106.875343537611,13.9484326111306));
#3539=CARTESIAN_POINT('',(-44.0542348003888,-106.374113069363,-0.404930030719518));
#3540=CARTESIAN_POINT('',(-42.8329346498149,-109.,14.1343159654768));
#3541=CARTESIAN_POINT('',(-36.6700371307843,-30.3335705524967,7.2518951887583));
#3542=CARTESIAN_POINT('',(-43.4446800974543,-109.,8.));
#3543=CARTESIAN_POINT('',(-42.8787700830917,-109.,13.6746982744595));
#3544=CARTESIAN_POINT('',(-43.5317470695182,-110.,8.));
#3545=CARTESIAN_POINT('',(-36.5297790644671,-29.5795163300727,8.));
#3546=CARTESIAN_POINT('',(-42.9112768036703,-110.,14.2218046290027));
#3547=CARTESIAN_POINT('',(-42.964979691868,-110.,13.6832955387687));
#3548=CARTESIAN_POINT('',(-43.0679611113811,-112.,14.3967819560545));
#3549=CARTESIAN_POINT('',(-36.6700371307843,-30.3335705524967,7.2518951887583));
#3550=CARTESIAN_POINT('',(-44.5036820412842,-112.,1.73472347597681E-17));
#3551=CARTESIAN_POINT('',(-43.1373989094205,-112.,13.7004900673872));
#3552=CARTESIAN_POINT('',(-44.3295480971565,-110.,0.));
#3553=CARTESIAN_POINT('',(-37.2752369505237,-28.9783338111338,0.));
#3554=CARTESIAN_POINT('',(-44.1600153787834,-110.,1.7));
#3555=CARTESIAN_POINT('',(-42.964979691868,-110.,13.6832955387687));
#3556=CARTESIAN_POINT('',(-37.1533205194475,-29.5252264636313,1.7));
#3557=CARTESIAN_POINT('Origin',(3.95546581825378,-33.1819292190457,3.98943036227289));
#3558=CARTESIAN_POINT('',(39.0776918693773,-35.5852695825686,7.92418743447087));
#3559=CARTESIAN_POINT('',(38.6527384224527,-30.160942754524,7.44962032975741));
#3560=CARTESIAN_POINT('',(4.38041926517839,-35.5558050509223,39.3308119001974));
#3561=CARTESIAN_POINT('Origin',(4.38041926517839,-38.6062560470904,4.46399746698633));
#3562=CARTESIAN_POINT('',(11.0731681251728,-120.985532606642,46.8049445894312));
#3563=CARTESIAN_POINT('',(3.95546581825378,-30.1314782228777,38.856244795484));
#3564=CARTESIAN_POINT('',(45.4431775625787,-116.837639857594,15.0328487181463));
#3565=CARTESIAN_POINT('Origin',(10.4875868317243,-116.561319394198,11.2841817743035));
#3566=CARTESIAN_POINT('',(38.6527384224527,-30.160942754524,7.44962032975741));
#3567=CARTESIAN_POINT('Origin',(36.9020608727662,-0.43852710205473,-0.94508616567452));
#3568=CARTESIAN_POINT('',(39.7462783226892,-34.1880215376805,0.));
#3569=CARTESIAN_POINT('',(39.2775080552247,-28.8040021287966,0.));
#3570=CARTESIAN_POINT('',(40.125425200187,-33.3956599355495,-4.4937059487285));
#3571=CARTESIAN_POINT('Origin',(-23.5000000240523,-58.75,0.));
#3572=CARTESIAN_POINT('',(-11.7500000120262,-110.,0.));
#3573=CARTESIAN_POINT('',(-43.4949572230757,-112.,-6.93889390390723E-17));
#3574=CARTESIAN_POINT('',(-11.7500000120262,-112.,0.));
#3575=CARTESIAN_POINT('',(-43.9738255694269,-117.5,1.73472347597681E-17));
#3576=CARTESIAN_POINT('',(-36.2741013981732,-29.0654996523025,0.));
#3577=CARTESIAN_POINT('',(-44.2279412344123,-117.5,0.));
#3578=CARTESIAN_POINT('',(-2.40523109405079E-8,-117.5,0.));
#3579=CARTESIAN_POINT('Origin',(-44.2583814059167,-114.975431068703,0.));
#3580=CARTESIAN_POINT('Origin',(-23.5000000240523,-58.75,0.));
#3581=CARTESIAN_POINT('',(46.7583814059167,-114.724910750791,0.));
#3582=CARTESIAN_POINT('',(39.2775080552247,-28.8040021287966,0.));
#3583=CARTESIAN_POINT('',(44.2279412344123,-117.5,0.));
#3584=CARTESIAN_POINT('Origin',(44.2583814059167,-114.975431068703,0.));
#3585=CARTESIAN_POINT('',(43.9738255694269,-117.5,1.73472347597681E-17));
#3586=CARTESIAN_POINT('',(-2.40523109405079E-8,-117.5,0.));
#3587=CARTESIAN_POINT('',(43.4949572230757,-112.,-6.93889390390723E-17));
#3588=CARTESIAN_POINT('',(36.0972962431645,-27.0348196961997,0.));
#3589=CARTESIAN_POINT('',(44.5036820412842,-112.,1.73472347597681E-17));
#3590=CARTESIAN_POINT('',(-11.7500000120262,-112.,0.));
#3591=CARTESIAN_POINT('',(44.3295480971565,-110.,2.77555756156289E-16));
#3592=CARTESIAN_POINT('',(37.098431795515,-26.947653855031,5.55111512312578E-16));
#3593=CARTESIAN_POINT('',(45.338272915365,-110.,0.));
#3594=CARTESIAN_POINT('',(-11.7500000120262,-110.,0.));
#3595=CARTESIAN_POINT('',(38.0995673478656,-26.8604880138624,0.));
#3596=CARTESIAN_POINT('Origin',(35.9107102269319,-0.524841001041063,-1.04394873617408));
#3597=CARTESIAN_POINT('',(45.1687401969918,-110.,1.7));
#3598=CARTESIAN_POINT('',(43.9637714251658,-110.,13.7829001726714));
#3599=CARTESIAN_POINT('',(38.154456071798,-29.4380606224626,1.7));
#3600=CARTESIAN_POINT('Origin',(35.9107102269319,-0.524841001041063,-1.04394873617408));
#3601=CARTESIAN_POINT('',(38.6031524751764,-34.5915234424325,1.7));
#3602=CARTESIAN_POINT('',(38.154456071798,-29.4380606224626,1.7));
#3603=CARTESIAN_POINT('',(38.7465863578337,-34.2917675752281,0.));
#3604=CARTESIAN_POINT('',(39.1340745543528,-33.4819738345359,-4.59256851922806));
#3605=CARTESIAN_POINT('',(38.0995673478656,-26.8604880138624,0.));
#3606=CARTESIAN_POINT('Origin',(-1.33226762955019E-14,-61.8686293615923,
1.7));
#3607=CARTESIAN_POINT('',(-1.33226762955019E-14,-110.,1.7));
#3608=CARTESIAN_POINT('Origin',(-1.33226762955019E-14,-61.8686293615923,
1.7));
#3609=CARTESIAN_POINT('',(44.1600153787834,-110.,1.7));
#3610=CARTESIAN_POINT('',(-1.33226762955019E-14,-110.,1.7));
#3611=CARTESIAN_POINT('',(37.1533205194475,-29.5252264636313,1.7));
#3612=CARTESIAN_POINT('Origin',(3.95546581825378,-33.1819292190457,3.98943036227289));
#3613=CARTESIAN_POINT('',(40.5610121880085,-80.,11.597144723225));
#3614=CARTESIAN_POINT('',(36.6700371307842,-30.3335705524967,7.2518951887583));
#3615=CARTESIAN_POINT('',(7.84861728664264,-80.,41.2115354426912));
#3616=CARTESIAN_POINT('Origin',(7.62329432258795,-80.,8.08548080376069));
#3617=CARTESIAN_POINT('',(5.10664190170391,-45.,38.1494322192838));
#3618=CARTESIAN_POINT('',(3.95546581825378,-30.305789708373,36.8638553993005));
#3619=CARTESIAN_POINT('',(37.8190368030698,-45.,8.53504149981762));
#3620=CARTESIAN_POINT('Origin',(4.88131893764922,-45.,5.02337758035335));
#3621=CARTESIAN_POINT('',(36.6700371307842,-30.3335705524967,7.2518951887583));
#3622=CARTESIAN_POINT('Origin',(34.9193595810977,-0.611154900027397,-1.14281130667364));
#3623=CARTESIAN_POINT('',(42.9649796918679,-110.,13.6832955387687));
#3624=CARTESIAN_POINT('',(43.0679611113811,-112.,14.3967819560545));
#3625=CARTESIAN_POINT('',(43.1373989094205,-112.,13.7004900673872));
#3626=CARTESIAN_POINT('',(42.9112768036703,-110.,14.2218046290027));
#3627=CARTESIAN_POINT('',(36.6700371307842,-30.3335705524967,7.2518951887583));
#3628=CARTESIAN_POINT('',(43.5317470695182,-110.,8.));
#3629=CARTESIAN_POINT('',(42.9649796918679,-110.,13.6832955387687));
#3630=CARTESIAN_POINT('',(43.4446800974543,-109.,8.));
#3631=CARTESIAN_POINT('',(36.5297790644671,-29.5795163300727,8.));
#3632=CARTESIAN_POINT('',(42.8329346498149,-109.,14.1343159654768));
#3633=CARTESIAN_POINT('',(42.8787700830917,-109.,13.6746982744595));
#3634=CARTESIAN_POINT('',(42.6664844863486,-106.875343537611,13.9484326111306));
#3635=CARTESIAN_POINT('',(36.6700371307842,-30.3335705524967,7.2518951887583));
#3636=CARTESIAN_POINT('',(43.7056932838777,-106.5,3.2));
#3637=CARTESIAN_POINT('',(43.640858262031,-106.523417244464,3.87058214366269));
#3638=CARTESIAN_POINT('',(43.6186263118138,-105.5,3.2));
#3639=CARTESIAN_POINT('',(39.0737517065426,-53.3002450580441,3.2));
#3640=CARTESIAN_POINT('',(42.5297496385524,-105.129988820295,13.795733859534));
#3641=CARTESIAN_POINT('',(43.1598217939917,-105.34409363791,7.66457407323662));
#3642=CARTESIAN_POINT('',(40.6393543418639,-81.,11.6846333867509));
#3643=CARTESIAN_POINT('',(36.6700371307842,-30.3335705524967,7.2518951887583));
#3644=CARTESIAN_POINT('',(41.4854854962494,-81.,3.2));
#3645=CARTESIAN_POINT('',(40.4649010373566,-81.,13.4339748738005));
#3646=CARTESIAN_POINT('',(41.3984185241856,-80.,3.2));
#3647=CARTESIAN_POINT('',(37.0048582682617,-29.5381526223078,3.2));
#3648=CARTESIAN_POINT('',(40.3786914285804,-80.,13.4253776094913));
#3649=CARTESIAN_POINT('Origin',(34.9193595810977,-0.611154900027397,-1.14281130667364));
#3650=CARTESIAN_POINT('',(38.3510745019507,-45.,3.2));
#3651=CARTESIAN_POINT('',(37.3613551214115,-45.,13.1244733586676));
#3652=CARTESIAN_POINT('',(38.2640075298869,-44.,3.2));
#3653=CARTESIAN_POINT('',(37.0048582682617,-29.5381526223078,3.2));
#3654=CARTESIAN_POINT('',(37.7406946492144,-44.,8.44755283629169));
#3655=CARTESIAN_POINT('',(37.2751455126352,-44.,13.1158760943583));
#3656=CARTESIAN_POINT('',(37.0949905777088,-35.7578973805413,7.72646229347175));
#3657=CARTESIAN_POINT('',(36.6700371307842,-30.3335705524967,7.2518951887583));
#3658=CARTESIAN_POINT('',(37.6034605103208,-34.6952694799801,1.7));
#3659=CARTESIAN_POINT('',(38.1427239085185,-33.5682877335222,-4.69143108972761));
#3660=CARTESIAN_POINT('',(37.1533205194475,-29.5252264636313,1.7));
#3661=CARTESIAN_POINT('Origin',(-32.9366582894292,-0.783782698000064,-1.34053644767275));
#3662=CARTESIAN_POINT('',(-40.9574489692682,-109.,12.7107634660225));
#3663=CARTESIAN_POINT('',(-40.8460673792404,-109.119451076362,13.9319384641732));
#3664=CARTESIAN_POINT('Origin',(-37.3315155104988,-106.145269892436,46.5776614542812));
#3665=CARTESIAN_POINT('',(-40.9150514784933,-110.,14.0089765126715));
#3666=CARTESIAN_POINT('',(-34.6873358391157,-30.5061983504694,7.05417004775918));
#3667=CARTESIAN_POINT('',(-41.5142974331013,-110.,8.));
#3668=CARTESIAN_POINT('',(-40.9673962252723,-110.,13.4840862709633));
#3669=CARTESIAN_POINT('',(-41.4272304610374,-109.,8.));
#3670=CARTESIAN_POINT('',(-34.5275079597661,-29.75384801241,8.));
#3671=CARTESIAN_POINT('',(-40.8811866164961,-109.,13.4754890066541));
#3672=CARTESIAN_POINT('Origin',(-39.,-106.,3.2));
#3673=CARTESIAN_POINT('',(-41.4403348269609,-109.,20.8742889642823));
#3674=CARTESIAN_POINT('Ctrl Pts',(-41.4403348269609,-109.,20.8742889642823));
#3675=CARTESIAN_POINT('Ctrl Pts',(-41.1896521688366,-109.,16.3443401293093));
#3676=CARTESIAN_POINT('Ctrl Pts',(-40.9574489692681,-109.,12.7107634660208));
#3677=CARTESIAN_POINT('',(-42.5468808899783,-106.912338917762,15.0078416874472));
#3678=CARTESIAN_POINT('Ctrl Pts',(-42.5468808899783,-106.912338917762,15.0078416874472));
#3679=CARTESIAN_POINT('Ctrl Pts',(-42.5279090345338,-107.016078031896,15.2217282888521));
#3680=CARTESIAN_POINT('Ctrl Pts',(-42.5056814720903,-107.115322569324,15.4421760064634));
#3681=CARTESIAN_POINT('Ctrl Pts',(-42.4222357593364,-107.433969425725,16.183429832674));
#3682=CARTESIAN_POINT('Ctrl Pts',(-42.3480264033047,-107.637051268391,16.7115085945627));
#3683=CARTESIAN_POINT('Ctrl Pts',(-42.0791267166673,-108.239999191746,18.3549293172079));
#3684=CARTESIAN_POINT('Ctrl Pts',(-41.8046820285941,-108.646808806654,19.6121640915346));
#3685=CARTESIAN_POINT('Ctrl Pts',(-41.4403348475656,-108.999999980026,20.8742888929062));
#3686=CARTESIAN_POINT('',(-42.2113081446663,-106.5,3.2));
#3687=CARTESIAN_POINT('Ctrl Pts',(-42.211308144896,-106.5,3.19999999998769));
#3688=CARTESIAN_POINT('Ctrl Pts',(-42.3790945175246,-106.695932270919,8.81076613632117));
#3689=CARTESIAN_POINT('Ctrl Pts',(-42.5468808901532,-106.912338917721,15.007841686268));
#3690=CARTESIAN_POINT('',(-42.2113081446663,-105.5,3.2));
#3691=CARTESIAN_POINT('Origin',(-39.,-106.,3.2));
#3692=CARTESIAN_POINT('',(-42.5171892649269,-105.125796304488,13.9157918040911));
#3693=CARTESIAN_POINT('Ctrl Pts',(-42.51718926509,-105.125796304546,13.91579180242));
#3694=CARTESIAN_POINT('Ctrl Pts',(-42.364248704993,-105.321403903154,8.3143230646144));
#3695=CARTESIAN_POINT('Ctrl Pts',(-42.2113081448961,-105.5,3.199999999991));
#3696=CARTESIAN_POINT('',(-36.0241774077538,-109.,31.1369348478519));
#3697=CARTESIAN_POINT('Ctrl Pts',(-36.0241773974196,-108.99999999031,31.1369348592594));
#3698=CARTESIAN_POINT('Ctrl Pts',(-35.9786545639896,-108.95731570466,31.1871855777958));
#3699=CARTESIAN_POINT('Ctrl Pts',(-35.9335254965775,-108.913021359699,31.2362810993261));
#3700=CARTESIAN_POINT('Ctrl Pts',(-35.6145040058935,-108.584454570965,31.5781780097656));
#3701=CARTESIAN_POINT('Ctrl Pts',(-35.3374398249968,-108.210118615558,31.8447398093329));
#3702=CARTESIAN_POINT('Ctrl Pts',(-35.0273359065124,-107.554135480942,32.0933897632063));
#3703=CARTESIAN_POINT('Ctrl Pts',(-34.9408815416789,-107.319923023409,32.1522379856507));
#3704=CARTESIAN_POINT('Ctrl Pts',(-34.812465476892,-106.837829313244,32.2152729829213));
#3705=CARTESIAN_POINT('Ctrl Pts',(-34.7705398701485,-106.589937853052,32.219455214099));
#3706=CARTESIAN_POINT('Ctrl Pts',(-34.7311541581083,-106.087198138837,32.1754711884009));
#3707=CARTESIAN_POINT('Ctrl Pts',(-34.7359054611212,-105.80850108381,32.1205425974986));
#3708=CARTESIAN_POINT('Ctrl Pts',(-34.7996360216105,-105.274894393396,31.9512332516807));
#3709=CARTESIAN_POINT('Ctrl Pts',(-34.8581358034754,-105.019819336407,31.8371939208087));
#3710=CARTESIAN_POINT('Ctrl Pts',(-35.0214824636893,-104.500873826335,31.5497874756853));
#3711=CARTESIAN_POINT('Ctrl Pts',(-35.1543520372651,-104.20646274629,31.3365739155524));
#3712=CARTESIAN_POINT('Ctrl Pts',(-35.4627186372435,-103.68648399222,30.8584195268246));
#3713=CARTESIAN_POINT('Ctrl Pts',(-35.6375015557855,-103.460217968026,30.5937781665025));
#3714=CARTESIAN_POINT('Ctrl Pts',(-36.238626757327,-102.80386383499,29.6811972386663));
#3715=CARTESIAN_POINT('Ctrl Pts',(-36.7517387747362,-102.472713424201,28.8961888640729));
#3716=CARTESIAN_POINT('Ctrl Pts',(-37.7622633588553,-102.06467012158,27.2356944051249));
#3717=CARTESIAN_POINT('Ctrl Pts',(-38.2588642484456,-101.986863009086,26.3599392525367));
#3718=CARTESIAN_POINT('Ctrl Pts',(-39.2333810322208,-101.975775960338,24.4968832329993));
#3719=CARTESIAN_POINT('Ctrl Pts',(-39.7822074589532,-102.090479967177,23.3293496840573));
#3720=CARTESIAN_POINT('Ctrl Pts',(-40.740276225688,-102.504022757902,20.9655367566131));
#3721=CARTESIAN_POINT('Ctrl Pts',(-41.1495866125609,-102.79988003173,19.7687643170445));
#3722=CARTESIAN_POINT('Ctrl Pts',(-41.6644118183413,-103.322750468944,17.9971285321162));
#3723=CARTESIAN_POINT('Ctrl Pts',(-41.8572209380109,-103.564650280656,17.251279607107));
#3724=CARTESIAN_POINT('Ctrl Pts',(-42.1867739554054,-104.114130132602,15.7764140763466));
#3725=CARTESIAN_POINT('Ctrl Pts',(-42.3229813093767,-104.410619546128,15.0431695568495));
#3726=CARTESIAN_POINT('Ctrl Pts',(-42.4590091873375,-104.875102737579,14.2519040764796));
#3727=CARTESIAN_POINT('Ctrl Pts',(-42.4894787777612,-104.991898696222,14.0705860423337));
#3728=CARTESIAN_POINT('Ctrl Pts',(-42.517189264927,-105.125796304488,13.9157918040911));
#3729=CARTESIAN_POINT('',(-36.2139294645269,-109.,27.3737296819517));
#3730=CARTESIAN_POINT('Ctrl Pts',(-36.2139294645273,-109.,27.3737296819512));
#3731=CARTESIAN_POINT('Ctrl Pts',(-36.1205520446976,-109.,29.1933668739734));
#3732=CARTESIAN_POINT('Ctrl Pts',(-36.0241774077538,-109.,31.1369348478519));
#3733=CARTESIAN_POINT('Ctrl Pts',(-40.8460673792404,-109.119451076362,13.9319384641732));
#3734=CARTESIAN_POINT('Ctrl Pts',(-40.8357711021458,-109.130111493903,14.0444923163947));
#3735=CARTESIAN_POINT('Ctrl Pts',(-40.8248789229141,-109.141029731064,14.1571256293214));
#3736=CARTESIAN_POINT('Ctrl Pts',(-40.6755494058316,-109.285930573103,15.6214883094881));
#3737=CARTESIAN_POINT('Ctrl Pts',(-40.4506388299401,-109.454805879387,16.9812921208628));
#3738=CARTESIAN_POINT('Ctrl Pts',(-39.824250041726,-109.750126916521,19.6454020970999));
#3739=CARTESIAN_POINT('Ctrl Pts',(-39.4230913359633,-109.876620937531,20.9491720570227));
#3740=CARTESIAN_POINT('Ctrl Pts',(-38.4591244714405,-109.949103320406,23.4399847141625));
#3741=CARTESIAN_POINT('Ctrl Pts',(-37.8973928466738,-109.90342378767,24.6271944891954));
#3742=CARTESIAN_POINT('Ctrl Pts',(-36.9831053067942,-109.52949050608,26.2174361115194));
#3743=CARTESIAN_POINT('Ctrl Pts',(-36.660550704166,-109.357530294926,26.7328741192936));
#3744=CARTESIAN_POINT('Ctrl Pts',(-36.2979639422112,-109.070860490941,27.2551482361391));
#3745=CARTESIAN_POINT('Ctrl Pts',(-36.2558599060629,-109.036140133864,27.3149713135222));
#3746=CARTESIAN_POINT('Ctrl Pts',(-36.2139294628027,-108.999999998514,27.373729684368));
#3747=CARTESIAN_POINT('Origin',(32.9366582894291,-0.783782698000064,-1.34053644767275));
#3748=CARTESIAN_POINT('',(40.8460673792404,-109.119451076362,13.9319384641732));
#3749=CARTESIAN_POINT('',(40.9574489692682,-109.,12.7107634660222));
#3750=CARTESIAN_POINT('Origin',(37.3315155104988,-106.145269892436,46.5776614542811));
#3751=CARTESIAN_POINT('',(41.4272304610374,-109.,8.));
#3752=CARTESIAN_POINT('',(40.8811866164961,-109.,13.4754890066541));
#3753=CARTESIAN_POINT('',(41.5142974331013,-110.,8.));
#3754=CARTESIAN_POINT('',(34.5275079597661,-29.75384801241,8.));
#3755=CARTESIAN_POINT('',(40.9150514784933,-110.,14.0089765126715));
#3756=CARTESIAN_POINT('',(40.9673962252723,-110.,13.4840862709633));
#3757=CARTESIAN_POINT('',(34.6873358391157,-30.5061983504694,7.05417004775918));
#3758=CARTESIAN_POINT('Origin',(39.,-106.,3.2));
#3759=CARTESIAN_POINT('',(36.2139294628027,-108.999999999257,27.373729684368));
#3760=CARTESIAN_POINT('Ctrl Pts',(36.2139294628027,-108.999999998514,27.373729684368));
#3761=CARTESIAN_POINT('Ctrl Pts',(36.2558599060629,-109.036140133864,27.3149713135222));
#3762=CARTESIAN_POINT('Ctrl Pts',(36.2979639422112,-109.070860490941,27.2551482361391));
#3763=CARTESIAN_POINT('Ctrl Pts',(36.660550704166,-109.357530294926,26.7328741192936));
#3764=CARTESIAN_POINT('Ctrl Pts',(36.9831053067942,-109.52949050608,26.2174361115194));
#3765=CARTESIAN_POINT('Ctrl Pts',(37.8973928466738,-109.90342378767,24.6271944891954));
#3766=CARTESIAN_POINT('Ctrl Pts',(38.4591244714405,-109.949103320406,23.4399847141624));
#3767=CARTESIAN_POINT('Ctrl Pts',(39.4230913359632,-109.876620937531,20.9491720570227));
#3768=CARTESIAN_POINT('Ctrl Pts',(39.824250041726,-109.750126916521,19.6454020970999));
#3769=CARTESIAN_POINT('Ctrl Pts',(40.4506388299401,-109.454805879387,16.9812921208628));
#3770=CARTESIAN_POINT('Ctrl Pts',(40.6755494058316,-109.285930573103,15.6214883094881));
#3771=CARTESIAN_POINT('Ctrl Pts',(40.8248789229141,-109.141029731064,14.1571256293214));
#3772=CARTESIAN_POINT('Ctrl Pts',(40.8357711021458,-109.130111493903,14.0444923163947));
#3773=CARTESIAN_POINT('Ctrl Pts',(40.8460673792404,-109.119451076362,13.9319384641732));
#3774=CARTESIAN_POINT('',(36.0241773974196,-108.999999995155,31.1369348592594));
#3775=CARTESIAN_POINT('Ctrl Pts',(36.0241774077538,-109.,31.1369348478519));
#3776=CARTESIAN_POINT('Ctrl Pts',(36.1205520446975,-109.,29.1933668739735));
#3777=CARTESIAN_POINT('Ctrl Pts',(36.2139294645272,-109.,27.3737296819513));
#3778=CARTESIAN_POINT('',(42.517189264927,-105.125796304488,13.915791804091));
#3779=CARTESIAN_POINT('Ctrl Pts',(42.517189264927,-105.125796304488,13.915791804091));
#3780=CARTESIAN_POINT('Ctrl Pts',(42.4894787777612,-104.991898696222,14.0705860423336));
#3781=CARTESIAN_POINT('Ctrl Pts',(42.4590091873375,-104.875102737579,14.2519040764795));
#3782=CARTESIAN_POINT('Ctrl Pts',(42.3229813093767,-104.410619546128,15.0431695568494));
#3783=CARTESIAN_POINT('Ctrl Pts',(42.1867739554054,-104.114130132602,15.7764140763466));
#3784=CARTESIAN_POINT('Ctrl Pts',(41.8572209380109,-103.564650280656,17.2512796071069));
#3785=CARTESIAN_POINT('Ctrl Pts',(41.6644118183413,-103.322750468944,17.9971285321162));
#3786=CARTESIAN_POINT('Ctrl Pts',(41.1495866125609,-102.79988003173,19.7687643170445));
#3787=CARTESIAN_POINT('Ctrl Pts',(40.740276225688,-102.504022757902,20.9655367566131));
#3788=CARTESIAN_POINT('Ctrl Pts',(39.7822074589532,-102.090479967177,23.3293496840573));
#3789=CARTESIAN_POINT('Ctrl Pts',(39.2333810322208,-101.975775960338,24.4968832329993));
#3790=CARTESIAN_POINT('Ctrl Pts',(38.2588642484456,-101.986863009086,26.3599392525367));
#3791=CARTESIAN_POINT('Ctrl Pts',(37.7622633588553,-102.06467012158,27.2356944051249));
#3792=CARTESIAN_POINT('Ctrl Pts',(36.7517387747362,-102.472713424201,28.8961888640729));
#3793=CARTESIAN_POINT('Ctrl Pts',(36.238626757327,-102.80386383499,29.6811972386663));
#3794=CARTESIAN_POINT('Ctrl Pts',(35.6375015557854,-103.460217968026,30.5937781665025));
#3795=CARTESIAN_POINT('Ctrl Pts',(35.4627186372435,-103.68648399222,30.8584195268246));
#3796=CARTESIAN_POINT('Ctrl Pts',(35.1543520372651,-104.20646274629,31.3365739155524));
#3797=CARTESIAN_POINT('Ctrl Pts',(35.0214824636893,-104.500873826335,31.5497874756853));
#3798=CARTESIAN_POINT('Ctrl Pts',(34.8581358034754,-105.019819336407,31.8371939208087));
#3799=CARTESIAN_POINT('Ctrl Pts',(34.7996360216105,-105.274894393396,31.9512332516807));
#3800=CARTESIAN_POINT('Ctrl Pts',(34.7359054611212,-105.80850108381,32.1205425974986));
#3801=CARTESIAN_POINT('Ctrl Pts',(34.7311541581083,-106.087198138837,32.1754711884009));
#3802=CARTESIAN_POINT('Ctrl Pts',(34.7705398701485,-106.589937853052,32.219455214099));
#3803=CARTESIAN_POINT('Ctrl Pts',(34.812465476892,-106.837829313244,32.2152729829213));
#3804=CARTESIAN_POINT('Ctrl Pts',(34.9408815416789,-107.319923023409,32.1522379856507));
#3805=CARTESIAN_POINT('Ctrl Pts',(35.0273359065124,-107.554135480942,32.0933897632063));
#3806=CARTESIAN_POINT('Ctrl Pts',(35.3374398249968,-108.210118615558,31.8447398093329));
#3807=CARTESIAN_POINT('Ctrl Pts',(35.6145040058935,-108.584454570965,31.5781780097656));
#3808=CARTESIAN_POINT('Ctrl Pts',(35.9335254965775,-108.913021359699,31.2362810993261));
#3809=CARTESIAN_POINT('Ctrl Pts',(35.9786545639896,-108.95731570466,31.1871855777958));
#3810=CARTESIAN_POINT('Ctrl Pts',(36.0241773974196,-108.999999990311,31.1369348592594));
#3811=CARTESIAN_POINT('',(42.2113081446663,-105.5,3.2));
#3812=CARTESIAN_POINT('Ctrl Pts',(42.2113081444816,-105.5,3.19999999999808));
#3813=CARTESIAN_POINT('Ctrl Pts',(42.3642487046376,-105.32140390311,8.31432306589137));
#3814=CARTESIAN_POINT('Ctrl Pts',(42.5171892647935,-105.125796304444,13.9157918053385));
#3815=CARTESIAN_POINT('',(42.2113081446663,-106.5,3.2));
#3816=CARTESIAN_POINT('Origin',(39.,-106.,3.2));
#3817=CARTESIAN_POINT('',(42.5468808898347,-106.912338917805,15.0078416886387));
#3818=CARTESIAN_POINT('Ctrl Pts',(42.5468808898447,-106.912338917804,15.00784168864));
#3819=CARTESIAN_POINT('Ctrl Pts',(42.3790945171633,-106.695932270954,8.81076613733674));
#3820=CARTESIAN_POINT('Ctrl Pts',(42.211308144482,-106.5,3.20000000001027));
#3821=CARTESIAN_POINT('',(41.4403348269611,-109.,20.8742889642816));
#3822=CARTESIAN_POINT('Ctrl Pts',(41.4403348475656,-108.999999980026,20.8742888929061));
#3823=CARTESIAN_POINT('Ctrl Pts',(41.8046820285942,-108.646808806654,19.6121640915345));
#3824=CARTESIAN_POINT('Ctrl Pts',(42.0791267166674,-108.239999191746,18.3549293172077));
#3825=CARTESIAN_POINT('Ctrl Pts',(42.3480264033047,-107.637051268391,16.7115085945625));
#3826=CARTESIAN_POINT('Ctrl Pts',(42.4222357593365,-107.433969425725,16.1834298326739));
#3827=CARTESIAN_POINT('Ctrl Pts',(42.5056814720903,-107.115322569324,15.4421760064632));
#3828=CARTESIAN_POINT('Ctrl Pts',(42.5279090345338,-107.016078031896,15.2217282888519));
#3829=CARTESIAN_POINT('Ctrl Pts',(42.5468808899783,-106.912338917762,15.0078416874471));
#3830=CARTESIAN_POINT('Ctrl Pts',(40.9574489692681,-109.,12.7107634660205));
#3831=CARTESIAN_POINT('Ctrl Pts',(41.1896521688366,-109.,16.3443401293105));
#3832=CARTESIAN_POINT('Ctrl Pts',(41.4403348269611,-109.,20.8742889642859));
#3833=CARTESIAN_POINT('Origin',(3.95546581825378,-33.1819292190457,3.98943036227289));
#3834=CARTESIAN_POINT('Origin',(9.60160961001602,-105.252245312016,10.2947659971378));
#3835=CARTESIAN_POINT('',(10.120539748449,-109.,43.748706684943));
#3836=CARTESIAN_POINT('Origin',(9.89521678439432,-109.,10.6226520460125));
#3837=CARTESIAN_POINT('',(7.92695944049803,-81.,41.2990241062171));
#3838=CARTESIAN_POINT('',(3.95546581825378,-30.305789708373,36.8638553993005));
#3839=CARTESIAN_POINT('Origin',(7.70163647644334,-81.,8.17296946728661));
#3840=CARTESIAN_POINT('Origin',(-3.95546581825379,-33.1819292190457,3.98943036227289));
#3841=CARTESIAN_POINT('Origin',(-9.60160961001603,-105.252245312016,10.2947659971378));
#3842=CARTESIAN_POINT('',(-7.92695944049804,-81.,41.2990241062171));
#3843=CARTESIAN_POINT('Origin',(-7.70163647644335,-81.,8.17296946728661));
#3844=CARTESIAN_POINT('',(-10.120539748449,-109.,43.748706684943));
#3845=CARTESIAN_POINT('',(-3.95546581825379,-30.305789708373,36.8638553993005));
#3846=CARTESIAN_POINT('Origin',(-9.89521678439433,-109.,10.6226520460125));
#3847=CARTESIAN_POINT('Origin',(-3.95546581825379,-33.1819292190457,3.98943036227289));
#3848=CARTESIAN_POINT('Origin',(-9.71913008082775,-106.752337727507,10.4260070777345));
#3849=CARTESIAN_POINT('Origin',(-9.89521678439433,-109.,10.6226520460125));
#3850=CARTESIAN_POINT('Origin',(-42.2113081446663,-105.5,3.2));
#3851=CARTESIAN_POINT('',(-44.6884971407591,-105.5,3.2));
#3852=CARTESIAN_POINT('Origin',(-44.6884971407591,-106.5,3.2));
#3853=CARTESIAN_POINT('',(-33.3115028592409,-106.5,3.2));
#3854=CARTESIAN_POINT('Origin',(-34.9193595810977,-0.611154900027397,-1.14281130667364));
#3855=CARTESIAN_POINT('',(-37.6034605103208,-34.6952694799801,1.7));
#3856=CARTESIAN_POINT('',(-37.1533205194475,-29.5252264636313,1.7));
#3857=CARTESIAN_POINT('',(-37.0949905777088,-35.7578973805413,7.72646229347175));
#3858=CARTESIAN_POINT('',(-38.1427239086834,-33.5682877331775,-4.69143109168229));
#3859=CARTESIAN_POINT('',(-37.7406946492144,-44.,8.44755283629169));
#3860=CARTESIAN_POINT('',(-36.6700371307843,-30.3335705524967,7.2518951887583));
#3861=CARTESIAN_POINT('',(-38.2640075298869,-44.,3.2));
#3862=CARTESIAN_POINT('',(-37.2751455126353,-44.,13.1158760943583));
#3863=CARTESIAN_POINT('',(-38.3510745019507,-45.,3.2));
#3864=CARTESIAN_POINT('',(-37.0048582682617,-29.5381526223078,3.2));
#3865=CARTESIAN_POINT('',(-37.8190368030698,-45.,8.53504149981762));
#3866=CARTESIAN_POINT('',(-37.3613551214115,-45.,13.1244733586676));
#3867=CARTESIAN_POINT('',(-36.6700371307843,-30.3335705524967,7.2518951887583));
#3868=CARTESIAN_POINT('Origin',(-44.6884971407591,-106.5,3.2));
#3869=CARTESIAN_POINT('Origin',(9.71913008082774,-106.752337727507,10.4260070777345));
#3870=CARTESIAN_POINT('',(33.9999993443489,-106.5,3.2));
#3871=CARTESIAN_POINT('Origin',(-42.2113081446663,-105.5,3.2));
#3872=CARTESIAN_POINT('',(44.0000006556511,-105.5,3.2));
#3873=CARTESIAN_POINT('Origin',(3.95546581825378,-33.1819292190457,3.98943036227289));
#3874=CARTESIAN_POINT('Origin',(9.89521678439432,-109.,10.6226520460125));
#3875=CARTESIAN_POINT('Origin',(0.5,-3.78869185533372,3.2));
#3876=CARTESIAN_POINT('',(0.671205525614773,-3.45957516929552,8.10268479493929));
#3877=CARTESIAN_POINT('',(0.5,-2.59509956203858,3.2));
#3878=CARTESIAN_POINT('',(0.441400422848743,-2.29921013404886,1.52192766642485));
#3879=CARTESIAN_POINT('',(0.701022213202806,-3.62092880005961,8.95652301845719));
#3880=CARTESIAN_POINT('Origin',(0.455936082148374,-38.4202504012289,1.93817448776327));
#3881=CARTESIAN_POINT('',(0.5,-3.78869185533372,3.2));
#3882=CARTESIAN_POINT('Ctrl Pts',(0.701022213439679,-3.62092880028657,8.9565230195552));
#3883=CARTESIAN_POINT('Ctrl Pts',(0.597952521019762,-3.70481032790275,6.00499320162624));
#3884=CARTESIAN_POINT('Ctrl Pts',(0.499999999999989,-3.78869185551894,3.20000000000391));
#3885=CARTESIAN_POINT('',(0.5,-2.40671948149891,3.2));
#3886=CARTESIAN_POINT('Origin',(-0.5,-2.40671948149891,3.2));
#3887=CARTESIAN_POINT('',(-0.5,-2.59509956203858,3.2));
#3888=CARTESIAN_POINT('',(-0.671205525614773,-3.45957516929552,8.10268479493929));
#3889=CARTESIAN_POINT('',(-0.43727886381273,-2.27839896432926,1.40390165794908));
#3890=CARTESIAN_POINT('',(-0.5,-3.78869185533372,3.2));
#3891=CARTESIAN_POINT('',(-0.5,-11.5932805185011,3.2));
#3892=CARTESIAN_POINT('',(-0.701022213202806,-3.62092880005961,8.95652301845719));
#3893=CARTESIAN_POINT('Ctrl Pts',(-0.500000000000106,-3.78869185551884,
3.20000000000729));
#3894=CARTESIAN_POINT('Ctrl Pts',(-0.597952521017284,-3.70481032790487,
6.00499320155531));
#3895=CARTESIAN_POINT('Ctrl Pts',(-0.701022213434335,-3.62092880029091,
8.95652301940217));
#3896=CARTESIAN_POINT('Origin',(-0.455936082148376,-38.4202504012289,1.93817448776327));
#3897=CARTESIAN_POINT('Origin',(-11.7500000240523,-38.4202504012289,1.93817448776327));
#3898=CARTESIAN_POINT('',(2.09430029234236,-3.45957516929553,8.1026847949393));
#3899=CARTESIAN_POINT('',(-11.7500000240523,-3.45957516929552,8.10268479493929));
#3900=CARTESIAN_POINT('',(2.34294178386802,-4.3304615778208,11.8445511197836));
#3901=CARTESIAN_POINT('Origin',(2.09430029234237,-38.4202504012289,1.93817448776326));
#3902=CARTESIAN_POINT('Ctrl Pts',(2.34294178386797,-4.33046157782076,11.8445511197835));
#3903=CARTESIAN_POINT('Ctrl Pts',(2.23411893310903,-4.24811803926445,11.5611908211972));
#3904=CARTESIAN_POINT('Ctrl Pts',(2.12009367857739,-4.17128729647021,11.2835630001572));
#3905=CARTESIAN_POINT('Ctrl Pts',(1.8534919341648,-4.01282978458687,10.6843539079246));
#3906=CARTESIAN_POINT('Ctrl Pts',(1.68028941153364,-3.92363626904716,10.3261150124267));
#3907=CARTESIAN_POINT('Ctrl Pts',(1.28421008400776,-3.76407770152474,9.64035743632967));
#3908=CARTESIAN_POINT('Ctrl Pts',(1.06398131138394,-3.6933788197119,9.31139034289189));
#3909=CARTESIAN_POINT('Ctrl Pts',(0.771184974906596,-3.63380666147999,9.02015235118527));
#3910=CARTESIAN_POINT('Ctrl Pts',(0.736949264593679,-3.62726224737395,8.987926370545));
#3911=CARTESIAN_POINT('Ctrl Pts',(0.701022213004372,-3.62092880005961,8.95652301846412));
#3912=CARTESIAN_POINT('Origin',(-11.7500000240523,-38.4202504012289,1.93817448776327));
#3913=CARTESIAN_POINT('',(-2.34294178386805,-4.33046157782082,11.8445511197837));
#3914=CARTESIAN_POINT('Ctrl Pts',(-0.701022213004372,-3.62092880005961,
8.95652301846412));
#3915=CARTESIAN_POINT('Ctrl Pts',(-0.736949264593681,-3.62726224737396,
8.987926370545));
#3916=CARTESIAN_POINT('Ctrl Pts',(-0.771184974906604,-3.63380666147999,
9.02015235118527));
#3917=CARTESIAN_POINT('Ctrl Pts',(-1.06398131138394,-3.6933788197119,9.31139034289189));
#3918=CARTESIAN_POINT('Ctrl Pts',(-1.28421008400776,-3.76407770152474,9.64035743632967));
#3919=CARTESIAN_POINT('Ctrl Pts',(-1.68028941153364,-3.92363626904716,10.3261150124267));
#3920=CARTESIAN_POINT('Ctrl Pts',(-1.85349193416481,-4.01282978458686,10.6843539079246));
#3921=CARTESIAN_POINT('Ctrl Pts',(-2.12009367857746,-4.17128729647024,11.2835630001574));
#3922=CARTESIAN_POINT('Ctrl Pts',(-2.23411893310915,-4.24811803926453,11.5611908211975));
#3923=CARTESIAN_POINT('Ctrl Pts',(-2.34294178386815,-4.33046157782089,11.8445511197839));
#3924=CARTESIAN_POINT('',(-2.09430029234238,-3.45957516929553,8.10268479493929));
#3925=CARTESIAN_POINT('Origin',(-2.09430029234238,-38.4202504012288,1.93817448776329));
#3926=CARTESIAN_POINT('',(-11.7500000240523,-3.45957516929552,8.10268479493929));
#3927=CARTESIAN_POINT('Origin',(0.,-7.,3.2));
#3928=CARTESIAN_POINT('Origin',(0.,-7.,3.2));
#3929=CARTESIAN_POINT('',(3.07607952126709,-9.43235511751251,22.4309031255092));
#3930=CARTESIAN_POINT('Ctrl Pts',(3.07607952126709,-9.4323551175125,22.4309031255092));
#3931=CARTESIAN_POINT('Ctrl Pts',(3.22539474241659,-9.22718362432164,22.1406787310444));
#3932=CARTESIAN_POINT('Ctrl Pts',(3.34541243099974,-9.0186342604825,21.834131567975));
#3933=CARTESIAN_POINT('Ctrl Pts',(3.55181296085969,-8.57652985116906,21.160030517187));
#3934=CARTESIAN_POINT('Ctrl Pts',(3.63176054958476,-8.34042587971031,20.7847647367121));
#3935=CARTESIAN_POINT('Ctrl Pts',(3.80649832267159,-7.61541281566626,19.5840209429969));
#3936=CARTESIAN_POINT('Ctrl Pts',(3.81465411660136,-7.13739868037141,18.717564256316));
#3937=CARTESIAN_POINT('Ctrl Pts',(3.69616730499923,-6.34230134652321,17.1334553506792));
#3938=CARTESIAN_POINT('Ctrl Pts',(3.5909823437929,-6.00400979561461,16.4011914831601));
#3939=CARTESIAN_POINT('Ctrl Pts',(3.35284547030929,-5.49396722216339,15.1954830409832));
#3940=CARTESIAN_POINT('Ctrl Pts',(3.24162801648968,-5.30362369543334,14.7171529569445));
#3941=CARTESIAN_POINT('Ctrl Pts',(3.01473236602591,-4.98444545514019,13.8618550135877));
#3942=CARTESIAN_POINT('Ctrl Pts',(2.90406872782783,-4.85014329064056,13.4819708563011));
#3943=CARTESIAN_POINT('Ctrl Pts',(2.65001956592001,-4.58346652523111,12.683682977458));
#3944=CARTESIAN_POINT('Ctrl Pts',(2.50287778782969,-4.45148116531473,12.2610033035043));
#3945=CARTESIAN_POINT('Ctrl Pts',(2.34294178386802,-4.3304615778208,11.8445511197836));
#3946=CARTESIAN_POINT('',(-3.07607952126711,-9.43235511751249,22.4309031255092));
#3947=CARTESIAN_POINT('Ctrl Pts',(-3.07607952126705,-9.43235511751256,22.4309031255093));
#3948=CARTESIAN_POINT('Ctrl Pts',(-2.90159565379548,-9.67211041741608,22.7700478851055));
#3949=CARTESIAN_POINT('Ctrl Pts',(-2.69019095954576,-9.90387984410203,23.0850705823739));
#3950=CARTESIAN_POINT('Ctrl Pts',(-2.15485639351493,-10.3477566619135,23.6713588583116));
#3951=CARTESIAN_POINT('Ctrl Pts',(-1.79268676443089,-10.5762682345227,23.9615585598788));
#3952=CARTESIAN_POINT('Ctrl Pts',(-1.16233541828032,-10.8189513181596,24.2638319827537));
#3953=CARTESIAN_POINT('Ctrl Pts',(-0.937875674720465,-10.8836472858372,
24.3433127910398));
#3954=CARTESIAN_POINT('Ctrl Pts',(-0.474954202860904,-10.9706981035601,
24.449878380825));
#3955=CARTESIAN_POINT('Ctrl Pts',(-0.236480581707446,-10.9930074206485,
24.4769486887752));
#3956=CARTESIAN_POINT('Ctrl Pts',(0.,-10.9930074206485,24.4769486887752));
#3957=CARTESIAN_POINT('Ctrl Pts',(0.236480581707446,-10.9930074206485,24.4769486887752));
#3958=CARTESIAN_POINT('Ctrl Pts',(0.474954202860904,-10.9706981035601,24.449878380825));
#3959=CARTESIAN_POINT('Ctrl Pts',(0.937875674720464,-10.8836472858372,24.3433127910398));
#3960=CARTESIAN_POINT('Ctrl Pts',(1.16233541828032,-10.8189513181596,24.2638319827537));
#3961=CARTESIAN_POINT('Ctrl Pts',(1.79268676443089,-10.5762682345227,23.9615585598788));
#3962=CARTESIAN_POINT('Ctrl Pts',(2.15485639351493,-10.3477566619135,23.6713588583116));
#3963=CARTESIAN_POINT('Ctrl Pts',(2.6901909595458,-9.903879844102,23.0850705823739));
#3964=CARTESIAN_POINT('Ctrl Pts',(2.90159565379555,-9.672110417416,22.7700478851054));
#3965=CARTESIAN_POINT('Ctrl Pts',(3.07607952126713,-9.43235511751244,22.4309031255091));
#3966=CARTESIAN_POINT('Ctrl Pts',(-2.34294178386805,-4.33046157782082,11.8445511197837));
#3967=CARTESIAN_POINT('Ctrl Pts',(-2.42347628015878,-4.39140002369115,12.0542522878406));
#3968=CARTESIAN_POINT('Ctrl Pts',(-2.50061320342725,-4.45500158224394,12.265188869961));
#3969=CARTESIAN_POINT('Ctrl Pts',(-2.65135586474714,-4.58980893896607,12.6966375640224));
#3970=CARTESIAN_POINT('Ctrl Pts',(-2.72497868405498,-4.66154177805133,12.9181400218154));
#3971=CARTESIAN_POINT('Ctrl Pts',(-2.91496771094258,-4.86277149331038,13.5183290732016));
#3972=CARTESIAN_POINT('Ctrl Pts',(-3.02525849612848,-4.99788383148882,13.8991401727511));
#3973=CARTESIAN_POINT('Ctrl Pts',(-3.25238389079227,-5.32065922060583,14.761029186542));
#3974=CARTESIAN_POINT('Ctrl Pts',(-3.36387281264857,-5.51404885737228,15.2450361395793));
#3975=CARTESIAN_POINT('Ctrl Pts',(-3.60153694615427,-6.03260117465446,16.465257098684));
#3976=CARTESIAN_POINT('Ctrl Pts',(-3.7053022826954,-6.37686818580329,17.2064830711774));
#3977=CARTESIAN_POINT('Ctrl Pts',(-3.81571068977113,-7.17969939818658,18.7963635147316));
#3978=CARTESIAN_POINT('Ctrl Pts',(-3.8021479281257,-7.65894760356131,19.6602318351065));
#3979=CARTESIAN_POINT('Ctrl Pts',(-3.57138112810083,-8.56761874052173,21.1572707800855));
#3980=CARTESIAN_POINT('Ctrl Pts',(-3.38459981014184,-9.00842266199457,21.831231415355));
#3981=CARTESIAN_POINT('Ctrl Pts',(-3.0760795212671,-9.43235511751248,22.4309031255092));
#3982=CARTESIAN_POINT('Origin',(0.,-7.,3.2));
#3983=CARTESIAN_POINT('',(-1.4,-7.,3.2));
#3984=CARTESIAN_POINT('Origin',(0.,-7.,3.2));
#3985=CARTESIAN_POINT('',(-1.4,-7.,4.2));
#3986=CARTESIAN_POINT('',(-1.4,-7.,3.2));
#3987=CARTESIAN_POINT('Origin',(0.,-7.,4.2));
#3988=CARTESIAN_POINT('Origin',(0.,-7.,4.2));
#3989=CARTESIAN_POINT('',(-1.,-7.,4.2));
#3990=CARTESIAN_POINT('Origin',(0.,-7.,4.2));
#3991=CARTESIAN_POINT('Origin',(39.,-106.,3.2));
#3992=CARTESIAN_POINT('',(37.6,-106.,3.2));
#3993=CARTESIAN_POINT('Origin',(39.,-106.,3.2));
#3994=CARTESIAN_POINT('',(37.6,-106.,4.2));
#3995=CARTESIAN_POINT('',(37.6,-106.,3.2));
#3996=CARTESIAN_POINT('Origin',(39.,-106.,4.2));
#3997=CARTESIAN_POINT('Origin',(39.,-106.,4.2));
#3998=CARTESIAN_POINT('',(38.,-106.,4.2));
#3999=CARTESIAN_POINT('Origin',(39.,-106.,4.2));
#4000=CARTESIAN_POINT('Origin',(-39.,-106.,3.2));
#4001=CARTESIAN_POINT('',(-40.4,-106.,3.2));
#4002=CARTESIAN_POINT('Origin',(-39.,-106.,3.2));
#4003=CARTESIAN_POINT('',(-40.4,-106.,4.2));
#4004=CARTESIAN_POINT('',(-40.4,-106.,3.2));
#4005=CARTESIAN_POINT('Origin',(-39.,-106.,4.2));
#4006=CARTESIAN_POINT('Origin',(-39.,-106.,4.2));
#4007=CARTESIAN_POINT('',(-40.,-106.,4.2));
#4008=CARTESIAN_POINT('Origin',(-39.,-106.,4.2));
#4009=CARTESIAN_POINT('Origin',(-3.95546581825379,-33.1819292190457,3.98943036227289));
#4010=CARTESIAN_POINT('',(-38.9640153823364,-106.999352343917,26.2));
#4011=CARTESIAN_POINT('',(-40.,-105.999999999983,23.8120799506615));
#4012=CARTESIAN_POINT('Ctrl Pts',(-40.,-105.999999999965,23.8120799506615));
#4013=CARTESIAN_POINT('Ctrl Pts',(-40.0000000000008,-106.022628535784,23.8181142944559));
#4014=CARTESIAN_POINT('Ctrl Pts',(-39.9992212421579,-106.04518281899,23.8259079854235));
#4015=CARTESIAN_POINT('Ctrl Pts',(-39.9945508229028,-106.114581742554,23.8550607047621));
#4016=CARTESIAN_POINT('Ctrl Pts',(-39.9880087184794,-106.159254385188,23.8818599365871));
#4017=CARTESIAN_POINT('Ctrl Pts',(-39.9541748798501,-106.327178632865,24.0032490723274));
#4018=CARTESIAN_POINT('Ctrl Pts',(-39.901892597619,-106.442364465701,24.1510457921014));
#4019=CARTESIAN_POINT('Ctrl Pts',(-39.6624735051961,-106.831909264528,24.7795015493738));
#4020=CARTESIAN_POINT('Ctrl Pts',(-39.3611547895607,-106.974770408238,25.4379643333895));
#4021=CARTESIAN_POINT('Ctrl Pts',(-39.0414491541158,-106.999816836318,26.0542443463589));
#4022=CARTESIAN_POINT('Ctrl Pts',(-39.0032984899324,-107.000766847636,26.1266760502654));
#4023=CARTESIAN_POINT('Ctrl Pts',(-38.9640153823364,-106.999352343917,26.2));
#4024=CARTESIAN_POINT('Ctrl Pts',(-38.9640153823364,-106.999352343917,26.2));
#4025=CARTESIAN_POINT('Ctrl Pts',(-38.870845637573,-106.995997493484,26.3739061418476));
#4026=CARTESIAN_POINT('Ctrl Pts',(-38.7712451317947,-106.979289472296,26.5527979463352));
#4027=CARTESIAN_POINT('Ctrl Pts',(-38.5277852144967,-106.89438522728,26.9703833338515));
#4028=CARTESIAN_POINT('Ctrl Pts',(-38.3828754335474,-106.810223814578,27.2030360717043));
#4029=CARTESIAN_POINT('Ctrl Pts',(-38.1965733838222,-106.601656138506,27.4732062355002));
#4030=CARTESIAN_POINT('Ctrl Pts',(-38.1368331600924,-106.516960682101,27.5547906636127));
#4031=CARTESIAN_POINT('Ctrl Pts',(-38.0675974925035,-106.365652969806,27.6370460198181));
#4032=CARTESIAN_POINT('Ctrl Pts',(-38.0478154365746,-106.311161563055,27.6579733733382));
#4033=CARTESIAN_POINT('Ctrl Pts',(-38.0178849235732,-106.197252566937,27.6827572185589));
#4034=CARTESIAN_POINT('Ctrl Pts',(-38.0077344100303,-106.137837190145,27.6866213952579));
#4035=CARTESIAN_POINT('Ctrl Pts',(-37.9983392515717,-106.017912500866,27.6761293444691));
#4036=CARTESIAN_POINT('Ctrl Pts',(-37.9992157942955,-105.95390217577,27.6608147219233));
#4037=CARTESIAN_POINT('Ctrl Pts',(-38.0121653219172,-105.833036952542,27.6131511290648));
#4038=CARTESIAN_POINT('Ctrl Pts',(-38.0240844793928,-105.776080936354,27.5810172012209));
#4039=CARTESIAN_POINT('Ctrl Pts',(-38.0813403957061,-105.573929845512,27.4416742744156));
#4040=CARTESIAN_POINT('Ctrl Pts',(-38.1634079463785,-105.439689780878,27.2741743932112));
#4041=CARTESIAN_POINT('Ctrl Pts',(-38.432620895326,-105.124709908002,26.7417519055564));
#4042=CARTESIAN_POINT('Ctrl Pts',(-38.6995555978802,-105.020473409249,26.2377424231644));
#4043=CARTESIAN_POINT('Ctrl Pts',(-39.1567360304903,-104.984656909458,25.3564593561763));
#4044=CARTESIAN_POINT('Ctrl Pts',(-39.4319977033634,-105.053739381086,24.8138237170595));
#4045=CARTESIAN_POINT('Ctrl Pts',(-39.7414921494901,-105.318263941858,24.2134442137374));
#4046=CARTESIAN_POINT('Ctrl Pts',(-39.8468007926637,-105.438446154946,24.0107313984479));
#4047=CARTESIAN_POINT('Ctrl Pts',(-39.9366123447559,-105.646545496809,23.8625553458425));
#4048=CARTESIAN_POINT('Ctrl Pts',(-39.954883109338,-105.697647594911,23.8345552757497));
#4049=CARTESIAN_POINT('Ctrl Pts',(-39.9829530042568,-105.807588626253,23.799780232009));
#4050=CARTESIAN_POINT('Ctrl Pts',(-39.99261218633,-105.866586946074,23.7933976238553));
#4051=CARTESIAN_POINT('Ctrl Pts',(-39.9969453074109,-105.921897157341,23.7982366403184));
#4052=CARTESIAN_POINT('Ctrl Pts',(-39.9989438765218,-105.94740793299,23.8004685439854));
#4053=CARTESIAN_POINT('Ctrl Pts',(-39.9999999999991,-105.973756430584,23.8050815871213));
#4054=CARTESIAN_POINT('Ctrl Pts',(-40.,-105.999999999965,23.8120799506615));
#4055=CARTESIAN_POINT('Origin',(-1.33226762955019E-14,-109.,23.4223637663372));
#4056=CARTESIAN_POINT('',(-11.7500000120262,-109.,43.748706684943));
#4057=CARTESIAN_POINT('',(10.1068838112336,-109.,41.7410670098563));
#4058=CARTESIAN_POINT('Origin',(9.89521678439432,-109.,10.6226520460125));
#4059=CARTESIAN_POINT('',(-10.1068838112336,-109.,41.7410670098563));
#4060=CARTESIAN_POINT('',(-11.7500000120262,-109.,41.7410670098563));
#4061=CARTESIAN_POINT('Origin',(-9.89521678439433,-109.,10.6226520460125));
#4062=CARTESIAN_POINT('Origin',(3.95546581825378,-33.1819292190457,3.98943036227289));
#4063=CARTESIAN_POINT('',(38.7184927863764,-105.040440888388,26.2));
#4064=CARTESIAN_POINT('',(38.,-106.,27.6695034662829));
#4065=CARTESIAN_POINT('Ctrl Pts',(38.,-106.,27.6695034662829));
#4066=CARTESIAN_POINT('Ctrl Pts',(38.,-106.025742215008,27.675085859245));
#4067=CARTESIAN_POINT('Ctrl Pts',(38.000994712131,-106.051808180631,27.6790948321911));
#4068=CARTESIAN_POINT('Ctrl Pts',(38.0077344100303,-106.137837190145,27.6866213952579));
#4069=CARTESIAN_POINT('Ctrl Pts',(38.0178849235732,-106.197252566937,27.6827572185589));
#4070=CARTESIAN_POINT('Ctrl Pts',(38.0478154365746,-106.311161563055,27.6579733733381));
#4071=CARTESIAN_POINT('Ctrl Pts',(38.0675974925035,-106.365652969806,27.6370460198181));
#4072=CARTESIAN_POINT('Ctrl Pts',(38.1368331600924,-106.516960682101,27.5547906636126));
#4073=CARTESIAN_POINT('Ctrl Pts',(38.1965733838222,-106.601656138506,27.4732062355002));
#4074=CARTESIAN_POINT('Ctrl Pts',(38.3828754335474,-106.810223814578,27.2030360717043));
#4075=CARTESIAN_POINT('Ctrl Pts',(38.5277852144967,-106.89438522728,26.9703833338515));
#4076=CARTESIAN_POINT('Ctrl Pts',(38.8136338918236,-106.994072134294,26.4800922337092));
#4077=CARTESIAN_POINT('Ctrl Pts',(38.9545157362893,-107.006627387513,26.2218213982648));
#4078=CARTESIAN_POINT('Ctrl Pts',(39.3611547895607,-106.974770408238,25.4379643333895));
#4079=CARTESIAN_POINT('Ctrl Pts',(39.6624735051961,-106.831909264528,24.7795015493738));
#4080=CARTESIAN_POINT('Ctrl Pts',(39.901892597619,-106.4423644657,24.1510457921014));
#4081=CARTESIAN_POINT('Ctrl Pts',(39.9541748798501,-106.327178632865,24.0032490723273));
#4082=CARTESIAN_POINT('Ctrl Pts',(39.9880087184794,-106.159254385188,23.8818599365871));
#4083=CARTESIAN_POINT('Ctrl Pts',(39.9945508229028,-106.114581742554,23.8550607047621));
#4084=CARTESIAN_POINT('Ctrl Pts',(40.0009354711496,-106.019710663222,23.8152077818767));
#4085=CARTESIAN_POINT('Ctrl Pts',(40.0006671441175,-105.969404616907,23.8023930044633));
#4086=CARTESIAN_POINT('Ctrl Pts',(39.9969453074109,-105.921897157341,23.7982366403184));
#4087=CARTESIAN_POINT('Ctrl Pts',(39.9933802483618,-105.87639088934,23.7942553577489));
#4088=CARTESIAN_POINT('Ctrl Pts',(39.9861266401645,-105.827248851074,23.7977540562479));
#4089=CARTESIAN_POINT('Ctrl Pts',(39.9651317909953,-105.733899767674,23.8208328816352));
#4090=CARTESIAN_POINT('Ctrl Pts',(39.9514672235481,-105.689624125442,23.8402047128243));
#4091=CARTESIAN_POINT('Ctrl Pts',(39.8911984318762,-105.527338799641,23.933986157054));
#4092=CARTESIAN_POINT('Ctrl Pts',(39.821164887194,-105.421447375122,24.0633870047805));
#4093=CARTESIAN_POINT('Ctrl Pts',(39.6371961798966,-105.2067803035,24.4126110444575));
#4094=CARTESIAN_POINT('Ctrl Pts',(39.4974763151196,-105.118876658559,24.6886969638315));
#4095=CARTESIAN_POINT('Ctrl Pts',(39.2084199728979,-105.009837572093,25.2543175448378));
#4096=CARTESIAN_POINT('Ctrl Pts',(39.0591486336793,-104.992302116313,25.5445735321701));
#4097=CARTESIAN_POINT('Ctrl Pts',(38.8565151208913,-105.008176862148,25.9351796712055));
#4098=CARTESIAN_POINT('Ctrl Pts',(38.7879127293773,-105.020075061533,26.0669430007234));
#4099=CARTESIAN_POINT('Ctrl Pts',(38.7184927863764,-105.040440888388,26.2));
#4100=CARTESIAN_POINT('Ctrl Pts',(38.7184927863764,-105.040440888388,26.2));
#4101=CARTESIAN_POINT('Ctrl Pts',(38.6529998089527,-105.059654655798,26.3255301959782));
#4102=CARTESIAN_POINT('Ctrl Pts',(38.586777709101,-105.086386052521,26.452214006448));
#4103=CARTESIAN_POINT('Ctrl Pts',(38.388485650922,-105.194302965657,26.83239090096));
#4104=CARTESIAN_POINT('Ctrl Pts',(38.260523152347,-105.301814141568,27.0781468869175));
#4105=CARTESIAN_POINT('Ctrl Pts',(38.113786707314,-105.528946999496,27.3772387510551));
#4106=CARTESIAN_POINT('Ctrl Pts',(38.0686196994206,-105.619712785361,27.47281567042));
#4107=CARTESIAN_POINT('Ctrl Pts',(38.023338833608,-105.778290867536,27.5827429060565));
#4108=CARTESIAN_POINT('Ctrl Pts',(38.0119356215365,-105.834846380727,27.6139240432795));
#4109=CARTESIAN_POINT('Ctrl Pts',(38.0019536183642,-105.928545952724,27.65078037648));
#4110=CARTESIAN_POINT('Ctrl Pts',(38.,-105.96395506076,27.6616868500719));
#4111=CARTESIAN_POINT('Ctrl Pts',(38.,-106.,27.6695034662829));
#4112=CARTESIAN_POINT('Origin',(-39.,-106.,3.2));
#4113=CARTESIAN_POINT('',(-40.,-106.,3.2));
#4114=CARTESIAN_POINT('Origin',(-39.,-106.,3.2));
#4115=CARTESIAN_POINT('Origin',(-1.33226762955019E-14,-109.,23.4223637663372));
#4116=CARTESIAN_POINT('',(-1.33226762955019E-14,-109.,8.));
#4117=CARTESIAN_POINT('Origin',(39.,-106.,3.2));
#4118=CARTESIAN_POINT('',(38.,-106.,3.2));
#4119=CARTESIAN_POINT('Origin',(39.,-106.,3.2));
#4120=CARTESIAN_POINT('Origin',(0.,-7.,3.2));
#4121=CARTESIAN_POINT('',(0.,-8.,20.2373101374745));
#4122=CARTESIAN_POINT('',(-1.,-7.,18.4614267319213));
#4123=CARTESIAN_POINT('Ctrl Pts',(0.,-8.,20.2373101374745));
#4124=CARTESIAN_POINT('Ctrl Pts',(-0.0617239997950848,-8.,20.2373101374745));
#4125=CARTESIAN_POINT('Ctrl Pts',(-0.122564703845806,-7.99422233708093,
20.2277141386914));
#4126=CARTESIAN_POINT('Ctrl Pts',(-0.239079488553566,-7.97280930938431,
20.1920439994422));
#4127=CARTESIAN_POINT('Ctrl Pts',(-0.294748075211277,-7.95716796222238,
20.1659555062651));
#4128=CARTESIAN_POINT('Ctrl Pts',(-0.450082709344933,-7.89978486086806,
20.0698251028573));
#4129=CARTESIAN_POINT('Ctrl Pts',(-0.538010057187309,-7.84729540241703,
19.9813173532061));
#4130=CARTESIAN_POINT('Ctrl Pts',(-0.756104742009749,-7.68103553860484,
19.6977264292763));
#4131=CARTESIAN_POINT('Ctrl Pts',(-0.852458724356596,-7.5443627879939,19.4598977723339));
#4132=CARTESIAN_POINT('Ctrl Pts',(-0.975557203219382,-7.26702969935642,
18.9619244469138));
#4133=CARTESIAN_POINT('Ctrl Pts',(-0.999999999999999,-7.12616015832731,
18.701330093967));
#4134=CARTESIAN_POINT('Ctrl Pts',(-1.,-7.00000000000001,18.4614267319213));
#4135=CARTESIAN_POINT('Ctrl Pts',(-1.,-7.00000000000001,18.4614267319213));
#4136=CARTESIAN_POINT('Ctrl Pts',(-1.,-6.72188629278365,17.9325718677803));
#4137=CARTESIAN_POINT('Ctrl Pts',(-0.887602237475257,-6.41030800021459,
17.2966350150252));
#4138=CARTESIAN_POINT('Ctrl Pts',(-0.512913914150682,-6.13620412441688,
16.7032900952678));
#4139=CARTESIAN_POINT('Ctrl Pts',(-0.401018197192186,-6.07429511061688,
16.5668122836265));
#4140=CARTESIAN_POINT('Ctrl Pts',(-0.234727618767375,-6.0271309540746,16.4618279227691));
#4141=CARTESIAN_POINT('Ctrl Pts',(-0.190173212663018,-6.01709830761615,
16.4394162470281));
#4142=CARTESIAN_POINT('Ctrl Pts',(-0.096039802996435,-6.00348710476783,
16.4089635310443));
#4143=CARTESIAN_POINT('Ctrl Pts',(-0.0463774602231542,-6.,16.4011397411826));
#4144=CARTESIAN_POINT('Ctrl Pts',(0.0463774602231542,-6.,16.4011397411826));
#4145=CARTESIAN_POINT('Ctrl Pts',(0.096039802996433,-6.00348710476783,16.4089635310443));
#4146=CARTESIAN_POINT('Ctrl Pts',(0.190173212663016,-6.01709830761615,16.4394162470281));
#4147=CARTESIAN_POINT('Ctrl Pts',(0.234727618767375,-6.0271309540746,16.4618279227691));
#4148=CARTESIAN_POINT('Ctrl Pts',(0.401018197192186,-6.07429511061688,16.5668122836265));
#4149=CARTESIAN_POINT('Ctrl Pts',(0.512913914150682,-6.13620412441688,16.7032900952678));
#4150=CARTESIAN_POINT('Ctrl Pts',(0.887602237475258,-6.41030800021459,17.2966350150252));
#4151=CARTESIAN_POINT('Ctrl Pts',(1.,-6.72188629278364,17.9325718677803));
#4152=CARTESIAN_POINT('Ctrl Pts',(1.,-7.12616015832731,18.701330093967));
#4153=CARTESIAN_POINT('Ctrl Pts',(0.975557203219383,-7.26702969935642,18.9619244469138));
#4154=CARTESIAN_POINT('Ctrl Pts',(0.852458724356595,-7.5443627879939,19.4598977723339));
#4155=CARTESIAN_POINT('Ctrl Pts',(0.75610474200975,-7.68103553860484,19.6977264292763));
#4156=CARTESIAN_POINT('Ctrl Pts',(0.538010057187309,-7.84729540241703,19.9813173532061));
#4157=CARTESIAN_POINT('Ctrl Pts',(0.450082709344933,-7.89978486086806,20.0698251028573));
#4158=CARTESIAN_POINT('Ctrl Pts',(0.294748075211277,-7.95716796222238,20.1659555062651));
#4159=CARTESIAN_POINT('Ctrl Pts',(0.239079488553565,-7.97280930938431,20.1920439994422));
#4160=CARTESIAN_POINT('Ctrl Pts',(0.122564703845805,-7.99422233708093,20.2277141386914));
#4161=CARTESIAN_POINT('Ctrl Pts',(0.0617239997950843,-8.,20.2373101374745));
#4162=CARTESIAN_POINT('Ctrl Pts',(0.,-8.,20.2373101374745));
#4163=CARTESIAN_POINT('',(-1.,-7.,3.2));
#4164=CARTESIAN_POINT('Origin',(0.,-7.,3.2));
#4165=CARTESIAN_POINT('',(-1.20261554933473E-8,-2.59509956203858,3.2));
#4166=CARTESIAN_POINT('Ctrl Pts',(36.0828695147283,-30.2494304137926,8.51117308834169));
#4167=CARTESIAN_POINT('Ctrl Pts',(35.5151881058176,-28.1298159456327,8.79919860494096));
#4168=CARTESIAN_POINT('Ctrl Pts',(34.3653438397618,-25.0221828634962,9.17353206395028));
#4169=CARTESIAN_POINT('Ctrl Pts',(31.2333760049427,-19.1838935999005,9.73005388699174));
#4170=CARTESIAN_POINT('Ctrl Pts',(25.6474889600859,-12.2059670512572,10.1169835318098));
#4171=CARTESIAN_POINT('Ctrl Pts',(15.2535137294786,-5.44797357822547,9.73911333386324));
#4172=CARTESIAN_POINT('Ctrl Pts',(6.48100536422877,-3.5728507013934,8.74510226073346));
#4173=CARTESIAN_POINT('Ctrl Pts',(2.09430029234236,-3.45957516929553,8.1026847949393));
#4174=CARTESIAN_POINT('Ctrl Pts',(35.4539754485438,-30.0121319445513,12.9423377993193));
#4175=CARTESIAN_POINT('Ctrl Pts',(34.7819674399284,-27.6850735327736,13.1127295922722));
#4176=CARTESIAN_POINT('Ctrl Pts',(33.4435705077514,-24.3401484951658,13.2333220092731));
#4177=CARTESIAN_POINT('Ctrl Pts',(29.9619643639958,-18.2854437274184,13.1460751144219));
#4178=CARTESIAN_POINT('Ctrl Pts',(24.0778796944699,-11.460558493068,12.5265754701464));
#4179=CARTESIAN_POINT('Ctrl Pts',(14.0823093131624,-5.35206232370363,10.8503887203505));
#4180=CARTESIAN_POINT('Ctrl Pts',(6.09054234068222,-3.63525371305342,9.09900732625037));
#4181=CARTESIAN_POINT('Ctrl Pts',(2.09430029234236,-3.45957516929553,8.1026847949393));
#4182=CARTESIAN_POINT('Ctrl Pts',(32.4140721673455,-29.9839139513833,21.5732326428834));
#4183=CARTESIAN_POINT('Ctrl Pts',(31.6372611306695,-27.3342051639899,21.5008123127995));
#4184=CARTESIAN_POINT('Ctrl Pts',(30.1180501726133,-23.6184319294209,21.1130736612495));
#4185=CARTESIAN_POINT('Ctrl Pts',(26.3822631900958,-17.212962058052,19.7614620864121));
#4186=CARTESIAN_POINT('Ctrl Pts',(20.4996649513688,-10.5787484741102,17.2007763617145));
#4187=CARTESIAN_POINT('Ctrl Pts',(11.7392517951665,-5.32570376840151,13.0434960230508));
#4188=CARTESIAN_POINT('Ctrl Pts',(5.30961629358914,-3.76005973637348,9.80681745728418));
#4189=CARTESIAN_POINT('Ctrl Pts',(2.09430029234236,-3.45957516929553,8.1026847949393));
#4190=CARTESIAN_POINT('Ctrl Pts',(23.2547309638639,-31.2866407385054,31.7163989422834));
#4191=CARTESIAN_POINT('Ctrl Pts',(22.6250878659083,-28.5073811300691,31.4015789571546));
#4192=CARTESIAN_POINT('Ctrl Pts',(21.4077279530236,-24.6196347186164,30.5240679698131));
#4193=CARTESIAN_POINT('Ctrl Pts',(18.5109504709748,-17.9622190714848,27.9366686356616));
#4194=CARTESIAN_POINT('Ctrl Pts',(14.1537600791008,-11.150353281434,23.3862217807432));
#4195=CARTESIAN_POINT('Ctrl Pts',(8.22446241866943,-5.76798790633423,16.249659739633));
#4196=CARTESIAN_POINT('Ctrl Pts',(4.1382272229495,-3.94726877135356,10.8685326538349));
#4197=CARTESIAN_POINT('Ctrl Pts',(2.09430029234236,-3.45957516929553,8.1026847949393));
#4198=CARTESIAN_POINT('Ctrl Pts',(13.0375840987503,-33.3162421592599,36.4424395274487));
#4199=CARTESIAN_POINT('Ctrl Pts',(12.7147907766148,-30.7493947609491,36.1154122974478));
#4200=CARTESIAN_POINT('Ctrl Pts',(12.0906055305504,-27.0728619559012,35.2277847642986));
#4201=CARTESIAN_POINT('Ctrl Pts',(10.6045004056112,-20.4842642096833,32.5268569906681));
#4202=CARTESIAN_POINT('Ctrl Pts',(8.36589700332006,-13.1761540493945,27.5519899106337));
#4203=CARTESIAN_POINT('Ctrl Pts',(5.29672057510532,-6.53515764709257,18.8519357334472));
#4204=CARTESIAN_POINT('Ctrl Pts',(3.16206966408316,-4.10327630050363,11.7532953176272));
#4205=CARTESIAN_POINT('Ctrl Pts',(2.09430029234236,-3.45957516929553,8.1026847949393));
#4206=CARTESIAN_POINT('Ctrl Pts',(6.49672197859367,-34.8089252226435,37.2578287071239));
#4207=CARTESIAN_POINT('Ctrl Pts',(6.38823917072381,-32.504059089931,37.0238687184668));
#4208=CARTESIAN_POINT('Ctrl Pts',(6.17582726195452,-29.1129263259936,36.3356492831605));
#4209=CARTESIAN_POINT('Ctrl Pts',(5.65085062556461,-22.7218781936881,34.0498777463462));
#4210=CARTESIAN_POINT('Ctrl Pts',(4.81731584366858,-15.0368730186791,29.490980419276));
#4211=CARTESIAN_POINT('Ctrl Pts',(3.54027180023132,-7.17825544475292,20.3808996932469));
#4212=CARTESIAN_POINT('Ctrl Pts',(2.57637512876333,-4.19688081799367,12.2841529159025));
#4213=CARTESIAN_POINT('Ctrl Pts',(2.09430029234236,-3.45957516929553,8.1026847949393));
#4214=CARTESIAN_POINT('Ctrl Pts',(4.31678711012504,-35.3262215339421,37.3030862700425));
#4215=CARTESIAN_POINT('Ctrl Pts',(4.27966685243636,-33.1218138543653,37.1102255883061));
#4216=CARTESIAN_POINT('Ctrl Pts',(4.204479406119,-29.8424312901817,36.5105193322529));
#4217=CARTESIAN_POINT('Ctrl Pts',(3.99968239977665,-23.5363274978729,34.4139331236506));
#4218=CARTESIAN_POINT('Ctrl Pts',(3.63442547349684,-15.7240503897242,30.0690256091575));
#4219=CARTESIAN_POINT('Ctrl Pts',(2.95477129967039,-7.41353374901973,20.8863589958534));
#4220=CARTESIAN_POINT('Ctrl Pts',(2.38114361699007,-4.22808232382368,12.461105448661));
#4221=CARTESIAN_POINT('Ctrl Pts',(2.09430029234236,-3.45957516929553,8.1026847949393));
#4222=CARTESIAN_POINT('',(36.0828695147282,-30.2494304137923,8.51117308834173));
#4223=CARTESIAN_POINT('Origin',(2.09430029234237,-38.420250401229,1.93817448776326));
#4224=CARTESIAN_POINT('',(4.31678711012504,-35.3262215339564,37.3030862700438));
#4225=CARTESIAN_POINT('Ctrl Pts',(4.31678711012504,-35.3262215339421,37.3030862700425));
#4226=CARTESIAN_POINT('Ctrl Pts',(6.49672197859367,-34.8089252226435,37.2578287071239));
#4227=CARTESIAN_POINT('Ctrl Pts',(13.0375840987503,-33.3162421592599,36.4424395274487));
#4228=CARTESIAN_POINT('Ctrl Pts',(23.2547309638639,-31.2866407385054,31.7163989422834));
#4229=CARTESIAN_POINT('Ctrl Pts',(32.4140721673455,-29.9839139513833,21.5732326428834));
#4230=CARTESIAN_POINT('Ctrl Pts',(35.4539754485438,-30.0121319445513,12.9423377993193));
#4231=CARTESIAN_POINT('Ctrl Pts',(36.0828695147283,-30.2494304137926,8.51117308834169));
#4232=CARTESIAN_POINT('Origin',(2.09430029234237,-38.4202504012289,1.93817448776326));
#4233=CARTESIAN_POINT('Origin',(-11.7500000240523,-38.4202504012289,1.93817448776327));
#4234=CARTESIAN_POINT('Origin',(-1.33226762955019E-14,-80.,23.4223637663372));
#4235=CARTESIAN_POINT('',(-7.84861728664265,-80.,41.2115354426912));
#4236=CARTESIAN_POINT('Origin',(-7.62329432258796,-80.,8.08548080376069));
#4237=CARTESIAN_POINT('',(-11.7500000120262,-80.,41.2115354426912));
#4238=CARTESIAN_POINT('',(39.3809688877687,-80.,3.2));
#4239=CARTESIAN_POINT('',(-1.33226762955019E-14,-80.,3.2));
#4240=CARTESIAN_POINT('',(38.5647868628315,-80.,11.3843166068938));
#4241=CARTESIAN_POINT('',(38.3811079619847,-80.,13.2261683416859));
#4242=CARTESIAN_POINT('',(7.83496134942721,-80.,39.2038957676045));
#4243=CARTESIAN_POINT('Origin',(7.62329432258795,-80.,8.08548080376069));
#4244=CARTESIAN_POINT('',(-7.83496134942722,-80.,39.2038957676045));
#4245=CARTESIAN_POINT('',(-11.7500000120262,-80.,39.2038957676045));
#4246=CARTESIAN_POINT('',(-38.5647868628315,-80.,11.3843166068938));
#4247=CARTESIAN_POINT('Origin',(-7.62329432258796,-80.,8.08548080376069));
#4248=CARTESIAN_POINT('',(-39.3809688877687,-80.,3.2));
#4249=CARTESIAN_POINT('',(-38.3811079619847,-80.,13.2261683416859));
#4250=CARTESIAN_POINT('',(-1.33226762955019E-14,-80.,3.2));
#4251=CARTESIAN_POINT('Origin',(-1.33226762955019E-14,-61.8686293615923,
3.2));
#4252=CARTESIAN_POINT('',(39.4680358598325,-81.,3.2));
#4253=CARTESIAN_POINT('',(-1.33226762955019E-14,-81.,3.2));
#4254=CARTESIAN_POINT('',(35.0025871635606,-29.7124843046451,3.2));
#4255=CARTESIAN_POINT('Origin',(-1.33226762955019E-14,-61.8686293615923,
3.2));
#4256=CARTESIAN_POINT('',(-39.4680358598325,-81.,3.2));
#4257=CARTESIAN_POINT('',(-35.0025871635606,-29.7124843046451,3.2));
#4258=CARTESIAN_POINT('',(-1.33226762955019E-14,-81.,3.2));
#4259=CARTESIAN_POINT('Origin',(-32.9366582894292,-0.783782698000064,-1.34053644767275));
#4260=CARTESIAN_POINT('',(-38.6431290166869,-81.,11.4718052704197));
#4261=CARTESIAN_POINT('',(-34.6873358391157,-30.5061983504694,7.05417004775918));
#4262=CARTESIAN_POINT('',(-38.467317570761,-81.,13.2347656059951));
#4263=CARTESIAN_POINT('Origin',(32.9366582894291,-0.783782698000064,-1.34053644767275));
#4264=CARTESIAN_POINT('',(38.6431290166869,-81.,11.4718052704197));
#4265=CARTESIAN_POINT('',(38.467317570761,-81.,13.2347656059951));
#4266=CARTESIAN_POINT('',(34.6873358391157,-30.5061983504694,7.05417004775918));
#4267=CARTESIAN_POINT('Origin',(-1.33226762955019E-14,-81.,23.4223637663372));
#4268=CARTESIAN_POINT('',(-7.91330350328261,-81.,39.2913844311304));
#4269=CARTESIAN_POINT('Origin',(-7.70163647644335,-81.,8.17296946728661));
#4270=CARTESIAN_POINT('',(7.9133035032826,-81.,39.2913844311304));
#4271=CARTESIAN_POINT('',(-11.7500000120262,-81.,39.2913844311304));
#4272=CARTESIAN_POINT('Origin',(7.70163647644334,-81.,8.17296946728661));
#4273=CARTESIAN_POINT('',(-11.7500000120262,-81.,41.2990241062171));
#4274=CARTESIAN_POINT('Origin',(3.95546581825378,-33.1819292190457,3.98943036227289));
#4275=CARTESIAN_POINT('',(3.95546581825378,-30.4801011938683,34.871466003117));
#4276=CARTESIAN_POINT('Origin',(-23.5000000240523,-59.3221844581006,37.3948213212081));
#4277=CARTESIAN_POINT('',(-3.95546581825379,-30.4801011938683,34.871466003117));
#4278=CARTESIAN_POINT('Origin',(-3.95546581825379,-33.1819292190457,3.98943036227289));
#4279=CARTESIAN_POINT('Origin',(-1.33226762955019E-14,-44.,23.4223637663372));
#4280=CARTESIAN_POINT('',(-5.02829974784853,-44.,38.0619435557579));
#4281=CARTESIAN_POINT('Origin',(-4.80297678379383,-44.,4.93588891682743));
#4282=CARTESIAN_POINT('',(5.02829974784852,-44.,38.0619435557579));
#4283=CARTESIAN_POINT('',(-11.7500000120262,-44.,38.0619435557579));
#4284=CARTESIAN_POINT('Origin',(4.80297678379383,-44.,4.93588891682743));
#4285=CARTESIAN_POINT('',(36.24655789347,-44.,3.2));
#4286=CARTESIAN_POINT('',(-1.33226762955019E-14,-44.,3.2));
#4287=CARTESIAN_POINT('',(35.7444693240374,-44.,8.23472471996053));
#4288=CARTESIAN_POINT('',(35.2775620460396,-44.,12.9166668265529));
#4289=CARTESIAN_POINT('',(5.01464381063308,-44.,36.0543038806712));
#4290=CARTESIAN_POINT('Origin',(4.80297678379383,-44.,4.93588891682743));
#4291=CARTESIAN_POINT('',(-5.01464381063309,-44.,36.0543038806712));
#4292=CARTESIAN_POINT('',(-11.7500000120262,-44.,36.0543038806712));
#4293=CARTESIAN_POINT('',(-35.7444693240374,-44.,8.23472471996053));
#4294=CARTESIAN_POINT('Origin',(-4.80297678379383,-44.,4.93588891682743));
#4295=CARTESIAN_POINT('',(-36.24655789347,-44.,3.2));
#4296=CARTESIAN_POINT('',(-35.2775620460396,-44.,12.9166668265529));
#4297=CARTESIAN_POINT('',(-1.33226762955019E-14,-44.,3.2));
#4298=CARTESIAN_POINT('Origin',(-1.33226762955019E-14,-61.8686293615923,
3.2));
#4299=CARTESIAN_POINT('',(36.3336248655338,-45.,3.2));
#4300=CARTESIAN_POINT('',(-1.33226762955019E-14,-45.,3.2));
#4301=CARTESIAN_POINT('',(35.0025871635606,-29.7124843046451,3.2));
#4302=CARTESIAN_POINT('Origin',(-1.33226762955019E-14,-61.8686293615923,
3.2));
#4303=CARTESIAN_POINT('',(-36.3336248655338,-45.,3.2));
#4304=CARTESIAN_POINT('',(-35.0025871635606,-29.7124843046451,3.2));
#4305=CARTESIAN_POINT('',(-1.33226762955019E-14,-45.,3.2));
#4306=CARTESIAN_POINT('Origin',(32.9366582894291,-0.783782698000064,-1.34053644767275));
#4307=CARTESIAN_POINT('',(35.8228114778928,-45.,8.32221338348645));
#4308=CARTESIAN_POINT('',(35.3637716548158,-45.,12.9252640908622));
#4309=CARTESIAN_POINT('',(34.6873358391157,-30.5061983504694,7.05417004775918));
#4310=CARTESIAN_POINT('Origin',(-32.9366582894292,-0.783782698000064,-1.34053644767275));
#4311=CARTESIAN_POINT('',(-35.8228114778928,-45.,8.32221338348645));
#4312=CARTESIAN_POINT('',(-34.6873358391157,-30.5061983504694,7.05417004775918));
#4313=CARTESIAN_POINT('',(-35.3637716548159,-45.,12.9252640908622));
#4314=CARTESIAN_POINT('Origin',(-1.33226762955019E-14,-45.,23.4223637663372));
#4315=CARTESIAN_POINT('',(-5.09298596448849,-45.,36.1417925441971));
#4316=CARTESIAN_POINT('Origin',(-4.88131893764923,-45.,5.02337758035335));
#4317=CARTESIAN_POINT('',(5.09298596448848,-45.,36.1417925441971));
#4318=CARTESIAN_POINT('',(-11.7500000120262,-45.,36.1417925441971));
#4319=CARTESIAN_POINT('Origin',(4.88131893764922,-45.,5.02337758035335));
#4320=CARTESIAN_POINT('',(-5.10664190170392,-45.,38.1494322192838));
#4321=CARTESIAN_POINT('',(-11.7500000120262,-45.,38.1494322192838));
#4322=CARTESIAN_POINT('Origin',(-4.88131893764923,-45.,5.02337758035335));
#4323=CARTESIAN_POINT('Origin',(3.95546581825378,-33.1819292190457,3.98943036227289));
#4324=CARTESIAN_POINT('',(3.95546581825378,-30.4801011938683,34.871466003117));
#4325=CARTESIAN_POINT('Origin',(-23.5000000240523,-59.3221844581006,37.3948213212081));
#4326=CARTESIAN_POINT('',(-3.95546581825379,-30.4801011938683,34.871466003117));
#4327=CARTESIAN_POINT('Origin',(-3.95546581825379,-33.1819292190457,3.98943036227289));
#4328=CARTESIAN_POINT('Origin',(-1.33226762955019E-14,-110.,23.4223637663372));
#4329=CARTESIAN_POINT('',(10.1988819023044,-110.,43.8361953484689));
#4330=CARTESIAN_POINT('Origin',(9.97355893824972,-110.,10.7101407095384));
#4331=CARTESIAN_POINT('',(-10.1988819023044,-110.,43.8361953484689));
#4332=CARTESIAN_POINT('',(-11.7500000120262,-110.,43.8361953484689));
#4333=CARTESIAN_POINT('Origin',(-9.97355893824972,-110.,10.7101407095384));
#4334=CARTESIAN_POINT('',(-1.33226762955019E-14,-110.,8.));
#4335=CARTESIAN_POINT('',(-10.185225965089,-110.,41.8285556733822));
#4336=CARTESIAN_POINT('Origin',(-9.97355893824972,-110.,10.7101407095384));
#4337=CARTESIAN_POINT('',(10.185225965089,-110.,41.8285556733822));
#4338=CARTESIAN_POINT('',(-11.7500000120262,-110.,41.8285556733822));
#4339=CARTESIAN_POINT('Origin',(9.97355893824972,-110.,10.7101407095384));
#4340=CARTESIAN_POINT('',(-1.33226762955019E-14,-110.,8.));
#4341=CARTESIAN_POINT('Origin',(-1.33226762955019E-14,-61.8686293615923,
8.));
#4342=CARTESIAN_POINT('Origin',(-1.33226762955019E-14,-61.8686293615923,
8.));
#4343=CARTESIAN_POINT('',(-1.33226762955019E-14,-109.,8.));
#4344=CARTESIAN_POINT('Origin',(-1.33226762955019E-14,-109.,23.4223637663372));
#4345=CARTESIAN_POINT('Origin',(3.95546581825378,-33.1819292190457,3.98943036227289));
#4346=CARTESIAN_POINT('',(3.95546581825378,-30.4801011938683,34.871466003117));
#4347=CARTESIAN_POINT('Origin',(-23.5000000240523,-59.3221844581006,37.3948213212081));
#4348=CARTESIAN_POINT('',(-3.95546581825379,-30.4801011938683,34.871466003117));
#4349=CARTESIAN_POINT('Origin',(-3.95546581825379,-33.1819292190457,3.98943036227289));
#4350=CARTESIAN_POINT('Origin',(-1.33226762955019E-14,-110.,23.4223637663372));
#4351=CARTESIAN_POINT('Origin',(-23.5000000240523,-59.1478729726052,39.3872107173916));
#4352=CARTESIAN_POINT('Origin',(-3.95546581825379,-33.1819292190457,3.98943036227289));
#4353=CARTESIAN_POINT('',(-10.3555662100152,-112.,44.0111726755207));
#4354=CARTESIAN_POINT('Origin',(-10.1302432459605,-112.,10.8851180365903));
#4355=CARTESIAN_POINT('',(-3.95546581825379,-30.305789708373,36.8638553993005));
#4356=CARTESIAN_POINT('Origin',(3.95546581825378,-33.1819292190457,3.98943036227289));
#4357=CARTESIAN_POINT('',(10.3555662100152,-112.,44.0111726755207));
#4358=CARTESIAN_POINT('Origin',(10.1302432459605,-112.,10.8851180365903));
#4359=CARTESIAN_POINT('',(3.95546581825378,-30.305789708373,36.8638553993005));
#4360=CARTESIAN_POINT('Origin',(-23.5000000240523,-59.1478729726052,39.3872107173916));
#4361=CARTESIAN_POINT('',(-11.7500000120262,-112.,44.0111726755207));
#4362=CARTESIAN_POINT('Origin',(-1.33226762955019E-14,-112.,23.4223637663372));
#4363=CARTESIAN_POINT('',(42.0698484487926,-112.,14.2903678978889));
#4364=CARTESIAN_POINT('',(42.1386071761226,-112.,13.6008854334845));
#4365=CARTESIAN_POINT('',(10.3487382414075,-112.,43.0073528379774));
#4366=CARTESIAN_POINT('Origin',(10.1302432459605,-112.,10.8851180365903));
#4367=CARTESIAN_POINT('',(-10.3487382414075,-112.,43.0073528379774));
#4368=CARTESIAN_POINT('',(-11.7500000120262,-112.,43.0073528379774));
#4369=CARTESIAN_POINT('',(-42.0698484487926,-112.,14.2903678978889));
#4370=CARTESIAN_POINT('Origin',(-10.1302432459605,-112.,10.8851180365903));
#4371=CARTESIAN_POINT('',(-42.1386071761226,-112.,13.6008854334845));
#4372=CARTESIAN_POINT('Origin',(36.9020608727662,-0.43852710205473,-0.94508616567452));
#4373=CARTESIAN_POINT('',(47.0799205832643,-114.208393723867,-3.67520961446967));
#4374=CARTESIAN_POINT('Origin',(-47.0000000240523,-117.5,0.));
#4375=CARTESIAN_POINT('',(-42.6653937928107,-119.601850532695,14.9554436413183));
#4376=CARTESIAN_POINT('',(-44.6994756786696,-116.334323580396,-8.29421870214784));
#4377=CARTESIAN_POINT('',(-36.1672889190451,-121.962466058173,31.7520958774915));
#4378=CARTESIAN_POINT('Origin',(-10.6878291244846,-119.117316171231,11.5078025163027));
#4379=CARTESIAN_POINT('',(-42.964800947993,-119.529094776913,14.4377595394972));
#4380=CARTESIAN_POINT('Origin',(-10.4875868317243,-119.036989566052,10.9362490219033));
#4381=CARTESIAN_POINT('',(-44.9516981592943,-116.337364771101,-8.27257950588693));
#4382=CARTESIAN_POINT('Origin',(-33.9280089352634,-0.697468799013731,-1.24167387717319));
#4383=CARTESIAN_POINT('',(-35.67868648495,-30.419884451483,7.15303261825874));
#4384=CARTESIAN_POINT('Origin',(33.9280089352634,-0.697468799013731,-1.24167387717319));
#4385=CARTESIAN_POINT('',(42.6653937928107,-119.601850532695,14.9554436413183));
#4386=CARTESIAN_POINT('',(44.3493214880539,-116.896807452482,-4.29193798937963));
#4387=CARTESIAN_POINT('',(35.67868648495,-30.419884451483,7.15303261825874));
#4388=CARTESIAN_POINT('Origin',(-44.9516981592943,-113.861694599247,-7.92464675348676));
#4389=CARTESIAN_POINT('Origin',(-42.964800947993,-117.053424605059,14.7856922918974));
#4390=CARTESIAN_POINT('Ctrl Pts',(45.4431775625787,-116.837639857594,15.0328487181463));
#4391=CARTESIAN_POINT('Ctrl Pts',(45.0055154453352,-117.454137206544,19.9597781923437));
#4392=CARTESIAN_POINT('Ctrl Pts',(42.0597260825488,-118.670400336465,29.5886723810932));
#4393=CARTESIAN_POINT('Ctrl Pts',(32.1944689287965,-120.131419478708,40.8780098069495));
#4394=CARTESIAN_POINT('Ctrl Pts',(20.8510339203689,-120.835019672523,46.0258622350508));
#4395=CARTESIAN_POINT('Ctrl Pts',(13.5205113301779,-120.972018061473,46.8037622199361));
#4396=CARTESIAN_POINT('Ctrl Pts',(11.0731681251728,-120.985532606642,46.8049445894312));
#4397=CARTESIAN_POINT('Ctrl Pts',(45.4824917424827,-117.229965121185,14.9811505431837));
#4398=CARTESIAN_POINT('Ctrl Pts',(45.0570187220489,-117.853278676881,19.9137263131368));
#4399=CARTESIAN_POINT('Ctrl Pts',(42.1311874621682,-119.082302459667,29.5648312404414));
#4400=CARTESIAN_POINT('Ctrl Pts',(32.2587738791817,-120.556938207067,40.9005525385795));
#4401=CARTESIAN_POINT('Ctrl Pts',(20.8803580174591,-121.264389215863,46.0687196686587));
#4402=CARTESIAN_POINT('Ctrl Pts',(13.5274256548303,-121.39949395006,46.8435000388947));
#4403=CARTESIAN_POINT('Ctrl Pts',(11.0731681251728,-121.411925077995,46.8422490968873));
#4404=CARTESIAN_POINT('Ctrl Pts',(45.3689521184043,-118.029686078847,14.8588236622971));
#4405=CARTESIAN_POINT('Ctrl Pts',(44.963535275623,-118.669293011657,19.7750328833348));
#4406=CARTESIAN_POINT('Ctrl Pts',(42.0819576286786,-119.928436823087,29.4106698045001));
#4407=CARTESIAN_POINT('Ctrl Pts',(32.248882843259,-121.432923243857,40.7582602694752));
#4408=CARTESIAN_POINT('Ctrl Pts',(20.8752957416937,-122.145296478121,45.930983462531));
#4409=CARTESIAN_POINT('Ctrl Pts',(13.5254787561911,-122.273085004796,46.6974228024771));
#4410=CARTESIAN_POINT('Ctrl Pts',(11.0731681251729,-122.282022919914,46.6926056165891));
#4411=CARTESIAN_POINT('Ctrl Pts',(44.5446941611182,-119.178815662245,14.6252108043815));
#4412=CARTESIAN_POINT('Ctrl Pts',(44.1534317884659,-119.839156033588,19.4250008015394));
#4413=CARTESIAN_POINT('Ctrl Pts',(41.3492269050172,-121.134819605903,28.8345383032077));
#4414=CARTESIAN_POINT('Ctrl Pts',(31.7548841575466,-122.666798271803,39.9207757737657));
#4415=CARTESIAN_POINT('Ctrl Pts',(20.6472955404424,-123.372734244728,44.974056016979));
#4416=CARTESIAN_POINT('Ctrl Pts',(13.4684001585516,-123.483555369868,45.7210018726914));
#4417=CARTESIAN_POINT('Ctrl Pts',(11.0731681251728,-123.485579710824,45.715596354407));
#4418=CARTESIAN_POINT('Ctrl Pts',(43.5590722508484,-119.536260245899,14.4887445005636));
#4419=CARTESIAN_POINT('Ctrl Pts',(43.1620551965569,-120.191852904143,19.1515576103709));
#4420=CARTESIAN_POINT('Ctrl Pts',(40.4075164726206,-121.473832586103,28.2744950606126));
#4421=CARTESIAN_POINT('Ctrl Pts',(31.0896328209491,-122.98011531229,38.9900935297849));
#4422=CARTESIAN_POINT('Ctrl Pts',(20.3408802121271,-123.666326009606,43.8739412086528));
#4423=CARTESIAN_POINT('Ctrl Pts',(13.3926045870353,-123.768779109559,44.6042416539584));
#4424=CARTESIAN_POINT('Ctrl Pts',(11.0731681251728,-123.768445696338,44.6023087141307));
#4425=CARTESIAN_POINT('Ctrl Pts',(42.964800947993,-119.529094776913,14.4377595394972));
#4426=CARTESIAN_POINT('Ctrl Pts',(42.5639933458904,-120.17294773665,19.0190113948744));
#4427=CARTESIAN_POINT('Ctrl Pts',(39.8387070590097,-121.431123192711,27.9713949403791));
#4428=CARTESIAN_POINT('Ctrl Pts',(30.6873613484612,-122.905858417851,38.4646813098742));
#4429=CARTESIAN_POINT('Ctrl Pts',(20.1556361391661,-123.577894346539,43.2464654092124));
#4430=CARTESIAN_POINT('Ctrl Pts',(13.3466842342133,-123.679092135365,43.9665250918016));
#4431=CARTESIAN_POINT('Ctrl Pts',(11.0731681251728,-123.679092135365,43.9665250918016));
#4432=CARTESIAN_POINT('',(36.1672889190361,-121.962466058175,31.7520958775032));
#4433=CARTESIAN_POINT('',(11.2643350271675,-123.687153603793,44.0298462871955));
#4434=CARTESIAN_POINT('Ctrl Pts',(36.1672889190379,-121.962466058174,31.7520958775008));
#4435=CARTESIAN_POINT('Ctrl Pts',(34.4700978116677,-122.273352248476,33.964166063082));
#4436=CARTESIAN_POINT('Ctrl Pts',(32.4864472350032,-122.551121103718,35.9439047884599));
#4437=CARTESIAN_POINT('Ctrl Pts',(28.038604648225,-123.025966884968,39.3287810274795));
#4438=CARTESIAN_POINT('Ctrl Pts',(25.5972761251378,-123.220636465805,40.7166905058371));
#4439=CARTESIAN_POINT('Ctrl Pts',(19.2703034730936,-123.578223958224,43.2628237973881));
#4440=CARTESIAN_POINT('Ctrl Pts',(15.2886795298293,-123.686522378778,44.0297910621624));
#4441=CARTESIAN_POINT('Ctrl Pts',(11.2643350271675,-123.687153603793,44.0298462871954));
#4442=CARTESIAN_POINT('',(42.964800947993,-119.529094776913,14.4377595394972));
#4443=CARTESIAN_POINT('Origin',(10.4875868317243,-119.036989566052,10.9362490219033));
#4444=CARTESIAN_POINT('Origin',(42.964800947993,-117.053424605059,14.7856922918974));
#4445=CARTESIAN_POINT('',(11.0731681251729,-123.687168529676,44.029847593041));
#4446=CARTESIAN_POINT('Origin',(11.0731681251729,-121.203421963511,44.3144578442018));
#4447=CARTESIAN_POINT('Ctrl Pts',(11.2643367144543,-123.68710979439,44.0298414931569));
#4448=CARTESIAN_POINT('Ctrl Pts',(11.1992898360102,-123.687118233373,44.0298241058743));
#4449=CARTESIAN_POINT('Ctrl Pts',(11.1354200176899,-123.687124826077,44.0298405310851));
#4450=CARTESIAN_POINT('Ctrl Pts',(11.0731681251728,-123.687124669238,44.0298404974976));
#4451=CARTESIAN_POINT('Ctrl Pts',(-42.964800947993,-119.529094776913,14.4377595394972));
#4452=CARTESIAN_POINT('Ctrl Pts',(-42.5639933458904,-120.17294773665,19.0190113948744));
#4453=CARTESIAN_POINT('Ctrl Pts',(-40.5156715959823,-121.11596222542,25.728908136038));
#4454=CARTESIAN_POINT('Ctrl Pts',(-33.9553518888173,-122.43227571317,35.0949652719425));
#4455=CARTESIAN_POINT('Ctrl Pts',(-24.6792972368441,-123.404214584569,42.0106696895007));
#4456=CARTESIAN_POINT('Ctrl Pts',(-15.6202003432537,-123.679092135365,43.9665250918016));
#4457=CARTESIAN_POINT('Ctrl Pts',(-11.0731681251729,-123.679092135365,43.9665250918016));
#4458=CARTESIAN_POINT('Ctrl Pts',(-43.3609818165633,-119.533871756237,14.4717495135415));
#4459=CARTESIAN_POINT('Ctrl Pts',(-42.9626574821093,-120.185387171276,19.1073243537776));
#4460=CARTESIAN_POINT('Ctrl Pts',(-40.8994106133349,-121.140361013671,25.9025066549622));
#4461=CARTESIAN_POINT('Ctrl Pts',(-34.2641124348039,-122.474736712705,35.3967956748036));
#4462=CARTESIAN_POINT('Ctrl Pts',(-24.865939246206,-123.460666158562,42.4121341366776));
#4463=CARTESIAN_POINT('Ctrl Pts',(-15.6813192623367,-123.739032918422,44.3929430160227));
#4464=CARTESIAN_POINT('Ctrl Pts',(-11.0731681251729,-123.738661176014,44.390380840021));
#4465=CARTESIAN_POINT('Ctrl Pts',(-44.1516806838071,-119.351612363784,14.5665415878358));
#4466=CARTESIAN_POINT('Ctrl Pts',(-43.7582422600913,-120.011286779454,19.3115921333814));
#4467=CARTESIAN_POINT('Ctrl Pts',(-41.6651240439037,-120.980299259182,26.2781725344658));
#4468=CARTESIAN_POINT('Ctrl Pts',(-34.8800964968027,-122.338400217657,36.0300355613991));
#4469=CARTESIAN_POINT('Ctrl Pts',(-25.2382199312807,-123.345644892629,43.2449259272084));
#4470=CARTESIAN_POINT('Ctrl Pts',(-15.8033178208293,-123.633092954203,45.275152956386));
#4471=CARTESIAN_POINT('Ctrl Pts',(-11.0731681251729,-123.634760179486,45.2671179777245));
#4472=CARTESIAN_POINT('Ctrl Pts',(-45.2302224143733,-118.43434915191,14.7898146998385));
#4473=CARTESIAN_POINT('Ctrl Pts',(-44.8325711371946,-119.082995035761,19.6861103095836));
#4474=CARTESIAN_POINT('Ctrl Pts',(-42.6833535631235,-120.039353607071,26.8827790411107));
#4475=CARTESIAN_POINT('Ctrl Pts',(-35.6843290378667,-121.389526057835,36.9677018538567));
#4476=CARTESIAN_POINT('Ctrl Pts',(-25.7196302717896,-122.402720150053,44.4351500040185));
#4477=CARTESIAN_POINT('Ctrl Pts',(-15.9621447808863,-122.708722391993,46.5320367226414));
#4478=CARTESIAN_POINT('Ctrl Pts',(-11.0731681251729,-122.722079170087,46.520158049877));
#4479=CARTESIAN_POINT('Ctrl Pts',(-45.5021488324348,-117.426127752981,14.9553014557025));
#4480=CARTESIAN_POINT('Ctrl Pts',(-45.0829842463218,-118.052868250944,19.8911610286812));
#4481=CARTESIAN_POINT('Ctrl Pts',(-42.8915151796218,-118.978805199564,27.1322206594093));
#4482=CARTESIAN_POINT('Ctrl Pts',(-35.8205105235064,-120.292106412349,37.263056114998));
#4483=CARTESIAN_POINT('Ctrl Pts',(-25.7917633660276,-121.286200314658,44.7541067353588));
#4484=CARTESIAN_POINT('Ctrl Pts',(-15.9892250442956,-121.601323749578,46.8659527025588));
#4485=CARTESIAN_POINT('Ctrl Pts',(-11.0731681251729,-121.625121313671,46.8609013506154));
#4486=CARTESIAN_POINT('Ctrl Pts',(-45.4431775625787,-116.837639857594,15.0328487181463));
#4487=CARTESIAN_POINT('Ctrl Pts',(-45.0055154453352,-117.454137206544,19.9597781923437));
#4488=CARTESIAN_POINT('Ctrl Pts',(-42.7914892128351,-118.365771853028,27.1767290656484));
#4489=CARTESIAN_POINT('Ctrl Pts',(-35.7168890759075,-119.660284477144,37.2524861522128));
#4490=CARTESIAN_POINT('Ctrl Pts',(-25.7222374166887,-120.642471630615,44.6945233924785));
#4491=CARTESIAN_POINT('Ctrl Pts',(-15.9678545351829,-120.958503516304,46.8025798504411));
#4492=CARTESIAN_POINT('Ctrl Pts',(-11.0731681251729,-120.985532606642,46.8049445894312));
#4493=CARTESIAN_POINT('',(-11.0731681251729,-123.687168529676,44.029847593041));
#4494=CARTESIAN_POINT('',(-11.2643350271675,-123.687153603793,44.0298462871955));
#4495=CARTESIAN_POINT('Ctrl Pts',(-11.0731681251729,-123.687150542714,44.0298419260326));
#4496=CARTESIAN_POINT('Ctrl Pts',(-11.1358593040344,-123.687150563188,44.02984193268));
#4497=CARTESIAN_POINT('Ctrl Pts',(-11.199721639773,-123.687144523057,44.0298318259218));
#4498=CARTESIAN_POINT('Ctrl Pts',(-11.2643349840805,-123.687134246471,44.0298325228074));
#4499=CARTESIAN_POINT('Origin',(-11.0731681251729,-121.203421963511,44.3144578442018));
#4500=CARTESIAN_POINT('Ctrl Pts',(-11.2643350271675,-123.687153603793,44.0298462871954));
#4501=CARTESIAN_POINT('Ctrl Pts',(-13.9712612775866,-123.686729017985,44.0298091407505));
#4502=CARTESIAN_POINT('Ctrl Pts',(-16.6653608691066,-123.637562406877,43.6827955956472));
#4503=CARTESIAN_POINT('Ctrl Pts',(-21.9583845862483,-123.441453508058,42.2894072712176));
#4504=CARTESIAN_POINT('Ctrl Pts',(-24.5259500534696,-123.293323885698,41.2344640536652));
#4505=CARTESIAN_POINT('Ctrl Pts',(-30.5151245649872,-122.809776041677,37.7879318345631));
#4506=CARTESIAN_POINT('Ctrl Pts',(-33.6513670331139,-122.423324806971,35.0312762649864));
#4507=CARTESIAN_POINT('Ctrl Pts',(-36.1672889190374,-121.962466058174,31.7520958775015));
#4508=CARTESIAN_POINT('Origin',(-23.5000000240523,-59.2350287153529,38.3910160192998));
#4509=CARTESIAN_POINT('',(-35.2500000240523,-123.687168529676,44.029847593041));
#4510=CARTESIAN_POINT('',(-3.95546581825379,-30.3929454511206,35.8676607012087));
#4511=CARTESIAN_POINT('',(3.95546581825378,-30.3929454511206,35.8676607012087));
#4512=CARTESIAN_POINT('Origin',(-47.0000000240523,-117.5,0.));
#4513=CARTESIAN_POINT('',(44.6015439686786,-116.899848643186,-4.27029879311873));
#4514=CARTESIAN_POINT('Origin',(10.6878291244846,-119.117316171231,11.5078025163027));
#4515=CARTESIAN_POINT('Origin',(-3.95546581825379,-33.1819292190457,3.98943036227289));
#4516=CARTESIAN_POINT('Origin',(-35.2500000240523,-121.203421963511,44.3144578442018));
#4517=CARTESIAN_POINT('',(-35.2500000240523,-120.985532606642,46.8049445894312));
#4518=CARTESIAN_POINT('Origin',(44.6015439686786,-114.424178471333,-3.92236604071856));
#4519=CARTESIAN_POINT('Origin',(3.95546581825378,-33.1819292190457,3.98943036227289));
#4520=CARTESIAN_POINT('Origin',(-1.33226762955019E-14,-110.,23.4223637663372));
#4521=CARTESIAN_POINT('Origin',(-23.5000000240523,-58.75,0.));
#4522=CARTESIAN_POINT('',(-39.7462783226892,-34.1880215376805,0.));
#4523=CARTESIAN_POINT('',(-39.2775080552247,-28.8040021287966,0.));
#4524=CARTESIAN_POINT('',(-2.80724947161562,0.,0.));
#4525=CARTESIAN_POINT('Origin',(-2.25782964060542,-38.0784979457154,0.));
#4526=CARTESIAN_POINT('',(2.8072494716156,0.,0.));
#4527=CARTESIAN_POINT('',(-47.0000000240523,-4.44089209850063E-15,0.));
#4528=CARTESIAN_POINT('Origin',(2.25782964060541,-38.0784979457154,0.));
#4529=CARTESIAN_POINT('',(2.79259827612199,-1.01542661188575,0.));
#4530=CARTESIAN_POINT('Origin',(2.25782964060541,-38.0784979457154,0.));
#4531=CARTESIAN_POINT('',(-2.79259827612201,-1.01542661188575,-1.38777878078145E-16));
#4532=CARTESIAN_POINT('',(-11.7500000240523,-1.01542661188575,5.55111512312578E-16));
#4533=CARTESIAN_POINT('',(-38.7465863578337,-34.2917675752281,2.77555756156289E-16));
#4534=CARTESIAN_POINT('Origin',(-2.25782964060542,-38.0784979457154,0.));
#4535=CARTESIAN_POINT('',(-38.2763725028742,-28.8911679699652,0.));
#4536=CARTESIAN_POINT('Origin',(-1.33226762955019E-14,-61.8686293615923,
1.7));
#4537=CARTESIAN_POINT('',(-38.6031524751764,-34.5915234424325,1.7));
#4538=CARTESIAN_POINT('',(-38.154456071798,-29.4380606224626,1.7));
#4539=CARTESIAN_POINT('',(-2.64916439346473,-1.31518247909014,1.7));
#4540=CARTESIAN_POINT('Origin',(-2.11439575794814,-38.3782538129198,1.7));
#4541=CARTESIAN_POINT('',(2.64916439346472,-1.31518247909014,1.7));
#4542=CARTESIAN_POINT('',(-1.20261650868616E-8,-1.31518247909014,1.7));
#4543=CARTESIAN_POINT('Origin',(2.11439575794813,-38.3782538129198,1.7));
#4544=CARTESIAN_POINT('',(2.63451319797111,-2.33060909097588,1.7));
#4545=CARTESIAN_POINT('Origin',(2.11439575794813,-38.3782538129198,1.7));
#4546=CARTESIAN_POINT('',(-2.63451319797113,-2.33060909097588,1.7));
#4547=CARTESIAN_POINT('',(-1.20261649909169E-8,-2.33060909097589,1.7));
#4548=CARTESIAN_POINT('Origin',(-2.11439575794814,-38.3782538129198,1.7));
#4549=CARTESIAN_POINT('Origin',(-23.5000000240523,-59.1478729726052,39.3872107173916));
#4550=CARTESIAN_POINT('',(-3.95546581825379,-30.305789708373,36.8638553993005));
#4551=CARTESIAN_POINT('Origin',(-3.95546581825379,-33.1819292190457,3.98943036227289));
#4552=CARTESIAN_POINT('Origin',(-2.40523111607455E-8,-0.984807753012208,
-0.17364817766693));
#4553=CARTESIAN_POINT('',(-2.94977598156733,-0.686948162246788,-1.86289385957364));
#4554=CARTESIAN_POINT('',(2.9497759814024,-0.68694816259145,-1.86289385761896));
#4555=CARTESIAN_POINT('Origin',(2.9497759814024,-36.632431147537,-8.20105234246192));
#4556=CARTESIAN_POINT('Origin',(-2.94977598156733,-36.6324311471924,-8.2010523444166));
#4557=CARTESIAN_POINT('',(-39.1340745545177,-33.4819738341912,-4.59256852118273));
#4558=CARTESIAN_POINT('Origin',(-35.9107102269319,-0.524841001041063,-1.04394873617408));
#4559=CARTESIAN_POINT('Origin',(2.9497759814024,-36.632431147537,-8.20105234246192));
#4560=CARTESIAN_POINT('',(2.09430029234237,-1.48995966327111,8.44998115027315));
#4561=CARTESIAN_POINT('',(2.9497759814024,0.297859590420758,-1.68924567995203));
#4562=CARTESIAN_POINT('',(38.0080866301588,-29.7674346179995,8.75859804927184));
#4563=CARTESIAN_POINT('Origin',(2.09430029234237,-38.420250401229,1.93817448776326));
#4564=CARTESIAN_POINT('Origin',(1.87924480780851,-38.8696849565044,4.48704451020506));
#4565=CARTESIAN_POINT('Origin',(-2.40523112537971E-8,0.,0.));
#4566=CARTESIAN_POINT('',(-2.09430029234241,-1.48995966327111,8.44998115027316));
#4567=CARTESIAN_POINT('',(-2.94977598156733,0.29785959076542,-1.68924568190671));
#4568=CARTESIAN_POINT('',(-11.7500000240523,-1.48995966327111,8.44998115027316));
#4569=CARTESIAN_POINT('Origin',(-2.94977598156733,-36.6324311471924,-8.2010523444166));
#4570=CARTESIAN_POINT('',(-40.125425200352,-33.3956599352049,-4.49370595068317));
#4571=CARTESIAN_POINT('',(-38.0080866301588,-29.7674346179994,8.75859804927184));
#4572=CARTESIAN_POINT('Origin',(-1.87924480780852,-38.8696849565044,4.48704451020506));
#4573=CARTESIAN_POINT('Origin',(-2.09430029234238,-38.4202504012289,1.93817448776327));
#4574=CARTESIAN_POINT('Origin',(-36.9020608727662,-0.43852710205473,-0.94508616567452));
#4575=CARTESIAN_POINT('Origin',(-2.94977598156733,-36.6324311471924,-8.2010523444166));
#4576=CARTESIAN_POINT('',(-2.94977598156733,-1.671755915259,-2.03654203724057));
#4577=CARTESIAN_POINT('',(-36.0828695147283,-30.2494304137925,8.51117308834169));
#4578=CARTESIAN_POINT('Origin',(-2.09430029234238,-38.4202504012289,1.93817448776327));
#4579=CARTESIAN_POINT('Origin',(-1.87924480780852,-38.8696849565044,4.48704451020506));
#4580=CARTESIAN_POINT('Origin',(-2.40523110676939E-8,-1.96961550602442,
-0.347296355333861));
#4581=CARTESIAN_POINT('',(2.9497759814024,-1.67175591560366,-2.03654203528589));
#4582=CARTESIAN_POINT('Origin',(2.9497759814024,-36.632431147537,-8.20105234246192));
#4583=CARTESIAN_POINT('Origin',(1.87924480780851,-38.8696849565044,4.48704451020506));
#4584=CARTESIAN_POINT('Origin',(-23.5000000240523,-58.9735614871099,41.3796001135751));
#4585=CARTESIAN_POINT('',(4.31678711012504,-35.1519100484611,39.2954756662273));
#4586=CARTESIAN_POINT('Origin',(1.87924480780851,-35.8192339603364,39.3538589434161));
#4587=CARTESIAN_POINT('',(-4.31678711012504,-35.151910048461,39.2954756662273));
#4588=CARTESIAN_POINT('',(-11.7500000240523,-35.1519100481917,39.2954756662037));
#4589=CARTESIAN_POINT('Origin',(-1.87924480780852,-35.8192339603364,39.3538589434161));
#4590=CARTESIAN_POINT('Origin',(-23.5000000240523,-59.1478729726052,39.3872107173916));
#4591=CARTESIAN_POINT('',(-4.3804192651784,-35.7301165364177,37.3384225040139));
#4592=CARTESIAN_POINT('',(-3.95546581825379,-30.305789708373,36.8638553993005));
#4593=CARTESIAN_POINT('',(-4.31678711012504,-35.3262215339563,37.3030862700438));
#4594=CARTESIAN_POINT('Origin',(-1.87924480780852,-35.9935454458317,37.3614695472327));
#4595=CARTESIAN_POINT('',(-11.7500000240523,-35.3262215336871,37.3030862700202));
#4596=CARTESIAN_POINT('',(4.38041926517839,-35.7301165364177,37.3384225040139));
#4597=CARTESIAN_POINT('Origin',(1.87924480780851,-35.9935454458317,37.3614695472327));
#4598=CARTESIAN_POINT('',(3.95546581825378,-30.305789708373,36.8638553993005));
#4599=CARTESIAN_POINT('Origin',(-3.95546581825379,-33.1819292190457,3.98943036227289));
#4600=CARTESIAN_POINT('Origin',(-4.3804192651784,-38.6062560470904,4.46399746698633));
#4601=CARTESIAN_POINT('Origin',(3.95546581825378,-33.1819292190457,3.98943036227289));
#4602=CARTESIAN_POINT('Origin',(4.38041926517839,-38.6062560470904,4.46399746698633));
#4603=CARTESIAN_POINT('Ctrl Pts',(37.0949905777088,-35.7578973805413,7.72646229347175));
#4604=CARTESIAN_POINT('Ctrl Pts',(36.9057243088981,-33.900724006712,8.00290020817731));
#4605=CARTESIAN_POINT('Ctrl Pts',(36.5669204173095,-32.0567844689589,8.26557932908277));
#4606=CARTESIAN_POINT('Ctrl Pts',(36.0828695147289,-30.2494304137948,8.51117308834138));
#4607=CARTESIAN_POINT('Ctrl Pts',(36.6085109778491,-35.3968033181664,12.2894068618996));
#4608=CARTESIAN_POINT('Ctrl Pts',(36.364689031724,-33.5731091981877,12.5205120096702));
#4609=CARTESIAN_POINT('Ctrl Pts',(35.9780486787653,-31.7715380221503,12.7389402471139));
#4610=CARTESIAN_POINT('Ctrl Pts',(35.4539754485379,-30.012131944523,12.9423377993111));
#4611=CARTESIAN_POINT('Ctrl Pts',(33.6980983880881,-34.8435413273187,21.2193636157362));
#4612=CARTESIAN_POINT('Ctrl Pts',(33.3919424923557,-33.1861115413258,21.3462186366494));
#4613=CARTESIAN_POINT('Ctrl Pts',(32.9611235930333,-31.5608801377869,21.464690000452));
#4614=CARTESIAN_POINT('Ctrl Pts',(32.4140353871312,-29.9839230823417,21.5732287984798));
#4615=CARTESIAN_POINT('Ctrl Pts',(24.2743116704411,-34.6625033713812,31.7272130652752));
#4616=CARTESIAN_POINT('Ctrl Pts',(24.0160977638621,-33.5050054387049,31.7256425777987));
#4617=CARTESIAN_POINT('Ctrl Pts',(23.6738464672759,-32.3765733288575,31.7219652545967));
#4618=CARTESIAN_POINT('Ctrl Pts',(23.254720827223,-31.2866430603272,31.7164001061521));
#4619=CARTESIAN_POINT('Ctrl Pts',(13.5597223816227,-35.079153498101,36.5593119773463));
#4620=CARTESIAN_POINT('Ctrl Pts',(13.428415400054,-34.4750316337329,36.5194873527584));
#4621=CARTESIAN_POINT('Ctrl Pts',(13.2531201943376,-33.8856745167185,36.4805257879629));
#4622=CARTESIAN_POINT('Ctrl Pts',(13.0375763697301,-33.3162438560535,36.442441254643));
#4623=CARTESIAN_POINT('Ctrl Pts',(6.67493693191143,-35.5517245401818,37.3228152266795));
#4624=CARTESIAN_POINT('Ctrl Pts',(6.63412939717993,-35.2987522757995,37.3007726784067));
#4625=CARTESIAN_POINT('Ctrl Pts',(6.57431982337075,-35.0502944214907,37.2788698271358));
#4626=CARTESIAN_POINT('Ctrl Pts',(6.49672197859174,-34.8089252224099,37.2578287070997));
#4627=CARTESIAN_POINT('Ctrl Pts',(4.38041926517839,-35.7301165364177,37.3384225040139));
#4628=CARTESIAN_POINT('Ctrl Pts',(4.36973946771788,-35.593794046737,37.3264958315833));
#4629=CARTESIAN_POINT('Ctrl Pts',(4.34843883229906,-35.4585916448531,37.3146671541369));
#4630=CARTESIAN_POINT('Ctrl Pts',(4.31678711012507,-35.3262215337052,37.3030862700218));
#4631=CARTESIAN_POINT('Ctrl Pts',(-4.38041926517839,-35.7301165364177,37.3384225040139));
#4632=CARTESIAN_POINT('Ctrl Pts',(-4.36973946771788,-35.593794046737,37.3264958315833));
#4633=CARTESIAN_POINT('Ctrl Pts',(-4.34843883229907,-35.4585916448531,37.3146671541369));
#4634=CARTESIAN_POINT('Ctrl Pts',(-4.31678711012508,-35.3262215337052,37.3030862700218));
#4635=CARTESIAN_POINT('Ctrl Pts',(-8.96945459864447,-35.3733325439459,37.3072079493451));
#4636=CARTESIAN_POINT('Ctrl Pts',(-8.89852728553876,-35.0037474542967,37.2747434821179));
#4637=CARTESIAN_POINT('Ctrl Pts',(-8.80019242729833,-34.6419664081824,37.243332075844));
#4638=CARTESIAN_POINT('Ctrl Pts',(-8.67665684705841,-34.2916289111145,37.2125711441776));
#4639=CARTESIAN_POINT('Ctrl Pts',(-18.144818894936,-34.8303336582014,35.2975885478249));
#4640=CARTESIAN_POINT('Ctrl Pts',(-17.9533735707612,-33.9910309576161,35.2603709974021));
#4641=CARTESIAN_POINT('Ctrl Pts',(-17.7014003305155,-33.1735178139273,35.2234102368322));
#4642=CARTESIAN_POINT('Ctrl Pts',(-17.3940773258105,-32.3843824382013,35.1869103027295));
#4643=CARTESIAN_POINT('Ctrl Pts',(-29.5367919084589,-34.6669722101075,26.9638202050037));
#4644=CARTESIAN_POINT('Ctrl Pts',(-29.2383753843162,-33.2327461348496,27.0190157557013));
#4645=CARTESIAN_POINT('Ctrl Pts',(-28.8341081836806,-31.8310956165762,27.0692733857832));
#4646=CARTESIAN_POINT('Ctrl Pts',(-28.3327272178216,-30.4750863369553,27.1138332150915));
#4647=CARTESIAN_POINT('Ctrl Pts',(-35.4087125554584,-35.097707413556,16.7824540907709));
#4648=CARTESIAN_POINT('Ctrl Pts',(-35.1273626784165,-33.3441786943297,16.9630772485716));
#4649=CARTESIAN_POINT('Ctrl Pts',(-34.7114684770288,-31.6186055052689,17.132955883894));
#4650=CARTESIAN_POINT('Ctrl Pts',(-34.1682490780501,-29.9391824294361,17.2901741812477));
#4651=CARTESIAN_POINT('Ctrl Pts',(-36.851750777779,-35.5773503493538,10.0079345776857));
#4652=CARTESIAN_POINT('Ctrl Pts',(-36.6353804558737,-33.7371164106579,10.2616821609042));
#4653=CARTESIAN_POINT('Ctrl Pts',(-36.2723093844745,-31.9140067883143,10.5022751967115));
#4654=CARTESIAN_POINT('Ctrl Pts',(-35.7684224816334,-30.1307811791587,10.7267554438263));
#4655=CARTESIAN_POINT('Ctrl Pts',(-37.0949905777088,-35.7578973805413,7.72646229347174));
#4656=CARTESIAN_POINT('Ctrl Pts',(-36.9057243088981,-33.9007240067119,8.00290020817731));
#4657=CARTESIAN_POINT('Ctrl Pts',(-36.5669204173095,-32.0567844689588,8.26557932908278));
#4658=CARTESIAN_POINT('Ctrl Pts',(-36.0828695147289,-30.2494304137947,8.51117308834139));
#4659=CARTESIAN_POINT('Ctrl Pts',(-36.0828695147283,-30.2494304137925,8.51117308834171));
#4660=CARTESIAN_POINT('Ctrl Pts',(-35.7684224816361,-30.1307811791718,10.7267554438305));
#4661=CARTESIAN_POINT('Ctrl Pts',(-34.168246449239,-29.9391823878511,17.2901818420961));
#4662=CARTESIAN_POINT('Ctrl Pts',(-28.3327248343571,-30.4750860160332,27.1138433991025));
#4663=CARTESIAN_POINT('Ctrl Pts',(-17.3940764730409,-32.3843793217834,35.1869482566561));
#4664=CARTESIAN_POINT('Ctrl Pts',(-8.6766568470623,-34.2916289113447,37.2125711442052));
#4665=CARTESIAN_POINT('Ctrl Pts',(-4.31678711012504,-35.3262215339419,37.3030862700425));
#4666=CARTESIAN_POINT('Ctrl Pts',(-4.31678711012504,-35.3262215339419,37.3030862700425));
#4667=CARTESIAN_POINT('Ctrl Pts',(-4.27966685243637,-33.1218138543651,37.1102255883061));
#4668=CARTESIAN_POINT('Ctrl Pts',(-4.1794705735313,-28.7488494654352,36.3115378713921));
#4669=CARTESIAN_POINT('Ctrl Pts',(-3.95638571841811,-22.5279858795273,33.9134086675344));
#4670=CARTESIAN_POINT('Ctrl Pts',(-3.57259309575627,-14.968804509105,29.233477709254));
#4671=CARTESIAN_POINT('Ctrl Pts',(-2.95479842615461,-7.4134298360595,20.886802304869));
#4672=CARTESIAN_POINT('Ctrl Pts',(-2.38114361699009,-4.22808232382368,12.4611054486609));
#4673=CARTESIAN_POINT('Ctrl Pts',(-2.09430029234238,-3.45957516929553,8.10268479493929));
#4674=CARTESIAN_POINT('Ctrl Pts',(-8.6766568470623,-34.2916289113447,37.2125711442052));
#4675=CARTESIAN_POINT('Ctrl Pts',(-8.49682812223909,-31.8859114006686,36.9368650196283));
#4676=CARTESIAN_POINT('Ctrl Pts',(-8.02953395372387,-27.2132611313433,35.9016744362193));
#4677=CARTESIAN_POINT('Ctrl Pts',(-7.13903187355446,-20.9204005919612,33.1191835786004));
#4678=CARTESIAN_POINT('Ctrl Pts',(-5.83084403224855,-13.6785252801047,28.0906424398257));
#4679=CARTESIAN_POINT('Ctrl Pts',(-4.1251287382207,-6.94179684308396,19.874371601703));
#4680=CARTESIAN_POINT('Ctrl Pts',(-2.77160664053663,-4.16567931216365,12.107200383144));
#4681=CARTESIAN_POINT('Ctrl Pts',(-2.09430029234238,-3.45957516929553,8.10268479493929));
#4682=CARTESIAN_POINT('Ctrl Pts',(-17.3940764730409,-32.3843793217834,35.1869482566561));
#4683=CARTESIAN_POINT('Ctrl Pts',(-16.9287887588371,-29.6848835062918,34.8321716592664));
#4684=CARTESIAN_POINT('Ctrl Pts',(-15.7282251565144,-24.5939980147527,33.5604903087244));
#4685=CARTESIAN_POINT('Ctrl Pts',(-13.5030502872736,-18.2677876007607,30.4567361869033));
#4686=CARTESIAN_POINT('Ctrl Pts',(-10.3467689333792,-11.6017898966254,25.3089790880488));
#4687=CARTESIAN_POINT('Ctrl Pts',(-6.46559710410762,-6.16471303992279,17.8197706963977));
#4688=CARTESIAN_POINT('Ctrl Pts',(-3.55253268762972,-4.04087328884361,11.3993902521102));
#4689=CARTESIAN_POINT('Ctrl Pts',(-2.09430029234239,-3.45957516929553,8.10268479493929));
#4690=CARTESIAN_POINT('Ctrl Pts',(-28.3327248343571,-30.4750860160332,27.1138433991025));
#4691=CARTESIAN_POINT('Ctrl Pts',(-27.5949345344576,-27.7131102749465,26.8970450966462));
#4692=CARTESIAN_POINT('Ctrl Pts',(-25.6793689784191,-22.5708085345141,25.9836340890931));
#4693=CARTESIAN_POINT('Ctrl Pts',(-22.0463754202184,-16.3975543600233,23.6707808534945));
#4694=CARTESIAN_POINT('Ctrl Pts',(-16.7536312305717,-10.1655364476267,19.8995804804175));
#4695=CARTESIAN_POINT('Ctrl Pts',(-9.97913382626402,-5.48306751670751,14.6546959869339));
#4696=CARTESIAN_POINT('Ctrl Pts',(-4.72392175826933,-3.85366425386352,10.3376750555595));
#4697=CARTESIAN_POINT('Ctrl Pts',(-2.09430029234238,-3.45957516929553,8.10268479493929));
#4698=CARTESIAN_POINT('Ctrl Pts',(-34.168246449239,-29.9391823878511,17.2901818420961));
#4699=CARTESIAN_POINT('Ctrl Pts',(-33.4298250552617,-27.4387598283837,17.3398685929987));
#4700=CARTESIAN_POINT('Ctrl Pts',(-31.4861202921988,-22.7107725098518,17.1592013758665));
#4701=CARTESIAN_POINT('Ctrl Pts',(-27.574072741123,-16.7639240717688,16.2896967845966));
#4702=CARTESIAN_POINT('Ctrl Pts',(-21.4891185643656,-10.4344276610503,14.6173069479148));
#4703=CARTESIAN_POINT('Ctrl Pts',(-12.9095249920121,-5.31568652239889,11.94956974577));
#4704=CARTESIAN_POINT('Ctrl Pts',(-5.7000793171357,-3.69765672471346,9.45291239176726));
#4705=CARTESIAN_POINT('Ctrl Pts',(-2.09430029234239,-3.45957516929553,8.10268479493929));
#4706=CARTESIAN_POINT('Ctrl Pts',(-35.7684224816361,-30.1307811791718,10.7267554438305));
#4707=CARTESIAN_POINT('Ctrl Pts',(-35.148929866996,-27.9075836015011,10.955960846616));
#4708=CARTESIAN_POINT('Ctrl Pts',(-33.4893815054211,-23.6047241527969,11.2855471950578));
#4709=CARTESIAN_POINT('Ctrl Pts',(-29.9113455701555,-17.8306941486157,11.4344225011301));
#4710=CARTESIAN_POINT('Ctrl Pts',(-23.9366201999409,-11.249544499623,11.228750116384));
#4711=CARTESIAN_POINT('Ctrl Pts',(-14.6681655034733,-5.39897747740982,10.2946241579396));
#4712=CARTESIAN_POINT('Ctrl Pts',(-6.2857738524555,-3.60405220722341,8.9220547934919));
#4713=CARTESIAN_POINT('Ctrl Pts',(-2.09430029234238,-3.45957516929553,8.10268479493929));
#4714=CARTESIAN_POINT('Ctrl Pts',(-36.0828695147283,-30.2494304137925,8.51117308834171));
#4715=CARTESIAN_POINT('Ctrl Pts',(-35.5151881058176,-28.1298159456326,8.79919860494098));
#4716=CARTESIAN_POINT('Ctrl Pts',(-33.9828828817137,-23.985728315362,9.2985354883449));
#4717=CARTESIAN_POINT('Ctrl Pts',(-30.5712383311983,-18.274453898855,9.79043007638501));
#4718=CARTESIAN_POINT('Ctrl Pts',(-24.701884228393,-11.5919638829634,10.0824628584708));
#4719=CARTESIAN_POINT('Ctrl Pts',(-15.2539285757578,-5.44780770067082,9.73920522420097));
#4720=CARTESIAN_POINT('Ctrl Pts',(-6.48100536422877,-3.5728507013934,8.74510226073345));
#4721=CARTESIAN_POINT('Ctrl Pts',(-2.09430029234238,-3.45957516929553,8.10268479493929));
#4722=CARTESIAN_POINT('Origin',(-2.09430029234238,-38.4202504012288,1.93817448776329));
#4723=CARTESIAN_POINT('Origin',(-11.7500000240523,-38.4202504012289,1.93817448776327));
#4724=CARTESIAN_POINT('Ctrl Pts',(39.0776918693774,-35.5852695825687,7.92418743447087));
#4725=CARTESIAN_POINT('Ctrl Pts',(38.8776021780606,-33.6238022157606,8.21810199082105));
#4726=CARTESIAN_POINT('Ctrl Pts',(38.5195556648858,-31.6763028515913,8.49741794799025));
#4727=CARTESIAN_POINT('Ctrl Pts',(38.0080866301595,-29.7674346180019,8.75859804927151));
#4728=CARTESIAN_POINT('Ctrl Pts',(38.5617286574049,-35.202291031565,12.7636740979549));
#4729=CARTESIAN_POINT('Ctrl Pts',(38.303775650859,-33.2763367778593,13.0094901137818));
#4730=CARTESIAN_POINT('Ctrl Pts',(37.8949945853681,-31.3737640686343,13.2419067263465));
#4731=CARTESIAN_POINT('Ctrl Pts',(37.341077772078,-29.5157544233196,13.4583181972697));
#4732=CARTESIAN_POINT('Ctrl Pts',(35.4755635665484,-34.6154601095474,22.2347039319294));
#4733=CARTESIAN_POINT('Ctrl Pts',(35.1514945200517,-32.8658313667407,22.369983352721));
#4734=CARTESIAN_POINT('Ctrl Pts',(34.6957918616992,-31.1502277323784,22.4963614586379));
#4735=CARTESIAN_POINT('Ctrl Pts',(34.1174585672543,-29.4857110723211,22.6121910901383));
#4736=CARTESIAN_POINT('Ctrl Pts',(25.4797609685816,-34.4235110235395,33.3794826009626));
#4737=CARTESIAN_POINT('Ctrl Pts',(25.2065489463184,-33.2041307622025,33.3785317507335));
#4738=CARTESIAN_POINT('Ctrl Pts',(24.8448686940065,-32.0155213264071,33.3753624118614));
#4739=CARTESIAN_POINT('Ctrl Pts',(24.402264339144,-30.8675629819114,33.3701553762621));
#4740=CARTESIAN_POINT('Ctrl Pts',(14.1161917256012,-34.8653802086335,38.5044586471815));
#4741=CARTESIAN_POINT('Ctrl Pts',(13.9775712464037,-34.2329020096695,38.4629485498298));
#4742=CARTESIAN_POINT('Ctrl Pts',(13.7929308761464,-33.6160091749125,38.4223397907649));
#4743=CARTESIAN_POINT('Ctrl Pts',(13.5662389176213,-33.0200859830095,38.3826532677481));
#4744=CARTESIAN_POINT('Ctrl Pts',(6.81399860868312,-35.366601418551,39.314258727267));
#4745=CARTESIAN_POINT('Ctrl Pts',(6.77136653719418,-35.106561895604,39.2916004745599));
#4746=CARTESIAN_POINT('Ctrl Pts',(6.70922011813235,-34.8512356480655,39.2690918054369));
#4747=CARTESIAN_POINT('Ctrl Pts',(6.6288392433473,-34.6032624453209,39.2474752206818));
#4748=CARTESIAN_POINT('Ctrl Pts',(4.38041926517838,-35.5558050509223,39.3308119001974));
#4749=CARTESIAN_POINT('Ctrl Pts',(4.36973946771787,-35.4194825612417,39.3188852277667));
#4750=CARTESIAN_POINT('Ctrl Pts',(4.34843883229907,-35.2842801593578,39.3070565503204));
#4751=CARTESIAN_POINT('Ctrl Pts',(4.31678711012508,-35.1519100482099,39.2954756662053));
#4752=CARTESIAN_POINT('Origin',(4.31678711012504,-38.2023610443777,4.4286612329942));
#4753=CARTESIAN_POINT('Ctrl Pts',(38.0080866301588,-29.7674346179995,8.75859804927184));
#4754=CARTESIAN_POINT('Ctrl Pts',(37.4082499999619,-27.5287671504018,9.0649027934317));
#4755=CARTESIAN_POINT('Ctrl Pts',(36.1932758062307,-24.2467874814035,9.46448311036806));
#4756=CARTESIAN_POINT('Ctrl Pts',(32.8839031306382,-18.0815767844173,10.0636818121756));
#4757=CARTESIAN_POINT('Ctrl Pts',(26.9816140205598,-10.7140879753562,10.4926060280497));
#4758=CARTESIAN_POINT('Ctrl Pts',(15.9988911225287,-3.58197483964122,10.1310288299105));
#4759=CARTESIAN_POINT('Ctrl Pts',(6.7294818337584,-1.60682036566886,9.11273112720926));
#4760=CARTESIAN_POINT('Ctrl Pts',(2.09430029234236,-1.48995966327111,8.44998115027316));
#4761=CARTESIAN_POINT('Ctrl Pts',(37.3410777720843,-29.5157544233497,13.4583181972784));
#4762=CARTESIAN_POINT('Ctrl Pts',(36.6305917179582,-27.0570706519148,13.6398599012072));
#4763=CARTESIAN_POINT('Ctrl Pts',(35.2156415334441,-23.5234179520461,13.770319514697));
#4764=CARTESIAN_POINT('Ctrl Pts',(31.5354435326253,-17.1286743238904,13.6867332539647));
#4765=CARTESIAN_POINT('Ctrl Pts',(25.3168884908683,-9.92350718802203,13.0482328656297));
#4766=CARTESIAN_POINT('Ctrl Pts',(14.7567161350034,-3.48026446988726,11.3096534668872));
#4767=CARTESIAN_POINT('Ctrl Pts',(6.31535438454236,-1.67300537803556,9.48808498457567));
#4768=CARTESIAN_POINT('Ctrl Pts',(2.09430029234236,-1.48995966327111,8.44998115027316));
#4769=CARTESIAN_POINT('Ctrl Pts',(34.1169614405159,-29.4858204090597,22.6123000640876));
#4770=CARTESIAN_POINT('Ctrl Pts',(33.295320659659,-26.68493169379,22.536313758735));
#4771=CARTESIAN_POINT('Ctrl Pts',(31.6885843730223,-22.7579517847387,22.1276356944885));
#4772=CARTESIAN_POINT('Ctrl Pts',(27.73879736601,-15.9911819275542,20.7030579500293));
#4773=CARTESIAN_POINT('Ctrl Pts',(21.5218100429381,-8.98825688084906,18.0057250828546));
#4774=CARTESIAN_POINT('Ctrl Pts',(12.2716550587279,-3.45232657804752,13.6356807918981));
#4775=CARTESIAN_POINT('Ctrl Pts',(5.48709948611031,-1.80537540276895,10.2387926993085));
#4776=CARTESIAN_POINT('Ctrl Pts',(2.09430029234236,-1.48995966327111,8.44998115027316));
#4777=CARTESIAN_POINT('Ctrl Pts',(24.4024913617189,-30.8675047528358,33.3702004642598));
#4778=CARTESIAN_POINT('Ctrl Pts',(23.7369377885957,-27.9292136516116,33.0371236156778));
#4779=CARTESIAN_POINT('Ctrl Pts',(22.4503523046713,-23.819835843541,32.1089876236276));
#4780=CARTESIAN_POINT('Ctrl Pts',(19.3904247112404,-16.7858496808326,29.3737253644652));
#4781=CARTESIAN_POINT('Ctrl Pts',(14.7913028248812,-9.59450806251378,24.566039215199));
#4782=CARTESIAN_POINT('Ctrl Pts',(8.54384799751039,-3.92142129369165,17.0361547042491));
#4783=CARTESIAN_POINT('Ctrl Pts',(4.2447171384622,-2.00393043986904,11.3648542714077));
#4784=CARTESIAN_POINT('Ctrl Pts',(2.09430029234236,-1.48995966327111,8.44998115027315));
#4785=CARTESIAN_POINT('Ctrl Pts',(13.5661220689841,-33.020112687948,38.3826673907047));
#4786=CARTESIAN_POINT('Ctrl Pts',(13.2260152277911,-30.3071072641296,38.0366434642281));
#4787=CARTESIAN_POINT('Ctrl Pts',(12.5685546993762,-26.421747490331,37.0977823897665));
#4788=CARTESIAN_POINT('Ctrl Pts',(11.0047941228727,-19.4607526215018,34.2421126508154));
#4789=CARTESIAN_POINT('Ctrl Pts',(8.65265562871219,-11.7430815937864,28.9842845363751));
#4790=CARTESIAN_POINT('Ctrl Pts',(5.43866113211961,-4.73507488164191,19.7961482008542));
#4791=CARTESIAN_POINT('Ctrl Pts',(3.20939851542214,-2.16939297078577,12.3032389148238));
#4792=CARTESIAN_POINT('Ctrl Pts',(2.09430029234236,-1.48995966327111,8.44998115027316));
#4793=CARTESIAN_POINT('Ctrl Pts',(6.62883924334935,-34.6032624455687,39.2474752207075));
#4794=CARTESIAN_POINT('Ctrl Pts',(6.51603143243821,-32.1681159398091,39.000158974444));
#4795=CARTESIAN_POINT('Ctrl Pts',(6.29530223419648,-28.5854524693835,38.2727864070514));
#4796=CARTESIAN_POINT('Ctrl Pts',(5.75092057602316,-21.8339816093435,35.8574301675109));
#4797=CARTESIAN_POINT('Ctrl Pts',(4.88900587516731,-13.7165654647911,31.0407775402316));
#4798=CARTESIAN_POINT('Ctrl Pts',(3.5757571819672,-5.41713142810624,21.4177664041082));
#4799=CARTESIAN_POINT('Ctrl Pts',(2.58820734159809,-2.26867048933582,12.8662697008734));
#4800=CARTESIAN_POINT('Ctrl Pts',(2.09430029234236,-1.48995966327111,8.44998115027316));
#4801=CARTESIAN_POINT('Ctrl Pts',(4.31678711012504,-35.1519100484611,39.2954756662273));
#4802=CARTESIAN_POINT('Ctrl Pts',(4.27966685243637,-32.8233103869363,39.0917495939705));
#4803=CARTESIAN_POINT('Ctrl Pts',(4.20447945492516,-29.3591722946169,38.4582581564352));
#4804=CARTESIAN_POINT('Ctrl Pts',(3.99968241466183,-22.6977945910568,36.243553934366));
#4805=CARTESIAN_POINT('Ctrl Pts',(3.63442547353897,-14.4453884859535,31.6538627773306));
#4806=CARTESIAN_POINT('Ctrl Pts',(2.95477124174521,-5.6666597289347,21.9538643421924));
#4807=CARTESIAN_POINT('Ctrl Pts',(2.38114361699007,-2.30176299551917,13.0539466295566));
#4808=CARTESIAN_POINT('Ctrl Pts',(2.09430029234236,-1.48995966327111,8.44998115027316));
#4809=CARTESIAN_POINT('Origin',(2.09430029234237,-38.4202504012289,1.93817448776326));
#4810=CARTESIAN_POINT('Ctrl Pts',(-4.38041926517839,-35.5558050509223,39.3308119001974));
#4811=CARTESIAN_POINT('Ctrl Pts',(-4.36973946771788,-35.4194825612417,39.3188852277667));
#4812=CARTESIAN_POINT('Ctrl Pts',(-4.34843883229907,-35.2842801593578,39.3070565503204));
#4813=CARTESIAN_POINT('Ctrl Pts',(-4.31678711012508,-35.1519100482098,39.2954756662053));
#4814=CARTESIAN_POINT('Ctrl Pts',(-9.24757795218787,-35.1773977861796,39.2977055543366));
#4815=CARTESIAN_POINT('Ctrl Pts',(-9.1729796187398,-34.7936571070436,39.2639964273767));
#4816=CARTESIAN_POINT('Ctrl Pts',(-9.07001430529983,-34.4181760521545,39.2313980530208));
#4817=CARTESIAN_POINT('Ctrl Pts',(-8.94089137656952,-34.0546148424319,39.1994747751584));
#4818=CARTESIAN_POINT('Ctrl Pts',(-18.9788260456216,-34.6014512665386,37.1669104525856));
#4819=CARTESIAN_POINT('Ctrl Pts',(-18.7764387853922,-33.7195569618124,37.1281545001775));
#4820=CARTESIAN_POINT('Ctrl Pts',(-18.5104894119622,-32.8606987009118,37.08961911207));
#4821=CARTESIAN_POINT('Ctrl Pts',(-18.1864719126431,-32.0317691776107,37.051604135028));
#4822=CARTESIAN_POINT('Ctrl Pts',(-31.0613981505764,-34.4282508867346,28.327201262353));
#4823=CARTESIAN_POINT('Ctrl Pts',(-30.7455350117559,-32.9153560792321,28.3864687610559));
#4824=CARTESIAN_POINT('Ctrl Pts',(-30.3180763458622,-31.4369656231209,28.4405066006981));
#4825=CARTESIAN_POINT('Ctrl Pts',(-29.7882193257908,-30.0067905359995,28.4884722527083));
#4826=CARTESIAN_POINT('Ctrl Pts',(-37.2891767069159,-34.8850584455113,17.5291720487185));
#4827=CARTESIAN_POINT('Ctrl Pts',(-36.9914278873091,-33.0335224675883,17.7214621632189));
#4828=CARTESIAN_POINT('Ctrl Pts',(-36.5516144272288,-31.2115601156645,17.9023437942673));
#4829=CARTESIAN_POINT('Ctrl Pts',(-35.977395960603,-29.4383801367059,18.0697900174463));
#4830=CARTESIAN_POINT('Ctrl Pts',(-38.8197102633911,-35.3937803070668,10.3439307662129));
#4831=CARTESIAN_POINT('Ctrl Pts',(-38.5908712349374,-33.4502764232645,10.6137811884978));
#4832=CARTESIAN_POINT('Ctrl Pts',(-38.2070918987473,-31.5248738934663,10.8696699737696));
#4833=CARTESIAN_POINT('Ctrl Pts',(-37.6745822011187,-29.6415945206606,11.1084581232706));
#4834=CARTESIAN_POINT('Ctrl Pts',(-39.0776918693774,-35.5852695825686,7.92418743447086));
#4835=CARTESIAN_POINT('Ctrl Pts',(-38.8776021780606,-33.6238022157605,8.21810199082104));
#4836=CARTESIAN_POINT('Ctrl Pts',(-38.5195556648858,-31.6763028515911,8.49741794799026));
#4837=CARTESIAN_POINT('Ctrl Pts',(-38.0080866301594,-29.7674346180018,8.75859804927152));
#4838=CARTESIAN_POINT('Origin',(-4.31678711012504,-38.2023610443777,4.4286612329942));
#4839=CARTESIAN_POINT('Ctrl Pts',(-4.31678711012504,-35.151910048461,39.2954756662273));
#4840=CARTESIAN_POINT('Ctrl Pts',(-4.27966685243637,-32.8233103869362,39.0917495939705));
#4841=CARTESIAN_POINT('Ctrl Pts',(-4.1794705418372,-28.2039813333227,38.2480649449781));
#4842=CARTESIAN_POINT('Ctrl Pts',(-3.95638555699808,-21.6326462477966,35.7148277785411));
#4843=CARTESIAN_POINT('Ctrl Pts',(-3.57259314962967,-13.6475922078222,30.7712428823732));
#4844=CARTESIAN_POINT('Ctrl Pts',(-2.95479832476565,-5.66654949992217,21.9543319884886));
#4845=CARTESIAN_POINT('Ctrl Pts',(-2.38114361699009,-2.30176299551916,13.0539466295566));
#4846=CARTESIAN_POINT('Ctrl Pts',(-2.09430029234238,-1.48995966327111,8.44998115027315));
#4847=CARTESIAN_POINT('Ctrl Pts',(-8.94089137657365,-34.0546148426761,39.1994747751877));
#4848=CARTESIAN_POINT('Ctrl Pts',(-8.75241365374228,-31.5125047542278,38.9078823241607));
#4849=CARTESIAN_POINT('Ctrl Pts',(-8.2628709046921,-26.5753294923658,37.813368627238));
#4850=CARTESIAN_POINT('Ctrl Pts',(-7.33192086530634,-19.9276369855953,34.8724821265502));
#4851=CARTESIAN_POINT('Ctrl Pts',(-5.96770601250347,-12.2791208093057,29.5591540747523));
#4852=CARTESIAN_POINT('Ctrl Pts',(-4.19605992405153,-5.1663521726087,20.8805527054093));
#4853=CARTESIAN_POINT('Ctrl Pts',(-2.79527106620612,-2.23557798315246,12.6785927721901));
#4854=CARTESIAN_POINT('Ctrl Pts',(-2.09430029234238,-1.48995966327111,8.44998115027315));
#4855=CARTESIAN_POINT('Ctrl Pts',(-18.1866389482929,-32.0317723693779,37.0511111302617));
#4856=CARTESIAN_POINT('Ctrl Pts',(-17.69540169127,-29.1780792303678,36.6756560565544));
#4857=CARTESIAN_POINT('Ctrl Pts',(-16.4281543853798,-23.7973152590002,35.3303095298102));
#4858=CARTESIAN_POINT('Ctrl Pts',(-14.0816479775555,-17.1142555685404,32.0486898202683));
#4859=CARTESIAN_POINT('Ctrl Pts',(-10.7573292966624,-10.0765249344841,26.6089015143341));
#4860=CARTESIAN_POINT('Ctrl Pts',(-6.6783856909173,-4.34219557000276,18.7014304407964));
#4861=CARTESIAN_POINT('Ctrl Pts',(-3.62352596463819,-2.10320795841908,11.9278850574573));
#4862=CARTESIAN_POINT('Ctrl Pts',(-2.09430029234238,-1.48995966327111,8.44998115027315));
#4863=CARTESIAN_POINT('Ctrl Pts',(-29.7882347008473,-30.0067661319622,28.4887091722572));
#4864=CARTESIAN_POINT('Ctrl Pts',(-29.0079795499048,-27.0868064051996,28.2595947143884));
#4865=CARTESIAN_POINT('Ctrl Pts',(-26.9823952645449,-21.6515092080533,27.2942387286541));
#4866=CARTESIAN_POINT('Ctrl Pts',(-23.1427490071164,-15.1306769503657,24.8514559255044));
#4867=CARTESIAN_POINT('Ctrl Pts',(-17.5524796042903,-8.55323045784905,20.8716568967107));
#4868=CARTESIAN_POINT('Ctrl Pts',(-10.4048634324895,-3.6192458229464,15.3445327941425));
#4869=CARTESIAN_POINT('Ctrl Pts',(-4.86590831228626,-1.90465292131899,10.8018234853581));
#4870=CARTESIAN_POINT('Ctrl Pts',(-2.09430029234238,-1.48995966327111,8.44998115027315));
#4871=CARTESIAN_POINT('Ctrl Pts',(-35.9774241182444,-29.4383836668652,18.0696727106408));
#4872=CARTESIAN_POINT('Ctrl Pts',(-35.196499625098,-26.7958288296988,18.1231939154254));
#4873=CARTESIAN_POINT('Ctrl Pts',(-33.1410735706413,-21.7999589109585,17.9349872360926));
#4874=CARTESIAN_POINT('Ctrl Pts',(-29.005459311146,-15.5192508879454,17.0230242210057));
#4875=CARTESIAN_POINT('Ctrl Pts',(-22.574973238408,-8.83841258921678,15.2692435563807));
#4876=CARTESIAN_POINT('Ctrl Pts',(-13.512853683323,-3.44170316063181,12.4754533144569));
#4877=CARTESIAN_POINT('Ctrl Pts',(-5.90122693532635,-1.73919039040225,9.86343884194207));
#4878=CARTESIAN_POINT('Ctrl Pts',(-2.09430029234239,-1.48995966327111,8.44998115027315));
#4879=CARTESIAN_POINT('Ctrl Pts',(-37.6745822011216,-29.6415945206745,11.1084581232751));
#4880=CARTESIAN_POINT('Ctrl Pts',(-37.0197942921209,-27.2930661793531,11.3523778982385));
#4881=CARTESIAN_POINT('Ctrl Pts',(-35.2657365851927,-22.7480889017593,11.7053481868502));
#4882=CARTESIAN_POINT('Ctrl Pts',(-31.4843685374151,-16.6506709744231,11.8734817769688));
#4883=CARTESIAN_POINT('Ctrl Pts',(-25.1707971732628,-9.70292515507006,11.6753172483366));
#4884=CARTESIAN_POINT('Ctrl Pts',(-15.3780625162225,-3.53002145481046,10.7202040699798));
#4885=CARTESIAN_POINT('Ctrl Pts',(-6.52241810915038,-1.63991287185221,9.30040805589244));
#4886=CARTESIAN_POINT('Ctrl Pts',(-2.09430029234238,-1.48995966327111,8.44998115027315));
#4887=CARTESIAN_POINT('Ctrl Pts',(-38.0080866301588,-29.7674346179994,8.75859804927186));
#4888=CARTESIAN_POINT('Ctrl Pts',(-37.4082499999619,-27.5287671504016,9.06490279343172));
#4889=CARTESIAN_POINT('Ctrl Pts',(-35.789149782177,-23.1521862509403,9.59791133782794));
#4890=CARTESIAN_POINT('Ctrl Pts',(-32.1842570932383,-17.1213248411904,10.1298527028025));
#4891=CARTESIAN_POINT('Ctrl Pts',(-25.9824481978961,-10.0660944435153,10.4595597246575));
#4892=CARTESIAN_POINT('Ctrl Pts',(-15.999328764634,-3.58179899590511,10.1311243566178));
#4893=CARTESIAN_POINT('Ctrl Pts',(-6.7294818337584,-1.60682036566886,9.11273112720924));
#4894=CARTESIAN_POINT('Ctrl Pts',(-2.09430029234238,-1.48995966327111,8.44998115027315));
#4895=CARTESIAN_POINT('Origin',(-2.09430029234238,-38.4202504012288,1.93817448776329));
#4896=CARTESIAN_POINT('Origin',(-11.7500000240523,-38.4202504012289,1.93817448776327));
#4897=UNCERTAINTY_MEASURE_WITH_UNIT(LENGTH_MEASURE(0.01),#4901,
'DISTANCE_ACCURACY_VALUE',
'Maximum model space distance between geometric entities at asserted c
onnectivities');
#4898=UNCERTAINTY_MEASURE_WITH_UNIT(LENGTH_MEASURE(0.01),#4901,
'DISTANCE_ACCURACY_VALUE',
'Maximum model space distance between geometric entities at asserted c
onnectivities');
#4899=(
GEOMETRIC_REPRESENTATION_CONTEXT(3)
GLOBAL_UNCERTAINTY_ASSIGNED_CONTEXT((#4897))
GLOBAL_UNIT_ASSIGNED_CONTEXT((#4901,#4902,#4903))
REPRESENTATION_CONTEXT('','3D')
);
#4900=(
GEOMETRIC_REPRESENTATION_CONTEXT(3)
GLOBAL_UNCERTAINTY_ASSIGNED_CONTEXT((#4898))
GLOBAL_UNIT_ASSIGNED_CONTEXT((#4901,#4902,#4903))
REPRESENTATION_CONTEXT('','3D')
);
#4901=(
LENGTH_UNIT()
NAMED_UNIT(*)
SI_UNIT(.MILLI.,.METRE.)
);
#4902=(
NAMED_UNIT(*)
PLANE_ANGLE_UNIT()
SI_UNIT($,.RADIAN.)
);
#4903=(
NAMED_UNIT(*)
SI_UNIT($,.STERADIAN.)
SOLID_ANGLE_UNIT()
);
#4904=SHAPE_DEFINITION_REPRESENTATION(#4905,#4906);
#4905=PRODUCT_DEFINITION_SHAPE('',$,#4908);
#4906=SHAPE_REPRESENTATION('',(#2443),#4899);
#4907=PRODUCT_DEFINITION_CONTEXT('part definition',#4912,'design');
#4908=PRODUCT_DEFINITION('2026-09-05-21-56-21-712','top_head_shell',#4909,
#4907);
#4909=PRODUCT_DEFINITION_FORMATION('',$,#4914);
#4910=PRODUCT_RELATED_PRODUCT_CATEGORY('top_head_shell',
'top_head_shell',(#4914));
#4911=APPLICATION_PROTOCOL_DEFINITION('international standard',
'automotive_design',2009,#4912);
#4912=APPLICATION_CONTEXT(
'Core Data for Automotive Mechanical Design Process');
#4913=PRODUCT_CONTEXT('part definition',#4912,'mechanical');
#4914=PRODUCT('2026-09-05-21-56-21-712','top_head_shell',$,(#4913));
#4915=PRESENTATION_STYLE_ASSIGNMENT((#4916));
#4916=SURFACE_STYLE_USAGE(.BOTH.,#4917);
#4917=SURFACE_SIDE_STYLE('',(#4918));
#4918=SURFACE_STYLE_FILL_AREA(#4919);
#4919=FILL_AREA_STYLE('Steel - Satin',(#4920));
#4920=FILL_AREA_STYLE_COLOUR('Steel - Satin',#4921);
#4921=COLOUR_RGB('Steel - Satin',0.627450980392157,0.627450980392157,0.627450980392157);
ENDSEC;
END-ISO-10303-21;
