ISO-10303-21;
HEADER;
/* Generated by software containing ST-Developer
 * from STEP Tools, Inc. (www.steptools.com) 
 */

FILE_DESCRIPTION(
/* description */ (''),
/* implementation_level */ '2;1');

FILE_NAME(
/* name */ 'upper_leg_right.step',
/* time_stamp */ '2026-09-08T16:17:07-06:00',
/* author */ (''),
/* organization */ (''),
/* preprocessor_version */ 'ST-DEVELOPER v20.2',
/* originating_system */ 'Autodesk Translation Framework v15.15.0.0',
/* authorisation */ '');

FILE_SCHEMA (('AUTOMOTIVE_DESIGN { 1 0 10303 214 3 1 1 }'));
ENDSEC;

DATA;
#10=MECHANICAL_DESIGN_GEOMETRIC_PRESENTATION_REPRESENTATION('',(#13),#7663);
#11=SHAPE_REPRESENTATION_RELATIONSHIP('SRR','None',#7670,#12);
#12=ADVANCED_BREP_SHAPE_REPRESENTATION('',(#14),#7662);
#13=STYLED_ITEM('',(#7679),#14);
#14=MANIFOLD_SOLID_BREP('Body4',#1726);
#15=FACE_BOUND('',#375,.T.);
#16=FACE_BOUND('',#377,.T.);
#17=FACE_BOUND('',#381,.T.);
#18=FACE_BOUND('',#384,.T.);
#19=FACE_BOUND('',#392,.T.);
#20=FACE_BOUND('',#393,.T.);
#21=FACE_BOUND('',#394,.T.);
#22=FACE_BOUND('',#395,.T.);
#23=FACE_BOUND('',#400,.T.);
#24=FACE_BOUND('',#401,.T.);
#25=FACE_BOUND('',#403,.T.);
#26=FACE_BOUND('',#406,.T.);
#27=CYLINDRICAL_SURFACE('',#1856,10.0000009056261);
#28=CYLINDRICAL_SURFACE('',#1859,10.000019852732);
#29=CYLINDRICAL_SURFACE('',#1862,10.0000347319611);
#30=CYLINDRICAL_SURFACE('',#1865,8.00000837017945);
#31=CYLINDRICAL_SURFACE('',#1868,3.00000740238036);
#32=CYLINDRICAL_SURFACE('',#1869,2.99999943482781);
#33=CYLINDRICAL_SURFACE('',#1872,3.00001901682683);
#34=CYLINDRICAL_SURFACE('',#1879,4.0000298913375);
#35=CYLINDRICAL_SURFACE('',#1880,3.99999171350754);
#36=CYLINDRICAL_SURFACE('',#1881,4.00000073167008);
#37=CYLINDRICAL_SURFACE('',#1915,3618.61343407568);
#38=ELLIPSE('',#1851,0.373691799060948,0.373675342997197);
#39=ELLIPSE('',#1853,0.43832312856551,0.438047038058052);
#40=ELLIPSE('',#1857,10.0137244293863,10.0000009056261);
#41=ELLIPSE('',#1858,10.0137243627244,10.0000009056261);
#42=ELLIPSE('',#1860,10.018991065876,10.000019852732);
#43=ELLIPSE('',#1861,10.0189910391258,10.000019852732);
#44=ELLIPSE('',#1863,10.0190059733328,10.0000347319611);
#45=ELLIPSE('',#1864,10.0190059465825,10.0000347319611);
#46=ELLIPSE('',#1866,8.01098719968013,8.00000837017945);
#47=ELLIPSE('',#1867,8.01098714635053,8.00000837017945);
#48=ELLIPSE('',#1870,3.00411642171232,2.99999943482781);
#49=ELLIPSE('',#1871,3.00411688418655,2.99999943482781);
#50=ELLIPSE('',#1873,3.00570938095036,3.00001901682683);
#51=ELLIPSE('',#1875,8.20052840594653,8.1336182894875);
#52=ELLIPSE('',#1876,8.18434277589945,8.11756472195349);
#53=ELLIPSE('',#1877,117.232613900567,8.60620154990436);
#54=ELLIPSE('',#1878,8.16006443323494,8.09348444641281);
#55=ELLIPSE('',#1913,3623.57434877551,3618.61343407568);
#56=TOROIDAL_SURFACE('',#1816,8.20413199456402,3.0000132096036);
#57=TOROIDAL_SURFACE('',#1821,8.20415564124735,2.99999823937909);
#58=TOROIDAL_SURFACE('',#1823,8.20414041570674,3.00000341860408);
#59=TOROIDAL_SURFACE('',#1829,8.20414499208857,3.99999622258881);
#60=TOROIDAL_SURFACE('',#1834,8.20413438932992,4.00001080242252);
#61=TOROIDAL_SURFACE('',#1838,8.20412938548663,4.00001531150379);
#62=(
BOUNDED_CURVE()
B_SPLINE_CURVE(2,(#3168,#3169,#3170),.UNSPECIFIED.,.F.,.F.)
B_SPLINE_CURVE_WITH_KNOTS((3,3),(3.06674012013189,3.22419326320312),
 .UNSPECIFIED.)
CURVE()
GEOMETRIC_REPRESENTATION_ITEM()
RATIONAL_B_SPLINE_CURVE((0.99999999038597,0.99999999037028,0.999999990378323))
REPRESENTATION_ITEM('')
);
#63=(
BOUNDED_CURVE()
B_SPLINE_CURVE(2,(#3202,#3203,#3204),.UNSPECIFIED.,.F.,.F.)
B_SPLINE_CURVE_WITH_KNOTS((3,3),(2.05771880814869,4.6891337799752),
 .UNSPECIFIED.)
CURVE()
GEOMETRIC_REPRESENTATION_ITEM()
RATIONAL_B_SPLINE_CURVE((1.00000118465641,1.00000158482533,1.00000107115825))
REPRESENTATION_ITEM('')
);
#64=(
BOUNDED_CURVE()
B_SPLINE_CURVE(2,(#3208,#3209,#3210),.UNSPECIFIED.,.F.,.F.)
B_SPLINE_CURVE_WITH_KNOTS((3,3),(-4.66006544235265,-2.05829231256959),
 .UNSPECIFIED.)
CURVE()
GEOMETRIC_REPRESENTATION_ITEM()
RATIONAL_B_SPLINE_CURVE((0.999998408050804,0.999997657436351,0.99999824120802))
REPRESENTATION_ITEM('')
);
#65=(
BOUNDED_CURVE()
B_SPLINE_CURVE(2,(#3271,#3272,#3273),.UNSPECIFIED.,.F.,.F.)
B_SPLINE_CURVE_WITH_KNOTS((3,3),(2.05295555209172,4.95200933052042),
 .UNSPECIFIED.)
CURVE()
GEOMETRIC_REPRESENTATION_ITEM()
RATIONAL_B_SPLINE_CURVE((0.999999233501104,0.999998933208147,0.999999313304195))
REPRESENTATION_ITEM('')
);
#66=(
BOUNDED_CURVE()
B_SPLINE_CURVE(2,(#3277,#3278,#3279),.UNSPECIFIED.,.F.,.F.)
B_SPLINE_CURVE_WITH_KNOTS((3,3),(1.71291440938143,4.61196979592713),
 .UNSPECIFIED.)
CURVE()
GEOMETRIC_REPRESENTATION_ITEM()
RATIONAL_B_SPLINE_CURVE((0.999999968458616,0.999999950999841,0.999999964792994))
REPRESENTATION_ITEM('')
);
#67=CIRCLE('',#1744,3.56794392330021);
#68=CIRCLE('',#1745,3.69896647777107);
#69=CIRCLE('',#1747,2.14740824698347);
#70=CIRCLE('',#1748,2.26794664178001);
#71=CIRCLE('',#1750,3.56794537390445);
#72=CIRCLE('',#1751,3.69896470951709);
#73=CIRCLE('',#1753,2.14740677760793);
#74=CIRCLE('',#1754,2.26794406994558);
#75=CIRCLE('',#1756,0.795183966191473);
#76=CIRCLE('',#1757,1.05722410095729);
#77=CIRCLE('',#1758,0.900000196927835);
#78=CIRCLE('',#1759,1.05722410095729);
#79=CIRCLE('',#1760,0.900000196927835);
#80=CIRCLE('',#1761,1.05722410095729);
#81=CIRCLE('',#1762,0.900000196927835);
#82=CIRCLE('',#1763,1.05722410095729);
#83=CIRCLE('',#1765,12.466049051815);
#84=CIRCLE('',#1766,11.2000426230524);
#85=CIRCLE('',#1767,11.2082775420393);
#86=CIRCLE('',#1769,0.900000745186557);
#87=CIRCLE('',#1770,0.900000745186557);
#88=CIRCLE('',#1771,0.900000745186557);
#89=CIRCLE('',#1772,0.795184612761839);
#90=CIRCLE('',#1773,1.05722446215653);
#91=CIRCLE('',#1774,0.900000745186557);
#92=CIRCLE('',#1775,1.05722446215653);
#93=CIRCLE('',#1777,0.795185106009044);
#94=CIRCLE('',#1778,0.900000730318155);
#95=CIRCLE('',#1779,0.900000730318155);
#96=CIRCLE('',#1780,1.05722368864395);
#97=CIRCLE('',#1781,0.900000730318155);
#98=CIRCLE('',#1783,0.795184482093547);
#99=CIRCLE('',#1784,1.05722290395595);
#100=CIRCLE('',#1785,0.900000037358354);
#101=CIRCLE('',#1786,1.05722290395595);
#102=CIRCLE('',#1787,0.900000037358354);
#103=CIRCLE('',#1788,1.05722290395595);
#104=CIRCLE('',#1789,0.900000037358354);
#105=CIRCLE('',#1790,1.05722290395595);
#106=CIRCLE('',#1791,0.900000037358354);
#107=CIRCLE('',#1792,1.05722290395595);
#108=CIRCLE('',#1794,12.1986635815967);
#109=CIRCLE('',#1795,13.467432396984);
#110=CIRCLE('',#1797,2.74999600463703);
#111=CIRCLE('',#1798,2.61898080995619);
#112=CIRCLE('',#1800,2.75000031536367);
#113=CIRCLE('',#1801,2.61898081265456);
#114=CIRCLE('',#1803,1.31898145187333);
#115=CIRCLE('',#1804,1.1460356980495);
#116=CIRCLE('',#1806,1.31898191752419);
#117=CIRCLE('',#1807,1.146035607543);
#118=CIRCLE('',#1809,0.349706787785745);
#119=CIRCLE('',#1811,0.34997705809615);
#120=CIRCLE('',#1813,0.349982716379163);
#121=CIRCLE('',#1815,0.350022463393507);
#122=CIRCLE('',#1817,11.1974704218493);
#123=CIRCLE('',#1818,3.00001901682683);
#124=CIRCLE('',#1819,8.20414380935283);
#125=CIRCLE('',#1820,3.00000740238036);
#126=CIRCLE('',#1822,2.9999994348278);
#127=CIRCLE('',#1824,3.00000740238036);
#128=CIRCLE('',#1825,8.20413997372808);
#129=CIRCLE('',#1826,2.99999943482781);
#130=CIRCLE('',#1827,11.2000322215038);
#131=CIRCLE('',#1828,11.1974696746567);
#132=CIRCLE('',#1830,12.1991384706567);
#133=CIRCLE('',#1831,3.99999622258881);
#134=CIRCLE('',#1832,8.20414062808701);
#135=CIRCLE('',#1833,4.00000073167008);
#136=CIRCLE('',#1835,8.2041421978107);
#137=CIRCLE('',#1836,3.99999171350754);
#138=CIRCLE('',#1837,4.00001080242252);
#139=CIRCLE('',#1839,4.00001531150379);
#140=CIRCLE('',#1840,8.20414384038416);
#141=CIRCLE('',#1841,4.0000298913375);
#142=CIRCLE('',#1842,12.1989042328724);
#143=CIRCLE('',#1843,12.1991410212279);
#144=CIRCLE('',#1849,0.350030364724476);
#145=CIRCLE('',#1855,0.352831583164258);
#146=CIRCLE('',#1883,0.350939062353804);
#147=CONICAL_SURFACE('',#1743,3.69896674592272,0.0523611708666511);
#148=CONICAL_SURFACE('',#1746,2.26794876687777,0.0523600477397908);
#149=CONICAL_SURFACE('',#1749,3.69896681553762,0.0523598929253524);
#150=CONICAL_SURFACE('',#1752,2.2679452786997,0.0523595697232527);
#151=CONICAL_SURFACE('',#1755,1.04742239254955,0.0523601005770515);
#152=CONICAL_SURFACE('',#1764,11.2309615448515,0.0523592462513298);
#153=CONICAL_SURFACE('',#1768,1.0469611867995,0.0523600515557174);
#154=CONICAL_SURFACE('',#1776,1.07001451353188,0.0523597981945997);
#155=CONICAL_SURFACE('',#1782,1.05698112426077,0.052359763767066);
#156=CONICAL_SURFACE('',#1793,12.2137671820479,0.0523603162882994);
#157=CONICAL_SURFACE('',#1796,2.74999965831817,0.0523582406189453);
#158=CONICAL_SURFACE('',#1799,2.75000099892606,0.0523599591124552);
#159=CONICAL_SURFACE('',#1802,1.31898196510776,0.0523598389610233);
#160=CONICAL_SURFACE('',#1805,1.31898211722402,0.0523600070317184);
#161=CONICAL_SURFACE('',#1808,0.503763789722471,0.0521522012469499);
#162=CONICAL_SURFACE('',#1810,0.472672346439853,0.0523753758549312);
#163=CONICAL_SURFACE('',#1812,0.336884753272182,0.0523603306977209);
#164=CONICAL_SURFACE('',#1814,0.413420507447141,0.0523384221552541);
#165=CONICAL_SURFACE('',#1844,12.2104777472998,0.173628281403439);
#166=CONICAL_SURFACE('',#1845,12.519450289365,0.0842301134372421);
#167=CONICAL_SURFACE('',#1846,12.2127621144179,0.0525809718902778);
#168=CONICAL_SURFACE('',#1847,11.2432791430297,0.0493776769391301);
#169=CONICAL_SURFACE('',#1848,0.483332128993834,0.0510918868948616);
#170=CONICAL_SURFACE('',#1850,0.500062477954419,0.0430122876379488);
#171=CONICAL_SURFACE('',#1852,0.436250442733516,0.0169372471464701);
#172=CONICAL_SURFACE('',#1854,0.503892650580989,0.0512222190916166);
#173=CONICAL_SURFACE('',#1874,8.11291791265614,0.00796110599863845);
#174=CONICAL_SURFACE('',#1882,0.419196895012595,0.0519249480983462);
#175=PLANE('',#1740);
#176=PLANE('',#1741);
#177=PLANE('',#1742);
#178=PLANE('',#1884);
#179=PLANE('',#1885);
#180=PLANE('',#1886);
#181=PLANE('',#1887);
#182=PLANE('',#1888);
#183=PLANE('',#1889);
#184=PLANE('',#1890);
#185=PLANE('',#1891);
#186=PLANE('',#1892);
#187=PLANE('',#1893);
#188=PLANE('',#1894);
#189=PLANE('',#1895);
#190=PLANE('',#1896);
#191=PLANE('',#1897);
#192=PLANE('',#1898);
#193=PLANE('',#1899);
#194=PLANE('',#1900);
#195=PLANE('',#1901);
#196=PLANE('',#1902);
#197=PLANE('',#1903);
#198=PLANE('',#1904);
#199=PLANE('',#1905);
#200=PLANE('',#1906);
#201=PLANE('',#1907);
#202=PLANE('',#1908);
#203=PLANE('',#1909);
#204=PLANE('',#1910);
#205=PLANE('',#1911);
#206=PLANE('',#1912);
#207=PLANE('',#1914);
#208=PLANE('',#1916);
#209=PLANE('',#1917);
#210=PLANE('',#1918);
#211=PLANE('',#1919);
#212=PLANE('',#1920);
#213=PLANE('',#1921);
#214=PLANE('',#1922);
#215=PLANE('',#1923);
#216=PLANE('',#1924);
#217=FACE_OUTER_BOUND('',#318,.T.);
#218=FACE_OUTER_BOUND('',#319,.T.);
#219=FACE_OUTER_BOUND('',#320,.T.);
#220=FACE_OUTER_BOUND('',#321,.T.);
#221=FACE_OUTER_BOUND('',#322,.T.);
#222=FACE_OUTER_BOUND('',#323,.T.);
#223=FACE_OUTER_BOUND('',#324,.T.);
#224=FACE_OUTER_BOUND('',#325,.T.);
#225=FACE_OUTER_BOUND('',#326,.T.);
#226=FACE_OUTER_BOUND('',#327,.T.);
#227=FACE_OUTER_BOUND('',#328,.T.);
#228=FACE_OUTER_BOUND('',#329,.T.);
#229=FACE_OUTER_BOUND('',#330,.T.);
#230=FACE_OUTER_BOUND('',#331,.T.);
#231=FACE_OUTER_BOUND('',#332,.T.);
#232=FACE_OUTER_BOUND('',#333,.T.);
#233=FACE_OUTER_BOUND('',#334,.T.);
#234=FACE_OUTER_BOUND('',#335,.T.);
#235=FACE_OUTER_BOUND('',#336,.T.);
#236=FACE_OUTER_BOUND('',#337,.T.);
#237=FACE_OUTER_BOUND('',#338,.T.);
#238=FACE_OUTER_BOUND('',#339,.T.);
#239=FACE_OUTER_BOUND('',#340,.T.);
#240=FACE_OUTER_BOUND('',#341,.T.);
#241=FACE_OUTER_BOUND('',#342,.T.);
#242=FACE_OUTER_BOUND('',#343,.T.);
#243=FACE_OUTER_BOUND('',#344,.T.);
#244=FACE_OUTER_BOUND('',#345,.T.);
#245=FACE_OUTER_BOUND('',#346,.T.);
#246=FACE_OUTER_BOUND('',#347,.T.);
#247=FACE_OUTER_BOUND('',#348,.T.);
#248=FACE_OUTER_BOUND('',#349,.T.);
#249=FACE_OUTER_BOUND('',#350,.T.);
#250=FACE_OUTER_BOUND('',#351,.T.);
#251=FACE_OUTER_BOUND('',#352,.T.);
#252=FACE_OUTER_BOUND('',#353,.T.);
#253=FACE_OUTER_BOUND('',#354,.T.);
#254=FACE_OUTER_BOUND('',#355,.T.);
#255=FACE_OUTER_BOUND('',#356,.T.);
#256=FACE_OUTER_BOUND('',#357,.T.);
#257=FACE_OUTER_BOUND('',#358,.T.);
#258=FACE_OUTER_BOUND('',#359,.T.);
#259=FACE_OUTER_BOUND('',#360,.T.);
#260=FACE_OUTER_BOUND('',#361,.T.);
#261=FACE_OUTER_BOUND('',#362,.T.);
#262=FACE_OUTER_BOUND('',#363,.T.);
#263=FACE_OUTER_BOUND('',#364,.T.);
#264=FACE_OUTER_BOUND('',#365,.T.);
#265=FACE_OUTER_BOUND('',#366,.T.);
#266=FACE_OUTER_BOUND('',#367,.T.);
#267=FACE_OUTER_BOUND('',#368,.T.);
#268=FACE_OUTER_BOUND('',#369,.T.);
#269=FACE_OUTER_BOUND('',#370,.T.);
#270=FACE_OUTER_BOUND('',#371,.T.);
#271=FACE_OUTER_BOUND('',#372,.T.);
#272=FACE_OUTER_BOUND('',#373,.T.);
#273=FACE_OUTER_BOUND('',#374,.T.);
#274=FACE_OUTER_BOUND('',#376,.T.);
#275=FACE_OUTER_BOUND('',#378,.T.);
#276=FACE_OUTER_BOUND('',#379,.T.);
#277=FACE_OUTER_BOUND('',#380,.T.);
#278=FACE_OUTER_BOUND('',#382,.T.);
#279=FACE_OUTER_BOUND('',#383,.T.);
#280=FACE_OUTER_BOUND('',#385,.T.);
#281=FACE_OUTER_BOUND('',#386,.T.);
#282=FACE_OUTER_BOUND('',#387,.T.);
#283=FACE_OUTER_BOUND('',#388,.T.);
#284=FACE_OUTER_BOUND('',#389,.T.);
#285=FACE_OUTER_BOUND('',#390,.T.);
#286=FACE_OUTER_BOUND('',#391,.T.);
#287=FACE_OUTER_BOUND('',#396,.T.);
#288=FACE_OUTER_BOUND('',#397,.T.);
#289=FACE_OUTER_BOUND('',#398,.T.);
#290=FACE_OUTER_BOUND('',#399,.T.);
#291=FACE_OUTER_BOUND('',#402,.T.);
#292=FACE_OUTER_BOUND('',#404,.T.);
#293=FACE_OUTER_BOUND('',#405,.T.);
#294=FACE_OUTER_BOUND('',#407,.T.);
#295=FACE_OUTER_BOUND('',#408,.T.);
#296=FACE_OUTER_BOUND('',#409,.T.);
#297=FACE_OUTER_BOUND('',#410,.T.);
#298=FACE_OUTER_BOUND('',#411,.T.);
#299=FACE_OUTER_BOUND('',#412,.T.);
#300=FACE_OUTER_BOUND('',#413,.T.);
#301=FACE_OUTER_BOUND('',#414,.T.);
#302=FACE_OUTER_BOUND('',#415,.T.);
#303=FACE_OUTER_BOUND('',#416,.T.);
#304=FACE_OUTER_BOUND('',#417,.T.);
#305=FACE_OUTER_BOUND('',#418,.T.);
#306=FACE_OUTER_BOUND('',#419,.T.);
#307=FACE_OUTER_BOUND('',#420,.T.);
#308=FACE_OUTER_BOUND('',#421,.T.);
#309=FACE_OUTER_BOUND('',#422,.T.);
#310=FACE_OUTER_BOUND('',#423,.T.);
#311=FACE_OUTER_BOUND('',#424,.T.);
#312=FACE_OUTER_BOUND('',#425,.T.);
#313=FACE_OUTER_BOUND('',#426,.T.);
#314=FACE_OUTER_BOUND('',#427,.T.);
#315=FACE_OUTER_BOUND('',#428,.T.);
#316=FACE_OUTER_BOUND('',#429,.T.);
#317=FACE_OUTER_BOUND('',#430,.T.);
#318=EDGE_LOOP('',(#1087,#1088,#1089,#1090));
#319=EDGE_LOOP('',(#1091,#1092,#1093,#1094));
#320=EDGE_LOOP('',(#1095,#1096,#1097,#1098));
#321=EDGE_LOOP('',(#1099,#1100,#1101,#1102));
#322=EDGE_LOOP('',(#1103,#1104,#1105));
#323=EDGE_LOOP('',(#1106,#1107,#1108,#1109));
#324=EDGE_LOOP('',(#1110,#1111,#1112));
#325=EDGE_LOOP('',(#1113,#1114,#1115,#1116));
#326=EDGE_LOOP('',(#1117,#1118,#1119,#1120));
#327=EDGE_LOOP('',(#1121,#1122,#1123,#1124));
#328=EDGE_LOOP('',(#1125,#1126,#1127,#1128));
#329=EDGE_LOOP('',(#1129,#1130,#1131,#1132,#1133,#1134,#1135,#1136,#1137,
#1138,#1139,#1140,#1141,#1142,#1143,#1144));
#330=EDGE_LOOP('',(#1145,#1146,#1147,#1148,#1149,#1150));
#331=EDGE_LOOP('',(#1151,#1152,#1153,#1154,#1155,#1156,#1157,#1158,#1159,
#1160,#1161,#1162,#1163,#1164,#1165,#1166,#1167,#1168));
#332=EDGE_LOOP('',(#1169,#1170,#1171,#1172,#1173,#1174,#1175,#1176,#1177,
#1178,#1179,#1180,#1181,#1182,#1183,#1184));
#333=EDGE_LOOP('',(#1185,#1186,#1187,#1188,#1189,#1190,#1191,#1192,#1193,
#1194,#1195,#1196,#1197,#1198,#1199,#1200,#1201,#1202,#1203,#1204));
#334=EDGE_LOOP('',(#1205,#1206,#1207,#1208));
#335=EDGE_LOOP('',(#1209,#1210,#1211,#1212));
#336=EDGE_LOOP('',(#1213,#1214,#1215,#1216));
#337=EDGE_LOOP('',(#1217,#1218,#1219,#1220));
#338=EDGE_LOOP('',(#1221,#1222,#1223,#1224));
#339=EDGE_LOOP('',(#1225,#1226,#1227,#1228));
#340=EDGE_LOOP('',(#1229,#1230,#1231,#1232));
#341=EDGE_LOOP('',(#1233,#1234,#1235,#1236));
#342=EDGE_LOOP('',(#1237,#1238,#1239,#1240));
#343=EDGE_LOOP('',(#1241,#1242,#1243,#1244,#1245,#1246));
#344=EDGE_LOOP('',(#1247,#1248,#1249,#1250,#1251,#1252,#1253,#1254,#1255,
#1256,#1257,#1258));
#345=EDGE_LOOP('',(#1259,#1260,#1261,#1262,#1263,#1264));
#346=EDGE_LOOP('',(#1265,#1266,#1267,#1268,#1269,#1270,#1271));
#347=EDGE_LOOP('',(#1272,#1273,#1274,#1275));
#348=EDGE_LOOP('',(#1276,#1277,#1278,#1279,#1280,#1281,#1282));
#349=EDGE_LOOP('',(#1283,#1284,#1285));
#350=EDGE_LOOP('',(#1286,#1287,#1288));
#351=EDGE_LOOP('',(#1289,#1290,#1291,#1292));
#352=EDGE_LOOP('',(#1293,#1294,#1295));
#353=EDGE_LOOP('',(#1296,#1297,#1298,#1299));
#354=EDGE_LOOP('',(#1300,#1301,#1302,#1303));
#355=EDGE_LOOP('',(#1304,#1305,#1306,#1307));
#356=EDGE_LOOP('',(#1308,#1309,#1310,#1311));
#357=EDGE_LOOP('',(#1312,#1313,#1314,#1315));
#358=EDGE_LOOP('',(#1316,#1317,#1318,#1319));
#359=EDGE_LOOP('',(#1320,#1321,#1322,#1323,#1324,#1325,#1326));
#360=EDGE_LOOP('',(#1327,#1328,#1329,#1330,#1331,#1332,#1333,#1334));
#361=EDGE_LOOP('',(#1335,#1336,#1337,#1338));
#362=EDGE_LOOP('',(#1339,#1340,#1341,#1342,#1343,#1344,#1345,#1346,#1347,
#1348,#1349,#1350,#1351,#1352,#1353));
#363=EDGE_LOOP('',(#1354,#1355,#1356,#1357,#1358,#1359,#1360,#1361,#1362));
#364=EDGE_LOOP('',(#1363,#1364,#1365,#1366,#1367,#1368,#1369));
#365=EDGE_LOOP('',(#1370,#1371,#1372,#1373));
#366=EDGE_LOOP('',(#1374,#1375,#1376,#1377));
#367=EDGE_LOOP('',(#1378,#1379,#1380,#1381));
#368=EDGE_LOOP('',(#1382,#1383,#1384,#1385));
#369=EDGE_LOOP('',(#1386));
#370=EDGE_LOOP('',(#1387));
#371=EDGE_LOOP('',(#1388,#1389));
#372=EDGE_LOOP('',(#1390));
#373=EDGE_LOOP('',(#1391,#1392,#1393,#1394));
#374=EDGE_LOOP('',(#1395));
#375=EDGE_LOOP('',(#1396));
#376=EDGE_LOOP('',(#1397));
#377=EDGE_LOOP('',(#1398));
#378=EDGE_LOOP('',(#1399,#1400,#1401,#1402));
#379=EDGE_LOOP('',(#1403,#1404,#1405,#1406,#1407,#1408,#1409,#1410,#1411,
#1412));
#380=EDGE_LOOP('',(#1413));
#381=EDGE_LOOP('',(#1414));
#382=EDGE_LOOP('',(#1415,#1416));
#383=EDGE_LOOP('',(#1417));
#384=EDGE_LOOP('',(#1418));
#385=EDGE_LOOP('',(#1419,#1420));
#386=EDGE_LOOP('',(#1421,#1422));
#387=EDGE_LOOP('',(#1423,#1424));
#388=EDGE_LOOP('',(#1425,#1426,#1427,#1428,#1429,#1430,#1431,#1432,#1433));
#389=EDGE_LOOP('',(#1434,#1435,#1436,#1437,#1438,#1439,#1440));
#390=EDGE_LOOP('',(#1441,#1442));
#391=EDGE_LOOP('',(#1443,#1444,#1445,#1446,#1447,#1448,#1449,#1450,#1451,
#1452,#1453,#1454,#1455,#1456,#1457));
#392=EDGE_LOOP('',(#1458));
#393=EDGE_LOOP('',(#1459));
#394=EDGE_LOOP('',(#1460,#1461,#1462,#1463,#1464,#1465,#1466));
#395=EDGE_LOOP('',(#1467,#1468,#1469,#1470,#1471,#1472,#1473,#1474,#1475));
#396=EDGE_LOOP('',(#1476,#1477,#1478,#1479,#1480,#1481,#1482));
#397=EDGE_LOOP('',(#1483,#1484,#1485,#1486,#1487,#1488,#1489));
#398=EDGE_LOOP('',(#1490,#1491,#1492,#1493,#1494,#1495,#1496,#1497));
#399=EDGE_LOOP('',(#1498,#1499,#1500,#1501,#1502,#1503));
#400=EDGE_LOOP('',(#1504));
#401=EDGE_LOOP('',(#1505));
#402=EDGE_LOOP('',(#1506));
#403=EDGE_LOOP('',(#1507));
#404=EDGE_LOOP('',(#1508,#1509));
#405=EDGE_LOOP('',(#1510));
#406=EDGE_LOOP('',(#1511));
#407=EDGE_LOOP('',(#1512,#1513));
#408=EDGE_LOOP('',(#1514,#1515));
#409=EDGE_LOOP('',(#1516,#1517,#1518,#1519,#1520,#1521,#1522,#1523));
#410=EDGE_LOOP('',(#1524,#1525,#1526,#1527));
#411=EDGE_LOOP('',(#1528,#1529,#1530,#1531));
#412=EDGE_LOOP('',(#1532,#1533,#1534,#1535,#1536));
#413=EDGE_LOOP('',(#1537,#1538,#1539,#1540));
#414=EDGE_LOOP('',(#1541,#1542,#1543,#1544));
#415=EDGE_LOOP('',(#1545,#1546,#1547,#1548,#1549));
#416=EDGE_LOOP('',(#1550,#1551,#1552));
#417=EDGE_LOOP('',(#1553,#1554,#1555,#1556,#1557,#1558));
#418=EDGE_LOOP('',(#1559,#1560,#1561,#1562));
#419=EDGE_LOOP('',(#1563,#1564,#1565,#1566));
#420=EDGE_LOOP('',(#1567,#1568,#1569));
#421=EDGE_LOOP('',(#1570,#1571,#1572,#1573));
#422=EDGE_LOOP('',(#1574,#1575,#1576,#1577,#1578));
#423=EDGE_LOOP('',(#1579,#1580,#1581,#1582));
#424=EDGE_LOOP('',(#1583,#1584,#1585,#1586));
#425=EDGE_LOOP('',(#1587,#1588,#1589,#1590));
#426=EDGE_LOOP('',(#1591,#1592,#1593,#1594));
#427=EDGE_LOOP('',(#1595,#1596,#1597,#1598));
#428=EDGE_LOOP('',(#1599,#1600,#1601,#1602));
#429=EDGE_LOOP('',(#1603,#1604,#1605,#1606));
#430=EDGE_LOOP('',(#1607,#1608,#1609,#1610));
#431=LINE('',#2462,#495);
#432=LINE('',#2492,#496);
#433=LINE('',#2693,#497);
#434=LINE('',#2809,#498);
#435=LINE('',#2824,#499);
#436=LINE('',#3040,#500);
#437=LINE('',#3044,#501);
#438=LINE('',#3046,#502);
#439=LINE('',#3053,#503);
#440=LINE('',#3059,#504);
#441=LINE('',#3066,#505);
#442=LINE('',#3071,#506);
#443=LINE('',#3077,#507);
#444=LINE('',#3083,#508);
#445=LINE('',#3089,#509);
#446=LINE('',#3095,#510);
#447=LINE('',#3164,#511);
#448=LINE('',#3238,#512);
#449=LINE('',#3264,#513);
#450=LINE('',#3299,#514);
#451=LINE('',#3385,#515);
#452=LINE('',#3396,#516);
#453=LINE('',#3402,#517);
#454=LINE('',#3408,#518);
#455=LINE('',#3414,#519);
#456=LINE('',#3441,#520);
#457=LINE('',#3487,#521);
#458=LINE('',#3887,#522);
#459=LINE('',#3924,#523);
#460=LINE('',#3955,#524);
#461=LINE('',#4007,#525);
#462=LINE('',#4010,#526);
#463=LINE('',#4014,#527);
#464=LINE('',#4018,#528);
#465=LINE('',#4021,#529);
#466=LINE('',#4025,#530);
#467=LINE('',#4031,#531);
#468=LINE('',#4033,#532);
#469=LINE('',#4035,#533);
#470=LINE('',#4036,#534);
#471=LINE('',#4038,#535);
#472=LINE('',#4053,#536);
#473=LINE('',#4056,#537);
#474=LINE('',#4079,#538);
#475=LINE('',#4087,#539);
#476=LINE('',#4088,#540);
#477=LINE('',#4090,#541);
#478=LINE('',#4091,#542);
#479=LINE('',#4093,#543);
#480=LINE('',#4101,#544);
#481=LINE('',#4102,#545);
#482=LINE('',#4106,#546);
#483=LINE('',#4107,#547);
#484=LINE('',#4260,#548);
#485=LINE('',#4262,#549);
#486=LINE('',#4263,#550);
#487=LINE('',#4265,#551);
#488=LINE('',#4559,#552);
#489=LINE('',#4561,#553);
#490=LINE('',#4679,#554);
#491=LINE('',#4683,#555);
#492=LINE('',#4684,#556);
#493=LINE('',#4724,#557);
#494=LINE('',#4725,#558);
#495=VECTOR('',#1927,3.00572713982536);
#496=VECTOR('',#1928,3.00475878825778);
#497=VECTOR('',#1929,2.9904306472068);
#498=VECTOR('',#1930,3.00572714159484);
#499=VECTOR('',#1931,3.00483036449064);
#500=VECTOR('',#1932,2.99043062119593);
#501=VECTOR('',#1935,1.);
#502=VECTOR('',#1936,1.);
#503=VECTOR('',#1939,1.);
#504=VECTOR('',#1940,1.);
#505=VECTOR('',#1943,1.);
#506=VECTOR('',#1948,1.);
#507=VECTOR('',#1955,1.);
#508=VECTOR('',#1962,1.);
#509=VECTOR('',#1969,1.);
#510=VECTOR('',#1976,1.);
#511=VECTOR('',#1995,1.);
#512=VECTOR('',#2010,1.);
#513=VECTOR('',#2021,1.);
#514=VECTOR('',#2034,1.);
#515=VECTOR('',#2057,1.);
#516=VECTOR('',#2064,1.);
#517=VECTOR('',#2071,1.);
#518=VECTOR('',#2078,1.);
#519=VECTOR('',#2085,1.);
#520=VECTOR('',#2096,1.);
#521=VECTOR('',#2103,1.);
#522=VECTOR('',#2164,1.);
#523=VECTOR('',#2169,1.);
#524=VECTOR('',#2172,1.);
#525=VECTOR('',#2193,1.);
#526=VECTOR('',#2196,1.);
#527=VECTOR('',#2199,1.);
#528=VECTOR('',#2202,1.);
#529=VECTOR('',#2207,1.);
#530=VECTOR('',#2210,1.);
#531=VECTOR('',#2217,1.);
#532=VECTOR('',#2220,1.);
#533=VECTOR('',#2223,1.);
#534=VECTOR('',#2224,1.);
#535=VECTOR('',#2227,1.);
#536=VECTOR('',#2232,1.);
#537=VECTOR('',#2235,1.);
#538=VECTOR('',#2238,1.);
#539=VECTOR('',#2251,1.);
#540=VECTOR('',#2252,1.);
#541=VECTOR('',#2255,1.);
#542=VECTOR('',#2256,1.);
#543=VECTOR('',#2259,1.);
#544=VECTOR('',#2274,1.);
#545=VECTOR('',#2275,1.);
#546=VECTOR('',#2282,1.);
#547=VECTOR('',#2283,1.);
#548=VECTOR('',#2300,1.);
#549=VECTOR('',#2301,1.);
#550=VECTOR('',#2302,1.);
#551=VECTOR('',#2305,1.);
#552=VECTOR('',#2312,1.);
#553=VECTOR('',#2315,1.);
#554=VECTOR('',#2334,1.);
#555=VECTOR('',#2341,1.);
#556=VECTOR('',#2342,1.);
#557=VECTOR('',#2353,1.);
#558=VECTOR('',#2354,1.);
#559=B_SPLINE_CURVE_WITH_KNOTS('',3,(#2448,#2449,#2450,#2451,#2452,#2453,
#2454,#2455,#2456,#2457,#2458,#2459,#2460),.UNSPECIFIED.,.F.,.F.,(4,1,1,
1,1,1,1,1,1,1,4),(3.47108521361831E-6,0.644732824082045,1.28946564816409,
1.4506488541846,1.53124045719486,1.61183206020511,1.77301526622562,1.93419847224613,
2.25656488428716,2.41774809030767,2.5789299148421),.UNSPECIFIED.);
#560=B_SPLINE_CURVE_WITH_KNOTS('',3,(#2464,#2465,#2466,#2467,#2468,#2469,
#2470,#2471,#2472,#2473,#2474,#2475,#2476,#2477,#2478,#2479,#2480,#2481,
#2482,#2483,#2484,#2485,#2486,#2487,#2488,#2489,#2490,#2491),
 .UNSPECIFIED.,.F.,.F.,(4,3,3,3,3,3,3,3,3,4),(-4.44088212368773,-3.3306615927658,
-2.77555132730483,-2.70616254412221,-2.63677376093959,-2.49799619457435,
-2.35921862820911,-2.22044106184387,-2.08166349547863,-2.02382550958204),
 .UNSPECIFIED.);
#561=B_SPLINE_CURVE_WITH_KNOTS('',3,(#2558,#2559,#2560,#2561,#2562,#2563,
#2564,#2565,#2566,#2567,#2568,#2569,#2570,#2571,#2572,#2573,#2574,#2575,
#2576,#2577,#2578,#2579,#2580,#2581,#2582,#2583,#2584,#2585,#2586,#2587,
#2588,#2589,#2590,#2591,#2592,#2593,#2594,#2595,#2596,#2597,#2598,#2599,
#2600,#2601,#2602,#2603,#2604,#2605,#2606,#2607,#2608,#2609,#2610,#2611,
#2612,#2613,#2614,#2615,#2616,#2617,#2618,#2619,#2620,#2621,#2622,#2623,
#2624,#2625,#2626,#2627,#2628,#2629,#2630,#2631,#2632,#2633,#2634,#2635,
#2636,#2637,#2638,#2639,#2640,#2641,#2642,#2643,#2644,#2645,#2646,#2647,
#2648,#2649,#2650,#2651,#2652,#2653,#2654,#2655,#2656,#2657,#2658,#2659,
#2660,#2661,#2662,#2663,#2664,#2665,#2666,#2667,#2668,#2669,#2670,#2671,
#2672),.UNSPECIFIED.,.F.,.F.,(4,3,3,3,3,3,3,3,3,3,3,3,3,3,3,3,3,3,3,3,3,
3,3,3,3,3,3,3,3,3,3,3,3,3,3,3,3,3,4),(0.,0.0629883711085039,0.0711633362502892,
0.111178768390226,0.133050602364602,0.138155580158008,0.173697703789773,
0.207859477566748,0.252470779937411,0.256306342877425,0.347193433547438,
0.368926184302313,0.418559995500437,0.42321199515444,0.459783285143944,
0.481776025688557,0.550887985955457,0.602445671884975,0.641033616718699,
0.70821971983345,0.793034787670824,0.881184707887896,0.881190709308883,
1.06207025690105,1.25634673546624,1.49681962656917,1.58375296631639,1.72897850547046,
1.72898767749186,1.8696146581223,2.02507013061934,2.24678382553901,2.43335525062199,
2.63752236418138,2.77552299777579,2.89982153384332,3.01773583835369,3.1273499310324,
3.13565014286407),.UNSPECIFIED.);
#562=B_SPLINE_CURVE_WITH_KNOTS('',3,(#2674,#2675,#2676,#2677,#2678,#2679,
#2680,#2681,#2682,#2683,#2684,#2685,#2686,#2687,#2688,#2689,#2690,#2691,
#2692),.UNSPECIFIED.,.F.,.F.,(4,3,3,3,3,3,4),(-2.02382550958204,-1.94288592911338,
-1.80410836274814,-1.73471957956552,-1.6653307963829,-1.11022053092193,
0.),.UNSPECIFIED.);
#563=B_SPLINE_CURVE_WITH_KNOTS('',3,(#2780,#2781,#2782,#2783,#2784,#2785,
#2786,#2787,#2788,#2789,#2790,#2791,#2792,#2793,#2794,#2795,#2796,#2797,
#2798,#2799,#2800,#2801,#2802,#2803,#2804,#2805,#2806,#2807),
 .UNSPECIFIED.,.F.,.F.,(4,3,3,3,3,3,3,3,3,4),(0.,1.11022158332183,1.66533237498275,
1.73472122394036,1.80411007289798,1.94288777081321,2.08166546872843,2.22044316664366,
2.35922086455889,2.4483717363923),.UNSPECIFIED.);
#564=B_SPLINE_CURVE_WITH_KNOTS('',3,(#2811,#2812,#2813,#2814,#2815,#2816,
#2817,#2818,#2819,#2820,#2821,#2822,#2823),.UNSPECIFIED.,.F.,.F.,(4,1,1,
1,1,1,1,1,1,1,4),(-2.61225436027474,-1.95919077020605,-1.30612718013737,
-1.1428612826202,-1.06122833386161,-0.979595385103026,-0.816329487585855,
-0.653063590068684,-0.326531795034342,-0.163265897517171,-2.63967674372185E-8),
 .UNSPECIFIED.);
#565=B_SPLINE_CURVE_WITH_KNOTS('',3,(#2890,#2891,#2892,#2893,#2894,#2895,
#2896,#2897,#2898,#2899,#2900,#2901,#2902,#2903,#2904,#2905,#2906,#2907,
#2908),.UNSPECIFIED.,.F.,.F.,(4,3,3,3,3,3,4),(2.4483717363923,2.49799856247412,
2.63677626038935,2.70616510934696,2.77555395830458,3.3306647499655,4.44088633328733),
 .UNSPECIFIED.);
#566=B_SPLINE_CURVE_WITH_KNOTS('',3,(#2910,#2911,#2912,#2913,#2914,#2915,
#2916,#2917,#2918,#2919,#2920,#2921,#2922,#2923,#2924,#2925,#2926,#2927,
#2928,#2929,#2930,#2931,#2932,#2933,#2934,#2935,#2936,#2937,#2938,#2939,
#2940,#2941,#2942,#2943,#2944,#2945,#2946,#2947,#2948,#2949,#2950,#2951,
#2952,#2953,#2954,#2955,#2956,#2957,#2958,#2959,#2960,#2961,#2962,#2963,
#2964,#2965,#2966,#2967,#2968,#2969,#2970,#2971,#2972,#2973,#2974,#2975,
#2976,#2977,#2978,#2979,#2980,#2981,#2982,#2983,#2984,#2985,#2986,#2987,
#2988,#2989,#2990,#2991,#2992,#2993,#2994,#2995,#2996,#2997,#2998,#2999,
#3000,#3001,#3002,#3003,#3004,#3005,#3006,#3007,#3008,#3009,#3010,#3011,
#3012,#3013,#3014,#3015,#3016,#3017,#3018,#3019,#3020,#3021,#3022,#3023,
#3024,#3025,#3026,#3027,#3028,#3029,#3030,#3031,#3032,#3033,#3034,#3035,
#3036,#3037,#3038,#3039),.UNSPECIFIED.,.F.,.F.,(4,3,3,3,3,3,3,3,3,3,3,3,
3,3,3,3,3,3,3,3,3,3,3,3,3,3,3,3,3,3,3,3,3,3,3,3,3,3,3,3,3,3,3,4),(-2.23886452815607,
-2.20978742196742,-2.19981920719476,-2.19075072074237,-2.18366762812324,
-2.15988258494994,-2.14467928964061,-2.12579685959816,-2.08245467868304,
-2.07782387795044,-2.04792909757482,-2.02571137228154,-2.01783200183095,
-2.01768145301617,-1.97684721452911,-1.95022816465532,-1.90740717601241,
-1.90135249751301,-1.86029604770033,-1.8120524761579,-1.76235845577709,
-1.7623568869061,-1.68121514560615,-1.59500211110418,-1.500346955466,-1.40010888013966,
-1.29066308119847,-1.27512873249324,-1.14772568323003,-1.13387917026563,
-1.13387584246365,-0.978359819092804,-0.849211211783644,-0.738210603615293,
-0.640334640385064,-0.545280640385556,-0.453141207717762,-0.369133534892708,
-0.290523885623862,-0.217873203646477,-0.147761516364386,-0.0798652873776249,
-0.0146767977999899,-1.66095130218027E-7),.UNSPECIFIED.);
#567=B_SPLINE_CURVE_WITH_KNOTS('',3,(#3047,#3048,#3049,#3050),
 .UNSPECIFIED.,.F.,.F.,(4,4),(-23.4997347846121,-23.4907581018481),
 .UNSPECIFIED.);
#568=B_SPLINE_CURVE_WITH_KNOTS('',3,(#3055,#3056,#3057,#3058),
 .UNSPECIFIED.,.F.,.F.,(4,4),(0.,42.0000170160804),.UNSPECIFIED.);
#569=B_SPLINE_CURVE_WITH_KNOTS('',3,(#3062,#3063,#3064,#3065),
 .UNSPECIFIED.,.F.,.F.,(4,4),(23.490663052403,23.4996400620177),
 .UNSPECIFIED.);
#570=B_SPLINE_CURVE_WITH_KNOTS('',3,(#3099,#3100,#3101,#3102,#3103,#3104),
 .UNSPECIFIED.,.F.,.F.,(4,2,4),(-3.01501943127323,-1.50668429605658,0.),
 .UNSPECIFIED.);
#571=B_SPLINE_CURVE_WITH_KNOTS('',3,(#3108,#3109,#3110,#3111,#3112,#3113),
 .UNSPECIFIED.,.F.,.F.,(4,2,4),(-3.00552853569491,-1.50357040594588,-2.38132091823218E-8),
 .UNSPECIFIED.);
#572=B_SPLINE_CURVE_WITH_KNOTS('',3,(#3117,#3118,#3119,#3120,#3121,#3122),
 .UNSPECIFIED.,.F.,.F.,(4,2,4),(-3.01731153817995,-1.50761091244421,-4.62729365935388E-9),
 .UNSPECIFIED.);
#573=B_SPLINE_CURVE_WITH_KNOTS('',3,(#3126,#3127,#3128,#3129,#3130,#3131,
#3132),.UNSPECIFIED.,.F.,.F.,(4,3,4),(1.4710154421931E-7,1.66845291595872,
3.00581965044238),.UNSPECIFIED.);
#574=B_SPLINE_CURVE_WITH_KNOTS('',3,(#3136,#3137,#3138,#3139,#3140,#3141,
#3142),.UNSPECIFIED.,.F.,.F.,(4,3,4),(8.70599268792219E-8,1.66896609861778,
3.00581918676494),.UNSPECIFIED.);
#575=B_SPLINE_CURVE_WITH_KNOTS('',3,(#3146,#3147,#3148,#3149,#3150,#3151,
#3152),.UNSPECIFIED.,.F.,.F.,(4,3,4),(2.35164004112487E-7,1.66866159096305,
3.00581888812461),.UNSPECIFIED.);
#576=B_SPLINE_CURVE_WITH_KNOTS('',3,(#3157,#3158,#3159,#3160),
 .UNSPECIFIED.,.F.,.F.,(4,4),(2.29371755482645E-7,24.0329363263107),
 .UNSPECIFIED.);
#577=B_SPLINE_CURVE_WITH_KNOTS('',3,(#3175,#3176,#3177,#3178,#3179,#3180,
#3181,#3182,#3183,#3184),.UNSPECIFIED.,.F.,.F.,(4,2,2,2,4),(-0.830087779216709,
-0.442858803711645,-0.312347479766511,-0.225462919572035,-2.84906266123652E-6),
 .UNSPECIFIED.);
#578=B_SPLINE_CURVE_WITH_KNOTS('',3,(#3188,#3189,#3190,#3191,#3192,#3193),
 .UNSPECIFIED.,.F.,.F.,(4,2,4),(4.20353163880205E-6,0.507992726315447,1.21011301217771),
 .UNSPECIFIED.);
#579=B_SPLINE_CURVE_WITH_KNOTS('',3,(#3195,#3196,#3197,#3198,#3199,#3200),
 .UNSPECIFIED.,.F.,.F.,(4,2,4),(0.525157675264875,0.793278066315205,1.14176294624746),
 .UNSPECIFIED.);
#580=B_SPLINE_CURVE_WITH_KNOTS('',3,(#3212,#3213,#3214,#3215,#3216,#3217,
#3218,#3219,#3220,#3221,#3222),.UNSPECIFIED.,.F.,.F.,(4,2,2,3,4),(6.12595462664488,
6.26192496839787,6.49214332288391,6.71500551866136,6.76264575715249),
 .UNSPECIFIED.);
#581=B_SPLINE_CURVE_WITH_KNOTS('',3,(#3224,#3225,#3226,#3227),
 .UNSPECIFIED.,.F.,.F.,(4,4),(-5.40281428429626,-2.85798779077936),
 .UNSPECIFIED.);
#582=B_SPLINE_CURVE_WITH_KNOTS('',3,(#3231,#3232,#3233,#3234),
 .UNSPECIFIED.,.F.,.F.,(4,4),(0.00117953694084018,1.97804511958562),
 .UNSPECIFIED.);
#583=B_SPLINE_CURVE_WITH_KNOTS('',3,(#3242,#3243,#3244,#3245,#3246,#3247,
#3248),.UNSPECIFIED.,.F.,.F.,(4,3,4),(0.,1.66886217163685,3.00581580603699),
 .UNSPECIFIED.);
#584=B_SPLINE_CURVE_WITH_KNOTS('',3,(#3252,#3253,#3254,#3255,#3256,#3257,
#3258),.UNSPECIFIED.,.F.,.F.,(4,3,4),(8.5616878500974E-7,1.66871473790018,
3.00581872513475),.UNSPECIFIED.);
#585=B_SPLINE_CURVE_WITH_KNOTS('',3,(#3266,#3267,#3268,#3269),
 .UNSPECIFIED.,.F.,.F.,(4,4),(3.70542747939194,3.76638935668846),
 .UNSPECIFIED.);
#586=B_SPLINE_CURVE_WITH_KNOTS('',3,(#3280,#3281,#3282,#3283,#3284,#3285),
 .UNSPECIFIED.,.F.,.F.,(4,2,4),(2.11359417314219,2.4065509377786,2.70131325515038),
 .UNSPECIFIED.);
#587=B_SPLINE_CURVE_WITH_KNOTS('',3,(#3289,#3290,#3291,#3292,#3293,#3294),
 .UNSPECIFIED.,.F.,.F.,(4,2,4),(3.76638935668846,4.00400480855621,4.29314316430461),
 .UNSPECIFIED.);
#588=B_SPLINE_CURVE_WITH_KNOTS('',3,(#3303,#3304,#3305,#3306,#3307,#3308,
#3309),.UNSPECIFIED.,.F.,.F.,(4,3,4),(7.90485440985079E-7,1.66835277196346,
3.00581929558038),.UNSPECIFIED.);
#589=B_SPLINE_CURVE_WITH_KNOTS('',3,(#3313,#3314,#3315,#3316,#3317,#3318,
#3319),.UNSPECIFIED.,.F.,.F.,(4,3,4),(0.,1.66914454732026,3.00581754031395),
 .UNSPECIFIED.);
#590=B_SPLINE_CURVE_WITH_KNOTS('',3,(#3323,#3324,#3325,#3326,#3327,#3328,
#3329),.UNSPECIFIED.,.F.,.F.,(4,3,4),(1.95706851736247E-7,1.66877031707856,
3.00581778442639),.UNSPECIFIED.);
#591=B_SPLINE_CURVE_WITH_KNOTS('',3,(#3333,#3334,#3335,#3336,#3337,#3338,
#3339),.UNSPECIFIED.,.F.,.F.,(4,3,4),(0.,1.66887585852149,3.0058186350598),
 .UNSPECIFIED.);
#592=B_SPLINE_CURVE_WITH_KNOTS('',3,(#3343,#3344,#3345,#3346,#3347,#3348),
 .UNSPECIFIED.,.F.,.F.,(4,2,4),(-3.01497981786875,-1.50665984808467,0.),
 .UNSPECIFIED.);
#593=B_SPLINE_CURVE_WITH_KNOTS('',3,(#3352,#3353,#3354,#3355,#3356,#3357,
#3358),.UNSPECIFIED.,.F.,.F.,(4,3,4),(6.4834974207264E-7,1.66903120911023,
3.0058198615286),.UNSPECIFIED.);
#594=B_SPLINE_CURVE_WITH_KNOTS('',3,(#3362,#3363,#3364,#3365,#3366,#3367,
#3368),.UNSPECIFIED.,.F.,.F.,(4,3,4),(0.,1.66890575176407,3.0058183911898),
 .UNSPECIFIED.);
#595=B_SPLINE_CURVE_WITH_KNOTS('',3,(#3372,#3373,#3374,#3375,#3376,#3377,
#3378),.UNSPECIFIED.,.F.,.F.,(4,3,4),(1.03308804941774E-6,1.6686292479762,
3.00581896372371),.UNSPECIFIED.);
#596=B_SPLINE_CURVE_WITH_KNOTS('',3,(#3388,#3389,#3390,#3391),
 .UNSPECIFIED.,.F.,.F.,(4,4),(0.,24.2425689633186),.UNSPECIFIED.);
#597=B_SPLINE_CURVE_WITH_KNOTS('',3,(#3419,#3420,#3421,#3422),
 .UNSPECIFIED.,.F.,.F.,(4,4),(0.,2.95606650903352),.UNSPECIFIED.);
#598=B_SPLINE_CURVE_WITH_KNOTS('',3,(#3426,#3427,#3428,#3429),
 .UNSPECIFIED.,.F.,.F.,(4,4),(2.64544637336084E-6,2.92021379741894),
 .UNSPECIFIED.);
#599=B_SPLINE_CURVE_WITH_KNOTS('',3,(#3430,#3431,#3432,#3433,#3434,#3435),
 .UNSPECIFIED.,.F.,.F.,(4,2,4),(0.775811340398054,0.939333008127455,1.0655795540867),
 .UNSPECIFIED.);
#600=B_SPLINE_CURVE_WITH_KNOTS('',3,(#3443,#3444,#3445,#3446,#3447,#3448,
#3449,#3450,#3451,#3452,#3453,#3454,#3455,#3456,#3457),.UNSPECIFIED.,.F.,
 .F.,(4,2,2,2,2,3,4),(2.3620508649511,2.43386382762549,2.61511549167109,
2.82294217902116,3.04107876041254,3.2298202648144,3.37634944071096),
 .UNSPECIFIED.);
#601=B_SPLINE_CURVE_WITH_KNOTS('',3,(#3458,#3459,#3460,#3461),
 .UNSPECIFIED.,.F.,.F.,(4,4),(1.35533334662998E-6,2.88958286559566),
 .UNSPECIFIED.);
#602=B_SPLINE_CURVE_WITH_KNOTS('',3,(#3465,#3466,#3467,#3468),
 .UNSPECIFIED.,.F.,.F.,(4,4),(1.91383957148977E-5,1.93372109075351),
 .UNSPECIFIED.);
#603=B_SPLINE_CURVE_WITH_KNOTS('',3,(#3470,#3471,#3472,#3473,#3474,#3475,
#3476,#3477),.UNSPECIFIED.,.F.,.F.,(4,2,2,4),(0.17799643766713,0.330035138657567,
0.627777521600121,0.925519904542674),.UNSPECIFIED.);
#604=B_SPLINE_CURVE_WITH_KNOTS('',3,(#3479,#3480,#3481,#3482),
 .UNSPECIFIED.,.F.,.F.,(4,4),(1.97087977429363E-7,1.34282181173529),
 .UNSPECIFIED.);
#605=B_SPLINE_CURVE_WITH_KNOTS('',3,(#3491,#3492,#3493,#3494),
 .UNSPECIFIED.,.F.,.F.,(4,4),(1.01934448176902E-5,1.28416411056101),
 .UNSPECIFIED.);
#606=B_SPLINE_CURVE_WITH_KNOTS('',3,(#3495,#3496,#3497,#3498,#3499,#3500,
#3501,#3502,#3503,#3504,#3505,#3506,#3507,#3508,#3509,#3510),
 .UNSPECIFIED.,.F.,.F.,(4,2,2,2,2,2,2,4),(0.856692614407395,0.856724915252971,
1.15446383603636,1.45220275681975,1.61722630980553,1.69973808629842,1.78224986279131,
1.79136713612225),.UNSPECIFIED.);
#607=B_SPLINE_CURVE_WITH_KNOTS('',3,(#3516,#3517,#3518,#3519),
 .UNSPECIFIED.,.F.,.F.,(4,4),(-5.55306012428622,-4.02712461448078),
 .UNSPECIFIED.);
#608=B_SPLINE_CURVE_WITH_KNOTS('',3,(#3521,#3522,#3523,#3524,#3525,#3526,
#3527,#3528,#3529,#3530,#3531,#3532,#3533,#3534,#3535,#3536,#3537,#3538,
#3539,#3540,#3541,#3542,#3543,#3544,#3545,#3546,#3547,#3548,#3549,#3550,
#3551,#3552,#3553,#3554,#3555,#3556,#3557,#3558,#3559,#3560,#3561,#3562,
#3563,#3564,#3565,#3566,#3567,#3568,#3569,#3570,#3571,#3572,#3573,#3574,
#3575,#3576,#3577,#3578,#3579,#3580,#3581,#3582,#3583,#3584,#3585,#3586,
#3587,#3588,#3589,#3590,#3591,#3592,#3593,#3594,#3595,#3596,#3597,#3598,
#3599,#3600,#3601,#3602,#3603,#3604,#3605,#3606,#3607,#3608),
 .UNSPECIFIED.,.F.,.F.,(4,3,3,3,3,3,3,3,3,3,3,3,3,3,3,3,3,3,3,3,3,3,3,3,
3,3,3,3,3,4),(3.22177084285416E-6,0.00992463271595136,0.0234235928477244,
0.0363864768863568,0.047197254722155,0.0572059874086824,0.0670795201163545,
0.0770850551067818,0.0861645334268918,0.0987713142143097,0.111902465883258,
0.126046096631023,0.140059439521254,0.154268214197786,0.168476988874318,
0.172328893704398,0.213126267704401,0.252714399829656,0.258494384782198,
0.336953577201834,0.344660157021829,0.3721131378577,0.399474678827386,0.421194488104265,
0.430263987745883,0.430827942146874,0.445873723940305,0.466014602940502,
0.478521605316049,0.486155481940699),.UNSPECIFIED.);
#609=B_SPLINE_CURVE_WITH_KNOTS('',3,(#3617,#3618,#3619,#3620),
 .UNSPECIFIED.,.F.,.F.,(4,4),(7.17204086491988,7.28898489674137),
 .UNSPECIFIED.);
#610=B_SPLINE_CURVE_WITH_KNOTS('',3,(#3621,#3622,#3623,#3624,#3625,#3626),
 .UNSPECIFIED.,.F.,.F.,(4,2,4),(-19.5761365889592,-19.3334978237824,-18.1242261773463),
 .UNSPECIFIED.);
#611=B_SPLINE_CURVE_WITH_KNOTS('',3,(#3627,#3628,#3629,#3630,#3631,#3632),
 .UNSPECIFIED.,.F.,.F.,(4,2,4),(-2.14897654899048,-2.08651328380264,-2.01387511440015),
 .UNSPECIFIED.);
#612=B_SPLINE_CURVE_WITH_KNOTS('',3,(#3634,#3635,#3636,#3637,#3638,#3639),
 .UNSPECIFIED.,.F.,.F.,(4,2,4),(-2.42869262563887,-2.36216590313253,-2.27842086330063),
 .UNSPECIFIED.);
#613=B_SPLINE_CURVE_WITH_KNOTS('',3,(#3640,#3641,#3642,#3643,#3644,#3645),
 .UNSPECIFIED.,.F.,.F.,(4,2,4),(-6.78577624699486,-5.63776410671896,-5.1840029851211),
 .UNSPECIFIED.);
#614=B_SPLINE_CURVE_WITH_KNOTS('',3,(#3646,#3647,#3648,#3649,#3650,#3651,
#3652,#3653,#3654,#3655,#3656,#3657,#3658,#3659),.UNSPECIFIED.,.F.,.F.,
(4,2,2,2,2,2,4),(0.15376203870096,0.555582093291051,1.1111641865821,1.66865414505873,
2.22614410353536,2.78531148781655,2.99690126691961),.UNSPECIFIED.);
#615=B_SPLINE_CURVE_WITH_KNOTS('',3,(#3662,#3663,#3664,#3665,#3666,#3667,
#3668,#3669,#3670,#3671,#3672,#3673,#3674,#3675,#3676,#3677,#3678,#3679,
#3680,#3681,#3682,#3683,#3684,#3685,#3686,#3687,#3688,#3689,#3690,#3691,
#3692,#3693,#3694,#3695,#3696,#3697,#3698),.UNSPECIFIED.,.F.,.F.,(4,3,3,
3,3,3,3,3,3,3,3,3,4),(0.0021363466845742,0.719673385895462,1.43934677179092,
2.15902015768639,2.87869354358185,4.31804031537277,5.7573870871637,7.19673385895462,
8.63608063074555,9.35575401664101,10.0754274025365,10.7951007884319,11.5147688473967),
 .UNSPECIFIED.);
#616=B_SPLINE_CURVE_WITH_KNOTS('',3,(#3710,#3711,#3712,#3713,#3714,#3715),
 .UNSPECIFIED.,.F.,.F.,(4,2,4),(-5.64015499308264,-4.87999322985453,-4.68955853317547),
 .UNSPECIFIED.);
#617=B_SPLINE_CURVE_WITH_KNOTS('',3,(#3721,#3722,#3723,#3724),
 .UNSPECIFIED.,.F.,.F.,(4,4),(4.68682315825722,5.68476538110843),
 .UNSPECIFIED.);
#618=B_SPLINE_CURVE_WITH_KNOTS('',3,(#3726,#3727,#3728,#3729,#3730,#3731,
#3732,#3733,#3734,#3735,#3736,#3737,#3738,#3739,#3740,#3741,#3742,#3743,
#3744,#3745,#3746,#3747,#3748,#3749,#3750,#3751,#3752,#3753,#3754,#3755,
#3756,#3757,#3758,#3759,#3760,#3761,#3762,#3763,#3764,#3765,#3766,#3767,
#3768,#3769,#3770,#3771,#3772,#3773,#3774,#3775,#3776,#3777,#3778,#3779,
#3780,#3781,#3782,#3783,#3784,#3785,#3786,#3787,#3788,#3789,#3790,#3791,
#3792,#3793,#3794,#3795,#3796,#3797,#3798,#3799,#3800,#3801,#3802,#3803,
#3804,#3805,#3806,#3807,#3808,#3809,#3810,#3811,#3812,#3813,#3814,#3815,
#3816,#3817,#3818,#3819,#3820,#3821,#3822,#3823,#3824,#3825,#3826,#3827,
#3828,#3829,#3830,#3831),.UNSPECIFIED.,.F.,.F.,(4,3,3,3,3,3,3,3,3,3,3,3,
3,3,3,3,3,3,3,3,3,3,3,3,3,3,3,3,3,3,3,3,3,3,3,4),(0.0117551962474243,0.0267825755895188,
0.0388231415173036,0.0493341728604664,0.059169048448294,0.0688887995326107,
0.0787335134560746,0.0863436896918969,0.0992755060154061,0.112719311712316,
0.126651427131335,0.141103018866283,0.155689776038229,0.170152990160458,
0.172685022059606,0.190108638931685,0.207338548304741,0.224327933081086,
0.241678104752497,0.259028276423908,0.273709381878278,0.288483529060241,
0.30286907559121,0.316871250417997,0.331120593356213,0.34400104272745,0.34536993629443,
0.355447383028315,0.365307186550381,0.375273608209334,0.38557439845906,
0.396624225925876,0.411489329656651,0.422335232146232,0.432186529920608,
0.432988272630248),.UNSPECIFIED.);
#619=B_SPLINE_CURVE_WITH_KNOTS('',3,(#3851,#3852,#3853,#3854,#3855,#3856,
#3857,#3858,#3859,#3860,#3861,#3862,#3863,#3864,#3865,#3866,#3867,#3868,
#3869,#3870,#3871,#3872,#3873,#3874,#3875,#3876,#3877,#3878,#3879,#3880,
#3881),.UNSPECIFIED.,.F.,.F.,(4,3,3,3,3,3,3,3,3,3,4),(2.76942448405531E-9,
0.0711622710821055,0.142328268193719,0.213491386121052,0.284655425348666,
0.301630561363424,0.372792900139388,0.443958325501688,0.515120497491659,
0.586283067113392,0.603261122726848),.UNSPECIFIED.);
#620=B_SPLINE_CURVE_WITH_KNOTS('',3,(#3888,#3889,#3890,#3891,#3892,#3893,
#3894,#3895,#3896,#3897,#3898,#3899,#3900,#3901),.UNSPECIFIED.,.F.,.F.,
(4,2,2,2,2,2,4),(9.22558863959715,10.1512229504571,11.2873385188838,12.4234540873104,
13.5318352621518,14.6402164369932,15.0706728187244),.UNSPECIFIED.);
#621=B_SPLINE_CURVE_WITH_KNOTS('',3,(#3904,#3905,#3906,#3907,#3908,#3909,
#3910,#3911,#3912,#3913,#3914,#3915,#3916,#3917),.UNSPECIFIED.,.F.,.F.,
(4,2,2,2,2,2,4),(-15.4839263212684,-15.3117335179089,-14.1939145109031,
-13.0760955038973,-11.9582764968915,-10.81048364544,-9.77851340805488),
 .UNSPECIFIED.);
#622=B_SPLINE_CURVE_WITH_KNOTS('',3,(#3918,#3919,#3920,#3921),
 .UNSPECIFIED.,.F.,.F.,(4,4),(0.,2.65465728351253),.UNSPECIFIED.);
#623=B_SPLINE_CURVE_WITH_KNOTS('',3,(#3925,#3926,#3927,#3928,#3929,#3930,
#3931,#3932,#3933,#3934,#3935,#3936,#3937,#3938,#3939,#3940),
 .UNSPECIFIED.,.F.,.F.,(4,2,2,2,2,2,2,4),(-36.8429608248291,-36.6786208876896,
-35.2519625101035,-34.1341439567314,-33.0163254033592,-31.8985068499871,
-30.7806882966149,-29.9184145676965),.UNSPECIFIED.);
#624=B_SPLINE_CURVE_WITH_KNOTS('',3,(#3943,#3944,#3945,#3946,#3947,#3948,
#3949,#3950,#3951,#3952,#3953,#3954),.UNSPECIFIED.,.F.,.F.,(4,2,2,2,2,4),
(32.9329561739821,34.4828983006262,35.7032390485925,36.9235797965587,38.1439205445249,
38.4235905563979),.UNSPECIFIED.);
#625=B_SPLINE_CURVE_WITH_KNOTS('',3,(#3958,#3959,#3960,#3961),
 .UNSPECIFIED.,.F.,.F.,(4,4),(0.000134960428747964,2.61431574861553),
 .UNSPECIFIED.);
#626=B_SPLINE_CURVE_WITH_KNOTS('',3,(#3968,#3969,#3970,#3971,#3972,#3973),
 .UNSPECIFIED.,.F.,.F.,(4,2,4),(2.21918652940351,2.22629866504506,2.30630931520942),
 .UNSPECIFIED.);
#627=B_SPLINE_CURVE_WITH_KNOTS('',3,(#3975,#3976,#3977,#3978),
 .UNSPECIFIED.,.F.,.F.,(4,4),(2.59178166589511E-6,2.97129971620368),
 .UNSPECIFIED.);
#628=B_SPLINE_CURVE_WITH_KNOTS('',3,(#3981,#3982,#3983,#3984),
 .UNSPECIFIED.,.F.,.F.,(4,4),(7.10508204674333E-6,2.98342761891579),
 .UNSPECIFIED.);
#629=B_SPLINE_CURVE_WITH_KNOTS('',3,(#3987,#3988,#3989,#3990,#3991,#3992),
 .UNSPECIFIED.,.F.,.F.,(4,2,4),(2.09677558075582,2.10137191156879,2.28960799446922),
 .UNSPECIFIED.);
#630=B_SPLINE_CURVE_WITH_KNOTS('',3,(#3994,#3995,#3996,#3997,#3998,#3999,
#4000),.UNSPECIFIED.,.F.,.F.,(4,3,4),(4.4330880117166E-6,2.73082295886769,
2.93700532425562),.UNSPECIFIED.);
#631=B_SPLINE_CURVE_WITH_KNOTS('',3,(#4040,#4041,#4042,#4043,#4044,#4045,
#4046,#4047),.UNSPECIFIED.,.F.,.F.,(4,2,2,4),(1.60419034216934,1.61707968404866,
1.69967746486153,1.77298682732435),.UNSPECIFIED.);
#632=B_SPLINE_CURVE_WITH_KNOTS('',3,(#4049,#4050,#4051,#4052),
 .UNSPECIFIED.,.F.,.F.,(4,4),(0.,9.61502878027997),.UNSPECIFIED.);
#633=B_SPLINE_CURVE_WITH_KNOTS('',3,(#4058,#4059,#4060,#4061,#4062,#4063,
#4064,#4065,#4066,#4067,#4068,#4069),.UNSPECIFIED.,.F.,.F.,(4,2,2,2,2,4),
(3.65262743194743E-6,0.552515849978502,0.680396691822828,0.761015539252953,
0.833983674009628,0.990820235770845),.UNSPECIFIED.);
#634=B_SPLINE_CURVE_WITH_KNOTS('',3,(#4071,#4072,#4073,#4074,#4075,#4076,
#4077,#4078),.UNSPECIFIED.,.F.,.F.,(4,2,2,4),(-0.13732293724464,-0.0897449319937477,
-0.0663263597567908,-5.01066161673336E-7),.UNSPECIFIED.);
#635=B_SPLINE_CURVE_WITH_KNOTS('',3,(#4111,#4112,#4113,#4114,#4115,#4116,
#4117,#4118,#4119,#4120,#4121,#4122,#4123,#4124,#4125,#4126,#4127,#4128,
#4129,#4130,#4131,#4132,#4133,#4134,#4135,#4136,#4137,#4138,#4139,#4140,
#4141,#4142,#4143,#4144,#4145,#4146),.UNSPECIFIED.,.F.,.F.,(4,2,2,2,2,2,
2,2,2,2,2,2,2,2,2,2,2,4),(1.05646925039033E-7,0.70375686637502,1.40802424172636,
1.84938373484591,2.0843111543207,2.24476972570513,2.38621852911162,2.53466441925667,
2.69215890160529,2.85988046841822,3.03205194598228,3.24116641874152,3.59320433483448,
4.01859613199518,4.44382536117415,4.66106848326008,4.77993909178001,4.90617173425932),
 .UNSPECIFIED.);
#636=B_SPLINE_CURVE_WITH_KNOTS('',3,(#4149,#4150,#4151,#4152,#4153,#4154,
#4155,#4156,#4157,#4158,#4159,#4160,#4161,#4162,#4163,#4164,#4165,#4166,
#4167,#4168,#4169,#4170,#4171,#4172,#4173,#4174,#4175,#4176,#4177,#4178,
#4179,#4180,#4181,#4182,#4183,#4184),.UNSPECIFIED.,.F.,.F.,(4,2,2,2,2,2,
2,2,2,2,2,2,2,2,2,2,2,4),(-2.59366136484427,-2.22550844290379,-1.85709254012284,
-1.6262221483034,-1.50333282645469,-1.41939681015927,-1.34540363298871,
-1.26774935032687,-1.18536085095967,-1.09762207634096,-1.00755587235772,
-0.89816411425424,-0.71400345335977,-0.512842067276071,-0.276360995081542,
-0.15284644442102,-0.08003559340658,-3.08419042749364E-7),.UNSPECIFIED.);
#637=B_SPLINE_CURVE_WITH_KNOTS('',3,(#4186,#4187,#4188,#4189,#4190,#4191,
#4192,#4193,#4194,#4195,#4196,#4197,#4198,#4199,#4200,#4201,#4202,#4203,
#4204,#4205,#4206,#4207,#4208,#4209,#4210,#4211,#4212,#4213,#4214,#4215,
#4216,#4217,#4218,#4219,#4220,#4221),.UNSPECIFIED.,.F.,.F.,(4,2,2,2,2,2,
2,2,2,2,2,2,2,2,2,2,2,4),(0.,0.703687460754066,1.40792108608604,1.84937131297998,
2.08434556632361,2.2448349289881,2.3863075764726,2.53477442046212,2.69228485047385,
2.86001071029398,3.03217350880748,3.24126525843907,3.59322463550562,4.0201301252429,
4.4445137381113,4.66118504977912,4.77983292556981,4.90583903989211),
 .UNSPECIFIED.);
#638=B_SPLINE_CURVE_WITH_KNOTS('',3,(#4223,#4224,#4225,#4226,#4227,#4228,
#4229,#4230,#4231,#4232,#4233,#4234,#4235,#4236,#4237,#4238,#4239,#4240,
#4241,#4242,#4243,#4244,#4245,#4246,#4247,#4248,#4249,#4250,#4251,#4252,
#4253,#4254,#4255,#4256,#4257,#4258),.UNSPECIFIED.,.F.,.F.,(4,2,2,2,2,2,
2,2,2,2,2,2,2,2,2,2,2,4),(1.4236741386833E-8,0.530229044821273,1.42801210473117,
1.9240562331446,2.18506599711003,2.36043475176187,2.51783979297206,2.6927622745354,
2.89687620826996,3.15456087165978,3.34747703436998,3.50592350117153,3.75317250411871,
4.15874461174713,4.48152476632652,4.63330734335014,4.72118677806258,4.8147143687549),
 .UNSPECIFIED.);
#639=B_SPLINE_CURVE_WITH_KNOTS('',3,(#4267,#4268,#4269,#4270,#4271,#4272,
#4273,#4274,#4275,#4276,#4277,#4278,#4279,#4280,#4281,#4282,#4283,#4284,
#4285,#4286,#4287,#4288,#4289,#4290,#4291,#4292,#4293,#4294,#4295,#4296,
#4297,#4298,#4299,#4300,#4301,#4302),.UNSPECIFIED.,.F.,.F.,(4,2,2,2,2,2,
2,2,2,2,2,2,2,2,2,2,2,4),(8.72512622901643E-9,0.096496608564807,0.18717076155863,
0.343806003644672,0.676897460944248,1.09538357379565,1.35049750746285,1.51399232017173,
1.71305004840341,1.97889971969662,2.18944694563426,2.3699210273596,2.53236652967548,
2.7134393399949,2.98304616941563,3.49556258855131,4.41997313008845,4.96345821149915),
 .UNSPECIFIED.);
#640=B_SPLINE_CURVE_WITH_KNOTS('',3,(#4304,#4305,#4306,#4307,#4308,#4309,
#4310,#4311,#4312,#4313,#4314,#4315,#4316,#4317),.UNSPECIFIED.,.F.,.F.,
(4,2,2,2,2,2,4),(1.27320840732302E-5,0.107112393714242,0.213849304474714,
0.399085638125495,0.559985060297808,0.770857380911392,1.70814452761539),
 .UNSPECIFIED.);
#641=B_SPLINE_CURVE_WITH_KNOTS('',3,(#4318,#4319,#4320,#4321,#4322,#4323,
#4324,#4325,#4326,#4327,#4328,#4329,#4330,#4331,#4332,#4333,#4334,#4335,
#4336,#4337,#4338,#4339,#4340,#4341,#4342,#4343,#4344,#4345,#4346,#4347),
 .UNSPECIFIED.,.F.,.F.,(4,2,2,2,2,2,2,2,2,2,2,2,2,2,4),(0.,0.338961288869341,
0.570222717953216,0.693138072646204,0.76415995840224,0.838105008841802,
0.935445080914905,1.03925311358245,1.1351417295549,1.22206351537943,1.31342421458419,
1.44022010539215,1.67298219919935,1.94043324957025,2.19597979936617),
 .UNSPECIFIED.);
#642=B_SPLINE_CURVE_WITH_KNOTS('',3,(#4348,#4349,#4350,#4351,#4352,#4353,
#4354,#4355,#4356,#4357,#4358,#4359,#4360,#4361,#4362,#4363,#4364,#4365,
#4366,#4367,#4368,#4369,#4370,#4371,#4372,#4373,#4374,#4375,#4376,#4377),
 .UNSPECIFIED.,.F.,.F.,(4,2,2,2,2,2,2,2,2,2,2,2,2,2,4),(8.67299206172851E-9,
0.338930517424309,0.570171012971043,0.693095338341815,0.764123153666814,
0.838067221288444,0.935395639356589,1.0391819152807,1.13506317269921,1.22199194203621,
1.31337886013643,1.44022255021745,1.67307051339997,1.94042315027891,2.19584252709636),
 .UNSPECIFIED.);
#643=B_SPLINE_CURVE_WITH_KNOTS('',3,(#4378,#4379,#4380,#4381,#4382,#4383,
#4384,#4385,#4386,#4387,#4388,#4389,#4390,#4391,#4392,#4393,#4394,#4395,
#4396,#4397,#4398,#4399,#4400,#4401,#4402,#4403,#4404,#4405,#4406,#4407),
 .UNSPECIFIED.,.F.,.F.,(4,2,2,2,2,2,2,2,2,2,2,2,2,2,4),(-5.12551979730108,
-4.33473491968974,-3.7951979100246,-3.50819734382184,-3.34236467507868,
-3.1697303498223,-2.9425063065535,-2.70022101221192,-2.47638933361976,-2.27345469940668,
-2.06010839123095,-1.76398395564294,-1.22038543821904,-0.596266117677946,
0.),.UNSPECIFIED.);
#644=B_SPLINE_CURVE_WITH_KNOTS('',3,(#4408,#4409,#4410,#4411,#4412,#4413,
#4414,#4415,#4416,#4417,#4418,#4419,#4420,#4421,#4422,#4423,#4424,#4425,
#4426,#4427,#4428,#4429,#4430,#4431,#4432,#4433,#4434,#4435,#4436,#4437),
 .UNSPECIFIED.,.F.,.F.,(4,2,2,2,2,2,2,2,2,2,2,2,2,2,4),(0.,0.431607689234445,
0.887001050441688,1.25703953850791,1.46524606683357,1.61263317564115,1.74780199312814,
1.89760599998846,2.06556981211018,2.24611747756162,2.37970490404626,2.49854407463808,
2.69871942116389,3.01850796416081,3.47851606657118),.UNSPECIFIED.);
#645=B_SPLINE_CURVE_WITH_KNOTS('',3,(#4438,#4439,#4440,#4441,#4442,#4443,
#4444,#4445,#4446,#4447,#4448,#4449,#4450,#4451,#4452,#4453,#4454,#4455,
#4456,#4457,#4458,#4459,#4460,#4461,#4462,#4463,#4464,#4465,#4466,#4467),
 .UNSPECIFIED.,.F.,.F.,(4,2,2,2,2,2,2,2,2,2,2,2,2,2,4),(-5.12640735526602,
-4.33499613147496,-3.79504675086409,-3.5081042240764,-3.34230471810604,
-3.16969281506012,-2.94248725707602,-2.70019101240019,-2.47635314050184,
-2.27342090807033,-2.06009059109868,-1.76399790882991,-1.22045827158583,
-0.596306702894735,-1.62868629338675E-6),.UNSPECIFIED.);
#646=B_SPLINE_CURVE_WITH_KNOTS('',3,(#4468,#4469,#4470,#4471,#4472,#4473,
#4474,#4475,#4476,#4477,#4478,#4479,#4480,#4481,#4482,#4483,#4484,#4485,
#4486,#4487,#4488,#4489,#4490,#4491,#4492,#4493,#4494,#4495,#4496,#4497),
 .UNSPECIFIED.,.F.,.F.,(4,2,2,2,2,2,2,2,2,2,2,2,2,2,4),(-3.47797807704434,
-3.01835484678227,-2.69876397614981,-2.49856627625015,-2.37971714785217,
-2.2461246248476,-2.06557122837263,-1.89760334097135,-1.74780115252069,
-1.61263908290534,-1.4652673845066,-1.25708888874637,-0.887102083456056,
-0.431659155195089,0.),.UNSPECIFIED.);
#647=B_SPLINE_CURVE_WITH_KNOTS('',3,(#4498,#4499,#4500,#4501,#4502,#4503,
#4504,#4505,#4506,#4507,#4508,#4509,#4510,#4511,#4512,#4513,#4514,#4515,
#4516,#4517,#4518,#4519,#4520,#4521,#4522,#4523,#4524,#4525,#4526,#4527),
 .UNSPECIFIED.,.F.,.F.,(4,2,2,2,2,2,2,2,2,2,2,2,2,2,4),(-3.0533823878408,
-2.67440238824608,-2.274563152101,-1.94966504676789,-1.76686005727261,-1.637457843462,
-1.51878907430938,-1.38727539697713,-1.23982027776977,-1.08129571972676,
-0.963996710886579,-0.859640500070718,-0.683859643834321,-0.403366300001581,
0.),.UNSPECIFIED.);
#648=B_SPLINE_CURVE_WITH_KNOTS('',3,(#4528,#4529,#4530,#4531,#4532,#4533,
#4534,#4535,#4536,#4537,#4538,#4539,#4540,#4541,#4542,#4543,#4544,#4545,
#4546,#4547,#4548,#4549,#4550,#4551,#4552,#4553,#4554,#4555,#4556,#4557),
 .UNSPECIFIED.,.F.,.F.,(4,2,2,2,2,2,2,2,2,2,2,2,2,2,4),(0.,0.43158260686363,
0.886954730639027,1.25707872824869,1.46532801603767,1.6127379929807,1.74792093390922,
1.89773737233845,2.06571469635793,2.24629554900787,2.37991290774184,2.49878407855584,
2.69901553139213,3.01866283171728,3.47839270110184),.UNSPECIFIED.);
#649=B_SPLINE_CURVE_WITH_KNOTS('',3,(#4566,#4567,#4568,#4569,#4570,#4571,
#4572,#4573,#4574,#4575,#4576,#4577,#4578,#4579,#4580,#4581,#4582,#4583,
#4584,#4585,#4586,#4587,#4588,#4589,#4590,#4591,#4592,#4593,#4594,#4595,
#4596,#4597,#4598,#4599,#4600,#4601),.UNSPECIFIED.,.F.,.F.,(4,2,2,2,2,2,
2,2,2,2,2,2,2,2,2,2,2,4),(-4.84200059918659,-4.74786369465579,-4.65940711932077,
-4.50659748919469,-4.18164368612893,-3.77349516675576,-3.52470355062564,
-3.3652771061875,-3.1711712131523,-2.91192777299308,-2.70661555559494,-2.53065067816928,
-2.37228482235523,-2.19579645646979,-1.93305732552584,-1.43364211258085,
-0.531464245245135,-3.74090999066823E-7),.UNSPECIFIED.);
#650=B_SPLINE_CURVE_WITH_KNOTS('',3,(#4604,#4605,#4606,#4607,#4608,#4609,
#4610,#4611,#4612,#4613,#4614,#4615,#4616,#4617,#4618,#4619,#4620,#4621,
#4622,#4623,#4624,#4625,#4626,#4627,#4628,#4629,#4630,#4631,#4632,#4633,
#4634,#4635,#4636,#4637,#4638,#4639),.UNSPECIFIED.,.F.,.F.,(4,2,2,2,2,2,
2,2,2,2,2,2,2,2,2,2,2,4),(-4.8364116242839,-4.74239716947474,-4.65406019909587,
-4.50149471717901,-4.17707531124152,-3.7703829582803,-3.52182345007965,
-3.36254646992268,-3.16861976722444,-2.90961513372689,-2.70449855617351,
-2.52870579407566,-2.37049779588509,-2.19418964352286,-1.93172219778754,
-1.43282204326433,-0.531242566641759,-2.97392839243571E-8),
 .UNSPECIFIED.);
#651=B_SPLINE_CURVE_WITH_KNOTS('',3,(#4641,#4642,#4643,#4644,#4645,#4646,
#4647,#4648,#4649,#4650,#4651,#4652,#4653,#4654,#4655,#4656,#4657,#4658,
#4659,#4660,#4661,#4662,#4663,#4664,#4665,#4666,#4667,#4668,#4669,#4670,
#4671,#4672,#4673,#4674,#4675,#4676),.UNSPECIFIED.,.F.,.F.,(4,2,2,2,2,2,
2,2,2,2,2,2,2,2,2,2,2,4),(-3.01605495095905,-2.5836049196366,-2.15082317473665,
-1.87935024513389,-1.7348509533247,-1.63616754572248,-1.54919478799063,
-1.45793383575502,-1.36112081052898,-1.25801467839896,-1.15214593057828,
-1.02353658239273,-0.806995913256082,-0.545526745978933,-0.2841835858602,
-0.150688699177018,-0.0776100558124544,0.),.UNSPECIFIED.);
#652=B_SPLINE_CURVE_WITH_KNOTS('',3,(#4688,#4689,#4690,#4691,#4692,#4693,
#4694,#4695,#4696,#4697,#4698,#4699,#4700,#4701,#4702,#4703),
 .UNSPECIFIED.,.F.,.F.,(4,2,2,2,2,2,2,4),(2.58355436365749E-5,0.0709168136536547,
0.122330757349773,0.176208625342721,0.244519389416064,0.380963959959079,
0.604232589553197,1.4046852612535),.UNSPECIFIED.);
#653=B_SPLINE_CURVE_WITH_KNOTS('',3,(#4704,#4705,#4706,#4707,#4708,#4709,
#4710,#4711,#4712,#4713,#4714,#4715,#4716,#4717,#4718,#4719,#4720,#4721),
 .UNSPECIFIED.,.F.,.F.,(4,2,2,2,2,2,2,2,4),(-1.02586415215153,-0.786242889263176,
-0.730110758463228,-0.643063950539857,-0.457273078455893,-0.321833521345415,
-0.197922920168939,-0.102077951319515,-2.13966905987847E-5),
 .UNSPECIFIED.);
#654=VERTEX_POINT('',#2446);
#655=VERTEX_POINT('',#2447);
#656=VERTEX_POINT('',#2461);
#657=VERTEX_POINT('',#2463);
#658=VERTEX_POINT('',#2557);
#659=VERTEX_POINT('',#2673);
#660=VERTEX_POINT('',#2778);
#661=VERTEX_POINT('',#2779);
#662=VERTEX_POINT('',#2808);
#663=VERTEX_POINT('',#2810);
#664=VERTEX_POINT('',#2889);
#665=VERTEX_POINT('',#2909);
#666=VERTEX_POINT('',#3042);
#667=VERTEX_POINT('',#3043);
#668=VERTEX_POINT('',#3045);
#669=VERTEX_POINT('',#3052);
#670=VERTEX_POINT('',#3054);
#671=VERTEX_POINT('',#3061);
#672=VERTEX_POINT('',#3068);
#673=VERTEX_POINT('',#3070);
#674=VERTEX_POINT('',#3074);
#675=VERTEX_POINT('',#3076);
#676=VERTEX_POINT('',#3080);
#677=VERTEX_POINT('',#3082);
#678=VERTEX_POINT('',#3086);
#679=VERTEX_POINT('',#3088);
#680=VERTEX_POINT('',#3092);
#681=VERTEX_POINT('',#3094);
#682=VERTEX_POINT('',#3096);
#683=VERTEX_POINT('',#3098);
#684=VERTEX_POINT('',#3105);
#685=VERTEX_POINT('',#3107);
#686=VERTEX_POINT('',#3114);
#687=VERTEX_POINT('',#3116);
#688=VERTEX_POINT('',#3123);
#689=VERTEX_POINT('',#3125);
#690=VERTEX_POINT('',#3133);
#691=VERTEX_POINT('',#3135);
#692=VERTEX_POINT('',#3143);
#693=VERTEX_POINT('',#3145);
#694=VERTEX_POINT('',#3155);
#695=VERTEX_POINT('',#3156);
#696=VERTEX_POINT('',#3161);
#697=VERTEX_POINT('',#3163);
#698=VERTEX_POINT('',#3165);
#699=VERTEX_POINT('',#3167);
#700=VERTEX_POINT('',#3173);
#701=VERTEX_POINT('',#3174);
#702=VERTEX_POINT('',#3185);
#703=VERTEX_POINT('',#3187);
#704=VERTEX_POINT('',#3194);
#705=VERTEX_POINT('',#3201);
#706=VERTEX_POINT('',#3205);
#707=VERTEX_POINT('',#3207);
#708=VERTEX_POINT('',#3211);
#709=VERTEX_POINT('',#3223);
#710=VERTEX_POINT('',#3228);
#711=VERTEX_POINT('',#3230);
#712=VERTEX_POINT('',#3235);
#713=VERTEX_POINT('',#3237);
#714=VERTEX_POINT('',#3239);
#715=VERTEX_POINT('',#3241);
#716=VERTEX_POINT('',#3249);
#717=VERTEX_POINT('',#3251);
#718=VERTEX_POINT('',#3261);
#719=VERTEX_POINT('',#3263);
#720=VERTEX_POINT('',#3265);
#721=VERTEX_POINT('',#3270);
#722=VERTEX_POINT('',#3274);
#723=VERTEX_POINT('',#3276);
#724=VERTEX_POINT('',#3296);
#725=VERTEX_POINT('',#3298);
#726=VERTEX_POINT('',#3300);
#727=VERTEX_POINT('',#3302);
#728=VERTEX_POINT('',#3310);
#729=VERTEX_POINT('',#3312);
#730=VERTEX_POINT('',#3320);
#731=VERTEX_POINT('',#3322);
#732=VERTEX_POINT('',#3330);
#733=VERTEX_POINT('',#3332);
#734=VERTEX_POINT('',#3340);
#735=VERTEX_POINT('',#3342);
#736=VERTEX_POINT('',#3349);
#737=VERTEX_POINT('',#3351);
#738=VERTEX_POINT('',#3359);
#739=VERTEX_POINT('',#3361);
#740=VERTEX_POINT('',#3369);
#741=VERTEX_POINT('',#3371);
#742=VERTEX_POINT('',#3381);
#743=VERTEX_POINT('',#3382);
#744=VERTEX_POINT('',#3384);
#745=VERTEX_POINT('',#3386);
#746=VERTEX_POINT('',#3393);
#747=VERTEX_POINT('',#3395);
#748=VERTEX_POINT('',#3399);
#749=VERTEX_POINT('',#3401);
#750=VERTEX_POINT('',#3405);
#751=VERTEX_POINT('',#3407);
#752=VERTEX_POINT('',#3411);
#753=VERTEX_POINT('',#3413);
#754=VERTEX_POINT('',#3417);
#755=VERTEX_POINT('',#3418);
#756=VERTEX_POINT('',#3423);
#757=VERTEX_POINT('',#3425);
#758=VERTEX_POINT('',#3437);
#759=VERTEX_POINT('',#3438);
#760=VERTEX_POINT('',#3440);
#761=VERTEX_POINT('',#3442);
#762=VERTEX_POINT('',#3463);
#763=VERTEX_POINT('',#3464);
#764=VERTEX_POINT('',#3469);
#765=VERTEX_POINT('',#3478);
#766=VERTEX_POINT('',#3485);
#767=VERTEX_POINT('',#3486);
#768=VERTEX_POINT('',#3488);
#769=VERTEX_POINT('',#3490);
#770=VERTEX_POINT('',#3512);
#771=VERTEX_POINT('',#3513);
#772=VERTEX_POINT('',#3515);
#773=VERTEX_POINT('',#3520);
#774=VERTEX_POINT('',#3609);
#775=VERTEX_POINT('',#3611);
#776=VERTEX_POINT('',#3615);
#777=VERTEX_POINT('',#3616);
#778=VERTEX_POINT('',#3633);
#779=VERTEX_POINT('',#3660);
#780=VERTEX_POINT('',#3700);
#781=VERTEX_POINT('',#3701);
#782=VERTEX_POINT('',#3703);
#783=VERTEX_POINT('',#3705);
#784=VERTEX_POINT('',#3707);
#785=VERTEX_POINT('',#3709);
#786=VERTEX_POINT('',#3718);
#787=VERTEX_POINT('',#3720);
#788=VERTEX_POINT('',#3725);
#789=VERTEX_POINT('',#3832);
#790=VERTEX_POINT('',#3834);
#791=VERTEX_POINT('',#3838);
#792=VERTEX_POINT('',#3839);
#793=VERTEX_POINT('',#3844);
#794=VERTEX_POINT('',#3846);
#795=VERTEX_POINT('',#3848);
#796=VERTEX_POINT('',#3850);
#797=VERTEX_POINT('',#3882);
#798=VERTEX_POINT('',#3886);
#799=VERTEX_POINT('',#3903);
#800=VERTEX_POINT('',#3923);
#801=VERTEX_POINT('',#3942);
#802=VERTEX_POINT('',#3957);
#803=VERTEX_POINT('',#3966);
#804=VERTEX_POINT('',#3967);
#805=VERTEX_POINT('',#3974);
#806=VERTEX_POINT('',#3979);
#807=VERTEX_POINT('',#3986);
#808=VERTEX_POINT('',#3993);
#809=VERTEX_POINT('',#4003);
#810=VERTEX_POINT('',#4004);
#811=VERTEX_POINT('',#4006);
#812=VERTEX_POINT('',#4008);
#813=VERTEX_POINT('',#4012);
#814=VERTEX_POINT('',#4013);
#815=VERTEX_POINT('',#4015);
#816=VERTEX_POINT('',#4017);
#817=VERTEX_POINT('',#4022);
#818=VERTEX_POINT('',#4024);
#819=VERTEX_POINT('',#4028);
#820=VERTEX_POINT('',#4030);
#821=VERTEX_POINT('',#4055);
#822=VERTEX_POINT('',#4070);
#823=VERTEX_POINT('',#4082);
#824=VERTEX_POINT('',#4261);
#825=EDGE_CURVE('',#654,#655,#559,.T.);
#826=EDGE_CURVE('',#654,#656,#431,.T.);
#827=EDGE_CURVE('',#656,#657,#560,.T.);
#828=EDGE_CURVE('',#655,#657,#432,.T.);
#829=EDGE_CURVE('',#655,#658,#561,.T.);
#830=EDGE_CURVE('',#657,#659,#562,.T.);
#831=EDGE_CURVE('',#658,#659,#433,.T.);
#832=EDGE_CURVE('',#660,#661,#563,.T.);
#833=EDGE_CURVE('',#660,#662,#434,.T.);
#834=EDGE_CURVE('',#662,#663,#564,.T.);
#835=EDGE_CURVE('',#661,#663,#435,.T.);
#836=EDGE_CURVE('',#661,#664,#565,.T.);
#837=EDGE_CURVE('',#663,#665,#566,.T.);
#838=EDGE_CURVE('',#664,#665,#436,.T.);
#839=EDGE_CURVE('',#666,#667,#437,.T.);
#840=EDGE_CURVE('',#668,#666,#438,.T.);
#841=EDGE_CURVE('',#667,#668,#567,.T.);
#842=EDGE_CURVE('',#668,#669,#439,.T.);
#843=EDGE_CURVE('',#670,#666,#568,.T.);
#844=EDGE_CURVE('',#669,#670,#440,.T.);
#845=EDGE_CURVE('',#669,#671,#569,.T.);
#846=EDGE_CURVE('',#671,#670,#441,.T.);
#847=EDGE_CURVE('',#672,#672,#67,.T.);
#848=EDGE_CURVE('',#672,#673,#442,.T.);
#849=EDGE_CURVE('',#673,#673,#68,.T.);
#850=EDGE_CURVE('',#674,#674,#69,.T.);
#851=EDGE_CURVE('',#674,#675,#443,.T.);
#852=EDGE_CURVE('',#675,#675,#70,.T.);
#853=EDGE_CURVE('',#676,#676,#71,.T.);
#854=EDGE_CURVE('',#676,#677,#444,.T.);
#855=EDGE_CURVE('',#677,#677,#72,.T.);
#856=EDGE_CURVE('',#678,#678,#73,.T.);
#857=EDGE_CURVE('',#678,#679,#445,.T.);
#858=EDGE_CURVE('',#679,#679,#74,.T.);
#859=EDGE_CURVE('',#680,#680,#75,.T.);
#860=EDGE_CURVE('',#680,#681,#446,.T.);
#861=EDGE_CURVE('',#682,#681,#76,.T.);
#862=EDGE_CURVE('',#683,#682,#570,.T.);
#863=EDGE_CURVE('',#684,#683,#77,.T.);
#864=EDGE_CURVE('',#685,#684,#571,.T.);
#865=EDGE_CURVE('',#686,#685,#78,.T.);
#866=EDGE_CURVE('',#687,#686,#572,.T.);
#867=EDGE_CURVE('',#688,#687,#79,.T.);
#868=EDGE_CURVE('',#689,#688,#573,.T.);
#869=EDGE_CURVE('',#690,#689,#80,.T.);
#870=EDGE_CURVE('',#690,#691,#574,.T.);
#871=EDGE_CURVE('',#692,#691,#81,.T.);
#872=EDGE_CURVE('',#692,#693,#575,.T.);
#873=EDGE_CURVE('',#681,#693,#82,.T.);
#874=EDGE_CURVE('',#694,#695,#576,.T.);
#875=EDGE_CURVE('',#696,#694,#83,.T.);
#876=EDGE_CURVE('',#697,#696,#447,.T.);
#877=EDGE_CURVE('',#698,#697,#84,.T.);
#878=EDGE_CURVE('',#699,#698,#62,.T.);
#879=EDGE_CURVE('',#695,#699,#85,.T.);
#880=EDGE_CURVE('',#700,#701,#577,.T.);
#881=EDGE_CURVE('',#702,#700,#86,.T.);
#882=EDGE_CURVE('',#703,#702,#578,.T.);
#883=EDGE_CURVE('',#704,#703,#579,.T.);
#884=EDGE_CURVE('',#705,#704,#63,.T.);
#885=EDGE_CURVE('',#706,#705,#87,.T.);
#886=EDGE_CURVE('',#707,#706,#64,.T.);
#887=EDGE_CURVE('',#708,#707,#580,.T.);
#888=EDGE_CURVE('',#709,#708,#581,.T.);
#889=EDGE_CURVE('',#710,#709,#88,.T.);
#890=EDGE_CURVE('',#711,#710,#582,.T.);
#891=EDGE_CURVE('',#712,#711,#89,.T.);
#892=EDGE_CURVE('',#713,#712,#448,.T.);
#893=EDGE_CURVE('',#714,#713,#90,.T.);
#894=EDGE_CURVE('',#715,#714,#583,.T.);
#895=EDGE_CURVE('',#716,#715,#91,.T.);
#896=EDGE_CURVE('',#717,#716,#584,.T.);
#897=EDGE_CURVE('',#701,#717,#92,.T.);
#898=EDGE_CURVE('',#718,#718,#93,.T.);
#899=EDGE_CURVE('',#718,#719,#449,.T.);
#900=EDGE_CURVE('',#720,#719,#585,.T.);
#901=EDGE_CURVE('',#721,#720,#65,.T.);
#902=EDGE_CURVE('',#722,#721,#94,.T.);
#903=EDGE_CURVE('',#723,#722,#66,.T.);
#904=EDGE_CURVE('',#658,#723,#586,.T.);
#905=EDGE_CURVE('',#656,#659,#95,.T.);
#906=EDGE_CURVE('',#662,#654,#96,.T.);
#907=EDGE_CURVE('',#664,#660,#97,.T.);
#908=EDGE_CURVE('',#719,#665,#587,.T.);
#909=EDGE_CURVE('',#724,#724,#98,.T.);
#910=EDGE_CURVE('',#724,#725,#450,.T.);
#911=EDGE_CURVE('',#726,#725,#99,.T.);
#912=EDGE_CURVE('',#726,#727,#588,.T.);
#913=EDGE_CURVE('',#728,#727,#100,.T.);
#914=EDGE_CURVE('',#728,#729,#589,.T.);
#915=EDGE_CURVE('',#730,#729,#101,.T.);
#916=EDGE_CURVE('',#730,#731,#590,.T.);
#917=EDGE_CURVE('',#732,#731,#102,.T.);
#918=EDGE_CURVE('',#732,#733,#591,.T.);
#919=EDGE_CURVE('',#734,#733,#103,.T.);
#920=EDGE_CURVE('',#735,#734,#592,.T.);
#921=EDGE_CURVE('',#736,#735,#104,.T.);
#922=EDGE_CURVE('',#737,#736,#593,.T.);
#923=EDGE_CURVE('',#738,#737,#105,.T.);
#924=EDGE_CURVE('',#739,#738,#594,.T.);
#925=EDGE_CURVE('',#740,#739,#106,.T.);
#926=EDGE_CURVE('',#741,#740,#595,.T.);
#927=EDGE_CURVE('',#725,#741,#107,.T.);
#928=EDGE_CURVE('',#742,#743,#108,.T.);
#929=EDGE_CURVE('',#744,#742,#451,.T.);
#930=EDGE_CURVE('',#745,#744,#109,.T.);
#931=EDGE_CURVE('',#743,#745,#596,.T.);
#932=EDGE_CURVE('',#746,#746,#110,.T.);
#933=EDGE_CURVE('',#746,#747,#452,.T.);
#934=EDGE_CURVE('',#747,#747,#111,.T.);
#935=EDGE_CURVE('',#748,#748,#112,.T.);
#936=EDGE_CURVE('',#748,#749,#453,.T.);
#937=EDGE_CURVE('',#749,#749,#113,.T.);
#938=EDGE_CURVE('',#750,#750,#114,.T.);
#939=EDGE_CURVE('',#750,#751,#454,.T.);
#940=EDGE_CURVE('',#751,#751,#115,.T.);
#941=EDGE_CURVE('',#752,#752,#116,.T.);
#942=EDGE_CURVE('',#752,#753,#455,.T.);
#943=EDGE_CURVE('',#753,#753,#117,.T.);
#944=EDGE_CURVE('',#754,#755,#597,.T.);
#945=EDGE_CURVE('',#756,#754,#118,.T.);
#946=EDGE_CURVE('',#757,#756,#598,.T.);
#947=EDGE_CURVE('',#755,#757,#599,.T.);
#948=EDGE_CURVE('',#758,#759,#119,.T.);
#949=EDGE_CURVE('',#760,#758,#456,.T.);
#950=EDGE_CURVE('',#761,#760,#600,.T.);
#951=EDGE_CURVE('',#759,#761,#601,.T.);
#952=EDGE_CURVE('',#762,#763,#602,.T.);
#953=EDGE_CURVE('',#764,#762,#603,.T.);
#954=EDGE_CURVE('',#765,#764,#604,.T.);
#955=EDGE_CURVE('',#763,#765,#120,.T.);
#956=EDGE_CURVE('',#766,#767,#457,.T.);
#957=EDGE_CURVE('',#768,#766,#121,.T.);
#958=EDGE_CURVE('',#769,#768,#605,.T.);
#959=EDGE_CURVE('',#767,#769,#606,.T.);
#960=EDGE_CURVE('',#770,#771,#122,.T.);
#961=EDGE_CURVE('',#772,#770,#607,.T.);
#962=EDGE_CURVE('',#773,#772,#608,.T.);
#963=EDGE_CURVE('',#774,#773,#123,.T.);
#964=EDGE_CURVE('',#775,#774,#124,.T.);
#965=EDGE_CURVE('',#771,#775,#125,.T.);
#966=EDGE_CURVE('',#776,#777,#609,.T.);
#967=EDGE_CURVE('',#755,#776,#610,.T.);
#968=EDGE_CURVE('',#761,#757,#611,.T.);
#969=EDGE_CURVE('',#778,#760,#612,.T.);
#970=EDGE_CURVE('',#708,#778,#613,.T.);
#971=EDGE_CURVE('',#698,#707,#614,.T.);
#972=EDGE_CURVE('',#779,#697,#126,.T.);
#973=EDGE_CURVE('',#777,#779,#615,.T.);
#974=EDGE_CURVE('',#780,#781,#127,.T.);
#975=EDGE_CURVE('',#782,#780,#128,.T.);
#976=EDGE_CURVE('',#783,#782,#129,.T.);
#977=EDGE_CURVE('',#784,#783,#130,.T.);
#978=EDGE_CURVE('',#785,#784,#616,.T.);
#979=EDGE_CURVE('',#781,#785,#131,.T.);
#980=EDGE_CURVE('',#786,#671,#132,.T.);
#981=EDGE_CURVE('',#787,#786,#617,.T.);
#982=EDGE_CURVE('',#788,#787,#618,.T.);
#983=EDGE_CURVE('',#789,#788,#133,.T.);
#984=EDGE_CURVE('',#790,#789,#134,.T.);
#985=EDGE_CURVE('',#669,#790,#135,.T.);
#986=EDGE_CURVE('',#791,#792,#136,.T.);
#987=EDGE_CURVE('',#742,#791,#137,.T.);
#988=EDGE_CURVE('',#792,#743,#138,.T.);
#989=EDGE_CURVE('',#793,#668,#139,.T.);
#990=EDGE_CURVE('',#794,#793,#140,.T.);
#991=EDGE_CURVE('',#795,#794,#141,.T.);
#992=EDGE_CURVE('',#796,#795,#619,.T.);
#993=EDGE_CURVE('',#797,#796,#142,.T.);
#994=EDGE_CURVE('',#667,#797,#143,.T.);
#995=EDGE_CURVE('',#798,#783,#458,.T.);
#996=EDGE_CURVE('',#784,#798,#620,.T.);
#997=EDGE_CURVE('',#799,#787,#621,.T.);
#998=EDGE_CURVE('',#788,#799,#622,.T.);
#999=EDGE_CURVE('',#800,#795,#459,.T.);
#1000=EDGE_CURVE('',#797,#800,#623,.T.);
#1001=EDGE_CURVE('',#801,#772,#624,.T.);
#1002=EDGE_CURVE('',#773,#801,#460,.T.);
#1003=EDGE_CURVE('',#778,#802,#625,.T.);
#1004=EDGE_CURVE('',#802,#758,#144,.T.);
#1005=EDGE_CURVE('',#759,#756,#38,.T.);
#1006=EDGE_CURVE('',#803,#804,#626,.T.);
#1007=EDGE_CURVE('',#805,#803,#627,.T.);
#1008=EDGE_CURVE('',#806,#805,#39,.T.);
#1009=EDGE_CURVE('',#806,#804,#628,.T.);
#1010=EDGE_CURVE('',#807,#803,#629,.T.);
#1011=EDGE_CURVE('',#807,#808,#630,.T.);
#1012=EDGE_CURVE('',#805,#808,#145,.T.);
#1013=EDGE_CURVE('',#809,#810,#40,.T.);
#1014=EDGE_CURVE('',#811,#809,#461,.T.);
#1015=EDGE_CURVE('',#812,#811,#41,.T.);
#1016=EDGE_CURVE('',#810,#812,#462,.T.);
#1017=EDGE_CURVE('',#813,#814,#463,.T.);
#1018=EDGE_CURVE('',#815,#813,#42,.T.);
#1019=EDGE_CURVE('',#816,#815,#464,.T.);
#1020=EDGE_CURVE('',#814,#816,#43,.T.);
#1021=EDGE_CURVE('',#797,#770,#465,.T.);
#1022=EDGE_CURVE('',#817,#800,#44,.T.);
#1023=EDGE_CURVE('',#818,#817,#466,.T.);
#1024=EDGE_CURVE('',#801,#818,#45,.T.);
#1025=EDGE_CURVE('',#819,#798,#46,.T.);
#1026=EDGE_CURVE('',#820,#819,#467,.T.);
#1027=EDGE_CURVE('',#799,#820,#47,.T.);
#1028=EDGE_CURVE('',#785,#786,#468,.T.);
#1029=EDGE_CURVE('',#771,#781,#469,.T.);
#1030=EDGE_CURVE('',#780,#775,#470,.T.);
#1031=EDGE_CURVE('',#655,#782,#471,.T.);
#1032=EDGE_CURVE('',#767,#723,#48,.T.);
#1033=EDGE_CURVE('',#764,#769,#631,.T.);
#1034=EDGE_CURVE('',#720,#762,#49,.T.);
#1035=EDGE_CURVE('',#779,#663,#632,.T.);
#1036=EDGE_CURVE('',#783,#697,#472,.T.);
#1037=EDGE_CURVE('',#821,#773,#473,.T.);
#1038=EDGE_CURVE('',#704,#821,#50,.T.);
#1039=EDGE_CURVE('',#703,#807,#633,.T.);
#1040=EDGE_CURVE('',#804,#822,#634,.T.);
#1041=EDGE_CURVE('',#774,#822,#474,.T.);
#1042=EDGE_CURVE('',#711,#712,#51,.T.);
#1043=EDGE_CURVE('',#823,#710,#52,.T.);
#1044=EDGE_CURVE('',#776,#823,#53,.T.);
#1045=EDGE_CURVE('',#713,#777,#54,.T.);
#1046=EDGE_CURVE('',#792,#794,#475,.T.);
#1047=EDGE_CURVE('',#795,#743,#476,.T.);
#1048=EDGE_CURVE('',#742,#788,#477,.T.);
#1049=EDGE_CURVE('',#789,#791,#478,.T.);
#1050=EDGE_CURVE('',#793,#790,#479,.T.);
#1051=EDGE_CURVE('',#765,#768,#146,.T.);
#1052=EDGE_CURVE('',#813,#817,#480,.T.);
#1053=EDGE_CURVE('',#818,#814,#481,.T.);
#1054=EDGE_CURVE('',#810,#819,#482,.T.);
#1055=EDGE_CURVE('',#820,#812,#483,.T.);
#1056=EDGE_CURVE('',#691,#692,#635,.T.);
#1057=EDGE_CURVE('',#683,#684,#636,.T.);
#1058=EDGE_CURVE('',#731,#732,#637,.T.);
#1059=EDGE_CURVE('',#727,#728,#638,.T.);
#1060=EDGE_CURVE('',#694,#816,#484,.T.);
#1061=EDGE_CURVE('',#824,#695,#485,.T.);
#1062=EDGE_CURVE('',#821,#824,#486,.T.);
#1063=EDGE_CURVE('',#815,#745,#487,.T.);
#1064=EDGE_CURVE('',#739,#740,#639,.T.);
#1065=EDGE_CURVE('',#822,#701,#640,.T.);
#1066=EDGE_CURVE('',#717,#714,#641,.T.);
#1067=EDGE_CURVE('',#685,#682,#642,.T.);
#1068=EDGE_CURVE('',#693,#690,#643,.T.);
#1069=EDGE_CURVE('',#689,#686,#644,.T.);
#1070=EDGE_CURVE('',#733,#730,#645,.T.);
#1071=EDGE_CURVE('',#729,#726,#646,.T.);
#1072=EDGE_CURVE('',#741,#738,#647,.T.);
#1073=EDGE_CURVE('',#737,#734,#648,.T.);
#1074=EDGE_CURVE('',#744,#811,#488,.T.);
#1075=EDGE_CURVE('',#809,#696,#489,.T.);
#1076=EDGE_CURVE('',#687,#688,#649,.T.);
#1077=EDGE_CURVE('',#735,#736,#650,.T.);
#1078=EDGE_CURVE('',#715,#716,#651,.T.);
#1079=EDGE_CURVE('',#802,#709,#55,.T.);
#1080=EDGE_CURVE('',#823,#754,#490,.T.);
#1081=EDGE_CURVE('',#824,#705,#491,.T.);
#1082=EDGE_CURVE('',#706,#699,#492,.T.);
#1083=EDGE_CURVE('',#808,#702,#652,.T.);
#1084=EDGE_CURVE('',#700,#806,#653,.T.);
#1085=EDGE_CURVE('',#763,#721,#493,.T.);
#1086=EDGE_CURVE('',#722,#766,#494,.T.);
#1087=ORIENTED_EDGE('',*,*,#825,.F.);
#1088=ORIENTED_EDGE('',*,*,#826,.T.);
#1089=ORIENTED_EDGE('',*,*,#827,.T.);
#1090=ORIENTED_EDGE('',*,*,#828,.F.);
#1091=ORIENTED_EDGE('',*,*,#829,.F.);
#1092=ORIENTED_EDGE('',*,*,#828,.T.);
#1093=ORIENTED_EDGE('',*,*,#830,.T.);
#1094=ORIENTED_EDGE('',*,*,#831,.F.);
#1095=ORIENTED_EDGE('',*,*,#832,.F.);
#1096=ORIENTED_EDGE('',*,*,#833,.T.);
#1097=ORIENTED_EDGE('',*,*,#834,.T.);
#1098=ORIENTED_EDGE('',*,*,#835,.F.);
#1099=ORIENTED_EDGE('',*,*,#836,.F.);
#1100=ORIENTED_EDGE('',*,*,#835,.T.);
#1101=ORIENTED_EDGE('',*,*,#837,.T.);
#1102=ORIENTED_EDGE('',*,*,#838,.F.);
#1103=ORIENTED_EDGE('',*,*,#839,.F.);
#1104=ORIENTED_EDGE('',*,*,#840,.F.);
#1105=ORIENTED_EDGE('',*,*,#841,.F.);
#1106=ORIENTED_EDGE('',*,*,#842,.F.);
#1107=ORIENTED_EDGE('',*,*,#840,.T.);
#1108=ORIENTED_EDGE('',*,*,#843,.F.);
#1109=ORIENTED_EDGE('',*,*,#844,.F.);
#1110=ORIENTED_EDGE('',*,*,#845,.F.);
#1111=ORIENTED_EDGE('',*,*,#844,.T.);
#1112=ORIENTED_EDGE('',*,*,#846,.F.);
#1113=ORIENTED_EDGE('',*,*,#847,.F.);
#1114=ORIENTED_EDGE('',*,*,#848,.T.);
#1115=ORIENTED_EDGE('',*,*,#849,.F.);
#1116=ORIENTED_EDGE('',*,*,#848,.F.);
#1117=ORIENTED_EDGE('',*,*,#850,.F.);
#1118=ORIENTED_EDGE('',*,*,#851,.T.);
#1119=ORIENTED_EDGE('',*,*,#852,.F.);
#1120=ORIENTED_EDGE('',*,*,#851,.F.);
#1121=ORIENTED_EDGE('',*,*,#853,.F.);
#1122=ORIENTED_EDGE('',*,*,#854,.T.);
#1123=ORIENTED_EDGE('',*,*,#855,.F.);
#1124=ORIENTED_EDGE('',*,*,#854,.F.);
#1125=ORIENTED_EDGE('',*,*,#856,.F.);
#1126=ORIENTED_EDGE('',*,*,#857,.T.);
#1127=ORIENTED_EDGE('',*,*,#858,.F.);
#1128=ORIENTED_EDGE('',*,*,#857,.F.);
#1129=ORIENTED_EDGE('',*,*,#859,.F.);
#1130=ORIENTED_EDGE('',*,*,#860,.T.);
#1131=ORIENTED_EDGE('',*,*,#861,.F.);
#1132=ORIENTED_EDGE('',*,*,#862,.F.);
#1133=ORIENTED_EDGE('',*,*,#863,.F.);
#1134=ORIENTED_EDGE('',*,*,#864,.F.);
#1135=ORIENTED_EDGE('',*,*,#865,.F.);
#1136=ORIENTED_EDGE('',*,*,#866,.F.);
#1137=ORIENTED_EDGE('',*,*,#867,.F.);
#1138=ORIENTED_EDGE('',*,*,#868,.F.);
#1139=ORIENTED_EDGE('',*,*,#869,.F.);
#1140=ORIENTED_EDGE('',*,*,#870,.T.);
#1141=ORIENTED_EDGE('',*,*,#871,.F.);
#1142=ORIENTED_EDGE('',*,*,#872,.T.);
#1143=ORIENTED_EDGE('',*,*,#873,.F.);
#1144=ORIENTED_EDGE('',*,*,#860,.F.);
#1145=ORIENTED_EDGE('',*,*,#874,.F.);
#1146=ORIENTED_EDGE('',*,*,#875,.F.);
#1147=ORIENTED_EDGE('',*,*,#876,.F.);
#1148=ORIENTED_EDGE('',*,*,#877,.F.);
#1149=ORIENTED_EDGE('',*,*,#878,.F.);
#1150=ORIENTED_EDGE('',*,*,#879,.F.);
#1151=ORIENTED_EDGE('',*,*,#880,.F.);
#1152=ORIENTED_EDGE('',*,*,#881,.F.);
#1153=ORIENTED_EDGE('',*,*,#882,.F.);
#1154=ORIENTED_EDGE('',*,*,#883,.F.);
#1155=ORIENTED_EDGE('',*,*,#884,.F.);
#1156=ORIENTED_EDGE('',*,*,#885,.F.);
#1157=ORIENTED_EDGE('',*,*,#886,.F.);
#1158=ORIENTED_EDGE('',*,*,#887,.F.);
#1159=ORIENTED_EDGE('',*,*,#888,.F.);
#1160=ORIENTED_EDGE('',*,*,#889,.F.);
#1161=ORIENTED_EDGE('',*,*,#890,.F.);
#1162=ORIENTED_EDGE('',*,*,#891,.F.);
#1163=ORIENTED_EDGE('',*,*,#892,.F.);
#1164=ORIENTED_EDGE('',*,*,#893,.F.);
#1165=ORIENTED_EDGE('',*,*,#894,.F.);
#1166=ORIENTED_EDGE('',*,*,#895,.F.);
#1167=ORIENTED_EDGE('',*,*,#896,.F.);
#1168=ORIENTED_EDGE('',*,*,#897,.F.);
#1169=ORIENTED_EDGE('',*,*,#898,.F.);
#1170=ORIENTED_EDGE('',*,*,#899,.T.);
#1171=ORIENTED_EDGE('',*,*,#900,.F.);
#1172=ORIENTED_EDGE('',*,*,#901,.F.);
#1173=ORIENTED_EDGE('',*,*,#902,.F.);
#1174=ORIENTED_EDGE('',*,*,#903,.F.);
#1175=ORIENTED_EDGE('',*,*,#904,.F.);
#1176=ORIENTED_EDGE('',*,*,#831,.T.);
#1177=ORIENTED_EDGE('',*,*,#905,.F.);
#1178=ORIENTED_EDGE('',*,*,#826,.F.);
#1179=ORIENTED_EDGE('',*,*,#906,.F.);
#1180=ORIENTED_EDGE('',*,*,#833,.F.);
#1181=ORIENTED_EDGE('',*,*,#907,.F.);
#1182=ORIENTED_EDGE('',*,*,#838,.T.);
#1183=ORIENTED_EDGE('',*,*,#908,.F.);
#1184=ORIENTED_EDGE('',*,*,#899,.F.);
#1185=ORIENTED_EDGE('',*,*,#909,.F.);
#1186=ORIENTED_EDGE('',*,*,#910,.T.);
#1187=ORIENTED_EDGE('',*,*,#911,.F.);
#1188=ORIENTED_EDGE('',*,*,#912,.T.);
#1189=ORIENTED_EDGE('',*,*,#913,.F.);
#1190=ORIENTED_EDGE('',*,*,#914,.T.);
#1191=ORIENTED_EDGE('',*,*,#915,.F.);
#1192=ORIENTED_EDGE('',*,*,#916,.T.);
#1193=ORIENTED_EDGE('',*,*,#917,.F.);
#1194=ORIENTED_EDGE('',*,*,#918,.T.);
#1195=ORIENTED_EDGE('',*,*,#919,.F.);
#1196=ORIENTED_EDGE('',*,*,#920,.F.);
#1197=ORIENTED_EDGE('',*,*,#921,.F.);
#1198=ORIENTED_EDGE('',*,*,#922,.F.);
#1199=ORIENTED_EDGE('',*,*,#923,.F.);
#1200=ORIENTED_EDGE('',*,*,#924,.F.);
#1201=ORIENTED_EDGE('',*,*,#925,.F.);
#1202=ORIENTED_EDGE('',*,*,#926,.F.);
#1203=ORIENTED_EDGE('',*,*,#927,.F.);
#1204=ORIENTED_EDGE('',*,*,#910,.F.);
#1205=ORIENTED_EDGE('',*,*,#928,.F.);
#1206=ORIENTED_EDGE('',*,*,#929,.F.);
#1207=ORIENTED_EDGE('',*,*,#930,.F.);
#1208=ORIENTED_EDGE('',*,*,#931,.F.);
#1209=ORIENTED_EDGE('',*,*,#932,.F.);
#1210=ORIENTED_EDGE('',*,*,#933,.T.);
#1211=ORIENTED_EDGE('',*,*,#934,.F.);
#1212=ORIENTED_EDGE('',*,*,#933,.F.);
#1213=ORIENTED_EDGE('',*,*,#935,.F.);
#1214=ORIENTED_EDGE('',*,*,#936,.T.);
#1215=ORIENTED_EDGE('',*,*,#937,.F.);
#1216=ORIENTED_EDGE('',*,*,#936,.F.);
#1217=ORIENTED_EDGE('',*,*,#938,.F.);
#1218=ORIENTED_EDGE('',*,*,#939,.T.);
#1219=ORIENTED_EDGE('',*,*,#940,.F.);
#1220=ORIENTED_EDGE('',*,*,#939,.F.);
#1221=ORIENTED_EDGE('',*,*,#941,.F.);
#1222=ORIENTED_EDGE('',*,*,#942,.T.);
#1223=ORIENTED_EDGE('',*,*,#943,.F.);
#1224=ORIENTED_EDGE('',*,*,#942,.F.);
#1225=ORIENTED_EDGE('',*,*,#944,.F.);
#1226=ORIENTED_EDGE('',*,*,#945,.F.);
#1227=ORIENTED_EDGE('',*,*,#946,.F.);
#1228=ORIENTED_EDGE('',*,*,#947,.F.);
#1229=ORIENTED_EDGE('',*,*,#948,.F.);
#1230=ORIENTED_EDGE('',*,*,#949,.F.);
#1231=ORIENTED_EDGE('',*,*,#950,.F.);
#1232=ORIENTED_EDGE('',*,*,#951,.F.);
#1233=ORIENTED_EDGE('',*,*,#952,.F.);
#1234=ORIENTED_EDGE('',*,*,#953,.F.);
#1235=ORIENTED_EDGE('',*,*,#954,.F.);
#1236=ORIENTED_EDGE('',*,*,#955,.F.);
#1237=ORIENTED_EDGE('',*,*,#956,.F.);
#1238=ORIENTED_EDGE('',*,*,#957,.F.);
#1239=ORIENTED_EDGE('',*,*,#958,.F.);
#1240=ORIENTED_EDGE('',*,*,#959,.F.);
#1241=ORIENTED_EDGE('',*,*,#960,.F.);
#1242=ORIENTED_EDGE('',*,*,#961,.F.);
#1243=ORIENTED_EDGE('',*,*,#962,.F.);
#1244=ORIENTED_EDGE('',*,*,#963,.F.);
#1245=ORIENTED_EDGE('',*,*,#964,.F.);
#1246=ORIENTED_EDGE('',*,*,#965,.F.);
#1247=ORIENTED_EDGE('',*,*,#966,.F.);
#1248=ORIENTED_EDGE('',*,*,#967,.F.);
#1249=ORIENTED_EDGE('',*,*,#947,.T.);
#1250=ORIENTED_EDGE('',*,*,#968,.F.);
#1251=ORIENTED_EDGE('',*,*,#950,.T.);
#1252=ORIENTED_EDGE('',*,*,#969,.F.);
#1253=ORIENTED_EDGE('',*,*,#970,.F.);
#1254=ORIENTED_EDGE('',*,*,#887,.T.);
#1255=ORIENTED_EDGE('',*,*,#971,.F.);
#1256=ORIENTED_EDGE('',*,*,#877,.T.);
#1257=ORIENTED_EDGE('',*,*,#972,.F.);
#1258=ORIENTED_EDGE('',*,*,#973,.F.);
#1259=ORIENTED_EDGE('',*,*,#974,.F.);
#1260=ORIENTED_EDGE('',*,*,#975,.F.);
#1261=ORIENTED_EDGE('',*,*,#976,.F.);
#1262=ORIENTED_EDGE('',*,*,#977,.F.);
#1263=ORIENTED_EDGE('',*,*,#978,.F.);
#1264=ORIENTED_EDGE('',*,*,#979,.F.);
#1265=ORIENTED_EDGE('',*,*,#980,.F.);
#1266=ORIENTED_EDGE('',*,*,#981,.F.);
#1267=ORIENTED_EDGE('',*,*,#982,.F.);
#1268=ORIENTED_EDGE('',*,*,#983,.F.);
#1269=ORIENTED_EDGE('',*,*,#984,.F.);
#1270=ORIENTED_EDGE('',*,*,#985,.F.);
#1271=ORIENTED_EDGE('',*,*,#845,.T.);
#1272=ORIENTED_EDGE('',*,*,#986,.F.);
#1273=ORIENTED_EDGE('',*,*,#987,.F.);
#1274=ORIENTED_EDGE('',*,*,#928,.T.);
#1275=ORIENTED_EDGE('',*,*,#988,.F.);
#1276=ORIENTED_EDGE('',*,*,#841,.T.);
#1277=ORIENTED_EDGE('',*,*,#989,.F.);
#1278=ORIENTED_EDGE('',*,*,#990,.F.);
#1279=ORIENTED_EDGE('',*,*,#991,.F.);
#1280=ORIENTED_EDGE('',*,*,#992,.F.);
#1281=ORIENTED_EDGE('',*,*,#993,.F.);
#1282=ORIENTED_EDGE('',*,*,#994,.F.);
#1283=ORIENTED_EDGE('',*,*,#977,.T.);
#1284=ORIENTED_EDGE('',*,*,#995,.F.);
#1285=ORIENTED_EDGE('',*,*,#996,.F.);
#1286=ORIENTED_EDGE('',*,*,#997,.F.);
#1287=ORIENTED_EDGE('',*,*,#998,.F.);
#1288=ORIENTED_EDGE('',*,*,#982,.T.);
#1289=ORIENTED_EDGE('',*,*,#992,.T.);
#1290=ORIENTED_EDGE('',*,*,#999,.F.);
#1291=ORIENTED_EDGE('',*,*,#1000,.F.);
#1292=ORIENTED_EDGE('',*,*,#993,.T.);
#1293=ORIENTED_EDGE('',*,*,#1001,.F.);
#1294=ORIENTED_EDGE('',*,*,#1002,.F.);
#1295=ORIENTED_EDGE('',*,*,#962,.T.);
#1296=ORIENTED_EDGE('',*,*,#1003,.F.);
#1297=ORIENTED_EDGE('',*,*,#969,.T.);
#1298=ORIENTED_EDGE('',*,*,#949,.T.);
#1299=ORIENTED_EDGE('',*,*,#1004,.F.);
#1300=ORIENTED_EDGE('',*,*,#946,.T.);
#1301=ORIENTED_EDGE('',*,*,#1005,.F.);
#1302=ORIENTED_EDGE('',*,*,#951,.T.);
#1303=ORIENTED_EDGE('',*,*,#968,.T.);
#1304=ORIENTED_EDGE('',*,*,#1006,.F.);
#1305=ORIENTED_EDGE('',*,*,#1007,.F.);
#1306=ORIENTED_EDGE('',*,*,#1008,.F.);
#1307=ORIENTED_EDGE('',*,*,#1009,.T.);
#1308=ORIENTED_EDGE('',*,*,#1010,.F.);
#1309=ORIENTED_EDGE('',*,*,#1011,.T.);
#1310=ORIENTED_EDGE('',*,*,#1012,.F.);
#1311=ORIENTED_EDGE('',*,*,#1007,.T.);
#1312=ORIENTED_EDGE('',*,*,#1013,.F.);
#1313=ORIENTED_EDGE('',*,*,#1014,.F.);
#1314=ORIENTED_EDGE('',*,*,#1015,.F.);
#1315=ORIENTED_EDGE('',*,*,#1016,.F.);
#1316=ORIENTED_EDGE('',*,*,#1017,.F.);
#1317=ORIENTED_EDGE('',*,*,#1018,.F.);
#1318=ORIENTED_EDGE('',*,*,#1019,.F.);
#1319=ORIENTED_EDGE('',*,*,#1020,.F.);
#1320=ORIENTED_EDGE('',*,*,#1021,.F.);
#1321=ORIENTED_EDGE('',*,*,#1000,.T.);
#1322=ORIENTED_EDGE('',*,*,#1022,.F.);
#1323=ORIENTED_EDGE('',*,*,#1023,.F.);
#1324=ORIENTED_EDGE('',*,*,#1024,.F.);
#1325=ORIENTED_EDGE('',*,*,#1001,.T.);
#1326=ORIENTED_EDGE('',*,*,#961,.T.);
#1327=ORIENTED_EDGE('',*,*,#978,.T.);
#1328=ORIENTED_EDGE('',*,*,#996,.T.);
#1329=ORIENTED_EDGE('',*,*,#1025,.F.);
#1330=ORIENTED_EDGE('',*,*,#1026,.F.);
#1331=ORIENTED_EDGE('',*,*,#1027,.F.);
#1332=ORIENTED_EDGE('',*,*,#997,.T.);
#1333=ORIENTED_EDGE('',*,*,#981,.T.);
#1334=ORIENTED_EDGE('',*,*,#1028,.F.);
#1335=ORIENTED_EDGE('',*,*,#1029,.F.);
#1336=ORIENTED_EDGE('',*,*,#965,.T.);
#1337=ORIENTED_EDGE('',*,*,#1030,.F.);
#1338=ORIENTED_EDGE('',*,*,#974,.T.);
#1339=ORIENTED_EDGE('',*,*,#1031,.F.);
#1340=ORIENTED_EDGE('',*,*,#829,.T.);
#1341=ORIENTED_EDGE('',*,*,#904,.T.);
#1342=ORIENTED_EDGE('',*,*,#1032,.F.);
#1343=ORIENTED_EDGE('',*,*,#959,.T.);
#1344=ORIENTED_EDGE('',*,*,#1033,.F.);
#1345=ORIENTED_EDGE('',*,*,#953,.T.);
#1346=ORIENTED_EDGE('',*,*,#1034,.F.);
#1347=ORIENTED_EDGE('',*,*,#900,.T.);
#1348=ORIENTED_EDGE('',*,*,#908,.T.);
#1349=ORIENTED_EDGE('',*,*,#837,.F.);
#1350=ORIENTED_EDGE('',*,*,#1035,.F.);
#1351=ORIENTED_EDGE('',*,*,#972,.T.);
#1352=ORIENTED_EDGE('',*,*,#1036,.F.);
#1353=ORIENTED_EDGE('',*,*,#976,.T.);
#1354=ORIENTED_EDGE('',*,*,#963,.T.);
#1355=ORIENTED_EDGE('',*,*,#1037,.F.);
#1356=ORIENTED_EDGE('',*,*,#1038,.F.);
#1357=ORIENTED_EDGE('',*,*,#883,.T.);
#1358=ORIENTED_EDGE('',*,*,#1039,.T.);
#1359=ORIENTED_EDGE('',*,*,#1010,.T.);
#1360=ORIENTED_EDGE('',*,*,#1006,.T.);
#1361=ORIENTED_EDGE('',*,*,#1040,.T.);
#1362=ORIENTED_EDGE('',*,*,#1041,.F.);
#1363=ORIENTED_EDGE('',*,*,#1042,.F.);
#1364=ORIENTED_EDGE('',*,*,#890,.T.);
#1365=ORIENTED_EDGE('',*,*,#1043,.F.);
#1366=ORIENTED_EDGE('',*,*,#1044,.F.);
#1367=ORIENTED_EDGE('',*,*,#966,.T.);
#1368=ORIENTED_EDGE('',*,*,#1045,.F.);
#1369=ORIENTED_EDGE('',*,*,#892,.T.);
#1370=ORIENTED_EDGE('',*,*,#1046,.F.);
#1371=ORIENTED_EDGE('',*,*,#988,.T.);
#1372=ORIENTED_EDGE('',*,*,#1047,.F.);
#1373=ORIENTED_EDGE('',*,*,#991,.T.);
#1374=ORIENTED_EDGE('',*,*,#983,.T.);
#1375=ORIENTED_EDGE('',*,*,#1048,.F.);
#1376=ORIENTED_EDGE('',*,*,#987,.T.);
#1377=ORIENTED_EDGE('',*,*,#1049,.F.);
#1378=ORIENTED_EDGE('',*,*,#985,.T.);
#1379=ORIENTED_EDGE('',*,*,#1050,.F.);
#1380=ORIENTED_EDGE('',*,*,#989,.T.);
#1381=ORIENTED_EDGE('',*,*,#842,.T.);
#1382=ORIENTED_EDGE('',*,*,#1051,.F.);
#1383=ORIENTED_EDGE('',*,*,#954,.T.);
#1384=ORIENTED_EDGE('',*,*,#1033,.T.);
#1385=ORIENTED_EDGE('',*,*,#958,.T.);
#1386=ORIENTED_EDGE('',*,*,#859,.T.);
#1387=ORIENTED_EDGE('',*,*,#909,.T.);
#1388=ORIENTED_EDGE('',*,*,#1042,.T.);
#1389=ORIENTED_EDGE('',*,*,#891,.T.);
#1390=ORIENTED_EDGE('',*,*,#898,.T.);
#1391=ORIENTED_EDGE('',*,*,#1023,.T.);
#1392=ORIENTED_EDGE('',*,*,#1052,.F.);
#1393=ORIENTED_EDGE('',*,*,#1017,.T.);
#1394=ORIENTED_EDGE('',*,*,#1053,.F.);
#1395=ORIENTED_EDGE('',*,*,#856,.T.);
#1396=ORIENTED_EDGE('',*,*,#940,.T.);
#1397=ORIENTED_EDGE('',*,*,#850,.T.);
#1398=ORIENTED_EDGE('',*,*,#943,.T.);
#1399=ORIENTED_EDGE('',*,*,#1054,.F.);
#1400=ORIENTED_EDGE('',*,*,#1016,.T.);
#1401=ORIENTED_EDGE('',*,*,#1055,.F.);
#1402=ORIENTED_EDGE('',*,*,#1026,.T.);
#1403=ORIENTED_EDGE('',*,*,#846,.T.);
#1404=ORIENTED_EDGE('',*,*,#843,.T.);
#1405=ORIENTED_EDGE('',*,*,#839,.T.);
#1406=ORIENTED_EDGE('',*,*,#994,.T.);
#1407=ORIENTED_EDGE('',*,*,#1021,.T.);
#1408=ORIENTED_EDGE('',*,*,#960,.T.);
#1409=ORIENTED_EDGE('',*,*,#1029,.T.);
#1410=ORIENTED_EDGE('',*,*,#979,.T.);
#1411=ORIENTED_EDGE('',*,*,#1028,.T.);
#1412=ORIENTED_EDGE('',*,*,#980,.T.);
#1413=ORIENTED_EDGE('',*,*,#847,.T.);
#1414=ORIENTED_EDGE('',*,*,#852,.T.);
#1415=ORIENTED_EDGE('',*,*,#1056,.T.);
#1416=ORIENTED_EDGE('',*,*,#871,.T.);
#1417=ORIENTED_EDGE('',*,*,#853,.T.);
#1418=ORIENTED_EDGE('',*,*,#858,.T.);
#1419=ORIENTED_EDGE('',*,*,#863,.T.);
#1420=ORIENTED_EDGE('',*,*,#1057,.T.);
#1421=ORIENTED_EDGE('',*,*,#917,.T.);
#1422=ORIENTED_EDGE('',*,*,#1058,.T.);
#1423=ORIENTED_EDGE('',*,*,#913,.T.);
#1424=ORIENTED_EDGE('',*,*,#1059,.T.);
#1425=ORIENTED_EDGE('',*,*,#1002,.T.);
#1426=ORIENTED_EDGE('',*,*,#1024,.T.);
#1427=ORIENTED_EDGE('',*,*,#1053,.T.);
#1428=ORIENTED_EDGE('',*,*,#1020,.T.);
#1429=ORIENTED_EDGE('',*,*,#1060,.F.);
#1430=ORIENTED_EDGE('',*,*,#874,.T.);
#1431=ORIENTED_EDGE('',*,*,#1061,.F.);
#1432=ORIENTED_EDGE('',*,*,#1062,.F.);
#1433=ORIENTED_EDGE('',*,*,#1037,.T.);
#1434=ORIENTED_EDGE('',*,*,#1047,.T.);
#1435=ORIENTED_EDGE('',*,*,#931,.T.);
#1436=ORIENTED_EDGE('',*,*,#1063,.F.);
#1437=ORIENTED_EDGE('',*,*,#1018,.T.);
#1438=ORIENTED_EDGE('',*,*,#1052,.T.);
#1439=ORIENTED_EDGE('',*,*,#1022,.T.);
#1440=ORIENTED_EDGE('',*,*,#999,.T.);
#1441=ORIENTED_EDGE('',*,*,#1064,.T.);
#1442=ORIENTED_EDGE('',*,*,#925,.T.);
#1443=ORIENTED_EDGE('',*,*,#1030,.T.);
#1444=ORIENTED_EDGE('',*,*,#964,.T.);
#1445=ORIENTED_EDGE('',*,*,#1041,.T.);
#1446=ORIENTED_EDGE('',*,*,#1065,.T.);
#1447=ORIENTED_EDGE('',*,*,#897,.T.);
#1448=ORIENTED_EDGE('',*,*,#1066,.T.);
#1449=ORIENTED_EDGE('',*,*,#893,.T.);
#1450=ORIENTED_EDGE('',*,*,#1045,.T.);
#1451=ORIENTED_EDGE('',*,*,#973,.T.);
#1452=ORIENTED_EDGE('',*,*,#1035,.T.);
#1453=ORIENTED_EDGE('',*,*,#834,.F.);
#1454=ORIENTED_EDGE('',*,*,#906,.T.);
#1455=ORIENTED_EDGE('',*,*,#825,.T.);
#1456=ORIENTED_EDGE('',*,*,#1031,.T.);
#1457=ORIENTED_EDGE('',*,*,#975,.T.);
#1458=ORIENTED_EDGE('',*,*,#855,.T.);
#1459=ORIENTED_EDGE('',*,*,#849,.T.);
#1460=ORIENTED_EDGE('',*,*,#865,.T.);
#1461=ORIENTED_EDGE('',*,*,#1067,.T.);
#1462=ORIENTED_EDGE('',*,*,#861,.T.);
#1463=ORIENTED_EDGE('',*,*,#873,.T.);
#1464=ORIENTED_EDGE('',*,*,#1068,.T.);
#1465=ORIENTED_EDGE('',*,*,#869,.T.);
#1466=ORIENTED_EDGE('',*,*,#1069,.T.);
#1467=ORIENTED_EDGE('',*,*,#919,.T.);
#1468=ORIENTED_EDGE('',*,*,#1070,.T.);
#1469=ORIENTED_EDGE('',*,*,#915,.T.);
#1470=ORIENTED_EDGE('',*,*,#1071,.T.);
#1471=ORIENTED_EDGE('',*,*,#911,.T.);
#1472=ORIENTED_EDGE('',*,*,#927,.T.);
#1473=ORIENTED_EDGE('',*,*,#1072,.T.);
#1474=ORIENTED_EDGE('',*,*,#923,.T.);
#1475=ORIENTED_EDGE('',*,*,#1073,.T.);
#1476=ORIENTED_EDGE('',*,*,#998,.T.);
#1477=ORIENTED_EDGE('',*,*,#1027,.T.);
#1478=ORIENTED_EDGE('',*,*,#1055,.T.);
#1479=ORIENTED_EDGE('',*,*,#1015,.T.);
#1480=ORIENTED_EDGE('',*,*,#1074,.F.);
#1481=ORIENTED_EDGE('',*,*,#929,.T.);
#1482=ORIENTED_EDGE('',*,*,#1048,.T.);
#1483=ORIENTED_EDGE('',*,*,#1036,.T.);
#1484=ORIENTED_EDGE('',*,*,#876,.T.);
#1485=ORIENTED_EDGE('',*,*,#1075,.F.);
#1486=ORIENTED_EDGE('',*,*,#1013,.T.);
#1487=ORIENTED_EDGE('',*,*,#1054,.T.);
#1488=ORIENTED_EDGE('',*,*,#1025,.T.);
#1489=ORIENTED_EDGE('',*,*,#995,.T.);
#1490=ORIENTED_EDGE('',*,*,#1075,.T.);
#1491=ORIENTED_EDGE('',*,*,#875,.T.);
#1492=ORIENTED_EDGE('',*,*,#1060,.T.);
#1493=ORIENTED_EDGE('',*,*,#1019,.T.);
#1494=ORIENTED_EDGE('',*,*,#1063,.T.);
#1495=ORIENTED_EDGE('',*,*,#930,.T.);
#1496=ORIENTED_EDGE('',*,*,#1074,.T.);
#1497=ORIENTED_EDGE('',*,*,#1014,.T.);
#1498=ORIENTED_EDGE('',*,*,#984,.T.);
#1499=ORIENTED_EDGE('',*,*,#1049,.T.);
#1500=ORIENTED_EDGE('',*,*,#986,.T.);
#1501=ORIENTED_EDGE('',*,*,#1046,.T.);
#1502=ORIENTED_EDGE('',*,*,#990,.T.);
#1503=ORIENTED_EDGE('',*,*,#1050,.T.);
#1504=ORIENTED_EDGE('',*,*,#935,.T.);
#1505=ORIENTED_EDGE('',*,*,#932,.T.);
#1506=ORIENTED_EDGE('',*,*,#937,.T.);
#1507=ORIENTED_EDGE('',*,*,#938,.T.);
#1508=ORIENTED_EDGE('',*,*,#867,.T.);
#1509=ORIENTED_EDGE('',*,*,#1076,.T.);
#1510=ORIENTED_EDGE('',*,*,#934,.T.);
#1511=ORIENTED_EDGE('',*,*,#941,.T.);
#1512=ORIENTED_EDGE('',*,*,#921,.T.);
#1513=ORIENTED_EDGE('',*,*,#1077,.T.);
#1514=ORIENTED_EDGE('',*,*,#895,.T.);
#1515=ORIENTED_EDGE('',*,*,#1078,.T.);
#1516=ORIENTED_EDGE('',*,*,#1043,.T.);
#1517=ORIENTED_EDGE('',*,*,#889,.T.);
#1518=ORIENTED_EDGE('',*,*,#1079,.F.);
#1519=ORIENTED_EDGE('',*,*,#1004,.T.);
#1520=ORIENTED_EDGE('',*,*,#948,.T.);
#1521=ORIENTED_EDGE('',*,*,#1005,.T.);
#1522=ORIENTED_EDGE('',*,*,#945,.T.);
#1523=ORIENTED_EDGE('',*,*,#1080,.F.);
#1524=ORIENTED_EDGE('',*,*,#1080,.T.);
#1525=ORIENTED_EDGE('',*,*,#944,.T.);
#1526=ORIENTED_EDGE('',*,*,#967,.T.);
#1527=ORIENTED_EDGE('',*,*,#1044,.T.);
#1528=ORIENTED_EDGE('',*,*,#888,.T.);
#1529=ORIENTED_EDGE('',*,*,#970,.T.);
#1530=ORIENTED_EDGE('',*,*,#1003,.T.);
#1531=ORIENTED_EDGE('',*,*,#1079,.T.);
#1532=ORIENTED_EDGE('',*,*,#1081,.F.);
#1533=ORIENTED_EDGE('',*,*,#1061,.T.);
#1534=ORIENTED_EDGE('',*,*,#879,.T.);
#1535=ORIENTED_EDGE('',*,*,#1082,.F.);
#1536=ORIENTED_EDGE('',*,*,#885,.T.);
#1537=ORIENTED_EDGE('',*,*,#1082,.T.);
#1538=ORIENTED_EDGE('',*,*,#878,.T.);
#1539=ORIENTED_EDGE('',*,*,#971,.T.);
#1540=ORIENTED_EDGE('',*,*,#886,.T.);
#1541=ORIENTED_EDGE('',*,*,#1038,.T.);
#1542=ORIENTED_EDGE('',*,*,#1062,.T.);
#1543=ORIENTED_EDGE('',*,*,#1081,.T.);
#1544=ORIENTED_EDGE('',*,*,#884,.T.);
#1545=ORIENTED_EDGE('',*,*,#1008,.T.);
#1546=ORIENTED_EDGE('',*,*,#1012,.T.);
#1547=ORIENTED_EDGE('',*,*,#1083,.T.);
#1548=ORIENTED_EDGE('',*,*,#881,.T.);
#1549=ORIENTED_EDGE('',*,*,#1084,.T.);
#1550=ORIENTED_EDGE('',*,*,#905,.T.);
#1551=ORIENTED_EDGE('',*,*,#830,.F.);
#1552=ORIENTED_EDGE('',*,*,#827,.F.);
#1553=ORIENTED_EDGE('',*,*,#902,.T.);
#1554=ORIENTED_EDGE('',*,*,#1085,.F.);
#1555=ORIENTED_EDGE('',*,*,#955,.T.);
#1556=ORIENTED_EDGE('',*,*,#1051,.T.);
#1557=ORIENTED_EDGE('',*,*,#957,.T.);
#1558=ORIENTED_EDGE('',*,*,#1086,.F.);
#1559=ORIENTED_EDGE('',*,*,#1086,.T.);
#1560=ORIENTED_EDGE('',*,*,#956,.T.);
#1561=ORIENTED_EDGE('',*,*,#1032,.T.);
#1562=ORIENTED_EDGE('',*,*,#903,.T.);
#1563=ORIENTED_EDGE('',*,*,#901,.T.);
#1564=ORIENTED_EDGE('',*,*,#1034,.T.);
#1565=ORIENTED_EDGE('',*,*,#952,.T.);
#1566=ORIENTED_EDGE('',*,*,#1085,.T.);
#1567=ORIENTED_EDGE('',*,*,#832,.T.);
#1568=ORIENTED_EDGE('',*,*,#836,.T.);
#1569=ORIENTED_EDGE('',*,*,#907,.T.);
#1570=ORIENTED_EDGE('',*,*,#1039,.F.);
#1571=ORIENTED_EDGE('',*,*,#882,.T.);
#1572=ORIENTED_EDGE('',*,*,#1083,.F.);
#1573=ORIENTED_EDGE('',*,*,#1011,.F.);
#1574=ORIENTED_EDGE('',*,*,#1084,.F.);
#1575=ORIENTED_EDGE('',*,*,#880,.T.);
#1576=ORIENTED_EDGE('',*,*,#1065,.F.);
#1577=ORIENTED_EDGE('',*,*,#1040,.F.);
#1578=ORIENTED_EDGE('',*,*,#1009,.F.);
#1579=ORIENTED_EDGE('',*,*,#896,.T.);
#1580=ORIENTED_EDGE('',*,*,#1078,.F.);
#1581=ORIENTED_EDGE('',*,*,#894,.T.);
#1582=ORIENTED_EDGE('',*,*,#1066,.F.);
#1583=ORIENTED_EDGE('',*,*,#922,.T.);
#1584=ORIENTED_EDGE('',*,*,#1077,.F.);
#1585=ORIENTED_EDGE('',*,*,#920,.T.);
#1586=ORIENTED_EDGE('',*,*,#1073,.F.);
#1587=ORIENTED_EDGE('',*,*,#1072,.F.);
#1588=ORIENTED_EDGE('',*,*,#926,.T.);
#1589=ORIENTED_EDGE('',*,*,#1064,.F.);
#1590=ORIENTED_EDGE('',*,*,#924,.T.);
#1591=ORIENTED_EDGE('',*,*,#868,.T.);
#1592=ORIENTED_EDGE('',*,*,#1076,.F.);
#1593=ORIENTED_EDGE('',*,*,#866,.T.);
#1594=ORIENTED_EDGE('',*,*,#1069,.F.);
#1595=ORIENTED_EDGE('',*,*,#864,.T.);
#1596=ORIENTED_EDGE('',*,*,#1057,.F.);
#1597=ORIENTED_EDGE('',*,*,#862,.T.);
#1598=ORIENTED_EDGE('',*,*,#1067,.F.);
#1599=ORIENTED_EDGE('',*,*,#1068,.F.);
#1600=ORIENTED_EDGE('',*,*,#872,.F.);
#1601=ORIENTED_EDGE('',*,*,#1056,.F.);
#1602=ORIENTED_EDGE('',*,*,#870,.F.);
#1603=ORIENTED_EDGE('',*,*,#918,.F.);
#1604=ORIENTED_EDGE('',*,*,#1058,.F.);
#1605=ORIENTED_EDGE('',*,*,#916,.F.);
#1606=ORIENTED_EDGE('',*,*,#1070,.F.);
#1607=ORIENTED_EDGE('',*,*,#1059,.F.);
#1608=ORIENTED_EDGE('',*,*,#912,.F.);
#1609=ORIENTED_EDGE('',*,*,#1071,.F.);
#1610=ORIENTED_EDGE('',*,*,#914,.F.);
#1611=B_SPLINE_SURFACE_WITH_KNOTS('',3,3,((#2362,#2363,#2364,#2365),(#2366,
#2367,#2368,#2369),(#2370,#2371,#2372,#2373),(#2374,#2375,#2376,#2377),
(#2378,#2379,#2380,#2381),(#2382,#2383,#2384,#2385),(#2386,#2387,#2388,
#2389),(#2390,#2391,#2392,#2393),(#2394,#2395,#2396,#2397),(#2398,#2399,
#2400,#2401),(#2402,#2403,#2404,#2405),(#2406,#2407,#2408,#2409),(#2410,
#2411,#2412,#2413),(#2414,#2415,#2416,#2417),(#2418,#2419,#2420,#2421),
(#2422,#2423,#2424,#2425),(#2426,#2427,#2428,#2429),(#2430,#2431,#2432,
#2433),(#2434,#2435,#2436,#2437),(#2438,#2439,#2440,#2441),(#2442,#2443,
#2444,#2445)),.UNSPECIFIED.,.F.,.F.,.F.,(4,1,1,1,1,1,1,1,1,1,1,1,1,1,1,
1,1,1,4),(4,4),(0.,0.249999120642966,0.459327483039827,0.499999547680702,
0.562499654440136,0.593749707819853,0.62499976119957,0.687499867959004,
0.68899122455974,0.71769919224973,0.746407159939719,0.749999974718438,0.803823095319697,
0.861239030699675,0.875000188237306,0.918654966079654,0.93750029499674,
0.976070901459632,1.),(0.,1.),.UNSPECIFIED.);
#1612=B_SPLINE_SURFACE_WITH_KNOTS('',3,3,((#2493,#2494,#2495,#2496),(#2497,
#2498,#2499,#2500),(#2501,#2502,#2503,#2504),(#2505,#2506,#2507,#2508),
(#2509,#2510,#2511,#2512),(#2513,#2514,#2515,#2516),(#2517,#2518,#2519,
#2520),(#2521,#2522,#2523,#2524),(#2525,#2526,#2527,#2528),(#2529,#2530,
#2531,#2532),(#2533,#2534,#2535,#2536),(#2537,#2538,#2539,#2540),(#2541,
#2542,#2543,#2544),(#2545,#2546,#2547,#2548),(#2549,#2550,#2551,#2552),
(#2553,#2554,#2555,#2556)),.UNSPECIFIED.,.F.,.F.,.F.,(4,1,1,1,1,1,1,1,1,
1,1,1,1,4),(4,4),(0.,0.0312501854280123,0.0399933591534655,0.0625003708560247,
0.108565262071075,0.125000741712049,0.14285121352988,0.177137164988685,
0.187501112568074,0.250001483424099,0.451424776659123,0.500002966848197,
0.750004450272296,1.),(0.,1.),.UNSPECIFIED.);
#1613=B_SPLINE_SURFACE_WITH_KNOTS('',3,3,((#2694,#2695,#2696,#2697),(#2698,
#2699,#2700,#2701),(#2702,#2703,#2704,#2705),(#2706,#2707,#2708,#2709),
(#2710,#2711,#2712,#2713),(#2714,#2715,#2716,#2717),(#2718,#2719,#2720,
#2721),(#2722,#2723,#2724,#2725),(#2726,#2727,#2728,#2729),(#2730,#2731,
#2732,#2733),(#2734,#2735,#2736,#2737),(#2738,#2739,#2740,#2741),(#2742,
#2743,#2744,#2745),(#2746,#2747,#2748,#2749),(#2750,#2751,#2752,#2753),
(#2754,#2755,#2756,#2757),(#2758,#2759,#2760,#2761),(#2762,#2763,#2764,
#2765),(#2766,#2767,#2768,#2769),(#2770,#2771,#2772,#2773),(#2774,#2775,
#2776,#2777)),.UNSPECIFIED.,.F.,.F.,.F.,(4,1,1,1,1,1,1,1,1,1,1,1,1,1,1,
1,1,1,4),(4,4),(0.,0.250000002526244,0.453453030362846,0.500000005052488,
0.562500005684049,0.593750005999829,0.62500000631561,0.680179545544269,
0.687500006947171,0.708520359941947,0.736861174339625,0.750000007578732,
0.79354280313498,0.850224431930336,0.875000008841854,0.906906060725692,
0.937500009473415,0.963587689521048,1.),(0.,1.),.UNSPECIFIED.);
#1614=B_SPLINE_SURFACE_WITH_KNOTS('',3,3,((#2825,#2826,#2827,#2828),(#2829,
#2830,#2831,#2832),(#2833,#2834,#2835,#2836),(#2837,#2838,#2839,#2840),
(#2841,#2842,#2843,#2844),(#2845,#2846,#2847,#2848),(#2849,#2850,#2851,
#2852),(#2853,#2854,#2855,#2856),(#2857,#2858,#2859,#2860),(#2861,#2862,
#2863,#2864),(#2865,#2866,#2867,#2868),(#2869,#2870,#2871,#2872),(#2873,
#2874,#2875,#2876),(#2877,#2878,#2879,#2880),(#2881,#2882,#2883,#2884),
(#2885,#2886,#2887,#2888)),.UNSPECIFIED.,.F.,.F.,.F.,(4,1,1,1,1,1,1,1,1,
1,1,1,1,4),(4,4),(0.,0.0249066311278997,0.0312500766852206,0.0625001533704412,
0.0945561574759068,0.125000306740882,0.12938092064991,0.164205683823914,
0.187500460111324,0.250000613481765,0.442803789215943,0.500001226963529,
0.750001840445294,1.),(0.,1.),.UNSPECIFIED.);
#1615=B_SPLINE_SURFACE_WITH_KNOTS('',5,5,((#4729,#4730,#4731,#4732,#4733,
#4734,#4735,#4736,#4737,#4738,#4739,#4740,#4741,#4742,#4743,#4744,#4745,
#4746,#4747,#4748,#4749,#4750,#4751,#4752,#4753,#4754,#4755,#4756,#4757,
#4758,#4759,#4760,#4761),(#4762,#4763,#4764,#4765,#4766,#4767,#4768,#4769,
#4770,#4771,#4772,#4773,#4774,#4775,#4776,#4777,#4778,#4779,#4780,#4781,
#4782,#4783,#4784,#4785,#4786,#4787,#4788,#4789,#4790,#4791,#4792,#4793,
#4794),(#4795,#4796,#4797,#4798,#4799,#4800,#4801,#4802,#4803,#4804,#4805,
#4806,#4807,#4808,#4809,#4810,#4811,#4812,#4813,#4814,#4815,#4816,#4817,
#4818,#4819,#4820,#4821,#4822,#4823,#4824,#4825,#4826,#4827),(#4828,#4829,
#4830,#4831,#4832,#4833,#4834,#4835,#4836,#4837,#4838,#4839,#4840,#4841,
#4842,#4843,#4844,#4845,#4846,#4847,#4848,#4849,#4850,#4851,#4852,#4853,
#4854,#4855,#4856,#4857,#4858,#4859,#4860),(#4861,#4862,#4863,#4864,#4865,
#4866,#4867,#4868,#4869,#4870,#4871,#4872,#4873,#4874,#4875,#4876,#4877,
#4878,#4879,#4880,#4881,#4882,#4883,#4884,#4885,#4886,#4887,#4888,#4889,
#4890,#4891,#4892,#4893),(#4894,#4895,#4896,#4897,#4898,#4899,#4900,#4901,
#4902,#4903,#4904,#4905,#4906,#4907,#4908,#4909,#4910,#4911,#4912,#4913,
#4914,#4915,#4916,#4917,#4918,#4919,#4920,#4921,#4922,#4923,#4924,#4925,
#4926),(#4927,#4928,#4929,#4930,#4931,#4932,#4933,#4934,#4935,#4936,#4937,
#4938,#4939,#4940,#4941,#4942,#4943,#4944,#4945,#4946,#4947,#4948,#4949,
#4950,#4951,#4952,#4953,#4954,#4955,#4956,#4957,#4958,#4959),(#4960,#4961,
#4962,#4963,#4964,#4965,#4966,#4967,#4968,#4969,#4970,#4971,#4972,#4973,
#4974,#4975,#4976,#4977,#4978,#4979,#4980,#4981,#4982,#4983,#4984,#4985,
#4986,#4987,#4988,#4989,#4990,#4991,#4992),(#4993,#4994,#4995,#4996,#4997,
#4998,#4999,#5000,#5001,#5002,#5003,#5004,#5005,#5006,#5007,#5008,#5009,
#5010,#5011,#5012,#5013,#5014,#5015,#5016,#5017,#5018,#5019,#5020,#5021,
#5022,#5023,#5024,#5025),(#5026,#5027,#5028,#5029,#5030,#5031,#5032,#5033,
#5034,#5035,#5036,#5037,#5038,#5039,#5040,#5041,#5042,#5043,#5044,#5045,
#5046,#5047,#5048,#5049,#5050,#5051,#5052,#5053,#5054,#5055,#5056,#5057,
#5058),(#5059,#5060,#5061,#5062,#5063,#5064,#5065,#5066,#5067,#5068,#5069,
#5070,#5071,#5072,#5073,#5074,#5075,#5076,#5077,#5078,#5079,#5080,#5081,
#5082,#5083,#5084,#5085,#5086,#5087,#5088,#5089,#5090,#5091),(#5092,#5093,
#5094,#5095,#5096,#5097,#5098,#5099,#5100,#5101,#5102,#5103,#5104,#5105,
#5106,#5107,#5108,#5109,#5110,#5111,#5112,#5113,#5114,#5115,#5116,#5117,
#5118,#5119,#5120,#5121,#5122,#5123,#5124),(#5125,#5126,#5127,#5128,#5129,
#5130,#5131,#5132,#5133,#5134,#5135,#5136,#5137,#5138,#5139,#5140,#5141,
#5142,#5143,#5144,#5145,#5146,#5147,#5148,#5149,#5150,#5151,#5152,#5153,
#5154,#5155,#5156,#5157),(#5158,#5159,#5160,#5161,#5162,#5163,#5164,#5165,
#5166,#5167,#5168,#5169,#5170,#5171,#5172,#5173,#5174,#5175,#5176,#5177,
#5178,#5179,#5180,#5181,#5182,#5183,#5184,#5185,#5186,#5187,#5188,#5189,
#5190),(#5191,#5192,#5193,#5194,#5195,#5196,#5197,#5198,#5199,#5200,#5201,
#5202,#5203,#5204,#5205,#5206,#5207,#5208,#5209,#5210,#5211,#5212,#5213,
#5214,#5215,#5216,#5217,#5218,#5219,#5220,#5221,#5222,#5223),(#5224,#5225,
#5226,#5227,#5228,#5229,#5230,#5231,#5232,#5233,#5234,#5235,#5236,#5237,
#5238,#5239,#5240,#5241,#5242,#5243,#5244,#5245,#5246,#5247,#5248,#5249,
#5250,#5251,#5252,#5253,#5254,#5255,#5256),(#5257,#5258,#5259,#5260,#5261,
#5262,#5263,#5264,#5265,#5266,#5267,#5268,#5269,#5270,#5271,#5272,#5273,
#5274,#5275,#5276,#5277,#5278,#5279,#5280,#5281,#5282,#5283,#5284,#5285,
#5286,#5287,#5288,#5289),(#5290,#5291,#5292,#5293,#5294,#5295,#5296,#5297,
#5298,#5299,#5300,#5301,#5302,#5303,#5304,#5305,#5306,#5307,#5308,#5309,
#5310,#5311,#5312,#5313,#5314,#5315,#5316,#5317,#5318,#5319,#5320,#5321,
#5322),(#5323,#5324,#5325,#5326,#5327,#5328,#5329,#5330,#5331,#5332,#5333,
#5334,#5335,#5336,#5337,#5338,#5339,#5340,#5341,#5342,#5343,#5344,#5345,
#5346,#5347,#5348,#5349,#5350,#5351,#5352,#5353,#5354,#5355),(#5356,#5357,
#5358,#5359,#5360,#5361,#5362,#5363,#5364,#5365,#5366,#5367,#5368,#5369,
#5370,#5371,#5372,#5373,#5374,#5375,#5376,#5377,#5378,#5379,#5380,#5381,
#5382,#5383,#5384,#5385,#5386,#5387,#5388),(#5389,#5390,#5391,#5392,#5393,
#5394,#5395,#5396,#5397,#5398,#5399,#5400,#5401,#5402,#5403,#5404,#5405,
#5406,#5407,#5408,#5409,#5410,#5411,#5412,#5413,#5414,#5415,#5416,#5417,
#5418,#5419,#5420,#5421),(#5422,#5423,#5424,#5425,#5426,#5427,#5428,#5429,
#5430,#5431,#5432,#5433,#5434,#5435,#5436,#5437,#5438,#5439,#5440,#5441,
#5442,#5443,#5444,#5445,#5446,#5447,#5448,#5449,#5450,#5451,#5452,#5453,
#5454),(#5455,#5456,#5457,#5458,#5459,#5460,#5461,#5462,#5463,#5464,#5465,
#5466,#5467,#5468,#5469,#5470,#5471,#5472,#5473,#5474,#5475,#5476,#5477,
#5478,#5479,#5480,#5481,#5482,#5483,#5484,#5485,#5486,#5487),(#5488,#5489,
#5490,#5491,#5492,#5493,#5494,#5495,#5496,#5497,#5498,#5499,#5500,#5501,
#5502,#5503,#5504,#5505,#5506,#5507,#5508,#5509,#5510,#5511,#5512,#5513,
#5514,#5515,#5516,#5517,#5518,#5519,#5520),(#5521,#5522,#5523,#5524,#5525,
#5526,#5527,#5528,#5529,#5530,#5531,#5532,#5533,#5534,#5535,#5536,#5537,
#5538,#5539,#5540,#5541,#5542,#5543,#5544,#5545,#5546,#5547,#5548,#5549,
#5550,#5551,#5552,#5553),(#5554,#5555,#5556,#5557,#5558,#5559,#5560,#5561,
#5562,#5563,#5564,#5565,#5566,#5567,#5568,#5569,#5570,#5571,#5572,#5573,
#5574,#5575,#5576,#5577,#5578,#5579,#5580,#5581,#5582,#5583,#5584,#5585,
#5586),(#5587,#5588,#5589,#5590,#5591,#5592,#5593,#5594,#5595,#5596,#5597,
#5598,#5599,#5600,#5601,#5602,#5603,#5604,#5605,#5606,#5607,#5608,#5609,
#5610,#5611,#5612,#5613,#5614,#5615,#5616,#5617,#5618,#5619),(#5620,#5621,
#5622,#5623,#5624,#5625,#5626,#5627,#5628,#5629,#5630,#5631,#5632,#5633,
#5634,#5635,#5636,#5637,#5638,#5639,#5640,#5641,#5642,#5643,#5644,#5645,
#5646,#5647,#5648,#5649,#5650,#5651,#5652),(#5653,#5654,#5655,#5656,#5657,
#5658,#5659,#5660,#5661,#5662,#5663,#5664,#5665,#5666,#5667,#5668,#5669,
#5670,#5671,#5672,#5673,#5674,#5675,#5676,#5677,#5678,#5679,#5680,#5681,
#5682,#5683,#5684,#5685),(#5686,#5687,#5688,#5689,#5690,#5691,#5692,#5693,
#5694,#5695,#5696,#5697,#5698,#5699,#5700,#5701,#5702,#5703,#5704,#5705,
#5706,#5707,#5708,#5709,#5710,#5711,#5712,#5713,#5714,#5715,#5716,#5717,
#5718),(#5719,#5720,#5721,#5722,#5723,#5724,#5725,#5726,#5727,#5728,#5729,
#5730,#5731,#5732,#5733,#5734,#5735,#5736,#5737,#5738,#5739,#5740,#5741,
#5742,#5743,#5744,#5745,#5746,#5747,#5748,#5749,#5750,#5751),(#5752,#5753,
#5754,#5755,#5756,#5757,#5758,#5759,#5760,#5761,#5762,#5763,#5764,#5765,
#5766,#5767,#5768,#5769,#5770,#5771,#5772,#5773,#5774,#5775,#5776,#5777,
#5778,#5779,#5780,#5781,#5782,#5783,#5784),(#5785,#5786,#5787,#5788,#5789,
#5790,#5791,#5792,#5793,#5794,#5795,#5796,#5797,#5798,#5799,#5800,#5801,
#5802,#5803,#5804,#5805,#5806,#5807,#5808,#5809,#5810,#5811,#5812,#5813,
#5814,#5815,#5816,#5817)),.UNSPECIFIED.,.F.,.F.,.F.,(6,3,3,3,3,3,3,3,3,
3,6),(6,3,3,3,3,3,3,3,3,3,6),(-1.60525649071165,-1.50562756354708,-1.4059986363825,
-1.20674078205336,-0.808225073395078,-0.0111936560785091,0.78583776123806,
1.18435346989634,1.28398239706092,1.38361132422549,1.58286917855463),(-1.10644684507994,
-1.03535892216948,-0.964270999259018,-0.822095153438097,-0.679919307617176,
-0.537743461796254,-0.253391770154412,0.0309599214874308,0.315311613129273,
0.599663304771116,1.1683666880548),.UNSPECIFIED.);
#1616=B_SPLINE_SURFACE_WITH_KNOTS('',5,5,((#5818,#5819,#5820,#5821,#5822,
#5823,#5824,#5825,#5826,#5827,#5828,#5829,#5830,#5831,#5832,#5833,#5834,
#5835,#5836,#5837,#5838,#5839,#5840,#5841,#5842,#5843,#5844,#5845,#5846,
#5847,#5848,#5849,#5850),(#5851,#5852,#5853,#5854,#5855,#5856,#5857,#5858,
#5859,#5860,#5861,#5862,#5863,#5864,#5865,#5866,#5867,#5868,#5869,#5870,
#5871,#5872,#5873,#5874,#5875,#5876,#5877,#5878,#5879,#5880,#5881,#5882,
#5883),(#5884,#5885,#5886,#5887,#5888,#5889,#5890,#5891,#5892,#5893,#5894,
#5895,#5896,#5897,#5898,#5899,#5900,#5901,#5902,#5903,#5904,#5905,#5906,
#5907,#5908,#5909,#5910,#5911,#5912,#5913,#5914,#5915,#5916),(#5917,#5918,
#5919,#5920,#5921,#5922,#5923,#5924,#5925,#5926,#5927,#5928,#5929,#5930,
#5931,#5932,#5933,#5934,#5935,#5936,#5937,#5938,#5939,#5940,#5941,#5942,
#5943,#5944,#5945,#5946,#5947,#5948,#5949),(#5950,#5951,#5952,#5953,#5954,
#5955,#5956,#5957,#5958,#5959,#5960,#5961,#5962,#5963,#5964,#5965,#5966,
#5967,#5968,#5969,#5970,#5971,#5972,#5973,#5974,#5975,#5976,#5977,#5978,
#5979,#5980,#5981,#5982),(#5983,#5984,#5985,#5986,#5987,#5988,#5989,#5990,
#5991,#5992,#5993,#5994,#5995,#5996,#5997,#5998,#5999,#6000,#6001,#6002,
#6003,#6004,#6005,#6006,#6007,#6008,#6009,#6010,#6011,#6012,#6013,#6014,
#6015),(#6016,#6017,#6018,#6019,#6020,#6021,#6022,#6023,#6024,#6025,#6026,
#6027,#6028,#6029,#6030,#6031,#6032,#6033,#6034,#6035,#6036,#6037,#6038,
#6039,#6040,#6041,#6042,#6043,#6044,#6045,#6046,#6047,#6048),(#6049,#6050,
#6051,#6052,#6053,#6054,#6055,#6056,#6057,#6058,#6059,#6060,#6061,#6062,
#6063,#6064,#6065,#6066,#6067,#6068,#6069,#6070,#6071,#6072,#6073,#6074,
#6075,#6076,#6077,#6078,#6079,#6080,#6081),(#6082,#6083,#6084,#6085,#6086,
#6087,#6088,#6089,#6090,#6091,#6092,#6093,#6094,#6095,#6096,#6097,#6098,
#6099,#6100,#6101,#6102,#6103,#6104,#6105,#6106,#6107,#6108,#6109,#6110,
#6111,#6112,#6113,#6114),(#6115,#6116,#6117,#6118,#6119,#6120,#6121,#6122,
#6123,#6124,#6125,#6126,#6127,#6128,#6129,#6130,#6131,#6132,#6133,#6134,
#6135,#6136,#6137,#6138,#6139,#6140,#6141,#6142,#6143,#6144,#6145,#6146,
#6147),(#6148,#6149,#6150,#6151,#6152,#6153,#6154,#6155,#6156,#6157,#6158,
#6159,#6160,#6161,#6162,#6163,#6164,#6165,#6166,#6167,#6168,#6169,#6170,
#6171,#6172,#6173,#6174,#6175,#6176,#6177,#6178,#6179,#6180),(#6181,#6182,
#6183,#6184,#6185,#6186,#6187,#6188,#6189,#6190,#6191,#6192,#6193,#6194,
#6195,#6196,#6197,#6198,#6199,#6200,#6201,#6202,#6203,#6204,#6205,#6206,
#6207,#6208,#6209,#6210,#6211,#6212,#6213),(#6214,#6215,#6216,#6217,#6218,
#6219,#6220,#6221,#6222,#6223,#6224,#6225,#6226,#6227,#6228,#6229,#6230,
#6231,#6232,#6233,#6234,#6235,#6236,#6237,#6238,#6239,#6240,#6241,#6242,
#6243,#6244,#6245,#6246),(#6247,#6248,#6249,#6250,#6251,#6252,#6253,#6254,
#6255,#6256,#6257,#6258,#6259,#6260,#6261,#6262,#6263,#6264,#6265,#6266,
#6267,#6268,#6269,#6270,#6271,#6272,#6273,#6274,#6275,#6276,#6277,#6278,
#6279),(#6280,#6281,#6282,#6283,#6284,#6285,#6286,#6287,#6288,#6289,#6290,
#6291,#6292,#6293,#6294,#6295,#6296,#6297,#6298,#6299,#6300,#6301,#6302,
#6303,#6304,#6305,#6306,#6307,#6308,#6309,#6310,#6311,#6312),(#6313,#6314,
#6315,#6316,#6317,#6318,#6319,#6320,#6321,#6322,#6323,#6324,#6325,#6326,
#6327,#6328,#6329,#6330,#6331,#6332,#6333,#6334,#6335,#6336,#6337,#6338,
#6339,#6340,#6341,#6342,#6343,#6344,#6345),(#6346,#6347,#6348,#6349,#6350,
#6351,#6352,#6353,#6354,#6355,#6356,#6357,#6358,#6359,#6360,#6361,#6362,
#6363,#6364,#6365,#6366,#6367,#6368,#6369,#6370,#6371,#6372,#6373,#6374,
#6375,#6376,#6377,#6378),(#6379,#6380,#6381,#6382,#6383,#6384,#6385,#6386,
#6387,#6388,#6389,#6390,#6391,#6392,#6393,#6394,#6395,#6396,#6397,#6398,
#6399,#6400,#6401,#6402,#6403,#6404,#6405,#6406,#6407,#6408,#6409,#6410,
#6411),(#6412,#6413,#6414,#6415,#6416,#6417,#6418,#6419,#6420,#6421,#6422,
#6423,#6424,#6425,#6426,#6427,#6428,#6429,#6430,#6431,#6432,#6433,#6434,
#6435,#6436,#6437,#6438,#6439,#6440,#6441,#6442,#6443,#6444),(#6445,#6446,
#6447,#6448,#6449,#6450,#6451,#6452,#6453,#6454,#6455,#6456,#6457,#6458,
#6459,#6460,#6461,#6462,#6463,#6464,#6465,#6466,#6467,#6468,#6469,#6470,
#6471,#6472,#6473,#6474,#6475,#6476,#6477),(#6478,#6479,#6480,#6481,#6482,
#6483,#6484,#6485,#6486,#6487,#6488,#6489,#6490,#6491,#6492,#6493,#6494,
#6495,#6496,#6497,#6498,#6499,#6500,#6501,#6502,#6503,#6504,#6505,#6506,
#6507,#6508,#6509,#6510),(#6511,#6512,#6513,#6514,#6515,#6516,#6517,#6518,
#6519,#6520,#6521,#6522,#6523,#6524,#6525,#6526,#6527,#6528,#6529,#6530,
#6531,#6532,#6533,#6534,#6535,#6536,#6537,#6538,#6539,#6540,#6541,#6542,
#6543),(#6544,#6545,#6546,#6547,#6548,#6549,#6550,#6551,#6552,#6553,#6554,
#6555,#6556,#6557,#6558,#6559,#6560,#6561,#6562,#6563,#6564,#6565,#6566,
#6567,#6568,#6569,#6570,#6571,#6572,#6573,#6574,#6575,#6576),(#6577,#6578,
#6579,#6580,#6581,#6582,#6583,#6584,#6585,#6586,#6587,#6588,#6589,#6590,
#6591,#6592,#6593,#6594,#6595,#6596,#6597,#6598,#6599,#6600,#6601,#6602,
#6603,#6604,#6605,#6606,#6607,#6608,#6609),(#6610,#6611,#6612,#6613,#6614,
#6615,#6616,#6617,#6618,#6619,#6620,#6621,#6622,#6623,#6624,#6625,#6626,
#6627,#6628,#6629,#6630,#6631,#6632,#6633,#6634,#6635,#6636,#6637,#6638,
#6639,#6640,#6641,#6642),(#6643,#6644,#6645,#6646,#6647,#6648,#6649,#6650,
#6651,#6652,#6653,#6654,#6655,#6656,#6657,#6658,#6659,#6660,#6661,#6662,
#6663,#6664,#6665,#6666,#6667,#6668,#6669,#6670,#6671,#6672,#6673,#6674,
#6675),(#6676,#6677,#6678,#6679,#6680,#6681,#6682,#6683,#6684,#6685,#6686,
#6687,#6688,#6689,#6690,#6691,#6692,#6693,#6694,#6695,#6696,#6697,#6698,
#6699,#6700,#6701,#6702,#6703,#6704,#6705,#6706,#6707,#6708),(#6709,#6710,
#6711,#6712,#6713,#6714,#6715,#6716,#6717,#6718,#6719,#6720,#6721,#6722,
#6723,#6724,#6725,#6726,#6727,#6728,#6729,#6730,#6731,#6732,#6733,#6734,
#6735,#6736,#6737,#6738,#6739,#6740,#6741),(#6742,#6743,#6744,#6745,#6746,
#6747,#6748,#6749,#6750,#6751,#6752,#6753,#6754,#6755,#6756,#6757,#6758,
#6759,#6760,#6761,#6762,#6763,#6764,#6765,#6766,#6767,#6768,#6769,#6770,
#6771,#6772,#6773,#6774),(#6775,#6776,#6777,#6778,#6779,#6780,#6781,#6782,
#6783,#6784,#6785,#6786,#6787,#6788,#6789,#6790,#6791,#6792,#6793,#6794,
#6795,#6796,#6797,#6798,#6799,#6800,#6801,#6802,#6803,#6804,#6805,#6806,
#6807),(#6808,#6809,#6810,#6811,#6812,#6813,#6814,#6815,#6816,#6817,#6818,
#6819,#6820,#6821,#6822,#6823,#6824,#6825,#6826,#6827,#6828,#6829,#6830,
#6831,#6832,#6833,#6834,#6835,#6836,#6837,#6838,#6839,#6840),(#6841,#6842,
#6843,#6844,#6845,#6846,#6847,#6848,#6849,#6850,#6851,#6852,#6853,#6854,
#6855,#6856,#6857,#6858,#6859,#6860,#6861,#6862,#6863,#6864,#6865,#6866,
#6867,#6868,#6869,#6870,#6871,#6872,#6873),(#6874,#6875,#6876,#6877,#6878,
#6879,#6880,#6881,#6882,#6883,#6884,#6885,#6886,#6887,#6888,#6889,#6890,
#6891,#6892,#6893,#6894,#6895,#6896,#6897,#6898,#6899,#6900,#6901,#6902,
#6903,#6904,#6905,#6906),(#6907,#6908,#6909,#6910,#6911,#6912,#6913,#6914,
#6915,#6916,#6917,#6918,#6919,#6920,#6921,#6922,#6923,#6924,#6925,#6926,
#6927,#6928,#6929,#6930,#6931,#6932,#6933,#6934,#6935,#6936,#6937,#6938,
#6939),(#6940,#6941,#6942,#6943,#6944,#6945,#6946,#6947,#6948,#6949,#6950,
#6951,#6952,#6953,#6954,#6955,#6956,#6957,#6958,#6959,#6960,#6961,#6962,
#6963,#6964,#6965,#6966,#6967,#6968,#6969,#6970,#6971,#6972),(#6973,#6974,
#6975,#6976,#6977,#6978,#6979,#6980,#6981,#6982,#6983,#6984,#6985,#6986,
#6987,#6988,#6989,#6990,#6991,#6992,#6993,#6994,#6995,#6996,#6997,#6998,
#6999,#7000,#7001,#7002,#7003,#7004,#7005),(#7006,#7007,#7008,#7009,#7010,
#7011,#7012,#7013,#7014,#7015,#7016,#7017,#7018,#7019,#7020,#7021,#7022,
#7023,#7024,#7025,#7026,#7027,#7028,#7029,#7030,#7031,#7032,#7033,#7034,
#7035,#7036,#7037,#7038),(#7039,#7040,#7041,#7042,#7043,#7044,#7045,#7046,
#7047,#7048,#7049,#7050,#7051,#7052,#7053,#7054,#7055,#7056,#7057,#7058,
#7059,#7060,#7061,#7062,#7063,#7064,#7065,#7066,#7067,#7068,#7069,#7070,
#7071),(#7072,#7073,#7074,#7075,#7076,#7077,#7078,#7079,#7080,#7081,#7082,
#7083,#7084,#7085,#7086,#7087,#7088,#7089,#7090,#7091,#7092,#7093,#7094,
#7095,#7096,#7097,#7098,#7099,#7100,#7101,#7102,#7103,#7104),(#7105,#7106,
#7107,#7108,#7109,#7110,#7111,#7112,#7113,#7114,#7115,#7116,#7117,#7118,
#7119,#7120,#7121,#7122,#7123,#7124,#7125,#7126,#7127,#7128,#7129,#7130,
#7131,#7132,#7133,#7134,#7135,#7136,#7137),(#7138,#7139,#7140,#7141,#7142,
#7143,#7144,#7145,#7146,#7147,#7148,#7149,#7150,#7151,#7152,#7153,#7154,
#7155,#7156,#7157,#7158,#7159,#7160,#7161,#7162,#7163,#7164,#7165,#7166,
#7167,#7168,#7169,#7170),(#7171,#7172,#7173,#7174,#7175,#7176,#7177,#7178,
#7179,#7180,#7181,#7182,#7183,#7184,#7185,#7186,#7187,#7188,#7189,#7190,
#7191,#7192,#7193,#7194,#7195,#7196,#7197,#7198,#7199,#7200,#7201,#7202,
#7203)),.UNSPECIFIED.,.F.,.F.,.F.,(6,3,3,3,3,3,3,3,3,3,3,3,3,6),(6,3,3,
3,3,3,3,3,3,3,6),(-1.5784693981694,-1.52865941762514,-1.47884943708088,
-1.37922947599236,-1.17998955381532,-0.781509709461248,0.0154499792469023,
0.812409667955053,1.21088951230913,1.31050947339765,1.41012943448617,1.45993941503043,
1.50974939557468,1.6093693566632),(-1.07127510960656,-1.00176438633148,
-0.932253663056395,-0.793232216506234,-0.654210769956073,-0.515189323405912,
-0.237146430305589,0.0408964627947326,0.318939355895055,0.596982248995377,
1.15306803519602),.UNSPECIFIED.);
#1617=B_SPLINE_SURFACE_WITH_KNOTS('',5,5,((#7204,#7205,#7206,#7207,#7208,
#7209,#7210,#7211,#7212),(#7213,#7214,#7215,#7216,#7217,#7218,#7219,#7220,
#7221),(#7222,#7223,#7224,#7225,#7226,#7227,#7228,#7229,#7230),(#7231,#7232,
#7233,#7234,#7235,#7236,#7237,#7238,#7239),(#7240,#7241,#7242,#7243,#7244,
#7245,#7246,#7247,#7248),(#7249,#7250,#7251,#7252,#7253,#7254,#7255,#7256,
#7257)),.UNSPECIFIED.,.F.,.F.,.F.,(6,6),(6,1,1,1,6),(0.,1.),(-7.67348019883653E-9,
0.262626262626263,0.373737373737374,0.505050505050505,1.000000828893),
 .UNSPECIFIED.);
#1618=B_SPLINE_SURFACE_WITH_KNOTS('',5,5,((#7258,#7259,#7260,#7261,#7262,
#7263,#7264,#7265,#7266,#7267),(#7268,#7269,#7270,#7271,#7272,#7273,#7274,
#7275,#7276,#7277),(#7278,#7279,#7280,#7281,#7282,#7283,#7284,#7285,#7286,
#7287),(#7288,#7289,#7290,#7291,#7292,#7293,#7294,#7295,#7296,#7297),(#7298,
#7299,#7300,#7301,#7302,#7303,#7304,#7305,#7306,#7307),(#7308,#7309,#7310,
#7311,#7312,#7313,#7314,#7315,#7316,#7317)),.UNSPECIFIED.,.F.,.F.,.F.,(6,
6),(6,1,1,1,1,6),(0.,1.),(-8.92225013967271E-7,0.282828282828283,0.494949494949495,
0.616161616161616,0.727272727272727,1.),.UNSPECIFIED.);
#1619=B_SPLINE_SURFACE_WITH_KNOTS('',5,5,((#7318,#7319,#7320,#7321,#7322,
#7323),(#7324,#7325,#7326,#7327,#7328,#7329),(#7330,#7331,#7332,#7333,#7334,
#7335),(#7336,#7337,#7338,#7339,#7340,#7341),(#7342,#7343,#7344,#7345,#7346,
#7347),(#7348,#7349,#7350,#7351,#7352,#7353),(#7354,#7355,#7356,#7357,#7358,
#7359),(#7360,#7361,#7362,#7363,#7364,#7365),(#7366,#7367,#7368,#7369,#7370,
#7371),(#7372,#7373,#7374,#7375,#7376,#7377)),.UNSPECIFIED.,.F.,.F.,.F.,
(6,1,1,1,1,6),(6,6),(-7.38984180657904E-10,0.282828282828283,0.494949494949495,
0.616161616161616,0.727272727272727,1.00000000090066),(-9.00655727412764E-10,
1.00000005628837),.UNSPECIFIED.);
#1620=B_SPLINE_SURFACE_WITH_KNOTS('',5,5,((#7378,#7379,#7380,#7381,#7382,
#7383,#7384,#7385,#7386,#7387),(#7388,#7389,#7390,#7391,#7392,#7393,#7394,
#7395,#7396,#7397),(#7398,#7399,#7400,#7401,#7402,#7403,#7404,#7405,#7406,
#7407),(#7408,#7409,#7410,#7411,#7412,#7413,#7414,#7415,#7416,#7417),(#7418,
#7419,#7420,#7421,#7422,#7423,#7424,#7425,#7426,#7427),(#7428,#7429,#7430,
#7431,#7432,#7433,#7434,#7435,#7436,#7437)),.UNSPECIFIED.,.F.,.F.,.F.,(6,
6),(6,1,1,1,1,6),(0.,1.),(-5.99042682620924E-7,0.282828282828283,0.494949494949495,
0.616161616161616,0.727272727272727,1.),.UNSPECIFIED.);
#1621=B_SPLINE_SURFACE_WITH_KNOTS('',5,5,((#7438,#7439,#7440,#7441,#7442,
#7443,#7444,#7445,#7446),(#7447,#7448,#7449,#7450,#7451,#7452,#7453,#7454,
#7455),(#7456,#7457,#7458,#7459,#7460,#7461,#7462,#7463,#7464),(#7465,#7466,
#7467,#7468,#7469,#7470,#7471,#7472,#7473),(#7474,#7475,#7476,#7477,#7478,
#7479,#7480,#7481,#7482),(#7483,#7484,#7485,#7486,#7487,#7488,#7489,#7490,
#7491)),.UNSPECIFIED.,.F.,.F.,.F.,(6,6),(6,1,1,1,6),(0.,1.),(0.,0.262626262626263,
0.373737373737374,0.505050505050505,1.),.UNSPECIFIED.);
#1622=B_SPLINE_SURFACE_WITH_KNOTS('',5,5,((#7492,#7493,#7494,#7495,#7496,
#7497),(#7498,#7499,#7500,#7501,#7502,#7503),(#7504,#7505,#7506,#7507,#7508,
#7509),(#7510,#7511,#7512,#7513,#7514,#7515),(#7516,#7517,#7518,#7519,#7520,
#7521),(#7522,#7523,#7524,#7525,#7526,#7527),(#7528,#7529,#7530,#7531,#7532,
#7533),(#7534,#7535,#7536,#7537,#7538,#7539),(#7540,#7541,#7542,#7543,#7544,
#7545)),.UNSPECIFIED.,.F.,.F.,.F.,(6,1,1,1,6),(6,6),(-1.2626571594257E-9,
0.262626262626263,0.373737373737374,0.505050505050505,1.0000000003069),
(-1.2626571594257E-9,1.00000000126266),.UNSPECIFIED.);
#1623=B_SPLINE_SURFACE_WITH_KNOTS('',5,5,((#7546,#7547,#7548,#7549,#7550,
#7551,#7552,#7553,#7554),(#7555,#7556,#7557,#7558,#7559,#7560,#7561,#7562,
#7563),(#7564,#7565,#7566,#7567,#7568,#7569,#7570,#7571,#7572),(#7573,#7574,
#7575,#7576,#7577,#7578,#7579,#7580,#7581),(#7582,#7583,#7584,#7585,#7586,
#7587,#7588,#7589,#7590),(#7591,#7592,#7593,#7594,#7595,#7596,#7597,#7598,
#7599)),.UNSPECIFIED.,.F.,.F.,.F.,(6,6),(6,1,1,1,6),(0.,1.),(0.,0.262626262626263,
0.373737373737374,0.505050505050505,1.),.UNSPECIFIED.);
#1624=B_SPLINE_SURFACE_WITH_KNOTS('',5,5,((#7600,#7601,#7602,#7603,#7604,
#7605),(#7606,#7607,#7608,#7609,#7610,#7611),(#7612,#7613,#7614,#7615,#7616,
#7617),(#7618,#7619,#7620,#7621,#7622,#7623),(#7624,#7625,#7626,#7627,#7628,
#7629),(#7630,#7631,#7632,#7633,#7634,#7635),(#7636,#7637,#7638,#7639,#7640,
#7641),(#7642,#7643,#7644,#7645,#7646,#7647),(#7648,#7649,#7650,#7651,#7652,
#7653),(#7654,#7655,#7656,#7657,#7658,#7659)),.UNSPECIFIED.,.F.,.F.,.F.,
(6,1,1,1,1,6),(6,6),(-7.40039889746836E-10,0.282828282828283,0.494949494949495,
0.616161616161616,0.727272727272727,1.00000000089878),(-1.08954733273772E-7,
1.00000001293457),.UNSPECIFIED.);
#1625=ADVANCED_FACE('',(#217),#1611,.F.);
#1626=ADVANCED_FACE('',(#218),#1612,.F.);
#1627=ADVANCED_FACE('',(#219),#1613,.F.);
#1628=ADVANCED_FACE('',(#220),#1614,.F.);
#1629=ADVANCED_FACE('',(#221),#175,.F.);
#1630=ADVANCED_FACE('',(#222),#176,.T.);
#1631=ADVANCED_FACE('',(#223),#177,.T.);
#1632=ADVANCED_FACE('',(#224),#147,.T.);
#1633=ADVANCED_FACE('',(#225),#148,.T.);
#1634=ADVANCED_FACE('',(#226),#149,.T.);
#1635=ADVANCED_FACE('',(#227),#150,.T.);
#1636=ADVANCED_FACE('',(#228),#151,.T.);
#1637=ADVANCED_FACE('',(#229),#152,.F.);
#1638=ADVANCED_FACE('',(#230),#153,.T.);
#1639=ADVANCED_FACE('',(#231),#154,.T.);
#1640=ADVANCED_FACE('',(#232),#155,.T.);
#1641=ADVANCED_FACE('',(#233),#156,.T.);
#1642=ADVANCED_FACE('',(#234),#157,.F.);
#1643=ADVANCED_FACE('',(#235),#158,.F.);
#1644=ADVANCED_FACE('',(#236),#159,.F.);
#1645=ADVANCED_FACE('',(#237),#160,.F.);
#1646=ADVANCED_FACE('',(#238),#161,.T.);
#1647=ADVANCED_FACE('',(#239),#162,.T.);
#1648=ADVANCED_FACE('',(#240),#163,.T.);
#1649=ADVANCED_FACE('',(#241),#164,.T.);
#1650=ADVANCED_FACE('',(#242),#56,.F.);
#1651=ADVANCED_FACE('',(#243),#57,.F.);
#1652=ADVANCED_FACE('',(#244),#58,.F.);
#1653=ADVANCED_FACE('',(#245),#59,.T.);
#1654=ADVANCED_FACE('',(#246),#60,.T.);
#1655=ADVANCED_FACE('',(#247),#61,.T.);
#1656=ADVANCED_FACE('',(#248),#165,.F.);
#1657=ADVANCED_FACE('',(#249),#166,.T.);
#1658=ADVANCED_FACE('',(#250),#167,.T.);
#1659=ADVANCED_FACE('',(#251),#168,.F.);
#1660=ADVANCED_FACE('',(#252),#169,.T.);
#1661=ADVANCED_FACE('',(#253),#170,.T.);
#1662=ADVANCED_FACE('',(#254),#171,.T.);
#1663=ADVANCED_FACE('',(#255),#172,.T.);
#1664=ADVANCED_FACE('',(#256),#27,.T.);
#1665=ADVANCED_FACE('',(#257),#28,.T.);
#1666=ADVANCED_FACE('',(#258),#29,.F.);
#1667=ADVANCED_FACE('',(#259),#30,.F.);
#1668=ADVANCED_FACE('',(#260),#31,.F.);
#1669=ADVANCED_FACE('',(#261),#32,.F.);
#1670=ADVANCED_FACE('',(#262),#33,.F.);
#1671=ADVANCED_FACE('',(#263),#173,.F.);
#1672=ADVANCED_FACE('',(#264),#34,.T.);
#1673=ADVANCED_FACE('',(#265),#35,.T.);
#1674=ADVANCED_FACE('',(#266),#36,.T.);
#1675=ADVANCED_FACE('',(#267),#174,.T.);
#1676=ADVANCED_FACE('',(#268),#178,.T.);
#1677=ADVANCED_FACE('',(#269),#179,.T.);
#1678=ADVANCED_FACE('',(#270),#180,.T.);
#1679=ADVANCED_FACE('',(#271),#181,.T.);
#1680=ADVANCED_FACE('',(#272),#182,.F.);
#1681=ADVANCED_FACE('',(#273,#15),#183,.T.);
#1682=ADVANCED_FACE('',(#274,#16),#184,.T.);
#1683=ADVANCED_FACE('',(#275),#185,.T.);
#1684=ADVANCED_FACE('',(#276),#186,.T.);
#1685=ADVANCED_FACE('',(#277,#17),#187,.T.);
#1686=ADVANCED_FACE('',(#278),#188,.T.);
#1687=ADVANCED_FACE('',(#279,#18),#189,.T.);
#1688=ADVANCED_FACE('',(#280),#190,.T.);
#1689=ADVANCED_FACE('',(#281),#191,.T.);
#1690=ADVANCED_FACE('',(#282),#192,.T.);
#1691=ADVANCED_FACE('',(#283),#193,.F.);
#1692=ADVANCED_FACE('',(#284),#194,.F.);
#1693=ADVANCED_FACE('',(#285),#195,.T.);
#1694=ADVANCED_FACE('',(#286,#19,#20,#21,#22),#196,.T.);
#1695=ADVANCED_FACE('',(#287),#197,.T.);
#1696=ADVANCED_FACE('',(#288),#198,.F.);
#1697=ADVANCED_FACE('',(#289),#199,.T.);
#1698=ADVANCED_FACE('',(#290,#23,#24),#200,.F.);
#1699=ADVANCED_FACE('',(#291,#25),#201,.F.);
#1700=ADVANCED_FACE('',(#292),#202,.T.);
#1701=ADVANCED_FACE('',(#293,#26),#203,.F.);
#1702=ADVANCED_FACE('',(#294),#204,.T.);
#1703=ADVANCED_FACE('',(#295),#205,.T.);
#1704=ADVANCED_FACE('',(#296),#206,.T.);
#1705=ADVANCED_FACE('',(#297),#207,.F.);
#1706=ADVANCED_FACE('',(#298),#37,.T.);
#1707=ADVANCED_FACE('',(#299),#208,.T.);
#1708=ADVANCED_FACE('',(#300),#209,.T.);
#1709=ADVANCED_FACE('',(#301),#210,.F.);
#1710=ADVANCED_FACE('',(#302),#211,.T.);
#1711=ADVANCED_FACE('',(#303),#212,.T.);
#1712=ADVANCED_FACE('',(#304),#213,.T.);
#1713=ADVANCED_FACE('',(#305),#214,.F.);
#1714=ADVANCED_FACE('',(#306),#215,.F.);
#1715=ADVANCED_FACE('',(#307),#216,.T.);
#1716=ADVANCED_FACE('',(#308),#1615,.F.);
#1717=ADVANCED_FACE('',(#309),#1616,.T.);
#1718=ADVANCED_FACE('',(#310),#1617,.T.);
#1719=ADVANCED_FACE('',(#311),#1618,.T.);
#1720=ADVANCED_FACE('',(#312),#1619,.F.);
#1721=ADVANCED_FACE('',(#313),#1620,.T.);
#1722=ADVANCED_FACE('',(#314),#1621,.T.);
#1723=ADVANCED_FACE('',(#315),#1622,.F.);
#1724=ADVANCED_FACE('',(#316),#1623,.F.);
#1725=ADVANCED_FACE('',(#317),#1624,.F.);
#1726=CLOSED_SHELL('',(#1625,#1626,#1627,#1628,#1629,#1630,#1631,#1632,
#1633,#1634,#1635,#1636,#1637,#1638,#1639,#1640,#1641,#1642,#1643,#1644,
#1645,#1646,#1647,#1648,#1649,#1650,#1651,#1652,#1653,#1654,#1655,#1656,
#1657,#1658,#1659,#1660,#1661,#1662,#1663,#1664,#1665,#1666,#1667,#1668,
#1669,#1670,#1671,#1672,#1673,#1674,#1675,#1676,#1677,#1678,#1679,#1680,
#1681,#1682,#1683,#1684,#1685,#1686,#1687,#1688,#1689,#1690,#1691,#1692,
#1693,#1694,#1695,#1696,#1697,#1698,#1699,#1700,#1701,#1702,#1703,#1704,
#1705,#1706,#1707,#1708,#1709,#1710,#1711,#1712,#1713,#1714,#1715,#1716,
#1717,#1718,#1719,#1720,#1721,#1722,#1723,#1724,#1725));
#1727=DERIVED_UNIT_ELEMENT(#1729,1.);
#1728=DERIVED_UNIT_ELEMENT(#7665,-3.);
#1729=(
MASS_UNIT()
NAMED_UNIT(*)
SI_UNIT(.KILO.,.GRAM.)
);
#1730=DERIVED_UNIT((#1727,#1728));
#1731=MEASURE_REPRESENTATION_ITEM('density measure',
POSITIVE_RATIO_MEASURE(7850.),#1730);
#1732=PROPERTY_DEFINITION_REPRESENTATION(#1737,#1734);
#1733=PROPERTY_DEFINITION_REPRESENTATION(#1738,#1735);
#1734=REPRESENTATION('material name',(#1736),#7662);
#1735=REPRESENTATION('density',(#1731),#7662);
#1736=DESCRIPTIVE_REPRESENTATION_ITEM('Steel','Steel');
#1737=PROPERTY_DEFINITION('material property','material name',#7672);
#1738=PROPERTY_DEFINITION('material property','density of part',#7672);
#1739=AXIS2_PLACEMENT_3D('',#2361,#1925,#1926);
#1740=AXIS2_PLACEMENT_3D('',#3041,#1933,#1934);
#1741=AXIS2_PLACEMENT_3D('',#3051,#1937,#1938);
#1742=AXIS2_PLACEMENT_3D('',#3060,#1941,#1942);
#1743=AXIS2_PLACEMENT_3D('',#3067,#1944,#1945);
#1744=AXIS2_PLACEMENT_3D('',#3069,#1946,#1947);
#1745=AXIS2_PLACEMENT_3D('',#3072,#1949,#1950);
#1746=AXIS2_PLACEMENT_3D('',#3073,#1951,#1952);
#1747=AXIS2_PLACEMENT_3D('',#3075,#1953,#1954);
#1748=AXIS2_PLACEMENT_3D('',#3078,#1956,#1957);
#1749=AXIS2_PLACEMENT_3D('',#3079,#1958,#1959);
#1750=AXIS2_PLACEMENT_3D('',#3081,#1960,#1961);
#1751=AXIS2_PLACEMENT_3D('',#3084,#1963,#1964);
#1752=AXIS2_PLACEMENT_3D('',#3085,#1965,#1966);
#1753=AXIS2_PLACEMENT_3D('',#3087,#1967,#1968);
#1754=AXIS2_PLACEMENT_3D('',#3090,#1970,#1971);
#1755=AXIS2_PLACEMENT_3D('',#3091,#1972,#1973);
#1756=AXIS2_PLACEMENT_3D('',#3093,#1974,#1975);
#1757=AXIS2_PLACEMENT_3D('',#3097,#1977,#1978);
#1758=AXIS2_PLACEMENT_3D('',#3106,#1979,#1980);
#1759=AXIS2_PLACEMENT_3D('',#3115,#1981,#1982);
#1760=AXIS2_PLACEMENT_3D('',#3124,#1983,#1984);
#1761=AXIS2_PLACEMENT_3D('',#3134,#1985,#1986);
#1762=AXIS2_PLACEMENT_3D('',#3144,#1987,#1988);
#1763=AXIS2_PLACEMENT_3D('',#3153,#1989,#1990);
#1764=AXIS2_PLACEMENT_3D('',#3154,#1991,#1992);
#1765=AXIS2_PLACEMENT_3D('',#3162,#1993,#1994);
#1766=AXIS2_PLACEMENT_3D('',#3166,#1996,#1997);
#1767=AXIS2_PLACEMENT_3D('',#3171,#1998,#1999);
#1768=AXIS2_PLACEMENT_3D('',#3172,#2000,#2001);
#1769=AXIS2_PLACEMENT_3D('',#3186,#2002,#2003);
#1770=AXIS2_PLACEMENT_3D('',#3206,#2004,#2005);
#1771=AXIS2_PLACEMENT_3D('',#3229,#2006,#2007);
#1772=AXIS2_PLACEMENT_3D('',#3236,#2008,#2009);
#1773=AXIS2_PLACEMENT_3D('',#3240,#2011,#2012);
#1774=AXIS2_PLACEMENT_3D('',#3250,#2013,#2014);
#1775=AXIS2_PLACEMENT_3D('',#3259,#2015,#2016);
#1776=AXIS2_PLACEMENT_3D('',#3260,#2017,#2018);
#1777=AXIS2_PLACEMENT_3D('',#3262,#2019,#2020);
#1778=AXIS2_PLACEMENT_3D('',#3275,#2022,#2023);
#1779=AXIS2_PLACEMENT_3D('',#3286,#2024,#2025);
#1780=AXIS2_PLACEMENT_3D('',#3287,#2026,#2027);
#1781=AXIS2_PLACEMENT_3D('',#3288,#2028,#2029);
#1782=AXIS2_PLACEMENT_3D('',#3295,#2030,#2031);
#1783=AXIS2_PLACEMENT_3D('',#3297,#2032,#2033);
#1784=AXIS2_PLACEMENT_3D('',#3301,#2035,#2036);
#1785=AXIS2_PLACEMENT_3D('',#3311,#2037,#2038);
#1786=AXIS2_PLACEMENT_3D('',#3321,#2039,#2040);
#1787=AXIS2_PLACEMENT_3D('',#3331,#2041,#2042);
#1788=AXIS2_PLACEMENT_3D('',#3341,#2043,#2044);
#1789=AXIS2_PLACEMENT_3D('',#3350,#2045,#2046);
#1790=AXIS2_PLACEMENT_3D('',#3360,#2047,#2048);
#1791=AXIS2_PLACEMENT_3D('',#3370,#2049,#2050);
#1792=AXIS2_PLACEMENT_3D('',#3379,#2051,#2052);
#1793=AXIS2_PLACEMENT_3D('',#3380,#2053,#2054);
#1794=AXIS2_PLACEMENT_3D('',#3383,#2055,#2056);
#1795=AXIS2_PLACEMENT_3D('',#3387,#2058,#2059);
#1796=AXIS2_PLACEMENT_3D('',#3392,#2060,#2061);
#1797=AXIS2_PLACEMENT_3D('',#3394,#2062,#2063);
#1798=AXIS2_PLACEMENT_3D('',#3397,#2065,#2066);
#1799=AXIS2_PLACEMENT_3D('',#3398,#2067,#2068);
#1800=AXIS2_PLACEMENT_3D('',#3400,#2069,#2070);
#1801=AXIS2_PLACEMENT_3D('',#3403,#2072,#2073);
#1802=AXIS2_PLACEMENT_3D('',#3404,#2074,#2075);
#1803=AXIS2_PLACEMENT_3D('',#3406,#2076,#2077);
#1804=AXIS2_PLACEMENT_3D('',#3409,#2079,#2080);
#1805=AXIS2_PLACEMENT_3D('',#3410,#2081,#2082);
#1806=AXIS2_PLACEMENT_3D('',#3412,#2083,#2084);
#1807=AXIS2_PLACEMENT_3D('',#3415,#2086,#2087);
#1808=AXIS2_PLACEMENT_3D('',#3416,#2088,#2089);
#1809=AXIS2_PLACEMENT_3D('',#3424,#2090,#2091);
#1810=AXIS2_PLACEMENT_3D('',#3436,#2092,#2093);
#1811=AXIS2_PLACEMENT_3D('',#3439,#2094,#2095);
#1812=AXIS2_PLACEMENT_3D('',#3462,#2097,#2098);
#1813=AXIS2_PLACEMENT_3D('',#3483,#2099,#2100);
#1814=AXIS2_PLACEMENT_3D('',#3484,#2101,#2102);
#1815=AXIS2_PLACEMENT_3D('',#3489,#2104,#2105);
#1816=AXIS2_PLACEMENT_3D('',#3511,#2106,#2107);
#1817=AXIS2_PLACEMENT_3D('',#3514,#2108,#2109);
#1818=AXIS2_PLACEMENT_3D('',#3610,#2110,#2111);
#1819=AXIS2_PLACEMENT_3D('',#3612,#2112,#2113);
#1820=AXIS2_PLACEMENT_3D('',#3613,#2114,#2115);
#1821=AXIS2_PLACEMENT_3D('',#3614,#2116,#2117);
#1822=AXIS2_PLACEMENT_3D('',#3661,#2118,#2119);
#1823=AXIS2_PLACEMENT_3D('',#3699,#2120,#2121);
#1824=AXIS2_PLACEMENT_3D('',#3702,#2122,#2123);
#1825=AXIS2_PLACEMENT_3D('',#3704,#2124,#2125);
#1826=AXIS2_PLACEMENT_3D('',#3706,#2126,#2127);
#1827=AXIS2_PLACEMENT_3D('',#3708,#2128,#2129);
#1828=AXIS2_PLACEMENT_3D('',#3716,#2130,#2131);
#1829=AXIS2_PLACEMENT_3D('',#3717,#2132,#2133);
#1830=AXIS2_PLACEMENT_3D('',#3719,#2134,#2135);
#1831=AXIS2_PLACEMENT_3D('',#3833,#2136,#2137);
#1832=AXIS2_PLACEMENT_3D('',#3835,#2138,#2139);
#1833=AXIS2_PLACEMENT_3D('',#3836,#2140,#2141);
#1834=AXIS2_PLACEMENT_3D('',#3837,#2142,#2143);
#1835=AXIS2_PLACEMENT_3D('',#3840,#2144,#2145);
#1836=AXIS2_PLACEMENT_3D('',#3841,#2146,#2147);
#1837=AXIS2_PLACEMENT_3D('',#3842,#2148,#2149);
#1838=AXIS2_PLACEMENT_3D('',#3843,#2150,#2151);
#1839=AXIS2_PLACEMENT_3D('',#3845,#2152,#2153);
#1840=AXIS2_PLACEMENT_3D('',#3847,#2154,#2155);
#1841=AXIS2_PLACEMENT_3D('',#3849,#2156,#2157);
#1842=AXIS2_PLACEMENT_3D('',#3883,#2158,#2159);
#1843=AXIS2_PLACEMENT_3D('',#3884,#2160,#2161);
#1844=AXIS2_PLACEMENT_3D('',#3885,#2162,#2163);
#1845=AXIS2_PLACEMENT_3D('',#3902,#2165,#2166);
#1846=AXIS2_PLACEMENT_3D('',#3922,#2167,#2168);
#1847=AXIS2_PLACEMENT_3D('',#3941,#2170,#2171);
#1848=AXIS2_PLACEMENT_3D('',#3956,#2173,#2174);
#1849=AXIS2_PLACEMENT_3D('',#3962,#2175,#2176);
#1850=AXIS2_PLACEMENT_3D('',#3963,#2177,#2178);
#1851=AXIS2_PLACEMENT_3D('',#3964,#2179,#2180);
#1852=AXIS2_PLACEMENT_3D('',#3965,#2181,#2182);
#1853=AXIS2_PLACEMENT_3D('',#3980,#2183,#2184);
#1854=AXIS2_PLACEMENT_3D('',#3985,#2185,#2186);
#1855=AXIS2_PLACEMENT_3D('',#4001,#2187,#2188);
#1856=AXIS2_PLACEMENT_3D('',#4002,#2189,#2190);
#1857=AXIS2_PLACEMENT_3D('',#4005,#2191,#2192);
#1858=AXIS2_PLACEMENT_3D('',#4009,#2194,#2195);
#1859=AXIS2_PLACEMENT_3D('',#4011,#2197,#2198);
#1860=AXIS2_PLACEMENT_3D('',#4016,#2200,#2201);
#1861=AXIS2_PLACEMENT_3D('',#4019,#2203,#2204);
#1862=AXIS2_PLACEMENT_3D('',#4020,#2205,#2206);
#1863=AXIS2_PLACEMENT_3D('',#4023,#2208,#2209);
#1864=AXIS2_PLACEMENT_3D('',#4026,#2211,#2212);
#1865=AXIS2_PLACEMENT_3D('',#4027,#2213,#2214);
#1866=AXIS2_PLACEMENT_3D('',#4029,#2215,#2216);
#1867=AXIS2_PLACEMENT_3D('',#4032,#2218,#2219);
#1868=AXIS2_PLACEMENT_3D('',#4034,#2221,#2222);
#1869=AXIS2_PLACEMENT_3D('',#4037,#2225,#2226);
#1870=AXIS2_PLACEMENT_3D('',#4039,#2228,#2229);
#1871=AXIS2_PLACEMENT_3D('',#4048,#2230,#2231);
#1872=AXIS2_PLACEMENT_3D('',#4054,#2233,#2234);
#1873=AXIS2_PLACEMENT_3D('',#4057,#2236,#2237);
#1874=AXIS2_PLACEMENT_3D('',#4080,#2239,#2240);
#1875=AXIS2_PLACEMENT_3D('',#4081,#2241,#2242);
#1876=AXIS2_PLACEMENT_3D('',#4083,#2243,#2244);
#1877=AXIS2_PLACEMENT_3D('',#4084,#2245,#2246);
#1878=AXIS2_PLACEMENT_3D('',#4085,#2247,#2248);
#1879=AXIS2_PLACEMENT_3D('',#4086,#2249,#2250);
#1880=AXIS2_PLACEMENT_3D('',#4089,#2253,#2254);
#1881=AXIS2_PLACEMENT_3D('',#4092,#2257,#2258);
#1882=AXIS2_PLACEMENT_3D('',#4094,#2260,#2261);
#1883=AXIS2_PLACEMENT_3D('',#4095,#2262,#2263);
#1884=AXIS2_PLACEMENT_3D('',#4096,#2264,#2265);
#1885=AXIS2_PLACEMENT_3D('',#4097,#2266,#2267);
#1886=AXIS2_PLACEMENT_3D('',#4098,#2268,#2269);
#1887=AXIS2_PLACEMENT_3D('',#4099,#2270,#2271);
#1888=AXIS2_PLACEMENT_3D('',#4100,#2272,#2273);
#1889=AXIS2_PLACEMENT_3D('',#4103,#2276,#2277);
#1890=AXIS2_PLACEMENT_3D('',#4104,#2278,#2279);
#1891=AXIS2_PLACEMENT_3D('',#4105,#2280,#2281);
#1892=AXIS2_PLACEMENT_3D('',#4108,#2284,#2285);
#1893=AXIS2_PLACEMENT_3D('',#4109,#2286,#2287);
#1894=AXIS2_PLACEMENT_3D('',#4110,#2288,#2289);
#1895=AXIS2_PLACEMENT_3D('',#4147,#2290,#2291);
#1896=AXIS2_PLACEMENT_3D('',#4148,#2292,#2293);
#1897=AXIS2_PLACEMENT_3D('',#4185,#2294,#2295);
#1898=AXIS2_PLACEMENT_3D('',#4222,#2296,#2297);
#1899=AXIS2_PLACEMENT_3D('',#4259,#2298,#2299);
#1900=AXIS2_PLACEMENT_3D('',#4264,#2303,#2304);
#1901=AXIS2_PLACEMENT_3D('',#4266,#2306,#2307);
#1902=AXIS2_PLACEMENT_3D('',#4303,#2308,#2309);
#1903=AXIS2_PLACEMENT_3D('',#4558,#2310,#2311);
#1904=AXIS2_PLACEMENT_3D('',#4560,#2313,#2314);
#1905=AXIS2_PLACEMENT_3D('',#4562,#2316,#2317);
#1906=AXIS2_PLACEMENT_3D('',#4563,#2318,#2319);
#1907=AXIS2_PLACEMENT_3D('',#4564,#2320,#2321);
#1908=AXIS2_PLACEMENT_3D('',#4565,#2322,#2323);
#1909=AXIS2_PLACEMENT_3D('',#4602,#2324,#2325);
#1910=AXIS2_PLACEMENT_3D('',#4603,#2326,#2327);
#1911=AXIS2_PLACEMENT_3D('',#4640,#2328,#2329);
#1912=AXIS2_PLACEMENT_3D('',#4677,#2330,#2331);
#1913=AXIS2_PLACEMENT_3D('',#4678,#2332,#2333);
#1914=AXIS2_PLACEMENT_3D('',#4680,#2335,#2336);
#1915=AXIS2_PLACEMENT_3D('',#4681,#2337,#2338);
#1916=AXIS2_PLACEMENT_3D('',#4682,#2339,#2340);
#1917=AXIS2_PLACEMENT_3D('',#4685,#2343,#2344);
#1918=AXIS2_PLACEMENT_3D('',#4686,#2345,#2346);
#1919=AXIS2_PLACEMENT_3D('',#4687,#2347,#2348);
#1920=AXIS2_PLACEMENT_3D('',#4722,#2349,#2350);
#1921=AXIS2_PLACEMENT_3D('',#4723,#2351,#2352);
#1922=AXIS2_PLACEMENT_3D('',#4726,#2355,#2356);
#1923=AXIS2_PLACEMENT_3D('',#4727,#2357,#2358);
#1924=AXIS2_PLACEMENT_3D('',#4728,#2359,#2360);
#1925=DIRECTION('axis',(0.,0.,1.));
#1926=DIRECTION('refdir',(1.,0.,0.));
#1927=DIRECTION('',(0.0617167319872497,-5.15557476401529E-5,0.998093704185543));
#1928=DIRECTION('',(0.0246796791118425,-0.0505733231060824,0.998415370689446));
#1929=DIRECTION('',(-0.0269962578823875,-0.0554992237680258,0.998093702124953));
#1930=DIRECTION('',(-0.0270023625306754,-0.0554956498524799,-0.998093735710836));
#1931=DIRECTION('',(0.0364579972682865,-0.0445551461054524,-0.998341451303464));
#1932=DIRECTION('',(0.0617215192331026,-6.24472985116713E-5,-0.998093407534532));
#1933=DIRECTION('center_axis',(0.00716949771363236,-0.999974228725198,0.000374416853261794));
#1934=DIRECTION('ref_axis',(0.,-0.000374426476463691,-0.999999929902404));
#1935=DIRECTION('',(-0.999974298817389,-0.00716949821617111,0.));
#1936=DIRECTION('',(0.998601933207678,0.00717926757869265,0.0523701929624275));
#1937=DIRECTION('center_axis',(-0.0523688399026029,-0.000376454750477177,
0.998627739895641));
#1938=DIRECTION('ref_axis',(0.998627810657501,0.,0.0523688436134116));
#1939=DIRECTION('',(-0.00718834516278876,0.999974163513148,-2.73160615401608E-10));
#1940=DIRECTION('',(0.998601933207678,0.00717926757869265,0.0523701929624275));
#1941=DIRECTION('center_axis',(0.00716949771363236,-0.999974228725198,0.000374416853261794));
#1942=DIRECTION('ref_axis',(0.,-0.000374426476463691,-0.999999929902404));
#1943=DIRECTION('',(0.999974298817389,0.00716949821617111,0.));
#1944=DIRECTION('center_axis',(-1.02256246718349E-6,-5.58098389535698E-7,
-0.999999999999321));
#1945=DIRECTION('ref_axis',(-0.999999999999477,0.,1.02256246718365E-6));
#1946=DIRECTION('center_axis',(0.,0.,1.));
#1947=DIRECTION('ref_axis',(-1.,2.92488840022685E-8,0.));
#1948=DIRECTION('',(0.0523362266162502,-5.57333497306738E-7,-0.998629520584717));
#1949=DIRECTION('center_axis',(4.6185146356636E-8,7.25264764855079E-9,-0.999999999999999));
#1950=DIRECTION('ref_axis',(-0.999999999999999,2.96289209321067E-8,-4.61851461586033E-8));
#1951=DIRECTION('center_axis',(1.36442111704289E-6,1.43066971011214E-6,
-0.999999999998046));
#1952=DIRECTION('ref_axis',(-0.999999999999069,0.,-1.36442111704428E-6));
#1953=DIRECTION('center_axis',(0.,0.,1.));
#1954=DIRECTION('ref_axis',(-0.999999999999997,-7.49804539075262E-8,0.));
#1955=DIRECTION('',(0.0523374887408427,1.42870901426083E-6,-0.998629454437561));
#1956=DIRECTION('center_axis',(0.,0.,-1.));
#1957=DIRECTION('ref_axis',(-0.999999999999997,-7.49804390733595E-8,0.));
#1958=DIRECTION('center_axis',(3.698873717696E-7,6.7983950412225E-7,-0.999999999999701));
#1959=DIRECTION('ref_axis',(-0.999999999999932,0.,-3.69887371769685E-7));
#1960=DIRECTION('center_axis',(0.,0.,1.));
#1961=DIRECTION('ref_axis',(-0.999999999999999,-3.56291337531873E-8,0.));
#1962=DIRECTION('',(0.0523363409678586,6.78907807169086E-7,-0.99862951459169));
#1963=DIRECTION('center_axis',(4.6185146356636E-8,7.25264764855079E-9,-0.999999999999999));
#1964=DIRECTION('ref_axis',(-0.999999999999998,-3.52490033360377E-8,-4.61851465665461E-8));
#1965=DIRECTION('center_axis',(6.65170269298669E-7,1.33398336233019E-6,
-0.999999999998889));
#1966=DIRECTION('ref_axis',(-0.999999999999779,0.,-6.6517026929926E-7));
#1967=DIRECTION('center_axis',(0.,0.,1.));
#1968=DIRECTION('ref_axis',(-0.999999999999998,-6.99115727325424E-8,0.));
#1969=DIRECTION('',(0.0523363130869192,1.33215520599219E-6,-0.998629516052221));
#1970=DIRECTION('center_axis',(0.,0.,-1.));
#1971=DIRECTION('ref_axis',(-0.999999999999998,-6.99115601568487E-8,0.));
#1972=DIRECTION('center_axis',(-3.5071760607843E-7,1.01961054184205E-7,
-0.999999999999933));
#1973=DIRECTION('ref_axis',(-0.999999999999938,0.,3.50717606078432E-7));
#1974=DIRECTION('center_axis',(0.,0.,1.));
#1975=DIRECTION('ref_axis',(-1.,-5.34347489449035E-9,0.));
#1976=DIRECTION('',(0.0523358287175679,1.01821318919394E-7,-0.998629541437882));
#1977=DIRECTION('center_axis',(4.6185146356636E-8,7.25264764855079E-9,-0.999999999999999));
#1978=DIRECTION('ref_axis',(-0.999999999999999,-4.963470098141E-9,-4.61851463482832E-8));
#1979=DIRECTION('center_axis',(0.,0.,-1.));
#1980=DIRECTION('ref_axis',(-1.,-5.34353284112161E-9,0.));
#1981=DIRECTION('center_axis',(4.6185146356636E-8,7.25264764855079E-9,-0.999999999999999));
#1982=DIRECTION('ref_axis',(-0.999999999999999,-4.963470098141E-9,-4.61851463482832E-8));
#1983=DIRECTION('center_axis',(0.,0.,-1.));
#1984=DIRECTION('ref_axis',(-1.,-5.34353284112161E-9,0.));
#1985=DIRECTION('center_axis',(4.6185146356636E-8,7.25264764855079E-9,-0.999999999999999));
#1986=DIRECTION('ref_axis',(-0.999999999999999,-4.963470098141E-9,-4.61851463482832E-8));
#1987=DIRECTION('center_axis',(0.,0.,-1.));
#1988=DIRECTION('ref_axis',(-1.,-5.34353284112161E-9,0.));
#1989=DIRECTION('center_axis',(4.6185146356636E-8,7.25264764855079E-9,-0.999999999999999));
#1990=DIRECTION('ref_axis',(-0.999999999999999,-4.963470098141E-9,-4.61851463482832E-8));
#1991=DIRECTION('center_axis',(6.82086039145143E-7,-2.91169995595277E-7,
0.999999999999725));
#1992=DIRECTION('ref_axis',(0.977881962894995,-0.209157516346178,-7.27900027935961E-7));
#1993=DIRECTION('center_axis',(0.,0.,-1.));
#1994=DIRECTION('ref_axis',(-1.,1.52595844762599E-8,0.));
#1995=DIRECTION('',(0.0443832944074338,0.0277343550283682,0.998629525263851));
#1996=DIRECTION('center_axis',(2.04878047385488E-7,-2.01755900592194E-7,
0.999999999999959));
#1997=DIRECTION('ref_axis',(-0.999999999999979,-4.0607753853993E-15,2.04878047385796E-7));
#1998=DIRECTION('center_axis',(0.,0.,1.));
#1999=DIRECTION('ref_axis',(-1.,1.52595746823288E-8,0.));
#2000=DIRECTION('center_axis',(-8.48995316529587E-7,-2.96300396503196E-6,
-0.99999999999525));
#2001=DIRECTION('ref_axis',(-0.469780158702586,-0.882783440307013,3.01453198844558E-6));
#2002=DIRECTION('center_axis',(0.,0.,-1.));
#2003=DIRECTION('ref_axis',(-0.999999999999988,1.55282323017048E-7,0.));
#2004=DIRECTION('center_axis',(0.,0.,-1.));
#2005=DIRECTION('ref_axis',(-0.999999999999988,1.55282323017048E-7,0.));
#2006=DIRECTION('center_axis',(0.,0.,-1.));
#2007=DIRECTION('ref_axis',(-0.999999999999988,1.55282323017048E-7,0.));
#2008=DIRECTION('center_axis',(0.,0.,1.));
#2009=DIRECTION('ref_axis',(-0.999999999999988,1.55282326441813E-7,0.));
#2010=DIRECTION('',(-0.0171867123485618,-0.0495289385741337,0.998624805000541));
#2011=DIRECTION('center_axis',(4.6185146356636E-8,7.25264764855079E-9,-0.999999999999999));
#2012=DIRECTION('ref_axis',(-0.999999999999987,1.55662305056301E-7,-4.61851450609861E-8));
#2013=DIRECTION('center_axis',(0.,0.,-1.));
#2014=DIRECTION('ref_axis',(-0.999999999999988,1.55282323017048E-7,0.));
#2015=DIRECTION('center_axis',(4.6185146356636E-8,7.25264764855079E-9,-0.999999999999999));
#2016=DIRECTION('ref_axis',(-0.999999999999987,1.55662305056301E-7,-4.61851450609861E-8));
#2017=DIRECTION('center_axis',(1.56166020360494E-7,-3.35100950728035E-7,
-0.999999999999932));
#2018=DIRECTION('ref_axis',(-0.999999999999988,0.,-1.56166020360503E-7));
#2019=DIRECTION('center_axis',(0.,0.,1.));
#2020=DIRECTION('ref_axis',(-1.,1.75618858800046E-8,0.));
#2021=DIRECTION('',(0.0523360329384811,-3.34641707906837E-7,-0.998629530735072));
#2022=DIRECTION('center_axis',(0.,0.,-1.));
#2023=DIRECTION('ref_axis',(-1.,1.75619494842089E-8,0.));
#2024=DIRECTION('center_axis',(0.,0.,-1.));
#2025=DIRECTION('ref_axis',(-1.,1.75619494842089E-8,0.));
#2026=DIRECTION('center_axis',(4.6185146356636E-8,7.25264764855079E-9,-0.999999999999999));
#2027=DIRECTION('ref_axis',(-0.999999999999999,1.79419983878727E-8,-4.61851462980724E-8));
#2028=DIRECTION('center_axis',(0.,0.,-1.));
#2029=DIRECTION('ref_axis',(-1.,1.75619494842089E-8,0.));
#2030=DIRECTION('center_axis',(2.63139478964548E-8,-5.84312451313353E-7,
-0.999999999999829));
#2031=DIRECTION('ref_axis',(-1.,0.,-2.63139478964593E-8));
#2032=DIRECTION('center_axis',(0.,0.,1.));
#2033=DIRECTION('ref_axis',(-1.,3.06224160972631E-8,0.));
#2034=DIRECTION('',(0.0523358688840143,-5.83511674879791E-7,-0.998629539332687));
#2035=DIRECTION('center_axis',(4.6185146356636E-8,7.25264764855079E-9,-0.999999999999999));
#2036=DIRECTION('ref_axis',(-0.999999999999998,3.10025419554607E-8,-4.61851461331259E-8));
#2037=DIRECTION('center_axis',(0.,0.,-1.));
#2038=DIRECTION('ref_axis',(-1.,3.06224327001621E-8,0.));
#2039=DIRECTION('center_axis',(4.6185146356636E-8,7.25264764855079E-9,-0.999999999999999));
#2040=DIRECTION('ref_axis',(-0.999999999999998,3.10025419554607E-8,-4.61851461331259E-8));
#2041=DIRECTION('center_axis',(0.,0.,-1.));
#2042=DIRECTION('ref_axis',(-1.,3.06224327001621E-8,0.));
#2043=DIRECTION('center_axis',(4.6185146356636E-8,7.25264764855079E-9,-0.999999999999999));
#2044=DIRECTION('ref_axis',(-0.999999999999998,3.10025419554607E-8,-4.61851461331259E-8));
#2045=DIRECTION('center_axis',(0.,0.,-1.));
#2046=DIRECTION('ref_axis',(-1.,3.06224327001621E-8,0.));
#2047=DIRECTION('center_axis',(4.6185146356636E-8,7.25264764855079E-9,-0.999999999999999));
#2048=DIRECTION('ref_axis',(-0.999999999999998,3.10025419554607E-8,-4.61851461331259E-8));
#2049=DIRECTION('center_axis',(0.,0.,-1.));
#2050=DIRECTION('ref_axis',(-1.,3.06224327001621E-8,0.));
#2051=DIRECTION('center_axis',(4.6185146356636E-8,7.25264764855079E-9,-0.999999999999999));
#2052=DIRECTION('ref_axis',(-0.999999999999998,3.10025419554607E-8,-4.61851461331259E-8));
#2053=DIRECTION('center_axis',(-3.58757768236736E-7,-2.50687251370239E-7,
0.999999999999904));
#2054=DIRECTION('ref_axis',(0.977881871175125,-0.209157945168113,2.98389487325538E-7));
#2055=DIRECTION('center_axis',(3.58757768236736E-7,2.50687251370239E-7,
-0.999999999999904));
#2056=DIRECTION('ref_axis',(-0.999999999999936,1.44874278556846E-15,-3.58757768233712E-7));
#2057=DIRECTION('',(-0.0443833273128826,-0.0277335607294986,-0.998629545860677));
#2058=DIRECTION('center_axis',(0.,0.,1.));
#2059=DIRECTION('ref_axis',(-1.,1.31379845138063E-8,0.));
#2060=DIRECTION('center_axis',(-1.0430903194506E-6,-1.13088231816848E-6,
-0.999999999998817));
#2061=DIRECTION('ref_axis',(-0.999999999999456,0.,1.04309031945127E-6));
#2062=DIRECTION('center_axis',(-1.17364860285406E-16,1.85300284988723E-16,
1.));
#2063=DIRECTION('ref_axis',(-0.999999999999998,5.92640010898247E-8,-1.1736506342629E-16));
#2064=DIRECTION('',(-0.0523332798844414,1.12933258013051E-6,0.998629675012345));
#2065=DIRECTION('center_axis',(0.,0.,-1.));
#2066=DIRECTION('ref_axis',(-0.999999999999998,5.92640066967676E-8,0.));
#2067=DIRECTION('center_axis',(-3.39441767394673E-7,-6.9683753615411E-7,
-0.9999999999997));
#2068=DIRECTION('ref_axis',(-0.999999999999942,0.,3.39441767394755E-7));
#2069=DIRECTION('center_axis',(-1.17364860285406E-16,1.85300284988723E-16,
1.));
#2070=DIRECTION('ref_axis',(-0.999999999999999,3.65195360120019E-8,-1.17364875401923E-16));
#2071=DIRECTION('',(-0.0523356987072282,6.95882541548495E-7,0.998629548251173));
#2072=DIRECTION('center_axis',(0.,0.,-1.));
#2073=DIRECTION('ref_axis',(-0.999999999999999,3.65195053975861E-8,0.));
#2074=DIRECTION('center_axis',(-4.2172112469784E-7,3.15439821967243E-7,
-0.999999999999861));
#2075=DIRECTION('ref_axis',(-0.999999999999911,0.,4.21721124697861E-7));
#2076=DIRECTION('center_axis',(0.,0.,1.));
#2077=DIRECTION('ref_axis',(-1.,-1.6531367450125E-8,0.));
#2078=DIRECTION('',(-0.0523354965538595,-3.15007523297844E-7,0.998629558845702));
#2079=DIRECTION('center_axis',(0.,0.,-1.));
#2080=DIRECTION('ref_axis',(-1.,-1.65313468285671E-8,0.));
#2081=DIRECTION('center_axis',(-4.39855494030847E-7,9.09485682416844E-7,
-0.99999999999949));
#2082=DIRECTION('ref_axis',(-0.999999999999903,0.,4.39855494031029E-7));
#2083=DIRECTION('center_axis',(0.,0.,1.));
#2084=DIRECTION('ref_axis',(-0.999999999999999,-4.76638816978789E-8,0.));
#2085=DIRECTION('',(-0.0523356462847057,-9.08239257741574E-7,0.998629550998336));
#2086=DIRECTION('center_axis',(0.,0.,-1.));
#2087=DIRECTION('ref_axis',(-0.999999999999999,-4.76638586119219E-8,0.));
#2088=DIRECTION('center_axis',(-5.8791531022441E-5,0.000197158876565339,
-0.999999978835966));
#2089=DIRECTION('ref_axis',(0.999999998271778,0.,-5.87915321651022E-5));
#2090=DIRECTION('center_axis',(0.,0.,1.));
#2091=DIRECTION('ref_axis',(-0.285775322774775,0.95829664764778,0.));
#2092=DIRECTION('center_axis',(-1.6293211374375E-5,-4.60060968184675E-6,
-0.999999999856683));
#2093=DIRECTION('ref_axis',(0.942649257680391,0.333784925826778,-1.68943977711187E-5));
#2094=DIRECTION('center_axis',(0.,0.,1.));
#2095=DIRECTION('ref_axis',(0.962346597896466,0.271825358487941,0.));
#2096=DIRECTION('',(-0.0412411981839431,0.0322076909724975,0.998629975623891));
#2097=DIRECTION('center_axis',(-1.34700770018081E-6,-2.6247602863723E-6,
-0.999999999995648));
#2098=DIRECTION('ref_axis',(0.999999999999093,0.,-1.34700770018545E-6));
#2099=DIRECTION('center_axis',(0.,0.,1.));
#2100=DIRECTION('ref_axis',(0.99999999999999,1.37562507201423E-7,0.));
#2101=DIRECTION('center_axis',(1.07649737310113E-5,2.27549501634839E-5,
-0.999999999683164));
#2102=DIRECTION('ref_axis',(-0.999999999942058,0.,-1.07649737337982E-5));
#2103=DIRECTION('',(-0.0277325516507632,0.0443783953574882,-0.998629793068699));
#2104=DIRECTION('center_axis',(0.,0.,1.));
#2105=DIRECTION('ref_axis',(0.427505103499333,0.90401293490858,0.));
#2106=DIRECTION('center_axis',(4.6185146356636E-8,7.25264764855079E-9,-0.999999999999999));
#2107=DIRECTION('ref_axis',(-0.999999999999999,0.,-4.61851460249465E-8));
#2108=DIRECTION('center_axis',(2.3092573178318E-8,3.62632382427539E-9,-1.));
#2109=DIRECTION('ref_axis',(-1.,0.,-2.3092573178318E-8));
#2110=DIRECTION('center_axis',(-0.830459944317425,-0.557078343578619,-4.23952070102381E-8));
#2111=DIRECTION('ref_axis',(4.61851461157847E-8,7.25264373397308E-9,-0.999999999999999));
#2112=DIRECTION('center_axis',(-4.6185146356636E-8,-7.25264764855079E-9,
0.999999999999999));
#2113=DIRECTION('ref_axis',(-0.999999999999999,3.70228823868527E-15,-4.61851464418724E-8));
#2114=DIRECTION('center_axis',(0.00718834517710468,-0.999974163513045,-6.92046549154784E-9));
#2115=DIRECTION('ref_axis',(4.6185144916597E-8,7.25265286462507E-9,-0.999999999999999));
#2116=DIRECTION('center_axis',(-2.04878047385488E-7,2.01755900592194E-7,
-0.999999999999959));
#2117=DIRECTION('ref_axis',(0.982278605539445,-0.187426628576163,-2.39061751278793E-7));
#2118=DIRECTION('center_axis',(0.529919175261307,-0.848048151752232,1.83238002329677E-8));
#2119=DIRECTION('ref_axis',(0.846885926472799,0.529192935342896,-0.052336074800062));
#2120=DIRECTION('center_axis',(-4.6185146356636E-8,-7.25264764855078E-9,
0.999999999999999));
#2121=DIRECTION('ref_axis',(-0.279090072642402,0.960264927690509,-5.92535314560926E-9));
#2122=DIRECTION('center_axis',(-0.00718834517710468,0.999974163513045,6.92046549154784E-9));
#2123=DIRECTION('ref_axis',(4.6185144916597E-8,7.25265286462507E-9,-0.999999999999999));
#2124=DIRECTION('center_axis',(-4.6185146356636E-8,-7.25264764855078E-9,
0.999999999999999));
#2125=DIRECTION('ref_axis',(0.999999999999999,-1.49951506557773E-15,4.61851462742775E-8));
#2126=DIRECTION('center_axis',(-0.529919175261307,0.848048151752232,-1.83238002329677E-8));
#2127=DIRECTION('ref_axis',(0.846885926472802,0.529192935342892,-0.0523360748000617));
#2128=DIRECTION('center_axis',(4.6185146356636E-8,7.25264764855078E-9,-0.999999999999999));
#2129=DIRECTION('ref_axis',(0.999999999999999,-8.24009118815234E-16,4.61851463585622E-8));
#2130=DIRECTION('center_axis',(2.3092573178318E-8,3.62632382427539E-9,-1.));
#2131=DIRECTION('ref_axis',(1.,0.,2.3092573178318E-8));
#2132=DIRECTION('center_axis',(-1.17364860285406E-16,1.85300284988723E-16,
1.));
#2133=DIRECTION('ref_axis',(-0.279091005874518,0.960264656456724,0.));
#2134=DIRECTION('center_axis',(-5.8682430142703E-17,9.26501424943616E-17,
1.));
#2135=DIRECTION('ref_axis',(1.,0.,5.8682430142703E-17));
#2136=DIRECTION('center_axis',(0.529919358750474,-0.848048037095474,2.193374544602E-16));
#2137=DIRECTION('ref_axis',(0.848048037095474,0.529919358750473,0.));
#2138=DIRECTION('center_axis',(1.17364860285406E-16,-1.85300284988723E-16,
-1.));
#2139=DIRECTION('ref_axis',(1.,9.03446775962823E-17,1.08259775150542E-16));
#2140=DIRECTION('center_axis',(0.00718834517710436,-0.999974163513045,1.86139156607722E-16));
#2141=DIRECTION('ref_axis',(0.,0.,-1.));
#2142=DIRECTION('center_axis',(1.17364860285406E-16,-1.85300284988723E-16,
-1.));
#2143=DIRECTION('ref_axis',(0.977881878385859,-0.209157911455779,0.));
#2144=DIRECTION('center_axis',(1.17364860285406E-16,-1.85300284988723E-16,
-1.));
#2145=DIRECTION('ref_axis',(-1.,9.03449896130816E-17,-1.08259754436867E-16));
#2146=DIRECTION('center_axis',(-0.529919270554323,0.848048092206553,-2.1933745432117E-16));
#2147=DIRECTION('ref_axis',(0.,0.,-1.));
#2148=DIRECTION('center_axis',(-0.830459971543377,-0.557078302991755,5.75994977259576E-18));
#2149=DIRECTION('ref_axis',(0.557078302991755,-0.830459971543377,2.18330347372552E-16));
#2150=DIRECTION('center_axis',(-1.17364860285406E-16,1.85300284988723E-16,
1.));
#2151=DIRECTION('ref_axis',(1.,0.,0.));
#2152=DIRECTION('center_axis',(-0.00718870197638912,0.999974160948119,-1.86139198008138E-16));
#2153=DIRECTION('ref_axis',(-0.999974160948119,-0.00718870197638912,-1.45553570815848E-16));
#2154=DIRECTION('center_axis',(1.17364860285406E-16,-1.85300284988723E-16,
-1.));
#2155=DIRECTION('ref_axis',(1.,9.03450733673829E-17,1.08259732761894E-16));
#2156=DIRECTION('center_axis',(0.830459863829724,0.557078463564978,-5.75999216865773E-18));
#2157=DIRECTION('ref_axis',(0.,0.,-1.));
#2158=DIRECTION('center_axis',(1.17364860285406E-16,-1.85300284988723E-16,
-1.));
#2159=DIRECTION('ref_axis',(1.,3.10916432417301E-18,1.18313079966926E-16));
#2160=DIRECTION('center_axis',(-5.8682430142703E-17,9.26501424943616E-17,
1.));
#2161=DIRECTION('ref_axis',(1.,0.,5.8682430142703E-17));
#2162=DIRECTION('center_axis',(-0.157198923487251,-0.164800728005228,-0.973719270890433));
#2163=DIRECTION('ref_axis',(-0.987217612855274,0.,0.159378119164251));
#2164=DIRECTION('',(-0.044381549186237,-0.0277373963613862,-0.998629518357494));
#2165=DIRECTION('center_axis',(-0.0255353761445751,-0.0191881334606506,
0.999489749872129));
#2166=DIRECTION('ref_axis',(-0.999673798996477,0.,-0.0255400783074736));
#2167=DIRECTION('center_axis',(-0.000121790534293358,0.00018316755890901,
0.999999975808355));
#2168=DIRECTION('ref_axis',(0.999999992583533,0.,0.000121790536336416));
#2169=DIRECTION('',(-0.0291566885653386,0.0434632992284224,-0.998629475397199));
#2170=DIRECTION('center_axis',(0.00132493191064045,-0.00270027176037985,
0.999995476533695));
#2171=DIRECTION('ref_axis',(-0.999999122270931,0.,0.0013249367410159));
#2172=DIRECTION('',(0.0291529567245369,-0.0434630508355102,0.998629595158429));
#2173=DIRECTION('center_axis',(0.000852162864133027,-0.000948475408721644,
-0.999999187106096));
#2174=DIRECTION('ref_axis',(0.999999636908834,0.,0.000852163247438529));
#2175=DIRECTION('center_axis',(0.,0.,1.));
#2176=DIRECTION('ref_axis',(-0.668329712086119,0.743865173228916,0.));
#2177=DIRECTION('center_axis',(0.00130622942071669,0.00928449829831501,
-0.999956044962002));
#2178=DIRECTION('ref_axis',(-0.99999914680844,0.,-0.00130628572409141));
#2179=DIRECTION('center_axis',(0.,0.,1.));
#2180=DIRECTION('ref_axis',(0.139317254236998,0.990247798620054,0.));
#2181=DIRECTION('center_axis',(-0.0302064907061119,-0.0186163318423967,
-0.999370301794062));
#2182=DIRECTION('ref_axis',(0.99954352160874,0.,-0.0302117263657196));
#2183=DIRECTION('center_axis',(0.,0.,1.));
#2184=DIRECTION('ref_axis',(0.851309395944545,0.524663999504953,0.));
#2185=DIRECTION('center_axis',(-0.000813273982749426,-0.000810498542290304,
-0.999999340838554));
#2186=DIRECTION('ref_axis',(0.999999669292443,0.,-0.000813274249872604));
#2187=DIRECTION('center_axis',(0.,0.,1.));
#2188=DIRECTION('ref_axis',(0.70831428130983,0.705897215529668,0.));
#2189=DIRECTION('center_axis',(-0.8480445277568,-0.529924974823556,0.));
#2190=DIRECTION('ref_axis',(0.,0.,1.));
#2191=DIRECTION('center_axis',(-0.846885926472801,-0.529192935342893,0.0523360748000616));
#2192=DIRECTION('ref_axis',(0.044314257114925,0.027844718967554,0.998629520013288));
#2193=DIRECTION('',(-0.848044527756799,-0.529924974823557,0.));
#2194=DIRECTION('center_axis',(0.846885872137655,0.529193034841049,-0.052335947964703));
#2195=DIRECTION('ref_axis',(0.0443152937237099,0.0278428206980622,0.998629526940675));
#2196=DIRECTION('',(0.848044527756799,0.529924974823557,0.));
#2197=DIRECTION('center_axis',(0.529911323366915,-0.848053058108704,0.));
#2198=DIRECTION('ref_axis',(0.,0.,1.));
#2199=DIRECTION('',(-0.529911323366915,0.848053058108704,0.));
#2200=DIRECTION('center_axis',(0.556315011964471,-0.829321755010833,-0.0523357824888735));
#2201=DIRECTION('ref_axis',(-0.412133669877656,-0.330055029499143,0.849240552290984));
#2202=DIRECTION('',(0.529911323366915,-0.848053058108704,0.));
#2203=DIRECTION('center_axis',(-0.556314892907987,0.829321832546399,0.0523358193846112));
#2204=DIRECTION('ref_axis',(-0.412132051814791,-0.330053967451831,0.849241750290361));
#2205=DIRECTION('center_axis',(-0.529911323366915,0.848053058108704,0.));
#2206=DIRECTION('ref_axis',(0.,0.,-1.));
#2207=DIRECTION('',(-0.529911323366915,0.848053058108704,0.));
#2208=DIRECTION('center_axis',(-0.556315011964471,0.829321755010833,0.0523357824888735));
#2209=DIRECTION('ref_axis',(0.412133669877683,0.330055029499159,-0.849240552290965));
#2210=DIRECTION('',(0.529911323366915,-0.848053058108704,0.));
#2211=DIRECTION('center_axis',(0.556314892907987,-0.829321832546399,-0.0523358193846112));
#2212=DIRECTION('ref_axis',(0.412132051814782,0.330053967451825,-0.849241750290368));
#2213=DIRECTION('center_axis',(0.8480445277568,0.529924974823556,0.));
#2214=DIRECTION('ref_axis',(0.,0.,-1.));
#2215=DIRECTION('center_axis',(0.846885926472801,0.529192935342893,-0.0523360748000616));
#2216=DIRECTION('ref_axis',(-0.0443142571149243,-0.0278447189675553,-0.998629520013288));
#2217=DIRECTION('',(-0.848044527756799,-0.529924974823557,0.));
#2218=DIRECTION('center_axis',(-0.846885872137655,-0.529193034841049,0.052335947964703));
#2219=DIRECTION('ref_axis',(-0.0443152937237111,-0.0278428206980603,-0.998629526940675));
#2220=DIRECTION('',(0.848044527756799,0.529924974823557,0.));
#2221=DIRECTION('center_axis',(0.00718834517710468,-0.999974163513045,-6.92046549154784E-9));
#2222=DIRECTION('ref_axis',(4.6185144916597E-8,7.25265286462507E-9,-0.999999999999999));
#2223=DIRECTION('',(-0.00718834471471365,0.999974163516369,0.));
#2224=DIRECTION('',(0.00718834517710468,-0.999974163513045,-6.92046549154784E-9));
#2225=DIRECTION('center_axis',(0.529919175261307,-0.848048151752232,1.83238002329677E-8));
#2226=DIRECTION('ref_axis',(0.846885926472802,0.529192935342892,-0.0523360748000617));
#2227=DIRECTION('',(-0.529919175261307,0.848048151752232,-1.83238002329677E-8));
#2228=DIRECTION('center_axis',(-0.529187393731482,0.846889417442483,0.0523356182691392));
#2229=DIRECTION('ref_axis',(-0.0278396460053701,0.044316889731659,-0.998629544623434));
#2230=DIRECTION('center_axis',(0.529194140072192,-0.846885018318251,0.0523385886449871));
#2231=DIRECTION('ref_axis',(0.0277109186903712,-0.0444008296116237,-0.998629396380427));
#2232=DIRECTION('',(0.529919175261307,-0.848048151752232,1.83238002329677E-8));
#2233=DIRECTION('center_axis',(0.830459944317425,0.557078343578619,4.23952070102381E-8));
#2234=DIRECTION('ref_axis',(4.61851461157847E-8,7.25264373397308E-9,-0.999999999999999));
#2235=DIRECTION('',(-0.830459944317425,-0.557078343578619,-4.23952070102381E-8));
#2236=DIRECTION('center_axis',(-0.846886347630127,-0.52919240435604,0.0523346287803464));
#2237=DIRECTION('ref_axis',(0.241008789136645,-0.469687019967289,-0.849299044408467));
#2238=DIRECTION('',(0.830459944317425,0.557078343578619,4.23952070102381E-8));
#2239=DIRECTION('center_axis',(0.0835949222576515,-0.0962433100544798,0.991841274722168));
#2240=DIRECTION('ref_axis',(0.99646703633184,0.,-0.0839847932904449));
#2241=DIRECTION('center_axis',(0.,0.,-1.));
#2242=DIRECTION('ref_axis',(-0.655754651069544,0.754974064190724,0.));
#2243=DIRECTION('center_axis',(0.,0.,1.));
#2244=DIRECTION('ref_axis',(-0.655754651070042,0.754974064190292,0.));
#2245=DIRECTION('center_axis',(-0.529191711354186,0.846886912670272,0.052332492601084));
#2246=DIRECTION('ref_axis',(-0.0446415817231379,0.0338019515532316,-0.998431047820754));
#2247=DIRECTION('center_axis',(-4.6185146356636E-8,-7.25264764855079E-9,
0.999999999999999));
#2248=DIRECTION('ref_axis',(-0.655754883825317,0.754973862023875,-2.48105759093839E-8));
#2249=DIRECTION('center_axis',(-0.830459863829724,-0.557078463564978,5.75999216865773E-18));
#2250=DIRECTION('ref_axis',(0.,0.,-1.));
#2251=DIRECTION('',(-0.830459863829724,-0.557078463564978,5.75999216865773E-18));
#2252=DIRECTION('',(0.830459863829724,0.557078463564978,-5.75999216865773E-18));
#2253=DIRECTION('center_axis',(0.529919270554323,-0.848048092206553,2.1933745432117E-16));
#2254=DIRECTION('ref_axis',(0.,0.,-1.));
#2255=DIRECTION('',(-0.529919270554323,0.848048092206553,-2.1933745432117E-16));
#2256=DIRECTION('',(0.529919270554323,-0.848048092206553,2.1933745432117E-16));
#2257=DIRECTION('center_axis',(-0.00718834517710436,0.999974163513045,-1.86139156607722E-16));
#2258=DIRECTION('ref_axis',(0.,0.,-1.));
#2259=DIRECTION('',(-0.00718834517710436,0.999974163513045,-1.86139156607722E-16));
#2260=DIRECTION('center_axis',(0.000418471780708592,0.000123233601134684,
-0.99999990484742));
#2261=DIRECTION('ref_axis',(-0.999999912440679,0.,-0.000418471783886157));
#2262=DIRECTION('center_axis',(0.,0.,1.));
#2263=DIRECTION('ref_axis',(0.959270251558855,0.282489972342756,0.));
#2264=DIRECTION('center_axis',(0.,0.,1.));
#2265=DIRECTION('ref_axis',(1.,0.,0.));
#2266=DIRECTION('center_axis',(0.,0.,1.));
#2267=DIRECTION('ref_axis',(1.,0.,0.));
#2268=DIRECTION('center_axis',(0.,0.,1.));
#2269=DIRECTION('ref_axis',(1.,0.,0.));
#2270=DIRECTION('center_axis',(0.,0.,1.));
#2271=DIRECTION('ref_axis',(1.,0.,0.));
#2272=DIRECTION('center_axis',(0.79690918901172,0.497953752910501,-0.342020181321265));
#2273=DIRECTION('ref_axis',(-0.394394334564403,0.,-0.918941297833274));
#2274=DIRECTION('',(-0.310066992330368,-0.148737464593972,-0.939007788515812));
#2275=DIRECTION('',(0.310067035460674,0.148737393520097,0.939007785531876));
#2276=DIRECTION('center_axis',(0.,0.,1.));
#2277=DIRECTION('ref_axis',(1.,0.,0.));
#2278=DIRECTION('center_axis',(0.,0.,1.));
#2279=DIRECTION('ref_axis',(1.,0.,0.));
#2280=DIRECTION('center_axis',(-0.497966500142975,0.796901043573317,0.342020600968882));
#2281=DIRECTION('ref_axis',(0.566156293471291,0.,0.824297914205083));
#2282=DIRECTION('',(-0.222737270544078,0.2636330906212,-0.938555113906524));
#2283=DIRECTION('',(0.222737202891149,-0.263633134497321,0.938555117637395));
#2284=DIRECTION('center_axis',(0.,0.,1.));
#2285=DIRECTION('ref_axis',(1.,0.,0.));
#2286=DIRECTION('center_axis',(0.,0.,1.));
#2287=DIRECTION('ref_axis',(1.,0.,0.));
#2288=DIRECTION('center_axis',(0.,0.,1.));
#2289=DIRECTION('ref_axis',(1.,0.,0.));
#2290=DIRECTION('center_axis',(0.,0.,1.));
#2291=DIRECTION('ref_axis',(1.,0.,0.));
#2292=DIRECTION('center_axis',(0.,0.,1.));
#2293=DIRECTION('ref_axis',(1.,0.,0.));
#2294=DIRECTION('center_axis',(0.,0.,1.));
#2295=DIRECTION('ref_axis',(1.,0.,0.));
#2296=DIRECTION('center_axis',(0.,0.,1.));
#2297=DIRECTION('ref_axis',(1.,0.,0.));
#2298=DIRECTION('center_axis',(0.556314892907987,-0.829321832546399,-0.0523358193846112));
#2299=DIRECTION('ref_axis',(-0.0936623356527748,0.,-0.995604021124898));
#2300=DIRECTION('',(-0.83045994307969,-0.557078345423763,0.));
#2301=DIRECTION('',(0.83045994307969,0.557078345423763,0.));
#2302=DIRECTION('',(0.0711415649928587,-0.015217282910231,0.997350145150236));
#2303=DIRECTION('center_axis',(-0.556315011964471,0.829321755010833,0.0523357824888735));
#2304=DIRECTION('ref_axis',(0.0936622503331657,0.,0.995604029151413));
#2305=DIRECTION('',(0.830459863829724,0.557078463564978,0.));
#2306=DIRECTION('center_axis',(0.,0.,1.));
#2307=DIRECTION('ref_axis',(1.,0.,0.));
#2308=DIRECTION('center_axis',(-4.6185146356636E-8,-7.25264764855079E-9,
0.999999999999999));
#2309=DIRECTION('ref_axis',(0.999999999999999,0.,4.6185146356636E-8));
#2310=DIRECTION('center_axis',(0.846885872137655,0.529193034841049,-0.052335947964703));
#2311=DIRECTION('ref_axis',(-0.0616804452052435,0.,-0.998095948633839));
#2312=DIRECTION('',(-0.529919270554323,0.848048092206553,0.));
#2313=DIRECTION('center_axis',(0.846885926472801,0.529192935342893,-0.0523360748000616));
#2314=DIRECTION('ref_axis',(-0.0616805901758505,0.,-0.998095939674919));
#2315=DIRECTION('',(0.529919174446916,-0.848048152261119,0.));
#2316=DIRECTION('center_axis',(0.,0.,1.));
#2317=DIRECTION('ref_axis',(1.,0.,0.));
#2318=DIRECTION('center_axis',(-1.17364860285406E-16,1.85300284988723E-16,
1.));
#2319=DIRECTION('ref_axis',(1.,0.,1.17364860285406E-16));
#2320=DIRECTION('center_axis',(0.,0.,1.));
#2321=DIRECTION('ref_axis',(1.,0.,0.));
#2322=DIRECTION('center_axis',(0.,0.,1.));
#2323=DIRECTION('ref_axis',(1.,0.,0.));
#2324=DIRECTION('center_axis',(0.,0.,1.));
#2325=DIRECTION('ref_axis',(1.,0.,0.));
#2326=DIRECTION('center_axis',(0.,0.,1.));
#2327=DIRECTION('ref_axis',(1.,0.,0.));
#2328=DIRECTION('center_axis',(0.,0.,1.));
#2329=DIRECTION('ref_axis',(1.,0.,0.));
#2330=DIRECTION('center_axis',(0.,0.,1.));
#2331=DIRECTION('ref_axis',(1.,0.,0.));
#2332=DIRECTION('center_axis',(0.,0.,-1.));
#2333=DIRECTION('ref_axis',(0.528182456212162,-0.849130904483925,0.));
#2334=DIRECTION('',(0.848048980390065,0.529917849160954,0.));
#2335=DIRECTION('center_axis',(0.529191711354186,-0.846886912670272,-0.052332492601084));
#2336=DIRECTION('ref_axis',(-0.0984113324487898,0.,-0.995145823307144));
#2337=DIRECTION('center_axis',(0.0276288345525986,-0.0444174110623251,-0.998630933376183));
#2338=DIRECTION('ref_axis',(0.999617496095939,0.,0.0276561294993591));
#2339=DIRECTION('center_axis',(0.,0.,1.));
#2340=DIRECTION('ref_axis',(1.,0.,0.));
#2341=DIRECTION('',(-0.529918602518063,0.848048509641579,0.));
#2342=DIRECTION('',(0.529922355609992,-0.848046164441982,0.));
#2343=DIRECTION('center_axis',(0.846883789360538,0.529196017154507,0.0523394950887161));
#2344=DIRECTION('ref_axis',(0.0616847608826734,0.,-0.998095681923756));
#2345=DIRECTION('center_axis',(0.846886347630127,0.52919240435604,-0.0523346287803464));
#2346=DIRECTION('ref_axis',(-0.0616788618989129,0.,-0.99809604647792));
#2347=DIRECTION('center_axis',(0.,0.,1.));
#2348=DIRECTION('ref_axis',(1.,0.,0.));
#2349=DIRECTION('center_axis',(0.,0.,1.));
#2350=DIRECTION('ref_axis',(1.,0.,0.));
#2351=DIRECTION('center_axis',(0.,0.,1.));
#2352=DIRECTION('ref_axis',(1.,0.,0.));
#2353=DIRECTION('',(-0.848047354742561,-0.529920450741566,0.));
#2354=DIRECTION('',(0.848051627703549,0.529913612534497,0.));
#2355=DIRECTION('center_axis',(0.529187393731482,-0.846889417442483,-0.0523356182691392));
#2356=DIRECTION('ref_axis',(-0.0984179485464305,0.,-0.995145169009985));
#2357=DIRECTION('center_axis',(-0.529194140072192,0.846885018318251,-0.0523385886449871));
#2358=DIRECTION('ref_axis',(-0.0984222376949138,0.,0.995144744812093));
#2359=DIRECTION('center_axis',(0.,0.,1.));
#2360=DIRECTION('ref_axis',(1.,0.,0.));
#2361=CARTESIAN_POINT('',(0.,0.,0.));
#2362=CARTESIAN_POINT('Ctrl Pts',(688.985414366716,-4857.03293323541,35.2000382153062));
#2363=CARTESIAN_POINT('Ctrl Pts',(689.047248918822,-4857.03298488958,36.2000373268926));
#2364=CARTESIAN_POINT('Ctrl Pts',(689.109083470927,-4857.03303654375,37.2000364384791));
#2365=CARTESIAN_POINT('Ctrl Pts',(689.170918023032,-4857.03308819792,38.2000355500655));
#2366=CARTESIAN_POINT('Ctrl Pts',(688.871528677436,-4856.85067850572,35.2000382098743));
#2367=CARTESIAN_POINT('Ctrl Pts',(688.935746279082,-4856.85454356373,36.2000373232714));
#2368=CARTESIAN_POINT('Ctrl Pts',(688.999963880727,-4856.85840862174,37.2000364366684));
#2369=CARTESIAN_POINT('Ctrl Pts',(689.064181482373,-4856.86227367975,38.2000355500655));
#2370=CARTESIAN_POINT('Ctrl Pts',(688.547507130663,-4856.33982254837,35.2000381958697));
#2371=CARTESIAN_POINT('Ctrl Pts',(688.641720008869,-4856.39042226207,36.200037313935));
#2372=CARTESIAN_POINT('Ctrl Pts',(688.735932887075,-4856.44102197578,37.2000364320003));
#2373=CARTESIAN_POINT('Ctrl Pts',(688.830145765281,-4856.49162168949,38.2000355500657));
#2374=CARTESIAN_POINT('Ctrl Pts',(688.38930045742,-4856.09062372024,35.2000381873824));
#2375=CARTESIAN_POINT('Ctrl Pts',(688.457374354787,-4856.10008048787,36.2000373082768));
#2376=CARTESIAN_POINT('Ctrl Pts',(688.525448252153,-4856.1095372555,37.2000364291713));
#2377=CARTESIAN_POINT('Ctrl Pts',(688.59352214952,-4856.11899402313,38.2000355500657));
#2378=CARTESIAN_POINT('Ctrl Pts',(688.277415345396,-4855.90857565454,35.2000381816679));
#2379=CARTESIAN_POINT('Ctrl Pts',(688.34446766399,-4855.91829801039,36.2000373044672));
#2380=CARTESIAN_POINT('Ctrl Pts',(688.411519982584,-4855.92802036623,37.2000364272665));
#2381=CARTESIAN_POINT('Ctrl Pts',(688.478572301177,-4855.93774272208,38.2000355500658));
#2382=CARTESIAN_POINT('Ctrl Pts',(688.224248453824,-4855.82109133875,35.2000381790436));
#2383=CARTESIAN_POINT('Ctrl Pts',(688.293786330656,-4855.8356783609,36.2000373027177));
#2384=CARTESIAN_POINT('Ctrl Pts',(688.363324207487,-4855.85026538304,37.2000364263917));
#2385=CARTESIAN_POINT('Ctrl Pts',(688.432862084319,-4855.86485240519,38.2000355500658));
#2386=CARTESIAN_POINT('Ctrl Pts',(688.173435739693,-4855.73468890921,35.2000381765765));
#2387=CARTESIAN_POINT('Ctrl Pts',(688.245880460041,-4855.75514117419,36.2000373010729));
#2388=CARTESIAN_POINT('Ctrl Pts',(688.318325180388,-4855.77559343918,37.2000364255694));
#2389=CARTESIAN_POINT('Ctrl Pts',(688.390769900735,-4855.79604570416,38.2000355500658));
#2390=CARTESIAN_POINT('Ctrl Pts',(688.116547553597,-4855.64340435968,35.2000381738642));
#2391=CARTESIAN_POINT('Ctrl Pts',(688.193711586063,-4855.67053094295,36.2000372992647));
#2392=CARTESIAN_POINT('Ctrl Pts',(688.270875618529,-4855.69765752621,37.2000364246653));
#2393=CARTESIAN_POINT('Ctrl Pts',(688.348039650994,-4855.72478410947,38.2000355500658));
#2394=CARTESIAN_POINT('Ctrl Pts',(688.090180098947,-4855.56473847544,35.2000381726479));
#2395=CARTESIAN_POINT('Ctrl Pts',(688.164689455001,-4855.59837820216,36.2000372984539));
#2396=CARTESIAN_POINT('Ctrl Pts',(688.239198811055,-4855.63201792889,37.2000364242599));
#2397=CARTESIAN_POINT('Ctrl Pts',(688.31370816711,-4855.66565765562,38.2000355500659));
#2398=CARTESIAN_POINT('Ctrl Pts',(688.077460430751,-4855.48600299015,35.2000381720775));
#2399=CARTESIAN_POINT('Ctrl Pts',(688.144215719423,-4855.52473888752,36.2000372980736));
#2400=CARTESIAN_POINT('Ctrl Pts',(688.210971008095,-4855.56347478489,37.2000364240698));
#2401=CARTESIAN_POINT('Ctrl Pts',(688.277726296767,-4855.60221068226,38.2000355500659));
#2402=CARTESIAN_POINT('Ctrl Pts',(688.073260814587,-4855.4353500917,35.2000381718989));
#2403=CARTESIAN_POINT('Ctrl Pts',(688.133534336575,-4855.47693476116,36.2000372979545));
#2404=CARTESIAN_POINT('Ctrl Pts',(688.193807858563,-4855.51851943063,37.2000364240102));
#2405=CARTESIAN_POINT('Ctrl Pts',(688.254081380551,-4855.56010410009,38.2000355500659));
#2406=CARTESIAN_POINT('Ctrl Pts',(688.076613434562,-4855.38285871582,35.2000381720699));
#2407=CARTESIAN_POINT('Ctrl Pts',(688.13141698301,-4855.42607049396,36.2000372980685));
#2408=CARTESIAN_POINT('Ctrl Pts',(688.186220531459,-4855.4692822721,37.2000364240672));
#2409=CARTESIAN_POINT('Ctrl Pts',(688.241024079907,-4855.51249405024,38.2000355500659));
#2410=CARTESIAN_POINT('Ctrl Pts',(688.08750710705,-4855.30967677951,35.2000381725891));
#2411=CARTESIAN_POINT('Ctrl Pts',(688.134988518548,-4855.35444021497,36.2000372984147));
#2412=CARTESIAN_POINT('Ctrl Pts',(688.182469930046,-4855.39920365044,37.2000364242403));
#2413=CARTESIAN_POINT('Ctrl Pts',(688.229951341544,-4855.44396708591,38.2000355500658));
#2414=CARTESIAN_POINT('Ctrl Pts',(688.116646761904,-4855.21455705356,35.2000381739385));
#2415=CARTESIAN_POINT('Ctrl Pts',(688.155327787656,-4855.25967831022,36.2000372993143));
#2416=CARTESIAN_POINT('Ctrl Pts',(688.194008813409,-4855.30479956688,37.20003642469));
#2417=CARTESIAN_POINT('Ctrl Pts',(688.232689839161,-4855.34992082354,38.2000355500658));
#2418=CARTESIAN_POINT('Ctrl Pts',(688.175388234909,-4855.12324974245,35.2000381765667));
#2419=CARTESIAN_POINT('Ctrl Pts',(688.208408187181,-4855.16749350951,36.2000373010663));
#2420=CARTESIAN_POINT('Ctrl Pts',(688.241428139453,-4855.21173727656,37.200036425566));
#2421=CARTESIAN_POINT('Ctrl Pts',(688.274448091725,-4855.25598104361,38.2000355500657));
#2422=CARTESIAN_POINT('Ctrl Pts',(688.242851460233,-4855.05098585035,35.2000381795204));
#2423=CARTESIAN_POINT('Ctrl Pts',(688.272417753171,-4855.09499171631,36.2000373030355));
#2424=CARTESIAN_POINT('Ctrl Pts',(688.301984046109,-4855.13899758228,37.2000364265506));
#2425=CARTESIAN_POINT('Ctrl Pts',(688.331550339046,-4855.18300344824,38.2000355500657));
#2426=CARTESIAN_POINT('Ctrl Pts',(688.294580861656,-4855.00978532612,35.2000381817525));
#2427=CARTESIAN_POINT('Ctrl Pts',(688.322612495411,-4855.05401579754,36.2000373045236));
#2428=CARTESIAN_POINT('Ctrl Pts',(688.350644129166,-4855.09824626897,37.2000364272946));
#2429=CARTESIAN_POINT('Ctrl Pts',(688.378675762921,-4855.14247674039,38.2000355500656));
#2430=CARTESIAN_POINT('Ctrl Pts',(688.370612021408,-4854.96768301507,35.2000381849654));
#2431=CARTESIAN_POINT('Ctrl Pts',(688.397268073094,-4855.01308600898,36.2000373066655));
#2432=CARTESIAN_POINT('Ctrl Pts',(688.423924124779,-4855.0584890029,37.2000364283656));
#2433=CARTESIAN_POINT('Ctrl Pts',(688.450580176464,-4855.10389199682,38.2000355500656));
#2434=CARTESIAN_POINT('Ctrl Pts',(688.436525605615,-4854.94390419785,35.200038187696));
#2435=CARTESIAN_POINT('Ctrl Pts',(688.462299804244,-4854.99080372018,36.2000373084858));
#2436=CARTESIAN_POINT('Ctrl Pts',(688.488074002873,-4855.03770324252,37.2000364292757));
#2437=CARTESIAN_POINT('Ctrl Pts',(688.513848201501,-4855.08460276485,38.2000355500655));
#2438=CARTESIAN_POINT('Ctrl Pts',(688.489136335666,-4854.9323288379,35.2000381898363));
#2439=CARTESIAN_POINT('Ctrl Pts',(688.514175358006,-4854.98175827506,36.2000373099127));
#2440=CARTESIAN_POINT('Ctrl Pts',(688.539214380346,-4855.03118771222,37.2000364299891));
#2441=CARTESIAN_POINT('Ctrl Pts',(688.564253402685,-4855.08061714939,38.2000355500655));
#2442=CARTESIAN_POINT('Ctrl Pts',(688.509387498485,-4854.92871846759,35.2000381906548));
#2443=CARTESIAN_POINT('Ctrl Pts',(688.534106326052,-4854.97937201327,36.2000373104583));
#2444=CARTESIAN_POINT('Ctrl Pts',(688.55882515362,-4855.03002555896,37.2000364302619));
#2445=CARTESIAN_POINT('Ctrl Pts',(688.583543981187,-4855.08067910464,38.2000355500655));
#2446=CARTESIAN_POINT('',(688.985414282835,-4857.03293316757,35.2000382093304));
#2447=CARTESIAN_POINT('',(688.509387176733,-4854.9287186307,35.2000381906547));
#2448=CARTESIAN_POINT('Ctrl Pts',(688.98541431267,-4857.03293314892,35.2000382153062));
#2449=CARTESIAN_POINT('Ctrl Pts',(688.871528621642,-4856.85067841775,35.2000382098743));
#2450=CARTESIAN_POINT('Ctrl Pts',(688.518815987839,-4856.294587775,35.2000381946295));
#2451=CARTESIAN_POINT('Ctrl Pts',(688.360209231336,-4856.0448101841,35.2000381857544));
#2452=CARTESIAN_POINT('Ctrl Pts',(688.224248453819,-4855.82109133872,35.2000381790434));
#2453=CARTESIAN_POINT('Ctrl Pts',(688.173435739688,-4855.73468890918,35.2000381765763));
#2454=CARTESIAN_POINT('Ctrl Pts',(688.116547553592,-4855.64340435965,35.200038173864));
#2455=CARTESIAN_POINT('Ctrl Pts',(688.073289928476,-4855.5143475593,35.2000381718684));
#2456=CARTESIAN_POINT('Ctrl Pts',(688.072267836317,-4855.29642880314,35.2000381719078));
#2457=CARTESIAN_POINT('Ctrl Pts',(688.175151478108,-4855.09597267845,35.2000381766194));
#2458=CARTESIAN_POINT('Ctrl Pts',(688.352183492817,-4854.9682158386,35.2000381842283));
#2459=CARTESIAN_POINT('Ctrl Pts',(688.456493861535,-4854.93814835149,35.2000381885169));
#2460=CARTESIAN_POINT('Ctrl Pts',(688.509387158459,-4854.92871852821,35.2000381906547));
#2461=CARTESIAN_POINT('',(689.170918023032,-4857.03308819792,38.2000355500655));
#2462=CARTESIAN_POINT('',(688.985414366716,-4857.03293323541,35.2000382153062));
#2463=CARTESIAN_POINT('',(688.583543981187,-4855.08067910464,38.2000355500655));
#2464=CARTESIAN_POINT('Ctrl Pts',(689.170918023032,-4857.03308819792,38.2000355500655));
#2465=CARTESIAN_POINT('Ctrl Pts',(688.974809226957,-4856.71924788322,38.2000355500655));
#2466=CARTESIAN_POINT('Ctrl Pts',(688.709016677089,-4856.30102654556,38.2000355500655));
#2467=CARTESIAN_POINT('Ctrl Pts',(688.53218127945,-4856.02226628954,38.2000355500655));
#2468=CARTESIAN_POINT('Ctrl Pts',(688.443763580631,-4855.88288616152,38.2000355500655));
#2469=CARTESIAN_POINT('Ctrl Pts',(688.377585169869,-4855.77837130392,38.2000355500655));
#2470=CARTESIAN_POINT('Ctrl Pts',(688.288289621666,-4855.62083651767,38.2000355500655));
#2471=CARTESIAN_POINT('Ctrl Pts',(688.27712767814,-4855.60114466938,38.2000355500655));
#2472=CARTESIAN_POINT('Ctrl Pts',(688.265604529343,-4855.58062438472,38.2000355500655));
#2473=CARTESIAN_POINT('Ctrl Pts',(688.256770866399,-4855.55916267073,38.2000355500655));
#2474=CARTESIAN_POINT('Ctrl Pts',(688.247937203455,-4855.53770095674,38.2000355500655));
#2475=CARTESIAN_POINT('Ctrl Pts',(688.241793026366,-4855.51529781344,38.2000355500655));
#2476=CARTESIAN_POINT('Ctrl Pts',(688.237829237085,-4855.49250434176,38.2000355500655));
#2477=CARTESIAN_POINT('Ctrl Pts',(688.229901658524,-4855.44691739841,38.2000355500655));
#2478=CARTESIAN_POINT('Ctrl Pts',(688.230695631198,-4855.39976914157,38.2000355500655));
#2479=CARTESIAN_POINT('Ctrl Pts',(688.240682957676,-4855.35462048867,38.2000355500655));
#2480=CARTESIAN_POINT('Ctrl Pts',(688.250670284155,-4855.30947183578,38.2000355500655));
#2481=CARTESIAN_POINT('Ctrl Pts',(688.269850964439,-4855.26632278681,38.2000355500655));
#2482=CARTESIAN_POINT('Ctrl Pts',(688.296590435751,-4855.22854631688,38.2000355500655));
#2483=CARTESIAN_POINT('Ctrl Pts',(688.323329907063,-4855.19076984695,38.2000355500655));
#2484=CARTESIAN_POINT('Ctrl Pts',(688.357628169405,-4855.15836595605,38.2000355500655));
#2485=CARTESIAN_POINT('Ctrl Pts',(688.396857052646,-4855.13385590275,38.2000355500655));
#2486=CARTESIAN_POINT('Ctrl Pts',(688.436085935886,-4855.10934584944,38.2000355500655));
#2487=CARTESIAN_POINT('Ctrl Pts',(688.480245440026,-4855.09272963373,38.2000355500655));
#2488=CARTESIAN_POINT('Ctrl Pts',(688.525919450061,-4855.08525732664,38.2000355500655));
#2489=CARTESIAN_POINT('Ctrl Pts',(688.54495489518,-4855.08214311155,38.2000355500655));
#2490=CARTESIAN_POINT('Ctrl Pts',(688.564253402685,-4855.08061714938,38.2000355500655));
#2491=CARTESIAN_POINT('Ctrl Pts',(688.583543981187,-4855.08067910464,38.2000355500655));
#2492=CARTESIAN_POINT('',(688.509387498485,-4854.92871846759,35.2000381906548));
#2493=CARTESIAN_POINT('Ctrl Pts',(688.509387498485,-4854.92871846759,35.2000381906548));
#2494=CARTESIAN_POINT('Ctrl Pts',(688.534106326052,-4854.97937201327,36.2000373104583));
#2495=CARTESIAN_POINT('Ctrl Pts',(688.55882515362,-4855.03002555896,37.2000364302619));
#2496=CARTESIAN_POINT('Ctrl Pts',(688.583543981187,-4855.08067910464,38.2000355500655));
#2497=CARTESIAN_POINT('Ctrl Pts',(688.55081102677,-4854.92314984505,35.200038221898));
#2498=CARTESIAN_POINT('Ctrl Pts',(688.5687533257,-4854.97568218061,36.2000373312872));
#2499=CARTESIAN_POINT('Ctrl Pts',(688.586695624629,-4855.02821451617,37.2000364406763));
#2500=CARTESIAN_POINT('Ctrl Pts',(688.604637923558,-4855.08074685173,38.2000355500655));
#2501=CARTESIAN_POINT('Ctrl Pts',(688.597496899906,-4854.92211217487,35.2009060021093));
#2502=CARTESIAN_POINT('Ctrl Pts',(688.60887173117,-4854.97582926725,36.200615851428));
#2503=CARTESIAN_POINT('Ctrl Pts',(688.620246562434,-4855.02954635963,37.2003257007468));
#2504=CARTESIAN_POINT('Ctrl Pts',(688.631621393698,-4855.08326345201,38.2000355500655));
#2505=CARTESIAN_POINT('Ctrl Pts',(688.661300535287,-4854.92867075388,35.2027197463957));
#2506=CARTESIAN_POINT('Ctrl Pts',(688.665153407738,-4854.98313216633,36.2018250142856));
#2507=CARTESIAN_POINT('Ctrl Pts',(688.669006280189,-4855.03759357876,37.2009302821756));
#2508=CARTESIAN_POINT('Ctrl Pts',(688.67285915264,-4855.0920549912,38.2000355500655));
#2509=CARTESIAN_POINT('Ctrl Pts',(688.732330485602,-4854.94360587626,35.2052896828762));
#2510=CARTESIAN_POINT('Ctrl Pts',(688.729129103278,-4854.99827942068,36.2035383052727));
#2511=CARTESIAN_POINT('Ctrl Pts',(688.725927720955,-4855.05295296511,37.2017869276691));
#2512=CARTESIAN_POINT('Ctrl Pts',(688.722726338631,-4855.10762650954,38.2000355500656));
#2513=CARTESIAN_POINT('Ctrl Pts',(688.797289775775,-4854.96974673256,35.2081817566791));
#2514=CARTESIAN_POINT('Ctrl Pts',(688.789382532835,-4855.02492211829,36.2054663544746));
#2515=CARTESIAN_POINT('Ctrl Pts',(688.781475289894,-4855.08009750403,37.2027509522701));
#2516=CARTESIAN_POINT('Ctrl Pts',(688.773568046954,-4855.13527288977,38.2000355500656));
#2517=CARTESIAN_POINT('Ctrl Pts',(688.850552274137,-4855.00027169981,35.2105673183565));
#2518=CARTESIAN_POINT('Ctrl Pts',(688.8390455674,-4855.05653278522,36.2070567289262));
#2519=CARTESIAN_POINT('Ctrl Pts',(688.827538860662,-4855.11279387064,37.2035461394959));
#2520=CARTESIAN_POINT('Ctrl Pts',(688.816032153925,-4855.16905495605,38.2000355500656));
#2521=CARTESIAN_POINT('Ctrl Pts',(688.892727932354,-4855.02861746646,35.2123725070673));
#2522=CARTESIAN_POINT('Ctrl Pts',(688.878142344948,-4855.08630089135,36.2082601880667));
#2523=CARTESIAN_POINT('Ctrl Pts',(688.863556757543,-4855.14398431624,37.2041478690662));
#2524=CARTESIAN_POINT('Ctrl Pts',(688.848971170137,-4855.20166774114,38.2000355500656));
#2525=CARTESIAN_POINT('Ctrl Pts',(688.926654973477,-4855.05760818131,35.2136415617651));
#2526=CARTESIAN_POINT('Ctrl Pts',(688.908901062816,-4855.11738526733,36.2091062245319));
#2527=CARTESIAN_POINT('Ctrl Pts',(688.891147152157,-4855.17716235336,37.2045708872988));
#2528=CARTESIAN_POINT('Ctrl Pts',(688.873393241497,-4855.23693943938,38.2000355500656));
#2529=CARTESIAN_POINT('Ctrl Pts',(688.978276639589,-4855.11186571077,35.2151051242643));
#2530=CARTESIAN_POINT('Ctrl Pts',(688.956477416114,-4855.17277970763,36.2100819328648));
#2531=CARTESIAN_POINT('Ctrl Pts',(688.934678192639,-4855.23369370448,37.2050587414652));
#2532=CARTESIAN_POINT('Ctrl Pts',(688.912878969164,-4855.29460770134,38.2000355500656));
#2533=CARTESIAN_POINT('Ctrl Pts',(689.083196194348,-4855.26969293072,35.2156753382684));
#2534=CARTESIAN_POINT('Ctrl Pts',(689.056994870836,-4855.3235698286,36.2104620755341));
#2535=CARTESIAN_POINT('Ctrl Pts',(689.030793547323,-4855.37744672647,37.2052488127999));
#2536=CARTESIAN_POINT('Ctrl Pts',(689.004592223811,-4855.43132362435,38.2000355500656));
#2537=CARTESIAN_POINT('Ctrl Pts',(689.182527865199,-4855.42492130381,35.2158737338219));
#2538=CARTESIAN_POINT('Ctrl Pts',(689.150078289786,-4855.47058379122,36.2105943392365));
#2539=CARTESIAN_POINT('Ctrl Pts',(689.117628714372,-4855.51624627862,37.205314944651));
#2540=CARTESIAN_POINT('Ctrl Pts',(689.085179138959,-4855.56190876602,38.2000355500656));
#2541=CARTESIAN_POINT('Ctrl Pts',(689.324588185927,-4855.6521137728,35.2158766217539));
#2542=CARTESIAN_POINT('Ctrl Pts',(689.299685124507,-4855.71125132949,36.2105962645244));
#2543=CARTESIAN_POINT('Ctrl Pts',(689.274782063086,-4855.77038888618,37.205315907295));
#2544=CARTESIAN_POINT('Ctrl Pts',(689.249879001665,-4855.82952644287,38.2000355500656));
#2545=CARTESIAN_POINT('Ctrl Pts',(689.46268926095,-4855.87871843868,35.2155843651293));
#2546=CARTESIAN_POINT('Ctrl Pts',(689.465208893296,-4855.98181008532,36.2104014267747));
#2547=CARTESIAN_POINT('Ctrl Pts',(689.467728525643,-4856.08490173196,37.2052184884201));
#2548=CARTESIAN_POINT('Ctrl Pts',(689.470248157989,-4856.18799337861,38.2000355500656));
#2549=CARTESIAN_POINT('Ctrl Pts',(689.754563255455,-4856.35099527349,35.2153056577849));
#2550=CARTESIAN_POINT('Ctrl Pts',(689.728103267988,-4856.40703831103,36.2102156218784));
#2551=CARTESIAN_POINT('Ctrl Pts',(689.701643280521,-4856.46308134858,37.205125585972));
#2552=CARTESIAN_POINT('Ctrl Pts',(689.675183293054,-4856.51912438612,38.2000355500655));
#2553=CARTESIAN_POINT('Ctrl Pts',(689.845284019045,-4856.49618045616,35.215305554447));
#2554=CARTESIAN_POINT('Ctrl Pts',(689.818373873401,-4856.55150264938,36.2102155529865));
#2555=CARTESIAN_POINT('Ctrl Pts',(689.791463727758,-4856.6068248426,37.205125551526));
#2556=CARTESIAN_POINT('Ctrl Pts',(689.764553582114,-4856.66214703581,38.2000355500655));
#2557=CARTESIAN_POINT('',(689.845283644751,-4856.49617987251,35.2153057096695));
#2558=CARTESIAN_POINT('Ctrl Pts',(688.509387498485,-4854.92871846759,35.2000381906548));
#2559=CARTESIAN_POINT('Ctrl Pts',(688.530196436568,-4854.92592109268,35.2000381987572));
#2560=CARTESIAN_POINT('Ctrl Pts',(688.551124109094,-4854.92414077881,35.2002213737984));
#2561=CARTESIAN_POINT('Ctrl Pts',(688.572118367438,-4854.9236205584,35.2005589295318));
#2562=CARTESIAN_POINT('Ctrl Pts',(688.574843113722,-4854.92355304143,35.2006027393066));
#2563=CARTESIAN_POINT('Ctrl Pts',(688.577568938616,-4854.92350674189,35.2006490924151));
#2564=CARTESIAN_POINT('Ctrl Pts',(688.58029570353,-4854.92348216644,35.2006978675986));
#2565=CARTESIAN_POINT('Ctrl Pts',(688.59364287682,-4854.92336187271,35.2009366160228));
#2566=CARTESIAN_POINT('Ctrl Pts',(688.606923772596,-4854.9237626093,35.2012344793327));
#2567=CARTESIAN_POINT('Ctrl Pts',(688.620193279433,-4854.92472444046,35.2015784589883));
#2568=CARTESIAN_POINT('Ctrl Pts',(688.627446192495,-4854.92525016292,35.2017664730998));
#2569=CARTESIAN_POINT('Ctrl Pts',(688.634695429859,-4854.92594362393,35.2019680152662));
#2570=CARTESIAN_POINT('Ctrl Pts',(688.641949148337,-4854.92681075034,35.2021833853502));
#2571=CARTESIAN_POINT('Ctrl Pts',(688.643642196656,-4854.92701314128,35.2022336536312));
#2572=CARTESIAN_POINT('Ctrl Pts',(688.645325871026,-4854.92722383595,35.2022843234094));
#2573=CARTESIAN_POINT('Ctrl Pts',(688.646999856366,-4854.92744251728,35.2023353538938));
#2574=CARTESIAN_POINT('Ctrl Pts',(688.658654558174,-4854.92896503108,35.2026906408038));
#2575=CARTESIAN_POINT('Ctrl Pts',(688.669835972351,-4854.93087758457,35.2030634934166));
#2576=CARTESIAN_POINT('Ctrl Pts',(688.680465291607,-4854.93305051666,35.2034393351593));
#2577=CARTESIAN_POINT('Ctrl Pts',(688.690681799871,-4854.93513905856,35.203800580332));
#2578=CARTESIAN_POINT('Ctrl Pts',(688.700389849763,-4854.93746650038,35.2041644405337));
#2579=CARTESIAN_POINT('Ctrl Pts',(688.709545982094,-4854.93990015541,35.2045184429585));
#2580=CARTESIAN_POINT('Ctrl Pts',(688.721502825748,-4854.94307822575,35.2049807289428));
#2581=CARTESIAN_POINT('Ctrl Pts',(688.732516496102,-4854.94643961739,35.205426227722));
#2582=CARTESIAN_POINT('Ctrl Pts',(688.742447201951,-4854.94977351003,35.2058402627224));
#2583=CARTESIAN_POINT('Ctrl Pts',(688.743301018031,-4854.95006014939,35.2058758603673));
#2584=CARTESIAN_POINT('Ctrl Pts',(688.744146853633,-4854.95034656803,35.205911227187));
#2585=CARTESIAN_POINT('Ctrl Pts',(688.744984632454,-4854.95063262326,35.2059463548925));
#2586=CARTESIAN_POINT('Ctrl Pts',(688.764836550098,-4854.95741095768,35.2067787372586));
#2587=CARTESIAN_POINT('Ctrl Pts',(688.784142734898,-4854.96534283459,35.2076310711661));
#2588=CARTESIAN_POINT('Ctrl Pts',(688.803017817539,-4854.97451767987,35.2084683524002));
#2589=CARTESIAN_POINT('Ctrl Pts',(688.807531191919,-4854.97671155167,35.2086685615194));
#2590=CARTESIAN_POINT('Ctrl Pts',(688.81202677273,-4854.97897995886,35.208868280592));
#2591=CARTESIAN_POINT('Ctrl Pts',(688.816492370448,-4854.98131699758,35.20906655878));
#2592=CARTESIAN_POINT('Ctrl Pts',(688.826691016562,-4854.98665438628,35.2095193915696));
#2593=CARTESIAN_POINT('Ctrl Pts',(688.836730406756,-4854.99235182329,35.2099646350085));
#2594=CARTESIAN_POINT('Ctrl Pts',(688.846498112785,-4854.99831500774,35.2103913296173));
#2595=CARTESIAN_POINT('Ctrl Pts',(688.847413604945,-4854.9988739157,35.2104313221773));
#2596=CARTESIAN_POINT('Ctrl Pts',(688.848326740776,-4854.99943513626,35.2104711526655));
#2597=CARTESIAN_POINT('Ctrl Pts',(688.8492374459,-4854.9999985787,35.2105108126988));
#2598=CARTESIAN_POINT('Ctrl Pts',(688.856396874895,-4855.00442803238,35.2108225965954));
#2599=CARTESIAN_POINT('Ctrl Pts',(688.863405266417,-4855.00899537313,35.2111237865798));
#2600=CARTESIAN_POINT('Ctrl Pts',(688.870213637273,-4855.01366738249,35.2114117894897));
#2601=CARTESIAN_POINT('Ctrl Pts',(688.874307961914,-4855.01647697137,35.2115849847277));
#2602=CARTESIAN_POINT('Ctrl Pts',(688.878293479622,-4855.01929887669,35.2117513523004));
#2603=CARTESIAN_POINT('Ctrl Pts',(688.882177624814,-4855.02213243711,35.2119110614386));
#2604=CARTESIAN_POINT('Ctrl Pts',(688.894383511009,-4855.03103687148,35.2124129457578));
#2605=CARTESIAN_POINT('Ctrl Pts',(688.905591695866,-4855.04005402298,35.2128491534298));
#2606=CARTESIAN_POINT('Ctrl Pts',(688.916001984165,-4855.04918517354,35.213224484255));
#2607=CARTESIAN_POINT('Ctrl Pts',(688.923768083874,-4855.05599703347,35.2135044819389));
#2608=CARTESIAN_POINT('Ctrl Pts',(688.93108912505,-4855.06287305217,35.2137505957265));
#2609=CARTESIAN_POINT('Ctrl Pts',(688.938032737923,-4855.06982453852,35.2139642540027));
#2610=CARTESIAN_POINT('Ctrl Pts',(688.943229630406,-4855.07502732385,35.2141241648603));
#2611=CARTESIAN_POINT('Ctrl Pts',(688.94821483114,-4855.08027257308,35.2142658858005));
#2612=CARTESIAN_POINT('Ctrl Pts',(688.953012347256,-4855.08556807492,35.2143897502387));
#2613=CARTESIAN_POINT('Ctrl Pts',(688.961365381187,-4855.09478815997,35.214605412642));
#2614=CARTESIAN_POINT('Ctrl Pts',(688.969152134263,-4855.10415828895,35.2147673163692));
#2615=CARTESIAN_POINT('Ctrl Pts',(688.976566374785,-4855.11363380885,35.2148932803846));
#2616=CARTESIAN_POINT('Ctrl Pts',(688.985926038222,-4855.12559561086,35.2150522961039));
#2617=CARTESIAN_POINT('Ctrl Pts',(688.99469169597,-4855.13772668145,35.2151539428539));
#2618=CARTESIAN_POINT('Ctrl Pts',(689.003184057391,-4855.1499859499,35.215225971261));
#2619=CARTESIAN_POINT('Ctrl Pts',(689.012010330844,-4855.16272724179,35.2153008317604));
#2620=CARTESIAN_POINT('Ctrl Pts',(689.020537516885,-4855.17561161348,35.2153431526461));
#2621=CARTESIAN_POINT('Ctrl Pts',(689.029096742604,-4855.18858938831,35.2153818825722));
#2622=CARTESIAN_POINT('Ctrl Pts',(689.029097325333,-4855.18859027186,35.215381885209));
#2623=CARTESIAN_POINT('Ctrl Pts',(689.029097908061,-4855.18859115542,35.2153818878458));
#2624=CARTESIAN_POINT('Ctrl Pts',(689.029098490789,-4855.18859203897,35.2153818904826));
#2625=CARTESIAN_POINT('Ctrl Pts',(689.046661596751,-4855.21522179934,35.2154613617853));
#2626=CARTESIAN_POINT('Ctrl Pts',(689.063802897111,-4855.24137895862,35.2155302161609));
#2627=CARTESIAN_POINT('Ctrl Pts',(689.080725855355,-4855.26736481709,35.2155896219079));
#2628=CARTESIAN_POINT('Ctrl Pts',(689.098902220668,-4855.29527533071,35.2156534275701));
#2629=CARTESIAN_POINT('Ctrl Pts',(689.116826234473,-4855.32298773513,35.215706315315));
#2630=CARTESIAN_POINT('Ctrl Pts',(689.134708759161,-4855.35082396385,35.2157489290701));
#2631=CARTESIAN_POINT('Ctrl Pts',(689.156843514966,-4855.38527928469,35.2158016758204));
#2632=CARTESIAN_POINT('Ctrl Pts',(689.178913650667,-4855.41992340759,35.215838622205));
#2633=CARTESIAN_POINT('Ctrl Pts',(689.201266672228,-4855.45529776096,35.2158603377133));
#2634=CARTESIAN_POINT('Ctrl Pts',(689.209347511647,-4855.46808594123,35.2158681880854));
#2635=CARTESIAN_POINT('Ctrl Pts',(689.217465020799,-4855.4809691149,35.2158740484241));
#2636=CARTESIAN_POINT('Ctrl Pts',(689.225635290889,-4855.49397216083,35.2158779676645));
#2637=CARTESIAN_POINT('Ctrl Pts',(689.239284046157,-4855.51569425689,35.2158845149088));
#2638=CARTESIAN_POINT('Ctrl Pts',(689.253079450496,-4855.53775027589,35.2158856208775));
#2639=CARTESIAN_POINT('Ctrl Pts',(689.267101190784,-4855.56026046861,35.2158817549259));
#2640=CARTESIAN_POINT('Ctrl Pts',(689.267102076356,-4855.56026189029,35.2158817546817));
#2641=CARTESIAN_POINT('Ctrl Pts',(689.267102961927,-4855.56026331197,35.2158817544375));
#2642=CARTESIAN_POINT('Ctrl Pts',(689.267103847498,-4855.56026473364,35.2158817541933));
#2643=CARTESIAN_POINT('Ctrl Pts',(689.280681569682,-4855.58206212054,35.2158780100753));
#2644=CARTESIAN_POINT('Ctrl Pts',(689.294099679872,-4855.60368816218,35.2158697988055));
#2645=CARTESIAN_POINT('Ctrl Pts',(689.307700108957,-4855.62567645598,35.2158578309575));
#2646=CARTESIAN_POINT('Ctrl Pts',(689.322734643014,-4855.64998331792,35.2158446011529));
#2647=CARTESIAN_POINT('Ctrl Pts',(689.33799232904,-4855.67473343013,35.2158267805449));
#2648=CARTESIAN_POINT('Ctrl Pts',(689.353970169249,-4855.70070107188,35.215805466625));
#2649=CARTESIAN_POINT('Ctrl Pts',(689.376758083579,-4855.73773664037,35.2157750682874));
#2650=CARTESIAN_POINT('Ctrl Pts',(689.401011722034,-4855.77725034157,35.2157375548022));
#2651=CARTESIAN_POINT('Ctrl Pts',(689.428238681241,-4855.82158639111,35.2156964799995));
#2652=CARTESIAN_POINT('Ctrl Pts',(689.451150087692,-4855.85889504699,35.2156619156732));
#2653=CARTESIAN_POINT('Ctrl Pts',(689.476170623972,-4855.89962411325,35.2156248422434));
#2654=CARTESIAN_POINT('Ctrl Pts',(689.504192230147,-4855.94515767024,35.2155875081964));
#2655=CARTESIAN_POINT('Ctrl Pts',(689.534856574633,-4855.99498553052,35.2155466531479));
#2656=CARTESIAN_POINT('Ctrl Pts',(689.569114407353,-4856.05056610211,35.2155054963081));
#2657=CARTESIAN_POINT('Ctrl Pts',(689.604412478996,-4856.10774553219,35.2154678216438));
#2658=CARTESIAN_POINT('Ctrl Pts',(689.628271151269,-4856.14639425206,35.215442356585));
#2659=CARTESIAN_POINT('Ctrl Pts',(689.652603246769,-4856.1857705086,35.2154184827303));
#2660=CARTESIAN_POINT('Ctrl Pts',(689.676628683178,-4856.22460575784,35.2153973267434));
#2661=CARTESIAN_POINT('Ctrl Pts',(689.698268631462,-4856.25958505107,35.2153782713366));
#2662=CARTESIAN_POINT('Ctrl Pts',(689.719659269107,-4856.29412458884,35.215361421333));
#2663=CARTESIAN_POINT('Ctrl Pts',(689.74025029468,-4856.32732982151,35.215347554648));
#2664=CARTESIAN_POINT('Ctrl Pts',(689.759783722317,-4856.35882956431,35.2153344001849));
#2665=CARTESIAN_POINT('Ctrl Pts',(689.778597190462,-4856.3891279356,35.2153239308765));
#2666=CARTESIAN_POINT('Ctrl Pts',(689.7962458648,-4856.41750211291,35.2153167614303));
#2667=CARTESIAN_POINT('Ctrl Pts',(689.812652215434,-4856.443878978,35.2153100966549));
#2668=CARTESIAN_POINT('Ctrl Pts',(689.828051893194,-4856.4685928635,35.2153062835272));
#2669=CARTESIAN_POINT('Ctrl Pts',(689.842112644839,-4856.49110412009,35.2153057695624));
#2670=CARTESIAN_POINT('Ctrl Pts',(689.843177354808,-4856.49280872024,35.2153057306438));
#2671=CARTESIAN_POINT('Ctrl Pts',(689.844234400669,-4856.49450071223,35.2153057106187));
#2672=CARTESIAN_POINT('Ctrl Pts',(689.84528364475,-4856.49617987251,35.2153057096695));
#2673=CARTESIAN_POINT('',(689.764553582114,-4856.66214703581,38.2000355500655));
#2674=CARTESIAN_POINT('Ctrl Pts',(688.583543981187,-4855.08067910464,38.2000355500655));
#2675=CARTESIAN_POINT('Ctrl Pts',(688.610539584626,-4855.08076580601,38.2000355500655));
#2676=CARTESIAN_POINT('Ctrl Pts',(688.637519660113,-4855.08396224315,38.2000355500655));
#2677=CARTESIAN_POINT('Ctrl Pts',(688.66374153256,-4855.09026749658,38.2000355500655));
#2678=CARTESIAN_POINT('Ctrl Pts',(688.708701089092,-4855.10107837207,38.2000355500655));
#2679=CARTESIAN_POINT('Ctrl Pts',(688.751431686226,-4855.1210285215,38.2000355500655));
#2680=CARTESIAN_POINT('Ctrl Pts',(688.788925887985,-4855.14814153248,38.2000355500655));
#2681=CARTESIAN_POINT('Ctrl Pts',(688.807672988865,-4855.16169803797,38.2000355500655));
#2682=CARTESIAN_POINT('Ctrl Pts',(688.825110990901,-4855.17704525884,38.2000355500655));
#2683=CARTESIAN_POINT('Ctrl Pts',(688.840528623797,-4855.19439340174,38.2000355500655));
#2684=CARTESIAN_POINT('Ctrl Pts',(688.855946256693,-4855.21174154465,38.2000355500655));
#2685=CARTESIAN_POINT('Ctrl Pts',(688.869343520448,-4855.23109060958,38.2000355500655));
#2686=CARTESIAN_POINT('Ctrl Pts',(688.882155182182,-4855.24975136607,38.2000355500655));
#2687=CARTESIAN_POINT('Ctrl Pts',(688.984648476057,-4855.39903741804,38.2000355500655));
#2688=CARTESIAN_POINT('Ctrl Pts',(689.049663240595,-4855.50427173013,38.2000355500655));
#2689=CARTESIAN_POINT('Ctrl Pts',(689.136201085439,-4855.64482420117,38.2000355500655));
#2690=CARTESIAN_POINT('Ctrl Pts',(689.309276775127,-4855.92592914325,38.2000355500655));
#2691=CARTESIAN_POINT('Ctrl Pts',(689.568444786039,-4856.34830672111,38.2000355500655));
#2692=CARTESIAN_POINT('Ctrl Pts',(689.764553582114,-4856.66214703581,38.2000355500655));
#2693=CARTESIAN_POINT('',(689.845284019045,-4856.49618045616,35.215305554447));
#2694=CARTESIAN_POINT('Ctrl Pts',(690.04968694393,-4858.43942975066,38.2000355500655));
#2695=CARTESIAN_POINT('Ctrl Pts',(690.022633032615,-4858.49503134433,37.2000364063049));
#2696=CARTESIAN_POINT('Ctrl Pts',(689.9955791213,-4858.55063293799,36.2000372625443));
#2697=CARTESIAN_POINT('Ctrl Pts',(689.968525209985,-4858.60623453166,35.2000381187837));
#2698=CARTESIAN_POINT('Ctrl Pts',(690.157806732983,-4858.61245793349,38.2000355500655));
#2699=CARTESIAN_POINT('Ctrl Pts',(690.133165313911,-4858.67192012534,37.2000405925049));
#2700=CARTESIAN_POINT('Ctrl Pts',(690.10852389484,-4858.73138231719,36.2000456349442));
#2701=CARTESIAN_POINT('Ctrl Pts',(690.083882475768,-4858.79084450905,35.2000506773835));
#2702=CARTESIAN_POINT('Ctrl Pts',(690.388697065088,-4858.9861248337,38.2000355500654));
#2703=CARTESIAN_POINT('Ctrl Pts',(690.392376883759,-4859.09206436267,37.2000481866953));
#2704=CARTESIAN_POINT('Ctrl Pts',(690.39605670243,-4859.19800389164,36.2000608233253));
#2705=CARTESIAN_POINT('Ctrl Pts',(690.399736521101,-4859.30394342061,35.2000734599552));
#2706=CARTESIAN_POINT('Ctrl Pts',(690.622135482489,-4859.36597452245,38.2000355500653));
#2707=CARTESIAN_POINT('Ctrl Pts',(690.600731264563,-4859.43115331531,37.2000565582485));
#2708=CARTESIAN_POINT('Ctrl Pts',(690.579327046637,-4859.49633210816,36.2000775664318));
#2709=CARTESIAN_POINT('Ctrl Pts',(690.557922828711,-4859.56151090102,35.200098574615));
#2710=CARTESIAN_POINT('Ctrl Pts',(690.735307080255,-4859.54971854484,38.2000355500653));
#2711=CARTESIAN_POINT('Ctrl Pts',(690.714869640695,-4859.61438366082,37.2000617906828));
#2712=CARTESIAN_POINT('Ctrl Pts',(690.694432201135,-4859.6790487768,36.2000880313004));
#2713=CARTESIAN_POINT('Ctrl Pts',(690.673994761574,-4859.74371389278,35.200114271918));
#2714=CARTESIAN_POINT('Ctrl Pts',(690.783314491123,-4859.62654910443,38.2000355500653));
#2715=CARTESIAN_POINT('Ctrl Pts',(690.766602999026,-4859.69615903278,37.200064139871));
#2716=CARTESIAN_POINT('Ctrl Pts',(690.74989150693,-4859.76576896112,36.2000927296767));
#2717=CARTESIAN_POINT('Ctrl Pts',(690.733180014833,-4859.83537888947,35.2001213194824));
#2718=CARTESIAN_POINT('Ctrl Pts',(690.827652731682,-4859.69565135486,38.2000355500652));
#2719=CARTESIAN_POINT('Ctrl Pts',(690.815027105964,-4859.77089501363,37.2000662329695));
#2720=CARTESIAN_POINT('Ctrl Pts',(690.802401480246,-4859.84613867239,36.2000969158738));
#2721=CARTESIAN_POINT('Ctrl Pts',(690.789775854529,-4859.92138233116,35.200127598778));
#2722=CARTESIAN_POINT('Ctrl Pts',(690.871541202831,-4859.7626783257,38.2000355500652));
#2723=CARTESIAN_POINT('Ctrl Pts',(690.863105903559,-4859.84447643299,37.2000682035235));
#2724=CARTESIAN_POINT('Ctrl Pts',(690.854670604288,-4859.92627454028,36.2001008569819));
#2725=CARTESIAN_POINT('Ctrl Pts',(690.846235305016,-4860.00807264757,35.2001335104402));
#2726=CARTESIAN_POINT('Ctrl Pts',(690.910153162995,-4859.81997125861,38.2000355500652));
#2727=CARTESIAN_POINT('Ctrl Pts',(690.909052986467,-4859.90128954027,37.2000697736481));
#2728=CARTESIAN_POINT('Ctrl Pts',(690.907952809939,-4859.98260782192,36.2001039972309));
#2729=CARTESIAN_POINT('Ctrl Pts',(690.90685263341,-4860.06392610357,35.2001382208138));
#2730=CARTESIAN_POINT('Ctrl Pts',(690.948361381263,-4859.87548277242,38.2000355500652));
#2731=CARTESIAN_POINT('Ctrl Pts',(690.954731935598,-4859.95173799356,37.2000711725712));
#2732=CARTESIAN_POINT('Ctrl Pts',(690.961102489933,-4860.0279932147,36.2001067950772));
#2733=CARTESIAN_POINT('Ctrl Pts',(690.967473044268,-4860.10424843583,35.2001424175833));
#2734=CARTESIAN_POINT('Ctrl Pts',(690.976203490635,-4859.91314402545,38.2000355500652));
#2735=CARTESIAN_POINT('Ctrl Pts',(690.98763858076,-4859.98498654584,37.2000721219958));
#2736=CARTESIAN_POINT('Ctrl Pts',(690.999073670885,-4860.05682906624,36.2001086939264));
#2737=CARTESIAN_POINT('Ctrl Pts',(691.010508761009,-4860.12867158664,35.2001452658569));
#2738=CARTESIAN_POINT('Ctrl Pts',(691.014653526918,-4859.94699591994,38.2000355500652));
#2739=CARTESIAN_POINT('Ctrl Pts',(691.030087544814,-4860.01450170725,37.2000731689396));
#2740=CARTESIAN_POINT('Ctrl Pts',(691.04552156271,-4860.08200749455,36.200110787814));
#2741=CARTESIAN_POINT('Ctrl Pts',(691.060955580606,-4860.14951328186,35.2001484066884));
#2742=CARTESIAN_POINT('Ctrl Pts',(691.072713501737,-4859.98517722896,38.2000355500652));
#2743=CARTESIAN_POINT('Ctrl Pts',(691.09247804745,-4860.04686124218,37.200074593215));
#2744=CARTESIAN_POINT('Ctrl Pts',(691.112242593164,-4860.1085452554,36.2001136363647));
#2745=CARTESIAN_POINT('Ctrl Pts',(691.132007138878,-4860.17022926862,35.2001526795145));
#2746=CARTESIAN_POINT('Ctrl Pts',(691.15921305504,-4860.02083504081,38.2000355500653));
#2747=CARTESIAN_POINT('Ctrl Pts',(691.182915631122,-4860.07501215321,37.2000764923389));
#2748=CARTESIAN_POINT('Ctrl Pts',(691.206618207204,-4860.1291892656,36.2001174346126));
#2749=CARTESIAN_POINT('Ctrl Pts',(691.230320783286,-4860.183366378,35.2001583768862));
#2750=CARTESIAN_POINT('Ctrl Pts',(691.263276209994,-4860.0245223207,38.2000355500654));
#2751=CARTESIAN_POINT('Ctrl Pts',(691.288698896451,-4860.07308548252,37.2000785864875));
#2752=CARTESIAN_POINT('Ctrl Pts',(691.314121582909,-4860.12164864435,36.2001216229096));
#2753=CARTESIAN_POINT('Ctrl Pts',(691.339544269366,-4860.17021180617,35.2001646593317));
#2754=CARTESIAN_POINT('Ctrl Pts',(691.353300980607,-4860.00158547559,38.2000355500654));
#2755=CARTESIAN_POINT('Ctrl Pts',(691.379965145742,-4860.04721834012,37.2000804856496));
#2756=CARTESIAN_POINT('Ctrl Pts',(691.406629310878,-4860.09285120466,36.2001254212338));
#2757=CARTESIAN_POINT('Ctrl Pts',(691.433293476013,-4860.13848406919,35.200170356818));
#2758=CARTESIAN_POINT('Ctrl Pts',(691.417977920218,-4859.97068882798,38.2000355500654));
#2759=CARTESIAN_POINT('Ctrl Pts',(691.445732735629,-4860.0149880386,37.200081947728));
#2760=CARTESIAN_POINT('Ctrl Pts',(691.47348755104,-4860.05928724922,36.2001283453905));
#2761=CARTESIAN_POINT('Ctrl Pts',(691.501242366452,-4860.10358645985,35.200174743053));
#2762=CARTESIAN_POINT('Ctrl Pts',(691.475128847502,-4859.92572321776,38.2000355500655));
#2763=CARTESIAN_POINT('Ctrl Pts',(691.504542694693,-4859.96962578189,37.2000834317079));
#2764=CARTESIAN_POINT('Ctrl Pts',(691.533956541883,-4860.01352834603,36.2001313133503));
#2765=CARTESIAN_POINT('Ctrl Pts',(691.563370389074,-4860.05743091016,35.2001791949927));
#2766=CARTESIAN_POINT('Ctrl Pts',(691.52475823459,-4859.86773986559,38.2000355500655));
#2767=CARTESIAN_POINT('Ctrl Pts',(691.556574626986,-4859.91169313901,37.2000849910669));
#2768=CARTESIAN_POINT('Ctrl Pts',(691.588391019382,-4859.95564641242,36.2001344320684));
#2769=CARTESIAN_POINT('Ctrl Pts',(691.620207411778,-4859.99959968583,35.2001838730698));
#2770=CARTESIAN_POINT('Ctrl Pts',(691.548887086616,-4859.82227926237,38.2000355500655));
#2771=CARTESIAN_POINT('Ctrl Pts',(691.583346024458,-4859.86662515244,37.200086037885));
#2772=CARTESIAN_POINT('Ctrl Pts',(691.6178049623,-4859.91097104251,36.2001365257044));
#2773=CARTESIAN_POINT('Ctrl Pts',(691.652263900143,-4859.95531693258,35.2001870135238));
#2774=CARTESIAN_POINT('Ctrl Pts',(691.559391893897,-4859.79447123334,38.2000355500655));
#2775=CARTESIAN_POINT('Ctrl Pts',(691.59590859297,-4859.83909811864,37.2000866477301));
#2776=CARTESIAN_POINT('Ctrl Pts',(691.632425292043,-4859.88372500395,36.2001377453946));
#2777=CARTESIAN_POINT('Ctrl Pts',(691.668941991117,-4859.92835188925,35.2001888430592));
#2778=CARTESIAN_POINT('',(690.04968694393,-4858.43942975066,38.2000355500655));
#2779=CARTESIAN_POINT('',(691.559391893896,-4859.79447123334,38.2000355500655));
#2780=CARTESIAN_POINT('Ctrl Pts',(690.04968694393,-4858.43942975066,38.2000355500655));
#2781=CARTESIAN_POINT('Ctrl Pts',(690.245795925901,-4858.75327036286,38.2000355500655));
#2782=CARTESIAN_POINT('Ctrl Pts',(690.504991741713,-4859.17562462036,38.2000355500655));
#2783=CARTESIAN_POINT('Ctrl Pts',(690.678051248821,-4859.4567440839,38.2000355500655));
#2784=CARTESIAN_POINT('Ctrl Pts',(690.764581002374,-4859.59730381566,38.2000355500655));
#2785=CARTESIAN_POINT('Ctrl Pts',(690.829576678752,-4859.70255484894,38.2000355500655));
#2786=CARTESIAN_POINT('Ctrl Pts',(690.932086456328,-4859.85182652011,38.2000355500655));
#2787=CARTESIAN_POINT('Ctrl Pts',(690.944900178525,-4859.87048547901,38.2000355500655));
#2788=CARTESIAN_POINT('Ctrl Pts',(690.958300058553,-4859.88983226037,38.2000355500655));
#2789=CARTESIAN_POINT('Ctrl Pts',(690.973717641214,-4859.90718077305,38.2000355500655));
#2790=CARTESIAN_POINT('Ctrl Pts',(690.989135223875,-4859.92452928572,38.2000355500655));
#2791=CARTESIAN_POINT('Ctrl Pts',(691.006570509169,-4859.93987952971,38.2000355500655));
#2792=CARTESIAN_POINT('Ctrl Pts',(691.02531628789,-4859.95343752241,38.2000355500655));
#2793=CARTESIAN_POINT('Ctrl Pts',(691.062807845333,-4859.98055350782,38.2000355500655));
#2794=CARTESIAN_POINT('Ctrl Pts',(691.105541376487,-4860.00050048811,38.2000355500655));
#2795=CARTESIAN_POINT('Ctrl Pts',(691.150502018306,-4860.01130998236,38.2000355500655));
#2796=CARTESIAN_POINT('Ctrl Pts',(691.195462660126,-4860.02211947662,38.2000355500655));
#2797=CARTESIAN_POINT('Ctrl Pts',(691.242650412611,-4860.02379148483,38.2000355500655));
#2798=CARTESIAN_POINT('Ctrl Pts',(691.288324445667,-4860.01631978363,38.2000355500655));
#2799=CARTESIAN_POINT('Ctrl Pts',(691.333998478723,-4860.00884808242,38.2000355500655));
#2800=CARTESIAN_POINT('Ctrl Pts',(691.378158792349,-4859.99223267179,38.2000355500655));
#2801=CARTESIAN_POINT('Ctrl Pts',(691.417387745253,-4859.9677229789,38.2000355500655));
#2802=CARTESIAN_POINT('Ctrl Pts',(691.456616698157,-4859.943213286,38.2000355500655));
#2803=CARTESIAN_POINT('Ctrl Pts',(691.490914290339,-4859.91080931083,38.2000355500655));
#2804=CARTESIAN_POINT('Ctrl Pts',(691.517652833301,-4859.87303239081,38.2000355500655));
#2805=CARTESIAN_POINT('Ctrl Pts',(691.534829688462,-4859.84876447597,38.2000355500655));
#2806=CARTESIAN_POINT('Ctrl Pts',(691.548887086616,-4859.82227926237,38.2000355500655));
#2807=CARTESIAN_POINT('Ctrl Pts',(691.559391893897,-4859.79447123334,38.2000355500655));
#2808=CARTESIAN_POINT('',(689.968525216176,-4858.60623451894,35.2000383476378));
#2809=CARTESIAN_POINT('',(690.04968694393,-4858.43942975066,38.2000355500655));
#2810=CARTESIAN_POINT('',(691.668941990861,-4859.92835188873,35.2001888430598));
#2811=CARTESIAN_POINT('Ctrl Pts',(689.968525209985,-4858.60623453166,35.2000381187837));
#2812=CARTESIAN_POINT('Ctrl Pts',(690.083882475768,-4858.79084450905,35.2000506773835));
#2813=CARTESIAN_POINT('Ctrl Pts',(690.43215895357,-4859.3566130478,35.2000757985874));
#2814=CARTESIAN_POINT('Ctrl Pts',(690.588166689206,-4859.61078500366,35.200104051824));
#2815=CARTESIAN_POINT('Ctrl Pts',(690.733180014838,-4859.8353788895,35.2001213194826));
#2816=CARTESIAN_POINT('Ctrl Pts',(690.789775854534,-4859.92138233119,35.2001275987783));
#2817=CARTESIAN_POINT('Ctrl Pts',(690.849747463793,-4860.01346537021,35.2001338781857));
#2818=CARTESIAN_POINT('Ctrl Pts',(690.952983960144,-4860.10468984873,35.200141728924));
#2819=CARTESIAN_POINT('Ctrl Pts',(691.155032029327,-4860.19341983181,35.2001542922231));
#2820=CARTESIAN_POINT('Ctrl Pts',(691.383183392416,-4860.17648720042,35.2001668574941));
#2821=CARTESIAN_POINT('Ctrl Pts',(691.571287943022,-4860.06033371734,35.2001794216346));
#2822=CARTESIAN_POINT('Ctrl Pts',(691.640314845128,-4859.97463609728,35.2001857027491));
#2823=CARTESIAN_POINT('Ctrl Pts',(691.668941991117,-4859.92835188925,35.2001888430592));
#2824=CARTESIAN_POINT('',(691.559391893896,-4859.79447123334,38.2000355500655));
#2825=CARTESIAN_POINT('Ctrl Pts',(691.559391893897,-4859.79447123334,38.2000355500655));
#2826=CARTESIAN_POINT('Ctrl Pts',(691.59590859297,-4859.83909811864,37.2000866477301));
#2827=CARTESIAN_POINT('Ctrl Pts',(691.632425292043,-4859.88372500395,36.2001377453946));
#2828=CARTESIAN_POINT('Ctrl Pts',(691.668941991117,-4859.92835188925,35.2001888430592));
#2829=CARTESIAN_POINT('Ctrl Pts',(691.565239511909,-4859.77899158416,38.2000355500655));
#2830=CARTESIAN_POINT('Ctrl Pts',(691.604696505322,-4859.8200417934,37.2001745722567));
#2831=CARTESIAN_POINT('Ctrl Pts',(691.644153498735,-4859.86109200265,36.2003135944479));
#2832=CARTESIAN_POINT('Ctrl Pts',(691.683610492148,-4859.9021422119,35.2004526166391));
#2833=CARTESIAN_POINT('Ctrl Pts',(691.571195233253,-4859.75905513749,38.2000355500655));
#2834=CARTESIAN_POINT('Ctrl Pts',(691.613563330252,-4859.79628260823,37.2004094387687));
#2835=CARTESIAN_POINT('Ctrl Pts',(691.65593142725,-4859.83351007897,36.2007833274718));
#2836=CARTESIAN_POINT('Ctrl Pts',(691.698299524249,-4859.87073754971,35.2011572161749));
#2837=CARTESIAN_POINT('Ctrl Pts',(691.579405438467,-4859.71837745756,38.2000355500655));
#2838=CARTESIAN_POINT('Ctrl Pts',(691.626326250972,-4859.74929680942,37.2010161987038));
#2839=CARTESIAN_POINT('Ctrl Pts',(691.673247063477,-4859.78021616129,36.2019968473421));
#2840=CARTESIAN_POINT('Ctrl Pts',(691.720167875983,-4859.81113551315,35.2029774959803));
#2841=CARTESIAN_POINT('Ctrl Pts',(691.583616128772,-4859.67214275845,38.2000355500656));
#2842=CARTESIAN_POINT('Ctrl Pts',(691.634107233566,-4859.69770918999,37.2018161376186));
#2843=CARTESIAN_POINT('Ctrl Pts',(691.684598338361,-4859.72327562152,36.2035967251716));
#2844=CARTESIAN_POINT('Ctrl Pts',(691.735089443155,-4859.74884205306,35.2053773127246));
#2845=CARTESIAN_POINT('Ctrl Pts',(691.578348576815,-4859.60981462642,38.2000355500656));
#2846=CARTESIAN_POINT('Ctrl Pts',(691.632469499887,-4859.63067232255,37.2028514938314));
#2847=CARTESIAN_POINT('Ctrl Pts',(691.686590422959,-4859.65153001868,36.2056674375973));
#2848=CARTESIAN_POINT('Ctrl Pts',(691.740711346031,-4859.67238771481,35.2084833813631));
#2849=CARTESIAN_POINT('Ctrl Pts',(691.567076072096,-4859.5666949872,38.2000355500656));
#2850=CARTESIAN_POINT('Ctrl Pts',(691.623653747846,-4859.5851465319,37.2035034345535));
#2851=CARTESIAN_POINT('Ctrl Pts',(691.680231423597,-4859.60359807659,36.2069713190414));
#2852=CARTESIAN_POINT('Ctrl Pts',(691.736809099347,-4859.62204962129,35.2104392035293));
#2853=CARTESIAN_POINT('Ctrl Pts',(691.550085624131,-4859.52353485545,38.2000355500656));
#2854=CARTESIAN_POINT('Ctrl Pts',(691.609859310048,-4859.5395277863,37.2041003674878));
#2855=CARTESIAN_POINT('Ctrl Pts',(691.669632995966,-4859.55552071716,36.20816518491));
#2856=CARTESIAN_POINT('Ctrl Pts',(691.729406681883,-4859.57151364801,35.2122300023322));
#2857=CARTESIAN_POINT('Ctrl Pts',(691.529404718482,-4859.48670762324,38.2000355500656));
#2858=CARTESIAN_POINT('Ctrl Pts',(691.5927355437,-4859.50049541846,37.2045503593933));
#2859=CARTESIAN_POINT('Ctrl Pts',(691.656066368918,-4859.51428321368,36.209065168721));
#2860=CARTESIAN_POINT('Ctrl Pts',(691.719397194135,-4859.52807100889,35.2135799780487));
#2861=CARTESIAN_POINT('Ctrl Pts',(691.491576346317,-4859.42042501698,38.2000355500656));
#2862=CARTESIAN_POINT('Ctrl Pts',(691.557911085823,-4859.43018230938,37.2051093194653));
#2863=CARTESIAN_POINT('Ctrl Pts',(691.624245825328,-4859.43993960179,36.2101830888649));
#2864=CARTESIAN_POINT('Ctrl Pts',(691.690580564833,-4859.4496968942,35.2152568582645));
#2865=CARTESIAN_POINT('Ctrl Pts',(691.410142705371,-4859.28140060758,38.2000355500656));
#2866=CARTESIAN_POINT('Ctrl Pts',(691.470741208176,-4859.28338133863,37.2051982950636));
#2867=CARTESIAN_POINT('Ctrl Pts',(691.531339710981,-4859.28536206968,36.2103610400616));
#2868=CARTESIAN_POINT('Ctrl Pts',(691.591938213786,-4859.28734280073,35.2155237850596));
#2869=CARTESIAN_POINT('Ctrl Pts',(691.328183619547,-4859.15214702857,38.2000355500656));
#2870=CARTESIAN_POINT('Ctrl Pts',(691.384619606778,-4859.14511033838,37.2052904973887));
#2871=CARTESIAN_POINT('Ctrl Pts',(691.44105559401,-4859.1380736482,36.2105454447118));
#2872=CARTESIAN_POINT('Ctrl Pts',(691.497491581241,-4859.13103695801,35.215800392035));
#2873=CARTESIAN_POINT('Ctrl Pts',(691.16128949746,-4858.88916192526,38.2000355500656));
#2874=CARTESIAN_POINT('Ctrl Pts',(691.226796120823,-4858.89440281302,37.2053357578668));
#2875=CARTESIAN_POINT('Ctrl Pts',(691.292302744186,-4858.89964370077,36.210635965668));
#2876=CARTESIAN_POINT('Ctrl Pts',(691.357809367548,-4858.90488458853,35.2159361734693));
#2877=CARTESIAN_POINT('Ctrl Pts',(690.93530128977,-4858.53297244914,38.2000355500656));
#2878=CARTESIAN_POINT('Ctrl Pts',(691.027580040931,-4858.58162846988,37.2052094563211));
#2879=CARTESIAN_POINT('Ctrl Pts',(691.119858792092,-4858.63028449064,36.2103833625767));
#2880=CARTESIAN_POINT('Ctrl Pts',(691.212137543252,-4858.67894051138,35.2155572688323));
#2881=CARTESIAN_POINT('Ctrl Pts',(690.731311049266,-4858.20929998304,38.2000355500655));
#2882=CARTESIAN_POINT('Ctrl Pts',(690.793488105993,-4858.21040591714,37.2051258727727));
#2883=CARTESIAN_POINT('Ctrl Pts',(690.85566516272,-4858.21151185124,36.2102161954799));
#2884=CARTESIAN_POINT('Ctrl Pts',(690.917842219447,-4858.21261778534,35.2153065181871));
#2885=CARTESIAN_POINT('Ctrl Pts',(690.643322503012,-4858.06848858855,38.2000355500655));
#2886=CARTESIAN_POINT('Ctrl Pts',(690.70484714338,-4858.06855083665,37.2051258538305));
#2887=CARTESIAN_POINT('Ctrl Pts',(690.766371783747,-4858.06861308476,36.2102161575955));
#2888=CARTESIAN_POINT('Ctrl Pts',(690.827896424114,-4858.06867533286,35.2153064613605));
#2889=CARTESIAN_POINT('',(690.643322503012,-4858.06848858855,38.2000355500655));
#2890=CARTESIAN_POINT('Ctrl Pts',(691.559391893897,-4859.79447123334,38.2000355500655));
#2891=CARTESIAN_POINT('Ctrl Pts',(691.565239511909,-4859.77899158416,38.2000355500655));
#2892=CARTESIAN_POINT('Ctrl Pts',(691.569986282809,-4859.76310203201,38.2000355500655));
#2893=CARTESIAN_POINT('Ctrl Pts',(691.573557493823,-4859.74695686945,38.2000355500655));
#2894=CARTESIAN_POINT('Ctrl Pts',(691.58354411764,-4859.70180813297,38.2000355500655));
#2895=CARTESIAN_POINT('Ctrl Pts',(691.584337871532,-4859.65466052489,38.2000355500655));
#2896=CARTESIAN_POINT('Ctrl Pts',(691.576410673558,-4859.60907361241,38.2000355500655));
#2897=CARTESIAN_POINT('Ctrl Pts',(691.572447074572,-4859.58628015617,38.2000355500655));
#2898=CARTESIAN_POINT('Ctrl Pts',(691.566303237619,-4859.56387687383,38.2000355500655));
#2899=CARTESIAN_POINT('Ctrl Pts',(691.557469672149,-4859.54241526072,38.2000355500655));
#2900=CARTESIAN_POINT('Ctrl Pts',(691.548636106679,-4859.5209536476,38.2000355500655));
#2901=CARTESIAN_POINT('Ctrl Pts',(691.537112812694,-4859.50043370372,38.2000355500655));
#2902=CARTESIAN_POINT('Ctrl Pts',(691.52595002874,-4859.48074252298,38.2000355500655));
#2903=CARTESIAN_POINT('Ctrl Pts',(691.436647757109,-4859.32321307709,38.2000355500655));
#2904=CARTESIAN_POINT('Ctrl Pts',(691.370418127528,-4859.21872447276,38.2000355500655));
#2905=CARTESIAN_POINT('Ctrl Pts',(691.281984220765,-4859.07935228505,38.2000355500655));
#2906=CARTESIAN_POINT('Ctrl Pts',(691.105116407238,-4858.80060790965,38.2000355500655));
#2907=CARTESIAN_POINT('Ctrl Pts',(690.839431484983,-4858.38232920075,38.2000355500655));
#2908=CARTESIAN_POINT('Ctrl Pts',(690.643322503012,-4858.06848858855,38.2000355500655));
#2909=CARTESIAN_POINT('',(690.82789655777,-4858.06867544377,35.2153065019569));
#2910=CARTESIAN_POINT('Ctrl Pts',(691.668941991279,-4859.92835188896,35.2001888430621));
#2911=CARTESIAN_POINT('Ctrl Pts',(691.679052121321,-4859.91028710885,35.2003706460291));
#2912=CARTESIAN_POINT('Ctrl Pts',(691.688322689423,-4859.89176876479,35.2007131649523));
#2913=CARTESIAN_POINT('Ctrl Pts',(691.696556769409,-4859.87277356021,35.2011846008041));
#2914=CARTESIAN_POINT('Ctrl Pts',(691.699379577057,-4859.86626162338,35.2013462184628));
#2915=CARTESIAN_POINT('Ctrl Pts',(691.702075394901,-4859.85970575017,35.201522578319));
#2916=CARTESIAN_POINT('Ctrl Pts',(691.704639668504,-4859.85310100034,35.2017123175005));
#2917=CARTESIAN_POINT('Ctrl Pts',(691.706972491478,-4859.84709239341,35.2018849308758));
#2918=CARTESIAN_POINT('Ctrl Pts',(691.709196421671,-4859.84104334514,35.2020686180539));
#2919=CARTESIAN_POINT('Ctrl Pts',(691.711307839287,-4859.83495050831,35.2022619004018));
#2920=CARTESIAN_POINT('Ctrl Pts',(691.712956997238,-4859.83019159646,35.2024128668037));
#2921=CARTESIAN_POINT('Ctrl Pts',(691.714537507807,-4859.82540597877,35.2025696688893));
#2922=CARTESIAN_POINT('Ctrl Pts',(691.71604771315,-4859.82059216855,35.2027321567645));
#2923=CARTESIAN_POINT('Ctrl Pts',(691.721118986564,-4859.8044273815,35.2032777914658));
#2924=CARTESIAN_POINT('Ctrl Pts',(691.724955476067,-4859.7893441582,35.2038360667812));
#2925=CARTESIAN_POINT('Ctrl Pts',(691.727897558824,-4859.77556250989,35.2043638711281));
#2926=CARTESIAN_POINT('Ctrl Pts',(691.729778125222,-4859.76675334071,35.2047012413524));
#2927=CARTESIAN_POINT('Ctrl Pts',(691.731294747435,-4859.75847491479,35.2050263571345));
#2928=CARTESIAN_POINT('Ctrl Pts',(691.732536878852,-4859.75077952418,35.2053310994228));
#2929=CARTESIAN_POINT('Ctrl Pts',(691.734079600947,-4859.74122188079,35.2057095880874));
#2930=CARTESIAN_POINT('Ctrl Pts',(691.735198367281,-4859.73256341504,35.2060568696284));
#2931=CARTESIAN_POINT('Ctrl Pts',(691.736027569645,-4859.72490769255,35.2063665413215));
#2932=CARTESIAN_POINT('Ctrl Pts',(691.737930896644,-4859.70733496973,35.2070773527221));
#2933=CARTESIAN_POINT('Ctrl Pts',(691.738877635324,-4859.68976730689,35.2077945732308));
#2934=CARTESIAN_POINT('Ctrl Pts',(691.738861405625,-4859.67210614755,35.2084980823364));
#2935=CARTESIAN_POINT('Ctrl Pts',(691.738859671598,-4859.67021917952,35.2085732472315));
#2936=CARTESIAN_POINT('Ctrl Pts',(691.738846948791,-4859.66833114759,35.2086482490951));
#2937=CARTESIAN_POINT('Ctrl Pts',(691.738823234791,-4859.6664419329,35.2087230584352));
#2938=CARTESIAN_POINT('Ctrl Pts',(691.738670145754,-4859.65424584385,35.20920600057));
#2939=CARTESIAN_POINT('Ctrl Pts',(691.73805502521,-4859.64202998611,35.2096794651125));
#2940=CARTESIAN_POINT('Ctrl Pts',(691.737012118466,-4859.62992323637,35.2101345394951));
#2941=CARTESIAN_POINT('Ctrl Pts',(691.736237032807,-4859.62092553052,35.2104727496273));
#2942=CARTESIAN_POINT('Ctrl Pts',(691.73522692517,-4859.61198745823,35.2108007963137));
#2943=CARTESIAN_POINT('Ctrl Pts',(691.73401216065,-4859.60315334445,35.211115456982));
#2944=CARTESIAN_POINT('Ctrl Pts',(691.733581352386,-4859.60002038398,35.2112270493227));
#2945=CARTESIAN_POINT('Ctrl Pts',(691.733124913382,-4859.59690043927,35.2113369631432));
#2946=CARTESIAN_POINT('Ctrl Pts',(691.732643224798,-4859.59379590432,35.2114451132959));
#2947=CARTESIAN_POINT('Ctrl Pts',(691.732634021316,-4859.59373658689,35.211447179689));
#2948=CARTESIAN_POINT('Ctrl Pts',(691.732624809794,-4859.59367728261,35.2114492451142));
#2949=CARTESIAN_POINT('Ctrl Pts',(691.732615590239,-4859.59361799148,35.2114513095716));
#2950=CARTESIAN_POINT('Ctrl Pts',(691.730114916124,-4859.57753611169,35.2120112644638));
#2951=CARTESIAN_POINT('Ctrl Pts',(691.727027318081,-4859.56241953724,35.2125000645855));
#2952=CARTESIAN_POINT('Ctrl Pts',(691.723464195885,-4859.54808435419,35.2129237269587));
#2953=CARTESIAN_POINT('Ctrl Pts',(691.721141465476,-4859.53873952576,35.2131999042613));
#2954=CARTESIAN_POINT('Ctrl Pts',(691.718615630313,-4859.52972729964,35.2134483969515));
#2955=CARTESIAN_POINT('Ctrl Pts',(691.715907182562,-4859.52100235458,35.2136706352112));
#2956=CARTESIAN_POINT('Ctrl Pts',(691.711550212238,-4859.50696688842,35.214028140909));
#2957=CARTESIAN_POINT('Ctrl Pts',(691.706722912216,-4859.49367358921,35.214317855798));
#2958=CARTESIAN_POINT('Ctrl Pts',(691.701471368412,-4859.48095547051,35.2145439326533));
#2959=CARTESIAN_POINT('Ctrl Pts',(691.700728825786,-4859.47915719069,35.2145758988157));
#2960=CARTESIAN_POINT('Ctrl Pts',(691.699977727457,-4859.47737045154,35.2146065882952));
#2961=CARTESIAN_POINT('Ctrl Pts',(691.699218131968,-4859.47559482122,35.2146360082674));
#2962=CARTESIAN_POINT('Ctrl Pts',(691.694067355742,-4859.46355436733,35.2148355035191));
#2963=CARTESIAN_POINT('Ctrl Pts',(691.688530820962,-4859.45202245649,35.214977151483));
#2964=CARTESIAN_POINT('Ctrl Pts',(691.682759901973,-4859.44082910788,35.2150818207441));
#2965=CARTESIAN_POINT('Ctrl Pts',(691.675978756882,-4859.42767631174,35.2152048128443));
#2966=CARTESIAN_POINT('Ctrl Pts',(691.668872276332,-4859.41499114012,35.2152765984135));
#2967=CARTESIAN_POINT('Ctrl Pts',(691.661614950699,-4859.40253528034,35.2153232475713));
#2968=CARTESIAN_POINT('Ctrl Pts',(691.65413943269,-4859.38970493362,35.2153712992417));
#2969=CARTESIAN_POINT('Ctrl Pts',(691.646499525685,-4859.37711908929,35.2153922623691));
#2970=CARTESIAN_POINT('Ctrl Pts',(691.638867178294,-4859.36454194816,35.2154118022096));
#2971=CARTESIAN_POINT('Ctrl Pts',(691.638866937336,-4859.36454155109,35.2154118028265));
#2972=CARTESIAN_POINT('Ctrl Pts',(691.638866696378,-4859.36454115402,35.2154118034434));
#2973=CARTESIAN_POINT('Ctrl Pts',(691.638866455421,-4859.36454075695,35.2154118040603));
#2974=CARTESIAN_POINT('Ctrl Pts',(691.626404180666,-4859.34400450713,35.2154437091953));
#2975=CARTESIAN_POINT('Ctrl Pts',(691.61467915041,-4859.32466881516,35.2154744302446));
#2976=CARTESIAN_POINT('Ctrl Pts',(691.603509116034,-4859.30624670902,35.2155038101184));
#2977=CARTESIAN_POINT('Ctrl Pts',(691.591640963545,-4859.28667323615,35.2155350262104));
#2978=CARTESIAN_POINT('Ctrl Pts',(691.580399689358,-4859.26813150821,35.2155647353489));
#2979=CARTESIAN_POINT('Ctrl Pts',(691.56960001622,-4859.2503271189,35.2155928686421));
#2980=CARTESIAN_POINT('Ctrl Pts',(691.557742821451,-4859.23077929472,35.2156237567932));
#2981=CARTESIAN_POINT('Ctrl Pts',(691.546418172782,-4859.212120449,35.2156527548641));
#2982=CARTESIAN_POINT('Ctrl Pts',(691.535415364924,-4859.19401484613,35.2156797770074));
#2983=CARTESIAN_POINT('Ctrl Pts',(691.523763593023,-4859.17484134446,35.215708392962));
#2984=CARTESIAN_POINT('Ctrl Pts',(691.512473219657,-4859.15628875173,35.2157348062703));
#2985=CARTESIAN_POINT('Ctrl Pts',(691.50132498154,-4859.13801029931,35.2157587385657));
#2986=CARTESIAN_POINT('Ctrl Pts',(691.489152682505,-4859.11805281486,35.2157848692468));
#2987=CARTESIAN_POINT('Ctrl Pts',(691.477150330557,-4859.09842242602,35.2158080677913));
#2988=CARTESIAN_POINT('Ctrl Pts',(691.465060797291,-4859.07872212243,35.2158274589114));
#2989=CARTESIAN_POINT('Ctrl Pts',(691.463344851798,-4859.07592593117,35.2158302112182));
#2990=CARTESIAN_POINT('Ctrl Pts',(691.461627184637,-4859.07312840907,35.2158328856344));
#2991=CARTESIAN_POINT('Ctrl Pts',(691.459907091371,-4859.07032849414,35.2158354783873));
#2992=CARTESIAN_POINT('Ctrl Pts',(691.445799958126,-4859.04736533632,35.2158567425309));
#2993=CARTESIAN_POINT('Ctrl Pts',(691.431528834259,-4859.02423652245,35.215872688849));
#2994=CARTESIAN_POINT('Ctrl Pts',(691.416713433914,-4859.00039112762,35.215880123834));
#2995=CARTESIAN_POINT('Ctrl Pts',(691.415103255553,-4858.99779954469,35.2158809318886));
#2996=CARTESIAN_POINT('Ctrl Pts',(691.41348665092,-4858.99519954672,35.2158816371241));
#2997=CARTESIAN_POINT('Ctrl Pts',(691.411863129811,-4858.99259045868,35.2158822336466));
#2998=CARTESIAN_POINT('Ctrl Pts',(691.411862739622,-4858.99258983163,35.21588223379));
#2999=CARTESIAN_POINT('Ctrl Pts',(691.411862349433,-4858.99258920457,35.2158822339334));
#3000=CARTESIAN_POINT('Ctrl Pts',(691.411861959245,-4858.99258857752,35.2158822340767));
#3001=CARTESIAN_POINT('Ctrl Pts',(691.393627524704,-4858.96328484558,35.2158889332808));
#3002=CARTESIAN_POINT('Ctrl Pts',(691.375748605837,-4858.93480706454,35.2158818426928));
#3003=CARTESIAN_POINT('Ctrl Pts',(691.357334276371,-4858.90565006103,35.2158651802107));
#3004=CARTESIAN_POINT('Ctrl Pts',(691.342042057901,-4858.88143656639,35.2158513428175));
#3005=CARTESIAN_POINT('Ctrl Pts',(691.326383082389,-4858.85675901139,35.2158308841447));
#3006=CARTESIAN_POINT('Ctrl Pts',(691.309844632994,-4858.83075555975,35.215806001527));
#3007=CARTESIAN_POINT('Ctrl Pts',(691.295630171226,-4858.80840612054,35.2157846154219));
#3008=CARTESIAN_POINT('Ctrl Pts',(691.280766682269,-4858.78507838876,35.2157599549131));
#3009=CARTESIAN_POINT('Ctrl Pts',(691.264909926624,-4858.76019584687,35.2157333822631));
#3010=CARTESIAN_POINT('Ctrl Pts',(691.250928064199,-4858.73825540172,35.2157099515472));
#3011=CARTESIAN_POINT('Ctrl Pts',(691.2361740998,-4858.71510639759,35.215685031769));
#3012=CARTESIAN_POINT('Ctrl Pts',(691.220391745407,-4858.69032066289,35.2156595804768));
#3013=CARTESIAN_POINT('Ctrl Pts',(691.205064428414,-4858.66624955138,35.215634862997));
#3014=CARTESIAN_POINT('Ctrl Pts',(691.188767536747,-4858.64063535806,35.2156096422137));
#3015=CARTESIAN_POINT('Ctrl Pts',(691.1712418238,-4858.61304564792,35.2155848492995));
#3016=CARTESIAN_POINT('Ctrl Pts',(691.154253488243,-4858.58630189974,35.2155608165912));
#3017=CARTESIAN_POINT('Ctrl Pts',(691.136106351493,-4858.55769519413,35.2155371877985));
#3018=CARTESIAN_POINT('Ctrl Pts',(691.117145001121,-4858.5277691437,35.2155144069442));
#3019=CARTESIAN_POINT('Ctrl Pts',(691.099857083535,-4858.50048421498,35.2154936366127));
#3020=CARTESIAN_POINT('Ctrl Pts',(691.081892015037,-4858.47210204479,35.2154735710464));
#3021=CARTESIAN_POINT('Ctrl Pts',(691.063533641013,-4858.44307019985,35.2154545866806));
#3022=CARTESIAN_POINT('Ctrl Pts',(691.046354908469,-4858.41590383432,35.2154368221803));
#3023=CARTESIAN_POINT('Ctrl Pts',(691.028831564112,-4858.38816824182,35.2154200042704));
#3024=CARTESIAN_POINT('Ctrl Pts',(691.011220691658,-4858.36026866183,35.2154044797525));
#3025=CARTESIAN_POINT('Ctrl Pts',(690.994944803062,-4858.33448399632,35.2153901320634));
#3026=CARTESIAN_POINT('Ctrl Pts',(690.978594093619,-4858.30855916637,35.215376889152));
#3027=CARTESIAN_POINT('Ctrl Pts',(690.962394942914,-4858.2828509468,35.2153650590224));
#3028=CARTESIAN_POINT('Ctrl Pts',(690.946761919829,-4858.25804117761,35.215353642332));
#3029=CARTESIAN_POINT('Ctrl Pts',(690.931269870915,-4858.23343286381,35.2153435412451));
#3030=CARTESIAN_POINT('Ctrl Pts',(690.916146872965,-4858.20938542351,35.2153350669211));
#3031=CARTESIAN_POINT('Ctrl Pts',(690.90150174643,-4858.18609785797,35.2153268603772));
#3032=CARTESIAN_POINT('Ctrl Pts',(690.887202556702,-4858.16333602747,35.2153201792665));
#3033=CARTESIAN_POINT('Ctrl Pts',(690.873482360372,-4858.14146719049,35.215315341145));
#3034=CARTESIAN_POINT('Ctrl Pts',(690.860309333109,-4858.1204704949,35.2153106959705));
#3035=CARTESIAN_POINT('Ctrl Pts',(690.847669948021,-4858.10029684262,35.2153077496511));
#3036=CARTESIAN_POINT('Ctrl Pts',(690.835796482942,-4858.08131227541,35.2153068174343));
#3037=CARTESIAN_POINT('Ctrl Pts',(690.833123273682,-4858.07703806223,35.2153066075536));
#3038=CARTESIAN_POINT('Ctrl Pts',(690.830488999199,-4858.07282429768,35.2153064999097));
#3039=CARTESIAN_POINT('Ctrl Pts',(690.827896509843,-4858.06867547372,35.2153064983582));
#3040=CARTESIAN_POINT('',(690.643322503012,-4858.06848858855,38.2000355500655));
#3041=CARTESIAN_POINT('Origin',(659.362385308188,-4884.7952647116,37.9969229478316));
#3042=CARTESIAN_POINT('',(659.481403862875,-4884.79441021941,38.0000395554977));
#3043=CARTESIAN_POINT('',(659.302646644558,-4884.79569185191,38.0000395554977));
#3044=CARTESIAN_POINT('',(662.501366303073,-4884.77275804759,38.0000395554977));
#3045=CARTESIAN_POINT('',(659.303125592665,-4884.7956751476,37.9906900241538));
#3046=CARTESIAN_POINT('',(659.377413688158,-4884.79515783792,37.9945859454704));
#3047=CARTESIAN_POINT('Ctrl Pts',(659.302646644558,-4884.79569185191,38.0000395554977));
#3048=CARTESIAN_POINT('Ctrl Pts',(659.302802559412,-4884.79569190006,37.9969254106769));
#3049=CARTESIAN_POINT('Ctrl Pts',(659.302962258757,-4884.79569192209,37.9938085993342));
#3050=CARTESIAN_POINT('Ctrl Pts',(659.303125713093,-4884.79569191785,37.9906900269714));
#3051=CARTESIAN_POINT('Origin',(659.241306816977,-4863.79558514617,37.9953646439986));
#3052=CARTESIAN_POINT('',(659.001209479971,-4842.796753889,37.9906897195649));
#3053=CARTESIAN_POINT('',(659.152164861892,-4863.79622601609,37.9906897267632));
#3054=CARTESIAN_POINT('',(659.179493462485,-4842.79547833464,38.0000395554977));
#3055=CARTESIAN_POINT('Ctrl Pts',(659.179493462485,-4842.79547833464,38.0000395554977));
#3056=CARTESIAN_POINT('Ctrl Pts',(659.280130262615,-4856.79512229623,38.0000395554977));
#3057=CARTESIAN_POINT('Ctrl Pts',(659.380767062745,-4870.79476625782,38.0000395554977));
#3058=CARTESIAN_POINT('Ctrl Pts',(659.481403862875,-4884.79441021941,38.0000395554977));
#3059=CARTESIAN_POINT('',(659.07548668075,-4842.79622607255,37.9945850745401));
#3060=CARTESIAN_POINT('Origin',(659.060474907797,-4842.79633282683,37.9969229478316));
#3061=CARTESIAN_POINT('',(659.000730306763,-4842.79676000971,38.0000395554977));
#3062=CARTESIAN_POINT('Ctrl Pts',(659.001209349292,-4842.79676007596,37.9906897121416));
#3063=CARTESIAN_POINT('Ctrl Pts',(659.001045902973,-4842.7967600801,37.9938083970781));
#3064=CARTESIAN_POINT('Ctrl Pts',(659.000886213104,-4842.79676005797,37.9969252976398));
#3065=CARTESIAN_POINT('Ctrl Pts',(659.000730306763,-4842.79676000971,38.0000395554977));
#3066=CARTESIAN_POINT('',(662.199851579366,-4842.77382332595,38.0000395554977));
#3067=CARTESIAN_POINT('Origin',(671.501462741962,-4884.70797654025,35.2000320726105));
#3068=CARTESIAN_POINT('',(675.069408975819,-4884.707975145,37.7000356389817));
#3069=CARTESIAN_POINT('Origin',(671.501465107159,-4884.70797524936,37.7000345963912));
#3070=CARTESIAN_POINT('',(675.200429012551,-4884.70797654024,35.2000373599998));
#3071=CARTESIAN_POINT('',(675.200429487883,-4884.70797654025,35.2000282901859));
#3072=CARTESIAN_POINT('Origin',(671.50146253478,-4884.70797664984,35.2000371891625));
#3073=CARTESIAN_POINT('Origin',(671.50146403712,-4884.70797678551,37.6999940472017));
#3074=CARTESIAN_POINT('',(673.64886929943,-4884.70798007611,40.0000366944747));
#3075=CARTESIAN_POINT('Origin',(671.501461052447,-4884.7079799151,40.0000366944747));
#3076=CARTESIAN_POINT('',(673.769410932875,-4884.70797678556,37.7000328436943));
#3077=CARTESIAN_POINT('',(673.769412803995,-4884.70797678551,37.6999971416389));
#3078=CARTESIAN_POINT('Origin',(671.501464199237,-4884.70797661552,37.7000345963912));
#3079=CARTESIAN_POINT('Origin',(671.199553687139,-4842.70906170438,35.1999972945649));
#3080=CARTESIAN_POINT('',(674.767497801723,-4842.70906340401,37.7000423003836));
#3081=CARTESIAN_POINT('Origin',(671.199552831571,-4842.70906327688,37.7000345963912));
#3082=CARTESIAN_POINT('',(674.898518597702,-4842.7090617044,35.2000350115656));
#3083=CARTESIAN_POINT('',(674.898520502676,-4842.70906170438,35.199998662766));
#3084=CARTESIAN_POINT('Origin',(671.199553749875,-4842.70906157402,35.2000374798222));
#3085=CARTESIAN_POINT('Origin',(671.199553599183,-4842.70906303144,37.7000115318428));
#3086=CARTESIAN_POINT('',(673.346958458063,-4842.70906609965,40.0000455419146));
#3087=CARTESIAN_POINT('Origin',(671.199552144133,-4842.70906594951,40.0000366944747));
#3088=CARTESIAN_POINT('',(673.467497910662,-4842.70906303147,37.7000314959446));
#3089=CARTESIAN_POINT('',(673.467498877882,-4842.70906303144,37.7000130404126));
#3090=CARTESIAN_POINT('Origin',(671.199553678228,-4842.70906287292,37.7000345963912));
#3091=CARTESIAN_POINT('Origin',(676.338350461082,-4866.02949813355,35.3870644878586));
#3092=CARTESIAN_POINT('',(677.13353609832,-4866.02949862429,40.2000398861236));
#3093=CARTESIAN_POINT('Origin',(676.338352134462,-4866.02949862004,40.2000398415999));
#3094=CARTESIAN_POINT('',(677.395574519061,-4866.02949811448,35.2000367457015));
#3095=CARTESIAN_POINT('',(677.385772853632,-4866.02949813355,35.3870641205091));
#3096=CARTESIAN_POINT('',(676.276947232996,-4864.97405879223,35.2000375528421));
#3097=CARTESIAN_POINT('Origin',(676.338350373497,-4866.02949810923,35.2000375480233));
#3098=CARTESIAN_POINT('',(676.195775613177,-4865.14086332441,38.2000355357632));
#3099=CARTESIAN_POINT('Ctrl Pts',(676.195774639225,-4865.14086338534,38.200035507181));
#3100=CARTESIAN_POINT('Ctrl Pts',(676.208663863841,-4865.11224509394,37.6998269960421));
#3101=CARTESIAN_POINT('Ctrl Pts',(676.222036583165,-4865.08413627654,37.2011905277448));
#3102=CARTESIAN_POINT('Ctrl Pts',(676.249336746666,-4865.02847759826,36.1996710317132));
#3103=CARTESIAN_POINT('Ctrl Pts',(676.26313997514,-4865.00117883087,35.7013428031694));
#3104=CARTESIAN_POINT('Ctrl Pts',(676.276946313493,-4864.97405870261,35.2000375528421));
#3105=CARTESIAN_POINT('',(675.602143622056,-4865.51181300966,38.2000355421422));
#3106=CARTESIAN_POINT('Origin',(676.338351431098,-4866.02949841556,38.2000355500655));
#3107=CARTESIAN_POINT('',(675.416645515568,-4865.51163427584,35.2000375092101));
#3108=CARTESIAN_POINT('Ctrl Pts',(675.416645518971,-4865.51163426537,35.20003750921));
#3109=CARTESIAN_POINT('Ctrl Pts',(675.447078930733,-4865.51110496671,35.7013519247027));
#3110=CARTESIAN_POINT('Ctrl Pts',(675.477667734864,-4865.51066345793,36.1996799028341));
#3111=CARTESIAN_POINT('Ctrl Pts',(675.539656457731,-4865.5105306925,37.2011688192258));
#3112=CARTESIAN_POINT('Ctrl Pts',(675.570779574097,-4865.51084101189,37.6998286854543));
#3113=CARTESIAN_POINT('Ctrl Pts',(675.602143893852,-4865.51181239217,38.200035526299));
#3114=CARTESIAN_POINT('',(675.282910157989,-4866.09088826683,35.2000374959785));
#3115=CARTESIAN_POINT('Origin',(676.338350373497,-4866.02949810923,35.2000375480233));
#3116=CARTESIAN_POINT('',(675.449715247214,-4866.17206735791,38.2000355440248));
#3117=CARTESIAN_POINT('Ctrl Pts',(675.449715225732,-4866.17206787474,38.2000355319474));
#3118=CARTESIAN_POINT('Ctrl Pts',(675.421098818503,-4866.15918937861,37.6998290373279));
#3119=CARTESIAN_POINT('Ctrl Pts',(675.392988893935,-4866.14582176235,37.2011668602497));
#3120=CARTESIAN_POINT('Ctrl Pts',(675.337340142866,-4866.1185252575,36.1998380838265));
#3121=CARTESIAN_POINT('Ctrl Pts',(675.310047754505,-4866.10471865885,35.7016505743796));
#3122=CARTESIAN_POINT('Ctrl Pts',(675.282910157989,-4866.09088826683,35.2000374959785));
#3123=CARTESIAN_POINT('',(675.820654753758,-4866.76569845953,38.2000355500655));
#3124=CARTESIAN_POINT('Origin',(676.338351431098,-4866.02949841556,38.2000355500655));
#3125=CARTESIAN_POINT('',(675.820487381731,-4866.95120470782,35.2000373001944));
#3126=CARTESIAN_POINT('Ctrl Pts',(675.820487914754,-4866.95120375763,35.2000372574421));
#3127=CARTESIAN_POINT('Ctrl Pts',(675.819920133155,-4866.91751187834,35.7552001675018));
#3128=CARTESIAN_POINT('Ctrl Pts',(675.819443857044,-4866.88340018919,36.3103136540549));
#3129=CARTESIAN_POINT('Ctrl Pts',(675.819461241609,-4866.8489801528,36.8653777169491));
#3130=CARTESIAN_POINT('Ctrl Pts',(675.819475176399,-4866.82139039268,37.3102954437665));
#3131=CARTESIAN_POINT('Ctrl Pts',(675.819806386666,-4866.79360304774,37.7551814158779));
#3132=CARTESIAN_POINT('Ctrl Pts',(675.820655890376,-4866.76569925347,38.2000356332048));
#3133=CARTESIAN_POINT('',(676.399754082816,-4867.08493753626,35.2000375431788));
#3134=CARTESIAN_POINT('Origin',(676.338350373497,-4866.02949810923,35.2000375480233));
#3135=CARTESIAN_POINT('',(676.480924466035,-4866.91813408085,38.2000355553977));
#3136=CARTESIAN_POINT('Ctrl Pts',(676.399754083702,-4867.08493753621,35.2000375431517));
#3137=CARTESIAN_POINT('Ctrl Pts',(676.415048085975,-4867.05489469817,35.7553709334589));
#3138=CARTESIAN_POINT('Ctrl Pts',(676.430438027189,-4867.02443405916,36.3106550395506));
#3139=CARTESIAN_POINT('Ctrl Pts',(676.445514526781,-4866.99348011839,36.8658898615782));
#3140=CARTESIAN_POINT('Ctrl Pts',(676.457590905149,-4866.968685802,37.3106367176161));
#3141=CARTESIAN_POINT('Ctrl Pts',(676.469465856327,-4866.94357541458,37.755351952414));
#3142=CARTESIAN_POINT('Ctrl Pts',(676.480924103253,-4866.91813410363,38.2000355660489));
#3143=CARTESIAN_POINT('',(677.074554874117,-4866.54719038734,38.2000355545097));
#3144=CARTESIAN_POINT('Origin',(676.338351431098,-4866.02949841556,38.2000355500655));
#3145=CARTESIAN_POINT('',(677.260052717395,-4866.54736642156,35.200037586752));
#3146=CARTESIAN_POINT('Ctrl Pts',(677.074555026356,-4866.54719004147,38.2000355633963));
#3147=CARTESIAN_POINT('Ctrl Pts',(677.109368850795,-4866.54825270574,37.6449811816496));
#3148=CARTESIAN_POINT('Ctrl Pts',(677.14400031907,-4866.54850756412,37.0898774108486));
#3149=CARTESIAN_POINT('Ctrl Pts',(677.178297385959,-4866.54834637923,36.5347242510066));
#3150=CARTESIAN_POINT('Ctrl Pts',(677.205780837351,-4866.54821721608,36.0898604108121));
#3151=CARTESIAN_POINT('Ctrl Pts',(677.233050968089,-4866.54782147247,35.6449648560217));
#3152=CARTESIAN_POINT('Ctrl Pts',(677.260052715503,-4866.54736642494,35.2000375866337));
#3153=CARTESIAN_POINT('Origin',(676.338350373497,-4866.02949810923,35.2000375480233));
#3154=CARTESIAN_POINT('Origin',(689.781121550472,-4872.44581634577,38.632877336769));
#3155=CARTESIAN_POINT('',(696.725709893057,-4882.79837386493,62.2000355500655));
#3156=CARTESIAN_POINT('',(696.025032333801,-4881.7538271967,38.2000357447692));
#3157=CARTESIAN_POINT('Ctrl Pts',(696.725709893057,-4882.79837386493,62.2000355500655));
#3158=CARTESIAN_POINT('Ctrl Pts',(696.492151331472,-4882.45019122253,54.2000356149777));
#3159=CARTESIAN_POINT('Ctrl Pts',(696.258592144813,-4882.10200899943,46.2000356798901));
#3160=CARTESIAN_POINT('Ctrl Pts',(696.025032333081,-4881.75382719563,38.2000357448028));
#3161=CARTESIAN_POINT('',(700.352947742144,-4865.83982037879,62.2000354373654));
#3162=CARTESIAN_POINT('Origin',(689.781138070915,-4872.44582339804,62.2000355500655));
#3163=CARTESIAN_POINT('',(699.279453638497,-4866.51062832419,38.0462224395799));
#3164=CARTESIAN_POINT('',(699.279308831137,-4866.51071881316,38.0430292863326));
#3165=CARTESIAN_POINT('',(696.426620208378,-4881.46127161409,38.0430285149787));
#3166=CARTESIAN_POINT('Origin',(689.781129861566,-4872.44581750414,38.0430316954149));
#3167=CARTESIAN_POINT('',(696.424348601991,-4881.47316490525,38.2000355500655));
#3168=CARTESIAN_POINT('Ctrl Pts',(696.424348601991,-4881.47316490525,38.200035550065));
#3169=CARTESIAN_POINT('Ctrl Pts',(696.425485995302,-4881.46721771592,38.1215008057261));
#3170=CARTESIAN_POINT('Ctrl Pts',(696.426620614374,-4881.46127225955,38.0430284719451));
#3171=CARTESIAN_POINT('Origin',(689.781121655889,-4872.44581639077,38.2000355500655));
#3172=CARTESIAN_POINT('Origin',(694.821897118265,-4879.5691829644,35.3958726114688));
#3173=CARTESIAN_POINT('',(693.933285229817,-4879.71188512758,38.2000338555685));
#3174=CARTESIAN_POINT('',(693.766457547535,-4879.63059355141,35.2000382493486));
#3175=CARTESIAN_POINT('Ctrl Pts',(693.933303957334,-4879.71200229824,38.2000321610715));
#3176=CARTESIAN_POINT('Ctrl Pts',(693.920230016386,-4879.70592709466,37.9721308163974));
#3177=CARTESIAN_POINT('Ctrl Pts',(693.89034297558,-4879.69227003085,37.4496112351834));
#3178=CARTESIAN_POINT('Ctrl Pts',(693.834654120297,-4879.66496089079,36.4475613794705));
#3179=CARTESIAN_POINT('Ctrl Pts',(693.820758917584,-4879.65803144471,36.1957102413611));
#3180=CARTESIAN_POINT('Ctrl Pts',(693.798335101968,-4879.64676131523,35.7865828828739));
#3181=CARTESIAN_POINT('Ctrl Pts',(693.79165494258,-4879.64335435655,35.6640766630755));
#3182=CARTESIAN_POINT('Ctrl Pts',(693.774233649539,-4879.6345419239,35.3440843923848));
#3183=CARTESIAN_POINT('Ctrl Pts',(693.770531066609,-4879.63292956799,35.2750450176023));
#3184=CARTESIAN_POINT('Ctrl Pts',(693.766457493542,-4879.63059396283,35.20003823947));
#3185=CARTESIAN_POINT('',(694.304297352328,-4880.30544190882,38.2000369169634));
#3186=CARTESIAN_POINT('Origin',(694.821899458942,-4879.56917479541,38.2000355500655));
#3187=CARTESIAN_POINT('',(694.303813572184,-4880.48069036452,35.3673905128315));
#3188=CARTESIAN_POINT('Ctrl Pts',(694.303814158959,-4880.48069056089,35.3673905266678));
#3189=CARTESIAN_POINT('Ctrl Pts',(694.303330681127,-4880.47022719947,35.5363963421232));
#3190=CARTESIAN_POINT('Ctrl Pts',(694.302988660092,-4880.4298898698,36.1994662202909));
#3191=CARTESIAN_POINT('Ctrl Pts',(694.303044039588,-4880.34372312096,37.5914911830099));
#3192=CARTESIAN_POINT('Ctrl Pts',(694.304248813115,-4880.31133073604,38.1075797572459));
#3193=CARTESIAN_POINT('Ctrl Pts',(694.304376408068,-4880.30549739811,38.2000382838613));
#3194=CARTESIAN_POINT('',(694.893270203654,-4880.6052298557,35.5572690274851));
#3195=CARTESIAN_POINT('Ctrl Pts',(694.893270203654,-4880.6052298557,35.557269027485));
#3196=CARTESIAN_POINT('Ctrl Pts',(694.802201369243,-4880.61275893425,35.5333731323827));
#3197=CARTESIAN_POINT('Ctrl Pts',(694.711942070756,-4880.6080524888,35.5058111070346));
#3198=CARTESIAN_POINT('Ctrl Pts',(694.519011917583,-4880.5748867903,35.4431799183535));
#3199=CARTESIAN_POINT('Ctrl Pts',(694.407113431897,-4880.53720718195,35.4038317237865));
#3200=CARTESIAN_POINT('Ctrl Pts',(694.303812743763,-4880.48068977266,35.3673902589147));
#3201=CARTESIAN_POINT('',(694.964467137366,-4880.45781184078,38.2000355500655));
#3202=CARTESIAN_POINT('Ctrl Pts',(694.964467137368,-4880.45781184079,38.2000355500656));
#3203=CARTESIAN_POINT('Ctrl Pts',(694.931804626986,-4880.52968516055,36.9447242858268));
#3204=CARTESIAN_POINT('Ctrl Pts',(694.893270203654,-4880.6052298557,35.55726902749));
#3205=CARTESIAN_POINT('',(695.55809441413,-4880.08687966239,38.2000355500655));
#3206=CARTESIAN_POINT('Origin',(694.821899458942,-4879.56917479541,38.2000355500655));
#3207=CARTESIAN_POINT('',(695.719985440477,-4880.08752749478,35.5870937304383));
#3208=CARTESIAN_POINT('Ctrl Pts',(695.719985440476,-4880.08752749478,35.5870937304431));
#3209=CARTESIAN_POINT('Ctrl Pts',(695.636166958177,-4880.08900003842,36.9582146786744));
#3210=CARTESIAN_POINT('Ctrl Pts',(695.55809441413,-4880.08687966239,38.2000355500654));
#3211=CARTESIAN_POINT('',(695.865727684937,-4879.50178172873,35.4141286462806));
#3212=CARTESIAN_POINT('Ctrl Pts',(695.865727684937,-4879.50178172873,35.4141286462811));
#3213=CARTESIAN_POINT('Ctrl Pts',(695.867800065974,-4879.5449342697,35.4277250268488));
#3214=CARTESIAN_POINT('Ctrl Pts',(695.867192850916,-4879.58819812375,35.4414259966792));
#3215=CARTESIAN_POINT('Ctrl Pts',(695.858346296667,-4879.70434735979,35.4779917714687));
#3216=CARTESIAN_POINT('Ctrl Pts',(695.845116254642,-4879.77687189691,35.5005947495998));
#3217=CARTESIAN_POINT('Ctrl Pts',(695.804146806007,-4879.91622968081,35.541985902506));
#3218=CARTESIAN_POINT('Ctrl Pts',(695.776920245988,-4879.98304930275,35.5608299341348));
#3219=CARTESIAN_POINT('Ctrl Pts',(695.742780596259,-4880.04699824464,35.5770667668553));
#3220=CARTESIAN_POINT('Ctrl Pts',(695.73548271853,-4880.06066831925,35.5805376407756));
#3221=CARTESIAN_POINT('Ctrl Pts',(695.727882730401,-4880.07418122361,35.5838829116073));
#3222=CARTESIAN_POINT('Ctrl Pts',(695.719985440477,-4880.08752749478,35.5870937304383));
#3223=CARTESIAN_POINT('',(695.710545098732,-4879.42666069679,38.2000355500639));
#3224=CARTESIAN_POINT('Ctrl Pts',(695.710545098696,-4879.42666069687,38.2000355500638));
#3225=CARTESIAN_POINT('Ctrl Pts',(695.763396238117,-4879.45066553436,37.2768092706994));
#3226=CARTESIAN_POINT('Ctrl Pts',(695.815578849493,-4879.47608352363,36.337455329665));
#3227=CARTESIAN_POINT('Ctrl Pts',(695.865727684937,-4879.50178172873,35.4141286462806));
#3228=CARTESIAN_POINT('',(695.378630403926,-4878.85499897974,38.2004897178447));
#3229=CARTESIAN_POINT('Origin',(694.821899458942,-4879.56917479541,38.2000355500655));
#3230=CARTESIAN_POINT('',(695.253965565953,-4878.90410936978,40.1987399469851));
#3231=CARTESIAN_POINT('Ctrl Pts',(695.253965565953,-4878.90410936978,40.1987399469851));
#3232=CARTESIAN_POINT('Ctrl Pts',(695.294646119335,-4878.88971235562,39.5324890040997));
#3233=CARTESIAN_POINT('Ctrl Pts',(695.336230973099,-4878.87334743931,38.866352799832));
#3234=CARTESIAN_POINT('Ctrl Pts',(695.378639175153,-4878.8549844818,38.2003410815743));
#3235=CARTESIAN_POINT('',(695.132606779907,-4878.83718786666,40.1999269497738));
#3236=CARTESIAN_POINT('Origin',(694.8219011616,-4879.56916885311,40.2000398415999));
#3237=CARTESIAN_POINT('',(695.218655144614,-4878.5892100241,35.2000374574142));
#3238=CARTESIAN_POINT('',(695.218655144614,-4878.5892100241,35.2000374574142));
#3239=CARTESIAN_POINT('',(694.760493193573,-4878.51374395253,35.2000389212316));
#3240=CARTESIAN_POINT('Origin',(694.821896902404,-4879.56918370923,35.2000383034901));
#3241=CARTESIAN_POINT('',(694.679335795842,-4878.68053451673,38.2000347062281));
#3242=CARTESIAN_POINT('Ctrl Pts',(694.679336192695,-4878.68053699043,38.2000345749359));
#3243=CARTESIAN_POINT('Ctrl Pts',(694.693640846139,-4878.64877889755,37.6449131757774));
#3244=CARTESIAN_POINT('Ctrl Pts',(694.708593159007,-4878.61753852948,37.0897424438956));
#3245=CARTESIAN_POINT('Ctrl Pts',(694.723774766285,-4878.58678104115,36.5345223795424));
#3246=CARTESIAN_POINT('Ctrl Pts',(694.735937007944,-4878.56214069847,36.089726221091));
#3247=CARTESIAN_POINT('Ctrl Pts',(694.748246507639,-4878.53780874212,35.6448984016354));
#3248=CARTESIAN_POINT('Ctrl Pts',(694.760493193573,-4878.51374395253,35.2000389212316));
#3249=CARTESIAN_POINT('',(694.085693517867,-4879.05148597532,38.2000355757497));
#3250=CARTESIAN_POINT('Origin',(694.821899458942,-4879.56917479541,38.2000355500655));
#3251=CARTESIAN_POINT('',(693.900198244896,-4879.0513080933,35.2000382155476));
#3252=CARTESIAN_POINT('Ctrl Pts',(693.900198244896,-4879.0513080933,35.2000382155476));
#3253=CARTESIAN_POINT('Ctrl Pts',(693.933894253256,-4879.0507417946,35.7552880622295));
#3254=CARTESIAN_POINT('Ctrl Pts',(693.968009808562,-4879.05026740472,36.3104885078794));
#3255=CARTESIAN_POINT('Ctrl Pts',(694.002433397262,-4879.05028702267,36.8656395537832));
#3256=CARTESIAN_POINT('Ctrl Pts',(694.030016267045,-4879.05030274211,37.3104699618728));
#3257=CARTESIAN_POINT('Ctrl Pts',(694.057796379125,-4879.05063573533,37.7552686530199));
#3258=CARTESIAN_POINT('Ctrl Pts',(694.085692662197,-4879.05148677505,38.200035627888));
#3259=CARTESIAN_POINT('Origin',(694.821896902404,-4879.56918370923,35.2000383034901));
#3260=CARTESIAN_POINT('Origin',(689.907121846632,-4857.55079123568,34.9559743875359));
#3261=CARTESIAN_POINT('',(690.702306116363,-4857.55078947839,40.2000402965322));
#3262=CARTESIAN_POINT('Origin',(689.907121034196,-4857.55078949235,40.2000398415999));
#3263=CARTESIAN_POINT('',(690.960144367303,-4857.55079112703,35.2802006165781));
#3264=CARTESIAN_POINT('',(690.977136360164,-4857.55079123568,34.9559745546358));
#3265=CARTESIAN_POINT('',(690.957801862764,-4857.48692967328,35.2879000182994));
#3266=CARTESIAN_POINT('Ctrl Pts',(690.957801862764,-4857.48692967328,35.2879000182994));
#3267=CARTESIAN_POINT('Ctrl Pts',(690.959228438844,-4857.50824427484,35.285404014575));
#3268=CARTESIAN_POINT('Ctrl Pts',(690.960006659971,-4857.52955386058,35.2828282180172));
#3269=CARTESIAN_POINT('Ctrl Pts',(690.960144367303,-4857.55079112702,35.2802006165789));
#3270=CARTESIAN_POINT('',(690.795756886034,-4857.40821318861,38.2000355500655));
#3271=CARTESIAN_POINT('Ctrl Pts',(690.795756886034,-4857.40821318861,38.2000355500654));
#3272=CARTESIAN_POINT('Ctrl Pts',(690.874573281891,-4857.4440398231,36.823418092476));
#3273=CARTESIAN_POINT('Ctrl Pts',(690.957801862764,-4857.48692967328,35.2879000183044));
#3274=CARTESIAN_POINT('',(690.424809612818,-4856.81458355317,38.2000355500655));
#3275=CARTESIAN_POINT('Origin',(689.907121347386,-4857.5507901644,38.2000355500655));
#3276=CARTESIAN_POINT('',(690.425102360253,-4856.63443798747,35.2878992234948));
#3277=CARTESIAN_POINT('Ctrl Pts',(690.425102359749,-4856.63443798756,35.2878992236046));
#3278=CARTESIAN_POINT('Ctrl Pts',(690.4271625118,-4856.7280419432,36.8234195559204));
#3279=CARTESIAN_POINT('Ctrl Pts',(690.424809612818,-4856.81458355317,38.2000355500654));
#3280=CARTESIAN_POINT('Ctrl Pts',(689.845283832228,-4856.49617901795,35.2153057716334));
#3281=CARTESIAN_POINT('Ctrl Pts',(689.947870095246,-4856.49064193444,35.2244136520551));
#3282=CARTESIAN_POINT('Ctrl Pts',(690.050145140008,-4856.50075749418,35.2368473101122));
#3283=CARTESIAN_POINT('Ctrl Pts',(690.23916427459,-4856.54574319983,35.2618943698214));
#3284=CARTESIAN_POINT('Ctrl Pts',(690.335480927234,-4856.58305163647,35.2758284537779));
#3285=CARTESIAN_POINT('Ctrl Pts',(690.425102360116,-4856.63443798775,35.2878992233153));
#3286=CARTESIAN_POINT('Origin',(689.907121347386,-4857.5507901644,38.2000355500655));
#3287=CARTESIAN_POINT('Origin',(689.907121814612,-4857.55079117286,35.2000382361921));
#3288=CARTESIAN_POINT('Origin',(689.907121347386,-4857.5507901644,38.2000355500655));
#3289=CARTESIAN_POINT('Ctrl Pts',(690.960144367303,-4857.55079112702,35.2802006165789));
#3290=CARTESIAN_POINT('Ctrl Pts',(690.960681118979,-4857.63356913329,35.2699588272711));
#3291=CARTESIAN_POINT('Ctrl Pts',(690.951309639374,-4857.71525098241,35.2589402296277));
#3292=CARTESIAN_POINT('Ctrl Pts',(690.912650592339,-4857.88505373011,35.2365246634826));
#3293=CARTESIAN_POINT('Ctrl Pts',(690.877201166995,-4857.98005327236,35.2242974156088));
#3294=CARTESIAN_POINT('Ctrl Pts',(690.827896731672,-4858.0686755094,35.2153065154956));
#3295=CARTESIAN_POINT('Origin',(686.343190962206,-4866.00041042965,35.204651451766));
#3296=CARTESIAN_POINT('',(687.138375288349,-4866.00040751078,40.200040330062));
#3297=CARTESIAN_POINT('Origin',(686.343190831854,-4866.00040753513,40.2000398415999));
#3298=CARTESIAN_POINT('',(687.400413916368,-4866.00041043234,35.2000370824578));
#3299=CARTESIAN_POINT('',(687.400172086467,-4866.00041042965,35.2046514795793));
#3300=CARTESIAN_POINT('',(687.39862895296,-4865.93900269473,35.2000380594171));
#3301=CARTESIAN_POINT('Origin',(686.343190961227,-4866.00041046512,35.2000380103093));
#3302=CARTESIAN_POINT('',(687.231824935533,-4865.8578267292,38.2000353859784));
#3303=CARTESIAN_POINT('Ctrl Pts',(687.398628952711,-4865.93900269034,35.2000380592826));
#3304=CARTESIAN_POINT('Ctrl Pts',(687.368597738139,-4865.92372340512,35.7551674355941));
#3305=CARTESIAN_POINT('Ctrl Pts',(687.338149103129,-4865.90834170196,36.310247370603));
#3306=CARTESIAN_POINT('Ctrl Pts',(687.307206868507,-4865.89326798788,36.8652778645472));
#3307=CARTESIAN_POINT('Ctrl Pts',(687.282401429707,-4865.88118385444,37.3102287582904));
#3308=CARTESIAN_POINT('Ctrl Pts',(687.257279198331,-4865.86929797762,37.7551478775654));
#3309=CARTESIAN_POINT('Ctrl Pts',(687.231824937528,-4865.85782673696,38.2000352224983));
#3310=CARTESIAN_POINT('',(686.860878985021,-4865.26420275278,38.2000353912668));
#3311=CARTESIAN_POINT('Origin',(686.343190884627,-4866.00040870697,38.2000355500655));
#3312=CARTESIAN_POINT('',(686.861059467542,-4865.07870954397,35.200038043455));
#3313=CARTESIAN_POINT('Ctrl Pts',(686.860878867136,-4865.26420272379,38.2000352357065));
#3314=CARTESIAN_POINT('Ctrl Pts',(686.861947961229,-4865.22938352471,37.6448197997307));
#3315=CARTESIAN_POINT('Ctrl Pts',(686.862206580096,-4865.19474464397,37.0895550952023));
#3316=CARTESIAN_POINT('Ctrl Pts',(686.862045507713,-4865.16043821164,36.5342411222203));
#3317=CARTESIAN_POINT('Ctrl Pts',(686.861916518821,-4865.13296516765,36.0895383602524));
#3318=CARTESIAN_POINT('Ctrl Pts',(686.861518958126,-4865.10570391485,35.6448040023364));
#3319=CARTESIAN_POINT('Ctrl Pts',(686.861059220525,-4865.07870946489,35.2000380485098));
#3320=CARTESIAN_POINT('',(686.28178507883,-4864.94497236355,35.200038015128));
#3321=CARTESIAN_POINT('Origin',(686.343190961227,-4866.00041046512,35.2000380103093));
#3322=CARTESIAN_POINT('',(686.200620894207,-4865.11177272561,38.2000350080788));
#3323=CARTESIAN_POINT('Ctrl Pts',(686.281787696213,-4864.94497222459,35.2000382688553));
#3324=CARTESIAN_POINT('Ctrl Pts',(686.266500148858,-4864.97501082239,35.7553066486139));
#3325=CARTESIAN_POINT('Ctrl Pts',(686.251114085668,-4865.00546705139,36.3105256843794));
#3326=CARTESIAN_POINT('Ctrl Pts',(686.236039304071,-4865.03641667988,36.8656953762066));
#3327=CARTESIAN_POINT('Ctrl Pts',(686.223961128476,-4865.06121405722,37.3105069298769));
#3328=CARTESIAN_POINT('Ctrl Pts',(686.212083099478,-4865.08632773701,37.7552868072483));
#3329=CARTESIAN_POINT('Ctrl Pts',(686.200620893432,-4865.11177272077,38.2000350083353));
#3330=CARTESIAN_POINT('',(685.606995044447,-4865.48270629112,38.2000351923284));
#3331=CARTESIAN_POINT('Origin',(686.343190884627,-4866.00040870697,38.2000355500655));
#3332=CARTESIAN_POINT('',(685.42148623955,-4865.48254883583,35.2000380400896));
#3333=CARTESIAN_POINT('Ctrl Pts',(685.606995052041,-4865.48270629646,38.200035311362));
#3334=CARTESIAN_POINT('Ctrl Pts',(685.572177983109,-4865.4816415844,37.6449095025573));
#3335=CARTESIAN_POINT('Ctrl Pts',(685.537541490708,-4865.48138723416,37.0897344050202));
#3336=CARTESIAN_POINT('Ctrl Pts',(685.503237672746,-4865.48155243016,36.5345100185264));
#3337=CARTESIAN_POINT('Ctrl Pts',(685.475756754139,-4865.48168476929,36.0897176577941));
#3338=CARTESIAN_POINT('Ctrl Pts',(685.448487926386,-4865.48208578238,35.6448936650216));
#3339=CARTESIAN_POINT('Ctrl Pts',(685.42148623955,-4865.48254883583,35.2000380400896));
#3340=CARTESIAN_POINT('',(685.287752351589,-4866.06180641931,35.2000379611173));
#3341=CARTESIAN_POINT('Origin',(686.343190961227,-4866.00041046512,35.2000380103093));
#3342=CARTESIAN_POINT('',(685.454555516299,-4866.14298228282,38.2000355492437));
#3343=CARTESIAN_POINT('Ctrl Pts',(685.454555513418,-4866.14298235289,38.2000355476016));
#3344=CARTESIAN_POINT('Ctrl Pts',(685.425935944509,-4866.13008463374,37.6998234067159));
#3345=CARTESIAN_POINT('Ctrl Pts',(685.397827860262,-4866.11670702568,37.2012012187708));
#3346=CARTESIAN_POINT('Ctrl Pts',(685.342169069915,-4866.08940434205,36.1996644969399));
#3347=CARTESIAN_POINT('Ctrl Pts',(685.314871166182,-4866.0756042981,35.7013353510822));
#3348=CARTESIAN_POINT('Ctrl Pts',(685.287752302069,-4866.06180676309,35.2000379611149));
#3349=CARTESIAN_POINT('',(685.825496748604,-4866.73661034228,38.2000355525789));
#3350=CARTESIAN_POINT('Origin',(686.343190884627,-4866.00040870697,38.2000355500655));
#3351=CARTESIAN_POINT('',(685.825333257544,-4866.92211927566,35.2000376643363));
#3352=CARTESIAN_POINT('Ctrl Pts',(685.825334047387,-4866.92211786307,35.2000376007692));
#3353=CARTESIAN_POINT('Ctrl Pts',(685.824755464054,-4866.88840843656,35.7553923848031));
#3354=CARTESIAN_POINT('Ctrl Pts',(685.824274858779,-4866.85428185137,36.3106979092185));
#3355=CARTESIAN_POINT('Ctrl Pts',(685.824293057021,-4866.81984972576,36.8659541740914));
#3356=CARTESIAN_POINT('Ctrl Pts',(685.824307632669,-4866.79227175572,37.3106795682916));
#3357=CARTESIAN_POINT('Ctrl Pts',(685.824642285798,-4866.76449831509,37.7553733624764));
#3358=CARTESIAN_POINT('Ctrl Pts',(685.825496845952,-4866.73661041095,38.2000355566984));
#3359=CARTESIAN_POINT('',(686.404598429586,-4867.05584847443,35.2000380053734));
#3360=CARTESIAN_POINT('Origin',(686.343190961227,-4866.00041046512,35.2000380103093));
#3361=CARTESIAN_POINT('',(686.485760183857,-4866.88904478011,38.2000355379719));
#3362=CARTESIAN_POINT('Ctrl Pts',(686.485760174792,-4866.88904477815,38.2000355261258));
#3363=CARTESIAN_POINT('Ctrl Pts',(686.471455350028,-4866.92080553571,37.6448997297819));
#3364=CARTESIAN_POINT('Ctrl Pts',(686.456502343213,-4866.95204865352,37.0897146165543));
#3365=CARTESIAN_POINT('Ctrl Pts',(686.441319379267,-4866.98280889645,36.5344801864741));
#3366=CARTESIAN_POINT('Ctrl Pts',(686.429156741334,-4867.00745004682,36.0896977734266));
#3367=CARTESIAN_POINT('Ctrl Pts',(686.416846437026,-4867.03178284878,35.6448837129982));
#3368=CARTESIAN_POINT('Ctrl Pts',(686.404598434652,-4867.05584847414,35.2000380052185));
#3369=CARTESIAN_POINT('',(687.079393036558,-4866.51810213267,38.2000354610875));
#3370=CARTESIAN_POINT('Origin',(686.343190884627,-4866.00040870697,38.2000355500655));
#3371=CARTESIAN_POINT('',(687.264889527828,-4866.51828305659,35.2000380489737));
#3372=CARTESIAN_POINT('Ctrl Pts',(687.264889524743,-4866.5182830621,35.2000380487809));
#3373=CARTESIAN_POINT('Ctrl Pts',(687.231194983624,-4866.51884905223,35.7552593809995));
#3374=CARTESIAN_POINT('Ctrl Pts',(687.197080870348,-4866.519323091,36.3104313080905));
#3375=CARTESIAN_POINT('Ctrl Pts',(687.162658683218,-4866.51930309964,36.8655538298219));
#3376=CARTESIAN_POINT('Ctrl Pts',(687.135073751948,-4866.51928707915,37.3104127387244));
#3377=CARTESIAN_POINT('Ctrl Pts',(687.107291506412,-4866.51895369712,37.7552399197541));
#3378=CARTESIAN_POINT('Ctrl Pts',(687.079393039348,-4866.5181021214,38.2000353727958));
#3379=CARTESIAN_POINT('Origin',(686.343190961227,-4866.00041046512,35.2000380103093));
#3380=CARTESIAN_POINT('Origin',(689.78113702921,-4872.4458158492,38.2788790277335));
#3381=CARTESIAN_POINT('',(700.127553263579,-4865.98369189376,37.9906917838396));
#3382=CARTESIAN_POINT('',(696.576656185031,-4882.57616454148,37.9871287969772));
#3383=CARTESIAN_POINT('Origin',(689.781137132601,-4872.44581577696,37.9906875822516));
#3384=CARTESIAN_POINT('',(701.202160396008,-4865.30918072574,62.2000355500655));
#3385=CARTESIAN_POINT('',(701.202160393637,-4865.30918072722,62.2000355500655));
#3386=CARTESIAN_POINT('',(697.283556212503,-4883.62997824168,62.2000355106));
#3387=CARTESIAN_POINT('Origin',(689.781128194096,-4872.44582202287,62.2000355500655));
#3388=CARTESIAN_POINT('Ctrl Pts',(696.576761621537,-4882.57632855967,37.9906899247515));
#3389=CARTESIAN_POINT('Ctrl Pts',(696.812359818526,-4882.92754512034,46.060471786701));
#3390=CARTESIAN_POINT('Ctrl Pts',(697.047958015514,-4883.27876168101,54.1302536486505));
#3391=CARTESIAN_POINT('Ctrl Pts',(697.283556212503,-4883.62997824168,62.2000355106));
#3392=CARTESIAN_POINT('Origin',(671.501462459977,-4884.70797755088,34.1999658314641));
#3393=CARTESIAN_POINT('',(674.25145831436,-4884.7079775508,34.2000355500655));
#3394=CARTESIAN_POINT('Origin',(671.501462309723,-4884.70797771378,34.2000355500655));
#3395=CARTESIAN_POINT('',(674.120445649855,-4884.70797472359,36.7000343054701));
#3396=CARTESIAN_POINT('',(674.251462118293,-4884.70797755088,34.1999629629661));
#3397=CARTESIAN_POINT('Origin',(671.501464924607,-4884.70797487881,36.7000326890426));
#3398=CARTESIAN_POINT('Origin',(671.199553503838,-4842.70906374695,34.2000225069352));
#3399=CARTESIAN_POINT('',(673.949554078235,-4842.70906374695,34.200029674004));
#3400=CARTESIAN_POINT('Origin',(671.199553454922,-4842.70906384737,34.2000355500655));
#3401=CARTESIAN_POINT('',(673.81853501821,-4842.70906200485,36.7000346028966));
#3402=CARTESIAN_POINT('',(673.949554502764,-4842.70906374695,34.20002157347));
#3403=CARTESIAN_POINT('Origin',(671.199554305856,-4842.7090621005,36.7000326890426));
#3404=CARTESIAN_POINT('Origin',(671.199552976021,-4842.70906254242,36.7000228959367));
#3405=CARTESIAN_POINT('',(672.518534468213,-4842.70906254243,36.7000313635382));
#3406=CARTESIAN_POINT('Origin',(671.199552946874,-4842.70906252062,36.7000326890426));
#3407=CARTESIAN_POINT('',(672.345590030727,-4842.70906358338,40.0000368795638));
#3408=CARTESIAN_POINT('',(672.518534941129,-4842.70906254242,36.7000223396941));
#3409=CARTESIAN_POINT('Origin',(671.199554342377,-4842.70906356443,40.0000366944747));
#3410=CARTESIAN_POINT('Origin',(671.50146195759,-4884.70797682226,36.7000288785497));
#3411=CARTESIAN_POINT('',(672.82044403712,-4884.70797682226,36.7000290176363));
#3412=CARTESIAN_POINT('Origin',(671.501461927187,-4884.70797675939,36.7000326890426));
#3413=CARTESIAN_POINT('',(672.64749892489,-4884.70797982357,40.0000379414639));
#3414=CARTESIAN_POINT('',(672.820444074814,-4884.70797682226,36.7000282983882));
#3415=CARTESIAN_POINT('Origin',(671.501463382699,-4884.70797976894,40.0000366944747));
#3416=CARTESIAN_POINT('Origin',(696.941743128584,-4878.24351111233,35.2487256082304));
#3417=CARTESIAN_POINT('',(696.756552292026,-4877.94755053764,38.2000353587368));
#3418=CARTESIAN_POINT('',(696.674566033372,-4877.8163847297,35.2480186050314));
#3419=CARTESIAN_POINT('Ctrl Pts',(696.756552285122,-4877.94755052659,38.2000353584973));
#3420=CARTESIAN_POINT('Ctrl Pts',(696.729237216143,-4877.90382003235,37.2160297748923));
#3421=CARTESIAN_POINT('Ctrl Pts',(696.701908464215,-4877.8600980979,36.2320241904042));
#3422=CARTESIAN_POINT('Ctrl Pts',(696.674566033372,-4877.8163847297,35.2480186050314));
#3423=CARTESIAN_POINT('',(696.960340571713,-4877.8948485873,38.2000355500655));
#3424=CARTESIAN_POINT('Origin',(696.941915567406,-4878.24408939025,38.2000355500655));
#3425=CARTESIAN_POINT('',(696.946384976133,-4877.74161287253,35.2842315298524));
#3426=CARTESIAN_POINT('Ctrl Pts',(696.946384976133,-4877.74161287253,35.2842315298524));
#3427=CARTESIAN_POINT('Ctrl Pts',(696.953138577145,-4877.79255103526,36.2561702524097));
#3428=CARTESIAN_POINT('Ctrl Pts',(696.957791775621,-4877.84368225888,37.2281044386866));
#3429=CARTESIAN_POINT('Ctrl Pts',(696.960340571713,-4877.8948485873,38.2000355500655));
#3430=CARTESIAN_POINT('Ctrl Pts',(696.674566043108,-4877.81638470316,35.2480182741389));
#3431=CARTESIAN_POINT('Ctrl Pts',(696.72059055364,-4877.7878048545,35.2514111311391));
#3432=CARTESIAN_POINT('Ctrl Pts',(696.770905086617,-4877.76696166762,35.2565198749754));
#3433=CARTESIAN_POINT('Ctrl Pts',(696.864021291653,-4877.74512200515,35.269340419548));
#3434=CARTESIAN_POINT('Ctrl Pts',(696.905315844576,-4877.74081931418,35.2761222270547));
#3435=CARTESIAN_POINT('Ctrl Pts',(696.946384652755,-4877.74162402193,35.2842319967455));
#3436=CARTESIAN_POINT('Origin',(696.942005486526,-4878.24438291684,35.8595640193275));
#3437=CARTESIAN_POINT('',(697.217823530666,-4878.45987652023,38.2000355500655));
#3438=CARTESIAN_POINT('',(697.020761969626,-4877.90333271184,38.2000355500655));
#3439=CARTESIAN_POINT('Origin',(696.942043321392,-4878.24437223365,38.2000355500655));
#3440=CARTESIAN_POINT('',(697.325209250833,-4878.54374040244,35.5997972808685));
#3441=CARTESIAN_POINT('',(697.325207268637,-4878.54373883269,35.5998053330855));
#3442=CARTESIAN_POINT('',(697.075950211041,-4877.76140716885,35.3148222266492));
#3443=CARTESIAN_POINT('Ctrl Pts',(697.075956072554,-4877.76138878334,35.3148204917256));
#3444=CARTESIAN_POINT('Ctrl Pts',(697.098098065638,-4877.767866289,35.3210049135361));
#3445=CARTESIAN_POINT('Ctrl Pts',(697.119704451016,-4877.77586939046,35.3275908408675));
#3446=CARTESIAN_POINT('Ctrl Pts',(697.193440394374,-4877.80917701454,35.3521556922087));
#3447=CARTESIAN_POINT('Ctrl Pts',(697.241038767015,-4877.8418533085,35.3719510312755));
#3448=CARTESIAN_POINT('Ctrl Pts',(697.328343885447,-4877.92683526082,35.4174338983191));
#3449=CARTESIAN_POINT('Ctrl Pts',(697.365374741169,-4877.98084291034,35.4433117929042));
#3450=CARTESIAN_POINT('Ctrl Pts',(697.417740908869,-4878.10256693562,35.4952296168925));
#3451=CARTESIAN_POINT('Ctrl Pts',(697.431767008433,-4878.17049758146,35.5210477994263));
#3452=CARTESIAN_POINT('Ctrl Pts',(697.430816719839,-4878.30002378521,35.5616333359972));
#3453=CARTESIAN_POINT('Ctrl Pts',(697.41949080359,-4878.36054670828,35.5771538761334));
#3454=CARTESIAN_POINT('Ctrl Pts',(697.396810565072,-4878.41836145944,35.5872142905691));
#3455=CARTESIAN_POINT('Ctrl Pts',(697.379202796873,-4878.46324585235,35.5950246778028));
#3456=CARTESIAN_POINT('Ctrl Pts',(697.355147071846,-4878.5054800426,35.5993544725688));
#3457=CARTESIAN_POINT('Ctrl Pts',(697.325221377432,-4878.54374978754,35.5998055532758));
#3458=CARTESIAN_POINT('Ctrl Pts',(697.020761969626,-4877.90333271184,38.2000355500655));
#3459=CARTESIAN_POINT('Ctrl Pts',(697.037185870145,-4877.85536781924,37.2383012937715));
#3460=CARTESIAN_POINT('Ctrl Pts',(697.055597519274,-4877.80800979669,36.2765639993158));
#3461=CARTESIAN_POINT('Ctrl Pts',(697.075950211041,-4877.76140716885,35.3148222266492));
#3462=CARTESIAN_POINT('Origin',(692.027259893856,-4856.22599323758,38.4499574075774));
#3463=CARTESIAN_POINT('',(692.266349298765,-4856.60862369918,36.2689837111137));
#3464=CARTESIAN_POINT('',(692.212709574315,-4856.52280013821,38.2000353253672));
#3465=CARTESIAN_POINT('Ctrl Pts',(692.266349298765,-4856.60862369918,36.2689837111136));
#3466=CARTESIAN_POINT('Ctrl Pts',(692.248469390573,-4856.58001584546,36.9126675825261));
#3467=CARTESIAN_POINT('Ctrl Pts',(692.230589482382,-4856.55140799174,37.5563514539386));
#3468=CARTESIAN_POINT('Ctrl Pts',(692.212709574191,-4856.52280013802,38.200035325351));
#3469=CARTESIAN_POINT('',(692.44178138926,-4856.15698730135,36.8597907374077));
#3470=CARTESIAN_POINT('Ctrl Pts',(692.441774799916,-4856.15698352137,36.8597835581152));
#3471=CARTESIAN_POINT('Ctrl Pts',(692.450392943383,-4856.19914100185,36.8296817778216));
#3472=CARTESIAN_POINT('Ctrl Pts',(692.452266912144,-4856.23921900032,36.7918482272626));
#3473=CARTESIAN_POINT('Ctrl Pts',(692.446277827048,-4856.34233717737,36.6831788035496));
#3474=CARTESIAN_POINT('Ctrl Pts',(692.427062022055,-4856.40684788469,36.598953263834));
#3475=CARTESIAN_POINT('Ctrl Pts',(692.363326461554,-4856.52159405839,36.4298558779241));
#3476=CARTESIAN_POINT('Ctrl Pts',(692.31837473784,-4856.57142683288,36.3448741222375));
#3477=CARTESIAN_POINT('Ctrl Pts',(692.266349000163,-4856.60862630523,36.2689817681504));
#3478=CARTESIAN_POINT('',(692.369598767779,-4856.15323512169,38.2000355500655));
#3479=CARTESIAN_POINT('Ctrl Pts',(692.369598767779,-4856.15323512169,38.2000355500655));
#3480=CARTESIAN_POINT('Ctrl Pts',(692.393581372321,-4856.15344682623,37.7532879770434));
#3481=CARTESIAN_POINT('Ctrl Pts',(692.417665817269,-4856.15469543676,37.3065403188569));
#3482=CARTESIAN_POINT('Ctrl Pts',(692.441783048642,-4856.15698825293,36.8597925457094));
#3483=CARTESIAN_POINT('Origin',(692.027259532502,-4856.22599394171,38.2000355500655));
#3484=CARTESIAN_POINT('Origin',(692.027242698027,-4856.22598835082,36.9898319942905));
#3485=CARTESIAN_POINT('',(691.84177067475,-4855.92917583029,38.2000352264177));
#3486=CARTESIAN_POINT('',(691.788143756779,-4855.84336055358,36.2689673933165));
#3487=CARTESIAN_POINT('',(691.841770684165,-4855.92917584441,38.2000355500655));
#3488=CARTESIAN_POINT('',(692.339095004137,-4856.06708363846,38.2000355500655));
#3489=CARTESIAN_POINT('Origin',(692.027229867608,-4856.2260154717,38.2000355500655));
#3490=CARTESIAN_POINT('',(692.385761930595,-4856.01279416592,36.9193059628841));
#3491=CARTESIAN_POINT('Ctrl Pts',(692.385761930595,-4856.01279416592,36.9193059628841));
#3492=CARTESIAN_POINT('Ctrl Pts',(692.371166600292,-4856.03201589849,37.3462160885169));
#3493=CARTESIAN_POINT('Ctrl Pts',(692.355572125395,-4856.0501406192,37.7731259312246));
#3494=CARTESIAN_POINT('Ctrl Pts',(692.339094735224,-4856.0670837755,38.2000355500655));
#3495=CARTESIAN_POINT('Ctrl Pts',(691.788141666589,-4855.84335700834,36.2689675194735));
#3496=CARTESIAN_POINT('Ctrl Pts',(691.78814776792,-4855.84335370415,36.2689757528452));
#3497=CARTESIAN_POINT('Ctrl Pts',(691.788153869227,-4855.84335040016,36.2689839861581));
#3498=CARTESIAN_POINT('Ctrl Pts',(691.844399667094,-4855.81289380586,36.3448837411023));
#3499=CARTESIAN_POINT('Ctrl Pts',(691.908893170835,-4855.7943368699,36.4298644658985));
#3500=CARTESIAN_POINT('Ctrl Pts',(692.039963670397,-4855.78735339201,36.5989596433663));
#3501=CARTESIAN_POINT('Ctrl Pts',(692.106368126857,-4855.79836215027,36.6831839813067));
#3502=CARTESIAN_POINT('Ctrl Pts',(692.204425708306,-4855.83933218202,36.7949896719283));
#3503=CARTESIAN_POINT('Ctrl Pts',(692.242891818153,-4855.86078405768,36.8361599757791));
#3504=CARTESIAN_POINT('Ctrl Pts',(692.298108690735,-4855.90540627808,36.8829086963975));
#3505=CARTESIAN_POINT('Ctrl Pts',(692.31613357328,-4855.9223357119,36.895987704876));
#3506=CARTESIAN_POINT('Ctrl Pts',(692.350273227524,-4855.96044875242,36.9142842662971));
#3507=CARTESIAN_POINT('Ctrl Pts',(692.366394070713,-4855.98162959081,36.9194962559656));
#3508=CARTESIAN_POINT('Ctrl Pts',(692.382579400884,-4856.0075315396,36.9194962565252));
#3509=CARTESIAN_POINT('Ctrl Pts',(692.384178175889,-4856.0101466,36.9194328351979));
#3510=CARTESIAN_POINT('Ctrl Pts',(692.38576077759,-4856.01279472305,36.9193032663016));
#3511=CARTESIAN_POINT('Origin',(671.501472650631,-4884.7079754962,38.2000503987666));
#3512=CARTESIAN_POINT('',(671.423178334328,-4895.90517219234,38.0000395579356));
#3513=CARTESIAN_POINT('',(660.304279707757,-4884.78846686231,38.0000390575313));
#3514=CARTESIAN_POINT('Origin',(671.50147265525,-4884.70797549547,38.0000396052242));
#3515=CARTESIAN_POINT('',(672.935816092777,-4895.81819737526,38.0887245116999));
#3516=CARTESIAN_POINT('Ctrl Pts',(672.935770155868,-4895.81785322024,38.0887486743741));
#3517=CARTESIAN_POINT('Ctrl Pts',(672.437819760776,-4895.87985452444,38.0277175675894));
#3518=CARTESIAN_POINT('Ctrl Pts',(671.930367472289,-4895.90871861761,38.0000395554948));
#3519=CARTESIAN_POINT('Ctrl Pts',(671.423178334324,-4895.90517219299,38.0000395554977));
#3520=CARTESIAN_POINT('',(677.740658292601,-4894.00898385692,38.0395783575081));
#3521=CARTESIAN_POINT('Ctrl Pts',(677.740761138374,-4894.00913153465,38.043029418322));
#3522=CARTESIAN_POINT('Ctrl Pts',(677.738106566488,-4894.01091222189,38.043029004508));
#3523=CARTESIAN_POINT('Ctrl Pts',(677.729776391325,-4894.01650423061,38.043028055667));
#3524=CARTESIAN_POINT('Ctrl Pts',(677.716587002818,-4894.0253021454,38.043026721726));
#3525=CARTESIAN_POINT('Ctrl Pts',(677.698641669174,-4894.03727248929,38.0430249067808));
#3526=CARTESIAN_POINT('Ctrl Pts',(677.67169972802,-4894.05517628688,38.0430223841369));
#3527=CARTESIAN_POINT('Ctrl Pts',(677.637762604084,-4894.07740254453,38.0430198366201));
#3528=CARTESIAN_POINT('Ctrl Pts',(677.60517320476,-4894.09874614417,38.0430173902712));
#3529=CARTESIAN_POINT('Ctrl Pts',(677.56612948095,-4894.12407029829,38.0430149405027));
#3530=CARTESIAN_POINT('Ctrl Pts',(677.522407258874,-4894.15194508725,38.0430130963416));
#3531=CARTESIAN_POINT('Ctrl Pts',(677.485943827747,-4894.17519208613,38.0430115583492));
#3532=CARTESIAN_POINT('Ctrl Pts',(677.44622596324,-4894.20021216468,38.0430104446923));
#3533=CARTESIAN_POINT('Ctrl Pts',(677.404308027833,-4894.22620812271,38.0430099894318));
#3534=CARTESIAN_POINT('Ctrl Pts',(677.365499959012,-4894.25027545614,38.0430095679468));
#3535=CARTESIAN_POINT('Ctrl Pts',(677.324806106696,-4894.27517895915,38.0430097116123));
#3536=CARTESIAN_POINT('Ctrl Pts',(677.283088648769,-4894.30032358957,38.0430104709383));
#3537=CARTESIAN_POINT('Ctrl Pts',(677.241934718674,-4894.32512856125,38.0430112200073));
#3538=CARTESIAN_POINT('Ctrl Pts',(677.199784615638,-4894.35016792572,38.0430125689755));
#3539=CARTESIAN_POINT('Ctrl Pts',(677.157492666951,-4894.37491274421,38.0430144168059));
#3540=CARTESIAN_POINT('Ctrl Pts',(677.114635304249,-4894.39998838376,38.0430162893406));
#3541=CARTESIAN_POINT('Ctrl Pts',(677.07163232545,-4894.42476139514,38.0430186745175));
#3542=CARTESIAN_POINT('Ctrl Pts',(677.029400373294,-4894.44872856171,38.0430213031259));
#3543=CARTESIAN_POINT('Ctrl Pts',(676.991077175745,-4894.47047746063,38.0430236884449));
#3544=CARTESIAN_POINT('Ctrl Pts',(676.953389391291,-4894.49156353834,38.0430262715036));
#3545=CARTESIAN_POINT('Ctrl Pts',(676.91703970589,-4894.51164347269,38.0430287393362));
#3546=CARTESIAN_POINT('Ctrl Pts',(676.866568467413,-4894.53952429597,38.0430321659014));
#3547=CARTESIAN_POINT('Ctrl Pts',(676.818681899519,-4894.56547400037,38.043035340465));
#3548=CARTESIAN_POINT('Ctrl Pts',(676.772808837949,-4894.58994440591,38.0430379844577));
#3549=CARTESIAN_POINT('Ctrl Pts',(676.725027716094,-4894.61543264211,38.0430407384256));
#3550=CARTESIAN_POINT('Ctrl Pts',(676.679430800735,-4894.6393157209,38.0430429177874));
#3551=CARTESIAN_POINT('Ctrl Pts',(676.635342478127,-4894.66205479237,38.0430443811906));
#3552=CARTESIAN_POINT('Ctrl Pts',(676.587854719935,-4894.68654716277,38.0430459574296));
#3553=CARTESIAN_POINT('Ctrl Pts',(676.542117080314,-4894.70971242153,38.0430467028464));
#3554=CARTESIAN_POINT('Ctrl Pts',(676.497253846284,-4894.73207144207,38.0430466320403));
#3555=CARTESIAN_POINT('Ctrl Pts',(676.452803881998,-4894.75422449649,38.0430465618865));
#3556=CARTESIAN_POINT('Ctrl Pts',(676.409211952158,-4894.77558571955,38.0430456919451));
#3557=CARTESIAN_POINT('Ctrl Pts',(676.365600484259,-4894.79661264685,38.0430442031672));
#3558=CARTESIAN_POINT('Ctrl Pts',(676.321380805519,-4894.81793281824,38.0430426936266));
#3559=CARTESIAN_POINT('Ctrl Pts',(676.277140967787,-4894.83890942732,38.0430405476327));
#3560=CARTESIAN_POINT('Ctrl Pts',(676.231942408215,-4894.85997044489,38.0430381175414));
#3561=CARTESIAN_POINT('Ctrl Pts',(676.186743848643,-4894.88103146246,38.0430356874501));
#3562=CARTESIAN_POINT('Ctrl Pts',(676.140586589398,-4894.90217724565,38.0430329722676));
#3563=CARTESIAN_POINT('Ctrl Pts',(676.092508910759,-4894.92378371405,38.0430304955843));
#3564=CARTESIAN_POINT('Ctrl Pts',(676.079475370092,-4894.92964108472,38.0430298241718));
#3565=CARTESIAN_POINT('Ctrl Pts',(676.066300472949,-4894.9355317983,38.0430291719677));
#3566=CARTESIAN_POINT('Ctrl Pts',(676.053118008036,-4894.94139516457,38.0430285811474));
#3567=CARTESIAN_POINT('Ctrl Pts',(675.913496191033,-4895.0034968928,38.0430223234863));
#3568=CARTESIAN_POINT('Ctrl Pts',(675.773036036118,-4895.0625539849,38.0430228752114));
#3569=CARTESIAN_POINT('Ctrl Pts',(675.631545181691,-4895.11868632188,38.0430248225671));
#3570=CARTESIAN_POINT('Ctrl Pts',(675.494248142927,-4895.17315488578,38.0430267122029));
#3571=CARTESIAN_POINT('Ctrl Pts',(675.355980188467,-4895.22486940206,38.0430299167859));
#3572=CARTESIAN_POINT('Ctrl Pts',(675.216547252124,-4895.2738962081,38.0430296307264));
#3573=CARTESIAN_POINT('Ctrl Pts',(675.196189629001,-4895.2810542675,38.0430295889609));
#3574=CARTESIAN_POINT('Ctrl Pts',(675.175807141679,-4895.28815494643,38.0430294730608));
#3575=CARTESIAN_POINT('Ctrl Pts',(675.155404963311,-4895.29519643101,38.0430296880485));
#3576=CARTESIAN_POINT('Ctrl Pts',(674.878459875817,-4895.3907795853,38.0430326063547));
#3577=CARTESIAN_POINT('Ctrl Pts',(674.597887710064,-4895.47546014756,38.043096480363));
#3578=CARTESIAN_POINT('Ctrl Pts',(674.314222882639,-4895.54905637653,38.0430288813352));
#3579=CARTESIAN_POINT('Ctrl Pts',(674.286360173793,-4895.55628529637,38.0430222414848));
#3580=CARTESIAN_POINT('Ctrl Pts',(674.258467604082,-4895.56340715695,38.0430143335363));
#3581=CARTESIAN_POINT('Ctrl Pts',(674.230580730369,-4895.57041454761,38.0430291053612));
#3582=CARTESIAN_POINT('Ctrl Pts',(674.131239929715,-4895.59537682222,38.0430817267101));
#3583=CARTESIAN_POINT('Ctrl Pts',(674.03197260511,-4895.61889187628,38.0434221343096));
#3584=CARTESIAN_POINT('Ctrl Pts',(673.932342433509,-4895.64106052742,38.043720249498));
#3585=CARTESIAN_POINT('Ctrl Pts',(673.833044108189,-4895.66315533964,38.04401737173));
#3586=CARTESIAN_POINT('Ctrl Pts',(673.733385111295,-4895.68391272826,38.0442724830624));
#3587=CARTESIAN_POINT('Ctrl Pts',(673.632924274023,-4895.70338180066,38.0441589412179));
#3588=CARTESIAN_POINT('Ctrl Pts',(673.553177660784,-4895.71883650548,38.0440688107969));
#3589=CARTESIAN_POINT('Ctrl Pts',(673.472925563113,-4895.73347844957,38.0437463834106));
#3590=CARTESIAN_POINT('Ctrl Pts',(673.391944643129,-4895.74730894967,38.0430283378877));
#3591=CARTESIAN_POINT('Ctrl Pts',(673.358129593678,-4895.75308412541,38.0427285049781));
#3592=CARTESIAN_POINT('Ctrl Pts',(673.324186879618,-4895.75871314486,38.0423597042405));
#3593=CARTESIAN_POINT('Ctrl Pts',(673.291568522835,-4895.76402407684,38.0429139065595));
#3594=CARTESIAN_POINT('Ctrl Pts',(673.289540266968,-4895.76435431815,38.0429483676488));
#3595=CARTESIAN_POINT('Ctrl Pts',(673.287517133825,-4895.76468334608,38.0429863975092));
#3596=CARTESIAN_POINT('Ctrl Pts',(673.285499473302,-4895.76501112576,38.0430282346183));
#3597=CARTESIAN_POINT('Ctrl Pts',(673.231670156758,-4895.77375598431,38.0441444099915));
#3598=CARTESIAN_POINT('Ctrl Pts',(673.181735284204,-4895.7816075338,38.0479704964352));
#3599=CARTESIAN_POINT('Ctrl Pts',(673.137426062231,-4895.78841397644,38.0529670629281));
#3600=CARTESIAN_POINT('Ctrl Pts',(673.078111983999,-4895.79752534993,38.0596556645929));
#3601=CARTESIAN_POINT('Ctrl Pts',(673.028880101011,-4895.80477149969,38.0684416928017));
#3602=CARTESIAN_POINT('Ctrl Pts',(672.993893667022,-4895.80985423129,38.0756321944968));
#3603=CARTESIAN_POINT('Ctrl Pts',(672.972167931367,-4895.8130104856,38.0800973234408));
#3604=CARTESIAN_POINT('Ctrl Pts',(672.95593559218,-4895.8153338796,38.083947195538));
#3605=CARTESIAN_POINT('Ctrl Pts',(672.946189352637,-4895.81672535409,38.0862975938971));
#3606=CARTESIAN_POINT('Ctrl Pts',(672.940240557875,-4895.81757466588,38.0877322023311));
#3607=CARTESIAN_POINT('Ctrl Pts',(672.936708065414,-4895.81807617799,38.0886081845762));
#3608=CARTESIAN_POINT('Ctrl Pts',(672.935816105023,-4895.81819746701,38.0887245052583));
#3609=CARTESIAN_POINT('',(676.071815627729,-4891.52117614541,35.2000373508507));
#3610=CARTESIAN_POINT('Origin',(676.071807293023,-4891.52116415518,38.2000563676578));
#3611=CARTESIAN_POINT('',(663.297538218835,-4884.76694961915,35.2000368098435));
#3612=CARTESIAN_POINT('Origin',(671.501472789187,-4884.70797547444,35.2000371891863));
#3613=CARTESIAN_POINT('Origin',(663.297535354447,-4884.76694975298,38.2000442122156));
#3614=CARTESIAN_POINT('Origin',(689.781129893733,-4872.44581753581,38.2000368817271));
#3615=CARTESIAN_POINT('',(695.34056006204,-4878.64714712766,35.2026139191788));
#3616=CARTESIAN_POINT('',(695.236496802036,-4878.59447030615,35.2000383297077));
#3617=CARTESIAN_POINT('Ctrl Pts',(695.340560062054,-4878.64714712763,35.2026139191836));
#3618=CARTESIAN_POINT('Ctrl Pts',(695.305766563354,-4878.62980170289,35.2011147857026));
#3619=CARTESIAN_POINT('Ctrl Pts',(695.271071947909,-4878.61224122309,35.2002680169367));
#3620=CARTESIAN_POINT('Ctrl Pts',(695.236495594493,-4878.59447215616,35.2000776709887));
#3621=CARTESIAN_POINT('Ctrl Pts',(696.674562398606,-4877.81637868849,35.2480170845061));
#3622=CARTESIAN_POINT('Ctrl Pts',(696.600326321377,-4877.86242785957,35.2425391029291));
#3623=CARTESIAN_POINT('Ctrl Pts',(696.525942706836,-4877.90861142158,35.2377440316709));
#3624=CARTESIAN_POINT('Ctrl Pts',(696.080363618123,-4878.1854816695,35.2125403588159));
#3625=CARTESIAN_POINT('Ctrl Pts',(695.707327822075,-4878.41815654648,35.2056967503332));
#3626=CARTESIAN_POINT('Ctrl Pts',(695.340560062061,-4878.64714712769,35.2026139191858));
#3627=CARTESIAN_POINT('Ctrl Pts',(697.075950205431,-4877.76140716721,35.3148222250819));
#3628=CARTESIAN_POINT('Ctrl Pts',(697.056686552706,-4877.75575655207,35.3094391640855));
#3629=CARTESIAN_POINT('Ctrl Pts',(697.036986590697,-4877.75125959432,35.3043526828248));
#3630=CARTESIAN_POINT('Ctrl Pts',(696.993633546083,-4877.74416910464,35.2940058757076));
#3631=CARTESIAN_POINT('Ctrl Pts',(696.970054161895,-4877.74203746686,35.2888986818955));
#3632=CARTESIAN_POINT('Ctrl Pts',(696.946385164439,-4877.74161281925,35.2842304846878));
#3633=CARTESIAN_POINT('',(697.217883416424,-4878.64582598933,35.5894193595993));
#3634=CARTESIAN_POINT('Ctrl Pts',(697.217733852069,-4878.64558008508,35.5892651840015));
#3635=CARTESIAN_POINT('Ctrl Pts',(697.235567588881,-4878.63314441431,35.5925113072179));
#3636=CARTESIAN_POINT('Ctrl Pts',(697.252685425592,-4878.61946686753,35.5950586042445));
#3637=CARTESIAN_POINT('Ctrl Pts',(697.289422235769,-4878.58584487353,35.5990765367068));
#3638=CARTESIAN_POINT('Ctrl Pts',(697.308222504377,-4878.56548731661,35.6000613922974));
#3639=CARTESIAN_POINT('Ctrl Pts',(697.325198768542,-4878.54373232485,35.5997891187248));
#3640=CARTESIAN_POINT('Ctrl Pts',(695.865727684937,-4879.50178172873,35.4141286462809));
#3641=CARTESIAN_POINT('Ctrl Pts',(696.181879932228,-4879.30290278757,35.436441497488));
#3642=CARTESIAN_POINT('Ctrl Pts',(696.510956812888,-4879.09516802477,35.470261202803));
#3643=CARTESIAN_POINT('Ctrl Pts',(696.960831532005,-4878.80959451952,35.5404825767829));
#3644=CARTESIAN_POINT('Ctrl Pts',(697.08929418363,-4878.72786979196,35.5632446544916));
#3645=CARTESIAN_POINT('Ctrl Pts',(697.217882248518,-4878.64584400267,35.5894253815265));
#3646=CARTESIAN_POINT('Ctrl Pts',(696.426620208378,-4881.46127161409,38.0430285149785));
#3647=CARTESIAN_POINT('Ctrl Pts',(696.428635489446,-4881.45071176244,37.9036511616685));
#3648=CARTESIAN_POINT('Ctrl Pts',(696.425376981366,-4881.4311412076,37.7585010796187));
#3649=CARTESIAN_POINT('Ctrl Pts',(696.403806015283,-4881.36293864161,37.4179470724837));
#3650=CARTESIAN_POINT('Ctrl Pts',(696.379920750034,-4881.30559157439,37.224597946573));
#3651=CARTESIAN_POINT('Ctrl Pts',(696.319196325988,-4881.17460941763,36.8828157932729));
#3652=CARTESIAN_POINT('Ctrl Pts',(696.276697795988,-4881.08880745045,36.7029374213285));
#3653=CARTESIAN_POINT('Ctrl Pts',(696.171659988458,-4880.88751197742,36.3672454911596));
#3654=CARTESIAN_POINT('Ctrl Pts',(696.109122802781,-4880.77202157067,36.2114294200535));
#3655=CARTESIAN_POINT('Ctrl Pts',(695.980872271242,-4880.54086281764,35.949390298795));
#3656=CARTESIAN_POINT('Ctrl Pts',(695.903292917776,-4880.40382401341,35.8190930435054));
#3657=CARTESIAN_POINT('Ctrl Pts',(695.786520389085,-4880.20163670397,35.6642585868097));
#3658=CARTESIAN_POINT('Ctrl Pts',(695.75348432148,-4880.14480659563,35.624201706966));
#3659=CARTESIAN_POINT('Ctrl Pts',(695.719985440477,-4880.08752749478,35.5870937304384));
#3660=CARTESIAN_POINT('',(696.738654548483,-4868.09827830289,35.2000384752308));
#3661=CARTESIAN_POINT('Origin',(696.738645752363,-4868.09829002509,38.2000379100376));
#3662=CARTESIAN_POINT('Ctrl Pts',(695.236496802036,-4878.59447030615,35.2000383297077));
#3663=CARTESIAN_POINT('Ctrl Pts',(695.40526436352,-4878.42487618672,35.2000383387322));
#3664=CARTESIAN_POINT('Ctrl Pts',(695.585584179594,-4878.24798977802,35.2000383483432));
#3665=CARTESIAN_POINT('Ctrl Pts',(695.749738555104,-4878.07411722079,35.2000383571858));
#3666=CARTESIAN_POINT('Ctrl Pts',(695.914381672849,-4877.89972698705,35.2000383660546));
#3667=CARTESIAN_POINT('Ctrl Pts',(696.062762946933,-4877.72836857796,35.2000383741504));
#3668=CARTESIAN_POINT('Ctrl Pts',(696.209445691069,-4877.54296501718,35.2000383822697));
#3669=CARTESIAN_POINT('Ctrl Pts',(696.356128435205,-4877.3575614564,35.2000383903889));
#3670=CARTESIAN_POINT('Ctrl Pts',(696.501112649393,-4877.15811274392,35.2000383985315));
#3671=CARTESIAN_POINT('Ctrl Pts',(696.634433847558,-4876.95612632205,35.2000384061539));
#3672=CARTESIAN_POINT('Ctrl Pts',(696.767755045722,-4876.75413990017,35.2000384137763));
#3673=CARTESIAN_POINT('Ctrl Pts',(696.889413227863,-4876.5496157689,35.2000384208785));
#3674=CARTESIAN_POINT('Ctrl Pts',(697.002496848451,-4876.33928165758,35.2000384276267));
#3675=CARTESIAN_POINT('Ctrl Pts',(697.228664089627,-4875.91861343492,35.2000384411233));
#3676=CARTESIAN_POINT('Ctrl Pts',(697.420533084594,-4875.47470529204,35.2000384532043));
#3677=CARTESIAN_POINT('Ctrl Pts',(697.57148229013,-4875.01844756015,35.200038463485));
#3678=CARTESIAN_POINT('Ctrl Pts',(697.722431495665,-4874.56218982827,35.2000384737656));
#3679=CARTESIAN_POINT('Ctrl Pts',(697.832460911769,-4874.09358250739,35.200038482246));
#3680=CARTESIAN_POINT('Ctrl Pts',(697.90100189417,-4873.61877927924,35.2000384888552));
#3681=CARTESIAN_POINT('Ctrl Pts',(697.969542876571,-4873.14397605109,35.2000384954643));
#3682=CARTESIAN_POINT('Ctrl Pts',(697.996595425271,-4872.66297691567,35.2000385002023));
#3683=CARTESIAN_POINT('Ctrl Pts',(697.981065545362,-4872.18308222351,35.2000385029655));
#3684=CARTESIAN_POINT('Ctrl Pts',(697.965535665453,-4871.70318753135,35.2000385057288));
#3685=CARTESIAN_POINT('Ctrl Pts',(697.907423356936,-4871.22439728244,35.2000385065173));
#3686=CARTESIAN_POINT('Ctrl Pts',(697.809164321931,-4870.75535408721,35.200038505381));
#3687=CARTESIAN_POINT('Ctrl Pts',(697.760034804428,-4870.5208324896,35.2000385048129));
#3688=CARTESIAN_POINT('Ctrl Pts',(697.700868605303,-4870.28874765542,35.2000385037635));
#3689=CARTESIAN_POINT('Ctrl Pts',(697.630532644465,-4870.05882821955,35.2000385021826));
#3690=CARTESIAN_POINT('Ctrl Pts',(697.560196683628,-4869.82890878369,35.2000385006016));
#3691=CARTESIAN_POINT('Ctrl Pts',(697.478690961078,-4869.60115474616,35.2000384984891));
#3692=CARTESIAN_POINT('Ctrl Pts',(697.390030464862,-4869.37873661371,35.2000384960074));
#3693=CARTESIAN_POINT('Ctrl Pts',(697.301369968647,-4869.15631848125,35.2000384935257));
#3694=CARTESIAN_POINT('Ctrl Pts',(697.205554698767,-4868.93923625387,35.2000384906749));
#3695=CARTESIAN_POINT('Ctrl Pts',(697.094505072726,-4868.72686720711,35.2000384870863));
#3696=CARTESIAN_POINT('Ctrl Pts',(696.983456268661,-4868.51449973228,35.2000384834977));
#3697=CARTESIAN_POINT('Ctrl Pts',(696.85717333396,-4868.3068453683,35.2000384791714));
#3698=CARTESIAN_POINT('Ctrl Pts',(696.738654419484,-4868.09827837619,35.2000384752102));
#3699=CARTESIAN_POINT('Origin',(671.199551727138,-4842.70906065043,38.2000408984262));
#3700=CARTESIAN_POINT('',(662.99562442668,-4842.76803481459,35.2000371004948));
#3701=CARTESIAN_POINT('',(660.002369919797,-4842.7895519365,38.0000395000728));
#3702=CARTESIAN_POINT('Origin',(662.995624856626,-4842.76803483226,38.2000445028752));
#3703=CARTESIAN_POINT('',(678.157058437205,-4838.36152896149,35.2000378326867));
#3704=CARTESIAN_POINT('Origin',(671.199551865693,-4842.70906062867,35.2000374798221));
#3705=CARTESIAN_POINT('',(680.697830324616,-4836.77389061238,38.0455000364893));
#3706=CARTESIAN_POINT('Origin',(678.157059182519,-4838.36152849083,38.2000372675145));
#3707=CARTESIAN_POINT('',(676.886807703238,-4833.06044202756,38.0430291309181));
#3708=CARTESIAN_POINT('Origin',(671.199551734389,-4842.70906064929,38.0430287982734));
#3709=CARTESIAN_POINT('',(676.037731545175,-4832.61077649702,38.0000396699649));
#3710=CARTESIAN_POINT('Ctrl Pts',(676.037731539446,-4832.61077650897,38.0000395554976));
#3711=CARTESIAN_POINT('Ctrl Pts',(676.26924745336,-4832.72169789033,38.0000395555555));
#3712=CARTESIAN_POINT('Ctrl Pts',(676.497050869836,-4832.83994740346,38.0088565797685));
#3713=CARTESIAN_POINT('Ctrl Pts',(676.775883899638,-4832.99637827672,38.0321410906478));
#3714=CARTESIAN_POINT('Ctrl Pts',(676.831491171261,-4833.02817668436,38.0374250305567));
#3715=CARTESIAN_POINT('Ctrl Pts',(676.886808229183,-4833.06042316781,38.0433445541582));
#3716=CARTESIAN_POINT('Origin',(671.199551731756,-4842.7090606497,38.0000397505538));
#3717=CARTESIAN_POINT('Origin',(671.199553544123,-4842.70906137864,38.2000317726543));
#3718=CARTESIAN_POINT('',(677.027693928373,-4831.9921700809,38.0000395554977));
#3719=CARTESIAN_POINT('Origin',(671.199553544123,-4842.70906137864,38.0000395554977));
#3720=CARTESIAN_POINT('',(677.89207956845,-4832.50697039741,38.0502120537008));
#3721=CARTESIAN_POINT('Ctrl Pts',(677.892079076934,-4832.5069698144,38.0502198246052));
#3722=CARTESIAN_POINT('Ctrl Pts',(677.612080509719,-4832.32481968108,38.0161386967019));
#3723=CARTESIAN_POINT('Ctrl Pts',(677.322846560815,-4832.15268220413,38.0000395554976));
#3724=CARTESIAN_POINT('Ctrl Pts',(677.027693928373,-4831.9921700809,38.0000395554977));
#3725=CARTESIAN_POINT('',(681.533514528561,-4836.22707700046,37.9906963230067));
#3726=CARTESIAN_POINT('Ctrl Pts',(681.522517410169,-4836.2095440183,37.9907028050512));
#3727=CARTESIAN_POINT('Ctrl Pts',(681.506859746676,-4836.1846744759,37.9907130169593));
#3728=CARTESIAN_POINT('Ctrl Pts',(681.483685148922,-4836.14805184101,37.9907280810746));
#3729=CARTESIAN_POINT('Ctrl Pts',(681.454685489922,-4836.10303155939,37.9907437168744));
#3730=CARTESIAN_POINT('Ctrl Pts',(681.431449748139,-4836.06695942356,37.9907562449323));
#3731=CARTESIAN_POINT('Ctrl Pts',(681.404469805065,-4836.02549911112,37.9907691400049));
#3732=CARTESIAN_POINT('Ctrl Pts',(681.374629292681,-4835.98037344256,37.9907802002378));
#3733=CARTESIAN_POINT('Ctrl Pts',(681.348579473856,-4835.94098016824,37.9907898554695));
#3734=CARTESIAN_POINT('Ctrl Pts',(681.320349057458,-4835.8987941857,37.9907981124182));
#3735=CARTESIAN_POINT('Ctrl Pts',(681.290562832753,-4835.85494078214,37.9908035062632));
#3736=CARTESIAN_POINT('Ctrl Pts',(681.262692702351,-4835.81390838922,37.9908085531319));
#3737=CARTESIAN_POINT('Ctrl Pts',(681.233460359906,-4835.77141641788,37.9908110934055));
#3738=CARTESIAN_POINT('Ctrl Pts',(681.203416969474,-4835.72836210231,37.9908099271569));
#3739=CARTESIAN_POINT('Ctrl Pts',(681.173725259181,-4835.68581176939,37.99080877456));
#3740=CARTESIAN_POINT('Ctrl Pts',(681.143241268109,-4835.64271238717,37.990804001708));
#3741=CARTESIAN_POINT('Ctrl Pts',(681.112538861544,-4835.59990192493,37.9907944503239));
#3742=CARTESIAN_POINT('Ctrl Pts',(681.081441726775,-4835.5565410662,37.9907847761415));
#3743=CARTESIAN_POINT('Ctrl Pts',(681.050120530494,-4835.51347674387,37.9907701997656));
#3744=CARTESIAN_POINT('Ctrl Pts',(681.01921576421,-4835.47154782101,37.9907495176754));
#3745=CARTESIAN_POINT('Ctrl Pts',(680.995325713185,-4835.43913585914,37.9907335299735));
#3746=CARTESIAN_POINT('Ctrl Pts',(680.971685484011,-4835.40740167826,37.9907138937266));
#3747=CARTESIAN_POINT('Ctrl Pts',(680.948607837685,-4835.37671980354,37.9906900529994));
#3748=CARTESIAN_POINT('Ctrl Pts',(680.909392466818,-4835.32458272338,37.9906495409407));
#3749=CARTESIAN_POINT('Ctrl Pts',(680.871808793486,-4835.27547909545,37.9905968882363));
#3750=CARTESIAN_POINT('Ctrl Pts',(680.83556135846,-4835.22879036607,37.9905402757592));
#3751=CARTESIAN_POINT('Ctrl Pts',(680.797878834882,-4835.18025316216,37.990481421912));
#3752=CARTESIAN_POINT('Ctrl Pts',(680.761640109291,-4835.13432594187,37.9904182885413));
#3753=CARTESIAN_POINT('Ctrl Pts',(680.726465178789,-4835.09034593273,37.9903600671007));
#3754=CARTESIAN_POINT('Ctrl Pts',(680.690012614489,-4835.04476846923,37.9902997309243));
#3755=CARTESIAN_POINT('Ctrl Pts',(680.654702222861,-4835.00128231584,37.990244669981));
#3756=CARTESIAN_POINT('Ctrl Pts',(680.62006564059,-4834.95918243302,37.990205114024));
#3757=CARTESIAN_POINT('Ctrl Pts',(680.58413759011,-4834.91551280351,37.9901640831737));
#3758=CARTESIAN_POINT('Ctrl Pts',(680.548934352039,-4834.87333474067,37.9901397351016));
#3759=CARTESIAN_POINT('Ctrl Pts',(680.513889068154,-4834.83189522661,37.9901434870448));
#3760=CARTESIAN_POINT('Ctrl Pts',(680.478516006458,-4834.79006812963,37.9901472740798));
#3761=CARTESIAN_POINT('Ctrl Pts',(680.443303692181,-4834.74899345381,37.9901796892082));
#3762=CARTESIAN_POINT('Ctrl Pts',(680.407628156914,-4834.70793055582,37.9902524732361));
#3763=CARTESIAN_POINT('Ctrl Pts',(680.372254776841,-4834.66721544149,37.9903246408171));
#3764=CARTESIAN_POINT('Ctrl Pts',(680.336425928327,-4834.62651180878,37.9904364963586));
#3765=CARTESIAN_POINT('Ctrl Pts',(680.299495108057,-4834.5851312767,37.9905994853789));
#3766=CARTESIAN_POINT('Ctrl Pts',(680.293029739143,-4834.57788690997,37.9906280193821));
#3767=CARTESIAN_POINT('Ctrl Pts',(680.286530501341,-4834.57062188419,37.9906581205497));
#3768=CARTESIAN_POINT('Ctrl Pts',(680.279993803502,-4834.56333261876,37.9906898502956));
#3769=CARTESIAN_POINT('Ctrl Pts',(680.235012964673,-4834.51317315271,37.9909081915163));
#3770=CARTESIAN_POINT('Ctrl Pts',(680.188254867777,-4834.4618686733,37.9912036493762));
#3771=CARTESIAN_POINT('Ctrl Pts',(680.14020754572,-4834.41008337787,37.9915028669413));
#3772=CARTESIAN_POINT('Ctrl Pts',(680.092694390975,-4834.35887380676,37.9917987579475));
#3773=CARTESIAN_POINT('Ctrl Pts',(680.04392045446,-4834.30719430979,37.9920983255335));
#3774=CARTESIAN_POINT('Ctrl Pts',(679.994397388281,-4834.25565355977,37.9923306292682));
#3775=CARTESIAN_POINT('Ctrl Pts',(679.945565649913,-4834.20483230385,37.9925596901093));
#3776=CARTESIAN_POINT('Ctrl Pts',(679.896005673921,-4834.15414604386,37.992723351721));
#3777=CARTESIAN_POINT('Ctrl Pts',(679.846246293451,-4834.1041428716,37.992753602114));
#3778=CARTESIAN_POINT('Ctrl Pts',(679.79543022184,-4834.05307783104,37.9927844949049));
#3779=CARTESIAN_POINT('Ctrl Pts',(679.744406237754,-4834.00272537797,37.9926762495414));
#3780=CARTESIAN_POINT('Ctrl Pts',(679.693776838666,-4833.95362961606,37.9923564329104));
#3781=CARTESIAN_POINT('Ctrl Pts',(679.643147439578,-4833.90453385416,37.9920366162795));
#3782=CARTESIAN_POINT('Ctrl Pts',(679.592912958213,-4833.85669465706,37.9915052275615));
#3783=CARTESIAN_POINT('Ctrl Pts',(679.543711618685,-4833.81061666298,37.9906898481389));
#3784=CARTESIAN_POINT('Ctrl Pts',(679.502079174476,-4833.77162708392,37.98999990273));
#3785=CARTESIAN_POINT('Ctrl Pts',(679.461191516237,-4833.73389308182,37.9891066240981));
#3786=CARTESIAN_POINT('Ctrl Pts',(679.420390385972,-4833.69674218245,37.9881735899877));
#3787=CARTESIAN_POINT('Ctrl Pts',(679.379330677927,-4833.6593558387,37.9872346427595));
#3788=CARTESIAN_POINT('Ctrl Pts',(679.338358445972,-4833.62255999995,37.9862554349753));
#3789=CARTESIAN_POINT('Ctrl Pts',(679.296766698638,-4833.5857075147,37.9854026512297));
#3790=CARTESIAN_POINT('Ctrl Pts',(679.256268928499,-4833.54982435103,37.984572298039));
#3791=CARTESIAN_POINT('Ctrl Pts',(679.215183687136,-4833.5138874524,37.9838618046822));
#3792=CARTESIAN_POINT('Ctrl Pts',(679.172826372694,-4833.47733551291,37.9834250294952));
#3793=CARTESIAN_POINT('Ctrl Pts',(679.131597871521,-4833.44175767471,37.9829998942725));
#3794=CARTESIAN_POINT('Ctrl Pts',(679.089164235126,-4833.40559693534,37.982834080502));
#3795=CARTESIAN_POINT('Ctrl Pts',(679.044863948572,-4833.36837211526,37.9830694779994));
#3796=CARTESIAN_POINT('Ctrl Pts',(678.999781667915,-4833.33049019808,37.9833090307624));
#3797=CARTESIAN_POINT('Ctrl Pts',(678.952766673029,-4833.29150556824,37.9839640808999));
#3798=CARTESIAN_POINT('Ctrl Pts',(678.90308631442,-4833.2509567616,37.9851842144347));
#3799=CARTESIAN_POINT('Ctrl Pts',(678.858178605581,-4833.21430336269,37.9862871332351));
#3800=CARTESIAN_POINT('Ctrl Pts',(678.81109283045,-4833.1763719843,37.9878517771136));
#3801=CARTESIAN_POINT('Ctrl Pts',(678.761258839711,-4833.13686166462,37.98998870226));
#3802=CARTESIAN_POINT('Ctrl Pts',(678.755962640225,-4833.13266263236,37.9902158079302));
#3803=CARTESIAN_POINT('Ctrl Pts',(678.750635372284,-4833.12844580638,37.9904493774698));
#3804=CARTESIAN_POINT('Ctrl Pts',(678.745276331126,-4833.12421085486,37.9906895436514));
#3805=CARTESIAN_POINT('Ctrl Pts',(678.70582443135,-4833.09303421746,37.9924575860772));
#3806=CARTESIAN_POINT('Ctrl Pts',(678.664647820228,-4833.06087854435,37.9945831367129));
#3807=CARTESIAN_POINT('Ctrl Pts',(678.622555915651,-4833.02845039883,37.9969632953687));
#3808=CARTESIAN_POINT('Ctrl Pts',(678.581373072421,-4832.99672260588,37.9992920495976));
#3809=CARTESIAN_POINT('Ctrl Pts',(678.539314049275,-4832.96473415247,38.0018645341451));
#3810=CARTESIAN_POINT('Ctrl Pts',(678.49716881519,-4832.93310727724,38.0045843482687));
#3811=CARTESIAN_POINT('Ctrl Pts',(678.454567847244,-4832.90113840751,38.0073335728682));
#3812=CARTESIAN_POINT('Ctrl Pts',(678.411878850679,-4832.86953909594,38.0102333311259));
#3813=CARTESIAN_POINT('Ctrl Pts',(678.369950388856,-4832.83890866054,38.0131840228301));
#3814=CARTESIAN_POINT('Ctrl Pts',(678.326615247567,-4832.80725058894,38.0162337088033));
#3815=CARTESIAN_POINT('Ctrl Pts',(678.284092712103,-4832.77662745526,38.0193378033009));
#3816=CARTESIAN_POINT('Ctrl Pts',(678.243352773561,-4832.74765390535,38.0223862946241));
#3817=CARTESIAN_POINT('Ctrl Pts',(678.199650370057,-4832.71657350085,38.0256564615083));
#3818=CARTESIAN_POINT('Ctrl Pts',(678.157999631664,-4832.68739098767,38.0288626444445));
#3819=CARTESIAN_POINT('Ctrl Pts',(678.119631370921,-4832.6608137428,38.0318689919774));
#3820=CARTESIAN_POINT('Ctrl Pts',(678.068015345456,-4832.62505992646,38.0359133689654));
#3821=CARTESIAN_POINT('Ctrl Pts',(678.022341118899,-4832.59402002674,38.0395960884618));
#3822=CARTESIAN_POINT('Ctrl Pts',(677.985656577467,-4832.56932685158,38.0425862991474));
#3823=CARTESIAN_POINT('Ctrl Pts',(677.958890739405,-4832.55131017475,38.0447680217983));
#3824=CARTESIAN_POINT('Ctrl Pts',(677.93691249269,-4832.53666879324,38.0465810855847));
#3825=CARTESIAN_POINT('Ctrl Pts',(677.920900412363,-4832.5260399401,38.047896977088));
#3826=CARTESIAN_POINT('Ctrl Pts',(677.906356692149,-4832.51638578754,38.0490921970387));
#3827=CARTESIAN_POINT('Ctrl Pts',(677.896735937652,-4832.51004054596,38.0498772471552));
#3828=CARTESIAN_POINT('Ctrl Pts',(677.892900502555,-4832.50751158176,38.050155844505));
#3829=CARTESIAN_POINT('Ctrl Pts',(677.892588357679,-4832.50730576333,38.0501785180044));
#3830=CARTESIAN_POINT('Ctrl Pts',(677.892314514996,-4832.50712524631,38.0501978370647));
#3831=CARTESIAN_POINT('Ctrl Pts',(677.892079429931,-4832.50697031826,38.0502137497947));
#3832=CARTESIAN_POINT('',(678.15706261212,-4838.36152603179,34.2000355500663));
#3833=CARTESIAN_POINT('Origin',(678.157062600711,-4838.36152612534,38.2000317726543));
#3834=CARTESIAN_POINT('',(662.99562494171,-4842.76803561126,34.2000355500663));
#3835=CARTESIAN_POINT('Origin',(671.199553544123,-4842.70906137864,34.2000355500679));
#3836=CARTESIAN_POINT('Origin',(662.99562500066,-4842.76803557251,38.2000362817356));
#3837=CARTESIAN_POINT('Origin',(689.781149257448,-4872.44581661155,38.200046352488));
#3838=CARTESIAN_POINT('',(696.738656429342,-4868.09828349854,34.2000355500681));
#3839=CARTESIAN_POINT('',(694.351494579303,-4879.25902170918,34.2000355500681));
#3840=CARTESIAN_POINT('Origin',(689.781149257448,-4872.44581661155,34.2000355500731));
#3841=CARTESIAN_POINT('Origin',(696.738656501284,-4868.09828349708,38.2000272635731));
#3842=CARTESIAN_POINT('Origin',(694.351494520573,-4879.25902182305,38.200046352488));
#3843=CARTESIAN_POINT('Origin',(671.501472305274,-4884.70797551792,38.2000508615693));
#3844=CARTESIAN_POINT('',(663.297537983219,-4884.76695268071,34.2000355501013));
#3845=CARTESIAN_POINT('Origin',(663.297554906712,-4884.76695255905,38.2000508615693));
#3846=CARTESIAN_POINT('',(676.071814813391,-4891.52117357903,34.2000355500862));
#3847=CARTESIAN_POINT('Origin',(671.501472305274,-4884.70797551792,34.2000355500916));
#3848=CARTESIAN_POINT('',(678.297034467611,-4894.83840004057,37.9891118380844));
#3849=CARTESIAN_POINT('Origin',(676.071805294859,-4891.5211595852,38.200065441403));
#3850=CARTESIAN_POINT('',(671.350344362333,-4896.90582128461,37.9930237671786));
#3851=CARTESIAN_POINT('Ctrl Pts',(671.350345884804,-4896.90569931057,37.990688578523));
#3852=CARTESIAN_POINT('Ctrl Pts',(671.639681013002,-4896.90928435645,37.9906913515036));
#3853=CARTESIAN_POINT('Ctrl Pts',(671.92914358565,-4896.90257022953,37.9906928846868));
#3854=CARTESIAN_POINT('Ctrl Pts',(672.21800124376,-4896.8855739483,37.9906936008231));
#3855=CARTESIAN_POINT('Ctrl Pts',(672.506874037589,-4896.86857677649,37.990694316997));
#3856=CARTESIAN_POINT('Ctrl Pts',(672.795141606576,-4896.84129638697,37.990694216011));
#3857=CARTESIAN_POINT('Ctrl Pts',(673.082074546421,-4896.80380183783,37.9906937305873));
#3858=CARTESIAN_POINT('Ctrl Pts',(673.368995877733,-4896.76630880563,37.9906932451833));
#3859=CARTESIAN_POINT('Ctrl Pts',(673.654582442742,-4896.71860247274,37.9906923753489));
#3860=CARTESIAN_POINT('Ctrl Pts',(673.938111686703,-4896.66080356909,37.9906915640435));
#3861=CARTESIAN_POINT('Ctrl Pts',(674.221644601323,-4896.60300391716,37.9906907527276));
#3862=CARTESIAN_POINT('Ctrl Pts',(674.503119899322,-4896.53511148251,37.9906899999217));
#3863=CARTESIAN_POINT('Ctrl Pts',(674.781825416392,-4896.45729806892,37.9906897592256));
#3864=CARTESIAN_POINT('Ctrl Pts',(674.848306522744,-4896.43873682235,37.990689701811));
#3865=CARTESIAN_POINT('Ctrl Pts',(674.914630086901,-4896.41961130742,37.9906896735834));
#3866=CARTESIAN_POINT('Ctrl Pts',(674.980786554065,-4896.39992427981,37.9906896807901));
#3867=CARTESIAN_POINT('Ctrl Pts',(675.258124474919,-4896.31739328109,37.990689711002));
#3868=CARTESIAN_POINT('Ctrl Pts',(675.532524523421,-4896.2249902943,37.9906903630744));
#3869=CARTESIAN_POINT('Ctrl Pts',(675.803292449996,-4896.12294908195,37.9906911895473));
#3870=CARTESIAN_POINT('Ctrl Pts',(676.074072120826,-4896.02090344367,37.9906920160561));
#3871=CARTESIAN_POINT('Ctrl Pts',(676.341219123052,-4895.90921883052,37.9906930169683));
#3872=CARTESIAN_POINT('Ctrl Pts',(676.604057493215,-4895.78817781525,37.9906937559386));
#3873=CARTESIAN_POINT('Ctrl Pts',(676.866883847557,-4895.66714233344,37.9906944948751));
#3874=CARTESIAN_POINT('Ctrl Pts',(677.125401739276,-4895.53675140869,37.9906949718853));
#3875=CARTESIAN_POINT('Ctrl Pts',(677.378957093264,-4895.39733491879,37.9906947620102));
#3876=CARTESIAN_POINT('Ctrl Pts',(677.63251386404,-4895.25791764987,37.9906945521339));
#3877=CARTESIAN_POINT('Ctrl Pts',(677.88110782487,-4895.10947483396,37.99069365536));
#3878=CARTESIAN_POINT('Ctrl Pts',(678.12410999675,-4894.95238202898,37.9906916581462));
#3879=CARTESIAN_POINT('Ctrl Pts',(678.182085761401,-4894.91490262943,37.9906911816485));
#3880=CARTESIAN_POINT('Ctrl Pts',(678.239743356274,-4894.87693106336,37.9906906425638));
#3881=CARTESIAN_POINT('Ctrl Pts',(678.297074471619,-4894.83847280297,37.9906900353726));
#3882=CARTESIAN_POINT('',(672.041721860218,-4896.89503418358,37.9977015648993));
#3883=CARTESIAN_POINT('Origin',(671.501472305274,-4884.70797551792,37.9953647336599));
#3884=CARTESIAN_POINT('Origin',(671.501472305274,-4884.70797551792,38.0000395554977));
#3885=CARTESIAN_POINT('Origin',(670.524388697821,-4843.41530879207,35.764518084073));
#3886=CARTESIAN_POINT('',(680.816175802307,-4836.69993148027,40.7084021061419));
#3887=CARTESIAN_POINT('',(680.816181694907,-4836.69992779753,40.7085346955733));
#3888=CARTESIAN_POINT('Ctrl Pts',(676.889218077017,-4833.05637026846,38.0431191869897));
#3889=CARTESIAN_POINT('Ctrl Pts',(677.170813841511,-4833.22292735785,38.0733862475429));
#3890=CARTESIAN_POINT('Ctrl Pts',(677.447381051578,-4833.40173418391,38.1207119292491));
#3891=CARTESIAN_POINT('Ctrl Pts',(678.039421687852,-4833.81782544029,38.2671990225418));
#3892=CARTESIAN_POINT('Ctrl Pts',(678.349815282507,-4834.0595139805,38.3760222340942));
#3893=CARTESIAN_POINT('Ctrl Pts',(678.92321592149,-4834.54737702531,38.645514697425));
#3894=CARTESIAN_POINT('Ctrl Pts',(679.186271563925,-4834.79347312798,38.8062224687519));
#3895=CARTESIAN_POINT('Ctrl Pts',(679.65094172853,-4835.26190447929,39.1589340279007));
#3896=CARTESIAN_POINT('Ctrl Pts',(679.871341125522,-4835.50242293388,39.363305161565));
#3897=CARTESIAN_POINT('Ctrl Pts',(680.277861190301,-4835.98061978179,39.8281514524193));
#3898=CARTESIAN_POINT('Ctrl Pts',(680.464053066374,-4836.2182277422,40.0886367864448));
#3899=CARTESIAN_POINT('Ctrl Pts',(680.693876638912,-4836.53189977156,40.4802121103521));
#3900=CARTESIAN_POINT('Ctrl Pts',(680.755125340871,-4836.61793777476,40.593007184787));
#3901=CARTESIAN_POINT('Ctrl Pts',(680.813275527019,-4836.70174404678,40.7085356688013));
#3902=CARTESIAN_POINT('Origin',(671.121079806666,-4842.76890998391,41.7126582883628));
#3903=CARTESIAN_POINT('',(681.654386748743,-4836.15670444008,40.6563958299477));
#3904=CARTESIAN_POINT('Ctrl Pts',(681.646276817022,-4836.1421506981,40.6712031078117));
#3905=CARTESIAN_POINT('Ctrl Pts',(681.622850211852,-4836.10936835458,40.6261728827218));
#3906=CARTESIAN_POINT('Ctrl Pts',(681.5989366853,-4836.07614556987,40.5814618992387));
#3907=CARTESIAN_POINT('Ctrl Pts',(681.416122452194,-4835.8241630376,40.2492079129823));
#3908=CARTESIAN_POINT('Ctrl Pts',(681.236851502403,-4835.58821600639,39.9768266214682));
#3909=CARTESIAN_POINT('Ctrl Pts',(680.838820770799,-4835.09983247482,39.4816388666155));
#3910=CARTESIAN_POINT('Ctrl Pts',(680.619723292423,-4834.84719149924,39.2585459737013));
#3911=CARTESIAN_POINT('Ctrl Pts',(680.150774300749,-4834.34666470656,38.8715288210909));
#3912=CARTESIAN_POINT('Ctrl Pts',(679.900854733153,-4834.09885939074,38.7075829185234));
#3913=CARTESIAN_POINT('Ctrl Pts',(679.381562152972,-4833.62269695174,38.4356683028624));
#3914=CARTESIAN_POINT('Ctrl Pts',(679.091319133503,-4833.37605404074,38.3185919657054));
#3915=CARTESIAN_POINT('Ctrl Pts',(678.499090004635,-4832.91872300878,38.1472576196732));
#3916=CARTESIAN_POINT('Ctrl Pts',(678.20124940995,-4832.70693390507,38.0877343394888));
#3917=CARTESIAN_POINT('Ctrl Pts',(677.892274558876,-4832.50667172936,38.0502030359848));
#3918=CARTESIAN_POINT('Ctrl Pts',(681.544604901523,-4836.24475866072,37.9906897859951));
#3919=CARTESIAN_POINT('Ctrl Pts',(681.58388017963,-4836.22021905402,38.8743628423658));
#3920=CARTESIAN_POINT('Ctrl Pts',(681.623155457737,-4836.19567944732,39.7580358987365));
#3921=CARTESIAN_POINT('Ctrl Pts',(681.662430735844,-4836.17113984062,40.6417089551073));
#3922=CARTESIAN_POINT('Origin',(671.501521923163,-4884.70808811265,38.2594833909003));
#3923=CARTESIAN_POINT('',(678.364946922072,-4894.93963522816,40.3151449617257));
#3924=CARTESIAN_POINT('',(678.305007105918,-4894.85028415764,38.2621697123523));
#3925=CARTESIAN_POINT('Ctrl Pts',(672.04172731785,-4896.89515724968,38.0000395555856));
#3926=CARTESIAN_POINT('Ctrl Pts',(672.099756645186,-4896.89258481825,38.0000393435021));
#3927=CARTESIAN_POINT('Ctrl Pts',(672.157658086791,-4896.88962283621,38.0004228965787));
#3928=CARTESIAN_POINT('Ctrl Pts',(672.716753767956,-4896.85723882914,38.0078893224504));
#3929=CARTESIAN_POINT('Ctrl Pts',(673.206739967097,-4896.79888025122,38.0443837749856));
#3930=CARTESIAN_POINT('Ctrl Pts',(674.034602704472,-4896.65552625604,38.1604293280055));
#3931=CARTESIAN_POINT('Ctrl Pts',(674.408373264322,-4896.5744723133,38.232516817809));
#3932=CARTESIAN_POINT('Ctrl Pts',(675.149942284737,-4896.37841891999,38.425222829242));
#3933=CARTESIAN_POINT('Ctrl Pts',(675.517733380241,-4896.263452955,38.5459037536686));
#3934=CARTESIAN_POINT('Ctrl Pts',(676.225250058793,-4896.00907085414,38.8339796222996));
#3935=CARTESIAN_POINT('Ctrl Pts',(676.56534487095,-4895.86959882305,39.001542915433));
#3936=CARTESIAN_POINT('Ctrl Pts',(677.201545537703,-4895.58047323953,39.3730418207202));
#3937=CARTESIAN_POINT('Ctrl Pts',(677.497695018398,-4895.43091043967,39.5769733451044));
#3938=CARTESIAN_POINT('Ctrl Pts',(677.973975209073,-4895.17170444392,39.9532844356839));
#3939=CARTESIAN_POINT('Ctrl Pts',(678.173734625195,-4895.05613834886,40.128725613639));
#3940=CARTESIAN_POINT('Ctrl Pts',(678.364947205366,-4894.93963570065,40.3151449664303));
#3941=CARTESIAN_POINT('Origin',(671.501723285514,-4884.70858450618,38.9135525741533));
#3942=CARTESIAN_POINT('',(677.806309508453,-4894.1068495575,40.2882406804002));
#3943=CARTESIAN_POINT('Ctrl Pts',(677.80630758733,-4894.10684643905,40.2882406996229));
#3944=CARTESIAN_POINT('Ctrl Pts',(677.461910673272,-4894.31689697731,39.9552511288936));
#3945=CARTESIAN_POINT('Ctrl Pts',(677.087245382814,-4894.52323045995,39.6561665154287));
#3946=CARTESIAN_POINT('Ctrl Pts',(676.369533284966,-4894.86738381243,39.1880144109205));
#3947=CARTESIAN_POINT('Ctrl Pts',(676.022091446331,-4895.0173218555,38.9957747896324));
#3948=CARTESIAN_POINT('Ctrl Pts',(675.279527271519,-4895.29323152914,38.658875726311));
#3949=CARTESIAN_POINT('Ctrl Pts',(674.884366893033,-4895.41908371899,38.5142023275214));
#3950=CARTESIAN_POINT('Ctrl Pts',(674.068230245497,-4895.63082528648,38.2804526444219));
#3951=CARTESIAN_POINT('Ctrl Pts',(673.646715682712,-4895.71677847835,38.1911594601083));
#3952=CARTESIAN_POINT('Ctrl Pts',(673.128749319821,-4895.79332726878,38.1136276596167));
#3953=CARTESIAN_POINT('Ctrl Pts',(673.032188652471,-4895.8063772105,38.1005272541732));
#3954=CARTESIAN_POINT('Ctrl Pts',(672.935815223349,-4895.81819783425,38.0887293131972));
#3955=CARTESIAN_POINT('',(677.740765129965,-4894.0091318991,38.0430292863326));
#3956=CARTESIAN_POINT('Origin',(696.944247526157,-4878.24677269439,35.5932433522387));
#3957=CARTESIAN_POINT('',(697.127451682771,-4878.5411116651,38.200031615326));
#3958=CARTESIAN_POINT('Ctrl Pts',(697.217890983512,-4878.64583843066,35.5894271599902));
#3959=CARTESIAN_POINT('Ctrl Pts',(697.187744561184,-4878.6109295268,36.4596286462137));
#3960=CARTESIAN_POINT('Ctrl Pts',(697.157598127603,-4878.57602060495,37.3298301313257));
#3961=CARTESIAN_POINT('Ctrl Pts',(697.127451682771,-4878.5411116651,38.200031615326));
#3962=CARTESIAN_POINT('Origin',(696.942041365967,-4878.24431719113,38.2000355500655));
#3963=CARTESIAN_POINT('Origin',(696.942577059447,-4878.24080136658,35.26358018742));
#3964=CARTESIAN_POINT('Origin',(696.938762215804,-4878.26791674827,38.2000355500655));
#3965=CARTESIAN_POINT('Origin',(692.7801739217,-4880.84481979272,38.3060275771303));
#3966=CARTESIAN_POINT('',(692.285203044382,-4881.18027676311,35.2331421770456));
#3967=CARTESIAN_POINT('',(692.241269243109,-4881.1038479069,35.2213000360076));
#3968=CARTESIAN_POINT('Ctrl Pts',(692.285222869303,-4881.18026288235,35.2331415095119));
#3969=CARTESIAN_POINT('Ctrl Pts',(692.283867063733,-4881.17833631299,35.2327887006859));
#3970=CARTESIAN_POINT('Ctrl Pts',(692.282528250708,-4881.17640400909,35.2324394642933));
#3971=CARTESIAN_POINT('Ctrl Pts',(692.266337394513,-4881.1526699435,35.2282055724363));
#3972=CARTESIAN_POINT('Ctrl Pts',(692.25280511884,-4881.12895719212,35.2245592280675));
#3973=CARTESIAN_POINT('Ctrl Pts',(692.241268788487,-4881.1038476011,35.2212945110852));
#3974=CARTESIAN_POINT('',(692.4222531301,-4881.10459665345,38.2000334575035));
#3975=CARTESIAN_POINT('Ctrl Pts',(692.42225314165,-4881.10459664515,38.2000334571302));
#3976=CARTESIAN_POINT('Ctrl Pts',(692.377803069323,-4881.13173791131,37.2110702458451));
#3977=CARTESIAN_POINT('Ctrl Pts',(692.332077087859,-4881.15699266472,36.2221065432076));
#3978=CARTESIAN_POINT('Ctrl Pts',(692.285203044382,-4881.18027676311,35.2331421770456));
#3979=CARTESIAN_POINT('',(692.389849197824,-4881.05293569051,38.200033079321));
#3980=CARTESIAN_POINT('Origin',(692.776745841818,-4880.84693252648,38.2000355500655));
#3981=CARTESIAN_POINT('Ctrl Pts',(692.389849197824,-4881.05293569051,38.200033079321));
#3982=CARTESIAN_POINT('Ctrl Pts',(692.340530565475,-4881.07101974155,37.2071365162427));
#3983=CARTESIAN_POINT('Ctrl Pts',(692.290969343871,-4881.0879997394,36.2142267191804));
#3984=CARTESIAN_POINT('Ctrl Pts',(692.241269243108,-4881.1038479069,35.2213000360076));
#3985=CARTESIAN_POINT('Origin',(692.701475908147,-4880.89439275501,35.253480962678));
#3986=CARTESIAN_POINT('',(692.427473269543,-4881.31638029515,35.2683858518426));
#3987=CARTESIAN_POINT('Ctrl Pts',(692.427473332683,-4881.31638034602,35.2683856937804));
#3988=CARTESIAN_POINT('Ctrl Pts',(692.426125481036,-4881.31552500164,35.2680683415641));
#3989=CARTESIAN_POINT('Ctrl Pts',(692.424781620856,-4881.31466316356,35.2677514450361));
#3990=CARTESIAN_POINT('Ctrl Pts',(692.368573489553,-4881.27823604921,35.2544771400331));
#3991=CARTESIAN_POINT('Ctrl Pts',(692.320862883306,-4881.23133947598,35.2424696509066));
#3992=CARTESIAN_POINT('Ctrl Pts',(692.28520302889,-4881.18027679539,35.2331415846429));
#3993=CARTESIAN_POINT('',(692.486287939331,-4881.16978456156,38.2000358192039));
#3994=CARTESIAN_POINT('Ctrl Pts',(692.427473269543,-4881.31638029515,35.2683858518426));
#3995=CARTESIAN_POINT('Ctrl Pts',(692.441997187629,-4881.26905107401,36.1770017446053));
#3996=CARTESIAN_POINT('Ctrl Pts',(692.460052224167,-4881.22333637901,37.0856160741713));
#3997=CARTESIAN_POINT('Ctrl Pts',(692.481397107299,-4881.17964595985,37.9942293688625));
#3998=CARTESIAN_POINT('Ctrl Pts',(692.483008689486,-4881.17634724414,38.0628315247927));
#3999=CARTESIAN_POINT('Ctrl Pts',(692.484639004816,-4881.17306005478,38.1314336748297));
#4000=CARTESIAN_POINT('Ctrl Pts',(692.486287939331,-4881.16978456156,38.2000358192039));
#4001=CARTESIAN_POINT('Origin',(692.703857554882,-4880.89201923606,38.2000355500655));
#4002=CARTESIAN_POINT('Origin',(689.808191207049,-4849.25437982494,52.2000346444394));
#4003=CARTESIAN_POINT('',(689.938379408783,-4849.17302798872,62.2000355500655));
#4004=CARTESIAN_POINT('',(684.666334548884,-4841.38671849976,55.620240963871));
#4005=CARTESIAN_POINT('Origin',(689.493937054632,-4849.4507505559,52.2000346444394));
#4006=CARTESIAN_POINT('',(690.787587829068,-4848.64237572223,62.2000355500655));
#4007=CARTESIAN_POINT('',(689.808191207049,-4849.25437982494,62.2000355500655));
#4008=CARTESIAN_POINT('',(685.515542776712,-4840.85606635353,55.620240963871));
#4009=CARTESIAN_POINT('Origin',(690.343146554972,-4848.92009761451,52.2000346444394));
#4010=CARTESIAN_POINT('',(684.828525754648,-4841.28536866751,55.620240963871));
#4011=CARTESIAN_POINT('Origin',(692.05833301237,-4885.87979353382,52.2000156973335));
#4012=CARTESIAN_POINT('',(684.620342096426,-4891.70932320484,55.6202243005812));
#4013=CARTESIAN_POINT('',(684.08942342524,-4890.85965801965,55.6202243005812));
#4014=CARTESIAN_POINT('',(684.089225301428,-4890.85934094866,55.6202243005812));
#4015=CARTESIAN_POINT('',(692.61104341836,-4886.76433351132,62.2000355500655));
#4016=CARTESIAN_POINT('Origin',(692.333183495401,-4886.31965541707,52.2000156973335));
#4017=CARTESIAN_POINT('',(692.080125584708,-4885.91466966648,62.2000355500655));
#4018=CARTESIAN_POINT('',(692.05833301237,-4885.87979353382,62.2000355500655));
#4019=CARTESIAN_POINT('Origin',(691.802265466604,-4885.46999125994,52.2000156973335));
#4020=CARTESIAN_POINT('Origin',(672.321229984298,-4897.34238520289,48.0000742874588));
#4021=CARTESIAN_POINT('',(672.321229984298,-4897.34238520289,38.0000395554977));
#4022=CARTESIAN_POINT('',(680.974736159794,-4893.45810071853,44.5798605952145));
#4023=CARTESIAN_POINT('Origin',(673.261883284729,-4898.84777652569,48.0000742874588));
#4024=CARTESIAN_POINT('',(680.44381696992,-4892.60843470324,44.5798605952145));
#4025=CARTESIAN_POINT('',(680.290349552635,-4892.36283037887,44.5798605952145));
#4026=CARTESIAN_POINT('Origin',(672.730963452464,-4897.99810948234,48.0000742874588));
#4027=CARTESIAN_POINT('Origin',(678.492541359885,-4831.07681810013,46.0000479256771));
#4028=CARTESIAN_POINT('',(681.733931307627,-4837.91590947193,43.2638802551522));
#4029=CARTESIAN_POINT('Origin',(677.871845611999,-4831.46467766151,46.0000479256771));
#4030=CARTESIAN_POINT('',(682.583140437783,-4837.38525676185,43.2638802551522));
#4031=CARTESIAN_POINT('',(682.476277529098,-4837.45203311892,43.2638802551522));
#4032=CARTESIAN_POINT('Origin',(678.721053724145,-4830.93402558757,46.0000479256771));
#4033=CARTESIAN_POINT('',(678.492541359885,-4831.07681810013,38.0000395554977));
#4034=CARTESIAN_POINT('Origin',(662.995624902938,-4842.76804127469,38.2000445028751));
#4035=CARTESIAN_POINT('',(660.153324539467,-4863.78902389501,38.0000395554977));
#4036=CARTESIAN_POINT('',(662.995625041494,-4842.76804125294,35.2000371004948));
#4037=CARTESIAN_POINT('Origin',(678.091746152107,-4838.25700576866,38.2000372652561));
#4038=CARTESIAN_POINT('',(678.091746290663,-4838.2570057469,35.2000378304283));
#4039=CARTESIAN_POINT('Origin',(689.894764379334,-4857.14578779426,38.2000376733865));
#4040=CARTESIAN_POINT('Ctrl Pts',(692.441783048436,-4856.15698825192,36.8597925464296));
#4041=CARTESIAN_POINT('Ctrl Pts',(692.441051859264,-4856.15341414247,36.8623436727697));
#4042=CARTESIAN_POINT('Ctrl Pts',(692.440273037411,-4856.14982485784,36.8648391159234));
#4043=CARTESIAN_POINT('Ctrl Pts',(692.434140623044,-4856.12313545211,36.8828731794115));
#4044=CARTESIAN_POINT('Ctrl Pts',(692.426819351075,-4856.09948933827,36.895966416406));
#4045=CARTESIAN_POINT('Ctrl Pts',(692.4085963251,-4856.05471604976,36.9132533903328));
#4046=CARTESIAN_POINT('Ctrl Pts',(692.398193813877,-4856.03360152458,36.918282048885));
#4047=CARTESIAN_POINT('Ctrl Pts',(692.385761930733,-4856.01279416615,36.9193059628734));
#4048=CARTESIAN_POINT('Origin',(690.265709606286,-4857.73942438793,38.2000376862132));
#4049=CARTESIAN_POINT('Ctrl Pts',(696.738651787676,-4868.0982737448,35.200038475241));
#4050=CARTESIAN_POINT('Ctrl Pts',(695.048748663884,-4865.3749663702,35.2000384623936));
#4051=CARTESIAN_POINT('Ctrl Pts',(693.358845539895,-4862.65165899572,35.2000885858383));
#4052=CARTESIAN_POINT('Ctrl Pts',(691.668941989962,-4859.92835188739,35.2001888430592));
#4053=CARTESIAN_POINT('',(680.632403452889,-4836.66942726172,38.0430290704348));
#4054=CARTESIAN_POINT('Origin',(693.900235039262,-4879.56173003021,38.2000572778039));
#4055=CARTESIAN_POINT('',(695.837166743514,-4881.86995082308,38.0430488380691));
#4056=CARTESIAN_POINT('',(695.56919029733,-4882.04971129892,38.0430488243888));
#4057=CARTESIAN_POINT('Origin',(694.255584837164,-4879.32335889845,38.2000572959446));
#4058=CARTESIAN_POINT('Ctrl Pts',(694.303813813716,-4880.48069076008,35.3673907528108));
#4059=CARTESIAN_POINT('Ctrl Pts',(694.147270352696,-4880.57768577057,35.3650690726459));
#4060=CARTESIAN_POINT('Ctrl Pts',(693.615409198563,-4880.91509946318,35.359546281292));
#4061=CARTESIAN_POINT('Ctrl Pts',(693.321228721717,-4881.09883812386,35.3557489897421));
#4062=CARTESIAN_POINT('Ctrl Pts',(693.040977131796,-4881.27411388866,35.3522223060126));
#4063=CARTESIAN_POINT('Ctrl Pts',(692.91545640502,-4881.34675351369,35.3490639489614));
#4064=CARTESIAN_POINT('Ctrl Pts',(692.854944834285,-4881.37680598659,35.3459817061139));
#4065=CARTESIAN_POINT('Ctrl Pts',(692.700684502063,-4881.40037368534,35.3253608292806));
#4066=CARTESIAN_POINT('Ctrl Pts',(692.641370192439,-4881.39249353127,35.3139705152322));
#4067=CARTESIAN_POINT('Ctrl Pts',(692.566381313262,-4881.38060667772,35.2996290724368));
#4068=CARTESIAN_POINT('Ctrl Pts',(692.513940442598,-4881.36321525827,35.2872949075798));
#4069=CARTESIAN_POINT('Ctrl Pts',(692.427471830317,-4881.3163848991,35.2683863332278));
#4070=CARTESIAN_POINT('',(692.245988251433,-4880.67141386251,35.20003817653));
#4071=CARTESIAN_POINT('Ctrl Pts',(692.241404533672,-4881.10378617473,35.2212974563005));
#4072=CARTESIAN_POINT('Ctrl Pts',(692.233577591617,-4881.0865921481,35.2190665994768));
#4073=CARTESIAN_POINT('Ctrl Pts',(692.206844216592,-4881.02606219675,35.2115617960219));
#4074=CARTESIAN_POINT('Ctrl Pts',(692.192702595628,-4880.90422019046,35.2042883183855));
#4075=CARTESIAN_POINT('Ctrl Pts',(692.193791474474,-4880.87215416195,35.2030990553771));
#4076=CARTESIAN_POINT('Ctrl Pts',(692.207917621007,-4880.75100369607,35.1995899817511));
#4077=CARTESIAN_POINT('Ctrl Pts',(692.236133154871,-4880.69120457163,35.2000381967539));
#4078=CARTESIAN_POINT('Ctrl Pts',(692.245991181469,-4880.6714153337,35.2000381765328));
#4079=CARTESIAN_POINT('',(693.900235177818,-4879.56173000845,35.200038260977));
#4080=CARTESIAN_POINT('Origin',(699.095736836955,-4871.59429748418,37.6216504622129));
#4081=CARTESIAN_POINT('Origin',(699.318552622318,-4871.85082656677,40.2000398415999));
#4082=CARTESIAN_POINT('',(695.338626674649,-4878.83357777805,38.2000355500655));
#4083=CARTESIAN_POINT('Origin',(699.149976279085,-4871.65674366279,38.2000355500655));
#4084=CARTESIAN_POINT('Origin',(704.314127672257,-4877.38047972241,105.446039554927));
#4085=CARTESIAN_POINT('Origin',(698.8971125628,-4871.36562022229,35.200038551202));
#4086=CARTESIAN_POINT('Origin',(694.351482707866,-4879.25902019566,38.200065441403));
#4087=CARTESIAN_POINT('',(694.351482707866,-4879.25902019566,34.2000355500655));
#4088=CARTESIAN_POINT('',(696.576759384724,-4882.57633200524,37.990720747061));
#4089=CARTESIAN_POINT('Origin',(678.157068484481,-4838.36152708259,38.2000272635731));
#4090=CARTESIAN_POINT('',(681.544604955318,-4836.24475932839,37.9906839053957));
#4091=CARTESIAN_POINT('',(678.157068484481,-4838.36152708259,34.2000355500655));
#4092=CARTESIAN_POINT('Origin',(663.297535697931,-4884.76697823895,38.2000362817356));
#4093=CARTESIAN_POINT('',(663.297535697931,-4884.76697823895,34.2000355500655));
#4094=CARTESIAN_POINT('Origin',(692.026890916172,-4856.22613564569,36.8866687469022));
#4095=CARTESIAN_POINT('Origin',(692.026348941636,-4856.22629524898,38.2000355500655));
#4096=CARTESIAN_POINT('Origin',(676.338351879317,-4866.02949882908,40.2000398415999));
#4097=CARTESIAN_POINT('Origin',(686.343191110207,-4866.00040888834,40.2000398415999));
#4098=CARTESIAN_POINT('Origin',(694.821899978364,-4879.56917377089,40.2000398415999));
#4099=CARTESIAN_POINT('Origin',(689.907121882962,-4857.55079048348,40.2000398415999));
#4100=CARTESIAN_POINT('Origin',(682.532078301352,-4892.15888165496,50.100035645433));
#4101=CARTESIAN_POINT('',(683.481670417402,-4892.25553787049,52.1718676498801));
#4102=CARTESIAN_POINT('',(682.892632767499,-4891.43375169186,51.9958604800258));
#4103=CARTESIAN_POINT('Origin',(671.19955315402,-4842.70906420941,40.0000366944747));
#4104=CARTESIAN_POINT('Origin',(671.501463501429,-4884.70797892804,40.0000366944747));
#4105=CARTESIAN_POINT('Origin',(683.624737297934,-4839.38598584197,49.4420561570602));
#4106=CARTESIAN_POINT('',(684.094367800942,-4840.70973542852,53.2101265050108));
#4107=CARTESIAN_POINT('',(684.93775878263,-4840.1721976354,53.1856134409614));
#4108=CARTESIAN_POINT('Origin',(665.462646053001,-4859.96515869419,38.0000395554977));
#4109=CARTESIAN_POINT('Origin',(671.501463289501,-4884.70797638491,37.7000345963912));
#4110=CARTESIAN_POINT('Origin',(677.553529138805,-4867.97418927214,38.2000355500655));
#4111=CARTESIAN_POINT('Ctrl Pts',(676.480924140025,-4866.91813420343,38.2000355500655));
#4112=CARTESIAN_POINT('Ctrl Pts',(676.563487239743,-4867.13771049093,38.2000355500655));
#4113=CARTESIAN_POINT('Ctrl Pts',(676.676920326439,-4867.2313296847,38.2000355500655));
#4114=CARTESIAN_POINT('Ctrl Pts',(676.925868581246,-4867.58441191047,38.2000355500655));
#4115=CARTESIAN_POINT('Ctrl Pts',(676.99750042368,-4867.75333506999,38.2000355500655));
#4116=CARTESIAN_POINT('Ctrl Pts',(677.161452189548,-4868.06467569433,38.2000355500655));
#4117=CARTESIAN_POINT('Ctrl Pts',(677.231992184364,-4868.18574257144,38.2000355500655));
#4118=CARTESIAN_POINT('Ctrl Pts',(677.360344734091,-4868.33490608423,38.2000355500655));
#4119=CARTESIAN_POINT('Ctrl Pts',(677.41163869945,-4868.38343737,38.2000355500655));
#4120=CARTESIAN_POINT('Ctrl Pts',(677.509310734987,-4868.4440519011,38.2000355500655));
#4121=CARTESIAN_POINT('Ctrl Pts',(677.552121446705,-4868.46282191559,38.2000355500655));
#4122=CARTESIAN_POINT('Ctrl Pts',(677.637812783278,-4868.48102590483,38.2000355500655));
#4123=CARTESIAN_POINT('Ctrl Pts',(677.678509514324,-4868.48213392941,38.2000355500655));
#4124=CARTESIAN_POINT('Ctrl Pts',(677.761215846935,-4868.46777471547,38.2000355500655));
#4125=CARTESIAN_POINT('Ctrl Pts',(677.801345001609,-4868.45176185105,38.2000355500655));
#4126=CARTESIAN_POINT('Ctrl Pts',(677.875913539954,-4868.40420056471,38.2000355500655));
#4127=CARTESIAN_POINT('Ctrl Pts',(677.909297411154,-4868.3721407755,38.2000355500655));
#4128=CARTESIAN_POINT('Ctrl Pts',(677.963986566461,-4868.29550457561,38.2000355500655));
#4129=CARTESIAN_POINT('Ctrl Pts',(677.983971500013,-4868.25088164209,38.2000355500655));
#4130=CARTESIAN_POINT('Ctrl Pts',(678.005783298164,-4868.1545705791,38.2000355500655));
#4131=CARTESIAN_POINT('Ctrl Pts',(678.006693357381,-4868.10483372234,38.2000355500655));
#4132=CARTESIAN_POINT('Ctrl Pts',(677.989605309741,-4867.99491669578,38.2000355500655));
#4133=CARTESIAN_POINT('Ctrl Pts',(677.967954492373,-4867.93753876619,38.2000355500655));
#4134=CARTESIAN_POINT('Ctrl Pts',(677.892740735966,-4867.79191656939,38.2000355500655));
#4135=CARTESIAN_POINT('Ctrl Pts',(677.825705497552,-4867.70593648714,38.2000355500655));
#4136=CARTESIAN_POINT('Ctrl Pts',(677.679733048205,-4867.52172184166,38.2000355500655));
#4137=CARTESIAN_POINT('Ctrl Pts',(677.617305273786,-4867.44497277206,38.2000355500655));
#4138=CARTESIAN_POINT('Ctrl Pts',(677.479979119748,-4867.20182512203,38.2000355500655));
#4139=CARTESIAN_POINT('Ctrl Pts',(677.440699076622,-4867.0987327138,38.2000355500655));
#4140=CARTESIAN_POINT('Ctrl Pts',(677.284867360151,-4866.86623643824,38.2000355500655));
#4141=CARTESIAN_POINT('Ctrl Pts',(677.231780592226,-4866.79862378748,38.2000355500655));
#4142=CARTESIAN_POINT('Ctrl Pts',(677.160088061478,-4866.70328207658,38.2000355500655));
#4143=CARTESIAN_POINT('Ctrl Pts',(677.134182671076,-4866.66796523912,38.2000355500655));
#4144=CARTESIAN_POINT('Ctrl Pts',(677.093373542551,-4866.60268130776,38.2000355500655));
#4145=CARTESIAN_POINT('Ctrl Pts',(677.078851271227,-4866.57270933815,38.2000355500655));
#4146=CARTESIAN_POINT('Ctrl Pts',(677.074555079592,-4866.54719035275,38.2000355500655));
#4147=CARTESIAN_POINT('Origin',(671.19955288911,-4842.70906293785,37.7000345963912));
#4148=CARTESIAN_POINT('Origin',(675.123175020458,-4864.0848097708,38.2000355500655));
#4149=CARTESIAN_POINT('Ctrl Pts',(676.195774738018,-4865.14086365347,38.2000355500655));
#4150=CARTESIAN_POINT('Ctrl Pts',(676.113211294831,-4864.92128269943,38.2000355500655));
#4151=CARTESIAN_POINT('Ctrl Pts',(675.999776549948,-4864.8276662995,38.2000355500655));
#4152=CARTESIAN_POINT('Ctrl Pts',(675.750822605698,-4864.47457238167,38.2000355500655));
#4153=CARTESIAN_POINT('Ctrl Pts',(675.679187983951,-4864.30563885919,38.2000355500655));
#4154=CARTESIAN_POINT('Ctrl Pts',(675.515235619768,-4863.99430003244,38.2000355500655));
#4155=CARTESIAN_POINT('Ctrl Pts',(675.444697602527,-4863.87323918063,38.2000355500655));
#4156=CARTESIAN_POINT('Ctrl Pts',(675.316348820269,-4863.72408303417,38.2000355500655));
#4157=CARTESIAN_POINT('Ctrl Pts',(675.265056112299,-4863.67555405221,38.2000355500655));
#4158=CARTESIAN_POINT('Ctrl Pts',(675.167386209938,-4863.61494244286,38.2000355500655));
#4159=CARTESIAN_POINT('Ctrl Pts',(675.124576247309,-4863.59617345331,38.2000355500655));
#4160=CARTESIAN_POINT('Ctrl Pts',(675.038885927959,-4863.57797090027,38.2000355500655));
#4161=CARTESIAN_POINT('Ctrl Pts',(674.998189450026,-4863.57686355053,38.2000355500655));
#4162=CARTESIAN_POINT('Ctrl Pts',(674.915483385815,-4863.59122408256,38.2000355500655));
#4163=CARTESIAN_POINT('Ctrl Pts',(674.875354280704,-4863.60723774697,38.2000355500655));
#4164=CARTESIAN_POINT('Ctrl Pts',(674.800785762802,-4863.6548006912,38.2000355500655));
#4165=CARTESIAN_POINT('Ctrl Pts',(674.767401891552,-4863.68686150074,38.2000355500655));
#4166=CARTESIAN_POINT('Ctrl Pts',(674.712713003449,-4863.76349977057,38.2000355500655));
#4167=CARTESIAN_POINT('Ctrl Pts',(674.692728376831,-4863.80812380469,38.2000355500655));
#4168=CARTESIAN_POINT('Ctrl Pts',(674.67091774928,-4863.90443671265,38.2000355500655));
#4169=CARTESIAN_POINT('Ctrl Pts',(674.670008455899,-4863.95417421451,38.2000355500655));
#4170=CARTESIAN_POINT('Ctrl Pts',(674.687098445613,-4864.06409243032,38.2000355500655));
#4171=CARTESIAN_POINT('Ctrl Pts',(674.708750437828,-4864.12147078951,38.2000355500655));
#4172=CARTESIAN_POINT('Ctrl Pts',(674.783967809104,-4864.26709528352,38.2000355500655));
#4173=CARTESIAN_POINT('Ctrl Pts',(674.851006049879,-4864.35307698489,38.2000355500655));
#4174=CARTESIAN_POINT('Ctrl Pts',(674.989310856061,-4864.52761468667,38.2000355500655));
#4175=CARTESIAN_POINT('Ctrl Pts',(675.051062043564,-4864.60386327865,38.2000355500655));
#4176=CARTESIAN_POINT('Ctrl Pts',(675.189071425699,-4864.83919750952,38.2000355500655));
#4177=CARTESIAN_POINT('Ctrl Pts',(675.227745655412,-4864.94524442287,38.2000355500655));
#4178=CARTESIAN_POINT('Ctrl Pts',(675.384002776241,-4865.1823318634,38.2000355500655));
#4179=CARTESIAN_POINT('Ctrl Pts',(675.43810405537,-4865.25152931327,38.2000355500655));
#4180=CARTESIAN_POINT('Ctrl Pts',(675.514540134088,-4865.35285736531,38.2000355500655));
#4181=CARTESIAN_POINT('Ctrl Pts',(675.540250598419,-4865.38781804738,38.2000355500655));
#4182=CARTESIAN_POINT('Ctrl Pts',(675.58241910253,-4865.45446521044,38.2000355500655));
#4183=CARTESIAN_POINT('Ctrl Pts',(675.597714945932,-4865.48550472121,38.2000355500655));
#4184=CARTESIAN_POINT('Ctrl Pts',(675.602143988896,-4865.5118129479,38.2000355500655));
#4185=CARTESIAN_POINT('Origin',(685.128014122885,-4864.05571888945,38.2000355500655));
#4186=CARTESIAN_POINT('Ctrl Pts',(686.200619255942,-4865.11176251433,38.2000355500655));
#4187=CARTESIAN_POINT('Ctrl Pts',(686.118065179515,-4864.8922075446,38.2000355500655));
#4188=CARTESIAN_POINT('Ctrl Pts',(686.004653418178,-4864.79857688289,38.2000355500655));
#4189=CARTESIAN_POINT('Ctrl Pts',(685.755742134503,-4864.44553570657,38.2000355500655));
#4190=CARTESIAN_POINT('Ctrl Pts',(685.684121511667,-4864.27665415572,38.2000355500655));
#4191=CARTESIAN_POINT('Ctrl Pts',(685.520176111137,-4863.96531921833,38.2000355500655));
#4192=CARTESIAN_POINT('Ctrl Pts',(685.449628269837,-4863.84423218688,38.2000355500655));
#4193=CARTESIAN_POINT('Ctrl Pts',(685.321258863682,-4863.69504165775,38.2000355500655));
#4194=CARTESIAN_POINT('Ctrl Pts',(685.269958176405,-4863.64650142019,38.2000355500655));
#4195=CARTESIAN_POINT('Ctrl Pts',(685.172272936823,-4863.58587488174,38.2000355500655));
#4196=CARTESIAN_POINT('Ctrl Pts',(685.129456392036,-4863.56710075846,38.2000355500655));
#4197=CARTESIAN_POINT('Ctrl Pts',(685.043753868991,-4863.5488916267,38.2000355500655));
#4198=CARTESIAN_POINT('Ctrl Pts',(685.003052048481,-4863.54778201663,38.2000355500655));
#4199=CARTESIAN_POINT('Ctrl Pts',(684.920336085345,-4863.56213990982,38.2000355500655));
#4200=CARTESIAN_POINT('Ctrl Pts',(684.880202386702,-4863.57815273174,38.2000355500655));
#4201=CARTESIAN_POINT('Ctrl Pts',(684.805626555521,-4863.6257150128,38.2000355500655));
#4202=CARTESIAN_POINT('Ctrl Pts',(684.77223958828,-4863.65777539321,38.2000355500655));
#4203=CARTESIAN_POINT('Ctrl Pts',(684.71754758966,-4863.73441138717,38.2000355500655));
#4204=CARTESIAN_POINT('Ctrl Pts',(684.697561832766,-4863.7790327982,38.2000355500655));
#4205=CARTESIAN_POINT('Ctrl Pts',(684.675749948453,-4863.87533770166,38.2000355500655));
#4206=CARTESIAN_POINT('Ctrl Pts',(684.674839199321,-4863.92506956941,38.2000355500655));
#4207=CARTESIAN_POINT('Ctrl Pts',(684.691924407762,-4864.03497227442,38.2000355500655));
#4208=CARTESIAN_POINT('Ctrl Pts',(684.71357143653,-4864.09234102781,38.2000355500655));
#4209=CARTESIAN_POINT('Ctrl Pts',(684.788769769466,-4864.23792918173,38.2000355500655));
#4210=CARTESIAN_POINT('Ctrl Pts',(684.85578813831,-4864.32388472435,38.2000355500655));
#4211=CARTESIAN_POINT('Ctrl Pts',(685.002045814991,-4864.50842339049,38.2000355500655));
#4212=CARTESIAN_POINT('Ctrl Pts',(685.064512000421,-4864.58517047689,38.2000355500655));
#4213=CARTESIAN_POINT('Ctrl Pts',(685.201889522091,-4864.828646412,38.2000355500655));
#4214=CARTESIAN_POINT('Ctrl Pts',(685.241189647878,-4864.93163786022,38.2000355500655));
#4215=CARTESIAN_POINT('Ctrl Pts',(685.396964368055,-4865.16399235502,38.2000355500655));
#4216=CARTESIAN_POINT('Ctrl Pts',(685.449999696542,-4865.23155389148,38.2000355500655));
#4217=CARTESIAN_POINT('Ctrl Pts',(685.521610672295,-4865.32682286055,38.2000355500655));
#4218=CARTESIAN_POINT('Ctrl Pts',(685.547455984151,-4865.36207663461,38.2000355500655));
#4219=CARTESIAN_POINT('Ctrl Pts',(685.588194255259,-4865.42727829715,38.2000355500655));
#4220=CARTESIAN_POINT('Ctrl Pts',(685.60269328148,-4865.45721425924,38.2000355500655));
#4221=CARTESIAN_POINT('Ctrl Pts',(685.606991326255,-4865.48270367644,38.2000355500655));
#4222=CARTESIAN_POINT('Origin',(688.287881409567,-4864.78523015044,38.2000355500655));
#4223=CARTESIAN_POINT('Ctrl Pts',(687.231824931172,-4865.8578267215,38.2000355500655));
#4224=CARTESIAN_POINT('Ctrl Pts',(687.385598803415,-4865.77069641972,38.2000355500655));
#4225=CARTESIAN_POINT('Ctrl Pts',(687.654845699969,-4865.59200614,38.2000355500656));
#4226=CARTESIAN_POINT('Ctrl Pts',(688.113698297839,-4865.30269793819,38.2000355500656));
#4227=CARTESIAN_POINT('Ctrl Pts',(688.242157819432,-4865.24730590564,38.2000355500655));
#4228=CARTESIAN_POINT('Ctrl Pts',(688.499049131727,-4865.08725609091,38.2000355500655));
#4229=CARTESIAN_POINT('Ctrl Pts',(688.595655841793,-4865.01954296303,38.2000355500655));
#4230=CARTESIAN_POINT('Ctrl Pts',(688.711227289924,-4864.90153710441,38.2000355500655));
#4231=CARTESIAN_POINT('Ctrl Pts',(688.748109820744,-4864.85535890754,38.2000355500655));
#4232=CARTESIAN_POINT('Ctrl Pts',(688.79149378727,-4864.77067217895,38.2000355500655));
#4233=CARTESIAN_POINT('Ctrl Pts',(688.804086771754,-4864.7344272019,38.2000355500655));
#4234=CARTESIAN_POINT('Ctrl Pts',(688.813536253831,-4864.66256535418,38.2000355500655));
#4235=CARTESIAN_POINT('Ctrl Pts',(688.811668636512,-4864.62874701466,38.2000355500655));
#4236=CARTESIAN_POINT('Ctrl Pts',(688.793466027114,-4864.55877063824,38.2000355500655));
#4237=CARTESIAN_POINT('Ctrl Pts',(688.776066759543,-4864.52484761787,38.2000352291672));
#4238=CARTESIAN_POINT('Ctrl Pts',(688.726280343565,-4864.45915424041,38.2000352291672));
#4239=CARTESIAN_POINT('Ctrl Pts',(688.692213520085,-4864.42909161386,38.2000355500655));
#4240=CARTESIAN_POINT('Ctrl Pts',(688.607390062363,-4864.3749217241,38.2000355500655));
#4241=CARTESIAN_POINT('Ctrl Pts',(688.553798001066,-4864.35385644631,38.2000355500655));
#4242=CARTESIAN_POINT('Ctrl Pts',(688.456835542529,-4864.33556519985,38.2000355500655));
#4243=CARTESIAN_POINT('Ctrl Pts',(688.397761332707,-4864.33021994905,38.2000355500655));
#4244=CARTESIAN_POINT('Ctrl Pts',(688.26782191874,-4864.35771728916,38.2000355500655));
#4245=CARTESIAN_POINT('Ctrl Pts',(688.213830649203,-4864.38131550021,38.2000355500655));
#4246=CARTESIAN_POINT('Ctrl Pts',(688.081703795604,-4864.46013440068,38.2000355500655));
#4247=CARTESIAN_POINT('Ctrl Pts',(688.009268396657,-4864.52430411118,38.2000355500655));
#4248=CARTESIAN_POINT('Ctrl Pts',(687.807851320726,-4864.69242742484,38.2000355500655));
#4249=CARTESIAN_POINT('Ctrl Pts',(687.739493481331,-4864.73962144003,38.2000355500655));
#4250=CARTESIAN_POINT('Ctrl Pts',(687.462587926021,-4864.87966844269,38.2000355500655));
#4251=CARTESIAN_POINT('Ctrl Pts',(687.359836205916,-4864.92375269114,38.2000355500655));
#4252=CARTESIAN_POINT('Ctrl Pts',(687.153740089129,-4865.07338432151,38.2000355500655));
#4253=CARTESIAN_POINT('Ctrl Pts',(687.095704618372,-4865.12258553232,38.2000355500655));
#4254=CARTESIAN_POINT('Ctrl Pts',(687.01291292247,-4865.18674923809,38.2000355500655));
#4255=CARTESIAN_POINT('Ctrl Pts',(686.983444035635,-4865.20818723377,38.2000355500655));
#4256=CARTESIAN_POINT('Ctrl Pts',(686.923299559944,-4865.2438753123,38.2000355500655));
#4257=CARTESIAN_POINT('Ctrl Pts',(686.892403859792,-4865.2577439339,38.2000355500655));
#4258=CARTESIAN_POINT('Ctrl Pts',(686.860878978425,-4865.26420272058,38.2000355500655));
#4259=CARTESIAN_POINT('Origin',(685.625054394644,-4889.66056139332,52.9424667933262));
#4260=CARTESIAN_POINT('',(694.497529261462,-4884.29305835134,62.2000355500655));
#4261=CARTESIAN_POINT('',(695.84836469684,-4881.87234608137,38.2000355500655));
#4262=CARTESIAN_POINT('',(690.679916053588,-4885.33937762526,38.2000355500655));
#4263=CARTESIAN_POINT('',(696.299486598821,-4881.96884170401,44.5244184121287));
#4264=CARTESIAN_POINT('Origin',(685.713923593153,-4890.84709948147,53.5817511380132));
#4265=CARTESIAN_POINT('',(694.811553691546,-4885.28821535626,62.2000355500655));
#4266=CARTESIAN_POINT('Origin',(687.558368241233,-4867.9450983908,38.2000355500655));
#4267=CARTESIAN_POINT('Ctrl Pts',(686.485760182322,-4866.8890447821,38.2000355500655));
#4268=CARTESIAN_POINT('Ctrl Pts',(686.511244996898,-4866.90866991311,38.2000355500655));
#4269=CARTESIAN_POINT('Ctrl Pts',(686.532923095785,-4866.93467229438,38.2000355500655));
#4270=CARTESIAN_POINT('Ctrl Pts',(686.571320488341,-4866.99309462104,38.2000355500655));
#4271=CARTESIAN_POINT('Ctrl Pts',(686.588404634598,-4867.02526955669,38.2000355500655));
#4272=CARTESIAN_POINT('Ctrl Pts',(686.634680777611,-4867.11920893152,38.2000355500655));
#4273=CARTESIAN_POINT('Ctrl Pts',(686.665257719703,-4867.18883784572,38.2000355500655));
#4274=CARTESIAN_POINT('Ctrl Pts',(686.784830606305,-4867.41364477162,38.2000355500655));
#4275=CARTESIAN_POINT('Ctrl Pts',(686.857753824472,-4867.4982947396,38.2000355500655));
#4276=CARTESIAN_POINT('Ctrl Pts',(687.045166135984,-4867.7455587151,38.2000355500655));
#4277=CARTESIAN_POINT('Ctrl Pts',(687.085920334064,-4867.81784333948,38.2000355500655));
#4278=CARTESIAN_POINT('Ctrl Pts',(687.193397874064,-4868.05737884679,38.2000355500655));
#4279=CARTESIAN_POINT('Ctrl Pts',(687.230415789987,-4868.14684812884,38.2000355500655));
#4280=CARTESIAN_POINT('Ctrl Pts',(687.314701011983,-4868.27566759054,38.2000355500655));
#4281=CARTESIAN_POINT('Ctrl Pts',(687.352917957026,-4868.32056448263,38.2000355500655));
#4282=CARTESIAN_POINT('Ctrl Pts',(687.457736378018,-4868.40226568627,38.2000355500655));
#4283=CARTESIAN_POINT('Ctrl Pts',(687.513206776835,-4868.42335231897,38.2000355500655));
#4284=CARTESIAN_POINT('Ctrl Pts',(687.608362167378,-4868.44939600341,38.2000355500655));
#4285=CARTESIAN_POINT('Ctrl Pts',(687.665750736262,-4868.4539504694,38.2000355500655));
#4286=CARTESIAN_POINT('Ctrl Pts',(687.765703656228,-4868.44244177637,38.2000355500655));
#4287=CARTESIAN_POINT('Ctrl Pts',(687.80948109047,-4868.43035740382,38.2000354502119));
#4288=CARTESIAN_POINT('Ctrl Pts',(687.883001239749,-4868.39314242865,38.2000354502119));
#4289=CARTESIAN_POINT('Ctrl Pts',(687.913500579892,-4868.37028112145,38.2000355500655));
#4290=CARTESIAN_POINT('Ctrl Pts',(687.960528709653,-4868.3153647369,38.2000355500655));
#4291=CARTESIAN_POINT('Ctrl Pts',(687.977030667198,-4868.28578299621,38.2000355500655));
#4292=CARTESIAN_POINT('Ctrl Pts',(688.000045930631,-4868.21702708413,38.2000355500655));
#4293=CARTESIAN_POINT('Ctrl Pts',(688.004617964434,-4868.17890621415,38.2000355500655));
#4294=CARTESIAN_POINT('Ctrl Pts',(688.002750615882,-4868.08369414969,38.2000355500655));
#4295=CARTESIAN_POINT('Ctrl Pts',(687.989833228522,-4868.02596066642,38.2000355500655));
#4296=CARTESIAN_POINT('Ctrl Pts',(687.937643831702,-4867.86904960914,38.2000355500655));
#4297=CARTESIAN_POINT('Ctrl Pts',(687.880436642161,-4867.76569574762,38.2000355500655));
#4298=CARTESIAN_POINT('Ctrl Pts',(687.719917023141,-4867.50945448063,38.2000355500655));
#4299=CARTESIAN_POINT('Ctrl Pts',(687.629085006204,-4867.40359298414,38.2000355500655));
#4300=CARTESIAN_POINT('Ctrl Pts',(687.343433609619,-4866.94267549385,38.2000355500655));
#4301=CARTESIAN_POINT('Ctrl Pts',(687.179751277025,-4866.66449572329,38.2000355500655));
#4302=CARTESIAN_POINT('Ctrl Pts',(687.079393036302,-4866.51810213284,38.2000355500655));
#4303=CARTESIAN_POINT('Origin',(680.735097332674,-4865.58304897605,35.2000377543257));
#4304=CARTESIAN_POINT('Ctrl Pts',(692.24599118147,-4880.6714153337,35.2000381765274));
#4305=CARTESIAN_POINT('Ctrl Pts',(692.261909992412,-4880.63945951715,35.2000381774944));
#4306=CARTESIAN_POINT('Ctrl Pts',(692.283320742263,-4880.60426331156,35.2000381787385));
#4307=CARTESIAN_POINT('Ctrl Pts',(692.339355206922,-4880.53612849015,35.2000381818206));
#4308=CARTESIAN_POINT('Ctrl Pts',(692.367777415464,-4880.51084895535,35.2000381833166));
#4309=CARTESIAN_POINT('Ctrl Pts',(692.442721254576,-4880.45361325096,35.200038187193));
#4310=CARTESIAN_POINT('Ctrl Pts',(692.538886601982,-4880.39469540989,35.2000381920618));
#4311=CARTESIAN_POINT('Ctrl Pts',(692.635514619844,-4880.33152888907,35.2000381969827));
#4312=CARTESIAN_POINT('Ctrl Pts',(692.677679351079,-4880.30450757088,35.200038199126));
#4313=CARTESIAN_POINT('Ctrl Pts',(692.780542504998,-4880.23959792072,35.2000382043475));
#4314=CARTESIAN_POINT('Ctrl Pts',(692.848095600023,-4880.19777536174,35.2000382077708));
#4315=CARTESIAN_POINT('Ctrl Pts',(693.128483609891,-4880.02461859995,35.2000382219764));
#4316=CARTESIAN_POINT('Ctrl Pts',(693.636060750881,-4879.71321872969,35.2000382476774));
#4317=CARTESIAN_POINT('Ctrl Pts',(693.766457718515,-4879.63059382125,35.2000382542991));
#4318=CARTESIAN_POINT('Ctrl Pts',(693.900196587485,-4879.05130719206,35.2000382646772));
#4319=CARTESIAN_POINT('Ctrl Pts',(693.859478006486,-4878.94591222285,35.200038263561));
#4320=CARTESIAN_POINT('Ctrl Pts',(693.728894094405,-4878.79955306024,35.2000382585914));
#4321=CARTESIAN_POINT('Ctrl Pts',(693.468419927812,-4878.3733412917,35.2000382496526));
#4322=CARTESIAN_POINT('Ctrl Pts',(693.435815299237,-4878.28894637947,35.2000382487588));
#4323=CARTESIAN_POINT('Ctrl Pts',(693.20151394029,-4877.94545772526,35.2000382404288));
#4324=CARTESIAN_POINT('Ctrl Pts',(693.122702036374,-4877.84023704586,35.2000382375519));
#4325=CARTESIAN_POINT('Ctrl Pts',(693.033403459852,-4877.66503952815,35.2000382346983));
#4326=CARTESIAN_POINT('Ctrl Pts',(693.007373835488,-4877.5974533802,35.2000382339863));
#4327=CARTESIAN_POINT('Ctrl Pts',(692.983159035905,-4877.45235605242,35.2000382339203));
#4328=CARTESIAN_POINT('Ctrl Pts',(692.988731807233,-4877.39133338863,35.2000382346203));
#4329=CARTESIAN_POINT('Ctrl Pts',(693.013501099059,-4877.27840060804,35.2000382365833));
#4330=CARTESIAN_POINT('Ctrl Pts',(693.040863060328,-4877.21813287995,35.2000382382841));
#4331=CARTESIAN_POINT('Ctrl Pts',(693.118527171047,-4877.10722795249,35.2000382426754));
#4332=CARTESIAN_POINT('Ctrl Pts',(693.170173974165,-4877.05758079963,35.2000382454208));
#4333=CARTESIAN_POINT('Ctrl Pts',(693.283119041783,-4876.98492369007,35.2000382511641));
#4334=CARTESIAN_POINT('Ctrl Pts',(693.3435352292,-4876.96008689171,35.2000382541346));
#4335=CARTESIAN_POINT('Ctrl Pts',(693.464775153597,-4876.93849087192,35.2000382598907));
#4336=CARTESIAN_POINT('Ctrl Pts',(693.522862763801,-4876.93965557647,35.200038262565));
#4337=CARTESIAN_POINT('Ctrl Pts',(693.640445834207,-4876.96522297506,35.2000382678102));
#4338=CARTESIAN_POINT('Ctrl Pts',(693.696756913482,-4876.99010595835,35.2000382702305));
#4339=CARTESIAN_POINT('Ctrl Pts',(693.821384717337,-4877.06899788485,35.2000382754142));
#4340=CARTESIAN_POINT('Ctrl Pts',(693.884895189695,-4877.12991977162,35.2000382779056));
#4341=CARTESIAN_POINT('Ctrl Pts',(694.042149718969,-4877.31547329402,35.2000382838227));
#4342=CARTESIAN_POINT('Ctrl Pts',(694.126488607582,-4877.46222009059,35.2000382866536));
#4343=CARTESIAN_POINT('Ctrl Pts',(694.294846341106,-4877.76994043576,35.2000382921974));
#4344=CARTESIAN_POINT('Ctrl Pts',(694.357785669239,-4877.89476642154,35.200038294199));
#4345=CARTESIAN_POINT('Ctrl Pts',(694.581122841117,-4878.22015867514,35.2000383021539));
#4346=CARTESIAN_POINT('Ctrl Pts',(694.678938130662,-4878.33241480763,35.2000383058573));
#4347=CARTESIAN_POINT('Ctrl Pts',(694.760480636127,-4878.51374704604,35.2000383083083));
#4348=CARTESIAN_POINT('Ctrl Pts',(675.416645522049,-4865.51163427333,35.2000375092101));
#4349=CARTESIAN_POINT('Ctrl Pts',(675.375916117938,-4865.40625454285,35.2000375080933));
#4350=CARTESIAN_POINT('Ctrl Pts',(675.245366647389,-4865.25989462172,35.2000375031254));
#4351=CARTESIAN_POINT('Ctrl Pts',(674.984894224279,-4864.83367770545,35.2000374941866));
#4352=CARTESIAN_POINT('Ctrl Pts',(674.952288451967,-4864.74930472044,35.2000374932927));
#4353=CARTESIAN_POINT('Ctrl Pts',(674.717986533787,-4864.40580045847,35.2000374849627));
#4354=CARTESIAN_POINT('Ctrl Pts',(674.639169701611,-4864.30056368072,35.2000374820858));
#4355=CARTESIAN_POINT('Ctrl Pts',(674.549867220166,-4864.12534184979,35.2000374792322));
#4356=CARTESIAN_POINT('Ctrl Pts',(674.523836525244,-4864.05774562064,35.2000374785202));
#4357=CARTESIAN_POINT('Ctrl Pts',(674.499625091737,-4863.91263627961,35.2000374784544));
#4358=CARTESIAN_POINT('Ctrl Pts',(674.505198829458,-4863.85161213823,35.2000374791544));
#4359=CARTESIAN_POINT('Ctrl Pts',(674.529969696363,-4863.7386827194,35.2000374811175));
#4360=CARTESIAN_POINT('Ctrl Pts',(674.557329771463,-4863.67841982528,35.2000374828182));
#4361=CARTESIAN_POINT('Ctrl Pts',(674.634987166431,-4863.5675297404,35.200037487209));
#4362=CARTESIAN_POINT('Ctrl Pts',(674.686625979548,-4863.51789282768,35.200037489954));
#4363=CARTESIAN_POINT('Ctrl Pts',(674.799562256801,-4863.4452459186,35.2000374956968));
#4364=CARTESIAN_POINT('Ctrl Pts',(674.859977334385,-4863.42041338058,35.2000374986672));
#4365=CARTESIAN_POINT('Ctrl Pts',(674.981223962173,-4863.3988200915,35.2000375044236));
#4366=CARTESIAN_POINT('Ctrl Pts',(675.039319534473,-4863.39998710995,35.2000375070983));
#4367=CARTESIAN_POINT('Ctrl Pts',(675.156930723796,-4863.42556038719,35.2000375123447));
#4368=CARTESIAN_POINT('Ctrl Pts',(675.213261765438,-4863.45045203837,35.2000375147659));
#4369=CARTESIAN_POINT('Ctrl Pts',(675.337940030662,-4863.52937251504,35.2000375199518));
#4370=CARTESIAN_POINT('Ctrl Pts',(675.401479864021,-4863.59031961846,35.2000375224443));
#4371=CARTESIAN_POINT('Ctrl Pts',(675.558806658802,-4863.77594814883,35.2000375283642));
#4372=CARTESIAN_POINT('Ctrl Pts',(675.643182581265,-4863.92275021956,35.2000375311964));
#4373=CARTESIAN_POINT('Ctrl Pts',(675.811539693967,-4864.23044522067,35.2000375367404));
#4374=CARTESIAN_POINT('Ctrl Pts',(675.874445800374,-4864.35518714681,35.200037538741));
#4375=CARTESIAN_POINT('Ctrl Pts',(676.097668477505,-4864.68051504088,35.2000375466911));
#4376=CARTESIAN_POINT('Ctrl Pts',(676.195418335929,-4864.79278758089,35.2000375503914));
#4377=CARTESIAN_POINT('Ctrl Pts',(676.276946501722,-4864.97405912112,35.2000375528421));
#4378=CARTESIAN_POINT('Ctrl Pts',(677.260052715491,-4866.54736642494,35.2000375868364));
#4379=CARTESIAN_POINT('Ctrl Pts',(677.300776828738,-4866.65274986677,35.2000375879529));
#4380=CARTESIAN_POINT('Ctrl Pts',(677.431353391272,-4866.79913398438,35.2000375929327));
#4381=CARTESIAN_POINT('Ctrl Pts',(677.691784399029,-4867.22518887204,35.2000376018707));
#4382=CARTESIAN_POINT('Ctrl Pts',(677.724446537425,-4867.3096339554,35.2000376027668));
#4383=CARTESIAN_POINT('Ctrl Pts',(677.958694890063,-4867.65311045032,35.2000376110945));
#4384=CARTESIAN_POINT('Ctrl Pts',(678.037518280649,-4867.75836531782,35.2000376139715));
#4385=CARTESIAN_POINT('Ctrl Pts',(678.126828831756,-4867.93361475166,35.2000376168253));
#4386=CARTESIAN_POINT('Ctrl Pts',(678.15286224944,-4868.001221276,35.2000376175374));
#4387=CARTESIAN_POINT('Ctrl Pts',(678.177074521703,-4868.14634816492,35.2000376176031));
#4388=CARTESIAN_POINT('Ctrl Pts',(678.171499887422,-4868.20737703359,35.200037616903));
#4389=CARTESIAN_POINT('Ctrl Pts',(678.146727255406,-4868.32031233235,35.2000376149398));
#4390=CARTESIAN_POINT('Ctrl Pts',(678.11936616676,-4868.38057777195,35.200037613239));
#4391=CARTESIAN_POINT('Ctrl Pts',(678.041707418228,-4868.49146859491,35.2000376088481));
#4392=CARTESIAN_POINT('Ctrl Pts',(677.990069888572,-4868.5411042044,35.2000376061032));
#4393=CARTESIAN_POINT('Ctrl Pts',(677.877135749144,-4868.6137493576,35.2000376003605));
#4394=CARTESIAN_POINT('Ctrl Pts',(677.816721883233,-4868.63858111198,35.2000375973901));
#4395=CARTESIAN_POINT('Ctrl Pts',(677.695476950597,-4868.66017377354,35.2000375916338));
#4396=CARTESIAN_POINT('Ctrl Pts',(677.637381861888,-4868.65900658845,35.2000375889592));
#4397=CARTESIAN_POINT('Ctrl Pts',(677.519770497997,-4868.6334333469,35.2000375837127));
#4398=CARTESIAN_POINT('Ctrl Pts',(677.463438755564,-4868.60854142685,35.2000375812916));
#4399=CARTESIAN_POINT('Ctrl Pts',(677.338758237904,-4868.52961991952,35.2000375761056));
#4400=CARTESIAN_POINT('Ctrl Pts',(677.275216866877,-4868.46867164763,35.2000375736129));
#4401=CARTESIAN_POINT('Ctrl Pts',(677.117886159992,-4868.28303954473,35.2000375676929));
#4402=CARTESIAN_POINT('Ctrl Pts',(677.033508069328,-4868.13623462137,35.2000375648606));
#4403=CARTESIAN_POINT('Ctrl Pts',(676.865152125845,-4867.82854290821,35.2000375593167));
#4404=CARTESIAN_POINT('Ctrl Pts',(676.802246051382,-4867.70380179922,35.2000375573161));
#4405=CARTESIAN_POINT('Ctrl Pts',(676.579030961937,-4867.37847627267,35.2000375493663));
#4406=CARTESIAN_POINT('Ctrl Pts',(676.481283884765,-4867.26620140371,35.2000375456554));
#4407=CARTESIAN_POINT('Ctrl Pts',(676.399754083703,-4867.08493753621,35.2000375432045));
#4408=CARTESIAN_POINT('Ctrl Pts',(675.820484673422,-4866.95120953581,35.2000375174208));
#4409=CARTESIAN_POINT('Ctrl Pts',(675.707208782931,-4867.03990523977,35.2000375115458));
#4410=CARTESIAN_POINT('Ctrl Pts',(675.520144658798,-4867.13840625677,35.2000375021919));
#4411=CARTESIAN_POINT('Ctrl Pts',(675.107495281716,-4867.39072586778,35.2000374813036));
#4412=CARTESIAN_POINT('Ctrl Pts',(674.992111260858,-4867.47893776988,35.2000374753348));
#4413=CARTESIAN_POINT('Ctrl Pts',(674.727216794342,-4867.65655370172,35.2000374618124));
#4414=CARTESIAN_POINT('Ctrl Pts',(674.595123371502,-4867.73780890977,35.2000374551224));
#4415=CARTESIAN_POINT('Ctrl Pts',(674.379617274964,-4867.82070336889,35.200037444568));
#4416=CARTESIAN_POINT('Ctrl Pts',(674.297119759339,-4867.84279596951,35.2000374405976));
#4417=CARTESIAN_POINT('Ctrl Pts',(674.15567248971,-4867.85206587802,35.2000374339976));
#4418=CARTESIAN_POINT('Ctrl Pts',(674.097014192414,-4867.84753115221,35.2000374313213));
#4419=CARTESIAN_POINT('Ctrl Pts',(673.98884787583,-4867.81668980688,35.2000374265493));
#4420=CARTESIAN_POINT('Ctrl Pts',(673.941239579988,-4867.79284376898,35.2000374245235));
#4421=CARTESIAN_POINT('Ctrl Pts',(673.851852982713,-4867.72322476132,35.2000374209001));
#4422=CARTESIAN_POINT('Ctrl Pts',(673.813670787687,-4867.67718534597,35.2000374194705));
#4423=CARTESIAN_POINT('Ctrl Pts',(673.751579079462,-4867.56729757177,35.2000374173998));
#4424=CARTESIAN_POINT('Ctrl Pts',(673.730117436072,-4867.50226687025,35.2000374168802));
#4425=CARTESIAN_POINT('Ctrl Pts',(673.709740668293,-4867.36525266614,35.2000374169329));
#4426=CARTESIAN_POINT('Ctrl Pts',(673.712442069235,-4867.29181469788,35.2000374175902));
#4427=CARTESIAN_POINT('Ctrl Pts',(673.743154287487,-4867.17040675279,35.2000374198892));
#4428=CARTESIAN_POINT('Ctrl Pts',(673.766667285956,-4867.11013687612,35.2000374214123));
#4429=CARTESIAN_POINT('Ctrl Pts',(673.854365921556,-4866.99229939984,35.2000374263173));
#4430=CARTESIAN_POINT('Ctrl Pts',(673.905433167348,-4866.94664696709,35.2000374290069));
#4431=CARTESIAN_POINT('Ctrl Pts',(674.056265234584,-4866.83802415543,35.2000374367609));
#4432=CARTESIAN_POINT('Ctrl Pts',(674.166495297667,-4866.78373685679,35.2000374422457));
#4433=CARTESIAN_POINT('Ctrl Pts',(674.507839285098,-4866.58550975619,35.2000374594484));
#4434=CARTESIAN_POINT('Ctrl Pts',(674.611640247907,-4866.50037148003,35.2000374648599));
#4435=CARTESIAN_POINT('Ctrl Pts',(675.021347733957,-4866.24136147095,35.2000374856608));
#4436=CARTESIAN_POINT('Ctrl Pts',(675.182275479745,-4866.18005711709,35.2000374935379));
#4437=CARTESIAN_POINT('Ctrl Pts',(675.282909905356,-4866.09088849089,35.2000374988324));
#4438=CARTESIAN_POINT('Ctrl Pts',(685.421487965039,-4865.48254746767,35.2000379714962));
#4439=CARTESIAN_POINT('Ctrl Pts',(685.380761811765,-4865.37715982155,35.2000379703796));
#4440=CARTESIAN_POINT('Ctrl Pts',(685.2502017657,-4865.2308047371,35.2000379654217));
#4441=CARTESIAN_POINT('Ctrl Pts',(684.989717005938,-4864.80454833477,35.2000379564826));
#4442=CARTESIAN_POINT('Ctrl Pts',(684.957131768055,-4864.72019288855,35.2000379555895));
#4443=CARTESIAN_POINT('Ctrl Pts',(684.722808847804,-4864.37667275596,35.2000379472587));
#4444=CARTESIAN_POINT('Ctrl Pts',(684.643996796896,-4864.2714458873,35.2000379443819));
#4445=CARTESIAN_POINT('Ctrl Pts',(684.554700445259,-4864.09624040262,35.2000379415284));
#4446=CARTESIAN_POINT('Ctrl Pts',(684.528671818333,-4864.0286507802,35.2000379408165));
#4447=CARTESIAN_POINT('Ctrl Pts',(684.504461521241,-4863.88355269478,35.2000379407507));
#4448=CARTESIAN_POINT('Ctrl Pts',(684.510035001989,-4863.82253178179,35.2000379414507));
#4449=CARTESIAN_POINT('Ctrl Pts',(684.5348053495,-4863.70960576613,35.2000379434137));
#4450=CARTESIAN_POINT('Ctrl Pts',(684.562165449345,-4863.64934407171,35.2000379451144));
#4451=CARTESIAN_POINT('Ctrl Pts',(684.639824133022,-4863.53845235472,35.2000379495053));
#4452=CARTESIAN_POINT('Ctrl Pts',(684.691465868575,-4863.48881313487,35.2000379522504));
#4453=CARTESIAN_POINT('Ctrl Pts',(684.804406754588,-4863.41616381021,35.2000379579935));
#4454=CARTESIAN_POINT('Ctrl Pts',(684.864823870153,-4863.39133038301,35.200037960964));
#4455=CARTESIAN_POINT('Ctrl Pts',(684.986072581099,-4863.36973709412,35.2000379667205));
#4456=CARTESIAN_POINT('Ctrl Pts',(685.044168205013,-4863.37090421188,35.2000379693952));
#4457=CARTESIAN_POINT('Ctrl Pts',(685.161776713747,-4863.39647809665,35.2000379746415));
#4458=CARTESIAN_POINT('Ctrl Pts',(685.218104981637,-4863.42136916427,35.2000379770625));
#4459=CARTESIAN_POINT('Ctrl Pts',(685.342775320899,-4863.50028695662,35.200037982248));
#4460=CARTESIAN_POINT('Ctrl Pts',(685.406310040305,-4863.56123086463,35.2000379847404));
#4461=CARTESIAN_POINT('Ctrl Pts',(685.563623910464,-4863.74684963056,35.2000379906597));
#4462=CARTESIAN_POINT('Ctrl Pts',(685.647992523295,-4863.89364390667,35.2000379934916));
#4463=CARTESIAN_POINT('Ctrl Pts',(685.81634735659,-4864.20134291275,35.2000379990355));
#4464=CARTESIAN_POINT('Ctrl Pts',(685.879256677984,-4864.32609397423,35.2000380010362));
#4465=CARTESIAN_POINT('Ctrl Pts',(686.102493978643,-4864.65142549536,35.2000380089869));
#4466=CARTESIAN_POINT('Ctrl Pts',(686.200253718085,-4864.76369480439,35.2000380126772));
#4467=CARTESIAN_POINT('Ctrl Pts',(686.281782169048,-4864.94497358682,35.2000380151279));
#4468=CARTESIAN_POINT('Ctrl Pts',(686.861059403436,-4865.07870938884,35.2000380409119));
#4469=CARTESIAN_POINT('Ctrl Pts',(686.985328341284,-4865.02735567192,35.2000380470238));
#4470=CARTESIAN_POINT('Ctrl Pts',(687.110992530184,-4864.90955244798,35.200038053682));
#4471=CARTESIAN_POINT('Ctrl Pts',(687.523232082107,-4864.65487613766,35.2000380745684));
#4472=CARTESIAN_POINT('Ctrl Pts',(687.645288473462,-4864.59887077043,35.2000380806118));
#4473=CARTESIAN_POINT('Ctrl Pts',(687.973087938457,-4864.37900589105,35.2000380973458));
#4474=CARTESIAN_POINT('Ctrl Pts',(688.070218291238,-4864.30372433409,35.2000381023778));
#4475=CARTESIAN_POINT('Ctrl Pts',(688.233989599821,-4864.21576768099,35.2000381105795));
#4476=CARTESIAN_POINT('Ctrl Pts',(688.297415125514,-4864.18987903776,35.2000381136966));
#4477=CARTESIAN_POINT('Ctrl Pts',(688.441782757455,-4864.1627111561,35.2000381205613));
#4478=CARTESIAN_POINT('Ctrl Pts',(688.506263239488,-4864.16799832555,35.200038123501));
#4479=CARTESIAN_POINT('Ctrl Pts',(688.628854351399,-4864.19361729749,35.200038128977));
#4480=CARTESIAN_POINT('Ctrl Pts',(688.696047782942,-4864.22338386613,35.2000381318645));
#4481=CARTESIAN_POINT('Ctrl Pts',(688.810268563556,-4864.30176506613,35.2000381365713));
#4482=CARTESIAN_POINT('Ctrl Pts',(688.859312192609,-4864.34956430734,35.2000381384898));
#4483=CARTESIAN_POINT('Ctrl Pts',(688.930861918741,-4864.45354607867,35.2000381410401));
#4484=CARTESIAN_POINT('Ctrl Pts',(688.955504804485,-4864.5080467188,35.200038141783));
#4485=CARTESIAN_POINT('Ctrl Pts',(688.978893864943,-4864.61890453891,35.2000381420592));
#4486=CARTESIAN_POINT('Ctrl Pts',(688.97945681079,-4864.67214631895,35.2000381416991));
#4487=CARTESIAN_POINT('Ctrl Pts',(688.959760690337,-4864.78287894283,35.2000381399863));
#4488=CARTESIAN_POINT('Ctrl Pts',(688.938124129305,-4864.83758361458,35.2000381385903));
#4489=CARTESIAN_POINT('Ctrl Pts',(688.867792085503,-4864.96063863245,35.2000381344495));
#4490=CARTESIAN_POINT('Ctrl Pts',(688.811776794654,-4865.02509380281,35.2000381313949));
#4491=CARTESIAN_POINT('Ctrl Pts',(688.642817947962,-4865.18242980549,35.2000381224505));
#4492=CARTESIAN_POINT('Ctrl Pts',(688.511893780848,-4865.26552330686,35.200038115801));
#4493=CARTESIAN_POINT('Ctrl Pts',(688.236113332508,-4865.42575294395,35.200038101902));
#4494=CARTESIAN_POINT('Ctrl Pts',(688.106238897185,-4865.49078986404,35.200038095432));
#4495=CARTESIAN_POINT('Ctrl Pts',(687.698558614232,-4865.75109575157,35.2000380747154));
#4496=CARTESIAN_POINT('Ctrl Pts',(687.528023671764,-4865.87607176653,35.2000380659328));
#4497=CARTESIAN_POINT('Ctrl Pts',(687.398628952699,-4865.93900269033,35.2000380595002));
#4498=CARTESIAN_POINT('Ctrl Pts',(687.264889524723,-4866.5182830621,35.2000380491222));
#4499=CARTESIAN_POINT('Ctrl Pts',(687.353583890079,-4866.63155360881,35.200038052397));
#4500=CARTESIAN_POINT('Ctrl Pts',(687.452080901745,-4866.81860703742,35.2000380555895));
#4501=CARTESIAN_POINT('Ctrl Pts',(687.704402914783,-4867.23124307242,35.2000380642503));
#4502=CARTESIAN_POINT('Ctrl Pts',(687.79262089369,-4867.34663179859,35.2000380674878));
#4503=CARTESIAN_POINT('Ctrl Pts',(687.970230673955,-4867.61151525206,35.2000380737696));
#4504=CARTESIAN_POINT('Ctrl Pts',(688.051488832701,-4867.74361416095,35.2000380765645));
#4505=CARTESIAN_POINT('Ctrl Pts',(688.134385330633,-4867.95913427222,35.20003807883));
#4506=CARTESIAN_POINT('Ctrl Pts',(688.15647781336,-4868.0416364639,35.2000380792519));
#4507=CARTESIAN_POINT('Ctrl Pts',(688.165745995654,-4868.18308928535,35.2000380786541));
#4508=CARTESIAN_POINT('Ctrl Pts',(688.161210540012,-4868.24174912783,35.2000380780192));
#4509=CARTESIAN_POINT('Ctrl Pts',(688.130368107536,-4868.34991492352,35.2000380758102));
#4510=CARTESIAN_POINT('Ctrl Pts',(688.106522641411,-4868.39752187616,35.2000380743636));
#4511=CARTESIAN_POINT('Ctrl Pts',(688.036906366379,-4868.48690435705,35.2000380705001));
#4512=CARTESIAN_POINT('Ctrl Pts',(687.990869826347,-4868.52508415964,35.200038068097));
#4513=CARTESIAN_POINT('Ctrl Pts',(687.880988506593,-4868.58717165725,35.2000380625719));
#4514=CARTESIAN_POINT('Ctrl Pts',(687.815962316357,-4868.60863133658,35.200038059413));
#4515=CARTESIAN_POINT('Ctrl Pts',(687.678947027108,-4868.62900869554,35.2000380529371));
#4516=CARTESIAN_POINT('Ctrl Pts',(687.605503486611,-4868.62630628528,35.2000380495647));
#4517=CARTESIAN_POINT('Ctrl Pts',(687.484083192615,-4868.59559108915,35.2000380441797));
#4518=CARTESIAN_POINT('Ctrl Pts',(687.423804892329,-4868.57207501469,35.2000380415663));
#4519=CARTESIAN_POINT('Ctrl Pts',(687.305943021791,-4868.48436142243,35.2000380367589));
#4520=CARTESIAN_POINT('Ctrl Pts',(687.26027888926,-4868.43328308722,35.2000380350204));
#4521=CARTESIAN_POINT('Ctrl Pts',(687.151624823304,-4868.28242011253,35.2000380310963));
#4522=CARTESIAN_POINT('Ctrl Pts',(687.097317569128,-4868.17216876619,35.2000380293878));
#4523=CARTESIAN_POINT('Ctrl Pts',(686.899072113691,-4867.8308780582,35.200038022707));
#4524=CARTESIAN_POINT('Ctrl Pts',(686.813920089922,-4867.72701715023,35.2000380195275));
#4525=CARTESIAN_POINT('Ctrl Pts',(686.555086074295,-4867.31744211835,35.2000380105438));
#4526=CARTESIAN_POINT('Ctrl Pts',(686.493770245597,-4867.15647974008,35.2000380088793));
#4527=CARTESIAN_POINT('Ctrl Pts',(686.404598434659,-4867.05584847413,35.2000380054907));
#4528=CARTESIAN_POINT('Ctrl Pts',(685.82532933895,-4866.92212628386,35.2000379797069));
#4529=CARTESIAN_POINT('Ctrl Pts',(685.712050951148,-4867.01080525692,35.200037973832));
#4530=CARTESIAN_POINT('Ctrl Pts',(685.525008254548,-4867.10931870202,35.2000379644789));
#4531=CARTESIAN_POINT('Ctrl Pts',(685.112375302199,-4867.36165393467,35.2000379435913));
#4532=CARTESIAN_POINT('Ctrl Pts',(684.996982533447,-4867.44986342211,35.2000379376221));
#4533=CARTESIAN_POINT('Ctrl Pts',(684.732091294733,-4867.62746365489,35.2000379241));
#4534=CARTESIAN_POINT('Ctrl Pts',(684.59997967817,-4867.70872228202,35.2000379174091));
#4535=CARTESIAN_POINT('Ctrl Pts',(684.384452861628,-4867.79161627595,35.2000379068537));
#4536=CARTESIAN_POINT('Ctrl Pts',(684.301948544763,-4867.81370825754,35.200037902883));
#4537=CARTESIAN_POINT('Ctrl Pts',(684.160494477514,-4867.82297484936,35.2000378962828));
#4538=CARTESIAN_POINT('Ctrl Pts',(684.101835039908,-4867.81843891817,35.2000378936064));
#4539=CARTESIAN_POINT('Ctrl Pts',(683.993670103485,-4867.78759568524,35.2000378888345));
#4540=CARTESIAN_POINT('Ctrl Pts',(683.946063691934,-4867.76374992231,35.2000378868088));
#4541=CARTESIAN_POINT('Ctrl Pts',(683.85668200854,-4867.69413289739,35.2000378831856));
#4542=CARTESIAN_POINT('Ctrl Pts',(683.818502589478,-4867.64809581254,35.2000378817561));
#4543=CARTESIAN_POINT('Ctrl Pts',(683.75641585201,-4867.53821344012,35.2000378796856));
#4544=CARTESIAN_POINT('Ctrl Pts',(683.734956543275,-4867.47318647605,35.2000378791661));
#4545=CARTESIAN_POINT('Ctrl Pts',(683.714580909838,-4867.33617261886,35.2000378792188));
#4546=CARTESIAN_POINT('Ctrl Pts',(683.717283739961,-4867.26273125074,35.2000378798762));
#4547=CARTESIAN_POINT('Ctrl Pts',(683.747999054842,-4867.1413157059,35.2000378821754));
#4548=CARTESIAN_POINT('Ctrl Pts',(683.771514700253,-4867.0810404362,35.2000378836986));
#4549=CARTESIAN_POINT('Ctrl Pts',(683.859224440627,-4866.96318764659,35.2000378886043));
#4550=CARTESIAN_POINT('Ctrl Pts',(683.910299481387,-4866.91752798382,35.2000378912943));
#4551=CARTESIAN_POINT('Ctrl Pts',(684.061153935968,-4866.8088855616,35.2000378990495));
#4552=CARTESIAN_POINT('Ctrl Pts',(684.171399527268,-4866.75458621011,35.200037904535));
#4553=CARTESIAN_POINT('Ctrl Pts',(684.512708998733,-4866.55635082612,35.2000379217362));
#4554=CARTESIAN_POINT('Ctrl Pts',(684.616547006888,-4866.47120269065,35.2000379271495));
#4555=CARTESIAN_POINT('Ctrl Pts',(685.026178265514,-4866.21228693579,35.2000379479462));
#4556=CARTESIAN_POINT('Ctrl Pts',(685.187120518786,-4866.15097385083,35.2000379558241));
#4557=CARTESIAN_POINT('Ctrl Pts',(685.28775250045,-4866.06180658731,35.2000379611185));
#4558=CARTESIAN_POINT('Origin',(687.64202111326,-4844.25389304819,55.6733257044937));
#4559=CARTESIAN_POINT('',(696.417854720883,-4857.65268608747,62.2000355500655));
#4560=CARTESIAN_POINT('Origin',(686.792949726172,-4844.78445131641,55.6764977986654));
#4561=CARTESIAN_POINT('',(695.568641761209,-4858.18333336162,62.2000355500655));
#4562=CARTESIAN_POINT('Origin',(700.18675755434,-4874.18015676656,62.2000355500655));
#4563=CARTESIAN_POINT('Origin',(672.959257533863,-4863.99988299218,34.2000355500655));
#4564=CARTESIAN_POINT('Origin',(671.199553101038,-4842.70906209014,36.7000326890426));
#4565=CARTESIAN_POINT('Origin',(674.393662011069,-4867.24467419646,38.2000355500655));
#4566=CARTESIAN_POINT('Ctrl Pts',(675.44971548442,-4866.17206754053,38.2000355500655));
#4567=CARTESIAN_POINT('Ctrl Pts',(675.43009359376,-4866.19755563285,38.2000355500655));
#4568=CARTESIAN_POINT('Ctrl Pts',(675.404093653203,-4866.21923463088,38.2000355500655));
#4569=CARTESIAN_POINT('Ctrl Pts',(675.345673741593,-4866.25763117143,38.2000355500655));
#4570=CARTESIAN_POINT('Ctrl Pts',(675.313499487812,-4866.27471334778,38.2000355500655));
#4571=CARTESIAN_POINT('Ctrl Pts',(675.219559319836,-4866.32098271359,38.2000355500655));
#4572=CARTESIAN_POINT('Ctrl Pts',(675.149931542789,-4866.3515510714,38.2000355500655));
#4573=CARTESIAN_POINT('Ctrl Pts',(674.92512324206,-4866.47110265474,38.2000355500655));
#4574=CARTESIAN_POINT('Ctrl Pts',(674.840481347733,-4866.544019248,38.2000355500655));
#4575=CARTESIAN_POINT('Ctrl Pts',(674.593258313072,-4866.73142214257,38.2000355500655));
#4576=CARTESIAN_POINT('Ctrl Pts',(674.520983795753,-4866.77219387785,38.2000355500655));
#4577=CARTESIAN_POINT('Ctrl Pts',(674.281418076669,-4866.87968538883,38.2000355500655));
#4578=CARTESIAN_POINT('Ctrl Pts',(674.191941376253,-4866.91669961006,38.2000355500655));
#4579=CARTESIAN_POINT('Ctrl Pts',(674.06311495788,-4867.00097667993,38.2000355500655));
#4580=CARTESIAN_POINT('Ctrl Pts',(674.018217251855,-4867.0391877781,38.2000355500655));
#4581=CARTESIAN_POINT('Ctrl Pts',(673.936511192108,-4867.14399411992,38.2000355500655));
#4582=CARTESIAN_POINT('Ctrl Pts',(673.915420033402,-4867.19946072004,38.2000355500655));
#4583=CARTESIAN_POINT('Ctrl Pts',(673.889365568513,-4867.29462925364,38.2000355500655));
#4584=CARTESIAN_POINT('Ctrl Pts',(673.884807807899,-4867.35202764049,38.2000355500655));
#4585=CARTESIAN_POINT('Ctrl Pts',(673.896313557751,-4867.45199726531,38.2000355500655));
#4586=CARTESIAN_POINT('Ctrl Pts',(673.908397542627,-4867.49578262028,38.2000355500655));
#4587=CARTESIAN_POINT('Ctrl Pts',(673.945611786385,-4867.56931166395,38.2000355500655));
#4588=CARTESIAN_POINT('Ctrl Pts',(673.968471613027,-4867.59981409395,38.2000355500655));
#4589=CARTESIAN_POINT('Ctrl Pts',(674.023383055504,-4867.64684382803,38.2000355500655));
#4590=CARTESIAN_POINT('Ctrl Pts',(674.052960390503,-4867.66334591969,38.2000355500655));
#4591=CARTESIAN_POINT('Ctrl Pts',(674.121700633268,-4867.68635823214,38.2000355500655));
#4592=CARTESIAN_POINT('Ctrl Pts',(674.159808648837,-4867.69092989403,38.2000355500655));
#4593=CARTESIAN_POINT('Ctrl Pts',(674.254981488834,-4867.68906379657,38.2000355500655));
#4594=CARTESIAN_POINT('Ctrl Pts',(674.312686097387,-4867.67615282453,38.2000355500655));
#4595=CARTESIAN_POINT('Ctrl Pts',(674.469512005259,-4867.62398808279,38.2000355500655));
#4596=CARTESIAN_POINT('Ctrl Pts',(674.572801904929,-4867.56681085644,38.2000355500655));
#4597=CARTESIAN_POINT('Ctrl Pts',(674.829144858127,-4867.40620310545,38.2000355500655));
#4598=CARTESIAN_POINT('Ctrl Pts',(674.93511770652,-4867.3152164408,38.2000355500655));
#4599=CARTESIAN_POINT('Ctrl Pts',(675.396162920101,-4867.02958690506,38.2000355500655));
#4600=CARTESIAN_POINT('Ctrl Pts',(675.674562106601,-4866.86590184763,38.2000355500655));
#4601=CARTESIAN_POINT('Ctrl Pts',(675.820653817679,-4866.76569715376,38.2000355500655));
#4602=CARTESIAN_POINT('Origin',(671.501463501429,-4884.70797596105,36.7000326890426));
#4603=CARTESIAN_POINT('Origin',(684.398501590333,-4867.21558649403,38.2000355500655));
#4604=CARTESIAN_POINT('Ctrl Pts',(685.454555548482,-4866.14298230759,38.2000355500655));
#4605=CARTESIAN_POINT('Ctrl Pts',(685.43492192044,-4866.16848966677,38.2000355500655));
#4606=CARTESIAN_POINT('Ctrl Pts',(685.408900601979,-4866.19018175304,38.2000355500655));
#4607=CARTESIAN_POINT('Ctrl Pts',(685.350432010931,-4866.22859848372,38.2000355500655));
#4608=CARTESIAN_POINT('Ctrl Pts',(685.31823056913,-4866.24568865615,38.2000355500655));
#4609=CARTESIAN_POINT('Ctrl Pts',(685.22422769925,-4866.29197651778,38.2000355500655));
#4610=CARTESIAN_POINT('Ctrl Pts',(685.154535285782,-4866.32257269898,38.2000355500655));
#4611=CARTESIAN_POINT('Ctrl Pts',(684.929619147735,-4866.44222257729,38.2000355500655));
#4612=CARTESIAN_POINT('Ctrl Pts',(684.844915274308,-4866.51525751023,38.2000355500655));
#4613=CARTESIAN_POINT('Ctrl Pts',(684.597847285364,-4866.70250078477,38.2000355500655));
#4614=CARTESIAN_POINT('Ctrl Pts',(684.525431322714,-4866.74329327003,38.2000355500655));
#4615=CARTESIAN_POINT('Ctrl Pts',(684.286260180814,-4866.85060991106,38.2000355500655));
#4616=CARTESIAN_POINT('Ctrl Pts',(684.196783449899,-4866.88762369186,38.2000355500655));
#4617=CARTESIAN_POINT('Ctrl Pts',(684.067956691319,-4866.97190039587,38.2000355500655));
#4618=CARTESIAN_POINT('Ctrl Pts',(684.023059069686,-4867.01011117312,38.2000355500655));
#4619=CARTESIAN_POINT('Ctrl Pts',(683.941352266186,-4867.11491782405,38.2000355500655));
#4620=CARTESIAN_POINT('Ctrl Pts',(683.920261061879,-4867.17038493179,38.2000355500655));
#4621=CARTESIAN_POINT('Ctrl Pts',(683.894206740081,-4867.26555221734,38.2000355500655));
#4622=CARTESIAN_POINT('Ctrl Pts',(683.889648736256,-4867.32294998722,38.2000355500655));
#4623=CARTESIAN_POINT('Ctrl Pts',(683.901153704486,-4867.42291703055,38.2000355500655));
#4624=CARTESIAN_POINT('Ctrl Pts',(683.913236766248,-4867.46670062995,38.2000355500655));
#4625=CARTESIAN_POINT('Ctrl Pts',(683.950448267948,-4867.54022586339,38.2000355500655));
#4626=CARTESIAN_POINT('Ctrl Pts',(683.97330614308,-4867.57072649032,38.2000355500655));
#4627=CARTESIAN_POINT('Ctrl Pts',(684.028212794631,-4867.61775303479,38.2000355500655));
#4628=CARTESIAN_POINT('Ctrl Pts',(684.057787307936,-4867.63425394095,38.2000355500655));
#4629=CARTESIAN_POINT('Ctrl Pts',(684.126520430902,-4867.65726427251,38.2000355500655));
#4630=CARTESIAN_POINT('Ctrl Pts',(684.164624034748,-4867.66183559207,38.2000355500655));
#4631=CARTESIAN_POINT('Ctrl Pts',(684.259785349202,-4867.65996991247,38.2000355500655));
#4632=CARTESIAN_POINT('Ctrl Pts',(684.317482565234,-4867.64706062621,38.2000355500655));
#4633=CARTESIAN_POINT('Ctrl Pts',(684.474288850726,-4867.59490213844,38.2000355500655));
#4634=CARTESIAN_POINT('Ctrl Pts',(684.577565617586,-4867.53773144976,38.2000355500655));
#4635=CARTESIAN_POINT('Ctrl Pts',(684.833936547894,-4867.37710300463,38.2000355500655));
#4636=CARTESIAN_POINT('Ctrl Pts',(684.939912575322,-4867.28609642438,38.2000355500655));
#4637=CARTESIAN_POINT('Ctrl Pts',(685.400995619127,-4867.00047955508,38.2000355500655));
#4638=CARTESIAN_POINT('Ctrl Pts',(685.679471877083,-4866.83678201294,38.2000355500655));
#4639=CARTESIAN_POINT('Ctrl Pts',(685.825496680777,-4866.7366102434,38.2000355500655));
#4640=CARTESIAN_POINT('Origin',(693.606722231151,-4877.62448961597,38.2000355500655));
#4641=CARTESIAN_POINT('Ctrl Pts',(694.6793332452,-4878.68051861785,38.2000355500655));
#4642=CARTESIAN_POINT('Ctrl Pts',(694.596750093428,-4878.46103890732,38.2000355500655));
#4643=CARTESIAN_POINT('Ctrl Pts',(694.483441668988,-4878.36735254856,38.2000355500655));
#4644=CARTESIAN_POINT('Ctrl Pts',(694.234681079836,-4878.01432414758,38.2000355500655));
#4645=CARTESIAN_POINT('Ctrl Pts',(694.163057292265,-4877.84548682772,38.2000355500655));
#4646=CARTESIAN_POINT('Ctrl Pts',(693.999101344008,-4877.53419842723,38.2000355500655));
#4647=CARTESIAN_POINT('Ctrl Pts',(693.928512377082,-4877.4130711876,38.2000355500655));
#4648=CARTESIAN_POINT('Ctrl Pts',(693.800071880328,-4877.2638321777,38.2000355500655));
#4649=CARTESIAN_POINT('Ctrl Pts',(693.74874355596,-4877.21527664695,38.2000355500655));
#4650=CARTESIAN_POINT('Ctrl Pts',(693.651015055084,-4877.15463782036,38.2000355500655));
#4651=CARTESIAN_POINT('Ctrl Pts',(693.608182839873,-4877.13586137409,38.2000355500655));
#4652=CARTESIAN_POINT('Ctrl Pts',(693.522460165331,-4877.11765591229,38.2000355500655));
#4653=CARTESIAN_POINT('Ctrl Pts',(693.48175355527,-4877.11654835297,38.2000355500655));
#4654=CARTESIAN_POINT('Ctrl Pts',(693.399034761323,-4877.13091169692,38.2000355500655));
#4655=CARTESIAN_POINT('Ctrl Pts',(693.35890301861,-4877.14692564176,38.2000355500655));
#4656=CARTESIAN_POINT('Ctrl Pts',(693.284334095728,-4877.19448972289,38.2000355500655));
#4657=CARTESIAN_POINT('Ctrl Pts',(693.250952914276,-4877.22654873343,38.2000355500655));
#4658=CARTESIAN_POINT('Ctrl Pts',(693.196265790783,-4877.30318614813,38.2000355500655));
#4659=CARTESIAN_POINT('Ctrl Pts',(693.176281819562,-4877.34781070666,38.2000355500655));
#4660=CARTESIAN_POINT('Ctrl Pts',(693.154465208508,-4877.44413669987,38.2000355500655));
#4661=CARTESIAN_POINT('Ctrl Pts',(693.153554250911,-4877.49388831409,38.2000355500655));
#4662=CARTESIAN_POINT('Ctrl Pts',(693.170643654668,-4877.60384895841,38.2000355500655));
#4663=CARTESIAN_POINT('Ctrl Pts',(693.192302152431,-4877.66125630439,38.2000355500655));
#4664=CARTESIAN_POINT('Ctrl Pts',(693.267546486527,-4877.80696608279,38.2000355500655));
#4665=CARTESIAN_POINT('Ctrl Pts',(693.334614773366,-4877.89300492064,38.2000355500655));
#4666=CARTESIAN_POINT('Ctrl Pts',(693.480578691547,-4878.07727289924,38.2000355500655));
#4667=CARTESIAN_POINT('Ctrl Pts',(693.542924872466,-4878.15396915861,38.2000355500655));
#4668=CARTESIAN_POINT('Ctrl Pts',(693.680233064558,-4878.39705008188,38.2000355500655));
#4669=CARTESIAN_POINT('Ctrl Pts',(693.7195529742,-4878.50008702397,38.2000355500655));
#4670=CARTESIAN_POINT('Ctrl Pts',(693.875413835409,-4878.73252788952,38.2000355500655));
#4671=CARTESIAN_POINT('Ctrl Pts',(693.928496339027,-4878.80012749642,38.2000355500655));
#4672=CARTESIAN_POINT('Ctrl Pts',(694.000183029049,-4878.89545698365,38.2000355500655));
#4673=CARTESIAN_POINT('Ctrl Pts',(694.026071531616,-4878.93075170302,38.2000355500655));
#4674=CARTESIAN_POINT('Ctrl Pts',(694.066869759512,-4878.99601310696,38.2000355500655));
#4675=CARTESIAN_POINT('Ctrl Pts',(694.081391080772,-4879.0259757527,38.2000355500655));
#4676=CARTESIAN_POINT('Ctrl Pts',(694.085694573198,-4879.05148531592,38.2000355500655));
#4677=CARTESIAN_POINT('Origin',(696.766589517834,-4878.35399833383,38.2000355500655));
#4678=CARTESIAN_POINT('Origin',(-1224.02653585116,-1806.17098117802,38.2000355500655));
#4679=CARTESIAN_POINT('',(696.319968178101,-4878.22036982565,38.2000355500655));
#4680=CARTESIAN_POINT('Origin',(696.000328152155,-4878.289954653,36.0938799426301));
#4681=CARTESIAN_POINT('Origin',(-1218.78599943416,-1814.59591346309,-151.216632154112));
#4682=CARTESIAN_POINT('Origin',(695.457256829184,-4880.60448189212,38.2000355500655));
#4683=CARTESIAN_POINT('',(695.314463126075,-4881.01792347905,38.2000355500655));
#4684=CARTESIAN_POINT('',(695.932404204999,-4880.68589568634,38.2000355500655));
#4685=CARTESIAN_POINT('Origin',(696.163392642579,-4880.91987815561,36.8282651045597));
#4686=CARTESIAN_POINT('Origin',(695.399053973457,-4881.28927967598,36.8250223669206));
#4687=CARTESIAN_POINT('Origin',(692.877210016491,-4880.78435594898,38.2000355500655));
#4688=CARTESIAN_POINT('Ctrl Pts',(692.486316826037,-4881.16974654989,38.2000355500655));
#4689=CARTESIAN_POINT('Ctrl Pts',(692.504979234057,-4881.18424570881,38.2000355500655));
#4690=CARTESIAN_POINT('Ctrl Pts',(692.527515006548,-4881.19937940113,38.2000355500652));
#4691=CARTESIAN_POINT('Ctrl Pts',(692.578571571093,-4881.22213538363,38.2000355500652));
#4692=CARTESIAN_POINT('Ctrl Pts',(692.60216635919,-4881.22991351195,38.2000355500654));
#4693=CARTESIAN_POINT('Ctrl Pts',(692.648170720887,-4881.24071045409,38.2000355500654));
#4694=CARTESIAN_POINT('Ctrl Pts',(692.683943907354,-4881.24667870257,38.2000355500666));
#4695=CARTESIAN_POINT('Ctrl Pts',(692.789861793742,-4881.23784569221,38.2000355500666));
#4696=CARTESIAN_POINT('Ctrl Pts',(692.832245982752,-4881.21989910053,38.2000355500655));
#4697=CARTESIAN_POINT('Ctrl Pts',(692.928919797322,-4881.1697938169,38.2000355500655));
#4698=CARTESIAN_POINT('Ctrl Pts',(693.109158193442,-4881.05798636258,38.2000355500655));
#4699=CARTESIAN_POINT('Ctrl Pts',(693.208489754827,-4880.99704066887,38.2000355500655));
#4700=CARTESIAN_POINT('Ctrl Pts',(693.274317643684,-4880.95586326869,38.2000355500655));
#4701=CARTESIAN_POINT('Ctrl Pts',(693.545475539573,-4880.7849600623,38.2000355500655));
#4702=CARTESIAN_POINT('Ctrl Pts',(694.087771302682,-4880.4391551285,38.2000355500655));
#4703=CARTESIAN_POINT('Ctrl Pts',(694.304344026815,-4880.30551754924,38.2000355500655));
#4704=CARTESIAN_POINT('Ctrl Pts',(693.933343923364,-4879.71197697275,38.2000355500655));
#4705=CARTESIAN_POINT('Ctrl Pts',(693.710671234058,-4879.85427593714,38.2000355500655));
#4706=CARTESIAN_POINT('Ctrl Pts',(693.188369977585,-4880.16809856058,38.2000355500656));
#4707=CARTESIAN_POINT('Ctrl Pts',(692.86435948856,-4880.37240691714,38.2000355500656));
#4708=CARTESIAN_POINT('Ctrl Pts',(692.783535346955,-4880.42445670212,38.2000355500655));
#4709=CARTESIAN_POINT('Ctrl Pts',(692.669804414573,-4880.49790706109,38.2000355500655));
#4710=CARTESIAN_POINT('Ctrl Pts',(692.645961185007,-4880.5136628022,38.2000355500655));
#4711=CARTESIAN_POINT('Ctrl Pts',(692.499492746995,-4880.60718462344,38.2000355500655));
#4712=CARTESIAN_POINT('Ctrl Pts',(692.460237371165,-4880.62912843513,38.2000355500655));
#4713=CARTESIAN_POINT('Ctrl Pts',(692.381472419528,-4880.74172251764,38.2000355500655));
#4714=CARTESIAN_POINT('Ctrl Pts',(692.369736864712,-4880.77665667724,38.2000355500655));
#4715=CARTESIAN_POINT('Ctrl Pts',(692.357197349165,-4880.83424442537,38.2000355500655));
#4716=CARTESIAN_POINT('Ctrl Pts',(692.351791853151,-4880.87493212184,38.200035550066));
#4717=CARTESIAN_POINT('Ctrl Pts',(692.350152268173,-4880.92019207404,38.200035550066));
#4718=CARTESIAN_POINT('Ctrl Pts',(692.351847494038,-4880.93806010741,38.2000355500655));
#4719=CARTESIAN_POINT('Ctrl Pts',(692.365555887145,-4880.99030688201,38.2000355500655));
#4720=CARTESIAN_POINT('Ctrl Pts',(692.377108759241,-4881.02142302108,38.2000355500655));
#4721=CARTESIAN_POINT('Ctrl Pts',(692.389951896701,-4881.05292400568,38.2000355500655));
#4722=CARTESIAN_POINT('Origin',(688.691944316468,-4855.60609832467,38.2000355500655));
#4723=CARTESIAN_POINT('Origin',(691.851812079988,-4856.33561340036,38.2000355500655));
#4724=CARTESIAN_POINT('',(691.767224453333,-4856.80117098953,38.2000355500655));
#4725=CARTESIAN_POINT('',(691.396286359975,-4856.20754650995,38.2000355500655));
#4726=CARTESIAN_POINT('Origin',(691.070607330611,-4856.28728084366,36.1972107667403));
#4727=CARTESIAN_POINT('Origin',(691.552795041887,-4857.0589389341,36.1972107667403));
#4728=CARTESIAN_POINT('Origin',(691.122299070599,-4859.49547909758,38.2000355500655));
#4729=CARTESIAN_POINT('Ctrl Pts',(692.147193658328,-4881.15542539771,35.268537519324));
#4730=CARTESIAN_POINT('Ctrl Pts',(692.162254531197,-4881.16323553754,35.2676625514687));
#4731=CARTESIAN_POINT('Ctrl Pts',(692.177415508985,-4881.17125017133,35.2668002793499));
#4732=CARTESIAN_POINT('Ctrl Pts',(692.192692751247,-4881.17949142005,35.2659522531151));
#4733=CARTESIAN_POINT('Ctrl Pts',(692.223520507725,-4881.19648481036,35.2642889629371));
#4734=CARTESIAN_POINT('Ctrl Pts',(692.255042323993,-4881.21462050787,35.2627001213897));
#4735=CARTESIAN_POINT('Ctrl Pts',(692.271014481132,-4881.22400220056,35.2619263680958));
#4736=CARTESIAN_POINT('Ctrl Pts',(692.319723496333,-4881.25319512323,35.2596751637733));
#4737=CARTESIAN_POINT('Ctrl Pts',(692.371798210958,-4881.28538226167,35.257612304472));
#4738=CARTESIAN_POINT('Ctrl Pts',(692.409229101654,-4881.30853720337,35.2563302973304));
#4739=CARTESIAN_POINT('Ctrl Pts',(692.493969950578,-4881.3522899492,35.2534274540711));
#4740=CARTESIAN_POINT('Ctrl Pts',(692.574010236883,-4881.3770742652,35.2494166927617));
#4741=CARTESIAN_POINT('Ctrl Pts',(692.608851522451,-4881.3823254932,35.2470548941211));
#4742=CARTESIAN_POINT('Ctrl Pts',(692.676892367863,-4881.38776964473,35.2420356950668));
#4743=CARTESIAN_POINT('Ctrl Pts',(692.739690049789,-4881.38279114242,35.236436869297));
#4744=CARTESIAN_POINT('Ctrl Pts',(692.769961845501,-4881.37822786423,35.2335209003199));
#4745=CARTESIAN_POINT('Ctrl Pts',(692.857428127292,-4881.35856450312,35.2244396732298));
#4746=CARTESIAN_POINT('Ctrl Pts',(692.936320299249,-4881.32323264539,35.2144812382536));
#4747=CARTESIAN_POINT('Ctrl Pts',(692.985751917281,-4881.29386251619,35.2075168372044));
#4748=CARTESIAN_POINT('Ctrl Pts',(693.083827760013,-4881.23433465346,35.193544363648));
#4749=CARTESIAN_POINT('Ctrl Pts',(693.180969660611,-4881.17415248684,35.1795348619169));
#4750=CARTESIAN_POINT('Ctrl Pts',(693.229463423918,-4881.14420511895,35.1725381473032));
#4751=CARTESIAN_POINT('Ctrl Pts',(693.326275985974,-4881.08453475718,35.1585572147833));
#4752=CARTESIAN_POINT('Ctrl Pts',(693.422768805361,-4881.02533111052,35.144602373554));
#4753=CARTESIAN_POINT('Ctrl Pts',(693.470937487879,-4880.99583847297,35.1376310681588));
#4754=CARTESIAN_POINT('Ctrl Pts',(693.567175789245,-4880.93714511317,35.123704799708));
#4755=CARTESIAN_POINT('Ctrl Pts',(693.663288335899,-4880.87909158045,35.1098143606543));
#4756=CARTESIAN_POINT('Ctrl Pts',(693.711332508022,-4880.85024077937,35.1028789959475));
#4757=CARTESIAN_POINT('Ctrl Pts',(693.855453934894,-4880.76418908075,35.0821009504474));
#4758=CARTESIAN_POINT('Ctrl Pts',(693.999620647475,-4880.67949014141,35.0613987142581));
#4759=CARTESIAN_POINT('Ctrl Pts',(694.095744186795,-4880.62347676487,35.0476226228974));
#4760=CARTESIAN_POINT('Ctrl Pts',(694.192252184348,-4880.56777025736,35.0338637056139));
#4761=CARTESIAN_POINT('Ctrl Pts',(694.289772288078,-4880.51302219616,35.0201593536405));
#4762=CARTESIAN_POINT('Ctrl Pts',(692.150270948106,-4881.15385858667,35.2883146047998));
#4763=CARTESIAN_POINT('Ctrl Pts',(692.165318455819,-4881.16169055454,35.2874397871575));
#4764=CARTESIAN_POINT('Ctrl Pts',(692.180463894757,-4881.16972991219,35.2865776713856));
#4765=CARTESIAN_POINT('Ctrl Pts',(692.195722900436,-4881.1780005807,35.2857299029603));
#4766=CARTESIAN_POINT('Ctrl Pts',(692.226507031032,-4881.19506814214,35.2840676940592));
#4767=CARTESIAN_POINT('Ctrl Pts',(692.257966017468,-4881.21333883516,35.2824834964473));
#4768=CARTESIAN_POINT('Ctrl Pts',(692.273901064774,-4881.22281038373,35.281713518376));
#4769=CARTESIAN_POINT('Ctrl Pts',(692.322473604095,-4881.25238222679,35.2794817728595));
#4770=CARTESIAN_POINT('Ctrl Pts',(692.374371006917,-4881.28541992038,35.2774741338367));
#4771=CARTESIAN_POINT('Ctrl Pts',(692.411652303156,-4881.30957279281,35.2762637951145));
#4772=CARTESIAN_POINT('Ctrl Pts',(692.497356813783,-4881.35571358178,35.2734971919545));
#4773=CARTESIAN_POINT('Ctrl Pts',(692.577376215841,-4881.38107991512,35.2695173954979));
#4774=CARTESIAN_POINT('Ctrl Pts',(692.611608453519,-4881.38590263056,35.2671366006708));
#4775=CARTESIAN_POINT('Ctrl Pts',(692.679277842625,-4881.39114169872,35.2621064334428));
#4776=CARTESIAN_POINT('Ctrl Pts',(692.741990945081,-4881.38608540214,35.256501326599));
#4777=CARTESIAN_POINT('Ctrl Pts',(692.772198280548,-4881.38145940638,35.2535811983876));
#4778=CARTESIAN_POINT('Ctrl Pts',(692.859441663887,-4881.36152159626,35.2444829392618));
#4779=CARTESIAN_POINT('Ctrl Pts',(692.938031668372,-4881.325597966,35.2344902698313));
#4780=CARTESIAN_POINT('Ctrl Pts',(692.987082587399,-4881.29544471798,35.2274814960062));
#4781=CARTESIAN_POINT('Ctrl Pts',(693.084822996736,-4881.23513903966,35.2134645813978));
#4782=CARTESIAN_POINT('Ctrl Pts',(693.181973673661,-4881.17474772362,35.1994426145149));
#4783=CARTESIAN_POINT('Ctrl Pts',(693.230452019608,-4881.14464857825,35.1924370880133));
#4784=CARTESIAN_POINT('Ctrl Pts',(693.327286082629,-4881.08475255511,35.1784429298578));
#4785=CARTESIAN_POINT('Ctrl Pts',(693.423813019944,-4881.02532219819,35.1644749080346));
#4786=CARTESIAN_POINT('Ctrl Pts',(693.471996633196,-4880.9957087058,35.1574966132136));
#4787=CARTESIAN_POINT('Ctrl Pts',(693.568265958245,-4880.93677319339,35.1435563745215));
#4788=CARTESIAN_POINT('Ctrl Pts',(693.664409815549,-4880.87848072218,35.1296522029148));
#4789=CARTESIAN_POINT('Ctrl Pts',(693.712469778074,-4880.84951331986,35.1227101443934));
#4790=CARTESIAN_POINT('Ctrl Pts',(693.856636042391,-4880.76311967016,35.1019124885261));
#4791=CARTESIAN_POINT('Ctrl Pts',(694.000829362136,-4880.67809662552,35.0811917207088));
#4792=CARTESIAN_POINT('Ctrl Pts',(694.096952447761,-4880.62187565348,35.0674037833745));
#4793=CARTESIAN_POINT('Ctrl Pts',(694.193417245783,-4880.56593130517,35.0536312929587));
#4794=CARTESIAN_POINT('Ctrl Pts',(694.290926591017,-4880.51096786825,35.039914664713));
#4795=CARTESIAN_POINT('Ctrl Pts',(692.153595645765,-4881.15237886615,35.3080990793175));
#4796=CARTESIAN_POINT('Ctrl Pts',(692.168643778851,-4881.16022766919,35.3072241347465));
#4797=CARTESIAN_POINT('Ctrl Pts',(692.183789320642,-4881.16828436749,35.3063616953033));
#4798=CARTESIAN_POINT('Ctrl Pts',(692.199047690374,-4881.17657381836,35.3055134163129));
#4799=CARTESIAN_POINT('Ctrl Pts',(692.229828323463,-4881.19368487197,35.3038498668403));
#4800=CARTESIAN_POINT('Ctrl Pts',(692.261274993903,-4881.21203550014,35.3022656017716));
#4801=CARTESIAN_POINT('Ctrl Pts',(692.27720070016,-4881.2215618776,35.3014963427153));
#4802=CARTESIAN_POINT('Ctrl Pts',(692.325728671057,-4881.25138246008,35.2992726232892));
#4803=CARTESIAN_POINT('Ctrl Pts',(692.377519443121,-4881.28508407225,35.2973053644238));
#4804=CARTESIAN_POINT('Ctrl Pts',(692.414635194932,-4881.31011446686,35.2961606513755));
#4805=CARTESIAN_POINT('Ctrl Pts',(692.500294765246,-4881.35826093897,35.2935242001684));
#4806=CARTESIAN_POINT('Ctrl Pts',(692.579755226699,-4881.38410176789,35.2895738236809));
#4807=CARTESIAN_POINT('Ctrl Pts',(692.613491855668,-4881.38861194488,35.2871771511088));
#4808=CARTESIAN_POINT('Ctrl Pts',(692.680965366991,-4881.39388036169,35.2821454736176));
#4809=CARTESIAN_POINT('Ctrl Pts',(692.743743286425,-4881.38891407095,35.2765416799467));
#4810=CARTESIAN_POINT('Ctrl Pts',(692.773924571758,-4881.38427734319,35.2736199200609));
#4811=CARTESIAN_POINT('Ctrl Pts',(692.861063016967,-4881.3642157288,35.2645121712108));
#4812=CARTESIAN_POINT('Ctrl Pts',(692.939440701812,-4881.32780182425,35.2544907874013));
#4813=CARTESIAN_POINT('Ctrl Pts',(692.988120628341,-4881.29685269849,35.2474368040471));
#4814=CARTESIAN_POINT('Ctrl Pts',(693.085619583863,-4881.23589034067,35.2333820762224));
#4815=CARTESIAN_POINT('Ctrl Pts',(693.18285292596,-4881.17538252293,35.2193527375073));
#4816=CARTESIAN_POINT('Ctrl Pts',(693.231326131166,-4881.14513069017,35.2123383233405));
#4817=CARTESIAN_POINT('Ctrl Pts',(693.328213960434,-4881.08503058954,35.1983320974376));
#4818=CARTESIAN_POINT('Ctrl Pts',(693.424793409799,-4881.02537374396,35.184350877025));
#4819=CARTESIAN_POINT('Ctrl Pts',(693.472999476512,-4880.99563723662,35.1773654593713));
#4820=CARTESIAN_POINT('Ctrl Pts',(693.569312763162,-4880.93645298498,35.1634108611616));
#4821=CARTESIAN_POINT('Ctrl Pts',(693.665497949643,-4880.87791264002,35.1494924429097));
#4822=CARTESIAN_POINT('Ctrl Pts',(693.713578304528,-4880.84882414164,35.1425434331639));
#4823=CARTESIAN_POINT('Ctrl Pts',(693.857802138521,-4880.76207511725,35.1217254011139));
#4824=CARTESIAN_POINT('Ctrl Pts',(694.002031935099,-4880.67671596819,35.1009854231623));
#4825=CARTESIAN_POINT('Ctrl Pts',(694.098162772566,-4880.62028352013,35.0871854245545));
#4826=CARTESIAN_POINT('Ctrl Pts',(694.194581164159,-4880.56409258841,35.0733988650678));
#4827=CARTESIAN_POINT('Ctrl Pts',(694.292079898223,-4880.50890767182,35.0596696156484));
#4828=CARTESIAN_POINT('Ctrl Pts',(692.157148673554,-4881.15108249375,35.3278981645898));
#4829=CARTESIAN_POINT('Ctrl Pts',(692.172210112785,-4881.15895247277,35.3270236269824));
#4830=CARTESIAN_POINT('Ctrl Pts',(692.187370039437,-4881.16702948043,35.3261612912174));
#4831=CARTESIAN_POINT('Ctrl Pts',(692.202644032236,-4881.17533834115,35.3253127247741));
#4832=CARTESIAN_POINT('Ctrl Pts',(692.233459026483,-4881.19248588466,35.3236474628951));
#4833=CARTESIAN_POINT('Ctrl Pts',(692.264944257703,-4881.21087986454,35.3220598491878));
#4834=CARTESIAN_POINT('Ctrl Pts',(692.280889383981,-4881.22043224538,35.3212886447634));
#4835=CARTESIAN_POINT('Ctrl Pts',(692.329475625694,-4881.25036848901,35.3190605220054));
#4836=CARTESIAN_POINT('Ctrl Pts',(692.381235125477,-4881.2844476834,35.3171107609947));
#4837=CARTESIAN_POINT('Ctrl Pts',(692.418260702234,-4881.31021164546,35.3160229256063));
#4838=CARTESIAN_POINT('Ctrl Pts',(692.501374520728,-4881.35896416227,35.3134764303586));
#4839=CARTESIAN_POINT('Ctrl Pts',(692.579916973111,-4881.38530975529,35.3095563401893));
#4840=CARTESIAN_POINT('Ctrl Pts',(692.614077439178,-4881.39022539048,35.3071679493715));
#4841=CARTESIAN_POINT('Ctrl Pts',(692.681849435713,-4881.39598163918,35.3021522506552));
#4842=CARTESIAN_POINT('Ctrl Pts',(692.744858657985,-4881.39125310031,35.2965564481237));
#4843=CARTESIAN_POINT('Ctrl Pts',(692.775063252709,-4881.38666079024,35.2936357283278));
#4844=CARTESIAN_POINT('Ctrl Pts',(692.862244712894,-4881.36663011785,35.2845263598572));
#4845=CARTESIAN_POINT('Ctrl Pts',(692.940529622394,-4881.32985340733,35.2744832788844));
#4846=CARTESIAN_POINT('Ctrl Pts',(692.98885192624,-4881.29810116932,35.2673835775348));
#4847=CARTESIAN_POINT('Ctrl Pts',(693.086230581869,-4881.23664157024,35.2532998107827));
#4848=CARTESIAN_POINT('Ctrl Pts',(693.183621440574,-4881.1761043716,35.2392678822429));
#4849=CARTESIAN_POINT('Ctrl Pts',(693.232094392927,-4881.14568619311,35.2322437948243));
#4850=CARTESIAN_POINT('Ctrl Pts',(693.329066542473,-4881.08539550647,35.21822620618));
#4851=CARTESIAN_POINT('Ctrl Pts',(693.425714948416,-4881.02550528779,35.2042313718241));
#4852=CARTESIAN_POINT('Ctrl Pts',(693.473950461721,-4880.99564109054,35.1972385571405));
#4853=CARTESIAN_POINT('Ctrl Pts',(693.570319726226,-4880.93619709361,35.1832689628047));
#4854=CARTESIAN_POINT('Ctrl Pts',(693.666555734577,-4880.87739679224,35.1693356076258));
#4855=CARTESIAN_POINT('Ctrl Pts',(693.714660867756,-4880.84818130789,35.1623793111308));
#4856=CARTESIAN_POINT('Ctrl Pts',(693.858954509728,-4880.76105976104,35.1415399285363));
#4857=CARTESIAN_POINT('Ctrl Pts',(694.003230654846,-4880.67535004896,35.120779924162));
#4858=CARTESIAN_POINT('Ctrl Pts',(694.099379380214,-4880.61870215554,35.1069676455854));
#4859=CARTESIAN_POINT('Ctrl Pts',(694.195746793431,-4880.56225470656,35.0931664536271));
#4860=CARTESIAN_POINT('Ctrl Pts',(694.293234686033,-4880.5068417148,35.0794242106491));
#4861=CARTESIAN_POINT('Ctrl Pts',(692.164574951713,-4881.14904558597,35.3675398806666));
#4862=CARTESIAN_POINT('Ctrl Pts',(692.17966866491,-4881.15699350946,35.3666698182671));
#4863=CARTESIAN_POINT('Ctrl Pts',(692.194861379829,-4881.16515014901,35.3658118415212));
#4864=CARTESIAN_POINT('Ctrl Pts',(692.210167800035,-4881.17354014787,35.364967369251));
#4865=CARTESIAN_POINT('Ctrl Pts',(692.241045144376,-4881.19085149988,35.3633090441238));
#4866=CARTESIAN_POINT('Ctrl Pts',(692.27256043068,-4881.20941651609,35.3617250245154));
#4867=CARTESIAN_POINT('Ctrl Pts',(692.288505129753,-4881.21905700812,35.3609545936001));
#4868=CARTESIAN_POINT('Ctrl Pts',(692.337006388926,-4881.24927991618,35.3587259950464));
#4869=CARTESIAN_POINT('Ctrl Pts',(692.388029202187,-4881.28381532792,35.3567902081284));
#4870=CARTESIAN_POINT('Ctrl Pts',(692.423624666888,-4881.31035626634,35.3557772616097));
#4871=CARTESIAN_POINT('Ctrl Pts',(692.501222427379,-4881.35867433263,35.3532891071182));
#4872=CARTESIAN_POINT('Ctrl Pts',(692.578173458783,-4881.38575320398,35.3494061925208));
#4873=CARTESIAN_POINT('Ctrl Pts',(692.613521128649,-4881.39209493112,35.3470716125569));
#4874=CARTESIAN_POINT('Ctrl Pts',(692.682190819489,-4881.39918159571,35.3421086445258));
#4875=CARTESIAN_POINT('Ctrl Pts',(692.745731978961,-4881.39500870283,35.3365350063181));
#4876=CARTESIAN_POINT('Ctrl Pts',(692.776097166139,-4881.39059384019,35.3336214771988));
#4877=CARTESIAN_POINT('Ctrl Pts',(692.863667070075,-4881.37085344443,35.3245218663927));
#4878=CARTESIAN_POINT('Ctrl Pts',(692.942012259036,-4881.33362544439,35.3144504273839));
#4879=CARTESIAN_POINT('Ctrl Pts',(692.989724170906,-4881.30039837223,35.3072666671026));
#4880=CARTESIAN_POINT('Ctrl Pts',(693.087178048583,-4881.23837742114,35.2931487705491));
#4881=CARTESIAN_POINT('Ctrl Pts',(693.18496552398,-4881.17781526753,35.2791134052219));
#4882=CARTESIAN_POINT('Ctrl Pts',(693.233446710698,-4881.14703051822,35.272068036051));
#4883=CARTESIAN_POINT('Ctrl Pts',(693.330640312018,-4881.08636058195,35.2580277335822));
#4884=CARTESIAN_POINT('Ctrl Pts',(693.427451642842,-4881.02596878338,35.2440036664992));
#4885=CARTESIAN_POINT('Ctrl Pts',(693.475759620334,-4880.99583590393,35.236995287828));
#4886=CARTESIAN_POINT('Ctrl Pts',(693.572262284715,-4880.93584037896,35.2229938682819));
#4887=CARTESIAN_POINT('Ctrl Pts',(693.668617554286,-4880.87648918078,35.2090288776226));
#4888=CARTESIAN_POINT('Ctrl Pts',(693.716780383435,-4880.84700485093,35.2020571635869));
#4889=CARTESIAN_POINT('Ctrl Pts',(693.861236629754,-4880.75909564477,35.1811726659109));
#4890=CARTESIAN_POINT('Ctrl Pts',(694.005624854983,-4880.67265024709,35.1603706598519));
#4891=CARTESIAN_POINT('Ctrl Pts',(694.101835683917,-4880.61556412436,35.1465334221658));
#4892=CARTESIAN_POINT('Ctrl Pts',(694.198088086561,-4880.55858091253,35.1327016759665));
#4893=CARTESIAN_POINT('Ctrl Pts',(694.295552844301,-4880.50269762306,35.1189326476109));
#4894=CARTESIAN_POINT('Ctrl Pts',(692.172404217737,-4881.14816604761,35.4072657100626));
#4895=CARTESIAN_POINT('Ctrl Pts',(692.187519404052,-4881.1562636211,35.4064068486361));
#4896=CARTESIAN_POINT('Ctrl Pts',(692.202728180924,-4881.16457888285,35.4055609837023));
#4897=CARTESIAN_POINT('Ctrl Pts',(692.218042235804,-4881.17313659792,35.4047295512394));
#4898=CARTESIAN_POINT('Ctrl Pts',(692.248909223964,-4881.19080132452,35.403099061121));
#4899=CARTESIAN_POINT('Ctrl Pts',(692.280316324807,-4881.20973303649,35.4015430821108));
#4900=CARTESIAN_POINT('Ctrl Pts',(692.296171118455,-4881.21955446753,35.4007859618472));
#4901=CARTESIAN_POINT('Ctrl Pts',(692.344231069644,-4881.25027662874,35.398589189033));
#4902=CARTESIAN_POINT('Ctrl Pts',(692.393976594154,-4881.28490405851,35.3966375755304));
#4903=CARTESIAN_POINT('Ctrl Pts',(692.427867517328,-4881.3108237793,35.395550727679));
#4904=CARTESIAN_POINT('Ctrl Pts',(692.500729446159,-4881.35683163266,35.392922710853));
#4905=CARTESIAN_POINT('Ctrl Pts',(692.575473688762,-4881.38412967097,35.3890805868777));
#4906=CARTESIAN_POINT('Ctrl Pts',(692.611316357362,-4881.39184554312,35.3868237681863));
#4907=CARTESIAN_POINT('Ctrl Pts',(692.680436501066,-4881.40049540946,35.3819494484439));
#4908=CARTESIAN_POINT('Ctrl Pts',(692.744420392374,-4881.39711093364,35.3764181560929));
#4909=CARTESIAN_POINT('Ctrl Pts',(692.77503415167,-4881.39298788873,35.3735198030907));
#4910=CARTESIAN_POINT('Ctrl Pts',(692.863308092864,-4881.37390022673,35.3644528935675));
#4911=CARTESIAN_POINT('Ctrl Pts',(692.942090993402,-4881.33668680546,35.3543788118069));
#4912=CARTESIAN_POINT('Ctrl Pts',(692.989726051667,-4881.30287465078,35.3471608481145));
#4913=CARTESIAN_POINT('Ctrl Pts',(693.087722219847,-4881.24088755466,35.3330417681175));
#4914=CARTESIAN_POINT('Ctrl Pts',(693.185930670314,-4881.18011896525,35.3189926300987));
#4915=CARTESIAN_POINT('Ctrl Pts',(693.234493769507,-4881.148998042,35.3119275682466));
#4916=CARTESIAN_POINT('Ctrl Pts',(693.331984128029,-4881.08789232392,35.2978612265382));
#4917=CARTESIAN_POINT('Ctrl Pts',(693.4290008949,-4881.02690722508,35.2838026910464));
#4918=CARTESIAN_POINT('Ctrl Pts',(693.477406198072,-4880.99647130116,35.2767767778861));
#4919=CARTESIAN_POINT('Ctrl Pts',(693.574080413603,-4880.93584393583,35.2627389641615));
#4920=CARTESIAN_POINT('Ctrl Pts',(693.670587240925,-4880.87586766113,35.248738133972));
#4921=CARTESIAN_POINT('Ctrl Pts',(693.718822153892,-4880.84607797005,35.2417489364609));
#4922=CARTESIAN_POINT('Ctrl Pts',(693.863483153726,-4880.75727882759,35.2208135436962));
#4923=CARTESIAN_POINT('Ctrl Pts',(694.008019763072,-4880.67001533715,35.199964892637));
#4924=CARTESIAN_POINT('Ctrl Pts',(694.104365238918,-4880.61247959454,35.1861020934202));
#4925=CARTESIAN_POINT('Ctrl Pts',(694.200464625055,-4880.55490756203,35.1722367799483));
#4926=CARTESIAN_POINT('Ctrl Pts',(694.297902258872,-4880.49852527751,35.1584393492959));
#4927=CARTESIAN_POINT('Ctrl Pts',(692.17635929637,-4881.14803091083,35.4271493244588));
#4928=CARTESIAN_POINT('Ctrl Pts',(692.191476755395,-4881.15622206007,35.4262976842477));
#4929=CARTESIAN_POINT('Ctrl Pts',(692.20668290136,-4881.16463745303,35.4254597865837));
#4930=CARTESIAN_POINT('Ctrl Pts',(692.221987434252,-4881.17330210707,35.4246371481557));
#4931=CARTESIAN_POINT('Ctrl Pts',(692.252815256134,-4881.19119517727,35.4230261934931));
#4932=CARTESIAN_POINT('Ctrl Pts',(692.284122297092,-4881.2103663439,35.4214916245027));
#4933=CARTESIAN_POINT('Ctrl Pts',(692.29990684798,-4881.22030592027,35.4207452179177));
#4934=CARTESIAN_POINT('Ctrl Pts',(692.347672657915,-4881.25134391487,35.41857589514));
#4935=CARTESIAN_POINT('Ctrl Pts',(692.396833692935,-4881.28591716867,35.4166075061942));
#4936=CARTESIAN_POINT('Ctrl Pts',(692.43022970315,-4881.31111172339,35.4154266246298));
#4937=CARTESIAN_POINT('Ctrl Pts',(692.501244194238,-4881.35581162215,35.4126887769203));
#4938=CARTESIAN_POINT('Ctrl Pts',(692.574545069887,-4881.38317187609,35.4088834037703));
#4939=CARTESIAN_POINT('Ctrl Pts',(692.610238373877,-4881.3913513459,35.4066636031792));
#4940=CARTESIAN_POINT('Ctrl Pts',(692.679232762765,-4881.40072167925,35.4018409884865));
#4941=CARTESIAN_POINT('Ctrl Pts',(692.743352558155,-4881.39779365252,35.3963372855715));
#4942=CARTESIAN_POINT('Ctrl Pts',(692.774075038366,-4881.39383242117,35.3934481448134));
#4943=CARTESIAN_POINT('Ctrl Pts',(692.862703924172,-4881.3751362133,35.3844025174256));
#4944=CARTESIAN_POINT('Ctrl Pts',(692.941773441331,-4881.3380237016,35.3743323068301));
#4945=CARTESIAN_POINT('Ctrl Pts',(692.989596040317,-4881.30432150789,35.3671197902301));
#4946=CARTESIAN_POINT('Ctrl Pts',(693.08792854966,-4881.24241153501,35.3530034566865));
#4947=CARTESIAN_POINT('Ctrl Pts',(693.186318948208,-4881.18143211568,35.3389413945181));
#4948=CARTESIAN_POINT('Ctrl Pts',(693.234956988662,-4881.15017708552,35.3318683497213));
#4949=CARTESIAN_POINT('Ctrl Pts',(693.332606862137,-4881.08882391117,35.3177873008956));
#4950=CARTESIAN_POINT('Ctrl Pts',(693.429734822284,-4881.0275131261,35.3037098828523));
#4951=CARTESIAN_POINT('Ctrl Pts',(693.478194584467,-4880.99691544429,35.2966746184683));
#4952=CARTESIAN_POINT('Ctrl Pts',(693.574962885983,-4880.93594803312,35.2826172403687));
#4953=CARTESIAN_POINT('Ctrl Pts',(693.671552857016,-4880.87563771396,35.268597274337));
#4954=CARTESIAN_POINT('Ctrl Pts',(693.719826958782,-4880.84568460809,35.2615987290222));
#4955=CARTESIAN_POINT('Ctrl Pts',(693.864599903884,-4880.75641073069,35.2406362093042));
#4956=CARTESIAN_POINT('Ctrl Pts',(694.00921922918,-4880.66871437821,35.2197628946111));
#4957=CARTESIAN_POINT('Ctrl Pts',(694.105654591838,-4880.61095148753,35.2058871950816));
#4958=CARTESIAN_POINT('Ctrl Pts',(694.201665507399,-4880.55307011164,35.1920042494484));
#4959=CARTESIAN_POINT('Ctrl Pts',(694.299088369576,-4880.49643110059,35.1781922109751));
#4960=CARTESIAN_POINT('Ctrl Pts',(692.188212633597,-4881.14833130781,35.4868368082851));
#4961=CARTESIAN_POINT('Ctrl Pts',(692.203310138551,-4881.15681927288,35.4860064702521));
#4962=CARTESIAN_POINT('Ctrl Pts',(692.218477998056,-4881.165547781,35.4851916466921));
#4963=CARTESIAN_POINT('Ctrl Pts',(692.233720239539,-4881.17454049224,35.4843939433838));
#4964=CARTESIAN_POINT('Ctrl Pts',(692.264358305308,-4881.19311487341,35.4828370734626));
#4965=CARTESIAN_POINT('Ctrl Pts',(692.295308389595,-4881.21293814047,35.481358342544));
#4966=CARTESIAN_POINT('Ctrl Pts',(692.310862930817,-4881.22317813421,35.4806388118861));
#4967=CARTESIAN_POINT('Ctrl Pts',(692.357765704862,-4881.2548958106,35.4785318546132));
#4968=CARTESIAN_POINT('Ctrl Pts',(692.405502003751,-4881.28879590845,35.4764848274669));
#4969=CARTESIAN_POINT('Ctrl Pts',(692.43776334983,-4881.31170413157,35.4750212487209));
#4970=CARTESIAN_POINT('Ctrl Pts',(692.503974198346,-4881.3526279462,35.4719678943836));
#4971=CARTESIAN_POINT('Ctrl Pts',(692.572807552854,-4881.37991154344,35.4682524088522));
#4972=CARTESIAN_POINT('Ctrl Pts',(692.607535807615,-4881.38917280723,35.4661290026965));
#4973=CARTESIAN_POINT('Ctrl Pts',(692.675403238864,-4881.40040365147,35.461451109136));
#4974=CARTESIAN_POINT('Ctrl Pts',(692.739557407315,-4881.39890433083,35.4560378925302));
#4975=CARTESIAN_POINT('Ctrl Pts',(692.770473486101,-4881.39548047846,35.4531805568981));
#4976=CARTESIAN_POINT('Ctrl Pts',(692.859910894382,-4881.37812320533,35.4442108704362));
#4977=CARTESIAN_POINT('Ctrl Pts',(692.940002106536,-4881.34169678343,35.4341740592467));
#4978=CARTESIAN_POINT('Ctrl Pts',(692.988974313346,-4881.30941240613,35.427038736466));
#4979=CARTESIAN_POINT('Ctrl Pts',(693.088371403411,-4881.24777453051,35.4129330778358));
#4980=CARTESIAN_POINT('Ctrl Pts',(693.187232406069,-4881.18590276492,35.398817711793));
#4981=CARTESIAN_POINT('Ctrl Pts',(693.236209652708,-4881.15438189564,35.3917282465596));
#4982=CARTESIAN_POINT('Ctrl Pts',(693.334344299212,-4881.09216096435,35.3775960005629));
#4983=CARTESIAN_POINT('Ctrl Pts',(693.431840058659,-4881.0298006596,35.3634578074868));
#4984=CARTESIAN_POINT('Ctrl Pts',(693.480473140628,-4880.99867403206,35.3563920228856));
#4985=CARTESIAN_POINT('Ctrl Pts',(693.57754627202,-4880.93660555489,35.3422713768367));
#4986=CARTESIAN_POINT('Ctrl Pts',(693.674405027303,-4880.8752198304,35.3281898684277));
#4987=CARTESIAN_POINT('Ctrl Pts',(693.722803960493,-4880.84473761856,35.3211610898157));
#4988=CARTESIAN_POINT('Ctrl Pts',(693.867938133558,-4880.75393668845,35.300111395685));
#4989=CARTESIAN_POINT('Ctrl Pts',(694.012827271665,-4880.66485748252,35.2791593464881));
#4990=CARTESIAN_POINT('Ctrl Pts',(694.109626713385,-4880.60641354113,35.2652450175441));
#4991=CARTESIAN_POINT('Ctrl Pts',(694.205318584007,-4880.54754956838,35.2513060688533));
#4992=CARTESIAN_POINT('Ctrl Pts',(694.302693091439,-4880.49011931295,35.2374490244643));
#4993=CARTESIAN_POINT('Ctrl Pts',(692.199791492141,-4881.15013348512,35.5465844638135));
#4994=CARTESIAN_POINT('Ctrl Pts',(692.21479565635,-4881.15888750147,35.5457670439953));
#4995=CARTESIAN_POINT('Ctrl Pts',(692.2298453915,-4881.16787700605,35.5449640404278));
#4996=CARTESIAN_POINT('Ctrl Pts',(692.244940176897,-4881.17711764216,35.5441763916581));
#4997=CARTESIAN_POINT('Ctrl Pts',(692.275214526352,-4881.1961336102,35.5426338521442));
#4998=CARTESIAN_POINT('Ctrl Pts',(692.305653108009,-4881.21619749675,35.5411535958646));
#4999=CARTESIAN_POINT('Ctrl Pts',(692.320912143178,-4881.22648560438,35.5404282592306));
#5000=CARTESIAN_POINT('Ctrl Pts',(692.366812990946,-4881.25802640502,35.5382866749078));
#5001=CARTESIAN_POINT('Ctrl Pts',(692.413195847803,-4881.29067716418,35.5361659115532));
#5002=CARTESIAN_POINT('Ctrl Pts',(692.444432327103,-4881.31209838629,35.5346567650601));
#5003=CARTESIAN_POINT('Ctrl Pts',(692.508018526578,-4881.35019768545,35.5314490777512));
#5004=CARTESIAN_POINT('Ctrl Pts',(692.573313621897,-4881.37644273634,35.5276582367724));
#5005=CARTESIAN_POINT('Ctrl Pts',(692.60628545409,-4881.38586917608,35.5255526203052));
#5006=CARTESIAN_POINT('Ctrl Pts',(692.671727193399,-4881.39798058576,35.5209381028914));
#5007=CARTESIAN_POINT('Ctrl Pts',(692.734948292474,-4881.39784369346,35.5156107907191));
#5008=CARTESIAN_POINT('Ctrl Pts',(692.765693860526,-4881.3950458085,35.512790732827));
#5009=CARTESIAN_POINT('Ctrl Pts',(692.855157099114,-4881.37945829466,35.5039238976289));
#5010=CARTESIAN_POINT('Ctrl Pts',(692.936565163741,-4881.34490733415,35.4939894881589));
#5011=CARTESIAN_POINT('Ctrl Pts',(692.987467378268,-4881.31561817519,35.4870196056281));
#5012=CARTESIAN_POINT('Ctrl Pts',(693.088304928898,-4881.25504234373,35.4729694807619));
#5013=CARTESIAN_POINT('Ctrl Pts',(693.187632547159,-4881.19206187228,35.4587888343289));
#5014=CARTESIAN_POINT('Ctrl Pts',(693.237103031346,-4881.16042763914,35.4516913895528));
#5015=CARTESIAN_POINT('Ctrl Pts',(693.335750341319,-4881.09708747514,35.4374938226892));
#5016=CARTESIAN_POINT('Ctrl Pts',(693.433703691899,-4881.03350646788,35.4232851359406));
#5017=CARTESIAN_POINT('Ctrl Pts',(693.482534537791,-4881.00172821875,35.416181924569));
#5018=CARTESIAN_POINT('Ctrl Pts',(693.579979885543,-4880.93835011224,35.4019862370763));
#5019=CARTESIAN_POINT('Ctrl Pts',(693.677155552456,-4880.8756576682,35.3878301569599));
#5020=CARTESIAN_POINT('Ctrl Pts',(693.725699759153,-4880.84452938415,35.380764561168));
#5021=CARTESIAN_POINT('Ctrl Pts',(693.871255729394,-4880.75186549393,35.3596087898625));
#5022=CARTESIAN_POINT('Ctrl Pts',(694.016476180868,-4880.66112439159,35.3385623084324));
#5023=CARTESIAN_POINT('Ctrl Pts',(694.113932112594,-4880.6019729327,35.3246079820448));
#5024=CARTESIAN_POINT('Ctrl Pts',(694.209162710305,-4880.54196564024,35.3106038800931));
#5025=CARTESIAN_POINT('Ctrl Pts',(694.306496937313,-4880.48370186938,35.2966994931884));
#5026=CARTESIAN_POINT('Ctrl Pts',(692.207173829268,-4881.15140905739,35.5863988615254));
#5027=CARTESIAN_POINT('Ctrl Pts',(692.222089455364,-4881.16025260687,35.5855806938252));
#5028=CARTESIAN_POINT('Ctrl Pts',(692.237034996887,-4881.16930983921,35.5847741307204));
#5029=CARTESIAN_POINT('Ctrl Pts',(692.252007695445,-4881.17858860346,35.5839792981557));
#5030=CARTESIAN_POINT('Ctrl Pts',(692.281997534384,-4881.197598039,35.5824123063256));
#5031=CARTESIAN_POINT('Ctrl Pts',(692.312050012971,-4881.21747132559,35.5808898274743));
#5032=CARTESIAN_POINT('Ctrl Pts',(692.327086144937,-4881.22761270779,35.5801392334483));
#5033=CARTESIAN_POINT('Ctrl Pts',(692.372192277918,-4881.2585884431,35.5779239610531));
#5034=CARTESIAN_POINT('Ctrl Pts',(692.41734925398,-4881.29056220724,35.5758155520306));
#5035=CARTESIAN_POINT('Ctrl Pts',(692.447495596638,-4881.3118762939,35.5744802912055));
#5036=CARTESIAN_POINT('Ctrl Pts',(692.509537391204,-4881.34924908258,35.5713286816111));
#5037=CARTESIAN_POINT('Ctrl Pts',(692.573620548388,-4881.37470362607,35.5673987725093));
#5038=CARTESIAN_POINT('Ctrl Pts',(692.605902073679,-4881.3839927486,35.5652521081045));
#5039=CARTESIAN_POINT('Ctrl Pts',(692.670046000096,-4881.39624184888,35.5606078922956));
#5040=CARTESIAN_POINT('Ctrl Pts',(692.732418492459,-4881.39677217109,35.5553099780633));
#5041=CARTESIAN_POINT('Ctrl Pts',(692.762911662545,-4881.39437396082,35.5525108350764));
#5042=CARTESIAN_POINT('Ctrl Pts',(692.852034942644,-4881.38010063491,35.5437153288012));
#5043=CARTESIAN_POINT('Ctrl Pts',(692.93422667942,-4881.34727767395,35.5338782709269));
#5044=CARTESIAN_POINT('Ctrl Pts',(692.985990732663,-4881.31938343291,35.5269849920711));
#5045=CARTESIAN_POINT('Ctrl Pts',(693.088007752118,-4881.26021486737,35.5130115424586));
#5046=CARTESIAN_POINT('Ctrl Pts',(693.187868689669,-4881.19696182508,35.4988136408903));
#5047=CARTESIAN_POINT('Ctrl Pts',(693.237580370182,-4881.16510168245,35.4917026155267));
#5048=CARTESIAN_POINT('Ctrl Pts',(693.336601686132,-4881.10104615408,35.4774633159987));
#5049=CARTESIAN_POINT('Ctrl Pts',(693.434874898389,-4881.0365957278,35.4632045450113));
#5050=CARTESIAN_POINT('Ctrl Pts',(693.483851117431,-4881.00435551549,35.4560748408909));
#5051=CARTESIAN_POINT('Ctrl Pts',(693.58157369297,-4880.94004703974,35.4418259092643));
#5052=CARTESIAN_POINT('Ctrl Pts',(693.678975099935,-4880.87637782942,35.4276141824464));
#5053=CARTESIAN_POINT('Ctrl Pts',(693.727626168503,-4880.84476913331,35.4205212511369));
#5054=CARTESIAN_POINT('Ctrl Pts',(693.873468624632,-4880.750678443,35.3992843714157));
#5055=CARTESIAN_POINT('Ctrl Pts',(694.018943403726,-4880.65868208447,35.3781666617875));
#5056=CARTESIAN_POINT('Ctrl Pts',(694.117109064314,-4880.5990499039,35.3641852149763));
#5057=CARTESIAN_POINT('Ctrl Pts',(694.2118039614,-4880.53816637625,35.3501311778694));
#5058=CARTESIAN_POINT('Ctrl Pts',(694.309146841828,-4880.47935032456,35.3361954713155));
#5059=CARTESIAN_POINT('Ctrl Pts',(692.228235224773,-4881.15521583739,35.7058973876727));
#5060=CARTESIAN_POINT('Ctrl Pts',(692.24284112741,-4881.16426620243,35.7050913002906));
#5061=CARTESIAN_POINT('Ctrl Pts',(692.257434080216,-4881.17348416448,35.7042952568609));
#5062=CARTESIAN_POINT('Ctrl Pts',(692.272007004196,-4881.18286695123,35.7035093129458));
#5063=CARTESIAN_POINT('Ctrl Pts',(692.301093847189,-4881.20194997077,35.7019581630882));
#5064=CARTESIAN_POINT('Ctrl Pts',(692.330028949391,-4881.22159912869,35.700444311983));
#5065=CARTESIAN_POINT('Ctrl Pts',(692.344450579258,-4881.23154691399,35.6996957831161));
#5066=CARTESIAN_POINT('Ctrl Pts',(692.387554889167,-4881.26168080015,35.6974647016447));
#5067=CARTESIAN_POINT('Ctrl Pts',(692.430295123485,-4881.29194494747,35.6952015987506));
#5068=CARTESIAN_POINT('Ctrl Pts',(692.458723877316,-4881.31148999694,35.6936004793109));
#5069=CARTESIAN_POINT('Ctrl Pts',(692.516577785898,-4881.34574508724,35.6902646472883));
#5070=CARTESIAN_POINT('Ctrl Pts',(692.57612052122,-4881.36955965245,35.6863445104214));
#5071=CARTESIAN_POINT('Ctrl Pts',(692.606242074109,-4881.37856967811,35.6841925506225));
#5072=CARTESIAN_POINT('Ctrl Pts',(692.666578451499,-4881.3911850701,35.6795825350952));
#5073=CARTESIAN_POINT('Ctrl Pts',(692.726469633714,-4881.39347414277,35.6743828169488));
#5074=CARTESIAN_POINT('Ctrl Pts',(692.756125576502,-4881.39218726525,35.6716467056019));
#5075=CARTESIAN_POINT('Ctrl Pts',(692.843862747291,-4881.38174336105,35.6630671228015));
#5076=CARTESIAN_POINT('Ctrl Pts',(692.927612985982,-4881.35396593169,35.6535126404691));
#5077=CARTESIAN_POINT('Ctrl Pts',(692.981454619732,-4881.32998986497,35.6468369612249));
#5078=CARTESIAN_POINT('Ctrl Pts',(693.086528685593,-4881.27519118248,35.6331039622106));
#5079=CARTESIAN_POINT('Ctrl Pts',(693.188214447144,-4881.21204140005,35.6189069960996));
#5080=CARTESIAN_POINT('Ctrl Pts',(693.238683806326,-4881.17970697496,35.6117670431291));
#5081=CARTESIAN_POINT('Ctrl Pts',(693.338950815401,-4881.11389637943,35.5974250479263));
#5082=CARTESIAN_POINT('Ctrl Pts',(693.438224800433,-4881.04687794158,35.5830186176557));
#5083=CARTESIAN_POINT('Ctrl Pts',(693.487671236667,-4881.013269917,35.5758105501375));
#5084=CARTESIAN_POINT('Ctrl Pts',(693.586265347522,-4880.9460958877,35.5613978800011));
#5085=CARTESIAN_POINT('Ctrl Pts',(693.684399067802,-4880.8793894909,35.5470132875956));
#5086=CARTESIAN_POINT('Ctrl Pts',(693.733387205274,-4880.84625018064,35.5398333561835));
#5087=CARTESIAN_POINT('Ctrl Pts',(693.880152393367,-4880.74759726634,35.5183373838123));
#5088=CARTESIAN_POINT('Ctrl Pts',(694.026435876736,-4880.65143307434,35.496983391313));
#5089=CARTESIAN_POINT('Ctrl Pts',(694.124554412871,-4880.58907732889,35.4828471816899));
#5090=CARTESIAN_POINT('Ctrl Pts',(694.220703690994,-4880.52643375509,35.4686932378041));
#5091=CARTESIAN_POINT('Ctrl Pts',(694.31827493187,-4880.46617457997,35.4546760845474));
#5092=CARTESIAN_POINT('Ctrl Pts',(692.246167082348,-4881.15837162189,35.8253544552375));
#5093=CARTESIAN_POINT('Ctrl Pts',(692.260400595475,-4881.16743341715,35.8245495625827));
#5094=CARTESIAN_POINT('Ctrl Pts',(692.274596462981,-4881.17662921727,35.8237531465113));
#5095=CARTESIAN_POINT('Ctrl Pts',(692.288748982949,-4881.18595539809,35.8229651156737));
#5096=CARTESIAN_POINT('Ctrl Pts',(692.316955332488,-4881.20485872935,35.8214054167371));
#5097=CARTESIAN_POINT('Ctrl Pts',(692.344957597487,-4881.22418192417,35.8198689164408));
#5098=CARTESIAN_POINT('Ctrl Pts',(692.358905980723,-4881.23392780782,35.8191042890288));
#5099=CARTESIAN_POINT('Ctrl Pts',(692.400604200131,-4881.26329917927,35.8168037930118));
#5100=CARTESIAN_POINT('Ctrl Pts',(692.441967760389,-4881.29231896199,35.8144219334115));
#5101=CARTESIAN_POINT('Ctrl Pts',(692.469483527635,-4881.31079829871,35.8127380525904));
#5102=CARTESIAN_POINT('Ctrl Pts',(692.525138634228,-4881.34292504202,35.8092085223578));
#5103=CARTESIAN_POINT('Ctrl Pts',(692.581834032915,-4881.36557750864,35.8052385461595));
#5104=CARTESIAN_POINT('Ctrl Pts',(692.610463441503,-4881.37434541788,35.8031077537691));
#5105=CARTESIAN_POINT('Ctrl Pts',(692.667984909641,-4881.38698823335,35.7985418417351));
#5106=CARTESIAN_POINT('Ctrl Pts',(692.725571070554,-4881.39041773871,35.7934268859132));
#5107=CARTESIAN_POINT('Ctrl Pts',(692.754264831075,-4881.38997439309,35.7907437283567));
#5108=CARTESIAN_POINT('Ctrl Pts',(692.839810401882,-4881.38271092603,35.7823552835804));
#5109=CARTESIAN_POINT('Ctrl Pts',(692.923333459866,-4881.3593384964,35.7730505963587));
#5110=CARTESIAN_POINT('Ctrl Pts',(692.977702811981,-4881.33806269141,35.766528550757));
#5111=CARTESIAN_POINT('Ctrl Pts',(693.084485290211,-4881.28791542587,35.753057564417));
#5112=CARTESIAN_POINT('Ctrl Pts',(693.188074358173,-4881.2267192892,35.7389688075811));
#5113=CARTESIAN_POINT('Ctrl Pts',(693.239279221064,-4881.19446046734,35.731832196764));
#5114=CARTESIAN_POINT('Ctrl Pts',(693.340922907906,-4881.12794894404,35.7174487721874));
#5115=CARTESIAN_POINT('Ctrl Pts',(693.441302452058,-4881.05878267016,35.7029195376185));
#5116=CARTESIAN_POINT('Ctrl Pts',(693.491266023504,-4881.02390102003,35.6956388752252));
#5117=CARTESIAN_POINT('Ctrl Pts',(693.590820457752,-4880.95388353069,35.6810644721068));
#5118=CARTESIAN_POINT('Ctrl Pts',(693.68978258765,-4880.88393567593,35.6664959953479));
#5119=CARTESIAN_POINT('Ctrl Pts',(693.739150004563,-4880.84911517458,35.6592207813783));
#5120=CARTESIAN_POINT('Ctrl Pts',(693.886985556255,-4880.74536505659,35.637436108141));
#5121=CARTESIAN_POINT('Ctrl Pts',(694.034156155537,-4880.64424224331,35.615801587783));
#5122=CARTESIAN_POINT('Ctrl Pts',(694.131414135435,-4880.57811833119,35.6014513183941));
#5123=CARTESIAN_POINT('Ctrl Pts',(694.230253000884,-4880.51414831702,35.5872232329739));
#5124=CARTESIAN_POINT('Ctrl Pts',(694.328484176791,-4880.45263549191,35.5731358402589));
#5125=CARTESIAN_POINT('Ctrl Pts',(692.256911635377,-4881.15973253596,35.9049252216704));
#5126=CARTESIAN_POINT('Ctrl Pts',(692.270928189488,-4881.16877950339,35.9041145565007));
#5127=CARTESIAN_POINT('Ctrl Pts',(692.284898517637,-4881.17794331006,35.903310365614));
#5128=CARTESIAN_POINT('Ctrl Pts',(692.298817494775,-4881.18721865797,35.9025122922299));
#5129=CARTESIAN_POINT('Ctrl Pts',(692.326542036337,-4881.20597604433,35.9009271526429));
#5130=CARTESIAN_POINT('Ctrl Pts',(692.354029822349,-4881.22506601465,35.8993594237244));
#5131=CARTESIAN_POINT('Ctrl Pts',(692.367712650113,-4881.23467185476,35.8985785907668));
#5132=CARTESIAN_POINT('Ctrl Pts',(692.408572949325,-4881.26359880023,35.8962424819891));
#5133=CARTESIAN_POINT('Ctrl Pts',(692.449012754536,-4881.29211949946,35.8938845267095));
#5134=CARTESIAN_POINT('Ctrl Pts',(692.475975726456,-4881.31008128334,35.8922489880865));
#5135=CARTESIAN_POINT('Ctrl Pts',(692.530562639025,-4881.34133190288,35.8887107946859));
#5136=CARTESIAN_POINT('Ctrl Pts',(692.586156351359,-4881.36347517318,35.8846582559594));
#5137=CARTESIAN_POINT('Ctrl Pts',(692.614182566899,-4881.37213798025,35.8824947330821));
#5138=CARTESIAN_POINT('Ctrl Pts',(692.67047932154,-4881.38490329634,35.8779058923884));
#5139=CARTESIAN_POINT('Ctrl Pts',(692.726952317642,-4881.38898010563,35.8728208805172));
#5140=CARTESIAN_POINT('Ctrl Pts',(692.755150589851,-4881.38896632597,35.87016155003));
#5141=CARTESIAN_POINT('Ctrl Pts',(692.839425258477,-4881.38323837405,35.8618607766563));
#5142=CARTESIAN_POINT('Ctrl Pts',(692.922373149165,-4881.36195241008,35.8526784461827));
#5143=CARTESIAN_POINT('Ctrl Pts',(692.976745960878,-4881.34219237243,35.8462429192669));
#5144=CARTESIAN_POINT('Ctrl Pts',(693.083853084508,-4881.29450149856,35.8329125509896));
#5145=CARTESIAN_POINT('Ctrl Pts',(693.188216046383,-4881.23462971112,35.8188990955026));
#5146=CARTESIAN_POINT('Ctrl Pts',(693.239850764822,-4881.20270827505,35.811781565606));
#5147=CARTESIAN_POINT('Ctrl Pts',(693.342297175314,-4881.13618766662,35.7973975522439));
#5148=CARTESIAN_POINT('Ctrl Pts',(693.443404960347,-4881.06600150235,35.7828104533589));
#5149=CARTESIAN_POINT('Ctrl Pts',(693.49370492469,-4881.03041526135,35.7754898683078));
#5150=CARTESIAN_POINT('Ctrl Pts',(693.593893872622,-4880.95872749643,35.7608208874609));
#5151=CARTESIAN_POINT('Ctrl Pts',(693.693413093375,-4880.8867304308,35.7461364928121));
#5152=CARTESIAN_POINT('Ctrl Pts',(693.74304283732,-4880.85083168703,35.7388003115431));
#5153=CARTESIAN_POINT('Ctrl Pts',(693.891614527031,-4880.74376259871,35.7168280297784));
#5154=CARTESIAN_POINT('Ctrl Pts',(694.039402704698,-4880.63933650693,35.6950069516989));
#5155=CARTESIAN_POINT('Ctrl Pts',(694.137743496133,-4880.57144094862,35.6805568676989));
#5156=CARTESIAN_POINT('Ctrl Pts',(694.235894836179,-4880.50594514086,35.6662431531112));
#5157=CARTESIAN_POINT('Ctrl Pts',(694.334481317145,-4880.44343369734,35.6520995471756));
#5158=CARTESIAN_POINT('Ctrl Pts',(692.28687076152,-4881.16282951992,36.1436075985149));
#5159=CARTESIAN_POINT('Ctrl Pts',(692.300314557349,-4881.1718466896,36.1427902122431));
#5160=CARTESIAN_POINT('Ctrl Pts',(692.313695218125,-4881.18094657562,36.1419770525993));
#5161=CARTESIAN_POINT('Ctrl Pts',(692.327010006,-4881.19012283605,36.1411677681286));
#5162=CARTESIAN_POINT('Ctrl Pts',(692.353501740503,-4881.20861705704,36.1395566531635));
#5163=CARTESIAN_POINT('Ctrl Pts',(692.379724034164,-4881.22730418352,36.1379567825512));
#5164=CARTESIAN_POINT('Ctrl Pts',(692.392768547781,-4881.23667637996,36.1371589203532));
#5165=CARTESIAN_POINT('Ctrl Pts',(692.431738927955,-4881.26469204631,36.1347621045642));
#5166=CARTESIAN_POINT('Ctrl Pts',(692.470426299908,-4881.29146091336,36.1322992691993));
#5167=CARTESIAN_POINT('Ctrl Pts',(692.496259464294,-4881.30796507705,36.1305816913945));
#5168=CARTESIAN_POINT('Ctrl Pts',(692.548282832105,-4881.33687689503,36.1268993531593));
#5169=CARTESIAN_POINT('Ctrl Pts',(692.600957513799,-4881.35774193081,36.1227537441973));
#5170=CARTESIAN_POINT('Ctrl Pts',(692.627451681586,-4881.36614804572,36.1205690005456));
#5171=CARTESIAN_POINT('Ctrl Pts',(692.680707238226,-4881.37909382595,36.1159838133955));
#5172=CARTESIAN_POINT('Ctrl Pts',(692.734400107679,-4881.38461646592,36.1109818766811));
#5173=CARTESIAN_POINT('Ctrl Pts',(692.761330572904,-4881.38560652592,36.1083808392791));
#5174=CARTESIAN_POINT('Ctrl Pts',(692.842282865379,-4881.3835617057,36.1002941363541));
#5175=CARTESIAN_POINT('Ctrl Pts',(692.923460005831,-4881.36740901614,36.091409563928));
#5176=CARTESIAN_POINT('Ctrl Pts',(692.977443778345,-4881.35120587971,36.0851791684821));
#5177=CARTESIAN_POINT('Ctrl Pts',(693.084781185184,-4881.30975598069,36.0722081972201));
#5178=CARTESIAN_POINT('Ctrl Pts',(693.190663582576,-4881.25353120253,36.0584047557252));
#5179=CARTESIAN_POINT('Ctrl Pts',(693.243187451417,-4881.22255720624,36.0513421760147));
#5180=CARTESIAN_POINT('Ctrl Pts',(693.347490531555,-4881.15634058619,36.0369774968182));
#5181=CARTESIAN_POINT('Ctrl Pts',(693.450475218791,-4881.0837483508,36.02225565792));
#5182=CARTESIAN_POINT('Ctrl Pts',(693.501683011631,-4881.0464036349,36.0148361938854));
#5183=CARTESIAN_POINT('Ctrl Pts',(693.603619875275,-4880.97037000805,35.9999224802858));
#5184=CARTESIAN_POINT('Ctrl Pts',(693.70473499163,-4880.89279499227,35.984923597557));
#5185=CARTESIAN_POINT('Ctrl Pts',(693.755121768534,-4880.85390862794,35.9774189478064));
#5186=CARTESIAN_POINT('Ctrl Pts',(693.905850699094,-4880.73755646014,35.9549231969647));
#5187=CARTESIAN_POINT('Ctrl Pts',(694.055497479587,-4880.62369436121,35.9325701913608));
#5188=CARTESIAN_POINT('Ctrl Pts',(694.154919750469,-4880.54999742586,35.9177933930222));
#5189=CARTESIAN_POINT('Ctrl Pts',(694.254277335077,-4880.48053910319,35.9032572094209));
#5190=CARTESIAN_POINT('Ctrl Pts',(694.353760732988,-4880.41524130879,35.8889570962653));
#5191=CARTESIAN_POINT('Ctrl Pts',(692.311521353689,-4881.16319427423,36.3821236725927));
#5192=CARTESIAN_POINT('Ctrl Pts',(692.324625465297,-4881.17222277901,36.3813066347671));
#5193=CARTESIAN_POINT('Ctrl Pts',(692.337669580475,-4881.18132310822,36.3804937594984));
#5194=CARTESIAN_POINT('Ctrl Pts',(692.350653103367,-4881.19048759846,36.3796846420895));
#5195=CARTESIAN_POINT('Ctrl Pts',(692.376501178979,-4881.20891669113,36.3780719576628));
#5196=CARTESIAN_POINT('Ctrl Pts',(692.402131023981,-4881.22741349433,36.3764583545859));
#5197=CARTESIAN_POINT('Ctrl Pts',(692.414897428174,-4881.23664178846,36.3756482194371));
#5198=CARTESIAN_POINT('Ctrl Pts',(692.453058230454,-4881.26417457565,36.3731953438915));
#5199=CARTESIAN_POINT('Ctrl Pts',(692.490954020645,-4881.29039353992,36.3706381923876));
#5200=CARTESIAN_POINT('Ctrl Pts',(692.516364433146,-4881.3059760134,36.3688356241071));
#5201=CARTESIAN_POINT('Ctrl Pts',(692.567495076738,-4881.33329912122,36.3650626914883));
#5202=CARTESIAN_POINT('Ctrl Pts',(692.619149102886,-4881.35330387466,36.3608923526071));
#5203=CARTESIAN_POINT('Ctrl Pts',(692.6451124339,-4881.36143951504,36.3586953300548));
#5204=CARTESIAN_POINT('Ctrl Pts',(692.697259359197,-4881.37411601552,36.3540965355537));
#5205=CARTESIAN_POINT('Ctrl Pts',(692.749775329451,-4881.37987331156,36.3491051394213));
#5206=CARTESIAN_POINT('Ctrl Pts',(692.776106487801,-4881.3810921301,36.3465162626745));
#5207=CARTESIAN_POINT('Ctrl Pts',(692.85526630372,-4881.38001587503,36.3384835331914));
#5208=CARTESIAN_POINT('Ctrl Pts',(692.93478845248,-4881.36551671492,36.3296960400137));
#5209=CARTESIAN_POINT('Ctrl Pts',(692.987842478468,-4881.35057646851,36.3235407447201));
#5210=CARTESIAN_POINT('Ctrl Pts',(693.093861515516,-4881.3116678923,36.3107213756564));
#5211=CARTESIAN_POINT('Ctrl Pts',(693.19944404223,-4881.25742931596,36.2970381239487));
#5212=CARTESIAN_POINT('Ctrl Pts',(693.252061543395,-4881.22716194373,36.2900190809814));
#5213=CARTESIAN_POINT('Ctrl Pts',(693.356876077981,-4881.16156192569,36.2756957023497));
#5214=CARTESIAN_POINT('Ctrl Pts',(693.460820853667,-4881.08793882086,36.2609206609679));
#5215=CARTESIAN_POINT('Ctrl Pts',(693.512567898156,-4881.04964952733,36.2534500265547));
#5216=CARTESIAN_POINT('Ctrl Pts',(693.615642555838,-4880.97098895244,36.2383917891552));
#5217=CARTESIAN_POINT('Ctrl Pts',(693.717949742543,-4880.88960018926,36.2231805411523));
#5218=CARTESIAN_POINT('Ctrl Pts',(693.768929783689,-4880.84858362143,36.2155569480417));
#5219=CARTESIAN_POINT('Ctrl Pts',(693.921411765053,-4880.72542424484,36.1926805349023));
#5220=CARTESIAN_POINT('Ctrl Pts',(694.072688698493,-4880.60422370918,36.1699162068125));
#5221=CARTESIAN_POINT('Ctrl Pts',(694.173293298488,-4880.52583975345,36.1548768432267));
#5222=CARTESIAN_POINT('Ctrl Pts',(694.273408104228,-4880.45318054693,36.1401613499247));
#5223=CARTESIAN_POINT('Ctrl Pts',(694.373383199296,-4880.38569392762,36.1257386009605));
#5224=CARTESIAN_POINT('Ctrl Pts',(692.327157208687,-4881.16302798973,36.5410830963491));
#5225=CARTESIAN_POINT('Ctrl Pts',(692.340110102106,-4881.1721190978,36.5402656472694));
#5226=CARTESIAN_POINT('Ctrl Pts',(692.353001272938,-4881.18127912479,36.5394515696171));
#5227=CARTESIAN_POINT('Ctrl Pts',(692.36582991096,-4881.19050202157,36.5386405011837));
#5228=CARTESIAN_POINT('Ctrl Pts',(692.391364018674,-4881.20904420939,36.5370227446357));
#5229=CARTESIAN_POINT('Ctrl Pts',(692.416690198974,-4881.22755646973,36.5354015582511));
#5230=CARTESIAN_POINT('Ctrl Pts',(692.429311273543,-4881.2367477787,36.534586971712));
#5231=CARTESIAN_POINT('Ctrl Pts',(692.46707478935,-4881.263975995,36.5321228164123));
#5232=CARTESIAN_POINT('Ctrl Pts',(692.504704480644,-4881.28929893864,36.5295501294238));
#5233=CARTESIAN_POINT('Ctrl Pts',(692.529910942755,-4881.30440245458,36.5277360834252));
#5234=CARTESIAN_POINT('Ctrl Pts',(692.580596154751,-4881.33089882175,36.5239015370513));
#5235=CARTESIAN_POINT('Ctrl Pts',(692.631787364567,-4881.35013815559,36.5196624657687));
#5236=CARTESIAN_POINT('Ctrl Pts',(692.657505666885,-4881.35795762135,36.5174424541804));
#5237=CARTESIAN_POINT('Ctrl Pts',(692.709160417328,-4881.37012218865,36.5128082404196));
#5238=CARTESIAN_POINT('Ctrl Pts',(692.761199158977,-4881.37559197455,36.5077994247271));
#5239=CARTESIAN_POINT('Ctrl Pts',(692.787301062867,-4881.37671863634,36.5052049194749));
#5240=CARTESIAN_POINT('Ctrl Pts',(692.86581072031,-4881.37549765263,36.4971633888594));
#5241=CARTESIAN_POINT('Ctrl Pts',(692.944808619936,-4881.36117400115,36.4883865126176));
#5242=CARTESIAN_POINT('Ctrl Pts',(692.997580081636,-4881.34642550705,36.4822429278195));
#5243=CARTESIAN_POINT('Ctrl Pts',(693.103144447574,-4881.30788631847,36.4694469448411));
#5244=CARTESIAN_POINT('Ctrl Pts',(693.208499486839,-4881.25381157362,36.4557763373912));
#5245=CARTESIAN_POINT('Ctrl Pts',(693.261060702829,-4881.22352940803,36.4487582379301));
#5246=CARTESIAN_POINT('Ctrl Pts',(693.365882661978,-4881.15766907022,36.4344236674361));
#5247=CARTESIAN_POINT('Ctrl Pts',(693.470044432483,-4881.08328435238,36.4196088493659));
#5248=CARTESIAN_POINT('Ctrl Pts',(693.521945371613,-4881.04447948127,36.4121105997838));
#5249=CARTESIAN_POINT('Ctrl Pts',(693.625393180323,-4880.96452633282,36.3969821399017));
#5250=CARTESIAN_POINT('Ctrl Pts',(693.728166387841,-4880.88139431986,36.3816747973106));
#5251=CARTESIAN_POINT('Ctrl Pts',(693.779392899726,-4880.83941129403,36.3739977060076));
#5252=CARTESIAN_POINT('Ctrl Pts',(693.932634430314,-4880.71315931821,36.3509496511273));
#5253=CARTESIAN_POINT('Ctrl Pts',(694.084678293617,-4880.58859853378,36.3279979209739));
#5254=CARTESIAN_POINT('Ctrl Pts',(694.185668381789,-4880.5080430665,36.3128373793826));
#5255=CARTESIAN_POINT('Ctrl Pts',(694.286163178575,-4880.43408971781,36.2980497377752));
#5256=CARTESIAN_POINT('Ctrl Pts',(694.386452582882,-4880.36569389451,36.2835761999759));
#5257=CARTESIAN_POINT('Ctrl Pts',(692.357142193092,-4881.1622404307,36.8589732682424));
#5258=CARTESIAN_POINT('Ctrl Pts',(692.369887185029,-4881.17148924208,36.858162419426));
#5259=CARTESIAN_POINT('Ctrl Pts',(692.382570113151,-4881.18079071717,36.857353946403));
#5260=CARTESIAN_POINT('Ctrl Pts',(692.395192899554,-4881.19012717779,36.8565468640142));
#5261=CARTESIAN_POINT('Ctrl Pts',(692.420320984586,-4881.20884058772,36.8549337876007));
#5262=CARTESIAN_POINT('Ctrl Pts',(692.445247217161,-4881.22743861992,36.853312165079));
#5263=CARTESIAN_POINT('Ctrl Pts',(692.457666336491,-4881.23666847243,36.8524970082387));
#5264=CARTESIAN_POINT('Ctrl Pts',(692.494901588829,-4881.26358782147,36.8500082011094));
#5265=CARTESIAN_POINT('Ctrl Pts',(692.532224636837,-4881.28742306137,36.8473475751796));
#5266=CARTESIAN_POINT('Ctrl Pts',(692.557249166867,-4881.30142103829,36.8454692020405));
#5267=CARTESIAN_POINT('Ctrl Pts',(692.607518510405,-4881.32597086819,36.8415210281044));
#5268=CARTESIAN_POINT('Ctrl Pts',(692.658268308023,-4881.34344916728,36.8371800759175));
#5269=CARTESIAN_POINT('Ctrl Pts',(692.683759949593,-4881.35044313899,36.8349125376498));
#5270=CARTESIAN_POINT('Ctrl Pts',(692.734953852806,-4881.36106928618,36.8301901487567));
#5271=CARTESIAN_POINT('Ctrl Pts',(692.786527429603,-4881.36521833927,36.8251063790428));
#5272=CARTESIAN_POINT('Ctrl Pts',(692.812398345126,-4881.36573723111,36.8224775676017));
#5273=CARTESIAN_POINT('Ctrl Pts',(692.89022874531,-4881.36283783093,36.8143418149452));
#5274=CARTESIAN_POINT('Ctrl Pts',(692.968611346119,-4881.34722425502,36.8054939559085));
#5275=CARTESIAN_POINT('Ctrl Pts',(693.021021778393,-4881.33174699787,36.7993108196234));
#5276=CARTESIAN_POINT('Ctrl Pts',(693.125987641252,-4881.29189929656,36.7864445416645));
#5277=CARTESIAN_POINT('Ctrl Pts',(693.231000470676,-4881.23662310334,36.7727100621825));
#5278=CARTESIAN_POINT('Ctrl Pts',(693.283457268549,-4881.20571878649,36.7656588071671));
#5279=CARTESIAN_POINT('Ctrl Pts',(693.388191541289,-4881.13849431388,36.751251047069));
#5280=CARTESIAN_POINT('Ctrl Pts',(693.49247718332,-4881.06243037406,36.7363449456495));
#5281=CARTESIAN_POINT('Ctrl Pts',(693.544485141666,-4881.02268784594,36.7287954232847));
#5282=CARTESIAN_POINT('Ctrl Pts',(693.648219166999,-4880.94066224362,36.713553108383));
#5283=CARTESIAN_POINT('Ctrl Pts',(693.751393070642,-4880.85512355245,36.6981127141778));
#5284=CARTESIAN_POINT('Ctrl Pts',(693.802840942599,-4880.81186858762,36.6903651505705));
#5285=CARTESIAN_POINT('Ctrl Pts',(693.956790581577,-4880.681684377,36.6670989182159));
#5286=CARTESIAN_POINT('Ctrl Pts',(694.109615570845,-4880.55320430981,36.6439291801254));
#5287=CARTESIAN_POINT('Ctrl Pts',(694.211119894356,-4880.47032007363,36.6286392219193));
#5288=CARTESIAN_POINT('Ctrl Pts',(694.311980848744,-4880.39523625047,36.6137889731122));
#5289=CARTESIAN_POINT('Ctrl Pts',(694.412555686783,-4880.32609201485,36.5992739569796));
#5290=CARTESIAN_POINT('Ctrl Pts',(692.385426117524,-4881.16109563697,37.1768135193555));
#5291=CARTESIAN_POINT('Ctrl Pts',(692.398162475874,-4881.17066830886,37.176021785682));
#5292=CARTESIAN_POINT('Ctrl Pts',(692.410829481753,-4881.18028148299,37.1752317090118));
#5293=CARTESIAN_POINT('Ctrl Pts',(692.423429459045,-4881.18991398579,37.1744421026835));
#5294=CARTESIAN_POINT('Ctrl Pts',(692.448517735235,-4881.20909336941,37.1728570907705));
#5295=CARTESIAN_POINT('Ctrl Pts',(692.473482060885,-4881.22761662303,37.1712341918875));
#5296=CARTESIAN_POINT('Ctrl Pts',(692.48595938475,-4881.23658652998,37.1704063511131));
#5297=CARTESIAN_POINT('Ctrl Pts',(692.523413394306,-4881.26246589987,37.1678650375294));
#5298=CARTESIAN_POINT('Ctrl Pts',(692.561013793312,-4881.28488169454,37.1651299378393));
#5299=CARTESIAN_POINT('Ctrl Pts',(692.586249648108,-4881.29779587672,37.1631937512444));
#5300=CARTESIAN_POINT('Ctrl Pts',(692.637010332958,-4881.31975815,37.1591061868732));
#5301=CARTESIAN_POINT('Ctrl Pts',(692.688285615119,-4881.33425602983,37.1546022004373));
#5302=CARTESIAN_POINT('Ctrl Pts',(692.714036918586,-4881.33969957401,37.1522492958658));
#5303=CARTESIAN_POINT('Ctrl Pts',(692.765731823666,-4881.34713094677,37.1473500600464));
#5304=CARTESIAN_POINT('Ctrl Pts',(692.81774574562,-4881.34798378842,37.1420822154961));
#5305=CARTESIAN_POINT('Ctrl Pts',(692.843815997238,-4881.3468488842,37.1393607065483));
#5306=CARTESIAN_POINT('Ctrl Pts',(692.922170429499,-4881.33902646404,37.1309481615376));
#5307=CARTESIAN_POINT('Ctrl Pts',(693.00083734767,-4881.31874676229,37.1218358443176));
#5308=CARTESIAN_POINT('Ctrl Pts',(693.053314678944,-4881.30040018832,37.115489458891));
#5309=CARTESIAN_POINT('Ctrl Pts',(693.158196381066,-4881.25544999368,37.1023321037048));
#5310=CARTESIAN_POINT('Ctrl Pts',(693.262770314519,-4881.19643379005,37.0883831830803));
#5311=CARTESIAN_POINT('Ctrl Pts',(693.314939542556,-4881.1640238968,37.0812453921483));
#5312=CARTESIAN_POINT('Ctrl Pts',(693.419013061157,-4881.09446686827,37.0667032083579));
#5313=CARTESIAN_POINT('Ctrl Pts',(693.52253993343,-4881.01726824586,37.05173104233));
#5314=CARTESIAN_POINT('Ctrl Pts',(693.574162720688,-4880.97721771423,37.0441633252239));
#5315=CARTESIAN_POINT('Ctrl Pts',(693.677140232613,-4880.89498884005,37.0289082623321));
#5316=CARTESIAN_POINT('Ctrl Pts',(693.77961576339,-4880.80989975585,37.0134925591338));
#5317=CARTESIAN_POINT('Ctrl Pts',(693.830736673066,-4880.7669891244,37.0057642080053));
#5318=CARTESIAN_POINT('Ctrl Pts',(693.983781585863,-4880.63809301441,36.9825702893023));
#5319=CARTESIAN_POINT('Ctrl Pts',(694.135940728989,-4880.51149151213,36.9595068158336));
#5320=CARTESIAN_POINT('Ctrl Pts',(694.237092044545,-4880.430157171,36.9443045451342));
#5321=CARTESIAN_POINT('Ctrl Pts',(694.337725693581,-4880.35662277015,36.9295418987211));
#5322=CARTESIAN_POINT('Ctrl Pts',(694.438183817256,-4880.28869321911,36.9150956128978));
#5323=CARTESIAN_POINT('Ctrl Pts',(692.399381271337,-4881.16067420112,37.335599612897));
#5324=CARTESIAN_POINT('Ctrl Pts',(692.412216663952,-4881.17047824952,37.3348352878241));
#5325=CARTESIAN_POINT('Ctrl Pts',(692.424988503522,-4881.1802887665,37.3340911861858));
#5326=CARTESIAN_POINT('Ctrl Pts',(692.437702322642,-4881.19005279498,37.3333721687396));
#5327=CARTESIAN_POINT('Ctrl Pts',(692.463000111734,-4881.20939227406,37.3319214385837));
#5328=CARTESIAN_POINT('Ctrl Pts',(692.488136202959,-4881.22790130187,37.3303614924857));
#5329=CARTESIAN_POINT('Ctrl Pts',(692.500689823674,-4881.23683095316,37.3295340604096));
#5330=CARTESIAN_POINT('Ctrl Pts',(692.538412975991,-4881.26232147427,37.3269406785819));
#5331=CARTESIAN_POINT('Ctrl Pts',(692.576383493214,-4881.28363898895,37.3240665068425));
#5332=CARTESIAN_POINT('Ctrl Pts',(692.601866636184,-4881.29572724483,37.3220720292305));
#5333=CARTESIAN_POINT('Ctrl Pts',(692.65305828286,-4881.31592269855,37.3178689668245));
#5334=CARTESIAN_POINT('Ctrl Pts',(692.704692364359,-4881.32839448188,37.3132535815726));
#5335=CARTESIAN_POINT('Ctrl Pts',(692.730608206393,-4881.33278019862,37.3108425241276));
#5336=CARTESIAN_POINT('Ctrl Pts',(692.782619589634,-4881.33805214898,37.3058247924728));
#5337=CARTESIAN_POINT('Ctrl Pts',(692.834932317977,-4881.33671141592,37.3004356980799));
#5338=CARTESIAN_POINT('Ctrl Pts',(692.861149911513,-4881.33448541055,37.2976534878454));
#5339=CARTESIAN_POINT('Ctrl Pts',(692.939930388193,-4881.32343379489,37.2890603252111));
#5340=CARTESIAN_POINT('Ctrl Pts',(693.018935728142,-4881.30012830385,37.2797761206865));
#5341=CARTESIAN_POINT('Ctrl Pts',(693.07156041099,-4881.27991513178,37.2733227850737));
#5342=CARTESIAN_POINT('Ctrl Pts',(693.17653835893,-4881.23165286807,37.2599747079403));
#5343=CARTESIAN_POINT('Ctrl Pts',(693.280869103259,-4881.1702973167,37.245889625473));
#5344=CARTESIAN_POINT('Ctrl Pts',(693.332843626788,-4881.13699336914,37.2386994631556));
#5345=CARTESIAN_POINT('Ctrl Pts',(693.436432083172,-4881.06618656908,37.2240833125867));
#5346=CARTESIAN_POINT('Ctrl Pts',(693.539348551244,-4880.98870572453,37.2090925927269));
#5347=CARTESIAN_POINT('Ctrl Pts',(693.59065212231,-4880.94872903979,37.2015279340676));
#5348=CARTESIAN_POINT('Ctrl Pts',(693.692986310712,-4880.86699312985,37.1862988096795));
#5349=CARTESIAN_POINT('Ctrl Pts',(693.794837946799,-4880.78293866365,37.1709401767885));
#5350=CARTESIAN_POINT('Ctrl Pts',(693.84565914252,-4880.74064304194,37.1632459866738));
#5351=CARTESIAN_POINT('Ctrl Pts',(693.997852459728,-4880.61378390606,37.1401656440436));
#5352=CARTESIAN_POINT('Ctrl Pts',(694.149325452066,-4880.48957300222,37.1172363295242));
#5353=CARTESIAN_POINT('Ctrl Pts',(694.250091853895,-4880.40992114654,37.102128586099));
#5354=CARTESIAN_POINT('Ctrl Pts',(694.350487938402,-4880.33777815901,37.0874442955191));
#5355=CARTESIAN_POINT('Ctrl Pts',(694.450808033066,-4880.27090269682,37.0730574548586));
#5356=CARTESIAN_POINT('Ctrl Pts',(692.419745222693,-4881.15962164348,37.574176295062));
#5357=CARTESIAN_POINT('Ctrl Pts',(692.432667590586,-4881.16974383621,37.5734118505237));
#5358=CARTESIAN_POINT('Ctrl Pts',(692.445501961447,-4881.17985651713,37.5726356133767));
#5359=CARTESIAN_POINT('Ctrl Pts',(692.458259473726,-4881.18990775796,37.571842321132));
#5360=CARTESIAN_POINT('Ctrl Pts',(692.483701416488,-4881.20960286113,37.5702348459112));
#5361=CARTESIAN_POINT('Ctrl Pts',(692.509134340375,-4881.2279889056,37.5685852530243));
#5362=CARTESIAN_POINT('Ctrl Pts',(692.521882554226,-4881.23673136689,37.5677496305753));
#5363=CARTESIAN_POINT('Ctrl Pts',(692.560272860078,-4881.26139893547,37.5651763426238));
#5364=CARTESIAN_POINT('Ctrl Pts',(692.599157677499,-4881.28116120454,37.5623557618053));
#5365=CARTESIAN_POINT('Ctrl Pts',(692.625350396849,-4881.29196868213,37.5603226231717));
#5366=CARTESIAN_POINT('Ctrl Pts',(692.67817455316,-4881.30913631238,37.5559971194935));
#5367=CARTESIAN_POINT('Ctrl Pts',(692.731663691203,-4881.31773901626,37.5511726483328));
#5368=CARTESIAN_POINT('Ctrl Pts',(692.758518191095,-4881.32000121783,37.54864380632));
#5369=CARTESIAN_POINT('Ctrl Pts',(692.812312503186,-4881.32072144621,37.5433690744362));
#5370=CARTESIAN_POINT('Ctrl Pts',(692.866092089131,-4881.31442070615,37.5376950228609));
#5371=CARTESIAN_POINT('Ctrl Pts',(692.892930737062,-4881.30966216702,37.5347668228711));
#5372=CARTESIAN_POINT('Ctrl Pts',(692.973208629658,-4881.29103265217,37.5257358972751));
#5373=CARTESIAN_POINT('Ctrl Pts',(693.052658632522,-4881.26064871139,37.516041299229));
#5374=CARTESIAN_POINT('Ctrl Pts',(693.105159836491,-4881.23634548426,37.5093510068259));
#5375=CARTESIAN_POINT('Ctrl Pts',(693.209410955853,-4881.18148271745,37.4956200401886));
#5376=CARTESIAN_POINT('Ctrl Pts',(693.312371817807,-4881.11659391367,37.4813285510295));
#5377=CARTESIAN_POINT('Ctrl Pts',(693.363590201629,-4881.08227383106,37.4740782376143));
#5378=CARTESIAN_POINT('Ctrl Pts',(693.465607678369,-4881.01067777916,37.4594129191034));
#5379=CARTESIAN_POINT('Ctrl Pts',(693.566935062788,-4880.93445710755,37.4444902023308));
#5380=CARTESIAN_POINT('Ctrl Pts',(693.617464037387,-4880.89550967935,37.4369823280041));
#5381=CARTESIAN_POINT('Ctrl Pts',(693.71830536138,-4880.81641913327,37.4219002613164));
#5382=CARTESIAN_POINT('Ctrl Pts',(693.818798727563,-4880.73585169223,37.406736744207));
#5383=CARTESIAN_POINT('Ctrl Pts',(693.868979580024,-4880.69542613215,37.399147348459));
#5384=CARTESIAN_POINT('Ctrl Pts',(694.019373845215,-4880.57436619092,37.3763922782894));
#5385=CARTESIAN_POINT('Ctrl Pts',(694.169440042949,-4880.45607162096,37.3537954247523));
#5386=CARTESIAN_POINT('Ctrl Pts',(694.269447183742,-4880.38023318503,37.3389020757651));
#5387=CARTESIAN_POINT('Ctrl Pts',(694.369376380937,-4880.31085509904,37.3243734407913));
#5388=CARTESIAN_POINT('Ctrl Pts',(694.469420698805,-4880.24601760514,37.3101014602213));
#5389=CARTESIAN_POINT('Ctrl Pts',(692.439750575985,-4881.15899463343,37.8124464797142));
#5390=CARTESIAN_POINT('Ctrl Pts',(692.453531602014,-4881.17004233458,37.8117591349017));
#5391=CARTESIAN_POINT('Ctrl Pts',(692.467245824283,-4881.18098107259,37.8110695613327));
#5392=CARTESIAN_POINT('Ctrl Pts',(692.48091550558,-4881.19168408001,37.8103700811768));
#5393=CARTESIAN_POINT('Ctrl Pts',(692.508283293802,-4881.21218824436,37.8089169906536));
#5394=CARTESIAN_POINT('Ctrl Pts',(692.535828027663,-4881.23036511428,37.8073177297596));
#5395=CARTESIAN_POINT('Ctrl Pts',(692.549675112635,-4881.23873981626,37.8064718950275));
#5396=CARTESIAN_POINT('Ctrl Pts',(692.591428615782,-4881.26161692429,37.8037953556987));
#5397=CARTESIAN_POINT('Ctrl Pts',(692.633698229552,-4881.27768245889,37.8007106042106));
#5398=CARTESIAN_POINT('Ctrl Pts',(692.661990186189,-4881.28532124719,37.7984820981551));
#5399=CARTESIAN_POINT('Ctrl Pts',(692.71841760152,-4881.29507171395,37.7937109278314));
#5400=CARTESIAN_POINT('Ctrl Pts',(692.774208080898,-4881.29489789976,37.7883766142977));
#5401=CARTESIAN_POINT('Ctrl Pts',(692.801853997006,-4881.29262553527,37.785585348869));
#5402=CARTESIAN_POINT('Ctrl Pts',(692.85660737445,-4881.28434876849,37.7797916257973));
#5403=CARTESIAN_POINT('Ctrl Pts',(692.910319391338,-4881.26967373204,37.773636862491));
#5404=CARTESIAN_POINT('Ctrl Pts',(692.936924117457,-4881.26100555305,37.7704847069299));
#5405=CARTESIAN_POINT('Ctrl Pts',(693.016082517794,-4881.23166705524,37.7608414921123));
#5406=CARTESIAN_POINT('Ctrl Pts',(693.093525733959,-4881.19382350116,37.7507229573104));
#5407=CARTESIAN_POINT('Ctrl Pts',(693.144628542926,-4881.16614683525,37.7438415712383));
#5408=CARTESIAN_POINT('Ctrl Pts',(693.24610019025,-4881.10703277365,37.7298703097599));
#5409=CARTESIAN_POINT('Ctrl Pts',(693.346464964839,-4881.0420109169,37.7155720150346));
#5410=CARTESIAN_POINT('Ctrl Pts',(693.39646396616,-4881.00841391633,37.7083628381457));
#5411=CARTESIAN_POINT('Ctrl Pts',(693.496190126345,-4880.93945976669,37.6938471380626));
#5412=CARTESIAN_POINT('Ctrl Pts',(693.595511307101,-4880.86770113565,37.679176382191));
#5413=CARTESIAN_POINT('Ctrl Pts',(693.645104544456,-4880.83129547502,37.6718119113106));
#5414=CARTESIAN_POINT('Ctrl Pts',(693.744193229308,-4880.75769621193,37.6570394710323));
#5415=CARTESIAN_POINT('Ctrl Pts',(693.843147438786,-4880.68308114345,37.6422112772871));
#5416=CARTESIAN_POINT('Ctrl Pts',(693.892605973133,-4880.6456588712,37.6347910078438));
#5417=CARTESIAN_POINT('Ctrl Pts',(694.040961234214,-4880.53348585342,37.6125362359453));
#5418=CARTESIAN_POINT('Ctrl Pts',(694.18938724184,-4880.42323679183,37.5903919587057));
#5419=CARTESIAN_POINT('Ctrl Pts',(694.288483137041,-4880.35210985385,37.5757635662984));
#5420=CARTESIAN_POINT('Ctrl Pts',(694.387894021458,-4880.28595912567,37.561416618872));
#5421=CARTESIAN_POINT('Ctrl Pts',(694.487664602139,-4880.22349729655,37.5472785525708));
#5422=CARTESIAN_POINT('Ctrl Pts',(692.447123937277,-4881.16061791739,37.8919104636137));
#5423=CARTESIAN_POINT('Ctrl Pts',(692.461394691914,-4881.17223733987,37.8913268342189));
#5424=CARTESIAN_POINT('Ctrl Pts',(692.475722183651,-4881.18358526493,37.8907476411391));
#5425=CARTESIAN_POINT('Ctrl Pts',(692.490201554069,-4881.19428380533,37.8901290408538));
#5426=CARTESIAN_POINT('Ctrl Pts',(692.518978934302,-4881.21415032732,37.8887262412633));
#5427=CARTESIAN_POINT('Ctrl Pts',(692.547151251343,-4881.23121477833,37.8870535855142));
#5428=CARTESIAN_POINT('Ctrl Pts',(692.561028199871,-4881.23908703043,37.8861608397777));
#5429=CARTESIAN_POINT('Ctrl Pts',(692.602741764305,-4881.26064315642,37.8833553300084));
#5430=CARTESIAN_POINT('Ctrl Pts',(692.645497814148,-4881.27562719868,37.8801619690202));
#5431=CARTESIAN_POINT('Ctrl Pts',(692.675145360337,-4881.28233444448,37.8778603467534));
#5432=CARTESIAN_POINT('Ctrl Pts',(692.733567807382,-4881.28939342409,37.8729034172665));
#5433=CARTESIAN_POINT('Ctrl Pts',(692.790383975097,-4881.28562647149,37.867350688167));
#5434=CARTESIAN_POINT('Ctrl Pts',(692.818287815001,-4881.28149742592,37.8644492670256));
#5435=CARTESIAN_POINT('Ctrl Pts',(692.873348265234,-4881.26966142496,37.8584456874464));
#5436=CARTESIAN_POINT('Ctrl Pts',(692.926848680469,-4881.25179364341,37.8521061831047));
#5437=CARTESIAN_POINT('Ctrl Pts',(692.953223014038,-4881.2416529264,37.8488697524375));
#5438=CARTESIAN_POINT('Ctrl Pts',(693.031495468543,-4881.20836716489,37.8390022608341));
#5439=CARTESIAN_POINT('Ctrl Pts',(693.107785464956,-4881.16805443956,37.8287460624737));
#5440=CARTESIAN_POINT('Ctrl Pts',(693.158250051044,-4881.13945554346,37.821813360048));
#5441=CARTESIAN_POINT('Ctrl Pts',(693.258521852253,-4881.07942380082,37.8077922922929));
#5442=CARTESIAN_POINT('Ctrl Pts',(693.357906364428,-4881.01491200006,37.7935243009398));
#5443=CARTESIAN_POINT('Ctrl Pts',(693.407461038883,-4880.98181153259,37.78634375543));
#5444=CARTESIAN_POINT('Ctrl Pts',(693.506374074411,-4880.9142066223,37.7719051542938));
#5445=CARTESIAN_POINT('Ctrl Pts',(693.605011637501,-4880.84431948609,37.7573405210521));
#5446=CARTESIAN_POINT('Ctrl Pts',(693.654289755673,-4880.80893309229,37.7500337340913));
#5447=CARTESIAN_POINT('Ctrl Pts',(693.752792998159,-4880.7374742,37.7353822654272));
#5448=CARTESIAN_POINT('Ctrl Pts',(693.851237411503,-4880.66509003431,37.7206799260541));
#5449=CARTESIAN_POINT('Ctrl Pts',(693.900456701059,-4880.62877790015,37.7133222424837));
#5450=CARTESIAN_POINT('Ctrl Pts',(694.048133387492,-4880.51985268365,37.691250471394));
#5451=CARTESIAN_POINT('Ctrl Pts',(694.196005875919,-4880.41245316558,37.6692665395394));
#5452=CARTESIAN_POINT('Ctrl Pts',(694.294782533948,-4880.34294444861,37.6547291481606));
#5453=CARTESIAN_POINT('Ctrl Pts',(694.394026183969,-4880.27788826836,37.6404438299421));
#5454=CARTESIAN_POINT('Ctrl Pts',(694.493712650565,-4880.21623609611,37.626351413412));
#5455=CARTESIAN_POINT('Ctrl Pts',(692.453992807686,-4881.15759800402,37.9912245024964));
#5456=CARTESIAN_POINT('Ctrl Pts',(692.468915461548,-4881.16969438248,37.9906111642667));
#5457=CARTESIAN_POINT('Ctrl Pts',(692.483727624656,-4881.18160601261,37.9899944217236));
#5458=CARTESIAN_POINT('Ctrl Pts',(692.498418592736,-4881.19322362602,37.9893650886473));
#5459=CARTESIAN_POINT('Ctrl Pts',(692.528116646339,-4881.21535739852,37.9880268689325));
#5460=CARTESIAN_POINT('Ctrl Pts',(692.558888093952,-4881.23429477798,37.9864678611777));
#5461=CARTESIAN_POINT('Ctrl Pts',(692.574656271926,-4881.24272133029,37.9856174283233));
#5462=CARTESIAN_POINT('Ctrl Pts',(692.622520196098,-4881.26453613802,37.9828506801903));
#5463=CARTESIAN_POINT('Ctrl Pts',(692.670493965441,-4881.27608538302,37.9794728178433));
#5464=CARTESIAN_POINT('Ctrl Pts',(692.701027346956,-4881.27936502841,37.9769846157256));
#5465=CARTESIAN_POINT('Ctrl Pts',(692.760375451852,-4881.27961784379,37.9716550513818));
#5466=CARTESIAN_POINT('Ctrl Pts',(692.816589500434,-4881.26938070757,37.9657402292619));
#5467=CARTESIAN_POINT('Ctrl Pts',(692.843989122768,-4881.26223187354,37.9626694050431));
#5468=CARTESIAN_POINT('Ctrl Pts',(692.897441705942,-4881.24472027778,37.9563515297267));
#5469=CARTESIAN_POINT('Ctrl Pts',(692.949017856191,-4881.22240164005,37.9497687064955));
#5470=CARTESIAN_POINT('Ctrl Pts',(692.974521769535,-4881.2104326107,37.9464324461442));
#5471=CARTESIAN_POINT('Ctrl Pts',(693.05050732821,-4881.17276967632,37.9363261193722));
#5472=CARTESIAN_POINT('Ctrl Pts',(693.125241176225,-4881.13089299389,37.9259870981782));
#5473=CARTESIAN_POINT('Ctrl Pts',(693.174823980242,-4881.10197431806,37.9190399575567));
#5474=CARTESIAN_POINT('Ctrl Pts',(693.273582657165,-4881.04211500331,37.9050336024138));
#5475=CARTESIAN_POINT('Ctrl Pts',(693.37179703356,-4880.97910031639,37.8908532114788));
#5476=CARTESIAN_POINT('Ctrl Pts',(693.42082516099,-4880.9469578586,37.8837279154153));
#5477=CARTESIAN_POINT('Ctrl Pts',(693.518784154474,-4880.8815988395,37.8694178888718));
#5478=CARTESIAN_POINT('Ctrl Pts',(693.616629853431,-4880.81443323087,37.8550078222552));
#5479=CARTESIAN_POINT('Ctrl Pts',(693.665544498876,-4880.78048318367,37.8477824280735));
#5480=CARTESIAN_POINT('Ctrl Pts',(693.763373098029,-4880.71198070351,37.8332982363864));
#5481=CARTESIAN_POINT('Ctrl Pts',(693.861228014616,-4880.64259003156,37.8187649020049));
#5482=CARTESIAN_POINT('Ctrl Pts',(693.910168916772,-4880.60775193191,37.8114903741987));
#5483=CARTESIAN_POINT('Ctrl Pts',(694.057049107585,-4880.50308881642,37.7896588897766));
#5484=CARTESIAN_POINT('Ctrl Pts',(694.204234824034,-4880.39927924318,37.7678769770599));
#5485=CARTESIAN_POINT('Ctrl Pts',(694.302614774104,-4880.33172809448,37.7534496533688));
#5486=CARTESIAN_POINT('Ctrl Pts',(694.401641320804,-4880.26803712797,37.7392411896655));
#5487=CARTESIAN_POINT('Ctrl Pts',(694.501237441704,-4880.20740466486,37.7252062862875));
#5488=CARTESIAN_POINT('Ctrl Pts',(692.46274739272,-4881.15824084926,38.0906650999968));
#5489=CARTESIAN_POINT('Ctrl Pts',(692.479544478054,-4881.17207495892,38.0901167750245));
#5490=CARTESIAN_POINT('Ctrl Pts',(692.496724650816,-4881.18567987891,38.089548546818));
#5491=CARTESIAN_POINT('Ctrl Pts',(692.514346560593,-4881.19850546208,38.0889323231189));
#5492=CARTESIAN_POINT('Ctrl Pts',(692.550007896623,-4881.22139566462,38.0875511874959));
#5493=CARTESIAN_POINT('Ctrl Pts',(692.585350445181,-4881.23841163422,38.0858523435166));
#5494=CARTESIAN_POINT('Ctrl Pts',(692.602656685202,-4881.24533655923,38.0849175281207));
#5495=CARTESIAN_POINT('Ctrl Pts',(692.653203593295,-4881.26196214711,38.0818835354165));
#5496=CARTESIAN_POINT('Ctrl Pts',(692.700138430129,-4881.26746879549,38.0782237608435));
#5497=CARTESIAN_POINT('Ctrl Pts',(692.730411857384,-4881.26752139325,38.0755671860573));
#5498=CARTESIAN_POINT('Ctrl Pts',(692.788585329657,-4881.26115194612,38.0698838532077));
#5499=CARTESIAN_POINT('Ctrl Pts',(692.842145973129,-4881.24449807375,38.063622600989));
#5500=CARTESIAN_POINT('Ctrl Pts',(692.86791202442,-4881.23428232041,38.0603887251025));
#5501=CARTESIAN_POINT('Ctrl Pts',(692.918672725888,-4881.21177733637,38.053803551497));
#5502=CARTESIAN_POINT('Ctrl Pts',(692.968457037041,-4881.18650010548,38.0470618510515));
#5503=CARTESIAN_POINT('Ctrl Pts',(692.993277088685,-4881.17353907266,38.0436727059709));
#5504=CARTESIAN_POINT('Ctrl Pts',(693.067452557494,-4881.13382545211,38.0334599165275));
#5505=CARTESIAN_POINT('Ctrl Pts',(693.141021854522,-4881.09192081772,38.0231261887339));
#5506=CARTESIAN_POINT('Ctrl Pts',(693.189938643369,-4881.06319746108,38.0161928311191));
#5507=CARTESIAN_POINT('Ctrl Pts',(693.287520672819,-4881.00442008173,38.0022526727161));
#5508=CARTESIAN_POINT('Ctrl Pts',(693.384800680296,-4880.94332091064,37.9881834815892));
#5509=CARTESIAN_POINT('Ctrl Pts',(693.433403198374,-4880.9122809367,37.9811215984765));
#5510=CARTESIAN_POINT('Ctrl Pts',(693.530584909794,-4880.84936948166,37.966951573839));
#5511=CARTESIAN_POINT('Ctrl Pts',(693.627777908291,-4880.78501134528,37.9527009774397));
#5512=CARTESIAN_POINT('Ctrl Pts',(693.676391457458,-4880.75252600456,37.9455586089337));
#5513=CARTESIAN_POINT('Ctrl Pts',(693.773656428278,-4880.68701614953,37.9312438028652));
#5514=CARTESIAN_POINT('Ctrl Pts',(693.871007897858,-4880.62063176352,37.9168802642537));
#5515=CARTESIAN_POINT('Ctrl Pts',(693.919708124861,-4880.58727251838,37.9096891991676));
#5516=CARTESIAN_POINT('Ctrl Pts',(694.065890914179,-4880.48688207445,37.8880986995609));
#5517=CARTESIAN_POINT('Ctrl Pts',(694.212437443563,-4880.38658899613,37.8665147187319));
#5518=CARTESIAN_POINT('Ctrl Pts',(694.310338751054,-4880.32077820653,37.8521850585726));
#5519=CARTESIAN_POINT('Ctrl Pts',(694.409207977728,-4880.25842082432,37.8380517479895));
#5520=CARTESIAN_POINT('Ctrl Pts',(694.508769346812,-4880.1987997466,37.8240739681352));
#5521=CARTESIAN_POINT('Ctrl Pts',(692.46470147918,-4881.15859318389,38.1105548093692));
#5522=CARTESIAN_POINT('Ctrl Pts',(692.481955155515,-4881.17281831044,38.1100279592915));
#5523=CARTESIAN_POINT('Ctrl Pts',(692.499725242903,-4881.18677788458,38.1094776110734));
#5524=CARTESIAN_POINT('Ctrl Pts',(692.518059682219,-4881.19981688331,38.1088690639421));
#5525=CARTESIAN_POINT('Ctrl Pts',(692.555095666013,-4881.2227623656,38.1074803151342));
#5526=CARTESIAN_POINT('Ctrl Pts',(692.591383428226,-4881.23920590444,38.1057402422457));
#5527=CARTESIAN_POINT('Ctrl Pts',(692.608960145014,-4881.24572170134,38.1047799519843));
#5528=CARTESIAN_POINT('Ctrl Pts',(692.659787577251,-4881.26103755069,38.101671602979));
#5529=CARTESIAN_POINT('Ctrl Pts',(692.706128667583,-4881.26524654141,38.0979484161754));
#5530=CARTESIAN_POINT('Ctrl Pts',(692.736312291472,-4881.26470021748,38.0952598014592));
#5531=CARTESIAN_POINT('Ctrl Pts',(692.79418632554,-4881.25706555323,38.0895073551244));
#5532=CARTESIAN_POINT('Ctrl Pts',(692.847148859484,-4881.23915653292,38.0831784483522));
#5533=CARTESIAN_POINT('Ctrl Pts',(692.872544696228,-4881.22833417771,38.0799126224609));
#5534=CARTESIAN_POINT('Ctrl Pts',(692.922742281528,-4881.20488009174,38.0732769046531));
#5535=CARTESIAN_POINT('Ctrl Pts',(692.972196148652,-4881.1790897709,38.0665076961923));
#5536=CARTESIAN_POINT('Ctrl Pts',(692.996895304967,-4881.16597045805,38.0631101668757));
#5537=CARTESIAN_POINT('Ctrl Pts',(693.070744446604,-4881.1259512742,38.0528819276136));
#5538=CARTESIAN_POINT('Ctrl Pts',(693.144099442175,-4881.08409597449,38.0425524013068));
#5539=CARTESIAN_POINT('Ctrl Pts',(693.192894878334,-4881.05542737901,38.0356226098426));
#5540=CARTESIAN_POINT('Ctrl Pts',(693.290258088484,-4880.99689561808,38.0216973218961));
#5541=CARTESIAN_POINT('Ctrl Pts',(693.387362276063,-4880.93619013454,38.0076509532875));
#5542=CARTESIAN_POINT('Ctrl Pts',(693.435884326352,-4880.90537382699,38.0006019275843));
#5543=CARTESIAN_POINT('Ctrl Pts',(693.532918614467,-4880.84295520552,37.9864600857311));
#5544=CARTESIAN_POINT('Ctrl Pts',(693.62998723802,-4880.77915820038,37.9722413614765));
#5545=CARTESIAN_POINT('Ctrl Pts',(693.678543299297,-4880.74696522591,37.9651155657387));
#5546=CARTESIAN_POINT('Ctrl Pts',(693.775700374525,-4880.6820522428,37.9508345442858));
#5547=CARTESIAN_POINT('Ctrl Pts',(693.872954853402,-4880.61626719905,37.9365048586809));
#5548=CARTESIAN_POINT('Ctrl Pts',(693.921608576629,-4880.58320288435,37.9293304398572));
#5549=CARTESIAN_POINT('Ctrl Pts',(694.067656158055,-4880.48366495531,37.90778802685));
#5550=CARTESIAN_POINT('Ctrl Pts',(694.214077196479,-4880.38407125325,37.8862434138884));
#5551=CARTESIAN_POINT('Ctrl Pts',(694.311878518299,-4880.31859874215,37.8719327263381));
#5552=CARTESIAN_POINT('Ctrl Pts',(694.410719536845,-4880.25650639318,37.8578143559491));
#5553=CARTESIAN_POINT('Ctrl Pts',(694.510276562265,-4880.19708704072,37.8438479734274));
#5554=CARTESIAN_POINT('Ctrl Pts',(692.469143872537,-4881.15846479075,38.1502652101193));
#5555=CARTESIAN_POINT('Ctrl Pts',(692.487335552294,-4881.17366917179,38.1498082396324));
#5556=CARTESIAN_POINT('Ctrl Pts',(692.506416301454,-4881.18872492901,38.1493338570738));
#5557=CARTESIAN_POINT('Ctrl Pts',(692.52664134834,-4881.2025165696,38.148769833415));
#5558=CARTESIAN_POINT('Ctrl Pts',(692.567346852418,-4881.22541877443,38.1473592600446));
#5559=CARTESIAN_POINT('Ctrl Pts',(692.605428358323,-4881.24006747208,38.1454939090568));
#5560=CARTESIAN_POINT('Ctrl Pts',(692.623048330427,-4881.24550716397,38.1444686521154));
#5561=CARTESIAN_POINT('Ctrl Pts',(692.672899250753,-4881.25769185843,38.1411849784483));
#5562=CARTESIAN_POINT('Ctrl Pts',(692.717231301826,-4881.25943068957,38.1373387762324));
#5563=CARTESIAN_POINT('Ctrl Pts',(692.747636824409,-4881.2579442066,38.1345915076339));
#5564=CARTESIAN_POINT('Ctrl Pts',(692.805029078968,-4881.24805935305,38.128709456966));
#5565=CARTESIAN_POINT('Ctrl Pts',(692.856657464225,-4881.22772152607,38.1222499795936));
#5566=CARTESIAN_POINT('Ctrl Pts',(692.881256766785,-4881.21573025186,38.1189230925696));
#5567=CARTESIAN_POINT('Ctrl Pts',(692.930389647595,-4881.19056012364,38.1121958524202));
#5568=CARTESIAN_POINT('Ctrl Pts',(692.979321059032,-4881.1639485357,38.1053821475966));
#5569=CARTESIAN_POINT('Ctrl Pts',(693.003823573978,-4881.15059775185,38.1019724341067));
#5570=CARTESIAN_POINT('Ctrl Pts',(693.077113672196,-4881.11017732493,38.091724948566));
#5571=CARTESIAN_POINT('Ctrl Pts',(693.150075311357,-4881.06848932742,38.0814077264674));
#5572=CARTESIAN_POINT('Ctrl Pts',(693.198661238052,-4881.03994750432,38.07448574927));
#5573=CARTESIAN_POINT('Ctrl Pts',(693.295623818683,-4880.98194427947,38.0605922325255));
#5574=CARTESIAN_POINT('Ctrl Pts',(693.392401551968,-4880.92203113089,38.0465917186803));
#5575=CARTESIAN_POINT('Ctrl Pts',(693.440772835985,-4880.89166247378,38.0395684132405));
#5576=CARTESIAN_POINT('Ctrl Pts',(693.537529919668,-4880.83022494908,38.0254826554716));
#5577=CARTESIAN_POINT('Ctrl Pts',(693.634363097464,-4880.76754081113,38.0113271354641));
#5578=CARTESIAN_POINT('Ctrl Pts',(693.682810003111,-4880.73592757053,38.0042342012686));
#5579=CARTESIAN_POINT('Ctrl Pts',(693.77976153538,-4880.67219801963,37.9900201652513));
#5580=CARTESIAN_POINT('Ctrl Pts',(693.87682977627,-4880.60760240636,37.975757665694));
#5581=CARTESIAN_POINT('Ctrl Pts',(693.925393961526,-4880.57512396311,37.9686163161285));
#5582=CARTESIAN_POINT('Ctrl Pts',(694.071179912952,-4880.47728192912,37.9471695668399));
#5583=CARTESIAN_POINT('Ctrl Pts',(694.217356212393,-4880.37907806185,37.9257031944031));
#5584=CARTESIAN_POINT('Ctrl Pts',(694.314948023137,-4880.31425916892,37.9114291408101));
#5585=CARTESIAN_POINT('Ctrl Pts',(694.413740111968,-4880.25269378093,37.8973404862349));
#5586=CARTESIAN_POINT('Ctrl Pts',(694.513294228793,-4880.1936765548,37.8833968320548));
#5587=CARTESIAN_POINT('Ctrl Pts',(692.473148224633,-4881.15928524997,38.1900396374272));
#5588=CARTESIAN_POINT('Ctrl Pts',(692.491847405631,-4881.17517021836,38.1896466706478));
#5589=CARTESIAN_POINT('Ctrl Pts',(692.511861823813,-4881.19098289535,38.1892412458905));
#5590=CARTESIAN_POINT('Ctrl Pts',(692.534280524063,-4881.20458195426,38.188665886834));
#5591=CARTESIAN_POINT('Ctrl Pts',(692.579003056579,-4881.22560265422,38.1871236719716));
#5592=CARTESIAN_POINT('Ctrl Pts',(692.618170845919,-4881.23757651437,38.1850889415446));
#5593=CARTESIAN_POINT('Ctrl Pts',(692.635248834886,-4881.24184258248,38.1839989910965));
#5594=CARTESIAN_POINT('Ctrl Pts',(692.683220661571,-4881.2508871801,38.18054385823));
#5595=CARTESIAN_POINT('Ctrl Pts',(692.726038465341,-4881.25080056854,38.176595744716));
#5596=CARTESIAN_POINT('Ctrl Pts',(692.7570470186,-4881.24870182979,38.1737995862937));
#5597=CARTESIAN_POINT('Ctrl Pts',(692.814214989191,-4881.23714424345,38.1678132418688));
#5598=CARTESIAN_POINT('Ctrl Pts',(692.864634226077,-4881.21488040194,38.1612502949128));
#5599=CARTESIAN_POINT('Ctrl Pts',(692.888589130022,-4881.20200041232,38.1578769788883));
#5600=CARTESIAN_POINT('Ctrl Pts',(692.937024535037,-4881.17565862494,38.1510861424464));
#5601=CARTESIAN_POINT('Ctrl Pts',(692.985717711286,-4881.14860153491,38.1442472745179));
#5602=CARTESIAN_POINT('Ctrl Pts',(693.010103860159,-4881.13515161749,38.1408325336615));
#5603=CARTESIAN_POINT('Ctrl Pts',(693.08301955438,-4881.09463716658,38.1305826250996));
#5604=CARTESIAN_POINT('Ctrl Pts',(693.155677193909,-4881.05316534845,38.1202800003304));
#5605=CARTESIAN_POINT('Ctrl Pts',(693.204117429978,-4881.02477236494,38.1133666436348));
#5606=CARTESIAN_POINT('Ctrl Pts',(693.300759254047,-4880.96732505769,38.0995062034724));
#5607=CARTESIAN_POINT('Ctrl Pts',(693.397265689222,-4880.90818216105,38.0855500917428));
#5608=CARTESIAN_POINT('Ctrl Pts',(693.445507519222,-4880.87825035526,38.0785518756924));
#5609=CARTESIAN_POINT('Ctrl Pts',(693.542025077623,-4880.81776166427,38.0645203099023));
#5610=CARTESIAN_POINT('Ctrl Pts',(693.638650654496,-4880.75615359882,38.0504258887558));
#5611=CARTESIAN_POINT('Ctrl Pts',(693.687000369128,-4880.72510169916,38.04336477065));
#5612=CARTESIAN_POINT('Ctrl Pts',(693.783767576036,-4880.66251991229,38.02921569832));
#5613=CARTESIAN_POINT('Ctrl Pts',(693.88066532091,-4880.59908325652,38.0150186672295));
#5614=CARTESIAN_POINT('Ctrl Pts',(693.929147463051,-4880.56717771514,38.0079096585152));
#5615=CARTESIAN_POINT('Ctrl Pts',(694.074688862048,-4880.47100115214,37.9865568650013));
#5616=CARTESIAN_POINT('Ctrl Pts',(694.220633861188,-4880.37417062906,37.9651678205636));
#5617=CARTESIAN_POINT('Ctrl Pts',(694.317999728576,-4880.30995534984,37.9509275491859));
#5618=CARTESIAN_POINT('Ctrl Pts',(694.416759424096,-4880.2489113161,37.9368683178735));
#5619=CARTESIAN_POINT('Ctrl Pts',(694.516322944046,-4880.19029272968,37.9229472132264));
#5620=CARTESIAN_POINT('Ctrl Pts',(692.474807378706,-4881.1610667522,38.2100226803987));
#5621=CARTESIAN_POINT('Ctrl Pts',(692.493699663672,-4881.17677119253,38.2096243545699));
#5622=CARTESIAN_POINT('Ctrl Pts',(692.514086486916,-4881.19210449262,38.209194277778));
#5623=CARTESIAN_POINT('Ctrl Pts',(692.537141690268,-4881.20480224511,38.2085654379061));
#5624=CARTESIAN_POINT('Ctrl Pts',(692.582810368953,-4881.22422977082,38.2069292693756));
#5625=CARTESIAN_POINT('Ctrl Pts',(692.622241451566,-4881.23497650902,38.2048239806613));
#5626=CARTESIAN_POINT('Ctrl Pts',(692.639268868515,-4881.23875533808,38.2037067775391));
#5627=CARTESIAN_POINT('Ctrl Pts',(692.687070356334,-4881.24654304666,38.2001793779714));
#5628=CARTESIAN_POINT('Ctrl Pts',(692.729802179599,-4881.24577914499,38.1961870030736));
#5629=CARTESIAN_POINT('Ctrl Pts',(692.761034768944,-4881.24339447559,38.1933686488432));
#5630=CARTESIAN_POINT('Ctrl Pts',(692.818146042845,-4881.23114132059,38.1873381759727));
#5631=CARTESIAN_POINT('Ctrl Pts',(692.868099710839,-4881.20812872631,38.1807347684674));
#5632=CARTESIAN_POINT('Ctrl Pts',(692.891836752504,-4881.19492183803,38.1773440975));
#5633=CARTESIAN_POINT('Ctrl Pts',(692.940080244974,-4881.1681772123,38.1705306964115));
#5634=CARTESIAN_POINT('Ctrl Pts',(692.988729147306,-4881.14098252922,38.1636836092871));
#5635=CARTESIAN_POINT('Ctrl Pts',(693.013074339655,-4881.12750740458,38.1602676913391));
#5636=CARTESIAN_POINT('Ctrl Pts',(693.085847245649,-4881.08699713517,38.1500193316238));
#5637=CARTESIAN_POINT('Ctrl Pts',(693.158380406826,-4881.04562251072,38.1397231309748));
#5638=CARTESIAN_POINT('Ctrl Pts',(693.20676345275,-4881.01730632394,38.1328141374385));
#5639=CARTESIAN_POINT('Ctrl Pts',(693.303266270067,-4880.96013234363,38.1189698939352));
#5640=CARTESIAN_POINT('Ctrl Pts',(693.399652131112,-4880.90136113251,38.1050351544614));
#5641=CARTESIAN_POINT('Ctrl Pts',(693.447834785963,-4880.87164224394,38.0980491683256));
#5642=CARTESIAN_POINT('Ctrl Pts',(693.544242614941,-4880.81161426633,38.0840439013586));
#5643=CARTESIAN_POINT('Ctrl Pts',(693.640771667257,-4880.75053055441,38.0699792477756));
#5644=CARTESIAN_POINT('Ctrl Pts',(693.689075867609,-4880.71975266598,38.0629336591712));
#5645=CARTESIAN_POINT('Ctrl Pts',(693.785756393565,-4880.65773210504,38.048816350933));
#5646=CARTESIAN_POINT('Ctrl Pts',(693.882572897298,-4880.59486433378,38.0346514561254));
#5647=CARTESIAN_POINT('Ctrl Pts',(693.931016020125,-4880.56324075194,38.0275583651735));
#5648=CARTESIAN_POINT('Ctrl Pts',(694.076439313566,-4880.46788630334,38.0062519516807));
#5649=CARTESIAN_POINT('Ctrl Pts',(694.222272315105,-4880.37173856254,37.9849013568171));
#5650=CARTESIAN_POINT('Ctrl Pts',(694.3195218161,-4880.30781154819,37.9706772058589));
#5651=CARTESIAN_POINT('Ctrl Pts',(694.418269753802,-4880.24702699531,37.9566326251375));
#5652=CARTESIAN_POINT('Ctrl Pts',(694.517841215155,-4880.18860666977,37.9427227402344));
#5653=CARTESIAN_POINT('Ctrl Pts',(692.483568281549,-4881.16058512496,38.2696095665943));
#5654=CARTESIAN_POINT('Ctrl Pts',(692.503041351002,-4881.17346222138,38.2690349221495));
#5655=CARTESIAN_POINT('Ctrl Pts',(692.52350775397,-4881.18538634061,38.268395992283));
#5656=CARTESIAN_POINT('Ctrl Pts',(692.544731943991,-4881.19572673857,38.2676542908606));
#5657=CARTESIAN_POINT('Ctrl Pts',(692.586852486077,-4881.21231461504,38.2659164381824));
#5658=CARTESIAN_POINT('Ctrl Pts',(692.625940241604,-4881.22169902249,38.2637575655959));
#5659=CARTESIAN_POINT('Ctrl Pts',(692.644039110378,-4881.22483526794,38.2625959747587));
#5660=CARTESIAN_POINT('Ctrl Pts',(692.694865940239,-4881.23093655273,38.2589434668022));
#5661=CARTESIAN_POINT('Ctrl Pts',(692.739470702042,-4881.22871070533,38.254836278816));
#5662=CARTESIAN_POINT('Ctrl Pts',(692.77021792143,-4881.22519411162,38.2519548337233));
#5663=CARTESIAN_POINT('Ctrl Pts',(692.82708622378,-4881.21123946121,38.2458226408717));
#5664=CARTESIAN_POINT('Ctrl Pts',(692.876823746973,-4881.18717417185,38.2391573756581));
#5665=CARTESIAN_POINT('Ctrl Pts',(692.90048441034,-4881.17355127092,38.2357423100941));
#5666=CARTESIAN_POINT('Ctrl Pts',(692.948629630834,-4881.14618082207,38.2288918709064));
#5667=CARTESIAN_POINT('Ctrl Pts',(692.997191324111,-4881.11870318279,38.2220283191281));
#5668=CARTESIAN_POINT('Ctrl Pts',(693.021459653033,-4881.10517068952,38.2186096737971));
#5669=CARTESIAN_POINT('Ctrl Pts',(693.093951603758,-4881.06464182559,38.2083628003251));
#5670=CARTESIAN_POINT('Ctrl Pts',(693.166213169743,-4881.02349457409,38.1980811825646));
#5671=CARTESIAN_POINT('Ctrl Pts',(693.214446693578,-4880.99541858452,38.1911861374212));
#5672=CARTESIAN_POINT('Ctrl Pts',(693.310601765657,-4880.93900872429,38.1773869525775));
#5673=CARTESIAN_POINT('Ctrl Pts',(693.406671744354,-4880.88129035094,38.163512624736));
#5674=CARTESIAN_POINT('Ctrl Pts',(693.454694351952,-4880.85218457364,38.1565618639958));
#5675=CARTESIAN_POINT('Ctrl Pts',(693.550804198889,-4880.79347843437,38.1426320020317));
#5676=CARTESIAN_POINT('Ctrl Pts',(693.64706582817,-4880.73391276318,38.1286535161887));
#5677=CARTESIAN_POINT('Ctrl Pts',(693.695242575812,-4880.70392964155,38.1216529656404));
#5678=CARTESIAN_POINT('Ctrl Pts',(693.791679764886,-4880.64354257549,38.1076281049358));
#5679=CARTESIAN_POINT('Ctrl Pts',(693.888264359571,-4880.58233972554,38.0935572623317));
#5680=CARTESIAN_POINT('Ctrl Pts',(693.936597094257,-4880.55154460747,38.0865109448042));
#5681=CARTESIAN_POINT('Ctrl Pts',(694.081677402641,-4880.45861346622,38.0653412442704));
#5682=CARTESIAN_POINT('Ctrl Pts',(694.227182879942,-4880.36450698953,38.0441056109343));
#5683=CARTESIAN_POINT('Ctrl Pts',(694.324075109135,-4880.30140700484,38.0299276744089));
#5684=CARTESIAN_POINT('Ctrl Pts',(694.422805887527,-4880.24139445642,38.0159267083278));
#5685=CARTESIAN_POINT('Ctrl Pts',(694.522412047688,-4880.18356398529,38.0020502203506));
#5686=CARTESIAN_POINT('Ctrl Pts',(692.494121663366,-4881.14641047237,38.3283902282984));
#5687=CARTESIAN_POINT('Ctrl Pts',(692.512654156574,-4881.15569805246,38.3275961771513));
#5688=CARTESIAN_POINT('Ctrl Pts',(692.531210242519,-4881.16434234056,38.3267651631091));
#5689=CARTESIAN_POINT('Ctrl Pts',(692.54945808483,-4881.17232859534,38.3259005915019));
#5690=CARTESIAN_POINT('Ctrl Pts',(692.585868222811,-4881.18650178067,38.3240695447669));
#5691=CARTESIAN_POINT('Ctrl Pts',(692.622299164477,-4881.19623494062,38.3219690045486));
#5692=CARTESIAN_POINT('Ctrl Pts',(692.640552903236,-4881.19980540564,38.3208369481265));
#5693=CARTESIAN_POINT('Ctrl Pts',(692.693931478331,-4881.20710691581,38.3172409748572));
#5694=CARTESIAN_POINT('Ctrl Pts',(692.742387803695,-4881.20522686876,38.3131221574593));
#5695=CARTESIAN_POINT('Ctrl Pts',(692.772178419539,-4881.20092233385,38.3102131053156));
#5696=CARTESIAN_POINT('Ctrl Pts',(692.829304313472,-4881.18693418579,38.3040878354888));
#5697=CARTESIAN_POINT('Ctrl Pts',(692.881109490205,-4881.1645353038,38.2975035311598));
#5698=CARTESIAN_POINT('Ctrl Pts',(692.905938018458,-4881.15185186619,38.2941329143923));
#5699=CARTESIAN_POINT('Ctrl Pts',(692.955161076751,-4881.1254681585,38.2873326796943));
#5700=CARTESIAN_POINT('Ctrl Pts',(693.003876223986,-4881.09821648784,38.2804832586853));
#5701=CARTESIAN_POINT('Ctrl Pts',(693.028216625945,-4881.08469639585,38.2770651025897));
#5702=CARTESIAN_POINT('Ctrl Pts',(693.10091867269,-4881.04411372935,38.2668131215349));
#5703=CARTESIAN_POINT('Ctrl Pts',(693.173193218938,-4881.00306493235,38.256536351134));
#5704=CARTESIAN_POINT('Ctrl Pts',(693.221346899103,-4880.97526442617,38.2496581768792));
#5705=CARTESIAN_POINT('Ctrl Pts',(693.317373433679,-4880.91942967527,38.2358920994563));
#5706=CARTESIAN_POINT('Ctrl Pts',(693.413261236686,-4880.86258125096,38.2220675603621));
#5707=CARTESIAN_POINT('Ctrl Pts',(693.461184129213,-4880.83398694371,38.2151460631892));
#5708=CARTESIAN_POINT('Ctrl Pts',(693.557093060854,-4880.77639527534,38.201279638861));
#5709=CARTESIAN_POINT('Ctrl Pts',(693.653153752368,-4880.7181485811,38.1873759858677));
#5710=CARTESIAN_POINT('Ctrl Pts',(693.701229867332,-4880.68885972232,38.1804147602019));
#5711=CARTESIAN_POINT('Ctrl Pts',(693.797473181763,-4880.6299227054,38.1664719532264));
#5712=CARTESIAN_POINT('Ctrl Pts',(693.893860993667,-4880.57022988691,38.152486415053));
#5713=CARTESIAN_POINT('Ctrl Pts',(693.942104705021,-4880.5401990634,38.1454832597312));
#5714=CARTESIAN_POINT('Ctrl Pts',(694.086875908509,-4880.44952321339,38.1244407924345));
#5715=CARTESIAN_POINT('Ctrl Pts',(694.232062295983,-4880.35743342663,38.1033187455855));
#5716=CARTESIAN_POINT('Ctrl Pts',(694.32859076985,-4880.29510140162,38.0891836783486));
#5717=CARTESIAN_POINT('Ctrl Pts',(694.427376016794,-4880.23582113476,38.0752241872643));
#5718=CARTESIAN_POINT('Ctrl Pts',(694.527049366145,-4880.17855926957,38.0613799439922));
#5719=CARTESIAN_POINT('Ctrl Pts',(692.498133738504,-4881.13437812572,38.3674472666191));
#5720=CARTESIAN_POINT('Ctrl Pts',(692.516080057783,-4881.14276297459,38.3666054635974));
#5721=CARTESIAN_POINT('Ctrl Pts',(692.534197272144,-4881.15054469609,38.3657274876411));
#5722=CARTESIAN_POINT('Ctrl Pts',(692.552400160641,-4881.15754236643,38.364802459067));
#5723=CARTESIAN_POINT('Ctrl Pts',(692.588679783725,-4881.16970313485,38.3628433510936));
#5724=CARTESIAN_POINT('Ctrl Pts',(692.624247970683,-4881.17805492191,38.360660100916));
#5725=CARTESIAN_POINT('Ctrl Pts',(692.641737098023,-4881.18124012948,38.3595107265558));
#5726=CARTESIAN_POINT('Ctrl Pts',(692.693126968337,-4881.18796155051,38.3558988322978));
#5727=CARTESIAN_POINT('Ctrl Pts',(692.741152537286,-4881.18670955287,38.3518282881781));
#5728=CARTESIAN_POINT('Ctrl Pts',(692.77160244958,-4881.18284305793,38.348941802321));
#5729=CARTESIAN_POINT('Ctrl Pts',(692.829552898307,-4881.16993573965,38.3428804398918));
#5730=CARTESIAN_POINT('Ctrl Pts',(692.882553041352,-4881.14899030252,38.336376302662));
#5731=CARTESIAN_POINT('Ctrl Pts',(692.908094635008,-4881.13710259619,38.3330476910494));
#5732=CARTESIAN_POINT('Ctrl Pts',(692.958337677911,-4881.11194678394,38.326313666585));
#5733=CARTESIAN_POINT('Ctrl Pts',(693.007492366018,-4881.0852401717,38.3194945093105));
#5734=CARTESIAN_POINT('Ctrl Pts',(693.031962903927,-4881.07182326767,38.3160818723384));
#5735=CARTESIAN_POINT('Ctrl Pts',(693.105033219617,-4881.03139010902,38.3058359844505));
#5736=CARTESIAN_POINT('Ctrl Pts',(693.177424716004,-4880.99038848183,38.2955607848336));
#5737=CARTESIAN_POINT('Ctrl Pts',(693.225583817815,-4880.96278433731,38.288694493437));
#5738=CARTESIAN_POINT('Ctrl Pts',(693.321631671062,-4880.90724608199,38.274944936695));
#5739=CARTESIAN_POINT('Ctrl Pts',(693.417456092466,-4880.85090875913,38.2611497975445));
#5740=CARTESIAN_POINT('Ctrl Pts',(693.465346952933,-4880.82258191907,38.254243381214));
#5741=CARTESIAN_POINT('Ctrl Pts',(693.561169415076,-4880.76562402591,38.2404129913446));
#5742=CARTESIAN_POINT('Ctrl Pts',(693.657123503364,-4880.70812251951,38.2265515895904));
#5743=CARTESIAN_POINT('Ctrl Pts',(693.705144328436,-4880.67923360219,38.219613011122));
#5744=CARTESIAN_POINT('Ctrl Pts',(693.801277525908,-4880.62114354615,38.2057181293501));
#5745=CARTESIAN_POINT('Ctrl Pts',(693.897548782754,-4880.56235835355,38.1917838658994));
#5746=CARTESIAN_POINT('Ctrl Pts',(693.94574744722,-4880.53280014677,38.1848074149698));
#5747=CARTESIAN_POINT('Ctrl Pts',(694.090325729767,-4880.44351639386,38.1638434786669));
#5748=CARTESIAN_POINT('Ctrl Pts',(694.235254673996,-4880.35275683346,38.1427962830017));
#5749=CARTESIAN_POINT('Ctrl Pts',(694.331563486709,-4880.29097226587,38.1286918426154));
#5750=CARTESIAN_POINT('Ctrl Pts',(694.430447848237,-4880.23213469424,38.1147575219101));
#5751=CARTESIAN_POINT('Ctrl Pts',(694.53018467872,-4880.17523380908,38.1009337805533));
#5752=CARTESIAN_POINT('Ctrl Pts',(692.502186780535,-4881.1213840768,38.4064460531472));
#5753=CARTESIAN_POINT('Ctrl Pts',(692.519721998767,-4881.12872180288,38.4055433590666));
#5754=CARTESIAN_POINT('Ctrl Pts',(692.537364916109,-4881.13551570543,38.4046083844833));
#5755=CARTESIAN_POINT('Ctrl Pts',(692.555050526638,-4881.14163589779,38.4036333766141));
#5756=CARTESIAN_POINT('Ctrl Pts',(692.590307392629,-4881.15233075627,38.4015920274742));
#5757=CARTESIAN_POINT('Ctrl Pts',(692.625008259208,-4881.15978783103,38.399360640932));
#5758=CARTESIAN_POINT('Ctrl Pts',(692.642136724106,-4881.16266825706,38.3981954782601));
#5759=CARTESIAN_POINT('Ctrl Pts',(692.692687825263,-4881.16881775341,38.3945556361986));
#5760=CARTESIAN_POINT('Ctrl Pts',(692.740520617734,-4881.1678196981,38.3905037155226));
#5761=CARTESIAN_POINT('Ctrl Pts',(692.771025789344,-4881.16429103484,38.3876390823097));
#5762=CARTESIAN_POINT('Ctrl Pts',(692.829412494632,-4881.15240750652,38.3816392929511));
#5763=CARTESIAN_POINT('Ctrl Pts',(692.883344717365,-4881.13289479216,38.3752156961618));
#5764=CARTESIAN_POINT('Ctrl Pts',(692.909414204013,-4881.12174900742,38.3719278453556));
#5765=CARTESIAN_POINT('Ctrl Pts',(692.960544207051,-4881.09785874591,38.3652636628254));
#5766=CARTESIAN_POINT('Ctrl Pts',(693.010276524835,-4881.07195571166,38.3584889487028));
#5767=CARTESIAN_POINT('Ctrl Pts',(693.034959031685,-4881.05881077227,38.3550912782814));
#5768=CARTESIAN_POINT('Ctrl Pts',(693.10855686804,-4881.01898229927,38.3448780324374));
#5769=CARTESIAN_POINT('Ctrl Pts',(693.181176568181,-4880.97822229745,38.3346154878484));
#5770=CARTESIAN_POINT('Ctrl Pts',(693.2294250044,-4880.95083345177,38.3277614102739));
#5771=CARTESIAN_POINT('Ctrl Pts',(693.325595358897,-4880.89568127698,38.3140333065025));
#5772=CARTESIAN_POINT('Ctrl Pts',(693.421435796026,-4880.83982850932,38.3002656518988));
#5773=CARTESIAN_POINT('Ctrl Pts',(693.469322965236,-4880.81176480016,38.2933740952514));
#5774=CARTESIAN_POINT('Ctrl Pts',(693.565111666869,-4880.75538973676,38.2795767358327));
#5775=CARTESIAN_POINT('Ctrl Pts',(693.660995581422,-4880.69855171077,38.2657529077429));
#5776=CARTESIAN_POINT('Ctrl Pts',(693.708976804828,-4880.67001571981,38.2588343048757));
#5777=CARTESIAN_POINT('Ctrl Pts',(693.805019901843,-4880.61266415481,38.2449811924498));
#5778=CARTESIAN_POINT('Ctrl Pts',(693.901194886673,-4880.55467922846,38.2310921403052));
#5779=CARTESIAN_POINT('Ctrl Pts',(693.949341864309,-4880.52553093282,38.2241388319145));
#5780=CARTESIAN_POINT('Ctrl Pts',(694.093757976992,-4880.43749333994,38.2032452101716));
#5781=CARTESIAN_POINT('Ctrl Pts',(694.238524975495,-4880.34801023543,38.1822699752638));
#5782=CARTESIAN_POINT('Ctrl Pts',(694.334656925201,-4880.28685377916,38.1682007816927));
#5783=CARTESIAN_POINT('Ctrl Pts',(694.433618791074,-4880.2284431892,38.1542907148407));
#5784=CARTESIAN_POINT('Ctrl Pts',(694.533402875245,-4880.1718970608,38.1404871017623));
#5785=CARTESIAN_POINT('Ctrl Pts',(692.505763730895,-4881.10767121716,38.4454048016452));
#5786=CARTESIAN_POINT('Ctrl Pts',(692.522950908806,-4881.11414805677,38.4444522022148));
#5787=CARTESIAN_POINT('Ctrl Pts',(692.540206465509,-4881.12013027809,38.4434704467495));
#5788=CARTESIAN_POINT('Ctrl Pts',(692.557479546955,-4881.12552020408,38.4424537364277));
#5789=CARTESIAN_POINT('Ctrl Pts',(692.591917374485,-4881.1349627863,38.440341659074));
#5790=CARTESIAN_POINT('Ctrl Pts',(692.625893273834,-4881.14159455186,38.4380650560689));
#5791=CARTESIAN_POINT('Ctrl Pts',(692.6427038256,-4881.14417245932,38.4368837481923));
#5792=CARTESIAN_POINT('Ctrl Pts',(692.692462103695,-4881.1497043613,38.4332122096393));
#5793=CARTESIAN_POINT('Ctrl Pts',(692.739973980843,-4881.1488385681,38.4291715404457));
#5794=CARTESIAN_POINT('Ctrl Pts',(692.770453480361,-4881.14561406201,38.4263265148811));
#5795=CARTESIAN_POINT('Ctrl Pts',(692.829099751449,-4881.13467569943,38.4203836718584));
#5796=CARTESIAN_POINT('Ctrl Pts',(692.883746028853,-4881.11650764223,38.4140367236283));
#5797=CARTESIAN_POINT('Ctrl Pts',(692.91023360794,-4881.1060617874,38.4107880528984));
#5798=CARTESIAN_POINT('Ctrl Pts',(692.962128698617,-4881.08343289497,38.4041944276222));
#5799=CARTESIAN_POINT('Ctrl Pts',(693.012446657948,-4881.05844866254,38.3974709343161));
#5800=CARTESIAN_POINT('Ctrl Pts',(693.037364404479,-4881.04565695521,38.3940929003994));
#5801=CARTESIAN_POINT('Ctrl Pts',(693.111562454417,-4881.0066789032,38.3839265481709));
#5802=CARTESIAN_POINT('Ctrl Pts',(693.184499885314,-4880.96634421428,38.3736871293601));
#5803=CARTESIAN_POINT('Ctrl Pts',(693.232889812807,-4880.93922444205,38.3668481057237));
#5804=CARTESIAN_POINT('Ctrl Pts',(693.32926821836,-4880.88455052937,38.3531465678342));
#5805=CARTESIAN_POINT('Ctrl Pts',(693.425190988592,-4880.82919269025,38.3394068104776));
#5806=CARTESIAN_POINT('Ctrl Pts',(693.473101971251,-4880.80138915986,38.3325299139474));
#5807=CARTESIAN_POINT('Ctrl Pts',(693.568905915803,-4880.74556742332,38.3187638255613));
#5808=CARTESIAN_POINT('Ctrl Pts',(693.664756951241,-4880.68933695359,38.3049743626493));
#5809=CARTESIAN_POINT('Ctrl Pts',(693.712714143701,-4880.66111964614,38.2980737835049));
#5810=CARTESIAN_POINT('Ctrl Pts',(693.808695725421,-4880.60443199908,38.2842582060767));
#5811=CARTESIAN_POINT('Ctrl Pts',(693.90479743355,-4880.54716287428,38.2704095919717));
#5812=CARTESIAN_POINT('Ctrl Pts',(693.952899391438,-4880.51837896159,38.2634768499689));
#5813=CARTESIAN_POINT('Ctrl Pts',(694.097196119481,-4880.43146641412,38.2426467349656));
#5814=CARTESIAN_POINT('Ctrl Pts',(694.241840718491,-4880.34313680043,38.2217365595547));
#5815=CARTESIAN_POINT('Ctrl Pts',(694.337919360839,-4880.28268235356,38.2077069752593));
#5816=CARTESIAN_POINT('Ctrl Pts',(694.4369111775,-4880.22471181603,38.1938218345946));
#5817=CARTESIAN_POINT('Ctrl Pts',(694.536715553678,-4880.16852692473,38.180038678166));
#5818=CARTESIAN_POINT('Ctrl Pts',(692.321066080894,-4881.28994327519,35.1866660018197));
#5819=CARTESIAN_POINT('Ctrl Pts',(692.312580600547,-4881.26813102434,35.186877664481));
#5820=CARTESIAN_POINT('Ctrl Pts',(692.303475262063,-4881.24555706196,35.1871451790466));
#5821=CARTESIAN_POINT('Ctrl Pts',(692.293687830815,-4881.2220212038,35.1874741148496));
#5822=CARTESIAN_POINT('Ctrl Pts',(692.271349588214,-4881.17227206449,35.1884041864378));
#5823=CARTESIAN_POINT('Ctrl Pts',(692.244594061325,-4881.11390888627,35.1898594382716));
#5824=CARTESIAN_POINT('Ctrl Pts',(692.230454546137,-4881.08087744228,35.1907079516921));
#5825=CARTESIAN_POINT('Ctrl Pts',(692.199253316932,-4880.97758140345,35.1921543606304));
#5826=CARTESIAN_POINT('Ctrl Pts',(692.19343660223,-4880.90059349806,35.19152551378));
#5827=CARTESIAN_POINT('Ctrl Pts',(692.195615989039,-4880.87222177657,35.1908214557205));
#5828=CARTESIAN_POINT('Ctrl Pts',(692.203974546931,-4880.79565072694,35.1888868437117));
#5829=CARTESIAN_POINT('Ctrl Pts',(692.22276898138,-4880.72984421037,35.1861655192785));
#5830=CARTESIAN_POINT('Ctrl Pts',(692.234337126331,-4880.70163571285,35.1846637243737));
#5831=CARTESIAN_POINT('Ctrl Pts',(692.260955531166,-4880.64747534377,35.1813830415587));
#5832=CARTESIAN_POINT('Ctrl Pts',(692.293575923195,-4880.59884339779,35.1776371605038));
#5833=CARTESIAN_POINT('Ctrl Pts',(692.31111262303,-4880.57598336146,35.1756717942067));
#5834=CARTESIAN_POINT('Ctrl Pts',(692.367694495911,-4880.51254912747,35.1694810505905));
#5835=CARTESIAN_POINT('Ctrl Pts',(692.436153883783,-4880.4624995406,35.1623890963185));
#5836=CARTESIAN_POINT('Ctrl Pts',(692.486995406903,-4880.43493028934,35.1572650211391));
#5837=CARTESIAN_POINT('Ctrl Pts',(692.582169976018,-4880.37301781896,35.1475049705784));
#5838=CARTESIAN_POINT('Ctrl Pts',(692.677407960249,-4880.31182430136,35.1377296569249));
#5839=CARTESIAN_POINT('Ctrl Pts',(692.72530954269,-4880.28170356691,35.1328177981345));
#5840=CARTESIAN_POINT('Ctrl Pts',(692.821092151228,-4880.22177259893,35.122989605938));
#5841=CARTESIAN_POINT('Ctrl Pts',(692.916704547479,-4880.16231293984,35.1131622069553));
#5842=CARTESIAN_POINT('Ctrl Pts',(692.964371137845,-4880.13259184221,35.1082560297375));
#5843=CARTESIAN_POINT('Ctrl Pts',(693.0594045739,-4880.07313481272,35.0984604015567));
#5844=CARTESIAN_POINT('Ctrl Pts',(693.15384218144,-4880.01362221374,35.0886985182414));
#5845=CARTESIAN_POINT('Ctrl Pts',(693.200909418156,-4879.98384133813,35.0838263533872));
#5846=CARTESIAN_POINT('Ctrl Pts',(693.341679560912,-4879.89442072913,35.0692350335808));
#5847=CARTESIAN_POINT('Ctrl Pts',(693.481241427789,-4879.80473146809,35.0547152699757));
#5848=CARTESIAN_POINT('Ctrl Pts',(693.573671496428,-4879.74458107007,35.0450766652804));
#5849=CARTESIAN_POINT('Ctrl Pts',(693.666149120792,-4879.68521927311,35.0354190923594));
#5850=CARTESIAN_POINT('Ctrl Pts',(693.758085108276,-4879.62298687774,35.0258460444306));
#5851=CARTESIAN_POINT('Ctrl Pts',(692.322239072245,-4881.29020945104,35.1965935588726));
#5852=CARTESIAN_POINT('Ctrl Pts',(692.313786102996,-4881.26852850038,35.1968008898144));
#5853=CARTESIAN_POINT('Ctrl Pts',(692.304720356983,-4881.24611114009,35.1970625749422));
#5854=CARTESIAN_POINT('Ctrl Pts',(692.294984265892,-4881.22274833136,35.1973832855722));
#5855=CARTESIAN_POINT('Ctrl Pts',(692.272700001549,-4881.17353799602,35.1982902879995));
#5856=CARTESIAN_POINT('Ctrl Pts',(692.244942813391,-4881.11547361178,35.1998173043211));
#5857=CARTESIAN_POINT('Ctrl Pts',(692.229732866264,-4881.08215428779,35.2007605609378));
#5858=CARTESIAN_POINT('Ctrl Pts',(692.196986200141,-4880.97623565519,35.2022891070519));
#5859=CARTESIAN_POINT('Ctrl Pts',(692.191463504577,-4880.89880869254,35.2015938558827));
#5860=CARTESIAN_POINT('Ctrl Pts',(692.193484468559,-4880.87174826751,35.2009211204272));
#5861=CARTESIAN_POINT('Ctrl Pts',(692.201705889224,-4880.79518512118,35.1989913847806));
#5862=CARTESIAN_POINT('Ctrl Pts',(692.220433243763,-4880.72935147084,35.1962730234447));
#5863=CARTESIAN_POINT('Ctrl Pts',(692.23198937412,-4880.70122277386,35.1947722663055));
#5864=CARTESIAN_POINT('Ctrl Pts',(692.258601035517,-4880.64709364327,35.1914918241294));
#5865=CARTESIAN_POINT('Ctrl Pts',(692.291242626441,-4880.59842051038,35.1877442159715));
#5866=CARTESIAN_POINT('Ctrl Pts',(692.308790692213,-4880.57555299604,35.1857782216443));
#5867=CARTESIAN_POINT('Ctrl Pts',(692.365428642597,-4880.5121271316,35.1795844564831));
#5868=CARTESIAN_POINT('Ctrl Pts',(692.434088003438,-4880.46217347072,35.1724789946134));
#5869=CARTESIAN_POINT('Ctrl Pts',(692.485208805754,-4880.43482944464,35.1673351561229));
#5870=CARTESIAN_POINT('Ctrl Pts',(692.580482721718,-4880.37283496441,35.1575705130032));
#5871=CARTESIAN_POINT('Ctrl Pts',(692.675920931503,-4880.31165720508,35.1477835079418));
#5872=CARTESIAN_POINT('Ctrl Pts',(692.723923523408,-4880.2815402079,35.1428658166779));
#5873=CARTESIAN_POINT('Ctrl Pts',(692.819923049196,-4880.2216305756,35.1330249630184));
#5874=CARTESIAN_POINT('Ctrl Pts',(692.915759535406,-4880.16219528913,35.1231845241089));
#5875=CARTESIAN_POINT('Ctrl Pts',(692.963537387579,-4880.13248529204,35.1182719092543));
#5876=CARTESIAN_POINT('Ctrl Pts',(693.058792666553,-4880.07305078992,35.1084634614676));
#5877=CARTESIAN_POINT('Ctrl Pts',(693.153449614163,-4880.01356300707,35.0986888975912));
#5878=CARTESIAN_POINT('Ctrl Pts',(693.200625067837,-4879.98379489337,35.0938104740059));
#5879=CARTESIAN_POINT('Ctrl Pts',(693.341713871436,-4879.89441410333,35.0792006976998));
#5880=CARTESIAN_POINT('Ctrl Pts',(693.481570572319,-4879.80476922039,35.0646637502158));
#5881=CARTESIAN_POINT('Ctrl Pts',(693.574173012129,-4879.74458528067,35.055016276238));
#5882=CARTESIAN_POINT('Ctrl Pts',(693.666817881909,-4879.68538682261,35.0453463379289));
#5883=CARTESIAN_POINT('Ctrl Pts',(693.758913250655,-4879.62323101795,35.0357630182897));
#5884=CARTESIAN_POINT('Ctrl Pts',(692.323317297949,-4881.29012401463,35.2065387665213));
#5885=CARTESIAN_POINT('Ctrl Pts',(692.314898708625,-4881.26854376762,35.206743349421));
#5886=CARTESIAN_POINT('Ctrl Pts',(692.305883164426,-4881.24624942589,35.2070005164075));
#5887=CARTESIAN_POINT('Ctrl Pts',(692.296207735691,-4881.22302472819,35.2073156351109));
#5888=CARTESIAN_POINT('Ctrl Pts',(692.274214914649,-4881.17429298202,35.2081814976233));
#5889=CARTESIAN_POINT('Ctrl Pts',(692.245826783555,-4881.11681757286,35.2097407478568));
#5890=CARTESIAN_POINT('Ctrl Pts',(692.229569303044,-4881.0835478258,35.2107722108923));
#5891=CARTESIAN_POINT('Ctrl Pts',(692.195327314777,-4880.97596169191,35.2123647072668));
#5892=CARTESIAN_POINT('Ctrl Pts',(692.189848144192,-4880.89798997792,35.2116304819437));
#5893=CARTESIAN_POINT('Ctrl Pts',(692.191592426347,-4880.87158707194,35.2109961300904));
#5894=CARTESIAN_POINT('Ctrl Pts',(692.199582868276,-4880.79502568007,35.2090808417103));
#5895=CARTESIAN_POINT('Ctrl Pts',(692.218204237241,-4880.72917444834,35.2063694513525));
#5896=CARTESIAN_POINT('Ctrl Pts',(692.229727604455,-4880.70104544534,35.2048710648938));
#5897=CARTESIAN_POINT('Ctrl Pts',(692.256302437291,-4880.64688445922,35.2015933172433));
#5898=CARTESIAN_POINT('Ctrl Pts',(692.288950373588,-4880.59816452951,35.19784558155));
#5899=CARTESIAN_POINT('Ctrl Pts',(692.306506699631,-4880.5752843951,35.1958793445918));
#5900=CARTESIAN_POINT('Ctrl Pts',(692.3631933988,-4880.51183996422,35.1896833848936));
#5901=CARTESIAN_POINT('Ctrl Pts',(692.43202095638,-4880.46193555029,35.1825670374813));
#5902=CARTESIAN_POINT('Ctrl Pts',(692.483371212795,-4880.43475707153,35.1774073564527));
#5903=CARTESIAN_POINT('Ctrl Pts',(692.578738742504,-4880.37266198862,35.1676388007796));
#5904=CARTESIAN_POINT('Ctrl Pts',(692.674388534161,-4880.31150241052,35.1578394561937));
#5905=CARTESIAN_POINT('Ctrl Pts',(692.722491423581,-4880.28138319676,35.1529160847071));
#5906=CARTESIAN_POINT('Ctrl Pts',(692.81871282738,-4880.22149102331,35.1430623825295));
#5907=CARTESIAN_POINT('Ctrl Pts',(692.914778820887,-4880.16207756165,35.1332086652472));
#5908=CARTESIAN_POINT('Ctrl Pts',(692.962671017648,-4880.13237798431,35.1282894624286));
#5909=CARTESIAN_POINT('Ctrl Pts',(693.058154346415,-4880.07296503167,35.1184678838393));
#5910=CARTESIAN_POINT('Ctrl Pts',(693.153036996927,-4880.0135017943,35.1086803052833));
#5911=CARTESIAN_POINT('Ctrl Pts',(693.200323742454,-4879.98374629744,35.1037954615158));
#5912=CARTESIAN_POINT('Ctrl Pts',(693.341740201593,-4879.8944050268,35.0891667530597));
#5913=CARTESIAN_POINT('Ctrl Pts',(693.481899540364,-4879.80480320407,35.0746122260659));
#5914=CARTESIAN_POINT('Ctrl Pts',(693.574678840513,-4879.74457163607,35.0649559073446));
#5915=CARTESIAN_POINT('Ctrl Pts',(693.667493348242,-4879.68554635728,35.0552732871082));
#5916=CARTESIAN_POINT('Ctrl Pts',(693.759749716318,-4879.62346848194,35.0456795863435));
#5917=CARTESIAN_POINT('Ctrl Pts',(692.324192227001,-4881.28961467564,35.2165099654158));
#5918=CARTESIAN_POINT('Ctrl Pts',(692.315779316857,-4881.26808232985,35.216716405922));
#5919=CARTESIAN_POINT('Ctrl Pts',(692.306781344782,-4881.2458445089,35.2169749723823));
#5920=CARTESIAN_POINT('Ctrl Pts',(692.297102406388,-4881.22268971455,35.217295536535));
#5921=CARTESIAN_POINT('Ctrl Pts',(692.275453216553,-4881.17414026255,35.2181257677123));
#5922=CARTESIAN_POINT('Ctrl Pts',(692.247258778361,-4881.1172303182,35.2196326838163));
#5923=CARTESIAN_POINT('Ctrl Pts',(692.230300248811,-4881.08445453533,35.2207026670879));
#5924=CARTESIAN_POINT('Ctrl Pts',(692.194502370135,-4880.97779321779,35.222351779298));
#5925=CARTESIAN_POINT('Ctrl Pts',(692.188527136313,-4880.8987223692,35.2216561425787));
#5926=CARTESIAN_POINT('Ctrl Pts',(692.189950312053,-4880.87172607402,35.2210454899605));
#5927=CARTESIAN_POINT('Ctrl Pts',(692.197609951963,-4880.79518678297,35.2191551986076));
#5928=CARTESIAN_POINT('Ctrl Pts',(692.216085796464,-4880.72933338079,35.2164547499388));
#5929=CARTESIAN_POINT('Ctrl Pts',(692.227553521515,-4880.70110100806,35.2149600403237));
#5930=CARTESIAN_POINT('Ctrl Pts',(692.254059606686,-4880.646840092,35.2116875130262));
#5931=CARTESIAN_POINT('Ctrl Pts',(692.286698936055,-4880.59807912671,35.2079413457833));
#5932=CARTESIAN_POINT('Ctrl Pts',(692.304261636057,-4880.57518139342,35.2059751386457));
#5933=CARTESIAN_POINT('Ctrl Pts',(692.360995250541,-4880.511692326,35.1997773186799));
#5934=CARTESIAN_POINT('Ctrl Pts',(692.429954408607,-4880.46178918175,35.1926530999974));
#5935=CARTESIAN_POINT('Ctrl Pts',(692.481466424528,-4880.4346957393,35.1874828319561));
#5936=CARTESIAN_POINT('Ctrl Pts',(692.576936722426,-4880.37249866671,35.1777099190284));
#5937=CARTESIAN_POINT('Ctrl Pts',(692.672806862087,-4880.3113564076,35.1678977802531));
#5938=CARTESIAN_POINT('Ctrl Pts',(692.721010352047,-4880.28123017132,35.162968805304));
#5939=CARTESIAN_POINT('Ctrl Pts',(692.817458926636,-4880.22135181449,35.1531020439943));
#5940=CARTESIAN_POINT('Ctrl Pts',(692.913760266015,-4880.16195794459,35.1432347809534));
#5941=CARTESIAN_POINT('Ctrl Pts',(692.961770171761,-4880.13226833574,35.1383088201149));
#5942=CARTESIAN_POINT('Ctrl Pts',(693.057488245566,-4880.07287634982,35.1284737654676));
#5943=CARTESIAN_POINT('Ctrl Pts',(693.152603381851,-4880.01343770022,35.1186728093904));
#5944=CARTESIAN_POINT('Ctrl Pts',(693.200004676841,-4879.98369480335,35.113781371646));
#5945=CARTESIAN_POINT('Ctrl Pts',(693.341758307593,-4879.89439314505,35.0991332196272));
#5946=CARTESIAN_POINT('Ctrl Pts',(693.482228521189,-4879.80483329346,35.0845606894211));
#5947=CARTESIAN_POINT('Ctrl Pts',(693.575189653372,-4879.74453811609,35.0748955590705));
#5948=CARTESIAN_POINT('Ctrl Pts',(693.668176317432,-4879.68569705157,35.0651999097614));
#5949=CARTESIAN_POINT('Ctrl Pts',(693.760595212935,-4879.62369831177,35.0555957263242));
#5950=CARTESIAN_POINT('Ctrl Pts',(692.32538639113,-4881.28775428722,35.2365058045147));
#5951=CARTESIAN_POINT('Ctrl Pts',(692.316874086029,-4881.26621368197,35.2367268037039));
#5952=CARTESIAN_POINT('Ctrl Pts',(692.307757073629,-4881.24395641615,35.2370041489261));
#5953=CARTESIAN_POINT('Ctrl Pts',(692.297947517226,-4881.22078761036,35.2373491963242));
#5954=CARTESIAN_POINT('Ctrl Pts',(692.275846303987,-4881.17203287005,35.2382500952986));
#5955=CARTESIAN_POINT('Ctrl Pts',(692.247866096788,-4881.11563361096,35.2396186173079));
#5956=CARTESIAN_POINT('Ctrl Pts',(692.231686575582,-4881.08403281989,35.2404758480075));
#5957=CARTESIAN_POINT('Ctrl Pts',(692.194953333581,-4880.98342236348,35.2421112164122));
#5958=CARTESIAN_POINT('Ctrl Pts',(692.186163157484,-4880.90306695504,35.2417476614521));
#5959=CARTESIAN_POINT('Ctrl Pts',(692.187201198982,-4880.872734196,35.241096146796));
#5960=CARTESIAN_POINT('Ctrl Pts',(692.19398008163,-4880.79610289749,35.2392736692858));
#5961=CARTESIAN_POINT('Ctrl Pts',(692.212080403491,-4880.73026001567,35.2366029337979));
#5962=CARTESIAN_POINT('Ctrl Pts',(692.223391592183,-4880.70166483897,35.235118303518));
#5963=CARTESIAN_POINT('Ctrl Pts',(692.249694459061,-4880.64708360019,35.2318612355764));
#5964=CARTESIAN_POINT('Ctrl Pts',(692.282284382165,-4880.59824272934,35.2281214934127));
#5965=CARTESIAN_POINT('Ctrl Pts',(692.299855384554,-4880.57530137248,35.2261558891513));
#5966=CARTESIAN_POINT('Ctrl Pts',(692.356678078806,-4880.51167395929,35.2199549415344));
#5967=CARTESIAN_POINT('Ctrl Pts',(692.425823712311,-4880.46167959987,35.2128212560237));
#5968=CARTESIAN_POINT('Ctrl Pts',(692.477495386233,-4880.43456224743,35.2076424180864));
#5969=CARTESIAN_POINT('Ctrl Pts',(692.573224816922,-4880.37220173768,35.1978572032041));
#5970=CARTESIAN_POINT('Ctrl Pts',(692.669533811934,-4880.3110694459,35.1880200129089));
#5971=CARTESIAN_POINT('Ctrl Pts',(692.717945903542,-4880.28092809748,35.1830794668682));
#5972=CARTESIAN_POINT('Ctrl Pts',(692.814858892781,-4880.22106964584,35.1731861994161));
#5973=CARTESIAN_POINT('Ctrl Pts',(692.911643595593,-4880.16171143692,35.1632912392753));
#5974=CARTESIAN_POINT('Ctrl Pts',(692.959896034716,-4880.13204119566,35.1583513943015));
#5975=CARTESIAN_POINT('Ctrl Pts',(693.056097865234,-4880.07269077914,35.1484886342183));
#5976=CARTESIAN_POINT('Ctrl Pts',(693.151692375187,-4880.01330202247,35.138660140058));
#5977=CARTESIAN_POINT('Ctrl Pts',(693.199329626332,-4879.98358455012,35.1337551433455));
#5978=CARTESIAN_POINT('Ctrl Pts',(693.341777644554,-4879.89436312621,35.1190670108207));
#5979=CARTESIAN_POINT('Ctrl Pts',(693.482886992103,-4879.804885604,35.1044575662941));
#5980=CARTESIAN_POINT('Ctrl Pts',(693.576222903339,-4879.7444267113,35.0947748981916));
#5981=CARTESIAN_POINT('Ctrl Pts',(693.669559232493,-4879.68597914186,35.0850524193699));
#5982=CARTESIAN_POINT('Ctrl Pts',(693.762305949334,-4879.62414046037,35.0754270965498));
#5983=CARTESIAN_POINT('Ctrl Pts',(692.325615079425,-4881.28449722575,35.2565750997866));
#5984=CARTESIAN_POINT('Ctrl Pts',(692.316866294457,-4881.2628308583,35.2568172354166));
#5985=CARTESIAN_POINT('Ctrl Pts',(692.307461517721,-4881.24042298038,35.2571210197258));
#5986=CARTESIAN_POINT('Ctrl Pts',(692.297327630492,-4881.21710449701,35.2574959272306));
#5987=CARTESIAN_POINT('Ctrl Pts',(692.274178958102,-4881.16781130424,35.2585150650984));
#5988=CARTESIAN_POINT('Ctrl Pts',(692.246762464191,-4881.11204100128,35.2597327744697));
#5989=CARTESIAN_POINT('Ctrl Pts',(692.23256534082,-4881.08199930651,35.2602763156297));
#5990=CARTESIAN_POINT('Ctrl Pts',(692.19758475971,-4880.98962095451,35.261718857432));
#5991=CARTESIAN_POINT('Ctrl Pts',(692.185162626086,-4880.91031076393,35.2617533551979));
#5992=CARTESIAN_POINT('Ctrl Pts',(692.185491634581,-4880.87516557263,35.2610639201278));
#5993=CARTESIAN_POINT('Ctrl Pts',(692.191011026384,-4880.79810379983,35.2593328149851));
#5994=CARTESIAN_POINT('Ctrl Pts',(692.208553243899,-4880.73221265133,35.2567068851067));
#5995=CARTESIAN_POINT('Ctrl Pts',(692.219626939429,-4880.70308540806,35.2552375636493));
#5996=CARTESIAN_POINT('Ctrl Pts',(692.245598117055,-4880.64799782301,35.2520053976063));
#5997=CARTESIAN_POINT('Ctrl Pts',(692.278069437487,-4880.59903945271,35.2482781275015));
#5998=CARTESIAN_POINT('Ctrl Pts',(692.295632514773,-4880.57603736576,35.2463146231629));
#5999=CARTESIAN_POINT('Ctrl Pts',(692.35250618453,-4880.51217707844,35.2401137191864));
#6000=CARTESIAN_POINT('Ctrl Pts',(692.421690484094,-4880.46190843097,35.2329824056465));
#6001=CARTESIAN_POINT('Ctrl Pts',(692.473218813732,-4880.43441175444,35.2278182576048));
#6002=CARTESIAN_POINT('Ctrl Pts',(692.569301280391,-4880.37196058416,35.2180144354913));
#6003=CARTESIAN_POINT('Ctrl Pts',(692.666039160288,-4880.31078530328,35.2081536691458));
#6004=CARTESIAN_POINT('Ctrl Pts',(692.714675299539,-4880.28062916746,35.2032007465738));
#6005=CARTESIAN_POINT('Ctrl Pts',(692.812070244397,-4880.22077403801,35.1932803573819));
#6006=CARTESIAN_POINT('Ctrl Pts',(692.909363546253,-4880.16144524032,35.1833564821597));
#6007=CARTESIAN_POINT('Ctrl Pts',(692.957872667487,-4880.13179343507,35.1784020160602));
#6008=CARTESIAN_POINT('Ctrl Pts',(693.054587594786,-4880.07248494728,35.1685099795892));
#6009=CARTESIAN_POINT('Ctrl Pts',(693.150691054471,-4880.01314828909,35.1586523247867));
#6010=CARTESIAN_POINT('Ctrl Pts',(693.198578548497,-4879.98345723855,35.1537329857463));
#6011=CARTESIAN_POINT('Ctrl Pts',(693.341762596622,-4879.89431933994,35.1390025777683));
#6012=CARTESIAN_POINT('Ctrl Pts',(693.483547538452,-4879.80492252961,35.1243542801412));
#6013=CARTESIAN_POINT('Ctrl Pts',(693.577283117225,-4879.7442266683,35.1146540968091));
#6014=CARTESIAN_POINT('Ctrl Pts',(693.670981237193,-4879.68621965629,35.104903217565));
#6015=CARTESIAN_POINT('Ctrl Pts',(693.764060194281,-4879.62454128161,35.0952565369108));
#6016=CARTESIAN_POINT('Ctrl Pts',(692.325520658375,-4881.28258913012,35.266619883002));
#6017=CARTESIAN_POINT('Ctrl Pts',(692.316639114838,-4881.26085245341,35.2668704733146));
#6018=CARTESIAN_POINT('Ctrl Pts',(692.307081330156,-4881.23836885723,35.2671833139663));
#6019=CARTESIAN_POINT('Ctrl Pts',(692.296753399738,-4881.21498141841,35.26756888988));
#6020=CARTESIAN_POINT('Ctrl Pts',(692.273325065983,-4881.16554189951,35.2685989095357));
#6021=CARTESIAN_POINT('Ctrl Pts',(692.24657189099,-4881.11034857053,35.2697449627296));
#6022=CARTESIAN_POINT('Ctrl Pts',(692.23301317314,-4881.08114508535,35.270218780459));
#6023=CARTESIAN_POINT('Ctrl Pts',(692.198864104352,-4880.99223278457,35.2715620342018));
#6024=CARTESIAN_POINT('Ctrl Pts',(692.185215699515,-4880.91394814423,35.2716915789112));
#6025=CARTESIAN_POINT('Ctrl Pts',(692.184889601826,-4880.87672869608,35.2710303857762));
#6026=CARTESIAN_POINT('Ctrl Pts',(692.189699036079,-4880.79935056626,35.2693478394094));
#6027=CARTESIAN_POINT('Ctrl Pts',(692.206912981508,-4880.73339777258,35.2667479531439));
#6028=CARTESIAN_POINT('Ctrl Pts',(692.217850058506,-4880.70399760337,35.2652875362292));
#6029=CARTESIAN_POINT('Ctrl Pts',(692.243623991214,-4880.64862401341,35.2620700357606));
#6030=CARTESIAN_POINT('Ctrl Pts',(692.276017517558,-4880.5995873772,35.2583503845945));
#6031=CARTESIAN_POINT('Ctrl Pts',(692.29357079549,-4880.5765505431,35.2563884023806));
#6032=CARTESIAN_POINT('Ctrl Pts',(692.350453562835,-4880.51255114159,35.2501887855975));
#6033=CARTESIAN_POINT('Ctrl Pts',(692.419621519029,-4880.46210074679,35.2430614524954));
#6034=CARTESIAN_POINT('Ctrl Pts',(692.47100779941,-4880.43433270315,35.2379100372891));
#6035=CARTESIAN_POINT('Ctrl Pts',(692.567287806241,-4880.37185330098,35.2280954877288));
#6036=CARTESIAN_POINT('Ctrl Pts',(692.66423574325,-4880.31064199493,35.2182234268027));
#6037=CARTESIAN_POINT('Ctrl Pts',(692.712988019702,-4880.28047926214,35.213264088653));
#6038=CARTESIAN_POINT('Ctrl Pts',(692.810627690276,-4880.22062136512,35.203330023957));
#6039=CARTESIAN_POINT('Ctrl Pts',(692.908181600167,-4880.16130592807,35.1933913832262));
#6040=CARTESIAN_POINT('Ctrl Pts',(692.956822586233,-4880.13166316247,35.1884294216667));
#6041=CARTESIAN_POINT('Ctrl Pts',(693.053801601705,-4880.07237600297,35.1785223379767));
#6042=CARTESIAN_POINT('Ctrl Pts',(693.150167135786,-4880.01306614551,35.168649682276));
#6043=CARTESIAN_POINT('Ctrl Pts',(693.198183461493,-4879.98338868783,35.1637229662272));
#6044=CARTESIAN_POINT('Ctrl Pts',(693.341746318994,-4879.89429369502,35.1489708199415));
#6045=CARTESIAN_POINT('Ctrl Pts',(693.483878595633,-4879.80493722932,35.1343025805219));
#6046=CARTESIAN_POINT('Ctrl Pts',(693.577820862463,-4879.74410460741,35.1245936080397));
#6047=CARTESIAN_POINT('Ctrl Pts',(693.67170328471,-4879.68632875274,35.1148281299041));
#6048=CARTESIAN_POINT('Ctrl Pts',(693.764949190377,-4879.62472978905,35.1051707474755));
#6049=CARTESIAN_POINT('Ctrl Pts',(692.324888556939,-4881.27634546756,35.296759056645));
#6050=CARTESIAN_POINT('Ctrl Pts',(692.315662023824,-4881.25445382775,35.2970208648301));
#6051=CARTESIAN_POINT('Ctrl Pts',(692.30575329287,-4881.2318463439,35.2973374393049));
#6052=CARTESIAN_POINT('Ctrl Pts',(692.295048251106,-4881.20839517068,35.2977198572538));
#6053=CARTESIAN_POINT('Ctrl Pts',(692.271706119555,-4881.1593216576,35.2986137484266));
#6054=CARTESIAN_POINT('Ctrl Pts',(692.246818633363,-4881.10684199097,35.2996258868595));
#6055=CARTESIAN_POINT('Ctrl Pts',(692.234530977456,-4881.07998573104,35.3001335442451));
#6056=CARTESIAN_POINT('Ctrl Pts',(692.202450288658,-4880.99931998406,35.3012594758801));
#6057=CARTESIAN_POINT('Ctrl Pts',(692.186134533016,-4880.92399107934,35.3013781900943));
#6058=CARTESIAN_POINT('Ctrl Pts',(692.183727030773,-4880.88214470927,35.300889984429));
#6059=CARTESIAN_POINT('Ctrl Pts',(692.18628739513,-4880.80374378265,35.2993521582285));
#6060=CARTESIAN_POINT('Ctrl Pts',(692.202369701285,-4880.73744679771,35.2968396566609));
#6061=CARTESIAN_POINT('Ctrl Pts',(692.212851626992,-4880.70727482097,35.2954091972555));
#6062=CARTESIAN_POINT('Ctrl Pts',(692.237946671896,-4880.65099369224,35.2922414949511));
#6063=CARTESIAN_POINT('Ctrl Pts',(692.270047308777,-4880.60164630751,35.2885485769366));
#6064=CARTESIAN_POINT('Ctrl Pts',(692.287546084144,-4880.57848573402,35.2865929773267));
#6065=CARTESIAN_POINT('Ctrl Pts',(692.344379814676,-4880.51399984484,35.2804028901889));
#6066=CARTESIAN_POINT('Ctrl Pts',(692.413396450409,-4880.46287711536,35.2732953002376));
#6067=CARTESIAN_POINT('Ctrl Pts',(692.464215441873,-4880.43413219634,35.2681928803329));
#6068=CARTESIAN_POINT('Ctrl Pts',(692.561087252857,-4880.37155151333,35.2583465646263));
#6069=CARTESIAN_POINT('Ctrl Pts',(692.658671726348,-4880.31021725105,35.248440546917));
#6070=CARTESIAN_POINT('Ctrl Pts',(692.707775360308,-4880.28002740306,35.2434619588245));
#6071=CARTESIAN_POINT('Ctrl Pts',(692.806157530957,-4880.22014727046,35.2334866959347));
#6072=CARTESIAN_POINT('Ctrl Pts',(692.904509725149,-4880.16086697383,35.223502986172));
#6073=CARTESIAN_POINT('Ctrl Pts',(692.953556236161,-4880.13125072497,35.2185180195027));
#6074=CARTESIAN_POINT('Ctrl Pts',(693.051349966463,-4880.07202900793,35.2085645695587));
#6075=CARTESIAN_POINT('Ctrl Pts',(693.148524077443,-4880.01280183305,35.1986456730238));
#6076=CARTESIAN_POINT('Ctrl Pts',(693.196938440036,-4879.98316679734,35.1936961767835));
#6077=CARTESIAN_POINT('Ctrl Pts',(693.341670926723,-4879.89420453088,35.1788769589218));
#6078=CARTESIAN_POINT('Ctrl Pts',(693.484874904708,-4879.80497071758,35.1641472575782));
#6079=CARTESIAN_POINT('Ctrl Pts',(693.579460351496,-4879.74368041621,35.1544115330828));
#6080=CARTESIAN_POINT('Ctrl Pts',(693.673907448277,-4879.68662068078,35.1446011591991));
#6081=CARTESIAN_POINT('Ctrl Pts',(693.767655395951,-4879.62525329873,35.134911764045));
#6082=CARTESIAN_POINT('Ctrl Pts',(692.323591413141,-4881.26910679497,35.3269130553864));
#6083=CARTESIAN_POINT('Ctrl Pts',(692.314191690793,-4881.24725938345,35.327162363735));
#6084=CARTESIAN_POINT('Ctrl Pts',(692.304206148891,-4881.22483262635,35.3274482401042));
#6085=CARTESIAN_POINT('Ctrl Pts',(692.2936020545,-4881.20175456408,35.3277687213107));
#6086=CARTESIAN_POINT('Ctrl Pts',(692.271398777327,-4881.15450060845,35.3284411765157));
#6087=CARTESIAN_POINT('Ctrl Pts',(692.247963190008,-4881.1055162478,35.3294261310251));
#6088=CARTESIAN_POINT('Ctrl Pts',(692.236132230936,-4881.08046312381,35.330070601605));
#6089=CARTESIAN_POINT('Ctrl Pts',(692.205535104531,-4881.00421421274,35.3311162627598));
#6090=CARTESIAN_POINT('Ctrl Pts',(692.188406984183,-4880.93171064332,35.3309734541977));
#6091=CARTESIAN_POINT('Ctrl Pts',(692.184147892747,-4880.88891329842,35.3306539619052));
#6092=CARTESIAN_POINT('Ctrl Pts',(692.184365949962,-4880.80970757423,35.3292486721718));
#6093=CARTESIAN_POINT('Ctrl Pts',(692.19895405012,-4880.74271836006,35.326842361424));
#6094=CARTESIAN_POINT('Ctrl Pts',(692.208861909341,-4880.71194840291,35.3254500335215));
#6095=CARTESIAN_POINT('Ctrl Pts',(692.233042969221,-4880.65470807676,35.322346647589));
#6096=CARTESIAN_POINT('Ctrl Pts',(692.2646660615,-4880.60484275767,35.3186916928226));
#6097=CARTESIAN_POINT('Ctrl Pts',(692.282023335451,-4880.58149097171,35.3167483772582));
#6098=CARTESIAN_POINT('Ctrl Pts',(692.33854077076,-4880.51631190553,35.31058693695));
#6099=CARTESIAN_POINT('Ctrl Pts',(692.407115419476,-4880.46417955177,35.3035208798214));
#6100=CARTESIAN_POINT('Ctrl Pts',(692.457098411027,-4880.4341493941,35.2984879053042));
#6101=CARTESIAN_POINT('Ctrl Pts',(692.554438297326,-4880.37129675,35.2886198435324));
#6102=CARTESIAN_POINT('Ctrl Pts',(692.65268990732,-4880.30982299827,35.278678576262));
#6103=CARTESIAN_POINT('Ctrl Pts',(692.702141369272,-4880.27957406174,35.2736815702005));
#6104=CARTESIAN_POINT('Ctrl Pts',(692.801282195177,-4880.21962934583,35.2636650939629));
#6105=CARTESIAN_POINT('Ctrl Pts',(692.900473261145,-4880.16036577461,35.2536345399759));
#6106=CARTESIAN_POINT('Ctrl Pts',(692.94995215926,-4880.13077350846,35.248625188343));
#6107=CARTESIAN_POINT('Ctrl Pts',(693.048622485312,-4880.07161976187,35.2386220315792));
#6108=CARTESIAN_POINT('Ctrl Pts',(693.146669171794,-4880.01248146162,35.2286533591257));
#6109=CARTESIAN_POINT('Ctrl Pts',(693.19551544914,-4879.98289412348,35.2236791694374));
#6110=CARTESIAN_POINT('Ctrl Pts',(693.341516157215,-4879.89407648976,35.2087873689585));
#6111=CARTESIAN_POINT('Ctrl Pts',(693.485882270409,-4879.8049744629,35.1939911412892));
#6112=CARTESIAN_POINT('Ctrl Pts',(693.581182011882,-4879.74319192094,35.1842253577899));
#6113=CARTESIAN_POINT('Ctrl Pts',(693.676242142636,-4879.6867962261,35.1743683080693));
#6114=CARTESIAN_POINT('Ctrl Pts',(693.770490091855,-4879.6256242429,35.1646478232946));
#6115=CARTESIAN_POINT('Ctrl Pts',(692.322778312787,-4881.26433966891,35.3470312278311));
#6116=CARTESIAN_POINT('Ctrl Pts',(692.313343818392,-4881.24262660831,35.3472818773986));
#6117=CARTESIAN_POINT('Ctrl Pts',(692.303375991432,-4881.22042989019,35.3475677060785));
#6118=CARTESIAN_POINT('Ctrl Pts',(692.292868505993,-4881.19773382367,35.3478860169218));
#6119=CARTESIAN_POINT('Ctrl Pts',(692.270830117884,-4881.15143015245,35.3486141731598));
#6120=CARTESIAN_POINT('Ctrl Pts',(692.24826808774,-4881.103637364,35.3494416703257));
#6121=CARTESIAN_POINT('Ctrl Pts',(692.237228301873,-4881.07942894546,35.349856362663));
#6122=CARTESIAN_POINT('Ctrl Pts',(692.20743589883,-4881.00652420443,35.350798866472));
#6123=CARTESIAN_POINT('Ctrl Pts',(692.189657313438,-4880.93607029284,35.3508445596067));
#6124=CARTESIAN_POINT('Ctrl Pts',(692.184804808889,-4880.89324557916,35.350473735978));
#6125=CARTESIAN_POINT('Ctrl Pts',(692.183670732875,-4880.81402169022,35.3491452124292));
#6126=CARTESIAN_POINT('Ctrl Pts',(692.197175953349,-4880.7465475555,35.3468093469709));
#6127=CARTESIAN_POINT('Ctrl Pts',(692.206662954381,-4880.71548068054,35.3454447865841));
#6128=CARTESIAN_POINT('Ctrl Pts',(692.230153815081,-4880.65766606031,35.3423881307085));
#6129=CARTESIAN_POINT('Ctrl Pts',(692.261370100929,-4880.60738306636,35.3387631832095));
#6130=CARTESIAN_POINT('Ctrl Pts',(692.278583314905,-4880.58386484516,35.3368311212351));
#6131=CARTESIAN_POINT('Ctrl Pts',(692.334734604513,-4880.51812989769,35.3306993207067));
#6132=CARTESIAN_POINT('Ctrl Pts',(692.402900405903,-4880.4652151929,35.3236691561121));
#6133=CARTESIAN_POINT('Ctrl Pts',(692.452352696946,-4880.43436051946,35.318680305623));
#6134=CARTESIAN_POINT('Ctrl Pts',(692.549835074147,-4880.37113581832,35.3088105006702));
#6135=CARTESIAN_POINT('Ctrl Pts',(692.648555041531,-4880.30958653409,35.2988442218827));
#6136=CARTESIAN_POINT('Ctrl Pts',(692.698226253621,-4880.27927568465,35.2938360209795));
#6137=CARTESIAN_POINT('Ctrl Pts',(692.797872259064,-4880.21926888104,35.2837924990205));
#6138=CARTESIAN_POINT('Ctrl Pts',(692.897632594024,-4880.1600048686,35.2737304227787));
#6139=CARTESIAN_POINT('Ctrl Pts',(692.947409120786,-4880.13042684234,35.2687043560188));
#6140=CARTESIAN_POINT('Ctrl Pts',(693.046685744058,-4880.07131747482,35.2586669208651));
#6141=CARTESIAN_POINT('Ctrl Pts',(693.145340169687,-4880.01224078612,35.248663632921));
#6142=CARTESIAN_POINT('Ctrl Pts',(693.194488539629,-4879.98268783228,35.2436721753052));
#6143=CARTESIAN_POINT('Ctrl Pts',(693.341377633074,-4879.89397150687,35.2287295958322));
#6144=CARTESIAN_POINT('Ctrl Pts',(693.486560291219,-4879.8049659491,35.2138865921902));
#6145=CARTESIAN_POINT('Ctrl Pts',(693.582373884353,-4879.74293288367,35.2040971683268));
#6146=CARTESIAN_POINT('Ctrl Pts',(693.677872029162,-4879.68685497989,35.1942096910959));
#6147=CARTESIAN_POINT('Ctrl Pts',(693.772447330517,-4879.62577978383,35.1844695248844));
#6148=CARTESIAN_POINT('Ctrl Pts',(692.3204936375,-4881.2505046659,35.4073495193162));
#6149=CARTESIAN_POINT('Ctrl Pts',(692.311045839929,-4881.22927967872,35.4075979414646));
#6150=CARTESIAN_POINT('Ctrl Pts',(692.301206344556,-4881.20779950493,35.4078724659652));
#6151=CARTESIAN_POINT('Ctrl Pts',(692.291006102147,-4881.18611057253,35.4081715644526));
#6152=CARTESIAN_POINT('Ctrl Pts',(692.270070182826,-4881.1425001907,35.4087700728112));
#6153=CARTESIAN_POINT('Ctrl Pts',(692.249408835397,-4881.09871125015,35.4092732026976));
#6154=CARTESIAN_POINT('Ctrl Pts',(692.239488422523,-4881.07685301341,35.4094811217465));
#6155=CARTESIAN_POINT('Ctrl Pts',(692.212210190941,-4881.01139781822,35.4100537992001));
#6156=CARTESIAN_POINT('Ctrl Pts',(692.194009327514,-4880.94689186789,35.410203253179));
#6157=CARTESIAN_POINT('Ctrl Pts',(692.187391568623,-4880.90508315755,35.4099132417645));
#6158=CARTESIAN_POINT('Ctrl Pts',(692.182806836453,-4880.82684634948,35.4087768652993));
#6159=CARTESIAN_POINT('Ctrl Pts',(692.193129789957,-4880.75845755216,35.4066335165397));
#6160=CARTESIAN_POINT('Ctrl Pts',(692.201302611608,-4880.72669111491,35.4053515399581));
#6161=CARTESIAN_POINT('Ctrl Pts',(692.222577800224,-4880.66741998256,35.4024377732477));
#6162=CARTESIAN_POINT('Ctrl Pts',(692.252341473552,-4880.61585852188,35.3989143438513));
#6163=CARTESIAN_POINT('Ctrl Pts',(692.268992056564,-4880.59177840965,35.397023431775));
#6164=CARTESIAN_POINT('Ctrl Pts',(692.32364814117,-4880.52418778658,35.3910050712348));
#6165=CARTESIAN_POINT('Ctrl Pts',(692.390342167189,-4880.46877972169,35.3840990145871));
#6166=CARTESIAN_POINT('Ctrl Pts',(692.438297341581,-4880.43559348612,35.3792344028519));
#6167=CARTESIAN_POINT('Ctrl Pts',(692.53581439282,-4880.37086345086,35.3693880911615));
#6168=CARTESIAN_POINT('Ctrl Pts',(692.635823495959,-4880.30895464721,35.3593557775263));
#6169=CARTESIAN_POINT('Ctrl Pts',(692.68613990636,-4880.2784319233,35.3543153141131));
#6170=CARTESIAN_POINT('Ctrl Pts',(692.787277900871,-4880.21818034902,35.3441931836241));
#6171=CARTESIAN_POINT('Ctrl Pts',(692.888760010925,-4880.15887969454,35.3340365593727));
#6172=CARTESIAN_POINT('Ctrl Pts',(692.939444645293,-4880.12933313524,35.3289597924294));
#6173=CARTESIAN_POINT('Ctrl Pts',(693.040581084865,-4880.07034300598,35.3188176648949));
#6174=CARTESIAN_POINT('Ctrl Pts',(693.141121599539,-4880.01145349895,35.3087071586845));
#6175=CARTESIAN_POINT('Ctrl Pts',(693.191208568346,-4879.98200524218,35.3036621510862));
#6176=CARTESIAN_POINT('Ctrl Pts',(693.340867427687,-4879.8936038463,35.2885614456404));
#6177=CARTESIAN_POINT('Ctrl Pts',(693.488616938738,-4879.8049075958,35.273571415633));
#6178=CARTESIAN_POINT('Ctrl Pts',(693.585961067444,-4879.74333684483,35.2636888957774));
#6179=CARTESIAN_POINT('Ctrl Pts',(693.683031370266,-4879.68673352893,35.2537231962994));
#6180=CARTESIAN_POINT('Ctrl Pts',(693.778544474583,-4879.6258446235,35.2439287578338));
#6181=CARTESIAN_POINT('Ctrl Pts',(692.318922209872,-4881.23893398561,35.4674279275763));
#6182=CARTESIAN_POINT('Ctrl Pts',(692.309703099145,-4881.21850572778,35.4676340739427));
#6183=CARTESIAN_POINT('Ctrl Pts',(692.300198813691,-4881.19796867624,35.4678570154117));
#6184=CARTESIAN_POINT('Ctrl Pts',(692.290450873238,-4881.17736235595,35.4680914380796));
#6185=CARTESIAN_POINT('Ctrl Pts',(692.2706706739,-4881.13613580547,35.4685686548582));
#6186=CARTESIAN_POINT('Ctrl Pts',(692.251275541117,-4881.09499361903,35.469027287295));
#6187=CARTESIAN_POINT('Ctrl Pts',(692.241906704634,-4881.07446331837,35.4692407243133));
#6188=CARTESIAN_POINT('Ctrl Pts',(692.216125435757,-4881.01299585679,35.4697022694154));
#6189=CARTESIAN_POINT('Ctrl Pts',(692.198450918843,-4880.9526448175,35.4696616711745));
#6190=CARTESIAN_POINT('Ctrl Pts',(692.191284090617,-4880.91346189118,35.4693841705226));
#6191=CARTESIAN_POINT('Ctrl Pts',(692.184741489434,-4880.83826513551,35.4682953680219));
#6192=CARTESIAN_POINT('Ctrl Pts',(692.192300923542,-4880.77041580796,35.4662837512505));
#6193=CARTESIAN_POINT('Ctrl Pts',(692.199143915847,-4880.73856637005,35.4650727651898));
#6194=CARTESIAN_POINT('Ctrl Pts',(692.21798602599,-4880.67870687525,35.462296477461));
#6195=CARTESIAN_POINT('Ctrl Pts',(692.245767146519,-4880.62599771699,35.4588975227528));
#6196=CARTESIAN_POINT('Ctrl Pts',(692.261539915556,-4880.60128973815,35.4570643536405));
#6197=CARTESIAN_POINT('Ctrl Pts',(692.313743182305,-4880.53160551662,35.4512147640727));
#6198=CARTESIAN_POINT('Ctrl Pts',(692.378396634773,-4880.47353031764,35.4444675215442));
#6199=CARTESIAN_POINT('Ctrl Pts',(692.42508460506,-4880.4384451511,35.4397060778981));
#6200=CARTESIAN_POINT('Ctrl Pts',(692.521664326699,-4880.37137491761,35.4299521419377));
#6201=CARTESIAN_POINT('Ctrl Pts',(692.622503058388,-4880.30865968029,35.4198878315729));
#6202=CARTESIAN_POINT('Ctrl Pts',(692.673378743209,-4880.27783065682,35.4148217950735));
#6203=CARTESIAN_POINT('Ctrl Pts',(692.775875426927,-4880.21714664227,35.4046323272225));
#6204=CARTESIAN_POINT('Ctrl Pts',(692.879077224309,-4880.15770175914,35.3943836870408));
#6205=CARTESIAN_POINT('Ctrl Pts',(692.930690350527,-4880.12814612535,35.3892560676539));
#6206=CARTESIAN_POINT('Ctrl Pts',(693.033767092897,-4880.06922240854,35.3790062123231));
#6207=CARTESIAN_POINT('Ctrl Pts',(693.136336587763,-4880.01051135296,35.3687811759254));
#6208=CARTESIAN_POINT('Ctrl Pts',(693.187441443754,-4879.98116735915,35.3636784486214));
#6209=CARTESIAN_POINT('Ctrl Pts',(693.34012948759,-4879.8931009648,35.3484054903001));
#6210=CARTESIAN_POINT('Ctrl Pts',(693.490739099401,-4879.80474963829,35.3332520571763));
#6211=CARTESIAN_POINT('Ctrl Pts',(693.589762014717,-4879.74521610927,35.3232385502536));
#6212=CARTESIAN_POINT('Ctrl Pts',(693.688656392462,-4879.68620260465,35.3132164551742));
#6213=CARTESIAN_POINT('Ctrl Pts',(693.785057367286,-4879.62522796566,35.3033762663111));
#6214=CARTESIAN_POINT('Ctrl Pts',(692.31828427964,-4881.23255057235,35.5074238572838));
#6215=CARTESIAN_POINT('Ctrl Pts',(692.309220317652,-4881.21264025881,35.5076054090635));
#6216=CARTESIAN_POINT('Ctrl Pts',(692.299921232852,-4881.19268017162,35.5078021690206));
#6217=CARTESIAN_POINT('Ctrl Pts',(692.290431830215,-4881.17270673961,35.5080124074508));
#6218=CARTESIAN_POINT('Ctrl Pts',(692.271260682159,-4881.13281145029,35.5084513550749));
#6219=CARTESIAN_POINT('Ctrl Pts',(692.252627221352,-4881.09307361006,35.5088637373151));
#6220=CARTESIAN_POINT('Ctrl Pts',(692.243676742495,-4881.07325699759,35.5090475875379));
#6221=CARTESIAN_POINT('Ctrl Pts',(692.21887283086,-4881.01397371831,35.5094617435292));
#6222=CARTESIAN_POINT('Ctrl Pts',(692.201341333917,-4880.95563398501,35.5093918868583));
#6223=CARTESIAN_POINT('Ctrl Pts',(692.193910040806,-4880.91756875843,35.5090716371682));
#6224=CARTESIAN_POINT('Ctrl Pts',(692.186455922223,-4880.84428330891,35.5079787913715));
#6225=CARTESIAN_POINT('Ctrl Pts',(692.192576194141,-4880.77736466054,35.506022368659));
#6226=CARTESIAN_POINT('Ctrl Pts',(692.198649135295,-4880.74569974465,35.5048470973327));
#6227=CARTESIAN_POINT('Ctrl Pts',(692.215973890636,-4880.68587251572,35.5021484944008));
#6228=CARTESIAN_POINT('Ctrl Pts',(692.242355076419,-4880.63267466744,35.4988321706802));
#6229=CARTESIAN_POINT('Ctrl Pts',(692.257477519579,-4880.60763530138,35.4970394357283));
#6230=CARTESIAN_POINT('Ctrl Pts',(692.307848967101,-4880.53675239923,35.491308978888));
#6231=CARTESIAN_POINT('Ctrl Pts',(692.371037759365,-4880.47707062383,35.484670058284));
#6232=CARTESIAN_POINT('Ctrl Pts',(692.416910918623,-4880.44089096403,35.4799727130268));
#6233=CARTESIAN_POINT('Ctrl Pts',(692.512646199925,-4880.37222182264,35.4702933759787));
#6234=CARTESIAN_POINT('Ctrl Pts',(692.61371574453,-4880.30870520912,35.4602305298801));
#6235=CARTESIAN_POINT('Ctrl Pts',(692.664891704793,-4880.27762219214,35.4551524849338));
#6236=CARTESIAN_POINT('Ctrl Pts',(692.76817817366,-4880.21655557189,35.4449264757885));
#6237=CARTESIAN_POINT('Ctrl Pts',(692.87248524646,-4880.15696417387,35.4346198978245));
#6238=CARTESIAN_POINT('Ctrl Pts',(692.92470391938,-4880.12737849188,35.4294596568048));
#6239=CARTESIAN_POINT('Ctrl Pts',(693.029067659783,-4880.06846301509,35.4191391950891));
#6240=CARTESIAN_POINT('Ctrl Pts',(693.133013375744,-4880.0098534745,35.408837001844));
#6241=CARTESIAN_POINT('Ctrl Pts',(693.184814266189,-4879.98057354925,35.4036950182234));
#6242=CARTESIAN_POINT('Ctrl Pts',(693.339585320023,-4879.89272389521,35.3883040858927));
#6243=CARTESIAN_POINT('Ctrl Pts',(693.492182062176,-4879.80460346104,35.3730375133422));
#6244=CARTESIAN_POINT('Ctrl Pts',(693.592714714556,-4879.74508283474,35.3629392443082));
#6245=CARTESIAN_POINT('Ctrl Pts',(693.692163429159,-4879.68633616129,35.3528842385979));
#6246=CARTESIAN_POINT('Ctrl Pts',(693.789252328484,-4879.62516543635,35.3430104995894));
#6247=CARTESIAN_POINT('Ctrl Pts',(692.317246552657,-4881.21477307718,35.6275336020677));
#6248=CARTESIAN_POINT('Ctrl Pts',(692.308634215351,-4881.19616797654,35.6276702133594));
#6249=CARTESIAN_POINT('Ctrl Pts',(692.299892379647,-4881.17762669685,35.6278118821686));
#6250=CARTESIAN_POINT('Ctrl Pts',(692.291063463146,-4881.15917345811,35.6279528811256));
#6251=CARTESIAN_POINT('Ctrl Pts',(692.273382279159,-4881.12250062276,35.6281983528879));
#6252=CARTESIAN_POINT('Ctrl Pts',(692.256396603038,-4881.08630261911,35.62835458164));
#6253=CARTESIAN_POINT('Ctrl Pts',(692.248268152501,-4881.06832347157,35.6284077682958));
#6254=CARTESIAN_POINT('Ctrl Pts',(692.225694417402,-4881.01466221125,35.6285121445386));
#6255=CARTESIAN_POINT('Ctrl Pts',(692.209180808363,-4880.96190839131,35.6283496063999));
#6256=CARTESIAN_POINT('Ctrl Pts',(692.201446934166,-4880.92720617973,35.6280311070134));
#6257=CARTESIAN_POINT('Ctrl Pts',(692.1921335516,-4880.85937088114,35.6269841943073));
#6258=CARTESIAN_POINT('Ctrl Pts',(692.194676122047,-4880.79540416052,35.6251774832846));
#6259=CARTESIAN_POINT('Ctrl Pts',(692.198753460112,-4880.76458501919,35.6240961719765));
#6260=CARTESIAN_POINT('Ctrl Pts',(692.211985300885,-4880.70547979324,35.6216061838981));
#6261=CARTESIAN_POINT('Ctrl Pts',(692.234336022593,-4880.65144631784,35.6185211806248));
#6262=CARTESIAN_POINT('Ctrl Pts',(692.247529412247,-4880.62570160983,35.6168449072789));
#6263=CARTESIAN_POINT('Ctrl Pts',(692.292384776666,-4880.55203635746,35.6114619363257));
#6264=CARTESIAN_POINT('Ctrl Pts',(692.351022743304,-4880.48815085869,35.6051461624486));
#6265=CARTESIAN_POINT('Ctrl Pts',(692.394414462411,-4880.44905867878,35.6006369960925));
#6266=CARTESIAN_POINT('Ctrl Pts',(692.487187189335,-4880.3757900683,35.5912025302592));
#6267=CARTESIAN_POINT('Ctrl Pts',(692.588372393687,-4880.30963154491,35.581181132746));
#6268=CARTESIAN_POINT('Ctrl Pts',(692.640181684226,-4880.27763576587,35.5760849727586));
#6269=CARTESIAN_POINT('Ctrl Pts',(692.745443023787,-4880.21519634205,35.5657759707699));
#6270=CARTESIAN_POINT('Ctrl Pts',(692.852848118734,-4880.15500892389,35.5553111121861));
#6271=CARTESIAN_POINT('Ctrl Pts',(692.90680782596,-4880.12526864647,35.5500586638759));
#6272=CARTESIAN_POINT('Ctrl Pts',(693.014929707418,-4880.06626789226,35.5395346495134));
#6273=CARTESIAN_POINT('Ctrl Pts',(693.122985023772,-4880.00789267408,35.5290038556087));
#6274=CARTESIAN_POINT('Ctrl Pts',(693.176880369262,-4879.97877961593,35.5237444754147));
#6275=CARTESIAN_POINT('Ctrl Pts',(693.337951755613,-4879.89151865521,35.5079986931878));
#6276=CARTESIAN_POINT('Ctrl Pts',(693.496608000677,-4879.80408336432,35.4923882824713));
#6277=CARTESIAN_POINT('Ctrl Pts',(693.601065621994,-4879.74541313301,35.482057932089));
#6278=CARTESIAN_POINT('Ctrl Pts',(693.703056351784,-4879.6860806142,35.4718780368822));
#6279=CARTESIAN_POINT('Ctrl Pts',(693.802103558326,-4879.62469758867,35.4619031551134));
#6280=CARTESIAN_POINT('Ctrl Pts',(692.318412930959,-4881.20215965356,35.7472478616482));
#6281=CARTESIAN_POINT('Ctrl Pts',(692.310160310433,-4881.18453045664,35.7473143202703));
#6282=CARTESIAN_POINT('Ctrl Pts',(692.301810183203,-4881.16699193069,35.7473835982465));
#6283=CARTESIAN_POINT('Ctrl Pts',(692.293394370656,-4881.14956209455,35.747456654045));
#6284=CARTESIAN_POINT('Ctrl Pts',(692.276636727526,-4881.11491095931,35.7476444994765));
#6285=CARTESIAN_POINT('Ctrl Pts',(692.260680107727,-4881.08063611101,35.7478410807173));
#6286=CARTESIAN_POINT('Ctrl Pts',(692.253054191482,-4881.06358503127,35.7479193150908));
#6287=CARTESIAN_POINT('Ctrl Pts',(692.23168957652,-4881.01274747716,35.7479727415489));
#6288=CARTESIAN_POINT('Ctrl Pts',(692.215730245276,-4880.96295243504,35.7475662132497));
#6289=CARTESIAN_POINT('Ctrl Pts',(692.208164325651,-4880.93031678587,35.7471551094221));
#6290=CARTESIAN_POINT('Ctrl Pts',(692.198420302302,-4880.86641992086,35.746028165268));
#6291=CARTESIAN_POINT('Ctrl Pts',(692.199216547219,-4880.80562300168,35.7442710213567));
#6292=CARTESIAN_POINT('Ctrl Pts',(692.202121000442,-4880.77609036741,35.7432347784678));
#6293=CARTESIAN_POINT('Ctrl Pts',(692.21260176865,-4880.7188834878,35.7408686552837));
#6294=CARTESIAN_POINT('Ctrl Pts',(692.231690332234,-4880.66547993178,35.7379553868951));
#6295=CARTESIAN_POINT('Ctrl Pts',(692.243202329078,-4880.63975143479,35.7363724057722));
#6296=CARTESIAN_POINT('Ctrl Pts',(692.283055800895,-4880.56543028793,35.73127883213));
#6297=CARTESIAN_POINT('Ctrl Pts',(692.337202137605,-4880.49927209412,35.7252520391986));
#6298=CARTESIAN_POINT('Ctrl Pts',(692.378162840484,-4880.45840304871,35.7209097922223));
#6299=CARTESIAN_POINT('Ctrl Pts',(692.467215024178,-4880.38156223099,35.7117470766112));
#6300=CARTESIAN_POINT('Ctrl Pts',(692.567108444484,-4880.31248132783,35.7018527285991));
#6301=CARTESIAN_POINT('Ctrl Pts',(692.618890260316,-4880.27934384547,35.6967803796117));
#6302=CARTESIAN_POINT('Ctrl Pts',(692.725026070276,-4880.2151065433,35.6864591845354));
#6303=CARTESIAN_POINT('Ctrl Pts',(692.834789526531,-4880.15394747702,35.6758856547144));
#6304=CARTESIAN_POINT('Ctrl Pts',(692.890199499761,-4880.12388484332,35.6705610009063));
#6305=CARTESIAN_POINT('Ctrl Pts',(693.001624709088,-4880.06449888588,35.6598656832967));
#6306=CARTESIAN_POINT('Ctrl Pts',(693.113553077248,-4880.0061395076,35.6491248587977));
#6307=CARTESIAN_POINT('Ctrl Pts',(693.169468233656,-4879.97710478205,35.6437545628533));
#6308=CARTESIAN_POINT('Ctrl Pts',(693.336708417395,-4879.89021506322,35.627667395626));
#6309=CARTESIAN_POINT('Ctrl Pts',(693.501450261719,-4879.80336643226,35.6117159871287));
#6310=CARTESIAN_POINT('Ctrl Pts',(693.60944898398,-4879.74515126944,35.6011866642672));
#6311=CARTESIAN_POINT('Ctrl Pts',(693.714397300705,-4879.6854077205,35.5908545964132));
#6312=CARTESIAN_POINT('Ctrl Pts',(693.815402698049,-4879.62406852337,35.58077412099));
#6313=CARTESIAN_POINT('Ctrl Pts',(692.319710381927,-4881.19476188244,35.8271298853517));
#6314=CARTESIAN_POINT('Ctrl Pts',(692.31162940959,-4881.17759890228,35.8271881792226));
#6315=CARTESIAN_POINT('Ctrl Pts',(692.303469512496,-4881.16053152274,35.8272483295206));
#6316=CARTESIAN_POINT('Ctrl Pts',(692.295265979682,-4881.14357225535,35.8273079401987));
#6317=CARTESIAN_POINT('Ctrl Pts',(692.278940722911,-4881.1098867339,35.8274152287429));
#6318=CARTESIAN_POINT('Ctrl Pts',(692.263398022799,-4881.07665711537,35.8274678042396));
#6319=CARTESIAN_POINT('Ctrl Pts',(692.255978151074,-4881.06015355379,35.8274727647738));
#6320=CARTESIAN_POINT('Ctrl Pts',(692.23528558377,-4881.01095989391,35.8273968258194));
#6321=CARTESIAN_POINT('Ctrl Pts',(692.219791831818,-4880.96277540626,35.8270156204195));
#6322=CARTESIAN_POINT('Ctrl Pts',(692.212218473258,-4880.93115025708,35.8265977180111));
#6323=CARTESIAN_POINT('Ctrl Pts',(692.202176501622,-4880.869121595,35.8254565017521));
#6324=CARTESIAN_POINT('Ctrl Pts',(692.202094880645,-4880.80982883032,35.8237125579517));
#6325=CARTESIAN_POINT('Ctrl Pts',(692.204442247555,-4880.78094385135,35.8226943334649));
#6326=CARTESIAN_POINT('Ctrl Pts',(692.213615877587,-4880.72480342081,35.8203803518715));
#6327=CARTESIAN_POINT('Ctrl Pts',(692.231117206199,-4880.67199910669,35.8175456792942));
#6328=CARTESIAN_POINT('Ctrl Pts',(692.24179142343,-4880.64645096989,35.816006790492));
#6329=CARTESIAN_POINT('Ctrl Pts',(692.27907617518,-4880.57233109348,35.8110547552581));
#6330=CARTESIAN_POINT('Ctrl Pts',(692.330684258986,-4880.505483753,35.8051837025884));
#6331=CARTESIAN_POINT('Ctrl Pts',(692.370146021662,-4880.46387946822,35.8009392074954));
#6332=CARTESIAN_POINT('Ctrl Pts',(692.456847211345,-4880.38546383444,35.7919381945264));
#6333=CARTESIAN_POINT('Ctrl Pts',(692.555673793154,-4880.31484062052,35.7821340183545));
#6334=CARTESIAN_POINT('Ctrl Pts',(692.607251877569,-4880.2810174443,35.7770870390562));
#6335=CARTESIAN_POINT('Ctrl Pts',(692.713566479917,-4880.21562857799,35.7667802654291));
#6336=CARTESIAN_POINT('Ctrl Pts',(692.824496783441,-4880.15374119198,35.7561589695253));
#6337=CARTESIAN_POINT('Ctrl Pts',(692.880690774972,-4880.12341673357,35.7507975010128));
#6338=CARTESIAN_POINT('Ctrl Pts',(692.993986551062,-4880.06367167653,35.740008842065));
#6339=CARTESIAN_POINT('Ctrl Pts',(693.10823089884,-4880.0052191986,35.7291451892191));
#6340=CARTESIAN_POINT('Ctrl Pts',(693.165374905136,-4879.97618791439,35.7237086366307));
#6341=CARTESIAN_POINT('Ctrl Pts',(693.336410208575,-4879.88941141772,35.7074147707493));
#6342=CARTESIAN_POINT('Ctrl Pts',(693.504979342796,-4879.80285701534,35.6912514834868));
#6343=CARTESIAN_POINT('Ctrl Pts',(693.615411795603,-4879.7447059527,35.6805896898293));
#6344=CARTESIAN_POINT('Ctrl Pts',(693.72198404684,-4879.68525028844,35.6701664415822));
#6345=CARTESIAN_POINT('Ctrl Pts',(693.824318863955,-4879.62386110032,35.6600154391228));
#6346=CARTESIAN_POINT('Ctrl Pts',(692.324674281713,-4881.1750738314,36.0664807619648));
#6347=CARTESIAN_POINT('Ctrl Pts',(692.317006385928,-4881.15908789318,36.066479956179));
#6348=CARTESIAN_POINT('Ctrl Pts',(692.309294506214,-4881.14320770662,36.0664783156467));
#6349=CARTESIAN_POINT('Ctrl Pts',(692.30156891832,-4881.12743883399,36.0664742636754));
#6350=CARTESIAN_POINT('Ctrl Pts',(692.286267791807,-4881.0961262903,36.0664537970328));
#6351=CARTESIAN_POINT('Ctrl Pts',(692.271839568879,-4881.06526698276,36.0663763595855));
#6352=CARTESIAN_POINT('Ctrl Pts',(692.264985163753,-4881.04995180704,36.0663152462611));
#6353=CARTESIAN_POINT('Ctrl Pts',(692.245825021587,-4881.00435419623,36.0660480246156));
#6354=CARTESIAN_POINT('Ctrl Pts',(692.231214723826,-4880.95980884739,36.0655166706285));
#6355=CARTESIAN_POINT('Ctrl Pts',(692.22379216425,-4880.93058937622,36.0650323251878));
#6356=CARTESIAN_POINT('Ctrl Pts',(692.213271525694,-4880.87314242164,36.063810563179));
#6357=CARTESIAN_POINT('Ctrl Pts',(692.211274265274,-4880.81774561818,36.0620897458998));
#6358=CARTESIAN_POINT('Ctrl Pts',(692.212344730968,-4880.79057679295,36.0611071726141));
#6359=CARTESIAN_POINT('Ctrl Pts',(692.21845572107,-4880.7373339015,36.0589057682252));
#6360=CARTESIAN_POINT('Ctrl Pts',(692.232134022373,-4880.6863304617,36.0562505773889));
#6361=CARTESIAN_POINT('Ctrl Pts',(692.240771464779,-4880.66140116042,36.0548142484405));
#6362=CARTESIAN_POINT('Ctrl Pts',(692.271765166887,-4880.58835054069,36.0501956891687));
#6363=CARTESIAN_POINT('Ctrl Pts',(692.317031340376,-4880.52048771588,36.04470187898));
#6364=CARTESIAN_POINT('Ctrl Pts',(692.352685624868,-4880.47753388312,36.040697993117));
#6365=CARTESIAN_POINT('Ctrl Pts',(692.4331388017,-4880.39584604552,36.0321134951687));
#6366=CARTESIAN_POINT('Ctrl Pts',(692.528767175006,-4880.32162480331,36.022563568174));
#6367=CARTESIAN_POINT('Ctrl Pts',(692.579591624351,-4880.28613784279,36.0175945556782));
#6368=CARTESIAN_POINT('Ctrl Pts',(692.685938992817,-4880.21783846308,36.0073510347191));
#6369=CARTESIAN_POINT('Ctrl Pts',(692.799589767353,-4880.15393647395,35.9966280780041));
#6370=CARTESIAN_POINT('Ctrl Pts',(692.857715248961,-4880.1228439438,35.9911798119793));
#6371=CARTESIAN_POINT('Ctrl Pts',(692.975771938617,-4880.06197770012,35.9801602588976));
#6372=CARTESIAN_POINT('Ctrl Pts',(693.096139229008,-4880.00310038912,35.9689774865006));
#6373=CARTESIAN_POINT('Ctrl Pts',(693.15657540902,-4879.97399612661,35.96336600743));
#6374=CARTESIAN_POINT('Ctrl Pts',(693.337875985004,-4879.88729857988,35.9465202318455));
#6375=CARTESIAN_POINT('Ctrl Pts',(693.517034910132,-4879.80139666951,35.9297760084197));
#6376=CARTESIAN_POINT('Ctrl Pts',(693.634108413487,-4879.74367311714,35.9187505651591));
#6377=CARTESIAN_POINT('Ctrl Pts',(693.745643904071,-4879.68430321241,35.9080607593338));
#6378=CARTESIAN_POINT('Ctrl Pts',(693.851592442015,-4879.62298114631,35.8977151448957));
#6379=CARTESIAN_POINT('Ctrl Pts',(692.331915112676,-4881.16045229953,36.3055647611259));
#6380=CARTESIAN_POINT('Ctrl Pts',(692.324384713373,-4881.14498936943,36.3055383519512));
#6381=CARTESIAN_POINT('Ctrl Pts',(692.316824262841,-4881.12962203479,36.3055108706413));
#6382=CARTESIAN_POINT('Ctrl Pts',(692.309274271025,-4881.1143544069,36.3054802276369));
#6383=CARTESIAN_POINT('Ctrl Pts',(692.294331024421,-4881.08403501327,36.3054038102845));
#6384=CARTESIAN_POINT('Ctrl Pts',(692.280300651708,-4881.05415349706,36.3052680446461));
#6385=CARTESIAN_POINT('Ctrl Pts',(692.27367703025,-4881.0393224817,36.3051775768928));
#6386=CARTESIAN_POINT('Ctrl Pts',(692.255245663381,-4880.99516472832,36.3048240201109));
#6387=CARTESIAN_POINT('Ctrl Pts',(692.241204871684,-4880.95204962994,36.3042156280379));
#6388=CARTESIAN_POINT('Ctrl Pts',(692.233950257201,-4880.92379284786,36.3036874141116));
#6389=CARTESIAN_POINT('Ctrl Pts',(692.223546596652,-4880.86825896287,36.302398390213));
#6390=CARTESIAN_POINT('Ctrl Pts',(692.221142970086,-4880.81472205303,36.3006483412092));
#6391=CARTESIAN_POINT('Ctrl Pts',(692.221884334838,-4880.78846024392,36.2996603414974));
#6392=CARTESIAN_POINT('Ctrl Pts',(692.227103612797,-4880.73695631456,36.2974654609771));
#6393=CARTESIAN_POINT('Ctrl Pts',(692.239482453056,-4880.68748657127,36.2948487042006));
#6394=CARTESIAN_POINT('Ctrl Pts',(692.247382874336,-4880.66325899916,36.2934388382322));
#6395=CARTESIAN_POINT('Ctrl Pts',(692.275963858193,-4880.59208198554,36.2889180839502));
#6396=CARTESIAN_POINT('Ctrl Pts',(692.318406226667,-4880.52534403441,36.2835658251918));
#6397=CARTESIAN_POINT('Ctrl Pts',(692.352169817557,-4880.48275574082,36.2796654299542));
#6398=CARTESIAN_POINT('Ctrl Pts',(692.429183823127,-4880.40113947928,36.2712825567095));
#6399=CARTESIAN_POINT('Ctrl Pts',(692.522491315872,-4880.32603276794,36.261891421968));
#6400=CARTESIAN_POINT('Ctrl Pts',(692.572546738875,-4880.28995426788,36.2569828633004));
#6401=CARTESIAN_POINT('Ctrl Pts',(692.67823089055,-4880.22038331992,36.2468133276441));
#6402=CARTESIAN_POINT('Ctrl Pts',(692.792928009165,-4880.15525424798,36.2360685121552));
#6403=CARTESIAN_POINT('Ctrl Pts',(692.851994939414,-4880.12361724587,36.230584767112));
#6404=CARTESIAN_POINT('Ctrl Pts',(692.972656426531,-4880.06183712828,36.2194508597804));
#6405=CARTESIAN_POINT('Ctrl Pts',(693.096804103234,-4880.00239638349,36.2080818146458));
#6406=CARTESIAN_POINT('Ctrl Pts',(693.159356611196,-4879.97309810171,36.2023629778968));
#6407=CARTESIAN_POINT('Ctrl Pts',(693.347451019258,-4879.88603191858,36.1851663281971));
#6408=CARTESIAN_POINT('Ctrl Pts',(693.534075049431,-4879.80025182422,36.1680239796017));
#6409=CARTESIAN_POINT('Ctrl Pts',(693.655988724786,-4879.74272682077,36.156738388059));
#6410=CARTESIAN_POINT('Ctrl Pts',(693.771083512411,-4879.68344396007,36.145857940364));
#6411=CARTESIAN_POINT('Ctrl Pts',(693.879650600785,-4879.62218503518,36.1353715690221));
#6412=CARTESIAN_POINT('Ctrl Pts',(692.336910454756,-4881.15130548671,36.4649219393736));
#6413=CARTESIAN_POINT('Ctrl Pts',(692.329391870147,-4881.13607568816,36.4648863825117));
#6414=CARTESIAN_POINT('Ctrl Pts',(692.321860768954,-4881.12094227379,36.4648484139216));
#6415=CARTESIAN_POINT('Ctrl Pts',(692.314400584419,-4881.10591002147,36.4648037733113));
#6416=CARTESIAN_POINT('Ctrl Pts',(692.299756782933,-4881.0760551583,36.4646942199311));
#6417=CARTESIAN_POINT('Ctrl Pts',(692.286038330952,-4881.04663448537,36.4645252933807));
#6418=CARTESIAN_POINT('Ctrl Pts',(692.279530780581,-4881.0320369766,36.4644199340151));
#6419=CARTESIAN_POINT('Ctrl Pts',(692.26142906314,-4880.98859279976,36.4640228921491));
#6420=CARTESIAN_POINT('Ctrl Pts',(692.247684908392,-4880.94620146599,36.4633776939907));
#6421=CARTESIAN_POINT('Ctrl Pts',(692.240607106601,-4880.91841660019,36.462829434338));
#6422=CARTESIAN_POINT('Ctrl Pts',(692.230412315311,-4880.86380236985,36.4615062298226));
#6423=CARTESIAN_POINT('Ctrl Pts',(692.228006263626,-4880.81110875749,36.4597352914217));
#6424=CARTESIAN_POINT('Ctrl Pts',(692.228698047296,-4880.78524403608,36.4587402429745));
#6425=CARTESIAN_POINT('Ctrl Pts',(692.233737654214,-4880.73447954278,36.4565374112239));
#6426=CARTESIAN_POINT('Ctrl Pts',(692.245804676707,-4880.68563668069,36.4539233917894));
#6427=CARTESIAN_POINT('Ctrl Pts',(692.253523560134,-4880.66169360447,36.4525171706431));
#6428=CARTESIAN_POINT('Ctrl Pts',(692.281504572876,-4880.59128574062,36.448012911699));
#6429=CARTESIAN_POINT('Ctrl Pts',(692.323241128601,-4880.52507466277,36.4426901606811));
#6430=CARTESIAN_POINT('Ctrl Pts',(692.356540495248,-4880.48273998976,36.4388119566642));
#6431=CARTESIAN_POINT('Ctrl Pts',(692.432737564201,-4880.40146677985,36.4304718018224));
#6432=CARTESIAN_POINT('Ctrl Pts',(692.52558502741,-4880.32643169721,36.4211106461389));
#6433=CARTESIAN_POINT('Ctrl Pts',(692.57553323175,-4880.29033546638,36.4162115270801));
#6434=CARTESIAN_POINT('Ctrl Pts',(692.68128236268,-4880.22065396747,36.4060470191323));
#6435=CARTESIAN_POINT('Ctrl Pts',(692.796615209008,-4880.15532705299,36.3952774324276));
#6436=CARTESIAN_POINT('Ctrl Pts',(692.856145796466,-4880.12358495452,36.3897733204106));
#6437=CARTESIAN_POINT('Ctrl Pts',(692.97800378783,-4880.06160798867,36.3785834572924));
#6438=CARTESIAN_POINT('Ctrl Pts',(693.103804758813,-4880.00201937579,36.367132077752));
#6439=CARTESIAN_POINT('Ctrl Pts',(693.167277720269,-4879.97266521973,36.3613664917218));
#6440=CARTESIAN_POINT('Ctrl Pts',(693.35832873891,-4879.88548402715,36.3440176306976));
#6441=CARTESIAN_POINT('Ctrl Pts',(693.548208410657,-4879.79971626321,36.3267034040393));
#6442=CARTESIAN_POINT('Ctrl Pts',(693.672255431842,-4879.74222129229,36.3153046287249));
#6443=CARTESIAN_POINT('Ctrl Pts',(693.78878466835,-4879.68291463474,36.3043489502569));
#6444=CARTESIAN_POINT('Ctrl Pts',(693.898425968199,-4879.6216504472,36.2938057051403));
#6445=CARTESIAN_POINT('Ctrl Pts',(692.347675609774,-4881.1342308506,36.7835442582169));
#6446=CARTESIAN_POINT('Ctrl Pts',(692.340159394903,-4881.11926231257,36.7835003402152));
#6447=CARTESIAN_POINT('Ctrl Pts',(692.332631319335,-4881.10439144865,36.7834538759931));
#6448=CARTESIAN_POINT('Ctrl Pts',(692.325104191827,-4881.08962148295,36.7834041121192));
#6449=CARTESIAN_POINT('Ctrl Pts',(692.310413166719,-4881.06029733215,36.7832799764506));
#6450=CARTESIAN_POINT('Ctrl Pts',(692.297031575605,-4881.03142341871,36.7830776252474));
#6451=CARTESIAN_POINT('Ctrl Pts',(692.290789323018,-4881.01710323554,36.7829508557664));
#6452=CARTESIAN_POINT('Ctrl Pts',(692.273414072457,-4880.97449501681,36.7824933003554));
#6453=CARTESIAN_POINT('Ctrl Pts',(692.26032108164,-4880.93295114023,36.7817923027304));
#6454=CARTESIAN_POINT('Ctrl Pts',(692.253630917461,-4880.90573300828,36.7812096926474));
#6455=CARTESIAN_POINT('Ctrl Pts',(692.244151321236,-4880.85224602935,36.7798220537647));
#6456=CARTESIAN_POINT('Ctrl Pts',(692.242316342566,-4880.80064913037,36.7779966237362));
#6457=CARTESIAN_POINT('Ctrl Pts',(692.243258594518,-4880.77532062205,36.7769768260597));
#6458=CARTESIAN_POINT('Ctrl Pts',(692.248736068378,-4880.72559591548,36.7747291984214));
#6459=CARTESIAN_POINT('Ctrl Pts',(692.261131060109,-4880.67771476881,36.7720789967264));
#6460=CARTESIAN_POINT('Ctrl Pts',(692.268990575344,-4880.65422981799,36.7706566370947));
#6461=CARTESIAN_POINT('Ctrl Pts',(692.297338172611,-4880.58512143675,36.7661090202703));
#6462=CARTESIAN_POINT('Ctrl Pts',(692.339320461688,-4880.51997512685,36.7607554760445));
#6463=CARTESIAN_POINT('Ctrl Pts',(692.372770259511,-4880.47823678433,36.7568599964874));
#6464=CARTESIAN_POINT('Ctrl Pts',(692.449323148201,-4880.39794786065,36.748486517081));
#6465=CARTESIAN_POINT('Ctrl Pts',(692.542750175894,-4880.32354365931,36.7390866074613));
#6466=CARTESIAN_POINT('Ctrl Pts',(692.593072933118,-4880.28769036741,36.7341647588308));
#6467=CARTESIAN_POINT('Ctrl Pts',(692.699774286812,-4880.21839143344,36.7239454170586));
#6468=CARTESIAN_POINT('Ctrl Pts',(692.816479937432,-4880.1533028553,36.7131003145624));
#6469=CARTESIAN_POINT('Ctrl Pts',(692.876805821734,-4880.12165975439,36.7075527773339));
#6470=CARTESIAN_POINT('Ctrl Pts',(693.000454445868,-4880.05986212691,36.6962653622586));
#6471=CARTESIAN_POINT('Ctrl Pts',(693.128374423491,-4880.00043445293,36.6846986896026));
#6472=CARTESIAN_POINT('Ctrl Pts',(693.192971042348,-4879.97116103826,36.6788719359739));
#6473=CARTESIAN_POINT('Ctrl Pts',(693.387505192444,-4879.88422041045,36.6613334941917));
#6474=CARTESIAN_POINT('Ctrl Pts',(693.580910371396,-4879.79865728794,36.6438280244406));
#6475=CARTESIAN_POINT('Ctrl Pts',(693.707194518968,-4879.74126742887,36.6323087734485));
#6476=CARTESIAN_POINT('Ctrl Pts',(693.824919049743,-4879.68190525643,36.6212910685362));
#6477=CARTESIAN_POINT('Ctrl Pts',(693.935438826576,-4879.62058184899,36.6107024693127));
#6478=CARTESIAN_POINT('Ctrl Pts',(692.35876272973,-4881.11864582263,37.1020878091647));
#6479=CARTESIAN_POINT('Ctrl Pts',(692.351004565858,-4881.10354224778,37.1020650237312));
#6480=CARTESIAN_POINT('Ctrl Pts',(692.343280522996,-4881.08855044063,37.1020372449179));
#6481=CARTESIAN_POINT('Ctrl Pts',(692.335690059565,-4881.07367468344,37.1019993915406));
#6482=CARTESIAN_POINT('Ctrl Pts',(692.321047287791,-4881.04416082675,37.1018898094113));
#6483=CARTESIAN_POINT('Ctrl Pts',(692.307828034119,-4881.01512885964,37.1016947808222));
#6484=CARTESIAN_POINT('Ctrl Pts',(692.301677778848,-4881.00073532486,37.1015706575857));
#6485=CARTESIAN_POINT('Ctrl Pts',(692.284781124023,-4880.95792598581,37.1011095066193));
#6486=CARTESIAN_POINT('Ctrl Pts',(692.272591341913,-4880.91623597596,37.1003791584822));
#6487=CARTESIAN_POINT('Ctrl Pts',(692.266620344484,-4880.88894553628,37.0997689021536));
#6488=CARTESIAN_POINT('Ctrl Pts',(692.258813926928,-4880.83537764543,37.0983096705931));
#6489=CARTESIAN_POINT('Ctrl Pts',(692.259051761502,-4880.78383936633,37.0963836550601));
#6490=CARTESIAN_POINT('Ctrl Pts',(692.261114833137,-4880.75857852226,37.0953071187897));
#6491=CARTESIAN_POINT('Ctrl Pts',(692.268967285284,-4880.7090694362,37.0929351285415));
#6492=CARTESIAN_POINT('Ctrl Pts',(692.283931332101,-4880.66156347723,37.090143109753));
#6493=CARTESIAN_POINT('Ctrl Pts',(692.293105769696,-4880.6383057931,37.0886465555537));
#6494=CARTESIAN_POINT('Ctrl Pts',(692.325434527888,-4880.56999161647,37.0838699154281));
#6495=CARTESIAN_POINT('Ctrl Pts',(692.37136070997,-4880.50594494674,37.0782775175038));
#6496=CARTESIAN_POINT('Ctrl Pts',(692.407291711455,-4880.46504711334,37.0742269503046));
#6497=CARTESIAN_POINT('Ctrl Pts',(692.488323081302,-4880.38655822463,37.0655651325349));
#6498=CARTESIAN_POINT('Ctrl Pts',(692.585093356505,-4880.31403811958,37.0559345450579));
#6499=CARTESIAN_POINT('Ctrl Pts',(692.636760724917,-4880.27910869933,37.0509153662425));
#6500=CARTESIAN_POINT('Ctrl Pts',(692.745505971331,-4880.21156283945,37.0405385539201));
#6501=CARTESIAN_POINT('Ctrl Pts',(692.863066230268,-4880.14797975926,37.029606508658));
#6502=CARTESIAN_POINT('Ctrl Pts',(692.92354753226,-4880.11701252554,37.0240321723734));
#6503=CARTESIAN_POINT('Ctrl Pts',(693.047052086342,-4880.05640885868,37.0127197865589));
#6504=CARTESIAN_POINT('Ctrl Pts',(693.174085343014,-4879.9978716109,37.0011760454095));
#6505=CARTESIAN_POINT('Ctrl Pts',(693.238095168325,-4879.96897057403,36.9953703685332));
#6506=CARTESIAN_POINT('Ctrl Pts',(693.430558306397,-4879.88295112707,36.9779169338509));
#6507=CARTESIAN_POINT('Ctrl Pts',(693.621228301863,-4879.7977755319,36.9605459305997));
#6508=CARTESIAN_POINT('Ctrl Pts',(693.745556538761,-4879.74045598842,36.9491280323101));
#6509=CARTESIAN_POINT('Ctrl Pts',(693.861352195755,-4879.68095682235,36.9382156965222));
#6510=CARTESIAN_POINT('Ctrl Pts',(693.970326309703,-4879.61943281338,36.9277139253908));
#6511=CARTESIAN_POINT('Ctrl Pts',(692.364333027435,-4881.11112930503,37.2613724861766));
#6512=CARTESIAN_POINT('Ctrl Pts',(692.356437990794,-4881.0958220294,37.261358313997));
#6513=CARTESIAN_POINT('Ctrl Pts',(692.348657716019,-4881.08062548154,37.2613277698038));
#6514=CARTESIAN_POINT('Ctrl Pts',(692.341086790568,-4881.06553959156,37.2612778683637));
#6515=CARTESIAN_POINT('Ctrl Pts',(692.326292321013,-4881.03565046553,37.2611763983939));
#6516=CARTESIAN_POINT('Ctrl Pts',(692.313009228702,-4881.00629460616,37.2610104439129));
#6517=CARTESIAN_POINT('Ctrl Pts',(692.30691523312,-4880.99174577614,37.260899059575));
#6518=CARTESIAN_POINT('Ctrl Pts',(692.290329674714,-4880.94849305864,37.2604619551091));
#6519=CARTESIAN_POINT('Ctrl Pts',(692.27882954283,-4880.90644903659,37.2597187888799));
#6520=CARTESIAN_POINT('Ctrl Pts',(692.273420915764,-4880.87897859462,37.2590873420443));
#6521=CARTESIAN_POINT('Ctrl Pts',(692.266925450811,-4880.82516482549,37.2575737494186));
#6522=CARTESIAN_POINT('Ctrl Pts',(692.268749966353,-4880.77358421816,37.255571120483));
#6523=CARTESIAN_POINT('Ctrl Pts',(692.271655585395,-4880.74834700227,37.2544522466529));
#6524=CARTESIAN_POINT('Ctrl Pts',(692.281265704493,-4880.69895310442,37.2519891393902));
#6525=CARTESIAN_POINT('Ctrl Pts',(692.298086210684,-4880.65167185091,37.2490962240311));
#6526=CARTESIAN_POINT('Ctrl Pts',(692.308202093378,-4880.62854698767,37.2475475230916));
#6527=CARTESIAN_POINT('Ctrl Pts',(692.34336363343,-4880.56068281828,37.2426111974938));
#6528=CARTESIAN_POINT('Ctrl Pts',(692.392056725293,-4880.49723002775,37.236854884656));
#6529=CARTESIAN_POINT('Ctrl Pts',(692.429722369837,-4880.4567847138,37.2326979822595));
#6530=CARTESIAN_POINT('Ctrl Pts',(692.513861232846,-4880.37931997215,37.2238386836328));
#6531=CARTESIAN_POINT('Ctrl Pts',(692.612860083902,-4880.30796536868,37.2140532950055));
#6532=CARTESIAN_POINT('Ctrl Pts',(692.665382303225,-4880.27363211892,37.208970492187));
#6533=CARTESIAN_POINT('Ctrl Pts',(692.775307158757,-4880.20724343602,37.1984963045899));
#6534=CARTESIAN_POINT('Ctrl Pts',(692.893057744508,-4880.14468187397,37.1875244564267));
#6535=CARTESIAN_POINT('Ctrl Pts',(692.953404260225,-4880.11417428756,37.1819441063011));
#6536=CARTESIAN_POINT('Ctrl Pts',(693.076253708348,-4880.0543781611,37.1706435789694));
#6537=CARTESIAN_POINT('Ctrl Pts',(693.202009478164,-4879.9964307528,37.1591511727917));
#6538=CARTESIAN_POINT('Ctrl Pts',(693.265262507062,-4879.96777159281,37.1533789371545));
#6539=CARTESIAN_POINT('Ctrl Pts',(693.455214283888,-4879.88233815144,37.1360424860548));
#6540=CARTESIAN_POINT('Ctrl Pts',(693.642929545908,-4879.79738021089,37.1188220294534));
#6541=CARTESIAN_POINT('Ctrl Pts',(693.765309756091,-4879.74010037433,37.1075059431391));
#6542=CARTESIAN_POINT('Ctrl Pts',(693.879356749088,-4879.68049475138,37.0966888642955));
#6543=CARTESIAN_POINT('Ctrl Pts',(693.986979563783,-4879.61882384221,37.0862624298333));
#6544=CARTESIAN_POINT('Ctrl Pts',(692.373141784101,-4881.09999764631,37.5001937758389));
#6545=CARTESIAN_POINT('Ctrl Pts',(692.364879677605,-4881.08430423697,37.5002328563183));
#6546=CARTESIAN_POINT('Ctrl Pts',(692.356671350507,-4881.06876406016,37.5002699512269));
#6547=CARTESIAN_POINT('Ctrl Pts',(692.34862938185,-4881.05338027696,37.5002976413431));
#6548=CARTESIAN_POINT('Ctrl Pts',(692.333489045407,-4881.02288049693,37.5002831852726));
#6549=CARTESIAN_POINT('Ctrl Pts',(692.320406333385,-4880.99291690031,37.5001301430414));
#6550=CARTESIAN_POINT('Ctrl Pts',(692.314443598733,-4880.97806741403,37.5000174597698));
#6551=CARTESIAN_POINT('Ctrl Pts',(692.298355120437,-4880.93391464495,37.4995768547871));
#6552=CARTESIAN_POINT('Ctrl Pts',(692.287791473592,-4880.89095233212,37.4988206480334));
#6553=CARTESIAN_POINT('Ctrl Pts',(692.283283618984,-4880.86284473522,37.4981721814749));
#6554=CARTESIAN_POINT('Ctrl Pts',(692.279125503747,-4880.80775524046,37.4965865765055));
#6555=CARTESIAN_POINT('Ctrl Pts',(692.284295092594,-4880.7550293306,37.494443602812));
#6556=CARTESIAN_POINT('Ctrl Pts',(692.289105734966,-4880.72928574,37.4932373230143));
#6557=CARTESIAN_POINT('Ctrl Pts',(692.302893089591,-4880.67908937826,37.4905697676344));
#6558=CARTESIAN_POINT('Ctrl Pts',(692.324406726688,-4880.63149963807,37.4874252688593));
#6559=CARTESIAN_POINT('Ctrl Pts',(692.336943355735,-4880.60836334323,37.4857420685844));
#6560=CARTESIAN_POINT('Ctrl Pts',(692.379413725911,-4880.54089305571,37.4803874005277));
#6561=CARTESIAN_POINT('Ctrl Pts',(692.435124053014,-4880.4789957814,37.4741977799235));
#6562=CARTESIAN_POINT('Ctrl Pts',(692.476945379765,-4880.43998907494,37.4697723676917));
#6563=CARTESIAN_POINT('Ctrl Pts',(692.567956238087,-4880.36568008842,37.4604504801681));
#6564=CARTESIAN_POINT('Ctrl Pts',(692.67084091972,-4880.29754101279,37.4503680919328));
#6565=CARTESIAN_POINT('Ctrl Pts',(692.724528251586,-4880.26469547206,37.4451828092784));
#6566=CARTESIAN_POINT('Ctrl Pts',(692.835426866567,-4880.20096183804,37.4345859516083));
#6567=CARTESIAN_POINT('Ctrl Pts',(692.95184895871,-4880.14039177246,37.423633501794));
#6568=CARTESIAN_POINT('Ctrl Pts',(693.011061317884,-4880.11070863371,37.4180925507711));
#6569=CARTESIAN_POINT('Ctrl Pts',(693.130927342472,-4880.05226321396,37.4069167934058));
#6570=CARTESIAN_POINT('Ctrl Pts',(693.252635871611,-4879.99514976159,37.3956191649387));
#6571=CARTESIAN_POINT('Ctrl Pts',(693.313692105885,-4879.96679919192,37.3899562522251));
#6572=CARTESIAN_POINT('Ctrl Pts',(693.496761408039,-4879.88202968205,37.3729697578614));
#6573=CARTESIAN_POINT('Ctrl Pts',(693.677276684724,-4879.79708726876,37.3561319048452));
#6574=CARTESIAN_POINT('Ctrl Pts',(693.795059064898,-4879.73964244182,37.3450640274052));
#6575=CARTESIAN_POINT('Ctrl Pts',(693.905488800085,-4879.67974214568,37.3344466257546));
#6576=CARTESIAN_POINT('Ctrl Pts',(694.010388649192,-4879.61775445111,37.3241729367373));
#6577=CARTESIAN_POINT('Ctrl Pts',(692.381922622894,-4881.08969596321,37.7390738097149));
#6578=CARTESIAN_POINT('Ctrl Pts',(692.372769748683,-4881.07251173175,37.7392014011634));
#6579=CARTESIAN_POINT('Ctrl Pts',(692.363797392835,-4881.05550502337,37.7393133945774));
#6580=CARTESIAN_POINT('Ctrl Pts',(692.355198775915,-4881.03867061361,37.7393999001084));
#6581=CARTESIAN_POINT('Ctrl Pts',(692.339192658792,-4881.00531890436,37.739506839321));
#6582=CARTESIAN_POINT('Ctrl Pts',(692.326052731824,-4880.97261400676,37.7394494896584));
#6583=CARTESIAN_POINT('Ctrl Pts',(692.320321207266,-4880.95642583519,37.7393719686685));
#6584=CARTESIAN_POINT('Ctrl Pts',(692.305666332514,-4880.90840922797,37.7389849154237));
#6585=CARTESIAN_POINT('Ctrl Pts',(692.298579554349,-4880.86218895209,37.7381331354228));
#6586=CARTESIAN_POINT('Ctrl Pts',(692.297147623345,-4880.83231540962,37.7373583136621));
#6587=CARTESIAN_POINT('Ctrl Pts',(692.300241613647,-4880.77466638225,37.73543180047));
#6588=CARTESIAN_POINT('Ctrl Pts',(692.314096887398,-4880.72129434293,37.7328160434692));
#6589=CARTESIAN_POINT('Ctrl Pts',(692.32341634643,-4880.69570160274,37.7313529756276));
#6590=CARTESIAN_POINT('Ctrl Pts',(692.34622089013,-4880.64660152387,37.7281545054775));
#6591=CARTESIAN_POINT('Ctrl Pts',(692.376293016336,-4880.60135543348,37.7244789539311));
#6592=CARTESIAN_POINT('Ctrl Pts',(692.392878373338,-4880.5796164824,37.7225389064056));
#6593=CARTESIAN_POINT('Ctrl Pts',(692.446598720009,-4880.51674040905,37.7164568663315));
#6594=CARTESIAN_POINT('Ctrl Pts',(692.510566150597,-4880.46005271041,37.7096979510314));
#6595=CARTESIAN_POINT('Ctrl Pts',(692.556295879463,-4880.424250383,37.7049885795961));
#6596=CARTESIAN_POINT('Ctrl Pts',(692.652394397529,-4880.35556751947,37.6952665533043));
#6597=CARTESIAN_POINT('Ctrl Pts',(692.755743254139,-4880.29147206448,37.685072350519));
#6598=CARTESIAN_POINT('Ctrl Pts',(692.808728826092,-4880.26024980858,37.6798905580141));
#6599=CARTESIAN_POINT('Ctrl Pts',(692.916792868234,-4880.19911168631,37.6693922078228));
#6600=CARTESIAN_POINT('Ctrl Pts',(693.028145709633,-4880.14002360832,37.658682737061));
#6601=CARTESIAN_POINT('Ctrl Pts',(693.084425146309,-4880.1108542929,37.6532894783896));
#6602=CARTESIAN_POINT('Ctrl Pts',(693.197868817909,-4880.05307470573,37.6424465118031));
#6603=CARTESIAN_POINT('Ctrl Pts',(693.312453457461,-4879.99607033369,37.6315306899825));
#6604=CARTESIAN_POINT('Ctrl Pts',(693.369874671781,-4879.96767665696,37.6260645226433));
#6605=CARTESIAN_POINT('Ctrl Pts',(693.542072190954,-4879.88259566816,37.6096698811054));
#6606=CARTESIAN_POINT('Ctrl Pts',(693.712434375411,-4879.79701103208,37.5933910776859));
#6607=CARTESIAN_POINT('Ctrl Pts',(693.82412415332,-4879.73917094753,37.5826584187362));
#6608=CARTESIAN_POINT('Ctrl Pts',(693.930108398986,-4879.67885863793,37.5722886902464));
#6609=CARTESIAN_POINT('Ctrl Pts',(694.031712355368,-4879.61642711751,37.5622018223438));
#6610=CARTESIAN_POINT('Ctrl Pts',(692.385000637681,-4881.0854538515,37.8185774200699));
#6611=CARTESIAN_POINT('Ctrl Pts',(692.375098088722,-4881.06749974855,37.8188574515993));
#6612=CARTESIAN_POINT('Ctrl Pts',(692.365160535561,-4881.04988507596,37.819139319525));
#6613=CARTESIAN_POINT('Ctrl Pts',(692.356071003587,-4881.0324211047,37.8193991371617));
#6614=CARTESIAN_POINT('Ctrl Pts',(692.339913091153,-4880.99792678639,37.8196328270387));
#6615=CARTESIAN_POINT('Ctrl Pts',(692.327200419368,-4880.96431498299,37.8194777505486));
#6616=CARTESIAN_POINT('Ctrl Pts',(692.321767911423,-4880.947689002,37.8193492128061));
#6617=CARTESIAN_POINT('Ctrl Pts',(692.30823904933,-4880.89842222552,37.8188441700319));
#6618=CARTESIAN_POINT('Ctrl Pts',(692.302785972983,-4880.85113368658,37.8179245070952));
#6619=CARTESIAN_POINT('Ctrl Pts',(692.302627490279,-4880.82062061207,37.8170925535335));
#6620=CARTESIAN_POINT('Ctrl Pts',(692.30872448181,-4880.76192528645,37.8150138060702));
#6621=CARTESIAN_POINT('Ctrl Pts',(692.326128352522,-4880.70822068882,37.8121961367923));
#6622=CARTESIAN_POINT('Ctrl Pts',(692.337305071751,-4880.68271523035,37.8106223348793));
#6623=CARTESIAN_POINT('Ctrl Pts',(692.363798859228,-4880.63422426442,37.8071969094897));
#6624=CARTESIAN_POINT('Ctrl Pts',(692.397235294823,-4880.59016222359,37.8033043181071));
#6625=CARTESIAN_POINT('Ctrl Pts',(692.415356135616,-4880.56909333013,37.8012632440098));
#6626=CARTESIAN_POINT('Ctrl Pts',(692.473221575877,-4880.50835717406,37.7949032626424));
#6627=CARTESIAN_POINT('Ctrl Pts',(692.539930145141,-4880.45394987839,37.7879465026189));
#6628=CARTESIAN_POINT('Ctrl Pts',(692.586838537331,-4880.41948363335,37.7831456943797));
#6629=CARTESIAN_POINT('Ctrl Pts',(692.68420055128,-4880.35298019675,37.7733112909991));
#6630=CARTESIAN_POINT('Ctrl Pts',(692.787116703479,-4880.29025850692,37.7631142793466));
#6631=CARTESIAN_POINT('Ctrl Pts',(692.839578434063,-4880.2595540006,37.7579511623184));
#6632=CARTESIAN_POINT('Ctrl Pts',(692.946147001874,-4880.19919956651,37.747519417521));
#6633=CARTESIAN_POINT('Ctrl Pts',(693.05533191126,-4880.14048563368,37.7369209048403));
#6634=CARTESIAN_POINT('Ctrl Pts',(693.110416149221,-4880.11142665614,37.7315905811412));
#6635=CARTESIAN_POINT('Ctrl Pts',(693.221320286749,-4880.05374755647,37.7208837675514));
#6636=CARTESIAN_POINT('Ctrl Pts',(693.333200204119,-4879.99666701296,37.7101161995467));
#6637=CARTESIAN_POINT('Ctrl Pts',(693.389260553861,-4879.96820670649,37.7047251017574));
#6638=CARTESIAN_POINT('Ctrl Pts',(693.557433005386,-4879.88288183907,37.6885531944868));
#6639=CARTESIAN_POINT('Ctrl Pts',(693.724144944236,-4879.79699875076,37.6724773379506));
#6640=CARTESIAN_POINT('Ctrl Pts',(693.833706311425,-4879.73900234129,37.6618624169276));
#6641=CARTESIAN_POINT('Ctrl Pts',(693.9381383478,-4879.67854687723,37.6515792912307));
#6642=CARTESIAN_POINT('Ctrl Pts',(694.038603872765,-4879.61595315076,37.6415572168946));
#6643=CARTESIAN_POINT('Ctrl Pts',(692.388692331634,-4881.08247117609,37.9181763973764));
#6644=CARTESIAN_POINT('Ctrl Pts',(692.378559315759,-4881.06346660492,37.9184277386204));
#6645=CARTESIAN_POINT('Ctrl Pts',(692.368810069532,-4881.04461255594,37.9186758809511));
#6646=CARTESIAN_POINT('Ctrl Pts',(692.359365791293,-4881.02602662181,37.9188722115599));
#6647=CARTESIAN_POINT('Ctrl Pts',(692.341893314436,-4880.98909702228,37.9191586044505));
#6648=CARTESIAN_POINT('Ctrl Pts',(692.328522611587,-4880.95262323173,37.9192242304065));
#6649=CARTESIAN_POINT('Ctrl Pts',(692.323063307368,-4880.93452537217,37.9191859520239));
#6650=CARTESIAN_POINT('Ctrl Pts',(692.310262498354,-4880.88096430409,37.918829221872));
#6651=CARTESIAN_POINT('Ctrl Pts',(692.307942846722,-4880.83021361768,37.9177788653463));
#6652=CARTESIAN_POINT('Ctrl Pts',(692.310701610288,-4880.79823469243,37.9167918743031));
#6653=CARTESIAN_POINT('Ctrl Pts',(692.323121957773,-4880.73840172491,37.914352724512));
#6654=CARTESIAN_POINT('Ctrl Pts',(692.34703458906,-4880.68618981086,37.9111280327707));
#6655=CARTESIAN_POINT('Ctrl Pts',(692.361241315154,-4880.66183464835,37.9093593226379));
#6656=CARTESIAN_POINT('Ctrl Pts',(692.393248003965,-4880.61601986703,37.9055713998464));
#6657=CARTESIAN_POINT('Ctrl Pts',(692.43113999308,-4880.57510798918,37.9013723371436));
#6658=CARTESIAN_POINT('Ctrl Pts',(692.451226815481,-4880.55564253588,37.8991929347667));
#6659=CARTESIAN_POINT('Ctrl Pts',(692.514140099354,-4880.49950470106,37.8924705896546));
#6660=CARTESIAN_POINT('Ctrl Pts',(692.583382709358,-4880.44865939105,37.8853126007922));
#6661=CARTESIAN_POINT('Ctrl Pts',(692.630932565696,-4880.41579527547,37.8804493835691));
#6662=CARTESIAN_POINT('Ctrl Pts',(692.728400033957,-4880.35177877138,37.8705677801503));
#6663=CARTESIAN_POINT('Ctrl Pts',(692.829608236585,-4880.2903508518,37.8604439462167));
#6664=CARTESIAN_POINT('Ctrl Pts',(692.880939008264,-4880.26011044629,37.8553355943485));
#6665=CARTESIAN_POINT('Ctrl Pts',(692.984844532948,-4880.20041483899,37.8450396966406));
#6666=CARTESIAN_POINT('Ctrl Pts',(693.090770366411,-4880.14192232864,37.8346166325153));
#6667=CARTESIAN_POINT('Ctrl Pts',(693.144125957476,-4880.11288939185,37.8293807855412));
#6668=CARTESIAN_POINT('Ctrl Pts',(693.251441317486,-4880.05512497708,37.8188722761961));
#6669=CARTESIAN_POINT('Ctrl Pts',(693.359618338416,-4879.99776750234,37.8083121418099));
#6670=CARTESIAN_POINT('Ctrl Pts',(693.413834619035,-4879.96914051024,37.8030247437374));
#6671=CARTESIAN_POINT('Ctrl Pts',(693.576606997404,-4879.88329290908,37.7871567567708));
#6672=CARTESIAN_POINT('Ctrl Pts',(693.738587821924,-4879.79694420946,37.7713462009543));
#6673=CARTESIAN_POINT('Ctrl Pts',(693.845441972366,-4879.73878116391,37.760880631135));
#6674=CARTESIAN_POINT('Ctrl Pts',(693.947961468279,-4879.6781470977,37.7507043801767));
#6675=CARTESIAN_POINT('Ctrl Pts',(694.046997343453,-4879.61533758532,37.7407640181573));
#6676=CARTESIAN_POINT('Ctrl Pts',(692.392941614811,-4881.07890594151,38.0177149839502));
#6677=CARTESIAN_POINT('Ctrl Pts',(692.381177595698,-4881.05713157941,38.0180790872084));
#6678=CARTESIAN_POINT('Ctrl Pts',(692.369606356908,-4881.03554043866,38.0184102120335));
#6679=CARTESIAN_POINT('Ctrl Pts',(692.359076534267,-4881.01405025688,38.0187029521355));
#6680=CARTESIAN_POINT('Ctrl Pts',(692.341393070479,-4880.97147699451,38.0191387156604));
#6681=CARTESIAN_POINT('Ctrl Pts',(692.330070778801,-4880.93049676754,38.0191767186189));
#6682=CARTESIAN_POINT('Ctrl Pts',(692.326022469231,-4880.91056185466,38.0190815801189));
#6683=CARTESIAN_POINT('Ctrl Pts',(692.318246064174,-4880.85272740017,38.0184983527294));
#6684=CARTESIAN_POINT('Ctrl Pts',(692.322297169264,-4880.80117462474,38.0170956757165));
#6685=CARTESIAN_POINT('Ctrl Pts',(692.329047432975,-4880.76992369105,38.0158747611314));
#6686=CARTESIAN_POINT('Ctrl Pts',(692.348774522849,-4880.71268349973,38.0129858937375));
#6687=CARTESIAN_POINT('Ctrl Pts',(692.378698606276,-4880.66461578096,38.0093616106461));
#6688=CARTESIAN_POINT('Ctrl Pts',(692.395636532546,-4880.64252344992,38.0074055066601));
#6689=CARTESIAN_POINT('Ctrl Pts',(692.43260388578,-4880.60137870904,38.0032685765273));
#6690=CARTESIAN_POINT('Ctrl Pts',(692.474158054607,-4880.56470976662,37.998800226611));
#6691=CARTESIAN_POINT('Ctrl Pts',(692.495691052782,-4880.54709580328,37.9965121442479));
#6692=CARTESIAN_POINT('Ctrl Pts',(692.561843260311,-4880.4956422273,37.9895394804506));
#6693=CARTESIAN_POINT('Ctrl Pts',(692.631603230333,-4880.44727468335,37.9823188324574));
#6694=CARTESIAN_POINT('Ctrl Pts',(692.67881177942,-4880.4154668458,37.9774611511892));
#6695=CARTESIAN_POINT('Ctrl Pts',(692.774782670894,-4880.3529407769,37.9676446998387));
#6696=CARTESIAN_POINT('Ctrl Pts',(692.873385731153,-4880.29216450122,37.9576587524822));
#6697=CARTESIAN_POINT('Ctrl Pts',(692.923278297822,-4880.26216260716,37.9526276752579));
#6698=CARTESIAN_POINT('Ctrl Pts',(693.024062315551,-4880.20275824066,37.942502053841));
#6699=CARTESIAN_POINT('Ctrl Pts',(693.126474162972,-4880.14422208073,37.9322751098563));
#6700=CARTESIAN_POINT('Ctrl Pts',(693.177997133092,-4880.1150910923,37.9271425199032));
#6701=CARTESIAN_POINT('Ctrl Pts',(693.281552513336,-4880.05701405111,37.9168473059011));
#6702=CARTESIAN_POINT('Ctrl Pts',(693.385906293284,-4879.99919085947,37.9065058385876));
#6703=CARTESIAN_POINT('Ctrl Pts',(693.438226455653,-4879.97031264902,37.9013270837437));
#6704=CARTESIAN_POINT('Ctrl Pts',(693.595452397198,-4879.88371090808,37.8857767966453));
#6705=CARTESIAN_POINT('Ctrl Pts',(693.752626222616,-4879.79676111637,37.8702392860199));
#6706=CARTESIAN_POINT('Ctrl Pts',(693.856958270292,-4879.73856564961,37.8599104517772));
#6707=CARTESIAN_POINT('Ctrl Pts',(693.957579842582,-4879.67776729835,37.8498401734111));
#6708=CARTESIAN_POINT('Ctrl Pts',(694.055210413051,-4879.61468795634,37.8399814899949));
#6709=CARTESIAN_POINT('Ctrl Pts',(692.393369135961,-4881.07789531824,38.0375761638674));
#6710=CARTESIAN_POINT('Ctrl Pts',(692.381344784027,-4881.05530913274,38.0380191399228));
#6711=CARTESIAN_POINT('Ctrl Pts',(692.369680942881,-4881.03289846485,38.0384629256887));
#6712=CARTESIAN_POINT('Ctrl Pts',(692.359094240792,-4881.01088298306,38.0388022274032));
#6713=CARTESIAN_POINT('Ctrl Pts',(692.341286050016,-4880.96737685041,38.0392254708998));
#6714=CARTESIAN_POINT('Ctrl Pts',(692.330396163211,-4880.92558802696,38.0391997183791));
#6715=CARTESIAN_POINT('Ctrl Pts',(692.326712128099,-4880.90528563097,38.0390781097894));
#6716=CARTESIAN_POINT('Ctrl Pts',(692.320151037725,-4880.84664521421,38.0384134809697));
#6717=CARTESIAN_POINT('Ctrl Pts',(692.325633509448,-4880.79506506874,38.0369331804656));
#6718=CARTESIAN_POINT('Ctrl Pts',(692.333213653028,-4880.7640884367,38.0356607636121));
#6719=CARTESIAN_POINT('Ctrl Pts',(692.354413941413,-4880.70754111719,38.0326795255421));
#6720=CARTESIAN_POINT('Ctrl Pts',(692.385487670223,-4880.66040042912,38.0289776875739));
#6721=CARTESIAN_POINT('Ctrl Pts',(692.402948995886,-4880.63880052725,38.0269851031835));
#6722=CARTESIAN_POINT('Ctrl Pts',(692.44087105891,-4880.59866108939,38.0227799249537));
#6723=CARTESIAN_POINT('Ctrl Pts',(692.483115870833,-4880.56287216104,38.0182599624261));
#6724=CARTESIAN_POINT('Ctrl Pts',(692.504911896778,-4880.54563061021,38.0159517568961));
#6725=CARTESIAN_POINT('Ctrl Pts',(692.571624322082,-4880.4950932903,38.0089347428638));
#6726=CARTESIAN_POINT('Ctrl Pts',(692.641400044807,-4880.44716060593,38.0017077662246));
#6727=CARTESIAN_POINT('Ctrl Pts',(692.68850274098,-4880.41553907121,37.9968538507653));
#6728=CARTESIAN_POINT('Ctrl Pts',(692.784113561551,-4880.35326571405,37.9870548064481));
#6729=CARTESIAN_POINT('Ctrl Pts',(692.882165288912,-4880.2925932735,37.9770987114858));
#6730=CARTESIAN_POINT('Ctrl Pts',(692.931760735715,-4880.26263014225,37.9720838255027));
#6731=CARTESIAN_POINT('Ctrl Pts',(693.031907248003,-4880.20326962972,37.961993336197));
#6732=CARTESIAN_POINT('Ctrl Pts',(693.133610245796,-4880.1447144859,37.951806201927));
#6733=CARTESIAN_POINT('Ctrl Pts',(693.18476437839,-4880.11555907027,37.9466945078395));
#6734=CARTESIAN_POINT('Ctrl Pts',(693.287564320158,-4880.05741076796,37.9364423549066));
#6735=CARTESIAN_POINT('Ctrl Pts',(693.391151453894,-4879.99948728379,37.926144906338));
#6736=CARTESIAN_POINT('Ctrl Pts',(693.443091584642,-4879.97055565751,37.9209880034605));
#6737=CARTESIAN_POINT('Ctrl Pts',(693.599205573582,-4879.88379429215,37.9055016232022));
#6738=CARTESIAN_POINT('Ctrl Pts',(693.755416273805,-4879.79671866444,37.8900189655267));
#6739=CARTESIAN_POINT('Ctrl Pts',(693.859253484429,-4879.73852305627,37.8797168345412));
#6740=CARTESIAN_POINT('Ctrl Pts',(693.959495824906,-4879.67769248359,37.8696677261876));
#6741=CARTESIAN_POINT('Ctrl Pts',(694.056846724113,-4879.61455657717,37.8598253641919));
#6742=CARTESIAN_POINT('Ctrl Pts',(692.395625039088,-4881.07709464341,38.0773157956387));
#6743=CARTESIAN_POINT('Ctrl Pts',(692.382567664993,-4881.05307202544,38.0778664835183));
#6744=CARTESIAN_POINT('Ctrl Pts',(692.369781990816,-4881.02914536028,38.0784578043843));
#6745=CARTESIAN_POINT('Ctrl Pts',(692.358323739923,-4881.00557847958,38.0788693483999));
#6746=CARTESIAN_POINT('Ctrl Pts',(692.340412457632,-4880.95874082271,38.0793049804977));
#6747=CARTESIAN_POINT('Ctrl Pts',(692.331122631337,-4880.91451535016,38.0791939844162));
#6748=CARTESIAN_POINT('Ctrl Pts',(692.328436343649,-4880.89344377939,38.0790219261831));
#6749=CARTESIAN_POINT('Ctrl Pts',(692.325022647925,-4880.83342820217,38.0781884796699));
#6750=CARTESIAN_POINT('Ctrl Pts',(692.333580670231,-4880.78255808576,38.0765290769451));
#6751=CARTESIAN_POINT('Ctrl Pts',(692.342793279642,-4880.7523628546,38.0751541276962));
#6752=CARTESIAN_POINT('Ctrl Pts',(692.366834633522,-4880.69759744869,38.0719900470923));
#6753=CARTESIAN_POINT('Ctrl Pts',(692.399994631143,-4880.65241588478,38.0681447566793));
#6754=CARTESIAN_POINT('Ctrl Pts',(692.418424294133,-4880.63184331683,38.0660835424574));
#6755=CARTESIAN_POINT('Ctrl Pts',(692.458157643086,-4880.5938213332,38.0617465610819));
#6756=CARTESIAN_POINT('Ctrl Pts',(692.501688761871,-4880.55981891072,38.0571289015284));
#6757=CARTESIAN_POINT('Ctrl Pts',(692.523943704734,-4880.54329695581,38.0547849160787));
#6758=CARTESIAN_POINT('Ctrl Pts',(692.591563948632,-4880.49447189211,38.0476938623784));
#6759=CARTESIAN_POINT('Ctrl Pts',(692.661187007853,-4880.44724885052,38.0404676703551));
#6760=CARTESIAN_POINT('Ctrl Pts',(692.708017989401,-4880.41595268447,38.0356256473933));
#6761=CARTESIAN_POINT('Ctrl Pts',(692.802803966893,-4880.35408822096,38.0258692439578));
#6762=CARTESIAN_POINT('Ctrl Pts',(692.899709120091,-4880.29357221147,38.0159763978212));
#6763=CARTESIAN_POINT('Ctrl Pts',(692.948699069387,-4880.26367017117,38.0109948963688));
#6764=CARTESIAN_POINT('Ctrl Pts',(693.047557280204,-4880.20437078403,38.0009760320255));
#6765=CARTESIAN_POINT('Ctrl Pts',(693.147840046779,-4880.14575835834,37.9908691233271));
#6766=CARTESIAN_POINT('Ctrl Pts',(693.198256133313,-4880.11654500258,37.9857994595015));
#6767=CARTESIAN_POINT('Ctrl Pts',(693.299546140645,-4880.05823793039,37.9756337702681));
#6768=CARTESIAN_POINT('Ctrl Pts',(693.401602457942,-4880.0001008761,37.9654245449984));
#6769=CARTESIAN_POINT('Ctrl Pts',(693.452783851479,-4879.97105674897,37.9603114168891));
#6770=CARTESIAN_POINT('Ctrl Pts',(693.606675865931,-4879.88396008958,37.9449531538346));
#6771=CARTESIAN_POINT('Ctrl Pts',(693.760958905338,-4879.79662096239,37.929580593995));
#6772=CARTESIAN_POINT('Ctrl Pts',(693.863816107609,-4879.7384471977,37.9193308970701));
#6773=CARTESIAN_POINT('Ctrl Pts',(693.963310669575,-4879.67754744021,37.9093236660766));
#6774=CARTESIAN_POINT('Ctrl Pts',(694.060108079092,-4879.61429078919,37.8995138035798));
#6775=CARTESIAN_POINT('Ctrl Pts',(692.397893016493,-4881.07657081619,38.1171974482595));
#6776=CARTESIAN_POINT('Ctrl Pts',(692.383425782349,-4881.05034248169,38.1177423816281));
#6777=CARTESIAN_POINT('Ctrl Pts',(692.368424809133,-4881.02395682903,38.1182802681397));
#6778=CARTESIAN_POINT('Ctrl Pts',(692.356361412552,-4880.9967728236,38.1187522518833));
#6779=CARTESIAN_POINT('Ctrl Pts',(692.339779223754,-4880.94527489514,38.1192634256382));
#6780=CARTESIAN_POINT('Ctrl Pts',(692.333681394868,-4880.90011304343,38.1190609789026));
#6781=CARTESIAN_POINT('Ctrl Pts',(692.332570659337,-4880.87922367152,38.1188108194991));
#6782=CARTESIAN_POINT('Ctrl Pts',(692.333217761018,-4880.81991765856,38.1177709171133));
#6783=CARTESIAN_POINT('Ctrl Pts',(692.344366780341,-4880.77060823403,38.1159418304551));
#6784=CARTESIAN_POINT('Ctrl Pts',(692.355233515933,-4880.74187588159,38.1144554277936));
#6785=CARTESIAN_POINT('Ctrl Pts',(692.381606992674,-4880.68933743066,38.111131763956));
#6786=CARTESIAN_POINT('Ctrl Pts',(692.416190757903,-4880.64588089763,38.107185576749));
#6787=CARTESIAN_POINT('Ctrl Pts',(692.435426715041,-4880.62635417539,38.1050651282914));
#6788=CARTESIAN_POINT('Ctrl Pts',(692.476745529169,-4880.5905112585,38.1006089359692));
#6789=CARTESIAN_POINT('Ctrl Pts',(692.521311877157,-4880.55817907392,38.0959103273254));
#6790=CARTESIAN_POINT('Ctrl Pts',(692.54386128042,-4880.54224824633,38.0935422743644));
#6791=CARTESIAN_POINT('Ctrl Pts',(692.611919472644,-4880.49473519101,38.0864111395694));
#6792=CARTESIAN_POINT('Ctrl Pts',(692.681083226531,-4880.44790692221,38.0792087768377));
#6793=CARTESIAN_POINT('Ctrl Pts',(692.727565584152,-4880.41685571985,38.0743845686673));
#6794=CARTESIAN_POINT('Ctrl Pts',(692.821376390933,-4880.35521863186,38.064682759285));
#6795=CARTESIAN_POINT('Ctrl Pts',(692.917088291513,-4880.29476650032,38.0548576879422));
#6796=CARTESIAN_POINT('Ctrl Pts',(692.965467605424,-4880.26489692601,38.0499104980916));
#6797=CARTESIAN_POINT('Ctrl Pts',(693.063038609735,-4880.20561017428,38.0399643073662));
#6798=CARTESIAN_POINT('Ctrl Pts',(693.161916203782,-4880.14690452996,38.0299376455317));
#6799=CARTESIAN_POINT('Ctrl Pts',(693.211602981381,-4880.11761692543,38.0249099203903));
#6800=CARTESIAN_POINT('Ctrl Pts',(693.311402424695,-4880.05912246666,38.0148303251443));
#6801=CARTESIAN_POINT('Ctrl Pts',(693.411947687233,-4880.00074996099,38.0047087941676));
#6802=CARTESIAN_POINT('Ctrl Pts',(693.462379818096,-4879.97158402232,37.9996391661264));
#6803=CARTESIAN_POINT('Ctrl Pts',(693.614071143629,-4879.88412521043,37.9844085639567));
#6804=CARTESIAN_POINT('Ctrl Pts',(693.76642780175,-4879.79649825964,37.9691466810959));
#6805=CARTESIAN_POINT('Ctrl Pts',(693.868325877128,-4879.73839578865,37.9589472787318));
#6806=CARTESIAN_POINT('Ctrl Pts',(693.967094363178,-4879.67741145562,37.948981110931));
#6807=CARTESIAN_POINT('Ctrl Pts',(694.063351955476,-4879.61401568457,37.9392034232401));
#6808=CARTESIAN_POINT('Ctrl Pts',(692.396707511563,-4881.07430524967,38.1372238547083));
#6809=CARTESIAN_POINT('Ctrl Pts',(692.382495283232,-4881.04582542893,38.1377960702511));
#6810=CARTESIAN_POINT('Ctrl Pts',(692.368555282004,-4881.01745129095,38.1383373024695));
#6811=CARTESIAN_POINT('Ctrl Pts',(692.357106997539,-4880.99003655323,38.1387492122162));
#6812=CARTESIAN_POINT('Ctrl Pts',(692.340320307965,-4880.93615231686,38.1392769352689));
#6813=CARTESIAN_POINT('Ctrl Pts',(692.335563900243,-4880.89124265423,38.1389983465936));
#6814=CARTESIAN_POINT('Ctrl Pts',(692.335592709745,-4880.8712656479,38.1386728850837));
#6815=CARTESIAN_POINT('Ctrl Pts',(692.338518260435,-4880.81359899968,38.1374856364431));
#6816=CARTESIAN_POINT('Ctrl Pts',(692.350552438653,-4880.76501886869,38.1355981822608));
#6817=CARTESIAN_POINT('Ctrl Pts',(692.362263039421,-4880.73725735526,38.1340495685467));
#6818=CARTESIAN_POINT('Ctrl Pts',(692.389608952613,-4880.685881688,38.1306558902741));
#6819=CARTESIAN_POINT('Ctrl Pts',(692.424670084276,-4880.64311000972,38.1266754166349));
#6820=CARTESIAN_POINT('Ctrl Pts',(692.444264701188,-4880.62409211021,38.1245280727));
#6821=CARTESIAN_POINT('Ctrl Pts',(692.486315936092,-4880.58932265476,38.1200159202352));
#6822=CARTESIAN_POINT('Ctrl Pts',(692.531325450957,-4880.557759551,38.1152821556271));
#6823=CARTESIAN_POINT('Ctrl Pts',(692.553971833238,-4880.54207116048,38.1129058082657));
#6824=CARTESIAN_POINT('Ctrl Pts',(692.622119740729,-4880.49507394431,38.1057643218916));
#6825=CARTESIAN_POINT('Ctrl Pts',(692.690989758036,-4880.4483628503,38.0985788840559));
#6826=CARTESIAN_POINT('Ctrl Pts',(692.737289678525,-4880.41741793562,38.0937643390969));
#6827=CARTESIAN_POINT('Ctrl Pts',(692.830589539921,-4880.35585157906,38.0840919286561));
#6828=CARTESIAN_POINT('Ctrl Pts',(692.925703374857,-4880.29541074729,38.0743012383231));
#6829=CARTESIAN_POINT('Ctrl Pts',(692.973780328488,-4880.26555121045,38.069371174264));
#6830=CARTESIAN_POINT('Ctrl Pts',(693.070714890451,-4880.20625981877,38.0594611661223));
#6831=CARTESIAN_POINT('Ctrl Pts',(693.16889867115,-4880.14749924995,38.0494743365805));
#6832=CARTESIAN_POINT('Ctrl Pts',(693.218225344346,-4880.11817090775,38.0444674159818));
#6833=CARTESIAN_POINT('Ctrl Pts',(693.317288708464,-4880.05957656858,38.0344305127422));
#6834=CARTESIAN_POINT('Ctrl Pts',(693.41708707977,-4880.00108188546,38.0243524719424));
#6835=CARTESIAN_POINT('Ctrl Pts',(693.467148647327,-4879.97185321061,38.0193044217009));
#6836=CARTESIAN_POINT('Ctrl Pts',(693.617749293724,-4879.88420791684,38.0041372706714));
#6837=CARTESIAN_POINT('Ctrl Pts',(693.769144156876,-4879.79643080613,37.9889308171342));
#6838=CARTESIAN_POINT('Ctrl Pts',(693.870567654624,-4879.73837780324,37.9787560090154));
#6839=CARTESIAN_POINT('Ctrl Pts',(693.968979160684,-4879.67734567999,37.9688101709465));
#6840=CARTESIAN_POINT('Ctrl Pts',(694.064970811912,-4879.61387497505,37.9590484767015));
#6841=CARTESIAN_POINT('Ctrl Pts',(692.395488224465,-4881.07462452266,38.1671731491947));
#6842=CARTESIAN_POINT('Ctrl Pts',(692.380340967398,-4881.04163773626,38.1678910518344));
#6843=CARTESIAN_POINT('Ctrl Pts',(692.364797141145,-4881.00608802579,38.1686745838858));
#6844=CARTESIAN_POINT('Ctrl Pts',(692.351714902549,-4880.97104445927,38.1693229629896));
#6845=CARTESIAN_POINT('Ctrl Pts',(692.339771524754,-4880.91819721275,38.1695393608993));
#6846=CARTESIAN_POINT('Ctrl Pts',(692.341534988194,-4880.88043616979,38.1687400077798));
#6847=CARTESIAN_POINT('Ctrl Pts',(692.342962607574,-4880.86176678424,38.1683056649467));
#6848=CARTESIAN_POINT('Ctrl Pts',(692.348300817966,-4880.806184425,38.1669298103287));
#6849=CARTESIAN_POINT('Ctrl Pts',(692.360549589789,-4880.75763884492,38.1650307886128));
#6850=CARTESIAN_POINT('Ctrl Pts',(692.374064559558,-4880.73218901692,38.163342438206));
#6851=CARTESIAN_POINT('Ctrl Pts',(692.402415186564,-4880.68213471322,38.159874143957));
#6852=CARTESIAN_POINT('Ctrl Pts',(692.437811649089,-4880.63993223734,38.1558705809566));
#6853=CARTESIAN_POINT('Ctrl Pts',(692.457937106384,-4880.62168002782,38.1536828642985));
#6854=CARTESIAN_POINT('Ctrl Pts',(692.500956417205,-4880.58836023761,38.1490963129182));
#6855=CARTESIAN_POINT('Ctrl Pts',(692.546444361605,-4880.55770494934,38.1443242049208));
#6856=CARTESIAN_POINT('Ctrl Pts',(692.569164547814,-4880.54228182518,38.1419410199226));
#6857=CARTESIAN_POINT('Ctrl Pts',(692.637260413282,-4880.49580322626,38.1347986270586));
#6858=CARTESIAN_POINT('Ctrl Pts',(692.70566709515,-4880.44920199957,38.1276409120219));
#6859=CARTESIAN_POINT('Ctrl Pts',(692.75169544983,-4880.41839352497,38.1228411152737));
#6860=CARTESIAN_POINT('Ctrl Pts',(692.844228171286,-4880.35688435491,38.1132136867282));
#6861=CARTESIAN_POINT('Ctrl Pts',(692.938460819189,-4880.29643503511,38.1034741674919));
#6862=CARTESIAN_POINT('Ctrl Pts',(692.986096256552,-4880.26658369914,38.0985692681593));
#6863=CARTESIAN_POINT('Ctrl Pts',(693.082097611274,-4880.20727041763,38.0887126605214));
#6864=CARTESIAN_POINT('Ctrl Pts',(693.179261885435,-4880.14841618352,38.0787846644786));
#6865=CARTESIAN_POINT('Ctrl Pts',(693.228059168181,-4880.11902232861,38.0738084630322));
#6866=CARTESIAN_POINT('Ctrl Pts',(693.326039530037,-4880.06027091849,38.0638346181275));
#6867=CARTESIAN_POINT('Ctrl Pts',(693.424736803857,-4880.00158839519,38.0538208881592));
#6868=CARTESIAN_POINT('Ctrl Pts',(693.474251566761,-4879.97226393119,38.0488047634085));
#6869=CARTESIAN_POINT('Ctrl Pts',(693.623238420716,-4879.88433357474,38.0337317394314));
#6870=CARTESIAN_POINT('Ctrl Pts',(693.773194156188,-4879.79632185843,38.0186084870922));
#6871=CARTESIAN_POINT('Ctrl Pts',(693.873931323107,-4879.73835616527,38.0084689214886));
#6872=CARTESIAN_POINT('Ctrl Pts',(693.971800143831,-4879.67724817469,37.9985540772407));
#6873=CARTESIAN_POINT('Ctrl Pts',(694.067397113847,-4879.61365682716,37.9888163305558));
#6874=CARTESIAN_POINT('Ctrl Pts',(692.398606613439,-4881.07572301041,38.1968685103008));
#6875=CARTESIAN_POINT('Ctrl Pts',(692.383988633924,-4881.04130586788,38.1975925451723));
#6876=CARTESIAN_POINT('Ctrl Pts',(692.36832959848,-4881.00247581999,38.1984565218049));
#6877=CARTESIAN_POINT('Ctrl Pts',(692.354396663928,-4880.9624332901,38.1992542935128));
#6878=CARTESIAN_POINT('Ctrl Pts',(692.346564950054,-4880.91129228983,38.1992052604771));
#6879=CARTESIAN_POINT('Ctrl Pts',(692.351581702167,-4880.87632978407,38.1981546146598));
#6880=CARTESIAN_POINT('Ctrl Pts',(692.35356419238,-4880.85787352685,38.1976774690482));
#6881=CARTESIAN_POINT('Ctrl Pts',(692.360150729999,-4880.80284759443,38.1962030994374));
#6882=CARTESIAN_POINT('Ctrl Pts',(692.372835274551,-4880.7546069341,38.1942696605401));
#6883=CARTESIAN_POINT('Ctrl Pts',(692.387220394003,-4880.7301707232,38.1925149153606));
#6884=CARTESIAN_POINT('Ctrl Pts',(692.416089952058,-4880.6806876438,38.1890089540382));
#6885=CARTESIAN_POINT('Ctrl Pts',(692.451701813214,-4880.63881525015,38.1849912216885));
#6886=CARTESIAN_POINT('Ctrl Pts',(692.472141351726,-4880.62101819227,38.1827799017005));
#6887=CARTESIAN_POINT('Ctrl Pts',(692.515672918054,-4880.58850410954,38.1781544505031));
#6888=CARTESIAN_POINT('Ctrl Pts',(692.561335687007,-4880.55831177683,38.1733680015076));
#6889=CARTESIAN_POINT('Ctrl Pts',(692.584053292912,-4880.54302546149,38.1709842049878));
#6890=CARTESIAN_POINT('Ctrl Pts',(692.651948274608,-4880.49678013195,38.1638535240736));
#6891=CARTESIAN_POINT('Ctrl Pts',(692.719936798146,-4880.45024820423,38.1567214329748));
#6892=CARTESIAN_POINT('Ctrl Pts',(692.765690405716,-4880.41951910792,38.1519374488721));
#6893=CARTESIAN_POINT('Ctrl Pts',(692.857502635696,-4880.35802047238,38.142353096197));
#6894=CARTESIAN_POINT('Ctrl Pts',(692.950901435443,-4880.29753297672,38.1326626418654));
#6895=CARTESIAN_POINT('Ctrl Pts',(692.998119394906,-4880.26767805575,38.1277817967047));
#6896=CARTESIAN_POINT('Ctrl Pts',(693.093231344097,-4880.20831937443,38.1179766280957));
#6897=CARTESIAN_POINT('Ctrl Pts',(693.189419401869,-4880.14935681614,38.1081054024675));
#6898=CARTESIAN_POINT('Ctrl Pts',(693.237709602711,-4880.11989286326,38.1031588059079));
#6899=CARTESIAN_POINT('Ctrl Pts',(693.334650213425,-4880.06097766535,38.093245825934));
#6900=CARTESIAN_POINT('Ctrl Pts',(693.432285492422,-4880.00210447973,38.0832943755517));
#6901=CARTESIAN_POINT('Ctrl Pts',(693.481271752087,-4879.97268325498,38.0783092233968));
#6902=CARTESIAN_POINT('Ctrl Pts',(693.628691575917,-4879.88446605661,38.0633278866395));
#6903=CARTESIAN_POINT('Ctrl Pts',(693.777219855219,-4879.79620600029,38.04828757078));
#6904=CARTESIAN_POINT('Ctrl Pts',(693.877272980461,-4879.73835549464,38.0381825625159));
#6905=CARTESIAN_POINT('Ctrl Pts',(693.974607600223,-4879.67715018869,38.0282987373795));
#6906=CARTESIAN_POINT('Ctrl Pts',(694.069823613257,-4879.61342267221,38.0185845409543));
#6907=CARTESIAN_POINT('Ctrl Pts',(692.400028474906,-4881.07541156694,38.2067593351942));
#6908=CARTESIAN_POINT('Ctrl Pts',(692.385895433673,-4881.04102597106,38.2074581824631));
#6909=CARTESIAN_POINT('Ctrl Pts',(692.370905868351,-4881.00248199722,38.208282477833));
#6910=CARTESIAN_POINT('Ctrl Pts',(692.357742702281,-4880.96300371253,38.2090284770959));
#6911=CARTESIAN_POINT('Ctrl Pts',(692.350141454314,-4880.91113106532,38.2089798715936));
#6912=CARTESIAN_POINT('Ctrl Pts',(692.355258279393,-4880.87571570798,38.20792788423));
#6913=CARTESIAN_POINT('Ctrl Pts',(692.357383134109,-4880.85726254533,38.2074406262734));
#6914=CARTESIAN_POINT('Ctrl Pts',(692.364318031296,-4880.80226656924,38.2059412040607));
#6915=CARTESIAN_POINT('Ctrl Pts',(692.377241651668,-4880.75422298574,38.2039888764217));
#6916=CARTESIAN_POINT('Ctrl Pts',(692.391727964504,-4880.72985097301,38.2022271461093));
#6917=CARTESIAN_POINT('Ctrl Pts',(692.420727854607,-4880.68047068399,38.1987121769528));
#6918=CARTESIAN_POINT('Ctrl Pts',(692.456420487249,-4880.6387032802,38.1946890612337));
#6919=CARTESIAN_POINT('Ctrl Pts',(692.476929629976,-4880.62100659445,38.1924726347128));
#6920=CARTESIAN_POINT('Ctrl Pts',(692.520568062092,-4880.58866874364,38.1878392428235));
#6921=CARTESIAN_POINT('Ctrl Pts',(692.566254381376,-4880.55857750577,38.1830507874542));
#6922=CARTESIAN_POINT('Ctrl Pts',(692.588964053341,-4880.54332321524,38.1806673817906));
#6923=CARTESIAN_POINT('Ctrl Pts',(692.656782340128,-4880.49712881128,38.1735415255534));
#6924=CARTESIAN_POINT('Ctrl Pts',(692.724640616531,-4880.45061843677,38.1664174521254));
#6925=CARTESIAN_POINT('Ctrl Pts',(692.770302072673,-4880.41990835803,38.161638884926));
#6926=CARTESIAN_POINT('Ctrl Pts',(692.861881895182,-4880.35840946605,38.1520685051501));
#6927=CARTESIAN_POINT('Ctrl Pts',(692.955009295497,-4880.29790641403,38.1423940889304));
#6928=CARTESIAN_POINT('Ctrl Pts',(693.002091095284,-4880.26804890501,38.137521120656));
#6929=CARTESIAN_POINT('Ctrl Pts',(693.096912083138,-4880.20867241995,38.1277328444608));
#6930=CARTESIAN_POINT('Ctrl Pts',(693.192780177334,-4880.14967224708,38.1178802750519));
#6931=CARTESIAN_POINT('Ctrl Pts',(693.240904167346,-4880.12018452835,38.1129434020087));
#6932=CARTESIAN_POINT('Ctrl Pts',(693.337503638547,-4880.06121421664,38.1030504267146));
#6933=CARTESIAN_POINT('Ctrl Pts',(693.434789831532,-4880.00227738705,38.0931194747869));
#6934=CARTESIAN_POINT('Ctrl Pts',(693.483602218711,-4879.97282388671,38.0881445248757));
#6935=CARTESIAN_POINT('Ctrl Pts',(693.630505637139,-4879.88451121688,38.073193431677));
#6936=CARTESIAN_POINT('Ctrl Pts',(693.778559749432,-4879.79616687936,38.0581807120698));
#6937=CARTESIAN_POINT('Ctrl Pts',(693.878383211993,-4879.73835825565,38.0480872422696));
#6938=CARTESIAN_POINT('Ctrl Pts',(693.975541723697,-4879.67711732853,38.0382137215865));
#6939=CARTESIAN_POINT('Ctrl Pts',(694.070632659142,-4879.61334253762,38.0285073136926));
#6940=CARTESIAN_POINT('Ctrl Pts',(692.403704632158,-4881.07378755991,38.2265146590273));
#6941=CARTESIAN_POINT('Ctrl Pts',(692.391003261985,-4881.0402817935,38.2271213023674));
#6942=CARTESIAN_POINT('Ctrl Pts',(692.378231204639,-4881.00411717349,38.2277817978253));
#6943=CARTESIAN_POINT('Ctrl Pts',(692.367660834841,-4880.96825231348,38.2283175163327));
#6944=CARTESIAN_POINT('Ctrl Pts',(692.359574064027,-4880.91442293155,38.2283319421995));
#6945=CARTESIAN_POINT('Ctrl Pts',(692.363387669149,-4880.87614679053,38.2273998926959));
#6946=CARTESIAN_POINT('Ctrl Pts',(692.365630605693,-4880.8574801046,38.2269069867052));
#6947=CARTESIAN_POINT('Ctrl Pts',(692.373069539731,-4880.80222906908,38.2253769291669));
#6948=CARTESIAN_POINT('Ctrl Pts',(692.386627144577,-4880.75469381007,38.223376126868));
#6949=CARTESIAN_POINT('Ctrl Pts',(692.400948517016,-4880.72991765676,38.2216298686966));
#6950=CARTESIAN_POINT('Ctrl Pts',(692.430147011232,-4880.68058532532,38.2181025366629));
#6951=CARTESIAN_POINT('Ctrl Pts',(692.466037250211,-4880.63903496376,38.2140660283591));
#6952=CARTESIAN_POINT('Ctrl Pts',(692.486597413904,-4880.62141068492,38.2118463632295));
#6953=CARTESIAN_POINT('Ctrl Pts',(692.530301218325,-4880.58921115126,38.2072087949178));
#6954=CARTESIAN_POINT('Ctrl Pts',(692.575968389982,-4880.55921697663,38.202421656778));
#6955=CARTESIAN_POINT('Ctrl Pts',(692.598648653263,-4880.54399955869,38.2000401817163));
#6956=CARTESIAN_POINT('Ctrl Pts',(692.666310753228,-4880.49786864078,38.1929245943374));
#6957=CARTESIAN_POINT('Ctrl Pts',(692.733929326812,-4880.45139922394,38.1858153376692));
#6958=CARTESIAN_POINT('Ctrl Pts',(692.779405107646,-4880.42071037733,38.1810479369938));
#6959=CARTESIAN_POINT('Ctrl Pts',(692.870539810707,-4880.3592058238,38.1715044464038));
#6960=CARTESIAN_POINT('Ctrl Pts',(692.963140098516,-4880.29866720486,38.1618613021548));
#6961=CARTESIAN_POINT('Ctrl Pts',(693.009955783511,-4880.26880110241,38.1570038033064));
#6962=CARTESIAN_POINT('Ctrl Pts',(693.104206933274,-4880.20938340292,38.147248746683));
#6963=CARTESIAN_POINT('Ctrl Pts',(693.199447181733,-4880.15030524121,38.1374328827049));
#6964=CARTESIAN_POINT('Ctrl Pts',(693.247245103401,-4880.12076945839,38.1325151219092));
#6965=CARTESIAN_POINT('Ctrl Pts',(693.343174500066,-4880.06168840867,38.1226615055038));
#6966=CARTESIAN_POINT('Ctrl Pts',(693.439773527404,-4880.00262460763,38.1127709527842));
#6967=CARTESIAN_POINT('Ctrl Pts',(693.488243301854,-4879.97310666868,38.1078161306723));
#6968=CARTESIAN_POINT('Ctrl Pts',(693.634127368963,-4879.88460417111,38.092924782754));
#6969=CARTESIAN_POINT('Ctrl Pts',(693.781237414395,-4879.79608829733,38.0779671040859));
#6970=CARTESIAN_POINT('Ctrl Pts',(693.880590717514,-4879.73837231356,38.067897119984));
#6971=CARTESIAN_POINT('Ctrl Pts',(693.977405691039,-4879.67705090942,38.0580439402804));
#6972=CARTESIAN_POINT('Ctrl Pts',(694.072251572303,-4879.61317735999,38.048352925837));
#6973=CARTESIAN_POINT('Ctrl Pts',(692.409428733927,-4881.07258344732,38.2461487895516));
#6974=CARTESIAN_POINT('Ctrl Pts',(692.398502887552,-4881.04084821955,38.2466258869164));
#6975=CARTESIAN_POINT('Ctrl Pts',(692.388105092999,-4881.00781140602,38.2470977761054));
#6976=CARTESIAN_POINT('Ctrl Pts',(692.379818357241,-4880.97561769542,38.2474382300379));
#6977=CARTESIAN_POINT('Ctrl Pts',(692.371507027036,-4880.92142308214,38.2474716796028));
#6978=CARTESIAN_POINT('Ctrl Pts',(692.373252148125,-4880.87973039937,38.246716060568));
#6979=CARTESIAN_POINT('Ctrl Pts',(692.375222887334,-4880.86040063033,38.2462493916988));
#6980=CARTESIAN_POINT('Ctrl Pts',(692.382632760326,-4880.80430597974,38.2447335412162));
#6981=CARTESIAN_POINT('Ctrl Pts',(692.396828616289,-4880.75714249316,38.2426873393595));
#6982=CARTESIAN_POINT('Ctrl Pts',(692.410602074815,-4880.73140351364,38.2409872604156));
#6983=CARTESIAN_POINT('Ctrl Pts',(692.439859491213,-4880.68181632924,38.2374599176272));
#6984=CARTESIAN_POINT('Ctrl Pts',(692.475946293885,-4880.64040726716,38.2334105433632));
#6985=CARTESIAN_POINT('Ctrl Pts',(692.49641080543,-4880.62263866156,38.2311992648635));
#6986=CARTESIAN_POINT('Ctrl Pts',(692.539909496301,-4880.59018375567,38.2265788963465));
#6987=CARTESIAN_POINT('Ctrl Pts',(692.585423841783,-4880.56007558086,38.2218038141304));
#6988=CARTESIAN_POINT('Ctrl Pts',(692.608046668718,-4880.54483936429,38.2194266398057));
#6989=CARTESIAN_POINT('Ctrl Pts',(692.675546097692,-4880.49869399778,38.2123226155496));
#6990=CARTESIAN_POINT('Ctrl Pts',(692.742964079002,-4880.45225750459,38.2052259219254));
#6991=CARTESIAN_POINT('Ctrl Pts',(692.788252930627,-4880.42155679,38.2004702514359));
#6992=CARTESIAN_POINT('Ctrl Pts',(692.878982981208,-4880.36003636473,38.1909514578585));
#6993=CARTESIAN_POINT('Ctrl Pts',(692.971091351796,-4880.29945533712,38.1813377180405));
#6994=CARTESIAN_POINT('Ctrl Pts',(693.017652547066,-4880.26957196381,38.1764951924548));
#6995=CARTESIAN_POINT('Ctrl Pts',(693.111358858118,-4880.21010091161,38.1667721893874));
#6996=CARTESIAN_POINT('Ctrl Pts',(693.205997388126,-4880.15093958226,38.1569916987432));
#6997=CARTESIAN_POINT('Ctrl Pts',(693.253483029139,-4880.12135503723,38.1520923129342));
#6998=CARTESIAN_POINT('Ctrl Pts',(693.348769083192,-4880.06216321062,38.142276606174));
#6999=CARTESIAN_POINT('Ctrl Pts',(693.444705317595,-4880.00297414355,38.13242510618));
#7000=CARTESIAN_POINT('Ctrl Pts',(693.492843735545,-4879.97339226911,38.1274897983875));
#7001=CARTESIAN_POINT('Ctrl Pts',(693.637738517564,-4879.88470360491,38.1126565096958));
#7002=CARTESIAN_POINT('Ctrl Pts',(693.783915769656,-4879.79601102283,38.0977534026399));
#7003=CARTESIAN_POINT('Ctrl Pts',(693.882764178327,-4879.73840518197,38.0877084403577));
#7004=CARTESIAN_POINT('Ctrl Pts',(693.979261163154,-4879.67698091967,38.0778747036956));
#7005=CARTESIAN_POINT('Ctrl Pts',(694.073873836216,-4879.61300025131,38.0681986246064));
#7006=CARTESIAN_POINT('Ctrl Pts',(692.412787293286,-4881.07240935715,38.2559300315421));
#7007=CARTESIAN_POINT('Ctrl Pts',(692.402687212057,-4881.04155721892,38.2563455675065));
#7008=CARTESIAN_POINT('Ctrl Pts',(692.393243835729,-4881.00977588238,38.2567416622723));
#7009=CARTESIAN_POINT('Ctrl Pts',(692.385744294737,-4880.97883164177,38.257015222857));
#7010=CARTESIAN_POINT('Ctrl Pts',(692.377629098199,-4880.92504863597,38.257029940995));
#7011=CARTESIAN_POINT('Ctrl Pts',(692.378618163216,-4880.88220944725,38.2563370643067));
#7012=CARTESIAN_POINT('Ctrl Pts',(692.380374307156,-4880.86248146777,38.2558894320891));
#7013=CARTESIAN_POINT('Ctrl Pts',(692.387618329003,-4880.80584952178,38.254391981342));
#7014=CARTESIAN_POINT('Ctrl Pts',(692.402052803759,-4880.7587415185,38.2523303320574));
#7015=CARTESIAN_POINT('Ctrl Pts',(692.415541393299,-4880.73250227057,38.2506542437023));
#7016=CARTESIAN_POINT('Ctrl Pts',(692.444790386309,-4880.68271573098,38.2471301819966));
#7017=CARTESIAN_POINT('Ctrl Pts',(692.48095792496,-4880.64133709642,38.2430758733551));
#7018=CARTESIAN_POINT('Ctrl Pts',(692.501344776789,-4880.62345132606,38.2408711604027));
#7019=CARTESIAN_POINT('Ctrl Pts',(692.544679239707,-4880.59077813649,38.2362642754322));
#7020=CARTESIAN_POINT('Ctrl Pts',(692.59008343246,-4880.56055994345,38.2314979276268));
#7021=CARTESIAN_POINT('Ctrl Pts',(692.612670379257,-4880.54530016947,38.2291235081322));
#7022=CARTESIAN_POINT('Ctrl Pts',(692.68008696525,-4880.49912814006,38.2220255778187));
#7023=CARTESIAN_POINT('Ctrl Pts',(692.747413919515,-4880.45270525991,38.2149346403433));
#7024=CARTESIAN_POINT('Ctrl Pts',(692.792609312418,-4880.42199038978,38.2101849546941));
#7025=CARTESIAN_POINT('Ctrl Pts',(692.883147453276,-4880.36045952337,38.200677939661));
#7026=CARTESIAN_POINT('Ctrl Pts',(692.975019653671,-4880.29985611399,38.1910783682615));
#7027=CARTESIAN_POINT('Ctrl Pts',(693.02145631722,-4880.26996147575,38.1862432232313));
#7028=CARTESIAN_POINT('Ctrl Pts',(693.114896682301,-4880.21046048908,38.176535945556));
#7029=CARTESIAN_POINT('Ctrl Pts',(693.209241370398,-4880.15125636466,38.1667727793691));
#7030=CARTESIAN_POINT('Ctrl Pts',(693.256574593663,-4880.12164735898,38.1618823794628));
#7031=CARTESIAN_POINT('Ctrl Pts',(693.351546236511,-4880.06240037652,38.1520852283959));
#7032=CARTESIAN_POINT('Ctrl Pts',(693.447157750574,-4880.00314936503,38.1422528808678));
#7033=CARTESIAN_POINT('Ctrl Pts',(693.495133552948,-4879.97353572002,38.1373271617648));
#7034=CARTESIAN_POINT('Ctrl Pts',(693.639541992512,-4879.8847552433,38.1225224307995));
#7035=CARTESIAN_POINT('Ctrl Pts',(693.785256347213,-4879.79597320282,38.1076464509887));
#7036=CARTESIAN_POINT('Ctrl Pts',(693.883840351044,-4879.7384267724,38.0976145631306));
#7037=CARTESIAN_POINT('Ctrl Pts',(693.980186782119,-4879.67694449945,38.0877902329011));
#7038=CARTESIAN_POINT('Ctrl Pts',(694.074686228378,-4879.6129081903,38.0781214841137));
#7039=CARTESIAN_POINT('Ctrl Pts',(692.423746861439,-4881.07261495639,38.2852105520056));
#7040=CARTESIAN_POINT('Ctrl Pts',(692.415870127417,-4881.04419326805,38.2854591478425));
#7041=CARTESIAN_POINT('Ctrl Pts',(692.408887492566,-4881.01567484955,38.2856592475648));
#7042=CARTESIAN_POINT('Ctrl Pts',(692.403400299904,-4880.98794026276,38.2857616049721));
#7043=CARTESIAN_POINT('Ctrl Pts',(692.39607012322,-4880.93575063893,38.285703043548));
#7044=CARTESIAN_POINT('Ctrl Pts',(692.395434722446,-4880.89064962576,38.2851416023171));
#7045=CARTESIAN_POINT('Ctrl Pts',(692.396622768013,-4880.86996882446,38.2847428410259));
#7046=CARTESIAN_POINT('Ctrl Pts',(692.403210029535,-4880.81180896015,38.2833090637723));
#7047=CARTESIAN_POINT('Ctrl Pts',(692.417980444576,-4880.76440975789,38.2812315205003));
#7048=CARTESIAN_POINT('Ctrl Pts',(692.4307183879,-4880.73681118401,38.2796192938573));
#7049=CARTESIAN_POINT('Ctrl Pts',(692.459817446244,-4880.6862439838,38.2761152378709));
#7050=CARTESIAN_POINT('Ctrl Pts',(692.496100910346,-4880.64475579875,38.2720562897415));
#7051=CARTESIAN_POINT('Ctrl Pts',(692.516203092727,-4880.62643678582,38.269875393811));
#7052=CARTESIAN_POINT('Ctrl Pts',(692.558912125488,-4880.59290931613,38.2653194906101));
#7053=CARTESIAN_POINT('Ctrl Pts',(692.603887513252,-4880.56220906766,38.2605872016081));
#7054=CARTESIAN_POINT('Ctrl Pts',(692.626343331047,-4880.54683449973,38.2582230052246));
#7055=CARTESIAN_POINT('Ctrl Pts',(692.693482637487,-4880.50050080021,38.2511460667444));
#7056=CARTESIAN_POINT('Ctrl Pts',(692.760558005527,-4880.45410406969,38.2440712735091));
#7057=CARTESIAN_POINT('Ctrl Pts',(692.805475034441,-4880.42332552271,38.2393397241616));
#7058=CARTESIAN_POINT('Ctrl Pts',(692.895464871864,-4880.36175287682,38.2298665893534));
#7059=CARTESIAN_POINT('Ctrl Pts',(692.986658455813,-4880.3010791113,38.2203078793718));
#7060=CARTESIAN_POINT('Ctrl Pts',(693.032728532119,-4880.27114141994,38.215494641996));
#7061=CARTESIAN_POINT('Ctrl Pts',(693.12538978883,-4880.21153974162,38.205833689413));
#7062=CARTESIAN_POINT('Ctrl Pts',(693.218875223918,-4880.15220374758,38.1961213374528));
#7063=CARTESIAN_POINT('Ctrl Pts',(693.265762701688,-4880.12252114253,38.1912572700388));
#7064=CARTESIAN_POINT('Ctrl Pts',(693.3598143762,-4880.06311006532,38.1815144925596));
#7065=CARTESIAN_POINT('Ctrl Pts',(693.454473585622,-4880.00367621358,38.1717383619212));
#7066=CARTESIAN_POINT('Ctrl Pts',(693.501971375941,-4879.97396803312,38.1668408638694));
#7067=CARTESIAN_POINT('Ctrl Pts',(693.644948033515,-4879.88491670184,38.1521202459387));
#7068=CARTESIAN_POINT('Ctrl Pts',(693.789286890623,-4879.79586433782,38.1373249954355));
#7069=CARTESIAN_POINT('Ctrl Pts',(693.887035352474,-4879.73850468745,38.1273344705373));
#7070=CARTESIAN_POINT('Ctrl Pts',(693.982959147611,-4879.67682791611,38.1175372280448));
#7071=CARTESIAN_POINT('Ctrl Pts',(694.077129262494,-4879.61261937447,38.1078900260124));
#7072=CARTESIAN_POINT('Ctrl Pts',(692.436746975717,-4881.07473706242,38.3143407537869));
#7073=CARTESIAN_POINT('Ctrl Pts',(692.430411875444,-4881.04811453958,38.3144711148554));
#7074=CARTESIAN_POINT('Ctrl Pts',(692.42485221979,-4881.02149396216,38.3145576976332));
#7075=CARTESIAN_POINT('Ctrl Pts',(692.420422044913,-4880.99540125634,38.3145714554837));
#7076=CARTESIAN_POINT('Ctrl Pts',(692.414423851813,-4880.94566223686,38.314394346672));
#7077=CARTESIAN_POINT('Ctrl Pts',(692.413702659258,-4880.90098587659,38.3138307572762));
#7078=CARTESIAN_POINT('Ctrl Pts',(692.414587412586,-4880.88002389676,38.313454631415));
#7079=CARTESIAN_POINT('Ctrl Pts',(692.420421516363,-4880.82096350599,38.3120807338329));
#7080=CARTESIAN_POINT('Ctrl Pts',(692.434660596711,-4880.77239674663,38.3100538426825));
#7081=CARTESIAN_POINT('Ctrl Pts',(692.446895530573,-4880.74382531657,38.3084856448127));
#7082=CARTESIAN_POINT('Ctrl Pts',(692.475504579095,-4880.69206844678,38.3050281216185));
#7083=CARTESIAN_POINT('Ctrl Pts',(692.511490808732,-4880.64987105623,38.3009972636897));
#7084=CARTESIAN_POINT('Ctrl Pts',(692.531190161232,-4880.6309347639,38.2988495373127));
#7085=CARTESIAN_POINT('Ctrl Pts',(692.572976562448,-4880.59610422696,38.2943681415267));
#7086=CARTESIAN_POINT('Ctrl Pts',(692.61727018262,-4880.56452969221,38.2896900964851));
#7087=CARTESIAN_POINT('Ctrl Pts',(692.639519019111,-4880.5489063312,38.2873423544748));
#7088=CARTESIAN_POINT('Ctrl Pts',(692.706247017321,-4880.5021256832,38.2802979693877));
#7089=CARTESIAN_POINT('Ctrl Pts',(692.773102795229,-4880.45568112517,38.2732382825321));
#7090=CARTESIAN_POINT('Ctrl Pts',(692.817751438255,-4880.42478409309,38.2685250310764));
#7091=CARTESIAN_POINT('Ctrl Pts',(692.907262453989,-4880.36312788051,38.2590822907674));
#7092=CARTESIAN_POINT('Ctrl Pts',(692.997857410214,-4880.30236705581,38.2495601548506));
#7093=CARTESIAN_POINT('Ctrl Pts',(693.043581144629,-4880.27235859962,38.2447681570041));
#7094=CARTESIAN_POINT('Ctrl Pts',(693.135516412448,-4880.21262128761,38.2351511728468));
#7095=CARTESIAN_POINT('Ctrl Pts',(693.228208151031,-4880.15314115948,38.2254862501218));
#7096=CARTESIAN_POINT('Ctrl Pts',(693.274684069283,-4880.12338353188,38.2206466679193));
#7097=CARTESIAN_POINT('Ctrl Pts',(693.367887427467,-4880.06381302036,38.2109542648672));
#7098=CARTESIAN_POINT('Ctrl Pts',(693.461663344387,-4880.00420687815,38.2012304061977));
#7099=CARTESIAN_POINT('Ctrl Pts',(693.508714143029,-4879.97440777941,38.1963593812769));
#7100=CARTESIAN_POINT('Ctrl Pts',(693.650346308918,-4879.88509777455,38.1817179257967));
#7101=CARTESIAN_POINT('Ctrl Pts',(693.793359127236,-4879.79577762287,38.1670007246144));
#7102=CARTESIAN_POINT('Ctrl Pts',(693.890156799052,-4879.73859461076,38.1570581180597));
#7103=CARTESIAN_POINT('Ctrl Pts',(693.985733255938,-4879.67667515272,38.1472849252328));
#7104=CARTESIAN_POINT('Ctrl Pts',(694.079599327594,-4879.61228514901,38.137658106609));
#7105=CARTESIAN_POINT('Ctrl Pts',(692.445677196858,-4881.07656075091,38.3337385680422));
#7106=CARTESIAN_POINT('Ctrl Pts',(692.440144306622,-4881.05086313674,38.333807728712));
#7107=CARTESIAN_POINT('Ctrl Pts',(692.435349016392,-4881.02524632131,38.333833774668));
#7108=CARTESIAN_POINT('Ctrl Pts',(692.431559418009,-4881.0001173466,38.3337945535733));
#7109=CARTESIAN_POINT('Ctrl Pts',(692.426363348102,-4880.95172758929,38.3335488134367));
#7110=CARTESIAN_POINT('Ctrl Pts',(692.425830040027,-4880.90762159674,38.3329650238092));
#7111=CARTESIAN_POINT('Ctrl Pts',(692.426710574951,-4880.88678909496,38.3325871048429));
#7112=CARTESIAN_POINT('Ctrl Pts',(692.432352160275,-4880.82774678846,38.3312245247072));
#7113=CARTESIAN_POINT('Ctrl Pts',(692.446103579545,-4880.77847353763,38.3292379416256));
#7114=CARTESIAN_POINT('Ctrl Pts',(692.458058555803,-4880.74939899528,38.3276940100411));
#7115=CARTESIAN_POINT('Ctrl Pts',(692.486217847684,-4880.69679390917,38.3242758418267));
#7116=CARTESIAN_POINT('Ctrl Pts',(692.521791166945,-4880.65386128839,38.3202802723973));
#7117=CARTESIAN_POINT('Ctrl Pts',(692.541202506046,-4880.63448695451,38.3181561170145));
#7118=CARTESIAN_POINT('Ctrl Pts',(692.582335823104,-4880.59872720633,38.3137273389728));
#7119=CARTESIAN_POINT('Ctrl Pts',(692.626102448186,-4880.56645560584,38.3090912225431));
#7120=CARTESIAN_POINT('Ctrl Pts',(692.648173796961,-4880.55060428564,38.3067576111467));
#7121=CARTESIAN_POINT('Ctrl Pts',(692.714522225029,-4880.50335960272,38.2997433661306));
#7122=CARTESIAN_POINT('Ctrl Pts',(692.781214733031,-4880.45682153931,38.2926955261335));
#7123=CARTESIAN_POINT('Ctrl Pts',(692.825693241001,-4880.42582996964,38.2879941393661));
#7124=CARTESIAN_POINT('Ctrl Pts',(692.914904404166,-4880.36409012914,38.2785709050223));
#7125=CARTESIAN_POINT('Ctrl Pts',(693.005126359183,-4880.30325689259,38.269071877563));
#7126=CARTESIAN_POINT('Ctrl Pts',(693.05062763872,-4880.27318928516,38.264293759859));
#7127=CARTESIAN_POINT('Ctrl Pts',(693.142099869963,-4880.21334402224,38.2547052107478));
#7128=CARTESIAN_POINT('Ctrl Pts',(693.234289618041,-4880.1537601947,38.2450705426432));
#7129=CARTESIAN_POINT('Ctrl Pts',(693.28050613143,-4880.12395120755,38.240246484564));
#7130=CARTESIAN_POINT('Ctrl Pts',(693.373177710329,-4880.06427716502,38.230585763018));
#7131=CARTESIAN_POINT('Ctrl Pts',(693.466398781477,-4880.00456252939,38.2208947792994));
#7132=CARTESIAN_POINT('Ctrl Pts',(693.513166872004,-4879.97470612482,38.2160405055487));
#7133=CARTESIAN_POINT('Ctrl Pts',(693.653946681912,-4879.88522647142,38.2014493993213));
#7134=CARTESIAN_POINT('Ctrl Pts',(693.796106533643,-4879.79573782918,38.1867823488725));
#7135=CARTESIAN_POINT('Ctrl Pts',(693.892227932633,-4879.73863610365,38.1768748149579));
#7136=CARTESIAN_POINT('Ctrl Pts',(693.987596559797,-4879.67654466675,38.1671165931418));
#7137=CARTESIAN_POINT('Ctrl Pts',(694.08126631504,-4879.6120354642,38.1575029842986));
#7138=CARTESIAN_POINT('Ctrl Pts',(692.45484549782,-4881.07873195257,38.3531169699407));
#7139=CARTESIAN_POINT('Ctrl Pts',(692.450002165742,-4881.05384230794,38.3531332955169));
#7140=CARTESIAN_POINT('Ctrl Pts',(692.445848536462,-4881.02906857122,38.3531085583943));
#7141=CARTESIAN_POINT('Ctrl Pts',(692.442592884651,-4881.00473121136,38.3530254893483));
#7142=CARTESIAN_POINT('Ctrl Pts',(692.438168506815,-4880.95761957101,38.3527141615549));
#7143=CARTESIAN_POINT('Ctrl Pts',(692.437909603745,-4880.91418503528,38.3521036097368));
#7144=CARTESIAN_POINT('Ctrl Pts',(692.438824534826,-4880.89353336646,38.3517208717961));
#7145=CARTESIAN_POINT('Ctrl Pts',(692.444405603168,-4880.83472877737,38.350358399768));
#7146=CARTESIAN_POINT('Ctrl Pts',(692.457758318645,-4880.78499177934,38.3484029329213));
#7147=CARTESIAN_POINT('Ctrl Pts',(692.469430329684,-4880.75548852223,38.3468823184708));
#7148=CARTESIAN_POINT('Ctrl Pts',(692.497088406092,-4880.70208142421,38.3435058618526));
#7149=CARTESIAN_POINT('Ctrl Pts',(692.532151181858,-4880.65833590286,38.3395524925776));
#7150=CARTESIAN_POINT('Ctrl Pts',(692.551247871766,-4880.63850042782,38.3374537816461));
#7151=CARTESIAN_POINT('Ctrl Pts',(692.591703415457,-4880.60178925795,38.3330792905759));
#7152=CARTESIAN_POINT('Ctrl Pts',(692.634909003558,-4880.56876968688,38.3284877178858));
#7153=CARTESIAN_POINT('Ctrl Pts',(692.656772433617,-4880.55264662982,38.3261706103723));
#7154=CARTESIAN_POINT('Ctrl Pts',(692.722651813741,-4880.50480686048,38.3191935304017));
#7155=CARTESIAN_POINT('Ctrl Pts',(692.789133559758,-4880.45808774197,38.3121615050952));
#7156=CARTESIAN_POINT('Ctrl Pts',(692.833443858457,-4880.42698219625,38.3074721092254));
#7157=CARTESIAN_POINT('Ctrl Pts',(692.922354482204,-4880.36511558057,38.2980690138311));
#7158=CARTESIAN_POINT('Ctrl Pts',(693.012217103496,-4880.30418589356,38.2885926759144));
#7159=CARTESIAN_POINT('Ctrl Pts',(693.057505359829,-4880.2740506604,38.2838280368175));
#7160=CARTESIAN_POINT('Ctrl Pts',(693.148532749621,-4880.21408046721,38.274267179752));
#7161=CARTESIAN_POINT('Ctrl Pts',(693.240242630171,-4880.15438303961,38.264661710397));
#7162=CARTESIAN_POINT('Ctrl Pts',(693.286212971136,-4880.12452024001,38.2598524896354));
#7163=CARTESIAN_POINT('Ctrl Pts',(693.37838120941,-4880.06474146225,38.2502219058035));
#7164=CARTESIAN_POINT('Ctrl Pts',(693.471078368621,-4880.00492145343,38.240562048309));
#7165=CARTESIAN_POINT('Ctrl Pts',(693.517579255586,-4879.97501175789,38.2357235980256));
#7166=CARTESIAN_POINT('Ctrl Pts',(693.657551594955,-4879.88536181074,38.2211804302984));
#7167=CARTESIAN_POINT('Ctrl Pts',(693.798900448995,-4879.79572283531,38.2065608724875));
#7168=CARTESIAN_POINT('Ctrl Pts',(693.894369691197,-4879.73859939966,38.196689350855));
#7169=CARTESIAN_POINT('Ctrl Pts',(693.989504394884,-4879.67636479284,38.1869469110486));
#7170=CARTESIAN_POINT('Ctrl Pts',(694.082967780768,-4879.61175060142,38.177346759857));
#7171=CARTESIAN_POINT('Ctrl Pts',(692.464147188608,-4881.08116835938,38.37248337838));
#7172=CARTESIAN_POINT('Ctrl Pts',(692.459900740556,-4881.05698226146,38.3724539264791));
#7173=CARTESIAN_POINT('Ctrl Pts',(692.456301060038,-4881.03293408986,38.3723854377597));
#7174=CARTESIAN_POINT('Ctrl Pts',(692.453515242791,-4881.00928378454,38.3722640196828));
#7175=CARTESIAN_POINT('Ctrl Pts',(692.449807610041,-4880.96333203478,38.3718923618071));
#7176=CARTESIAN_POINT('Ctrl Pts',(692.449868899427,-4880.92059988904,38.3712519558373));
#7177=CARTESIAN_POINT('Ctrl Pts',(692.450855665473,-4880.90017519081,38.3708614738468));
#7178=CARTESIAN_POINT('Ctrl Pts',(692.456481709342,-4880.84176795955,38.3694903385365));
#7179=CARTESIAN_POINT('Ctrl Pts',(692.469505046263,-4880.79174412635,38.3675590147138));
#7180=CARTESIAN_POINT('Ctrl Pts',(692.48091494807,-4880.7618996204,38.3660591463323));
#7181=CARTESIAN_POINT('Ctrl Pts',(692.508055754,-4880.70776673992,38.3627241799966));
#7182=CARTESIAN_POINT('Ctrl Pts',(692.542548915582,-4880.66318578866,38.358816816101));
#7183=CARTESIAN_POINT('Ctrl Pts',(692.561318670799,-4880.64288927994,38.3567442426028));
#7184=CARTESIAN_POINT('Ctrl Pts',(692.60108751068,-4880.60523464018,38.3524243596349));
#7185=CARTESIAN_POINT('Ctrl Pts',(692.643710148583,-4880.57144132754,38.3478788897682));
#7186=CARTESIAN_POINT('Ctrl Pts',(692.665344121497,-4880.55501817695,38.3455799190695));
#7187=CARTESIAN_POINT('Ctrl Pts',(692.730683366342,-4880.50648657992,38.3386454666645));
#7188=CARTESIAN_POINT('Ctrl Pts',(692.796903538304,-4880.45950282892,38.3316333701817));
#7189=CARTESIAN_POINT('Ctrl Pts',(692.84103994007,-4880.42825939497,38.3269566052499));
#7190=CARTESIAN_POINT('Ctrl Pts',(692.92963862544,-4880.36621721696,38.3175749892634));
#7191=CARTESIAN_POINT('Ctrl Pts',(693.019149234558,-4880.30516386857,38.3081213298765));
#7192=CARTESIAN_POINT('Ctrl Pts',(693.064231787621,-4880.27495186312,38.3033698954175));
#7193=CARTESIAN_POINT('Ctrl Pts',(693.154829726031,-4880.21483973547,38.29383613862));
#7194=CARTESIAN_POINT('Ctrl Pts',(693.246079878908,-4880.15501839315,38.2842589247521));
#7195=CARTESIAN_POINT('Ctrl Pts',(693.29181558082,-4880.1250985261,38.2794639600603));
#7196=CARTESIAN_POINT('Ctrl Pts',(693.383505582183,-4880.06521154353,38.2698621914668));
#7197=CARTESIAN_POINT('Ctrl Pts',(693.475706594399,-4880.00528677972,38.2602319285699));
#7198=CARTESIAN_POINT('Ctrl Pts',(693.521954492986,-4879.97532488758,38.2554085045495));
#7199=CARTESIAN_POINT('Ctrl Pts',(693.661161611768,-4879.88550708689,38.2409109293003));
#7200=CARTESIAN_POINT('Ctrl Pts',(693.801741434014,-4879.79572365444,38.2263364687622));
#7201=CARTESIAN_POINT('Ctrl Pts',(693.896603018453,-4879.73848493621,38.2165005768061));
#7202=CARTESIAN_POINT('Ctrl Pts',(693.991469769771,-4879.67613474939,38.2067751889084));
#7203=CARTESIAN_POINT('Ctrl Pts',(694.084711633289,-4879.61143019312,38.1971890122546));
#7204=CARTESIAN_POINT('Ctrl Pts',(693.90019659777,-4879.05130721869,35.2000382646772));
#7205=CARTESIAN_POINT('Ctrl Pts',(693.829793165489,-4878.86907665789,35.2000382627472));
#7206=CARTESIAN_POINT('Ctrl Pts',(693.417388024005,-4878.48116102847,35.2000382465137));
#7207=CARTESIAN_POINT('Ctrl Pts',(693.592621788342,-4878.19629721728,35.2000382566729));
#7208=CARTESIAN_POINT('Ctrl Pts',(692.038107256759,-4877.3241297363,35.2000381912029));
#7209=CARTESIAN_POINT('Ctrl Pts',(694.260664784936,-4876.08931123314,35.2000383028078));
#7210=CARTESIAN_POINT('Ctrl Pts',(694.11817605182,-4878.1244840661,35.2000382814665));
#7211=CARTESIAN_POINT('Ctrl Pts',(694.510999819034,-4877.95894817857,35.2000383008097));
#7212=CARTESIAN_POINT('Ctrl Pts',(694.760484243907,-4878.513755069,35.2000383083084));
#7213=CARTESIAN_POINT('Ctrl Pts',(693.936611553493,-4879.05069511858,35.8000796793562));
#7214=CARTESIAN_POINT('Ctrl Pts',(693.874866833508,-4878.87263419147,35.8000796699535));
#7215=CARTESIAN_POINT('Ctrl Pts',(693.441920892911,-4878.48379465924,35.8000796457833));
#7216=CARTESIAN_POINT('Ctrl Pts',(693.657092389246,-4878.20928551372,35.8000796387978));
#7217=CARTESIAN_POINT('Ctrl Pts',(692.060669188526,-4877.3440047441,35.8000795564985));
#7218=CARTESIAN_POINT('Ctrl Pts',(694.262739043713,-4876.12950610595,35.8000796158589));
#7219=CARTESIAN_POINT('Ctrl Pts',(694.098806672851,-4878.19072914466,35.8000795767212));
#7220=CARTESIAN_POINT('Ctrl Pts',(694.500761575722,-4877.98656916889,35.8000795734558));
#7221=CARTESIAN_POINT('Ctrl Pts',(694.743967074244,-4878.54620951171,35.8000795646442));
#7222=CARTESIAN_POINT('Ctrl Pts',(693.97343267431,-4879.05017187444,36.4000957744239));
#7223=CARTESIAN_POINT('Ctrl Pts',(693.920320333641,-4878.87629714301,36.4000957614568));
#7224=CARTESIAN_POINT('Ctrl Pts',(693.466796120079,-4878.48655727696,36.4000957349115));
#7225=CARTESIAN_POINT('Ctrl Pts',(693.721854708067,-4878.22243464711,36.4000957182971));
#7226=CARTESIAN_POINT('Ctrl Pts',(692.083422570247,-4877.3641036519,36.4000956340497));
#7227=CARTESIAN_POINT('Ctrl Pts',(694.264904484482,-4876.16998794181,36.4000956560469));
#7228=CARTESIAN_POINT('Ctrl Pts',(694.079454540891,-4878.25730768733,36.4000956100859));
#7229=CARTESIAN_POINT('Ctrl Pts',(694.490477785311,-4878.01456311736,36.4000955935315));
#7230=CARTESIAN_POINT('Ctrl Pts',(694.727354729862,-4878.57906812561,36.400095575775));
#7231=CARTESIAN_POINT('Ctrl Pts',(694.010607384822,-4879.04997418263,37.0000910158359));
#7232=CARTESIAN_POINT('Ctrl Pts',(693.96611621802,-4878.88029273473,37.0000910033872));
#7233=CARTESIAN_POINT('Ctrl Pts',(693.491997785277,-4878.48966262141,37.0000909802769));
#7234=CARTESIAN_POINT('Ctrl Pts',(693.786921915979,-4878.2359401377,37.0000909618852));
#7235=CARTESIAN_POINT('Ctrl Pts',(692.106438174125,-4877.38458590525,37.0000908912359));
#7236=CARTESIAN_POINT('Ctrl Pts',(694.267289480472,-4876.21088011158,37.0000908914162));
#7237=CARTESIAN_POINT('Ctrl Pts',(694.060290502665,-4878.32431646441,37.0000908500951));
#7238=CARTESIAN_POINT('Ctrl Pts',(694.480355367913,-4878.04300420204,37.0000908299877));
#7239=CARTESIAN_POINT('Ctrl Pts',(694.710882640499,-4878.61238723362,37.000090810981));
#7240=CARTESIAN_POINT('Ctrl Pts',(694.04806335331,-4879.05033744047,37.6000699765362));
#7241=CARTESIAN_POINT('Ctrl Pts',(694.012198712921,-4878.88484599425,37.6000699684952));
#7242=CARTESIAN_POINT('Ctrl Pts',(693.517493678081,-4878.49332096333,37.600069954355));
#7243=CARTESIAN_POINT('Ctrl Pts',(693.852293644852,-4878.24999231451,37.6000699416656));
#7244=CARTESIAN_POINT('Ctrl Pts',(692.129778679826,-4877.40560234853,37.6000698994239));
#7245=CARTESIAN_POINT('Ctrl Pts',(694.270019759148,-4876.25229397498,37.6000698925968));
#7246=CARTESIAN_POINT('Ctrl Pts',(694.041486775442,-4878.39183772067,37.6000698668359));
#7247=CARTESIAN_POINT('Ctrl Pts',(694.470606025297,-4878.07194993995,37.6000698524502));
#7248=CARTESIAN_POINT('Ctrl Pts',(694.694793713424,-4878.64620480981,37.6000698395232));
#7249=CARTESIAN_POINT('Ctrl Pts',(694.085694577173,-4879.05148533949,38.2000355500655));
#7250=CARTESIAN_POINT('Ctrl Pts',(694.058480363639,-4878.89016900088,38.2000355500655));
#7251=CARTESIAN_POINT('Ctrl Pts',(693.543222738868,-4878.49772785697,38.2000355500656));
#7252=CARTESIAN_POINT('Ctrl Pts',(693.917944504097,-4878.2647644006,38.2000355500654));
#7253=CARTESIAN_POINT('Ctrl Pts',(692.153489321499,-4877.42728198904,38.2000355500657));
#7254=CARTESIAN_POINT('Ctrl Pts',(694.273211179398,-4876.29431432355,38.2000355500654));
#7255=CARTESIAN_POINT('Ctrl Pts',(694.023211294952,-4878.45992364412,38.2000355500657));
#7256=CARTESIAN_POINT('Ctrl Pts',(694.46144192285,-4878.10142482838,38.2000355500655));
#7257=CARTESIAN_POINT('Ctrl Pts',(694.679335069731,-4878.6805234669,38.2000355500655));
#7258=CARTESIAN_POINT('Ctrl Pts',(685.825332244988,-4866.92212400889,35.2000379797071));
#7259=CARTESIAN_POINT('Ctrl Pts',(685.641094330414,-4867.06635434577,35.200037970152));
#7260=CARTESIAN_POINT('Ctrl Pts',(685.070718708836,-4867.32803689177,35.2000379419112));
#7261=CARTESIAN_POINT('Ctrl Pts',(684.947718701101,-4867.53099951064,35.2000379347584));
#7262=CARTESIAN_POINT('Ctrl Pts',(683.844428767725,-4868.40707061841,35.2000378774489));
#7263=CARTESIAN_POINT('Ctrl Pts',(683.425466449446,-4866.69821846023,35.2000378704929));
#7264=CARTESIAN_POINT('Ctrl Pts',(684.537723812423,-4866.77470499145,35.2000379213078));
#7265=CARTESIAN_POINT('Ctrl Pts',(684.651075242104,-4866.32116648915,35.2000379298324));
#7266=CARTESIAN_POINT('Ctrl Pts',(685.10783868231,-4866.22122353237,35.2000379516529));
#7267=CARTESIAN_POINT('Ctrl Pts',(685.287752709529,-4866.06180640205,35.2000379611185));
#7268=CARTESIAN_POINT('Ctrl Pts',(685.824707908324,-4866.88570056857,35.8000791399626));
#7269=CARTESIAN_POINT('Ctrl Pts',(685.647131519488,-4867.02176028186,35.8000791548849));
#7270=CARTESIAN_POINT('Ctrl Pts',(685.067924792168,-4867.30684999874,35.8000791717834));
#7271=CARTESIAN_POINT('Ctrl Pts',(684.97292783292,-4867.44657523309,35.8000792152237));
#7272=CARTESIAN_POINT('Ctrl Pts',(683.858546622922,-4868.39905942175,35.800079227404));
#7273=CARTESIAN_POINT('Ctrl Pts',(683.469713989878,-4866.68125060126,35.8000793016273));
#7274=CARTESIAN_POINT('Ctrl Pts',(684.597510278866,-4866.80407870487,35.8000793995011));
#7275=CARTESIAN_POINT('Ctrl Pts',(684.67716175601,-4866.3200214326,35.8000794466178));
#7276=CARTESIAN_POINT('Ctrl Pts',(685.148806234221,-4866.24159014816,35.8000794947));
#7277=CARTESIAN_POINT('Ctrl Pts',(685.320213282847,-4866.07832179095,35.8000795240328));
#7278=CARTESIAN_POINT('Ctrl Pts',(685.824178290412,-4866.84887344214,36.4000951344964));
#7279=CARTESIAN_POINT('Ctrl Pts',(685.653280936118,-4866.97679098578,36.4000951626058));
#7280=CARTESIAN_POINT('Ctrl Pts',(685.065273743422,-4867.28533766788,36.4000952048856));
#7281=CARTESIAN_POINT('Ctrl Pts',(684.998317976775,-4867.36188750656,36.400095274322));
#7282=CARTESIAN_POINT('Ctrl Pts',(683.872890512709,-4868.39085794327,36.4000953269597));
#7283=CARTESIAN_POINT('Ctrl Pts',(683.514249470889,-4866.66419306525,36.400095442443));
#7284=CARTESIAN_POINT('Ctrl Pts',(684.657629083072,-4866.83343489211,36.4000955587466));
#7285=CARTESIAN_POINT('Ctrl Pts',(684.703611873303,-4866.31890966033,36.4000956242941));
#7286=CARTESIAN_POINT('Ctrl Pts',(685.190161151391,-4866.26202866418,36.4000956833154));
#7287=CARTESIAN_POINT('Ctrl Pts',(685.353078104862,-4866.09493651773,36.4000957216284));
#7288=CARTESIAN_POINT('Ctrl Pts',(685.823979236871,-4866.81169522229,37.0000904371471));
#7289=CARTESIAN_POINT('Ctrl Pts',(685.659768288271,-4866.93148272487,37.0000904667674));
#7290=CARTESIAN_POINT('Ctrl Pts',(685.062973529695,-4867.26350759719,37.000090513995));
#7291=CARTESIAN_POINT('Ctrl Pts',(685.024075014202,-4867.27690846313,37.0000905839902));
#7292=CARTESIAN_POINT('Ctrl Pts',(683.88762025042,-4868.38239633563,37.0000906470607));
#7293=CARTESIAN_POINT('Ctrl Pts',(683.559196862051,-4866.6469182832,37.0000907625204));
#7294=CARTESIAN_POINT('Ctrl Pts',(684.718178488503,-4866.86260458784,37.0000908676463));
#7295=CARTESIAN_POINT('Ctrl Pts',(684.73050575455,-4866.31763305466,37.0000909307743));
#7296=CARTESIAN_POINT('Ctrl Pts',(685.231969836189,-4866.28231880697,37.0000909848883));
#7297=CARTESIAN_POINT('Ctrl Pts',(685.386403802378,-4866.11141456666,37.0000910209224));
#7298=CARTESIAN_POINT('Ctrl Pts',(685.824345244031,-4866.77423828584,37.6000696141465));
#7299=CARTESIAN_POINT('Ctrl Pts',(685.666816973992,-4866.88589000677,37.6000696341829));
#7300=CARTESIAN_POINT('Ctrl Pts',(685.061228127064,-4867.24138302329,37.6000696669427));
#7301=CARTESIAN_POINT('Ctrl Pts',(685.050378742915,-4867.19162241025,37.6000697133262));
#7302=CARTESIAN_POINT('Ctrl Pts',(683.90288709538,-4868.37361295704,37.6000697583005));
#7303=CARTESIAN_POINT('Ctrl Pts',(683.604668182415,-4866.62930143317,37.6000698345089));
#7304=CARTESIAN_POINT('Ctrl Pts',(684.779242372225,-4866.89141765914,37.6000699003242));
#7305=CARTESIAN_POINT('Ctrl Pts',(684.757907458515,-4866.31598957356,37.6000699412208));
#7306=CARTESIAN_POINT('Ctrl Pts',(685.27428128547,-4866.30223428355,37.6000699753707));
#7307=CARTESIAN_POINT('Ctrl Pts',(685.420228670367,-4866.12751241383,37.6000699984273));
#7308=CARTESIAN_POINT('Ctrl Pts',(685.825499084895,-4866.7366085942,38.2000355500655));
#7309=CARTESIAN_POINT('Ctrl Pts',(685.674637326757,-4866.8400987833,38.2000355500655));
#7310=CARTESIAN_POINT('Ctrl Pts',(685.060226099858,-4867.21901488129,38.2000355500655));
#7311=CARTESIAN_POINT('Ctrl Pts',(685.077390626887,-4867.10603669077,38.2000355500655));
#7312=CARTESIAN_POINT('Ctrl Pts',(683.918820524268,-4868.36446369726,38.2000355500656));
#7313=CARTESIAN_POINT('Ctrl Pts',(683.650748926144,-4866.61122765691,38.2000355500655));
#7314=CARTESIAN_POINT('Ctrl Pts',(684.840874685408,-4866.91970850935,38.2000355500656));
#7315=CARTESIAN_POINT('Ctrl Pts',(684.785848722995,-4866.31377788905,38.2000355500655));
#7316=CARTESIAN_POINT('Ctrl Pts',(685.317110354867,-4866.32154661018,38.2000355500655));
#7317=CARTESIAN_POINT('Ctrl Pts',(685.454555569242,-4866.14298228062,38.2000355500655));
#7318=CARTESIAN_POINT('Ctrl Pts',(687.264889543103,-4866.51828305935,35.2000377151963));
#7319=CARTESIAN_POINT('Ctrl Pts',(687.228475010082,-4866.51889474544,35.8000792469137));
#7320=CARTESIAN_POINT('Ctrl Pts',(687.19165424545,-4866.51941752496,36.4000954546268));
#7321=CARTESIAN_POINT('Ctrl Pts',(687.154479823667,-4866.51961467718,37.0000908043446));
#7322=CARTESIAN_POINT('Ctrl Pts',(687.117024079995,-4866.51925078001,37.6000698689845));
#7323=CARTESIAN_POINT('Ctrl Pts',(687.079393027406,-4866.51810211911,38.2000355416512));
#7324=CARTESIAN_POINT('Ctrl Pts',(687.409144513015,-4866.70250940788,35.2000377305902));
#7325=CARTESIAN_POINT('Ctrl Pts',(687.364545820703,-4866.69646964634,35.800079250015));
#7326=CARTESIAN_POINT('Ctrl Pts',(687.319569215614,-4866.69032314279,36.4000954508696));
#7327=CARTESIAN_POINT('Ctrl Pts',(687.274250986321,-4866.68384338358,37.0000907994032));
#7328=CARTESIAN_POINT('Ctrl Pts',(687.22864564168,-4866.67680611844,37.600069868286));
#7329=CARTESIAN_POINT('Ctrl Pts',(687.18283922528,-4866.66900014234,38.2000355503244));
#7330=CARTESIAN_POINT('Ctrl Pts',(687.670732429099,-4867.27292090707,35.200037756153));
#7331=CARTESIAN_POINT('Ctrl Pts',(687.649613808199,-4867.27566628685,35.8000792543411));
#7332=CARTESIAN_POINT('Ctrl Pts',(687.62816683248,-4867.27827371262,36.4000954434685));
#7333=CARTESIAN_POINT('Ctrl Pts',(687.606399290214,-4867.2805345331,37.000090790205));
#7334=CARTESIAN_POINT('Ctrl Pts',(687.58433449405,-4867.28224404868,37.6000698667883));
#7335=CARTESIAN_POINT('Ctrl Pts',(687.562023541149,-4867.28321294566,38.2000355655026));
#7336=CARTESIAN_POINT('Ctrl Pts',(687.873822407857,-4867.39586694784,35.2000377865741));
#7337=CARTESIAN_POINT('Ctrl Pts',(687.789444173056,-4867.37062873202,35.8000792586051));
#7338=CARTESIAN_POINT('Ctrl Pts',(687.70479927804,-4867.34521370645,36.4000954334137));
#7339=CARTESIAN_POINT('Ctrl Pts',(687.619860031108,-4867.31943545665,37.0000907781933));
#7340=CARTESIAN_POINT('Ctrl Pts',(687.534610908818,-4867.29311362163,37.6000698646432));
#7341=CARTESIAN_POINT('Ctrl Pts',(687.449059503596,-4867.26608614011,38.2000355843977));
#7342=CARTESIAN_POINT('Ctrl Pts',(688.749804807677,-4868.49917151482,35.2000378449177));
#7343=CARTESIAN_POINT('Ctrl Pts',(688.741775924311,-4868.48506152985,35.8000792815874));
#7344=CARTESIAN_POINT('Ctrl Pts',(688.733553200589,-4868.4707288726,36.4000954350079));
#7345=CARTESIAN_POINT('Ctrl Pts',(688.725067066812,-4868.45601337534,37.0000907729904));
#7346=CARTESIAN_POINT('Ctrl Pts',(688.716256160215,-4868.44076340458,37.600069866599));
#7347=CARTESIAN_POINT('Ctrl Pts',(688.707076723374,-4868.42484906589,38.2000356067004));
#7348=CARTESIAN_POINT('Ctrl Pts',(687.041027025832,-4868.91810602441,35.2000377985553));
#7349=CARTESIAN_POINT('Ctrl Pts',(687.024081300651,-4868.87384863735,35.8000792119202));
#7350=CARTESIAN_POINT('Ctrl Pts',(687.00704186242,-4868.82930551703,36.400095361249));
#7351=CARTESIAN_POINT('Ctrl Pts',(686.989781559192,-4868.78435258501,37.0000907152024));
#7352=CARTESIAN_POINT('Ctrl Pts',(686.972175999135,-4868.73887770811,37.6000698439709));
#7353=CARTESIAN_POINT('Ctrl Pts',(686.954110818778,-4868.69279522131,38.2000356373663));
#7354=CARTESIAN_POINT('Ctrl Pts',(687.117427228015,-4867.80591802138,35.2000378356788));
#7355=CARTESIAN_POINT('Ctrl Pts',(687.146798840785,-4867.7461310249,35.8000792182554));
#7356=CARTESIAN_POINT('Ctrl Pts',(687.176148548976,-4867.68601306962,36.4000953505751));
#7357=CARTESIAN_POINT('Ctrl Pts',(687.205307904284,-4867.62546595929,37.0000907019078));
#7358=CARTESIAN_POINT('Ctrl Pts',(687.23410731221,-4867.56440588927,37.6000698418175));
#7359=CARTESIAN_POINT('Ctrl Pts',(687.262381772626,-4867.50277891459,38.2000356593592));
#7360=CARTESIAN_POINT('Ctrl Pts',(686.663921575876,-4867.69253836391,35.2000378335337));
#7361=CARTESIAN_POINT('Ctrl Pts',(686.662814755938,-4867.66643204679,35.8000792000861));
#7362=CARTESIAN_POINT('Ctrl Pts',(686.661736600767,-4867.63996292189,36.4000953260853));
#7363=CARTESIAN_POINT('Ctrl Pts',(686.660489580117,-4867.61305101987,37.00009068123));
#7364=CARTESIAN_POINT('Ctrl Pts',(686.658872266625,-4867.58563248575,37.6000698346432));
#7365=CARTESIAN_POINT('Ctrl Pts',(686.656684000544,-4867.55767571263,38.200035674847));
#7366=CARTESIAN_POINT('Ctrl Pts',(686.564021873127,-4867.23575940712,35.2000378458959));
#7367=CARTESIAN_POINT('Ctrl Pts',(686.584383449945,-4867.19479633176,35.8000791974714));
#7368=CARTESIAN_POINT('Ctrl Pts',(686.604812124233,-4867.1534462434,36.4000953158684));
#7369=CARTESIAN_POINT('Ctrl Pts',(686.625088263469,-4867.11164302513,37.0000906711119));
#7370=CARTESIAN_POINT('Ctrl Pts',(686.644986247314,-4867.06933798374,37.6000698319893));
#7371=CARTESIAN_POINT('Ctrl Pts',(686.664278314711,-4867.02651648926,38.2000356866179));
#7372=CARTESIAN_POINT('Ctrl Pts',(686.404598427734,-4867.05584847959,35.2000378495458));
#7373=CARTESIAN_POINT('Ctrl Pts',(686.421119461218,-4867.02338695478,35.8000791915066));
#7374=CARTESIAN_POINT('Ctrl Pts',(686.437734899621,-4866.99052121853,36.4000953055289));
#7375=CARTESIAN_POINT('Ctrl Pts',(686.454209406169,-4866.95719499645,37.0000906618693));
#7376=CARTESIAN_POINT('Ctrl Pts',(686.470300170777,-4866.92337036814,37.6000698290769));
#7377=CARTESIAN_POINT('Ctrl Pts',(686.485760176196,-4866.88904476622,38.2000356949813));
#7378=CARTESIAN_POINT('Ctrl Pts',(675.820486624425,-4866.95120800816,35.2000375174209));
#7379=CARTESIAN_POINT('Ctrl Pts',(675.636259964312,-4867.09545948758,35.2000375078661));
#7380=CARTESIAN_POINT('Ctrl Pts',(675.065840305538,-4867.35705474167,35.200037479624));
#7381=CARTESIAN_POINT('Ctrl Pts',(674.942866637085,-4867.56009363147,35.2000374724718));
#7382=CARTESIAN_POINT('Ctrl Pts',(673.839621551912,-4868.43618166549,35.2000374151644));
#7383=CARTESIAN_POINT('Ctrl Pts',(673.420594188495,-4866.72725896764,35.2000374082057));
#7384=CARTESIAN_POINT('Ctrl Pts',(674.532929995959,-4866.80386140982,35.2000374590236));
#7385=CARTESIAN_POINT('Ctrl Pts',(674.646244418971,-4866.35026624411,35.2000374675467));
#7386=CARTESIAN_POINT('Ctrl Pts',(675.102995165224,-4866.25030461627,35.2000374893668));
#7387=CARTESIAN_POINT('Ctrl Pts',(675.282909905356,-4866.09088849089,35.2000374988324));
#7388=CARTESIAN_POINT('Ctrl Pts',(675.819873162578,-4866.91479097951,35.8000791284297));
#7389=CARTESIAN_POINT('Ctrl Pts',(675.642302821687,-4867.05086786418,35.8000790746749));
#7390=CARTESIAN_POINT('Ctrl Pts',(675.063071225675,-4867.33589810987,35.8000789713869));
#7391=CARTESIAN_POINT('Ctrl Pts',(674.968088084094,-4867.47569599843,35.8000788652091));
#7392=CARTESIAN_POINT('Ctrl Pts',(673.853740362975,-4868.42817441352,35.800078700792));
#7393=CARTESIAN_POINT('Ctrl Pts',(673.464852665984,-4866.71032280391,35.8000785321898));
#7394=CARTESIAN_POINT('Ctrl Pts',(674.592706807932,-4866.83323750692,35.8000784559198));
#7395=CARTESIAN_POINT('Ctrl Pts',(674.67233675656,-4866.34915118601,35.8000783803974));
#7396=CARTESIAN_POINT('Ctrl Pts',(675.143963455671,-4866.27069606898,35.8000783352743));
#7397=CARTESIAN_POINT('Ctrl Pts',(675.315372683011,-4866.10743257488,35.8000782983827));
#7398=CARTESIAN_POINT('Ctrl Pts',(675.819348192608,-4866.8779674014,36.4000953950435));
#7399=CARTESIAN_POINT('Ctrl Pts',(675.648452048183,-4867.00589739028,36.4000953201125));
#7400=CARTESIAN_POINT('Ctrl Pts',(675.06043980008,-4867.31441110073,36.4000951820706));
#7401=CARTESIAN_POINT('Ctrl Pts',(674.993486132178,-4867.39102833213,36.4000950270264));
#7402=CARTESIAN_POINT('Ctrl Pts',(673.868081745107,-4868.4199683541,36.4000948147041));
#7403=CARTESIAN_POINT('Ctrl Pts',(673.50939692327,-4866.69328576818,36.4000945658645));
#7404=CARTESIAN_POINT('Ctrl Pts',(674.652814731187,-4866.86258296853,36.4000944208888));
#7405=CARTESIAN_POINT('Ctrl Pts',(674.69879212901,-4866.34805495474,36.400094302435));
#7406=CARTESIAN_POINT('Ctrl Pts',(675.185319042901,-4866.2911439399,36.4000942216155));
#7407=CARTESIAN_POINT('Ctrl Pts',(675.348239996184,-4866.12405978672,36.4000941605682));
#7408=CARTESIAN_POINT('Ctrl Pts',(675.819148551968,-4866.8407898453,37.0000907842429));
#7409=CARTESIAN_POINT('Ctrl Pts',(675.654934225942,-4866.96058443223,37.0000907120065));
#7410=CARTESIAN_POINT('Ctrl Pts',(675.058154664119,-4867.29260172162,37.0000905809844));
#7411=CARTESIAN_POINT('Ctrl Pts',(675.019247074804,-4867.30606333598,37.0000904290778));
#7412=CARTESIAN_POINT('Ctrl Pts',(673.882805621013,-4868.41149452038,37.0000902302319));
#7413=CARTESIAN_POINT('Ctrl Pts',(673.554350623268,-4866.676021597,37.0000899855547));
#7414=CARTESIAN_POINT('Ctrl Pts',(674.713351424159,-4866.89173043972,37.0000898324025));
#7415=CARTESIAN_POINT('Ctrl Pts',(674.725689881744,-4866.34678125772,37.0000897136433));
#7416=CARTESIAN_POINT('Ctrl Pts',(675.227127354445,-4866.31142994379,37.0000896295232));
#7417=CARTESIAN_POINT('Ctrl Pts',(675.381567383377,-4866.14053621487,37.0000895673385));
#7418=CARTESIAN_POINT('Ctrl Pts',(675.819509784322,-4866.80333064869,37.6000698710403));
#7419=CARTESIAN_POINT('Ctrl Pts',(675.661973674367,-4866.91498358537,37.600069824218));
#7420=CARTESIAN_POINT('Ctrl Pts',(675.056420494755,-4867.27049351917,37.6000697399747));
#7421=CARTESIAN_POINT('Ctrl Pts',(675.045551136107,-4867.22078590414,37.6000696407019));
#7422=CARTESIAN_POINT('Ctrl Pts',(673.898063352478,-4868.4026921839,37.6000695137541));
#7423=CARTESIAN_POINT('Ctrl Pts',(673.599825442042,-4866.65840683089,37.600069353569));
#7424=CARTESIAN_POINT('Ctrl Pts',(674.774400101451,-4866.92051147209,37.6000692498503));
#7425=CARTESIAN_POINT('Ctrl Pts',(674.753093186083,-4866.34512996421,37.6000691713564));
#7426=CARTESIAN_POINT('Ctrl Pts',(675.26943632873,-4866.33132987139,37.6000691147694));
#7427=CARTESIAN_POINT('Ctrl Pts',(675.415391959645,-4866.15662054157,37.6000690733552));
#7428=CARTESIAN_POINT('Ctrl Pts',(675.82065572397,-4866.76569584623,38.2000355500655));
#7429=CARTESIAN_POINT('Ctrl Pts',(675.669781674566,-4866.86918100378,38.2000355500655));
#7430=CARTESIAN_POINT('Ctrl Pts',(675.055426605033,-4867.24813785654,38.2000355500655));
#7431=CARTESIAN_POINT('Ctrl Pts',(675.072560281139,-4867.13520408858,38.2000355500656));
#7432=CARTESIAN_POINT('Ctrl Pts',(673.913984624962,-4868.39351827529,38.2000355500654));
#7433=CARTESIAN_POINT('Ctrl Pts',(673.645906680621,-4866.6403281086,38.2000355500656));
#7434=CARTESIAN_POINT('Ctrl Pts',(674.836014232853,-4866.94876229308,38.2000355500654));
#7435=CARTESIAN_POINT('Ctrl Pts',(674.781033095451,-4866.34290180074,38.2000355500656));
#7436=CARTESIAN_POINT('Ctrl Pts',(675.312259982745,-4866.35061746849,38.2000355500655));
#7437=CARTESIAN_POINT('Ctrl Pts',(675.449715637138,-4866.17206734215,38.2000355500655));
#7438=CARTESIAN_POINT('Ctrl Pts',(675.416645525176,-4865.51163428142,35.2000375092101));
#7439=CARTESIAN_POINT('Ctrl Pts',(675.34621933833,-4865.32941965194,35.200037507279));
#7440=CARTESIAN_POINT('Ctrl Pts',(674.933904472546,-4864.94144271158,35.2000374910501));
#7441=CARTESIAN_POINT('Ctrl Pts',(675.109005228206,-4864.65667429362,35.2000375012024));
#7442=CARTESIAN_POINT('Ctrl Pts',(673.55474808959,-4863.78431785524,35.2000374357458));
#7443=CARTESIAN_POINT('Ctrl Pts',(675.77681990113,-4862.54981367324,35.2000375473258));
#7444=CARTESIAN_POINT('Ctrl Pts',(675.635029064945,-4864.58455236805,35.2000375260201));
#7445=CARTESIAN_POINT('Ctrl Pts',(676.027430079249,-4864.419277378,35.2000375453418));
#7446=CARTESIAN_POINT('Ctrl Pts',(676.276947022831,-4864.97406027977,35.2000375528421));
#7447=CARTESIAN_POINT('Ctrl Pts',(675.453072417662,-4865.5110009358,35.8000783410323));
#7448=CARTESIAN_POINT('Ctrl Pts',(675.3913190472,-4865.33294810729,35.8000783647162));
#7449=CARTESIAN_POINT('Ctrl Pts',(674.958418136551,-4864.94407389882,35.8000783876356));
#7450=CARTESIAN_POINT('Ctrl Pts',(675.173574239067,-4864.66959077181,35.8000784442744));
#7451=CARTESIAN_POINT('Ctrl Pts',(673.577188665057,-4863.80425299294,35.8000784879725));
#7452=CARTESIAN_POINT('Ctrl Pts',(675.779047522984,-4862.58991050628,35.8000786733));
#7453=CARTESIAN_POINT('Ctrl Pts',(675.61543483641,-4864.65093542858,35.8000787270901));
#7454=CARTESIAN_POINT('Ctrl Pts',(676.017215936014,-4864.44688377555,35.8000788027084));
#7455=CARTESIAN_POINT('Ctrl Pts',(676.26042143608,-4865.00652203024,35.8000788562553));
#7456=CARTESIAN_POINT('Ctrl Pts',(675.489899597806,-4865.51046923306,36.40009422034));
#7457=CARTESIAN_POINT('Ctrl Pts',(675.436793136067,-4865.33659410354,36.4000942569352));
#7458=CARTESIAN_POINT('Ctrl Pts',(674.983269311957,-4864.94684525109,36.4000943009244));
#7459=CARTESIAN_POINT('Ctrl Pts',(675.2384309389,-4864.68267798816,36.4000943796193));
#7460=CARTESIAN_POINT('Ctrl Pts',(673.599818281091,-4863.82441940358,36.4000944841004));
#7461=CARTESIAN_POINT('Ctrl Pts',(675.781365536998,-4862.63029914703,36.4000946948034));
#7462=CARTESIAN_POINT('Ctrl Pts',(675.59585825929,-4864.71765493358,36.400094788021));
#7463=CARTESIAN_POINT('Ctrl Pts',(676.006957664383,-4864.47486452825,36.4000948896424));
#7464=CARTESIAN_POINT('Ctrl Pts',(676.243802894955,-4865.03938809752,36.4000949652941));
#7465=CARTESIAN_POINT('Ctrl Pts',(675.527074444533,-4865.51027383884,37.00008962602));
#7466=CARTESIAN_POINT('Ctrl Pts',(675.482604100419,-4865.34058293191,37.0000896624901));
#7467=CARTESIAN_POINT('Ctrl Pts',(675.008442006287,-4864.94996871904,37.0000897089976));
#7468=CARTESIAN_POINT('Ctrl Pts',(675.303588405549,-4864.69612986556,37.000089784679));
#7469=CARTESIAN_POINT('Ctrl Pts',(673.622707574763,-4863.84497531512,37.0000899003047));
#7470=CARTESIAN_POINT('Ctrl Pts',(675.783902139473,-4862.67110212852,37.0000900867451));
#7471=CARTESIAN_POINT('Ctrl Pts',(675.576469972551,-4864.78480709557,37.0000901827886));
#7472=CARTESIAN_POINT('Ctrl Pts',(675.996861950518,-4864.5032934942,37.0000902793265));
#7473=CARTESIAN_POINT('Ctrl Pts',(676.227326574527,-4865.07271467251,37.0000903525147));
#7474=CARTESIAN_POINT('Ctrl Pts',(675.564524543537,-4865.51064800571,37.6000691119809));
#7475=CARTESIAN_POINT('Ctrl Pts',(675.528696074351,-4865.34513758003,37.6000691360037));
#7476=CARTESIAN_POINT('Ctrl Pts',(675.033903903281,-4864.95365268255,37.600069167494));
#7477=CARTESIAN_POINT('Ctrl Pts',(675.369046146599,-4864.71013504367,37.600069216465));
#7478=CARTESIAN_POINT('Ctrl Pts',(673.645919064874,-4863.86607028155,37.600069296316));
#7479=CARTESIAN_POINT('Ctrl Pts',(675.786782860425,-4862.71242991907,37.6000694115743));
#7480=CARTESIAN_POINT('Ctrl Pts',(675.557441969024,-4864.85247356213,37.6000694758463));
#7481=CARTESIAN_POINT('Ctrl Pts',(675.987140248817,-4864.53222784309,37.600069537917));
#7482=CARTESIAN_POINT('Ctrl Pts',(676.211235116566,-4865.10653957948,37.6000695854188));
#7483=CARTESIAN_POINT('Ctrl Pts',(675.602144040098,-4865.51181325204,38.2000355500655));
#7484=CARTESIAN_POINT('Ctrl Pts',(675.574981728375,-4865.35046806149,38.2000355500655));
#7485=CARTESIAN_POINT('Ctrl Pts',(675.059594036285,-4864.95809078299,38.2000355500655));
#7486=CARTESIAN_POINT('Ctrl Pts',(675.434778820841,-4864.72486503922,38.2000355500655));
#7487=CARTESIAN_POINT('Ctrl Pts',(673.669497948602,-4863.88783201285,38.2000355500655));
#7488=CARTESIAN_POINT('Ctrl Pts',(675.790123435418,-4862.75436642194,38.2000355500655));
#7489=CARTESIAN_POINT('Ctrl Pts',(675.538941997427,-4864.92070593457,38.2000355500655));
#7490=CARTESIAN_POINT('Ctrl Pts',(675.978004483555,-4864.56169174171,38.2000355500655));
#7491=CARTESIAN_POINT('Ctrl Pts',(676.195775358285,-4865.1408653031,38.2000355500655));
#7492=CARTESIAN_POINT('Ctrl Pts',(677.260052733508,-4866.54736642022,35.2000372620719));
#7493=CARTESIAN_POINT('Ctrl Pts',(677.2236374045,-4866.54798011675,35.8000788635971));
#7494=CARTESIAN_POINT('Ctrl Pts',(677.186816119958,-4866.54850426251,36.4000951583391));
#7495=CARTESIAN_POINT('Ctrl Pts',(677.149641456401,-4866.54870222906,37.0000906134364));
#7496=CARTESIAN_POINT('Ctrl Pts',(677.112185754309,-4866.54833869222,37.600069801315));
#7497=CARTESIAN_POINT('Ctrl Pts',(677.074555022511,-4866.54719003749,38.2000356142961));
#7498=CARTESIAN_POINT('Ctrl Pts',(677.330468314226,-4866.72958368027,35.200037280784));
#7499=CARTESIAN_POINT('Ctrl Pts',(677.285381586415,-4866.72603535769,35.8000788665969));
#7500=CARTESIAN_POINT('Ctrl Pts',(677.239915107546,-4866.72238095219,36.4000951516172));
#7501=CARTESIAN_POINT('Ctrl Pts',(677.194106340336,-4866.71839331312,37.0000906032653));
#7502=CARTESIAN_POINT('Ctrl Pts',(677.148011081204,-4866.71384749024,37.600069793705));
#7503=CARTESIAN_POINT('Ctrl Pts',(677.101716806144,-4866.70853148408,38.2000356149301));
#7504=CARTESIAN_POINT('Ctrl Pts',(677.74283606819,-4867.11754140895,35.2000373208969));
#7505=CARTESIAN_POINT('Ctrl Pts',(677.718324756649,-4867.11489756657,35.8000788816533));
#7506=CARTESIAN_POINT('Ctrl Pts',(677.693470985038,-4867.11212411474,36.4000951501419));
#7507=CARTESIAN_POINT('Ctrl Pts',(677.668290707968,-4867.10900739045,37.0000905941848));
#7508=CARTESIAN_POINT('Ctrl Pts',(677.642816178385,-4867.10533720638,37.6000697855724));
#7509=CARTESIAN_POINT('Ctrl Pts',(677.617108498637,-4867.10091809211,38.2000356158323));
#7510=CARTESIAN_POINT('Ctrl Pts',(677.567768291344,-4867.40226612506,35.2000373430184));
#7511=CARTESIAN_POINT('Ctrl Pts',(677.503193247002,-4867.38934441067,35.8000788763316));
#7512=CARTESIAN_POINT('Ctrl Pts',(677.438326135814,-4867.37626129424,36.4000951288972));
#7513=CARTESIAN_POINT('Ctrl Pts',(677.373153847387,-4867.36282133927,37.0000905690798));
#7514=CARTESIAN_POINT('Ctrl Pts',(677.307676819163,-4867.34883430834,37.6000697681651));
#7515=CARTESIAN_POINT('Ctrl Pts',(677.241920513424,-4867.33412706758,38.2000356170513));
#7516=CARTESIAN_POINT('Ctrl Pts',(679.121877853136,-4868.2747542341,35.2000374723661));
#7517=CARTESIAN_POINT('Ctrl Pts',(679.099459052278,-4868.25479579807,35.8000789342324));
#7518=CARTESIAN_POINT('Ctrl Pts',(679.07684796316,-4868.23461301067,36.400095138161));
#7519=CARTESIAN_POINT('Ctrl Pts',(679.05397392668,-4868.2140465239,37.0000905535908));
#7520=CARTESIAN_POINT('Ctrl Pts',(679.030774385578,-4868.19294560112,37.6000697508084));
#7521=CARTESIAN_POINT('Ctrl Pts',(679.00720423481,-4868.17118133485,38.2000356194653));
#7522=CARTESIAN_POINT('Ctrl Pts',(676.899918699854,-4869.50912166912,35.2000374246908));
#7523=CARTESIAN_POINT('Ctrl Pts',(676.897688438614,-4869.46902704738,35.8000788505148));
#7524=CARTESIAN_POINT('Ctrl Pts',(676.895365667698,-4869.42864512493,36.4000950412109));
#7525=CARTESIAN_POINT('Ctrl Pts',(676.892822179297,-4869.38785264226,37.0000904672925));
#7526=CARTESIAN_POINT('Ctrl Pts',(676.88993242145,-4869.34653836355,37.6000696980469));
#7527=CARTESIAN_POINT('Ctrl Pts',(676.886580721786,-4869.30461760771,38.200035621879));
#7528=CARTESIAN_POINT('Ctrl Pts',(677.041642563783,-4867.4744832161,35.2000374931101));
#7529=CARTESIAN_POINT('Ctrl Pts',(677.061243897899,-4867.40808942317,35.8000788716427));
#7530=CARTESIAN_POINT('Ctrl Pts',(677.080826296447,-4867.34136191235,36.4000950318668));
#7531=CARTESIAN_POINT('Ctrl Pts',(677.100219116711,-4867.27420403483,37.000090445088));
#7532=CARTESIAN_POINT('Ctrl Pts',(677.119250356094,-4867.20653368166,37.6000696798568));
#7533=CARTESIAN_POINT('Ctrl Pts',(677.13775230773,-4867.13829878309,38.200035623659));
#7534=CARTESIAN_POINT('Ctrl Pts',(676.64928038223,-4867.63970526314,35.2000375138079));
#7535=CARTESIAN_POINT('Ctrl Pts',(676.659494184984,-4867.61209958476,35.8000788596575));
#7536=CARTESIAN_POINT('Ctrl Pts',(676.66975153977,-4867.58412076568,36.4000950014836));
#7537=CARTESIAN_POINT('Ctrl Pts',(676.679845763264,-4867.55569475796,37.0000904112646));
#7538=CARTESIAN_POINT('Ctrl Pts',(676.689565401645,-4867.52676419052,37.6000696569253));
#7539=CARTESIAN_POINT('Ctrl Pts',(676.698698554365,-4867.49730469096,38.2000356251707));
#7540=CARTESIAN_POINT('Ctrl Pts',(676.399754082784,-4867.08493753478,35.2000375379336));
#7541=CARTESIAN_POINT('Ctrl Pts',(676.416279358076,-4867.05247605415,35.8000788563996));
#7542=CARTESIAN_POINT('Ctrl Pts',(676.432897570758,-4867.01961027608,36.4000949821318));
#7543=CARTESIAN_POINT('Ctrl Pts',(676.449373553805,-4866.98628401462,37.0000903876403));
#7544=CARTESIAN_POINT('Ctrl Pts',(676.4654646742,-4866.95245944958,37.6000696403556));
#7545=CARTESIAN_POINT('Ctrl Pts',(676.480924104132,-4866.91813409838,38.2000356263655));
#7546=CARTESIAN_POINT('Ctrl Pts',(685.606991326255,-4865.48270367644,38.2000355500655));
#7547=CARTESIAN_POINT('Ctrl Pts',(685.579789418524,-4865.32138363178,38.2000355500655));
#7548=CARTESIAN_POINT('Ctrl Pts',(685.064559929321,-4864.92891493419,38.2000355500656));
#7549=CARTESIAN_POINT('Ctrl Pts',(685.439657389962,-4864.69574381101,38.2000355500655));
#7550=CARTESIAN_POINT('Ctrl Pts',(683.67428724957,-4863.85877082039,38.2000355500656));
#7551=CARTESIAN_POINT('Ctrl Pts',(685.794972312132,-4862.72529927261,38.2000355500654));
#7552=CARTESIAN_POINT('Ctrl Pts',(685.543858880704,-4864.89155001158,38.2000355500656));
#7553=CARTESIAN_POINT('Ctrl Pts',(685.98284954862,-4864.53259763757,38.2000355500655));
#7554=CARTESIAN_POINT('Ctrl Pts',(686.200619255942,-4865.11176251433,38.2000355500655));
#7555=CARTESIAN_POINT('Ctrl Pts',(685.569363019663,-4865.48155320667,37.6000696730304));
#7556=CARTESIAN_POINT('Ctrl Pts',(685.533505055735,-4865.31606076617,37.6000696789783));
#7557=CARTESIAN_POINT('Ctrl Pts',(685.038835331829,-4864.92450723547,37.6000696847462));
#7558=CARTESIAN_POINT('Ctrl Pts',(685.373920856479,-4864.68102243816,37.6000696989581));
#7559=CARTESIAN_POINT('Ctrl Pts',(683.650701518654,-4863.83702026707,37.600069709984));
#7560=CARTESIAN_POINT('Ctrl Pts',(685.791644401519,-4862.68335511318,37.6000697564195));
#7561=CARTESIAN_POINT('Ctrl Pts',(685.562329321627,-4864.82334140121,37.6000697699411));
#7562=CARTESIAN_POINT('Ctrl Pts',(685.991987770083,-4864.50313580481,37.6000697889105));
#7563=CARTESIAN_POINT('Ctrl Pts',(686.216081127118,-4865.07743982691,37.6000698023479));
#7564=CARTESIAN_POINT('Ctrl Pts',(685.531907969938,-4865.48119013731,37.0000905264997));
#7565=CARTESIAN_POINT('Ctrl Pts',(685.487417949363,-4865.31151026896,37.0000905353375));
#7566=CARTESIAN_POINT('Ctrl Pts',(685.013342143964,-4864.92085051342,37.0000905425214));
#7567=CARTESIAN_POINT('Ctrl Pts',(685.308461885608,-4864.66702313425,37.0000905650644));
#7568=CARTESIAN_POINT('Ctrl Pts',(683.627484733259,-4863.81593454535,37.0000905754718));
#7569=CARTESIAN_POINT('Ctrl Pts',(685.788776819336,-4862.64201854804,37.0000906566989));
#7570=CARTESIAN_POINT('Ctrl Pts',(685.581327474338,-4864.75569817983,37.0000906751558));
#7571=CARTESIAN_POINT('Ctrl Pts',(686.001710933035,-4864.47420351544,37.0000907058025));
#7572=CARTESIAN_POINT('Ctrl Pts',(686.232173169708,-4865.0436183533,37.0000907269138));
#7573=CARTESIAN_POINT('Ctrl Pts',(685.494732158873,-4865.48139150502,36.4000952238458));
#7574=CARTESIAN_POINT('Ctrl Pts',(685.44161553108,-4865.30752074981,36.4000952323555));
#7575=CARTESIAN_POINT('Ctrl Pts',(684.988141399141,-4864.91774984701,36.4000952363758));
#7576=CARTESIAN_POINT('Ctrl Pts',(685.243305837447,-4864.65357323403,36.4000952610615));
#7577=CARTESIAN_POINT('Ctrl Pts',(683.604591620318,-4863.7953850565,36.4000952585971));
#7578=CARTESIAN_POINT('Ctrl Pts',(685.786253659351,-4862.60120504493,36.4000953623627));
#7579=CARTESIAN_POINT('Ctrl Pts',(685.600685349563,-4864.68856830866,36.4000953767197));
#7580=CARTESIAN_POINT('Ctrl Pts',(686.01180681329,-4864.44577632788,36.4000954113699));
#7581=CARTESIAN_POINT('Ctrl Pts',(686.248648199677,-4865.0102954626,36.4000954340905));
#7582=CARTESIAN_POINT('Ctrl Pts',(685.457907960612,-4865.48192262379,35.8000791966714));
#7583=CARTESIAN_POINT('Ctrl Pts',(685.396153611685,-4865.30386785359,35.8000792015269));
#7584=CARTESIAN_POINT('Ctrl Pts',(684.963265337249,-4864.91499558273,35.8000791976504));
#7585=CARTESIAN_POINT('Ctrl Pts',(685.178453099301,-4864.64048295109,35.8000792180825));
#7586=CARTESIAN_POINT('Ctrl Pts',(683.581959499019,-4863.77522135092,35.8000791900817));
#7587=CARTESIAN_POINT('Ctrl Pts',(685.783949172635,-4862.56080349108,35.800079303721));
#7588=CARTESIAN_POINT('Ctrl Pts',(685.6202306936,-4864.62186968085,35.8000793046396));
#7589=CARTESIAN_POINT('Ctrl Pts',(686.022063659941,-4864.41779677046,35.8000793353618));
#7590=CARTESIAN_POINT('Ctrl Pts',(686.265263250584,-4864.97743315289,35.8000793534233));
#7591=CARTESIAN_POINT('Ctrl Pts',(685.421487965039,-4865.48254746767,35.2000379714962));
#7592=CARTESIAN_POINT('Ctrl Pts',(685.351069649836,-4865.30032499178,35.2000379695655));
#7593=CARTESIAN_POINT('Ctrl Pts',(684.93872988405,-4864.91237456224,35.2000379533352));
#7594=CARTESIAN_POINT('Ctrl Pts',(685.113890498425,-4864.62755727598,35.2000379634907));
#7595=CARTESIAN_POINT('Ctrl Pts',(683.55951758157,-4863.75528435395,35.2000378980281));
#7596=CARTESIAN_POINT('Ctrl Pts',(685.781734956349,-4862.52069074661,35.2000380096156));
#7597=CARTESIAN_POINT('Ctrl Pts',(685.639792619788,-4864.55550565392,35.2000379883021));
#7598=CARTESIAN_POINT('Ctrl Pts',(686.032274504177,-4864.39019070531,35.200038007628));
#7599=CARTESIAN_POINT('Ctrl Pts',(686.281782837081,-4864.9449750722,35.2000380151279));
#7600=CARTESIAN_POINT('Ctrl Pts',(687.231824916745,-4865.85782672972,38.2000355493437));
#7601=CARTESIAN_POINT('Ctrl Pts',(687.266151988724,-4865.87329659205,37.6000699870747));
#7602=CARTESIAN_POINT('Ctrl Pts',(687.299977066924,-4865.88939443558,37.0000910008847));
#7603=CARTESIAN_POINT('Ctrl Pts',(687.333303007088,-4865.90587249213,36.4000956947195));
#7604=CARTESIAN_POINT('Ctrl Pts',(687.366168097407,-4865.92248724778,35.800079492045));
#7605=CARTESIAN_POINT('Ctrl Pts',(687.39862895718,-4865.93900269535,35.2000379257809));
#7606=CARTESIAN_POINT('Ctrl Pts',(687.391008227327,-4865.76763137057,38.2000355500909));
#7607=CARTESIAN_POINT('Ctrl Pts',(687.435592733251,-4865.78068559586,37.6000699710031));
#7608=CARTESIAN_POINT('Ctrl Pts',(687.479659109315,-4865.79434206318,37.0000909775979));
#7609=CARTESIAN_POINT('Ctrl Pts',(687.52322265455,-4865.80837301252,36.4000956744699));
#7610=CARTESIAN_POINT('Ctrl Pts',(687.566332759019,-4865.82255279788,35.8000794857217));
#7611=CARTESIAN_POINT('Ctrl Pts',(687.609056183024,-4865.83666173689,35.2000379440437));
#7612=CARTESIAN_POINT('Ctrl Pts',(688.000729611477,-4865.38130246593,38.2000355513982));
#7613=CARTESIAN_POINT('Ctrl Pts',(688.020404988244,-4865.39203466529,37.6000699442744));
#7614=CARTESIAN_POINT('Ctrl Pts',(688.03953399701,-4865.40332406313,37.0000909396398));
#7615=CARTESIAN_POINT('Ctrl Pts',(688.058153712556,-4865.41497791374,36.4000956432239));
#7616=CARTESIAN_POINT('Ctrl Pts',(688.076332953229,-4865.42680183998,35.800079480244));
#7617=CARTESIAN_POINT('Ctrl Pts',(688.094156226078,-4865.43860472789,35.2000379829885));
#7618=CARTESIAN_POINT('Ctrl Pts',(687.891762731035,-4865.34721083153,38.2000355530263));
#7619=CARTESIAN_POINT('Ctrl Pts',(687.980546387176,-4865.3604847847,37.6000699069191));
#7620=CARTESIAN_POINT('Ctrl Pts',(688.068748521711,-4865.37425986172,37.0000908842233));
#7621=CARTESIAN_POINT('Ctrl Pts',(688.156433318012,-4865.3883869061,36.4000955920818));
#7622=CARTESIAN_POINT('Ctrl Pts',(688.243693780651,-4865.40271046727,35.800079457099));
#7623=CARTESIAN_POINT('Ctrl Pts',(688.330636509569,-4865.41707499602,35.2000380110637));
#7624=CARTESIAN_POINT('Ctrl Pts',(689.530857816598,-4864.85796092133,38.200035554947));
#7625=CARTESIAN_POINT('Ctrl Pts',(689.546047021823,-4864.84762916388,37.6000698728332));
#7626=CARTESIAN_POINT('Ctrl Pts',(689.56061321266,-4864.83773234384,37.0000908388258));
#7627=CARTESIAN_POINT('Ctrl Pts',(689.57465256951,-4864.82817275431,36.400095561736));
#7628=CARTESIAN_POINT('Ctrl Pts',(689.58828664462,-4864.81884089078,35.8000794698057));
#7629=CARTESIAN_POINT('Ctrl Pts',(689.601648114785,-4864.80962318215,35.2000380942334));
#7630=CARTESIAN_POINT('Ctrl Pts',(688.072328034292,-4863.84798173903,38.2000355575891));
#7631=CARTESIAN_POINT('Ctrl Pts',(688.10880822694,-4863.81453467921,37.6000697977538));
#7632=CARTESIAN_POINT('Ctrl Pts',(688.144608352627,-4863.78143155045,37.0000907199806));
#7633=CARTESIAN_POINT('Ctrl Pts',(688.179868587664,-4863.748645389,36.4000954353746));
#7634=CARTESIAN_POINT('Ctrl Pts',(688.214749737353,-4863.71612986624,35.800079374429));
#7635=CARTESIAN_POINT('Ctrl Pts',(688.249420334168,-4863.68382913093,35.200038067531));
#7636=CARTESIAN_POINT('Ctrl Pts',(687.828269599249,-4865.05353257647,38.2000355594833));
#7637=CARTESIAN_POINT('Ctrl Pts',(687.829816530398,-4864.98566301568,37.6000697463276));
#7638=CARTESIAN_POINT('Ctrl Pts',(687.830642478092,-4864.91807211876,37.0000906395862));
#7639=CARTESIAN_POINT('Ctrl Pts',(687.830919171269,-4864.85078365698,36.400095352009));
#7640=CARTESIAN_POINT('Ctrl Pts',(687.830835566408,-4864.78379660964,35.8000793157041));
#7641=CARTESIAN_POINT('Ctrl Pts',(687.830585910663,-4864.71709652058,35.2000380604767));
#7642=CARTESIAN_POINT('Ctrl Pts',(687.3075182561,-4864.73804393085,38.2000355608177));
#7643=CARTESIAN_POINT('Ctrl Pts',(687.32175999347,-4864.71389914278,37.6000697098085));
#7644=CARTESIAN_POINT('Ctrl Pts',(687.335251932955,-4864.68998705579,37.0000905823629));
#7645=CARTESIAN_POINT('Ctrl Pts',(687.348188023648,-4864.66636716999,36.4000952923892));
#7646=CARTESIAN_POINT('Ctrl Pts',(687.360777046805,-4864.64307037171,35.800079273133));
#7647=CARTESIAN_POINT('Ctrl Pts',(687.373231358506,-4864.62011135622,35.2000380539892));
#7648=CARTESIAN_POINT('Ctrl Pts',(687.081643573511,-4865.21897281774,38.2000355618315));
#7649=CARTESIAN_POINT('Ctrl Pts',(687.083070105201,-4865.17201859718,37.6000696819466));
#7650=CARTESIAN_POINT('Ctrl Pts',(687.083724940038,-4865.12526214596,37.0000905386587));
#7651=CARTESIAN_POINT('Ctrl Pts',(687.083818914435,-4865.07879011815,36.4000952467568));
#7652=CARTESIAN_POINT('Ctrl Pts',(687.083575876477,-4865.03265764939,35.8000792403504));
#7653=CARTESIAN_POINT('Ctrl Pts',(687.083221945029,-4864.98690159007,35.2000380485233));
#7654=CARTESIAN_POINT('Ctrl Pts',(686.860878862869,-4865.26420274503,38.200035562552));
#7655=CARTESIAN_POINT('Ctrl Pts',(686.862034132986,-4865.22657711554,37.6000696622462));
#7656=CARTESIAN_POINT('Ctrl Pts',(686.862402146458,-4865.18912443547,37.0000905077981));
#7657=CARTESIAN_POINT('Ctrl Pts',(686.862205738581,-4865.15195065248,36.4000952146222));
#7658=CARTESIAN_POINT('Ctrl Pts',(686.86167946282,-4865.115128132,35.800079217442));
#7659=CARTESIAN_POINT('Ctrl Pts',(686.861059216861,-4865.0787094662,35.2000380451202));
#7660=UNCERTAINTY_MEASURE_WITH_UNIT(LENGTH_MEASURE(0.01),#7664,
'DISTANCE_ACCURACY_VALUE',
'Maximum model space distance between geometric entities at asserted c
onnectivities');
#7661=UNCERTAINTY_MEASURE_WITH_UNIT(LENGTH_MEASURE(0.01),#7664,
'DISTANCE_ACCURACY_VALUE',
'Maximum model space distance between geometric entities at asserted c
onnectivities');
#7662=(
GEOMETRIC_REPRESENTATION_CONTEXT(3)
GLOBAL_UNCERTAINTY_ASSIGNED_CONTEXT((#7660))
GLOBAL_UNIT_ASSIGNED_CONTEXT((#7664,#7666,#7667))
REPRESENTATION_CONTEXT('','3D')
);
#7663=(
GEOMETRIC_REPRESENTATION_CONTEXT(3)
GLOBAL_UNCERTAINTY_ASSIGNED_CONTEXT((#7661))
GLOBAL_UNIT_ASSIGNED_CONTEXT((#7664,#7666,#7667))
REPRESENTATION_CONTEXT('','3D')
);
#7664=(
LENGTH_UNIT()
NAMED_UNIT(*)
SI_UNIT(.MILLI.,.METRE.)
);
#7665=(
LENGTH_UNIT()
NAMED_UNIT(*)
SI_UNIT($,.METRE.)
);
#7666=(
NAMED_UNIT(*)
PLANE_ANGLE_UNIT()
SI_UNIT($,.RADIAN.)
);
#7667=(
NAMED_UNIT(*)
SI_UNIT($,.STERADIAN.)
SOLID_ANGLE_UNIT()
);
#7668=SHAPE_DEFINITION_REPRESENTATION(#7669,#7670);
#7669=PRODUCT_DEFINITION_SHAPE('',$,#7672);
#7670=SHAPE_REPRESENTATION('',(#1739),#7662);
#7671=PRODUCT_DEFINITION_CONTEXT('part definition',#7676,'design');
#7672=PRODUCT_DEFINITION('2026-09-04-21-44-05-395','upper_leg_right',#7673,
#7671);
#7673=PRODUCT_DEFINITION_FORMATION('',$,#7678);
#7674=PRODUCT_RELATED_PRODUCT_CATEGORY('upper_leg_right',
'upper_leg_right',(#7678));
#7675=APPLICATION_PROTOCOL_DEFINITION('international standard',
'automotive_design',2009,#7676);
#7676=APPLICATION_CONTEXT(
'Core Data for Automotive Mechanical Design Process');
#7677=PRODUCT_CONTEXT('part definition',#7676,'mechanical');
#7678=PRODUCT('2026-09-04-21-44-05-395','upper_leg_right',$,(#7677));
#7679=PRESENTATION_STYLE_ASSIGNMENT((#7680));
#7680=SURFACE_STYLE_USAGE(.BOTH.,#7681);
#7681=SURFACE_SIDE_STYLE('',(#7682));
#7682=SURFACE_STYLE_FILL_AREA(#7683);
#7683=FILL_AREA_STYLE('Steel - Satin',(#7684));
#7684=FILL_AREA_STYLE_COLOUR('Steel - Satin',#7685);
#7685=COLOUR_RGB('Steel - Satin',0.627450980392157,0.627450980392157,0.627450980392157);
ENDSEC;
END-ISO-10303-21;
